path_id,endpoint,clock_domain,slack_ns,delay_ns,droop_penalty_ns,effective_slack_ns,check_type,droop_source,droop_design,droop_file,vdd_v,includes_vss,provenance
400,_44521_,clk_core,2.11,3.0,0.0003955646466695939,2.1096044353533303,clock_gating,measured_p12_rail,orfs_ssd_ctrl_cfg_run_01_p12,measured_droop/orfs_ssd_ctrl_cfg_run_01_p12_rail.csv,1.1,True,VALIDATED
401,g_clkgate.u_cg_core.en_latched$_DLATCH_N_,clk_core,2.15,0.74,0.00011275306222385123,2.149887246937776,setup,measured_p12_rail,orfs_ssd_ctrl_cfg_run_01_p12,measured_droop/orfs_ssd_ctrl_cfg_run_01_p12_rail.csv,1.1,True,VALIDATED
403,c_cmd_len[9]$_DFFE_PN0N_,clk_core,3.76,1.61,0.00021359037991999785,3.7597864096200797,setup,measured_p12_rail,orfs_ssd_ctrl_cfg_run_01_p12,measured_droop/orfs_ssd_ctrl_cfg_run_01_p12_rail.csv,1.1,True,VALIDATED
402,c_cmd_addr[30]$_DFFE_PN0N_,clk_core,3.76,1.61,0.00020180991683120542,3.7597981900831687,setup,measured_p12_rail,orfs_ssd_ctrl_cfg_run_01_p12,measured_droop/orfs_ssd_ctrl_cfg_run_01_p12_rail.csv,1.1,True,VALIDATED
404,c_cmd_addr[27]$_DFFE_PN0N_,clk_core,3.77,1.6,0.0002055379662663781,3.7697944620337336,setup,measured_p12_rail,orfs_ssd_ctrl_cfg_run_01_p12,measured_droop/orfs_ssd_ctrl_cfg_run_01_p12_rail.csv,1.1,True,VALIDATED
405,c_cmd_addr[28]$_DFFE_PN0N_,clk_core,3.78,1.59,0.0002106893745687788,3.779789310625431,setup,measured_p12_rail,orfs_ssd_ctrl_cfg_run_01_p12,measured_droop/orfs_ssd_ctrl_cfg_run_01_p12_rail.csv,1.1,True,VALIDATED
406,c_cmd_len[7]$_DFFE_PN0N_,clk_core,3.8,1.57,0.0002053278390854174,3.7997946721609144,setup,measured_p12_rail,orfs_ssd_ctrl_cfg_run_01_p12,measured_droop/orfs_ssd_ctrl_cfg_run_01_p12_rail.csv,1.1,True,VALIDATED
407,c_cmd_addr[29]$_DFFE_PN0N_,clk_core,3.8,1.57,0.00018074436608946087,3.7998192556339103,setup,measured_p12_rail,orfs_ssd_ctrl_cfg_run_01_p12,measured_droop/orfs_ssd_ctrl_cfg_run_01_p12_rail.csv,1.1,True,VALIDATED
408,c_cmd_len[11]$_DFFE_PN0N_,clk_core,3.81,1.56,0.00019426852717176202,3.8098057314728284,setup,measured_p12_rail,orfs_ssd_ctrl_cfg_run_01_p12,measured_droop/orfs_ssd_ctrl_cfg_run_01_p12_rail.csv,1.1,True,VALIDATED
412,c_cmd_len[22]$_DFFE_PN0N_,clk_core,3.83,1.54,0.00018566663629573932,3.8298143333637045,setup,measured_p12_rail,orfs_ssd_ctrl_cfg_run_01_p12,measured_droop/orfs_ssd_ctrl_cfg_run_01_p12_rail.csv,1.1,True,VALIDATED
413,c_cmd_len[18]$_DFFE_PN0N_,clk_core,3.83,1.54,0.00018295975228321826,3.829817040247717,setup,measured_p12_rail,orfs_ssd_ctrl_cfg_run_01_p12,measured_droop/orfs_ssd_ctrl_cfg_run_01_p12_rail.csv,1.1,True,VALIDATED
410,c_cmd_len[23]$_DFFE_PN0N_,clk_core,3.83,1.54,0.00018160631273241024,3.8298183936872676,setup,measured_p12_rail,orfs_ssd_ctrl_cfg_run_01_p12,measured_droop/orfs_ssd_ctrl_cfg_run_01_p12_rail.csv,1.1,True,VALIDATED
409,c_cmd_len[16]$_DFFE_PN0N_,clk_core,3.83,1.54,0.00017930060116010116,3.82982069939884,setup,measured_p12_rail,orfs_ssd_ctrl_cfg_run_01_p12,measured_droop/orfs_ssd_ctrl_cfg_run_01_p12_rail.csv,1.1,True,VALIDATED
411,u_dma_fabric.rbeat_data[12]$_DFFE_PN0P_,clk_core,3.83,1.52,0.0001638668407998728,3.8298361331592004,setup,measured_p12_rail,orfs_ssd_ctrl_cfg_run_01_p12,measured_droop/orfs_ssd_ctrl_cfg_run_01_p12_rail.csv,1.1,True,VALIDATED
416,c_cmd_len[4]$_DFFE_PN0N_,clk_core,3.84,1.53,0.00020876941373175473,3.8397912305862683,setup,measured_p12_rail,orfs_ssd_ctrl_cfg_run_01_p12,measured_droop/orfs_ssd_ctrl_cfg_run_01_p12_rail.csv,1.1,True,VALIDATED
415,c_cmd_len[10]$_DFFE_PN0N_,clk_core,3.84,1.53,0.00020189506376251665,3.8397981049362375,setup,measured_p12_rail,orfs_ssd_ctrl_cfg_run_01_p12,measured_droop/orfs_ssd_ctrl_cfg_run_01_p12_rail.csv,1.1,True,VALIDATED
414,c_cmd_addr[21]$_DFFE_PN0N_,clk_core,3.84,1.53,0.00018476066979025707,3.8398152393302096,setup,measured_p12_rail,orfs_ssd_ctrl_cfg_run_01_p12,measured_droop/orfs_ssd_ctrl_cfg_run_01_p12_rail.csv,1.1,True,VALIDATED
420,c_cmd_addr[31]$_DFFE_PN0N_,clk_core,3.84,1.52,0.00018009002163944798,3.8398199099783605,setup,measured_p12_rail,orfs_ssd_ctrl_cfg_run_01_p12,measured_droop/orfs_ssd_ctrl_cfg_run_01_p12_rail.csv,1.1,True,VALIDATED
423,u_dma_fabric.rbeat_data[10]$_DFFE_PN0P_,clk_core,3.84,1.51,0.0001773269754769824,3.839822673024523,setup,measured_p12_rail,orfs_ssd_ctrl_cfg_run_01_p12,measured_droop/orfs_ssd_ctrl_cfg_run_01_p12_rail.csv,1.1,True,VALIDATED
417,g_chan[0].u_cdc_chw.mem[0][31]$_DFFE_PP_,clk_core,3.84,1.52,0.00016440624568239692,3.8398355937543176,setup,measured_p12_rail,orfs_ssd_ctrl_cfg_run_01_p12,measured_droop/orfs_ssd_ctrl_cfg_run_01_p12_rail.csv,1.1,True,VALIDATED
426,g_chan[0].u_cdc_chw.mem[4][31]$_DFFE_PP_,clk_core,3.84,1.52,0.0001640051841153567,3.8398359948158847,setup,measured_p12_rail,orfs_ssd_ctrl_cfg_run_01_p12,measured_droop/orfs_ssd_ctrl_cfg_run_01_p12_rail.csv,1.1,True,VALIDATED
424,g_chan[0].u_cdc_chw.mem[5][31]$_DFFE_PP_,clk_core,3.84,1.52,0.0001640051841153567,3.8398359948158847,setup,measured_p12_rail,orfs_ssd_ctrl_cfg_run_01_p12,measured_droop/orfs_ssd_ctrl_cfg_run_01_p12_rail.csv,1.1,True,VALIDATED
422,g_chan[0].u_cdc_chw.mem[8][31]$_DFFE_PP_,clk_core,3.84,1.52,0.0001640051841153567,3.8398359948158847,setup,measured_p12_rail,orfs_ssd_ctrl_cfg_run_01_p12,measured_droop/orfs_ssd_ctrl_cfg_run_01_p12_rail.csv,1.1,True,VALIDATED
421,g_chan[0].u_cdc_chw.mem[10][31]$_DFFE_PP_,clk_core,3.84,1.52,0.0001640051841153567,3.8398359948158847,setup,measured_p12_rail,orfs_ssd_ctrl_cfg_run_01_p12,measured_droop/orfs_ssd_ctrl_cfg_run_01_p12_rail.csv,1.1,True,VALIDATED
419,g_chan[0].u_cdc_chw.mem[11][31]$_DFFE_PP_,clk_core,3.84,1.52,0.0001640051841153567,3.8398359948158847,setup,measured_p12_rail,orfs_ssd_ctrl_cfg_run_01_p12,measured_droop/orfs_ssd_ctrl_cfg_run_01_p12_rail.csv,1.1,True,VALIDATED
427,g_chan[0].u_cdc_chw.mem[7][31]$_DFFE_PP_,clk_core,3.84,1.52,0.0001640051841153567,3.8398359948158847,setup,measured_p12_rail,orfs_ssd_ctrl_cfg_run_01_p12,measured_droop/orfs_ssd_ctrl_cfg_run_01_p12_rail.csv,1.1,True,VALIDATED
425,g_chan[0].u_cdc_chw.mem[9][31]$_DFFE_PP_,clk_core,3.84,1.52,0.0001640051841153567,3.8398359948158847,setup,measured_p12_rail,orfs_ssd_ctrl_cfg_run_01_p12,measured_droop/orfs_ssd_ctrl_cfg_run_01_p12_rail.csv,1.1,True,VALIDATED
418,g_chan[0].u_cdc_chw.mem[1][31]$_DFFE_PP_,clk_core,3.84,1.52,0.00016371874208453985,3.839836281257915,setup,measured_p12_rail,orfs_ssd_ctrl_cfg_run_01_p12,measured_droop/orfs_ssd_ctrl_cfg_run_01_p12_rail.csv,1.1,True,VALIDATED
436,u_dma_fabric.rbeat_data[30]$_DFFE_PN0P_,clk_core,3.85,1.5,0.00024163185929443332,3.8497583681407055,setup,measured_p12_rail,orfs_ssd_ctrl_cfg_run_01_p12,measured_droop/orfs_ssd_ctrl_cfg_run_01_p12_rail.csv,1.1,True,VALIDATED
434,u_dma_fabric.rbeat_data[17]$_DFFE_PN0P_,clk_core,3.85,1.5,0.0001840894194412579,3.849815910580559,setup,measured_p12_rail,orfs_ssd_ctrl_cfg_run_01_p12,measured_droop/orfs_ssd_ctrl_cfg_run_01_p12_rail.csv,1.1,True,VALIDATED
437,u_dma_fabric.rbeat_data[13]$_DFFE_PN0P_,clk_core,3.85,1.5,0.00017782630257077991,3.8498221736974294,setup,measured_p12_rail,orfs_ssd_ctrl_cfg_run_01_p12,measured_droop/orfs_ssd_ctrl_cfg_run_01_p12_rail.csv,1.1,True,VALIDATED
438,u_dma_fabric.rbeat_data[19]$_DFFE_PN0P_,clk_core,3.85,1.5,0.00017502001679364776,3.8498249799832065,setup,measured_p12_rail,orfs_ssd_ctrl_cfg_run_01_p12,measured_droop/orfs_ssd_ctrl_cfg_run_01_p12_rail.csv,1.1,True,VALIDATED
452,g_chan[0].u_cdc_chw.mem[3][14]$_DFFE_PP_,clk_core,3.85,1.51,0.0001726011287853102,3.8498273988712146,setup,measured_p12_rail,orfs_ssd_ctrl_cfg_run_01_p12,measured_droop/orfs_ssd_ctrl_cfg_run_01_p12_rail.csv,1.1,True,VALIDATED
448,g_chan[0].u_cdc_chw.mem[6][14]$_DFFE_PP_,clk_core,3.85,1.51,0.0001726011287853102,3.8498273988712146,setup,measured_p12_rail,orfs_ssd_ctrl_cfg_run_01_p12,measured_droop/orfs_ssd_ctrl_cfg_run_01_p12_rail.csv,1.1,True,VALIDATED
451,g_chan[0].u_cdc_chw.mem[2][14]$_DFFE_PP_,clk_core,3.85,1.51,0.0001726011287853102,3.8498273988712146,setup,measured_p12_rail,orfs_ssd_ctrl_cfg_run_01_p12,measured_droop/orfs_ssd_ctrl_cfg_run_01_p12_rail.csv,1.1,True,VALIDATED
450,g_chan[0].u_cdc_chw.mem[7][14]$_DFFE_PP_,clk_core,3.85,1.51,0.0001726011287853102,3.8498273988712146,setup,measured_p12_rail,orfs_ssd_ctrl_cfg_run_01_p12,measured_droop/orfs_ssd_ctrl_cfg_run_01_p12_rail.csv,1.1,True,VALIDATED
440,g_chan[0].u_cdc_chw.mem[11][14]$_DFFE_PP_,clk_core,3.85,1.51,0.00017231654024241205,3.8498276834597576,setup,measured_p12_rail,orfs_ssd_ctrl_cfg_run_01_p12,measured_droop/orfs_ssd_ctrl_cfg_run_01_p12_rail.csv,1.1,True,VALIDATED
439,g_chan[0].u_cdc_chw.mem[10][14]$_DFFE_PP_,clk_core,3.85,1.51,0.00017231654024241205,3.8498276834597576,setup,measured_p12_rail,orfs_ssd_ctrl_cfg_run_01_p12,measured_droop/orfs_ssd_ctrl_cfg_run_01_p12_rail.csv,1.1,True,VALIDATED
441,g_chan[0].u_cdc_chw.mem[15][14]$_DFFE_PP_,clk_core,3.85,1.51,0.00017140586892271104,3.8498285941310773,setup,measured_p12_rail,orfs_ssd_ctrl_cfg_run_01_p12,measured_droop/orfs_ssd_ctrl_cfg_run_01_p12_rail.csv,1.1,True,VALIDATED
443,g_chan[0].u_cdc_chw.mem[14][14]$_DFFE_PP_,clk_core,3.85,1.51,0.00017140586892271104,3.8498285941310773,setup,measured_p12_rail,orfs_ssd_ctrl_cfg_run_01_p12,measured_droop/orfs_ssd_ctrl_cfg_run_01_p12_rail.csv,1.1,True,VALIDATED
446,g_chan[0].u_cdc_chw.mem[5][14]$_DFFE_PP_,clk_core,3.85,1.51,0.00017100747691772833,3.8498289925230824,setup,measured_p12_rail,orfs_ssd_ctrl_cfg_run_01_p12,measured_droop/orfs_ssd_ctrl_cfg_run_01_p12_rail.csv,1.1,True,VALIDATED
444,g_chan[0].u_cdc_chw.mem[9][14]$_DFFE_PP_,clk_core,3.85,1.51,0.00017077978614590816,3.849829220213854,setup,measured_p12_rail,orfs_ssd_ctrl_cfg_run_01_p12,measured_droop/orfs_ssd_ctrl_cfg_run_01_p12_rail.csv,1.1,True,VALIDATED
442,g_chan[0].u_cdc_chw.mem[13][14]$_DFFE_PP_,clk_core,3.85,1.51,0.00017077978614590816,3.849829220213854,setup,measured_p12_rail,orfs_ssd_ctrl_cfg_run_01_p12,measured_droop/orfs_ssd_ctrl_cfg_run_01_p12_rail.csv,1.1,True,VALIDATED
455,g_chan[0].u_cdc_chw.mem[12][14]$_DFFE_PP_,clk_core,3.85,1.51,0.00017038136314180552,3.8498296186368584,setup,measured_p12_rail,orfs_ssd_ctrl_cfg_run_01_p12,measured_droop/orfs_ssd_ctrl_cfg_run_01_p12_rail.csv,1.1,True,VALIDATED
447,g_chan[0].u_cdc_chw.mem[8][14]$_DFFE_PP_,clk_core,3.85,1.51,0.0001700968055980273,3.849829903194402,setup,measured_p12_rail,orfs_ssd_ctrl_cfg_run_01_p12,measured_droop/orfs_ssd_ctrl_cfg_run_01_p12_rail.csv,1.1,True,VALIDATED
454,g_chan[0].u_cdc_chw.mem[0][14]$_DFFE_PP_,clk_core,3.85,1.51,0.00016941382505014646,3.8498305861749498,setup,measured_p12_rail,orfs_ssd_ctrl_cfg_run_01_p12,measured_droop/orfs_ssd_ctrl_cfg_run_01_p12_rail.csv,1.1,True,VALIDATED
453,g_chan[0].u_cdc_chw.mem[1][14]$_DFFE_PP_,clk_core,3.85,1.51,0.00016941382505014646,3.8498305861749498,setup,measured_p12_rail,orfs_ssd_ctrl_cfg_run_01_p12,measured_droop/orfs_ssd_ctrl_cfg_run_01_p12_rail.csv,1.1,True,VALIDATED
449,g_chan[0].u_cdc_chw.mem[4][14]$_DFFE_PP_,clk_core,3.85,1.51,0.00016941382505014646,3.8498305861749498,setup,measured_p12_rail,orfs_ssd_ctrl_cfg_run_01_p12,measured_droop/orfs_ssd_ctrl_cfg_run_01_p12_rail.csv,1.1,True,VALIDATED
456,g_chan[1].u_cdc_chw.mem[1][31]$_DFFE_PP_,clk_core,3.85,1.51,0.00016605688364637605,3.8498339431163537,setup,measured_p12_rail,orfs_ssd_ctrl_cfg_run_01_p12,measured_droop/orfs_ssd_ctrl_cfg_run_01_p12_rail.csv,1.1,True,VALIDATED
457,g_chan[1].u_cdc_chw.mem[0][31]$_DFFE_PP_,clk_core,3.85,1.5,0.00016495716918510372,3.849835042830815,setup,measured_p12_rail,orfs_ssd_ctrl_cfg_run_01_p12,measured_droop/orfs_ssd_ctrl_cfg_run_01_p12_rail.csv,1.1,True,VALIDATED
429,g_chan[0].u_cdc_chw.mem[15][31]$_DFFE_PP_,clk_core,3.85,1.52,0.0001646354131357164,3.8498353645868644,setup,measured_p12_rail,orfs_ssd_ctrl_cfg_run_01_p12,measured_droop/orfs_ssd_ctrl_cfg_run_01_p12_rail.csv,1.1,True,VALIDATED
431,g_chan[0].u_cdc_chw.mem[2][31]$_DFFE_PP_,clk_core,3.85,1.52,0.0001640051841153567,3.849835994815885,setup,measured_p12_rail,orfs_ssd_ctrl_cfg_run_01_p12,measured_droop/orfs_ssd_ctrl_cfg_run_01_p12_rail.csv,1.1,True,VALIDATED
435,g_chan[0].u_cdc_chw.mem[12][31]$_DFFE_PP_,clk_core,3.85,1.52,0.0001640051841153567,3.849835994815885,setup,measured_p12_rail,orfs_ssd_ctrl_cfg_run_01_p12,measured_droop/orfs_ssd_ctrl_cfg_run_01_p12_rail.csv,1.1,True,VALIDATED
432,g_chan[0].u_cdc_chw.mem[3][31]$_DFFE_PP_,clk_core,3.85,1.52,0.0001640051841153567,3.849835994815885,setup,measured_p12_rail,orfs_ssd_ctrl_cfg_run_01_p12,measured_droop/orfs_ssd_ctrl_cfg_run_01_p12_rail.csv,1.1,True,VALIDATED
433,g_chan[0].u_cdc_chw.mem[14][31]$_DFFE_PP_,clk_core,3.85,1.52,0.0001640051841153567,3.849835994815885,setup,measured_p12_rail,orfs_ssd_ctrl_cfg_run_01_p12,measured_droop/orfs_ssd_ctrl_cfg_run_01_p12_rail.csv,1.1,True,VALIDATED
430,g_chan[0].u_cdc_chw.mem[6][31]$_DFFE_PP_,clk_core,3.85,1.52,0.0001640051841153567,3.849835994815885,setup,measured_p12_rail,orfs_ssd_ctrl_cfg_run_01_p12,measured_droop/orfs_ssd_ctrl_cfg_run_01_p12_rail.csv,1.1,True,VALIDATED
428,g_chan[0].u_cdc_chw.mem[13][31]$_DFFE_PP_,clk_core,3.85,1.52,0.0001640051841153567,3.849835994815885,setup,measured_p12_rail,orfs_ssd_ctrl_cfg_run_01_p12,measured_droop/orfs_ssd_ctrl_cfg_run_01_p12_rail.csv,1.1,True,VALIDATED
445,g_chan[1].u_cdc_chw.mem[7][31]$_DFFE_PP_,clk_core,3.85,1.5,0.00016156480355668246,3.8498384351964434,setup,measured_p12_rail,orfs_ssd_ctrl_cfg_run_01_p12,measured_droop/orfs_ssd_ctrl_cfg_run_01_p12_rail.csv,1.1,True,VALIDATED
460,u_dma_fabric.rbeat_data[29]$_DFFE_PN0P_,clk_core,3.86,1.49,0.00023052829053925306,3.859769471709461,setup,measured_p12_rail,orfs_ssd_ctrl_cfg_run_01_p12,measured_droop/orfs_ssd_ctrl_cfg_run_01_p12_rail.csv,1.1,True,VALIDATED
492,c_cmd_len[5]$_DFFE_PN0N_,clk_core,3.86,1.51,0.00021513343621842873,3.8597848665637815,setup,measured_p12_rail,orfs_ssd_ctrl_cfg_run_01_p12,measured_droop/orfs_ssd_ctrl_cfg_run_01_p12_rail.csv,1.1,True,VALIDATED
475,u_dma_fabric.rbeat_data[18]$_DFFE_PN0P_,clk_core,3.86,1.49,0.00020328653553321197,3.859796713464467,setup,measured_p12_rail,orfs_ssd_ctrl_cfg_run_01_p12,measured_droop/orfs_ssd_ctrl_cfg_run_01_p12_rail.csv,1.1,True,VALIDATED
482,c_cmd_addr[8]$_DFFE_PN0N_,clk_core,3.86,1.51,0.0001920028655262862,3.8598079971344736,setup,measured_p12_rail,orfs_ssd_ctrl_cfg_run_01_p12,measured_droop/orfs_ssd_ctrl_cfg_run_01_p12_rail.csv,1.1,True,VALIDATED
481,c_cmd_addr[2]$_DFFE_PN0N_,clk_core,3.86,1.51,0.0001920028655262862,3.8598079971344736,setup,measured_p12_rail,orfs_ssd_ctrl_cfg_run_01_p12,measured_droop/orfs_ssd_ctrl_cfg_run_01_p12_rail.csv,1.1,True,VALIDATED
477,c_cmd_addr[6]$_DFFE_PN0N_,clk_core,3.86,1.51,0.00018175466190735456,3.8598182453380927,setup,measured_p12_rail,orfs_ssd_ctrl_cfg_run_01_p12,measured_droop/orfs_ssd_ctrl_cfg_run_01_p12_rail.csv,1.1,True,VALIDATED
487,c_cmd_addr[7]$_DFFE_PN0N_,clk_core,3.86,1.51,0.0001814971844485841,3.859818502815551,setup,measured_p12_rail,orfs_ssd_ctrl_cfg_run_01_p12,measured_droop/orfs_ssd_ctrl_cfg_run_01_p12_rail.csv,1.1,True,VALIDATED
471,c_cmd_opcode[6]$_DFFE_PN0N_,clk_core,3.86,1.51,0.00018046738210636404,3.8598195326178937,setup,measured_p12_rail,orfs_ssd_ctrl_cfg_run_01_p12,measured_droop/orfs_ssd_ctrl_cfg_run_01_p12_rail.csv,1.1,True,VALIDATED
468,c_cmd_addr[9]$_DFFE_PN0N_,clk_core,3.86,1.51,0.00018031282100285095,3.859819687178997,setup,measured_p12_rail,orfs_ssd_ctrl_cfg_run_01_p12,measured_droop/orfs_ssd_ctrl_cfg_run_01_p12_rail.csv,1.1,True,VALIDATED
458,u_dma_fabric.rbeat_data[16]$_DFFE_PN0P_,clk_core,3.86,1.49,0.00018031195442980152,3.85981968804557,setup,measured_p12_rail,orfs_ssd_ctrl_cfg_run_01_p12,measured_droop/orfs_ssd_ctrl_cfg_run_01_p12_rail.csv,1.1,True,VALIDATED
478,c_cmd_len[28]$_DFFE_PN0N_,clk_core,3.86,1.51,0.00017797157673769826,3.8598220284232623,setup,measured_p12_rail,orfs_ssd_ctrl_cfg_run_01_p12,measured_droop/orfs_ssd_ctrl_cfg_run_01_p12_rail.csv,1.1,True,VALIDATED
474,c_cmd_addr[11]$_DFFE_PN0N_,clk_core,3.86,1.51,0.00017614201924005812,3.8598238579807598,setup,measured_p12_rail,orfs_ssd_ctrl_cfg_run_01_p12,measured_droop/orfs_ssd_ctrl_cfg_run_01_p12_rail.csv,1.1,True,VALIDATED
484,c_cmd_addr[10]$_DFFE_PN0N_,clk_core,3.86,1.51,0.00017598753832456793,3.8598240124616754,setup,measured_p12_rail,orfs_ssd_ctrl_cfg_run_01_p12,measured_droop/orfs_ssd_ctrl_cfg_run_01_p12_rail.csv,1.1,True,VALIDATED
496,g_chan[1].u_cdc_chw.mem[5][14]$_DFFE_PP_,clk_core,3.86,1.49,0.00017301102249724087,3.8598269889775025,setup,measured_p12_rail,orfs_ssd_ctrl_cfg_run_01_p12,measured_droop/orfs_ssd_ctrl_cfg_run_01_p12_rail.csv,1.1,True,VALIDATED
494,g_chan[1].u_cdc_chw.mem[2][14]$_DFFE_PP_,clk_core,3.86,1.49,0.00017301102249724087,3.8598269889775025,setup,measured_p12_rail,orfs_ssd_ctrl_cfg_run_01_p12,measured_droop/orfs_ssd_ctrl_cfg_run_01_p12_rail.csv,1.1,True,VALIDATED
495,g_chan[1].u_cdc_chw.mem[6][14]$_DFFE_PP_,clk_core,3.86,1.49,0.00017301102249724087,3.8598269889775025,setup,measured_p12_rail,orfs_ssd_ctrl_cfg_run_01_p12,measured_droop/orfs_ssd_ctrl_cfg_run_01_p12_rail.csv,1.1,True,VALIDATED
476,g_chan[1].u_cdc_chw.mem[1][14]$_DFFE_PP_,clk_core,3.86,1.49,0.00017244935682335372,3.8598275506431765,setup,measured_p12_rail,orfs_ssd_ctrl_cfg_run_01_p12,measured_droop/orfs_ssd_ctrl_cfg_run_01_p12_rail.csv,1.1,True,VALIDATED
469,g_chan[1].u_cdc_chw.mem[0][14]$_DFFE_PP_,clk_core,3.86,1.49,0.00017211237423775394,3.8598278876257623,setup,measured_p12_rail,orfs_ssd_ctrl_cfg_run_01_p12,measured_droop/orfs_ssd_ctrl_cfg_run_01_p12_rail.csv,1.1,True,VALIDATED
462,g_chan[0].u_cdc_chw.mem[13][17]$_DFFE_PP_,clk_core,3.86,1.5,0.00017145899572358625,3.8598285410042763,setup,measured_p12_rail,orfs_ssd_ctrl_cfg_run_01_p12,measured_droop/orfs_ssd_ctrl_cfg_run_01_p12_rail.csv,1.1,True,VALIDATED
465,g_chan[0].u_cdc_chw.mem[12][17]$_DFFE_PP_,clk_core,3.86,1.5,0.00017145899572358625,3.8598285410042763,setup,measured_p12_rail,orfs_ssd_ctrl_cfg_run_01_p12,measured_droop/orfs_ssd_ctrl_cfg_run_01_p12_rail.csv,1.1,True,VALIDATED
461,g_chan[0].u_cdc_chw.mem[11][17]$_DFFE_PP_,clk_core,3.86,1.5,0.00017145899572358625,3.8598285410042763,setup,measured_p12_rail,orfs_ssd_ctrl_cfg_run_01_p12,measured_droop/orfs_ssd_ctrl_cfg_run_01_p12_rail.csv,1.1,True,VALIDATED
459,g_chan[0].u_cdc_chw.mem[15][17]$_DFFE_PP_,clk_core,3.86,1.5,0.00017145899572358625,3.8598285410042763,setup,measured_p12_rail,orfs_ssd_ctrl_cfg_run_01_p12,measured_droop/orfs_ssd_ctrl_cfg_run_01_p12_rail.csv,1.1,True,VALIDATED
467,g_chan[0].u_cdc_chw.mem[14][17]$_DFFE_PP_,clk_core,3.86,1.5,0.00017145899572358625,3.8598285410042763,setup,measured_p12_rail,orfs_ssd_ctrl_cfg_run_01_p12,measured_droop/orfs_ssd_ctrl_cfg_run_01_p12_rail.csv,1.1,True,VALIDATED
464,g_chan[0].u_cdc_chw.mem[10][17]$_DFFE_PP_,clk_core,3.86,1.5,0.00017145899572358625,3.8598285410042763,setup,measured_p12_rail,orfs_ssd_ctrl_cfg_run_01_p12,measured_droop/orfs_ssd_ctrl_cfg_run_01_p12_rail.csv,1.1,True,VALIDATED
493,g_chan[0].u_cdc_chw.mem[3][17]$_DFFE_PP_,clk_core,3.86,1.5,0.00016591803348575684,3.8598340819665142,setup,measured_p12_rail,orfs_ssd_ctrl_cfg_run_01_p12,measured_droop/orfs_ssd_ctrl_cfg_run_01_p12_rail.csv,1.1,True,VALIDATED
480,g_chan[0].u_cdc_chw.mem[5][17]$_DFFE_PP_,clk_core,3.86,1.5,0.00016591803348575684,3.8598340819665142,setup,measured_p12_rail,orfs_ssd_ctrl_cfg_run_01_p12,measured_droop/orfs_ssd_ctrl_cfg_run_01_p12_rail.csv,1.1,True,VALIDATED
485,g_chan[0].u_cdc_chw.mem[0][17]$_DFFE_PP_,clk_core,3.86,1.5,0.00016591803348575684,3.8598340819665142,setup,measured_p12_rail,orfs_ssd_ctrl_cfg_run_01_p12,measured_droop/orfs_ssd_ctrl_cfg_run_01_p12_rail.csv,1.1,True,VALIDATED
486,g_chan[0].u_cdc_chw.mem[7][17]$_DFFE_PP_,clk_core,3.86,1.5,0.00016591803348575684,3.8598340819665142,setup,measured_p12_rail,orfs_ssd_ctrl_cfg_run_01_p12,measured_droop/orfs_ssd_ctrl_cfg_run_01_p12_rail.csv,1.1,True,VALIDATED
483,g_chan[0].u_cdc_chw.mem[1][17]$_DFFE_PP_,clk_core,3.86,1.5,0.00016591803348575684,3.8598340819665142,setup,measured_p12_rail,orfs_ssd_ctrl_cfg_run_01_p12,measured_droop/orfs_ssd_ctrl_cfg_run_01_p12_rail.csv,1.1,True,VALIDATED
491,g_chan[0].u_cdc_chw.mem[2][17]$_DFFE_PP_,clk_core,3.86,1.5,0.00016591803348575684,3.8598340819665142,setup,measured_p12_rail,orfs_ssd_ctrl_cfg_run_01_p12,measured_droop/orfs_ssd_ctrl_cfg_run_01_p12_rail.csv,1.1,True,VALIDATED
490,g_chan[0].u_cdc_chw.mem[6][17]$_DFFE_PP_,clk_core,3.86,1.5,0.00016591803348575684,3.8598340819665142,setup,measured_p12_rail,orfs_ssd_ctrl_cfg_run_01_p12,measured_droop/orfs_ssd_ctrl_cfg_run_01_p12_rail.csv,1.1,True,VALIDATED
489,g_chan[0].u_cdc_chw.mem[9][17]$_DFFE_PP_,clk_core,3.86,1.5,0.00016501345387352762,3.8598349865461263,setup,measured_p12_rail,orfs_ssd_ctrl_cfg_run_01_p12,measured_droop/orfs_ssd_ctrl_cfg_run_01_p12_rail.csv,1.1,True,VALIDATED
488,g_chan[0].u_cdc_chw.mem[8][17]$_DFFE_PP_,clk_core,3.86,1.5,0.00016501345387352762,3.8598349865461263,setup,measured_p12_rail,orfs_ssd_ctrl_cfg_run_01_p12,measured_droop/orfs_ssd_ctrl_cfg_run_01_p12_rail.csv,1.1,True,VALIDATED
479,g_chan[0].u_cdc_chw.mem[4][17]$_DFFE_PP_,clk_core,3.86,1.5,0.00016501345387352762,3.8598349865461263,setup,measured_p12_rail,orfs_ssd_ctrl_cfg_run_01_p12,measured_droop/orfs_ssd_ctrl_cfg_run_01_p12_rail.csv,1.1,True,VALIDATED
463,g_chan[1].u_cdc_chw.mem[2][31]$_DFFE_PP_,clk_core,3.86,1.5,0.00016495716918510372,3.859835042830815,setup,measured_p12_rail,orfs_ssd_ctrl_cfg_run_01_p12,measured_droop/orfs_ssd_ctrl_cfg_run_01_p12_rail.csv,1.1,True,VALIDATED
466,g_chan[1].u_cdc_chw.mem[3][31]$_DFFE_PP_,clk_core,3.86,1.5,0.00016495716918510372,3.859835042830815,setup,measured_p12_rail,orfs_ssd_ctrl_cfg_run_01_p12,measured_droop/orfs_ssd_ctrl_cfg_run_01_p12_rail.csv,1.1,True,VALIDATED
473,g_chan[1].u_cdc_chw.mem[4][31]$_DFFE_PP_,clk_core,3.86,1.5,0.0001612820542579857,3.859838717945742,setup,measured_p12_rail,orfs_ssd_ctrl_cfg_run_01_p12,measured_droop/orfs_ssd_ctrl_cfg_run_01_p12_rail.csv,1.1,True,VALIDATED
472,g_chan[1].u_cdc_chw.mem[5][31]$_DFFE_PP_,clk_core,3.86,1.5,0.0001612820542579857,3.859838717945742,setup,measured_p12_rail,orfs_ssd_ctrl_cfg_run_01_p12,measured_droop/orfs_ssd_ctrl_cfg_run_01_p12_rail.csv,1.1,True,VALIDATED
470,g_chan[1].u_cdc_chw.mem[6][31]$_DFFE_PP_,clk_core,3.86,1.5,0.00016122551864261592,3.859838774481357,setup,measured_p12_rail,orfs_ssd_ctrl_cfg_run_01_p12,measured_droop/orfs_ssd_ctrl_cfg_run_01_p12_rail.csv,1.1,True,VALIDATED
499,u_dma_fabric.rbeat_data[20]$_DFFE_PN0P_,clk_core,3.87,1.48,0.00022132554478879185,3.8697786744552114,setup,measured_p12_rail,orfs_ssd_ctrl_cfg_run_01_p12,measured_droop/orfs_ssd_ctrl_cfg_run_01_p12_rail.csv,1.1,True,VALIDATED
501,c_cmd_addr[26]$_DFFE_PN0N_,clk_core,3.87,1.5,0.00018841501651468973,3.8698115849834855,setup,measured_p12_rail,orfs_ssd_ctrl_cfg_run_01_p12,measured_droop/orfs_ssd_ctrl_cfg_run_01_p12_rail.csv,1.1,True,VALIDATED
503,g_chan[1].u_cdc_chw.mem[2][17]$_DFFE_PP_,clk_core,3.87,1.49,0.00017531492295401463,3.869824685077046,setup,measured_p12_rail,orfs_ssd_ctrl_cfg_run_01_p12,measured_droop/orfs_ssd_ctrl_cfg_run_01_p12_rail.csv,1.1,True,VALIDATED
497,g_chan[1].u_cdc_chw.mem[3][14]$_DFFE_PP_,clk_core,3.87,1.49,0.00017301102249724087,3.8698269889775028,setup,measured_p12_rail,orfs_ssd_ctrl_cfg_run_01_p12,measured_droop/orfs_ssd_ctrl_cfg_run_01_p12_rail.csv,1.1,True,VALIDATED
498,g_chan[1].u_cdc_chw.mem[7][14]$_DFFE_PP_,clk_core,3.87,1.49,0.00017301102249724087,3.8698269889775028,setup,measured_p12_rail,orfs_ssd_ctrl_cfg_run_01_p12,measured_droop/orfs_ssd_ctrl_cfg_run_01_p12_rail.csv,1.1,True,VALIDATED
500,g_chan[1].u_cdc_chw.mem[4][14]$_DFFE_PP_,clk_core,3.87,1.49,0.00017301102249724087,3.8698269889775028,setup,measured_p12_rail,orfs_ssd_ctrl_cfg_run_01_p12,measured_droop/orfs_ssd_ctrl_cfg_run_01_p12_rail.csv,1.1,True,VALIDATED
505,g_chan[1].u_cdc_chw.mem[3][17]$_DFFE_PP_,clk_core,3.87,1.49,0.00017155191011256066,3.8698284480898875,setup,measured_p12_rail,orfs_ssd_ctrl_cfg_run_01_p12,measured_droop/orfs_ssd_ctrl_cfg_run_01_p12_rail.csv,1.1,True,VALIDATED
513,g_chan[1].u_cdc_chw.mem[12][17]$_DFFE_PP_,clk_core,3.87,1.48,0.00016906135875194295,3.869830938641248,setup,measured_p12_rail,orfs_ssd_ctrl_cfg_run_01_p12,measured_droop/orfs_ssd_ctrl_cfg_run_01_p12_rail.csv,1.1,True,VALIDATED
512,g_chan[1].u_cdc_chw.mem[13][17]$_DFFE_PP_,clk_core,3.87,1.48,0.00016906135875194295,3.869830938641248,setup,measured_p12_rail,orfs_ssd_ctrl_cfg_run_01_p12,measured_droop/orfs_ssd_ctrl_cfg_run_01_p12_rail.csv,1.1,True,VALIDATED
507,g_chan[1].u_cdc_chw.mem[4][17]$_DFFE_PP_,clk_core,3.87,1.49,0.00016778889727110669,3.869832211102729,setup,measured_p12_rail,orfs_ssd_ctrl_cfg_run_01_p12,measured_droop/orfs_ssd_ctrl_cfg_run_01_p12_rail.csv,1.1,True,VALIDATED
510,g_chan[1].u_cdc_chw.mem[6][17]$_DFFE_PP_,clk_core,3.87,1.49,0.00016778889727110669,3.869832211102729,setup,measured_p12_rail,orfs_ssd_ctrl_cfg_run_01_p12,measured_droop/orfs_ssd_ctrl_cfg_run_01_p12_rail.csv,1.1,True,VALIDATED
502,g_chan[1].u_cdc_chw.mem[1][17]$_DFFE_PP_,clk_core,3.87,1.49,0.00016778889727110669,3.869832211102729,setup,measured_p12_rail,orfs_ssd_ctrl_cfg_run_01_p12,measured_droop/orfs_ssd_ctrl_cfg_run_01_p12_rail.csv,1.1,True,VALIDATED
511,g_chan[1].u_cdc_chw.mem[7][17]$_DFFE_PP_,clk_core,3.87,1.49,0.00016778889727110669,3.869832211102729,setup,measured_p12_rail,orfs_ssd_ctrl_cfg_run_01_p12,measured_droop/orfs_ssd_ctrl_cfg_run_01_p12_rail.csv,1.1,True,VALIDATED
506,g_chan[1].u_cdc_chw.mem[5][17]$_DFFE_PP_,clk_core,3.87,1.49,0.00016778889727110669,3.869832211102729,setup,measured_p12_rail,orfs_ssd_ctrl_cfg_run_01_p12,measured_droop/orfs_ssd_ctrl_cfg_run_01_p12_rail.csv,1.1,True,VALIDATED
504,g_chan[1].u_cdc_chw.mem[0][17]$_DFFE_PP_,clk_core,3.87,1.49,0.00016778889727110669,3.869832211102729,setup,measured_p12_rail,orfs_ssd_ctrl_cfg_run_01_p12,measured_droop/orfs_ssd_ctrl_cfg_run_01_p12_rail.csv,1.1,True,VALIDATED
509,g_chan[1].u_cdc_chw.mem[10][17]$_DFFE_PP_,clk_core,3.87,1.48,0.00016722044869754704,3.8698327795513023,setup,measured_p12_rail,orfs_ssd_ctrl_cfg_run_01_p12,measured_droop/orfs_ssd_ctrl_cfg_run_01_p12_rail.csv,1.1,True,VALIDATED
508,g_chan[1].u_cdc_chw.mem[11][17]$_DFFE_PP_,clk_core,3.87,1.48,0.00016537953864315114,3.869834620461357,setup,measured_p12_rail,orfs_ssd_ctrl_cfg_run_01_p12,measured_droop/orfs_ssd_ctrl_cfg_run_01_p12_rail.csv,1.1,True,VALIDATED
517,c_cmd_addr[20]$_DFFE_PN0N_,clk_core,3.88,1.49,0.00018148186774344377,3.8798185181322564,setup,measured_p12_rail,orfs_ssd_ctrl_cfg_run_01_p12,measured_droop/orfs_ssd_ctrl_cfg_run_01_p12_rail.csv,1.1,True,VALIDATED
516,c_cmd_len[26]$_DFFE_PN0N_,clk_core,3.88,1.49,0.0001734797091345469,3.8798265202908655,setup,measured_p12_rail,orfs_ssd_ctrl_cfg_run_01_p12,measured_droop/orfs_ssd_ctrl_cfg_run_01_p12_rail.csv,1.1,True,VALIDATED
514,g_chan[1].u_cdc_chw.mem[9][17]$_DFFE_PP_,clk_core,3.88,1.48,0.0001667184076150352,3.879833281592385,setup,measured_p12_rail,orfs_ssd_ctrl_cfg_run_01_p12,measured_droop/orfs_ssd_ctrl_cfg_run_01_p12_rail.csv,1.1,True,VALIDATED
515,g_chan[1].u_cdc_chw.mem[8][17]$_DFFE_PP_,clk_core,3.88,1.48,0.0001667184076150352,3.879833281592385,setup,measured_p12_rail,orfs_ssd_ctrl_cfg_run_01_p12,measured_droop/orfs_ssd_ctrl_cfg_run_01_p12_rail.csv,1.1,True,VALIDATED
519,c_cmd_len[20]$_DFFE_PN0N_,clk_core,3.89,1.48,0.00018946599989488888,3.8898105340001052,setup,measured_p12_rail,orfs_ssd_ctrl_cfg_run_01_p12,measured_droop/orfs_ssd_ctrl_cfg_run_01_p12_rail.csv,1.1,True,VALIDATED
518,c_cmd_addr[23]$_DFFE_PN0N_,clk_core,3.89,1.48,0.00018527488073445675,3.889814725119266,setup,measured_p12_rail,orfs_ssd_ctrl_cfg_run_01_p12,measured_droop/orfs_ssd_ctrl_cfg_run_01_p12_rail.csv,1.1,True,VALIDATED
521,c_cmd_len[14]$_DFFE_PN0N_,clk_core,3.9,1.48,0.00018392543605967593,3.8998160745639403,setup,measured_p12_rail,orfs_ssd_ctrl_cfg_run_01_p12,measured_droop/orfs_ssd_ctrl_cfg_run_01_p12_rail.csv,1.1,True,VALIDATED
520,c_cmd_len[21]$_DFFE_PN0N_,clk_core,3.9,1.48,0.00018103575416369977,3.8998189642458363,setup,measured_p12_rail,orfs_ssd_ctrl_cfg_run_01_p12,measured_droop/orfs_ssd_ctrl_cfg_run_01_p12_rail.csv,1.1,True,VALIDATED
522,c_cmd_len[31]$_DFFE_PN0N_,clk_core,3.9,1.48,0.00017824065125622568,3.8998217593487436,setup,measured_p12_rail,orfs_ssd_ctrl_cfg_run_01_p12,measured_droop/orfs_ssd_ctrl_cfg_run_01_p12_rail.csv,1.1,True,VALIDATED
523,c_cmd_len[29]$_DFFE_PN0N_,clk_core,3.9,1.46,0.000173048120277422,3.8998269518797226,setup,measured_p12_rail,orfs_ssd_ctrl_cfg_run_01_p12,measured_droop/orfs_ssd_ctrl_cfg_run_01_p12_rail.csv,1.1,True,VALIDATED
524,c_cmd_len[13]$_DFFE_PN0N_,clk_core,3.91,1.47,0.00019842667273749226,3.909801573327263,setup,measured_p12_rail,orfs_ssd_ctrl_cfg_run_01_p12,measured_droop/orfs_ssd_ctrl_cfg_run_01_p12_rail.csv,1.1,True,VALIDATED
525,c_cmd_len[27]$_DFFE_PN0N_,clk_core,3.91,1.46,0.00017673237296080002,3.9098232676270395,setup,measured_p12_rail,orfs_ssd_ctrl_cfg_run_01_p12,measured_droop/orfs_ssd_ctrl_cfg_run_01_p12_rail.csv,1.1,True,VALIDATED
528,c_cmd_len[8]$_DFFE_PN0N_,clk_core,3.92,1.45,0.00018818135327809682,3.9198118186467217,setup,measured_p12_rail,orfs_ssd_ctrl_cfg_run_01_p12,measured_droop/orfs_ssd_ctrl_cfg_run_01_p12_rail.csv,1.1,True,VALIDATED
527,c_cmd_len[30]$_DFFE_PN0N_,clk_core,3.92,1.45,0.000182396000036944,3.919817603999963,setup,measured_p12_rail,orfs_ssd_ctrl_cfg_run_01_p12,measured_droop/orfs_ssd_ctrl_cfg_run_01_p12_rail.csv,1.1,True,VALIDATED
526,c_cmd_len[2]$_DFFE_PN0N_,clk_core,3.92,1.45,0.0001814558607000777,3.9198185441392996,setup,measured_p12_rail,orfs_ssd_ctrl_cfg_run_01_p12,measured_droop/orfs_ssd_ctrl_cfg_run_01_p12_rail.csv,1.1,True,VALIDATED
535,g_chan[0].u_cdc_chw.mem[8][25]$_DFFE_PP_,clk_core,3.93,1.42,0.0001824680782304272,3.9298175319217696,setup,measured_p12_rail,orfs_ssd_ctrl_cfg_run_01_p12,measured_droop/orfs_ssd_ctrl_cfg_run_01_p12_rail.csv,1.1,True,VALIDATED
529,c_cmd_addr[5]$_DFFE_PN0N_,clk_core,3.93,1.44,0.00018158508362545178,3.9298184149163746,setup,measured_p12_rail,orfs_ssd_ctrl_cfg_run_01_p12,measured_droop/orfs_ssd_ctrl_cfg_run_01_p12_rail.csv,1.1,True,VALIDATED
543,g_chan[0].u_cdc_chw.mem[11][25]$_DFFE_PP_,clk_core,3.93,1.42,0.0001791912409978419,3.9298208087590023,setup,measured_p12_rail,orfs_ssd_ctrl_cfg_run_01_p12,measured_droop/orfs_ssd_ctrl_cfg_run_01_p12_rail.csv,1.1,True,VALIDATED
534,g_chan[0].u_cdc_chw.mem[9][25]$_DFFE_PP_,clk_core,3.93,1.42,0.0001791912409978419,3.9298208087590023,setup,measured_p12_rail,orfs_ssd_ctrl_cfg_run_01_p12,measured_droop/orfs_ssd_ctrl_cfg_run_01_p12_rail.csv,1.1,True,VALIDATED
538,g_chan[0].u_cdc_chw.mem[10][25]$_DFFE_PP_,clk_core,3.93,1.42,0.0001791912409978419,3.9298208087590023,setup,measured_p12_rail,orfs_ssd_ctrl_cfg_run_01_p12,measured_droop/orfs_ssd_ctrl_cfg_run_01_p12_rail.csv,1.1,True,VALIDATED
530,c_cmd_addr[3]$_DFFE_PN0N_,clk_core,3.93,1.44,0.0001773622863249502,3.9298226377136753,setup,measured_p12_rail,orfs_ssd_ctrl_cfg_run_01_p12,measured_droop/orfs_ssd_ctrl_cfg_run_01_p12_rail.csv,1.1,True,VALIDATED
536,g_chan[0].u_cdc_chw.mem[4][25]$_DFFE_PP_,clk_core,3.93,1.42,0.00017591440376525658,3.929824085596235,setup,measured_p12_rail,orfs_ssd_ctrl_cfg_run_01_p12,measured_droop/orfs_ssd_ctrl_cfg_run_01_p12_rail.csv,1.1,True,VALIDATED
544,g_chan[0].u_cdc_chw.mem[1][25]$_DFFE_PP_,clk_core,3.93,1.42,0.00017591440376525658,3.929824085596235,setup,measured_p12_rail,orfs_ssd_ctrl_cfg_run_01_p12,measured_droop/orfs_ssd_ctrl_cfg_run_01_p12_rail.csv,1.1,True,VALIDATED
540,g_chan[0].u_cdc_chw.mem[7][25]$_DFFE_PP_,clk_core,3.93,1.42,0.00017591440376525658,3.929824085596235,setup,measured_p12_rail,orfs_ssd_ctrl_cfg_run_01_p12,measured_droop/orfs_ssd_ctrl_cfg_run_01_p12_rail.csv,1.1,True,VALIDATED
541,g_chan[0].u_cdc_chw.mem[5][25]$_DFFE_PP_,clk_core,3.93,1.42,0.00017591440376525658,3.929824085596235,setup,measured_p12_rail,orfs_ssd_ctrl_cfg_run_01_p12,measured_droop/orfs_ssd_ctrl_cfg_run_01_p12_rail.csv,1.1,True,VALIDATED
542,g_chan[0].u_cdc_chw.mem[3][25]$_DFFE_PP_,clk_core,3.93,1.42,0.00017591440376525658,3.929824085596235,setup,measured_p12_rail,orfs_ssd_ctrl_cfg_run_01_p12,measured_droop/orfs_ssd_ctrl_cfg_run_01_p12_rail.csv,1.1,True,VALIDATED
537,g_chan[1].u_cdc_chw.mem[13][31]$_DFFE_PP_,clk_core,3.93,1.42,0.0001585651069040267,3.9298414348930963,setup,measured_p12_rail,orfs_ssd_ctrl_cfg_run_01_p12,measured_droop/orfs_ssd_ctrl_cfg_run_01_p12_rail.csv,1.1,True,VALIDATED
532,g_chan[1].u_cdc_chw.mem[15][31]$_DFFE_PP_,clk_core,3.93,1.42,0.0001585651069040267,3.9298414348930963,setup,measured_p12_rail,orfs_ssd_ctrl_cfg_run_01_p12,measured_droop/orfs_ssd_ctrl_cfg_run_01_p12_rail.csv,1.1,True,VALIDATED
533,g_chan[1].u_cdc_chw.mem[12][31]$_DFFE_PP_,clk_core,3.93,1.42,0.0001585651069040267,3.9298414348930963,setup,measured_p12_rail,orfs_ssd_ctrl_cfg_run_01_p12,measured_droop/orfs_ssd_ctrl_cfg_run_01_p12_rail.csv,1.1,True,VALIDATED
539,g_chan[1].u_cdc_chw.mem[14][31]$_DFFE_PP_,clk_core,3.93,1.42,0.0001585651069040267,3.9298414348930963,setup,measured_p12_rail,orfs_ssd_ctrl_cfg_run_01_p12,measured_droop/orfs_ssd_ctrl_cfg_run_01_p12_rail.csv,1.1,True,VALIDATED
531,g_chan[1].u_cdc_chw.mem[10][31]$_DFFE_PP_,clk_core,3.93,1.42,0.0001585651069040267,3.9298414348930963,setup,measured_p12_rail,orfs_ssd_ctrl_cfg_run_01_p12,measured_droop/orfs_ssd_ctrl_cfg_run_01_p12_rail.csv,1.1,True,VALIDATED
547,g_chan[0].u_cdc_chw.mem[12][25]$_DFFE_PP_,clk_core,3.94,1.42,0.0001824680782304272,3.9398175319217694,setup,measured_p12_rail,orfs_ssd_ctrl_cfg_run_01_p12,measured_droop/orfs_ssd_ctrl_cfg_run_01_p12_rail.csv,1.1,True,VALIDATED
549,g_chan[0].u_cdc_chw.mem[14][25]$_DFFE_PP_,clk_core,3.94,1.42,0.0001824680782304272,3.9398175319217694,setup,measured_p12_rail,orfs_ssd_ctrl_cfg_run_01_p12,measured_droop/orfs_ssd_ctrl_cfg_run_01_p12_rail.csv,1.1,True,VALIDATED
551,g_chan[0].u_cdc_chw.mem[15][25]$_DFFE_PP_,clk_core,3.94,1.42,0.0001824680782304272,3.9398175319217694,setup,measured_p12_rail,orfs_ssd_ctrl_cfg_run_01_p12,measured_droop/orfs_ssd_ctrl_cfg_run_01_p12_rail.csv,1.1,True,VALIDATED
546,g_chan[0].u_cdc_chw.mem[13][25]$_DFFE_PP_,clk_core,3.94,1.42,0.0001824680782304272,3.9398175319217694,setup,measured_p12_rail,orfs_ssd_ctrl_cfg_run_01_p12,measured_droop/orfs_ssd_ctrl_cfg_run_01_p12_rail.csv,1.1,True,VALIDATED
561,g_chan[0].u_cdc_chw.mem[7][23]$_DFFE_PP_,clk_core,3.94,1.42,0.00018156448070183462,3.9398184355192982,setup,measured_p12_rail,orfs_ssd_ctrl_cfg_run_01_p12,measured_droop/orfs_ssd_ctrl_cfg_run_01_p12_rail.csv,1.1,True,VALIDATED
560,g_chan[0].u_cdc_chw.mem[6][23]$_DFFE_PP_,clk_core,3.94,1.42,0.00018156448070183462,3.9398184355192982,setup,measured_p12_rail,orfs_ssd_ctrl_cfg_run_01_p12,measured_droop/orfs_ssd_ctrl_cfg_run_01_p12_rail.csv,1.1,True,VALIDATED
559,g_chan[0].u_cdc_chw.mem[9][23]$_DFFE_PP_,clk_core,3.94,1.42,0.00018133836543436643,3.9398186616345656,setup,measured_p12_rail,orfs_ssd_ctrl_cfg_run_01_p12,measured_droop/orfs_ssd_ctrl_cfg_run_01_p12_rail.csv,1.1,True,VALIDATED
563,g_chan[0].u_cdc_chw.mem[0][23]$_DFFE_PP_,clk_core,3.94,1.42,0.00018060384111764916,3.939819396158882,setup,measured_p12_rail,orfs_ssd_ctrl_cfg_run_01_p12,measured_droop/orfs_ssd_ctrl_cfg_run_01_p12_rail.csv,1.1,True,VALIDATED
562,g_chan[0].u_cdc_chw.mem[1][23]$_DFFE_PP_,clk_core,3.94,1.42,0.00018060384111764916,3.939819396158882,setup,measured_p12_rail,orfs_ssd_ctrl_cfg_run_01_p12,measured_droop/orfs_ssd_ctrl_cfg_run_01_p12_rail.csv,1.1,True,VALIDATED
550,c_cmd_addr[4]$_DFFE_PN0N_,clk_core,3.94,1.43,0.00017988518977089807,3.939820114810229,setup,measured_p12_rail,orfs_ssd_ctrl_cfg_run_01_p12,measured_droop/orfs_ssd_ctrl_cfg_run_01_p12_rail.csv,1.1,True,VALIDATED
558,g_chan[1].u_cdc_chw.mem[14][23]$_DFFE_PP_,clk_core,3.94,1.41,0.00017742456158222064,3.9398225754384177,setup,measured_p12_rail,orfs_ssd_ctrl_cfg_run_01_p12,measured_droop/orfs_ssd_ctrl_cfg_run_01_p12_rail.csv,1.1,True,VALIDATED
552,g_chan[0].u_cdc_chw.mem[6][25]$_DFFE_PP_,clk_core,3.94,1.42,0.00017602731085576695,3.939823972689144,setup,measured_p12_rail,orfs_ssd_ctrl_cfg_run_01_p12,measured_droop/orfs_ssd_ctrl_cfg_run_01_p12_rail.csv,1.1,True,VALIDATED
548,g_chan[0].u_cdc_chw.mem[0][25]$_DFFE_PP_,clk_core,3.94,1.42,0.00017591440376525658,3.9398240855962348,setup,measured_p12_rail,orfs_ssd_ctrl_cfg_run_01_p12,measured_droop/orfs_ssd_ctrl_cfg_run_01_p12_rail.csv,1.1,True,VALIDATED
545,g_chan[0].u_cdc_chw.mem[2][25]$_DFFE_PP_,clk_core,3.94,1.42,0.00017591440376525658,3.9398240855962348,setup,measured_p12_rail,orfs_ssd_ctrl_cfg_run_01_p12,measured_droop/orfs_ssd_ctrl_cfg_run_01_p12_rail.csv,1.1,True,VALIDATED
557,c_cmd_len[17]$_DFFE_PN0N_,clk_core,3.94,1.43,0.0001738371329648436,3.939826162867035,setup,measured_p12_rail,orfs_ssd_ctrl_cfg_run_01_p12,measured_droop/orfs_ssd_ctrl_cfg_run_01_p12_rail.csv,1.1,True,VALIDATED
553,g_chan[0].u_cdc_chw.mem[14][24]$_DFFE_PP_,clk_core,3.94,1.41,0.00017355440034103053,3.939826445599659,setup,measured_p12_rail,orfs_ssd_ctrl_cfg_run_01_p12,measured_droop/orfs_ssd_ctrl_cfg_run_01_p12_rail.csv,1.1,True,VALIDATED
554,g_chan[1].u_cdc_chw.mem[8][31]$_DFFE_PP_,clk_core,3.94,1.42,0.0001585651069040267,3.939841434893096,setup,measured_p12_rail,orfs_ssd_ctrl_cfg_run_01_p12,measured_droop/orfs_ssd_ctrl_cfg_run_01_p12_rail.csv,1.1,True,VALIDATED
556,g_chan[1].u_cdc_chw.mem[9][31]$_DFFE_PP_,clk_core,3.94,1.42,0.0001585651069040267,3.939841434893096,setup,measured_p12_rail,orfs_ssd_ctrl_cfg_run_01_p12,measured_droop/orfs_ssd_ctrl_cfg_run_01_p12_rail.csv,1.1,True,VALIDATED
555,g_chan[1].u_cdc_chw.mem[11][31]$_DFFE_PP_,clk_core,3.94,1.42,0.0001585651069040267,3.939841434893096,setup,measured_p12_rail,orfs_ssd_ctrl_cfg_run_01_p12,measured_droop/orfs_ssd_ctrl_cfg_run_01_p12_rail.csv,1.1,True,VALIDATED
610,g_chan[1].u_cdc_chw.mem[13][25]$_DFFE_PP_,clk_core,3.95,1.4,0.0001845775105749209,3.9498154224894253,setup,measured_p12_rail,orfs_ssd_ctrl_cfg_run_01_p12,measured_droop/orfs_ssd_ctrl_cfg_run_01_p12_rail.csv,1.1,True,VALIDATED
612,g_chan[1].u_cdc_chw.mem[8][25]$_DFFE_PP_,clk_core,3.95,1.4,0.0001845775105749209,3.9498154224894253,setup,measured_p12_rail,orfs_ssd_ctrl_cfg_run_01_p12,measured_droop/orfs_ssd_ctrl_cfg_run_01_p12_rail.csv,1.1,True,VALIDATED
590,g_chan[0].u_cdc_chw.mem[14][23]$_DFFE_PP_,clk_core,3.95,1.41,0.00018174456081887502,3.9498182554391814,setup,measured_p12_rail,orfs_ssd_ctrl_cfg_run_01_p12,measured_droop/orfs_ssd_ctrl_cfg_run_01_p12_rail.csv,1.1,True,VALIDATED
586,g_chan[0].u_cdc_chw.mem[10][23]$_DFFE_PP_,clk_core,3.95,1.41,0.00018174456081887502,3.9498182554391814,setup,measured_p12_rail,orfs_ssd_ctrl_cfg_run_01_p12,measured_droop/orfs_ssd_ctrl_cfg_run_01_p12_rail.csv,1.1,True,VALIDATED
580,g_chan[0].u_cdc_chw.mem[15][23]$_DFFE_PP_,clk_core,3.95,1.41,0.00018174456081887502,3.9498182554391814,setup,measured_p12_rail,orfs_ssd_ctrl_cfg_run_01_p12,measured_droop/orfs_ssd_ctrl_cfg_run_01_p12_rail.csv,1.1,True,VALIDATED
592,g_chan[0].u_cdc_chw.mem[13][23]$_DFFE_PP_,clk_core,3.95,1.41,0.00018174456081887502,3.9498182554391814,setup,measured_p12_rail,orfs_ssd_ctrl_cfg_run_01_p12,measured_droop/orfs_ssd_ctrl_cfg_run_01_p12_rail.csv,1.1,True,VALIDATED
595,g_chan[1].u_cdc_chw.mem[6][23]$_DFFE_PP_,clk_core,3.95,1.4,0.00018163632356428538,3.9498183636764357,setup,measured_p12_rail,orfs_ssd_ctrl_cfg_run_01_p12,measured_droop/orfs_ssd_ctrl_cfg_run_01_p12_rail.csv,1.1,True,VALIDATED
566,g_chan[0].u_cdc_chw.mem[2][23]$_DFFE_PP_,clk_core,3.95,1.42,0.00018156448070183462,3.9498184355192985,setup,measured_p12_rail,orfs_ssd_ctrl_cfg_run_01_p12,measured_droop/orfs_ssd_ctrl_cfg_run_01_p12_rail.csv,1.1,True,VALIDATED
571,g_chan[0].u_cdc_chw.mem[5][23]$_DFFE_PP_,clk_core,3.95,1.42,0.00018156448070183462,3.9498184355192985,setup,measured_p12_rail,orfs_ssd_ctrl_cfg_run_01_p12,measured_droop/orfs_ssd_ctrl_cfg_run_01_p12_rail.csv,1.1,True,VALIDATED
569,g_chan[0].u_cdc_chw.mem[4][23]$_DFFE_PP_,clk_core,3.95,1.42,0.00018156448070183462,3.9498184355192985,setup,measured_p12_rail,orfs_ssd_ctrl_cfg_run_01_p12,measured_droop/orfs_ssd_ctrl_cfg_run_01_p12_rail.csv,1.1,True,VALIDATED
573,g_chan[0].u_cdc_chw.mem[8][23]$_DFFE_PP_,clk_core,3.95,1.41,0.00018006133469190833,3.9498199386653083,setup,measured_p12_rail,orfs_ssd_ctrl_cfg_run_01_p12,measured_droop/orfs_ssd_ctrl_cfg_run_01_p12_rail.csv,1.1,True,VALIDATED
572,g_chan[0].u_cdc_chw.mem[11][23]$_DFFE_PP_,clk_core,3.95,1.41,0.00018006133469190833,3.9498199386653083,setup,measured_p12_rail,orfs_ssd_ctrl_cfg_run_01_p12,measured_droop/orfs_ssd_ctrl_cfg_run_01_p12_rail.csv,1.1,True,VALIDATED
567,g_chan[0].u_cdc_chw.mem[12][23]$_DFFE_PP_,clk_core,3.95,1.41,0.00018006133469190833,3.9498199386653083,setup,measured_p12_rail,orfs_ssd_ctrl_cfg_run_01_p12,measured_droop/orfs_ssd_ctrl_cfg_run_01_p12_rail.csv,1.1,True,VALIDATED
564,g_chan[0].u_cdc_chw.mem[3][23]$_DFFE_PP_,clk_core,3.95,1.42,0.00017986931680093188,3.9498201306831993,setup,measured_p12_rail,orfs_ssd_ctrl_cfg_run_01_p12,measured_droop/orfs_ssd_ctrl_cfg_run_01_p12_rail.csv,1.1,True,VALIDATED
611,g_chan[1].u_cdc_chw.mem[10][23]$_DFFE_PP_,clk_core,3.95,1.4,0.00017984309756537142,3.949820156902435,setup,measured_p12_rail,orfs_ssd_ctrl_cfg_run_01_p12,measured_droop/orfs_ssd_ctrl_cfg_run_01_p12_rail.csv,1.1,True,VALIDATED
584,g_chan[1].u_cdc_chw.mem[15][23]$_DFFE_PP_,clk_core,3.95,1.41,0.00017742456158222064,3.949822575438418,setup,measured_p12_rail,orfs_ssd_ctrl_cfg_run_01_p12,measured_droop/orfs_ssd_ctrl_cfg_run_01_p12_rail.csv,1.1,True,VALIDATED
601,g_chan[1].u_cdc_chw.mem[13][23]$_DFFE_PP_,clk_core,3.95,1.41,0.00017680733296836226,3.949823192667032,setup,measured_p12_rail,orfs_ssd_ctrl_cfg_run_01_p12,measured_droop/orfs_ssd_ctrl_cfg_run_01_p12_rail.csv,1.1,True,VALIDATED
603,g_chan[1].u_cdc_chw.mem[12][23]$_DFFE_PP_,clk_core,3.95,1.41,0.00017680733296836226,3.949823192667032,setup,measured_p12_rail,orfs_ssd_ctrl_cfg_run_01_p12,measured_droop/orfs_ssd_ctrl_cfg_run_01_p12_rail.csv,1.1,True,VALIDATED
605,g_chan[1].u_cdc_chw.mem[8][23]$_DFFE_PP_,clk_core,3.95,1.41,0.00017680733296836226,3.949823192667032,setup,measured_p12_rail,orfs_ssd_ctrl_cfg_run_01_p12,measured_droop/orfs_ssd_ctrl_cfg_run_01_p12_rail.csv,1.1,True,VALIDATED
609,g_chan[1].u_cdc_chw.mem[9][23]$_DFFE_PP_,clk_core,3.95,1.41,0.00017568529260574006,3.9498243147073944,setup,measured_p12_rail,orfs_ssd_ctrl_cfg_run_01_p12,measured_droop/orfs_ssd_ctrl_cfg_run_01_p12_rail.csv,1.1,True,VALIDATED
591,c_cmd_len[19]$_DFFE_PN0N_,clk_core,3.95,1.42,0.00017426779034329654,3.949825732209657,setup,measured_p12_rail,orfs_ssd_ctrl_cfg_run_01_p12,measured_droop/orfs_ssd_ctrl_cfg_run_01_p12_rail.csv,1.1,True,VALIDATED
607,g_chan[1].u_cdc_chw.mem[3][23]$_DFFE_PP_,clk_core,3.95,1.4,0.00017379095591163463,3.9498262090440885,setup,measured_p12_rail,orfs_ssd_ctrl_cfg_run_01_p12,measured_droop/orfs_ssd_ctrl_cfg_run_01_p12_rail.csv,1.1,True,VALIDATED
608,g_chan[1].u_cdc_chw.mem[2][23]$_DFFE_PP_,clk_core,3.95,1.4,0.00017379095591163463,3.9498262090440885,setup,measured_p12_rail,orfs_ssd_ctrl_cfg_run_01_p12,measured_droop/orfs_ssd_ctrl_cfg_run_01_p12_rail.csv,1.1,True,VALIDATED
604,g_chan[1].u_cdc_chw.mem[5][23]$_DFFE_PP_,clk_core,3.95,1.4,0.00017379095591163463,3.9498262090440885,setup,measured_p12_rail,orfs_ssd_ctrl_cfg_run_01_p12,measured_droop/orfs_ssd_ctrl_cfg_run_01_p12_rail.csv,1.1,True,VALIDATED
606,g_chan[1].u_cdc_chw.mem[4][23]$_DFFE_PP_,clk_core,3.95,1.4,0.00017379095591163463,3.9498262090440885,setup,measured_p12_rail,orfs_ssd_ctrl_cfg_run_01_p12,measured_droop/orfs_ssd_ctrl_cfg_run_01_p12_rail.csv,1.1,True,VALIDATED
576,g_chan[0].u_cdc_chw.mem[15][24]$_DFFE_PP_,clk_core,3.95,1.41,0.00017159085763678028,3.949828409142363,setup,measured_p12_rail,orfs_ssd_ctrl_cfg_run_01_p12,measured_droop/orfs_ssd_ctrl_cfg_run_01_p12_rail.csv,1.1,True,VALIDATED
577,c_cmd_len[24]$_DFFE_PN0N_,clk_core,3.95,1.42,0.00017121706265946224,3.949828782937341,setup,measured_p12_rail,orfs_ssd_ctrl_cfg_run_01_p12,measured_droop/orfs_ssd_ctrl_cfg_run_01_p12_rail.csv,1.1,True,VALIDATED
589,g_chan[0].u_cdc_chw.mem[11][24]$_DFFE_PP_,clk_core,3.95,1.41,0.00016906627590544676,3.949830933724095,setup,measured_p12_rail,orfs_ssd_ctrl_cfg_run_01_p12,measured_droop/orfs_ssd_ctrl_cfg_run_01_p12_rail.csv,1.1,True,VALIDATED
582,g_chan[0].u_cdc_chw.mem[12][24]$_DFFE_PP_,clk_core,3.95,1.41,0.00016906627590544676,3.949830933724095,setup,measured_p12_rail,orfs_ssd_ctrl_cfg_run_01_p12,measured_droop/orfs_ssd_ctrl_cfg_run_01_p12_rail.csv,1.1,True,VALIDATED
568,g_chan[0].u_cdc_chw.mem[2][24]$_DFFE_PP_,clk_core,3.95,1.41,0.00016906627590544676,3.949830933724095,setup,measured_p12_rail,orfs_ssd_ctrl_cfg_run_01_p12,measured_droop/orfs_ssd_ctrl_cfg_run_01_p12_rail.csv,1.1,True,VALIDATED
588,g_chan[0].u_cdc_chw.mem[8][24]$_DFFE_PP_,clk_core,3.95,1.41,0.00016906627590544676,3.949830933724095,setup,measured_p12_rail,orfs_ssd_ctrl_cfg_run_01_p12,measured_droop/orfs_ssd_ctrl_cfg_run_01_p12_rail.csv,1.1,True,VALIDATED
565,g_chan[0].u_cdc_chw.mem[9][24]$_DFFE_PP_,clk_core,3.95,1.41,0.00016906627590544676,3.949830933724095,setup,measured_p12_rail,orfs_ssd_ctrl_cfg_run_01_p12,measured_droop/orfs_ssd_ctrl_cfg_run_01_p12_rail.csv,1.1,True,VALIDATED
574,g_chan[0].u_cdc_chw.mem[3][24]$_DFFE_PP_,clk_core,3.95,1.41,0.00016906627590544676,3.949830933724095,setup,measured_p12_rail,orfs_ssd_ctrl_cfg_run_01_p12,measured_droop/orfs_ssd_ctrl_cfg_run_01_p12_rail.csv,1.1,True,VALIDATED
579,g_chan[0].u_cdc_chw.mem[13][24]$_DFFE_PP_,clk_core,3.95,1.41,0.00016906627590544676,3.949830933724095,setup,measured_p12_rail,orfs_ssd_ctrl_cfg_run_01_p12,measured_droop/orfs_ssd_ctrl_cfg_run_01_p12_rail.csv,1.1,True,VALIDATED
587,g_chan[0].u_cdc_chw.mem[10][24]$_DFFE_PP_,clk_core,3.95,1.41,0.00016901017718511102,3.949830989822815,setup,measured_p12_rail,orfs_ssd_ctrl_cfg_run_01_p12,measured_droop/orfs_ssd_ctrl_cfg_run_01_p12_rail.csv,1.1,True,VALIDATED
581,g_chan[0].u_cdc_chw.mem[1][24]$_DFFE_PP_,clk_core,3.95,1.41,0.00016895407846477528,3.9498310459215356,setup,measured_p12_rail,orfs_ssd_ctrl_cfg_run_01_p12,measured_droop/orfs_ssd_ctrl_cfg_run_01_p12_rail.csv,1.1,True,VALIDATED
570,g_chan[0].u_cdc_chw.mem[7][24]$_DFFE_PP_,clk_core,3.95,1.41,0.00016895407846477528,3.9498310459215356,setup,measured_p12_rail,orfs_ssd_ctrl_cfg_run_01_p12,measured_droop/orfs_ssd_ctrl_cfg_run_01_p12_rail.csv,1.1,True,VALIDATED
575,g_chan[0].u_cdc_chw.mem[0][24]$_DFFE_PP_,clk_core,3.95,1.41,0.00016895407846477528,3.9498310459215356,setup,measured_p12_rail,orfs_ssd_ctrl_cfg_run_01_p12,measured_droop/orfs_ssd_ctrl_cfg_run_01_p12_rail.csv,1.1,True,VALIDATED
578,g_chan[0].u_cdc_chw.mem[6][24]$_DFFE_PP_,clk_core,3.95,1.41,0.00016895407846477528,3.9498310459215356,setup,measured_p12_rail,orfs_ssd_ctrl_cfg_run_01_p12,measured_droop/orfs_ssd_ctrl_cfg_run_01_p12_rail.csv,1.1,True,VALIDATED
583,g_chan[0].u_cdc_chw.mem[5][24]$_DFFE_PP_,clk_core,3.95,1.41,0.00016895407846477528,3.9498310459215356,setup,measured_p12_rail,orfs_ssd_ctrl_cfg_run_01_p12,measured_droop/orfs_ssd_ctrl_cfg_run_01_p12_rail.csv,1.1,True,VALIDATED
585,g_chan[0].u_cdc_chw.mem[4][24]$_DFFE_PP_,clk_core,3.95,1.41,0.00016895407846477528,3.9498310459215356,setup,measured_p12_rail,orfs_ssd_ctrl_cfg_run_01_p12,measured_droop/orfs_ssd_ctrl_cfg_run_01_p12_rail.csv,1.1,True,VALIDATED
593,g_chan[1].u_cdc_chw.mem[15][14]$_DFFE_PP_,clk_core,3.95,1.41,0.0001681069858644052,3.9498318930141356,setup,measured_p12_rail,orfs_ssd_ctrl_cfg_run_01_p12,measured_droop/orfs_ssd_ctrl_cfg_run_01_p12_rail.csv,1.1,True,VALIDATED
596,g_chan[1].u_cdc_chw.mem[9][14]$_DFFE_PP_,clk_core,3.95,1.41,0.0001681069858644052,3.9498318930141356,setup,measured_p12_rail,orfs_ssd_ctrl_cfg_run_01_p12,measured_droop/orfs_ssd_ctrl_cfg_run_01_p12_rail.csv,1.1,True,VALIDATED
594,g_chan[1].u_cdc_chw.mem[14][14]$_DFFE_PP_,clk_core,3.95,1.41,0.00016608722113471697,3.9498339127788653,setup,measured_p12_rail,orfs_ssd_ctrl_cfg_run_01_p12,measured_droop/orfs_ssd_ctrl_cfg_run_01_p12_rail.csv,1.1,True,VALIDATED
600,g_chan[1].u_cdc_chw.mem[8][14]$_DFFE_PP_,clk_core,3.95,1.41,0.00016518957807463985,3.9498348104219256,setup,measured_p12_rail,orfs_ssd_ctrl_cfg_run_01_p12,measured_droop/orfs_ssd_ctrl_cfg_run_01_p12_rail.csv,1.1,True,VALIDATED
598,g_chan[1].u_cdc_chw.mem[13][14]$_DFFE_PP_,clk_core,3.95,1.41,0.00016406745640502873,3.949835932543595,setup,measured_p12_rail,orfs_ssd_ctrl_cfg_run_01_p12,measured_droop/orfs_ssd_ctrl_cfg_run_01_p12_rail.csv,1.1,True,VALIDATED
597,g_chan[1].u_cdc_chw.mem[12][14]$_DFFE_PP_,clk_core,3.95,1.41,0.00016406745640502873,3.949835932543595,setup,measured_p12_rail,orfs_ssd_ctrl_cfg_run_01_p12,measured_droop/orfs_ssd_ctrl_cfg_run_01_p12_rail.csv,1.1,True,VALIDATED
599,g_chan[1].u_cdc_chw.mem[10][14]$_DFFE_PP_,clk_core,3.95,1.41,0.00016249659720395104,3.9498375034027964,setup,measured_p12_rail,orfs_ssd_ctrl_cfg_run_01_p12,measured_droop/orfs_ssd_ctrl_cfg_run_01_p12_rail.csv,1.1,True,VALIDATED
602,g_chan[1].u_cdc_chw.mem[11][14]$_DFFE_PP_,clk_core,3.95,1.41,0.00016249659720395104,3.9498375034027964,setup,measured_p12_rail,orfs_ssd_ctrl_cfg_run_01_p12,measured_droop/orfs_ssd_ctrl_cfg_run_01_p12_rail.csv,1.1,True,VALIDATED
657,u_dma_fabric.rbeat_data[8]$_DFFE_PN0P_,clk_core,3.96,1.39,0.0001964747702126457,3.959803525229787,setup,measured_p12_rail,orfs_ssd_ctrl_cfg_run_01_p12,measured_droop/orfs_ssd_ctrl_cfg_run_01_p12_rail.csv,1.1,True,VALIDATED
614,g_chan[1].u_cdc_chw.mem[1][25]$_DFFE_PP_,clk_core,3.96,1.4,0.0001845775105749209,3.959815422489425,setup,measured_p12_rail,orfs_ssd_ctrl_cfg_run_01_p12,measured_droop/orfs_ssd_ctrl_cfg_run_01_p12_rail.csv,1.1,True,VALIDATED
618,g_chan[1].u_cdc_chw.mem[12][25]$_DFFE_PP_,clk_core,3.96,1.4,0.0001816807936205339,3.9598183192063794,setup,measured_p12_rail,orfs_ssd_ctrl_cfg_run_01_p12,measured_droop/orfs_ssd_ctrl_cfg_run_01_p12_rail.csv,1.1,True,VALIDATED
616,g_chan[1].u_cdc_chw.mem[14][25]$_DFFE_PP_,clk_core,3.96,1.4,0.0001816807936205339,3.9598183192063794,setup,measured_p12_rail,orfs_ssd_ctrl_cfg_run_01_p12,measured_droop/orfs_ssd_ctrl_cfg_run_01_p12_rail.csv,1.1,True,VALIDATED
615,g_chan[1].u_cdc_chw.mem[15][25]$_DFFE_PP_,clk_core,3.96,1.4,0.0001816250910260664,3.959818374908974,setup,measured_p12_rail,orfs_ssd_ctrl_cfg_run_01_p12,measured_droop/orfs_ssd_ctrl_cfg_run_01_p12_rail.csv,1.1,True,VALIDATED
620,g_chan[1].u_cdc_chw.mem[7][23]$_DFFE_PP_,clk_core,3.96,1.4,0.00017443929762268884,3.9598255607023773,setup,measured_p12_rail,orfs_ssd_ctrl_cfg_run_01_p12,measured_droop/orfs_ssd_ctrl_cfg_run_01_p12_rail.csv,1.1,True,VALIDATED
613,g_chan[1].u_cdc_chw.mem[11][23]$_DFFE_PP_,clk_core,3.96,1.4,0.00017443929762268884,3.9598255607023773,setup,measured_p12_rail,orfs_ssd_ctrl_cfg_run_01_p12,measured_droop/orfs_ssd_ctrl_cfg_run_01_p12_rail.csv,1.1,True,VALIDATED
635,c_cmd_len[15]$_DFFE_PN0N_,clk_core,3.96,1.41,0.00016943434658446554,3.9598305656534154,setup,measured_p12_rail,orfs_ssd_ctrl_cfg_run_01_p12,measured_droop/orfs_ssd_ctrl_cfg_run_01_p12_rail.csv,1.1,True,VALIDATED
637,g_chan[0].u_cdc_chw.mem[7][12]$_DFFE_PP_,clk_core,3.96,1.41,0.00016670336620686066,3.9598332966337932,setup,measured_p12_rail,orfs_ssd_ctrl_cfg_run_01_p12,measured_droop/orfs_ssd_ctrl_cfg_run_01_p12_rail.csv,1.1,True,VALIDATED
639,g_chan[0].u_cdc_chw.mem[0][12]$_DFFE_PP_,clk_core,3.96,1.4,0.00016552107282938322,3.9598344789271707,setup,measured_p12_rail,orfs_ssd_ctrl_cfg_run_01_p12,measured_droop/orfs_ssd_ctrl_cfg_run_01_p12_rail.csv,1.1,True,VALIDATED
642,g_chan[0].u_cdc_chw.mem[1][12]$_DFFE_PP_,clk_core,3.96,1.4,0.00016552107282938322,3.9598344789271707,setup,measured_p12_rail,orfs_ssd_ctrl_cfg_run_01_p12,measured_droop/orfs_ssd_ctrl_cfg_run_01_p12_rail.csv,1.1,True,VALIDATED
640,g_chan[0].u_cdc_chw.mem[2][12]$_DFFE_PP_,clk_core,3.96,1.4,0.00016552107282938322,3.9598344789271707,setup,measured_p12_rail,orfs_ssd_ctrl_cfg_run_01_p12,measured_droop/orfs_ssd_ctrl_cfg_run_01_p12_rail.csv,1.1,True,VALIDATED
628,g_chan[0].u_cdc_chw.mem[6][12]$_DFFE_PP_,clk_core,3.96,1.41,0.0001654691899174443,3.9598345308100824,setup,measured_p12_rail,orfs_ssd_ctrl_cfg_run_01_p12,measured_droop/orfs_ssd_ctrl_cfg_run_01_p12_rail.csv,1.1,True,VALIDATED
629,g_chan[0].u_cdc_chw.mem[5][12]$_DFFE_PP_,clk_core,3.96,1.41,0.0001654691899174443,3.9598345308100824,setup,measured_p12_rail,orfs_ssd_ctrl_cfg_run_01_p12,measured_droop/orfs_ssd_ctrl_cfg_run_01_p12_rail.csv,1.1,True,VALIDATED
625,g_chan[0].u_cdc_chw.mem[12][12]$_DFFE_PP_,clk_core,3.96,1.41,0.0001654691899174443,3.9598345308100824,setup,measured_p12_rail,orfs_ssd_ctrl_cfg_run_01_p12,measured_droop/orfs_ssd_ctrl_cfg_run_01_p12_rail.csv,1.1,True,VALIDATED
624,g_chan[0].u_cdc_chw.mem[4][12]$_DFFE_PP_,clk_core,3.96,1.41,0.0001654691899174443,3.9598345308100824,setup,measured_p12_rail,orfs_ssd_ctrl_cfg_run_01_p12,measured_droop/orfs_ssd_ctrl_cfg_run_01_p12_rail.csv,1.1,True,VALIDATED
619,g_chan[0].u_cdc_chw.mem[10][12]$_DFFE_PP_,clk_core,3.96,1.41,0.00016423501362802795,3.959835764986372,setup,measured_p12_rail,orfs_ssd_ctrl_cfg_run_01_p12,measured_droop/orfs_ssd_ctrl_cfg_run_01_p12_rail.csv,1.1,True,VALIDATED
617,g_chan[0].u_cdc_chw.mem[11][12]$_DFFE_PP_,clk_core,3.96,1.41,0.00016423501362802795,3.959835764986372,setup,measured_p12_rail,orfs_ssd_ctrl_cfg_run_01_p12,measured_droop/orfs_ssd_ctrl_cfg_run_01_p12_rail.csv,1.1,True,VALIDATED
623,g_chan[0].u_cdc_chw.mem[14][12]$_DFFE_PP_,clk_core,3.96,1.41,0.00016423501362802795,3.959835764986372,setup,measured_p12_rail,orfs_ssd_ctrl_cfg_run_01_p12,measured_droop/orfs_ssd_ctrl_cfg_run_01_p12_rail.csv,1.1,True,VALIDATED
622,g_chan[0].u_cdc_chw.mem[8][12]$_DFFE_PP_,clk_core,3.96,1.41,0.00016423501362802795,3.959835764986372,setup,measured_p12_rail,orfs_ssd_ctrl_cfg_run_01_p12,measured_droop/orfs_ssd_ctrl_cfg_run_01_p12_rail.csv,1.1,True,VALIDATED
627,g_chan[0].u_cdc_chw.mem[13][12]$_DFFE_PP_,clk_core,3.96,1.41,0.00016423501362802795,3.959835764986372,setup,measured_p12_rail,orfs_ssd_ctrl_cfg_run_01_p12,measured_droop/orfs_ssd_ctrl_cfg_run_01_p12_rail.csv,1.1,True,VALIDATED
626,g_chan[0].u_cdc_chw.mem[15][12]$_DFFE_PP_,clk_core,3.96,1.41,0.00016423501362802795,3.959835764986372,setup,measured_p12_rail,orfs_ssd_ctrl_cfg_run_01_p12,measured_droop/orfs_ssd_ctrl_cfg_run_01_p12_rail.csv,1.1,True,VALIDATED
621,g_chan[0].u_cdc_chw.mem[9][12]$_DFFE_PP_,clk_core,3.96,1.41,0.00016423501362802795,3.959835764986372,setup,measured_p12_rail,orfs_ssd_ctrl_cfg_run_01_p12,measured_droop/orfs_ssd_ctrl_cfg_run_01_p12_rail.csv,1.1,True,VALIDATED
641,g_chan[0].u_cdc_chw.mem[3][12]$_DFFE_PP_,clk_core,3.96,1.4,0.00016407285228239865,3.9598359271477177,setup,measured_p12_rail,orfs_ssd_ctrl_cfg_run_01_p12,measured_droop/orfs_ssd_ctrl_cfg_run_01_p12_rail.csv,1.1,True,VALIDATED
633,g_chan[1].u_cdc_chw.mem[0][12]$_DFFE_PP_,clk_core,3.96,1.4,0.0001621906205434981,3.9598378093794566,setup,measured_p12_rail,orfs_ssd_ctrl_cfg_run_01_p12,measured_droop/orfs_ssd_ctrl_cfg_run_01_p12_rail.csv,1.1,True,VALIDATED
660,g_chan[0].u_cdc_chw.mem[12][19]$_DFFE_PP_,clk_core,3.96,1.39,0.0001615196315728068,3.9598384803684272,setup,measured_p12_rail,orfs_ssd_ctrl_cfg_run_01_p12,measured_droop/orfs_ssd_ctrl_cfg_run_01_p12_rail.csv,1.1,True,VALIDATED
636,g_chan[1].u_cdc_chw.mem[3][12]$_DFFE_PP_,clk_core,3.96,1.4,0.00016134634016187754,3.9598386536598382,setup,measured_p12_rail,orfs_ssd_ctrl_cfg_run_01_p12,measured_droop/orfs_ssd_ctrl_cfg_run_01_p12_rail.csv,1.1,True,VALIDATED
631,g_chan[1].u_cdc_chw.mem[1][12]$_DFFE_PP_,clk_core,3.96,1.4,0.00016134634016187754,3.9598386536598382,setup,measured_p12_rail,orfs_ssd_ctrl_cfg_run_01_p12,measured_droop/orfs_ssd_ctrl_cfg_run_01_p12_rail.csv,1.1,True,VALIDATED
649,g_chan[1].u_cdc_chw.mem[6][12]$_DFFE_PP_,clk_core,3.96,1.39,0.0001610321161109457,3.959838967883889,setup,measured_p12_rail,orfs_ssd_ctrl_cfg_run_01_p12,measured_droop/orfs_ssd_ctrl_cfg_run_01_p12_rail.csv,1.1,True,VALIDATED
634,g_chan[1].u_cdc_chw.mem[2][12]$_DFFE_PP_,clk_core,3.96,1.4,0.000160502059780257,3.95983949794022,setup,measured_p12_rail,orfs_ssd_ctrl_cfg_run_01_p12,measured_droop/orfs_ssd_ctrl_cfg_run_01_p12_rail.csv,1.1,True,VALIDATED
647,g_chan[1].u_cdc_chw.mem[5][12]$_DFFE_PP_,clk_core,3.96,1.39,0.00016019386630347632,3.9598398061336963,setup,measured_p12_rail,orfs_ssd_ctrl_cfg_run_01_p12,measured_droop/orfs_ssd_ctrl_cfg_run_01_p12_rail.csv,1.1,True,VALIDATED
652,g_chan[1].u_cdc_chw.mem[7][12]$_DFFE_PP_,clk_core,3.96,1.39,0.00016019386630347632,3.9598398061336963,setup,measured_p12_rail,orfs_ssd_ctrl_cfg_run_01_p12,measured_droop/orfs_ssd_ctrl_cfg_run_01_p12_rail.csv,1.1,True,VALIDATED
648,g_chan[1].u_cdc_chw.mem[4][12]$_DFFE_PP_,clk_core,3.96,1.39,0.00016019386630347632,3.9598398061336963,setup,measured_p12_rail,orfs_ssd_ctrl_cfg_run_01_p12,measured_droop/orfs_ssd_ctrl_cfg_run_01_p12_rail.csv,1.1,True,VALIDATED
638,g_chan[0].u_cdc_chw.mem[7][16]$_DFFE_PP_,clk_core,3.96,1.4,0.00015622041254044483,3.9598437795874597,setup,measured_p12_rail,orfs_ssd_ctrl_cfg_run_01_p12,measured_droop/orfs_ssd_ctrl_cfg_run_01_p12_rail.csv,1.1,True,VALIDATED
644,g_chan[0].u_cdc_chw.mem[6][16]$_DFFE_PP_,clk_core,3.96,1.4,0.00015622041254044483,3.9598437795874597,setup,measured_p12_rail,orfs_ssd_ctrl_cfg_run_01_p12,measured_droop/orfs_ssd_ctrl_cfg_run_01_p12_rail.csv,1.1,True,VALIDATED
650,g_chan[0].u_cdc_chw.mem[11][16]$_DFFE_PP_,clk_core,3.96,1.4,0.00015577479191818122,3.959844225208082,setup,measured_p12_rail,orfs_ssd_ctrl_cfg_run_01_p12,measured_droop/orfs_ssd_ctrl_cfg_run_01_p12_rail.csv,1.1,True,VALIDATED
654,g_chan[0].u_cdc_chw.mem[14][16]$_DFFE_PP_,clk_core,3.96,1.4,0.00015577479191818122,3.959844225208082,setup,measured_p12_rail,orfs_ssd_ctrl_cfg_run_01_p12,measured_droop/orfs_ssd_ctrl_cfg_run_01_p12_rail.csv,1.1,True,VALIDATED
651,g_chan[0].u_cdc_chw.mem[3][16]$_DFFE_PP_,clk_core,3.96,1.4,0.00015555200626475585,3.9598444479937354,setup,measured_p12_rail,orfs_ssd_ctrl_cfg_run_01_p12,measured_droop/orfs_ssd_ctrl_cfg_run_01_p12_rail.csv,1.1,True,VALIDATED
632,g_chan[0].u_cdc_chw.mem[5][16]$_DFFE_PP_,clk_core,3.96,1.4,0.00015555200626475585,3.9598444479937354,setup,measured_p12_rail,orfs_ssd_ctrl_cfg_run_01_p12,measured_droop/orfs_ssd_ctrl_cfg_run_01_p12_rail.csv,1.1,True,VALIDATED
630,g_chan[0].u_cdc_chw.mem[4][16]$_DFFE_PP_,clk_core,3.96,1.4,0.00015555200626475585,3.9598444479937354,setup,measured_p12_rail,orfs_ssd_ctrl_cfg_run_01_p12,measured_droop/orfs_ssd_ctrl_cfg_run_01_p12_rail.csv,1.1,True,VALIDATED
658,g_chan[0].u_cdc_chw.mem[2][16]$_DFFE_PP_,clk_core,3.96,1.4,0.00015555200626475585,3.9598444479937354,setup,measured_p12_rail,orfs_ssd_ctrl_cfg_run_01_p12,measured_droop/orfs_ssd_ctrl_cfg_run_01_p12_rail.csv,1.1,True,VALIDATED
661,g_chan[0].u_cdc_chw.mem[0][16]$_DFFE_PP_,clk_core,3.96,1.4,0.00015555200626475585,3.9598444479937354,setup,measured_p12_rail,orfs_ssd_ctrl_cfg_run_01_p12,measured_droop/orfs_ssd_ctrl_cfg_run_01_p12_rail.csv,1.1,True,VALIDATED
656,g_chan[0].u_cdc_chw.mem[1][16]$_DFFE_PP_,clk_core,3.96,1.4,0.00015555200626475585,3.9598444479937354,setup,measured_p12_rail,orfs_ssd_ctrl_cfg_run_01_p12,measured_droop/orfs_ssd_ctrl_cfg_run_01_p12_rail.csv,1.1,True,VALIDATED
645,g_chan[0].u_cdc_chw.mem[8][16]$_DFFE_PP_,clk_core,3.96,1.4,0.00015505068598818672,3.9598449493140118,setup,measured_p12_rail,orfs_ssd_ctrl_cfg_run_01_p12,measured_droop/orfs_ssd_ctrl_cfg_run_01_p12_rail.csv,1.1,True,VALIDATED
643,g_chan[0].u_cdc_chw.mem[12][16]$_DFFE_PP_,clk_core,3.96,1.4,0.00015505068598818672,3.9598449493140118,setup,measured_p12_rail,orfs_ssd_ctrl_cfg_run_01_p12,measured_droop/orfs_ssd_ctrl_cfg_run_01_p12_rail.csv,1.1,True,VALIDATED
646,g_chan[0].u_cdc_chw.mem[9][16]$_DFFE_PP_,clk_core,3.96,1.4,0.00015505068598818672,3.9598449493140118,setup,measured_p12_rail,orfs_ssd_ctrl_cfg_run_01_p12,measured_droop/orfs_ssd_ctrl_cfg_run_01_p12_rail.csv,1.1,True,VALIDATED
655,g_chan[0].u_cdc_chw.mem[13][16]$_DFFE_PP_,clk_core,3.96,1.4,0.00015505068598818672,3.9598449493140118,setup,measured_p12_rail,orfs_ssd_ctrl_cfg_run_01_p12,measured_droop/orfs_ssd_ctrl_cfg_run_01_p12_rail.csv,1.1,True,VALIDATED
659,g_chan[0].u_cdc_chw.mem[10][16]$_DFFE_PP_,clk_core,3.96,1.4,0.00015505068598818672,3.9598449493140118,setup,measured_p12_rail,orfs_ssd_ctrl_cfg_run_01_p12,measured_droop/orfs_ssd_ctrl_cfg_run_01_p12_rail.csv,1.1,True,VALIDATED
653,g_chan[0].u_cdc_chw.mem[15][16]$_DFFE_PP_,clk_core,3.96,1.4,0.00015505068598818672,3.9598449493140118,setup,measured_p12_rail,orfs_ssd_ctrl_cfg_run_01_p12,measured_droop/orfs_ssd_ctrl_cfg_run_01_p12_rail.csv,1.1,True,VALIDATED
685,u_dma_fabric.rbeat_data[11]$_DFFE_PN0P_,clk_core,3.97,1.38,0.0001790258258504429,3.9698209741741497,setup,measured_p12_rail,orfs_ssd_ctrl_cfg_run_01_p12,measured_droop/orfs_ssd_ctrl_cfg_run_01_p12_rail.csv,1.1,True,VALIDATED
687,g_chan[1].u_cdc_chw.mem[2][16]$_DFFE_PP_,clk_core,3.97,1.39,0.00016478336964641238,3.969835216630354,setup,measured_p12_rail,orfs_ssd_ctrl_cfg_run_01_p12,measured_droop/orfs_ssd_ctrl_cfg_run_01_p12_rail.csv,1.1,True,VALIDATED
684,g_chan[1].u_cdc_chw.mem[8][19]$_DFFE_PP_,clk_core,3.97,1.38,0.00016431122083072902,3.9698356887791695,setup,measured_p12_rail,orfs_ssd_ctrl_cfg_run_01_p12,measured_droop/orfs_ssd_ctrl_cfg_run_01_p12_rail.csv,1.1,True,VALIDATED
683,g_chan[1].u_cdc_chw.mem[11][19]$_DFFE_PP_,clk_core,3.97,1.38,0.00016431122083072902,3.9698356887791695,setup,measured_p12_rail,orfs_ssd_ctrl_cfg_run_01_p12,measured_droop/orfs_ssd_ctrl_cfg_run_01_p12_rail.csv,1.1,True,VALIDATED
681,g_chan[1].u_cdc_chw.mem[11][16]$_DFFE_PP_,clk_core,3.97,1.38,0.00016266432573797118,3.9698373356742622,setup,measured_p12_rail,orfs_ssd_ctrl_cfg_run_01_p12,measured_droop/orfs_ssd_ctrl_cfg_run_01_p12_rail.csv,1.1,True,VALIDATED
678,g_chan[0].u_cdc_chw.mem[13][19]$_DFFE_PP_,clk_core,3.97,1.39,0.000160745340429716,3.9698392546595707,setup,measured_p12_rail,orfs_ssd_ctrl_cfg_run_01_p12,measured_droop/orfs_ssd_ctrl_cfg_run_01_p12_rail.csv,1.1,True,VALIDATED
662,g_chan[0].u_cdc_chw.mem[2][19]$_DFFE_PP_,clk_core,3.97,1.4,0.00016006354291644986,3.9698399364570838,setup,measured_p12_rail,orfs_ssd_ctrl_cfg_run_01_p12,measured_droop/orfs_ssd_ctrl_cfg_run_01_p12_rail.csv,1.1,True,VALIDATED
674,g_chan[0].u_cdc_chw.mem[14][19]$_DFFE_PP_,clk_core,3.97,1.39,0.0001599710492866252,3.9698400289507134,setup,measured_p12_rail,orfs_ssd_ctrl_cfg_run_01_p12,measured_droop/orfs_ssd_ctrl_cfg_run_01_p12_rail.csv,1.1,True,VALIDATED
673,g_chan[0].u_cdc_chw.mem[8][19]$_DFFE_PP_,clk_core,3.97,1.39,0.0001599710492866252,3.9698400289507134,setup,measured_p12_rail,orfs_ssd_ctrl_cfg_run_01_p12,measured_droop/orfs_ssd_ctrl_cfg_run_01_p12_rail.csv,1.1,True,VALIDATED
679,g_chan[0].u_cdc_chw.mem[15][19]$_DFFE_PP_,clk_core,3.97,1.39,0.0001591967581435344,3.9698408032418566,setup,measured_p12_rail,orfs_ssd_ctrl_cfg_run_01_p12,measured_droop/orfs_ssd_ctrl_cfg_run_01_p12_rail.csv,1.1,True,VALIDATED
680,g_chan[0].u_cdc_chw.mem[9][19]$_DFFE_PP_,clk_core,3.97,1.39,0.0001591967581435344,3.9698408032418566,setup,measured_p12_rail,orfs_ssd_ctrl_cfg_run_01_p12,measured_droop/orfs_ssd_ctrl_cfg_run_01_p12_rail.csv,1.1,True,VALIDATED
668,g_chan[0].u_cdc_chw.mem[5][19]$_DFFE_PP_,clk_core,3.97,1.39,0.0001591967581435344,3.9698408032418566,setup,measured_p12_rail,orfs_ssd_ctrl_cfg_run_01_p12,measured_droop/orfs_ssd_ctrl_cfg_run_01_p12_rail.csv,1.1,True,VALIDATED
667,g_chan[0].u_cdc_chw.mem[1][19]$_DFFE_PP_,clk_core,3.97,1.39,0.0001591967581435344,3.9698408032418566,setup,measured_p12_rail,orfs_ssd_ctrl_cfg_run_01_p12,measured_droop/orfs_ssd_ctrl_cfg_run_01_p12_rail.csv,1.1,True,VALIDATED
663,g_chan[0].u_cdc_chw.mem[11][19]$_DFFE_PP_,clk_core,3.97,1.39,0.0001591967581435344,3.9698408032418566,setup,measured_p12_rail,orfs_ssd_ctrl_cfg_run_01_p12,measured_droop/orfs_ssd_ctrl_cfg_run_01_p12_rail.csv,1.1,True,VALIDATED
675,g_chan[0].u_cdc_chw.mem[10][19]$_DFFE_PP_,clk_core,3.97,1.39,0.0001591967581435344,3.9698408032418566,setup,measured_p12_rail,orfs_ssd_ctrl_cfg_run_01_p12,measured_droop/orfs_ssd_ctrl_cfg_run_01_p12_rail.csv,1.1,True,VALIDATED
670,g_chan[0].u_cdc_chw.mem[4][19]$_DFFE_PP_,clk_core,3.97,1.39,0.0001591967581435344,3.9698408032418566,setup,measured_p12_rail,orfs_ssd_ctrl_cfg_run_01_p12,measured_droop/orfs_ssd_ctrl_cfg_run_01_p12_rail.csv,1.1,True,VALIDATED
669,g_chan[0].u_cdc_chw.mem[0][19]$_DFFE_PP_,clk_core,3.97,1.39,0.0001591967581435344,3.9698408032418566,setup,measured_p12_rail,orfs_ssd_ctrl_cfg_run_01_p12,measured_droop/orfs_ssd_ctrl_cfg_run_01_p12_rail.csv,1.1,True,VALIDATED
666,g_chan[0].u_cdc_chw.mem[3][19]$_DFFE_PP_,clk_core,3.97,1.39,0.00015892023189563453,3.9698410797681047,setup,measured_p12_rail,orfs_ssd_ctrl_cfg_run_01_p12,measured_droop/orfs_ssd_ctrl_cfg_run_01_p12_rail.csv,1.1,True,VALIDATED
672,g_chan[0].u_cdc_chw.mem[7][19]$_DFFE_PP_,clk_core,3.97,1.39,0.00015892023189563453,3.9698410797681047,setup,measured_p12_rail,orfs_ssd_ctrl_cfg_run_01_p12,measured_droop/orfs_ssd_ctrl_cfg_run_01_p12_rail.csv,1.1,True,VALIDATED
671,g_chan[0].u_cdc_chw.mem[6][19]$_DFFE_PP_,clk_core,3.97,1.39,0.00015864370564773467,3.9698413562943524,setup,measured_p12_rail,orfs_ssd_ctrl_cfg_run_01_p12,measured_droop/orfs_ssd_ctrl_cfg_run_01_p12_rail.csv,1.1,True,VALIDATED
664,g_chan[1].u_cdc_chw.mem[14][17]$_DFFE_PP_,clk_core,3.97,1.39,0.00015858867599942428,3.969841411324001,setup,measured_p12_rail,orfs_ssd_ctrl_cfg_run_01_p12,measured_droop/orfs_ssd_ctrl_cfg_run_01_p12_rail.csv,1.1,True,VALIDATED
665,g_chan[1].u_cdc_chw.mem[15][17]$_DFFE_PP_,clk_core,3.97,1.39,0.00015858867599942428,3.969841411324001,setup,measured_p12_rail,orfs_ssd_ctrl_cfg_run_01_p12,measured_droop/orfs_ssd_ctrl_cfg_run_01_p12_rail.csv,1.1,True,VALIDATED
689,g_chan[1].u_cdc_chw.mem[0][16]$_DFFE_PP_,clk_core,3.97,1.39,0.00015737239506456724,3.9698426276049354,setup,measured_p12_rail,orfs_ssd_ctrl_cfg_run_01_p12,measured_droop/orfs_ssd_ctrl_cfg_run_01_p12_rail.csv,1.1,True,VALIDATED
686,g_chan[1].u_cdc_chw.mem[3][16]$_DFFE_PP_,clk_core,3.97,1.39,0.00015737239506456724,3.9698426276049354,setup,measured_p12_rail,orfs_ssd_ctrl_cfg_run_01_p12,measured_droop/orfs_ssd_ctrl_cfg_run_01_p12_rail.csv,1.1,True,VALIDATED
682,g_chan[1].u_cdc_chw.mem[4][19]$_DFFE_PP_,clk_core,3.97,1.38,0.00015563583552154203,3.9698443641644787,setup,measured_p12_rail,orfs_ssd_ctrl_cfg_run_01_p12,measured_droop/orfs_ssd_ctrl_cfg_run_01_p12_rail.csv,1.1,True,VALIDATED
676,g_chan[1].u_cdc_chw.mem[1][19]$_DFFE_PP_,clk_core,3.97,1.38,0.00015563583552154203,3.9698443641644787,setup,measured_p12_rail,orfs_ssd_ctrl_cfg_run_01_p12,measured_droop/orfs_ssd_ctrl_cfg_run_01_p12_rail.csv,1.1,True,VALIDATED
677,g_chan[1].u_cdc_chw.mem[0][19]$_DFFE_PP_,clk_core,3.97,1.38,0.00015563583552154203,3.9698443641644787,setup,measured_p12_rail,orfs_ssd_ctrl_cfg_run_01_p12,measured_droop/orfs_ssd_ctrl_cfg_run_01_p12_rail.csv,1.1,True,VALIDATED
688,g_chan[1].u_cdc_chw.mem[4][16]$_DFFE_PP_,clk_core,3.97,1.38,0.0001539889404287842,3.9698460110595715,setup,measured_p12_rail,orfs_ssd_ctrl_cfg_run_01_p12,measured_droop/orfs_ssd_ctrl_cfg_run_01_p12_rail.csv,1.1,True,VALIDATED
702,c_cmd_opcode[5]$_DFFE_PN0N_,clk_core,3.98,1.39,0.00020181789299096586,3.979798182107009,setup,measured_p12_rail,orfs_ssd_ctrl_cfg_run_01_p12,measured_droop/orfs_ssd_ctrl_cfg_run_01_p12_rail.csv,1.1,True,VALIDATED
703,c_cmd_addr[19]$_DFFE_PN0N_,clk_core,3.98,1.39,0.00019549413618641376,3.9798045058638136,setup,measured_p12_rail,orfs_ssd_ctrl_cfg_run_01_p12,measured_droop/orfs_ssd_ctrl_cfg_run_01_p12_rail.csv,1.1,True,VALIDATED
701,g_chan[1].u_cdc_chw.mem[9][19]$_DFFE_PP_,clk_core,3.98,1.38,0.0001622795408942196,3.9798377204591056,setup,measured_p12_rail,orfs_ssd_ctrl_cfg_run_01_p12,measured_droop/orfs_ssd_ctrl_cfg_run_01_p12_rail.csv,1.1,True,VALIDATED
692,g_chan[1].u_cdc_chw.mem[2][19]$_DFFE_PP_,clk_core,3.98,1.38,0.00015893019947624265,3.9798410698005235,setup,measured_p12_rail,orfs_ssd_ctrl_cfg_run_01_p12,measured_droop/orfs_ssd_ctrl_cfg_run_01_p12_rail.csv,1.1,True,VALIDATED
693,g_chan[1].u_cdc_chw.mem[9][16]$_DFFE_PP_,clk_core,3.98,1.38,0.0001583266330833777,3.9798416733669164,setup,measured_p12_rail,orfs_ssd_ctrl_cfg_run_01_p12,measured_droop/orfs_ssd_ctrl_cfg_run_01_p12_rail.csv,1.1,True,VALIDATED
694,g_chan[1].u_cdc_chw.mem[8][16]$_DFFE_PP_,clk_core,3.98,1.38,0.0001583266330833777,3.9798416733669164,setup,measured_p12_rail,orfs_ssd_ctrl_cfg_run_01_p12,measured_droop/orfs_ssd_ctrl_cfg_run_01_p12_rail.csv,1.1,True,VALIDATED
700,g_chan[1].u_cdc_chw.mem[7][19]$_DFFE_PP_,clk_core,3.98,1.38,0.0001578871146532962,3.9798421128853465,setup,measured_p12_rail,orfs_ssd_ctrl_cfg_run_01_p12,measured_droop/orfs_ssd_ctrl_cfg_run_01_p12_rail.csv,1.1,True,VALIDATED
696,g_chan[1].u_cdc_chw.mem[6][19]$_DFFE_PP_,clk_core,3.98,1.38,0.0001578871146532962,3.9798421128853465,setup,measured_p12_rail,orfs_ssd_ctrl_cfg_run_01_p12,measured_droop/orfs_ssd_ctrl_cfg_run_01_p12_rail.csv,1.1,True,VALIDATED
698,g_chan[1].u_cdc_chw.mem[3][19]$_DFFE_PP_,clk_core,3.98,1.38,0.00015739298863290396,3.979842607011367,setup,measured_p12_rail,orfs_ssd_ctrl_cfg_run_01_p12,measured_droop/orfs_ssd_ctrl_cfg_run_01_p12_rail.csv,1.1,True,VALIDATED
690,g_chan[1].u_cdc_chw.mem[1][16]$_DFFE_PP_,clk_core,3.98,1.39,0.00015687468842083552,3.979843125311579,setup,measured_p12_rail,orfs_ssd_ctrl_cfg_run_01_p12,measured_droop/orfs_ssd_ctrl_cfg_run_01_p12_rail.csv,1.1,True,VALIDATED
697,g_chan[1].u_cdc_chw.mem[6][16]$_DFFE_PP_,clk_core,3.98,1.38,0.00015574609354014612,3.97984425390646,setup,measured_p12_rail,orfs_ssd_ctrl_cfg_run_01_p12,measured_droop/orfs_ssd_ctrl_cfg_run_01_p12_rail.csv,1.1,True,VALIDATED
699,g_chan[1].u_cdc_chw.mem[7][16]$_DFFE_PP_,clk_core,3.98,1.38,0.00015574609354014612,3.97984425390646,setup,measured_p12_rail,orfs_ssd_ctrl_cfg_run_01_p12,measured_droop/orfs_ssd_ctrl_cfg_run_01_p12_rail.csv,1.1,True,VALIDATED
695,g_chan[1].u_cdc_chw.mem[5][19]$_DFFE_PP_,clk_core,3.98,1.38,0.00015563583552154203,3.9798443641644785,setup,measured_p12_rail,orfs_ssd_ctrl_cfg_run_01_p12,measured_droop/orfs_ssd_ctrl_cfg_run_01_p12_rail.csv,1.1,True,VALIDATED
691,g_chan[1].u_cdc_chw.mem[5][16]$_DFFE_PP_,clk_core,3.98,1.38,0.0001539889404287842,3.9798460110595713,setup,measured_p12_rail,orfs_ssd_ctrl_cfg_run_01_p12,measured_droop/orfs_ssd_ctrl_cfg_run_01_p12_rail.csv,1.1,True,VALIDATED
704,c_cmd_addr[14]$_DFFE_PN0N_,clk_core,3.99,1.38,0.00019176174188482997,3.9898082382581155,setup,measured_p12_rail,orfs_ssd_ctrl_cfg_run_01_p12,measured_droop/orfs_ssd_ctrl_cfg_run_01_p12_rail.csv,1.1,True,VALIDATED
706,u_dma_fabric.rbeat_data[25]$_DFFE_PN0P_,clk_core,3.99,1.36,0.00018752618076166294,3.9898124738192386,setup,measured_p12_rail,orfs_ssd_ctrl_cfg_run_01_p12,measured_droop/orfs_ssd_ctrl_cfg_run_01_p12_rail.csv,1.1,True,VALIDATED
705,u_dma_fabric.rbeat_data[31]$_DFFE_PN0P_,clk_core,3.99,1.36,0.00017838191294622385,3.989821618087054,setup,measured_p12_rail,orfs_ssd_ctrl_cfg_run_01_p12,measured_droop/orfs_ssd_ctrl_cfg_run_01_p12_rail.csv,1.1,True,VALIDATED
707,c_cmd_len[12]$_DFFE_PN0N_,clk_core,3.99,1.38,0.00016823011785339903,3.9898317698821466,setup,measured_p12_rail,orfs_ssd_ctrl_cfg_run_01_p12,measured_droop/orfs_ssd_ctrl_cfg_run_01_p12_rail.csv,1.1,True,VALIDATED
709,u_dma_fabric.rbeat_data[22]$_DFFE_PN0P_,clk_core,4.0,1.35,0.00020963007095559094,3.9997903699290442,setup,measured_p12_rail,orfs_ssd_ctrl_cfg_run_01_p12,measured_droop/orfs_ssd_ctrl_cfg_run_01_p12_rail.csv,1.1,True,VALIDATED
708,c_cmd_len[25]$_DFFE_PN0N_,clk_core,4.0,1.38,0.000170300636399362,3.9998296993636004,setup,measured_p12_rail,orfs_ssd_ctrl_cfg_run_01_p12,measured_droop/orfs_ssd_ctrl_cfg_run_01_p12_rail.csv,1.1,True,VALIDATED
713,u_dma_fabric.rbeat_data[24]$_DFFE_PN0P_,clk_core,4.01,1.34,0.0002190570753720783,4.009780942924627,setup,measured_p12_rail,orfs_ssd_ctrl_cfg_run_01_p12,measured_droop/orfs_ssd_ctrl_cfg_run_01_p12_rail.csv,1.1,True,VALIDATED
712,u_dma_fabric.rbeat_data[6]$_DFFE_PN0P_,clk_core,4.01,1.34,0.00019121997806190172,4.009808780021938,setup,measured_p12_rail,orfs_ssd_ctrl_cfg_run_01_p12,measured_droop/orfs_ssd_ctrl_cfg_run_01_p12_rail.csv,1.1,True,VALIDATED
714,c_cmd_len[6]$_DFFE_PN0N_,clk_core,4.01,1.35,0.00017685923207363952,4.009823140767926,setup,measured_p12_rail,orfs_ssd_ctrl_cfg_run_01_p12,measured_droop/orfs_ssd_ctrl_cfg_run_01_p12_rail.csv,1.1,True,VALIDATED
711,u_dma_fabric.rbeat_data[15]$_DFFE_PN0P_,clk_core,4.01,1.34,0.0001712187028517359,4.0098287812971485,setup,measured_p12_rail,orfs_ssd_ctrl_cfg_run_01_p12,measured_droop/orfs_ssd_ctrl_cfg_run_01_p12_rail.csv,1.1,True,VALIDATED
710,u_dma_fabric.rbeat_data[9]$_DFFE_PN0P_,clk_core,4.01,1.34,0.0001696134457564169,4.009830386554244,setup,measured_p12_rail,orfs_ssd_ctrl_cfg_run_01_p12,measured_droop/orfs_ssd_ctrl_cfg_run_01_p12_rail.csv,1.1,True,VALIDATED
731,g_chan[0].u_cdc_chw.mem[13][22]$_DFFE_PP_,clk_core,4.02,1.33,0.00019071167692595592,4.019809288323073,setup,measured_p12_rail,orfs_ssd_ctrl_cfg_run_01_p12,measured_droop/orfs_ssd_ctrl_cfg_run_01_p12_rail.csv,1.1,True,VALIDATED
734,g_chan[0].u_cdc_chw.mem[12][22]$_DFFE_PP_,clk_core,4.02,1.33,0.00019071167692595592,4.019809288323073,setup,measured_p12_rail,orfs_ssd_ctrl_cfg_run_01_p12,measured_droop/orfs_ssd_ctrl_cfg_run_01_p12_rail.csv,1.1,True,VALIDATED
733,g_chan[0].u_cdc_chw.mem[9][22]$_DFFE_PP_,clk_core,4.02,1.33,0.00018785416810744582,4.019812145831892,setup,measured_p12_rail,orfs_ssd_ctrl_cfg_run_01_p12,measured_droop/orfs_ssd_ctrl_cfg_run_01_p12_rail.csv,1.1,True,VALIDATED
736,g_chan[0].u_cdc_chw.mem[3][22]$_DFFE_PP_,clk_core,4.02,1.33,0.00018785416810744582,4.019812145831892,setup,measured_p12_rail,orfs_ssd_ctrl_cfg_run_01_p12,measured_droop/orfs_ssd_ctrl_cfg_run_01_p12_rail.csv,1.1,True,VALIDATED
735,g_chan[0].u_cdc_chw.mem[1][22]$_DFFE_PP_,clk_core,4.02,1.33,0.00018785416810744582,4.019812145831892,setup,measured_p12_rail,orfs_ssd_ctrl_cfg_run_01_p12,measured_droop/orfs_ssd_ctrl_cfg_run_01_p12_rail.csv,1.1,True,VALIDATED
732,g_chan[0].u_cdc_chw.mem[0][22]$_DFFE_PP_,clk_core,4.02,1.33,0.00018785416810744582,4.019812145831892,setup,measured_p12_rail,orfs_ssd_ctrl_cfg_run_01_p12,measured_droop/orfs_ssd_ctrl_cfg_run_01_p12_rail.csv,1.1,True,VALIDATED
728,g_chan[1].u_cdc_chw.mem[2][24]$_DFFE_PP_,clk_core,4.02,1.33,0.00016437401518168415,4.019835625984818,setup,measured_p12_rail,orfs_ssd_ctrl_cfg_run_01_p12,measured_droop/orfs_ssd_ctrl_cfg_run_01_p12_rail.csv,1.1,True,VALIDATED
726,g_chan[1].u_cdc_chw.mem[3][24]$_DFFE_PP_,clk_core,4.02,1.33,0.00016437401518168415,4.019835625984818,setup,measured_p12_rail,orfs_ssd_ctrl_cfg_run_01_p12,measured_droop/orfs_ssd_ctrl_cfg_run_01_p12_rail.csv,1.1,True,VALIDATED
725,g_chan[1].u_cdc_chw.mem[4][24]$_DFFE_PP_,clk_core,4.02,1.33,0.0001638136890867864,4.019836186310913,setup,measured_p12_rail,orfs_ssd_ctrl_cfg_run_01_p12,measured_droop/orfs_ssd_ctrl_cfg_run_01_p12_rail.csv,1.1,True,VALIDATED
729,g_chan[1].u_cdc_chw.mem[5][24]$_DFFE_PP_,clk_core,4.02,1.33,0.0001638136890867864,4.019836186310913,setup,measured_p12_rail,orfs_ssd_ctrl_cfg_run_01_p12,measured_droop/orfs_ssd_ctrl_cfg_run_01_p12_rail.csv,1.1,True,VALIDATED
730,g_chan[1].u_cdc_chw.mem[0][24]$_DFFE_PP_,clk_core,4.02,1.33,0.00016325336299188864,4.019836746637008,setup,measured_p12_rail,orfs_ssd_ctrl_cfg_run_01_p12,measured_droop/orfs_ssd_ctrl_cfg_run_01_p12_rail.csv,1.1,True,VALIDATED
727,g_chan[1].u_cdc_chw.mem[1][24]$_DFFE_PP_,clk_core,4.02,1.33,0.00016325336299188864,4.019836746637008,setup,measured_p12_rail,orfs_ssd_ctrl_cfg_run_01_p12,measured_droop/orfs_ssd_ctrl_cfg_run_01_p12_rail.csv,1.1,True,VALIDATED
715,g_chan[1].u_cdc_chw.mem[10][24]$_DFFE_PP_,clk_core,4.02,1.33,0.00016246894719637583,4.019837531052803,setup,measured_p12_rail,orfs_ssd_ctrl_cfg_run_01_p12,measured_droop/orfs_ssd_ctrl_cfg_run_01_p12_rail.csv,1.1,True,VALIDATED
717,g_chan[1].u_cdc_chw.mem[9][24]$_DFFE_PP_,clk_core,4.02,1.33,0.00016246894719637583,4.019837531052803,setup,measured_p12_rail,orfs_ssd_ctrl_cfg_run_01_p12,measured_droop/orfs_ssd_ctrl_cfg_run_01_p12_rail.csv,1.1,True,VALIDATED
719,g_chan[1].u_cdc_chw.mem[8][24]$_DFFE_PP_,clk_core,4.02,1.33,0.00016246894719637583,4.019837531052803,setup,measured_p12_rail,orfs_ssd_ctrl_cfg_run_01_p12,measured_droop/orfs_ssd_ctrl_cfg_run_01_p12_rail.csv,1.1,True,VALIDATED
716,g_chan[1].u_cdc_chw.mem[11][24]$_DFFE_PP_,clk_core,4.02,1.33,0.00016246894719637583,4.019837531052803,setup,measured_p12_rail,orfs_ssd_ctrl_cfg_run_01_p12,measured_droop/orfs_ssd_ctrl_cfg_run_01_p12_rail.csv,1.1,True,VALIDATED
718,g_chan[1].u_cdc_chw.mem[15][24]$_DFFE_PP_,clk_core,4.02,1.33,0.0001623568860106006,4.019837643113989,setup,measured_p12_rail,orfs_ssd_ctrl_cfg_run_01_p12,measured_droop/orfs_ssd_ctrl_cfg_run_01_p12_rail.csv,1.1,True,VALIDATED
720,g_chan[1].u_cdc_chw.mem[14][24]$_DFFE_PP_,clk_core,4.02,1.33,0.0001623568860106006,4.019837643113989,setup,measured_p12_rail,orfs_ssd_ctrl_cfg_run_01_p12,measured_droop/orfs_ssd_ctrl_cfg_run_01_p12_rail.csv,1.1,True,VALIDATED
724,g_chan[1].u_cdc_chw.mem[13][24]$_DFFE_PP_,clk_core,4.02,1.33,0.00016224479901066902,4.019837755200989,setup,measured_p12_rail,orfs_ssd_ctrl_cfg_run_01_p12,measured_droop/orfs_ssd_ctrl_cfg_run_01_p12_rail.csv,1.1,True,VALIDATED
723,g_chan[1].u_cdc_chw.mem[12][24]$_DFFE_PP_,clk_core,4.02,1.33,0.00016224479901066902,4.019837755200989,setup,measured_p12_rail,orfs_ssd_ctrl_cfg_run_01_p12,measured_droop/orfs_ssd_ctrl_cfg_run_01_p12_rail.csv,1.1,True,VALIDATED
722,g_chan[1].u_cdc_chw.mem[6][24]$_DFFE_PP_,clk_core,4.02,1.33,0.0001613732454574801,4.0198386267545425,setup,measured_p12_rail,orfs_ssd_ctrl_cfg_run_01_p12,measured_droop/orfs_ssd_ctrl_cfg_run_01_p12_rail.csv,1.1,True,VALIDATED
721,g_chan[1].u_cdc_chw.mem[7][24]$_DFFE_PP_,clk_core,4.02,1.33,0.0001613732454574801,4.0198386267545425,setup,measured_p12_rail,orfs_ssd_ctrl_cfg_run_01_p12,measured_droop/orfs_ssd_ctrl_cfg_run_01_p12_rail.csv,1.1,True,VALIDATED
740,c_cmd_addr[0]$_DFFE_PN0N_,clk_core,4.03,1.34,0.0002067483529800962,4.02979325164702,setup,measured_p12_rail,orfs_ssd_ctrl_cfg_run_01_p12,measured_droop/orfs_ssd_ctrl_cfg_run_01_p12_rail.csv,1.1,True,VALIDATED
743,u_dma_fabric.rbeat_data[28]$_DFFE_PN0P_,clk_core,4.03,1.32,0.00019427869319406377,4.029805721306806,setup,measured_p12_rail,orfs_ssd_ctrl_cfg_run_01_p12,measured_droop/orfs_ssd_ctrl_cfg_run_01_p12_rail.csv,1.1,True,VALIDATED
741,g_chan[0].u_cdc_chw.mem[14][22]$_DFFE_PP_,clk_core,4.03,1.33,0.00019356918574446602,4.029806430814256,setup,measured_p12_rail,orfs_ssd_ctrl_cfg_run_01_p12,measured_droop/orfs_ssd_ctrl_cfg_run_01_p12_rail.csv,1.1,True,VALIDATED
742,g_chan[0].u_cdc_chw.mem[15][22]$_DFFE_PP_,clk_core,4.03,1.33,0.00019356918574446602,4.029806430814256,setup,measured_p12_rail,orfs_ssd_ctrl_cfg_run_01_p12,measured_droop/orfs_ssd_ctrl_cfg_run_01_p12_rail.csv,1.1,True,VALIDATED
752,g_chan[1].u_cdc_chw.mem[4][22]$_DFFE_PP_,clk_core,4.03,1.32,0.00019266994042128893,4.029807330059579,setup,measured_p12_rail,orfs_ssd_ctrl_cfg_run_01_p12,measured_droop/orfs_ssd_ctrl_cfg_run_01_p12_rail.csv,1.1,True,VALIDATED
748,g_chan[0].u_cdc_chw.mem[5][22]$_DFFE_PP_,clk_core,4.03,1.33,0.00019043149015410266,4.0298095685098465,setup,measured_p12_rail,orfs_ssd_ctrl_cfg_run_01_p12,measured_droop/orfs_ssd_ctrl_cfg_run_01_p12_rail.csv,1.1,True,VALIDATED
747,g_chan[0].u_cdc_chw.mem[6][22]$_DFFE_PP_,clk_core,4.03,1.33,0.00019043149015410266,4.0298095685098465,setup,measured_p12_rail,orfs_ssd_ctrl_cfg_run_01_p12,measured_droop/orfs_ssd_ctrl_cfg_run_01_p12_rail.csv,1.1,True,VALIDATED
746,g_chan[0].u_cdc_chw.mem[4][22]$_DFFE_PP_,clk_core,4.03,1.33,0.00019043149015410266,4.0298095685098465,setup,measured_p12_rail,orfs_ssd_ctrl_cfg_run_01_p12,measured_droop/orfs_ssd_ctrl_cfg_run_01_p12_rail.csv,1.1,True,VALIDATED
745,g_chan[0].u_cdc_chw.mem[7][22]$_DFFE_PP_,clk_core,4.03,1.33,0.00019043149015410266,4.0298095685098465,setup,measured_p12_rail,orfs_ssd_ctrl_cfg_run_01_p12,measured_droop/orfs_ssd_ctrl_cfg_run_01_p12_rail.csv,1.1,True,VALIDATED
744,g_chan[0].u_cdc_chw.mem[11][22]$_DFFE_PP_,clk_core,4.03,1.33,0.00019043149015410266,4.0298095685098465,setup,measured_p12_rail,orfs_ssd_ctrl_cfg_run_01_p12,measured_droop/orfs_ssd_ctrl_cfg_run_01_p12_rail.csv,1.1,True,VALIDATED
751,g_chan[1].u_cdc_chw.mem[5][22]$_DFFE_PP_,clk_core,4.03,1.32,0.00019005638122415736,4.029809943618776,setup,measured_p12_rail,orfs_ssd_ctrl_cfg_run_01_p12,measured_droop/orfs_ssd_ctrl_cfg_run_01_p12_rail.csv,1.1,True,VALIDATED
750,g_chan[1].u_cdc_chw.mem[2][22]$_DFFE_PP_,clk_core,4.03,1.32,0.00019005638122415736,4.029809943618776,setup,measured_p12_rail,orfs_ssd_ctrl_cfg_run_01_p12,measured_droop/orfs_ssd_ctrl_cfg_run_01_p12_rail.csv,1.1,True,VALIDATED
756,g_chan[0].u_cdc_chw.mem[4][18]$_DFFE_PP_,clk_core,4.03,1.32,0.00018894470745892122,4.029811055292542,setup,measured_p12_rail,orfs_ssd_ctrl_cfg_run_01_p12,measured_droop/orfs_ssd_ctrl_cfg_run_01_p12_rail.csv,1.1,True,VALIDATED
757,g_chan[0].u_cdc_chw.mem[5][18]$_DFFE_PP_,clk_core,4.03,1.32,0.00018894470745892122,4.029811055292542,setup,measured_p12_rail,orfs_ssd_ctrl_cfg_run_01_p12,measured_droop/orfs_ssd_ctrl_cfg_run_01_p12_rail.csv,1.1,True,VALIDATED
738,g_chan[0].u_cdc_chw.mem[10][22]$_DFFE_PP_,clk_core,4.03,1.33,0.0001888626607054883,4.029811137339295,setup,measured_p12_rail,orfs_ssd_ctrl_cfg_run_01_p12,measured_droop/orfs_ssd_ctrl_cfg_run_01_p12_rail.csv,1.1,True,VALIDATED
737,g_chan[0].u_cdc_chw.mem[2][22]$_DFFE_PP_,clk_core,4.03,1.33,0.00018785416810744582,4.029812145831893,setup,measured_p12_rail,orfs_ssd_ctrl_cfg_run_01_p12,measured_droop/orfs_ssd_ctrl_cfg_run_01_p12_rail.csv,1.1,True,VALIDATED
739,g_chan[0].u_cdc_chw.mem[8][22]$_DFFE_PP_,clk_core,4.03,1.33,0.00018785416810744582,4.029812145831893,setup,measured_p12_rail,orfs_ssd_ctrl_cfg_run_01_p12,measured_droop/orfs_ssd_ctrl_cfg_run_01_p12_rail.csv,1.1,True,VALIDATED
753,g_chan[1].u_cdc_chw.mem[7][22]$_DFFE_PP_,clk_core,4.03,1.32,0.00018733161314597735,4.029812668386854,setup,measured_p12_rail,orfs_ssd_ctrl_cfg_run_01_p12,measured_droop/orfs_ssd_ctrl_cfg_run_01_p12_rail.csv,1.1,True,VALIDATED
754,g_chan[1].u_cdc_chw.mem[3][22]$_DFFE_PP_,clk_core,4.03,1.32,0.00018733161314597735,4.029812668386854,setup,measured_p12_rail,orfs_ssd_ctrl_cfg_run_01_p12,measured_droop/orfs_ssd_ctrl_cfg_run_01_p12_rail.csv,1.1,True,VALIDATED
749,u_dma_fabric.rbeat_data[2]$_DFFE_PN0P_,clk_core,4.03,1.33,0.00018667031743949125,4.029813329682561,setup,measured_p12_rail,orfs_ssd_ctrl_cfg_run_01_p12,measured_droop/orfs_ssd_ctrl_cfg_run_01_p12_rail.csv,1.1,True,VALIDATED
755,c_cmd_len[3]$_DFFE_PN0N_,clk_core,4.03,1.34,0.0001775166767196551,4.02982248332328,setup,measured_p12_rail,orfs_ssd_ctrl_cfg_run_01_p12,measured_droop/orfs_ssd_ctrl_cfg_run_01_p12_rail.csv,1.1,True,VALIDATED
758,g_chan[1].u_cdc_chw.mem[11][22]$_DFFE_PP_,clk_core,4.04,1.32,0.00019367100981527996,4.039806328990185,setup,measured_p12_rail,orfs_ssd_ctrl_cfg_run_01_p12,measured_droop/orfs_ssd_ctrl_cfg_run_01_p12_rail.csv,1.1,True,VALIDATED
759,g_chan[1].u_cdc_chw.mem[0][22]$_DFFE_PP_,clk_core,4.04,1.32,0.00019266994042128893,4.0398073300595785,setup,measured_p12_rail,orfs_ssd_ctrl_cfg_run_01_p12,measured_droop/orfs_ssd_ctrl_cfg_run_01_p12_rail.csv,1.1,True,VALIDATED
760,g_chan[1].u_cdc_chw.mem[1][22]$_DFFE_PP_,clk_core,4.04,1.31,0.0001908239965155295,4.039809176003485,setup,measured_p12_rail,orfs_ssd_ctrl_cfg_run_01_p12,measured_droop/orfs_ssd_ctrl_cfg_run_01_p12_rail.csv,1.1,True,VALIDATED
762,g_chan[0].u_cdc_chw.mem[7][18]$_DFFE_PP_,clk_core,4.04,1.32,0.00018950083125048034,4.039810499168749,setup,measured_p12_rail,orfs_ssd_ctrl_cfg_run_01_p12,measured_droop/orfs_ssd_ctrl_cfg_run_01_p12_rail.csv,1.1,True,VALIDATED
763,g_chan[0].u_cdc_chw.mem[6][18]$_DFFE_PP_,clk_core,4.04,1.32,0.00018950083125048034,4.039810499168749,setup,measured_p12_rail,orfs_ssd_ctrl_cfg_run_01_p12,measured_droop/orfs_ssd_ctrl_cfg_run_01_p12_rail.csv,1.1,True,VALIDATED
766,g_chan[0].u_cdc_chw.mem[11][18]$_DFFE_PP_,clk_core,4.04,1.32,0.0001893896048908994,4.039810610395109,setup,measured_p12_rail,orfs_ssd_ctrl_cfg_run_01_p12,measured_droop/orfs_ssd_ctrl_cfg_run_01_p12_rail.csv,1.1,True,VALIDATED
770,g_chan[0].u_cdc_chw.mem[15][18]$_DFFE_PP_,clk_core,4.04,1.32,0.0001893896048908994,4.039810610395109,setup,measured_p12_rail,orfs_ssd_ctrl_cfg_run_01_p12,measured_droop/orfs_ssd_ctrl_cfg_run_01_p12_rail.csv,1.1,True,VALIDATED
761,g_chan[0].u_cdc_chw.mem[14][18]$_DFFE_PP_,clk_core,4.04,1.32,0.00018927837853131846,4.0398107216214685,setup,measured_p12_rail,orfs_ssd_ctrl_cfg_run_01_p12,measured_droop/orfs_ssd_ctrl_cfg_run_01_p12_rail.csv,1.1,True,VALIDATED
767,g_chan[0].u_cdc_chw.mem[12][18]$_DFFE_PP_,clk_core,4.04,1.32,0.00018927837853131846,4.0398107216214685,setup,measured_p12_rail,orfs_ssd_ctrl_cfg_run_01_p12,measured_droop/orfs_ssd_ctrl_cfg_run_01_p12_rail.csv,1.1,True,VALIDATED
775,g_chan[0].u_cdc_chw.mem[2][18]$_DFFE_PP_,clk_core,4.04,1.32,0.00018927837853131846,4.0398107216214685,setup,measured_p12_rail,orfs_ssd_ctrl_cfg_run_01_p12,measured_droop/orfs_ssd_ctrl_cfg_run_01_p12_rail.csv,1.1,True,VALIDATED
764,g_chan[0].u_cdc_chw.mem[3][18]$_DFFE_PP_,clk_core,4.04,1.32,0.00018927837853131846,4.0398107216214685,setup,measured_p12_rail,orfs_ssd_ctrl_cfg_run_01_p12,measured_droop/orfs_ssd_ctrl_cfg_run_01_p12_rail.csv,1.1,True,VALIDATED
771,g_chan[0].u_cdc_chw.mem[13][18]$_DFFE_PP_,clk_core,4.04,1.32,0.00018927837853131846,4.0398107216214685,setup,measured_p12_rail,orfs_ssd_ctrl_cfg_run_01_p12,measured_droop/orfs_ssd_ctrl_cfg_run_01_p12_rail.csv,1.1,True,VALIDATED
786,g_chan[1].u_cdc_chw.mem[6][22]$_DFFE_PP_,clk_core,4.04,1.32,0.0001869979164540181,4.039813002083546,setup,measured_p12_rail,orfs_ssd_ctrl_cfg_run_01_p12,measured_droop/orfs_ssd_ctrl_cfg_run_01_p12_rail.csv,1.1,True,VALIDATED
785,g_chan[0].u_cdc_chw.mem[8][18]$_DFFE_PP_,clk_core,4.04,1.32,0.00018683153365470218,4.039813168466345,setup,measured_p12_rail,orfs_ssd_ctrl_cfg_run_01_p12,measured_droop/orfs_ssd_ctrl_cfg_run_01_p12_rail.csv,1.1,True,VALIDATED
784,g_chan[0].u_cdc_chw.mem[0][18]$_DFFE_PP_,clk_core,4.04,1.32,0.00018683153365470218,4.039813168466345,setup,measured_p12_rail,orfs_ssd_ctrl_cfg_run_01_p12,measured_droop/orfs_ssd_ctrl_cfg_run_01_p12_rail.csv,1.1,True,VALIDATED
781,g_chan[0].u_cdc_chw.mem[10][18]$_DFFE_PP_,clk_core,4.04,1.32,0.0001843846887780859,4.039815615311222,setup,measured_p12_rail,orfs_ssd_ctrl_cfg_run_01_p12,measured_droop/orfs_ssd_ctrl_cfg_run_01_p12_rail.csv,1.1,True,VALIDATED
768,g_chan[0].u_cdc_chw.mem[9][18]$_DFFE_PP_,clk_core,4.04,1.32,0.0001843846887780859,4.039815615311222,setup,measured_p12_rail,orfs_ssd_ctrl_cfg_run_01_p12,measured_droop/orfs_ssd_ctrl_cfg_run_01_p12_rail.csv,1.1,True,VALIDATED
787,g_chan[0].u_cdc_chw.mem[1][18]$_DFFE_PP_,clk_core,4.04,1.32,0.0001843846887780859,4.039815615311222,setup,measured_p12_rail,orfs_ssd_ctrl_cfg_run_01_p12,measured_droop/orfs_ssd_ctrl_cfg_run_01_p12_rail.csv,1.1,True,VALIDATED
773,c_cmd_addr[25]$_DFFE_PN0N_,clk_core,4.04,1.33,0.00017840270292544813,4.039821597297075,setup,measured_p12_rail,orfs_ssd_ctrl_cfg_run_01_p12,measured_droop/orfs_ssd_ctrl_cfg_run_01_p12_rail.csv,1.1,True,VALIDATED
774,g_chan[1].u_cdc_chw.mem[3][25]$_DFFE_PP_,clk_core,4.04,1.32,0.0001729245208989122,4.039827075479101,setup,measured_p12_rail,orfs_ssd_ctrl_cfg_run_01_p12,measured_droop/orfs_ssd_ctrl_cfg_run_01_p12_rail.csv,1.1,True,VALIDATED
776,g_chan[1].u_cdc_chw.mem[0][25]$_DFFE_PP_,clk_core,4.04,1.32,0.0001729245208989122,4.039827075479101,setup,measured_p12_rail,orfs_ssd_ctrl_cfg_run_01_p12,measured_droop/orfs_ssd_ctrl_cfg_run_01_p12_rail.csv,1.1,True,VALIDATED
780,g_chan[1].u_cdc_chw.mem[9][25]$_DFFE_PP_,clk_core,4.04,1.32,0.0001729245208989122,4.039827075479101,setup,measured_p12_rail,orfs_ssd_ctrl_cfg_run_01_p12,measured_droop/orfs_ssd_ctrl_cfg_run_01_p12_rail.csv,1.1,True,VALIDATED
777,g_chan[1].u_cdc_chw.mem[2][25]$_DFFE_PP_,clk_core,4.04,1.32,0.0001729245208989122,4.039827075479101,setup,measured_p12_rail,orfs_ssd_ctrl_cfg_run_01_p12,measured_droop/orfs_ssd_ctrl_cfg_run_01_p12_rail.csv,1.1,True,VALIDATED
782,g_chan[1].u_cdc_chw.mem[11][25]$_DFFE_PP_,clk_core,4.04,1.32,0.0001729245208989122,4.039827075479101,setup,measured_p12_rail,orfs_ssd_ctrl_cfg_run_01_p12,measured_droop/orfs_ssd_ctrl_cfg_run_01_p12_rail.csv,1.1,True,VALIDATED
765,g_chan[1].u_cdc_chw.mem[10][25]$_DFFE_PP_,clk_core,4.04,1.32,0.00017042196083273675,4.039829578039167,setup,measured_p12_rail,orfs_ssd_ctrl_cfg_run_01_p12,measured_droop/orfs_ssd_ctrl_cfg_run_01_p12_rail.csv,1.1,True,VALIDATED
769,g_chan[1].u_cdc_chw.mem[7][25]$_DFFE_PP_,clk_core,4.04,1.32,0.00016892038155998101,4.03983107961844,setup,measured_p12_rail,orfs_ssd_ctrl_cfg_run_01_p12,measured_droop/orfs_ssd_ctrl_cfg_run_01_p12_rail.csv,1.1,True,VALIDATED
778,g_chan[1].u_cdc_chw.mem[4][25]$_DFFE_PP_,clk_core,4.04,1.32,0.00016892038155998101,4.03983107961844,setup,measured_p12_rail,orfs_ssd_ctrl_cfg_run_01_p12,measured_droop/orfs_ssd_ctrl_cfg_run_01_p12_rail.csv,1.1,True,VALIDATED
783,g_chan[1].u_cdc_chw.mem[6][25]$_DFFE_PP_,clk_core,4.04,1.32,0.00016892038155998101,4.03983107961844,setup,measured_p12_rail,orfs_ssd_ctrl_cfg_run_01_p12,measured_droop/orfs_ssd_ctrl_cfg_run_01_p12_rail.csv,1.1,True,VALIDATED
779,g_chan[1].u_cdc_chw.mem[5][25]$_DFFE_PP_,clk_core,4.04,1.32,0.00016892038155998101,4.03983107961844,setup,measured_p12_rail,orfs_ssd_ctrl_cfg_run_01_p12,measured_droop/orfs_ssd_ctrl_cfg_run_01_p12_rail.csv,1.1,True,VALIDATED
790,c_cmd_addr[24]$_DFFE_PN0N_,clk_core,4.04,1.32,0.00016651379174772996,4.039833486208252,setup,measured_p12_rail,orfs_ssd_ctrl_cfg_run_01_p12,measured_droop/orfs_ssd_ctrl_cfg_run_01_p12_rail.csv,1.1,True,VALIDATED
788,g_chan[1].u_cdc_chw.mem[10][12]$_DFFE_PP_,clk_core,4.04,1.31,0.00015790407950509733,4.039842095920495,setup,measured_p12_rail,orfs_ssd_ctrl_cfg_run_01_p12,measured_droop/orfs_ssd_ctrl_cfg_run_01_p12_rail.csv,1.1,True,VALIDATED
789,g_chan[1].u_cdc_chw.mem[11][12]$_DFFE_PP_,clk_core,4.04,1.31,0.00015790407950509733,4.039842095920495,setup,measured_p12_rail,orfs_ssd_ctrl_cfg_run_01_p12,measured_droop/orfs_ssd_ctrl_cfg_run_01_p12_rail.csv,1.1,True,VALIDATED
792,g_chan[1].u_cdc_chw.mem[13][12]$_DFFE_PP_,clk_core,4.04,1.31,0.000157851960042657,4.039842148039957,setup,measured_p12_rail,orfs_ssd_ctrl_cfg_run_01_p12,measured_droop/orfs_ssd_ctrl_cfg_run_01_p12_rail.csv,1.1,True,VALIDATED
791,g_chan[1].u_cdc_chw.mem[12][12]$_DFFE_PP_,clk_core,4.04,1.31,0.0001522744683138677,4.039847725531686,setup,measured_p12_rail,orfs_ssd_ctrl_cfg_run_01_p12,measured_droop/orfs_ssd_ctrl_cfg_run_01_p12_rail.csv,1.1,True,VALIDATED
772,u_dma_fabric.rbeat_data[21]$_DFFE_PN0P_,clk_core,4.04,1.31,0.0001410338015023216,4.039858966198498,setup,measured_p12_rail,orfs_ssd_ctrl_cfg_run_01_p12,measured_droop/orfs_ssd_ctrl_cfg_run_01_p12_rail.csv,1.1,True,VALIDATED
797,g_chan[1].u_cdc_chw.mem[8][18]$_DFFE_PP_,clk_core,4.05,1.31,0.00018607844447483812,4.049813921555525,setup,measured_p12_rail,orfs_ssd_ctrl_cfg_run_01_p12,measured_droop/orfs_ssd_ctrl_cfg_run_01_p12_rail.csv,1.1,True,VALIDATED
799,g_chan[1].u_cdc_chw.mem[13][18]$_DFFE_PP_,clk_core,4.05,1.31,0.00018607844447483812,4.049813921555525,setup,measured_p12_rail,orfs_ssd_ctrl_cfg_run_01_p12,measured_droop/orfs_ssd_ctrl_cfg_run_01_p12_rail.csv,1.1,True,VALIDATED
800,g_chan[1].u_cdc_chw.mem[10][18]$_DFFE_PP_,clk_core,4.05,1.31,0.00018585766693852979,4.049814142333061,setup,measured_p12_rail,orfs_ssd_ctrl_cfg_run_01_p12,measured_droop/orfs_ssd_ctrl_cfg_run_01_p12_rail.csv,1.1,True,VALIDATED
798,g_chan[1].u_cdc_chw.mem[9][18]$_DFFE_PP_,clk_core,4.05,1.31,0.0001855133730374603,4.049814486626962,setup,measured_p12_rail,orfs_ssd_ctrl_cfg_run_01_p12,measured_droop/orfs_ssd_ctrl_cfg_run_01_p12_rail.csv,1.1,True,VALIDATED
795,c_cmd_addr[12]$_DFFE_PN0N_,clk_core,4.05,1.32,0.00017706132921915807,4.049822938670781,setup,measured_p12_rail,orfs_ssd_ctrl_cfg_run_01_p12,measured_droop/orfs_ssd_ctrl_cfg_run_01_p12_rail.csv,1.1,True,VALIDATED
796,u_dma_fabric.rbeat_data[1]$_DFFE_PN0P_,clk_core,4.05,1.31,0.00015698602720744248,4.049843013972793,setup,measured_p12_rail,orfs_ssd_ctrl_cfg_run_01_p12,measured_droop/orfs_ssd_ctrl_cfg_run_01_p12_rail.csv,1.1,True,VALIDATED
794,g_chan[1].u_cdc_chw.mem[15][12]$_DFFE_PP_,clk_core,4.05,1.31,0.00015029399626485807,4.049849706003735,setup,measured_p12_rail,orfs_ssd_ctrl_cfg_run_01_p12,measured_droop/orfs_ssd_ctrl_cfg_run_01_p12_rail.csv,1.1,True,VALIDATED
793,g_chan[1].u_cdc_chw.mem[14][12]$_DFFE_PP_,clk_core,4.05,1.31,0.00015029399626485807,4.049849706003735,setup,measured_p12_rail,orfs_ssd_ctrl_cfg_run_01_p12,measured_droop/orfs_ssd_ctrl_cfg_run_01_p12_rail.csv,1.1,True,VALIDATED
1,g_chan[0].u_cdc_chr.rq1_wgray[0]$_DFF_PN0_,clk_core,4.17,1.25,0.00015688120095997543,4.16984311879904,recovery,measured_p12_rail,orfs_ssd_ctrl_cfg_run_01_p12,measured_droop/orfs_ssd_ctrl_cfg_run_01_p12_rail.csv,1.1,True,VALIDATED
2,g_chan[0].u_cdc_chr.rgray[0]$_DFF_PN0_,clk_core,4.17,1.25,0.00015688120095997543,4.16984311879904,recovery,measured_p12_rail,orfs_ssd_ctrl_cfg_run_01_p12,measured_droop/orfs_ssd_ctrl_cfg_run_01_p12_rail.csv,1.1,True,VALIDATED
3,g_chan[0].u_cdc_chr.rq2_wgray[1]$_DFF_PN0_,clk_core,4.17,1.25,0.00015688120095997543,4.16984311879904,recovery,measured_p12_rail,orfs_ssd_ctrl_cfg_run_01_p12,measured_droop/orfs_ssd_ctrl_cfg_run_01_p12_rail.csv,1.1,True,VALIDATED
4,g_chan[0].u_cdc_chr.rq1_wgray[2]$_DFF_PN0_,clk_core,4.17,1.25,0.00015688120095997543,4.16984311879904,recovery,measured_p12_rail,orfs_ssd_ctrl_cfg_run_01_p12,measured_droop/orfs_ssd_ctrl_cfg_run_01_p12_rail.csv,1.1,True,VALIDATED
5,g_chan[0].u_cdc_chr.rq1_wgray[3]$_DFF_PN0_,clk_core,4.17,1.25,0.00015688120095997543,4.16984311879904,recovery,measured_p12_rail,orfs_ssd_ctrl_cfg_run_01_p12,measured_droop/orfs_ssd_ctrl_cfg_run_01_p12_rail.csv,1.1,True,VALIDATED
6,g_chan[0].u_cdc_chr.rq1_wgray[1]$_DFF_PN0_,clk_core,4.17,1.25,0.00015688120095997543,4.16984311879904,recovery,measured_p12_rail,orfs_ssd_ctrl_cfg_run_01_p12,measured_droop/orfs_ssd_ctrl_cfg_run_01_p12_rail.csv,1.1,True,VALIDATED
7,g_chan[0].u_cdc_chr.rq1_wgray[4]$_DFF_PN0_,clk_core,4.17,1.25,0.00015688120095997543,4.16984311879904,recovery,measured_p12_rail,orfs_ssd_ctrl_cfg_run_01_p12,measured_droop/orfs_ssd_ctrl_cfg_run_01_p12_rail.csv,1.1,True,VALIDATED
0,g_chan[0].u_cdc_chr.rq2_wgray[0]$_DFF_PN0_,clk_core,4.17,1.25,0.00015688120095997543,4.16984311879904,recovery,measured_p12_rail,orfs_ssd_ctrl_cfg_run_01_p12,measured_droop/orfs_ssd_ctrl_cfg_run_01_p12_rail.csv,1.1,True,VALIDATED
8,g_chan[0].u_cdc_chr.rgray[2]$_DFF_PN0_,clk_core,4.17,1.25,0.0001545398022700234,4.16984546019773,recovery,measured_p12_rail,orfs_ssd_ctrl_cfg_run_01_p12,measured_droop/orfs_ssd_ctrl_cfg_run_01_p12_rail.csv,1.1,True,VALIDATED
16,g_chan[0].u_cdc_chr.rbin[0]$_DFF_PN0_,clk_core,4.18,1.25,0.00015688120095997543,4.17984311879904,recovery,measured_p12_rail,orfs_ssd_ctrl_cfg_run_01_p12,measured_droop/orfs_ssd_ctrl_cfg_run_01_p12_rail.csv,1.1,True,VALIDATED
20,u_dma_fabric.rbeat_data[10]$_DFFE_PN0P_,clk_core,4.18,1.25,0.00015688120095997543,4.17984311879904,recovery,measured_p12_rail,orfs_ssd_ctrl_cfg_run_01_p12,measured_droop/orfs_ssd_ctrl_cfg_run_01_p12_rail.csv,1.1,True,VALIDATED
15,g_chan[0].u_cdc_chr.rbin[3]$_DFF_PN0_,clk_core,4.18,1.25,0.00015688120095997543,4.17984311879904,recovery,measured_p12_rail,orfs_ssd_ctrl_cfg_run_01_p12,measured_droop/orfs_ssd_ctrl_cfg_run_01_p12_rail.csv,1.1,True,VALIDATED
17,g_chan[0].u_cdc_chr.rbin[1]$_DFF_PN0_,clk_core,4.18,1.25,0.00015688120095997543,4.17984311879904,recovery,measured_p12_rail,orfs_ssd_ctrl_cfg_run_01_p12,measured_droop/orfs_ssd_ctrl_cfg_run_01_p12_rail.csv,1.1,True,VALIDATED
19,u_dma_fabric.rbeat_data[15]$_DFFE_PN0P_,clk_core,4.18,1.25,0.00015688120095997543,4.17984311879904,recovery,measured_p12_rail,orfs_ssd_ctrl_cfg_run_01_p12,measured_droop/orfs_ssd_ctrl_cfg_run_01_p12_rail.csv,1.1,True,VALIDATED
18,g_chan[0].u_cdc_chr.rbin[2]$_DFF_PN0_,clk_core,4.18,1.25,0.00015688120095997543,4.17984311879904,recovery,measured_p12_rail,orfs_ssd_ctrl_cfg_run_01_p12,measured_droop/orfs_ssd_ctrl_cfg_run_01_p12_rail.csv,1.1,True,VALIDATED
12,g_chan[0].u_cdc_chr.rgray[3]$_DFF_PN0_,clk_core,4.18,1.25,0.0001545398022700234,4.17984546019773,recovery,measured_p12_rail,orfs_ssd_ctrl_cfg_run_01_p12,measured_droop/orfs_ssd_ctrl_cfg_run_01_p12_rail.csv,1.1,True,VALIDATED
11,g_chan[0].u_cdc_chr.rq2_wgray[2]$_DFF_PN0_,clk_core,4.18,1.25,0.0001545398022700234,4.17984546019773,recovery,measured_p12_rail,orfs_ssd_ctrl_cfg_run_01_p12,measured_droop/orfs_ssd_ctrl_cfg_run_01_p12_rail.csv,1.1,True,VALIDATED
13,g_chan[0].u_cdc_chr.rq2_wgray[3]$_DFF_PN0_,clk_core,4.18,1.25,0.0001545398022700234,4.17984546019773,recovery,measured_p12_rail,orfs_ssd_ctrl_cfg_run_01_p12,measured_droop/orfs_ssd_ctrl_cfg_run_01_p12_rail.csv,1.1,True,VALIDATED
14,g_chan[0].u_cdc_chr.rbin[4]$_DFF_PN0_,clk_core,4.18,1.25,0.0001545398022700234,4.17984546019773,recovery,measured_p12_rail,orfs_ssd_ctrl_cfg_run_01_p12,measured_droop/orfs_ssd_ctrl_cfg_run_01_p12_rail.csv,1.1,True,VALIDATED
10,g_chan[0].u_cdc_chr.rq2_wgray[4]$_DFF_PN0_,clk_core,4.18,1.25,0.0001545398022700234,4.17984546019773,recovery,measured_p12_rail,orfs_ssd_ctrl_cfg_run_01_p12,measured_droop/orfs_ssd_ctrl_cfg_run_01_p12_rail.csv,1.1,True,VALIDATED
9,g_chan[0].u_cdc_chr.rgray[1]$_DFF_PN0_,clk_core,4.18,1.25,0.0001545398022700234,4.17984546019773,recovery,measured_p12_rail,orfs_ssd_ctrl_cfg_run_01_p12,measured_droop/orfs_ssd_ctrl_cfg_run_01_p12_rail.csv,1.1,True,VALIDATED
32,u_dma_fabric.rbeat_data[7]$_DFFE_PN0P_,clk_core,4.32,1.12,0.000140574988393323,4.319859425011607,recovery,measured_p12_rail,orfs_ssd_ctrl_cfg_run_01_p12,measured_droop/orfs_ssd_ctrl_cfg_run_01_p12_rail.csv,1.1,True,VALIDATED
31,u_dma_fabric.rbeat_data[31]$_DFFE_PN0P_,clk_core,4.32,1.12,0.000140574988393323,4.319859425011607,recovery,measured_p12_rail,orfs_ssd_ctrl_cfg_run_01_p12,measured_droop/orfs_ssd_ctrl_cfg_run_01_p12_rail.csv,1.1,True,VALIDATED
33,u_dma_fabric.rbeat_data[8]$_DFFE_PN0P_,clk_core,4.32,1.12,0.000140574988393323,4.319859425011607,recovery,measured_p12_rail,orfs_ssd_ctrl_cfg_run_01_p12,measured_droop/orfs_ssd_ctrl_cfg_run_01_p12_rail.csv,1.1,True,VALIDATED
37,u_dma_fabric.rbeat_data[24]$_DFFE_PN0P_,clk_core,4.32,1.11,0.0001393198545684149,4.319860680145432,recovery,measured_p12_rail,orfs_ssd_ctrl_cfg_run_01_p12,measured_droop/orfs_ssd_ctrl_cfg_run_01_p12_rail.csv,1.1,True,VALIDATED
36,u_dma_fabric.rbeat_data[6]$_DFFE_PN0P_,clk_core,4.32,1.11,0.0001393198545684149,4.319860680145432,recovery,measured_p12_rail,orfs_ssd_ctrl_cfg_run_01_p12,measured_droop/orfs_ssd_ctrl_cfg_run_01_p12_rail.csv,1.1,True,VALIDATED
34,u_dma_fabric.rbeat_data[18]$_DFFE_PN0P_,clk_core,4.32,1.11,0.0001393198545684149,4.319860680145432,recovery,measured_p12_rail,orfs_ssd_ctrl_cfg_run_01_p12,measured_droop/orfs_ssd_ctrl_cfg_run_01_p12_rail.csv,1.1,True,VALIDATED
35,u_dma_fabric.rbeat_data[25]$_DFFE_PN0P_,clk_core,4.32,1.11,0.0001393198545684149,4.319860680145432,recovery,measured_p12_rail,orfs_ssd_ctrl_cfg_run_01_p12,measured_droop/orfs_ssd_ctrl_cfg_run_01_p12_rail.csv,1.1,True,VALIDATED
25,u_dma_fabric.rbeat_data[20]$_DFFE_PN0P_,clk_core,4.32,1.12,0.0001361136398084356,4.319863886360192,recovery,measured_p12_rail,orfs_ssd_ctrl_cfg_run_01_p12,measured_droop/orfs_ssd_ctrl_cfg_run_01_p12_rail.csv,1.1,True,VALIDATED
27,u_dma_fabric.rbeat_data[12]$_DFFE_PN0P_,clk_core,4.32,1.12,0.0001361136398084356,4.319863886360192,recovery,measured_p12_rail,orfs_ssd_ctrl_cfg_run_01_p12,measured_droop/orfs_ssd_ctrl_cfg_run_01_p12_rail.csv,1.1,True,VALIDATED
22,u_dma_fabric.rbeat_data[13]$_DFFE_PN0P_,clk_core,4.32,1.12,0.0001361136398084356,4.319863886360192,recovery,measured_p12_rail,orfs_ssd_ctrl_cfg_run_01_p12,measured_droop/orfs_ssd_ctrl_cfg_run_01_p12_rail.csv,1.1,True,VALIDATED
23,u_dma_fabric.rbeat_data[9]$_DFFE_PN0P_,clk_core,4.32,1.12,0.0001361136398084356,4.319863886360192,recovery,measured_p12_rail,orfs_ssd_ctrl_cfg_run_01_p12,measured_droop/orfs_ssd_ctrl_cfg_run_01_p12_rail.csv,1.1,True,VALIDATED
21,u_dma_fabric.rbeat_data[17]$_DFFE_PN0P_,clk_core,4.32,1.12,0.0001361136398084356,4.319863886360192,recovery,measured_p12_rail,orfs_ssd_ctrl_cfg_run_01_p12,measured_droop/orfs_ssd_ctrl_cfg_run_01_p12_rail.csv,1.1,True,VALIDATED
24,u_dma_fabric.rbeat_data[14]$_DFFE_PN0P_,clk_core,4.32,1.12,0.0001361136398084356,4.319863886360192,recovery,measured_p12_rail,orfs_ssd_ctrl_cfg_run_01_p12,measured_droop/orfs_ssd_ctrl_cfg_run_01_p12_rail.csv,1.1,True,VALIDATED
28,u_dma_fabric.rbeat_data[16]$_DFFE_PN0P_,clk_core,4.32,1.12,0.0001361136398084356,4.319863886360192,recovery,measured_p12_rail,orfs_ssd_ctrl_cfg_run_01_p12,measured_droop/orfs_ssd_ctrl_cfg_run_01_p12_rail.csv,1.1,True,VALIDATED
29,u_dma_fabric.rbeat_data[19]$_DFFE_PN0P_,clk_core,4.32,1.12,0.0001324878892546219,4.319867512110745,recovery,measured_p12_rail,orfs_ssd_ctrl_cfg_run_01_p12,measured_droop/orfs_ssd_ctrl_cfg_run_01_p12_rail.csv,1.1,True,VALIDATED
30,u_dma_fabric.rbeat_data[21]$_DFFE_PN0P_,clk_core,4.32,1.12,0.0001324878892546219,4.319867512110745,recovery,measured_p12_rail,orfs_ssd_ctrl_cfg_run_01_p12,measured_droop/orfs_ssd_ctrl_cfg_run_01_p12_rail.csv,1.1,True,VALIDATED
26,u_dma_fabric.rbeat_data[11]$_DFFE_PN0P_,clk_core,4.32,1.12,0.0001324878892546219,4.319867512110745,recovery,measured_p12_rail,orfs_ssd_ctrl_cfg_run_01_p12,measured_droop/orfs_ssd_ctrl_cfg_run_01_p12_rail.csv,1.1,True,VALIDATED
39,u_dma_fabric.rbeat_data[22]$_DFFE_PN0P_,clk_core,4.33,1.11,0.00014485446516402517,4.329855145534836,recovery,measured_p12_rail,orfs_ssd_ctrl_cfg_run_01_p12,measured_droop/orfs_ssd_ctrl_cfg_run_01_p12_rail.csv,1.1,True,VALIDATED
40,u_dma_fabric.rbeat_data[27]$_DFFE_PN0P_,clk_core,4.33,1.11,0.00014132349841416286,4.329858676501586,recovery,measured_p12_rail,orfs_ssd_ctrl_cfg_run_01_p12,measured_droop/orfs_ssd_ctrl_cfg_run_01_p12_rail.csv,1.1,True,VALIDATED
38,u_dma_fabric.rbeat_data[5]$_DFFE_PN0P_,clk_core,4.33,1.11,0.00014132349841416286,4.329858676501586,recovery,measured_p12_rail,orfs_ssd_ctrl_cfg_run_01_p12,measured_droop/orfs_ssd_ctrl_cfg_run_01_p12_rail.csv,1.1,True,VALIDATED
41,u_dma_fabric.rbeat_data[4]$_DFFE_PN0P_,clk_core,4.33,1.11,0.00014132349841416286,4.329858676501586,recovery,measured_p12_rail,orfs_ssd_ctrl_cfg_run_01_p12,measured_droop/orfs_ssd_ctrl_cfg_run_01_p12_rail.csv,1.1,True,VALIDATED
42,g_chan[0].u_cdc_chr.rd_empty$_DFF_PN1_,clk_core,4.33,1.1,0.0001298698714088456,4.329870130128591,recovery,measured_p12_rail,orfs_ssd_ctrl_cfg_run_01_p12,measured_droop/orfs_ssd_ctrl_cfg_run_01_p12_rail.csv,1.1,True,VALIDATED
61,g_chan[1].u_cdc_chcmd.wgray[2]$_DFF_PN0_,clk_core,4.38,1.05,0.00011907476067188338,4.379880925239328,recovery,measured_p12_rail,orfs_ssd_ctrl_cfg_run_01_p12,measured_droop/orfs_ssd_ctrl_cfg_run_01_p12_rail.csv,1.1,True,VALIDATED
47,g_chan[1].u_cdc_chcmd.wbin[1]$_DFF_PN0_,clk_core,4.38,1.05,0.00011907476067188338,4.379880925239328,recovery,measured_p12_rail,orfs_ssd_ctrl_cfg_run_01_p12,measured_droop/orfs_ssd_ctrl_cfg_run_01_p12_rail.csv,1.1,True,VALIDATED
48,g_chan[1].u_cdc_chcmd.wbin[0]$_DFF_PN0_,clk_core,4.38,1.05,0.00011907476067188338,4.379880925239328,recovery,measured_p12_rail,orfs_ssd_ctrl_cfg_run_01_p12,measured_droop/orfs_ssd_ctrl_cfg_run_01_p12_rail.csv,1.1,True,VALIDATED
56,g_chan[1].u_cdc_chcmd.wbin[4]$_DFF_PN0_,clk_core,4.38,1.05,0.00011907476067188338,4.379880925239328,recovery,measured_p12_rail,orfs_ssd_ctrl_cfg_run_01_p12,measured_droop/orfs_ssd_ctrl_cfg_run_01_p12_rail.csv,1.1,True,VALIDATED
55,g_chan[1].u_cdc_chcmd.wq1_rgray[4]$_DFF_PN0_,clk_core,4.38,1.05,0.00011907476067188338,4.379880925239328,recovery,measured_p12_rail,orfs_ssd_ctrl_cfg_run_01_p12,measured_droop/orfs_ssd_ctrl_cfg_run_01_p12_rail.csv,1.1,True,VALIDATED
62,g_chan[1].u_cdc_chcmd.wq2_rgray[2]$_DFF_PN0_,clk_core,4.38,1.05,0.00011907476067188338,4.379880925239328,recovery,measured_p12_rail,orfs_ssd_ctrl_cfg_run_01_p12,measured_droop/orfs_ssd_ctrl_cfg_run_01_p12_rail.csv,1.1,True,VALIDATED
50,g_chan[1].u_cdc_chcmd.wbin[3]$_DFF_PN0_,clk_core,4.38,1.05,0.00011907476067188338,4.379880925239328,recovery,measured_p12_rail,orfs_ssd_ctrl_cfg_run_01_p12,measured_droop/orfs_ssd_ctrl_cfg_run_01_p12_rail.csv,1.1,True,VALIDATED
51,g_chan[1].u_cdc_chcmd.wbin[2]$_DFF_PN0_,clk_core,4.38,1.05,0.00011907476067188338,4.379880925239328,recovery,measured_p12_rail,orfs_ssd_ctrl_cfg_run_01_p12,measured_droop/orfs_ssd_ctrl_cfg_run_01_p12_rail.csv,1.1,True,VALIDATED
60,g_chan[1].u_cdc_chcmd.wgray[3]$_DFF_PN0_,clk_core,4.38,1.05,0.00011907476067188338,4.379880925239328,recovery,measured_p12_rail,orfs_ssd_ctrl_cfg_run_01_p12,measured_droop/orfs_ssd_ctrl_cfg_run_01_p12_rail.csv,1.1,True,VALIDATED
53,g_chan[1].u_cdc_chcmd.wgray[1]$_DFF_PN0_,clk_core,4.38,1.05,0.00011907476067188338,4.379880925239328,recovery,measured_p12_rail,orfs_ssd_ctrl_cfg_run_01_p12,measured_droop/orfs_ssd_ctrl_cfg_run_01_p12_rail.csv,1.1,True,VALIDATED
57,g_chan[1].u_cdc_chcmd.wr_full$_DFF_PN0_,clk_core,4.38,1.05,0.00011907476067188338,4.379880925239328,recovery,measured_p12_rail,orfs_ssd_ctrl_cfg_run_01_p12,measured_droop/orfs_ssd_ctrl_cfg_run_01_p12_rail.csv,1.1,True,VALIDATED
59,g_chan[1].u_cdc_chcmd.wq1_rgray[2]$_DFF_PN0_,clk_core,4.38,1.05,0.00011907476067188338,4.379880925239328,recovery,measured_p12_rail,orfs_ssd_ctrl_cfg_run_01_p12,measured_droop/orfs_ssd_ctrl_cfg_run_01_p12_rail.csv,1.1,True,VALIDATED
58,g_chan[1].u_cdc_chcmd.wq2_rgray[4]$_DFF_PN0_,clk_core,4.38,1.05,0.00011794679531196978,4.379882053204688,recovery,measured_p12_rail,orfs_ssd_ctrl_cfg_run_01_p12,measured_droop/orfs_ssd_ctrl_cfg_run_01_p12_rail.csv,1.1,True,VALIDATED
54,g_chan[1].u_cdc_chcmd.wq1_rgray[0]$_DFF_PN0_,clk_core,4.38,1.05,0.00011794679531196978,4.379882053204688,recovery,measured_p12_rail,orfs_ssd_ctrl_cfg_run_01_p12,measured_droop/orfs_ssd_ctrl_cfg_run_01_p12_rail.csv,1.1,True,VALIDATED
46,g_chan[1].u_cdc_chcmd.wq2_rgray[0]$_DFF_PN0_,clk_core,4.38,1.05,0.00011794679531196978,4.379882053204688,recovery,measured_p12_rail,orfs_ssd_ctrl_cfg_run_01_p12,measured_droop/orfs_ssd_ctrl_cfg_run_01_p12_rail.csv,1.1,True,VALIDATED
45,g_chan[1].u_cdc_chcmd.wq1_rgray[1]$_DFF_PN0_,clk_core,4.38,1.05,0.00011794679531196978,4.379882053204688,recovery,measured_p12_rail,orfs_ssd_ctrl_cfg_run_01_p12,measured_droop/orfs_ssd_ctrl_cfg_run_01_p12_rail.csv,1.1,True,VALIDATED
44,g_chan[1].u_cdc_chcmd.wq2_rgray[1]$_DFF_PN0_,clk_core,4.38,1.05,0.00011794679531196978,4.379882053204688,recovery,measured_p12_rail,orfs_ssd_ctrl_cfg_run_01_p12,measured_droop/orfs_ssd_ctrl_cfg_run_01_p12_rail.csv,1.1,True,VALIDATED
49,g_chan[1].u_cdc_chcmd.wq1_rgray[3]$_DFF_PN0_,clk_core,4.38,1.05,0.00011794679531196978,4.379882053204688,recovery,measured_p12_rail,orfs_ssd_ctrl_cfg_run_01_p12,measured_droop/orfs_ssd_ctrl_cfg_run_01_p12_rail.csv,1.1,True,VALIDATED
52,g_chan[1].u_cdc_chcmd.wgray[0]$_DFF_PN0_,clk_core,4.38,1.05,0.00011794679531196978,4.379882053204688,recovery,measured_p12_rail,orfs_ssd_ctrl_cfg_run_01_p12,measured_droop/orfs_ssd_ctrl_cfg_run_01_p12_rail.csv,1.1,True,VALIDATED
43,g_chan[1].u_cdc_chcmd.wq2_rgray[3]$_DFF_PN0_,clk_core,4.38,1.05,0.00011794679531196978,4.379882053204688,recovery,measured_p12_rail,orfs_ssd_ctrl_cfg_run_01_p12,measured_droop/orfs_ssd_ctrl_cfg_run_01_p12_rail.csv,1.1,True,VALIDATED
86,u_cdc_rbeat.wr_full$_DFF_PN0_,clk_core,4.41,1.03,0.00014179403782468847,4.409858205962175,recovery,measured_p12_rail,orfs_ssd_ctrl_cfg_run_01_p12,measured_droop/orfs_ssd_ctrl_cfg_run_01_p12_rail.csv,1.1,True,VALIDATED
72,u_cdc_rbeat.wbin[2]$_DFF_PN0_,clk_core,4.41,1.03,0.00013528343452041958,4.40986471656548,recovery,measured_p12_rail,orfs_ssd_ctrl_cfg_run_01_p12,measured_droop/orfs_ssd_ctrl_cfg_run_01_p12_rail.csv,1.1,True,VALIDATED
65,u_cdc_rbeat.wq1_rgray[0]$_DFF_PN0_,clk_core,4.41,1.03,0.00013528343452041958,4.40986471656548,recovery,measured_p12_rail,orfs_ssd_ctrl_cfg_run_01_p12,measured_droop/orfs_ssd_ctrl_cfg_run_01_p12_rail.csv,1.1,True,VALIDATED
81,u_cdc_rbeat.wbin[1]$_DFF_PN0_,clk_core,4.41,1.03,0.00013528343452041958,4.40986471656548,recovery,measured_p12_rail,orfs_ssd_ctrl_cfg_run_01_p12,measured_droop/orfs_ssd_ctrl_cfg_run_01_p12_rail.csv,1.1,True,VALIDATED
80,u_cdc_rbeat.wbin[0]$_DFF_PN0_,clk_core,4.41,1.03,0.00013528343452041958,4.40986471656548,recovery,measured_p12_rail,orfs_ssd_ctrl_cfg_run_01_p12,measured_droop/orfs_ssd_ctrl_cfg_run_01_p12_rail.csv,1.1,True,VALIDATED
77,u_cdc_rbeat.wq2_rgray[1]$_DFF_PN0_,clk_core,4.41,1.03,0.00013528343452041958,4.40986471656548,recovery,measured_p12_rail,orfs_ssd_ctrl_cfg_run_01_p12,measured_droop/orfs_ssd_ctrl_cfg_run_01_p12_rail.csv,1.1,True,VALIDATED
76,u_cdc_rbeat.wq2_rgray[2]$_DFF_PN0_,clk_core,4.41,1.03,0.00013528343452041958,4.40986471656548,recovery,measured_p12_rail,orfs_ssd_ctrl_cfg_run_01_p12,measured_droop/orfs_ssd_ctrl_cfg_run_01_p12_rail.csv,1.1,True,VALIDATED
78,u_cdc_rbeat.wgray[1]$_DFF_PN0_,clk_core,4.41,1.03,0.00013528343452041958,4.40986471656548,recovery,measured_p12_rail,orfs_ssd_ctrl_cfg_run_01_p12,measured_droop/orfs_ssd_ctrl_cfg_run_01_p12_rail.csv,1.1,True,VALIDATED
75,u_cdc_rbeat.wgray[0]$_DFF_PN0_,clk_core,4.41,1.03,0.00013528343452041958,4.40986471656548,recovery,measured_p12_rail,orfs_ssd_ctrl_cfg_run_01_p12,measured_droop/orfs_ssd_ctrl_cfg_run_01_p12_rail.csv,1.1,True,VALIDATED
79,u_cdc_rbeat.wq2_rgray[0]$_DFF_PN0_,clk_core,4.41,1.03,0.00013528343452041958,4.40986471656548,recovery,measured_p12_rail,orfs_ssd_ctrl_cfg_run_01_p12,measured_droop/orfs_ssd_ctrl_cfg_run_01_p12_rail.csv,1.1,True,VALIDATED
82,u_cdc_rbeat.wq1_rgray[1]$_DFF_PN0_,clk_core,4.41,1.03,0.00013528343452041958,4.40986471656548,recovery,measured_p12_rail,orfs_ssd_ctrl_cfg_run_01_p12,measured_droop/orfs_ssd_ctrl_cfg_run_01_p12_rail.csv,1.1,True,VALIDATED
67,u_cdc_rbeat.wq1_rgray[3]$_DFF_PN0_,clk_core,4.41,1.03,0.00013528343452041958,4.40986471656548,recovery,measured_p12_rail,orfs_ssd_ctrl_cfg_run_01_p12,measured_droop/orfs_ssd_ctrl_cfg_run_01_p12_rail.csv,1.1,True,VALIDATED
84,u_cdc_rbeat.wq1_rgray[2]$_DFF_PN0_,clk_core,4.41,1.03,0.00013528343452041958,4.40986471656548,recovery,measured_p12_rail,orfs_ssd_ctrl_cfg_run_01_p12,measured_droop/orfs_ssd_ctrl_cfg_run_01_p12_rail.csv,1.1,True,VALIDATED
73,u_cdc_rbeat.wgray[2]$_DFF_PN0_,clk_core,4.41,1.03,0.00013528343452041958,4.40986471656548,recovery,measured_p12_rail,orfs_ssd_ctrl_cfg_run_01_p12,measured_droop/orfs_ssd_ctrl_cfg_run_01_p12_rail.csv,1.1,True,VALIDATED
69,u_cdc_rbeat.wq2_rgray[3]$_DFF_PN0_,clk_core,4.41,1.03,0.00013528343452041958,4.40986471656548,recovery,measured_p12_rail,orfs_ssd_ctrl_cfg_run_01_p12,measured_droop/orfs_ssd_ctrl_cfg_run_01_p12_rail.csv,1.1,True,VALIDATED
70,u_cdc_rbeat.wgray[3]$_DFF_PN0_,clk_core,4.41,1.03,0.00013528343452041958,4.40986471656548,recovery,measured_p12_rail,orfs_ssd_ctrl_cfg_run_01_p12,measured_droop/orfs_ssd_ctrl_cfg_run_01_p12_rail.csv,1.1,True,VALIDATED
68,u_cdc_rbeat.wbin[4]$_DFF_PN0_,clk_core,4.41,1.03,0.00013528343452041958,4.40986471656548,recovery,measured_p12_rail,orfs_ssd_ctrl_cfg_run_01_p12,measured_droop/orfs_ssd_ctrl_cfg_run_01_p12_rail.csv,1.1,True,VALIDATED
71,u_cdc_rbeat.wbin[3]$_DFF_PN0_,clk_core,4.41,1.03,0.00013528343452041958,4.40986471656548,recovery,measured_p12_rail,orfs_ssd_ctrl_cfg_run_01_p12,measured_droop/orfs_ssd_ctrl_cfg_run_01_p12_rail.csv,1.1,True,VALIDATED
83,u_cdc_rbeat.wq1_rgray[4]$_DFF_PN0_,clk_core,4.41,1.03,0.0001339610708545741,4.409866038929145,recovery,measured_p12_rail,orfs_ssd_ctrl_cfg_run_01_p12,measured_droop/orfs_ssd_ctrl_cfg_run_01_p12_rail.csv,1.1,True,VALIDATED
85,u_cdc_rbeat.wq2_rgray[4]$_DFF_PN0_,clk_core,4.41,1.03,0.0001339610708545741,4.409866038929145,recovery,measured_p12_rail,orfs_ssd_ctrl_cfg_run_01_p12,measured_droop/orfs_ssd_ctrl_cfg_run_01_p12_rail.csv,1.1,True,VALIDATED
63,u_dma_fabric.rbeat_data[23]$_DFFE_PN0P_,clk_core,4.41,1.02,0.00012733216285931714,4.409872667837141,recovery,measured_p12_rail,orfs_ssd_ctrl_cfg_run_01_p12,measured_droop/orfs_ssd_ctrl_cfg_run_01_p12_rail.csv,1.1,True,VALIDATED
64,u_dma_fabric.rbeat_data[29]$_DFFE_PN0P_,clk_core,4.41,1.02,0.00012733216285931714,4.409872667837141,recovery,measured_p12_rail,orfs_ssd_ctrl_cfg_run_01_p12,measured_droop/orfs_ssd_ctrl_cfg_run_01_p12_rail.csv,1.1,True,VALIDATED
66,u_dma_fabric.rbeat_data[30]$_DFFE_PN0P_,clk_core,4.41,1.02,0.00012733216285931714,4.409872667837141,recovery,measured_p12_rail,orfs_ssd_ctrl_cfg_run_01_p12,measured_droop/orfs_ssd_ctrl_cfg_run_01_p12_rail.csv,1.1,True,VALIDATED
74,u_dma_fabric.rbeat_data[28]$_DFFE_PN0P_,clk_core,4.41,1.02,0.000127027707253341,4.409872972292747,recovery,measured_p12_rail,orfs_ssd_ctrl_cfg_run_01_p12,measured_droop/orfs_ssd_ctrl_cfg_run_01_p12_rail.csv,1.1,True,VALIDATED
89,u_dma_fabric.rbeat_data[2]$_DFFE_PN0P_,clk_core,4.42,1.02,0.0001199646022323822,4.419880035397767,recovery,measured_p12_rail,orfs_ssd_ctrl_cfg_run_01_p12,measured_droop/orfs_ssd_ctrl_cfg_run_01_p12_rail.csv,1.1,True,VALIDATED
87,u_dma_fabric.rbeat_data[1]$_DFFE_PN0P_,clk_core,4.42,1.02,0.0001199646022323822,4.419880035397767,recovery,measured_p12_rail,orfs_ssd_ctrl_cfg_run_01_p12,measured_droop/orfs_ssd_ctrl_cfg_run_01_p12_rail.csv,1.1,True,VALIDATED
88,u_dma_fabric.rbeat_data[26]$_DFFE_PN0P_,clk_core,4.42,1.02,0.0001199646022323822,4.419880035397767,recovery,measured_p12_rail,orfs_ssd_ctrl_cfg_run_01_p12,measured_droop/orfs_ssd_ctrl_cfg_run_01_p12_rail.csv,1.1,True,VALIDATED
90,u_dma_fabric.rbeat_data[3]$_DFFE_PN0P_,clk_core,4.42,1.02,0.0001199646022323822,4.419880035397767,recovery,measured_p12_rail,orfs_ssd_ctrl_cfg_run_01_p12,measured_droop/orfs_ssd_ctrl_cfg_run_01_p12_rail.csv,1.1,True,VALIDATED
91,u_dma_fabric.rbeat_data[0]$_DFFE_PN0P_,clk_core,4.42,1.02,0.0001199646022323822,4.419880035397767,recovery,measured_p12_rail,orfs_ssd_ctrl_cfg_run_01_p12,measured_droop/orfs_ssd_ctrl_cfg_run_01_p12_rail.csv,1.1,True,VALIDATED
92,u_seq_core.beats_left[28]$_DFFE_PN0P_,clk_core,4.49,0.94,0.00012628433451283144,4.489873715665487,recovery,measured_p12_rail,orfs_ssd_ctrl_cfg_run_01_p12,measured_droop/orfs_ssd_ctrl_cfg_run_01_p12_rail.csv,1.1,True,VALIDATED
93,u_seq_core.beats_left[22]$_DFFE_PN0P_,clk_core,4.49,0.95,0.00012357322589149483,4.489876426774109,recovery,measured_p12_rail,orfs_ssd_ctrl_cfg_run_01_p12,measured_droop/orfs_ssd_ctrl_cfg_run_01_p12_rail.csv,1.1,True,VALIDATED
95,u_seq_core.beats_left[25]$_DFFE_PN0P_,clk_core,4.49,0.94,0.0001222724550927201,4.489877727544908,recovery,measured_p12_rail,orfs_ssd_ctrl_cfg_run_01_p12,measured_droop/orfs_ssd_ctrl_cfg_run_01_p12_rail.csv,1.1,True,VALIDATED
96,u_seq_core.beats_left[26]$_DFFE_PN0P_,clk_core,4.49,0.94,0.0001222724550927201,4.489877727544908,recovery,measured_p12_rail,orfs_ssd_ctrl_cfg_run_01_p12,measured_droop/orfs_ssd_ctrl_cfg_run_01_p12_rail.csv,1.1,True,VALIDATED
94,u_seq_core.beats_left[21]$_DFFE_PN0P_,clk_core,4.49,0.94,0.0001222724550927201,4.489877727544908,recovery,measured_p12_rail,orfs_ssd_ctrl_cfg_run_01_p12,measured_droop/orfs_ssd_ctrl_cfg_run_01_p12_rail.csv,1.1,True,VALIDATED
97,u_seq_core.beats_left[27]$_DFFE_PN0P_,clk_core,4.49,0.94,0.0001222724550927201,4.489877727544908,recovery,measured_p12_rail,orfs_ssd_ctrl_cfg_run_01_p12,measured_droop/orfs_ssd_ctrl_cfg_run_01_p12_rail.csv,1.1,True,VALIDATED
135,c_cmd_valid$_DFF_PN0_,clk_core,4.5,0.94,0.00013953116321242798,4.499860468836787,recovery,measured_p12_rail,orfs_ssd_ctrl_cfg_run_01_p12,measured_droop/orfs_ssd_ctrl_cfg_run_01_p12_rail.csv,1.1,True,VALIDATED
128,c_cmd_addr[25]$_DFFE_PN0N_,clk_core,4.5,0.94,0.0001351854826547247,4.499864814517346,recovery,measured_p12_rail,orfs_ssd_ctrl_cfg_run_01_p12,measured_droop/orfs_ssd_ctrl_cfg_run_01_p12_rail.csv,1.1,True,VALIDATED
140,u_cdc_cmd.rbin[0]$_DFF_PN0_,clk_core,4.5,0.94,0.0001351854826547247,4.499864814517346,recovery,measured_p12_rail,orfs_ssd_ctrl_cfg_run_01_p12,measured_droop/orfs_ssd_ctrl_cfg_run_01_p12_rail.csv,1.1,True,VALIDATED
131,c_cmd_addr[24]$_DFFE_PN0N_,clk_core,4.5,0.94,0.0001351854826547247,4.499864814517346,recovery,measured_p12_rail,orfs_ssd_ctrl_cfg_run_01_p12,measured_droop/orfs_ssd_ctrl_cfg_run_01_p12_rail.csv,1.1,True,VALIDATED
108,u_cdc_cmd.rq1_wgray[2]$_DFF_PN0_,clk_core,4.5,0.94,0.00012809275222398775,4.499871907247776,recovery,measured_p12_rail,orfs_ssd_ctrl_cfg_run_01_p12,measured_droop/orfs_ssd_ctrl_cfg_run_01_p12_rail.csv,1.1,True,VALIDATED
110,u_cdc_cmd.rq2_wgray[3]$_DFF_PN0_,clk_core,4.5,0.94,0.00012809275222398775,4.499871907247776,recovery,measured_p12_rail,orfs_ssd_ctrl_cfg_run_01_p12,measured_droop/orfs_ssd_ctrl_cfg_run_01_p12_rail.csv,1.1,True,VALIDATED
109,u_cdc_cmd.rq2_wgray[2]$_DFF_PN0_,clk_core,4.5,0.94,0.00012809275222398775,4.499871907247776,recovery,measured_p12_rail,orfs_ssd_ctrl_cfg_run_01_p12,measured_droop/orfs_ssd_ctrl_cfg_run_01_p12_rail.csv,1.1,True,VALIDATED
114,u_cdc_cmd.rgray[2]$_DFF_PN0_,clk_core,4.5,0.94,0.00012809275222398775,4.499871907247776,recovery,measured_p12_rail,orfs_ssd_ctrl_cfg_run_01_p12,measured_droop/orfs_ssd_ctrl_cfg_run_01_p12_rail.csv,1.1,True,VALIDATED
104,u_cdc_cmd.rq1_wgray[4]$_DFF_PN0_,clk_core,4.5,0.94,0.00012809275222398775,4.499871907247776,recovery,measured_p12_rail,orfs_ssd_ctrl_cfg_run_01_p12,measured_droop/orfs_ssd_ctrl_cfg_run_01_p12_rail.csv,1.1,True,VALIDATED
115,u_cdc_cmd.rgray[3]$_DFF_PN0_,clk_core,4.5,0.94,0.00012809275222398775,4.499871907247776,recovery,measured_p12_rail,orfs_ssd_ctrl_cfg_run_01_p12,measured_droop/orfs_ssd_ctrl_cfg_run_01_p12_rail.csv,1.1,True,VALIDATED
111,u_cdc_cmd.rbin[3]$_DFF_PN0_,clk_core,4.5,0.94,0.00012809275222398775,4.499871907247776,recovery,measured_p12_rail,orfs_ssd_ctrl_cfg_run_01_p12,measured_droop/orfs_ssd_ctrl_cfg_run_01_p12_rail.csv,1.1,True,VALIDATED
112,u_cdc_cmd.rbin[1]$_DFF_PN0_,clk_core,4.5,0.94,0.00012809275222398775,4.499871907247776,recovery,measured_p12_rail,orfs_ssd_ctrl_cfg_run_01_p12,measured_droop/orfs_ssd_ctrl_cfg_run_01_p12_rail.csv,1.1,True,VALIDATED
103,u_cdc_cmd.rbin[4]$_DFF_PN0_,clk_core,4.5,0.94,0.00012809275222398775,4.499871907247776,recovery,measured_p12_rail,orfs_ssd_ctrl_cfg_run_01_p12,measured_droop/orfs_ssd_ctrl_cfg_run_01_p12_rail.csv,1.1,True,VALIDATED
102,u_cdc_cmd.rq2_wgray[4]$_DFF_PN0_,clk_core,4.5,0.94,0.00012809275222398775,4.499871907247776,recovery,measured_p12_rail,orfs_ssd_ctrl_cfg_run_01_p12,measured_droop/orfs_ssd_ctrl_cfg_run_01_p12_rail.csv,1.1,True,VALIDATED
107,u_cdc_cmd.rq1_wgray[3]$_DFF_PN0_,clk_core,4.5,0.94,0.00012809275222398775,4.499871907247776,recovery,measured_p12_rail,orfs_ssd_ctrl_cfg_run_01_p12,measured_droop/orfs_ssd_ctrl_cfg_run_01_p12_rail.csv,1.1,True,VALIDATED
99,u_seq_core.beats_left[29]$_DFFE_PN0P_,clk_core,4.5,0.94,0.0001222724550927201,4.499877727544908,recovery,measured_p12_rail,orfs_ssd_ctrl_cfg_run_01_p12,measured_droop/orfs_ssd_ctrl_cfg_run_01_p12_rail.csv,1.1,True,VALIDATED
98,u_seq_core.beats_left[30]$_DFFE_PN0P_,clk_core,4.5,0.94,0.00012133556378447763,4.499878664436215,recovery,measured_p12_rail,orfs_ssd_ctrl_cfg_run_01_p12,measured_droop/orfs_ssd_ctrl_cfg_run_01_p12_rail.csv,1.1,True,VALIDATED
116,c_cmd_len[0]$_DFFE_PN0N_,clk_core,4.5,0.95,0.00011672527085530848,4.499883274729145,recovery,measured_p12_rail,orfs_ssd_ctrl_cfg_run_01_p12,measured_droop/orfs_ssd_ctrl_cfg_run_01_p12_rail.csv,1.1,True,VALIDATED
119,c_cmd_len[1]$_DFFE_PN0N_,clk_core,4.5,0.95,0.00011672527085530848,4.499883274729145,recovery,measured_p12_rail,orfs_ssd_ctrl_cfg_run_01_p12,measured_droop/orfs_ssd_ctrl_cfg_run_01_p12_rail.csv,1.1,True,VALIDATED
117,c_cmd_len[3]$_DFFE_PN0N_,clk_core,4.5,0.95,0.00011672527085530848,4.499883274729145,recovery,measured_p12_rail,orfs_ssd_ctrl_cfg_run_01_p12,measured_droop/orfs_ssd_ctrl_cfg_run_01_p12_rail.csv,1.1,True,VALIDATED
134,c_cmd_len[9]$_DFFE_PN0N_,clk_core,4.5,0.95,0.00011248219100271073,4.499887517808998,recovery,measured_p12_rail,orfs_ssd_ctrl_cfg_run_01_p12,measured_droop/orfs_ssd_ctrl_cfg_run_01_p12_rail.csv,1.1,True,VALIDATED
126,c_cmd_len[8]$_DFFE_PN0N_,clk_core,4.5,0.95,0.00011248219100271073,4.499887517808998,recovery,measured_p12_rail,orfs_ssd_ctrl_cfg_run_01_p12,measured_droop/orfs_ssd_ctrl_cfg_run_01_p12_rail.csv,1.1,True,VALIDATED
132,c_cmd_addr[23]$_DFFE_PN0N_,clk_core,4.5,0.95,0.00011248219100271073,4.499887517808998,recovery,measured_p12_rail,orfs_ssd_ctrl_cfg_run_01_p12,measured_droop/orfs_ssd_ctrl_cfg_run_01_p12_rail.csv,1.1,True,VALIDATED
130,c_cmd_len[5]$_DFFE_PN0N_,clk_core,4.5,0.95,0.00011248219100271073,4.499887517808998,recovery,measured_p12_rail,orfs_ssd_ctrl_cfg_run_01_p12,measured_droop/orfs_ssd_ctrl_cfg_run_01_p12_rail.csv,1.1,True,VALIDATED
105,c_cmd_len[7]$_DFFE_PN0N_,clk_core,4.5,0.95,0.00011240214326533465,4.499887597856735,recovery,measured_p12_rail,orfs_ssd_ctrl_cfg_run_01_p12,measured_droop/orfs_ssd_ctrl_cfg_run_01_p12_rail.csv,1.1,True,VALIDATED
100,c_cmd_len[2]$_DFFE_PN0N_,clk_core,4.5,0.95,0.00011240214326533465,4.499887597856735,recovery,measured_p12_rail,orfs_ssd_ctrl_cfg_run_01_p12,measured_droop/orfs_ssd_ctrl_cfg_run_01_p12_rail.csv,1.1,True,VALIDATED
106,c_cmd_len[4]$_DFFE_PN0N_,clk_core,4.5,0.95,0.00011240214326533465,4.499887597856735,recovery,measured_p12_rail,orfs_ssd_ctrl_cfg_run_01_p12,measured_droop/orfs_ssd_ctrl_cfg_run_01_p12_rail.csv,1.1,True,VALIDATED
101,c_cmd_len[10]$_DFFE_PN0N_,clk_core,4.5,0.95,0.00011216200235800167,4.499887837997642,recovery,measured_p12_rail,orfs_ssd_ctrl_cfg_run_01_p12,measured_droop/orfs_ssd_ctrl_cfg_run_01_p12_rail.csv,1.1,True,VALIDATED
113,c_cmd_len[6]$_DFFE_PN0N_,clk_core,4.5,0.94,0.00011121896281001548,4.49988878103719,recovery,measured_p12_rail,orfs_ssd_ctrl_cfg_run_01_p12,measured_droop/orfs_ssd_ctrl_cfg_run_01_p12_rail.csv,1.1,True,VALIDATED
118,g_chan[1].u_cdc_chw.wbin[2]$_DFF_PN0_,clk_core,4.5,0.94,0.00011117734964879306,4.499888822650351,recovery,measured_p12_rail,orfs_ssd_ctrl_cfg_run_01_p12,measured_droop/orfs_ssd_ctrl_cfg_run_01_p12_rail.csv,1.1,True,VALIDATED
137,g_chan[1].u_cdc_chw.wq1_rgray[2]$_DFF_PN0_,clk_core,4.5,0.94,0.00011041631905468058,4.499889583680945,recovery,measured_p12_rail,orfs_ssd_ctrl_cfg_run_01_p12,measured_droop/orfs_ssd_ctrl_cfg_run_01_p12_rail.csv,1.1,True,VALIDATED
136,g_chan[1].u_cdc_chw.wq2_rgray[1]$_DFF_PN0_,clk_core,4.5,0.94,0.00010983090605953122,4.49989016909394,recovery,measured_p12_rail,orfs_ssd_ctrl_cfg_run_01_p12,measured_droop/orfs_ssd_ctrl_cfg_run_01_p12_rail.csv,1.1,True,VALIDATED
139,g_chan[1].u_cdc_chw.wq1_rgray[3]$_DFF_PN0_,clk_core,4.5,0.94,0.00010974309726004966,4.49989025690274,recovery,measured_p12_rail,orfs_ssd_ctrl_cfg_run_01_p12,measured_droop/orfs_ssd_ctrl_cfg_run_01_p12_rail.csv,1.1,True,VALIDATED
124,g_chan[1].u_cdc_chw.wgray[2]$_DFF_PN0_,clk_core,4.5,0.94,0.00010974309726004966,4.49989025690274,recovery,measured_p12_rail,orfs_ssd_ctrl_cfg_run_01_p12,measured_droop/orfs_ssd_ctrl_cfg_run_01_p12_rail.csv,1.1,True,VALIDATED
123,g_chan[1].u_cdc_chw.wgray[3]$_DFF_PN0_,clk_core,4.5,0.94,0.00010974309726004966,4.49989025690274,recovery,measured_p12_rail,orfs_ssd_ctrl_cfg_run_01_p12,measured_droop/orfs_ssd_ctrl_cfg_run_01_p12_rail.csv,1.1,True,VALIDATED
133,g_chan[1].u_cdc_chw.wq2_rgray[2]$_DFF_PN0_,clk_core,4.5,0.94,0.00010974309726004966,4.49989025690274,recovery,measured_p12_rail,orfs_ssd_ctrl_cfg_run_01_p12,measured_droop/orfs_ssd_ctrl_cfg_run_01_p12_rail.csv,1.1,True,VALIDATED
127,g_chan[1].u_cdc_chw.wgray[1]$_DFF_PN0_,clk_core,4.5,0.94,0.00010965528909259725,4.4998903447109075,recovery,measured_p12_rail,orfs_ssd_ctrl_cfg_run_01_p12,measured_droop/orfs_ssd_ctrl_cfg_run_01_p12_rail.csv,1.1,True,VALIDATED
129,g_chan[1].u_cdc_chw.wgray[0]$_DFF_PN0_,clk_core,4.5,0.94,0.00010965528909259725,4.4998903447109075,recovery,measured_p12_rail,orfs_ssd_ctrl_cfg_run_01_p12,measured_droop/orfs_ssd_ctrl_cfg_run_01_p12_rail.csv,1.1,True,VALIDATED
138,g_chan[1].u_cdc_chw.wbin[4]$_DFF_PN0_,clk_core,4.5,0.94,0.00010965528909259725,4.4998903447109075,recovery,measured_p12_rail,orfs_ssd_ctrl_cfg_run_01_p12,measured_droop/orfs_ssd_ctrl_cfg_run_01_p12_rail.csv,1.1,True,VALIDATED
125,g_chan[1].u_cdc_chw.wq1_rgray[1]$_DFF_PN0_,clk_core,4.5,0.94,0.00010965528909259725,4.4998903447109075,recovery,measured_p12_rail,orfs_ssd_ctrl_cfg_run_01_p12,measured_droop/orfs_ssd_ctrl_cfg_run_01_p12_rail.csv,1.1,True,VALIDATED
121,g_chan[1].u_cdc_chw.wbin[3]$_DFF_PN0_,clk_core,4.5,0.94,0.00010965528909259725,4.4998903447109075,recovery,measured_p12_rail,orfs_ssd_ctrl_cfg_run_01_p12,measured_droop/orfs_ssd_ctrl_cfg_run_01_p12_rail.csv,1.1,True,VALIDATED
120,g_chan[1].u_cdc_chw.wbin[0]$_DFF_PN0_,clk_core,4.5,0.94,0.00010965528909259725,4.4998903447109075,recovery,measured_p12_rail,orfs_ssd_ctrl_cfg_run_01_p12,measured_droop/orfs_ssd_ctrl_cfg_run_01_p12_rail.csv,1.1,True,VALIDATED
122,g_chan[1].u_cdc_chw.wbin[1]$_DFF_PN0_,clk_core,4.5,0.94,0.00010965528909259725,4.4998903447109075,recovery,measured_p12_rail,orfs_ssd_ctrl_cfg_run_01_p12,measured_droop/orfs_ssd_ctrl_cfg_run_01_p12_rail.csv,1.1,True,VALIDATED
150,u_cdc_cmd.rd_empty$_DFF_PN1_,clk_core,4.51,0.94,0.00013953116321242798,4.509860468836787,recovery,measured_p12_rail,orfs_ssd_ctrl_cfg_run_01_p12,measured_droop/orfs_ssd_ctrl_cfg_run_01_p12_rail.csv,1.1,True,VALIDATED
141,u_cdc_cmd.rgray[0]$_DFF_PN0_,clk_core,4.51,0.94,0.0001351854826547247,4.509864814517345,recovery,measured_p12_rail,orfs_ssd_ctrl_cfg_run_01_p12,measured_droop/orfs_ssd_ctrl_cfg_run_01_p12_rail.csv,1.1,True,VALIDATED
147,u_cdc_cmd.rq2_wgray[1]$_DFF_PN0_,clk_core,4.51,0.94,0.00012686471178110365,4.509873135288219,recovery,measured_p12_rail,orfs_ssd_ctrl_cfg_run_01_p12,measured_droop/orfs_ssd_ctrl_cfg_run_01_p12_rail.csv,1.1,True,VALIDATED
152,u_cdc_cmd.rgray[1]$_DFF_PN0_,clk_core,4.51,0.94,0.00012686471178110365,4.509873135288219,recovery,measured_p12_rail,orfs_ssd_ctrl_cfg_run_01_p12,measured_droop/orfs_ssd_ctrl_cfg_run_01_p12_rail.csv,1.1,True,VALIDATED
145,u_cdc_cmd.rq1_wgray[0]$_DFF_PN0_,clk_core,4.51,0.94,0.00012686471178110365,4.509873135288219,recovery,measured_p12_rail,orfs_ssd_ctrl_cfg_run_01_p12,measured_droop/orfs_ssd_ctrl_cfg_run_01_p12_rail.csv,1.1,True,VALIDATED
146,u_cdc_cmd.rq1_wgray[1]$_DFF_PN0_,clk_core,4.51,0.94,0.00012686471178110365,4.509873135288219,recovery,measured_p12_rail,orfs_ssd_ctrl_cfg_run_01_p12,measured_droop/orfs_ssd_ctrl_cfg_run_01_p12_rail.csv,1.1,True,VALIDATED
151,u_cdc_cmd.rbin[2]$_DFF_PN0_,clk_core,4.51,0.94,0.00012686471178110365,4.509873135288219,recovery,measured_p12_rail,orfs_ssd_ctrl_cfg_run_01_p12,measured_droop/orfs_ssd_ctrl_cfg_run_01_p12_rail.csv,1.1,True,VALIDATED
148,u_cdc_cmd.rq2_wgray[0]$_DFF_PN0_,clk_core,4.51,0.94,0.00012686471178110365,4.509873135288219,recovery,measured_p12_rail,orfs_ssd_ctrl_cfg_run_01_p12,measured_droop/orfs_ssd_ctrl_cfg_run_01_p12_rail.csv,1.1,True,VALIDATED
149,u_seq_core.op_q[0]$_DFFE_PN0P_,clk_core,4.51,0.94,0.00011351946191680284,4.509886480538083,recovery,measured_p12_rail,orfs_ssd_ctrl_cfg_run_01_p12,measured_droop/orfs_ssd_ctrl_cfg_run_01_p12_rail.csv,1.1,True,VALIDATED
142,g_chan[1].u_cdc_chw.wq2_rgray[0]$_DFF_PN0_,clk_core,4.51,0.94,0.00010983090605953122,4.50989016909394,recovery,measured_p12_rail,orfs_ssd_ctrl_cfg_run_01_p12,measured_droop/orfs_ssd_ctrl_cfg_run_01_p12_rail.csv,1.1,True,VALIDATED
143,g_chan[1].u_cdc_chw.wq2_rgray[3]$_DFF_PN0_,clk_core,4.51,0.94,0.00010983090605953122,4.50989016909394,recovery,measured_p12_rail,orfs_ssd_ctrl_cfg_run_01_p12,measured_droop/orfs_ssd_ctrl_cfg_run_01_p12_rail.csv,1.1,True,VALIDATED
144,g_chan[1].u_cdc_chr.rd_empty$_DFF_PN1_,clk_core,4.51,0.92,0.00010970082662481451,4.509890299173375,recovery,measured_p12_rail,orfs_ssd_ctrl_cfg_run_01_p12,measured_droop/orfs_ssd_ctrl_cfg_run_01_p12_rail.csv,1.1,True,VALIDATED
153,u_dma_fabric.rbeat_valid$_DFFE_PN0P_,clk_core,4.51,0.92,0.00010823145875215462,4.509891768541248,recovery,measured_p12_rail,orfs_ssd_ctrl_cfg_run_01_p12,measured_droop/orfs_ssd_ctrl_cfg_run_01_p12_rail.csv,1.1,True,VALIDATED
161,g_chan[1].u_cdc_chr.rbin[2]$_DFF_PN0_,clk_core,4.52,0.92,0.00010970082662481451,4.519890299173375,recovery,measured_p12_rail,orfs_ssd_ctrl_cfg_run_01_p12,measured_droop/orfs_ssd_ctrl_cfg_run_01_p12_rail.csv,1.1,True,VALIDATED
164,g_chan[1].u_cdc_chr.rgray[2]$_DFF_PN0_,clk_core,4.52,0.92,0.00010970082662481451,4.519890299173375,recovery,measured_p12_rail,orfs_ssd_ctrl_cfg_run_01_p12,measured_droop/orfs_ssd_ctrl_cfg_run_01_p12_rail.csv,1.1,True,VALIDATED
162,g_chan[1].u_cdc_chr.rbin[4]$_DFF_PN0_,clk_core,4.52,0.92,0.00010970082662481451,4.519890299173375,recovery,measured_p12_rail,orfs_ssd_ctrl_cfg_run_01_p12,measured_droop/orfs_ssd_ctrl_cfg_run_01_p12_rail.csv,1.1,True,VALIDATED
167,g_chan[1].u_cdc_chr.rq2_wgray[2]$_DFF_PN0_,clk_core,4.52,0.92,0.00010970082662481451,4.519890299173375,recovery,measured_p12_rail,orfs_ssd_ctrl_cfg_run_01_p12,measured_droop/orfs_ssd_ctrl_cfg_run_01_p12_rail.csv,1.1,True,VALIDATED
168,g_chan[1].u_cdc_chr.rgray[3]$_DFF_PN0_,clk_core,4.52,0.92,0.00010970082662481451,4.519890299173375,recovery,measured_p12_rail,orfs_ssd_ctrl_cfg_run_01_p12,measured_droop/orfs_ssd_ctrl_cfg_run_01_p12_rail.csv,1.1,True,VALIDATED
163,g_chan[1].u_cdc_chr.rq2_wgray[4]$_DFF_PN0_,clk_core,4.52,0.92,0.00010970082662481451,4.519890299173375,recovery,measured_p12_rail,orfs_ssd_ctrl_cfg_run_01_p12,measured_droop/orfs_ssd_ctrl_cfg_run_01_p12_rail.csv,1.1,True,VALIDATED
165,g_chan[1].u_cdc_chr.rq1_wgray[2]$_DFF_PN0_,clk_core,4.52,0.92,0.00010970082662481451,4.519890299173375,recovery,measured_p12_rail,orfs_ssd_ctrl_cfg_run_01_p12,measured_droop/orfs_ssd_ctrl_cfg_run_01_p12_rail.csv,1.1,True,VALIDATED
157,g_chan[1].u_cdc_chr.rq2_wgray[0]$_DFF_PN0_,clk_core,4.52,0.92,0.00010970082662481451,4.519890299173375,recovery,measured_p12_rail,orfs_ssd_ctrl_cfg_run_01_p12,measured_droop/orfs_ssd_ctrl_cfg_run_01_p12_rail.csv,1.1,True,VALIDATED
154,g_chan[1].u_cdc_chr.rbin[1]$_DFF_PN0_,clk_core,4.52,0.92,0.00010970082662481451,4.519890299173375,recovery,measured_p12_rail,orfs_ssd_ctrl_cfg_run_01_p12,measured_droop/orfs_ssd_ctrl_cfg_run_01_p12_rail.csv,1.1,True,VALIDATED
155,g_chan[1].u_cdc_chr.rbin[3]$_DFF_PN0_,clk_core,4.52,0.92,0.00010970082662481451,4.519890299173375,recovery,measured_p12_rail,orfs_ssd_ctrl_cfg_run_01_p12,measured_droop/orfs_ssd_ctrl_cfg_run_01_p12_rail.csv,1.1,True,VALIDATED
156,g_chan[1].u_cdc_chr.rbin[0]$_DFF_PN0_,clk_core,4.52,0.92,0.00010970082662481451,4.519890299173375,recovery,measured_p12_rail,orfs_ssd_ctrl_cfg_run_01_p12,measured_droop/orfs_ssd_ctrl_cfg_run_01_p12_rail.csv,1.1,True,VALIDATED
166,g_chan[1].u_cdc_chr.rq2_wgray[3]$_DFF_PN0_,clk_core,4.52,0.92,0.00010970082662481451,4.519890299173375,recovery,measured_p12_rail,orfs_ssd_ctrl_cfg_run_01_p12,measured_droop/orfs_ssd_ctrl_cfg_run_01_p12_rail.csv,1.1,True,VALIDATED
160,g_chan[1].u_cdc_chr.rq1_wgray[0]$_DFF_PN0_,clk_core,4.52,0.92,0.00010964353850699549,4.5198903564614925,recovery,measured_p12_rail,orfs_ssd_ctrl_cfg_run_01_p12,measured_droop/orfs_ssd_ctrl_cfg_run_01_p12_rail.csv,1.1,True,VALIDATED
158,g_chan[1].u_cdc_chr.rq1_wgray[4]$_DFF_PN0_,clk_core,4.52,0.92,0.00010964353850699549,4.5198903564614925,recovery,measured_p12_rail,orfs_ssd_ctrl_cfg_run_01_p12,measured_droop/orfs_ssd_ctrl_cfg_run_01_p12_rail.csv,1.1,True,VALIDATED
159,g_chan[1].u_cdc_chr.rgray[0]$_DFF_PN0_,clk_core,4.52,0.92,0.00010964353850699549,4.5198903564614925,recovery,measured_p12_rail,orfs_ssd_ctrl_cfg_run_01_p12,measured_droop/orfs_ssd_ctrl_cfg_run_01_p12_rail.csv,1.1,True,VALIDATED
170,g_chan[1].u_cdc_chr.rq1_wgray[3]$_DFF_PN0_,clk_core,4.52,0.92,0.00010964353850699549,4.5198903564614925,recovery,measured_p12_rail,orfs_ssd_ctrl_cfg_run_01_p12,measured_droop/orfs_ssd_ctrl_cfg_run_01_p12_rail.csv,1.1,True,VALIDATED
171,g_chan[1].u_cdc_chr.rq2_wgray[1]$_DFF_PN0_,clk_core,4.52,0.92,0.00010964353850699549,4.5198903564614925,recovery,measured_p12_rail,orfs_ssd_ctrl_cfg_run_01_p12,measured_droop/orfs_ssd_ctrl_cfg_run_01_p12_rail.csv,1.1,True,VALIDATED
172,g_chan[1].u_cdc_chr.rq1_wgray[1]$_DFF_PN0_,clk_core,4.52,0.92,0.00010964353850699549,4.5198903564614925,recovery,measured_p12_rail,orfs_ssd_ctrl_cfg_run_01_p12,measured_droop/orfs_ssd_ctrl_cfg_run_01_p12_rail.csv,1.1,True,VALIDATED
169,u_dma_fabric.rr_ptr$_DFFE_PN0P_,clk_core,4.52,0.92,0.00010334368860908522,4.51989665631139,recovery,measured_p12_rail,orfs_ssd_ctrl_cfg_run_01_p12,measured_droop/orfs_ssd_ctrl_cfg_run_01_p12_rail.csv,1.1,True,VALIDATED
173,g_chan[1].u_cdc_chr.rgray[1]$_DFF_PN0_,clk_core,4.53,0.91,0.00010845176091444503,4.529891548239086,recovery,measured_p12_rail,orfs_ssd_ctrl_cfg_run_01_p12,measured_droop/orfs_ssd_ctrl_cfg_run_01_p12_rail.csv,1.1,True,VALIDATED
177,u_seq_core.addr_q[8]$_DFFE_PN0P_,clk_core,4.55,0.89,0.00010734223589916464,4.549892657764101,recovery,measured_p12_rail,orfs_ssd_ctrl_cfg_run_01_p12,measured_droop/orfs_ssd_ctrl_cfg_run_01_p12_rail.csv,1.1,True,VALIDATED
176,u_seq_core.addr_q[6]$_DFFE_PN0P_,clk_core,4.55,0.89,0.00010734223589916464,4.549892657764101,recovery,measured_p12_rail,orfs_ssd_ctrl_cfg_run_01_p12,measured_droop/orfs_ssd_ctrl_cfg_run_01_p12_rail.csv,1.1,True,VALIDATED
175,u_seq_core.addr_q[7]$_DFFE_PN0P_,clk_core,4.55,0.89,0.00010631681410235017,4.549893683185897,recovery,measured_p12_rail,orfs_ssd_ctrl_cfg_run_01_p12,measured_droop/orfs_ssd_ctrl_cfg_run_01_p12_rail.csv,1.1,True,VALIDATED
174,u_seq_core.addr_q[26]$_DFFE_PN0P_,clk_core,4.55,0.89,0.00010631681410235017,4.549893683185897,recovery,measured_p12_rail,orfs_ssd_ctrl_cfg_run_01_p12,measured_droop/orfs_ssd_ctrl_cfg_run_01_p12_rail.csv,1.1,True,VALIDATED
178,u_seq_core.addr_q[9]$_DFFE_PN0P_,clk_core,4.55,0.88,0.00010613614336090621,4.549893863856639,recovery,measured_p12_rail,orfs_ssd_ctrl_cfg_run_01_p12,measured_droop/orfs_ssd_ctrl_cfg_run_01_p12_rail.csv,1.1,True,VALIDATED
181,u_seq_core.addr_q[20]$_DFFE_PN0P_,clk_core,4.56,0.88,0.00010613614336090621,4.559893863856638,recovery,measured_p12_rail,orfs_ssd_ctrl_cfg_run_01_p12,measured_droop/orfs_ssd_ctrl_cfg_run_01_p12_rail.csv,1.1,True,VALIDATED
180,u_seq_core.addr_q[2]$_DFFE_PN0P_,clk_core,4.56,0.88,0.00010613614336090621,4.559893863856638,recovery,measured_p12_rail,orfs_ssd_ctrl_cfg_run_01_p12,measured_droop/orfs_ssd_ctrl_cfg_run_01_p12_rail.csv,1.1,True,VALIDATED
179,u_seq_core.addr_q[31]$_DFFE_PN0P_,clk_core,4.56,0.88,0.00010613614336090621,4.559893863856638,recovery,measured_p12_rail,orfs_ssd_ctrl_cfg_run_01_p12,measured_droop/orfs_ssd_ctrl_cfg_run_01_p12_rail.csv,1.1,True,VALIDATED
182,u_seq_core.addr_q[21]$_DFFE_PN0P_,clk_core,4.56,0.89,0.00010548538457371553,4.559894514615426,recovery,measured_p12_rail,orfs_ssd_ctrl_cfg_run_01_p12,measured_droop/orfs_ssd_ctrl_cfg_run_01_p12_rail.csv,1.1,True,VALIDATED
183,c_cmd_addr[7]$_DFFE_PN0N_,clk_core,4.57,0.89,0.00010132829056730408,4.569898671709433,recovery,measured_p12_rail,orfs_ssd_ctrl_cfg_run_01_p12,measured_droop/orfs_ssd_ctrl_cfg_run_01_p12_rail.csv,1.1,True,VALIDATED
184,c_cmd_addr[6]$_DFFE_PN0N_,clk_core,4.57,0.89,0.00010132829056730408,4.569898671709433,recovery,measured_p12_rail,orfs_ssd_ctrl_cfg_run_01_p12,measured_droop/orfs_ssd_ctrl_cfg_run_01_p12_rail.csv,1.1,True,VALIDATED
185,c_cmd_addr[9]$_DFFE_PN0N_,clk_core,4.57,0.89,0.00010132829056730408,4.569898671709433,recovery,measured_p12_rail,orfs_ssd_ctrl_cfg_run_01_p12,measured_droop/orfs_ssd_ctrl_cfg_run_01_p12_rail.csv,1.1,True,VALIDATED
186,c_cmd_addr[8]$_DFFE_PN0N_,clk_core,4.57,0.88,0.00010089413375301975,4.569899105866248,recovery,measured_p12_rail,orfs_ssd_ctrl_cfg_run_01_p12,measured_droop/orfs_ssd_ctrl_cfg_run_01_p12_rail.csv,1.1,True,VALIDATED
188,u_seq_core.done$_DFFE_PN0P_,clk_core,4.59,0.85,0.00011323884270675322,4.5898867611572935,recovery,measured_p12_rail,orfs_ssd_ctrl_cfg_run_01_p12,measured_droop/orfs_ssd_ctrl_cfg_run_01_p12_rail.csv,1.1,True,VALIDATED
197,u_seq_core.ecc_en_q$_DFFE_PN0P_,clk_core,4.59,0.85,0.00011323884270675322,4.5898867611572935,recovery,measured_p12_rail,orfs_ssd_ctrl_cfg_run_01_p12,measured_droop/orfs_ssd_ctrl_cfg_run_01_p12_rail.csv,1.1,True,VALIDATED
199,u_seq_core.ch_cmd_valid$_DFF_PN0_,clk_core,4.59,0.85,0.00011323884270675322,4.5898867611572935,recovery,measured_p12_rail,orfs_ssd_ctrl_cfg_run_01_p12,measured_droop/orfs_ssd_ctrl_cfg_run_01_p12_rail.csv,1.1,True,VALIDATED
195,u_ecc_engine.vpipe[1]$_DFF_PN0_,clk_core,4.59,0.85,0.00011080469729977949,4.5898891953027,recovery,measured_p12_rail,orfs_ssd_ctrl_cfg_run_01_p12,measured_droop/orfs_ssd_ctrl_cfg_run_01_p12_rail.csv,1.1,True,VALIDATED
198,u_ecc_engine.vpipe[2]$_DFF_PN0_,clk_core,4.59,0.85,0.00011080469729977949,4.5898891953027,recovery,measured_p12_rail,orfs_ssd_ctrl_cfg_run_01_p12,measured_droop/orfs_ssd_ctrl_cfg_run_01_p12_rail.csv,1.1,True,VALIDATED
196,u_ecc_engine.vpipe[0]$_DFF_PN0_,clk_core,4.59,0.85,0.00011080469729977949,4.5898891953027,recovery,measured_p12_rail,orfs_ssd_ctrl_cfg_run_01_p12,measured_droop/orfs_ssd_ctrl_cfg_run_01_p12_rail.csv,1.1,True,VALIDATED
189,g_chan[0].u_cdc_chcmd.wbin[3]$_DFF_PN0_,clk_core,4.59,0.85,0.00011080469729977949,4.5898891953027,recovery,measured_p12_rail,orfs_ssd_ctrl_cfg_run_01_p12,measured_droop/orfs_ssd_ctrl_cfg_run_01_p12_rail.csv,1.1,True,VALIDATED
190,g_chan[0].u_cdc_chcmd.wgray[1]$_DFF_PN0_,clk_core,4.59,0.85,0.00011080469729977949,4.5898891953027,recovery,measured_p12_rail,orfs_ssd_ctrl_cfg_run_01_p12,measured_droop/orfs_ssd_ctrl_cfg_run_01_p12_rail.csv,1.1,True,VALIDATED
191,g_chan[0].u_cdc_chcmd.wgray[0]$_DFF_PN0_,clk_core,4.59,0.85,0.00010737309695976055,4.5898926269030405,recovery,measured_p12_rail,orfs_ssd_ctrl_cfg_run_01_p12,measured_droop/orfs_ssd_ctrl_cfg_run_01_p12_rail.csv,1.1,True,VALIDATED
192,g_chan[0].u_cdc_chcmd.wbin[4]$_DFF_PN0_,clk_core,4.59,0.85,0.00010737309695976055,4.5898926269030405,recovery,measured_p12_rail,orfs_ssd_ctrl_cfg_run_01_p12,measured_droop/orfs_ssd_ctrl_cfg_run_01_p12_rail.csv,1.1,True,VALIDATED
193,g_chan[0].u_cdc_chcmd.wq1_rgray[1]$_DFF_PN0_,clk_core,4.59,0.85,0.00010737309695976055,4.5898926269030405,recovery,measured_p12_rail,orfs_ssd_ctrl_cfg_run_01_p12,measured_droop/orfs_ssd_ctrl_cfg_run_01_p12_rail.csv,1.1,True,VALIDATED
187,g_chan[0].u_cdc_chcmd.wr_full$_DFF_PN0_,clk_core,4.59,0.85,0.00010737309695976055,4.5898926269030405,recovery,measured_p12_rail,orfs_ssd_ctrl_cfg_run_01_p12,measured_droop/orfs_ssd_ctrl_cfg_run_01_p12_rail.csv,1.1,True,VALIDATED
194,g_chan[0].u_cdc_chcmd.wq2_rgray[1]$_DFF_PN0_,clk_core,4.59,0.85,0.00010737309695976055,4.5898926269030405,recovery,measured_p12_rail,orfs_ssd_ctrl_cfg_run_01_p12,measured_droop/orfs_ssd_ctrl_cfg_run_01_p12_rail.csv,1.1,True,VALIDATED
204,c_cmd_ecc_en$_DFFE_PN0N_,clk_core,4.6,0.85,0.00011106419867913664,4.599888935801321,recovery,measured_p12_rail,orfs_ssd_ctrl_cfg_run_01_p12,measured_droop/orfs_ssd_ctrl_cfg_run_01_p12_rail.csv,1.1,True,VALIDATED
206,c_cmd_opcode[2]$_DFFE_PN0N_,clk_core,4.6,0.85,0.00010758133349299953,4.599892418666506,recovery,measured_p12_rail,orfs_ssd_ctrl_cfg_run_01_p12,measured_droop/orfs_ssd_ctrl_cfg_run_01_p12_rail.csv,1.1,True,VALIDATED
205,c_cmd_opcode[0]$_DFFE_PN0N_,clk_core,4.6,0.85,0.00010758133349299953,4.599892418666506,recovery,measured_p12_rail,orfs_ssd_ctrl_cfg_run_01_p12,measured_droop/orfs_ssd_ctrl_cfg_run_01_p12_rail.csv,1.1,True,VALIDATED
208,c_cmd_addr[17]$_DFFE_PN0N_,clk_core,4.6,0.85,0.00010758133349299953,4.599892418666506,recovery,measured_p12_rail,orfs_ssd_ctrl_cfg_run_01_p12,measured_droop/orfs_ssd_ctrl_cfg_run_01_p12_rail.csv,1.1,True,VALIDATED
200,c_cmd_chmask[1]$_DFFE_PN0N_,clk_core,4.6,0.85,0.00010758133349299953,4.599892418666506,recovery,measured_p12_rail,orfs_ssd_ctrl_cfg_run_01_p12,measured_droop/orfs_ssd_ctrl_cfg_run_01_p12_rail.csv,1.1,True,VALIDATED
203,c_cmd_opcode[4]$_DFFE_PN0N_,clk_core,4.6,0.85,0.00010758133349299953,4.599892418666506,recovery,measured_p12_rail,orfs_ssd_ctrl_cfg_run_01_p12,measured_droop/orfs_ssd_ctrl_cfg_run_01_p12_rail.csv,1.1,True,VALIDATED
202,c_cmd_chmask[0]$_DFFE_PN0N_,clk_core,4.6,0.85,0.00010758133349299953,4.599892418666506,recovery,measured_p12_rail,orfs_ssd_ctrl_cfg_run_01_p12,measured_droop/orfs_ssd_ctrl_cfg_run_01_p12_rail.csv,1.1,True,VALIDATED
207,c_cmd_opcode[1]$_DFFE_PN0N_,clk_core,4.6,0.85,0.00010758133349299953,4.599892418666506,recovery,measured_p12_rail,orfs_ssd_ctrl_cfg_run_01_p12,measured_droop/orfs_ssd_ctrl_cfg_run_01_p12_rail.csv,1.1,True,VALIDATED
201,c_cmd_chan$_DFFE_PN0N_,clk_core,4.6,0.85,0.00010648007145600685,4.599893519928544,recovery,measured_p12_rail,orfs_ssd_ctrl_cfg_run_01_p12,measured_droop/orfs_ssd_ctrl_cfg_run_01_p12_rail.csv,1.1,True,VALIDATED
217,g_chan[0].u_cdc_chw.wgray[3]$_DFF_PN0_,clk_core,4.6,0.83,9.398372799495486e-05,4.599906016272005,recovery,measured_p12_rail,orfs_ssd_ctrl_cfg_run_01_p12,measured_droop/orfs_ssd_ctrl_cfg_run_01_p12_rail.csv,1.1,True,VALIDATED
218,g_chan[0].u_cdc_chw.wgray[2]$_DFF_PN0_,clk_core,4.6,0.83,9.398372799495486e-05,4.599906016272005,recovery,measured_p12_rail,orfs_ssd_ctrl_cfg_run_01_p12,measured_droop/orfs_ssd_ctrl_cfg_run_01_p12_rail.csv,1.1,True,VALIDATED
211,g_chan[0].u_cdc_chw.wq2_rgray[1]$_DFF_PN0_,clk_core,4.6,0.83,9.371355984657409e-05,4.599906286440153,recovery,measured_p12_rail,orfs_ssd_ctrl_cfg_run_01_p12,measured_droop/orfs_ssd_ctrl_cfg_run_01_p12_rail.csv,1.1,True,VALIDATED
212,g_chan[0].u_cdc_chw.wq1_rgray[3]$_DFF_PN0_,clk_core,4.6,0.83,9.371355984657409e-05,4.599906286440153,recovery,measured_p12_rail,orfs_ssd_ctrl_cfg_run_01_p12,measured_droop/orfs_ssd_ctrl_cfg_run_01_p12_rail.csv,1.1,True,VALIDATED
210,g_chan[0].u_cdc_chw.wq2_rgray[3]$_DFF_PN0_,clk_core,4.6,0.83,9.371355984657409e-05,4.599906286440153,recovery,measured_p12_rail,orfs_ssd_ctrl_cfg_run_01_p12,measured_droop/orfs_ssd_ctrl_cfg_run_01_p12_rail.csv,1.1,True,VALIDATED
209,g_chan[0].u_cdc_chw.wq2_rgray[2]$_DFF_PN0_,clk_core,4.6,0.83,9.371355984657409e-05,4.599906286440153,recovery,measured_p12_rail,orfs_ssd_ctrl_cfg_run_01_p12,measured_droop/orfs_ssd_ctrl_cfg_run_01_p12_rail.csv,1.1,True,VALIDATED
215,g_chan[0].u_cdc_chw.wq1_rgray[4]$_DFF_PN0_,clk_core,4.6,0.83,9.371355984657409e-05,4.599906286440153,recovery,measured_p12_rail,orfs_ssd_ctrl_cfg_run_01_p12,measured_droop/orfs_ssd_ctrl_cfg_run_01_p12_rail.csv,1.1,True,VALIDATED
214,g_chan[0].u_cdc_chw.wq1_rgray[1]$_DFF_PN0_,clk_core,4.6,0.83,9.371355984657409e-05,4.599906286440153,recovery,measured_p12_rail,orfs_ssd_ctrl_cfg_run_01_p12,measured_droop/orfs_ssd_ctrl_cfg_run_01_p12_rail.csv,1.1,True,VALIDATED
216,g_chan[0].u_cdc_chw.wq2_rgray[4]$_DFF_PN0_,clk_core,4.6,0.83,9.371355984657409e-05,4.599906286440153,recovery,measured_p12_rail,orfs_ssd_ctrl_cfg_run_01_p12,measured_droop/orfs_ssd_ctrl_cfg_run_01_p12_rail.csv,1.1,True,VALIDATED
213,g_chan[0].u_cdc_chw.wq1_rgray[2]$_DFF_PN0_,clk_core,4.6,0.83,9.371355984657409e-05,4.599906286440153,recovery,measured_p12_rail,orfs_ssd_ctrl_cfg_run_01_p12,measured_droop/orfs_ssd_ctrl_cfg_run_01_p12_rail.csv,1.1,True,VALIDATED
227,g_chan[0].u_cdc_chw.wbin[3]$_DFF_PN0_,clk_core,4.61,0.83,9.852325167566262e-05,4.609901476748325,recovery,measured_p12_rail,orfs_ssd_ctrl_cfg_run_01_p12,measured_droop/orfs_ssd_ctrl_cfg_run_01_p12_rail.csv,1.1,True,VALIDATED
226,g_chan[0].u_cdc_chw.wbin[2]$_DFF_PN0_,clk_core,4.61,0.83,9.852325167566262e-05,4.609901476748325,recovery,measured_p12_rail,orfs_ssd_ctrl_cfg_run_01_p12,measured_droop/orfs_ssd_ctrl_cfg_run_01_p12_rail.csv,1.1,True,VALIDATED
219,g_chan[0].u_cdc_chw.wq2_rgray[0]$_DFF_PN0_,clk_core,4.61,0.83,9.706416183638544e-05,4.609902935838164,recovery,measured_p12_rail,orfs_ssd_ctrl_cfg_run_01_p12,measured_droop/orfs_ssd_ctrl_cfg_run_01_p12_rail.csv,1.1,True,VALIDATED
220,g_chan[0].u_cdc_chw.wbin[0]$_DFF_PN0_,clk_core,4.61,0.83,9.695609276208494e-05,4.609903043907238,recovery,measured_p12_rail,orfs_ssd_ctrl_cfg_run_01_p12,measured_droop/orfs_ssd_ctrl_cfg_run_01_p12_rail.csv,1.1,True,VALIDATED
223,g_chan[0].u_cdc_chw.wgray[0]$_DFF_PN0_,clk_core,4.61,0.83,9.695609276208494e-05,4.609903043907238,recovery,measured_p12_rail,orfs_ssd_ctrl_cfg_run_01_p12,measured_droop/orfs_ssd_ctrl_cfg_run_01_p12_rail.csv,1.1,True,VALIDATED
222,g_chan[0].u_cdc_chw.wq1_rgray[0]$_DFF_PN0_,clk_core,4.61,0.83,9.695609276208494e-05,4.609903043907238,recovery,measured_p12_rail,orfs_ssd_ctrl_cfg_run_01_p12,measured_droop/orfs_ssd_ctrl_cfg_run_01_p12_rail.csv,1.1,True,VALIDATED
225,g_chan[0].u_cdc_chw.wbin[4]$_DFF_PN0_,clk_core,4.61,0.83,9.695609276208494e-05,4.609903043907238,recovery,measured_p12_rail,orfs_ssd_ctrl_cfg_run_01_p12,measured_droop/orfs_ssd_ctrl_cfg_run_01_p12_rail.csv,1.1,True,VALIDATED
221,g_chan[0].u_cdc_chw.wbin[1]$_DFF_PN0_,clk_core,4.61,0.83,9.695609276208494e-05,4.609903043907238,recovery,measured_p12_rail,orfs_ssd_ctrl_cfg_run_01_p12,measured_droop/orfs_ssd_ctrl_cfg_run_01_p12_rail.csv,1.1,True,VALIDATED
224,g_chan[0].u_cdc_chw.wgray[1]$_DFF_PN0_,clk_core,4.61,0.83,9.695609276208494e-05,4.609903043907238,recovery,measured_p12_rail,orfs_ssd_ctrl_cfg_run_01_p12,measured_droop/orfs_ssd_ctrl_cfg_run_01_p12_rail.csv,1.1,True,VALIDATED
228,u_cdc_wbeat.rbin[0]$_DFF_PN0_,clk_core,4.62,0.82,0.00010096703119834294,4.619899032968802,recovery,measured_p12_rail,orfs_ssd_ctrl_cfg_run_01_p12,measured_droop/orfs_ssd_ctrl_cfg_run_01_p12_rail.csv,1.1,True,VALIDATED
230,u_cdc_wbeat.rbin[2]$_DFF_PN0_,clk_core,4.62,0.82,0.00010096703119834294,4.619899032968802,recovery,measured_p12_rail,orfs_ssd_ctrl_cfg_run_01_p12,measured_droop/orfs_ssd_ctrl_cfg_run_01_p12_rail.csv,1.1,True,VALIDATED
229,u_cdc_wbeat.rbin[1]$_DFF_PN0_,clk_core,4.62,0.82,0.00010096703119834294,4.619899032968802,recovery,measured_p12_rail,orfs_ssd_ctrl_cfg_run_01_p12,measured_droop/orfs_ssd_ctrl_cfg_run_01_p12_rail.csv,1.1,True,VALIDATED
233,u_cdc_wbeat.rbin[4]$_DFF_PN0_,clk_core,4.62,0.82,0.00010096703119834294,4.619899032968802,recovery,measured_p12_rail,orfs_ssd_ctrl_cfg_run_01_p12,measured_droop/orfs_ssd_ctrl_cfg_run_01_p12_rail.csv,1.1,True,VALIDATED
231,u_cdc_wbeat.rbin[3]$_DFF_PN0_,clk_core,4.62,0.82,0.00010096703119834294,4.619899032968802,recovery,measured_p12_rail,orfs_ssd_ctrl_cfg_run_01_p12,measured_droop/orfs_ssd_ctrl_cfg_run_01_p12_rail.csv,1.1,True,VALIDATED
234,g_chan[1].u_cdc_chw.wq1_rgray[4]$_DFF_PN0_,clk_core,4.62,0.82,9.605485921530127e-05,4.619903945140785,recovery,measured_p12_rail,orfs_ssd_ctrl_cfg_run_01_p12,measured_droop/orfs_ssd_ctrl_cfg_run_01_p12_rail.csv,1.1,True,VALIDATED
232,g_chan[1].u_cdc_chw.wq2_rgray[4]$_DFF_PN0_,clk_core,4.62,0.82,9.568116920549707e-05,4.619904318830795,recovery,measured_p12_rail,orfs_ssd_ctrl_cfg_run_01_p12,measured_droop/orfs_ssd_ctrl_cfg_run_01_p12_rail.csv,1.1,True,VALIDATED
235,g_chan[1].u_cdc_chw.wq1_rgray[0]$_DFF_PN0_,clk_core,4.62,0.82,9.568116920549707e-05,4.619904318830795,recovery,measured_p12_rail,orfs_ssd_ctrl_cfg_run_01_p12,measured_droop/orfs_ssd_ctrl_cfg_run_01_p12_rail.csv,1.1,True,VALIDATED
239,u_cdc_wbeat.rq2_wgray[2]$_DFF_PN0_,clk_core,4.63,0.82,0.00010190139517317343,4.629898098604826,recovery,measured_p12_rail,orfs_ssd_ctrl_cfg_run_01_p12,measured_droop/orfs_ssd_ctrl_cfg_run_01_p12_rail.csv,1.1,True,VALIDATED
241,u_cdc_wbeat.rq2_wgray[1]$_DFF_PN0_,clk_core,4.63,0.82,0.00010190139517317343,4.629898098604826,recovery,measured_p12_rail,orfs_ssd_ctrl_cfg_run_01_p12,measured_droop/orfs_ssd_ctrl_cfg_run_01_p12_rail.csv,1.1,True,VALIDATED
238,u_cdc_wbeat.rq1_wgray[1]$_DFF_PN0_,clk_core,4.63,0.82,0.00010190139517317343,4.629898098604826,recovery,measured_p12_rail,orfs_ssd_ctrl_cfg_run_01_p12,measured_droop/orfs_ssd_ctrl_cfg_run_01_p12_rail.csv,1.1,True,VALIDATED
242,u_cdc_wbeat.rgray[0]$_DFF_PN0_,clk_core,4.63,0.82,0.00010190139517317343,4.629898098604826,recovery,measured_p12_rail,orfs_ssd_ctrl_cfg_run_01_p12,measured_droop/orfs_ssd_ctrl_cfg_run_01_p12_rail.csv,1.1,True,VALIDATED
243,u_cdc_wbeat.rq1_wgray[0]$_DFF_PN0_,clk_core,4.63,0.82,0.00010190139517317343,4.629898098604826,recovery,measured_p12_rail,orfs_ssd_ctrl_cfg_run_01_p12,measured_droop/orfs_ssd_ctrl_cfg_run_01_p12_rail.csv,1.1,True,VALIDATED
240,u_cdc_wbeat.rgray[2]$_DFF_PN0_,clk_core,4.63,0.82,0.00010190139517317343,4.629898098604826,recovery,measured_p12_rail,orfs_ssd_ctrl_cfg_run_01_p12,measured_droop/orfs_ssd_ctrl_cfg_run_01_p12_rail.csv,1.1,True,VALIDATED
248,u_cdc_wbeat.rq2_wgray[3]$_DFF_PN0_,clk_core,4.63,0.82,0.00010190139517317343,4.629898098604826,recovery,measured_p12_rail,orfs_ssd_ctrl_cfg_run_01_p12,measured_droop/orfs_ssd_ctrl_cfg_run_01_p12_rail.csv,1.1,True,VALIDATED
247,u_cdc_wbeat.rgray[1]$_DFF_PN0_,clk_core,4.63,0.82,0.00010190139517317343,4.629898098604826,recovery,measured_p12_rail,orfs_ssd_ctrl_cfg_run_01_p12,measured_droop/orfs_ssd_ctrl_cfg_run_01_p12_rail.csv,1.1,True,VALIDATED
246,u_cdc_wbeat.rq2_wgray[0]$_DFF_PN0_,clk_core,4.63,0.82,0.00010190139517317343,4.629898098604826,recovery,measured_p12_rail,orfs_ssd_ctrl_cfg_run_01_p12,measured_droop/orfs_ssd_ctrl_cfg_run_01_p12_rail.csv,1.1,True,VALIDATED
245,u_cdc_wbeat.rq1_wgray[3]$_DFF_PN0_,clk_core,4.63,0.82,0.00010190139517317343,4.629898098604826,recovery,measured_p12_rail,orfs_ssd_ctrl_cfg_run_01_p12,measured_droop/orfs_ssd_ctrl_cfg_run_01_p12_rail.csv,1.1,True,VALIDATED
244,u_cdc_wbeat.rq1_wgray[4]$_DFF_PN0_,clk_core,4.63,0.82,0.00010190139517317343,4.629898098604826,recovery,measured_p12_rail,orfs_ssd_ctrl_cfg_run_01_p12,measured_droop/orfs_ssd_ctrl_cfg_run_01_p12_rail.csv,1.1,True,VALIDATED
250,u_cdc_wbeat.rq1_wgray[2]$_DFF_PN0_,clk_core,4.63,0.82,0.00010190139517317343,4.629898098604826,recovery,measured_p12_rail,orfs_ssd_ctrl_cfg_run_01_p12,measured_droop/orfs_ssd_ctrl_cfg_run_01_p12_rail.csv,1.1,True,VALIDATED
249,u_cdc_wbeat.rq2_wgray[4]$_DFF_PN0_,clk_core,4.63,0.82,0.00010190139517317343,4.629898098604826,recovery,measured_p12_rail,orfs_ssd_ctrl_cfg_run_01_p12,measured_droop/orfs_ssd_ctrl_cfg_run_01_p12_rail.csv,1.1,True,VALIDATED
251,u_cdc_wbeat.rgray[3]$_DFF_PN0_,clk_core,4.63,0.82,0.00010190139517317343,4.629898098604826,recovery,measured_p12_rail,orfs_ssd_ctrl_cfg_run_01_p12,measured_droop/orfs_ssd_ctrl_cfg_run_01_p12_rail.csv,1.1,True,VALIDATED
236,u_seq_core.op_q[1]$_DFFE_PN0P_,clk_core,4.63,0.82,9.989927064740084e-05,4.629900100729352,recovery,measured_p12_rail,orfs_ssd_ctrl_cfg_run_01_p12,measured_droop/orfs_ssd_ctrl_cfg_run_01_p12_rail.csv,1.1,True,VALIDATED
237,u_seq_core.op_q[3]$_DFFE_PN0P_,clk_core,4.63,0.82,9.989927064740084e-05,4.629900100729352,recovery,measured_p12_rail,orfs_ssd_ctrl_cfg_run_01_p12,measured_droop/orfs_ssd_ctrl_cfg_run_01_p12_rail.csv,1.1,True,VALIDATED
255,u_cdc_wbeat.rd_empty$_DFF_PN1_,clk_core,4.63,0.81,9.855137426371258e-05,4.629901448625736,recovery,measured_p12_rail,orfs_ssd_ctrl_cfg_run_01_p12,measured_droop/orfs_ssd_ctrl_cfg_run_01_p12_rail.csv,1.1,True,VALIDATED
254,g_chan[0].u_cdc_chw.wr_full$_DFF_PN0_,clk_core,4.63,0.81,9.572722125954225e-05,4.629904272778741,recovery,measured_p12_rail,orfs_ssd_ctrl_cfg_run_01_p12,measured_droop/orfs_ssd_ctrl_cfg_run_01_p12_rail.csv,1.1,True,VALIDATED
253,g_chan[1].u_cdc_chw.wr_full$_DFF_PN0_,clk_core,4.63,0.81,9.564811691069319e-05,4.62990435188309,recovery,measured_p12_rail,orfs_ssd_ctrl_cfg_run_01_p12,measured_droop/orfs_ssd_ctrl_cfg_run_01_p12_rail.csv,1.1,True,VALIDATED
252,u_seq_core.chan_q$_DFFE_PN0P_,clk_core,4.63,0.81,9.529727280418315e-05,4.629904702727195,recovery,measured_p12_rail,orfs_ssd_ctrl_cfg_run_01_p12,measured_droop/orfs_ssd_ctrl_cfg_run_01_p12_rail.csv,1.1,True,VALIDATED
260,u_seq_core.op_q[4]$_DFFE_PN0P_,clk_core,4.64,0.81,9.905013207293228e-05,4.6399009498679264,recovery,measured_p12_rail,orfs_ssd_ctrl_cfg_run_01_p12,measured_droop/orfs_ssd_ctrl_cfg_run_01_p12_rail.csv,1.1,True,VALIDATED
262,u_seq_core.op_q[2]$_DFFE_PN0P_,clk_core,4.64,0.81,9.905013207293228e-05,4.6399009498679264,recovery,measured_p12_rail,orfs_ssd_ctrl_cfg_run_01_p12,measured_droop/orfs_ssd_ctrl_cfg_run_01_p12_rail.csv,1.1,True,VALIDATED
261,u_seq_core.op_q[5]$_DFFE_PN0P_,clk_core,4.64,0.81,9.905013207293228e-05,4.6399009498679264,recovery,measured_p12_rail,orfs_ssd_ctrl_cfg_run_01_p12,measured_droop/orfs_ssd_ctrl_cfg_run_01_p12_rail.csv,1.1,True,VALIDATED
256,g_chan[0].u_cdc_chcmd.wq1_rgray[3]$_DFF_PN0_,clk_core,4.64,0.81,9.905013207293228e-05,4.6399009498679264,recovery,measured_p12_rail,orfs_ssd_ctrl_cfg_run_01_p12,measured_droop/orfs_ssd_ctrl_cfg_run_01_p12_rail.csv,1.1,True,VALIDATED
257,g_chan[0].u_cdc_chcmd.wq1_rgray[2]$_DFF_PN0_,clk_core,4.64,0.81,9.905013207293228e-05,4.6399009498679264,recovery,measured_p12_rail,orfs_ssd_ctrl_cfg_run_01_p12,measured_droop/orfs_ssd_ctrl_cfg_run_01_p12_rail.csv,1.1,True,VALIDATED
258,u_seq_core.mask_q[0]$_DFFE_PN0P_,clk_core,4.64,0.81,9.905013207293228e-05,4.6399009498679264,recovery,measured_p12_rail,orfs_ssd_ctrl_cfg_run_01_p12,measured_droop/orfs_ssd_ctrl_cfg_run_01_p12_rail.csv,1.1,True,VALIDATED
259,u_seq_core.mask_q[1]$_DFFE_PN0P_,clk_core,4.64,0.81,9.905013207293228e-05,4.6399009498679264,recovery,measured_p12_rail,orfs_ssd_ctrl_cfg_run_01_p12,measured_droop/orfs_ssd_ctrl_cfg_run_01_p12_rail.csv,1.1,True,VALIDATED
277,u_seq_core.beats_left[5]$_DFFE_PN0P_,clk_core,4.65,0.8,0.00011348433327170587,4.649886515666728,recovery,measured_p12_rail,orfs_ssd_ctrl_cfg_run_01_p12,measured_droop/orfs_ssd_ctrl_cfg_run_01_p12_rail.csv,1.1,True,VALIDATED
280,u_seq_core.beats_left[0]$_DFFE_PN0P_,clk_core,4.65,0.8,0.00011348433327170587,4.649886515666728,recovery,measured_p12_rail,orfs_ssd_ctrl_cfg_run_01_p12,measured_droop/orfs_ssd_ctrl_cfg_run_01_p12_rail.csv,1.1,True,VALIDATED
276,u_seq_core.beats_left[14]$_DFFE_PN0P_,clk_core,4.65,0.8,0.00011348433327170587,4.649886515666728,recovery,measured_p12_rail,orfs_ssd_ctrl_cfg_run_01_p12,measured_droop/orfs_ssd_ctrl_cfg_run_01_p12_rail.csv,1.1,True,VALIDATED
274,u_seq_core.beats_left[15]$_DFFE_PN0P_,clk_core,4.65,0.8,0.00011348433327170587,4.649886515666728,recovery,measured_p12_rail,orfs_ssd_ctrl_cfg_run_01_p12,measured_droop/orfs_ssd_ctrl_cfg_run_01_p12_rail.csv,1.1,True,VALIDATED
266,u_seq_core.beats_left[19]$_DFFE_PN0P_,clk_core,4.65,0.8,0.00011158182347716095,4.649888418176523,recovery,measured_p12_rail,orfs_ssd_ctrl_cfg_run_01_p12,measured_droop/orfs_ssd_ctrl_cfg_run_01_p12_rail.csv,1.1,True,VALIDATED
302,c_cmd_addr[12]$_DFFE_PN0N_,clk_core,4.65,0.8,0.00011089071661894018,4.649889109283381,recovery,measured_p12_rail,orfs_ssd_ctrl_cfg_run_01_p12,measured_droop/orfs_ssd_ctrl_cfg_run_01_p12_rail.csv,1.1,True,VALIDATED
305,c_cmd_addr[18]$_DFFE_PN0N_,clk_core,4.65,0.8,0.00011089071661894018,4.649889109283381,recovery,measured_p12_rail,orfs_ssd_ctrl_cfg_run_01_p12,measured_droop/orfs_ssd_ctrl_cfg_run_01_p12_rail.csv,1.1,True,VALIDATED
304,c_cmd_addr[1]$_DFFE_PN0N_,clk_core,4.65,0.8,0.00011089071661894018,4.649889109283381,recovery,measured_p12_rail,orfs_ssd_ctrl_cfg_run_01_p12,measured_droop/orfs_ssd_ctrl_cfg_run_01_p12_rail.csv,1.1,True,VALIDATED
303,c_cmd_addr[15]$_DFFE_PN0N_,clk_core,4.65,0.8,0.00011089071661894018,4.649889109283381,recovery,measured_p12_rail,orfs_ssd_ctrl_cfg_run_01_p12,measured_droop/orfs_ssd_ctrl_cfg_run_01_p12_rail.csv,1.1,True,VALIDATED
275,u_seq_core.beats_left[23]$_DFFE_PN0P_,clk_core,4.65,0.8,0.00011017494550300683,4.6498898250544975,recovery,measured_p12_rail,orfs_ssd_ctrl_cfg_run_01_p12,measured_droop/orfs_ssd_ctrl_cfg_run_01_p12_rail.csv,1.1,True,VALIDATED
278,u_seq_core.beats_left[24]$_DFFE_PN0P_,clk_core,4.65,0.8,0.00011017494550300683,4.6498898250544975,recovery,measured_p12_rail,orfs_ssd_ctrl_cfg_run_01_p12,measured_droop/orfs_ssd_ctrl_cfg_run_01_p12_rail.csv,1.1,True,VALIDATED
279,u_seq_core.beats_left[18]$_DFFE_PN0P_,clk_core,4.65,0.8,0.00011017494550300683,4.6498898250544975,recovery,measured_p12_rail,orfs_ssd_ctrl_cfg_run_01_p12,measured_droop/orfs_ssd_ctrl_cfg_run_01_p12_rail.csv,1.1,True,VALIDATED
281,u_seq_core.beats_left[17]$_DFFE_PN0P_,clk_core,4.65,0.8,0.00011017494550300683,4.6498898250544975,recovery,measured_p12_rail,orfs_ssd_ctrl_cfg_run_01_p12,measured_droop/orfs_ssd_ctrl_cfg_run_01_p12_rail.csv,1.1,True,VALIDATED
283,u_seq_core.beats_left[16]$_DFFE_PN0P_,clk_core,4.65,0.8,0.00011017494550300683,4.6498898250544975,recovery,measured_p12_rail,orfs_ssd_ctrl_cfg_run_01_p12,measured_droop/orfs_ssd_ctrl_cfg_run_01_p12_rail.csv,1.1,True,VALIDATED
290,u_seq_core.beats_left[2]$_DFFE_PN0P_,clk_core,4.65,0.8,0.00011004442214446186,4.649889955577856,recovery,measured_p12_rail,orfs_ssd_ctrl_cfg_run_01_p12,measured_droop/orfs_ssd_ctrl_cfg_run_01_p12_rail.csv,1.1,True,VALIDATED
270,u_seq_core.beats_left[6]$_DFFE_PN0P_,clk_core,4.65,0.8,0.00010848118641123422,4.649891518813589,recovery,measured_p12_rail,orfs_ssd_ctrl_cfg_run_01_p12,measured_droop/orfs_ssd_ctrl_cfg_run_01_p12_rail.csv,1.1,True,VALIDATED
271,u_seq_core.beats_left[4]$_DFFE_PN0P_,clk_core,4.65,0.8,0.00010848118641123422,4.649891518813589,recovery,measured_p12_rail,orfs_ssd_ctrl_cfg_run_01_p12,measured_droop/orfs_ssd_ctrl_cfg_run_01_p12_rail.csv,1.1,True,VALIDATED
272,u_seq_core.op_q[6]$_DFFE_PN0P_,clk_core,4.65,0.8,0.00010848118641123422,4.649891518813589,recovery,measured_p12_rail,orfs_ssd_ctrl_cfg_run_01_p12,measured_droop/orfs_ssd_ctrl_cfg_run_01_p12_rail.csv,1.1,True,VALIDATED
269,u_seq_core.beats_left[7]$_DFFE_PN0P_,clk_core,4.65,0.8,0.00010848118641123422,4.649891518813589,recovery,measured_p12_rail,orfs_ssd_ctrl_cfg_run_01_p12,measured_droop/orfs_ssd_ctrl_cfg_run_01_p12_rail.csv,1.1,True,VALIDATED
273,u_seq_core.beats_left[3]$_DFFE_PN0P_,clk_core,4.65,0.8,0.00010848118641123422,4.649891518813589,recovery,measured_p12_rail,orfs_ssd_ctrl_cfg_run_01_p12,measured_droop/orfs_ssd_ctrl_cfg_run_01_p12_rail.csv,1.1,True,VALIDATED
268,u_seq_core.addr_q[17]$_DFFE_PN0P_,clk_core,4.65,0.8,0.0001075693900278174,4.649892430609973,recovery,measured_p12_rail,orfs_ssd_ctrl_cfg_run_01_p12,measured_droop/orfs_ssd_ctrl_cfg_run_01_p12_rail.csv,1.1,True,VALIDATED
264,u_seq_core.addr_q[1]$_DFFE_PN0P_,clk_core,4.65,0.8,0.0001075693900278174,4.649892430609973,recovery,measured_p12_rail,orfs_ssd_ctrl_cfg_run_01_p12,measured_droop/orfs_ssd_ctrl_cfg_run_01_p12_rail.csv,1.1,True,VALIDATED
263,u_seq_core.addr_q[25]$_DFFE_PN0P_,clk_core,4.65,0.8,0.0001075693900278174,4.649892430609973,recovery,measured_p12_rail,orfs_ssd_ctrl_cfg_run_01_p12,measured_droop/orfs_ssd_ctrl_cfg_run_01_p12_rail.csv,1.1,True,VALIDATED
267,u_seq_core.beats_left[1]$_DFFE_PN0P_,clk_core,4.65,0.8,0.0001075693900278174,4.649892430609973,recovery,measured_p12_rail,orfs_ssd_ctrl_cfg_run_01_p12,measured_droop/orfs_ssd_ctrl_cfg_run_01_p12_rail.csv,1.1,True,VALIDATED
265,u_seq_core.addr_q[18]$_DFFE_PN0P_,clk_core,4.65,0.8,0.0001075693900278174,4.649892430609973,recovery,measured_p12_rail,orfs_ssd_ctrl_cfg_run_01_p12,measured_droop/orfs_ssd_ctrl_cfg_run_01_p12_rail.csv,1.1,True,VALIDATED
298,u_seq_core.beats_left[11]$_DFFE_PN0P_,clk_core,4.65,0.79,0.00010630378390989043,4.649893696216091,recovery,measured_p12_rail,orfs_ssd_ctrl_cfg_run_01_p12,measured_droop/orfs_ssd_ctrl_cfg_run_01_p12_rail.csv,1.1,True,VALIDATED
293,u_seq_core.beats_left[20]$_DFFE_PN0P_,clk_core,4.65,0.8,0.00010574689163322243,4.649894253108367,recovery,measured_p12_rail,orfs_ssd_ctrl_cfg_run_01_p12,measured_droop/orfs_ssd_ctrl_cfg_run_01_p12_rail.csv,1.1,True,VALIDATED
294,u_seq_core.beats_left[13]$_DFFE_PN0P_,clk_core,4.65,0.8,0.00010574689163322243,4.649894253108367,recovery,measured_p12_rail,orfs_ssd_ctrl_cfg_run_01_p12,measured_droop/orfs_ssd_ctrl_cfg_run_01_p12_rail.csv,1.1,True,VALIDATED
295,u_seq_core.beats_left[12]$_DFFE_PN0P_,clk_core,4.65,0.8,0.00010574689163322243,4.649894253108367,recovery,measured_p12_rail,orfs_ssd_ctrl_cfg_run_01_p12,measured_droop/orfs_ssd_ctrl_cfg_run_01_p12_rail.csv,1.1,True,VALIDATED
297,u_seq_core.beats_left[31]$_DFFE_PN0P_,clk_core,4.65,0.79,0.00010442505548777237,4.649895574944512,recovery,measured_p12_rail,orfs_ssd_ctrl_cfg_run_01_p12,measured_droop/orfs_ssd_ctrl_cfg_run_01_p12_rail.csv,1.1,True,VALIDATED
300,u_seq_core.beats_left[9]$_DFFE_PN0P_,clk_core,4.65,0.79,0.00010007693343098978,4.649899923066569,recovery,measured_p12_rail,orfs_ssd_ctrl_cfg_run_01_p12,measured_droop/orfs_ssd_ctrl_cfg_run_01_p12_rail.csv,1.1,True,VALIDATED
301,u_seq_core.beats_left[8]$_DFFE_PN0P_,clk_core,4.65,0.79,0.00010007693343098978,4.649899923066569,recovery,measured_p12_rail,orfs_ssd_ctrl_cfg_run_01_p12,measured_droop/orfs_ssd_ctrl_cfg_run_01_p12_rail.csv,1.1,True,VALIDATED
299,u_seq_core.beats_left[10]$_DFFE_PN0P_,clk_core,4.65,0.79,0.00010007693343098978,4.649899923066569,recovery,measured_p12_rail,orfs_ssd_ctrl_cfg_run_01_p12,measured_droop/orfs_ssd_ctrl_cfg_run_01_p12_rail.csv,1.1,True,VALIDATED
285,u_seq_core.addr_q[23]$_DFFE_PN0P_,clk_core,4.65,0.79,9.398091241021034e-05,4.64990601908759,recovery,measured_p12_rail,orfs_ssd_ctrl_cfg_run_01_p12,measured_droop/orfs_ssd_ctrl_cfg_run_01_p12_rail.csv,1.1,True,VALIDATED
284,u_seq_core.addr_q[14]$_DFFE_PN0P_,clk_core,4.65,0.79,9.398091241021034e-05,4.64990601908759,recovery,measured_p12_rail,orfs_ssd_ctrl_cfg_run_01_p12,measured_droop/orfs_ssd_ctrl_cfg_run_01_p12_rail.csv,1.1,True,VALIDATED
282,u_seq_core.addr_q[22]$_DFFE_PN0P_,clk_core,4.65,0.79,9.398091241021034e-05,4.64990601908759,recovery,measured_p12_rail,orfs_ssd_ctrl_cfg_run_01_p12,measured_droop/orfs_ssd_ctrl_cfg_run_01_p12_rail.csv,1.1,True,VALIDATED
296,u_seq_core.addr_q[11]$_DFFE_PN0P_,clk_core,4.65,0.79,9.359510714641167e-05,4.649906404892854,recovery,measured_p12_rail,orfs_ssd_ctrl_cfg_run_01_p12,measured_droop/orfs_ssd_ctrl_cfg_run_01_p12_rail.csv,1.1,True,VALIDATED
292,u_seq_core.addr_q[27]$_DFFE_PN0P_,clk_core,4.65,0.79,9.359510714641167e-05,4.649906404892854,recovery,measured_p12_rail,orfs_ssd_ctrl_cfg_run_01_p12,measured_droop/orfs_ssd_ctrl_cfg_run_01_p12_rail.csv,1.1,True,VALIDATED
288,u_seq_core.addr_q[3]$_DFFE_PN0P_,clk_core,4.65,0.79,9.359510714641167e-05,4.649906404892854,recovery,measured_p12_rail,orfs_ssd_ctrl_cfg_run_01_p12,measured_droop/orfs_ssd_ctrl_cfg_run_01_p12_rail.csv,1.1,True,VALIDATED
289,u_seq_core.addr_q[10]$_DFFE_PN0P_,clk_core,4.65,0.79,9.359510714641167e-05,4.649906404892854,recovery,measured_p12_rail,orfs_ssd_ctrl_cfg_run_01_p12,measured_droop/orfs_ssd_ctrl_cfg_run_01_p12_rail.csv,1.1,True,VALIDATED
291,u_seq_core.addr_q[5]$_DFFE_PN0P_,clk_core,4.65,0.79,9.359510714641167e-05,4.649906404892854,recovery,measured_p12_rail,orfs_ssd_ctrl_cfg_run_01_p12,measured_droop/orfs_ssd_ctrl_cfg_run_01_p12_rail.csv,1.1,True,VALIDATED
287,u_seq_core.addr_q[30]$_DFFE_PN0P_,clk_core,4.65,0.79,9.331222229277958e-05,4.649906687777707,recovery,measured_p12_rail,orfs_ssd_ctrl_cfg_run_01_p12,measured_droop/orfs_ssd_ctrl_cfg_run_01_p12_rail.csv,1.1,True,VALIDATED
286,u_seq_core.addr_q[4]$_DFFE_PN0P_,clk_core,4.65,0.79,9.331222229277958e-05,4.649906687777707,recovery,measured_p12_rail,orfs_ssd_ctrl_cfg_run_01_p12,measured_droop/orfs_ssd_ctrl_cfg_run_01_p12_rail.csv,1.1,True,VALIDATED
306,c_cmd_addr[13]$_DFFE_PN0N_,clk_core,4.66,0.8,0.00011089071661894018,4.659889109283381,recovery,measured_p12_rail,orfs_ssd_ctrl_cfg_run_01_p12,measured_droop/orfs_ssd_ctrl_cfg_run_01_p12_rail.csv,1.1,True,VALIDATED
308,c_cmd_addr[16]$_DFFE_PN0N_,clk_core,4.66,0.8,0.00010336661529704305,4.659896633384703,recovery,measured_p12_rail,orfs_ssd_ctrl_cfg_run_01_p12,measured_droop/orfs_ssd_ctrl_cfg_run_01_p12_rail.csv,1.1,True,VALIDATED
309,c_cmd_opcode[7]$_DFFE_PN0N_,clk_core,4.66,0.79,0.00010158183926687464,4.659898418160734,recovery,measured_p12_rail,orfs_ssd_ctrl_cfg_run_01_p12,measured_droop/orfs_ssd_ctrl_cfg_run_01_p12_rail.csv,1.1,True,VALIDATED
310,c_cmd_opcode[5]$_DFFE_PN0N_,clk_core,4.66,0.79,0.00010158183926687464,4.659898418160734,recovery,measured_p12_rail,orfs_ssd_ctrl_cfg_run_01_p12,measured_droop/orfs_ssd_ctrl_cfg_run_01_p12_rail.csv,1.1,True,VALIDATED
311,c_cmd_addr[19]$_DFFE_PN0N_,clk_core,4.66,0.79,0.00010158183926687464,4.659898418160734,recovery,measured_p12_rail,orfs_ssd_ctrl_cfg_run_01_p12,measured_droop/orfs_ssd_ctrl_cfg_run_01_p12_rail.csv,1.1,True,VALIDATED
312,c_cmd_addr[0]$_DFFE_PN0N_,clk_core,4.66,0.79,0.00010158183926687464,4.659898418160734,recovery,measured_p12_rail,orfs_ssd_ctrl_cfg_run_01_p12,measured_droop/orfs_ssd_ctrl_cfg_run_01_p12_rail.csv,1.1,True,VALIDATED
307,u_seq_core.addr_q[19]$_DFFE_PN0P_,clk_core,4.66,0.79,9.714487647585063e-05,4.659902855123525,recovery,measured_p12_rail,orfs_ssd_ctrl_cfg_run_01_p12,measured_droop/orfs_ssd_ctrl_cfg_run_01_p12_rail.csv,1.1,True,VALIDATED
314,c_cmd_addr[14]$_DFFE_PN0N_,clk_core,4.66,0.79,9.033207845273589e-05,4.659909667921547,recovery,measured_p12_rail,orfs_ssd_ctrl_cfg_run_01_p12,measured_droop/orfs_ssd_ctrl_cfg_run_01_p12_rail.csv,1.1,True,VALIDATED
313,c_cmd_opcode[6]$_DFFE_PN0N_,clk_core,4.66,0.79,9.033207845273589e-05,4.659909667921547,recovery,measured_p12_rail,orfs_ssd_ctrl_cfg_run_01_p12,measured_droop/orfs_ssd_ctrl_cfg_run_01_p12_rail.csv,1.1,True,VALIDATED
316,c_cmd_opcode[3]$_DFFE_PN0N_,clk_core,4.67,0.79,9.033207845273589e-05,4.669909667921547,recovery,measured_p12_rail,orfs_ssd_ctrl_cfg_run_01_p12,measured_droop/orfs_ssd_ctrl_cfg_run_01_p12_rail.csv,1.1,True,VALIDATED
315,c_cmd_addr[2]$_DFFE_PN0N_,clk_core,4.67,0.79,9.033207845273589e-05,4.669909667921547,recovery,measured_p12_rail,orfs_ssd_ctrl_cfg_run_01_p12,measured_droop/orfs_ssd_ctrl_cfg_run_01_p12_rail.csv,1.1,True,VALIDATED
317,u_seq_core.addr_q[28]$_DFFE_PN0P_,clk_core,4.69,0.77,9.062397558959323e-05,4.689909376024411,recovery,measured_p12_rail,orfs_ssd_ctrl_cfg_run_01_p12,measured_droop/orfs_ssd_ctrl_cfg_run_01_p12_rail.csv,1.1,True,VALIDATED
318,u_seq_core.addr_q[29]$_DFFE_PN0P_,clk_core,4.72,0.72,8.47237121587574e-05,4.719915276287841,recovery,measured_p12_rail,orfs_ssd_ctrl_cfg_run_01_p12,measured_droop/orfs_ssd_ctrl_cfg_run_01_p12_rail.csv,1.1,True,VALIDATED
324,c_cmd_addr[4]$_DFFE_PN0N_,clk_core,4.73,0.72,8.097899014110344e-05,4.729919021009859,recovery,measured_p12_rail,orfs_ssd_ctrl_cfg_run_01_p12,measured_droop/orfs_ssd_ctrl_cfg_run_01_p12_rail.csv,1.1,True,VALIDATED
322,c_cmd_addr[21]$_DFFE_PN0N_,clk_core,4.73,0.72,8.097899014110344e-05,4.729919021009859,recovery,measured_p12_rail,orfs_ssd_ctrl_cfg_run_01_p12,measured_droop/orfs_ssd_ctrl_cfg_run_01_p12_rail.csv,1.1,True,VALIDATED
323,c_cmd_addr[26]$_DFFE_PN0N_,clk_core,4.73,0.72,8.097899014110344e-05,4.729919021009859,recovery,measured_p12_rail,orfs_ssd_ctrl_cfg_run_01_p12,measured_droop/orfs_ssd_ctrl_cfg_run_01_p12_rail.csv,1.1,True,VALIDATED
321,c_cmd_addr[27]$_DFFE_PN0N_,clk_core,4.73,0.72,8.066711194294057e-05,4.729919332888057,recovery,measured_p12_rail,orfs_ssd_ctrl_cfg_run_01_p12,measured_droop/orfs_ssd_ctrl_cfg_run_01_p12_rail.csv,1.1,True,VALIDATED
320,c_cmd_addr[29]$_DFFE_PN0N_,clk_core,4.73,0.72,8.066711194294057e-05,4.729919332888057,recovery,measured_p12_rail,orfs_ssd_ctrl_cfg_run_01_p12,measured_droop/orfs_ssd_ctrl_cfg_run_01_p12_rail.csv,1.1,True,VALIDATED
319,c_cmd_addr[28]$_DFFE_PN0N_,clk_core,4.73,0.72,8.066711194294057e-05,4.729919332888057,recovery,measured_p12_rail,orfs_ssd_ctrl_cfg_run_01_p12,measured_droop/orfs_ssd_ctrl_cfg_run_01_p12_rail.csv,1.1,True,VALIDATED
335,g_chan[0].u_cdc_chcmd.wbin[0]$_DFF_PN0_,clk_core,4.74,0.7,8.991511648370754e-05,4.739910084883516,recovery,measured_p12_rail,orfs_ssd_ctrl_cfg_run_01_p12,measured_droop/orfs_ssd_ctrl_cfg_run_01_p12_rail.csv,1.1,True,VALIDATED
336,g_chan[0].u_cdc_chcmd.wbin[1]$_DFF_PN0_,clk_core,4.74,0.7,8.991511648370754e-05,4.739910084883516,recovery,measured_p12_rail,orfs_ssd_ctrl_cfg_run_01_p12,measured_droop/orfs_ssd_ctrl_cfg_run_01_p12_rail.csv,1.1,True,VALIDATED
341,u_seq_core.op_q[7]$_DFFE_PN0P_,clk_core,4.74,0.7,8.991511648370754e-05,4.739910084883516,recovery,measured_p12_rail,orfs_ssd_ctrl_cfg_run_01_p12,measured_droop/orfs_ssd_ctrl_cfg_run_01_p12_rail.csv,1.1,True,VALIDATED
334,g_chan[0].u_cdc_chcmd.wbin[2]$_DFF_PN0_,clk_core,4.74,0.7,8.905542348768697e-05,4.739910944576512,recovery,measured_p12_rail,orfs_ssd_ctrl_cfg_run_01_p12,measured_droop/orfs_ssd_ctrl_cfg_run_01_p12_rail.csv,1.1,True,VALIDATED
339,g_chan[0].u_cdc_chcmd.wq1_rgray[0]$_DFF_PN0_,clk_core,4.74,0.71,8.732475321760608e-05,4.739912675246782,recovery,measured_p12_rail,orfs_ssd_ctrl_cfg_run_01_p12,measured_droop/orfs_ssd_ctrl_cfg_run_01_p12_rail.csv,1.1,True,VALIDATED
340,g_chan[0].u_cdc_chcmd.wq2_rgray[0]$_DFF_PN0_,clk_core,4.74,0.71,8.732475321760608e-05,4.739912675246782,recovery,measured_p12_rail,orfs_ssd_ctrl_cfg_run_01_p12,measured_droop/orfs_ssd_ctrl_cfg_run_01_p12_rail.csv,1.1,True,VALIDATED
332,g_chan[0].u_cdc_chcmd.wq2_rgray[4]$_DFF_PN0_,clk_core,4.74,0.71,8.732475321760608e-05,4.739912675246782,recovery,measured_p12_rail,orfs_ssd_ctrl_cfg_run_01_p12,measured_droop/orfs_ssd_ctrl_cfg_run_01_p12_rail.csv,1.1,True,VALIDATED
328,g_chan[0].u_cdc_chcmd.wq1_rgray[4]$_DFF_PN0_,clk_core,4.74,0.71,8.732475321760608e-05,4.739912675246782,recovery,measured_p12_rail,orfs_ssd_ctrl_cfg_run_01_p12,measured_droop/orfs_ssd_ctrl_cfg_run_01_p12_rail.csv,1.1,True,VALIDATED
326,g_chan[0].u_cdc_chcmd.wgray[3]$_DFF_PN0_,clk_core,4.74,0.71,8.732475321760608e-05,4.739912675246782,recovery,measured_p12_rail,orfs_ssd_ctrl_cfg_run_01_p12,measured_droop/orfs_ssd_ctrl_cfg_run_01_p12_rail.csv,1.1,True,VALIDATED
338,g_chan[0].u_cdc_chcmd.wq2_rgray[3]$_DFF_PN0_,clk_core,4.74,0.71,8.732475321760608e-05,4.739912675246782,recovery,measured_p12_rail,orfs_ssd_ctrl_cfg_run_01_p12,measured_droop/orfs_ssd_ctrl_cfg_run_01_p12_rail.csv,1.1,True,VALIDATED
337,g_chan[0].u_cdc_chcmd.wq2_rgray[2]$_DFF_PN0_,clk_core,4.74,0.71,8.732475321760608e-05,4.739912675246782,recovery,measured_p12_rail,orfs_ssd_ctrl_cfg_run_01_p12,measured_droop/orfs_ssd_ctrl_cfg_run_01_p12_rail.csv,1.1,True,VALIDATED
325,g_chan[0].u_cdc_chcmd.wgray[2]$_DFF_PN0_,clk_core,4.74,0.71,8.732475321760608e-05,4.739912675246782,recovery,measured_p12_rail,orfs_ssd_ctrl_cfg_run_01_p12,measured_droop/orfs_ssd_ctrl_cfg_run_01_p12_rail.csv,1.1,True,VALIDATED
333,c_cmd_addr[11]$_DFFE_PN0N_,clk_core,4.74,0.72,8.097899014110344e-05,4.739919021009859,recovery,measured_p12_rail,orfs_ssd_ctrl_cfg_run_01_p12,measured_droop/orfs_ssd_ctrl_cfg_run_01_p12_rail.csv,1.1,True,VALIDATED
329,c_cmd_addr[3]$_DFFE_PN0N_,clk_core,4.74,0.72,8.097899014110344e-05,4.739919021009859,recovery,measured_p12_rail,orfs_ssd_ctrl_cfg_run_01_p12,measured_droop/orfs_ssd_ctrl_cfg_run_01_p12_rail.csv,1.1,True,VALIDATED
327,c_cmd_addr[10]$_DFFE_PN0N_,clk_core,4.74,0.72,8.097899014110344e-05,4.739919021009859,recovery,measured_p12_rail,orfs_ssd_ctrl_cfg_run_01_p12,measured_droop/orfs_ssd_ctrl_cfg_run_01_p12_rail.csv,1.1,True,VALIDATED
330,c_cmd_addr[30]$_DFFE_PN0N_,clk_core,4.74,0.72,8.097899014110344e-05,4.739919021009859,recovery,measured_p12_rail,orfs_ssd_ctrl_cfg_run_01_p12,measured_droop/orfs_ssd_ctrl_cfg_run_01_p12_rail.csv,1.1,True,VALIDATED
331,c_cmd_addr[5]$_DFFE_PN0N_,clk_core,4.74,0.72,8.097899014110344e-05,4.739919021009859,recovery,measured_p12_rail,orfs_ssd_ctrl_cfg_run_01_p12,measured_droop/orfs_ssd_ctrl_cfg_run_01_p12_rail.csv,1.1,True,VALIDATED
356,u_seq_core.addr_q[15]$_DFFE_PN0P_,clk_core,4.75,0.69,8.945448798047817e-05,4.749910545512019,recovery,measured_p12_rail,orfs_ssd_ctrl_cfg_run_01_p12,measured_droop/orfs_ssd_ctrl_cfg_run_01_p12_rail.csv,1.1,True,VALIDATED
343,u_seq_core.state[1]$_DFFE_PN0P_,clk_core,4.75,0.7,8.905542348768697e-05,4.749910944576512,recovery,measured_p12_rail,orfs_ssd_ctrl_cfg_run_01_p12,measured_droop/orfs_ssd_ctrl_cfg_run_01_p12_rail.csv,1.1,True,VALIDATED
342,u_seq_core.state[2]$_DFFE_PN0P_,clk_core,4.75,0.7,8.905542348768697e-05,4.749910944576512,recovery,measured_p12_rail,orfs_ssd_ctrl_cfg_run_01_p12,measured_droop/orfs_ssd_ctrl_cfg_run_01_p12_rail.csv,1.1,True,VALIDATED
344,u_seq_core.state[0]$_DFFE_PN0P_,clk_core,4.75,0.7,8.905542348768697e-05,4.749910944576512,recovery,measured_p12_rail,orfs_ssd_ctrl_cfg_run_01_p12,measured_droop/orfs_ssd_ctrl_cfg_run_01_p12_rail.csv,1.1,True,VALIDATED
348,c_cmd_len[17]$_DFFE_PN0N_,clk_core,4.75,0.71,8.181804762641409e-05,4.749918181952373,recovery,measured_p12_rail,orfs_ssd_ctrl_cfg_run_01_p12,measured_droop/orfs_ssd_ctrl_cfg_run_01_p12_rail.csv,1.1,True,VALIDATED
347,c_cmd_len[19]$_DFFE_PN0N_,clk_core,4.75,0.71,8.181804762641409e-05,4.749918181952373,recovery,measured_p12_rail,orfs_ssd_ctrl_cfg_run_01_p12,measured_droop/orfs_ssd_ctrl_cfg_run_01_p12_rail.csv,1.1,True,VALIDATED
345,c_cmd_len[24]$_DFFE_PN0N_,clk_core,4.75,0.71,8.181804762641409e-05,4.749918181952373,recovery,measured_p12_rail,orfs_ssd_ctrl_cfg_run_01_p12,measured_droop/orfs_ssd_ctrl_cfg_run_01_p12_rail.csv,1.1,True,VALIDATED
350,c_cmd_len[14]$_DFFE_PN0N_,clk_core,4.75,0.71,8.181804762641409e-05,4.749918181952373,recovery,measured_p12_rail,orfs_ssd_ctrl_cfg_run_01_p12,measured_droop/orfs_ssd_ctrl_cfg_run_01_p12_rail.csv,1.1,True,VALIDATED
346,c_cmd_len[15]$_DFFE_PN0N_,clk_core,4.75,0.71,8.181804762641409e-05,4.749918181952373,recovery,measured_p12_rail,orfs_ssd_ctrl_cfg_run_01_p12,measured_droop/orfs_ssd_ctrl_cfg_run_01_p12_rail.csv,1.1,True,VALIDATED
349,c_cmd_len[18]$_DFFE_PN0N_,clk_core,4.75,0.71,8.181804762641409e-05,4.749918181952373,recovery,measured_p12_rail,orfs_ssd_ctrl_cfg_run_01_p12,measured_droop/orfs_ssd_ctrl_cfg_run_01_p12_rail.csv,1.1,True,VALIDATED
351,c_cmd_len[13]$_DFFE_PN0N_,clk_core,4.75,0.71,8.181804762641409e-05,4.749918181952373,recovery,measured_p12_rail,orfs_ssd_ctrl_cfg_run_01_p12,measured_droop/orfs_ssd_ctrl_cfg_run_01_p12_rail.csv,1.1,True,VALIDATED
353,c_cmd_len[16]$_DFFE_PN0N_,clk_core,4.75,0.71,8.181804762641409e-05,4.749918181952373,recovery,measured_p12_rail,orfs_ssd_ctrl_cfg_run_01_p12,measured_droop/orfs_ssd_ctrl_cfg_run_01_p12_rail.csv,1.1,True,VALIDATED
355,c_cmd_len[22]$_DFFE_PN0N_,clk_core,4.75,0.71,8.181804762641409e-05,4.749918181952373,recovery,measured_p12_rail,orfs_ssd_ctrl_cfg_run_01_p12,measured_droop/orfs_ssd_ctrl_cfg_run_01_p12_rail.csv,1.1,True,VALIDATED
357,c_cmd_len[25]$_DFFE_PN0N_,clk_core,4.75,0.71,8.181804762641409e-05,4.749918181952373,recovery,measured_p12_rail,orfs_ssd_ctrl_cfg_run_01_p12,measured_droop/orfs_ssd_ctrl_cfg_run_01_p12_rail.csv,1.1,True,VALIDATED
352,c_cmd_len[12]$_DFFE_PN0N_,clk_core,4.75,0.71,8.181804762641409e-05,4.749918181952373,recovery,measured_p12_rail,orfs_ssd_ctrl_cfg_run_01_p12,measured_droop/orfs_ssd_ctrl_cfg_run_01_p12_rail.csv,1.1,True,VALIDATED
354,c_cmd_len[23]$_DFFE_PN0N_,clk_core,4.75,0.71,8.181804762641409e-05,4.749918181952373,recovery,measured_p12_rail,orfs_ssd_ctrl_cfg_run_01_p12,measured_droop/orfs_ssd_ctrl_cfg_run_01_p12_rail.csv,1.1,True,VALIDATED
358,c_cmd_len[20]$_DFFE_PN0N_,clk_core,4.75,0.7,8.066568075832531e-05,4.749919334319242,recovery,measured_p12_rail,orfs_ssd_ctrl_cfg_run_01_p12,measured_droop/orfs_ssd_ctrl_cfg_run_01_p12_rail.csv,1.1,True,VALIDATED
359,u_seq_core.addr_q[13]$_DFFE_PN0P_,clk_core,4.76,0.69,8.971343019775063e-05,4.759910286569802,recovery,measured_p12_rail,orfs_ssd_ctrl_cfg_run_01_p12,measured_droop/orfs_ssd_ctrl_cfg_run_01_p12_rail.csv,1.1,True,VALIDATED
361,u_seq_core.addr_q[24]$_DFFE_PN0P_,clk_core,4.76,0.69,8.971343019775063e-05,4.759910286569802,recovery,measured_p12_rail,orfs_ssd_ctrl_cfg_run_01_p12,measured_droop/orfs_ssd_ctrl_cfg_run_01_p12_rail.csv,1.1,True,VALIDATED
370,u_seq_core.addr_q[16]$_DFFE_PN0P_,clk_core,4.76,0.69,8.559470542331138e-05,4.759914405294577,recovery,measured_p12_rail,orfs_ssd_ctrl_cfg_run_01_p12,measured_droop/orfs_ssd_ctrl_cfg_run_01_p12_rail.csv,1.1,True,VALIDATED
363,u_seq_core.addr_q[12]$_DFFE_PN0P_,clk_core,4.76,0.69,8.559470542331138e-05,4.759914405294577,recovery,measured_p12_rail,orfs_ssd_ctrl_cfg_run_01_p12,measured_droop/orfs_ssd_ctrl_cfg_run_01_p12_rail.csv,1.1,True,VALIDATED
365,u_seq_core.addr_q[0]$_DFFE_PN0P_,clk_core,4.76,0.69,8.559470542331138e-05,4.759914405294577,recovery,measured_p12_rail,orfs_ssd_ctrl_cfg_run_01_p12,measured_droop/orfs_ssd_ctrl_cfg_run_01_p12_rail.csv,1.1,True,VALIDATED
362,c_cmd_len[21]$_DFFE_PN0N_,clk_core,4.76,0.7,8.093306636337838e-05,4.759919066933636,recovery,measured_p12_rail,orfs_ssd_ctrl_cfg_run_01_p12,measured_droop/orfs_ssd_ctrl_cfg_run_01_p12_rail.csv,1.1,True,VALIDATED
372,c_cmd_len[30]$_DFFE_PN0N_,clk_core,4.76,0.7,8.093306636337838e-05,4.759919066933636,recovery,measured_p12_rail,orfs_ssd_ctrl_cfg_run_01_p12,measured_droop/orfs_ssd_ctrl_cfg_run_01_p12_rail.csv,1.1,True,VALIDATED
371,c_cmd_len[28]$_DFFE_PN0N_,clk_core,4.76,0.7,8.093306636337838e-05,4.759919066933636,recovery,measured_p12_rail,orfs_ssd_ctrl_cfg_run_01_p12,measured_droop/orfs_ssd_ctrl_cfg_run_01_p12_rail.csv,1.1,True,VALIDATED
364,c_cmd_len[31]$_DFFE_PN0N_,clk_core,4.76,0.7,8.093306636337838e-05,4.759919066933636,recovery,measured_p12_rail,orfs_ssd_ctrl_cfg_run_01_p12,measured_droop/orfs_ssd_ctrl_cfg_run_01_p12_rail.csv,1.1,True,VALIDATED
368,c_cmd_addr[31]$_DFFE_PN0N_,clk_core,4.76,0.7,7.986355473723478e-05,4.759920136445262,recovery,measured_p12_rail,orfs_ssd_ctrl_cfg_run_01_p12,measured_droop/orfs_ssd_ctrl_cfg_run_01_p12_rail.csv,1.1,True,VALIDATED
366,c_cmd_len[29]$_DFFE_PN0N_,clk_core,4.76,0.7,7.986355473723478e-05,4.759920136445262,recovery,measured_p12_rail,orfs_ssd_ctrl_cfg_run_01_p12,measured_droop/orfs_ssd_ctrl_cfg_run_01_p12_rail.csv,1.1,True,VALIDATED
360,c_cmd_len[26]$_DFFE_PN0N_,clk_core,4.76,0.7,7.986355473723478e-05,4.759920136445262,recovery,measured_p12_rail,orfs_ssd_ctrl_cfg_run_01_p12,measured_droop/orfs_ssd_ctrl_cfg_run_01_p12_rail.csv,1.1,True,VALIDATED
369,c_cmd_len[27]$_DFFE_PN0N_,clk_core,4.76,0.7,7.986355473723478e-05,4.759920136445262,recovery,measured_p12_rail,orfs_ssd_ctrl_cfg_run_01_p12,measured_droop/orfs_ssd_ctrl_cfg_run_01_p12_rail.csv,1.1,True,VALIDATED
367,c_cmd_addr[20]$_DFFE_PN0N_,clk_core,4.76,0.7,7.986355473723478e-05,4.759920136445262,recovery,measured_p12_rail,orfs_ssd_ctrl_cfg_run_01_p12,measured_droop/orfs_ssd_ctrl_cfg_run_01_p12_rail.csv,1.1,True,VALIDATED
374,c_cmd_len[11]$_DFFE_PN0N_,clk_core,4.77,0.69,7.977687970107256e-05,4.769920223120298,recovery,measured_p12_rail,orfs_ssd_ctrl_cfg_run_01_p12,measured_droop/orfs_ssd_ctrl_cfg_run_01_p12_rail.csv,1.1,True,VALIDATED
373,c_cmd_addr[22]$_DFFE_PN0N_,clk_core,4.77,0.69,7.977687970107256e-05,4.769920223120298,recovery,measured_p12_rail,orfs_ssd_ctrl_cfg_run_01_p12,measured_droop/orfs_ssd_ctrl_cfg_run_01_p12_rail.csv,1.1,True,VALIDATED
810,u_host_if.reg_len[1]$_DFFE_PN0P_,clk_host,6.54,3.7,0.00037656302322594537,6.5396234369767745,setup,measured_p12_rail,orfs_ssd_ctrl_cfg_run_01_p12,measured_droop/orfs_ssd_ctrl_cfg_run_01_p12_rail.csv,1.1,True,VALIDATED
803,u_host_if.reg_len[3]$_DFFE_PN0P_,clk_host,6.54,3.7,0.0003733823013065962,6.539626617698693,setup,measured_p12_rail,orfs_ssd_ctrl_cfg_run_01_p12,measured_droop/orfs_ssd_ctrl_cfg_run_01_p12_rail.csv,1.1,True,VALIDATED
807,u_host_if.reg_len[8]$_DFFE_PN0P_,clk_host,6.54,3.7,0.00036684509383755337,6.539633154906163,setup,measured_p12_rail,orfs_ssd_ctrl_cfg_run_01_p12,measured_droop/orfs_ssd_ctrl_cfg_run_01_p12_rail.csv,1.1,True,VALIDATED
808,u_host_if.reg_len[2]$_DFFE_PN0P_,clk_host,6.54,3.7,0.00036684509383755337,6.539633154906163,setup,measured_p12_rail,orfs_ssd_ctrl_cfg_run_01_p12,measured_droop/orfs_ssd_ctrl_cfg_run_01_p12_rail.csv,1.1,True,VALIDATED
804,u_host_if.reg_len[7]$_DFFE_PN0P_,clk_host,6.54,3.71,0.0003657110470201286,6.53963428895298,setup,measured_p12_rail,orfs_ssd_ctrl_cfg_run_01_p12,measured_droop/orfs_ssd_ctrl_cfg_run_01_p12_rail.csv,1.1,True,VALIDATED
805,u_host_if.reg_len[5]$_DFFE_PN0P_,clk_host,6.54,3.71,0.0003561454540748077,6.5396438545459254,setup,measured_p12_rail,orfs_ssd_ctrl_cfg_run_01_p12,measured_droop/orfs_ssd_ctrl_cfg_run_01_p12_rail.csv,1.1,True,VALIDATED
801,u_host_if.reg_len[9]$_DFFE_PN0P_,clk_host,6.54,3.71,0.0003485286825720968,6.539651471317428,setup,measured_p12_rail,orfs_ssd_ctrl_cfg_run_01_p12,measured_droop/orfs_ssd_ctrl_cfg_run_01_p12_rail.csv,1.1,True,VALIDATED
802,u_host_if.reg_len[11]$_DFFE_PN0P_,clk_host,6.54,3.71,0.00034764302194495444,6.539652356978055,setup,measured_p12_rail,orfs_ssd_ctrl_cfg_run_01_p12,measured_droop/orfs_ssd_ctrl_cfg_run_01_p12_rail.csv,1.1,True,VALIDATED
809,u_host_if.reg_len[4]$_DFFE_PN0P_,clk_host,6.54,3.71,0.0003449860613137512,6.539655013938686,setup,measured_p12_rail,orfs_ssd_ctrl_cfg_run_01_p12,measured_droop/orfs_ssd_ctrl_cfg_run_01_p12_rail.csv,1.1,True,VALIDATED
806,u_host_if.reg_len[10]$_DFFE_PN0P_,clk_host,6.54,3.71,0.0003423291431805253,6.53965767085682,setup,measured_p12_rail,orfs_ssd_ctrl_cfg_run_01_p12,measured_droop/orfs_ssd_ctrl_cfg_run_01_p12_rail.csv,1.1,True,VALIDATED
812,u_host_if.reg_len[6]$_DFFE_PN0P_,clk_host,6.54,3.7,0.00033610710058035176,6.539663892899419,setup,measured_p12_rail,orfs_ssd_ctrl_cfg_run_01_p12,measured_droop/orfs_ssd_ctrl_cfg_run_01_p12_rail.csv,1.1,True,VALIDATED
811,u_host_if.reg_len[27]$_DFFE_PN0P_,clk_host,6.54,3.7,0.00032427243893046187,6.53967572756107,setup,measured_p12_rail,orfs_ssd_ctrl_cfg_run_01_p12,measured_droop/orfs_ssd_ctrl_cfg_run_01_p12_rail.csv,1.1,True,VALIDATED
813,u_host_if.reg_len[0]$_DFFE_PN0P_,clk_host,6.55,3.7,0.00036861402034241153,6.549631385979658,setup,measured_p12_rail,orfs_ssd_ctrl_cfg_run_01_p12,measured_droop/orfs_ssd_ctrl_cfg_run_01_p12_rail.csv,1.1,True,VALIDATED
831,u_host_if.reg_len[13]$_DFFE_PN0P_,clk_host,6.55,3.69,0.0003653256292056317,6.549634674370794,setup,measured_p12_rail,orfs_ssd_ctrl_cfg_run_01_p12,measured_droop/orfs_ssd_ctrl_cfg_run_01_p12_rail.csv,1.1,True,VALIDATED
817,u_host_if.repack_q[9]$_DFFE_PN0P_,clk_host,6.55,3.69,0.00036514944481569334,6.549634850555184,setup,measured_p12_rail,orfs_ssd_ctrl_cfg_run_01_p12,measured_droop/orfs_ssd_ctrl_cfg_run_01_p12_rail.csv,1.1,True,VALIDATED
824,u_host_if.repack_q[13]$_DFFE_PN0P_,clk_host,6.55,3.68,0.00036451133094123067,6.549635488669058,setup,measured_p12_rail,orfs_ssd_ctrl_cfg_run_01_p12,measured_droop/orfs_ssd_ctrl_cfg_run_01_p12_rail.csv,1.1,True,VALIDATED
825,u_host_if.repack_q[6]$_DFFE_PN0P_,clk_host,6.55,3.69,0.00035316866021434246,6.5496468313397855,setup,measured_p12_rail,orfs_ssd_ctrl_cfg_run_01_p12,measured_droop/orfs_ssd_ctrl_cfg_run_01_p12_rail.csv,1.1,True,VALIDATED
823,u_host_if.repack_q[11]$_DFFE_PN0P_,clk_host,6.55,3.69,0.0003529924571911147,6.549647007542808,setup,measured_p12_rail,orfs_ssd_ctrl_cfg_run_01_p12,measured_droop/orfs_ssd_ctrl_cfg_run_01_p12_rail.csv,1.1,True,VALIDATED
822,u_host_if.repack_q[8]$_DFFE_PN0P_,clk_host,6.55,3.69,0.0003529924571911147,6.549647007542808,setup,measured_p12_rail,orfs_ssd_ctrl_cfg_run_01_p12,measured_droop/orfs_ssd_ctrl_cfg_run_01_p12_rail.csv,1.1,True,VALIDATED
821,u_host_if.reg_len[30]$_DFFE_PN0P_,clk_host,6.55,3.7,0.0003493573308429587,6.549650642669157,setup,measured_p12_rail,orfs_ssd_ctrl_cfg_run_01_p12,measured_droop/orfs_ssd_ctrl_cfg_run_01_p12_rail.csv,1.1,True,VALIDATED
827,u_host_if.reg_len[14]$_DFFE_PN0P_,clk_host,6.55,3.69,0.000342069455393057,6.5496579305446065,setup,measured_p12_rail,orfs_ssd_ctrl_cfg_run_01_p12,measured_droop/orfs_ssd_ctrl_cfg_run_01_p12_rail.csv,1.1,True,VALIDATED
816,u_host_if.repack_q[1]$_DFFE_PN0P_,clk_host,6.55,3.69,0.0003408354695665361,6.549659164530433,setup,measured_p12_rail,orfs_ssd_ctrl_cfg_run_01_p12,measured_droop/orfs_ssd_ctrl_cfg_run_01_p12_rail.csv,1.1,True,VALIDATED
820,u_host_if.repack_q[5]$_DFFE_PN0P_,clk_host,6.55,3.69,0.0003408354695665361,6.549659164530433,setup,measured_p12_rail,orfs_ssd_ctrl_cfg_run_01_p12,measured_droop/orfs_ssd_ctrl_cfg_run_01_p12_rail.csv,1.1,True,VALIDATED
818,u_host_if.repack_q[2]$_DFFE_PN0P_,clk_host,6.55,3.69,0.0003408354695665361,6.549659164530433,setup,measured_p12_rail,orfs_ssd_ctrl_cfg_run_01_p12,measured_droop/orfs_ssd_ctrl_cfg_run_01_p12_rail.csv,1.1,True,VALIDATED
819,u_host_if.repack_q[7]$_DFFE_PN0P_,clk_host,6.55,3.69,0.0003408354695665361,6.549659164530433,setup,measured_p12_rail,orfs_ssd_ctrl_cfg_run_01_p12,measured_droop/orfs_ssd_ctrl_cfg_run_01_p12_rail.csv,1.1,True,VALIDATED
826,u_host_if.reg_len[28]$_DFFE_PN0P_,clk_host,6.55,3.7,0.00033363414866166563,6.549666365851338,setup,measured_p12_rail,orfs_ssd_ctrl_cfg_run_01_p12,measured_droop/orfs_ssd_ctrl_cfg_run_01_p12_rail.csv,1.1,True,VALIDATED
814,u_host_if.reg_len[26]$_DFFE_PN0P_,clk_host,6.55,3.7,0.00032427243893046187,6.54967572756107,setup,measured_p12_rail,orfs_ssd_ctrl_cfg_run_01_p12,measured_droop/orfs_ssd_ctrl_cfg_run_01_p12_rail.csv,1.1,True,VALIDATED
815,u_host_if.reg_len[29]$_DFFE_PN0P_,clk_host,6.55,3.7,0.00032427243893046187,6.54967572756107,setup,measured_p12_rail,orfs_ssd_ctrl_cfg_run_01_p12,measured_droop/orfs_ssd_ctrl_cfg_run_01_p12_rail.csv,1.1,True,VALIDATED
828,u_host_if.reg_len[20]$_DFFE_PN0P_,clk_host,6.55,3.69,0.0003239240839853774,6.549676075916015,setup,measured_p12_rail,orfs_ssd_ctrl_cfg_run_01_p12,measured_droop/orfs_ssd_ctrl_cfg_run_01_p12_rail.csv,1.1,True,VALIDATED
830,u_host_if.reg_len[21]$_DFFE_PN0P_,clk_host,6.55,3.69,0.0003228671410338557,6.549677132858966,setup,measured_p12_rail,orfs_ssd_ctrl_cfg_run_01_p12,measured_droop/orfs_ssd_ctrl_cfg_run_01_p12_rail.csv,1.1,True,VALIDATED
829,u_host_if.reg_len[31]$_DFFE_PN0P_,clk_host,6.55,3.69,0.0003228671410338557,6.549677132858966,setup,measured_p12_rail,orfs_ssd_ctrl_cfg_run_01_p12,measured_droop/orfs_ssd_ctrl_cfg_run_01_p12_rail.csv,1.1,True,VALIDATED
834,u_host_if.repack_q[3]$_DFFE_PN0P_,clk_host,6.56,3.68,0.00036345721945729714,6.5596365427805425,setup,measured_p12_rail,orfs_ssd_ctrl_cfg_run_01_p12,measured_droop/orfs_ssd_ctrl_cfg_run_01_p12_rail.csv,1.1,True,VALIDATED
836,u_host_if.repack_q[10]$_DFFE_PN0P_,clk_host,6.56,3.68,0.0003532658369258257,6.559646734163074,setup,measured_p12_rail,orfs_ssd_ctrl_cfg_run_01_p12,measured_droop/orfs_ssd_ctrl_cfg_run_01_p12_rail.csv,1.1,True,VALIDATED
835,u_host_if.repack_q[12]$_DFFE_PN0P_,clk_host,6.56,3.68,0.0003532658369258257,6.559646734163074,setup,measured_p12_rail,orfs_ssd_ctrl_cfg_run_01_p12,measured_droop/orfs_ssd_ctrl_cfg_run_01_p12_rail.csv,1.1,True,VALIDATED
832,u_host_if.repack_q[4]$_DFFE_PN0P_,clk_host,6.56,3.69,0.000352111684297024,6.559647888315703,setup,measured_p12_rail,orfs_ssd_ctrl_cfg_run_01_p12,measured_droop/orfs_ssd_ctrl_cfg_run_01_p12_rail.csv,1.1,True,VALIDATED
843,u_host_if.reg_addr[30]$_DFFE_PN0P_,clk_host,6.56,3.68,0.00034214299469442766,6.5596578570053055,setup,measured_p12_rail,orfs_ssd_ctrl_cfg_run_01_p12,measured_droop/orfs_ssd_ctrl_cfg_run_01_p12_rail.csv,1.1,True,VALIDATED
842,u_host_if.reg_addr[10]$_DFFE_PN0P_,clk_host,6.56,3.68,0.00034214299469442766,6.5596578570053055,setup,measured_p12_rail,orfs_ssd_ctrl_cfg_run_01_p12,measured_droop/orfs_ssd_ctrl_cfg_run_01_p12_rail.csv,1.1,True,VALIDATED
837,u_host_if.repack_q[16]$_DFFE_PN0P_,clk_host,6.56,3.68,0.0003409660695589123,6.559659033930441,setup,measured_p12_rail,orfs_ssd_ctrl_cfg_run_01_p12,measured_droop/orfs_ssd_ctrl_cfg_run_01_p12_rail.csv,1.1,True,VALIDATED
833,u_host_if.repack_q[15]$_DFFE_PN0P_,clk_host,6.56,3.68,0.00033885768472347033,6.559661142315276,setup,measured_p12_rail,orfs_ssd_ctrl_cfg_run_01_p12,measured_droop/orfs_ssd_ctrl_cfg_run_01_p12_rail.csv,1.1,True,VALIDATED
845,u_host_if.reg_addr[11]$_DFFE_PN0P_,clk_host,6.56,3.68,0.00033606182302264864,6.559663938176977,setup,measured_p12_rail,orfs_ssd_ctrl_cfg_run_01_p12,measured_droop/orfs_ssd_ctrl_cfg_run_01_p12_rail.csv,1.1,True,VALIDATED
838,u_host_if.repack_q[19]$_DFFE_PN0P_,clk_host,6.56,3.68,0.0003358710568101553,6.559664128943189,setup,measured_p12_rail,orfs_ssd_ctrl_cfg_run_01_p12,measured_droop/orfs_ssd_ctrl_cfg_run_01_p12_rail.csv,1.1,True,VALIDATED
846,u_host_if.reg_addr[4]$_DFFE_PN0P_,clk_host,6.56,3.68,0.0003295754811137308,6.5596704245188855,setup,measured_p12_rail,orfs_ssd_ctrl_cfg_run_01_p12,measured_droop/orfs_ssd_ctrl_cfg_run_01_p12_rail.csv,1.1,True,VALIDATED
839,u_host_if.reg_addr[27]$_DFFE_PN0P_,clk_host,6.56,3.68,0.000320453588401326,6.559679546411599,setup,measured_p12_rail,orfs_ssd_ctrl_cfg_run_01_p12,measured_droop/orfs_ssd_ctrl_cfg_run_01_p12_rail.csv,1.1,True,VALIDATED
840,u_host_if.reg_addr[26]$_DFFE_PN0P_,clk_host,6.56,3.68,0.00031944011328244315,6.559680559886717,setup,measured_p12_rail,orfs_ssd_ctrl_cfg_run_01_p12,measured_droop/orfs_ssd_ctrl_cfg_run_01_p12_rail.csv,1.1,True,VALIDATED
841,u_host_if.reg_addr[28]$_DFFE_PN0P_,clk_host,6.56,3.68,0.0003174131873584507,6.559682586812642,setup,measured_p12_rail,orfs_ssd_ctrl_cfg_run_01_p12,measured_droop/orfs_ssd_ctrl_cfg_run_01_p12_rail.csv,1.1,True,VALIDATED
844,u_host_if.reg_addr[29]$_DFFE_PN0P_,clk_host,6.56,3.68,0.00031133266486771394,6.559688667335132,setup,measured_p12_rail,orfs_ssd_ctrl_cfg_run_01_p12,measured_droop/orfs_ssd_ctrl_cfg_run_01_p12_rail.csv,1.1,True,VALIDATED
853,u_host_if.reg_addr[2]$_DFFE_PN0P_,clk_host,6.57,3.67,0.000369315365737366,6.569630684634263,setup,measured_p12_rail,orfs_ssd_ctrl_cfg_run_01_p12,measured_droop/orfs_ssd_ctrl_cfg_run_01_p12_rail.csv,1.1,True,VALIDATED
851,u_host_if.reg_addr[6]$_DFFE_PN0P_,clk_host,6.57,3.68,0.00035572568951680594,6.569644274310484,setup,measured_p12_rail,orfs_ssd_ctrl_cfg_run_01_p12,measured_droop/orfs_ssd_ctrl_cfg_run_01_p12_rail.csv,1.1,True,VALIDATED
852,u_host_if.reg_addr[8]$_DFFE_PN0P_,clk_host,6.57,3.68,0.00035572568951680594,6.569644274310484,setup,measured_p12_rail,orfs_ssd_ctrl_cfg_run_01_p12,measured_droop/orfs_ssd_ctrl_cfg_run_01_p12_rail.csv,1.1,True,VALIDATED
847,u_host_if.reg_addr[9]$_DFFE_PN0P_,clk_host,6.57,3.68,0.00035065700270647815,6.569649342997294,setup,measured_p12_rail,orfs_ssd_ctrl_cfg_run_01_p12,measured_droop/orfs_ssd_ctrl_cfg_run_01_p12_rail.csv,1.1,True,VALIDATED
849,u_host_if.reg_addr[7]$_DFFE_PN0P_,clk_host,6.57,3.68,0.0003488328778558092,6.569651167122144,setup,measured_p12_rail,orfs_ssd_ctrl_cfg_run_01_p12,measured_droop/orfs_ssd_ctrl_cfg_run_01_p12_rail.csv,1.1,True,VALIDATED
850,u_host_if.reg_addr[5]$_DFFE_PN0P_,clk_host,6.57,3.68,0.0003380888559306183,6.5696619111440695,setup,measured_p12_rail,orfs_ssd_ctrl_cfg_run_01_p12,measured_droop/orfs_ssd_ctrl_cfg_run_01_p12_rail.csv,1.1,True,VALIDATED
848,u_host_if.reg_addr[3]$_DFFE_PN0P_,clk_host,6.57,3.68,0.0003291700934975328,6.569670829906503,setup,measured_p12_rail,orfs_ssd_ctrl_cfg_run_01_p12,measured_droop/orfs_ssd_ctrl_cfg_run_01_p12_rail.csv,1.1,True,VALIDATED
855,u_host_if.reg_addr[0]$_DFFE_PN0P_,clk_host,6.58,3.67,0.0004166341408413654,6.5795833658591585,setup,measured_p12_rail,orfs_ssd_ctrl_cfg_run_01_p12,measured_droop/orfs_ssd_ctrl_cfg_run_01_p12_rail.csv,1.1,True,VALIDATED
854,u_host_if.reg_addr[1]$_DFFE_PN0P_,clk_host,6.58,3.67,0.00037679643843091526,6.579623203561569,setup,measured_p12_rail,orfs_ssd_ctrl_cfg_run_01_p12,measured_droop/orfs_ssd_ctrl_cfg_run_01_p12_rail.csv,1.1,True,VALIDATED
856,u_host_if.reg_addr[13]$_DFFE_PN0P_,clk_host,6.59,3.66,0.00040803409653639156,6.589591965903463,setup,measured_p12_rail,orfs_ssd_ctrl_cfg_run_01_p12,measured_droop/orfs_ssd_ctrl_cfg_run_01_p12_rail.csv,1.1,True,VALIDATED
876,s_rvalid,clk_host,6.59,0.41,5.847531686703489e-05,6.589941524683133,setup,measured_p12_rail,orfs_ssd_ctrl_cfg_run_01_p12,measured_droop/orfs_ssd_ctrl_cfg_run_01_p12_rail.csv,1.1,True,VALIDATED
870,s_rdata[8],clk_host,6.59,0.41,5.795702341657161e-05,6.589942042976583,setup,measured_p12_rail,orfs_ssd_ctrl_cfg_run_01_p12,measured_droop/orfs_ssd_ctrl_cfg_run_01_p12_rail.csv,1.1,True,VALIDATED
858,s_rdata[10],clk_host,6.59,0.41,5.795702341657161e-05,6.589942042976583,setup,measured_p12_rail,orfs_ssd_ctrl_cfg_run_01_p12,measured_droop/orfs_ssd_ctrl_cfg_run_01_p12_rail.csv,1.1,True,VALIDATED
860,s_rdata[18],clk_host,6.59,0.41,5.795702341657161e-05,6.589942042976583,setup,measured_p12_rail,orfs_ssd_ctrl_cfg_run_01_p12,measured_droop/orfs_ssd_ctrl_cfg_run_01_p12_rail.csv,1.1,True,VALIDATED
863,s_rdata[16],clk_host,6.59,0.41,5.795702341657161e-05,6.589942042976583,setup,measured_p12_rail,orfs_ssd_ctrl_cfg_run_01_p12,measured_droop/orfs_ssd_ctrl_cfg_run_01_p12_rail.csv,1.1,True,VALIDATED
862,s_rdata[11],clk_host,6.59,0.41,5.795702341657161e-05,6.589942042976583,setup,measured_p12_rail,orfs_ssd_ctrl_cfg_run_01_p12,measured_droop/orfs_ssd_ctrl_cfg_run_01_p12_rail.csv,1.1,True,VALIDATED
861,s_rdata[19],clk_host,6.59,0.41,5.795702341657161e-05,6.589942042976583,setup,measured_p12_rail,orfs_ssd_ctrl_cfg_run_01_p12,measured_droop/orfs_ssd_ctrl_cfg_run_01_p12_rail.csv,1.1,True,VALIDATED
873,s_rdata[7],clk_host,6.59,0.41,5.6370990703574764e-05,6.589943629009296,setup,measured_p12_rail,orfs_ssd_ctrl_cfg_run_01_p12,measured_droop/orfs_ssd_ctrl_cfg_run_01_p12_rail.csv,1.1,True,VALIDATED
875,s_rdata[21],clk_host,6.59,0.41,5.537236200814366e-05,6.589944627637991,setup,measured_p12_rail,orfs_ssd_ctrl_cfg_run_01_p12,measured_droop/orfs_ssd_ctrl_cfg_run_01_p12_rail.csv,1.1,True,VALIDATED
878,s_rdata[2],clk_host,6.59,0.41,5.537236200814366e-05,6.589944627637991,setup,measured_p12_rail,orfs_ssd_ctrl_cfg_run_01_p12,measured_droop/orfs_ssd_ctrl_cfg_run_01_p12_rail.csv,1.1,True,VALIDATED
877,s_rdata[31],clk_host,6.59,0.41,5.537236200814366e-05,6.589944627637991,setup,measured_p12_rail,orfs_ssd_ctrl_cfg_run_01_p12,measured_droop/orfs_ssd_ctrl_cfg_run_01_p12_rail.csv,1.1,True,VALIDATED
865,s_rdata[3],clk_host,6.59,0.41,5.537236200814366e-05,6.589944627637991,setup,measured_p12_rail,orfs_ssd_ctrl_cfg_run_01_p12,measured_droop/orfs_ssd_ctrl_cfg_run_01_p12_rail.csv,1.1,True,VALIDATED
872,s_rdata[4],clk_host,6.59,0.41,5.478495799057792e-05,6.589945215042009,setup,measured_p12_rail,orfs_ssd_ctrl_cfg_run_01_p12,measured_droop/orfs_ssd_ctrl_cfg_run_01_p12_rail.csv,1.1,True,VALIDATED
867,s_rdata[6],clk_host,6.59,0.41,5.478495799057792e-05,6.589945215042009,setup,measured_p12_rail,orfs_ssd_ctrl_cfg_run_01_p12,measured_droop/orfs_ssd_ctrl_cfg_run_01_p12_rail.csv,1.1,True,VALIDATED
869,s_rdata[5],clk_host,6.59,0.41,5.478495799057792e-05,6.589945215042009,setup,measured_p12_rail,orfs_ssd_ctrl_cfg_run_01_p12,measured_droop/orfs_ssd_ctrl_cfg_run_01_p12_rail.csv,1.1,True,VALIDATED
879,s_rdata[0],clk_host,6.59,0.41,5.466747803281602e-05,6.5899453325219675,setup,measured_p12_rail,orfs_ssd_ctrl_cfg_run_01_p12,measured_droop/orfs_ssd_ctrl_cfg_run_01_p12_rail.csv,1.1,True,VALIDATED
871,s_rdata[14],clk_host,6.59,0.41,5.314026423536289e-05,6.589946859735765,setup,measured_p12_rail,orfs_ssd_ctrl_cfg_run_01_p12,measured_droop/orfs_ssd_ctrl_cfg_run_01_p12_rail.csv,1.1,True,VALIDATED
868,s_rdata[17],clk_host,6.59,0.41,5.314026423536289e-05,6.589946859735765,setup,measured_p12_rail,orfs_ssd_ctrl_cfg_run_01_p12,measured_droop/orfs_ssd_ctrl_cfg_run_01_p12_rail.csv,1.1,True,VALIDATED
874,s_rdata[15],clk_host,6.59,0.41,5.314026423536289e-05,6.589946859735765,setup,measured_p12_rail,orfs_ssd_ctrl_cfg_run_01_p12,measured_droop/orfs_ssd_ctrl_cfg_run_01_p12_rail.csv,1.1,True,VALIDATED
866,s_rdata[13],clk_host,6.59,0.41,4.80890502964626e-05,6.589951910949703,setup,measured_p12_rail,orfs_ssd_ctrl_cfg_run_01_p12,measured_droop/orfs_ssd_ctrl_cfg_run_01_p12_rail.csv,1.1,True,VALIDATED
859,s_rdata[12],clk_host,6.59,0.41,4.80890502964626e-05,6.589951910949703,setup,measured_p12_rail,orfs_ssd_ctrl_cfg_run_01_p12,measured_droop/orfs_ssd_ctrl_cfg_run_01_p12_rail.csv,1.1,True,VALIDATED
857,s_rdata[9],clk_host,6.59,0.41,4.80890502964626e-05,6.589951910949703,setup,measured_p12_rail,orfs_ssd_ctrl_cfg_run_01_p12,measured_droop/orfs_ssd_ctrl_cfg_run_01_p12_rail.csv,1.1,True,VALIDATED
864,s_rdata[20],clk_host,6.59,0.41,4.80890502964626e-05,6.589951910949703,setup,measured_p12_rail,orfs_ssd_ctrl_cfg_run_01_p12,measured_droop/orfs_ssd_ctrl_cfg_run_01_p12_rail.csv,1.1,True,VALIDATED
891,u_host_if.repack_emit$_DFF_PN0_,clk_host,6.6,3.62,0.0003343697560518888,6.599665630243948,setup,measured_p12_rail,orfs_ssd_ctrl_cfg_run_01_p12,measured_droop/orfs_ssd_ctrl_cfg_run_01_p12_rail.csv,1.1,True,VALIDATED
889,s_rdata[22],clk_host,6.6,0.4,5.9179819843130366e-05,6.599940820180157,setup,measured_p12_rail,orfs_ssd_ctrl_cfg_run_01_p12,measured_droop/orfs_ssd_ctrl_cfg_run_01_p12_rail.csv,1.1,True,VALIDATED
890,s_rdata[29],clk_host,6.6,0.4,5.9179819843130366e-05,6.599940820180157,setup,measured_p12_rail,orfs_ssd_ctrl_cfg_run_01_p12,measured_droop/orfs_ssd_ctrl_cfg_run_01_p12_rail.csv,1.1,True,VALIDATED
888,s_rdata[24],clk_host,6.6,0.4,5.9179819843130366e-05,6.599940820180157,setup,measured_p12_rail,orfs_ssd_ctrl_cfg_run_01_p12,measured_droop/orfs_ssd_ctrl_cfg_run_01_p12_rail.csv,1.1,True,VALIDATED
884,s_rdata[25],clk_host,6.6,0.4,5.5856774515014584e-05,6.599944143225485,setup,measured_p12_rail,orfs_ssd_ctrl_cfg_run_01_p12,measured_droop/orfs_ssd_ctrl_cfg_run_01_p12_rail.csv,1.1,True,VALIDATED
887,s_rdata[28],clk_host,6.6,0.4,5.333412491009826e-05,6.599946665875089,setup,measured_p12_rail,orfs_ssd_ctrl_cfg_run_01_p12,measured_droop/orfs_ssd_ctrl_cfg_run_01_p12_rail.csv,1.1,True,VALIDATED
882,s_rdata[23],clk_host,6.6,0.4,5.333412491009826e-05,6.599946665875089,setup,measured_p12_rail,orfs_ssd_ctrl_cfg_run_01_p12,measured_droop/orfs_ssd_ctrl_cfg_run_01_p12_rail.csv,1.1,True,VALIDATED
881,s_rdata[1],clk_host,6.6,0.4,5.333412491009826e-05,6.599946665875089,setup,measured_p12_rail,orfs_ssd_ctrl_cfg_run_01_p12,measured_droop/orfs_ssd_ctrl_cfg_run_01_p12_rail.csv,1.1,True,VALIDATED
885,s_rdata[30],clk_host,6.6,0.4,5.333412491009826e-05,6.599946665875089,setup,measured_p12_rail,orfs_ssd_ctrl_cfg_run_01_p12,measured_droop/orfs_ssd_ctrl_cfg_run_01_p12_rail.csv,1.1,True,VALIDATED
883,s_rdata[26],clk_host,6.6,0.4,5.0526390112062836e-05,6.599949473609888,setup,measured_p12_rail,orfs_ssd_ctrl_cfg_run_01_p12,measured_droop/orfs_ssd_ctrl_cfg_run_01_p12_rail.csv,1.1,True,VALIDATED
886,s_rdata[27],clk_host,6.6,0.4,5.0526390112062836e-05,6.599949473609888,setup,measured_p12_rail,orfs_ssd_ctrl_cfg_run_01_p12,measured_droop/orfs_ssd_ctrl_cfg_run_01_p12_rail.csv,1.1,True,VALIDATED
880,s_bvalid,clk_host,6.6,0.4,3.594470128431837e-05,6.599964055298715,setup,measured_p12_rail,orfs_ssd_ctrl_cfg_run_01_p12,measured_droop/orfs_ssd_ctrl_cfg_run_01_p12_rail.csv,1.1,True,VALIDATED
894,s_arready,clk_host,6.62,0.38,5.4196635145067895e-05,6.619945803364855,setup,measured_p12_rail,orfs_ssd_ctrl_cfg_run_01_p12,measured_droop/orfs_ssd_ctrl_cfg_run_01_p12_rail.csv,1.1,True,VALIDATED
892,s_awready,clk_host,6.62,0.38,3.451027442775978e-05,6.619965489725573,setup,measured_p12_rail,orfs_ssd_ctrl_cfg_run_01_p12,measured_droop/orfs_ssd_ctrl_cfg_run_01_p12_rail.csv,1.1,True,VALIDATED
893,s_wready,clk_host,6.62,0.38,3.451027442775978e-05,6.619965489725573,setup,measured_p12_rail,orfs_ssd_ctrl_cfg_run_01_p12,measured_droop/orfs_ssd_ctrl_cfg_run_01_p12_rail.csv,1.1,True,VALIDATED
901,u_host_if.reg_len[17]$_DFFE_PN0P_,clk_host,6.67,3.57,0.0003653814110205489,6.669634618588979,setup,measured_p12_rail,orfs_ssd_ctrl_cfg_run_01_p12,measured_droop/orfs_ssd_ctrl_cfg_run_01_p12_rail.csv,1.1,True,VALIDATED
902,u_host_if.reg_len[24]$_DFFE_PN0P_,clk_host,6.67,3.57,0.0003653814110205489,6.669634618588979,setup,measured_p12_rail,orfs_ssd_ctrl_cfg_run_01_p12,measured_droop/orfs_ssd_ctrl_cfg_run_01_p12_rail.csv,1.1,True,VALIDATED
896,u_host_if.reg_len[22]$_DFFE_PN0P_,clk_host,6.67,3.57,0.0003178822942146442,6.6696821177057855,setup,measured_p12_rail,orfs_ssd_ctrl_cfg_run_01_p12,measured_droop/orfs_ssd_ctrl_cfg_run_01_p12_rail.csv,1.1,True,VALIDATED
900,u_host_if.reg_len[19]$_DFFE_PN0P_,clk_host,6.67,3.57,0.00031021204564818383,6.6696897879543515,setup,measured_p12_rail,orfs_ssd_ctrl_cfg_run_01_p12,measured_droop/orfs_ssd_ctrl_cfg_run_01_p12_rail.csv,1.1,True,VALIDATED
903,u_host_if.reg_len[15]$_DFFE_PN0P_,clk_host,6.67,3.57,0.00031021204564818383,6.6696897879543515,setup,measured_p12_rail,orfs_ssd_ctrl_cfg_run_01_p12,measured_droop/orfs_ssd_ctrl_cfg_run_01_p12_rail.csv,1.1,True,VALIDATED
895,u_host_if.reg_len[12]$_DFFE_PN0P_,clk_host,6.67,3.57,0.0003098480106919488,6.669690151989308,setup,measured_p12_rail,orfs_ssd_ctrl_cfg_run_01_p12,measured_droop/orfs_ssd_ctrl_cfg_run_01_p12_rail.csv,1.1,True,VALIDATED
904,u_host_if.reg_len[18]$_DFFE_PN0P_,clk_host,6.67,3.57,0.0003003516069954859,6.669699648393005,setup,measured_p12_rail,orfs_ssd_ctrl_cfg_run_01_p12,measured_droop/orfs_ssd_ctrl_cfg_run_01_p12_rail.csv,1.1,True,VALIDATED
897,u_host_if.reg_len[25]$_DFFE_PN0P_,clk_host,6.67,3.57,0.0002945086255166096,6.669705491374483,setup,measured_p12_rail,orfs_ssd_ctrl_cfg_run_01_p12,measured_droop/orfs_ssd_ctrl_cfg_run_01_p12_rail.csv,1.1,True,VALIDATED
899,u_host_if.reg_len[16]$_DFFE_PN0P_,clk_host,6.67,3.57,0.0002945086255166096,6.669705491374483,setup,measured_p12_rail,orfs_ssd_ctrl_cfg_run_01_p12,measured_droop/orfs_ssd_ctrl_cfg_run_01_p12_rail.csv,1.1,True,VALIDATED
898,u_host_if.reg_len[23]$_DFFE_PN0P_,clk_host,6.67,3.57,0.0002945086255166096,6.669705491374483,setup,measured_p12_rail,orfs_ssd_ctrl_cfg_run_01_p12,measured_droop/orfs_ssd_ctrl_cfg_run_01_p12_rail.csv,1.1,True,VALIDATED
922,u_host_if.repack_q[29]$_DFFE_PN0P_,clk_host,6.68,3.56,0.0003758301682911247,6.679624169831708,setup,measured_p12_rail,orfs_ssd_ctrl_cfg_run_01_p12,measured_droop/orfs_ssd_ctrl_cfg_run_01_p12_rail.csv,1.1,True,VALIDATED
927,u_host_if.repack_q[27]$_DFFE_PN0P_,clk_host,6.68,3.56,0.0003758301682911247,6.679624169831708,setup,measured_p12_rail,orfs_ssd_ctrl_cfg_run_01_p12,measured_droop/orfs_ssd_ctrl_cfg_run_01_p12_rail.csv,1.1,True,VALIDATED
924,u_host_if.repack_q[18]$_DFFE_PN0P_,clk_host,6.68,3.56,0.0003758301682911247,6.679624169831708,setup,measured_p12_rail,orfs_ssd_ctrl_cfg_run_01_p12,measured_droop/orfs_ssd_ctrl_cfg_run_01_p12_rail.csv,1.1,True,VALIDATED
925,u_host_if.repack_q[14]$_DFFE_PN0P_,clk_host,6.68,3.56,0.0003758301682911247,6.679624169831708,setup,measured_p12_rail,orfs_ssd_ctrl_cfg_run_01_p12,measured_droop/orfs_ssd_ctrl_cfg_run_01_p12_rail.csv,1.1,True,VALIDATED
919,u_host_if.repack_q[22]$_DFFE_PN0P_,clk_host,6.68,3.56,0.0003727346641851925,6.679627265335815,setup,measured_p12_rail,orfs_ssd_ctrl_cfg_run_01_p12,measured_droop/orfs_ssd_ctrl_cfg_run_01_p12_rail.csv,1.1,True,VALIDATED
929,u_host_if.reg_chmask[0]$_DFFE_PN0P_,clk_host,6.68,3.55,0.0003713228011282821,6.679628677198871,setup,measured_p12_rail,orfs_ssd_ctrl_cfg_run_01_p12,measured_droop/orfs_ssd_ctrl_cfg_run_01_p12_rail.csv,1.1,True,VALIDATED
926,u_host_if.reg_chmask[1]$_DFFE_PN0P_,clk_host,6.68,3.55,0.0003713228011282821,6.679628677198871,setup,measured_p12_rail,orfs_ssd_ctrl_cfg_run_01_p12,measured_droop/orfs_ssd_ctrl_cfg_run_01_p12_rail.csv,1.1,True,VALIDATED
928,u_host_if.reg_addr[22]$_DFFE_PN0P_,clk_host,6.68,3.56,0.00036409830091821416,6.679635901699082,setup,measured_p12_rail,orfs_ssd_ctrl_cfg_run_01_p12,measured_droop/orfs_ssd_ctrl_cfg_run_01_p12_rail.csv,1.1,True,VALIDATED
911,u_host_if.reg_addr[19]$_DFFE_PN0P_,clk_host,6.68,3.56,0.00034072656111217015,6.6796592734388875,setup,measured_p12_rail,orfs_ssd_ctrl_cfg_run_01_p12,measured_droop/orfs_ssd_ctrl_cfg_run_01_p12_rail.csv,1.1,True,VALIDATED
910,u_host_if.reg_addr[14]$_DFFE_PN0P_,clk_host,6.68,3.56,0.0003386018463832352,6.679661398153616,setup,measured_p12_rail,orfs_ssd_ctrl_cfg_run_01_p12,measured_droop/orfs_ssd_ctrl_cfg_run_01_p12_rail.csv,1.1,True,VALIDATED
905,u_host_if.reg_addr[23]$_DFFE_PN0P_,clk_host,6.68,3.56,0.00033605223764832104,6.679663947762352,setup,measured_p12_rail,orfs_ssd_ctrl_cfg_run_01_p12,measured_droop/orfs_ssd_ctrl_cfg_run_01_p12_rail.csv,1.1,True,VALIDATED
916,u_host_if.repack_q[0]$_DFFE_PN0P_,clk_host,6.68,3.56,0.00032008704184138814,6.679679912958158,setup,measured_p12_rail,orfs_ssd_ctrl_cfg_run_01_p12,measured_droop/orfs_ssd_ctrl_cfg_run_01_p12_rail.csv,1.1,True,VALIDATED
912,u_host_if.repack_q[30]$_DFFE_PN0P_,clk_host,6.68,3.56,0.0003189944808368317,6.679681005519162,setup,measured_p12_rail,orfs_ssd_ctrl_cfg_run_01_p12,measured_droop/orfs_ssd_ctrl_cfg_run_01_p12_rail.csv,1.1,True,VALIDATED
908,u_host_if.repack_q[28]$_DFFE_PN0P_,clk_host,6.68,3.56,0.0003189944808368317,6.679681005519162,setup,measured_p12_rail,orfs_ssd_ctrl_cfg_run_01_p12,measured_droop/orfs_ssd_ctrl_cfg_run_01_p12_rail.csv,1.1,True,VALIDATED
909,u_host_if.repack_q[26]$_DFFE_PN0P_,clk_host,6.68,3.56,0.0003189944808368317,6.679681005519162,setup,measured_p12_rail,orfs_ssd_ctrl_cfg_run_01_p12,measured_droop/orfs_ssd_ctrl_cfg_run_01_p12_rail.csv,1.1,True,VALIDATED
907,u_host_if.repack_q[17]$_DFFE_PN0P_,clk_host,6.68,3.56,0.0003189944808368317,6.679681005519162,setup,measured_p12_rail,orfs_ssd_ctrl_cfg_run_01_p12,measured_droop/orfs_ssd_ctrl_cfg_run_01_p12_rail.csv,1.1,True,VALIDATED
906,u_host_if.reg_addr[20]$_DFFE_PN0P_,clk_host,6.68,3.56,0.0003141696081729872,6.6796858303918265,setup,measured_p12_rail,orfs_ssd_ctrl_cfg_run_01_p12,measured_droop/orfs_ssd_ctrl_cfg_run_01_p12_rail.csv,1.1,True,VALIDATED
914,u_host_if.reg_addr[31]$_DFFE_PN0P_,clk_host,6.68,3.56,0.0003116203419755159,6.679688379658025,setup,measured_p12_rail,orfs_ssd_ctrl_cfg_run_01_p12,measured_droop/orfs_ssd_ctrl_cfg_run_01_p12_rail.csv,1.1,True,VALIDATED
913,u_host_if.reg_addr[21]$_DFFE_PN0P_,clk_host,6.68,3.56,0.0003116203419755159,6.679688379658025,setup,measured_p12_rail,orfs_ssd_ctrl_cfg_run_01_p12,measured_droop/orfs_ssd_ctrl_cfg_run_01_p12_rail.csv,1.1,True,VALIDATED
915,u_host_if.repack_q[20]$_DFFE_PN0P_,clk_host,6.68,3.57,0.00030856927118683153,6.679691430728813,setup,measured_p12_rail,orfs_ssd_ctrl_cfg_run_01_p12,measured_droop/orfs_ssd_ctrl_cfg_run_01_p12_rail.csv,1.1,True,VALIDATED
921,u_host_if.repack_q[21]$_DFFE_PN0P_,clk_host,6.68,3.56,0.0003078870164739955,6.679692112983526,setup,measured_p12_rail,orfs_ssd_ctrl_cfg_run_01_p12,measured_droop/orfs_ssd_ctrl_cfg_run_01_p12_rail.csv,1.1,True,VALIDATED
923,u_host_if.repack_q[31]$_DFFE_PN0P_,clk_host,6.68,3.56,0.0003077049314919589,6.679692295068508,setup,measured_p12_rail,orfs_ssd_ctrl_cfg_run_01_p12,measured_droop/orfs_ssd_ctrl_cfg_run_01_p12_rail.csv,1.1,True,VALIDATED
918,u_host_if.repack_q[24]$_DFFE_PN0P_,clk_host,6.68,3.56,0.0003077049314919589,6.679692295068508,setup,measured_p12_rail,orfs_ssd_ctrl_cfg_run_01_p12,measured_droop/orfs_ssd_ctrl_cfg_run_01_p12_rail.csv,1.1,True,VALIDATED
920,u_host_if.repack_q[25]$_DFFE_PN0P_,clk_host,6.68,3.57,0.00030583037690407044,6.679694169623096,setup,measured_p12_rail,orfs_ssd_ctrl_cfg_run_01_p12,measured_droop/orfs_ssd_ctrl_cfg_run_01_p12_rail.csv,1.1,True,VALIDATED
917,u_host_if.repack_q[23]$_DFFE_PN0P_,clk_host,6.68,3.57,0.00030382191707067907,6.679696178082929,setup,measured_p12_rail,orfs_ssd_ctrl_cfg_run_01_p12,measured_droop/orfs_ssd_ctrl_cfg_run_01_p12_rail.csv,1.1,True,VALIDATED
936,u_host_if.s_rdata[15]$_DFFE_PN0P_,clk_host,6.7,3.54,0.0006242743844356302,6.699375725615565,setup,measured_p12_rail,orfs_ssd_ctrl_cfg_run_01_p12,measured_droop/orfs_ssd_ctrl_cfg_run_01_p12_rail.csv,1.1,True,VALIDATED
932,u_host_if.s_rdata[14]$_DFFE_PN0P_,clk_host,6.7,3.54,0.0006242743844356302,6.699375725615565,setup,measured_p12_rail,orfs_ssd_ctrl_cfg_run_01_p12,measured_droop/orfs_ssd_ctrl_cfg_run_01_p12_rail.csv,1.1,True,VALIDATED
930,u_host_if.reg_addr[17]$_DFFE_PN0P_,clk_host,6.7,3.54,0.00034937748342284136,6.699650622516577,setup,measured_p12_rail,orfs_ssd_ctrl_cfg_run_01_p12,measured_droop/orfs_ssd_ctrl_cfg_run_01_p12_rail.csv,1.1,True,VALIDATED
931,u_host_if.reg_addr[15]$_DFFE_PN0P_,clk_host,6.7,3.54,0.00034937748342284136,6.699650622516577,setup,measured_p12_rail,orfs_ssd_ctrl_cfg_run_01_p12,measured_droop/orfs_ssd_ctrl_cfg_run_01_p12_rail.csv,1.1,True,VALIDATED
933,u_host_if.reg_addr[12]$_DFFE_PN0P_,clk_host,6.7,3.54,0.00034810997165207747,6.699651890028348,setup,measured_p12_rail,orfs_ssd_ctrl_cfg_run_01_p12,measured_droop/orfs_ssd_ctrl_cfg_run_01_p12_rail.csv,1.1,True,VALIDATED
934,u_host_if.reg_addr[25]$_DFFE_PN0P_,clk_host,6.7,3.54,0.00033585538803748705,6.699664144611963,setup,measured_p12_rail,orfs_ssd_ctrl_cfg_run_01_p12,measured_droop/orfs_ssd_ctrl_cfg_run_01_p12_rail.csv,1.1,True,VALIDATED
935,u_host_if.reg_addr[16]$_DFFE_PN0P_,clk_host,6.7,3.54,0.00033585538803748705,6.699664144611963,setup,measured_p12_rail,orfs_ssd_ctrl_cfg_run_01_p12,measured_droop/orfs_ssd_ctrl_cfg_run_01_p12_rail.csv,1.1,True,VALIDATED
945,u_host_if.s_rdata[11]$_DFFE_PN0P_,clk_host,6.71,3.54,0.0006502672617245131,6.709349732738276,setup,measured_p12_rail,orfs_ssd_ctrl_cfg_run_01_p12,measured_droop/orfs_ssd_ctrl_cfg_run_01_p12_rail.csv,1.1,True,VALIDATED
946,u_host_if.s_rdata[8]$_DFFE_PN0P_,clk_host,6.71,3.54,0.0006502672617245131,6.709349732738276,setup,measured_p12_rail,orfs_ssd_ctrl_cfg_run_01_p12,measured_droop/orfs_ssd_ctrl_cfg_run_01_p12_rail.csv,1.1,True,VALIDATED
947,u_host_if.s_rdata[7]$_DFFE_PN0P_,clk_host,6.71,3.54,0.0006388555629358028,6.709361144437064,setup,measured_p12_rail,orfs_ssd_ctrl_cfg_run_01_p12,measured_droop/orfs_ssd_ctrl_cfg_run_01_p12_rail.csv,1.1,True,VALIDATED
950,u_host_if.s_rdata[4]$_DFFE_PN0P_,clk_host,6.71,3.54,0.0006352629353120198,6.709364737064688,setup,measured_p12_rail,orfs_ssd_ctrl_cfg_run_01_p12,measured_droop/orfs_ssd_ctrl_cfg_run_01_p12_rail.csv,1.1,True,VALIDATED
951,u_host_if.s_rdata[3]$_DFFE_PN0P_,clk_host,6.71,3.53,0.0006345220333548451,6.709365477966645,setup,measured_p12_rail,orfs_ssd_ctrl_cfg_run_01_p12,measured_droop/orfs_ssd_ctrl_cfg_run_01_p12_rail.csv,1.1,True,VALIDATED
952,u_host_if.s_rdata[2]$_DFFE_PN0P_,clk_host,6.71,3.53,0.0006345220333548451,6.709365477966645,setup,measured_p12_rail,orfs_ssd_ctrl_cfg_run_01_p12,measured_droop/orfs_ssd_ctrl_cfg_run_01_p12_rail.csv,1.1,True,VALIDATED
948,u_host_if.s_rdata[5]$_DFFE_PN0P_,clk_host,6.71,3.54,0.0006331497135414477,6.709366850286458,setup,measured_p12_rail,orfs_ssd_ctrl_cfg_run_01_p12,measured_droop/orfs_ssd_ctrl_cfg_run_01_p12_rail.csv,1.1,True,VALIDATED
949,u_host_if.s_rdata[6]$_DFFE_PN0P_,clk_host,6.71,3.54,0.0006331497135414477,6.709366850286458,setup,measured_p12_rail,orfs_ssd_ctrl_cfg_run_01_p12,measured_droop/orfs_ssd_ctrl_cfg_run_01_p12_rail.csv,1.1,True,VALIDATED
937,u_host_if.s_rdata[17]$_DFFE_PN0P_,clk_host,6.71,3.54,0.0006242743844356302,6.709375725615565,setup,measured_p12_rail,orfs_ssd_ctrl_cfg_run_01_p12,measured_droop/orfs_ssd_ctrl_cfg_run_01_p12_rail.csv,1.1,True,VALIDATED
944,u_host_if.s_rdata[10]$_DFFE_PN0P_,clk_host,6.71,3.54,0.0006147666267191654,6.709385233373281,setup,measured_p12_rail,orfs_ssd_ctrl_cfg_run_01_p12,measured_droop/orfs_ssd_ctrl_cfg_run_01_p12_rail.csv,1.1,True,VALIDATED
940,u_host_if.s_rdata[9]$_DFFE_PN0P_,clk_host,6.71,3.54,0.0005970163092164915,6.709402983690784,setup,measured_p12_rail,orfs_ssd_ctrl_cfg_run_01_p12,measured_droop/orfs_ssd_ctrl_cfg_run_01_p12_rail.csv,1.1,True,VALIDATED
941,u_host_if.s_rdata[20]$_DFFE_PN0P_,clk_host,6.71,3.54,0.0005970163092164915,6.709402983690784,setup,measured_p12_rail,orfs_ssd_ctrl_cfg_run_01_p12,measured_droop/orfs_ssd_ctrl_cfg_run_01_p12_rail.csv,1.1,True,VALIDATED
939,u_host_if.s_rdata[13]$_DFFE_PN0P_,clk_host,6.71,3.54,0.0005970163092164915,6.709402983690784,setup,measured_p12_rail,orfs_ssd_ctrl_cfg_run_01_p12,measured_droop/orfs_ssd_ctrl_cfg_run_01_p12_rail.csv,1.1,True,VALIDATED
938,u_host_if.s_rdata[12]$_DFFE_PN0P_,clk_host,6.71,3.54,0.0005970163092164915,6.709402983690784,setup,measured_p12_rail,orfs_ssd_ctrl_cfg_run_01_p12,measured_droop/orfs_ssd_ctrl_cfg_run_01_p12_rail.csv,1.1,True,VALIDATED
942,u_host_if.reg_addr[18]$_DFFE_PN0P_,clk_host,6.71,3.54,0.0003236008044228966,6.709676399195577,setup,measured_p12_rail,orfs_ssd_ctrl_cfg_run_01_p12,measured_droop/orfs_ssd_ctrl_cfg_run_01_p12_rail.csv,1.1,True,VALIDATED
943,u_host_if.reg_addr[24]$_DFFE_PN0P_,clk_host,6.71,3.54,0.0003236008044228966,6.709676399195577,setup,measured_p12_rail,orfs_ssd_ctrl_cfg_run_01_p12,measured_droop/orfs_ssd_ctrl_cfg_run_01_p12_rail.csv,1.1,True,VALIDATED
953,u_host_if.s_rdata[16]$_DFFE_PN0P_,clk_host,6.72,3.53,0.0006484303485557175,6.719351569651444,setup,measured_p12_rail,orfs_ssd_ctrl_cfg_run_01_p12,measured_droop/orfs_ssd_ctrl_cfg_run_01_p12_rail.csv,1.1,True,VALIDATED
954,u_host_if.s_rdata[19]$_DFFE_PN0P_,clk_host,6.72,3.53,0.0006484303485557175,6.719351569651444,setup,measured_p12_rail,orfs_ssd_ctrl_cfg_run_01_p12,measured_droop/orfs_ssd_ctrl_cfg_run_01_p12_rail.csv,1.1,True,VALIDATED
955,u_host_if.s_rdata[18]$_DFFE_PN0P_,clk_host,6.72,3.53,0.0006484303485557175,6.719351569651444,setup,measured_p12_rail,orfs_ssd_ctrl_cfg_run_01_p12,measured_droop/orfs_ssd_ctrl_cfg_run_01_p12_rail.csv,1.1,True,VALIDATED
956,u_host_if.s_rdata[31]$_DFFE_PN0P_,clk_host,6.72,3.53,0.0006345220333548451,6.719365477966645,setup,measured_p12_rail,orfs_ssd_ctrl_cfg_run_01_p12,measured_droop/orfs_ssd_ctrl_cfg_run_01_p12_rail.csv,1.1,True,VALIDATED
957,u_host_if.s_rdata[21]$_DFFE_PN0P_,clk_host,6.72,3.52,0.0006327245205128285,6.719367275479487,setup,measured_p12_rail,orfs_ssd_ctrl_cfg_run_01_p12,measured_droop/orfs_ssd_ctrl_cfg_run_01_p12_rail.csv,1.1,True,VALIDATED
960,u_host_if.done_sticky$_DFF_PN0_,clk_host,6.74,3.5,0.00045382322089609906,6.739546176779104,setup,measured_p12_rail,orfs_ssd_ctrl_cfg_run_01_p12,measured_droop/orfs_ssd_ctrl_cfg_run_01_p12_rail.csv,1.1,True,VALIDATED
958,u_host_if.reg_chan$_DFFE_PN0P_,clk_host,6.74,3.49,0.0003690854953232181,6.739630914504677,setup,measured_p12_rail,orfs_ssd_ctrl_cfg_run_01_p12,measured_droop/orfs_ssd_ctrl_cfg_run_01_p12_rail.csv,1.1,True,VALIDATED
959,u_host_if.reg_opcode[1]$_DFFE_PN0P_,clk_host,6.74,3.49,0.00035381722941491,6.739646182770585,setup,measured_p12_rail,orfs_ssd_ctrl_cfg_run_01_p12,measured_droop/orfs_ssd_ctrl_cfg_run_01_p12_rail.csv,1.1,True,VALIDATED
965,u_host_if.reg_opcode[5]$_DFFE_PN0P_,clk_host,6.75,3.5,0.0003872134469495303,6.74961278655305,setup,measured_p12_rail,orfs_ssd_ctrl_cfg_run_01_p12,measured_droop/orfs_ssd_ctrl_cfg_run_01_p12_rail.csv,1.1,True,VALIDATED
967,u_host_if.reg_opcode[2]$_DFFE_PN0P_,clk_host,6.75,3.49,0.00038610712281567094,6.749613892877185,setup,measured_p12_rail,orfs_ssd_ctrl_cfg_run_01_p12,measured_droop/orfs_ssd_ctrl_cfg_run_01_p12_rail.csv,1.1,True,VALIDATED
966,u_host_if.reg_opcode[7]$_DFFE_PN0P_,clk_host,6.75,3.5,0.000364231855406405,6.749635768144594,setup,measured_p12_rail,orfs_ssd_ctrl_cfg_run_01_p12,measured_droop/orfs_ssd_ctrl_cfg_run_01_p12_rail.csv,1.1,True,VALIDATED
963,u_host_if.reg_opcode[6]$_DFFE_PN0P_,clk_host,6.75,3.5,0.0003347750092219659,6.749665224990778,setup,measured_p12_rail,orfs_ssd_ctrl_cfg_run_01_p12,measured_droop/orfs_ssd_ctrl_cfg_run_01_p12_rail.csv,1.1,True,VALIDATED
964,u_host_if.reg_opcode[3]$_DFFE_PN0P_,clk_host,6.75,3.5,0.0003347750092219659,6.749665224990778,setup,measured_p12_rail,orfs_ssd_ctrl_cfg_run_01_p12,measured_droop/orfs_ssd_ctrl_cfg_run_01_p12_rail.csv,1.1,True,VALIDATED
962,u_host_if.reg_opcode[0]$_DFFE_PN0P_,clk_host,6.75,3.49,0.0003309021900120279,6.749669097809988,setup,measured_p12_rail,orfs_ssd_ctrl_cfg_run_01_p12,measured_droop/orfs_ssd_ctrl_cfg_run_01_p12_rail.csv,1.1,True,VALIDATED
961,u_host_if.reg_opcode[4]$_DFFE_PN0P_,clk_host,6.75,3.5,0.0003274639559862069,6.749672536044014,setup,measured_p12_rail,orfs_ssd_ctrl_cfg_run_01_p12,measured_droop/orfs_ssd_ctrl_cfg_run_01_p12_rail.csv,1.1,True,VALIDATED
968,u_host_if.reg_ecc_en$_DFFE_PN0P_,clk_host,6.79,3.44,0.0003535636714800394,6.78964643632852,setup,measured_p12_rail,orfs_ssd_ctrl_cfg_run_01_p12,measured_droop/orfs_ssd_ctrl_cfg_run_01_p12_rail.csv,1.1,True,VALIDATED
969,u_host_if.start_pulse$_DFF_PN0_,clk_host,6.83,3.42,0.0003126312856291391,6.829687368714371,setup,measured_p12_rail,orfs_ssd_ctrl_cfg_run_01_p12,measured_droop/orfs_ssd_ctrl_cfg_run_01_p12_rail.csv,1.1,True,VALIDATED
970,u_host_if.s_rdata[24]$_DFFE_PN0P_,clk_host,6.84,3.41,0.0006316079756270576,6.839368392024372,setup,measured_p12_rail,orfs_ssd_ctrl_cfg_run_01_p12,measured_droop/orfs_ssd_ctrl_cfg_run_01_p12_rail.csv,1.1,True,VALIDATED
972,u_host_if.s_rdata[22]$_DFFE_PN0P_,clk_host,6.84,3.4,0.0006297557528244235,6.839370244247175,setup,measured_p12_rail,orfs_ssd_ctrl_cfg_run_01_p12,measured_droop/orfs_ssd_ctrl_cfg_run_01_p12_rail.csv,1.1,True,VALIDATED
971,u_host_if.s_rdata[29]$_DFFE_PN0P_,clk_host,6.84,3.4,0.0006297557528244235,6.839370244247175,setup,measured_p12_rail,orfs_ssd_ctrl_cfg_run_01_p12,measured_droop/orfs_ssd_ctrl_cfg_run_01_p12_rail.csv,1.1,True,VALIDATED
975,u_host_if.s_rdata[25]$_DFFE_PN0P_,clk_host,6.85,3.39,0.0006184118564874219,6.849381588143512,setup,measured_p12_rail,orfs_ssd_ctrl_cfg_run_01_p12,measured_droop/orfs_ssd_ctrl_cfg_run_01_p12_rail.csv,1.1,True,VALIDATED
977,u_host_if.s_rdata[28]$_DFFE_PN0P_,clk_host,6.85,3.39,0.0005941247132781324,6.849405875286721,setup,measured_p12_rail,orfs_ssd_ctrl_cfg_run_01_p12,measured_droop/orfs_ssd_ctrl_cfg_run_01_p12_rail.csv,1.1,True,VALIDATED
978,u_host_if.s_rdata[23]$_DFFE_PN0P_,clk_host,6.85,3.39,0.0005941247132781324,6.849405875286721,setup,measured_p12_rail,orfs_ssd_ctrl_cfg_run_01_p12,measured_droop/orfs_ssd_ctrl_cfg_run_01_p12_rail.csv,1.1,True,VALIDATED
973,u_host_if.s_rdata[1]$_DFFE_PN0P_,clk_host,6.85,3.39,0.0005941247132781324,6.849405875286721,setup,measured_p12_rail,orfs_ssd_ctrl_cfg_run_01_p12,measured_droop/orfs_ssd_ctrl_cfg_run_01_p12_rail.csv,1.1,True,VALIDATED
974,u_host_if.s_rdata[0]$_DFFE_PN0P_,clk_host,6.85,3.39,0.0005941247132781324,6.849405875286721,setup,measured_p12_rail,orfs_ssd_ctrl_cfg_run_01_p12,measured_droop/orfs_ssd_ctrl_cfg_run_01_p12_rail.csv,1.1,True,VALIDATED
980,u_host_if.s_rdata[30]$_DFFE_PN0P_,clk_host,6.85,3.39,0.0005941247132781324,6.849405875286721,setup,measured_p12_rail,orfs_ssd_ctrl_cfg_run_01_p12,measured_droop/orfs_ssd_ctrl_cfg_run_01_p12_rail.csv,1.1,True,VALIDATED
976,u_host_if.s_rdata[27]$_DFFE_PN0P_,clk_host,6.85,3.39,0.0005833085530903004,6.849416691446909,setup,measured_p12_rail,orfs_ssd_ctrl_cfg_run_01_p12,measured_droop/orfs_ssd_ctrl_cfg_run_01_p12_rail.csv,1.1,True,VALIDATED
979,u_host_if.s_rdata[26]$_DFFE_PN0P_,clk_host,6.85,3.39,0.0005833085530903004,6.849416691446909,setup,measured_p12_rail,orfs_ssd_ctrl_cfg_run_01_p12,measured_droop/orfs_ssd_ctrl_cfg_run_01_p12_rail.csv,1.1,True,VALIDATED
981,u_host_if.rpop_loaded$_DFFE_PN0P_,clk_host,6.86,3.37,0.0005653839497941071,6.859434616050207,setup,measured_p12_rail,orfs_ssd_ctrl_cfg_run_01_p12,measured_droop/orfs_ssd_ctrl_cfg_run_01_p12_rail.csv,1.1,True,VALIDATED
982,u_host_if.s_rvalid$_DFFE_PN0P_,clk_host,6.98,3.26,0.0005099626877254626,6.979490037312275,setup,measured_p12_rail,orfs_ssd_ctrl_cfg_run_01_p12,measured_droop/orfs_ssd_ctrl_cfg_run_01_p12_rail.csv,1.1,True,VALIDATED
985,u_host_if.awaddr_q[3]$_DFFE_PN0P_,clk_host,7.04,3.19,0.0002799682226800049,7.03972003177732,setup,measured_p12_rail,orfs_ssd_ctrl_cfg_run_01_p12,measured_droop/orfs_ssd_ctrl_cfg_run_01_p12_rail.csv,1.1,True,VALIDATED
984,u_host_if.awaddr_q[2]$_DFFE_PN0P_,clk_host,7.04,3.19,0.0002799682226800049,7.03972003177732,setup,measured_p12_rail,orfs_ssd_ctrl_cfg_run_01_p12,measured_droop/orfs_ssd_ctrl_cfg_run_01_p12_rail.csv,1.1,True,VALIDATED
983,u_host_if.awaddr_q[4]$_DFFE_PN0P_,clk_host,7.04,3.19,0.0002799682226800049,7.03972003177732,setup,measured_p12_rail,orfs_ssd_ctrl_cfg_run_01_p12,measured_droop/orfs_ssd_ctrl_cfg_run_01_p12_rail.csv,1.1,True,VALIDATED
986,u_host_if.awaddr_q[5]$_DFFE_PN0P_,clk_host,7.08,3.16,0.0002773352926863648,7.0797226647073135,setup,measured_p12_rail,orfs_ssd_ctrl_cfg_run_01_p12,measured_droop/orfs_ssd_ctrl_cfg_run_01_p12_rail.csv,1.1,True,VALIDATED
988,u_host_if.awaddr_q[7]$_DFFE_PN0P_,clk_host,7.08,3.16,0.0002773352926863648,7.0797226647073135,setup,measured_p12_rail,orfs_ssd_ctrl_cfg_run_01_p12,measured_droop/orfs_ssd_ctrl_cfg_run_01_p12_rail.csv,1.1,True,VALIDATED
989,u_host_if.awaddr_q[0]$_DFFE_PN0P_,clk_host,7.08,3.16,0.0002773352926863648,7.0797226647073135,setup,measured_p12_rail,orfs_ssd_ctrl_cfg_run_01_p12,measured_droop/orfs_ssd_ctrl_cfg_run_01_p12_rail.csv,1.1,True,VALIDATED
990,u_host_if.awaddr_q[1]$_DFFE_PN0P_,clk_host,7.08,3.16,0.0002773352926863648,7.0797226647073135,setup,measured_p12_rail,orfs_ssd_ctrl_cfg_run_01_p12,measured_droop/orfs_ssd_ctrl_cfg_run_01_p12_rail.csv,1.1,True,VALIDATED
987,u_host_if.awaddr_q[6]$_DFFE_PN0P_,clk_host,7.08,3.16,0.0002773352926863648,7.0797226647073135,setup,measured_p12_rail,orfs_ssd_ctrl_cfg_run_01_p12,measured_droop/orfs_ssd_ctrl_cfg_run_01_p12_rail.csv,1.1,True,VALIDATED
991,u_host_if.s_bvalid$_DFFE_PN0P_,clk_host,7.18,3.06,0.0002593629390399421,7.179740637060959,setup,measured_p12_rail,orfs_ssd_ctrl_cfg_run_01_p12,measured_droop/orfs_ssd_ctrl_cfg_run_01_p12_rail.csv,1.1,True,VALIDATED
992,u_host_if.rpop_q[24]$_DFFE_PN0P_,clk_host,9.1,1.13,0.0002359382797417764,9.099764061720258,setup,measured_p12_rail,orfs_ssd_ctrl_cfg_run_01_p12,measured_droop/orfs_ssd_ctrl_cfg_run_01_p12_rail.csv,1.1,True,VALIDATED
995,u_host_if.rpop_q[6]$_DFFE_PN0P_,clk_host,9.11,1.13,0.00020144578022956994,9.10979855421977,setup,measured_p12_rail,orfs_ssd_ctrl_cfg_run_01_p12,measured_droop/orfs_ssd_ctrl_cfg_run_01_p12_rail.csv,1.1,True,VALIDATED
997,u_host_if.rpop_q[17]$_DFFE_PN0P_,clk_host,9.11,1.13,0.00019762877160284242,9.109802371228396,setup,measured_p12_rail,orfs_ssd_ctrl_cfg_run_01_p12,measured_droop/orfs_ssd_ctrl_cfg_run_01_p12_rail.csv,1.1,True,VALIDATED
993,u_host_if.rpop_q[13]$_DFFE_PN0P_,clk_host,9.11,1.13,0.00019450659224193312,9.109805493407757,setup,measured_p12_rail,orfs_ssd_ctrl_cfg_run_01_p12,measured_droop/orfs_ssd_ctrl_cfg_run_01_p12_rail.csv,1.1,True,VALIDATED
994,u_host_if.rpop_q[8]$_DFFE_PN0P_,clk_host,9.11,1.13,0.00019398682476483298,9.109806013175234,setup,measured_p12_rail,orfs_ssd_ctrl_cfg_run_01_p12,measured_droop/orfs_ssd_ctrl_cfg_run_01_p12_rail.csv,1.1,True,VALIDATED
996,u_host_if.rpop_q[12]$_DFFE_PN0P_,clk_host,9.11,1.13,0.00017681576204101046,9.109823184237959,setup,measured_p12_rail,orfs_ssd_ctrl_cfg_run_01_p12,measured_droop/orfs_ssd_ctrl_cfg_run_01_p12_rail.csv,1.1,True,VALIDATED
998,u_host_if.rpop_q[11]$_DFFE_PN0P_,clk_host,9.12,1.13,0.00019473838659274378,9.119805261613406,setup,measured_p12_rail,orfs_ssd_ctrl_cfg_run_01_p12,measured_droop/orfs_ssd_ctrl_cfg_run_01_p12_rail.csv,1.1,True,VALIDATED
1000,u_cdc_cmd.mem[10][36]$_DFFE_PP_,clk_host,9.16,1.08,0.00015437163807362209,9.159845628361927,setup,measured_p12_rail,orfs_ssd_ctrl_cfg_run_01_p12,measured_droop/orfs_ssd_ctrl_cfg_run_01_p12_rail.csv,1.1,True,VALIDATED
999,u_cdc_cmd.mem[10][38]$_DFFE_PP_,clk_host,9.16,1.08,0.00014426597003271147,9.159855734029968,setup,measured_p12_rail,orfs_ssd_ctrl_cfg_run_01_p12,measured_droop/orfs_ssd_ctrl_cfg_run_01_p12_rail.csv,1.1,True,VALIDATED
1013,u_cdc_cmd.mem[10][71]$_DFFE_PP_,clk_host,9.17,1.07,0.00016326249671559656,9.169836737503285,setup,measured_p12_rail,orfs_ssd_ctrl_cfg_run_01_p12,measured_droop/orfs_ssd_ctrl_cfg_run_01_p12_rail.csv,1.1,True,VALIDATED
1015,u_cdc_cmd.mem[10][23]$_DFFE_PP_,clk_host,9.17,1.07,0.0001618830243820396,9.169838116975617,setup,measured_p12_rail,orfs_ssd_ctrl_cfg_run_01_p12,measured_droop/orfs_ssd_ctrl_cfg_run_01_p12_rail.csv,1.1,True,VALIDATED
1024,u_cdc_cmd.mem[10][28]$_DFFE_PP_,clk_host,9.17,1.07,0.00015968606407505692,9.169840313935925,setup,measured_p12_rail,orfs_ssd_ctrl_cfg_run_01_p12,measured_droop/orfs_ssd_ctrl_cfg_run_01_p12_rail.csv,1.1,True,VALIDATED
1018,u_cdc_cmd.mem[10][31]$_DFFE_PP_,clk_host,9.17,1.07,0.00015902228009292974,9.169840977719907,setup,measured_p12_rail,orfs_ssd_ctrl_cfg_run_01_p12,measured_droop/orfs_ssd_ctrl_cfg_run_01_p12_rail.csv,1.1,True,VALIDATED
1022,u_cdc_cmd.mem[10][47]$_DFFE_PP_,clk_host,9.17,1.08,0.00015648599639143945,9.169843514003608,setup,measured_p12_rail,orfs_ssd_ctrl_cfg_run_01_p12,measured_droop/orfs_ssd_ctrl_cfg_run_01_p12_rail.csv,1.1,True,VALIDATED
1016,u_cdc_cmd.mem[10][41]$_DFFE_PP_,clk_host,9.17,1.07,0.0001525341595718238,9.169847465840428,setup,measured_p12_rail,orfs_ssd_ctrl_cfg_run_01_p12,measured_droop/orfs_ssd_ctrl_cfg_run_01_p12_rail.csv,1.1,True,VALIDATED
1011,u_cdc_cmd.mem[10][68]$_DFFE_PP_,clk_host,9.17,1.08,0.0001524637915270577,9.169847536208472,setup,measured_p12_rail,orfs_ssd_ctrl_cfg_run_01_p12,measured_droop/orfs_ssd_ctrl_cfg_run_01_p12_rail.csv,1.1,True,VALIDATED
1012,u_cdc_cmd.mem[10][51]$_DFFE_PP_,clk_host,9.17,1.08,0.0001524637915270577,9.169847536208472,setup,measured_p12_rail,orfs_ssd_ctrl_cfg_run_01_p12,measured_droop/orfs_ssd_ctrl_cfg_run_01_p12_rail.csv,1.1,True,VALIDATED
1003,u_cdc_cmd.mem[10][37]$_DFFE_PP_,clk_host,9.17,1.08,0.00015194824312642075,9.169848051756874,setup,measured_p12_rail,orfs_ssd_ctrl_cfg_run_01_p12,measured_droop/orfs_ssd_ctrl_cfg_run_01_p12_rail.csv,1.1,True,VALIDATED
1017,u_cdc_cmd.mem[10][45]$_DFFE_PP_,clk_host,9.17,1.08,0.00015091696224575624,9.169849083037754,setup,measured_p12_rail,orfs_ssd_ctrl_cfg_run_01_p12,measured_droop/orfs_ssd_ctrl_cfg_run_01_p12_rail.csv,1.1,True,VALIDATED
1006,u_cdc_cmd.mem[10][30]$_DFFE_PP_,clk_host,9.17,1.08,0.0001501951276316471,9.169849804872369,setup,measured_p12_rail,orfs_ssd_ctrl_cfg_run_01_p12,measured_droop/orfs_ssd_ctrl_cfg_run_01_p12_rail.csv,1.1,True,VALIDATED
1005,u_cdc_cmd.mem[10][40]$_DFFE_PP_,clk_host,9.17,1.08,0.00014988577476419962,9.169850114225236,setup,measured_p12_rail,orfs_ssd_ctrl_cfg_run_01_p12,measured_droop/orfs_ssd_ctrl_cfg_run_01_p12_rail.csv,1.1,True,VALIDATED
1009,u_cdc_cmd.mem[10][70]$_DFFE_PP_,clk_host,9.17,1.08,0.00014988577476419962,9.169850114225236,setup,measured_p12_rail,orfs_ssd_ctrl_cfg_run_01_p12,measured_droop/orfs_ssd_ctrl_cfg_run_01_p12_rail.csv,1.1,True,VALIDATED
1014,u_cdc_cmd.mem[7][33]$_DFFE_PP_,clk_host,9.17,1.07,0.00014931490168768047,9.169850685098313,setup,measured_p12_rail,orfs_ssd_ctrl_cfg_run_01_p12,measured_droop/orfs_ssd_ctrl_cfg_run_01_p12_rail.csv,1.1,True,VALIDATED
1001,u_cdc_cmd.mem[10][35]$_DFFE_PP_,clk_host,9.17,1.08,0.00014864841438026744,9.169851351585619,setup,measured_p12_rail,orfs_ssd_ctrl_cfg_run_01_p12,measured_droop/orfs_ssd_ctrl_cfg_run_01_p12_rail.csv,1.1,True,VALIDATED
1002,u_cdc_cmd.mem[10][52]$_DFFE_PP_,clk_host,9.17,1.08,0.00014808140445722595,9.169851918595542,setup,measured_p12_rail,orfs_ssd_ctrl_cfg_run_01_p12,measured_droop/orfs_ssd_ctrl_cfg_run_01_p12_rail.csv,1.1,True,VALIDATED
1007,u_cdc_cmd.mem[10][72]$_DFFE_PP_,clk_host,9.17,1.08,0.0001471014913281138,9.169852898508672,setup,measured_p12_rail,orfs_ssd_ctrl_cfg_run_01_p12,measured_droop/orfs_ssd_ctrl_cfg_run_01_p12_rail.csv,1.1,True,VALIDATED
1010,u_cdc_cmd.mem[10][29]$_DFFE_PP_,clk_host,9.17,1.07,0.000146352417460624,9.169853647582539,setup,measured_p12_rail,orfs_ssd_ctrl_cfg_run_01_p12,measured_droop/orfs_ssd_ctrl_cfg_run_01_p12_rail.csv,1.1,True,VALIDATED
1008,u_cdc_cmd.mem[10][67]$_DFFE_PP_,clk_host,9.17,1.08,0.00014524573160899779,9.16985475426839,setup,measured_p12_rail,orfs_ssd_ctrl_cfg_run_01_p12,measured_droop/orfs_ssd_ctrl_cfg_run_01_p12_rail.csv,1.1,True,VALIDATED
1027,u_cdc_cmd.mem[7][66]$_DFFE_PP_,clk_host,9.17,1.06,0.00014462995781582,9.169855370042184,setup,measured_p12_rail,orfs_ssd_ctrl_cfg_run_01_p12,measured_droop/orfs_ssd_ctrl_cfg_run_01_p12_rail.csv,1.1,True,VALIDATED
1021,u_cdc_cmd.mem[7][56]$_DFFE_PP_,clk_host,9.17,1.07,0.00014430866479853144,9.1698556913352,setup,measured_p12_rail,orfs_ssd_ctrl_cfg_run_01_p12,measured_droop/orfs_ssd_ctrl_cfg_run_01_p12_rail.csv,1.1,True,VALIDATED
1020,u_cdc_cmd.mem[7][60]$_DFFE_PP_,clk_host,9.17,1.07,0.00014410434306079412,9.169855895656939,setup,measured_p12_rail,orfs_ssd_ctrl_cfg_run_01_p12,measured_droop/orfs_ssd_ctrl_cfg_run_01_p12_rail.csv,1.1,True,VALIDATED
1025,u_cdc_cmd.mem[7][58]$_DFFE_PP_,clk_host,9.17,1.07,0.00014359354214781017,9.169856406457852,setup,measured_p12_rail,orfs_ssd_ctrl_cfg_run_01_p12,measured_droop/orfs_ssd_ctrl_cfg_run_01_p12_rail.csv,1.1,True,VALIDATED
1004,u_cdc_cmd.mem[10][69]$_DFFE_PP_,clk_host,9.17,1.08,0.00014318326645874901,9.16985681673354,setup,measured_p12_rail,orfs_ssd_ctrl_cfg_run_01_p12,measured_droop/orfs_ssd_ctrl_cfg_run_01_p12_rail.csv,1.1,True,VALIDATED
1026,u_cdc_cmd.mem[7][53]$_DFFE_PP_,clk_host,9.17,1.07,0.00014277625507427838,9.169857223744925,setup,measured_p12_rail,orfs_ssd_ctrl_cfg_run_01_p12,measured_droop/orfs_ssd_ctrl_cfg_run_01_p12_rail.csv,1.1,True,VALIDATED
1019,u_cdc_cmd.mem[7][57]$_DFFE_PP_,clk_host,9.17,1.07,0.00014165252228041936,9.169858347477719,setup,measured_p12_rail,orfs_ssd_ctrl_cfg_run_01_p12,measured_droop/orfs_ssd_ctrl_cfg_run_01_p12_rail.csv,1.1,True,VALIDATED
1023,u_cdc_cmd.mem[7][63]$_DFFE_PP_,clk_host,9.17,1.06,0.00014149249932275676,9.169858507500678,setup,measured_p12_rail,orfs_ssd_ctrl_cfg_run_01_p12,measured_droop/orfs_ssd_ctrl_cfg_run_01_p12_rail.csv,1.1,True,VALIDATED
1037,u_host_if.rpop_q[1]$_DFFE_PN0P_,clk_host,9.18,1.06,0.00020148577837963977,9.17979851422162,setup,measured_p12_rail,orfs_ssd_ctrl_cfg_run_01_p12,measured_droop/orfs_ssd_ctrl_cfg_run_01_p12_rail.csv,1.1,True,VALIDATED
1040,u_host_if.rpop_q[0]$_DFFE_PN0P_,clk_host,9.18,1.06,0.00019705525906565935,9.179802944740935,setup,measured_p12_rail,orfs_ssd_ctrl_cfg_run_01_p12,measured_droop/orfs_ssd_ctrl_cfg_run_01_p12_rail.csv,1.1,True,VALIDATED
1038,u_host_if.rpop_q[2]$_DFFE_PN0P_,clk_host,9.18,1.06,0.00019141509026468495,9.179808584909734,setup,measured_p12_rail,orfs_ssd_ctrl_cfg_run_01_p12,measured_droop/orfs_ssd_ctrl_cfg_run_01_p12_rail.csv,1.1,True,VALIDATED
1039,u_host_if.rpop_q[3]$_DFFE_PN0P_,clk_host,9.18,1.06,0.00019112316122119055,9.179808876838779,setup,measured_p12_rail,orfs_ssd_ctrl_cfg_run_01_p12,measured_droop/orfs_ssd_ctrl_cfg_run_01_p12_rail.csv,1.1,True,VALIDATED
1028,u_cdc_cmd.mem[7][34]$_DFFE_PP_,clk_host,9.18,1.07,0.00015938051853124635,9.17984061948147,setup,measured_p12_rail,orfs_ssd_ctrl_cfg_run_01_p12,measured_droop/orfs_ssd_ctrl_cfg_run_01_p12_rail.csv,1.1,True,VALIDATED
1031,u_cdc_cmd.mem[7][65]$_DFFE_PP_,clk_host,9.18,1.07,0.00015042070992685175,9.179849579290073,setup,measured_p12_rail,orfs_ssd_ctrl_cfg_run_01_p12,measured_droop/orfs_ssd_ctrl_cfg_run_01_p12_rail.csv,1.1,True,VALIDATED
1032,u_cdc_cmd.mem[7][61]$_DFFE_PP_,clk_host,9.18,1.07,0.0001461987131177872,9.179853801286882,setup,measured_p12_rail,orfs_ssd_ctrl_cfg_run_01_p12,measured_droop/orfs_ssd_ctrl_cfg_run_01_p12_rail.csv,1.1,True,VALIDATED
1033,u_cdc_cmd.mem[7][62]$_DFFE_PP_,clk_host,9.18,1.07,0.0001461987131177872,9.179853801286882,setup,measured_p12_rail,orfs_ssd_ctrl_cfg_run_01_p12,measured_droop/orfs_ssd_ctrl_cfg_run_01_p12_rail.csv,1.1,True,VALIDATED
1035,u_cdc_cmd.mem[7][72]$_DFFE_PP_,clk_host,9.18,1.07,0.00014384893702830415,9.179856151062971,setup,measured_p12_rail,orfs_ssd_ctrl_cfg_run_01_p12,measured_droop/orfs_ssd_ctrl_cfg_run_01_p12_rail.csv,1.1,True,VALIDATED
1030,u_cdc_cmd.mem[7][64]$_DFFE_PP_,clk_host,9.18,1.07,0.0001435424628775661,9.179856457537122,setup,measured_p12_rail,orfs_ssd_ctrl_cfg_run_01_p12,measured_droop/orfs_ssd_ctrl_cfg_run_01_p12_rail.csv,1.1,True,VALIDATED
1029,u_cdc_cmd.mem[7][59]$_DFFE_PP_,clk_host,9.18,1.07,0.0001428784194970889,9.179857121580502,setup,measured_p12_rail,orfs_ssd_ctrl_cfg_run_01_p12,measured_droop/orfs_ssd_ctrl_cfg_run_01_p12_rail.csv,1.1,True,VALIDATED
1044,u_cdc_cmd.mem[6][33]$_DFFE_PP_,clk_host,9.18,1.06,0.0001423526004978859,9.179857647399501,setup,measured_p12_rail,orfs_ssd_ctrl_cfg_run_01_p12,measured_droop/orfs_ssd_ctrl_cfg_run_01_p12_rail.csv,1.1,True,VALIDATED
1047,u_cdc_cmd.mem[6][34]$_DFFE_PP_,clk_host,9.18,1.06,0.0001423526004978859,9.179857647399501,setup,measured_p12_rail,orfs_ssd_ctrl_cfg_run_01_p12,measured_droop/orfs_ssd_ctrl_cfg_run_01_p12_rail.csv,1.1,True,VALIDATED
1041,u_cdc_cmd.mem[6][62]$_DFFE_PP_,clk_host,9.18,1.06,0.0001410873934930973,9.179858912606507,setup,measured_p12_rail,orfs_ssd_ctrl_cfg_run_01_p12,measured_droop/orfs_ssd_ctrl_cfg_run_01_p12_rail.csv,1.1,True,VALIDATED
1043,u_cdc_cmd.mem[6][61]$_DFFE_PP_,clk_host,9.18,1.06,0.00014017646433937825,9.17985982353566,setup,measured_p12_rail,orfs_ssd_ctrl_cfg_run_01_p12,measured_droop/orfs_ssd_ctrl_cfg_run_01_p12_rail.csv,1.1,True,VALIDATED
1034,u_cdc_cmd.mem[6][66]$_DFFE_PP_,clk_host,9.18,1.06,0.00013906312299688528,9.179860936877002,setup,measured_p12_rail,orfs_ssd_ctrl_cfg_run_01_p12,measured_droop/orfs_ssd_ctrl_cfg_run_01_p12_rail.csv,1.1,True,VALIDATED
1052,u_cdc_cmd.mem[6][58]$_DFFE_PP_,clk_host,9.18,1.06,0.00013739315086938597,9.179862606849131,setup,measured_p12_rail,orfs_ssd_ctrl_cfg_run_01_p12,measured_droop/orfs_ssd_ctrl_cfg_run_01_p12_rail.csv,1.1,True,VALIDATED
1048,u_cdc_cmd.mem[6][60]$_DFFE_PP_,clk_host,9.18,1.06,0.00013719073868061205,9.17986280926132,setup,measured_p12_rail,orfs_ssd_ctrl_cfg_run_01_p12,measured_droop/orfs_ssd_ctrl_cfg_run_01_p12_rail.csv,1.1,True,VALIDATED
1046,u_cdc_cmd.mem[6][56]$_DFFE_PP_,clk_host,9.18,1.06,0.00013708953112935574,9.17986291046887,setup,measured_p12_rail,orfs_ssd_ctrl_cfg_run_01_p12,measured_droop/orfs_ssd_ctrl_cfg_run_01_p12_rail.csv,1.1,True,VALIDATED
1045,u_cdc_cmd.mem[6][72]$_DFFE_PP_,clk_host,9.18,1.06,0.00013693771962038082,9.17986306228038,setup,measured_p12_rail,orfs_ssd_ctrl_cfg_run_01_p12,measured_droop/orfs_ssd_ctrl_cfg_run_01_p12_rail.csv,1.1,True,VALIDATED
1049,u_cdc_cmd.mem[6][65]$_DFFE_PP_,clk_host,9.18,1.06,0.0001367859191591797,9.179863214080841,setup,measured_p12_rail,orfs_ssd_ctrl_cfg_run_01_p12,measured_droop/orfs_ssd_ctrl_cfg_run_01_p12_rail.csv,1.1,True,VALIDATED
1050,u_cdc_cmd.mem[6][59]$_DFFE_PP_,clk_host,9.18,1.06,0.0001366847116079234,9.179863315288392,setup,measured_p12_rail,orfs_ssd_ctrl_cfg_run_01_p12,measured_droop/orfs_ssd_ctrl_cfg_run_01_p12_rail.csv,1.1,True,VALIDATED
1051,u_cdc_cmd.mem[6][64]$_DFFE_PP_,clk_host,9.18,1.06,0.00013597627234646081,9.179864023727653,setup,measured_p12_rail,orfs_ssd_ctrl_cfg_run_01_p12,measured_droop/orfs_ssd_ctrl_cfg_run_01_p12_rail.csv,1.1,True,VALIDATED
1042,u_cdc_cmd.mem[6][53]$_DFFE_PP_,clk_host,9.18,1.06,0.00013587506273134153,9.179864124937268,setup,measured_p12_rail,orfs_ssd_ctrl_cfg_run_01_p12,measured_droop/orfs_ssd_ctrl_cfg_run_01_p12_rail.csv,1.1,True,VALIDATED
1036,u_cdc_cmd.mem[6][63]$_DFFE_PP_,clk_host,9.18,1.06,0.0001358750617601323,9.17986412493824,setup,measured_p12_rail,orfs_ssd_ctrl_cfg_run_01_p12,measured_droop/orfs_ssd_ctrl_cfg_run_01_p12_rail.csv,1.1,True,VALIDATED
1054,u_host_if.rpop_q[26]$_DFFE_PN0P_,clk_host,9.19,1.05,0.00022293532573414154,9.189777064674265,setup,measured_p12_rail,orfs_ssd_ctrl_cfg_run_01_p12,measured_droop/orfs_ssd_ctrl_cfg_run_01_p12_rail.csv,1.1,True,VALIDATED
1057,u_cdc_cmd.mem[9][28]$_DFFE_PP_,clk_host,9.19,1.05,0.00016883710789866724,9.189831162892101,setup,measured_p12_rail,orfs_ssd_ctrl_cfg_run_01_p12,measured_droop/orfs_ssd_ctrl_cfg_run_01_p12_rail.csv,1.1,True,VALIDATED
1056,u_cdc_cmd.mem[9][29]$_DFFE_PP_,clk_host,9.19,1.05,0.00015550205983864973,9.189844497940161,setup,measured_p12_rail,orfs_ssd_ctrl_cfg_run_01_p12,measured_droop/orfs_ssd_ctrl_cfg_run_01_p12_rail.csv,1.1,True,VALIDATED
1055,u_cdc_cmd.mem[9][67]$_DFFE_PP_,clk_host,9.19,1.05,0.00015154229630637284,9.189848457703693,setup,measured_p12_rail,orfs_ssd_ctrl_cfg_run_01_p12,measured_droop/orfs_ssd_ctrl_cfg_run_01_p12_rail.csv,1.1,True,VALIDATED
1053,u_cdc_cmd.mem[6][57]$_DFFE_PP_,clk_host,9.19,1.06,0.00013386982471547126,9.189866130175284,setup,measured_p12_rail,orfs_ssd_ctrl_cfg_run_01_p12,measured_droop/orfs_ssd_ctrl_cfg_run_01_p12_rail.csv,1.1,True,VALIDATED
1061,u_cdc_cmd.mem[9][31]$_DFFE_PP_,clk_host,9.2,1.05,0.0001739511199708721,9.199826048880029,setup,measured_p12_rail,orfs_ssd_ctrl_cfg_run_01_p12,measured_droop/orfs_ssd_ctrl_cfg_run_01_p12_rail.csv,1.1,True,VALIDATED
1060,u_cdc_cmd.mem[9][71]$_DFFE_PP_,clk_host,9.2,1.05,0.00017254720406778556,9.199827452795931,setup,measured_p12_rail,orfs_ssd_ctrl_cfg_run_01_p12,measured_droop/orfs_ssd_ctrl_cfg_run_01_p12_rail.csv,1.1,True,VALIDATED
1063,u_cdc_cmd.mem[9][23]$_DFFE_PP_,clk_host,9.2,1.05,0.00017254720406778556,9.199827452795931,setup,measured_p12_rail,orfs_ssd_ctrl_cfg_run_01_p12,measured_droop/orfs_ssd_ctrl_cfg_run_01_p12_rail.csv,1.1,True,VALIDATED
1059,u_cdc_cmd.mem[9][25]$_DFFE_PP_,clk_host,9.2,1.05,0.00016883710789866724,9.199831162892101,setup,measured_p12_rail,orfs_ssd_ctrl_cfg_run_01_p12,measured_droop/orfs_ssd_ctrl_cfg_run_01_p12_rail.csv,1.1,True,VALIDATED
1058,u_cdc_cmd.mem[9][41]$_DFFE_PP_,clk_host,9.2,1.05,0.00016562879048591383,9.199834371209514,setup,measured_p12_rail,orfs_ssd_ctrl_cfg_run_01_p12,measured_droop/orfs_ssd_ctrl_cfg_run_01_p12_rail.csv,1.1,True,VALIDATED
1065,u_cdc_cmd.mem[9][68]$_DFFE_PP_,clk_host,9.2,1.05,0.0001605650290117111,9.199839434970988,setup,measured_p12_rail,orfs_ssd_ctrl_cfg_run_01_p12,measured_droop/orfs_ssd_ctrl_cfg_run_01_p12_rail.csv,1.1,True,VALIDATED
1062,u_cdc_cmd.mem[9][30]$_DFFE_PP_,clk_host,9.2,1.05,0.0001583593835578212,9.199841640616441,setup,measured_p12_rail,orfs_ssd_ctrl_cfg_run_01_p12,measured_droop/orfs_ssd_ctrl_cfg_run_01_p12_rail.csv,1.1,True,VALIDATED
1064,u_cdc_cmd.mem[9][70]$_DFFE_PP_,clk_host,9.2,1.05,0.00015805862382557712,9.199841941376175,setup,measured_p12_rail,orfs_ssd_ctrl_cfg_run_01_p12,measured_droop/orfs_ssd_ctrl_cfg_run_01_p12_rail.csv,1.1,True,VALIDATED
1067,u_cdc_cmd.mem[9][40]$_DFFE_PP_,clk_host,9.2,1.05,0.00015374795560080257,9.199846252044399,setup,measured_p12_rail,orfs_ssd_ctrl_cfg_run_01_p12,measured_droop/orfs_ssd_ctrl_cfg_run_01_p12_rail.csv,1.1,True,VALIDATED
1066,u_cdc_cmd.mem[9][69]$_DFFE_PP_,clk_host,9.2,1.05,0.00015374795560080257,9.199846252044399,setup,measured_p12_rail,orfs_ssd_ctrl_cfg_run_01_p12,measured_droop/orfs_ssd_ctrl_cfg_run_01_p12_rail.csv,1.1,True,VALIDATED
1068,u_host_if.rpop_q[22]$_DFFE_PN0P_,clk_host,9.22,1.02,0.00020161556609780973,9.219798384433902,setup,measured_p12_rail,orfs_ssd_ctrl_cfg_run_01_p12,measured_droop/orfs_ssd_ctrl_cfg_run_01_p12_rail.csv,1.1,True,VALIDATED
1069,u_host_if.rpop_q[27]$_DFFE_PN0P_,clk_host,9.22,1.02,0.00019601389879692066,9.219803986101203,setup,measured_p12_rail,orfs_ssd_ctrl_cfg_run_01_p12,measured_droop/orfs_ssd_ctrl_cfg_run_01_p12_rail.csv,1.1,True,VALIDATED
1070,u_host_if.rpop_q[29]$_DFFE_PN0P_,clk_host,9.22,1.02,0.0001954042970582076,9.219804595702943,setup,measured_p12_rail,orfs_ssd_ctrl_cfg_run_01_p12,measured_droop/orfs_ssd_ctrl_cfg_run_01_p12_rail.csv,1.1,True,VALIDATED
1071,u_host_if.rpop_q[20]$_DFFE_PN0P_,clk_host,9.22,1.02,0.00016210192915451505,9.219837898070846,setup,measured_p12_rail,orfs_ssd_ctrl_cfg_run_01_p12,measured_droop/orfs_ssd_ctrl_cfg_run_01_p12_rail.csv,1.1,True,VALIDATED
1075,u_host_if.rpop_q[10]$_DFFE_PN0P_,clk_host,9.23,1.01,0.0001718108381800615,9.22982818916182,setup,measured_p12_rail,orfs_ssd_ctrl_cfg_run_01_p12,measured_droop/orfs_ssd_ctrl_cfg_run_01_p12_rail.csv,1.1,True,VALIDATED
1085,u_host_if.rpop_q[19]$_DFFE_PN0P_,clk_host,9.23,1.01,0.0001680254396209946,9.22983197456038,setup,measured_p12_rail,orfs_ssd_ctrl_cfg_run_01_p12,measured_droop/orfs_ssd_ctrl_cfg_run_01_p12_rail.csv,1.1,True,VALIDATED
1074,u_host_if.rpop_q[18]$_DFFE_PN0P_,clk_host,9.23,1.01,0.00016685662686739822,9.229833143373133,setup,measured_p12_rail,orfs_ssd_ctrl_cfg_run_01_p12,measured_droop/orfs_ssd_ctrl_cfg_run_01_p12_rail.csv,1.1,True,VALIDATED
1072,u_host_if.rpop_q[9]$_DFFE_PN0P_,clk_host,9.23,1.02,0.00016401311803457275,9.229835986881966,setup,measured_p12_rail,orfs_ssd_ctrl_cfg_run_01_p12,measured_droop/orfs_ssd_ctrl_cfg_run_01_p12_rail.csv,1.1,True,VALIDATED
1081,u_host_if.rpop_q[14]$_DFFE_PN0P_,clk_host,9.23,1.01,0.00016223732094246268,9.229837762679058,setup,measured_p12_rail,orfs_ssd_ctrl_cfg_run_01_p12,measured_droop/orfs_ssd_ctrl_cfg_run_01_p12_rail.csv,1.1,True,VALIDATED
1073,u_host_if.rpop_q[15]$_DFFE_PN0P_,clk_host,9.23,1.01,0.00015427874903245486,9.229845721250967,setup,measured_p12_rail,orfs_ssd_ctrl_cfg_run_01_p12,measured_droop/orfs_ssd_ctrl_cfg_run_01_p12_rail.csv,1.1,True,VALIDATED
1082,u_cdc_cmd.mem[3][44]$_DFFE_PP_,clk_host,9.23,1.01,0.00015179629506673065,9.229848203704934,setup,measured_p12_rail,orfs_ssd_ctrl_cfg_run_01_p12,measured_droop/orfs_ssd_ctrl_cfg_run_01_p12_rail.csv,1.1,True,VALIDATED
1084,u_host_if.rpop_q[16]$_DFFE_PN0P_,clk_host,9.23,1.01,0.0001446514882811334,9.22985534851172,setup,measured_p12_rail,orfs_ssd_ctrl_cfg_run_01_p12,measured_droop/orfs_ssd_ctrl_cfg_run_01_p12_rail.csv,1.1,True,VALIDATED
1078,u_cdc_cmd.mem[3][68]$_DFFE_PP_,clk_host,9.23,1.01,0.00014446638502696452,9.229855533614973,setup,measured_p12_rail,orfs_ssd_ctrl_cfg_run_01_p12,measured_droop/orfs_ssd_ctrl_cfg_run_01_p12_rail.csv,1.1,True,VALIDATED
1080,u_cdc_cmd.mem[3][70]$_DFFE_PP_,clk_host,9.23,1.01,0.00014224832418893718,9.229857751675812,setup,measured_p12_rail,orfs_ssd_ctrl_cfg_run_01_p12,measured_droop/orfs_ssd_ctrl_cfg_run_01_p12_rail.csv,1.1,True,VALIDATED
1083,u_cdc_cmd.mem[3][69]$_DFFE_PP_,clk_host,9.23,1.02,0.0001417578462214325,9.22985824215378,setup,measured_p12_rail,orfs_ssd_ctrl_cfg_run_01_p12,measured_droop/orfs_ssd_ctrl_cfg_run_01_p12_rail.csv,1.1,True,VALIDATED
1076,u_cdc_cmd.mem[3][40]$_DFFE_PP_,clk_host,9.23,1.02,0.00014131950841626828,9.229858680491585,setup,measured_p12_rail,orfs_ssd_ctrl_cfg_run_01_p12,measured_droop/orfs_ssd_ctrl_cfg_run_01_p12_rail.csv,1.1,True,VALIDATED
1079,u_cdc_cmd.mem[3][30]$_DFFE_PP_,clk_host,9.23,1.01,0.0001399340230396201,9.229860065976961,setup,measured_p12_rail,orfs_ssd_ctrl_cfg_run_01_p12,measured_droop/orfs_ssd_ctrl_cfg_run_01_p12_rail.csv,1.1,True,VALIDATED
1077,u_cdc_cmd.mem[3][67]$_DFFE_PP_,clk_host,9.23,1.01,0.00013925895757921358,9.22986074104242,setup,measured_p12_rail,orfs_ssd_ctrl_cfg_run_01_p12,measured_droop/orfs_ssd_ctrl_cfg_run_01_p12_rail.csv,1.1,True,VALIDATED
1086,u_host_if.rpop_q[7]$_DFFE_PN0P_,clk_host,9.24,1.01,0.00016886021296842746,9.239831139787032,setup,measured_p12_rail,orfs_ssd_ctrl_cfg_run_01_p12,measured_droop/orfs_ssd_ctrl_cfg_run_01_p12_rail.csv,1.1,True,VALIDATED
1087,u_cdc_cmd.mem[3][49]$_DFFE_PP_,clk_host,9.24,1.01,0.0001555092082071996,9.239844490791793,setup,measured_p12_rail,orfs_ssd_ctrl_cfg_run_01_p12,measured_droop/orfs_ssd_ctrl_cfg_run_01_p12_rail.csv,1.1,True,VALIDATED
1095,u_cdc_cmd.mem[3][48]$_DFFE_PP_,clk_host,9.24,1.01,0.00015541275342384475,9.239844587246576,setup,measured_p12_rail,orfs_ssd_ctrl_cfg_run_01_p12,measured_droop/orfs_ssd_ctrl_cfg_run_01_p12_rail.csv,1.1,True,VALIDATED
1096,u_cdc_cmd.mem[3][46]$_DFFE_PP_,clk_host,9.24,1.01,0.00015160315512285916,9.239848396844877,setup,measured_p12_rail,orfs_ssd_ctrl_cfg_run_01_p12,measured_droop/orfs_ssd_ctrl_cfg_run_01_p12_rail.csv,1.1,True,VALIDATED
1093,u_cdc_cmd.mem[3][47]$_DFFE_PP_,clk_host,9.24,1.01,0.0001514583676591047,9.239848541632341,setup,measured_p12_rail,orfs_ssd_ctrl_cfg_run_01_p12,measured_droop/orfs_ssd_ctrl_cfg_run_01_p12_rail.csv,1.1,True,VALIDATED
1094,u_cdc_cmd.mem[3][52]$_DFFE_PP_,clk_host,9.24,1.01,0.0001506867525390143,9.239849313247461,setup,measured_p12_rail,orfs_ssd_ctrl_cfg_run_01_p12,measured_droop/orfs_ssd_ctrl_cfg_run_01_p12_rail.csv,1.1,True,VALIDATED
1092,u_cdc_cmd.mem[3][43]$_DFFE_PP_,clk_host,9.24,1.01,0.0001502045387911377,9.23984979546121,setup,measured_p12_rail,orfs_ssd_ctrl_cfg_run_01_p12,measured_droop/orfs_ssd_ctrl_cfg_run_01_p12_rail.csv,1.1,True,VALIDATED
1088,u_cdc_cmd.mem[3][50]$_DFFE_PP_,clk_host,9.24,1.01,0.00014861318401671042,9.239851386815984,setup,measured_p12_rail,orfs_ssd_ctrl_cfg_run_01_p12,measured_droop/orfs_ssd_ctrl_cfg_run_01_p12_rail.csv,1.1,True,VALIDATED
1089,u_cdc_cmd.mem[3][51]$_DFFE_PP_,clk_host,9.24,1.01,0.00014837206268077108,9.23985162793732,setup,measured_p12_rail,orfs_ssd_ctrl_cfg_run_01_p12,measured_droop/orfs_ssd_ctrl_cfg_run_01_p12_rail.csv,1.1,True,VALIDATED
1091,u_cdc_cmd.mem[3][41]$_DFFE_PP_,clk_host,9.24,1.01,0.00014644347008421765,9.239853556529916,setup,measured_p12_rail,orfs_ssd_ctrl_cfg_run_01_p12,measured_droop/orfs_ssd_ctrl_cfg_run_01_p12_rail.csv,1.1,True,VALIDATED
1090,u_cdc_cmd.mem[3][45]$_DFFE_PP_,clk_host,9.24,1.01,0.00014547886696363033,9.239854521133037,setup,measured_p12_rail,orfs_ssd_ctrl_cfg_run_01_p12,measured_droop/orfs_ssd_ctrl_cfg_run_01_p12_rail.csv,1.1,True,VALIDATED
1097,u_cdc_cmd.mem[3][14]$_DFFE_PP_,clk_host,9.24,1.0,0.00014313142812194535,9.239856868571879,setup,measured_p12_rail,orfs_ssd_ctrl_cfg_run_01_p12,measured_droop/orfs_ssd_ctrl_cfg_run_01_p12_rail.csv,1.1,True,VALIDATED
1098,u_cdc_cmd.mem[3][37]$_DFFE_PP_,clk_host,9.24,1.0,0.00013869172285491116,9.239861308277145,setup,measured_p12_rail,orfs_ssd_ctrl_cfg_run_01_p12,measured_droop/orfs_ssd_ctrl_cfg_run_01_p12_rail.csv,1.1,True,VALIDATED
1113,u_cdc_cmd.mem[2][49]$_DFFE_PP_,clk_host,9.25,1.0,0.00015411284968869232,9.249845887150311,setup,measured_p12_rail,orfs_ssd_ctrl_cfg_run_01_p12,measured_droop/orfs_ssd_ctrl_cfg_run_01_p12_rail.csv,1.1,True,VALIDATED
1120,u_cdc_cmd.mem[2][47]$_DFFE_PP_,clk_host,9.25,1.0,0.0001501021164727473,9.249849897883527,setup,measured_p12_rail,orfs_ssd_ctrl_cfg_run_01_p12,measured_droop/orfs_ssd_ctrl_cfg_run_01_p12_rail.csv,1.1,True,VALIDATED
1103,u_cdc_cmd.mem[3][3]$_DFFE_PP_,clk_host,9.25,1.0,0.00014938577095569006,9.249850614229045,setup,measured_p12_rail,orfs_ssd_ctrl_cfg_run_01_p12,measured_droop/orfs_ssd_ctrl_cfg_run_01_p12_rail.csv,1.1,True,VALIDATED
1117,u_cdc_cmd.mem[2][43]$_DFFE_PP_,clk_host,9.25,0.99,0.0001473720947346019,9.249852627905266,setup,measured_p12_rail,orfs_ssd_ctrl_cfg_run_01_p12,measured_droop/orfs_ssd_ctrl_cfg_run_01_p12_rail.csv,1.1,True,VALIDATED
1119,u_cdc_cmd.mem[2][50]$_DFFE_PP_,clk_host,9.25,0.99,0.00014581225193589786,9.249854187748063,setup,measured_p12_rail,orfs_ssd_ctrl_cfg_run_01_p12,measured_droop/orfs_ssd_ctrl_cfg_run_01_p12_rail.csv,1.1,True,VALIDATED
1116,u_cdc_cmd.mem[2][41]$_DFFE_PP_,clk_host,9.25,1.0,0.00014513687134909414,9.24985486312865,setup,measured_p12_rail,orfs_ssd_ctrl_cfg_run_01_p12,measured_droop/orfs_ssd_ctrl_cfg_run_01_p12_rail.csv,1.1,True,VALIDATED
1115,u_cdc_cmd.mem[2][44]$_DFFE_PP_,clk_host,9.25,1.0,0.00014513687134909414,9.24985486312865,setup,measured_p12_rail,orfs_ssd_ctrl_cfg_run_01_p12,measured_droop/orfs_ssd_ctrl_cfg_run_01_p12_rail.csv,1.1,True,VALIDATED
1104,u_cdc_cmd.mem[3][18]$_DFFE_PP_,clk_host,9.25,1.0,0.00014446814766448657,9.249855531852335,setup,measured_p12_rail,orfs_ssd_ctrl_cfg_run_01_p12,measured_droop/orfs_ssd_ctrl_cfg_run_01_p12_rail.csv,1.1,True,VALIDATED
1099,u_cdc_cmd.mem[3][13]$_DFFE_PP_,clk_host,9.25,1.0,0.00014446814766448657,9.249855531852335,setup,measured_p12_rail,orfs_ssd_ctrl_cfg_run_01_p12,measured_droop/orfs_ssd_ctrl_cfg_run_01_p12_rail.csv,1.1,True,VALIDATED
1105,u_cdc_cmd.mem[3][36]$_DFFE_PP_,clk_host,9.25,1.0,0.00014303596292977727,9.24985696403707,setup,measured_p12_rail,orfs_ssd_ctrl_cfg_run_01_p12,measured_droop/orfs_ssd_ctrl_cfg_run_01_p12_rail.csv,1.1,True,VALIDATED
1123,u_cdc_cmd.mem[2][45]$_DFFE_PP_,clk_host,9.25,0.99,0.00014274000056703484,9.249857259999432,setup,measured_p12_rail,orfs_ssd_ctrl_cfg_run_01_p12,measured_droop/orfs_ssd_ctrl_cfg_run_01_p12_rail.csv,1.1,True,VALIDATED
1109,u_cdc_cmd.mem[2][68]$_DFFE_PP_,clk_host,9.25,0.99,0.0001417475677776281,9.249858252432222,setup,measured_p12_rail,orfs_ssd_ctrl_cfg_run_01_p12,measured_droop/orfs_ssd_ctrl_cfg_run_01_p12_rail.csv,1.1,True,VALIDATED
1101,u_cdc_cmd.mem[3][39]$_DFFE_PP_,clk_host,9.25,1.0,0.0001413173276409302,9.24985868267236,setup,measured_p12_rail,orfs_ssd_ctrl_cfg_run_01_p12,measured_droop/orfs_ssd_ctrl_cfg_run_01_p12_rail.csv,1.1,True,VALIDATED
1111,u_cdc_cmd.mem[3][12]$_DFFE_PP_,clk_host,9.25,1.0,0.00013978974711888192,9.249860210252882,setup,measured_p12_rail,orfs_ssd_ctrl_cfg_run_01_p12,measured_droop/orfs_ssd_ctrl_cfg_run_01_p12_rail.csv,1.1,True,VALIDATED
1110,u_cdc_cmd.mem[2][30]$_DFFE_PP_,clk_host,9.25,1.0,0.00013869187427524576,9.249861308125725,setup,measured_p12_rail,orfs_ssd_ctrl_cfg_run_01_p12,measured_droop/orfs_ssd_ctrl_cfg_run_01_p12_rail.csv,1.1,True,VALIDATED
1106,u_cdc_cmd.mem[2][67]$_DFFE_PP_,clk_host,9.25,1.0,0.000138023492631284,9.249861976507368,setup,measured_p12_rail,orfs_ssd_ctrl_cfg_run_01_p12,measured_droop/orfs_ssd_ctrl_cfg_run_01_p12_rail.csv,1.1,True,VALIDATED
1100,u_cdc_cmd.mem[3][35]$_DFFE_PP_,clk_host,9.25,1.0,0.00013788015601896852,9.24986211984398,setup,measured_p12_rail,orfs_ssd_ctrl_cfg_run_01_p12,measured_droop/orfs_ssd_ctrl_cfg_run_01_p12_rail.csv,1.1,True,VALIDATED
1108,u_cdc_cmd.mem[2][70]$_DFFE_PP_,clk_host,9.25,1.0,0.00013754613116226388,9.249862453868838,setup,measured_p12_rail,orfs_ssd_ctrl_cfg_run_01_p12,measured_droop/orfs_ssd_ctrl_cfg_run_01_p12_rail.csv,1.1,True,VALIDATED
1114,u_cdc_cmd.mem[2][37]$_DFFE_PP_,clk_host,9.25,0.99,0.0001374467088726683,9.249862553291127,setup,measured_p12_rail,orfs_ssd_ctrl_cfg_run_01_p12,measured_droop/orfs_ssd_ctrl_cfg_run_01_p12_rail.csv,1.1,True,VALIDATED
1107,u_cdc_cmd.mem[2][40]$_DFFE_PP_,clk_host,9.25,1.0,0.00013721198981499205,9.249862788010185,setup,measured_p12_rail,orfs_ssd_ctrl_cfg_run_01_p12,measured_droop/orfs_ssd_ctrl_cfg_run_01_p12_rail.csv,1.1,True,VALIDATED
1102,u_cdc_cmd.mem[3][38]$_DFFE_PP_,clk_host,9.25,1.0,0.00013692543880695907,9.249863074561192,setup,measured_p12_rail,orfs_ssd_ctrl_cfg_run_01_p12,measured_droop/orfs_ssd_ctrl_cfg_run_01_p12_rail.csv,1.1,True,VALIDATED
1112,u_cdc_cmd.mem[2][35]$_DFFE_PP_,clk_host,9.25,0.99,0.0001366432577050991,9.249863356742296,setup,measured_p12_rail,orfs_ssd_ctrl_cfg_run_01_p12,measured_droop/orfs_ssd_ctrl_cfg_run_01_p12_rail.csv,1.1,True,VALIDATED
1118,u_cdc_cmd.mem[2][38]$_DFFE_PP_,clk_host,9.25,0.99,0.00013569808766519809,9.249864301912336,setup,measured_p12_rail,orfs_ssd_ctrl_cfg_run_01_p12,measured_droop/orfs_ssd_ctrl_cfg_run_01_p12_rail.csv,1.1,True,VALIDATED
1122,u_cdc_cmd.mem[10][19]$_DFFE_PP_,clk_host,9.25,0.99,0.00013470216382167888,9.249865297836179,setup,measured_p12_rail,orfs_ssd_ctrl_cfg_run_01_p12,measured_droop/orfs_ssd_ctrl_cfg_run_01_p12_rail.csv,1.1,True,VALIDATED
1121,u_cdc_cmd.mem[10][20]$_DFFE_PP_,clk_host,9.25,0.99,0.00013470216382167888,9.249865297836179,setup,measured_p12_rail,orfs_ssd_ctrl_cfg_run_01_p12,measured_droop/orfs_ssd_ctrl_cfg_run_01_p12_rail.csv,1.1,True,VALIDATED
1146,u_cdc_cmd.mem[11][31]$_DFFE_PP_,clk_host,9.26,0.99,0.000165618501355963,9.259834381498644,setup,measured_p12_rail,orfs_ssd_ctrl_cfg_run_01_p12,measured_droop/orfs_ssd_ctrl_cfg_run_01_p12_rail.csv,1.1,True,VALIDATED
1139,u_cdc_cmd.mem[11][54]$_DFFE_PP_,clk_host,9.26,0.99,0.000165618501355963,9.259834381498644,setup,measured_p12_rail,orfs_ssd_ctrl_cfg_run_01_p12,measured_droop/orfs_ssd_ctrl_cfg_run_01_p12_rail.csv,1.1,True,VALIDATED
1142,u_cdc_cmd.mem[11][23]$_DFFE_PP_,clk_host,9.26,0.99,0.00016301847500360678,9.259836981524996,setup,measured_p12_rail,orfs_ssd_ctrl_cfg_run_01_p12,measured_droop/orfs_ssd_ctrl_cfg_run_01_p12_rail.csv,1.1,True,VALIDATED
1152,u_cdc_cmd.mem[11][71]$_DFFE_PP_,clk_host,9.26,0.98,0.00016263526569128273,9.259837364734308,setup,measured_p12_rail,orfs_ssd_ctrl_cfg_run_01_p12,measured_droop/orfs_ssd_ctrl_cfg_run_01_p12_rail.csv,1.1,True,VALIDATED
1136,u_cdc_cmd.mem[11][28]$_DFFE_PP_,clk_host,9.26,0.99,0.0001609857974583795,9.25983901420254,setup,measured_p12_rail,orfs_ssd_ctrl_cfg_run_01_p12,measured_droop/orfs_ssd_ctrl_cfg_run_01_p12_rail.csv,1.1,True,VALIDATED
1130,u_cdc_cmd.mem[11][36]$_DFFE_PP_,clk_host,9.26,0.99,0.0001547461892144747,9.259845253810786,setup,measured_p12_rail,orfs_ssd_ctrl_cfg_run_01_p12,measured_droop/orfs_ssd_ctrl_cfg_run_01_p12_rail.csv,1.1,True,VALIDATED
1129,u_cdc_cmd.mem[11][37]$_DFFE_PP_,clk_host,9.26,0.99,0.0001547461892144747,9.259845253810786,setup,measured_p12_rail,orfs_ssd_ctrl_cfg_run_01_p12,measured_droop/orfs_ssd_ctrl_cfg_run_01_p12_rail.csv,1.1,True,VALIDATED
1128,u_cdc_cmd.mem[11][41]$_DFFE_PP_,clk_host,9.26,0.99,0.00015436859073994502,9.25984563140926,setup,measured_p12_rail,orfs_ssd_ctrl_cfg_run_01_p12,measured_droop/orfs_ssd_ctrl_cfg_run_01_p12_rail.csv,1.1,True,VALIDATED
1127,u_cdc_cmd.mem[11][52]$_DFFE_PP_,clk_host,9.26,0.99,0.00015417898377660666,9.259845821016222,setup,measured_p12_rail,orfs_ssd_ctrl_cfg_run_01_p12,measured_droop/orfs_ssd_ctrl_cfg_run_01_p12_rail.csv,1.1,True,VALIDATED
1160,u_cdc_cmd.mem[11][68]$_DFFE_PP_,clk_host,9.26,0.99,0.00015299732988012515,9.259847002670119,setup,measured_p12_rail,orfs_ssd_ctrl_cfg_run_01_p12,measured_droop/orfs_ssd_ctrl_cfg_run_01_p12_rail.csv,1.1,True,VALIDATED
1161,u_cdc_cmd.mem[11][51]$_DFFE_PP_,clk_host,9.26,0.99,0.00015299732988012515,9.259847002670119,setup,measured_p12_rail,orfs_ssd_ctrl_cfg_run_01_p12,measured_droop/orfs_ssd_ctrl_cfg_run_01_p12_rail.csv,1.1,True,VALIDATED
1153,u_cdc_cmd.mem[11][30]$_DFFE_PP_,clk_host,9.26,0.99,0.00015091772130933212,9.25984908227869,setup,measured_p12_rail,orfs_ssd_ctrl_cfg_run_01_p12,measured_droop/orfs_ssd_ctrl_cfg_run_01_p12_rail.csv,1.1,True,VALIDATED
1154,u_cdc_cmd.mem[11][70]$_DFFE_PP_,clk_host,9.26,0.99,0.00015091772130933212,9.25984908227869,setup,measured_p12_rail,orfs_ssd_ctrl_cfg_run_01_p12,measured_droop/orfs_ssd_ctrl_cfg_run_01_p12_rail.csv,1.1,True,VALIDATED
1124,u_cdc_cmd.mem[2][48]$_DFFE_PP_,clk_host,9.26,0.99,0.00015039730336542656,9.259849602696635,setup,measured_p12_rail,orfs_ssd_ctrl_cfg_run_01_p12,measured_droop/orfs_ssd_ctrl_cfg_run_01_p12_rail.csv,1.1,True,VALIDATED
1132,u_cdc_cmd.mem[2][46]$_DFFE_PP_,clk_host,9.26,0.99,0.00014874301569341164,9.259851256984307,setup,measured_p12_rail,orfs_ssd_ctrl_cfg_run_01_p12,measured_droop/orfs_ssd_ctrl_cfg_run_01_p12_rail.csv,1.1,True,VALIDATED
1145,u_cdc_cmd.mem[11][29]$_DFFE_PP_,clk_host,9.26,0.99,0.00014864903495480364,9.259851350965045,setup,measured_p12_rail,orfs_ssd_ctrl_cfg_run_01_p12,measured_droop/orfs_ssd_ctrl_cfg_run_01_p12_rail.csv,1.1,True,VALIDATED
1158,u_cdc_cmd.mem[11][40]$_DFFE_PP_,clk_host,9.26,0.99,0.00014846018895346702,9.259851539811047,setup,measured_p12_rail,orfs_ssd_ctrl_cfg_run_01_p12,measured_droop/orfs_ssd_ctrl_cfg_run_01_p12_rail.csv,1.1,True,VALIDATED
1140,u_cdc_cmd.mem[11][72]$_DFFE_PP_,clk_host,9.26,0.99,0.00014808188803110134,9.259851918111968,setup,measured_p12_rail,orfs_ssd_ctrl_cfg_run_01_p12,measured_droop/orfs_ssd_ctrl_cfg_run_01_p12_rail.csv,1.1,True,VALIDATED
1131,u_cdc_cmd.mem[11][35]$_DFFE_PP_,clk_host,9.26,0.99,0.00014803481521326323,9.259851965184787,setup,measured_p12_rail,orfs_ssd_ctrl_cfg_run_01_p12,measured_droop/orfs_ssd_ctrl_cfg_run_01_p12_rail.csv,1.1,True,VALIDATED
1137,u_cdc_cmd.mem[2][52]$_DFFE_PP_,clk_host,9.26,0.99,0.00014784475969538413,9.259852155240305,setup,measured_p12_rail,orfs_ssd_ctrl_cfg_run_01_p12,measured_droop/orfs_ssd_ctrl_cfg_run_01_p12_rail.csv,1.1,True,VALIDATED
1157,u_cdc_cmd.mem[11][69]$_DFFE_PP_,clk_host,9.26,0.99,0.00014656980352127646,9.259853430196479,setup,measured_p12_rail,orfs_ssd_ctrl_cfg_run_01_p12,measured_droop/orfs_ssd_ctrl_cfg_run_01_p12_rail.csv,1.1,True,VALIDATED
1159,u_cdc_cmd.mem[2][3]$_DFFE_PP_,clk_host,9.26,0.98,0.00014653852541675338,9.259853461474583,setup,measured_p12_rail,orfs_ssd_ctrl_cfg_run_01_p12,measured_droop/orfs_ssd_ctrl_cfg_run_01_p12_rail.csv,1.1,True,VALIDATED
1155,u_cdc_cmd.mem[11][67]$_DFFE_PP_,clk_host,9.26,0.99,0.0001463807749552265,9.259853619225044,setup,measured_p12_rail,orfs_ssd_ctrl_cfg_run_01_p12,measured_droop/orfs_ssd_ctrl_cfg_run_01_p12_rail.csv,1.1,True,VALIDATED
1138,u_cdc_cmd.mem[11][38]$_DFFE_PP_,clk_host,9.26,0.99,0.00014548266017699873,9.259854517339823,setup,measured_p12_rail,orfs_ssd_ctrl_cfg_run_01_p12,measured_droop/orfs_ssd_ctrl_cfg_run_01_p12_rail.csv,1.1,True,VALIDATED
1126,u_cdc_cmd.mem[2][51]$_DFFE_PP_,clk_host,9.26,0.99,0.00014491418147927204,9.25985508581852,setup,measured_p12_rail,orfs_ssd_ctrl_cfg_run_01_p12,measured_droop/orfs_ssd_ctrl_cfg_run_01_p12_rail.csv,1.1,True,VALIDATED
1125,u_cdc_cmd.mem[2][36]$_DFFE_PP_,clk_host,9.26,0.99,0.00014467787111265007,9.259855322128887,setup,measured_p12_rail,orfs_ssd_ctrl_cfg_run_01_p12,measured_droop/orfs_ssd_ctrl_cfg_run_01_p12_rail.csv,1.1,True,VALIDATED
1149,u_cdc_cmd.mem[2][18]$_DFFE_PP_,clk_host,9.26,0.98,0.00014171925459136037,9.259858280745409,setup,measured_p12_rail,orfs_ssd_ctrl_cfg_run_01_p12,measured_droop/orfs_ssd_ctrl_cfg_run_01_p12_rail.csv,1.1,True,VALIDATED
1150,u_cdc_cmd.mem[2][13]$_DFFE_PP_,clk_host,9.26,0.98,0.00014171925459136037,9.259858280745409,setup,measured_p12_rail,orfs_ssd_ctrl_cfg_run_01_p12,measured_droop/orfs_ssd_ctrl_cfg_run_01_p12_rail.csv,1.1,True,VALIDATED
1143,u_cdc_cmd.mem[10][50]$_DFFE_PP_,clk_host,9.26,0.98,0.0001409608703856341,9.259859039129614,setup,measured_p12_rail,orfs_ssd_ctrl_cfg_run_01_p12,measured_droop/orfs_ssd_ctrl_cfg_run_01_p12_rail.csv,1.1,True,VALIDATED
1148,u_cdc_cmd.mem[10][18]$_DFFE_PP_,clk_host,9.26,0.98,0.00014066007926229196,9.259859339920737,setup,measured_p12_rail,orfs_ssd_ctrl_cfg_run_01_p12,measured_droop/orfs_ssd_ctrl_cfg_run_01_p12_rail.csv,1.1,True,VALIDATED
1147,u_cdc_cmd.mem[2][14]$_DFFE_PP_,clk_host,9.26,0.98,0.00014040926943965915,9.25985959073056,setup,measured_p12_rail,orfs_ssd_ctrl_cfg_run_01_p12,measured_droop/orfs_ssd_ctrl_cfg_run_01_p12_rail.csv,1.1,True,VALIDATED
1144,u_cdc_cmd.mem[2][39]$_DFFE_PP_,clk_host,9.26,0.99,0.00014004605761082367,9.259859953942389,setup,measured_p12_rail,orfs_ssd_ctrl_cfg_run_01_p12,measured_droop/orfs_ssd_ctrl_cfg_run_01_p12_rail.csv,1.1,True,VALIDATED
1134,u_cdc_cmd.mem[10][16]$_DFFE_PP_,clk_host,9.26,0.98,0.00013920628412619762,9.259860793715873,setup,measured_p12_rail,orfs_ssd_ctrl_cfg_run_01_p12,measured_droop/orfs_ssd_ctrl_cfg_run_01_p12_rail.csv,1.1,True,VALIDATED
1151,u_cdc_cmd.mem[10][14]$_DFFE_PP_,clk_host,9.26,0.98,0.00013800326949274522,9.259861996730507,setup,measured_p12_rail,orfs_ssd_ctrl_cfg_run_01_p12,measured_droop/orfs_ssd_ctrl_cfg_run_01_p12_rail.csv,1.1,True,VALIDATED
1156,u_cdc_cmd.mem[2][12]$_DFFE_PP_,clk_host,9.26,0.98,0.00013713442205667836,9.259862865577944,setup,measured_p12_rail,orfs_ssd_ctrl_cfg_run_01_p12,measured_droop/orfs_ssd_ctrl_cfg_run_01_p12_rail.csv,1.1,True,VALIDATED
1133,u_cdc_cmd.mem[10][39]$_DFFE_PP_,clk_host,9.26,0.99,0.0001362211812657027,9.259863778818733,setup,measured_p12_rail,orfs_ssd_ctrl_cfg_run_01_p12,measured_droop/orfs_ssd_ctrl_cfg_run_01_p12_rail.csv,1.1,True,VALIDATED
1141,u_cdc_cmd.mem[10][13]$_DFFE_PP_,clk_host,9.26,0.99,0.00013460085478340933,9.259865399145216,setup,measured_p12_rail,orfs_ssd_ctrl_cfg_run_01_p12,measured_droop/orfs_ssd_ctrl_cfg_run_01_p12_rail.csv,1.1,True,VALIDATED
1135,u_cdc_cmd.mem[10][12]$_DFFE_PP_,clk_host,9.26,0.99,0.00013439831834625993,9.259865601681653,setup,measured_p12_rail,orfs_ssd_ctrl_cfg_run_01_p12,measured_droop/orfs_ssd_ctrl_cfg_run_01_p12_rail.csv,1.1,True,VALIDATED
1169,u_cdc_cmd.mem[11][47]$_DFFE_PP_,clk_host,9.27,0.98,0.00015510168079362063,9.269844898319207,setup,measured_p12_rail,orfs_ssd_ctrl_cfg_run_01_p12,measured_droop/orfs_ssd_ctrl_cfg_run_01_p12_rail.csv,1.1,True,VALIDATED
1174,u_cdc_cmd.mem[10][5]$_DFFE_PP_,clk_host,9.27,0.98,0.00015334509713030298,9.269846654902869,setup,measured_p12_rail,orfs_ssd_ctrl_cfg_run_01_p12,measured_droop/orfs_ssd_ctrl_cfg_run_01_p12_rail.csv,1.1,True,VALIDATED
1165,u_cdc_cmd.mem[11][45]$_DFFE_PP_,clk_host,9.27,0.98,0.0001500482979577139,9.269849951702042,setup,measured_p12_rail,orfs_ssd_ctrl_cfg_run_01_p12,measured_droop/orfs_ssd_ctrl_cfg_run_01_p12_rail.csv,1.1,True,VALIDATED
1163,u_cdc_cmd.mem[10][7]$_DFFE_PP_,clk_host,9.27,0.98,0.0001475288045214157,9.269852471195478,setup,measured_p12_rail,orfs_ssd_ctrl_cfg_run_01_p12,measured_droop/orfs_ssd_ctrl_cfg_run_01_p12_rail.csv,1.1,True,VALIDATED
1164,u_cdc_cmd.mem[10][17]$_DFFE_PP_,clk_host,9.27,0.98,0.00014702723766833736,9.269852972762331,setup,measured_p12_rail,orfs_ssd_ctrl_cfg_run_01_p12,measured_droop/orfs_ssd_ctrl_cfg_run_01_p12_rail.csv,1.1,True,VALIDATED
1173,u_cdc_cmd.mem[10][49]$_DFFE_PP_,clk_host,9.27,0.98,0.0001464253659965581,9.269853574634004,setup,measured_p12_rail,orfs_ssd_ctrl_cfg_run_01_p12,measured_droop/orfs_ssd_ctrl_cfg_run_01_p12_rail.csv,1.1,True,VALIDATED
1168,u_cdc_cmd.mem[10][3]$_DFFE_PP_,clk_host,9.27,0.98,0.00014542280759392845,9.269854577192406,setup,measured_p12_rail,orfs_ssd_ctrl_cfg_run_01_p12,measured_droop/orfs_ssd_ctrl_cfg_run_01_p12_rail.csv,1.1,True,VALIDATED
1171,u_cdc_cmd.mem[10][43]$_DFFE_PP_,clk_host,9.27,0.98,0.0001447208732230365,9.269855279126777,setup,measured_p12_rail,orfs_ssd_ctrl_cfg_run_01_p12,measured_droop/orfs_ssd_ctrl_cfg_run_01_p12_rail.csv,1.1,True,VALIDATED
1167,u_cdc_cmd.mem[10][11]$_DFFE_PP_,clk_host,9.27,0.98,0.0001437181939209914,9.269856281806078,setup,measured_p12_rail,orfs_ssd_ctrl_cfg_run_01_p12,measured_droop/orfs_ssd_ctrl_cfg_run_01_p12_rail.csv,1.1,True,VALIDATED
1162,u_cdc_cmd.mem[10][6]$_DFFE_PP_,clk_host,9.27,0.98,0.0001437181939209914,9.269856281806078,setup,measured_p12_rail,orfs_ssd_ctrl_cfg_run_01_p12,measured_droop/orfs_ssd_ctrl_cfg_run_01_p12_rail.csv,1.1,True,VALIDATED
1172,u_cdc_cmd.mem[10][48]$_DFFE_PP_,clk_host,9.27,0.98,0.00014361787776968893,9.26985638212223,setup,measured_p12_rail,orfs_ssd_ctrl_cfg_run_01_p12,measured_droop/orfs_ssd_ctrl_cfg_run_01_p12_rail.csv,1.1,True,VALIDATED
1170,u_cdc_cmd.mem[10][4]$_DFFE_PP_,clk_host,9.27,0.98,0.00014331707521830772,9.26985668292478,setup,measured_p12_rail,orfs_ssd_ctrl_cfg_run_01_p12,measured_droop/orfs_ssd_ctrl_cfg_run_01_p12_rail.csv,1.1,True,VALIDATED
1175,u_cdc_cmd.mem[10][9]$_DFFE_PP_,clk_host,9.27,0.97,0.00014200361355680424,9.269857996386444,setup,measured_p12_rail,orfs_ssd_ctrl_cfg_run_01_p12,measured_droop/orfs_ssd_ctrl_cfg_run_01_p12_rail.csv,1.1,True,VALIDATED
1166,u_cdc_cmd.mem[10][15]$_DFFE_PP_,clk_host,9.27,0.98,0.00014091072590262377,9.269859089274098,setup,measured_p12_rail,orfs_ssd_ctrl_cfg_run_01_p12,measured_droop/orfs_ssd_ctrl_cfg_run_01_p12_rail.csv,1.1,True,VALIDATED
1192,u_cdc_cmd.mem[10][2]$_DFFE_PP_,clk_host,9.28,0.96,0.0001518857813879726,9.279848114218611,setup,measured_p12_rail,orfs_ssd_ctrl_cfg_run_01_p12,measured_droop/orfs_ssd_ctrl_cfg_run_01_p12_rail.csv,1.1,True,VALIDATED
1187,u_cdc_cmd.mem[10][42]$_DFFE_PP_,clk_host,9.28,0.96,0.00014545109565222702,9.279854548904346,setup,measured_p12_rail,orfs_ssd_ctrl_cfg_run_01_p12,measured_droop/orfs_ssd_ctrl_cfg_run_01_p12_rail.csv,1.1,True,VALIDATED
1177,u_cdc_cmd.mem[10][22]$_DFFE_PP_,clk_host,9.28,0.97,0.00014349228209775688,9.279856507717902,setup,measured_p12_rail,orfs_ssd_ctrl_cfg_run_01_p12,measured_droop/orfs_ssd_ctrl_cfg_run_01_p12_rail.csv,1.1,True,VALIDATED
1196,u_cdc_cmd.mem[3][66]$_DFFE_PP_,clk_host,9.28,0.96,0.0001416689099080215,9.279858331090091,setup,measured_p12_rail,orfs_ssd_ctrl_cfg_run_01_p12,measured_droop/orfs_ssd_ctrl_cfg_run_01_p12_rail.csv,1.1,True,VALIDATED
1191,u_cdc_cmd.mem[1][21]$_DFFE_PP_,clk_host,9.28,0.95,0.00014145397853224106,9.279858546021467,setup,measured_p12_rail,orfs_ssd_ctrl_cfg_run_01_p12,measured_droop/orfs_ssd_ctrl_cfg_run_01_p12_rail.csv,1.1,True,VALIDATED
1197,u_cdc_cmd.mem[1][26]$_DFFE_PP_,clk_host,9.28,0.95,0.00014145397853224106,9.279858546021467,setup,measured_p12_rail,orfs_ssd_ctrl_cfg_run_01_p12,measured_droop/orfs_ssd_ctrl_cfg_run_01_p12_rail.csv,1.1,True,VALIDATED
1188,u_cdc_cmd.mem[1][55]$_DFFE_PP_,clk_host,9.28,0.96,0.00013828066994189814,9.279861719330057,setup,measured_p12_rail,orfs_ssd_ctrl_cfg_run_01_p12,measured_droop/orfs_ssd_ctrl_cfg_run_01_p12_rail.csv,1.1,True,VALIDATED
1190,u_cdc_cmd.mem[3][53]$_DFFE_PP_,clk_host,9.28,0.96,0.00013754416146245785,9.279862455838536,setup,measured_p12_rail,orfs_ssd_ctrl_cfg_run_01_p12,measured_droop/orfs_ssd_ctrl_cfg_run_01_p12_rail.csv,1.1,True,VALIDATED
1193,u_cdc_cmd.mem[3][63]$_DFFE_PP_,clk_host,9.28,0.96,0.00013754416146245785,9.279862455838536,setup,measured_p12_rail,orfs_ssd_ctrl_cfg_run_01_p12,measured_droop/orfs_ssd_ctrl_cfg_run_01_p12_rail.csv,1.1,True,VALIDATED
1186,u_cdc_cmd.mem[1][61]$_DFFE_PP_,clk_host,9.28,0.96,0.0001368565391443588,9.279863143460855,setup,measured_p12_rail,orfs_ssd_ctrl_cfg_run_01_p12,measured_droop/orfs_ssd_ctrl_cfg_run_01_p12_rail.csv,1.1,True,VALIDATED
1185,u_cdc_cmd.mem[15][16]$_DFFE_PP_,clk_host,9.28,0.96,0.00013548107770255946,9.279864518922297,setup,measured_p12_rail,orfs_ssd_ctrl_cfg_run_01_p12,measured_droop/orfs_ssd_ctrl_cfg_run_01_p12_rail.csv,1.1,True,VALIDATED
1189,u_cdc_cmd.mem[15][20]$_DFFE_PP_,clk_host,9.28,0.96,0.00013464625785515605,9.279865353742144,setup,measured_p12_rail,orfs_ssd_ctrl_cfg_run_01_p12,measured_droop/orfs_ssd_ctrl_cfg_run_01_p12_rail.csv,1.1,True,VALIDATED
1194,u_cdc_cmd.mem[1][75]$_DFFE_PP_,clk_host,9.28,0.95,0.00013171925746191526,9.279868280742537,setup,measured_p12_rail,orfs_ssd_ctrl_cfg_run_01_p12,measured_droop/orfs_ssd_ctrl_cfg_run_01_p12_rail.csv,1.1,True,VALIDATED
1180,u_cdc_cmd.mem[1][63]$_DFFE_PP_,clk_host,9.28,0.96,0.00013135683458799507,9.279868643165411,setup,measured_p12_rail,orfs_ssd_ctrl_cfg_run_01_p12,measured_droop/orfs_ssd_ctrl_cfg_run_01_p12_rail.csv,1.1,True,VALIDATED
1178,u_cdc_cmd.mem[1][53]$_DFFE_PP_,clk_host,9.28,0.96,0.00013135683458799507,9.279868643165411,setup,measured_p12_rail,orfs_ssd_ctrl_cfg_run_01_p12,measured_droop/orfs_ssd_ctrl_cfg_run_01_p12_rail.csv,1.1,True,VALIDATED
1176,u_cdc_cmd.mem[1][66]$_DFFE_PP_,clk_host,9.28,0.96,0.00013135683458799507,9.279868643165411,setup,measured_p12_rail,orfs_ssd_ctrl_cfg_run_01_p12,measured_droop/orfs_ssd_ctrl_cfg_run_01_p12_rail.csv,1.1,True,VALIDATED
1195,u_cdc_cmd.mem[1][62]$_DFFE_PP_,clk_host,9.28,0.96,0.0001309149770171436,9.279869085022982,setup,measured_p12_rail,orfs_ssd_ctrl_cfg_run_01_p12,measured_droop/orfs_ssd_ctrl_cfg_run_01_p12_rail.csv,1.1,True,VALIDATED
1181,u_cdc_cmd.mem[5][30]$_DFFE_PP_,clk_host,9.28,0.96,0.00012978497312911286,9.27987021502687,setup,measured_p12_rail,orfs_ssd_ctrl_cfg_run_01_p12,measured_droop/orfs_ssd_ctrl_cfg_run_01_p12_rail.csv,1.1,True,VALIDATED
1182,u_cdc_cmd.mem[5][70]$_DFFE_PP_,clk_host,9.28,0.96,0.00012978497312911286,9.27987021502687,setup,measured_p12_rail,orfs_ssd_ctrl_cfg_run_01_p12,measured_droop/orfs_ssd_ctrl_cfg_run_01_p12_rail.csv,1.1,True,VALIDATED
1184,u_cdc_cmd.mem[15][19]$_DFFE_PP_,clk_host,9.28,0.96,0.0001290485179211015,9.279870951482078,setup,measured_p12_rail,orfs_ssd_ctrl_cfg_run_01_p12,measured_droop/orfs_ssd_ctrl_cfg_run_01_p12_rail.csv,1.1,True,VALIDATED
1183,u_cdc_cmd.mem[5][40]$_DFFE_PP_,clk_host,9.28,0.96,0.0001267406393822973,9.279873259360617,setup,measured_p12_rail,orfs_ssd_ctrl_cfg_run_01_p12,measured_droop/orfs_ssd_ctrl_cfg_run_01_p12_rail.csv,1.1,True,VALIDATED
1179,u_cdc_cmd.mem[5][67]$_DFFE_PP_,clk_host,9.28,0.96,0.0001267406393822973,9.279873259360617,setup,measured_p12_rail,orfs_ssd_ctrl_cfg_run_01_p12,measured_droop/orfs_ssd_ctrl_cfg_run_01_p12_rail.csv,1.1,True,VALIDATED
381,u_host_if.rpop_q[13]$_DFFE_PN0P_,clk_host,9.29,1.03,0.00014082434780030018,9.289859175652198,recovery,measured_p12_rail,orfs_ssd_ctrl_cfg_run_01_p12,measured_droop/orfs_ssd_ctrl_cfg_run_01_p12_rail.csv,1.1,True,VALIDATED
376,u_host_if.s_rdata[15]$_DFFE_PN0P_,clk_host,9.29,1.03,0.00014082434780030018,9.289859175652198,recovery,measured_p12_rail,orfs_ssd_ctrl_cfg_run_01_p12,measured_droop/orfs_ssd_ctrl_cfg_run_01_p12_rail.csv,1.1,True,VALIDATED
380,u_host_if.rpop_q[14]$_DFFE_PN0P_,clk_host,9.29,1.03,0.00014082434780030018,9.289859175652198,recovery,measured_p12_rail,orfs_ssd_ctrl_cfg_run_01_p12,measured_droop/orfs_ssd_ctrl_cfg_run_01_p12_rail.csv,1.1,True,VALIDATED
379,u_host_if.s_rdata[14]$_DFFE_PN0P_,clk_host,9.29,1.03,0.00014082434780030018,9.289859175652198,recovery,measured_p12_rail,orfs_ssd_ctrl_cfg_run_01_p12,measured_droop/orfs_ssd_ctrl_cfg_run_01_p12_rail.csv,1.1,True,VALIDATED
375,u_host_if.s_rdata[17]$_DFFE_PN0P_,clk_host,9.29,1.03,0.00014082434780030018,9.289859175652198,recovery,measured_p12_rail,orfs_ssd_ctrl_cfg_run_01_p12,measured_droop/orfs_ssd_ctrl_cfg_run_01_p12_rail.csv,1.1,True,VALIDATED
377,u_host_if.rpop_q[15]$_DFFE_PN0P_,clk_host,9.29,1.03,0.00014082434780030018,9.289859175652198,recovery,measured_p12_rail,orfs_ssd_ctrl_cfg_run_01_p12,measured_droop/orfs_ssd_ctrl_cfg_run_01_p12_rail.csv,1.1,True,VALIDATED
378,u_host_if.rpop_q[17]$_DFFE_PN0P_,clk_host,9.29,1.03,0.00014082434780030018,9.289859175652198,recovery,measured_p12_rail,orfs_ssd_ctrl_cfg_run_01_p12,measured_droop/orfs_ssd_ctrl_cfg_run_01_p12_rail.csv,1.1,True,VALIDATED
383,u_host_if.s_rdata[13]$_DFFE_PN0P_,clk_host,9.29,1.03,0.0001385583415472319,9.289861441658452,recovery,measured_p12_rail,orfs_ssd_ctrl_cfg_run_01_p12,measured_droop/orfs_ssd_ctrl_cfg_run_01_p12_rail.csv,1.1,True,VALIDATED
382,u_host_if.rpop_q[20]$_DFFE_PN0P_,clk_host,9.29,1.03,0.0001385583415472319,9.289861441658452,recovery,measured_p12_rail,orfs_ssd_ctrl_cfg_run_01_p12,measured_droop/orfs_ssd_ctrl_cfg_run_01_p12_rail.csv,1.1,True,VALIDATED
1200,u_cdc_cmd.mem[5][71]$_DFFE_PP_,clk_host,9.29,0.96,0.00013587451085861346,9.28986412548914,setup,measured_p12_rail,orfs_ssd_ctrl_cfg_run_01_p12,measured_droop/orfs_ssd_ctrl_cfg_run_01_p12_rail.csv,1.1,True,VALIDATED
1198,u_cdc_cmd.mem[5][69]$_DFFE_PP_,clk_host,9.29,0.97,0.00013069044658801932,9.289869309553412,setup,measured_p12_rail,orfs_ssd_ctrl_cfg_run_01_p12,measured_droop/orfs_ssd_ctrl_cfg_run_01_p12_rail.csv,1.1,True,VALIDATED
1199,u_cdc_cmd.mem[5][29]$_DFFE_PP_,clk_host,9.29,0.96,0.00012934293024388643,9.289870657069756,setup,measured_p12_rail,orfs_ssd_ctrl_cfg_run_01_p12,measured_droop/orfs_ssd_ctrl_cfg_run_01_p12_rail.csv,1.1,True,VALIDATED
385,u_host_if.rpop_q[10]$_DFFE_PN0P_,clk_host,9.3,1.03,0.00014298517617863937,9.299857014823822,recovery,measured_p12_rail,orfs_ssd_ctrl_cfg_run_01_p12,measured_droop/orfs_ssd_ctrl_cfg_run_01_p12_rail.csv,1.1,True,VALIDATED
392,u_host_if.s_rdata[16]$_DFFE_PN0P_,clk_host,9.3,1.02,0.00014159697058470366,9.299858403029416,recovery,measured_p12_rail,orfs_ssd_ctrl_cfg_run_01_p12,measured_droop/orfs_ssd_ctrl_cfg_run_01_p12_rail.csv,1.1,True,VALIDATED
393,u_host_if.s_rdata[19]$_DFFE_PN0P_,clk_host,9.3,1.02,0.00014159697058470366,9.299858403029416,recovery,measured_p12_rail,orfs_ssd_ctrl_cfg_run_01_p12,measured_droop/orfs_ssd_ctrl_cfg_run_01_p12_rail.csv,1.1,True,VALIDATED
394,u_host_if.rpop_q[19]$_DFFE_PN0P_,clk_host,9.3,1.02,0.00014159697058470366,9.299858403029416,recovery,measured_p12_rail,orfs_ssd_ctrl_cfg_run_01_p12,measured_droop/orfs_ssd_ctrl_cfg_run_01_p12_rail.csv,1.1,True,VALIDATED
395,u_host_if.s_rdata[18]$_DFFE_PN0P_,clk_host,9.3,1.02,0.00014159697058470366,9.299858403029416,recovery,measured_p12_rail,orfs_ssd_ctrl_cfg_run_01_p12,measured_droop/orfs_ssd_ctrl_cfg_run_01_p12_rail.csv,1.1,True,VALIDATED
391,u_host_if.s_rdata[10]$_DFFE_PN0P_,clk_host,9.3,1.02,0.00014159697058470366,9.299858403029416,recovery,measured_p12_rail,orfs_ssd_ctrl_cfg_run_01_p12,measured_droop/orfs_ssd_ctrl_cfg_run_01_p12_rail.csv,1.1,True,VALIDATED
386,u_host_if.rpop_q[16]$_DFFE_PN0P_,clk_host,9.3,1.03,0.0001385583415472319,9.299861441658454,recovery,measured_p12_rail,orfs_ssd_ctrl_cfg_run_01_p12,measured_droop/orfs_ssd_ctrl_cfg_run_01_p12_rail.csv,1.1,True,VALIDATED
388,u_host_if.rpop_q[9]$_DFFE_PN0P_,clk_host,9.3,1.03,0.0001385583415472319,9.299861441658454,recovery,measured_p12_rail,orfs_ssd_ctrl_cfg_run_01_p12,measured_droop/orfs_ssd_ctrl_cfg_run_01_p12_rail.csv,1.1,True,VALIDATED
387,u_host_if.rpop_q[12]$_DFFE_PN0P_,clk_host,9.3,1.03,0.0001385583415472319,9.299861441658454,recovery,measured_p12_rail,orfs_ssd_ctrl_cfg_run_01_p12,measured_droop/orfs_ssd_ctrl_cfg_run_01_p12_rail.csv,1.1,True,VALIDATED
384,u_host_if.s_rdata[20]$_DFFE_PN0P_,clk_host,9.3,1.03,0.0001385583415472319,9.299861441658454,recovery,measured_p12_rail,orfs_ssd_ctrl_cfg_run_01_p12,measured_droop/orfs_ssd_ctrl_cfg_run_01_p12_rail.csv,1.1,True,VALIDATED
389,u_host_if.s_rdata[12]$_DFFE_PN0P_,clk_host,9.3,1.03,0.0001385583415472319,9.299861441658454,recovery,measured_p12_rail,orfs_ssd_ctrl_cfg_run_01_p12,measured_droop/orfs_ssd_ctrl_cfg_run_01_p12_rail.csv,1.1,True,VALIDATED
390,u_host_if.s_rdata[9]$_DFFE_PN0P_,clk_host,9.3,1.02,0.00013721311493028465,9.29986278688507,recovery,measured_p12_rail,orfs_ssd_ctrl_cfg_run_01_p12,measured_droop/orfs_ssd_ctrl_cfg_run_01_p12_rail.csv,1.1,True,VALIDATED
398,u_host_if.awaddr_q[5]$_DFFE_PN0P_,clk_host,9.43,0.88,9.336273223774227e-05,9.429906637267761,recovery,measured_p12_rail,orfs_ssd_ctrl_cfg_run_01_p12,measured_droop/orfs_ssd_ctrl_cfg_run_01_p12_rail.csv,1.1,True,VALIDATED
397,u_host_if.awaddr_q[7]$_DFFE_PN0P_,clk_host,9.43,0.88,9.336273223774227e-05,9.429906637267761,recovery,measured_p12_rail,orfs_ssd_ctrl_cfg_run_01_p12,measured_droop/orfs_ssd_ctrl_cfg_run_01_p12_rail.csv,1.1,True,VALIDATED
399,u_host_if.awaddr_q[6]$_DFFE_PN0P_,clk_host,9.43,0.88,9.336273223774227e-05,9.429906637267761,recovery,measured_p12_rail,orfs_ssd_ctrl_cfg_run_01_p12,measured_droop/orfs_ssd_ctrl_cfg_run_01_p12_rail.csv,1.1,True,VALIDATED
396,u_host_if.s_bvalid$_DFFE_PN0P_,clk_host,9.43,0.88,9.088229980019902e-05,9.4299091177002,recovery,measured_p12_rail,orfs_ssd_ctrl_cfg_run_01_p12,measured_droop/orfs_ssd_ctrl_cfg_run_01_p12_rail.csv,1.1,True,VALIDATED
1201,nand_dq_o[2],clk_nand,11.58,0.42,4.78787194685415e-05,11.579952121280531,setup,measured_p12_rail,orfs_ssd_ctrl_cfg_run_01_p12,measured_droop/orfs_ssd_ctrl_cfg_run_01_p12_rail.csv,1.1,True,VALIDATED
1202,nand_dq_oe[0],clk_nand,11.58,0.42,4.78787194685415e-05,11.579952121280531,setup,measured_p12_rail,orfs_ssd_ctrl_cfg_run_01_p12,measured_droop/orfs_ssd_ctrl_cfg_run_01_p12_rail.csv,1.1,True,VALIDATED
1203,nand_dq_o[1],clk_nand,11.59,0.41,4.4741890169855414e-05,11.58995525810983,setup,measured_p12_rail,orfs_ssd_ctrl_cfg_run_01_p12,measured_droop/orfs_ssd_ctrl_cfg_run_01_p12_rail.csv,1.1,True,VALIDATED
1204,nand_cle[0],clk_nand,11.59,0.41,3.8927840181793294e-05,11.589961072159818,setup,measured_p12_rail,orfs_ssd_ctrl_cfg_run_01_p12,measured_droop/orfs_ssd_ctrl_cfg_run_01_p12_rail.csv,1.1,True,VALIDATED
1205,nand_ale[0],clk_nand,11.59,0.41,3.5816743946898155e-05,11.589964183256052,setup,measured_p12_rail,orfs_ssd_ctrl_cfg_run_01_p12,measured_droop/orfs_ssd_ctrl_cfg_run_01_p12_rail.csv,1.1,True,VALIDATED
1206,nand_ce_n[0],clk_nand,11.6,0.4,3.797838066521564e-05,11.599962021619334,setup,measured_p12_rail,orfs_ssd_ctrl_cfg_run_01_p12,measured_droop/orfs_ssd_ctrl_cfg_run_01_p12_rail.csv,1.1,True,VALIDATED
1217,nand_re_n[1],clk_nand,11.61,0.39,4.066087538347196e-05,11.609959339124616,setup,measured_p12_rail,orfs_ssd_ctrl_cfg_run_01_p12,measured_droop/orfs_ssd_ctrl_cfg_run_01_p12_rail.csv,1.1,True,VALIDATED
1209,nand_dq_o[4],clk_nand,11.61,0.39,3.7810971501947566e-05,11.609962189028497,setup,measured_p12_rail,orfs_ssd_ctrl_cfg_run_01_p12,measured_droop/orfs_ssd_ctrl_cfg_run_01_p12_rail.csv,1.1,True,VALIDATED
1214,nand_dq_o[5],clk_nand,11.61,0.39,3.63027984773695e-05,11.609963697201522,setup,measured_p12_rail,orfs_ssd_ctrl_cfg_run_01_p12,measured_droop/orfs_ssd_ctrl_cfg_run_01_p12_rail.csv,1.1,True,VALIDATED
1213,nand_dq_o[0],clk_nand,11.61,0.39,3.5297331702641155e-05,11.609964702668297,setup,measured_p12_rail,orfs_ssd_ctrl_cfg_run_01_p12,measured_droop/orfs_ssd_ctrl_cfg_run_01_p12_rail.csv,1.1,True,VALIDATED
1212,nand_dq_o[7],clk_nand,11.61,0.39,3.5297331702641155e-05,11.609964702668297,setup,measured_p12_rail,orfs_ssd_ctrl_cfg_run_01_p12,measured_droop/orfs_ssd_ctrl_cfg_run_01_p12_rail.csv,1.1,True,VALIDATED
1215,nand_dq_o[6],clk_nand,11.61,0.39,3.5297331702641155e-05,11.609964702668297,setup,measured_p12_rail,orfs_ssd_ctrl_cfg_run_01_p12,measured_droop/orfs_ssd_ctrl_cfg_run_01_p12_rail.csv,1.1,True,VALIDATED
1216,nand_dq_o[12],clk_nand,11.61,0.39,3.373336246227654e-05,11.609966266637537,setup,measured_p12_rail,orfs_ssd_ctrl_cfg_run_01_p12,measured_droop/orfs_ssd_ctrl_cfg_run_01_p12_rail.csv,1.1,True,VALIDATED
1208,nand_dq_o[14],clk_nand,11.61,0.39,3.116400270462838e-05,11.609968835997295,setup,measured_p12_rail,orfs_ssd_ctrl_cfg_run_01_p12,measured_droop/orfs_ssd_ctrl_cfg_run_01_p12_rail.csv,1.1,True,VALIDATED
1210,nand_dq_o[11],clk_nand,11.61,0.39,3.116400270462838e-05,11.609968835997295,setup,measured_p12_rail,orfs_ssd_ctrl_cfg_run_01_p12,measured_droop/orfs_ssd_ctrl_cfg_run_01_p12_rail.csv,1.1,True,VALIDATED
1218,nand_dq_o[8],clk_nand,11.61,0.39,3.116400270462838e-05,11.609968835997295,setup,measured_p12_rail,orfs_ssd_ctrl_cfg_run_01_p12,measured_droop/orfs_ssd_ctrl_cfg_run_01_p12_rail.csv,1.1,True,VALIDATED
1207,nand_we_n[0],clk_nand,11.61,0.39,2.86500592269201e-05,11.609971349940773,setup,measured_p12_rail,orfs_ssd_ctrl_cfg_run_01_p12,measured_droop/orfs_ssd_ctrl_cfg_run_01_p12_rail.csv,1.1,True,VALIDATED
1211,nand_re_n[0],clk_nand,11.61,0.39,1.619501812122337e-05,11.609983804981878,setup,measured_p12_rail,orfs_ssd_ctrl_cfg_run_01_p12,measured_droop/orfs_ssd_ctrl_cfg_run_01_p12_rail.csv,1.1,True,VALIDATED
1222,nand_dq_oe[1],clk_nand,11.62,0.38,5.0235172946347384e-05,11.619949764827053,setup,measured_p12_rail,orfs_ssd_ctrl_cfg_run_01_p12,measured_droop/orfs_ssd_ctrl_cfg_run_01_p12_rail.csv,1.1,True,VALIDATED
1219,nand_dq_o[3],clk_nand,11.62,0.38,3.439227191534555e-05,11.619965607728084,setup,measured_p12_rail,orfs_ssd_ctrl_cfg_run_01_p12,measured_droop/orfs_ssd_ctrl_cfg_run_01_p12_rail.csv,1.1,True,VALIDATED
1224,nand_dq_o[13],clk_nand,11.62,0.38,3.0364925712136892e-05,11.619969635074288,setup,measured_p12_rail,orfs_ssd_ctrl_cfg_run_01_p12,measured_droop/orfs_ssd_ctrl_cfg_run_01_p12_rail.csv,1.1,True,VALIDATED
1220,nand_dq_o[15],clk_nand,11.62,0.38,3.0364925712136892e-05,11.619969635074288,setup,measured_p12_rail,orfs_ssd_ctrl_cfg_run_01_p12,measured_droop/orfs_ssd_ctrl_cfg_run_01_p12_rail.csv,1.1,True,VALIDATED
1221,nand_dq_o[10],clk_nand,11.62,0.38,3.0364925712136892e-05,11.619969635074288,setup,measured_p12_rail,orfs_ssd_ctrl_cfg_run_01_p12,measured_droop/orfs_ssd_ctrl_cfg_run_01_p12_rail.csv,1.1,True,VALIDATED
1223,nand_dq_o[9],clk_nand,11.62,0.38,3.0364925712136892e-05,11.619969635074288,setup,measured_p12_rail,orfs_ssd_ctrl_cfg_run_01_p12,measured_droop/orfs_ssd_ctrl_cfg_run_01_p12_rail.csv,1.1,True,VALIDATED
1227,nand_we_n[1],clk_nand,11.63,0.37,4.647559699211268e-05,11.629953524403009,setup,measured_p12_rail,orfs_ssd_ctrl_cfg_run_01_p12,measured_droop/orfs_ssd_ctrl_cfg_run_01_p12_rail.csv,1.1,True,VALIDATED
1225,nand_ale[1],clk_nand,11.63,0.37,2.9565848719714793e-05,11.62997043415128,setup,measured_p12_rail,orfs_ssd_ctrl_cfg_run_01_p12,measured_droop/orfs_ssd_ctrl_cfg_run_01_p12_rail.csv,1.1,True,VALIDATED
1226,nand_cle[1],clk_nand,11.63,0.37,2.9565848719714793e-05,11.62997043415128,setup,measured_p12_rail,orfs_ssd_ctrl_cfg_run_01_p12,measured_droop/orfs_ssd_ctrl_cfg_run_01_p12_rail.csv,1.1,True,VALIDATED
1228,nand_ce_n[1],clk_nand,11.64,0.36,2.8766771727292695e-05,11.639971233228273,setup,measured_p12_rail,orfs_ssd_ctrl_cfg_run_01_p12,measured_droop/orfs_ssd_ctrl_cfg_run_01_p12_rail.csv,1.1,True,VALIDATED
1231,g_chan[1].u_cdc_chr.mem[4][21]$_DFFE_PP_,clk_nand,11.85,8.37,0.0006785788660116365,11.849321421133988,setup,measured_p12_rail,orfs_ssd_ctrl_cfg_run_01_p12,measured_droop/orfs_ssd_ctrl_cfg_run_01_p12_rail.csv,1.1,True,VALIDATED
1234,g_chan[1].u_cdc_chr.mem[5][21]$_DFFE_PP_,clk_nand,11.85,8.37,0.0006785788660116365,11.849321421133988,setup,measured_p12_rail,orfs_ssd_ctrl_cfg_run_01_p12,measured_droop/orfs_ssd_ctrl_cfg_run_01_p12_rail.csv,1.1,True,VALIDATED
1233,g_chan[1].u_cdc_chr.mem[6][21]$_DFFE_PP_,clk_nand,11.85,8.37,0.0006785788660116365,11.849321421133988,setup,measured_p12_rail,orfs_ssd_ctrl_cfg_run_01_p12,measured_droop/orfs_ssd_ctrl_cfg_run_01_p12_rail.csv,1.1,True,VALIDATED
1229,g_chan[1].u_cdc_chr.mem[13][21]$_DFFE_PP_,clk_nand,11.85,8.37,0.00065326777144048,11.84934673222856,setup,measured_p12_rail,orfs_ssd_ctrl_cfg_run_01_p12,measured_droop/orfs_ssd_ctrl_cfg_run_01_p12_rail.csv,1.1,True,VALIDATED
1242,g_chan[1].u_cdc_chr.mem[7][21]$_DFFE_PP_,clk_nand,11.85,8.37,0.00065326777144048,11.84934673222856,setup,measured_p12_rail,orfs_ssd_ctrl_cfg_run_01_p12,measured_droop/orfs_ssd_ctrl_cfg_run_01_p12_rail.csv,1.1,True,VALIDATED
1230,g_chan[1].u_cdc_chr.mem[12][21]$_DFFE_PP_,clk_nand,11.85,8.37,0.00065326777144048,11.84934673222856,setup,measured_p12_rail,orfs_ssd_ctrl_cfg_run_01_p12,measured_droop/orfs_ssd_ctrl_cfg_run_01_p12_rail.csv,1.1,True,VALIDATED
1243,g_chan[1].u_cdc_chr.mem[14][21]$_DFFE_PP_,clk_nand,11.85,8.37,0.0006279566768693234,11.84937204332313,setup,measured_p12_rail,orfs_ssd_ctrl_cfg_run_01_p12,measured_droop/orfs_ssd_ctrl_cfg_run_01_p12_rail.csv,1.1,True,VALIDATED
1244,g_chan[1].u_cdc_chr.mem[15][21]$_DFFE_PP_,clk_nand,11.85,8.37,0.0006279566768693234,11.84937204332313,setup,measured_p12_rail,orfs_ssd_ctrl_cfg_run_01_p12,measured_droop/orfs_ssd_ctrl_cfg_run_01_p12_rail.csv,1.1,True,VALIDATED
1241,g_chan[1].u_cdc_chr.mem[2][21]$_DFFE_PP_,clk_nand,11.85,8.37,0.0005673502200578273,11.849432649779942,setup,measured_p12_rail,orfs_ssd_ctrl_cfg_run_01_p12,measured_droop/orfs_ssd_ctrl_cfg_run_01_p12_rail.csv,1.1,True,VALIDATED
1247,g_chan[1].u_cdc_chr.mem[3][21]$_DFFE_PP_,clk_nand,11.85,8.37,0.0005673502200578273,11.849432649779942,setup,measured_p12_rail,orfs_ssd_ctrl_cfg_run_01_p12,measured_droop/orfs_ssd_ctrl_cfg_run_01_p12_rail.csv,1.1,True,VALIDATED
1232,g_chan[1].u_cdc_chr.mem[9][21]$_DFFE_PP_,clk_nand,11.85,8.37,0.0005360492369143044,11.849463950763086,setup,measured_p12_rail,orfs_ssd_ctrl_cfg_run_01_p12,measured_droop/orfs_ssd_ctrl_cfg_run_01_p12_rail.csv,1.1,True,VALIDATED
1235,g_chan[1].u_cdc_chr.mem[8][21]$_DFFE_PP_,clk_nand,11.85,8.37,0.0005360492369143044,11.849463950763086,setup,measured_p12_rail,orfs_ssd_ctrl_cfg_run_01_p12,measured_droop/orfs_ssd_ctrl_cfg_run_01_p12_rail.csv,1.1,True,VALIDATED
1246,g_chan[1].u_cdc_chr.mem[0][21]$_DFFE_PP_,clk_nand,11.85,8.37,0.0005360492369143044,11.849463950763086,setup,measured_p12_rail,orfs_ssd_ctrl_cfg_run_01_p12,measured_droop/orfs_ssd_ctrl_cfg_run_01_p12_rail.csv,1.1,True,VALIDATED
1240,g_chan[1].u_cdc_chr.mem[10][21]$_DFFE_PP_,clk_nand,11.85,8.37,0.0005360492369143044,11.849463950763086,setup,measured_p12_rail,orfs_ssd_ctrl_cfg_run_01_p12,measured_droop/orfs_ssd_ctrl_cfg_run_01_p12_rail.csv,1.1,True,VALIDATED
1245,g_chan[1].u_cdc_chr.mem[1][21]$_DFFE_PP_,clk_nand,11.85,8.37,0.0005360492369143044,11.849463950763086,setup,measured_p12_rail,orfs_ssd_ctrl_cfg_run_01_p12,measured_droop/orfs_ssd_ctrl_cfg_run_01_p12_rail.csv,1.1,True,VALIDATED
1239,g_chan[1].u_cdc_chr.mem[11][21]$_DFFE_PP_,clk_nand,11.85,8.37,0.0005360492369143044,11.849463950763086,setup,measured_p12_rail,orfs_ssd_ctrl_cfg_run_01_p12,measured_droop/orfs_ssd_ctrl_cfg_run_01_p12_rail.csv,1.1,True,VALIDATED
1237,g_chan[1].u_cdc_chr.mem[1][24]$_DFFE_PP_,clk_nand,11.85,8.35,0.00033544683428743394,11.849664553165713,setup,measured_p12_rail,orfs_ssd_ctrl_cfg_run_01_p12,measured_droop/orfs_ssd_ctrl_cfg_run_01_p12_rail.csv,1.1,True,VALIDATED
1236,g_chan[1].u_cdc_chr.mem[3][24]$_DFFE_PP_,clk_nand,11.85,8.35,0.00033544683428743394,11.849664553165713,setup,measured_p12_rail,orfs_ssd_ctrl_cfg_run_01_p12,measured_droop/orfs_ssd_ctrl_cfg_run_01_p12_rail.csv,1.1,True,VALIDATED
1238,g_chan[1].u_cdc_chr.mem[0][24]$_DFFE_PP_,clk_nand,11.85,8.35,0.00033544683428743394,11.849664553165713,setup,measured_p12_rail,orfs_ssd_ctrl_cfg_run_01_p12,measured_droop/orfs_ssd_ctrl_cfg_run_01_p12_rail.csv,1.1,True,VALIDATED
1252,g_chan[1].u_cdc_chr.mem[5][24]$_DFFE_PP_,clk_nand,11.86,8.35,0.0004723217112749811,11.859527678288725,setup,measured_p12_rail,orfs_ssd_ctrl_cfg_run_01_p12,measured_droop/orfs_ssd_ctrl_cfg_run_01_p12_rail.csv,1.1,True,VALIDATED
1248,g_chan[1].u_cdc_chr.mem[15][24]$_DFFE_PP_,clk_nand,11.86,8.35,0.0004723217112749811,11.859527678288725,setup,measured_p12_rail,orfs_ssd_ctrl_cfg_run_01_p12,measured_droop/orfs_ssd_ctrl_cfg_run_01_p12_rail.csv,1.1,True,VALIDATED
1249,g_chan[1].u_cdc_chr.mem[12][24]$_DFFE_PP_,clk_nand,11.86,8.35,0.0004723217112749811,11.859527678288725,setup,measured_p12_rail,orfs_ssd_ctrl_cfg_run_01_p12,measured_droop/orfs_ssd_ctrl_cfg_run_01_p12_rail.csv,1.1,True,VALIDATED
1250,g_chan[1].u_cdc_chr.mem[4][24]$_DFFE_PP_,clk_nand,11.86,8.35,0.0004723217112749811,11.859527678288725,setup,measured_p12_rail,orfs_ssd_ctrl_cfg_run_01_p12,measured_droop/orfs_ssd_ctrl_cfg_run_01_p12_rail.csv,1.1,True,VALIDATED
1251,g_chan[1].u_cdc_chr.mem[9][24]$_DFFE_PP_,clk_nand,11.86,8.35,0.0004630215425807105,11.859536978457418,setup,measured_p12_rail,orfs_ssd_ctrl_cfg_run_01_p12,measured_droop/orfs_ssd_ctrl_cfg_run_01_p12_rail.csv,1.1,True,VALIDATED
1291,g_chan[1].u_cdc_chr.mem[15][18]$_DFFE_PP_,clk_nand,11.87,8.34,0.0009197804184380987,11.86908021958156,setup,measured_p12_rail,orfs_ssd_ctrl_cfg_run_01_p12,measured_droop/orfs_ssd_ctrl_cfg_run_01_p12_rail.csv,1.1,True,VALIDATED
1289,g_chan[1].u_cdc_chr.mem[12][18]$_DFFE_PP_,clk_nand,11.87,8.34,0.0009197804184380987,11.86908021958156,setup,measured_p12_rail,orfs_ssd_ctrl_cfg_run_01_p12,measured_droop/orfs_ssd_ctrl_cfg_run_01_p12_rail.csv,1.1,True,VALIDATED
1294,g_chan[1].u_cdc_chr.mem[7][18]$_DFFE_PP_,clk_nand,11.87,8.34,0.0009197804184380987,11.86908021958156,setup,measured_p12_rail,orfs_ssd_ctrl_cfg_run_01_p12,measured_droop/orfs_ssd_ctrl_cfg_run_01_p12_rail.csv,1.1,True,VALIDATED
1290,g_chan[1].u_cdc_chr.mem[13][18]$_DFFE_PP_,clk_nand,11.87,8.34,0.0009197804184380987,11.86908021958156,setup,measured_p12_rail,orfs_ssd_ctrl_cfg_run_01_p12,measured_droop/orfs_ssd_ctrl_cfg_run_01_p12_rail.csv,1.1,True,VALIDATED
1276,g_chan[1].u_cdc_chr.mem[14][18]$_DFFE_PP_,clk_nand,11.87,8.34,0.0009197804184380987,11.86908021958156,setup,measured_p12_rail,orfs_ssd_ctrl_cfg_run_01_p12,measured_droop/orfs_ssd_ctrl_cfg_run_01_p12_rail.csv,1.1,True,VALIDATED
1284,g_chan[1].u_cdc_chr.mem[4][18]$_DFFE_PP_,clk_nand,11.87,8.34,0.0007598023211953242,11.869240197678804,setup,measured_p12_rail,orfs_ssd_ctrl_cfg_run_01_p12,measured_droop/orfs_ssd_ctrl_cfg_run_01_p12_rail.csv,1.1,True,VALIDATED
1282,g_chan[1].u_cdc_chr.mem[6][18]$_DFFE_PP_,clk_nand,11.87,8.34,0.0007598023211953242,11.869240197678804,setup,measured_p12_rail,orfs_ssd_ctrl_cfg_run_01_p12,measured_droop/orfs_ssd_ctrl_cfg_run_01_p12_rail.csv,1.1,True,VALIDATED
1285,g_chan[1].u_cdc_chr.mem[9][18]$_DFFE_PP_,clk_nand,11.87,8.34,0.0007598023211953242,11.869240197678804,setup,measured_p12_rail,orfs_ssd_ctrl_cfg_run_01_p12,measured_droop/orfs_ssd_ctrl_cfg_run_01_p12_rail.csv,1.1,True,VALIDATED
1286,g_chan[1].u_cdc_chr.mem[5][18]$_DFFE_PP_,clk_nand,11.87,8.34,0.0007598023211953242,11.869240197678804,setup,measured_p12_rail,orfs_ssd_ctrl_cfg_run_01_p12,measured_droop/orfs_ssd_ctrl_cfg_run_01_p12_rail.csv,1.1,True,VALIDATED
1283,g_chan[1].u_cdc_chr.mem[10][13]$_DFFE_PP_,clk_nand,11.87,8.34,0.0007308141983977112,11.8692691858016,setup,measured_p12_rail,orfs_ssd_ctrl_cfg_run_01_p12,measured_droop/orfs_ssd_ctrl_cfg_run_01_p12_rail.csv,1.1,True,VALIDATED
1287,g_chan[1].u_cdc_chr.mem[1][18]$_DFFE_PP_,clk_nand,11.87,8.34,0.0006044695862675864,11.869395530413732,setup,measured_p12_rail,orfs_ssd_ctrl_cfg_run_01_p12,measured_droop/orfs_ssd_ctrl_cfg_run_01_p12_rail.csv,1.1,True,VALIDATED
1280,g_chan[1].u_cdc_chr.mem[0][18]$_DFFE_PP_,clk_nand,11.87,8.34,0.0006044695862675864,11.869395530413732,setup,measured_p12_rail,orfs_ssd_ctrl_cfg_run_01_p12,measured_droop/orfs_ssd_ctrl_cfg_run_01_p12_rail.csv,1.1,True,VALIDATED
1272,g_chan[1].u_cdc_chr.mem[3][18]$_DFFE_PP_,clk_nand,11.87,8.34,0.0005998242239525498,11.869400175776047,setup,measured_p12_rail,orfs_ssd_ctrl_cfg_run_01_p12,measured_droop/orfs_ssd_ctrl_cfg_run_01_p12_rail.csv,1.1,True,VALIDATED
1281,g_chan[1].u_cdc_chr.mem[8][18]$_DFFE_PP_,clk_nand,11.87,8.34,0.0005998242239525498,11.869400175776047,setup,measured_p12_rail,orfs_ssd_ctrl_cfg_run_01_p12,measured_droop/orfs_ssd_ctrl_cfg_run_01_p12_rail.csv,1.1,True,VALIDATED
1275,g_chan[1].u_cdc_chr.mem[10][18]$_DFFE_PP_,clk_nand,11.87,8.34,0.0005998242239525498,11.869400175776047,setup,measured_p12_rail,orfs_ssd_ctrl_cfg_run_01_p12,measured_droop/orfs_ssd_ctrl_cfg_run_01_p12_rail.csv,1.1,True,VALIDATED
1279,g_chan[1].u_cdc_chr.mem[2][18]$_DFFE_PP_,clk_nand,11.87,8.34,0.0005998242239525498,11.869400175776047,setup,measured_p12_rail,orfs_ssd_ctrl_cfg_run_01_p12,measured_droop/orfs_ssd_ctrl_cfg_run_01_p12_rail.csv,1.1,True,VALIDATED
1288,g_chan[1].u_cdc_chr.mem[11][18]$_DFFE_PP_,clk_nand,11.87,8.34,0.0005779261553429116,11.869422073844657,setup,measured_p12_rail,orfs_ssd_ctrl_cfg_run_01_p12,measured_droop/orfs_ssd_ctrl_cfg_run_01_p12_rail.csv,1.1,True,VALIDATED
1259,g_chan[1].u_cdc_chr.mem[13][24]$_DFFE_PP_,clk_nand,11.87,8.35,0.0005387600148357707,11.869461239985164,setup,measured_p12_rail,orfs_ssd_ctrl_cfg_run_01_p12,measured_droop/orfs_ssd_ctrl_cfg_run_01_p12_rail.csv,1.1,True,VALIDATED
1265,g_chan[1].u_cdc_chr.mem[11][13]$_DFFE_PP_,clk_nand,11.87,8.35,0.0004835142723973451,11.869516485727601,setup,measured_p12_rail,orfs_ssd_ctrl_cfg_run_01_p12,measured_droop/orfs_ssd_ctrl_cfg_run_01_p12_rail.csv,1.1,True,VALIDATED
1264,g_chan[1].u_cdc_chr.mem[9][13]$_DFFE_PP_,clk_nand,11.87,8.35,0.0004835142723973451,11.869516485727601,setup,measured_p12_rail,orfs_ssd_ctrl_cfg_run_01_p12,measured_droop/orfs_ssd_ctrl_cfg_run_01_p12_rail.csv,1.1,True,VALIDATED
1266,g_chan[1].u_cdc_chr.mem[8][13]$_DFFE_PP_,clk_nand,11.87,8.35,0.0004835142723973451,11.869516485727601,setup,measured_p12_rail,orfs_ssd_ctrl_cfg_run_01_p12,measured_droop/orfs_ssd_ctrl_cfg_run_01_p12_rail.csv,1.1,True,VALIDATED
1267,g_chan[1].u_cdc_chr.mem[2][13]$_DFFE_PP_,clk_nand,11.87,8.35,0.0004835142723973451,11.869516485727601,setup,measured_p12_rail,orfs_ssd_ctrl_cfg_run_01_p12,measured_droop/orfs_ssd_ctrl_cfg_run_01_p12_rail.csv,1.1,True,VALIDATED
1258,g_chan[1].u_cdc_chr.mem[7][24]$_DFFE_PP_,clk_nand,11.87,8.35,0.00046966451065755255,11.869530335489342,setup,measured_p12_rail,orfs_ssd_ctrl_cfg_run_01_p12,measured_droop/orfs_ssd_ctrl_cfg_run_01_p12_rail.csv,1.1,True,VALIDATED
1256,g_chan[1].u_cdc_chr.mem[14][24]$_DFFE_PP_,clk_nand,11.87,8.35,0.00046966451065755255,11.869530335489342,setup,measured_p12_rail,orfs_ssd_ctrl_cfg_run_01_p12,measured_droop/orfs_ssd_ctrl_cfg_run_01_p12_rail.csv,1.1,True,VALIDATED
1254,g_chan[1].u_cdc_chr.mem[6][24]$_DFFE_PP_,clk_nand,11.87,8.35,0.0004676716269278458,11.869532328373072,setup,measured_p12_rail,orfs_ssd_ctrl_cfg_run_01_p12,measured_droop/orfs_ssd_ctrl_cfg_run_01_p12_rail.csv,1.1,True,VALIDATED
1253,g_chan[1].u_cdc_chr.mem[10][24]$_DFFE_PP_,clk_nand,11.87,8.35,0.0004656787240743254,11.869534321275925,setup,measured_p12_rail,orfs_ssd_ctrl_cfg_run_01_p12,measured_droop/orfs_ssd_ctrl_cfg_run_01_p12_rail.csv,1.1,True,VALIDATED
1255,g_chan[1].u_cdc_chr.mem[11][24]$_DFFE_PP_,clk_nand,11.87,8.35,0.0004656787240743254,11.869534321275925,setup,measured_p12_rail,orfs_ssd_ctrl_cfg_run_01_p12,measured_droop/orfs_ssd_ctrl_cfg_run_01_p12_rail.csv,1.1,True,VALIDATED
1257,g_chan[1].u_cdc_chr.mem[8][24]$_DFFE_PP_,clk_nand,11.87,8.35,0.0004630215425807105,11.869536978457418,setup,measured_p12_rail,orfs_ssd_ctrl_cfg_run_01_p12,measured_droop/orfs_ssd_ctrl_cfg_run_01_p12_rail.csv,1.1,True,VALIDATED
1260,g_chan[1].u_cdc_chr.mem[2][24]$_DFFE_PP_,clk_nand,11.87,8.35,0.0004630215425807105,11.869536978457418,setup,measured_p12_rail,orfs_ssd_ctrl_cfg_run_01_p12,measured_droop/orfs_ssd_ctrl_cfg_run_01_p12_rail.csv,1.1,True,VALIDATED
1262,g_chan[1].u_cdc_chr.mem[3][13]$_DFFE_PP_,clk_nand,11.87,8.35,0.0004356801858682591,11.869564319814131,setup,measured_p12_rail,orfs_ssd_ctrl_cfg_run_01_p12,measured_droop/orfs_ssd_ctrl_cfg_run_01_p12_rail.csv,1.1,True,VALIDATED
1269,g_chan[1].u_cdc_chr.mem[4][13]$_DFFE_PP_,clk_nand,11.87,8.34,0.000415002952537602,11.869584997047461,setup,measured_p12_rail,orfs_ssd_ctrl_cfg_run_01_p12,measured_droop/orfs_ssd_ctrl_cfg_run_01_p12_rail.csv,1.1,True,VALIDATED
1274,g_chan[1].u_cdc_chr.mem[13][13]$_DFFE_PP_,clk_nand,11.87,8.34,0.000415002952537602,11.869584997047461,setup,measured_p12_rail,orfs_ssd_ctrl_cfg_run_01_p12,measured_droop/orfs_ssd_ctrl_cfg_run_01_p12_rail.csv,1.1,True,VALIDATED
1278,g_chan[1].u_cdc_chr.mem[15][13]$_DFFE_PP_,clk_nand,11.87,8.34,0.000415002952537602,11.869584997047461,setup,measured_p12_rail,orfs_ssd_ctrl_cfg_run_01_p12,measured_droop/orfs_ssd_ctrl_cfg_run_01_p12_rail.csv,1.1,True,VALIDATED
1277,g_chan[1].u_cdc_chr.mem[12][13]$_DFFE_PP_,clk_nand,11.87,8.34,0.000415002952537602,11.869584997047461,setup,measured_p12_rail,orfs_ssd_ctrl_cfg_run_01_p12,measured_droop/orfs_ssd_ctrl_cfg_run_01_p12_rail.csv,1.1,True,VALIDATED
1271,g_chan[1].u_cdc_chr.mem[14][13]$_DFFE_PP_,clk_nand,11.87,8.34,0.000415002952537602,11.869584997047461,setup,measured_p12_rail,orfs_ssd_ctrl_cfg_run_01_p12,measured_droop/orfs_ssd_ctrl_cfg_run_01_p12_rail.csv,1.1,True,VALIDATED
1263,g_chan[1].u_cdc_chr.mem[1][13]$_DFFE_PP_,clk_nand,11.87,8.35,0.000387846099339173,11.86961215390066,setup,measured_p12_rail,orfs_ssd_ctrl_cfg_run_01_p12,measured_droop/orfs_ssd_ctrl_cfg_run_01_p12_rail.csv,1.1,True,VALIDATED
1261,g_chan[1].u_cdc_chr.mem[0][13]$_DFFE_PP_,clk_nand,11.87,8.35,0.000387846099339173,11.86961215390066,setup,measured_p12_rail,orfs_ssd_ctrl_cfg_run_01_p12,measured_droop/orfs_ssd_ctrl_cfg_run_01_p12_rail.csv,1.1,True,VALIDATED
1270,g_chan[1].u_cdc_chr.mem[6][13]$_DFFE_PP_,clk_nand,11.87,8.34,0.00036797430086954463,11.86963202569913,setup,measured_p12_rail,orfs_ssd_ctrl_cfg_run_01_p12,measured_droop/orfs_ssd_ctrl_cfg_run_01_p12_rail.csv,1.1,True,VALIDATED
1273,g_chan[1].u_cdc_chr.mem[7][13]$_DFFE_PP_,clk_nand,11.87,8.34,0.00036797430086954463,11.86963202569913,setup,measured_p12_rail,orfs_ssd_ctrl_cfg_run_01_p12,measured_droop/orfs_ssd_ctrl_cfg_run_01_p12_rail.csv,1.1,True,VALIDATED
1268,g_chan[1].u_cdc_chr.mem[5][13]$_DFFE_PP_,clk_nand,11.87,8.34,0.0003612541813229342,11.869638745818676,setup,measured_p12_rail,orfs_ssd_ctrl_cfg_run_01_p12,measured_droop/orfs_ssd_ctrl_cfg_run_01_p12_rail.csv,1.1,True,VALIDATED
1292,g_chan[1].u_cdc_chr.mem[11][8]$_DFFE_PP_,clk_nand,11.87,8.33,0.00034259584044482594,11.869657404159554,setup,measured_p12_rail,orfs_ssd_ctrl_cfg_run_01_p12,measured_droop/orfs_ssd_ctrl_cfg_run_01_p12_rail.csv,1.1,True,VALIDATED
1293,g_chan[1].u_cdc_chr.mem[2][8]$_DFFE_PP_,clk_nand,11.87,8.33,0.00034259584044482594,11.869657404159554,setup,measured_p12_rail,orfs_ssd_ctrl_cfg_run_01_p12,measured_droop/orfs_ssd_ctrl_cfg_run_01_p12_rail.csv,1.1,True,VALIDATED
1322,g_chan[1].u_cdc_chr.mem[14][31]$_DFFE_PP_,clk_nand,11.88,8.33,0.0006613276532962953,11.879338672346705,setup,measured_p12_rail,orfs_ssd_ctrl_cfg_run_01_p12,measured_droop/orfs_ssd_ctrl_cfg_run_01_p12_rail.csv,1.1,True,VALIDATED
1326,g_chan[1].u_cdc_chr.mem[15][31]$_DFFE_PP_,clk_nand,11.88,8.33,0.0006613276532962953,11.879338672346705,setup,measured_p12_rail,orfs_ssd_ctrl_cfg_run_01_p12,measured_droop/orfs_ssd_ctrl_cfg_run_01_p12_rail.csv,1.1,True,VALIDATED
1323,g_chan[1].u_cdc_chr.mem[1][31]$_DFFE_PP_,clk_nand,11.88,8.33,0.0006613276532962953,11.879338672346705,setup,measured_p12_rail,orfs_ssd_ctrl_cfg_run_01_p12,measured_droop/orfs_ssd_ctrl_cfg_run_01_p12_rail.csv,1.1,True,VALIDATED
1327,g_chan[1].u_cdc_chr.mem[0][31]$_DFFE_PP_,clk_nand,11.88,8.33,0.0006613276532962953,11.879338672346705,setup,measured_p12_rail,orfs_ssd_ctrl_cfg_run_01_p12,measured_droop/orfs_ssd_ctrl_cfg_run_01_p12_rail.csv,1.1,True,VALIDATED
1334,g_chan[1].u_cdc_chr.mem[2][31]$_DFFE_PP_,clk_nand,11.88,8.33,0.000637465205730825,11.87936253479427,setup,measured_p12_rail,orfs_ssd_ctrl_cfg_run_01_p12,measured_droop/orfs_ssd_ctrl_cfg_run_01_p12_rail.csv,1.1,True,VALIDATED
1321,g_chan[1].u_cdc_chr.mem[9][31]$_DFFE_PP_,clk_nand,11.88,8.33,0.000630008566578244,11.879369991433423,setup,measured_p12_rail,orfs_ssd_ctrl_cfg_run_01_p12,measured_droop/orfs_ssd_ctrl_cfg_run_01_p12_rail.csv,1.1,True,VALIDATED
1329,g_chan[1].u_cdc_chr.mem[8][31]$_DFFE_PP_,clk_nand,11.88,8.33,0.000630008566578244,11.879369991433423,setup,measured_p12_rail,orfs_ssd_ctrl_cfg_run_01_p12,measured_droop/orfs_ssd_ctrl_cfg_run_01_p12_rail.csv,1.1,True,VALIDATED
1316,g_chan[1].u_cdc_chr.mem[6][0]$_DFFE_PP_,clk_nand,11.88,8.34,0.0005874470448974378,11.879412552955102,setup,measured_p12_rail,orfs_ssd_ctrl_cfg_run_01_p12,measured_droop/orfs_ssd_ctrl_cfg_run_01_p12_rail.csv,1.1,True,VALIDATED
1317,g_chan[1].u_cdc_chr.mem[13][0]$_DFFE_PP_,clk_nand,11.88,8.34,0.0005874470448974378,11.879412552955102,setup,measured_p12_rail,orfs_ssd_ctrl_cfg_run_01_p12,measured_droop/orfs_ssd_ctrl_cfg_run_01_p12_rail.csv,1.1,True,VALIDATED
1315,g_chan[1].u_cdc_chr.mem[7][0]$_DFFE_PP_,clk_nand,11.88,8.34,0.0005874470448974378,11.879412552955102,setup,measured_p12_rail,orfs_ssd_ctrl_cfg_run_01_p12,measured_droop/orfs_ssd_ctrl_cfg_run_01_p12_rail.csv,1.1,True,VALIDATED
1311,g_chan[1].u_cdc_chr.mem[14][0]$_DFFE_PP_,clk_nand,11.88,8.34,0.0005874470448974378,11.879412552955102,setup,measured_p12_rail,orfs_ssd_ctrl_cfg_run_01_p12,measured_droop/orfs_ssd_ctrl_cfg_run_01_p12_rail.csv,1.1,True,VALIDATED
1313,g_chan[1].u_cdc_chr.mem[12][0]$_DFFE_PP_,clk_nand,11.88,8.34,0.0005874470448974378,11.879412552955102,setup,measured_p12_rail,orfs_ssd_ctrl_cfg_run_01_p12,measured_droop/orfs_ssd_ctrl_cfg_run_01_p12_rail.csv,1.1,True,VALIDATED
1309,g_chan[1].u_cdc_chr.mem[10][0]$_DFFE_PP_,clk_nand,11.88,8.34,0.000555342963728167,11.879444657036272,setup,measured_p12_rail,orfs_ssd_ctrl_cfg_run_01_p12,measured_droop/orfs_ssd_ctrl_cfg_run_01_p12_rail.csv,1.1,True,VALIDATED
1299,g_chan[1].u_cdc_chr.mem[5][0]$_DFFE_PP_,clk_nand,11.88,8.34,0.000555342963728167,11.879444657036272,setup,measured_p12_rail,orfs_ssd_ctrl_cfg_run_01_p12,measured_droop/orfs_ssd_ctrl_cfg_run_01_p12_rail.csv,1.1,True,VALIDATED
1310,g_chan[1].u_cdc_chr.mem[15][0]$_DFFE_PP_,clk_nand,11.88,8.34,0.000555342963728167,11.879444657036272,setup,measured_p12_rail,orfs_ssd_ctrl_cfg_run_01_p12,measured_droop/orfs_ssd_ctrl_cfg_run_01_p12_rail.csv,1.1,True,VALIDATED
1306,g_chan[1].u_cdc_chr.mem[4][0]$_DFFE_PP_,clk_nand,11.88,8.34,0.000555342963728167,11.879444657036272,setup,measured_p12_rail,orfs_ssd_ctrl_cfg_run_01_p12,measured_droop/orfs_ssd_ctrl_cfg_run_01_p12_rail.csv,1.1,True,VALIDATED
1305,g_chan[1].u_cdc_chr.mem[9][0]$_DFFE_PP_,clk_nand,11.88,8.34,0.000555342963728167,11.879444657036272,setup,measured_p12_rail,orfs_ssd_ctrl_cfg_run_01_p12,measured_droop/orfs_ssd_ctrl_cfg_run_01_p12_rail.csv,1.1,True,VALIDATED
1308,g_chan[1].u_cdc_chr.mem[8][0]$_DFFE_PP_,clk_nand,11.88,8.34,0.000555342963728167,11.879444657036272,setup,measured_p12_rail,orfs_ssd_ctrl_cfg_run_01_p12,measured_droop/orfs_ssd_ctrl_cfg_run_01_p12_rail.csv,1.1,True,VALIDATED
1333,g_chan[1].u_cdc_chr.mem[12][23]$_DFFE_PP_,clk_nand,11.88,8.33,0.0005155958880089795,11.879484404111992,setup,measured_p12_rail,orfs_ssd_ctrl_cfg_run_01_p12,measured_droop/orfs_ssd_ctrl_cfg_run_01_p12_rail.csv,1.1,True,VALIDATED
1332,g_chan[1].u_cdc_chr.mem[13][23]$_DFFE_PP_,clk_nand,11.88,8.33,0.0005155958880089795,11.879484404111992,setup,measured_p12_rail,orfs_ssd_ctrl_cfg_run_01_p12,measured_droop/orfs_ssd_ctrl_cfg_run_01_p12_rail.csv,1.1,True,VALIDATED
1307,g_chan[1].u_cdc_chr.mem[11][0]$_DFFE_PP_,clk_nand,11.88,8.34,0.0005015947082336325,11.879498405291766,setup,measured_p12_rail,orfs_ssd_ctrl_cfg_run_01_p12,measured_droop/orfs_ssd_ctrl_cfg_run_01_p12_rail.csv,1.1,True,VALIDATED
1314,g_chan[1].u_cdc_chr.mem[0][0]$_DFFE_PP_,clk_nand,11.88,8.34,0.0005015947082336325,11.879498405291766,setup,measured_p12_rail,orfs_ssd_ctrl_cfg_run_01_p12,measured_droop/orfs_ssd_ctrl_cfg_run_01_p12_rail.csv,1.1,True,VALIDATED
1318,g_chan[1].u_cdc_chr.mem[13][31]$_DFFE_PP_,clk_nand,11.88,8.33,0.0004868305406420248,11.879513169459358,setup,measured_p12_rail,orfs_ssd_ctrl_cfg_run_01_p12,measured_droop/orfs_ssd_ctrl_cfg_run_01_p12_rail.csv,1.1,True,VALIDATED
1325,g_chan[1].u_cdc_chr.mem[3][0]$_DFFE_PP_,clk_nand,11.88,8.34,0.00046053551676328297,11.879539464483237,setup,measured_p12_rail,orfs_ssd_ctrl_cfg_run_01_p12,measured_droop/orfs_ssd_ctrl_cfg_run_01_p12_rail.csv,1.1,True,VALIDATED
1328,g_chan[1].u_cdc_chr.mem[4][31]$_DFFE_PP_,clk_nand,11.88,8.33,0.000452528848355227,11.879547471151646,setup,measured_p12_rail,orfs_ssd_ctrl_cfg_run_01_p12,measured_droop/orfs_ssd_ctrl_cfg_run_01_p12_rail.csv,1.1,True,VALIDATED
1324,g_chan[1].u_cdc_chr.mem[2][0]$_DFFE_PP_,clk_nand,11.88,8.34,0.0004500852443327652,11.879549914755668,setup,measured_p12_rail,orfs_ssd_ctrl_cfg_run_01_p12,measured_droop/orfs_ssd_ctrl_cfg_run_01_p12_rail.csv,1.1,True,VALIDATED
1312,g_chan[1].u_cdc_chr.mem[1][0]$_DFFE_PP_,clk_nand,11.88,8.34,0.00044784645273909796,11.879552153547262,setup,measured_p12_rail,orfs_ssd_ctrl_cfg_run_01_p12,measured_droop/orfs_ssd_ctrl_cfg_run_01_p12_rail.csv,1.1,True,VALIDATED
1335,g_chan[1].u_cdc_chr.mem[12][31]$_DFFE_PP_,clk_nand,11.88,8.33,0.00041748537686925324,11.87958251462313,setup,measured_p12_rail,orfs_ssd_ctrl_cfg_run_01_p12,measured_droop/orfs_ssd_ctrl_cfg_run_01_p12_rail.csv,1.1,True,VALIDATED
1319,g_chan[1].u_cdc_chr.mem[8][7]$_DFFE_PP_,clk_nand,11.88,8.32,0.00041367607748898916,11.879586323922512,setup,measured_p12_rail,orfs_ssd_ctrl_cfg_run_01_p12,measured_droop/orfs_ssd_ctrl_cfg_run_01_p12_rail.csv,1.1,True,VALIDATED
1331,g_chan[1].u_cdc_chr.mem[8][8]$_DFFE_PP_,clk_nand,11.88,8.32,0.0003898449985929586,11.879610155001409,setup,measured_p12_rail,orfs_ssd_ctrl_cfg_run_01_p12,measured_droop/orfs_ssd_ctrl_cfg_run_01_p12_rail.csv,1.1,True,VALIDATED
1295,g_chan[1].u_cdc_chr.mem[0][8]$_DFFE_PP_,clk_nand,11.88,8.33,0.00034259584044482594,11.879657404159556,setup,measured_p12_rail,orfs_ssd_ctrl_cfg_run_01_p12,measured_droop/orfs_ssd_ctrl_cfg_run_01_p12_rail.csv,1.1,True,VALIDATED
1296,g_chan[1].u_cdc_chr.mem[10][8]$_DFFE_PP_,clk_nand,11.88,8.32,0.00034218456092427463,11.879657815439076,setup,measured_p12_rail,orfs_ssd_ctrl_cfg_run_01_p12,measured_droop/orfs_ssd_ctrl_cfg_run_01_p12_rail.csv,1.1,True,VALIDATED
1297,g_chan[1].u_cdc_chr.mem[9][8]$_DFFE_PP_,clk_nand,11.88,8.32,0.00034218456092427463,11.879657815439076,setup,measured_p12_rail,orfs_ssd_ctrl_cfg_run_01_p12,measured_droop/orfs_ssd_ctrl_cfg_run_01_p12_rail.csv,1.1,True,VALIDATED
1298,g_chan[1].u_cdc_chr.mem[3][8]$_DFFE_PP_,clk_nand,11.88,8.32,0.00034218456092427463,11.879657815439076,setup,measured_p12_rail,orfs_ssd_ctrl_cfg_run_01_p12,measured_droop/orfs_ssd_ctrl_cfg_run_01_p12_rail.csv,1.1,True,VALIDATED
1300,g_chan[1].u_cdc_chr.mem[1][8]$_DFFE_PP_,clk_nand,11.88,8.32,0.00034218456092427463,11.879657815439076,setup,measured_p12_rail,orfs_ssd_ctrl_cfg_run_01_p12,measured_droop/orfs_ssd_ctrl_cfg_run_01_p12_rail.csv,1.1,True,VALIDATED
1303,g_chan[1].u_cdc_chr.mem[11][16]$_DFFE_PP_,clk_nand,11.88,8.32,0.00033887514533348373,11.879661124854668,setup,measured_p12_rail,orfs_ssd_ctrl_cfg_run_01_p12,measured_droop/orfs_ssd_ctrl_cfg_run_01_p12_rail.csv,1.1,True,VALIDATED
1320,g_chan[1].u_cdc_chr.mem[5][8]$_DFFE_PP_,clk_nand,11.88,8.32,0.0003388751072260776,11.879661124892774,setup,measured_p12_rail,orfs_ssd_ctrl_cfg_run_01_p12,measured_droop/orfs_ssd_ctrl_cfg_run_01_p12_rail.csv,1.1,True,VALIDATED
1302,g_chan[1].u_cdc_chr.mem[8][16]$_DFFE_PP_,clk_nand,11.88,8.32,0.00033490364400834416,11.879665096355993,setup,measured_p12_rail,orfs_ssd_ctrl_cfg_run_01_p12,measured_droop/orfs_ssd_ctrl_cfg_run_01_p12_rail.csv,1.1,True,VALIDATED
1301,g_chan[1].u_cdc_chr.mem[9][16]$_DFFE_PP_,clk_nand,11.88,8.32,0.0003315941760159147,11.879668405823985,setup,measured_p12_rail,orfs_ssd_ctrl_cfg_run_01_p12,measured_droop/orfs_ssd_ctrl_cfg_run_01_p12_rail.csv,1.1,True,VALIDATED
1304,g_chan[1].u_cdc_chr.mem[10][16]$_DFFE_PP_,clk_nand,11.88,8.32,0.0003315941760159147,11.879668405823985,setup,measured_p12_rail,orfs_ssd_ctrl_cfg_run_01_p12,measured_droop/orfs_ssd_ctrl_cfg_run_01_p12_rail.csv,1.1,True,VALIDATED
1330,g_chan[1].u_cdc_chr.mem[4][8]$_DFFE_PP_,clk_nand,11.88,8.32,0.0003282844666622209,11.87967171553334,setup,measured_p12_rail,orfs_ssd_ctrl_cfg_run_01_p12,measured_droop/orfs_ssd_ctrl_cfg_run_01_p12_rail.csv,1.1,True,VALIDATED
1340,g_chan[1].u_cdc_chr.mem[10][31]$_DFFE_PP_,clk_nand,11.89,8.33,0.000700846785014031,11.889299153214987,setup,measured_p12_rail,orfs_ssd_ctrl_cfg_run_01_p12,measured_droop/orfs_ssd_ctrl_cfg_run_01_p12_rail.csv,1.1,True,VALIDATED
1343,g_chan[1].u_cdc_chr.mem[11][31]$_DFFE_PP_,clk_nand,11.89,8.33,0.000700846785014031,11.889299153214987,setup,measured_p12_rail,orfs_ssd_ctrl_cfg_run_01_p12,measured_droop/orfs_ssd_ctrl_cfg_run_01_p12_rail.csv,1.1,True,VALIDATED
1350,g_chan[1].u_cdc_chr.mem[6][31]$_DFFE_PP_,clk_nand,11.89,8.33,0.0006978641794452844,11.889302135820556,setup,measured_p12_rail,orfs_ssd_ctrl_cfg_run_01_p12,measured_droop/orfs_ssd_ctrl_cfg_run_01_p12_rail.csv,1.1,True,VALIDATED
1356,g_chan[1].u_cdc_chr.mem[5][31]$_DFFE_PP_,clk_nand,11.89,8.33,0.0006948815738765379,11.889305118426124,setup,measured_p12_rail,orfs_ssd_ctrl_cfg_run_01_p12,measured_droop/orfs_ssd_ctrl_cfg_run_01_p12_rail.csv,1.1,True,VALIDATED
1352,g_chan[1].u_cdc_chr.mem[7][31]$_DFFE_PP_,clk_nand,11.89,8.33,0.0006948815738765379,11.889305118426124,setup,measured_p12_rail,orfs_ssd_ctrl_cfg_run_01_p12,measured_droop/orfs_ssd_ctrl_cfg_run_01_p12_rail.csv,1.1,True,VALIDATED
1336,g_chan[1].u_cdc_chr.mem[3][31]$_DFFE_PP_,clk_nand,11.89,8.33,0.000637465205730825,11.88936253479427,setup,measured_p12_rail,orfs_ssd_ctrl_cfg_run_01_p12,measured_droop/orfs_ssd_ctrl_cfg_run_01_p12_rail.csv,1.1,True,VALIDATED
1383,g_chan[1].u_cdc_chr.mem[12][25]$_DFFE_PP_,clk_nand,11.89,8.33,0.000634237050596731,11.889365762949403,setup,measured_p12_rail,orfs_ssd_ctrl_cfg_run_01_p12,measured_droop/orfs_ssd_ctrl_cfg_run_01_p12_rail.csv,1.1,True,VALIDATED
1363,g_chan[1].u_cdc_chr.mem[15][25]$_DFFE_PP_,clk_nand,11.89,8.33,0.0006342304540444266,11.889365769545956,setup,measured_p12_rail,orfs_ssd_ctrl_cfg_run_01_p12,measured_droop/orfs_ssd_ctrl_cfg_run_01_p12_rail.csv,1.1,True,VALIDATED
1370,g_chan[1].u_cdc_chr.mem[10][25]$_DFFE_PP_,clk_nand,11.89,8.33,0.0006342304540444266,11.889365769545956,setup,measured_p12_rail,orfs_ssd_ctrl_cfg_run_01_p12,measured_droop/orfs_ssd_ctrl_cfg_run_01_p12_rail.csv,1.1,True,VALIDATED
1428,g_chan[1].u_cdc_chr.mem[11][5]$_DFFE_PP_,clk_nand,11.89,8.33,0.0006328932062775738,11.889367106793722,setup,measured_p12_rail,orfs_ssd_ctrl_cfg_run_01_p12,measured_droop/orfs_ssd_ctrl_cfg_run_01_p12_rail.csv,1.1,True,VALIDATED
1391,g_chan[1].u_cdc_chr.mem[4][25]$_DFFE_PP_,clk_nand,11.89,8.33,0.0006289344371449568,11.889371065562855,setup,measured_p12_rail,orfs_ssd_ctrl_cfg_run_01_p12,measured_droop/orfs_ssd_ctrl_cfg_run_01_p12_rail.csv,1.1,True,VALIDATED
1388,g_chan[1].u_cdc_chr.mem[7][25]$_DFFE_PP_,clk_nand,11.89,8.33,0.0006289344371449568,11.889371065562855,setup,measured_p12_rail,orfs_ssd_ctrl_cfg_run_01_p12,measured_droop/orfs_ssd_ctrl_cfg_run_01_p12_rail.csv,1.1,True,VALIDATED
1396,g_chan[1].u_cdc_chr.mem[6][25]$_DFFE_PP_,clk_nand,11.89,8.33,0.0006289344371449568,11.889371065562855,setup,measured_p12_rail,orfs_ssd_ctrl_cfg_run_01_p12,measured_droop/orfs_ssd_ctrl_cfg_run_01_p12_rail.csv,1.1,True,VALIDATED
1374,g_chan[1].u_cdc_chr.mem[11][25]$_DFFE_PP_,clk_nand,11.89,8.33,0.0006289278405926524,11.889371072159408,setup,measured_p12_rail,orfs_ssd_ctrl_cfg_run_01_p12,measured_droop/orfs_ssd_ctrl_cfg_run_01_p12_rail.csv,1.1,True,VALIDATED
1361,g_chan[1].u_cdc_chr.mem[5][25]$_DFFE_PP_,clk_nand,11.89,8.33,0.0006236252271408782,11.88937637477286,setup,measured_p12_rail,orfs_ssd_ctrl_cfg_run_01_p12,measured_droop/orfs_ssd_ctrl_cfg_run_01_p12_rail.csv,1.1,True,VALIDATED
1368,g_chan[1].u_cdc_chr.mem[14][25]$_DFFE_PP_,clk_nand,11.89,8.33,0.0006236252271408782,11.88937637477286,setup,measured_p12_rail,orfs_ssd_ctrl_cfg_run_01_p12,measured_droop/orfs_ssd_ctrl_cfg_run_01_p12_rail.csv,1.1,True,VALIDATED
1389,g_chan[1].u_cdc_chr.mem[2][25]$_DFFE_PP_,clk_nand,11.89,8.33,0.0006236252271408782,11.88937637477286,setup,measured_p12_rail,orfs_ssd_ctrl_cfg_run_01_p12,measured_droop/orfs_ssd_ctrl_cfg_run_01_p12_rail.csv,1.1,True,VALIDATED
1372,g_chan[1].u_cdc_chr.mem[8][25]$_DFFE_PP_,clk_nand,11.89,8.33,0.0006236252271408782,11.88937637477286,setup,measured_p12_rail,orfs_ssd_ctrl_cfg_run_01_p12,measured_droop/orfs_ssd_ctrl_cfg_run_01_p12_rail.csv,1.1,True,VALIDATED
1375,g_chan[1].u_cdc_chr.mem[9][25]$_DFFE_PP_,clk_nand,11.89,8.33,0.0006236252271408782,11.88937637477286,setup,measured_p12_rail,orfs_ssd_ctrl_cfg_run_01_p12,measured_droop/orfs_ssd_ctrl_cfg_run_01_p12_rail.csv,1.1,True,VALIDATED
1358,g_chan[1].u_cdc_chr.mem[0][29]$_DFFE_PP_,clk_nand,11.89,8.33,0.0006010933082432057,11.889398906691758,setup,measured_p12_rail,orfs_ssd_ctrl_cfg_run_01_p12,measured_droop/orfs_ssd_ctrl_cfg_run_01_p12_rail.csv,1.1,True,VALIDATED
1380,g_chan[1].u_cdc_chr.mem[7][5]$_DFFE_PP_,clk_nand,11.89,8.33,0.0005917964284255506,11.889408203571575,setup,measured_p12_rail,orfs_ssd_ctrl_cfg_run_01_p12,measured_droop/orfs_ssd_ctrl_cfg_run_01_p12_rail.csv,1.1,True,VALIDATED
1419,g_chan[1].u_cdc_chr.mem[5][5]$_DFFE_PP_,clk_nand,11.89,8.33,0.0005871569032466217,11.889412843096753,setup,measured_p12_rail,orfs_ssd_ctrl_cfg_run_01_p12,measured_droop/orfs_ssd_ctrl_cfg_run_01_p12_rail.csv,1.1,True,VALIDATED
1395,g_chan[1].u_cdc_chr.mem[6][5]$_DFFE_PP_,clk_nand,11.89,8.33,0.0005871569032466217,11.889412843096753,setup,measured_p12_rail,orfs_ssd_ctrl_cfg_run_01_p12,measured_droop/orfs_ssd_ctrl_cfg_run_01_p12_rail.csv,1.1,True,VALIDATED
1410,g_chan[1].u_cdc_chr.mem[10][5]$_DFFE_PP_,clk_nand,11.89,8.33,0.0005871569032466217,11.889412843096753,setup,measured_p12_rail,orfs_ssd_ctrl_cfg_run_01_p12,measured_droop/orfs_ssd_ctrl_cfg_run_01_p12_rail.csv,1.1,True,VALIDATED
1436,g_chan[1].u_cdc_chr.mem[14][5]$_DFFE_PP_,clk_nand,11.89,8.33,0.0005871569032466217,11.889412843096753,setup,measured_p12_rail,orfs_ssd_ctrl_cfg_run_01_p12,measured_droop/orfs_ssd_ctrl_cfg_run_01_p12_rail.csv,1.1,True,VALIDATED
1416,g_chan[1].u_cdc_chr.mem[4][5]$_DFFE_PP_,clk_nand,11.89,8.33,0.0005871569032466217,11.889412843096753,setup,measured_p12_rail,orfs_ssd_ctrl_cfg_run_01_p12,measured_droop/orfs_ssd_ctrl_cfg_run_01_p12_rail.csv,1.1,True,VALIDATED
1402,g_chan[1].u_cdc_chr.mem[8][5]$_DFFE_PP_,clk_nand,11.89,8.33,0.0005845057555423638,11.889415494244458,setup,measured_p12_rail,orfs_ssd_ctrl_cfg_run_01_p12,measured_droop/orfs_ssd_ctrl_cfg_run_01_p12_rail.csv,1.1,True,VALIDATED
1422,g_chan[1].u_cdc_chr.mem[2][5]$_DFFE_PP_,clk_nand,11.89,8.33,0.0005818546078381059,11.889418145392163,setup,measured_p12_rail,orfs_ssd_ctrl_cfg_run_01_p12,measured_droop/orfs_ssd_ctrl_cfg_run_01_p12_rail.csv,1.1,True,VALIDATED
1411,g_chan[1].u_cdc_chr.mem[3][5]$_DFFE_PP_,clk_nand,11.89,8.33,0.0005818546078381059,11.889418145392163,setup,measured_p12_rail,orfs_ssd_ctrl_cfg_run_01_p12,measured_droop/orfs_ssd_ctrl_cfg_run_01_p12_rail.csv,1.1,True,VALIDATED
1399,g_chan[1].u_cdc_chr.mem[0][5]$_DFFE_PP_,clk_nand,11.89,8.33,0.0005818546078381059,11.889418145392163,setup,measured_p12_rail,orfs_ssd_ctrl_cfg_run_01_p12,measured_droop/orfs_ssd_ctrl_cfg_run_01_p12_rail.csv,1.1,True,VALIDATED
1415,g_chan[1].u_cdc_chr.mem[1][5]$_DFFE_PP_,clk_nand,11.89,8.33,0.0005818546078381059,11.889418145392163,setup,measured_p12_rail,orfs_ssd_ctrl_cfg_run_01_p12,measured_droop/orfs_ssd_ctrl_cfg_run_01_p12_rail.csv,1.1,True,VALIDATED
1401,g_chan[1].u_cdc_chr.mem[9][5]$_DFFE_PP_,clk_nand,11.89,8.33,0.0005818546078381059,11.889418145392163,setup,measured_p12_rail,orfs_ssd_ctrl_cfg_run_01_p12,measured_droop/orfs_ssd_ctrl_cfg_run_01_p12_rail.csv,1.1,True,VALIDATED
1418,g_chan[1].u_cdc_chr.mem[15][5]$_DFFE_PP_,clk_nand,11.89,8.33,0.0005818546078381059,11.889418145392163,setup,measured_p12_rail,orfs_ssd_ctrl_cfg_run_01_p12,measured_droop/orfs_ssd_ctrl_cfg_run_01_p12_rail.csv,1.1,True,VALIDATED
1431,g_chan[1].u_cdc_chr.mem[12][5]$_DFFE_PP_,clk_nand,11.89,8.33,0.0005818546078381059,11.889418145392163,setup,measured_p12_rail,orfs_ssd_ctrl_cfg_run_01_p12,measured_droop/orfs_ssd_ctrl_cfg_run_01_p12_rail.csv,1.1,True,VALIDATED
1433,g_chan[1].u_cdc_chr.mem[13][5]$_DFFE_PP_,clk_nand,11.89,8.33,0.0005818546078381059,11.889418145392163,setup,measured_p12_rail,orfs_ssd_ctrl_cfg_run_01_p12,measured_droop/orfs_ssd_ctrl_cfg_run_01_p12_rail.csv,1.1,True,VALIDATED
1371,g_chan[1].u_cdc_chr.mem[1][25]$_DFFE_PP_,clk_nand,11.89,8.33,0.0005765691067942669,11.889423430893206,setup,measured_p12_rail,orfs_ssd_ctrl_cfg_run_01_p12,measured_droop/orfs_ssd_ctrl_cfg_run_01_p12_rail.csv,1.1,True,VALIDATED
1381,g_chan[1].u_cdc_chr.mem[13][25]$_DFFE_PP_,clk_nand,11.89,8.33,0.0005712648397185882,11.889428735160282,setup,measured_p12_rail,orfs_ssd_ctrl_cfg_run_01_p12,measured_droop/orfs_ssd_ctrl_cfg_run_01_p12_rail.csv,1.1,True,VALIDATED
1386,g_chan[1].u_cdc_chr.mem[9][29]$_DFFE_PP_,clk_nand,11.89,8.33,0.0005540261963608017,11.889445973803639,setup,measured_p12_rail,orfs_ssd_ctrl_cfg_run_01_p12,measured_droop/orfs_ssd_ctrl_cfg_run_01_p12_rail.csv,1.1,True,VALIDATED
1392,g_chan[1].u_cdc_chr.mem[8][29]$_DFFE_PP_,clk_nand,11.89,8.33,0.0005540261963608017,11.889445973803639,setup,measured_p12_rail,orfs_ssd_ctrl_cfg_run_01_p12,measured_droop/orfs_ssd_ctrl_cfg_run_01_p12_rail.csv,1.1,True,VALIDATED
1390,g_chan[1].u_cdc_chr.mem[11][29]$_DFFE_PP_,clk_nand,11.89,8.33,0.0005540261963608017,11.889445973803639,setup,measured_p12_rail,orfs_ssd_ctrl_cfg_run_01_p12,measured_droop/orfs_ssd_ctrl_cfg_run_01_p12_rail.csv,1.1,True,VALIDATED
1393,g_chan[1].u_cdc_chr.mem[10][29]$_DFFE_PP_,clk_nand,11.89,8.33,0.0005540261963608017,11.889445973803639,setup,measured_p12_rail,orfs_ssd_ctrl_cfg_run_01_p12,measured_droop/orfs_ssd_ctrl_cfg_run_01_p12_rail.csv,1.1,True,VALIDATED
1398,g_chan[1].u_cdc_chr.mem[2][29]$_DFFE_PP_,clk_nand,11.89,8.33,0.0005540261963608017,11.889445973803639,setup,measured_p12_rail,orfs_ssd_ctrl_cfg_run_01_p12,measured_droop/orfs_ssd_ctrl_cfg_run_01_p12_rail.csv,1.1,True,VALIDATED
1357,g_chan[1].u_cdc_chr.mem[8][2]$_DFFE_PP_,clk_nand,11.89,8.33,0.0005442391424212989,11.88945576085758,setup,measured_p12_rail,orfs_ssd_ctrl_cfg_run_01_p12,measured_droop/orfs_ssd_ctrl_cfg_run_01_p12_rail.csv,1.1,True,VALIDATED
1354,g_chan[1].u_cdc_chr.mem[10][2]$_DFFE_PP_,clk_nand,11.89,8.33,0.0005442391424212989,11.88945576085758,setup,measured_p12_rail,orfs_ssd_ctrl_cfg_run_01_p12,measured_droop/orfs_ssd_ctrl_cfg_run_01_p12_rail.csv,1.1,True,VALIDATED
1342,g_chan[1].u_cdc_chr.mem[9][2]$_DFFE_PP_,clk_nand,11.89,8.33,0.0005442391424212989,11.88945576085758,setup,measured_p12_rail,orfs_ssd_ctrl_cfg_run_01_p12,measured_droop/orfs_ssd_ctrl_cfg_run_01_p12_rail.csv,1.1,True,VALIDATED
1438,g_chan[1].u_cdc_chr.mem[7][7]$_DFFE_PP_,clk_nand,11.89,8.32,0.0005434400682707841,11.88945655993173,setup,measured_p12_rail,orfs_ssd_ctrl_cfg_run_01_p12,measured_droop/orfs_ssd_ctrl_cfg_run_01_p12_rail.csv,1.1,True,VALIDATED
1439,g_chan[1].u_cdc_chr.mem[6][7]$_DFFE_PP_,clk_nand,11.89,8.32,0.0005407924335368852,11.889459207566464,setup,measured_p12_rail,orfs_ssd_ctrl_cfg_run_01_p12,measured_droop/orfs_ssd_ctrl_cfg_run_01_p12_rail.csv,1.1,True,VALIDATED
1377,g_chan[1].u_cdc_chr.mem[3][25]$_DFFE_PP_,clk_nand,11.89,8.33,0.0005281873442165574,11.889471812655785,setup,measured_p12_rail,orfs_ssd_ctrl_cfg_run_01_p12,measured_droop/orfs_ssd_ctrl_cfg_run_01_p12_rail.csv,1.1,True,VALIDATED
1387,g_chan[1].u_cdc_chr.mem[0][25]$_DFFE_PP_,clk_nand,11.89,8.32,0.0005275532657721405,11.889472446734228,setup,measured_p12_rail,orfs_ssd_ctrl_cfg_run_01_p12,measured_droop/orfs_ssd_ctrl_cfg_run_01_p12_rail.csv,1.1,True,VALIDATED
1384,g_chan[1].u_cdc_chr.mem[12][2]$_DFFE_PP_,clk_nand,11.89,8.33,0.0005211298357883365,11.889478870164211,setup,measured_p12_rail,orfs_ssd_ctrl_cfg_run_01_p12,measured_droop/orfs_ssd_ctrl_cfg_run_01_p12_rail.csv,1.1,True,VALIDATED
1409,g_chan[1].u_cdc_chr.mem[13][2]$_DFFE_PP_,clk_nand,11.89,8.32,0.0005205042297438123,11.889479495770257,setup,measured_p12_rail,orfs_ssd_ctrl_cfg_run_01_p12,measured_droop/orfs_ssd_ctrl_cfg_run_01_p12_rail.csv,1.1,True,VALIDATED
1348,g_chan[1].u_cdc_chr.mem[15][23]$_DFFE_PP_,clk_nand,11.89,8.33,0.0005162585946405507,11.88948374140536,setup,measured_p12_rail,orfs_ssd_ctrl_cfg_run_01_p12,measured_droop/orfs_ssd_ctrl_cfg_run_01_p12_rail.csv,1.1,True,VALIDATED
1337,g_chan[1].u_cdc_chr.mem[11][23]$_DFFE_PP_,clk_nand,11.89,8.33,0.0005155958880089795,11.889484404111991,setup,measured_p12_rail,orfs_ssd_ctrl_cfg_run_01_p12,measured_droop/orfs_ssd_ctrl_cfg_run_01_p12_rail.csv,1.1,True,VALIDATED
1341,g_chan[1].u_cdc_chr.mem[14][23]$_DFFE_PP_,clk_nand,11.89,8.33,0.0005155958880089795,11.889484404111991,setup,measured_p12_rail,orfs_ssd_ctrl_cfg_run_01_p12,measured_droop/orfs_ssd_ctrl_cfg_run_01_p12_rail.csv,1.1,True,VALIDATED
1345,g_chan[1].u_cdc_chr.mem[3][23]$_DFFE_PP_,clk_nand,11.89,8.33,0.0005155958880089795,11.889484404111991,setup,measured_p12_rail,orfs_ssd_ctrl_cfg_run_01_p12,measured_droop/orfs_ssd_ctrl_cfg_run_01_p12_rail.csv,1.1,True,VALIDATED
1400,g_chan[1].u_cdc_chr.mem[3][29]$_DFFE_PP_,clk_nand,11.89,8.33,0.0005056387456255917,11.889494361254375,setup,measured_p12_rail,orfs_ssd_ctrl_cfg_run_01_p12,measured_droop/orfs_ssd_ctrl_cfg_run_01_p12_rail.csv,1.1,True,VALIDATED
1382,g_chan[1].u_cdc_chr.mem[1][29]$_DFFE_PP_,clk_nand,11.89,8.33,0.0005056387456255917,11.889494361254375,setup,measured_p12_rail,orfs_ssd_ctrl_cfg_run_01_p12,measured_droop/orfs_ssd_ctrl_cfg_run_01_p12_rail.csv,1.1,True,VALIDATED
1355,g_chan[1].u_cdc_chr.mem[11][2]$_DFFE_PP_,clk_nand,11.89,8.33,0.0004905553332763546,11.889509444666725,setup,measured_p12_rail,orfs_ssd_ctrl_cfg_run_01_p12,measured_droop/orfs_ssd_ctrl_cfg_run_01_p12_rail.csv,1.1,True,VALIDATED
1349,g_chan[1].u_cdc_chr.mem[1][2]$_DFFE_PP_,clk_nand,11.89,8.33,0.0004905553332763546,11.889509444666725,setup,measured_p12_rail,orfs_ssd_ctrl_cfg_run_01_p12,measured_droop/orfs_ssd_ctrl_cfg_run_01_p12_rail.csv,1.1,True,VALIDATED
1359,g_chan[1].u_cdc_chr.mem[5][2]$_DFFE_PP_,clk_nand,11.89,8.33,0.0004890642487211938,11.889510935751279,setup,measured_p12_rail,orfs_ssd_ctrl_cfg_run_01_p12,measured_droop/orfs_ssd_ctrl_cfg_run_01_p12_rail.csv,1.1,True,VALIDATED
1344,g_chan[1].u_cdc_chr.mem[4][2]$_DFFE_PP_,clk_nand,11.89,8.33,0.0004890642487211938,11.889510935751279,setup,measured_p12_rail,orfs_ssd_ctrl_cfg_run_01_p12,measured_droop/orfs_ssd_ctrl_cfg_run_01_p12_rail.csv,1.1,True,VALIDATED
1435,g_chan[1].u_cdc_chr.mem[15][2]$_DFFE_PP_,clk_nand,11.89,8.33,0.0004838447828949821,11.889516155217105,setup,measured_p12_rail,orfs_ssd_ctrl_cfg_run_01_p12,measured_droop/orfs_ssd_ctrl_cfg_run_01_p12_rail.csv,1.1,True,VALIDATED
1346,g_chan[1].u_cdc_chr.mem[9][23]$_DFFE_PP_,clk_nand,11.89,8.33,0.00047251579756124595,11.88952748420244,setup,measured_p12_rail,orfs_ssd_ctrl_cfg_run_01_p12,measured_droop/orfs_ssd_ctrl_cfg_run_01_p12_rail.csv,1.1,True,VALIDATED
1353,g_chan[1].u_cdc_chr.mem[7][23]$_DFFE_PP_,clk_nand,11.89,8.33,0.0004711903747594004,11.889528809625242,setup,measured_p12_rail,orfs_ssd_ctrl_cfg_run_01_p12,measured_droop/orfs_ssd_ctrl_cfg_run_01_p12_rail.csv,1.1,True,VALIDATED
1364,g_chan[1].u_cdc_chr.mem[6][23]$_DFFE_PP_,clk_nand,11.89,8.33,0.0004711903747594004,11.889528809625242,setup,measured_p12_rail,orfs_ssd_ctrl_cfg_run_01_p12,measured_droop/orfs_ssd_ctrl_cfg_run_01_p12_rail.csv,1.1,True,VALIDATED
1373,g_chan[1].u_cdc_chr.mem[5][23]$_DFFE_PP_,clk_nand,11.89,8.33,0.0004705276681278292,11.889529472331873,setup,measured_p12_rail,orfs_ssd_ctrl_cfg_run_01_p12,measured_droop/orfs_ssd_ctrl_cfg_run_01_p12_rail.csv,1.1,True,VALIDATED
1360,g_chan[1].u_cdc_chr.mem[2][23]$_DFFE_PP_,clk_nand,11.89,8.33,0.0004705276681278292,11.889529472331873,setup,measured_p12_rail,orfs_ssd_ctrl_cfg_run_01_p12,measured_droop/orfs_ssd_ctrl_cfg_run_01_p12_rail.csv,1.1,True,VALIDATED
1347,g_chan[1].u_cdc_chr.mem[0][23]$_DFFE_PP_,clk_nand,11.89,8.33,0.000469864961496258,11.889530135038504,setup,measured_p12_rail,orfs_ssd_ctrl_cfg_run_01_p12,measured_droop/orfs_ssd_ctrl_cfg_run_01_p12_rail.csv,1.1,True,VALIDATED
1366,g_chan[1].u_cdc_chr.mem[4][23]$_DFFE_PP_,clk_nand,11.89,8.33,0.000469864961496258,11.889530135038504,setup,measured_p12_rail,orfs_ssd_ctrl_cfg_run_01_p12,measured_droop/orfs_ssd_ctrl_cfg_run_01_p12_rail.csv,1.1,True,VALIDATED
1339,g_chan[1].u_cdc_chr.mem[1][23]$_DFFE_PP_,clk_nand,11.89,8.33,0.000469864961496258,11.889530135038504,setup,measured_p12_rail,orfs_ssd_ctrl_cfg_run_01_p12,measured_droop/orfs_ssd_ctrl_cfg_run_01_p12_rail.csv,1.1,True,VALIDATED
1351,g_chan[1].u_cdc_chr.mem[10][23]$_DFFE_PP_,clk_nand,11.89,8.33,0.000469864961496258,11.889530135038504,setup,measured_p12_rail,orfs_ssd_ctrl_cfg_run_01_p12,measured_droop/orfs_ssd_ctrl_cfg_run_01_p12_rail.csv,1.1,True,VALIDATED
1338,g_chan[1].u_cdc_chr.mem[8][23]$_DFFE_PP_,clk_nand,11.89,8.33,0.000469864961496258,11.889530135038504,setup,measured_p12_rail,orfs_ssd_ctrl_cfg_run_01_p12,measured_droop/orfs_ssd_ctrl_cfg_run_01_p12_rail.csv,1.1,True,VALIDATED
1367,g_chan[1].u_cdc_chr.mem[7][29]$_DFFE_PP_,clk_nand,11.89,8.33,0.00045859862442698685,11.889541401375574,setup,measured_p12_rail,orfs_ssd_ctrl_cfg_run_01_p12,measured_droop/orfs_ssd_ctrl_cfg_run_01_p12_rail.csv,1.1,True,VALIDATED
1369,g_chan[1].u_cdc_chr.mem[6][29]$_DFFE_PP_,clk_nand,11.89,8.33,0.00045859862442698685,11.889541401375574,setup,measured_p12_rail,orfs_ssd_ctrl_cfg_run_01_p12,measured_droop/orfs_ssd_ctrl_cfg_run_01_p12_rail.csv,1.1,True,VALIDATED
1403,g_chan[1].u_cdc_chr.mem[13][29]$_DFFE_PP_,clk_nand,11.89,8.33,0.00045725129489038174,11.88954274870511,setup,measured_p12_rail,orfs_ssd_ctrl_cfg_run_01_p12,measured_droop/orfs_ssd_ctrl_cfg_run_01_p12_rail.csv,1.1,True,VALIDATED
1385,g_chan[1].u_cdc_chr.mem[15][29]$_DFFE_PP_,clk_nand,11.89,8.33,0.00045725129489038174,11.88954274870511,setup,measured_p12_rail,orfs_ssd_ctrl_cfg_run_01_p12,measured_droop/orfs_ssd_ctrl_cfg_run_01_p12_rail.csv,1.1,True,VALIDATED
1404,g_chan[1].u_cdc_chr.mem[14][29]$_DFFE_PP_,clk_nand,11.89,8.33,0.00045725129489038174,11.88954274870511,setup,measured_p12_rail,orfs_ssd_ctrl_cfg_run_01_p12,measured_droop/orfs_ssd_ctrl_cfg_run_01_p12_rail.csv,1.1,True,VALIDATED
1413,g_chan[1].u_cdc_chr.mem[5][29]$_DFFE_PP_,clk_nand,11.89,8.33,0.00045725129489038174,11.88954274870511,setup,measured_p12_rail,orfs_ssd_ctrl_cfg_run_01_p12,measured_droop/orfs_ssd_ctrl_cfg_run_01_p12_rail.csv,1.1,True,VALIDATED
1394,g_chan[1].u_cdc_chr.mem[12][29]$_DFFE_PP_,clk_nand,11.89,8.33,0.00045725129489038174,11.88954274870511,setup,measured_p12_rail,orfs_ssd_ctrl_cfg_run_01_p12,measured_droop/orfs_ssd_ctrl_cfg_run_01_p12_rail.csv,1.1,True,VALIDATED
1379,g_chan[1].u_cdc_chr.mem[0][2]$_DFFE_PP_,clk_nand,11.89,8.33,0.0004368715241314103,11.889563128475869,setup,measured_p12_rail,orfs_ssd_ctrl_cfg_run_01_p12,measured_droop/orfs_ssd_ctrl_cfg_run_01_p12_rail.csv,1.1,True,VALIDATED
1376,g_chan[1].u_cdc_chr.mem[2][2]$_DFFE_PP_,clk_nand,11.89,8.33,0.0004368715241314103,11.889563128475869,setup,measured_p12_rail,orfs_ssd_ctrl_cfg_run_01_p12,measured_droop/orfs_ssd_ctrl_cfg_run_01_p12_rail.csv,1.1,True,VALIDATED
1378,g_chan[1].u_cdc_chr.mem[3][2]$_DFFE_PP_,clk_nand,11.89,8.33,0.0004368715241314103,11.889563128475869,setup,measured_p12_rail,orfs_ssd_ctrl_cfg_run_01_p12,measured_droop/orfs_ssd_ctrl_cfg_run_01_p12_rail.csv,1.1,True,VALIDATED
1397,g_chan[1].u_cdc_chr.mem[4][29]$_DFFE_PP_,clk_nand,11.89,8.33,0.0004327293846912994,11.88956727061531,setup,measured_p12_rail,orfs_ssd_ctrl_cfg_run_01_p12,measured_droop/orfs_ssd_ctrl_cfg_run_01_p12_rail.csv,1.1,True,VALIDATED
1437,g_chan[1].u_cdc_chr.mem[6][2]$_DFFE_PP_,clk_nand,11.89,8.33,0.00042866988919487703,11.889571330110806,setup,measured_p12_rail,orfs_ssd_ctrl_cfg_run_01_p12,measured_droop/orfs_ssd_ctrl_cfg_run_01_p12_rail.csv,1.1,True,VALIDATED
1426,g_chan[1].u_cdc_chr.mem[13][16]$_DFFE_PP_,clk_nand,11.89,8.32,0.00039381648883929365,11.88960618351116,setup,measured_p12_rail,orfs_ssd_ctrl_cfg_run_01_p12,measured_droop/orfs_ssd_ctrl_cfg_run_01_p12_rail.csv,1.1,True,VALIDATED
1430,g_chan[1].u_cdc_chr.mem[15][16]$_DFFE_PP_,clk_nand,11.89,8.32,0.00039381648883929365,11.88960618351116,setup,measured_p12_rail,orfs_ssd_ctrl_cfg_run_01_p12,measured_droop/orfs_ssd_ctrl_cfg_run_01_p12_rail.csv,1.1,True,VALIDATED
1421,g_chan[1].u_cdc_chr.mem[14][16]$_DFFE_PP_,clk_nand,11.89,8.32,0.00039381648883929365,11.88960618351116,setup,measured_p12_rail,orfs_ssd_ctrl_cfg_run_01_p12,measured_droop/orfs_ssd_ctrl_cfg_run_01_p12_rail.csv,1.1,True,VALIDATED
1362,g_chan[1].u_cdc_chr.mem[10][1]$_DFFE_PP_,clk_nand,11.89,8.32,0.00036485536743913194,11.889635144632562,setup,measured_p12_rail,orfs_ssd_ctrl_cfg_run_01_p12,measured_droop/orfs_ssd_ctrl_cfg_run_01_p12_rail.csv,1.1,True,VALIDATED
1365,g_chan[1].u_cdc_chr.mem[11][1]$_DFFE_PP_,clk_nand,11.89,8.32,0.00036485536743913194,11.889635144632562,setup,measured_p12_rail,orfs_ssd_ctrl_cfg_run_01_p12,measured_droop/orfs_ssd_ctrl_cfg_run_01_p12_rail.csv,1.1,True,VALIDATED
1423,g_chan[1].u_cdc_chr.mem[12][16]$_DFFE_PP_,clk_nand,11.89,8.32,0.0003627041310680923,11.889637295868933,setup,measured_p12_rail,orfs_ssd_ctrl_cfg_run_01_p12,measured_droop/orfs_ssd_ctrl_cfg_run_01_p12_rail.csv,1.1,True,VALIDATED
1420,g_chan[1].u_cdc_chr.mem[12][8]$_DFFE_PP_,clk_nand,11.89,8.32,0.00035542310934888466,11.889644576890651,setup,measured_p12_rail,orfs_ssd_ctrl_cfg_run_01_p12,measured_droop/orfs_ssd_ctrl_cfg_run_01_p12_rail.csv,1.1,True,VALIDATED
1427,g_chan[1].u_cdc_chr.mem[15][8]$_DFFE_PP_,clk_nand,11.89,8.32,0.00035542310934888466,11.889644576890651,setup,measured_p12_rail,orfs_ssd_ctrl_cfg_run_01_p12,measured_droop/orfs_ssd_ctrl_cfg_run_01_p12_rail.csv,1.1,True,VALIDATED
1408,g_chan[1].u_cdc_chr.mem[13][8]$_DFFE_PP_,clk_nand,11.89,8.32,0.00035542310934888466,11.889644576890651,setup,measured_p12_rail,orfs_ssd_ctrl_cfg_run_01_p12,measured_droop/orfs_ssd_ctrl_cfg_run_01_p12_rail.csv,1.1,True,VALIDATED
1414,g_chan[1].u_cdc_chr.mem[14][8]$_DFFE_PP_,clk_nand,11.89,8.32,0.00035542310934888466,11.889644576890651,setup,measured_p12_rail,orfs_ssd_ctrl_cfg_run_01_p12,measured_droop/orfs_ssd_ctrl_cfg_run_01_p12_rail.csv,1.1,True,VALIDATED
1429,g_chan[1].u_cdc_chr.mem[5][16]$_DFFE_PP_,clk_nand,11.89,8.32,0.00035211349050423557,11.889647886509497,setup,measured_p12_rail,orfs_ssd_ctrl_cfg_run_01_p12,measured_droop/orfs_ssd_ctrl_cfg_run_01_p12_rail.csv,1.1,True,VALIDATED
1424,g_chan[1].u_cdc_chr.mem[7][16]$_DFFE_PP_,clk_nand,11.89,8.32,0.00035211349050423557,11.889647886509497,setup,measured_p12_rail,orfs_ssd_ctrl_cfg_run_01_p12,measured_droop/orfs_ssd_ctrl_cfg_run_01_p12_rail.csv,1.1,True,VALIDATED
1407,g_chan[1].u_cdc_chr.mem[0][16]$_DFFE_PP_,clk_nand,11.89,8.32,0.0003468183226619237,11.889653181677339,setup,measured_p12_rail,orfs_ssd_ctrl_cfg_run_01_p12,measured_droop/orfs_ssd_ctrl_cfg_run_01_p12_rail.csv,1.1,True,VALIDATED
1412,g_chan[1].u_cdc_chr.mem[1][16]$_DFFE_PP_,clk_nand,11.89,8.32,0.0003468183226619237,11.889653181677339,setup,measured_p12_rail,orfs_ssd_ctrl_cfg_run_01_p12,measured_droop/orfs_ssd_ctrl_cfg_run_01_p12_rail.csv,1.1,True,VALIDATED
1432,g_chan[1].u_cdc_chr.mem[4][16]$_DFFE_PP_,clk_nand,11.89,8.32,0.00034152284994037885,11.88965847715006,setup,measured_p12_rail,orfs_ssd_ctrl_cfg_run_01_p12,measured_droop/orfs_ssd_ctrl_cfg_run_01_p12_rail.csv,1.1,True,VALIDATED
1425,g_chan[1].u_cdc_chr.mem[7][8]$_DFFE_PP_,clk_nand,11.89,8.32,0.00033953730094271606,11.889660462699059,setup,measured_p12_rail,orfs_ssd_ctrl_cfg_run_01_p12,measured_droop/orfs_ssd_ctrl_cfg_run_01_p12_rail.csv,1.1,True,VALIDATED
1434,g_chan[1].u_cdc_chr.mem[6][16]$_DFFE_PP_,clk_nand,11.89,8.32,0.00033622768209806697,11.889663772317903,setup,measured_p12_rail,orfs_ssd_ctrl_cfg_run_01_p12,measured_droop/orfs_ssd_ctrl_cfg_run_01_p12_rail.csv,1.1,True,VALIDATED
1406,g_chan[1].u_cdc_chr.mem[2][16]$_DFFE_PP_,clk_nand,11.89,8.32,0.0003309325142557551,11.889669067485745,setup,measured_p12_rail,orfs_ssd_ctrl_cfg_run_01_p12,measured_droop/orfs_ssd_ctrl_cfg_run_01_p12_rail.csv,1.1,True,VALIDATED
1405,g_chan[1].u_cdc_chr.mem[3][16]$_DFFE_PP_,clk_nand,11.89,8.32,0.0003309325142557551,11.889669067485745,setup,measured_p12_rail,orfs_ssd_ctrl_cfg_run_01_p12,measured_droop/orfs_ssd_ctrl_cfg_run_01_p12_rail.csv,1.1,True,VALIDATED
1417,g_chan[1].u_cdc_chr.mem[6][8]$_DFFE_PP_,clk_nand,11.89,8.32,0.00032696096052897694,11.889673039039472,setup,measured_p12_rail,orfs_ssd_ctrl_cfg_run_01_p12,measured_droop/orfs_ssd_ctrl_cfg_run_01_p12_rail.csv,1.1,True,VALIDATED
1489,g_chan[1].u_cdc_chr.mem[1][9]$_DFFE_PP_,clk_nand,11.9,8.32,0.0009406201710611128,11.89905937982894,setup,measured_p12_rail,orfs_ssd_ctrl_cfg_run_01_p12,measured_droop/orfs_ssd_ctrl_cfg_run_01_p12_rail.csv,1.1,True,VALIDATED
1467,g_chan[1].u_cdc_chr.mem[0][15]$_DFFE_PP_,clk_nand,11.9,8.32,0.0009307603523580621,11.899069239647643,setup,measured_p12_rail,orfs_ssd_ctrl_cfg_run_01_p12,measured_droop/orfs_ssd_ctrl_cfg_run_01_p12_rail.csv,1.1,True,VALIDATED
1453,g_chan[1].u_cdc_chr.mem[1][15]$_DFFE_PP_,clk_nand,11.9,8.32,0.0008301200402288655,11.899169879959771,setup,measured_p12_rail,orfs_ssd_ctrl_cfg_run_01_p12,measured_droop/orfs_ssd_ctrl_cfg_run_01_p12_rail.csv,1.1,True,VALIDATED
1483,g_chan[1].u_cdc_chr.mem[9][9]$_DFFE_PP_,clk_nand,11.9,8.32,0.000810259834452598,11.899189740165548,setup,measured_p12_rail,orfs_ssd_ctrl_cfg_run_01_p12,measured_droop/orfs_ssd_ctrl_cfg_run_01_p12_rail.csv,1.1,True,VALIDATED
1447,g_chan[1].u_cdc_chr.mem[8][15]$_DFFE_PP_,clk_nand,11.9,8.32,0.0008009809603448659,11.899199019039656,setup,measured_p12_rail,orfs_ssd_ctrl_cfg_run_01_p12,measured_droop/orfs_ssd_ctrl_cfg_run_01_p12_rail.csv,1.1,True,VALIDATED
1448,g_chan[1].u_cdc_chr.mem[9][15]$_DFFE_PP_,clk_nand,11.9,8.32,0.0008009809603448659,11.899199019039656,setup,measured_p12_rail,orfs_ssd_ctrl_cfg_run_01_p12,measured_droop/orfs_ssd_ctrl_cfg_run_01_p12_rail.csv,1.1,True,VALIDATED
1470,g_chan[1].u_cdc_chr.mem[3][15]$_DFFE_PP_,clk_nand,11.9,8.32,0.0007817860461255544,11.899218213953874,setup,measured_p12_rail,orfs_ssd_ctrl_cfg_run_01_p12,measured_droop/orfs_ssd_ctrl_cfg_run_01_p12_rail.csv,1.1,True,VALIDATED
1485,g_chan[1].u_cdc_chr.mem[11][9]$_DFFE_PP_,clk_nand,11.9,8.32,0.0007387411004986522,11.899261258899502,setup,measured_p12_rail,orfs_ssd_ctrl_cfg_run_01_p12,measured_droop/orfs_ssd_ctrl_cfg_run_01_p12_rail.csv,1.1,True,VALIDATED
1491,g_chan[1].u_cdc_chr.mem[10][9]$_DFFE_PP_,clk_nand,11.9,8.32,0.0007387411004986522,11.899261258899502,setup,measured_p12_rail,orfs_ssd_ctrl_cfg_run_01_p12,measured_droop/orfs_ssd_ctrl_cfg_run_01_p12_rail.csv,1.1,True,VALIDATED
1479,g_chan[1].u_cdc_chr.mem[4][15]$_DFFE_PP_,clk_nand,11.9,8.32,0.0006328117398930466,11.899367188260108,setup,measured_p12_rail,orfs_ssd_ctrl_cfg_run_01_p12,measured_droop/orfs_ssd_ctrl_cfg_run_01_p12_rail.csv,1.1,True,VALIDATED
1475,g_chan[1].u_cdc_chr.mem[2][15]$_DFFE_PP_,clk_nand,11.9,8.32,0.0006328117398930466,11.899367188260108,setup,measured_p12_rail,orfs_ssd_ctrl_cfg_run_01_p12,measured_droop/orfs_ssd_ctrl_cfg_run_01_p12_rail.csv,1.1,True,VALIDATED
1477,g_chan[1].u_cdc_chr.mem[6][15]$_DFFE_PP_,clk_nand,11.9,8.32,0.0006328117398930466,11.899367188260108,setup,measured_p12_rail,orfs_ssd_ctrl_cfg_run_01_p12,measured_droop/orfs_ssd_ctrl_cfg_run_01_p12_rail.csv,1.1,True,VALIDATED
1480,g_chan[1].u_cdc_chr.mem[5][15]$_DFFE_PP_,clk_nand,11.9,8.32,0.0006328117398930466,11.899367188260108,setup,measured_p12_rail,orfs_ssd_ctrl_cfg_run_01_p12,measured_droop/orfs_ssd_ctrl_cfg_run_01_p12_rail.csv,1.1,True,VALIDATED
1476,g_chan[1].u_cdc_chr.mem[12][15]$_DFFE_PP_,clk_nand,11.9,8.32,0.0006328117398930466,11.899367188260108,setup,measured_p12_rail,orfs_ssd_ctrl_cfg_run_01_p12,measured_droop/orfs_ssd_ctrl_cfg_run_01_p12_rail.csv,1.1,True,VALIDATED
1469,g_chan[1].u_cdc_chr.mem[13][15]$_DFFE_PP_,clk_nand,11.9,8.32,0.0006328117398930466,11.899367188260108,setup,measured_p12_rail,orfs_ssd_ctrl_cfg_run_01_p12,measured_droop/orfs_ssd_ctrl_cfg_run_01_p12_rail.csv,1.1,True,VALIDATED
1468,g_chan[1].u_cdc_chr.mem[14][15]$_DFFE_PP_,clk_nand,11.9,8.32,0.0005891122397041482,11.899410887760297,setup,measured_p12_rail,orfs_ssd_ctrl_cfg_run_01_p12,measured_droop/orfs_ssd_ctrl_cfg_run_01_p12_rail.csv,1.1,True,VALIDATED
1465,g_chan[1].u_cdc_chr.mem[10][15]$_DFFE_PP_,clk_nand,11.9,8.32,0.0005891122397041482,11.899410887760297,setup,measured_p12_rail,orfs_ssd_ctrl_cfg_run_01_p12,measured_droop/orfs_ssd_ctrl_cfg_run_01_p12_rail.csv,1.1,True,VALIDATED
1472,g_chan[1].u_cdc_chr.mem[7][15]$_DFFE_PP_,clk_nand,11.9,8.32,0.0005891122397041482,11.899410887760297,setup,measured_p12_rail,orfs_ssd_ctrl_cfg_run_01_p12,measured_droop/orfs_ssd_ctrl_cfg_run_01_p12_rail.csv,1.1,True,VALIDATED
1455,g_chan[1].u_cdc_chr.mem[11][15]$_DFFE_PP_,clk_nand,11.9,8.32,0.0005891122397041482,11.899410887760297,setup,measured_p12_rail,orfs_ssd_ctrl_cfg_run_01_p12,measured_droop/orfs_ssd_ctrl_cfg_run_01_p12_rail.csv,1.1,True,VALIDATED
1471,g_chan[1].u_cdc_chr.mem[15][15]$_DFFE_PP_,clk_nand,11.9,8.32,0.000575211373675999,11.899424788626325,setup,measured_p12_rail,orfs_ssd_ctrl_cfg_run_01_p12,measured_droop/orfs_ssd_ctrl_cfg_run_01_p12_rail.csv,1.1,True,VALIDATED
1446,g_chan[1].u_cdc_chr.mem[15][7]$_DFFE_PP_,clk_nand,11.9,8.32,0.0005460877030046829,11.899453912296996,setup,measured_p12_rail,orfs_ssd_ctrl_cfg_run_01_p12,measured_droop/orfs_ssd_ctrl_cfg_run_01_p12_rail.csv,1.1,True,VALIDATED
1460,g_chan[1].u_cdc_chr.mem[13][7]$_DFFE_PP_,clk_nand,11.9,8.32,0.00054474199091048,11.89945525800909,setup,measured_p12_rail,orfs_ssd_ctrl_cfg_run_01_p12,measured_droop/orfs_ssd_ctrl_cfg_run_01_p12_rail.csv,1.1,True,VALIDATED
1443,g_chan[1].u_cdc_chr.mem[14][7]$_DFFE_PP_,clk_nand,11.9,8.32,0.0005434400682707841,11.89945655993173,setup,measured_p12_rail,orfs_ssd_ctrl_cfg_run_01_p12,measured_droop/orfs_ssd_ctrl_cfg_run_01_p12_rail.csv,1.1,True,VALIDATED
1444,g_chan[1].u_cdc_chr.mem[11][7]$_DFFE_PP_,clk_nand,11.9,8.32,0.0005407924335368852,11.899459207566464,setup,measured_p12_rail,orfs_ssd_ctrl_cfg_run_01_p12,measured_droop/orfs_ssd_ctrl_cfg_run_01_p12_rail.csv,1.1,True,VALIDATED
1449,g_chan[1].u_cdc_chr.mem[9][7]$_DFFE_PP_,clk_nand,11.9,8.32,0.0005407924335368852,11.899459207566464,setup,measured_p12_rail,orfs_ssd_ctrl_cfg_run_01_p12,measured_droop/orfs_ssd_ctrl_cfg_run_01_p12_rail.csv,1.1,True,VALIDATED
1445,g_chan[1].u_cdc_chr.mem[10][7]$_DFFE_PP_,clk_nand,11.9,8.32,0.0005407924335368852,11.899459207566464,setup,measured_p12_rail,orfs_ssd_ctrl_cfg_run_01_p12,measured_droop/orfs_ssd_ctrl_cfg_run_01_p12_rail.csv,1.1,True,VALIDATED
1454,g_chan[1].u_cdc_chr.mem[0][7]$_DFFE_PP_,clk_nand,11.9,8.32,0.0004957570466471717,11.899504242953354,setup,measured_p12_rail,orfs_ssd_ctrl_cfg_run_01_p12,measured_droop/orfs_ssd_ctrl_cfg_run_01_p12_rail.csv,1.1,True,VALIDATED
1464,g_chan[1].u_cdc_chr.mem[1][7]$_DFFE_PP_,clk_nand,11.9,8.32,0.0004957570466471717,11.899504242953354,setup,measured_p12_rail,orfs_ssd_ctrl_cfg_run_01_p12,measured_droop/orfs_ssd_ctrl_cfg_run_01_p12_rail.csv,1.1,True,VALIDATED
1461,g_chan[1].u_cdc_chr.mem[2][7]$_DFFE_PP_,clk_nand,11.9,8.32,0.0004957570466471717,11.899504242953354,setup,measured_p12_rail,orfs_ssd_ctrl_cfg_run_01_p12,measured_droop/orfs_ssd_ctrl_cfg_run_01_p12_rail.csv,1.1,True,VALIDATED
1463,g_chan[1].u_cdc_chr.mem[3][7]$_DFFE_PP_,clk_nand,11.9,8.32,0.0004957570466471717,11.899504242953354,setup,measured_p12_rail,orfs_ssd_ctrl_cfg_run_01_p12,measured_droop/orfs_ssd_ctrl_cfg_run_01_p12_rail.csv,1.1,True,VALIDATED
1462,g_chan[1].u_cdc_chr.mem[4][7]$_DFFE_PP_,clk_nand,11.9,8.32,0.0004957570466471717,11.899504242953354,setup,measured_p12_rail,orfs_ssd_ctrl_cfg_run_01_p12,measured_droop/orfs_ssd_ctrl_cfg_run_01_p12_rail.csv,1.1,True,VALIDATED
1452,g_chan[1].u_cdc_chr.mem[11][26]$_DFFE_PP_,clk_nand,11.9,8.32,0.000490462013760351,11.89950953798624,setup,measured_p12_rail,orfs_ssd_ctrl_cfg_run_01_p12,measured_droop/orfs_ssd_ctrl_cfg_run_01_p12_rail.csv,1.1,True,VALIDATED
1457,g_chan[1].u_cdc_chr.mem[10][26]$_DFFE_PP_,clk_nand,11.9,8.32,0.0004898000137615321,11.899510199986238,setup,measured_p12_rail,orfs_ssd_ctrl_cfg_run_01_p12,measured_droop/orfs_ssd_ctrl_cfg_run_01_p12_rail.csv,1.1,True,VALIDATED
1450,g_chan[1].u_cdc_chr.mem[12][7]$_DFFE_PP_,clk_nand,11.9,8.32,0.0004884759201237987,11.899511524079877,setup,measured_p12_rail,orfs_ssd_ctrl_cfg_run_01_p12,measured_droop/orfs_ssd_ctrl_cfg_run_01_p12_rail.csv,1.1,True,VALIDATED
1466,g_chan[1].u_cdc_chr.mem[5][7]$_DFFE_PP_,clk_nand,11.9,8.32,0.00048582828538989986,11.89951417171461,setup,measured_p12_rail,orfs_ssd_ctrl_cfg_run_01_p12,measured_droop/orfs_ssd_ctrl_cfg_run_01_p12_rail.csv,1.1,True,VALIDATED
1442,g_chan[1].u_cdc_chr.mem[14][2]$_DFFE_PP_,clk_nand,11.9,8.33,0.0004838447828949821,11.899516155217105,setup,measured_p12_rail,orfs_ssd_ctrl_cfg_run_01_p12,measured_droop/orfs_ssd_ctrl_cfg_run_01_p12_rail.csv,1.1,True,VALIDATED
1490,g_chan[1].u_cdc_chr.mem[12][26]$_DFFE_PP_,clk_nand,11.9,8.31,0.0004502019158446613,11.899549798084156,setup,measured_p12_rail,orfs_ssd_ctrl_cfg_run_01_p12,measured_droop/orfs_ssd_ctrl_cfg_run_01_p12_rail.csv,1.1,True,VALIDATED
1481,g_chan[1].u_cdc_chr.mem[3][26]$_DFFE_PP_,clk_nand,11.9,8.32,0.0004454486025338156,11.899554551397467,setup,measured_p12_rail,orfs_ssd_ctrl_cfg_run_01_p12,measured_droop/orfs_ssd_ctrl_cfg_run_01_p12_rail.csv,1.1,True,VALIDATED
1478,g_chan[1].u_cdc_chr.mem[4][26]$_DFFE_PP_,clk_nand,11.9,8.32,0.0004454486025338156,11.899554551397467,setup,measured_p12_rail,orfs_ssd_ctrl_cfg_run_01_p12,measured_droop/orfs_ssd_ctrl_cfg_run_01_p12_rail.csv,1.1,True,VALIDATED
1496,g_chan[1].u_cdc_chr.mem[5][26]$_DFFE_PP_,clk_nand,11.9,8.31,0.0004449132075796669,11.899555086792422,setup,measured_p12_rail,orfs_ssd_ctrl_cfg_run_01_p12,measured_droop/orfs_ssd_ctrl_cfg_run_01_p12_rail.csv,1.1,True,VALIDATED
1441,g_chan[1].u_cdc_chr.mem[9][1]$_DFFE_PP_,clk_nand,11.9,8.32,0.00044304779247705817,11.899556952207524,setup,measured_p12_rail,orfs_ssd_ctrl_cfg_run_01_p12,measured_droop/orfs_ssd_ctrl_cfg_run_01_p12_rail.csv,1.1,True,VALIDATED
1484,g_chan[1].u_cdc_chr.mem[7][26]$_DFFE_PP_,clk_nand,11.9,8.32,0.0004428006374800342,11.89955719936252,setup,measured_p12_rail,orfs_ssd_ctrl_cfg_run_01_p12,measured_droop/orfs_ssd_ctrl_cfg_run_01_p12_rail.csv,1.1,True,VALIDATED
1440,g_chan[1].u_cdc_chr.mem[7][2]$_DFFE_PP_,clk_nand,11.9,8.33,0.00042866988919487703,11.899571330110806,setup,measured_p12_rail,orfs_ssd_ctrl_cfg_run_01_p12,measured_droop/orfs_ssd_ctrl_cfg_run_01_p12_rail.csv,1.1,True,VALIDATED
1493,g_chan[1].u_cdc_chr.mem[3][1]$_DFFE_PP_,clk_nand,11.9,8.32,0.00042741024542825024,11.899572589754571,setup,measured_p12_rail,orfs_ssd_ctrl_cfg_run_01_p12,measured_droop/orfs_ssd_ctrl_cfg_run_01_p12_rail.csv,1.1,True,VALIDATED
1486,g_chan[1].u_cdc_chr.mem[4][1]$_DFFE_PP_,clk_nand,11.9,8.32,0.00042741024542825024,11.899572589754571,setup,measured_p12_rail,orfs_ssd_ctrl_cfg_run_01_p12,measured_droop/orfs_ssd_ctrl_cfg_run_01_p12_rail.csv,1.1,True,VALIDATED
1492,g_chan[1].u_cdc_chr.mem[0][1]$_DFFE_PP_,clk_nand,11.9,8.32,0.00042741024542825024,11.899572589754571,setup,measured_p12_rail,orfs_ssd_ctrl_cfg_run_01_p12,measured_droop/orfs_ssd_ctrl_cfg_run_01_p12_rail.csv,1.1,True,VALIDATED
1487,g_chan[1].u_cdc_chr.mem[1][1]$_DFFE_PP_,clk_nand,11.9,8.32,0.00042741024542825024,11.899572589754571,setup,measured_p12_rail,orfs_ssd_ctrl_cfg_run_01_p12,measured_droop/orfs_ssd_ctrl_cfg_run_01_p12_rail.csv,1.1,True,VALIDATED
1494,g_chan[1].u_cdc_chr.mem[14][26]$_DFFE_PP_,clk_nand,11.9,8.31,0.0004257388817804353,11.89957426111822,setup,measured_p12_rail,orfs_ssd_ctrl_cfg_run_01_p12,measured_droop/orfs_ssd_ctrl_cfg_run_01_p12_rail.csv,1.1,True,VALIDATED
1488,g_chan[1].u_cdc_chr.mem[6][26]$_DFFE_PP_,clk_nand,11.9,8.32,0.00041830816534838,11.899581691834651,setup,measured_p12_rail,orfs_ssd_ctrl_cfg_run_01_p12,measured_droop/orfs_ssd_ctrl_cfg_run_01_p12_rail.csv,1.1,True,VALIDATED
1495,g_chan[1].u_cdc_chr.mem[15][26]$_DFFE_PP_,clk_nand,11.9,8.31,0.00041780539111191395,11.899582194608888,setup,measured_p12_rail,orfs_ssd_ctrl_cfg_run_01_p12,measured_droop/orfs_ssd_ctrl_cfg_run_01_p12_rail.csv,1.1,True,VALIDATED
1459,g_chan[1].u_cdc_chr.mem[9][26]$_DFFE_PP_,clk_nand,11.9,8.32,0.00041499908328035406,11.89958500091672,setup,measured_p12_rail,orfs_ssd_ctrl_cfg_run_01_p12,measured_droop/orfs_ssd_ctrl_cfg_run_01_p12_rail.csv,1.1,True,VALIDATED
1451,g_chan[1].u_cdc_chr.mem[0][26]$_DFFE_PP_,clk_nand,11.9,8.32,0.00041499908328035406,11.89958500091672,setup,measured_p12_rail,orfs_ssd_ctrl_cfg_run_01_p12,measured_droop/orfs_ssd_ctrl_cfg_run_01_p12_rail.csv,1.1,True,VALIDATED
1456,g_chan[1].u_cdc_chr.mem[8][26]$_DFFE_PP_,clk_nand,11.9,8.32,0.00041499908328035406,11.89958500091672,setup,measured_p12_rail,orfs_ssd_ctrl_cfg_run_01_p12,measured_droop/orfs_ssd_ctrl_cfg_run_01_p12_rail.csv,1.1,True,VALIDATED
1458,g_chan[1].u_cdc_chr.mem[1][26]$_DFFE_PP_,clk_nand,11.9,8.32,0.00041499908328035406,11.89958500091672,setup,measured_p12_rail,orfs_ssd_ctrl_cfg_run_01_p12,measured_droop/orfs_ssd_ctrl_cfg_run_01_p12_rail.csv,1.1,True,VALIDATED
1482,g_chan[1].u_cdc_chr.mem[2][26]$_DFFE_PP_,clk_nand,11.9,8.32,0.0004103651277596043,11.89958963487224,setup,measured_p12_rail,orfs_ssd_ctrl_cfg_run_01_p12,measured_droop/orfs_ssd_ctrl_cfg_run_01_p12_rail.csv,1.1,True,VALIDATED
1473,g_chan[1].u_cdc_chr.mem[11][12]$_DFFE_PP_,clk_nand,11.9,8.31,0.00032871651852728334,11.899671283481473,setup,measured_p12_rail,orfs_ssd_ctrl_cfg_run_01_p12,measured_droop/orfs_ssd_ctrl_cfg_run_01_p12_rail.csv,1.1,True,VALIDATED
1474,g_chan[1].u_cdc_chr.mem[8][12]$_DFFE_PP_,clk_nand,11.9,8.31,0.00032871651852728334,11.899671283481473,setup,measured_p12_rail,orfs_ssd_ctrl_cfg_run_01_p12,measured_droop/orfs_ssd_ctrl_cfg_run_01_p12_rail.csv,1.1,True,VALIDATED
1505,g_chan[1].u_cdc_chr.mem[0][9]$_DFFE_PP_,clk_nand,11.91,8.32,0.000929444282806946,11.909070555717193,setup,measured_p12_rail,orfs_ssd_ctrl_cfg_run_01_p12,measured_droop/orfs_ssd_ctrl_cfg_run_01_p12_rail.csv,1.1,True,VALIDATED
1499,g_chan[1].u_cdc_chr.mem[8][9]$_DFFE_PP_,clk_nand,11.91,8.32,0.000810259834452598,11.909189740165548,setup,measured_p12_rail,orfs_ssd_ctrl_cfg_run_01_p12,measured_droop/orfs_ssd_ctrl_cfg_run_01_p12_rail.csv,1.1,True,VALIDATED
1545,g_chan[1].u_cdc_chr.mem[4][4]$_DFFE_PP_,clk_nand,11.91,8.3,0.0007937798830336407,11.909206220116966,setup,measured_p12_rail,orfs_ssd_ctrl_cfg_run_01_p12,measured_droop/orfs_ssd_ctrl_cfg_run_01_p12_rail.csv,1.1,True,VALIDATED
1559,g_chan[1].u_cdc_chr.mem[5][4]$_DFFE_PP_,clk_nand,11.91,8.3,0.0007937798830336407,11.909206220116966,setup,measured_p12_rail,orfs_ssd_ctrl_cfg_run_01_p12,measured_droop/orfs_ssd_ctrl_cfg_run_01_p12_rail.csv,1.1,True,VALIDATED
1556,g_chan[1].u_cdc_chr.mem[7][4]$_DFFE_PP_,clk_nand,11.91,8.3,0.0007937798830336407,11.909206220116966,setup,measured_p12_rail,orfs_ssd_ctrl_cfg_run_01_p12,measured_droop/orfs_ssd_ctrl_cfg_run_01_p12_rail.csv,1.1,True,VALIDATED
1560,g_chan[1].u_cdc_chr.mem[6][4]$_DFFE_PP_,clk_nand,11.91,8.3,0.0007937798830336407,11.909206220116966,setup,measured_p12_rail,orfs_ssd_ctrl_cfg_run_01_p12,measured_droop/orfs_ssd_ctrl_cfg_run_01_p12_rail.csv,1.1,True,VALIDATED
1521,g_chan[1].u_cdc_chr.mem[10][10]$_DFFE_PP_,clk_nand,11.91,8.31,0.0007345519388317623,11.909265448061168,setup,measured_p12_rail,orfs_ssd_ctrl_cfg_run_01_p12,measured_droop/orfs_ssd_ctrl_cfg_run_01_p12_rail.csv,1.1,True,VALIDATED
1520,g_chan[1].u_cdc_chr.mem[11][10]$_DFFE_PP_,clk_nand,11.91,8.31,0.0007345519388317623,11.909265448061168,setup,measured_p12_rail,orfs_ssd_ctrl_cfg_run_01_p12,measured_droop/orfs_ssd_ctrl_cfg_run_01_p12_rail.csv,1.1,True,VALIDATED
1554,g_chan[1].u_cdc_chr.mem[9][4]$_DFFE_PP_,clk_nand,11.91,8.3,0.000708570403382569,11.909291429596617,setup,measured_p12_rail,orfs_ssd_ctrl_cfg_run_01_p12,measured_droop/orfs_ssd_ctrl_cfg_run_01_p12_rail.csv,1.1,True,VALIDATED
1534,g_chan[1].u_cdc_chr.mem[9][10]$_DFFE_PP_,clk_nand,11.91,8.31,0.0006823111569878026,11.909317688843013,setup,measured_p12_rail,orfs_ssd_ctrl_cfg_run_01_p12,measured_droop/orfs_ssd_ctrl_cfg_run_01_p12_rail.csv,1.1,True,VALIDATED
1539,g_chan[1].u_cdc_chr.mem[8][10]$_DFFE_PP_,clk_nand,11.91,8.31,0.0006373438146810573,11.90936265618532,setup,measured_p12_rail,orfs_ssd_ctrl_cfg_run_01_p12,measured_droop/orfs_ssd_ctrl_cfg_run_01_p12_rail.csv,1.1,True,VALIDATED
1528,g_chan[1].u_cdc_chr.mem[15][10]$_DFFE_PP_,clk_nand,11.91,8.31,0.000630070375143843,11.909369929624857,setup,measured_p12_rail,orfs_ssd_ctrl_cfg_run_01_p12,measured_droop/orfs_ssd_ctrl_cfg_run_01_p12_rail.csv,1.1,True,VALIDATED
1526,g_chan[1].u_cdc_chr.mem[12][10]$_DFFE_PP_,clk_nand,11.91,8.31,0.000630070375143843,11.909369929624857,setup,measured_p12_rail,orfs_ssd_ctrl_cfg_run_01_p12,measured_droop/orfs_ssd_ctrl_cfg_run_01_p12_rail.csv,1.1,True,VALIDATED
1543,g_chan[1].u_cdc_chr.mem[3][10]$_DFFE_PP_,clk_nand,11.91,8.31,0.000630070375143843,11.909369929624857,setup,measured_p12_rail,orfs_ssd_ctrl_cfg_run_01_p12,measured_droop/orfs_ssd_ctrl_cfg_run_01_p12_rail.csv,1.1,True,VALIDATED
1547,g_chan[1].u_cdc_chr.mem[14][10]$_DFFE_PP_,clk_nand,11.91,8.31,0.000630070375143843,11.909369929624857,setup,measured_p12_rail,orfs_ssd_ctrl_cfg_run_01_p12,measured_droop/orfs_ssd_ctrl_cfg_run_01_p12_rail.csv,1.1,True,VALIDATED
1533,g_chan[1].u_cdc_chr.mem[4][10]$_DFFE_PP_,clk_nand,11.91,8.31,0.000630070375143843,11.909369929624857,setup,measured_p12_rail,orfs_ssd_ctrl_cfg_run_01_p12,measured_droop/orfs_ssd_ctrl_cfg_run_01_p12_rail.csv,1.1,True,VALIDATED
1535,g_chan[1].u_cdc_chr.mem[7][10]$_DFFE_PP_,clk_nand,11.91,8.31,0.000630070375143843,11.909369929624857,setup,measured_p12_rail,orfs_ssd_ctrl_cfg_run_01_p12,measured_droop/orfs_ssd_ctrl_cfg_run_01_p12_rail.csv,1.1,True,VALIDATED
1536,g_chan[1].u_cdc_chr.mem[13][10]$_DFFE_PP_,clk_nand,11.91,8.31,0.000630070375143843,11.909369929624857,setup,measured_p12_rail,orfs_ssd_ctrl_cfg_run_01_p12,measured_droop/orfs_ssd_ctrl_cfg_run_01_p12_rail.csv,1.1,True,VALIDATED
1523,g_chan[1].u_cdc_chr.mem[0][10]$_DFFE_PP_,clk_nand,11.91,8.31,0.000627425535631887,11.909372574464369,setup,measured_p12_rail,orfs_ssd_ctrl_cfg_run_01_p12,measured_droop/orfs_ssd_ctrl_cfg_run_01_p12_rail.csv,1.1,True,VALIDATED
1525,g_chan[1].u_cdc_chr.mem[2][10]$_DFFE_PP_,clk_nand,11.91,8.31,0.000627425535631887,11.909372574464369,setup,measured_p12_rail,orfs_ssd_ctrl_cfg_run_01_p12,measured_droop/orfs_ssd_ctrl_cfg_run_01_p12_rail.csv,1.1,True,VALIDATED
1527,g_chan[1].u_cdc_chr.mem[1][10]$_DFFE_PP_,clk_nand,11.91,8.31,0.000627425535631887,11.909372574464369,setup,measured_p12_rail,orfs_ssd_ctrl_cfg_run_01_p12,measured_droop/orfs_ssd_ctrl_cfg_run_01_p12_rail.csv,1.1,True,VALIDATED
1553,g_chan[1].u_cdc_chr.mem[11][4]$_DFFE_PP_,clk_nand,11.91,8.3,0.0006233609237314974,11.90937663907627,setup,measured_p12_rail,orfs_ssd_ctrl_cfg_run_01_p12,measured_droop/orfs_ssd_ctrl_cfg_run_01_p12_rail.csv,1.1,True,VALIDATED
1549,g_chan[1].u_cdc_chr.mem[8][4]$_DFFE_PP_,clk_nand,11.91,8.3,0.0006233609237314974,11.90937663907627,setup,measured_p12_rail,orfs_ssd_ctrl_cfg_run_01_p12,measured_droop/orfs_ssd_ctrl_cfg_run_01_p12_rail.csv,1.1,True,VALIDATED
1557,g_chan[1].u_cdc_chr.mem[2][4]$_DFFE_PP_,clk_nand,11.91,8.3,0.0006233609237314974,11.90937663907627,setup,measured_p12_rail,orfs_ssd_ctrl_cfg_run_01_p12,measured_droop/orfs_ssd_ctrl_cfg_run_01_p12_rail.csv,1.1,True,VALIDATED
1558,g_chan[1].u_cdc_chr.mem[3][4]$_DFFE_PP_,clk_nand,11.91,8.3,0.0006233609237314974,11.90937663907627,setup,measured_p12_rail,orfs_ssd_ctrl_cfg_run_01_p12,measured_droop/orfs_ssd_ctrl_cfg_run_01_p12_rail.csv,1.1,True,VALIDATED
1498,g_chan[1].u_cdc_chr.mem[13][9]$_DFFE_PP_,clk_nand,11.91,8.32,0.0006054279820379982,11.909394572017963,setup,measured_p12_rail,orfs_ssd_ctrl_cfg_run_01_p12,measured_droop/orfs_ssd_ctrl_cfg_run_01_p12_rail.csv,1.1,True,VALIDATED
1497,g_chan[1].u_cdc_chr.mem[2][9]$_DFFE_PP_,clk_nand,11.91,8.32,0.0006054279820379982,11.909394572017963,setup,measured_p12_rail,orfs_ssd_ctrl_cfg_run_01_p12,measured_droop/orfs_ssd_ctrl_cfg_run_01_p12_rail.csv,1.1,True,VALIDATED
1503,g_chan[1].u_cdc_chr.mem[3][9]$_DFFE_PP_,clk_nand,11.91,8.32,0.0006054279820379982,11.909394572017963,setup,measured_p12_rail,orfs_ssd_ctrl_cfg_run_01_p12,measured_droop/orfs_ssd_ctrl_cfg_run_01_p12_rail.csv,1.1,True,VALIDATED
1501,g_chan[1].u_cdc_chr.mem[5][9]$_DFFE_PP_,clk_nand,11.91,8.32,0.0006054279820379982,11.909394572017963,setup,measured_p12_rail,orfs_ssd_ctrl_cfg_run_01_p12,measured_droop/orfs_ssd_ctrl_cfg_run_01_p12_rail.csv,1.1,True,VALIDATED
1508,g_chan[1].u_cdc_chr.mem[14][9]$_DFFE_PP_,clk_nand,11.91,8.32,0.0006054279820379982,11.909394572017963,setup,measured_p12_rail,orfs_ssd_ctrl_cfg_run_01_p12,measured_droop/orfs_ssd_ctrl_cfg_run_01_p12_rail.csv,1.1,True,VALIDATED
1504,g_chan[1].u_cdc_chr.mem[12][9]$_DFFE_PP_,clk_nand,11.91,8.32,0.0006054279820379982,11.909394572017963,setup,measured_p12_rail,orfs_ssd_ctrl_cfg_run_01_p12,measured_droop/orfs_ssd_ctrl_cfg_run_01_p12_rail.csv,1.1,True,VALIDATED
1517,g_chan[1].u_cdc_chr.mem[6][9]$_DFFE_PP_,clk_nand,11.91,8.32,0.0006054279820379982,11.909394572017963,setup,measured_p12_rail,orfs_ssd_ctrl_cfg_run_01_p12,measured_droop/orfs_ssd_ctrl_cfg_run_01_p12_rail.csv,1.1,True,VALIDATED
1511,g_chan[1].u_cdc_chr.mem[15][9]$_DFFE_PP_,clk_nand,11.91,8.32,0.0006054279820379982,11.909394572017963,setup,measured_p12_rail,orfs_ssd_ctrl_cfg_run_01_p12,measured_droop/orfs_ssd_ctrl_cfg_run_01_p12_rail.csv,1.1,True,VALIDATED
1518,g_chan[1].u_cdc_chr.mem[4][9]$_DFFE_PP_,clk_nand,11.91,8.32,0.0006054279820379982,11.909394572017963,setup,measured_p12_rail,orfs_ssd_ctrl_cfg_run_01_p12,measured_droop/orfs_ssd_ctrl_cfg_run_01_p12_rail.csv,1.1,True,VALIDATED
1500,g_chan[1].u_cdc_chr.mem[7][9]$_DFFE_PP_,clk_nand,11.91,8.32,0.0006054279820379982,11.909394572017963,setup,measured_p12_rail,orfs_ssd_ctrl_cfg_run_01_p12,measured_droop/orfs_ssd_ctrl_cfg_run_01_p12_rail.csv,1.1,True,VALIDATED
1551,g_chan[1].u_cdc_chr.mem[1][27]$_DFFE_PP_,clk_nand,11.91,8.31,0.0006003183155957048,11.909399681684404,setup,measured_p12_rail,orfs_ssd_ctrl_cfg_run_01_p12,measured_droop/orfs_ssd_ctrl_cfg_run_01_p12_rail.csv,1.1,True,VALIDATED
1550,g_chan[1].u_cdc_chr.mem[3][27]$_DFFE_PP_,clk_nand,11.91,8.3,0.0005995959108836546,11.909400404089116,setup,measured_p12_rail,orfs_ssd_ctrl_cfg_run_01_p12,measured_droop/orfs_ssd_ctrl_cfg_run_01_p12_rail.csv,1.1,True,VALIDATED
1552,g_chan[1].u_cdc_chr.mem[2][27]$_DFFE_PP_,clk_nand,11.91,8.3,0.0005995959108836546,11.909400404089116,setup,measured_p12_rail,orfs_ssd_ctrl_cfg_run_01_p12,measured_droop/orfs_ssd_ctrl_cfg_run_01_p12_rail.csv,1.1,True,VALIDATED
1546,g_chan[1].u_cdc_chr.mem[6][10]$_DFFE_PP_,clk_nand,11.91,8.31,0.0005970117054671098,11.909402988294532,setup,measured_p12_rail,orfs_ssd_ctrl_cfg_run_01_p12,measured_droop/orfs_ssd_ctrl_cfg_run_01_p12_rail.csv,1.1,True,VALIDATED
1532,g_chan[1].u_cdc_chr.mem[5][10]$_DFFE_PP_,clk_nand,11.91,8.31,0.0005970117054671098,11.909402988294532,setup,measured_p12_rail,orfs_ssd_ctrl_cfg_run_01_p12,measured_droop/orfs_ssd_ctrl_cfg_run_01_p12_rail.csv,1.1,True,VALIDATED
1524,g_chan[1].u_cdc_chr.mem[11][27]$_DFFE_PP_,clk_nand,11.91,8.3,0.0005943058216839603,11.909405694178316,setup,measured_p12_rail,orfs_ssd_ctrl_cfg_run_01_p12,measured_droop/orfs_ssd_ctrl_cfg_run_01_p12_rail.csv,1.1,True,VALIDATED
1537,g_chan[1].u_cdc_chr.mem[15][27]$_DFFE_PP_,clk_nand,11.91,8.3,0.0005943058216839603,11.909405694178316,setup,measured_p12_rail,orfs_ssd_ctrl_cfg_run_01_p12,measured_droop/orfs_ssd_ctrl_cfg_run_01_p12_rail.csv,1.1,True,VALIDATED
1522,g_chan[1].u_cdc_chr.mem[9][27]$_DFFE_PP_,clk_nand,11.91,8.31,0.0005494007244247756,11.909450599275575,setup,measured_p12_rail,orfs_ssd_ctrl_cfg_run_01_p12,measured_droop/orfs_ssd_ctrl_cfg_run_01_p12_rail.csv,1.1,True,VALIDATED
1548,g_chan[1].u_cdc_chr.mem[4][27]$_DFFE_PP_,clk_nand,11.91,8.3,0.0005487395923855498,11.909451260407614,setup,measured_p12_rail,orfs_ssd_ctrl_cfg_run_01_p12,measured_droop/orfs_ssd_ctrl_cfg_run_01_p12_rail.csv,1.1,True,VALIDATED
1541,g_chan[1].u_cdc_chr.mem[10][27]$_DFFE_PP_,clk_nand,11.91,8.3,0.0005487395923855498,11.909451260407614,setup,measured_p12_rail,orfs_ssd_ctrl_cfg_run_01_p12,measured_droop/orfs_ssd_ctrl_cfg_run_01_p12_rail.csv,1.1,True,VALIDATED
1540,g_chan[1].u_cdc_chr.mem[8][27]$_DFFE_PP_,clk_nand,11.91,8.3,0.0005487395923855498,11.909451260407614,setup,measured_p12_rail,orfs_ssd_ctrl_cfg_run_01_p12,measured_droop/orfs_ssd_ctrl_cfg_run_01_p12_rail.csv,1.1,True,VALIDATED
1529,g_chan[1].u_cdc_chr.mem[0][27]$_DFFE_PP_,clk_nand,11.91,8.3,0.0005487395923855498,11.909451260407614,setup,measured_p12_rail,orfs_ssd_ctrl_cfg_run_01_p12,measured_droop/orfs_ssd_ctrl_cfg_run_01_p12_rail.csv,1.1,True,VALIDATED
1544,g_chan[1].u_cdc_chr.mem[7][27]$_DFFE_PP_,clk_nand,11.91,8.3,0.0005487395923855498,11.909451260407614,setup,measured_p12_rail,orfs_ssd_ctrl_cfg_run_01_p12,measured_droop/orfs_ssd_ctrl_cfg_run_01_p12_rail.csv,1.1,True,VALIDATED
1538,g_chan[1].u_cdc_chr.mem[5][27]$_DFFE_PP_,clk_nand,11.91,8.3,0.0005487395923855498,11.909451260407614,setup,measured_p12_rail,orfs_ssd_ctrl_cfg_run_01_p12,measured_droop/orfs_ssd_ctrl_cfg_run_01_p12_rail.csv,1.1,True,VALIDATED
1530,g_chan[1].u_cdc_chr.mem[12][27]$_DFFE_PP_,clk_nand,11.91,8.31,0.0005017963542506276,11.90949820364575,setup,measured_p12_rail,orfs_ssd_ctrl_cfg_run_01_p12,measured_droop/orfs_ssd_ctrl_cfg_run_01_p12_rail.csv,1.1,True,VALIDATED
1542,g_chan[1].u_cdc_chr.mem[14][27]$_DFFE_PP_,clk_nand,11.91,8.3,0.000501192507855408,11.909498807492145,setup,measured_p12_rail,orfs_ssd_ctrl_cfg_run_01_p12,measured_droop/orfs_ssd_ctrl_cfg_run_01_p12_rail.csv,1.1,True,VALIDATED
1531,g_chan[1].u_cdc_chr.mem[13][27]$_DFFE_PP_,clk_nand,11.91,8.3,0.000501192507855408,11.909498807492145,setup,measured_p12_rail,orfs_ssd_ctrl_cfg_run_01_p12,measured_droop/orfs_ssd_ctrl_cfg_run_01_p12_rail.csv,1.1,True,VALIDATED
1555,g_chan[1].u_cdc_chr.mem[6][27]$_DFFE_PP_,clk_nand,11.91,8.3,0.000501192507855408,11.909498807492145,setup,measured_p12_rail,orfs_ssd_ctrl_cfg_run_01_p12,measured_droop/orfs_ssd_ctrl_cfg_run_01_p12_rail.csv,1.1,True,VALIDATED
1509,g_chan[1].u_cdc_chr.mem[7][1]$_DFFE_PP_,clk_nand,11.91,8.32,0.00043783545725339934,11.909562164542747,setup,measured_p12_rail,orfs_ssd_ctrl_cfg_run_01_p12,measured_droop/orfs_ssd_ctrl_cfg_run_01_p12_rail.csv,1.1,True,VALIDATED
1513,g_chan[1].u_cdc_chr.mem[6][1]$_DFFE_PP_,clk_nand,11.91,8.32,0.00043783545725339934,11.909562164542747,setup,measured_p12_rail,orfs_ssd_ctrl_cfg_run_01_p12,measured_droop/orfs_ssd_ctrl_cfg_run_01_p12_rail.csv,1.1,True,VALIDATED
1515,g_chan[1].u_cdc_chr.mem[5][1]$_DFFE_PP_,clk_nand,11.91,8.32,0.00043783545725339934,11.909562164542747,setup,measured_p12_rail,orfs_ssd_ctrl_cfg_run_01_p12,measured_droop/orfs_ssd_ctrl_cfg_run_01_p12_rail.csv,1.1,True,VALIDATED
1507,g_chan[1].u_cdc_chr.mem[2][1]$_DFFE_PP_,clk_nand,11.91,8.32,0.00043783545725339934,11.909562164542747,setup,measured_p12_rail,orfs_ssd_ctrl_cfg_run_01_p12,measured_droop/orfs_ssd_ctrl_cfg_run_01_p12_rail.csv,1.1,True,VALIDATED
1502,g_chan[1].u_cdc_chr.mem[13][1]$_DFFE_PP_,clk_nand,11.91,8.32,0.00042741024542825024,11.909572589754571,setup,measured_p12_rail,orfs_ssd_ctrl_cfg_run_01_p12,measured_droop/orfs_ssd_ctrl_cfg_run_01_p12_rail.csv,1.1,True,VALIDATED
1510,g_chan[1].u_cdc_chr.mem[12][1]$_DFFE_PP_,clk_nand,11.91,8.32,0.00042741024542825024,11.909572589754571,setup,measured_p12_rail,orfs_ssd_ctrl_cfg_run_01_p12,measured_droop/orfs_ssd_ctrl_cfg_run_01_p12_rail.csv,1.1,True,VALIDATED
1512,g_chan[1].u_cdc_chr.mem[8][1]$_DFFE_PP_,clk_nand,11.91,8.32,0.00042741024542825024,11.909572589754571,setup,measured_p12_rail,orfs_ssd_ctrl_cfg_run_01_p12,measured_droop/orfs_ssd_ctrl_cfg_run_01_p12_rail.csv,1.1,True,VALIDATED
1514,g_chan[1].u_cdc_chr.mem[15][1]$_DFFE_PP_,clk_nand,11.91,8.32,0.00042741024542825024,11.909572589754571,setup,measured_p12_rail,orfs_ssd_ctrl_cfg_run_01_p12,measured_droop/orfs_ssd_ctrl_cfg_run_01_p12_rail.csv,1.1,True,VALIDATED
1516,g_chan[1].u_cdc_chr.mem[14][1]$_DFFE_PP_,clk_nand,11.91,8.32,0.00042741024542825024,11.909572589754571,setup,measured_p12_rail,orfs_ssd_ctrl_cfg_run_01_p12,measured_droop/orfs_ssd_ctrl_cfg_run_01_p12_rail.csv,1.1,True,VALIDATED
1506,g_chan[1].u_cdc_chr.mem[13][26]$_DFFE_PP_,clk_nand,11.91,8.31,0.0004257388817804353,11.90957426111822,setup,measured_p12_rail,orfs_ssd_ctrl_cfg_run_01_p12,measured_droop/orfs_ssd_ctrl_cfg_run_01_p12_rail.csv,1.1,True,VALIDATED
1519,g_chan[1].u_cdc_chr.mem[4][12]$_DFFE_PP_,clk_nand,11.91,8.3,0.0003327779378008433,11.909667222062199,setup,measured_p12_rail,orfs_ssd_ctrl_cfg_run_01_p12,measured_droop/orfs_ssd_ctrl_cfg_run_01_p12_rail.csv,1.1,True,VALIDATED
1591,g_chan[1].u_cdc_chr.mem[14][4]$_DFFE_PP_,clk_nand,11.92,8.3,0.0006966897122198112,11.91930331028778,setup,measured_p12_rail,orfs_ssd_ctrl_cfg_run_01_p12,measured_droop/orfs_ssd_ctrl_cfg_run_01_p12_rail.csv,1.1,True,VALIDATED
1585,g_chan[1].u_cdc_chr.mem[15][4]$_DFFE_PP_,clk_nand,11.92,8.3,0.0006966897122198112,11.91930331028778,setup,measured_p12_rail,orfs_ssd_ctrl_cfg_run_01_p12,measured_droop/orfs_ssd_ctrl_cfg_run_01_p12_rail.csv,1.1,True,VALIDATED
1589,g_chan[1].u_cdc_chr.mem[13][4]$_DFFE_PP_,clk_nand,11.92,8.3,0.0006966897122198112,11.91930331028778,setup,measured_p12_rail,orfs_ssd_ctrl_cfg_run_01_p12,measured_droop/orfs_ssd_ctrl_cfg_run_01_p12_rail.csv,1.1,True,VALIDATED
1597,g_chan[1].u_cdc_chr.mem[8][17]$_DFFE_PP_,clk_nand,11.92,8.3,0.0006544045326316583,11.919345595467368,setup,measured_p12_rail,orfs_ssd_ctrl_cfg_run_01_p12,measured_droop/orfs_ssd_ctrl_cfg_run_01_p12_rail.csv,1.1,True,VALIDATED
1598,g_chan[1].u_cdc_chr.mem[15][17]$_DFFE_PP_,clk_nand,11.92,8.3,0.0006544045326316583,11.919345595467368,setup,measured_p12_rail,orfs_ssd_ctrl_cfg_run_01_p12,measured_droop/orfs_ssd_ctrl_cfg_run_01_p12_rail.csv,1.1,True,VALIDATED
1590,g_chan[1].u_cdc_chr.mem[12][4]$_DFFE_PP_,clk_nand,11.92,8.3,0.0006365765167376525,11.919363423483261,setup,measured_p12_rail,orfs_ssd_ctrl_cfg_run_01_p12,measured_droop/orfs_ssd_ctrl_cfg_run_01_p12_rail.csv,1.1,True,VALIDATED
1563,g_chan[1].u_cdc_chr.mem[10][4]$_DFFE_PP_,clk_nand,11.92,8.3,0.0006233609237314974,11.919376639076269,setup,measured_p12_rail,orfs_ssd_ctrl_cfg_run_01_p12,measured_droop/orfs_ssd_ctrl_cfg_run_01_p12_rail.csv,1.1,True,VALIDATED
1565,g_chan[1].u_cdc_chr.mem[0][4]$_DFFE_PP_,clk_nand,11.92,8.3,0.0006233609237314974,11.919376639076269,setup,measured_p12_rail,orfs_ssd_ctrl_cfg_run_01_p12,measured_droop/orfs_ssd_ctrl_cfg_run_01_p12_rail.csv,1.1,True,VALIDATED
1569,g_chan[1].u_cdc_chr.mem[1][4]$_DFFE_PP_,clk_nand,11.92,8.3,0.0006233609237314974,11.919376639076269,setup,measured_p12_rail,orfs_ssd_ctrl_cfg_run_01_p12,measured_droop/orfs_ssd_ctrl_cfg_run_01_p12_rail.csv,1.1,True,VALIDATED
1600,g_chan[1].u_cdc_chr.mem[8][22]$_DFFE_PP_,clk_nand,11.92,8.29,0.0006008454684429676,11.919399154531558,setup,measured_p12_rail,orfs_ssd_ctrl_cfg_run_01_p12,measured_droop/orfs_ssd_ctrl_cfg_run_01_p12_rail.csv,1.1,True,VALIDATED
1571,g_chan[1].u_cdc_chr.mem[10][17]$_DFFE_PP_,clk_nand,11.92,8.3,0.0004998503460249548,11.919500149653976,setup,measured_p12_rail,orfs_ssd_ctrl_cfg_run_01_p12,measured_droop/orfs_ssd_ctrl_cfg_run_01_p12_rail.csv,1.1,True,VALIDATED
1564,g_chan[1].u_cdc_chr.mem[9][17]$_DFFE_PP_,clk_nand,11.92,8.3,0.0004899440023296009,11.91951005599767,setup,measured_p12_rail,orfs_ssd_ctrl_cfg_run_01_p12,measured_droop/orfs_ssd_ctrl_cfg_run_01_p12_rail.csv,1.1,True,VALIDATED
1561,g_chan[1].u_cdc_chr.mem[0][17]$_DFFE_PP_,clk_nand,11.92,8.3,0.0004575857639153025,11.919542414236085,setup,measured_p12_rail,orfs_ssd_ctrl_cfg_run_01_p12,measured_droop/orfs_ssd_ctrl_cfg_run_01_p12_rail.csv,1.1,True,VALIDATED
1580,g_chan[1].u_cdc_chr.mem[3][17]$_DFFE_PP_,clk_nand,11.92,8.3,0.00044966207047647533,11.919550337929524,setup,measured_p12_rail,orfs_ssd_ctrl_cfg_run_01_p12,measured_droop/orfs_ssd_ctrl_cfg_run_01_p12_rail.csv,1.1,True,VALIDATED
1584,g_chan[1].u_cdc_chr.mem[11][17]$_DFFE_PP_,clk_nand,11.92,8.3,0.00044966207047647533,11.919550337929524,setup,measured_p12_rail,orfs_ssd_ctrl_cfg_run_01_p12,measured_droop/orfs_ssd_ctrl_cfg_run_01_p12_rail.csv,1.1,True,VALIDATED
1592,g_chan[1].u_cdc_chr.mem[12][17]$_DFFE_PP_,clk_nand,11.92,8.3,0.0004397557267811214,11.91956024427322,setup,measured_p12_rail,orfs_ssd_ctrl_cfg_run_01_p12,measured_droop/orfs_ssd_ctrl_cfg_run_01_p12_rail.csv,1.1,True,VALIDATED
1594,g_chan[1].u_cdc_chr.mem[7][17]$_DFFE_PP_,clk_nand,11.92,8.3,0.0004397557267811214,11.91956024427322,setup,measured_p12_rail,orfs_ssd_ctrl_cfg_run_01_p12,measured_droop/orfs_ssd_ctrl_cfg_run_01_p12_rail.csv,1.1,True,VALIDATED
1578,g_chan[1].u_cdc_chr.mem[5][17]$_DFFE_PP_,clk_nand,11.92,8.3,0.0004397557267811214,11.91956024427322,setup,measured_p12_rail,orfs_ssd_ctrl_cfg_run_01_p12,measured_droop/orfs_ssd_ctrl_cfg_run_01_p12_rail.csv,1.1,True,VALIDATED
1576,g_chan[1].u_cdc_chr.mem[2][17]$_DFFE_PP_,clk_nand,11.92,8.3,0.0004397557267811214,11.91956024427322,setup,measured_p12_rail,orfs_ssd_ctrl_cfg_run_01_p12,measured_droop/orfs_ssd_ctrl_cfg_run_01_p12_rail.csv,1.1,True,VALIDATED
1587,g_chan[1].u_cdc_chr.mem[13][17]$_DFFE_PP_,clk_nand,11.92,8.3,0.0004397557267811214,11.91956024427322,setup,measured_p12_rail,orfs_ssd_ctrl_cfg_run_01_p12,measured_droop/orfs_ssd_ctrl_cfg_run_01_p12_rail.csv,1.1,True,VALIDATED
1586,g_chan[1].u_cdc_chr.mem[14][17]$_DFFE_PP_,clk_nand,11.92,8.3,0.0004397557267811214,11.91956024427322,setup,measured_p12_rail,orfs_ssd_ctrl_cfg_run_01_p12,measured_droop/orfs_ssd_ctrl_cfg_run_01_p12_rail.csv,1.1,True,VALIDATED
1593,g_chan[1].u_cdc_chr.mem[6][17]$_DFFE_PP_,clk_nand,11.92,8.3,0.0004397557267811214,11.91956024427322,setup,measured_p12_rail,orfs_ssd_ctrl_cfg_run_01_p12,measured_droop/orfs_ssd_ctrl_cfg_run_01_p12_rail.csv,1.1,True,VALIDATED
1562,g_chan[1].u_cdc_chr.mem[1][17]$_DFFE_PP_,clk_nand,11.92,8.3,0.0004239056498452909,11.919576094350155,setup,measured_p12_rail,orfs_ssd_ctrl_cfg_run_01_p12,measured_droop/orfs_ssd_ctrl_cfg_run_01_p12_rail.csv,1.1,True,VALIDATED
1581,g_chan[1].u_cdc_chr.mem[4][17]$_DFFE_PP_,clk_nand,11.92,8.3,0.00041598195640646374,11.919584018043594,setup,measured_p12_rail,orfs_ssd_ctrl_cfg_run_01_p12,measured_droop/orfs_ssd_ctrl_cfg_run_01_p12_rail.csv,1.1,True,VALIDATED
1566,g_chan[1].u_cdc_chr.mem[13][12]$_DFFE_PP_,clk_nand,11.92,8.31,0.0003636731522163039,11.919636326847783,setup,measured_p12_rail,orfs_ssd_ctrl_cfg_run_01_p12,measured_droop/orfs_ssd_ctrl_cfg_run_01_p12_rail.csv,1.1,True,VALIDATED
1583,g_chan[1].u_cdc_chr.mem[12][12]$_DFFE_PP_,clk_nand,11.92,8.3,0.00036323551906125573,11.919636764480938,setup,measured_p12_rail,orfs_ssd_ctrl_cfg_run_01_p12,measured_droop/orfs_ssd_ctrl_cfg_run_01_p12_rail.csv,1.1,True,VALIDATED
1574,g_chan[1].u_cdc_chr.mem[15][12]$_DFFE_PP_,clk_nand,11.92,8.3,0.00036323551906125573,11.919636764480938,setup,measured_p12_rail,orfs_ssd_ctrl_cfg_run_01_p12,measured_droop/orfs_ssd_ctrl_cfg_run_01_p12_rail.csv,1.1,True,VALIDATED
1577,g_chan[1].u_cdc_chr.mem[14][12]$_DFFE_PP_,clk_nand,11.92,8.3,0.00036323551906125573,11.919636764480938,setup,measured_p12_rail,orfs_ssd_ctrl_cfg_run_01_p12,measured_droop/orfs_ssd_ctrl_cfg_run_01_p12_rail.csv,1.1,True,VALIDATED
1582,g_chan[1].u_cdc_chr.mem[5][12]$_DFFE_PP_,clk_nand,11.92,8.3,0.0003454069450237185,11.919654593054975,setup,measured_p12_rail,orfs_ssd_ctrl_cfg_run_01_p12,measured_droop/orfs_ssd_ctrl_cfg_run_01_p12_rail.csv,1.1,True,VALIDATED
1599,g_chan[1].u_cdc_chr.mem[0][28]$_DFFE_PP_,clk_nand,11.92,8.28,0.00034185689412413733,11.919658143105876,setup,measured_p12_rail,orfs_ssd_ctrl_cfg_run_01_p12,measured_droop/orfs_ssd_ctrl_cfg_run_01_p12_rail.csv,1.1,True,VALIDATED
1596,g_chan[1].u_cdc_chr.mem[1][28]$_DFFE_PP_,clk_nand,11.92,8.28,0.00034185689412413733,11.919658143105876,setup,measured_p12_rail,orfs_ssd_ctrl_cfg_run_01_p12,measured_droop/orfs_ssd_ctrl_cfg_run_01_p12_rail.csv,1.1,True,VALIDATED
1595,g_chan[1].u_cdc_chr.mem[11][28]$_DFFE_PP_,clk_nand,11.92,8.28,0.00033790452606141663,11.919662095473939,setup,measured_p12_rail,orfs_ssd_ctrl_cfg_run_01_p12,measured_droop/orfs_ssd_ctrl_cfg_run_01_p12_rail.csv,1.1,True,VALIDATED
1588,g_chan[1].u_cdc_chr.mem[6][12]$_DFFE_PP_,clk_nand,11.92,8.3,0.00033129257259423284,11.919668707427405,setup,measured_p12_rail,orfs_ssd_ctrl_cfg_run_01_p12,measured_droop/orfs_ssd_ctrl_cfg_run_01_p12_rail.csv,1.1,True,VALIDATED
1570,g_chan[1].u_cdc_chr.mem[10][12]$_DFFE_PP_,clk_nand,11.92,8.31,0.0003279730437220074,11.919672026956277,setup,measured_p12_rail,orfs_ssd_ctrl_cfg_run_01_p12,measured_droop/orfs_ssd_ctrl_cfg_run_01_p12_rail.csv,1.1,True,VALIDATED
1567,g_chan[1].u_cdc_chr.mem[0][12]$_DFFE_PP_,clk_nand,11.92,8.31,0.0003279730437220074,11.919672026956277,setup,measured_p12_rail,orfs_ssd_ctrl_cfg_run_01_p12,measured_droop/orfs_ssd_ctrl_cfg_run_01_p12_rail.csv,1.1,True,VALIDATED
1579,g_chan[1].u_cdc_chr.mem[7][12]$_DFFE_PP_,clk_nand,11.92,8.31,0.0003279730437220074,11.919672026956277,setup,measured_p12_rail,orfs_ssd_ctrl_cfg_run_01_p12,measured_droop/orfs_ssd_ctrl_cfg_run_01_p12_rail.csv,1.1,True,VALIDATED
1572,g_chan[1].u_cdc_chr.mem[2][12]$_DFFE_PP_,clk_nand,11.92,8.3,0.00032757837098618126,11.919672421629013,setup,measured_p12_rail,orfs_ssd_ctrl_cfg_run_01_p12,measured_droop/orfs_ssd_ctrl_cfg_run_01_p12_rail.csv,1.1,True,VALIDATED
1575,g_chan[1].u_cdc_chr.mem[9][12]$_DFFE_PP_,clk_nand,11.92,8.3,0.00032757837098618126,11.919672421629013,setup,measured_p12_rail,orfs_ssd_ctrl_cfg_run_01_p12,measured_droop/orfs_ssd_ctrl_cfg_run_01_p12_rail.csv,1.1,True,VALIDATED
1573,g_chan[1].u_cdc_chr.mem[3][12]$_DFFE_PP_,clk_nand,11.92,8.3,0.00032757837098618126,11.919672421629013,setup,measured_p12_rail,orfs_ssd_ctrl_cfg_run_01_p12,measured_droop/orfs_ssd_ctrl_cfg_run_01_p12_rail.csv,1.1,True,VALIDATED
1568,g_chan[1].u_cdc_chr.mem[1][12]$_DFFE_PP_,clk_nand,11.92,8.3,0.00032757837098618126,11.919672421629013,setup,measured_p12_rail,orfs_ssd_ctrl_cfg_run_01_p12,measured_droop/orfs_ssd_ctrl_cfg_run_01_p12_rail.csv,1.1,True,VALIDATED
