path_id,endpoint,slack_ns,delay_ns,droop_penalty_ns,effective_slack_ns,clock_domain,provenance
400,_44521_,2.1,3.0,0.025455709138187538,2.0745442908618124,clk_core,VALIDATED
401,g_clkgate.u_cg_core.en_latched$_DLATCH_N_,2.15,0.74,0.006292909030013734,2.1437070909699862,clk_core,VALIDATED
402,c_cmd_addr[30]$_DFFE_PN0N_,3.76,1.6,0.012408965236942168,3.7475910347630577,clk_core,VALIDATED
403,c_cmd_len[9]$_DFFE_PN0N_,3.77,1.6,0.012285231589518594,3.7577147684104815,clk_core,VALIDATED
404,c_cmd_addr[27]$_DFFE_PN0N_,3.78,1.59,0.012321577110838797,3.767678422889161,clk_core,VALIDATED
405,c_cmd_addr[28]$_DFFE_PN0N_,3.78,1.59,0.01228830517595858,3.7677116948240412,clk_core,VALIDATED
406,c_cmd_addr[29]$_DFFE_PN0N_,3.8,1.57,0.012014351246275867,3.787985648753724,clk_core,VALIDATED
407,c_cmd_len[7]$_DFFE_PN0N_,3.8,1.57,0.011967307650370324,3.7880326923496295,clk_core,VALIDATED
408,c_cmd_len[11]$_DFFE_PN0N_,3.81,1.56,0.011887262222559494,3.7981127377774406,clk_core,VALIDATED
411,u_dma_fabric.rbeat_data[12]$_DFFE_PN0P_,3.84,1.5,0.026227450041344483,3.8137725499586552,clk_core,VALIDATED
428,u_dma_fabric.rbeat_data[13]$_DFFE_PN0P_,3.85,1.49,0.02612887260799393,3.8238711273920063,clk_core,VALIDATED
416,u_dma_fabric.rbeat_data[10]$_DFFE_PN0P_,3.85,1.5,0.02574212630311419,3.8242578736968857,clk_core,VALIDATED
417,u_dma_fabric.rbeat_data[17]$_DFFE_PN0P_,3.85,1.49,0.025608310714727286,3.8243916892852727,clk_core,VALIDATED
443,u_dma_fabric.rbeat_data[30]$_DFFE_PN0P_,3.85,1.49,0.025262543811817098,3.824737456188183,clk_core,VALIDATED
409,c_cmd_len[16]$_DFFE_PN0N_,3.84,1.53,0.011593774676565277,3.8284062253234348,clk_core,VALIDATED
410,c_cmd_len[23]$_DFFE_PN0N_,3.84,1.53,0.011556030576049384,3.8284439694239505,clk_core,VALIDATED
413,c_cmd_len[18]$_DFFE_PN0N_,3.84,1.52,0.011458781818787997,3.8285412181812117,clk_core,VALIDATED
412,c_cmd_addr[21]$_DFFE_PN0N_,3.84,1.52,0.01135091380143105,3.8286490861985687,clk_core,VALIDATED
497,u_dma_fabric.rbeat_data[18]$_DFFE_PN0P_,3.86,1.48,0.0258804615492932,3.8341195384507065,clk_core,VALIDATED
429,g_chan[0].u_cdc_chw.mem[13][31]$_DFFE_PP_,3.85,1.51,0.01540904642791767,3.8345909535720826,clk_core,VALIDATED
425,g_chan[0].u_cdc_chw.mem[7][31]$_DFFE_PP_,3.85,1.51,0.01540904642791767,3.8345909535720826,clk_core,VALIDATED
424,g_chan[0].u_cdc_chw.mem[4][31]$_DFFE_PP_,3.85,1.51,0.01540904642791767,3.8345909535720826,clk_core,VALIDATED
423,g_chan[0].u_cdc_chw.mem[10][31]$_DFFE_PP_,3.85,1.51,0.01540904642791767,3.8345909535720826,clk_core,VALIDATED
422,g_chan[0].u_cdc_chw.mem[8][31]$_DFFE_PP_,3.85,1.51,0.01540904642791767,3.8345909535720826,clk_core,VALIDATED
426,g_chan[0].u_cdc_chw.mem[5][31]$_DFFE_PP_,3.85,1.51,0.01540904642791767,3.8345909535720826,clk_core,VALIDATED
434,g_chan[0].u_cdc_chw.mem[14][31]$_DFFE_PP_,3.85,1.51,0.01540904642791767,3.8345909535720826,clk_core,VALIDATED
432,g_chan[0].u_cdc_chw.mem[2][31]$_DFFE_PP_,3.85,1.51,0.01540904642791767,3.8345909535720826,clk_core,VALIDATED
421,g_chan[0].u_cdc_chw.mem[11][31]$_DFFE_PP_,3.85,1.51,0.01540904642791767,3.8345909535720826,clk_core,VALIDATED
435,g_chan[0].u_cdc_chw.mem[12][31]$_DFFE_PP_,3.85,1.51,0.01540904642791767,3.8345909535720826,clk_core,VALIDATED
433,g_chan[0].u_cdc_chw.mem[3][31]$_DFFE_PP_,3.85,1.51,0.01540904642791767,3.8345909535720826,clk_core,VALIDATED
427,g_chan[0].u_cdc_chw.mem[9][31]$_DFFE_PP_,3.85,1.51,0.01540904642791767,3.8345909535720826,clk_core,VALIDATED
430,g_chan[0].u_cdc_chw.mem[6][31]$_DFFE_PP_,3.85,1.51,0.01540904642791767,3.8345909535720826,clk_core,VALIDATED
431,g_chan[0].u_cdc_chw.mem[15][31]$_DFFE_PP_,3.85,1.51,0.01535316425886643,3.834646835741134,clk_core,VALIDATED
418,g_chan[0].u_cdc_chw.mem[0][31]$_DFFE_PP_,3.85,1.51,0.015318548605504162,3.834681451394496,clk_core,VALIDATED
451,u_dma_fabric.rbeat_data[19]$_DFFE_PN0P_,3.86,1.49,0.02526530996703749,3.8347346900329624,clk_core,VALIDATED
420,g_chan[0].u_cdc_chw.mem[1][31]$_DFFE_PP_,3.85,1.51,0.015259503148568956,3.834740496851431,clk_core,VALIDATED
442,g_chan[0].u_cdc_chw.mem[13][14]$_DFFE_PP_,3.85,1.5,0.01509998073339841,3.834900019266602,clk_core,VALIDATED
445,g_chan[0].u_cdc_chw.mem[9][14]$_DFFE_PP_,3.85,1.5,0.01509998073339841,3.834900019266602,clk_core,VALIDATED
440,g_chan[0].u_cdc_chw.mem[15][14]$_DFFE_PP_,3.85,1.5,0.015044468644936929,3.834955531355063,clk_core,VALIDATED
441,g_chan[0].u_cdc_chw.mem[14][14]$_DFFE_PP_,3.85,1.5,0.015044468644936929,3.834955531355063,clk_core,VALIDATED
446,g_chan[0].u_cdc_chw.mem[8][14]$_DFFE_PP_,3.85,1.5,0.015041326305979347,3.834958673694021,clk_core,VALIDATED
468,u_dma_fabric.rbeat_data[16]$_DFFE_PN0P_,3.86,1.48,0.025003577372567726,3.834996422627432,clk_core,VALIDATED
439,g_chan[0].u_cdc_chw.mem[4][14]$_DFFE_PP_,3.85,1.5,0.014982671878560283,3.83501732812144,clk_core,VALIDATED
438,g_chan[0].u_cdc_chw.mem[10][14]$_DFFE_PP_,3.85,1.5,0.0149457167877792,3.8350542832122207,clk_core,VALIDATED
437,g_chan[0].u_cdc_chw.mem[11][14]$_DFFE_PP_,3.85,1.5,0.0149457167877792,3.8350542832122207,clk_core,VALIDATED
448,g_chan[0].u_cdc_chw.mem[5][14]$_DFFE_PP_,3.85,1.5,0.014942574448821619,3.8350574255511787,clk_core,VALIDATED
449,g_chan[0].u_cdc_chw.mem[6][14]$_DFFE_PP_,3.85,1.5,0.014902477019082955,3.835097522980917,clk_core,VALIDATED
469,u_dma_fabric.rbeat_data[29]$_DFFE_PN0P_,3.86,1.48,0.024692571889023143,3.8353074281109767,clk_core,VALIDATED
444,g_chan[1].u_cdc_chw.mem[0][14]$_DFFE_PP_,3.85,1.49,0.013448746708943526,3.8365512532910566,clk_core,VALIDATED
419,c_cmd_len[4]$_DFFE_PN0N_,3.85,1.52,0.011578796943400374,3.8384212030566,clk_core,VALIDATED
447,c_cmd_addr[9]$_DFFE_PN0N_,3.85,1.51,0.011549880280125616,3.8384501197198744,clk_core,VALIDATED
450,c_cmd_opcode[6]$_DFFE_PN0N_,3.85,1.51,0.01152818492194252,3.8384718150780577,clk_core,VALIDATED
415,c_cmd_len[10]$_DFFE_PN0N_,3.85,1.52,0.011515621712108876,3.838484378287891,clk_core,VALIDATED
414,c_cmd_len[22]$_DFFE_PN0N_,3.85,1.52,0.011442375785678915,3.8385576242143213,clk_core,VALIDATED
436,c_cmd_addr[31]$_DFFE_PN0N_,3.85,1.51,0.011291116543348231,3.838708883456652,clk_core,VALIDATED
500,u_dma_fabric.rbeat_data[20]$_DFFE_PN0P_,3.87,1.47,0.025529634991625846,3.8444703650083745,clk_core,VALIDATED
462,g_chan[0].u_cdc_chw.mem[12][14]$_DFFE_PP_,3.86,1.5,0.015189879232484674,3.8448101207675154,clk_core,VALIDATED
479,g_chan[0].u_cdc_chw.mem[5][17]$_DFFE_PP_,3.86,1.49,0.015044237183245754,3.8449557628167543,clk_core,VALIDATED
494,g_chan[0].u_cdc_chw.mem[2][17]$_DFFE_PP_,3.86,1.49,0.015044237183245754,3.8449557628167543,clk_core,VALIDATED
496,g_chan[0].u_cdc_chw.mem[3][17]$_DFFE_PP_,3.86,1.49,0.015044237183245754,3.8449557628167543,clk_core,VALIDATED
492,g_chan[0].u_cdc_chw.mem[6][17]$_DFFE_PP_,3.86,1.49,0.015044237183245754,3.8449557628167543,clk_core,VALIDATED
483,g_chan[0].u_cdc_chw.mem[1][17]$_DFFE_PP_,3.86,1.49,0.015044237183245754,3.8449557628167543,clk_core,VALIDATED
485,g_chan[0].u_cdc_chw.mem[0][17]$_DFFE_PP_,3.86,1.49,0.015044237183245754,3.8449557628167543,clk_core,VALIDATED
488,g_chan[0].u_cdc_chw.mem[7][17]$_DFFE_PP_,3.86,1.49,0.015044237183245754,3.8449557628167543,clk_core,VALIDATED
478,g_chan[0].u_cdc_chw.mem[4][17]$_DFFE_PP_,3.86,1.49,0.015027504439562453,3.8449724955604374,clk_core,VALIDATED
495,g_chan[0].u_cdc_chw.mem[9][17]$_DFFE_PP_,3.86,1.49,0.015027504439562453,3.8449724955604374,clk_core,VALIDATED
490,g_chan[0].u_cdc_chw.mem[8][17]$_DFFE_PP_,3.86,1.49,0.015027504439562453,3.8449724955604374,clk_core,VALIDATED
453,g_chan[0].u_cdc_chw.mem[1][14]$_DFFE_PP_,3.86,1.5,0.014982671878560283,3.8450173281214397,clk_core,VALIDATED
458,g_chan[0].u_cdc_chw.mem[0][14]$_DFFE_PP_,3.86,1.5,0.014982671878560283,3.8450173281214397,clk_core,VALIDATED
452,g_chan[0].u_cdc_chw.mem[7][14]$_DFFE_PP_,3.86,1.5,0.014902477019082955,3.845097522980917,clk_core,VALIDATED
454,g_chan[0].u_cdc_chw.mem[2][14]$_DFFE_PP_,3.86,1.5,0.014902477019082955,3.845097522980917,clk_core,VALIDATED
456,g_chan[0].u_cdc_chw.mem[3][14]$_DFFE_PP_,3.86,1.5,0.014902477019082955,3.845097522980917,clk_core,VALIDATED
464,g_chan[0].u_cdc_chw.mem[11][17]$_DFFE_PP_,3.86,1.49,0.014881756253142558,3.845118243746857,clk_core,VALIDATED
471,g_chan[0].u_cdc_chw.mem[14][17]$_DFFE_PP_,3.86,1.49,0.014881756253142558,3.845118243746857,clk_core,VALIDATED
465,g_chan[0].u_cdc_chw.mem[10][17]$_DFFE_PP_,3.86,1.49,0.014881756253142558,3.845118243746857,clk_core,VALIDATED
466,g_chan[0].u_cdc_chw.mem[12][17]$_DFFE_PP_,3.86,1.49,0.014881756253142558,3.845118243746857,clk_core,VALIDATED
460,g_chan[0].u_cdc_chw.mem[15][17]$_DFFE_PP_,3.86,1.49,0.014881756253142558,3.845118243746857,clk_core,VALIDATED
463,g_chan[0].u_cdc_chw.mem[13][17]$_DFFE_PP_,3.86,1.49,0.014881756253142558,3.845118243746857,clk_core,VALIDATED
482,g_chan[1].u_cdc_chw.mem[3][31]$_DFFE_PP_,3.86,1.49,0.01388802452466767,3.846111975475332,clk_core,VALIDATED
486,g_chan[1].u_cdc_chw.mem[2][31]$_DFFE_PP_,3.86,1.49,0.01388802452466767,3.846111975475332,clk_core,VALIDATED
473,g_chan[1].u_cdc_chw.mem[1][31]$_DFFE_PP_,3.86,1.49,0.01388802452466767,3.846111975475332,clk_core,VALIDATED
476,g_chan[1].u_cdc_chw.mem[0][31]$_DFFE_PP_,3.86,1.49,0.01388802452466767,3.846111975475332,clk_core,VALIDATED
484,g_chan[1].u_cdc_chw.mem[6][31]$_DFFE_PP_,3.86,1.49,0.01384131323221946,3.8461586867677804,clk_core,VALIDATED
491,g_chan[1].u_cdc_chw.mem[5][31]$_DFFE_PP_,3.86,1.49,0.013830192424032245,3.8461698075759676,clk_core,VALIDATED
493,g_chan[1].u_cdc_chw.mem[4][31]$_DFFE_PP_,3.86,1.49,0.013830192424032245,3.8461698075759676,clk_core,VALIDATED
455,g_chan[1].u_cdc_chw.mem[7][31]$_DFFE_PP_,3.86,1.49,0.013775613978616777,3.846224386021383,clk_core,VALIDATED
459,g_chan[1].u_cdc_chw.mem[1][14]$_DFFE_PP_,3.86,1.49,0.013450118110493958,3.846549881889506,clk_core,VALIDATED
487,g_chan[1].u_cdc_chw.mem[4][14]$_DFFE_PP_,3.86,1.49,0.013360267476912019,3.8466397325230877,clk_core,VALIDATED
480,g_chan[1].u_cdc_chw.mem[6][14]$_DFFE_PP_,3.86,1.49,0.013360267476912019,3.8466397325230877,clk_core,VALIDATED
481,g_chan[1].u_cdc_chw.mem[3][14]$_DFFE_PP_,3.86,1.49,0.013360267476912019,3.8466397325230877,clk_core,VALIDATED
477,g_chan[1].u_cdc_chw.mem[5][14]$_DFFE_PP_,3.86,1.49,0.013360267476912019,3.8466397325230877,clk_core,VALIDATED
475,g_chan[1].u_cdc_chw.mem[2][14]$_DFFE_PP_,3.86,1.49,0.013360267476912019,3.8466397325230877,clk_core,VALIDATED
489,g_chan[1].u_cdc_chw.mem[7][14]$_DFFE_PP_,3.86,1.49,0.013360267476912019,3.8466397325230877,clk_core,VALIDATED
457,c_cmd_addr[11]$_DFFE_PN0N_,3.86,1.51,0.01162901735291863,3.848370982647081,clk_core,VALIDATED
474,c_cmd_addr[10]$_DFFE_PN0N_,3.86,1.51,0.011621485896702338,3.8483785141032976,clk_core,VALIDATED
472,c_cmd_addr[7]$_DFFE_PN0N_,3.86,1.51,0.011521357113976977,3.8484786428860227,clk_core,VALIDATED
461,c_cmd_addr[6]$_DFFE_PN0N_,3.86,1.51,0.011518245569375904,3.848481754430624,clk_core,VALIDATED
470,c_cmd_addr[2]$_DFFE_PN0N_,3.86,1.51,0.011491945134009168,3.8485080548659907,clk_core,VALIDATED
467,c_cmd_addr[8]$_DFFE_PN0N_,3.86,1.51,0.011491945134009168,3.8485080548659907,clk_core,VALIDATED
498,c_cmd_len[28]$_DFFE_PN0N_,3.86,1.51,0.01123388713844195,3.848766112861558,clk_core,VALIDATED
503,g_chan[1].u_cdc_chw.mem[2][17]$_DFFE_PP_,3.87,1.48,0.013964229030252656,3.8560357709697475,clk_core,VALIDATED
505,g_chan[1].u_cdc_chw.mem[3][17]$_DFFE_PP_,3.87,1.48,0.013943155495286338,3.856056844504714,clk_core,VALIDATED
502,g_chan[1].u_cdc_chw.mem[1][17]$_DFFE_PP_,3.87,1.48,0.01392208196032002,3.8560779180396803,clk_core,VALIDATED
504,g_chan[1].u_cdc_chw.mem[0][17]$_DFFE_PP_,3.87,1.48,0.01392208196032002,3.8560779180396803,clk_core,VALIDATED
499,c_cmd_len[5]$_DFFE_PN0N_,3.87,1.5,0.011449397900951688,3.8585506020990485,clk_core,VALIDATED
501,c_cmd_addr[26]$_DFFE_PN0N_,3.87,1.49,0.01137128563872325,3.8586287143612767,clk_core,VALIDATED
509,g_chan[1].u_cdc_chw.mem[4][17]$_DFFE_PP_,3.88,1.48,0.01392208196032002,3.86607791803968,clk_core,VALIDATED
511,g_chan[1].u_cdc_chw.mem[7][17]$_DFFE_PP_,3.88,1.48,0.01392208196032002,3.86607791803968,clk_core,VALIDATED
507,g_chan[1].u_cdc_chw.mem[5][17]$_DFFE_PP_,3.88,1.48,0.01392208196032002,3.86607791803968,clk_core,VALIDATED
512,g_chan[1].u_cdc_chw.mem[6][17]$_DFFE_PP_,3.88,1.48,0.01392208196032002,3.86607791803968,clk_core,VALIDATED
506,g_chan[1].u_cdc_chw.mem[11][17]$_DFFE_PP_,3.88,1.48,0.013765388798724174,3.8662346112012758,clk_core,VALIDATED
508,g_chan[1].u_cdc_chw.mem[10][17]$_DFFE_PP_,3.88,1.48,0.013707521790432955,3.866292478209567,clk_core,VALIDATED
513,g_chan[1].u_cdc_chw.mem[12][17]$_DFFE_PP_,3.88,1.48,0.013649654782141737,3.866350345217858,clk_core,VALIDATED
510,g_chan[1].u_cdc_chw.mem[13][17]$_DFFE_PP_,3.88,1.48,0.013649654782141737,3.866350345217858,clk_core,VALIDATED
515,g_chan[1].u_cdc_chw.mem[8][17]$_DFFE_PP_,3.88,1.47,0.013596319173170807,3.866403680826829,clk_core,VALIDATED
514,g_chan[1].u_cdc_chw.mem[9][17]$_DFFE_PP_,3.88,1.47,0.013596319173170807,3.866403680826829,clk_core,VALIDATED
516,c_cmd_len[26]$_DFFE_PN0N_,3.88,1.48,0.011043974222859576,3.8689560257771403,clk_core,VALIDATED
517,c_cmd_addr[20]$_DFFE_PN0N_,3.88,1.48,0.011002292542217226,3.868997707457783,clk_core,VALIDATED
518,c_cmd_addr[23]$_DFFE_PN0N_,3.89,1.48,0.01106420871562308,3.878935791284377,clk_core,VALIDATED
519,c_cmd_len[20]$_DFFE_PN0N_,3.89,1.47,0.011060823273490575,3.8789391767265093,clk_core,VALIDATED
521,c_cmd_len[21]$_DFFE_PN0N_,3.9,1.47,0.011067693806944334,3.8889323061930554,clk_core,VALIDATED
522,c_cmd_len[29]$_DFFE_PN0N_,3.9,1.46,0.011012815403544082,3.8889871845964556,clk_core,VALIDATED
520,c_cmd_len[14]$_DFFE_PN0N_,3.9,1.47,0.011010945181446241,3.8889890548185537,clk_core,VALIDATED
523,c_cmd_len[31]$_DFFE_PN0N_,3.9,1.47,0.01099387222275433,3.8890061277772454,clk_core,VALIDATED
524,c_cmd_len[27]$_DFFE_PN0N_,3.91,1.46,0.011049086424905319,3.898950913575095,clk_core,VALIDATED
526,c_cmd_len[2]$_DFFE_PN0N_,3.91,1.45,0.01103933278457471,3.8989606672154253,clk_core,VALIDATED
525,c_cmd_len[13]$_DFFE_PN0N_,3.91,1.46,0.01085504753979219,3.8991449524602078,clk_core,VALIDATED
528,c_cmd_len[8]$_DFFE_PN0N_,3.92,1.45,0.011000248449064123,3.908999751550936,clk_core,VALIDATED
527,c_cmd_len[30]$_DFFE_PN0N_,3.92,1.45,0.010839542437062727,3.9091604575629373,clk_core,VALIDATED
537,g_chan[0].u_cdc_chw.mem[2][25]$_DFFE_PP_,3.93,1.42,0.014162337990377721,3.9158376620096225,clk_core,VALIDATED
535,g_chan[0].u_cdc_chw.mem[7][25]$_DFFE_PP_,3.93,1.42,0.014162337990377721,3.9158376620096225,clk_core,VALIDATED
536,g_chan[0].u_cdc_chw.mem[1][25]$_DFFE_PP_,3.93,1.42,0.014162337990377721,3.9158376620096225,clk_core,VALIDATED
533,g_chan[0].u_cdc_chw.mem[5][25]$_DFFE_PP_,3.93,1.42,0.014162337990377721,3.9158376620096225,clk_core,VALIDATED
531,g_chan[0].u_cdc_chw.mem[4][25]$_DFFE_PP_,3.93,1.42,0.014162337990377721,3.9158376620096225,clk_core,VALIDATED
534,g_chan[0].u_cdc_chw.mem[3][25]$_DFFE_PP_,3.93,1.42,0.014162337990377721,3.9158376620096225,clk_core,VALIDATED
541,g_chan[0].u_cdc_chw.mem[0][25]$_DFFE_PP_,3.93,1.42,0.014162337990377721,3.9158376620096225,clk_core,VALIDATED
532,g_chan[0].u_cdc_chw.mem[10][25]$_DFFE_PP_,3.93,1.42,0.014111331233184352,3.915888668766816,clk_core,VALIDATED
538,g_chan[0].u_cdc_chw.mem[11][25]$_DFFE_PP_,3.93,1.42,0.014111331233184352,3.915888668766816,clk_core,VALIDATED
529,g_chan[0].u_cdc_chw.mem[9][25]$_DFFE_PP_,3.93,1.42,0.014111331233184352,3.915888668766816,clk_core,VALIDATED
530,g_chan[0].u_cdc_chw.mem[8][25]$_DFFE_PP_,3.93,1.42,0.014060324475990982,3.915939675524009,clk_core,VALIDATED
542,g_chan[0].u_cdc_chw.mem[14][25]$_DFFE_PP_,3.93,1.42,0.014060324475990982,3.915939675524009,clk_core,VALIDATED
544,g_chan[0].u_cdc_chw.mem[15][25]$_DFFE_PP_,3.93,1.41,0.01396130810644175,3.9160386918935584,clk_core,VALIDATED
539,g_chan[0].u_cdc_chw.mem[13][25]$_DFFE_PP_,3.93,1.41,0.01396130810644175,3.9160386918935584,clk_core,VALIDATED
540,g_chan[0].u_cdc_chw.mem[12][25]$_DFFE_PP_,3.93,1.41,0.01396130810644175,3.9160386918935584,clk_core,VALIDATED
543,c_cmd_addr[5]$_DFFE_PN0N_,3.93,1.43,0.011020378471319175,3.918979621528681,clk_core,VALIDATED
549,g_chan[0].u_cdc_chw.mem[6][25]$_DFFE_PP_,3.94,1.42,0.014206942151964483,3.9257930578480353,clk_core,VALIDATED
552,g_chan[0].u_cdc_chw.mem[14][24]$_DFFE_PP_,3.94,1.41,0.013801380112982403,3.9261986198870176,clk_core,VALIDATED
560,g_chan[0].u_cdc_chw.mem[15][24]$_DFFE_PP_,3.94,1.41,0.013653608857020064,3.92634639114298,clk_core,VALIDATED
554,g_chan[0].u_cdc_chw.mem[9][24]$_DFFE_PP_,3.94,1.41,0.013650857538571787,3.926349142461428,clk_core,VALIDATED
562,g_chan[0].u_cdc_chw.mem[13][24]$_DFFE_PP_,3.94,1.41,0.013650857538571787,3.926349142461428,clk_core,VALIDATED
559,g_chan[0].u_cdc_chw.mem[3][24]$_DFFE_PP_,3.94,1.41,0.013650857538571787,3.926349142461428,clk_core,VALIDATED
567,g_chan[0].u_cdc_chw.mem[12][24]$_DFFE_PP_,3.94,1.41,0.013650857538571787,3.926349142461428,clk_core,VALIDATED
555,g_chan[0].u_cdc_chw.mem[2][24]$_DFFE_PP_,3.94,1.41,0.013650857538571787,3.926349142461428,clk_core,VALIDATED
573,g_chan[0].u_cdc_chw.mem[11][24]$_DFFE_PP_,3.94,1.41,0.013650857538571787,3.926349142461428,clk_core,VALIDATED
571,g_chan[0].u_cdc_chw.mem[8][24]$_DFFE_PP_,3.94,1.41,0.013650857538571787,3.926349142461428,clk_core,VALIDATED
561,g_chan[0].u_cdc_chw.mem[10][24]$_DFFE_PP_,3.94,1.41,0.013574906488386287,3.9264250935116136,clk_core,VALIDATED
566,g_chan[0].u_cdc_chw.mem[6][24]$_DFFE_PP_,3.94,1.41,0.013498955438200788,3.926501044561799,clk_core,VALIDATED
557,g_chan[0].u_cdc_chw.mem[0][24]$_DFFE_PP_,3.94,1.41,0.013498955438200788,3.926501044561799,clk_core,VALIDATED
563,g_chan[0].u_cdc_chw.mem[1][24]$_DFFE_PP_,3.94,1.41,0.013498955438200788,3.926501044561799,clk_core,VALIDATED
565,g_chan[0].u_cdc_chw.mem[5][24]$_DFFE_PP_,3.94,1.41,0.013498955438200788,3.926501044561799,clk_core,VALIDATED
556,g_chan[0].u_cdc_chw.mem[7][24]$_DFFE_PP_,3.94,1.41,0.013498955438200788,3.926501044561799,clk_core,VALIDATED
568,g_chan[0].u_cdc_chw.mem[4][24]$_DFFE_PP_,3.94,1.41,0.013498955438200788,3.926501044561799,clk_core,VALIDATED
558,g_chan[0].u_cdc_chw.mem[6][23]$_DFFE_PP_,3.94,1.41,0.013245083878811029,3.926754916121189,clk_core,VALIDATED
564,g_chan[0].u_cdc_chw.mem[7][23]$_DFFE_PP_,3.94,1.41,0.013245083878811029,3.926754916121189,clk_core,VALIDATED
574,g_chan[0].u_cdc_chw.mem[4][23]$_DFFE_PP_,3.94,1.41,0.013245083878811029,3.926754916121189,clk_core,VALIDATED
569,g_chan[0].u_cdc_chw.mem[2][23]$_DFFE_PP_,3.94,1.41,0.013245083878811029,3.926754916121189,clk_core,VALIDATED
575,g_chan[0].u_cdc_chw.mem[5][23]$_DFFE_PP_,3.94,1.41,0.013245083878811029,3.926754916121189,clk_core,VALIDATED
572,g_chan[0].u_cdc_chw.mem[3][23]$_DFFE_PP_,3.94,1.41,0.013164242569209034,3.926835757430791,clk_core,VALIDATED
576,g_chan[0].u_cdc_chw.mem[1][23]$_DFFE_PP_,3.94,1.41,0.013098129623804772,3.926901870376195,clk_core,VALIDATED
578,g_chan[0].u_cdc_chw.mem[0][23]$_DFFE_PP_,3.94,1.41,0.013098129623804772,3.926901870376195,clk_core,VALIDATED
579,g_chan[0].u_cdc_chw.mem[8][23]$_DFFE_PP_,3.94,1.41,0.01303201667840051,3.9269679833215996,clk_core,VALIDATED
570,g_chan[0].u_cdc_chw.mem[9][23]$_DFFE_PP_,3.94,1.41,0.01303201667840051,3.9269679833215996,clk_core,VALIDATED
546,g_chan[1].u_cdc_chw.mem[10][31]$_DFFE_PP_,3.94,1.41,0.012763734256523523,3.9272362657434763,clk_core,VALIDATED
550,g_chan[1].u_cdc_chw.mem[13][31]$_DFFE_PP_,3.94,1.41,0.012763734256523523,3.9272362657434763,clk_core,VALIDATED
548,g_chan[1].u_cdc_chw.mem[12][31]$_DFFE_PP_,3.94,1.41,0.012763734256523523,3.9272362657434763,clk_core,VALIDATED
551,g_chan[1].u_cdc_chw.mem[14][31]$_DFFE_PP_,3.94,1.41,0.012763734256523523,3.9272362657434763,clk_core,VALIDATED
577,g_chan[1].u_cdc_chw.mem[8][31]$_DFFE_PP_,3.94,1.41,0.012763734256523523,3.9272362657434763,clk_core,VALIDATED
547,g_chan[1].u_cdc_chw.mem[15][31]$_DFFE_PP_,3.94,1.41,0.012763734256523523,3.9272362657434763,clk_core,VALIDATED
545,c_cmd_addr[3]$_DFFE_PN0N_,3.94,1.43,0.011034565610725272,3.9289654343892746,clk_core,VALIDATED
553,c_cmd_addr[4]$_DFFE_PN0N_,3.94,1.42,0.010946419387508191,3.9290535806124915,clk_core,VALIDATED
584,g_chan[0].u_cdc_chw.mem[10][23]$_DFFE_PP_,3.95,1.41,0.013112857988002505,3.9368871420119977,clk_core,VALIDATED
586,g_chan[0].u_cdc_chw.mem[14][23]$_DFFE_PP_,3.95,1.41,0.013112857988002505,3.9368871420119977,clk_core,VALIDATED
585,g_chan[0].u_cdc_chw.mem[15][23]$_DFFE_PP_,3.95,1.41,0.013112857988002505,3.9368871420119977,clk_core,VALIDATED
587,g_chan[0].u_cdc_chw.mem[13][23]$_DFFE_PP_,3.95,1.41,0.013112857988002505,3.9368871420119977,clk_core,VALIDATED
581,g_chan[0].u_cdc_chw.mem[12][23]$_DFFE_PP_,3.95,1.41,0.01303201667840051,3.9369679833216,clk_core,VALIDATED
580,g_chan[0].u_cdc_chw.mem[11][23]$_DFFE_PP_,3.95,1.41,0.01303201667840051,3.9369679833216,clk_core,VALIDATED
582,g_chan[1].u_cdc_chw.mem[11][31]$_DFFE_PP_,3.95,1.41,0.012763734256523523,3.9372362657434765,clk_core,VALIDATED
583,g_chan[1].u_cdc_chw.mem[9][31]$_DFFE_PP_,3.95,1.41,0.012763734256523523,3.9372362657434765,clk_core,VALIDATED
603,g_chan[1].u_cdc_chw.mem[11][14]$_DFFE_PP_,3.95,1.4,0.012661546141287228,3.937338453858713,clk_core,VALIDATED
595,g_chan[1].u_cdc_chw.mem[10][14]$_DFFE_PP_,3.95,1.4,0.012661546141287228,3.937338453858713,clk_core,VALIDATED
602,g_chan[1].u_cdc_chw.mem[8][14]$_DFFE_PP_,3.95,1.4,0.012646952721239127,3.9373530472787612,clk_core,VALIDATED
605,g_chan[1].u_cdc_chw.mem[14][25]$_DFFE_PP_,3.95,1.4,0.01258520879761102,3.9374147912023894,clk_core,VALIDATED
607,g_chan[1].u_cdc_chw.mem[12][25]$_DFFE_PP_,3.95,1.4,0.01258520879761102,3.9374147912023894,clk_core,VALIDATED
600,g_chan[1].u_cdc_chw.mem[15][25]$_DFFE_PP_,3.95,1.4,0.012575167535531756,3.9374248324644685,clk_core,VALIDATED
590,g_chan[1].u_cdc_chw.mem[15][14]$_DFFE_PP_,3.95,1.4,0.01256320386680053,3.9374367961331997,clk_core,VALIDATED
592,g_chan[1].u_cdc_chw.mem[9][14]$_DFFE_PP_,3.95,1.4,0.01256320386680053,3.9374367961331997,clk_core,VALIDATED
589,g_chan[1].u_cdc_chw.mem[14][14]$_DFFE_PP_,3.95,1.4,0.012559199269634419,3.9374408007303656,clk_core,VALIDATED
597,g_chan[1].u_cdc_chw.mem[13][14]$_DFFE_PP_,3.95,1.4,0.012555194672468309,3.937444805327532,clk_core,VALIDATED
599,g_chan[1].u_cdc_chw.mem[12][14]$_DFFE_PP_,3.95,1.4,0.012555194672468309,3.937444805327532,clk_core,VALIDATED
660,u_dma_fabric.rbeat_data[8]$_DFFE_PN0P_,3.96,1.38,0.02253749548304282,3.937462504516957,clk_core,VALIDATED
601,g_chan[1].u_cdc_chw.mem[1][25]$_DFFE_PP_,3.95,1.4,0.012501459943172422,3.937498540056828,clk_core,VALIDATED
598,g_chan[1].u_cdc_chw.mem[8][25]$_DFFE_PP_,3.95,1.4,0.012501459943172422,3.937498540056828,clk_core,VALIDATED
596,g_chan[1].u_cdc_chw.mem[13][25]$_DFFE_PP_,3.95,1.4,0.012501459943172422,3.937498540056828,clk_core,VALIDATED
588,g_chan[1].u_cdc_chw.mem[14][23]$_DFFE_PP_,3.95,1.4,0.012453430533226562,3.9375465694667735,clk_core,VALIDATED
591,g_chan[1].u_cdc_chw.mem[15][23]$_DFFE_PP_,3.95,1.4,0.012453430533226562,3.9375465694667735,clk_core,VALIDATED
606,g_chan[1].u_cdc_chw.mem[6][23]$_DFFE_PP_,3.95,1.39,0.01238634139687883,3.937613658603121,clk_core,VALIDATED
593,c_cmd_len[24]$_DFFE_PN0N_,3.95,1.42,0.010712270880567087,3.939287729119433,clk_core,VALIDATED
594,c_cmd_len[17]$_DFFE_PN0N_,3.95,1.42,0.010697891222876926,3.9393021087771234,clk_core,VALIDATED
604,c_cmd_len[19]$_DFFE_PN0N_,3.95,1.41,0.010628148444372529,3.9393718515556277,clk_core,VALIDATED
646,g_chan[0].u_cdc_chw.mem[12][16]$_DFFE_PP_,3.96,1.4,0.014836006852149072,3.945163993147851,clk_core,VALIDATED
647,g_chan[0].u_cdc_chw.mem[8][16]$_DFFE_PP_,3.96,1.4,0.014836006852149072,3.945163993147851,clk_core,VALIDATED
656,g_chan[0].u_cdc_chw.mem[13][16]$_DFFE_PP_,3.96,1.4,0.014836006852149072,3.945163993147851,clk_core,VALIDATED
654,g_chan[0].u_cdc_chw.mem[15][16]$_DFFE_PP_,3.96,1.4,0.014836006852149072,3.945163993147851,clk_core,VALIDATED
655,g_chan[0].u_cdc_chw.mem[14][16]$_DFFE_PP_,3.96,1.4,0.014765363011089702,3.94523463698891,clk_core,VALIDATED
651,g_chan[0].u_cdc_chw.mem[11][16]$_DFFE_PP_,3.96,1.4,0.014765363011089702,3.94523463698891,clk_core,VALIDATED
648,g_chan[0].u_cdc_chw.mem[9][16]$_DFFE_PP_,3.96,1.39,0.014730035374633743,3.9452699646253664,clk_core,VALIDATED
657,g_chan[0].u_cdc_chw.mem[10][16]$_DFFE_PP_,3.96,1.39,0.014730035374633743,3.9452699646253664,clk_core,VALIDATED
622,g_chan[0].u_cdc_chw.mem[9][12]$_DFFE_PP_,3.96,1.4,0.014719253782622344,3.9452807462173776,clk_core,VALIDATED
624,g_chan[0].u_cdc_chw.mem[14][12]$_DFFE_PP_,3.96,1.4,0.014719253782622344,3.9452807462173776,clk_core,VALIDATED
628,g_chan[0].u_cdc_chw.mem[13][12]$_DFFE_PP_,3.96,1.4,0.014719253782622344,3.9452807462173776,clk_core,VALIDATED
615,g_chan[0].u_cdc_chw.mem[10][12]$_DFFE_PP_,3.96,1.4,0.014719253782622344,3.9452807462173776,clk_core,VALIDATED
623,g_chan[0].u_cdc_chw.mem[8][12]$_DFFE_PP_,3.96,1.4,0.014719253782622344,3.9452807462173776,clk_core,VALIDATED
625,g_chan[0].u_cdc_chw.mem[15][12]$_DFFE_PP_,3.96,1.4,0.014719253782622344,3.9452807462173776,clk_core,VALIDATED
614,g_chan[0].u_cdc_chw.mem[11][12]$_DFFE_PP_,3.96,1.4,0.014719253782622344,3.9452807462173776,clk_core,VALIDATED
631,g_chan[0].u_cdc_chw.mem[5][12]$_DFFE_PP_,3.96,1.4,0.01463988774435182,3.9453601122556483,clk_core,VALIDATED
626,g_chan[0].u_cdc_chw.mem[4][12]$_DFFE_PP_,3.96,1.4,0.01463988774435182,3.9453601122556483,clk_core,VALIDATED
627,g_chan[0].u_cdc_chw.mem[12][12]$_DFFE_PP_,3.96,1.4,0.01463988774435182,3.9453601122556483,clk_core,VALIDATED
630,g_chan[0].u_cdc_chw.mem[6][12]$_DFFE_PP_,3.96,1.4,0.01463988774435182,3.9453601122556483,clk_core,VALIDATED
639,g_chan[0].u_cdc_chw.mem[3][12]$_DFFE_PP_,3.96,1.4,0.014632972378777379,3.9453670276212227,clk_core,VALIDATED
641,g_chan[0].u_cdc_chw.mem[1][12]$_DFFE_PP_,3.96,1.4,0.014560521706081297,3.9454394782939186,clk_core,VALIDATED
635,g_chan[0].u_cdc_chw.mem[0][12]$_DFFE_PP_,3.96,1.4,0.014560521706081297,3.9454394782939186,clk_core,VALIDATED
638,g_chan[0].u_cdc_chw.mem[2][12]$_DFFE_PP_,3.96,1.4,0.014560521706081297,3.9454394782939186,clk_core,VALIDATED
636,g_chan[0].u_cdc_chw.mem[7][12]$_DFFE_PP_,3.96,1.4,0.014560521706081297,3.9454394782939186,clk_core,VALIDATED
645,g_chan[0].u_cdc_chw.mem[6][16]$_DFFE_PP_,3.96,1.39,0.014444450120281227,3.945555549879719,clk_core,VALIDATED
644,g_chan[0].u_cdc_chw.mem[7][16]$_DFFE_PP_,3.96,1.39,0.014444450120281227,3.945555549879719,clk_core,VALIDATED
653,g_chan[0].u_cdc_chw.mem[2][16]$_DFFE_PP_,3.96,1.39,0.014387077400720566,3.9456129225992793,clk_core,VALIDATED
637,g_chan[0].u_cdc_chw.mem[4][16]$_DFFE_PP_,3.96,1.39,0.014387077400720566,3.9456129225992793,clk_core,VALIDATED
652,g_chan[0].u_cdc_chw.mem[1][16]$_DFFE_PP_,3.96,1.39,0.014387077400720566,3.9456129225992793,clk_core,VALIDATED
649,g_chan[0].u_cdc_chw.mem[3][16]$_DFFE_PP_,3.96,1.39,0.014387077400720566,3.9456129225992793,clk_core,VALIDATED
643,g_chan[0].u_cdc_chw.mem[5][16]$_DFFE_PP_,3.96,1.39,0.014387077400720566,3.9456129225992793,clk_core,VALIDATED
658,g_chan[0].u_cdc_chw.mem[0][16]$_DFFE_PP_,3.96,1.39,0.014387077400720566,3.9456129225992793,clk_core,VALIDATED
659,g_chan[0].u_cdc_chw.mem[12][19]$_DFFE_PP_,3.96,1.39,0.014138008672863148,3.9458619913271367,clk_core,VALIDATED
611,g_chan[1].u_cdc_chw.mem[2][12]$_DFFE_PP_,3.96,1.39,0.01403179683719745,3.9459682031628027,clk_core,VALIDATED
613,g_chan[1].u_cdc_chw.mem[5][12]$_DFFE_PP_,3.96,1.39,0.013999359865683125,3.946000640134317,clk_core,VALIDATED
610,g_chan[1].u_cdc_chw.mem[7][12]$_DFFE_PP_,3.96,1.39,0.013999359865683125,3.946000640134317,clk_core,VALIDATED
612,g_chan[1].u_cdc_chw.mem[3][12]$_DFFE_PP_,3.96,1.39,0.013999359865683125,3.946000640134317,clk_core,VALIDATED
609,g_chan[1].u_cdc_chw.mem[4][12]$_DFFE_PP_,3.96,1.39,0.013999359865683125,3.946000640134317,clk_core,VALIDATED
616,g_chan[1].u_cdc_chw.mem[1][12]$_DFFE_PP_,3.96,1.39,0.013999359865683125,3.946000640134317,clk_core,VALIDATED
608,g_chan[1].u_cdc_chw.mem[6][12]$_DFFE_PP_,3.96,1.39,0.013966922894168801,3.946033077105831,clk_core,VALIDATED
619,g_chan[1].u_cdc_chw.mem[0][12]$_DFFE_PP_,3.96,1.39,0.013966922894168801,3.946033077105831,clk_core,VALIDATED
617,g_chan[1].u_cdc_chw.mem[13][23]$_DFFE_PP_,3.96,1.4,0.01245415107624405,3.947545848923756,clk_core,VALIDATED
618,g_chan[1].u_cdc_chw.mem[8][23]$_DFFE_PP_,3.96,1.4,0.01245415107624405,3.947545848923756,clk_core,VALIDATED
620,g_chan[1].u_cdc_chw.mem[12][23]$_DFFE_PP_,3.96,1.4,0.01245415107624405,3.947545848923756,clk_core,VALIDATED
634,g_chan[1].u_cdc_chw.mem[9][23]$_DFFE_PP_,3.96,1.4,0.012444025616999713,3.9475559743830004,clk_core,VALIDATED
685,u_dma_fabric.rbeat_data[11]$_DFFE_PN0P_,3.97,1.37,0.02242786742691026,3.94757213257309,clk_core,VALIDATED
621,g_chan[1].u_cdc_chw.mem[5][23]$_DFFE_PP_,3.96,1.39,0.012385479861841867,3.947614520138158,clk_core,VALIDATED
632,g_chan[1].u_cdc_chw.mem[3][23]$_DFFE_PP_,3.96,1.39,0.012385479861841867,3.947614520138158,clk_core,VALIDATED
633,g_chan[1].u_cdc_chw.mem[2][23]$_DFFE_PP_,3.96,1.39,0.012385479861841867,3.947614520138158,clk_core,VALIDATED
629,g_chan[1].u_cdc_chw.mem[4][23]$_DFFE_PP_,3.96,1.39,0.012385479861841867,3.947614520138158,clk_core,VALIDATED
642,g_chan[1].u_cdc_chw.mem[11][23]$_DFFE_PP_,3.96,1.39,0.012355139719735453,3.9476448602802643,clk_core,VALIDATED
650,g_chan[1].u_cdc_chw.mem[7][23]$_DFFE_PP_,3.96,1.39,0.012355139719735453,3.9476448602802643,clk_core,VALIDATED
640,g_chan[1].u_cdc_chw.mem[10][23]$_DFFE_PP_,3.96,1.39,0.01234708438463239,3.9476529156153677,clk_core,VALIDATED
671,g_chan[0].u_cdc_chw.mem[6][19]$_DFFE_PP_,3.97,1.39,0.014304153086937499,3.9556958469130628,clk_core,VALIDATED
666,g_chan[0].u_cdc_chw.mem[3][19]$_DFFE_PP_,3.97,1.39,0.014261858187260917,3.955738141812739,clk_core,VALIDATED
661,g_chan[0].u_cdc_chw.mem[2][19]$_DFFE_PP_,3.97,1.39,0.014261858187260917,3.955738141812739,clk_core,VALIDATED
672,g_chan[0].u_cdc_chw.mem[7][19]$_DFFE_PP_,3.97,1.39,0.014261858187260917,3.955738141812739,clk_core,VALIDATED
664,g_chan[0].u_cdc_chw.mem[0][19]$_DFFE_PP_,3.97,1.39,0.014219563287584336,3.955780436712416,clk_core,VALIDATED
663,g_chan[0].u_cdc_chw.mem[1][19]$_DFFE_PP_,3.97,1.39,0.014219563287584336,3.955780436712416,clk_core,VALIDATED
667,g_chan[0].u_cdc_chw.mem[10][19]$_DFFE_PP_,3.97,1.39,0.014219563287584336,3.955780436712416,clk_core,VALIDATED
668,g_chan[0].u_cdc_chw.mem[4][19]$_DFFE_PP_,3.97,1.39,0.014219563287584336,3.955780436712416,clk_core,VALIDATED
677,g_chan[0].u_cdc_chw.mem[15][19]$_DFFE_PP_,3.97,1.39,0.014219563287584336,3.955780436712416,clk_core,VALIDATED
662,g_chan[0].u_cdc_chw.mem[11][19]$_DFFE_PP_,3.97,1.39,0.014219563287584336,3.955780436712416,clk_core,VALIDATED
669,g_chan[0].u_cdc_chw.mem[5][19]$_DFFE_PP_,3.97,1.39,0.014219563287584336,3.955780436712416,clk_core,VALIDATED
670,g_chan[0].u_cdc_chw.mem[9][19]$_DFFE_PP_,3.97,1.39,0.014219563287584336,3.955780436712416,clk_core,VALIDATED
665,g_chan[0].u_cdc_chw.mem[8][19]$_DFFE_PP_,3.97,1.39,0.014192378416010606,3.9558076215839897,clk_core,VALIDATED
676,g_chan[0].u_cdc_chw.mem[14][19]$_DFFE_PP_,3.97,1.39,0.014192378416010606,3.9558076215839897,clk_core,VALIDATED
678,g_chan[0].u_cdc_chw.mem[13][19]$_DFFE_PP_,3.97,1.39,0.014165193544436877,3.9558348064555635,clk_core,VALIDATED
679,g_chan[1].u_cdc_chw.mem[1][19]$_DFFE_PP_,3.97,1.38,0.012999000901436672,3.9570009990985637,clk_core,VALIDATED
680,g_chan[1].u_cdc_chw.mem[0][19]$_DFFE_PP_,3.97,1.38,0.012999000901436672,3.9570009990985637,clk_core,VALIDATED
682,g_chan[1].u_cdc_chw.mem[4][19]$_DFFE_PP_,3.97,1.37,0.012904805242730535,3.9570951947572697,clk_core,VALIDATED
681,g_chan[1].u_cdc_chw.mem[11][16]$_DFFE_PP_,3.97,1.37,0.01289372362512202,3.957106276374878,clk_core,VALIDATED
683,g_chan[1].u_cdc_chw.mem[11][19]$_DFFE_PP_,3.97,1.37,0.012805933571891012,3.957194066428109,clk_core,VALIDATED
684,g_chan[1].u_cdc_chw.mem[8][19]$_DFFE_PP_,3.97,1.37,0.012805933571891012,3.957194066428109,clk_core,VALIDATED
675,g_chan[1].u_cdc_chw.mem[15][17]$_DFFE_PP_,3.97,1.38,0.012704885773717811,3.9572951142262824,clk_core,VALIDATED
674,g_chan[1].u_cdc_chw.mem[14][17]$_DFFE_PP_,3.97,1.38,0.012704885773717811,3.9572951142262824,clk_core,VALIDATED
673,c_cmd_len[15]$_DFFE_PN0N_,3.97,1.4,0.0105285738712588,3.9594714261287414,clk_core,VALIDATED
688,g_chan[1].u_cdc_chw.mem[2][16]$_DFFE_PP_,3.98,1.38,0.013319968445731398,3.9666800315542687,clk_core,VALIDATED
687,g_chan[1].u_cdc_chw.mem[3][16]$_DFFE_PP_,3.98,1.38,0.013278485856631009,3.966721514143369,clk_core,VALIDATED
691,g_chan[1].u_cdc_chw.mem[0][16]$_DFFE_PP_,3.98,1.38,0.013278485856631009,3.966721514143369,clk_core,VALIDATED
702,g_chan[1].u_cdc_chw.mem[7][16]$_DFFE_PP_,3.98,1.38,0.013260070194259982,3.96673992980574,clk_core,VALIDATED
695,g_chan[1].u_cdc_chw.mem[1][16]$_DFFE_PP_,3.98,1.38,0.013260070194259982,3.96673992980574,clk_core,VALIDATED
700,g_chan[1].u_cdc_chw.mem[6][16]$_DFFE_PP_,3.98,1.38,0.013260070194259982,3.96673992980574,clk_core,VALIDATED
701,g_chan[1].u_cdc_chw.mem[7][19]$_DFFE_PP_,3.98,1.38,0.013190055000091752,3.966809944999908,clk_core,VALIDATED
698,g_chan[1].u_cdc_chw.mem[6][19]$_DFFE_PP_,3.98,1.38,0.013190055000091752,3.966809944999908,clk_core,VALIDATED
696,g_chan[1].u_cdc_chw.mem[3][19]$_DFFE_PP_,3.98,1.38,0.013171639337720725,3.966828360662279,clk_core,VALIDATED
693,g_chan[1].u_cdc_chw.mem[2][19]$_DFFE_PP_,3.98,1.38,0.013108896670170983,3.966891103329829,clk_core,VALIDATED
686,g_chan[1].u_cdc_chw.mem[4][16]$_DFFE_PP_,3.98,1.38,0.013087431757975929,3.966912568242024,clk_core,VALIDATED
689,g_chan[1].u_cdc_chw.mem[5][16]$_DFFE_PP_,3.98,1.38,0.013087431757975929,3.966912568242024,clk_core,VALIDATED
694,g_chan[1].u_cdc_chw.mem[8][16]$_DFFE_PP_,3.98,1.38,0.013037635077042156,3.9669623649229577,clk_core,VALIDATED
690,g_chan[1].u_cdc_chw.mem[9][16]$_DFFE_PP_,3.98,1.38,0.013037635077042156,3.9669623649229577,clk_core,VALIDATED
692,g_chan[1].u_cdc_chw.mem[5][19]$_DFFE_PP_,3.98,1.38,0.012999000901436672,3.9670009990985635,clk_core,VALIDATED
699,g_chan[1].u_cdc_chw.mem[9][19]$_DFFE_PP_,3.98,1.37,0.012817109647409314,3.9671828903525905,clk_core,VALIDATED
705,u_dma_fabric.rbeat_data[25]$_DFFE_PN0P_,3.99,1.35,0.02245716276438703,3.967542837235613,clk_core,VALIDATED
697,c_cmd_opcode[5]$_DFFE_PN0N_,3.98,1.39,0.010668305984015233,3.9693316940159846,clk_core,VALIDATED
703,c_cmd_addr[14]$_DFFE_PN0N_,3.98,1.38,0.010256148406064966,3.969743851593935,clk_core,VALIDATED
709,u_dma_fabric.rbeat_data[9]$_DFFE_PN0P_,4.0,1.34,0.023603478342439616,3.9763965216575605,clk_core,VALIDATED
707,u_dma_fabric.rbeat_data[31]$_DFFE_PN0P_,4.0,1.35,0.023131461725072147,3.976868538274928,clk_core,VALIDATED
704,c_cmd_addr[19]$_DFFE_PN0N_,3.99,1.38,0.010311713453387203,3.979688286546613,clk_core,VALIDATED
710,u_dma_fabric.rbeat_data[22]$_DFFE_PN0P_,4.01,1.34,0.023211118797623054,3.9867888812023766,clk_core,VALIDATED
711,u_dma_fabric.rbeat_data[15]$_DFFE_PN0P_,4.01,1.33,0.02305445298250766,3.986945547017492,clk_core,VALIDATED
714,u_dma_fabric.rbeat_data[24]$_DFFE_PN0P_,4.01,1.33,0.02215152565618704,3.9878484743438127,clk_core,VALIDATED
712,u_dma_fabric.rbeat_data[6]$_DFFE_PN0P_,4.01,1.33,0.022027982688226852,3.987972017311773,clk_core,VALIDATED
708,c_cmd_len[25]$_DFFE_PN0N_,4.0,1.37,0.01030208333730083,3.989697916662699,clk_core,VALIDATED
706,c_cmd_len[12]$_DFFE_PN0N_,4.0,1.37,0.01028811484237692,3.989711885157623,clk_core,VALIDATED
713,c_cmd_len[6]$_DFFE_PN0N_,4.01,1.35,0.010267011352250971,3.999732988647749,clk_core,VALIDATED
734,g_chan[0].u_cdc_chw.mem[12][22]$_DFFE_PP_,4.02,1.32,0.01326470662062211,4.006735293379378,clk_core,VALIDATED
732,g_chan[0].u_cdc_chw.mem[13][22]$_DFFE_PP_,4.02,1.32,0.01326470662062211,4.006735293379378,clk_core,VALIDATED
736,g_chan[0].u_cdc_chw.mem[8][22]$_DFFE_PP_,4.02,1.32,0.013251496712324354,4.0067485032876755,clk_core,VALIDATED
733,g_chan[0].u_cdc_chw.mem[0][22]$_DFFE_PP_,4.02,1.32,0.013251496712324354,4.0067485032876755,clk_core,VALIDATED
735,g_chan[0].u_cdc_chw.mem[9][22]$_DFFE_PP_,4.02,1.32,0.013251496712324354,4.0067485032876755,clk_core,VALIDATED
738,g_chan[0].u_cdc_chw.mem[3][22]$_DFFE_PP_,4.02,1.32,0.013251496712324354,4.0067485032876755,clk_core,VALIDATED
739,g_chan[0].u_cdc_chw.mem[2][22]$_DFFE_PP_,4.02,1.32,0.013251496712324354,4.0067485032876755,clk_core,VALIDATED
737,g_chan[0].u_cdc_chw.mem[1][22]$_DFFE_PP_,4.02,1.32,0.013251496712324354,4.0067485032876755,clk_core,VALIDATED
740,g_chan[0].u_cdc_chw.mem[10][22]$_DFFE_PP_,4.02,1.32,0.013181840885520948,4.006818159114479,clk_core,VALIDATED
722,g_chan[1].u_cdc_chw.mem[6][24]$_DFFE_PP_,4.02,1.33,0.011937153290153657,4.008062846709846,clk_core,VALIDATED
720,g_chan[1].u_cdc_chw.mem[7][24]$_DFFE_PP_,4.02,1.33,0.011937153290153657,4.008062846709846,clk_core,VALIDATED
731,g_chan[1].u_cdc_chw.mem[0][24]$_DFFE_PP_,4.02,1.33,0.011909284389438793,4.008090715610561,clk_core,VALIDATED
727,g_chan[1].u_cdc_chw.mem[1][24]$_DFFE_PP_,4.02,1.33,0.011909284389438793,4.008090715610561,clk_core,VALIDATED
715,g_chan[1].u_cdc_chw.mem[11][24]$_DFFE_PP_,4.02,1.33,0.011905984984725379,4.008094015015274,clk_core,VALIDATED
716,g_chan[1].u_cdc_chw.mem[9][24]$_DFFE_PP_,4.02,1.33,0.011905984984725379,4.008094015015274,clk_core,VALIDATED
719,g_chan[1].u_cdc_chw.mem[8][24]$_DFFE_PP_,4.02,1.33,0.011905984984725379,4.008094015015274,clk_core,VALIDATED
717,g_chan[1].u_cdc_chw.mem[10][24]$_DFFE_PP_,4.02,1.33,0.011905984984725379,4.008094015015274,clk_core,VALIDATED
723,g_chan[1].u_cdc_chw.mem[12][24]$_DFFE_PP_,4.02,1.33,0.011903238823457105,4.008096761176542,clk_core,VALIDATED
724,g_chan[1].u_cdc_chw.mem[13][24]$_DFFE_PP_,4.02,1.33,0.011903238823457105,4.008096761176542,clk_core,VALIDATED
730,g_chan[1].u_cdc_chw.mem[5][24]$_DFFE_PP_,4.02,1.33,0.011901439413651904,4.0080985605863475,clk_core,VALIDATED
725,g_chan[1].u_cdc_chw.mem[4][24]$_DFFE_PP_,4.02,1.33,0.011901439413651904,4.0080985605863475,clk_core,VALIDATED
718,g_chan[1].u_cdc_chw.mem[15][24]$_DFFE_PP_,4.02,1.33,0.011896136822571735,4.0081038631774275,clk_core,VALIDATED
721,g_chan[1].u_cdc_chw.mem[14][24]$_DFFE_PP_,4.02,1.33,0.011896136822571735,4.0081038631774275,clk_core,VALIDATED
728,g_chan[1].u_cdc_chw.mem[2][24]$_DFFE_PP_,4.02,1.33,0.011893594437865015,4.008106405562135,clk_core,VALIDATED
726,g_chan[1].u_cdc_chw.mem[3][24]$_DFFE_PP_,4.02,1.33,0.011893594437865015,4.008106405562135,clk_core,VALIDATED
752,u_dma_fabric.rbeat_data[28]$_DFFE_PN0P_,4.03,1.31,0.020780152316741338,4.009219847683259,clk_core,VALIDATED
729,c_cmd_addr[0]$_DFFE_PN0N_,4.02,1.34,0.01028268737684937,4.00971731262315,clk_core,VALIDATED
741,g_chan[0].u_cdc_chw.mem[14][22]$_DFFE_PP_,4.03,1.32,0.013277916528919867,4.01672208347108,clk_core,VALIDATED
742,g_chan[0].u_cdc_chw.mem[15][22]$_DFFE_PP_,4.03,1.32,0.013277916528919867,4.01672208347108,clk_core,VALIDATED
746,g_chan[0].u_cdc_chw.mem[7][22]$_DFFE_PP_,4.03,1.32,0.012968435633797473,4.017031564366203,clk_core,VALIDATED
747,g_chan[0].u_cdc_chw.mem[5][22]$_DFFE_PP_,4.03,1.32,0.012968435633797473,4.017031564366203,clk_core,VALIDATED
743,g_chan[0].u_cdc_chw.mem[11][22]$_DFFE_PP_,4.03,1.32,0.012968435633797473,4.017031564366203,clk_core,VALIDATED
745,g_chan[0].u_cdc_chw.mem[6][22]$_DFFE_PP_,4.03,1.32,0.012968435633797473,4.017031564366203,clk_core,VALIDATED
744,g_chan[0].u_cdc_chw.mem[4][22]$_DFFE_PP_,4.03,1.32,0.012968435633797473,4.017031564366203,clk_core,VALIDATED
753,g_chan[1].u_cdc_chw.mem[7][22]$_DFFE_PP_,4.03,1.31,0.012134724914142886,4.017865275085858,clk_core,VALIDATED
754,g_chan[1].u_cdc_chw.mem[3][22]$_DFFE_PP_,4.03,1.31,0.012134724914142886,4.017865275085858,clk_core,VALIDATED
750,g_chan[1].u_cdc_chw.mem[2][22]$_DFFE_PP_,4.03,1.31,0.012062129098821886,4.017937870901179,clk_core,VALIDATED
749,g_chan[1].u_cdc_chw.mem[5][22]$_DFFE_PP_,4.03,1.31,0.012062129098821886,4.017937870901179,clk_core,VALIDATED
751,g_chan[1].u_cdc_chw.mem[4][22]$_DFFE_PP_,4.03,1.31,0.012011388547281399,4.017988611452719,clk_core,VALIDATED
761,u_dma_fabric.rbeat_data[2]$_DFFE_PN0P_,4.04,1.31,0.02037506770165083,4.019624932298349,clk_core,VALIDATED
748,c_cmd_len[3]$_DFFE_PN0N_,4.03,1.34,0.010215234550547556,4.019784765449453,clk_core,VALIDATED
760,u_dma_fabric.rbeat_data[21]$_DFFE_PN0P_,4.04,1.3,0.02010577377492896,4.019894226225071,clk_core,VALIDATED
784,g_chan[1].u_cdc_chw.mem[12][12]$_DFFE_PP_,4.04,1.31,0.013075964155445458,4.026924035844554,clk_core,VALIDATED
787,g_chan[1].u_cdc_chw.mem[13][12]$_DFFE_PP_,4.04,1.31,0.012979209714869544,4.02702079028513,clk_core,VALIDATED
783,g_chan[1].u_cdc_chw.mem[10][12]$_DFFE_PP_,4.04,1.31,0.01294322561457839,4.0270567743854215,clk_core,VALIDATED
785,g_chan[1].u_cdc_chw.mem[11][12]$_DFFE_PP_,4.04,1.31,0.01294322561457839,4.0270567743854215,clk_core,VALIDATED
757,g_chan[0].u_cdc_chw.mem[4][18]$_DFFE_PP_,4.04,1.31,0.012917220671800567,4.027082779328199,clk_core,VALIDATED
755,g_chan[0].u_cdc_chw.mem[5][18]$_DFFE_PP_,4.04,1.31,0.012917220671800567,4.027082779328199,clk_core,VALIDATED
771,g_chan[0].u_cdc_chw.mem[6][18]$_DFFE_PP_,4.04,1.31,0.012774560257675344,4.027225439742325,clk_core,VALIDATED
772,g_chan[0].u_cdc_chw.mem[7][18]$_DFFE_PP_,4.04,1.31,0.012774560257675344,4.027225439742325,clk_core,VALIDATED
778,g_chan[0].u_cdc_chw.mem[15][18]$_DFFE_PP_,4.04,1.31,0.012711431254363428,4.027288568745637,clk_core,VALIDATED
776,g_chan[0].u_cdc_chw.mem[11][18]$_DFFE_PP_,4.04,1.31,0.012711431254363428,4.027288568745637,clk_core,VALIDATED
780,g_chan[0].u_cdc_chw.mem[12][18]$_DFFE_PP_,4.04,1.31,0.012648302251051513,4.027351697748949,clk_core,VALIDATED
781,g_chan[0].u_cdc_chw.mem[2][18]$_DFFE_PP_,4.04,1.31,0.012648302251051513,4.027351697748949,clk_core,VALIDATED
779,g_chan[0].u_cdc_chw.mem[13][18]$_DFFE_PP_,4.04,1.31,0.012648302251051513,4.027351697748949,clk_core,VALIDATED
768,g_chan[0].u_cdc_chw.mem[3][18]$_DFFE_PP_,4.04,1.31,0.012648302251051513,4.027351697748949,clk_core,VALIDATED
767,g_chan[0].u_cdc_chw.mem[14][18]$_DFFE_PP_,4.04,1.31,0.012648302251051513,4.027351697748949,clk_core,VALIDATED
789,g_chan[0].u_cdc_chw.mem[8][18]$_DFFE_PP_,4.04,1.31,0.012634009399862603,4.027365990600138,clk_core,VALIDATED
788,g_chan[0].u_cdc_chw.mem[0][18]$_DFFE_PP_,4.04,1.31,0.012634009399862603,4.027365990600138,clk_core,VALIDATED
791,g_chan[1].u_cdc_chw.mem[14][12]$_DFFE_PP_,4.04,1.31,0.012633662506055535,4.027366337493945,clk_core,VALIDATED
786,g_chan[0].u_cdc_chw.mem[10][18]$_DFFE_PP_,4.04,1.31,0.012619716548673693,4.027380283451326,clk_core,VALIDATED
777,g_chan[0].u_cdc_chw.mem[9][18]$_DFFE_PP_,4.04,1.31,0.012619716548673693,4.027380283451326,clk_core,VALIDATED
790,g_chan[0].u_cdc_chw.mem[1][18]$_DFFE_PP_,4.04,1.31,0.012619716548673693,4.027380283451326,clk_core,VALIDATED
792,g_chan[1].u_cdc_chw.mem[15][12]$_DFFE_PP_,4.04,1.3,0.012537222334253556,4.027462777665747,clk_core,VALIDATED
782,g_chan[1].u_cdc_chw.mem[6][22]$_DFFE_PP_,4.04,1.31,0.012199282925282648,4.027800717074717,clk_core,VALIDATED
759,g_chan[1].u_cdc_chw.mem[0][22]$_DFFE_PP_,4.04,1.31,0.012011388547281399,4.027988611452718,clk_core,VALIDATED
756,g_chan[1].u_cdc_chw.mem[11][22]$_DFFE_PP_,4.04,1.31,0.011980564463726417,4.028019435536273,clk_core,VALIDATED
758,g_chan[1].u_cdc_chw.mem[1][22]$_DFFE_PP_,4.04,1.31,0.011970295255046295,4.028029704744954,clk_core,VALIDATED
765,g_chan[1].u_cdc_chw.mem[0][25]$_DFFE_PP_,4.04,1.31,0.011732428075356183,4.028267571924644,clk_core,VALIDATED
762,g_chan[1].u_cdc_chw.mem[3][25]$_DFFE_PP_,4.04,1.31,0.011732428075356183,4.028267571924644,clk_core,VALIDATED
770,g_chan[1].u_cdc_chw.mem[9][25]$_DFFE_PP_,4.04,1.31,0.011732428075356183,4.028267571924644,clk_core,VALIDATED
773,g_chan[1].u_cdc_chw.mem[11][25]$_DFFE_PP_,4.04,1.31,0.011732428075356183,4.028267571924644,clk_core,VALIDATED
764,g_chan[1].u_cdc_chw.mem[2][25]$_DFFE_PP_,4.04,1.31,0.011732428075356183,4.028267571924644,clk_core,VALIDATED
763,g_chan[1].u_cdc_chw.mem[10][25]$_DFFE_PP_,4.04,1.31,0.011725483167867284,4.028274516832132,clk_core,VALIDATED
775,g_chan[1].u_cdc_chw.mem[6][25]$_DFFE_PP_,4.04,1.31,0.011724492915593437,4.028275507084406,clk_core,VALIDATED
774,g_chan[1].u_cdc_chw.mem[5][25]$_DFFE_PP_,4.04,1.31,0.011724492915593437,4.028275507084406,clk_core,VALIDATED
766,g_chan[1].u_cdc_chw.mem[7][25]$_DFFE_PP_,4.04,1.31,0.011724492915593437,4.028275507084406,clk_core,VALIDATED
769,g_chan[1].u_cdc_chw.mem[4][25]$_DFFE_PP_,4.04,1.31,0.011724492915593437,4.028275507084406,clk_core,VALIDATED
793,c_cmd_addr[25]$_DFFE_PN0N_,4.04,1.32,0.010053050581429204,4.029946949418571,clk_core,VALIDATED
797,u_dma_fabric.rbeat_data[1]$_DFFE_PN0P_,4.05,1.3,0.019137002989067717,4.030862997010932,clk_core,VALIDATED
799,g_chan[1].u_cdc_chw.mem[9][12]$_DFFE_PP_,4.05,1.31,0.012477530473811935,4.037522469526188,clk_core,VALIDATED
794,g_chan[1].u_cdc_chw.mem[9][18]$_DFFE_PP_,4.05,1.3,0.011662251027809767,4.03833774897219,clk_core,VALIDATED
795,g_chan[1].u_cdc_chw.mem[8][18]$_DFFE_PP_,4.05,1.3,0.011627404296250837,4.038372595703749,clk_core,VALIDATED
796,g_chan[1].u_cdc_chw.mem[13][18]$_DFFE_PP_,4.05,1.3,0.011627404296250837,4.038372595703749,clk_core,VALIDATED
798,g_chan[1].u_cdc_chw.mem[10][18]$_DFFE_PP_,4.05,1.3,0.011624720078469819,4.03837527992153,clk_core,VALIDATED
800,g_chan[1].u_cdc_chw.mem[12][18]$_DFFE_PP_,4.05,1.3,0.011624720078469819,4.03837527992153,clk_core,VALIDATED
7,g_chan[0].u_cdc_chr.rq1_wgray[1]$_DFF_PN0_,4.17,1.25,0.013142921338618295,4.156857078661382,clk_core,VALIDATED
6,g_chan[0].u_cdc_chr.rq1_wgray[4]$_DFF_PN0_,4.17,1.25,0.013142921338618295,4.156857078661382,clk_core,VALIDATED
17,g_chan[0].u_cdc_chr.rbin[2]$_DFF_PN0_,4.17,1.25,0.013142921338618295,4.156857078661382,clk_core,VALIDATED
20,u_dma_fabric.rbeat_data[10]$_DFFE_PN0P_,4.17,1.25,0.013142921338618295,4.156857078661382,clk_core,VALIDATED
19,u_dma_fabric.rbeat_data[15]$_DFFE_PN0P_,4.17,1.25,0.013142921338618295,4.156857078661382,clk_core,VALIDATED
18,g_chan[0].u_cdc_chr.rbin[0]$_DFF_PN0_,4.17,1.25,0.013142921338618295,4.156857078661382,clk_core,VALIDATED
5,g_chan[0].u_cdc_chr.rq1_wgray[3]$_DFF_PN0_,4.17,1.25,0.013142921338618295,4.156857078661382,clk_core,VALIDATED
1,g_chan[0].u_cdc_chr.rq2_wgray[0]$_DFF_PN0_,4.17,1.25,0.013142921338618295,4.156857078661382,clk_core,VALIDATED
16,g_chan[0].u_cdc_chr.rbin[1]$_DFF_PN0_,4.17,1.25,0.013142921338618295,4.156857078661382,clk_core,VALIDATED
0,g_chan[0].u_cdc_chr.rq1_wgray[0]$_DFF_PN0_,4.17,1.25,0.013142921338618295,4.156857078661382,clk_core,VALIDATED
15,g_chan[0].u_cdc_chr.rbin[3]$_DFF_PN0_,4.17,1.25,0.013142921338618295,4.156857078661382,clk_core,VALIDATED
3,g_chan[0].u_cdc_chr.rq2_wgray[1]$_DFF_PN0_,4.17,1.25,0.013142921338618295,4.156857078661382,clk_core,VALIDATED
4,g_chan[0].u_cdc_chr.rq1_wgray[2]$_DFF_PN0_,4.17,1.25,0.013142921338618295,4.156857078661382,clk_core,VALIDATED
2,g_chan[0].u_cdc_chr.rgray[0]$_DFF_PN0_,4.17,1.25,0.013142921338618295,4.156857078661382,clk_core,VALIDATED
9,g_chan[0].u_cdc_chr.rq2_wgray[2]$_DFF_PN0_,4.17,1.25,0.01308953433481936,4.156910465665181,clk_core,VALIDATED
10,g_chan[0].u_cdc_chr.rgray[3]$_DFF_PN0_,4.17,1.25,0.01308953433481936,4.156910465665181,clk_core,VALIDATED
11,g_chan[0].u_cdc_chr.rgray[2]$_DFF_PN0_,4.17,1.25,0.01308953433481936,4.156910465665181,clk_core,VALIDATED
8,g_chan[0].u_cdc_chr.rgray[1]$_DFF_PN0_,4.17,1.25,0.01308953433481936,4.156910465665181,clk_core,VALIDATED
13,g_chan[0].u_cdc_chr.rq2_wgray[4]$_DFF_PN0_,4.17,1.25,0.01308953433481936,4.156910465665181,clk_core,VALIDATED
14,g_chan[0].u_cdc_chr.rbin[4]$_DFF_PN0_,4.17,1.25,0.01308953433481936,4.156910465665181,clk_core,VALIDATED
12,g_chan[0].u_cdc_chr.rq2_wgray[3]$_DFF_PN0_,4.17,1.25,0.01308953433481936,4.156910465665181,clk_core,VALIDATED
23,u_dma_fabric.rbeat_data[9]$_DFFE_PN0P_,4.31,1.12,0.011535442746659935,4.2984645572533395,clk_core,VALIDATED
25,u_dma_fabric.rbeat_data[14]$_DFFE_PN0P_,4.31,1.12,0.011535442746659935,4.2984645572533395,clk_core,VALIDATED
24,u_dma_fabric.rbeat_data[20]$_DFFE_PN0P_,4.31,1.12,0.011535442746659935,4.2984645572533395,clk_core,VALIDATED
22,u_dma_fabric.rbeat_data[13]$_DFFE_PN0P_,4.31,1.12,0.011535442746659935,4.2984645572533395,clk_core,VALIDATED
21,u_dma_fabric.rbeat_data[17]$_DFFE_PN0P_,4.31,1.12,0.011535442746659935,4.2984645572533395,clk_core,VALIDATED
26,u_dma_fabric.rbeat_data[16]$_DFFE_PN0P_,4.31,1.11,0.011432447722136196,4.298567552277864,clk_core,VALIDATED
36,u_dma_fabric.rbeat_data[6]$_DFFE_PN0P_,4.32,1.11,0.011503487259967395,4.3084965127400325,clk_core,VALIDATED
33,u_dma_fabric.rbeat_data[8]$_DFFE_PN0P_,4.32,1.11,0.011503487259967395,4.3084965127400325,clk_core,VALIDATED
37,u_dma_fabric.rbeat_data[24]$_DFFE_PN0P_,4.32,1.11,0.011503487259967395,4.3084965127400325,clk_core,VALIDATED
34,u_dma_fabric.rbeat_data[18]$_DFFE_PN0P_,4.32,1.11,0.011503487259967395,4.3084965127400325,clk_core,VALIDATED
35,u_dma_fabric.rbeat_data[25]$_DFFE_PN0P_,4.32,1.11,0.011503487259967395,4.3084965127400325,clk_core,VALIDATED
31,u_dma_fabric.rbeat_data[31]$_DFFE_PN0P_,4.32,1.11,0.011503487259967395,4.3084965127400325,clk_core,VALIDATED
32,u_dma_fabric.rbeat_data[7]$_DFFE_PN0P_,4.32,1.11,0.011503487259967395,4.3084965127400325,clk_core,VALIDATED
27,u_dma_fabric.rbeat_data[12]$_DFFE_PN0P_,4.32,1.11,0.011432447722136196,4.308567552277864,clk_core,VALIDATED
38,u_dma_fabric.rbeat_data[5]$_DFFE_PN0P_,4.32,1.11,0.011429299106738573,4.308570700893262,clk_core,VALIDATED
30,u_dma_fabric.rbeat_data[21]$_DFFE_PN0P_,4.32,1.11,0.01141268953783374,4.308587310462166,clk_core,VALIDATED
29,u_dma_fabric.rbeat_data[19]$_DFFE_PN0P_,4.32,1.11,0.01141268953783374,4.308587310462166,clk_core,VALIDATED
28,u_dma_fabric.rbeat_data[11]$_DFFE_PN0P_,4.32,1.11,0.01141268953783374,4.308587310462166,clk_core,VALIDATED
39,u_dma_fabric.rbeat_data[22]$_DFFE_PN0P_,4.33,1.11,0.011456514298573181,4.318543485701427,clk_core,VALIDATED
40,u_dma_fabric.rbeat_data[27]$_DFFE_PN0P_,4.33,1.11,0.011429299106738573,4.318570700893262,clk_core,VALIDATED
41,u_dma_fabric.rbeat_data[4]$_DFFE_PN0P_,4.33,1.1,0.011326332448119238,4.318673667551881,clk_core,VALIDATED
42,g_chan[0].u_cdc_chr.rd_empty$_DFF_PN1_,4.33,1.1,0.011026156441038854,4.318973843558961,clk_core,VALIDATED
44,g_chan[1].u_cdc_chcmd.wq2_rgray[1]$_DFF_PN0_,4.37,1.05,0.010156595049690367,4.359843404950309,clk_core,VALIDATED
43,g_chan[1].u_cdc_chcmd.wq2_rgray[3]$_DFF_PN0_,4.37,1.05,0.010156595049690367,4.359843404950309,clk_core,VALIDATED
52,g_chan[1].u_cdc_chcmd.wgray[0]$_DFF_PN0_,4.38,1.05,0.010156595049690367,4.369843404950309,clk_core,VALIDATED
45,g_chan[1].u_cdc_chcmd.wq1_rgray[1]$_DFF_PN0_,4.38,1.05,0.010156595049690367,4.369843404950309,clk_core,VALIDATED
46,g_chan[1].u_cdc_chcmd.wq2_rgray[0]$_DFF_PN0_,4.38,1.05,0.010156595049690367,4.369843404950309,clk_core,VALIDATED
49,g_chan[1].u_cdc_chcmd.wq1_rgray[3]$_DFF_PN0_,4.38,1.05,0.010156595049690367,4.369843404950309,clk_core,VALIDATED
54,g_chan[1].u_cdc_chcmd.wq1_rgray[0]$_DFF_PN0_,4.38,1.05,0.010156595049690367,4.369843404950309,clk_core,VALIDATED
61,g_chan[1].u_cdc_chcmd.wq2_rgray[4]$_DFF_PN0_,4.38,1.05,0.010156595049690367,4.369843404950309,clk_core,VALIDATED
56,g_chan[1].u_cdc_chcmd.wbin[4]$_DFF_PN0_,4.38,1.05,0.01010337201279942,4.369896627987201,clk_core,VALIDATED
47,g_chan[1].u_cdc_chcmd.wbin[1]$_DFF_PN0_,4.38,1.05,0.01010337201279942,4.369896627987201,clk_core,VALIDATED
55,g_chan[1].u_cdc_chcmd.wq1_rgray[4]$_DFF_PN0_,4.38,1.05,0.01010337201279942,4.369896627987201,clk_core,VALIDATED
57,g_chan[1].u_cdc_chcmd.wr_full$_DFF_PN0_,4.38,1.05,0.01010337201279942,4.369896627987201,clk_core,VALIDATED
48,g_chan[1].u_cdc_chcmd.wbin[0]$_DFF_PN0_,4.38,1.05,0.01010337201279942,4.369896627987201,clk_core,VALIDATED
50,g_chan[1].u_cdc_chcmd.wbin[3]$_DFF_PN0_,4.38,1.05,0.01010337201279942,4.369896627987201,clk_core,VALIDATED
51,g_chan[1].u_cdc_chcmd.wbin[2]$_DFF_PN0_,4.38,1.05,0.01010337201279942,4.369896627987201,clk_core,VALIDATED
53,g_chan[1].u_cdc_chcmd.wgray[1]$_DFF_PN0_,4.38,1.05,0.01010337201279942,4.369896627987201,clk_core,VALIDATED
62,g_chan[1].u_cdc_chcmd.wq2_rgray[2]$_DFF_PN0_,4.38,1.04,0.010007149422201315,4.369992850577798,clk_core,VALIDATED
59,g_chan[1].u_cdc_chcmd.wgray[3]$_DFF_PN0_,4.38,1.04,0.010007149422201315,4.369992850577798,clk_core,VALIDATED
60,g_chan[1].u_cdc_chcmd.wgray[2]$_DFF_PN0_,4.38,1.04,0.010007149422201315,4.369992850577798,clk_core,VALIDATED
58,g_chan[1].u_cdc_chcmd.wq1_rgray[2]$_DFF_PN0_,4.38,1.04,0.010007149422201315,4.369992850577798,clk_core,VALIDATED
86,u_cdc_rbeat.wr_full$_DFF_PN0_,4.41,1.02,0.010519152542974891,4.399480847457025,clk_core,VALIDATED
66,u_dma_fabric.rbeat_data[28]$_DFFE_PN0P_,4.41,1.02,0.0102409762180692,4.399759023781931,clk_core,VALIDATED
84,u_cdc_rbeat.wq2_rgray[4]$_DFF_PN0_,4.41,1.02,0.010238245033451582,4.399761754966549,clk_core,VALIDATED
83,u_cdc_rbeat.wq1_rgray[4]$_DFF_PN0_,4.41,1.02,0.010238245033451582,4.399761754966549,clk_core,VALIDATED
63,u_dma_fabric.rbeat_data[23]$_DFFE_PN0P_,4.41,1.02,0.010231838679717435,4.399768161320282,clk_core,VALIDATED
64,u_dma_fabric.rbeat_data[29]$_DFFE_PN0P_,4.41,1.02,0.010231838679717435,4.399768161320282,clk_core,VALIDATED
65,u_dma_fabric.rbeat_data[30]$_DFFE_PN0P_,4.41,1.02,0.010231838679717435,4.399768161320282,clk_core,VALIDATED
75,u_cdc_rbeat.wgray[0]$_DFF_PN0_,4.41,1.02,0.010179397766143704,4.399820602233857,clk_core,VALIDATED
79,u_cdc_rbeat.wq2_rgray[1]$_DFF_PN0_,4.41,1.02,0.010179397766143704,4.399820602233857,clk_core,VALIDATED
72,u_cdc_rbeat.wgray[2]$_DFF_PN0_,4.41,1.02,0.010179397766143704,4.399820602233857,clk_core,VALIDATED
73,u_cdc_rbeat.wbin[3]$_DFF_PN0_,4.41,1.02,0.010179397766143704,4.399820602233857,clk_core,VALIDATED
74,u_cdc_rbeat.wbin[2]$_DFF_PN0_,4.41,1.02,0.010179397766143704,4.399820602233857,clk_core,VALIDATED
71,u_cdc_rbeat.wgray[3]$_DFF_PN0_,4.41,1.02,0.010179397766143704,4.399820602233857,clk_core,VALIDATED
68,u_cdc_rbeat.wq1_rgray[3]$_DFF_PN0_,4.41,1.02,0.010179397766143704,4.399820602233857,clk_core,VALIDATED
78,u_cdc_rbeat.wq2_rgray[2]$_DFF_PN0_,4.41,1.02,0.010179397766143704,4.399820602233857,clk_core,VALIDATED
77,u_cdc_rbeat.wq2_rgray[0]$_DFF_PN0_,4.41,1.02,0.010179397766143704,4.399820602233857,clk_core,VALIDATED
76,u_cdc_rbeat.wgray[1]$_DFF_PN0_,4.41,1.02,0.010179397766143704,4.399820602233857,clk_core,VALIDATED
67,u_cdc_rbeat.wq1_rgray[0]$_DFF_PN0_,4.41,1.02,0.010179397766143704,4.399820602233857,clk_core,VALIDATED
70,u_cdc_rbeat.wbin[4]$_DFF_PN0_,4.41,1.02,0.010179397766143704,4.399820602233857,clk_core,VALIDATED
69,u_cdc_rbeat.wq2_rgray[3]$_DFF_PN0_,4.41,1.02,0.010179397766143704,4.399820602233857,clk_core,VALIDATED
85,u_cdc_rbeat.wq1_rgray[2]$_DFF_PN0_,4.41,1.02,0.010179397766143704,4.399820602233857,clk_core,VALIDATED
82,u_cdc_rbeat.wq1_rgray[1]$_DFF_PN0_,4.41,1.02,0.010179397766143704,4.399820602233857,clk_core,VALIDATED
80,u_cdc_rbeat.wbin[0]$_DFF_PN0_,4.41,1.02,0.010179397766143704,4.399820602233857,clk_core,VALIDATED
81,u_cdc_rbeat.wbin[1]$_DFF_PN0_,4.41,1.02,0.010179397766143704,4.399820602233857,clk_core,VALIDATED
88,u_dma_fabric.rbeat_data[26]$_DFFE_PN0P_,4.41,1.02,0.010009820476917702,4.3999901795230825,clk_core,VALIDATED
91,u_dma_fabric.rbeat_data[0]$_DFFE_PN0P_,4.41,1.02,0.010009820476917702,4.3999901795230825,clk_core,VALIDATED
90,u_dma_fabric.rbeat_data[3]$_DFFE_PN0P_,4.41,1.02,0.010009820476917702,4.3999901795230825,clk_core,VALIDATED
89,u_dma_fabric.rbeat_data[2]$_DFFE_PN0P_,4.41,1.02,0.010009820476917702,4.3999901795230825,clk_core,VALIDATED
87,u_dma_fabric.rbeat_data[1]$_DFFE_PN0P_,4.41,1.02,0.010009820476917702,4.3999901795230825,clk_core,VALIDATED
98,u_seq_core.beats_left[30]$_DFFE_PN0P_,4.49,0.94,0.007901319913206799,4.482098680086794,clk_core,VALIDATED
93,u_seq_core.beats_left[22]$_DFFE_PN0P_,4.49,0.94,0.007900192631228,4.482099807368773,clk_core,VALIDATED
94,u_seq_core.beats_left[21]$_DFFE_PN0P_,4.49,0.94,0.007900192631228,4.482099807368773,clk_core,VALIDATED
95,u_seq_core.beats_left[25]$_DFFE_PN0P_,4.49,0.94,0.007900192631228,4.482099807368773,clk_core,VALIDATED
96,u_seq_core.beats_left[26]$_DFFE_PN0P_,4.49,0.94,0.007900192631228,4.482099807368773,clk_core,VALIDATED
97,u_seq_core.beats_left[27]$_DFFE_PN0P_,4.49,0.94,0.007900192631228,4.482099807368773,clk_core,VALIDATED
99,u_seq_core.beats_left[29]$_DFFE_PN0P_,4.49,0.94,0.007900192631228,4.482099807368773,clk_core,VALIDATED
92,u_seq_core.beats_left[28]$_DFFE_PN0P_,4.49,0.94,0.00789544910326196,4.4821045508967385,clk_core,VALIDATED
121,g_chan[1].u_cdc_chw.wq2_rgray[1]$_DFF_PN0_,4.5,0.94,0.008156651887553878,4.491843348112446,clk_core,VALIDATED
119,g_chan[1].u_cdc_chw.wq1_rgray[1]$_DFF_PN0_,4.5,0.94,0.008144669487382315,4.491855330512617,clk_core,VALIDATED
122,g_chan[1].u_cdc_chw.wgray[0]$_DFF_PN0_,4.5,0.94,0.008144669487382315,4.491855330512617,clk_core,VALIDATED
120,g_chan[1].u_cdc_chw.wgray[1]$_DFF_PN0_,4.5,0.94,0.008144669487382315,4.491855330512617,clk_core,VALIDATED
114,g_chan[1].u_cdc_chw.wbin[1]$_DFF_PN0_,4.5,0.94,0.008144669487382315,4.491855330512617,clk_core,VALIDATED
113,g_chan[1].u_cdc_chw.wbin[3]$_DFF_PN0_,4.5,0.94,0.008144669487382315,4.491855330512617,clk_core,VALIDATED
115,g_chan[1].u_cdc_chw.wbin[0]$_DFF_PN0_,4.5,0.94,0.008144669487382315,4.491855330512617,clk_core,VALIDATED
117,g_chan[1].u_cdc_chw.wbin[2]$_DFF_PN0_,4.5,0.94,0.008113152036442195,4.491886847963558,clk_core,VALIDATED
138,g_chan[1].u_cdc_chw.wq2_rgray[3]$_DFF_PN0_,4.5,0.93,0.008069878995133,4.491930121004867,clk_core,VALIDATED
137,g_chan[1].u_cdc_chw.wq2_rgray[0]$_DFF_PN0_,4.5,0.93,0.008069878995133,4.491930121004867,clk_core,VALIDATED
127,g_chan[1].u_cdc_chw.wbin[4]$_DFF_PN0_,4.5,0.93,0.008058024067303687,4.491941975932696,clk_core,VALIDATED
126,g_chan[1].u_cdc_chw.wq2_rgray[2]$_DFF_PN0_,4.5,0.93,0.008045480596464635,4.491954519403535,clk_core,VALIDATED
118,g_chan[1].u_cdc_chw.wgray[2]$_DFF_PN0_,4.5,0.93,0.008045480596464635,4.491954519403535,clk_core,VALIDATED
129,g_chan[1].u_cdc_chw.wq1_rgray[3]$_DFF_PN0_,4.5,0.93,0.008045480596464635,4.491954519403535,clk_core,VALIDATED
112,g_chan[1].u_cdc_chw.wgray[3]$_DFF_PN0_,4.5,0.93,0.008045480596464635,4.491954519403535,clk_core,VALIDATED
131,g_chan[1].u_cdc_chw.wq1_rgray[2]$_DFF_PN0_,4.5,0.93,0.008023962053095558,4.4919760379469045,clk_core,VALIDATED
141,c_cmd_valid$_DFF_PN0_,4.5,0.94,0.0072866782365100385,4.49271332176349,clk_core,VALIDATED
140,c_cmd_addr[24]$_DFFE_PN0N_,4.5,0.94,0.007285771582474898,4.492714228417525,clk_core,VALIDATED
139,c_cmd_addr[25]$_DFFE_PN0N_,4.5,0.94,0.007285771582474898,4.492714228417525,clk_core,VALIDATED
106,u_cdc_cmd.rq1_wgray[4]$_DFF_PN0_,4.5,0.94,0.007283723922581024,4.492716276077419,clk_core,VALIDATED
125,u_cdc_cmd.rbin[1]$_DFF_PN0_,4.5,0.94,0.007283723922581024,4.492716276077419,clk_core,VALIDATED
108,u_cdc_cmd.rq1_wgray[3]$_DFF_PN0_,4.5,0.94,0.007283723922581024,4.492716276077419,clk_core,VALIDATED
109,u_cdc_cmd.rq1_wgray[2]$_DFF_PN0_,4.5,0.94,0.007283723922581024,4.492716276077419,clk_core,VALIDATED
111,u_cdc_cmd.rq2_wgray[2]$_DFF_PN0_,4.5,0.94,0.007283723922581024,4.492716276077419,clk_core,VALIDATED
123,u_cdc_cmd.rq2_wgray[3]$_DFF_PN0_,4.5,0.94,0.007283723922581024,4.492716276077419,clk_core,VALIDATED
124,u_cdc_cmd.rbin[3]$_DFF_PN0_,4.5,0.94,0.007283723922581024,4.492716276077419,clk_core,VALIDATED
104,u_cdc_cmd.rbin[4]$_DFF_PN0_,4.5,0.94,0.007283723922581024,4.492716276077419,clk_core,VALIDATED
105,u_cdc_cmd.rq2_wgray[4]$_DFF_PN0_,4.5,0.94,0.007283723922581024,4.492716276077419,clk_core,VALIDATED
128,u_cdc_cmd.rgray[2]$_DFF_PN0_,4.5,0.94,0.007283723922581024,4.492716276077419,clk_core,VALIDATED
130,u_cdc_cmd.rgray[3]$_DFF_PN0_,4.5,0.94,0.007283723922581024,4.492716276077419,clk_core,VALIDATED
132,c_cmd_len[1]$_DFFE_PN0N_,4.5,0.94,0.007233250577060653,4.492766749422939,clk_core,VALIDATED
107,c_cmd_len[0]$_DFFE_PN0N_,4.5,0.94,0.007233250577060653,4.492766749422939,clk_core,VALIDATED
110,c_cmd_len[3]$_DFFE_PN0N_,4.5,0.94,0.007233250577060653,4.492766749422939,clk_core,VALIDATED
100,c_cmd_len[2]$_DFFE_PN0N_,4.5,0.94,0.007230908478973397,4.492769091521026,clk_core,VALIDATED
102,c_cmd_len[7]$_DFFE_PN0N_,4.5,0.94,0.007230908478973397,4.492769091521026,clk_core,VALIDATED
103,c_cmd_len[4]$_DFFE_PN0N_,4.5,0.94,0.007230908478973397,4.492769091521026,clk_core,VALIDATED
116,c_cmd_len[6]$_DFFE_PN0N_,4.5,0.94,0.007230908478973397,4.492769091521026,clk_core,VALIDATED
133,c_cmd_addr[23]$_DFFE_PN0N_,4.5,0.94,0.007217710140551205,4.4927822898594485,clk_core,VALIDATED
135,c_cmd_len[5]$_DFFE_PN0N_,4.5,0.94,0.007217710140551205,4.4927822898594485,clk_core,VALIDATED
136,c_cmd_len[9]$_DFFE_PN0N_,4.5,0.94,0.007217710140551205,4.4927822898594485,clk_core,VALIDATED
134,c_cmd_len[8]$_DFFE_PN0N_,4.5,0.94,0.007217710140551205,4.4927822898594485,clk_core,VALIDATED
101,c_cmd_len[10]$_DFFE_PN0N_,4.5,0.94,0.007204929261939205,4.492795070738061,clk_core,VALIDATED
153,u_dma_fabric.rbeat_valid$_DFFE_PN0P_,4.51,0.92,0.009025521456452447,4.500974478543547,clk_core,VALIDATED
143,g_chan[1].u_cdc_chr.rd_empty$_DFF_PN1_,4.51,0.92,0.008821774323204079,4.501178225676796,clk_core,VALIDATED
156,g_chan[1].u_cdc_chr.rq2_wgray[0]$_DFF_PN0_,4.51,0.92,0.008821774323204079,4.501178225676796,clk_core,VALIDATED
154,g_chan[1].u_cdc_chr.rbin[1]$_DFF_PN0_,4.51,0.92,0.008821774323204079,4.501178225676796,clk_core,VALIDATED
155,g_chan[1].u_cdc_chr.rbin[3]$_DFF_PN0_,4.51,0.92,0.008821774323204079,4.501178225676796,clk_core,VALIDATED
157,g_chan[1].u_cdc_chr.rq1_wgray[4]$_DFF_PN0_,4.51,0.92,0.008780042399495258,4.5012199576005045,clk_core,VALIDATED
149,u_seq_core.op_q[0]$_DFFE_PN0P_,4.51,0.93,0.007964884306297909,4.502035115693702,clk_core,VALIDATED
151,u_cdc_cmd.rd_empty$_DFF_PN1_,4.51,0.94,0.0072866782365100385,4.50271332176349,clk_core,VALIDATED
144,u_cdc_cmd.rgray[0]$_DFF_PN0_,4.51,0.94,0.007285771582474898,4.502714228417525,clk_core,VALIDATED
142,u_cdc_cmd.rbin[0]$_DFF_PN0_,4.51,0.94,0.007285771582474898,4.502714228417525,clk_core,VALIDATED
150,u_cdc_cmd.rbin[2]$_DFF_PN0_,4.51,0.94,0.007271182922353563,4.502728817077646,clk_core,VALIDATED
146,u_cdc_cmd.rq1_wgray[1]$_DFF_PN0_,4.51,0.94,0.007271182922353563,4.502728817077646,clk_core,VALIDATED
147,u_cdc_cmd.rq2_wgray[1]$_DFF_PN0_,4.51,0.94,0.007271182922353563,4.502728817077646,clk_core,VALIDATED
145,u_cdc_cmd.rq1_wgray[0]$_DFF_PN0_,4.51,0.94,0.007271182922353563,4.502728817077646,clk_core,VALIDATED
148,u_cdc_cmd.rq2_wgray[0]$_DFF_PN0_,4.51,0.94,0.007271182922353563,4.502728817077646,clk_core,VALIDATED
152,u_cdc_cmd.rgray[1]$_DFF_PN0_,4.51,0.93,0.007193829912541312,4.502806170087458,clk_core,VALIDATED
165,u_dma_fabric.rr_ptr$_DFFE_PN0P_,4.52,0.92,0.008943404937790882,4.511056595062208,clk_core,VALIDATED
158,g_chan[1].u_cdc_chr.rbin[0]$_DFF_PN0_,4.52,0.92,0.008821774323204079,4.511178225676796,clk_core,VALIDATED
167,g_chan[1].u_cdc_chr.rq1_wgray[2]$_DFF_PN0_,4.52,0.92,0.008821774323204079,4.511178225676796,clk_core,VALIDATED
169,g_chan[1].u_cdc_chr.rq2_wgray[2]$_DFF_PN0_,4.52,0.92,0.008821774323204079,4.511178225676796,clk_core,VALIDATED
163,g_chan[1].u_cdc_chr.rgray[2]$_DFF_PN0_,4.52,0.92,0.008821774323204079,4.511178225676796,clk_core,VALIDATED
164,g_chan[1].u_cdc_chr.rq2_wgray[4]$_DFF_PN0_,4.52,0.92,0.008821774323204079,4.511178225676796,clk_core,VALIDATED
168,g_chan[1].u_cdc_chr.rgray[3]$_DFF_PN0_,4.52,0.92,0.008821774323204079,4.511178225676796,clk_core,VALIDATED
162,g_chan[1].u_cdc_chr.rbin[4]$_DFF_PN0_,4.52,0.92,0.008821774323204079,4.511178225676796,clk_core,VALIDATED
166,g_chan[1].u_cdc_chr.rq2_wgray[3]$_DFF_PN0_,4.52,0.92,0.008821774323204079,4.511178225676796,clk_core,VALIDATED
161,g_chan[1].u_cdc_chr.rbin[2]$_DFF_PN0_,4.52,0.92,0.008821774323204079,4.511178225676796,clk_core,VALIDATED
159,g_chan[1].u_cdc_chr.rgray[0]$_DFF_PN0_,4.52,0.92,0.008780042399495258,4.511219957600504,clk_core,VALIDATED
160,g_chan[1].u_cdc_chr.rq1_wgray[0]$_DFF_PN0_,4.52,0.92,0.008780042399495258,4.511219957600504,clk_core,VALIDATED
173,g_chan[1].u_cdc_chr.rgray[1]$_DFF_PN0_,4.52,0.91,0.008684607156022414,4.5113153928439775,clk_core,VALIDATED
172,g_chan[1].u_cdc_chr.rq1_wgray[1]$_DFF_PN0_,4.52,0.91,0.008684607156022414,4.5113153928439775,clk_core,VALIDATED
171,g_chan[1].u_cdc_chr.rq2_wgray[1]$_DFF_PN0_,4.52,0.91,0.008684607156022414,4.5113153928439775,clk_core,VALIDATED
170,g_chan[1].u_cdc_chr.rq1_wgray[3]$_DFF_PN0_,4.52,0.91,0.008684607156022414,4.5113153928439775,clk_core,VALIDATED
174,u_seq_core.addr_q[26]$_DFFE_PN0P_,4.55,0.88,0.007376650522899722,4.5426233494771004,clk_core,VALIDATED
175,u_seq_core.addr_q[7]$_DFFE_PN0P_,4.55,0.88,0.007376650522899722,4.5426233494771004,clk_core,VALIDATED
178,u_seq_core.addr_q[9]$_DFFE_PN0P_,4.55,0.88,0.007370565521964585,4.542629434478036,clk_core,VALIDATED
179,u_seq_core.addr_q[31]$_DFFE_PN0P_,4.55,0.88,0.007370565521964585,4.542629434478036,clk_core,VALIDATED
176,u_seq_core.addr_q[6]$_DFFE_PN0P_,4.55,0.88,0.007370565521964585,4.542629434478036,clk_core,VALIDATED
177,u_seq_core.addr_q[8]$_DFFE_PN0P_,4.55,0.88,0.007370565521964585,4.542629434478036,clk_core,VALIDATED
182,u_seq_core.addr_q[21]$_DFFE_PN0P_,4.56,0.88,0.007404152534921403,4.552595847465078,clk_core,VALIDATED
180,u_seq_core.addr_q[20]$_DFFE_PN0P_,4.56,0.88,0.007370565521964585,4.552629434478035,clk_core,VALIDATED
181,u_seq_core.addr_q[2]$_DFFE_PN0P_,4.56,0.88,0.007370565521964585,4.552629434478035,clk_core,VALIDATED
184,c_cmd_addr[6]$_DFFE_PN0N_,4.57,0.88,0.00676763285139869,4.5632323671486015,clk_core,VALIDATED
185,c_cmd_addr[9]$_DFFE_PN0N_,4.57,0.88,0.00676763285139869,4.5632323671486015,clk_core,VALIDATED
183,c_cmd_addr[7]$_DFFE_PN0N_,4.57,0.88,0.00676763285139869,4.5632323671486015,clk_core,VALIDATED
186,c_cmd_addr[8]$_DFFE_PN0N_,4.57,0.88,0.006757721359620897,4.563242278640379,clk_core,VALIDATED
201,g_chan[0].u_cdc_chw.wq1_rgray[4]$_DFF_PN0_,4.59,0.83,0.007706620407902161,4.582293379592097,clk_core,VALIDATED
199,g_chan[0].u_cdc_chw.wq1_rgray[2]$_DFF_PN0_,4.59,0.83,0.007706620407902161,4.582293379592097,clk_core,VALIDATED
200,g_chan[0].u_cdc_chw.wq1_rgray[1]$_DFF_PN0_,4.59,0.83,0.007706620407902161,4.582293379592097,clk_core,VALIDATED
198,g_chan[0].u_cdc_chw.wq1_rgray[3]$_DFF_PN0_,4.59,0.83,0.007706620407902161,4.582293379592097,clk_core,VALIDATED
197,g_chan[0].u_cdc_chw.wq2_rgray[1]$_DFF_PN0_,4.59,0.83,0.007706620407902161,4.582293379592097,clk_core,VALIDATED
196,g_chan[0].u_cdc_chw.wq2_rgray[3]$_DFF_PN0_,4.59,0.83,0.007706620407902161,4.582293379592097,clk_core,VALIDATED
195,g_chan[0].u_cdc_chw.wq2_rgray[2]$_DFF_PN0_,4.59,0.83,0.007706620407902161,4.582293379592097,clk_core,VALIDATED
202,g_chan[0].u_cdc_chw.wq2_rgray[4]$_DFF_PN0_,4.59,0.83,0.007706620407902161,4.582293379592097,clk_core,VALIDATED
190,g_chan[0].u_cdc_chcmd.wbin[4]$_DFF_PN0_,4.59,0.84,0.007178483389368585,4.582821516610632,clk_core,VALIDATED
187,g_chan[0].u_cdc_chcmd.wr_full$_DFF_PN0_,4.59,0.84,0.007178483389368585,4.582821516610632,clk_core,VALIDATED
189,g_chan[0].u_cdc_chcmd.wgray[0]$_DFF_PN0_,4.59,0.84,0.007178483389368585,4.582821516610632,clk_core,VALIDATED
194,g_chan[0].u_cdc_chcmd.wq1_rgray[1]$_DFF_PN0_,4.59,0.84,0.007178483389368585,4.582821516610632,clk_core,VALIDATED
193,g_chan[0].u_cdc_chcmd.wq2_rgray[1]$_DFF_PN0_,4.59,0.84,0.007178483389368585,4.582821516610632,clk_core,VALIDATED
192,g_chan[0].u_cdc_chcmd.wbin[3]$_DFF_PN0_,4.59,0.84,0.0071678255112104655,4.582832174488789,clk_core,VALIDATED
191,g_chan[0].u_cdc_chcmd.wgray[1]$_DFF_PN0_,4.59,0.84,0.0071678255112104655,4.582832174488789,clk_core,VALIDATED
188,u_seq_core.done$_DFFE_PN0P_,4.59,0.84,0.007159987146442295,4.582840012853557,clk_core,VALIDATED
203,u_ecc_engine.vpipe[1]$_DFF_PN0_,4.59,0.84,0.007154536726703881,4.582845463273296,clk_core,VALIDATED
204,u_ecc_engine.vpipe[0]$_DFF_PN0_,4.59,0.84,0.007154536726703881,4.582845463273296,clk_core,VALIDATED
206,u_ecc_engine.vpipe[2]$_DFF_PN0_,4.59,0.84,0.007154536726703881,4.582845463273296,clk_core,VALIDATED
207,u_seq_core.ch_cmd_valid$_DFF_PN0_,4.59,0.84,0.007147276135175129,4.582852723864825,clk_core,VALIDATED
205,u_seq_core.ecc_en_q$_DFFE_PN0P_,4.59,0.84,0.007134565123907963,4.5828654348760915,clk_core,VALIDATED
208,g_chan[0].u_cdc_chw.wgray[3]$_DFF_PN0_,4.6,0.83,0.00768558354763163,4.592314416452368,clk_core,VALIDATED
209,g_chan[0].u_cdc_chw.wgray[2]$_DFF_PN0_,4.6,0.83,0.00768558354763163,4.592314416452368,clk_core,VALIDATED
219,g_chan[0].u_cdc_chw.wq2_rgray[0]$_DFF_PN0_,4.6,0.83,0.007514098716564374,4.592485901283435,clk_core,VALIDATED
222,g_chan[0].u_cdc_chw.wq1_rgray[0]$_DFF_PN0_,4.6,0.83,0.007471755967646508,4.592528244032353,clk_core,VALIDATED
223,g_chan[0].u_cdc_chw.wgray[0]$_DFF_PN0_,4.6,0.83,0.007471755967646508,4.592528244032353,clk_core,VALIDATED
225,g_chan[0].u_cdc_chw.wbin[4]$_DFF_PN0_,4.6,0.83,0.007471755967646508,4.592528244032353,clk_core,VALIDATED
220,g_chan[0].u_cdc_chw.wbin[0]$_DFF_PN0_,4.6,0.83,0.007471755967646508,4.592528244032353,clk_core,VALIDATED
221,g_chan[0].u_cdc_chw.wbin[1]$_DFF_PN0_,4.6,0.83,0.007471755967646508,4.592528244032353,clk_core,VALIDATED
224,g_chan[0].u_cdc_chw.wgray[1]$_DFF_PN0_,4.6,0.83,0.007471755967646508,4.592528244032353,clk_core,VALIDATED
211,c_cmd_chan$_DFFE_PN0N_,4.6,0.84,0.006534271204562653,4.593465728795437,clk_core,VALIDATED
214,c_cmd_ecc_en$_DFFE_PN0N_,4.6,0.84,0.006533767906187177,4.593466232093813,clk_core,VALIDATED
216,c_cmd_opcode[2]$_DFFE_PN0N_,4.6,0.84,0.006523679033923993,4.593476320966076,clk_core,VALIDATED
217,c_cmd_opcode[1]$_DFFE_PN0N_,4.6,0.84,0.006523679033923993,4.593476320966076,clk_core,VALIDATED
213,c_cmd_opcode[4]$_DFFE_PN0N_,4.6,0.84,0.006523679033923993,4.593476320966076,clk_core,VALIDATED
210,c_cmd_chmask[1]$_DFFE_PN0N_,4.6,0.84,0.006523679033923993,4.593476320966076,clk_core,VALIDATED
212,c_cmd_chmask[0]$_DFFE_PN0N_,4.6,0.84,0.006523679033923993,4.593476320966076,clk_core,VALIDATED
215,c_cmd_opcode[0]$_DFFE_PN0N_,4.6,0.84,0.006523679033923993,4.593476320966076,clk_core,VALIDATED
218,c_cmd_addr[17]$_DFFE_PN0N_,4.6,0.84,0.006523679033923993,4.593476320966076,clk_core,VALIDATED
226,g_chan[0].u_cdc_chw.wbin[2]$_DFF_PN0_,4.61,0.83,0.007396594103935221,4.602603405896065,clk_core,VALIDATED
227,g_chan[0].u_cdc_chw.wbin[3]$_DFF_PN0_,4.61,0.83,0.007396594103935221,4.602603405896065,clk_core,VALIDATED
233,g_chan[1].u_cdc_chw.wq2_rgray[4]$_DFF_PN0_,4.61,0.82,0.007135006503369505,4.602864993496631,clk_core,VALIDATED
235,g_chan[1].u_cdc_chw.wq1_rgray[0]$_DFF_PN0_,4.61,0.82,0.007135006503369505,4.602864993496631,clk_core,VALIDATED
234,g_chan[1].u_cdc_chw.wq1_rgray[4]$_DFF_PN0_,4.61,0.82,0.00710608718467079,4.60289391281533,clk_core,VALIDATED
230,u_cdc_wbeat.rbin[3]$_DFF_PN0_,4.61,0.82,0.0070506029666066936,4.6029493970333935,clk_core,VALIDATED
229,u_cdc_wbeat.rbin[1]$_DFF_PN0_,4.61,0.82,0.0070506029666066936,4.6029493970333935,clk_core,VALIDATED
228,u_cdc_wbeat.rbin[0]$_DFF_PN0_,4.61,0.82,0.0070506029666066936,4.6029493970333935,clk_core,VALIDATED
232,u_cdc_wbeat.rbin[4]$_DFF_PN0_,4.61,0.82,0.0070506029666066936,4.6029493970333935,clk_core,VALIDATED
231,u_cdc_wbeat.rbin[2]$_DFF_PN0_,4.61,0.82,0.0070506029666066936,4.6029493970333935,clk_core,VALIDATED
247,u_seq_core.op_q[3]$_DFFE_PN0P_,4.62,0.82,0.007013280433200014,4.6129867195668,clk_core,VALIDATED
245,u_seq_core.op_q[1]$_DFFE_PN0P_,4.62,0.82,0.007013280433200014,4.6129867195668,clk_core,VALIDATED
238,u_cdc_wbeat.rgray[2]$_DFF_PN0_,4.62,0.82,0.006982389519255956,4.613017610480744,clk_core,VALIDATED
239,u_cdc_wbeat.rq2_wgray[1]$_DFF_PN0_,4.62,0.82,0.006982389519255956,4.613017610480744,clk_core,VALIDATED
236,u_cdc_wbeat.rq1_wgray[1]$_DFF_PN0_,4.62,0.82,0.006982389519255956,4.613017610480744,clk_core,VALIDATED
237,u_cdc_wbeat.rq2_wgray[2]$_DFF_PN0_,4.62,0.82,0.006982389519255956,4.613017610480744,clk_core,VALIDATED
241,u_cdc_wbeat.rq1_wgray[2]$_DFF_PN0_,4.62,0.82,0.006982389519255956,4.613017610480744,clk_core,VALIDATED
240,u_cdc_wbeat.rgray[1]$_DFF_PN0_,4.62,0.82,0.006982389519255956,4.613017610480744,clk_core,VALIDATED
243,u_cdc_wbeat.rgray[3]$_DFF_PN0_,4.62,0.82,0.006982389519255956,4.613017610480744,clk_core,VALIDATED
242,u_cdc_wbeat.rq2_wgray[3]$_DFF_PN0_,4.62,0.82,0.006982389519255956,4.613017610480744,clk_core,VALIDATED
244,u_cdc_wbeat.rgray[0]$_DFF_PN0_,4.62,0.82,0.006982389519255956,4.613017610480744,clk_core,VALIDATED
246,u_cdc_wbeat.rq1_wgray[0]$_DFF_PN0_,4.62,0.82,0.006982389519255956,4.613017610480744,clk_core,VALIDATED
248,u_cdc_wbeat.rq1_wgray[4]$_DFF_PN0_,4.62,0.82,0.006982389519255956,4.613017610480744,clk_core,VALIDATED
249,u_cdc_wbeat.rq1_wgray[3]$_DFF_PN0_,4.62,0.82,0.006982389519255956,4.613017610480744,clk_core,VALIDATED
250,u_cdc_wbeat.rq2_wgray[0]$_DFF_PN0_,4.62,0.82,0.006982389519255956,4.613017610480744,clk_core,VALIDATED
251,u_cdc_wbeat.rq2_wgray[4]$_DFF_PN0_,4.62,0.82,0.006982389519255956,4.613017610480744,clk_core,VALIDATED
254,g_chan[0].u_cdc_chw.wr_full$_DFF_PN0_,4.63,0.81,0.007015175705477439,4.622984824294522,clk_core,VALIDATED
253,g_chan[1].u_cdc_chw.wr_full$_DFF_PN0_,4.63,0.81,0.006992959568273546,4.623007040431727,clk_core,VALIDATED
252,u_seq_core.chan_q$_DFFE_PN0P_,4.63,0.81,0.00698203683463413,4.623017963165366,clk_core,VALIDATED
255,u_cdc_wbeat.rd_empty$_DFF_PN1_,4.63,0.81,0.006911840065779239,4.623088159934221,clk_core,VALIDATED
256,g_chan[0].u_cdc_chcmd.wq1_rgray[3]$_DFF_PN0_,4.64,0.81,0.00691957203719798,4.633080427962802,clk_core,VALIDATED
257,u_seq_core.mask_q[0]$_DFFE_PN0P_,4.64,0.81,0.00691957203719798,4.633080427962802,clk_core,VALIDATED
258,g_chan[0].u_cdc_chcmd.wq1_rgray[2]$_DFF_PN0_,4.64,0.81,0.00691957203719798,4.633080427962802,clk_core,VALIDATED
259,u_seq_core.mask_q[1]$_DFFE_PN0P_,4.64,0.81,0.00691957203719798,4.633080427962802,clk_core,VALIDATED
260,u_seq_core.op_q[4]$_DFFE_PN0P_,4.64,0.81,0.00691957203719798,4.633080427962802,clk_core,VALIDATED
261,u_seq_core.op_q[5]$_DFFE_PN0P_,4.64,0.8,0.006834145221923958,4.633165854778076,clk_core,VALIDATED
262,u_seq_core.op_q[2]$_DFFE_PN0P_,4.64,0.8,0.006834145221923958,4.633165854778076,clk_core,VALIDATED
275,u_seq_core.beats_left[15]$_DFFE_PN0P_,4.65,0.8,0.006781245503101621,4.643218754496899,clk_core,VALIDATED
283,u_seq_core.beats_left[24]$_DFFE_PN0P_,4.65,0.8,0.006771185582185299,4.643228814417815,clk_core,VALIDATED
282,u_seq_core.beats_left[23]$_DFFE_PN0P_,4.65,0.8,0.006771185582185299,4.643228814417815,clk_core,VALIDATED
287,u_seq_core.beats_left[17]$_DFFE_PN0P_,4.65,0.8,0.006771185582185299,4.643228814417815,clk_core,VALIDATED
285,u_seq_core.beats_left[18]$_DFFE_PN0P_,4.65,0.8,0.006771185582185299,4.643228814417815,clk_core,VALIDATED
290,u_seq_core.beats_left[16]$_DFFE_PN0P_,4.65,0.8,0.006771185582185299,4.643228814417815,clk_core,VALIDATED
264,u_seq_core.beats_left[19]$_DFFE_PN0P_,4.65,0.8,0.006767430866146819,4.643232569133853,clk_core,VALIDATED
265,u_seq_core.addr_q[1]$_DFFE_PN0P_,4.65,0.79,0.006720093366882049,4.6432799066331185,clk_core,VALIDATED
266,u_seq_core.addr_q[18]$_DFFE_PN0P_,4.65,0.79,0.006720093366882049,4.6432799066331185,clk_core,VALIDATED
270,u_seq_core.addr_q[17]$_DFFE_PN0P_,4.65,0.79,0.006720093366882049,4.6432799066331185,clk_core,VALIDATED
263,u_seq_core.addr_q[25]$_DFFE_PN0P_,4.65,0.79,0.006720093366882049,4.6432799066331185,clk_core,VALIDATED
267,u_seq_core.beats_left[1]$_DFFE_PN0P_,4.65,0.79,0.006720093366882049,4.6432799066331185,clk_core,VALIDATED
295,u_seq_core.beats_left[2]$_DFFE_PN0P_,4.65,0.79,0.0067040738438131076,4.6432959261561875,clk_core,VALIDATED
278,u_seq_core.beats_left[0]$_DFFE_PN0P_,4.65,0.79,0.00669647993431282,4.643303520065688,clk_core,VALIDATED
277,u_seq_core.beats_left[14]$_DFFE_PN0P_,4.65,0.79,0.00669647993431282,4.643303520065688,clk_core,VALIDATED
276,u_seq_core.beats_left[5]$_DFFE_PN0P_,4.65,0.79,0.00669647993431282,4.643303520065688,clk_core,VALIDATED
272,u_seq_core.op_q[6]$_DFFE_PN0P_,4.65,0.79,0.006693108877956683,4.643306891122044,clk_core,VALIDATED
274,u_seq_core.beats_left[3]$_DFFE_PN0P_,4.65,0.79,0.006693108877956683,4.643306891122044,clk_core,VALIDATED
268,u_seq_core.beats_left[4]$_DFFE_PN0P_,4.65,0.79,0.006693108877956683,4.643306891122044,clk_core,VALIDATED
269,u_seq_core.beats_left[7]$_DFFE_PN0P_,4.65,0.79,0.006693108877956683,4.643306891122044,clk_core,VALIDATED
271,u_seq_core.beats_left[6]$_DFFE_PN0P_,4.65,0.79,0.006693108877956683,4.643306891122044,clk_core,VALIDATED
279,u_seq_core.addr_q[4]$_DFFE_PN0P_,4.65,0.79,0.0066922226122982376,4.643307777387702,clk_core,VALIDATED
281,u_seq_core.addr_q[30]$_DFFE_PN0P_,4.65,0.79,0.0066922226122982376,4.643307777387702,clk_core,VALIDATED
294,u_seq_core.addr_q[11]$_DFFE_PN0P_,4.65,0.79,0.006685321957139709,4.64331467804286,clk_core,VALIDATED
289,u_seq_core.addr_q[5]$_DFFE_PN0P_,4.65,0.79,0.006685321957139709,4.64331467804286,clk_core,VALIDATED
288,u_seq_core.addr_q[10]$_DFFE_PN0P_,4.65,0.79,0.006685321957139709,4.64331467804286,clk_core,VALIDATED
286,u_seq_core.addr_q[3]$_DFFE_PN0P_,4.65,0.79,0.006685321957139709,4.64331467804286,clk_core,VALIDATED
291,u_seq_core.addr_q[27]$_DFFE_PN0P_,4.65,0.79,0.006685321957139709,4.64331467804286,clk_core,VALIDATED
298,u_seq_core.beats_left[11]$_DFFE_PN0P_,4.65,0.79,0.0066789998338397175,4.643321000166161,clk_core,VALIDATED
301,u_seq_core.beats_left[8]$_DFFE_PN0P_,4.65,0.79,0.006670516130170723,4.64332948386983,clk_core,VALIDATED
300,u_seq_core.beats_left[9]$_DFFE_PN0P_,4.65,0.79,0.006670516130170723,4.64332948386983,clk_core,VALIDATED
299,u_seq_core.beats_left[10]$_DFFE_PN0P_,4.65,0.79,0.006670516130170723,4.64332948386983,clk_core,VALIDATED
302,u_seq_core.addr_q[19]$_DFFE_PN0P_,4.65,0.79,0.006669113642866903,4.643330886357133,clk_core,VALIDATED
293,u_seq_core.beats_left[13]$_DFFE_PN0P_,4.65,0.79,0.006665357879846852,4.643334642120154,clk_core,VALIDATED
297,u_seq_core.beats_left[31]$_DFFE_PN0P_,4.65,0.79,0.006665357879846852,4.643334642120154,clk_core,VALIDATED
292,u_seq_core.beats_left[20]$_DFFE_PN0P_,4.65,0.79,0.006665357879846852,4.643334642120154,clk_core,VALIDATED
296,u_seq_core.beats_left[12]$_DFFE_PN0P_,4.65,0.79,0.006665357879846852,4.643334642120154,clk_core,VALIDATED
280,u_seq_core.addr_q[14]$_DFFE_PN0P_,4.65,0.79,0.006655007419578765,4.643344992580421,clk_core,VALIDATED
273,u_seq_core.addr_q[22]$_DFFE_PN0P_,4.65,0.79,0.006655007419578765,4.643344992580421,clk_core,VALIDATED
284,u_seq_core.addr_q[23]$_DFFE_PN0P_,4.65,0.79,0.006655007419578765,4.643344992580421,clk_core,VALIDATED
303,c_cmd_addr[12]$_DFFE_PN0N_,4.66,0.79,0.006122291235512084,4.6538777087644885,clk_core,VALIDATED
304,c_cmd_addr[15]$_DFFE_PN0N_,4.66,0.79,0.006122291235512084,4.6538777087644885,clk_core,VALIDATED
305,c_cmd_addr[1]$_DFFE_PN0N_,4.66,0.79,0.006122291235512084,4.6538777087644885,clk_core,VALIDATED
306,c_cmd_addr[18]$_DFFE_PN0N_,4.66,0.79,0.006122291235512084,4.6538777087644885,clk_core,VALIDATED
307,c_cmd_addr[13]$_DFFE_PN0N_,4.66,0.79,0.006122291235512084,4.6538777087644885,clk_core,VALIDATED
308,c_cmd_addr[16]$_DFFE_PN0N_,4.66,0.79,0.006109264260417031,4.653890735739583,clk_core,VALIDATED
309,c_cmd_opcode[7]$_DFFE_PN0N_,4.66,0.79,0.0060982560973615665,4.653901743902638,clk_core,VALIDATED
310,c_cmd_opcode[5]$_DFFE_PN0N_,4.66,0.79,0.0060982560973615665,4.653901743902638,clk_core,VALIDATED
311,c_cmd_addr[19]$_DFFE_PN0N_,4.66,0.79,0.0060982560973615665,4.653901743902638,clk_core,VALIDATED
312,c_cmd_addr[0]$_DFFE_PN0N_,4.66,0.79,0.0060982560973615665,4.653901743902638,clk_core,VALIDATED
313,c_cmd_opcode[6]$_DFFE_PN0N_,4.66,0.79,0.0060831377407963155,4.653916862259204,clk_core,VALIDATED
316,c_cmd_opcode[3]$_DFFE_PN0N_,4.67,0.79,0.0060831377407963155,4.663916862259204,clk_core,VALIDATED
315,c_cmd_addr[2]$_DFFE_PN0N_,4.67,0.79,0.0060831377407963155,4.663916862259204,clk_core,VALIDATED
314,c_cmd_addr[14]$_DFFE_PN0N_,4.67,0.79,0.0060831377407963155,4.663916862259204,clk_core,VALIDATED
317,u_seq_core.addr_q[28]$_DFFE_PN0P_,4.69,0.76,0.006456840427579262,4.683543159572421,clk_core,VALIDATED
318,u_seq_core.addr_q[29]$_DFFE_PN0P_,4.73,0.71,0.006059346852161383,4.723940653147839,clk_core,VALIDATED
327,g_chan[0].u_cdc_chcmd.wq2_rgray[4]$_DFF_PN0_,4.74,0.7,0.005989646485895513,4.734010353514105,clk_core,VALIDATED
319,g_chan[0].u_cdc_chcmd.wgray[2]$_DFF_PN0_,4.74,0.7,0.005989646485895513,4.734010353514105,clk_core,VALIDATED
324,g_chan[0].u_cdc_chcmd.wq1_rgray[4]$_DFF_PN0_,4.74,0.7,0.005989646485895513,4.734010353514105,clk_core,VALIDATED
322,g_chan[0].u_cdc_chcmd.wgray[3]$_DFF_PN0_,4.74,0.7,0.005989646485895513,4.734010353514105,clk_core,VALIDATED
329,g_chan[0].u_cdc_chcmd.wbin[2]$_DFF_PN0_,4.74,0.7,0.0059803419890908024,4.73401965801091,clk_core,VALIDATED
338,g_chan[0].u_cdc_chcmd.wq2_rgray[3]$_DFF_PN0_,4.74,0.7,0.005978045166088179,4.734021954833912,clk_core,VALIDATED
340,g_chan[0].u_cdc_chcmd.wq1_rgray[0]$_DFF_PN0_,4.74,0.7,0.005978045166088179,4.734021954833912,clk_core,VALIDATED
341,g_chan[0].u_cdc_chcmd.wq2_rgray[0]$_DFF_PN0_,4.74,0.7,0.005978045166088179,4.734021954833912,clk_core,VALIDATED
337,g_chan[0].u_cdc_chcmd.wq2_rgray[2]$_DFF_PN0_,4.74,0.7,0.005978045166088179,4.734021954833912,clk_core,VALIDATED
339,u_seq_core.op_q[7]$_DFFE_PN0P_,4.74,0.7,0.005970838339875384,4.734029161660125,clk_core,VALIDATED
331,g_chan[0].u_cdc_chcmd.wbin[0]$_DFF_PN0_,4.74,0.7,0.005970838339875384,4.734029161660125,clk_core,VALIDATED
330,g_chan[0].u_cdc_chcmd.wbin[1]$_DFF_PN0_,4.74,0.7,0.005970838339875384,4.734029161660125,clk_core,VALIDATED
332,c_cmd_addr[10]$_DFFE_PN0N_,4.74,0.71,0.005505451316461775,4.734494548683538,clk_core,VALIDATED
336,c_cmd_addr[11]$_DFFE_PN0N_,4.74,0.71,0.005505451316461775,4.734494548683538,clk_core,VALIDATED
335,c_cmd_addr[3]$_DFFE_PN0N_,4.74,0.71,0.005505451316461775,4.734494548683538,clk_core,VALIDATED
333,c_cmd_addr[5]$_DFFE_PN0N_,4.74,0.71,0.005505451316461775,4.734494548683538,clk_core,VALIDATED
334,c_cmd_addr[30]$_DFFE_PN0N_,4.74,0.71,0.005505451316461775,4.734494548683538,clk_core,VALIDATED
325,c_cmd_addr[21]$_DFFE_PN0N_,4.74,0.71,0.005505451316461775,4.734494548683538,clk_core,VALIDATED
326,c_cmd_addr[26]$_DFFE_PN0N_,4.74,0.71,0.005505451316461775,4.734494548683538,clk_core,VALIDATED
328,c_cmd_addr[4]$_DFFE_PN0N_,4.74,0.71,0.005505451316461775,4.734494548683538,clk_core,VALIDATED
323,c_cmd_addr[27]$_DFFE_PN0N_,4.74,0.71,0.0055014975202076835,4.734498502479792,clk_core,VALIDATED
321,c_cmd_addr[29]$_DFFE_PN0N_,4.74,0.71,0.0055014975202076835,4.734498502479792,clk_core,VALIDATED
320,c_cmd_addr[28]$_DFFE_PN0N_,4.74,0.71,0.0055014975202076835,4.734498502479792,clk_core,VALIDATED
345,u_seq_core.state[0]$_DFFE_PN0P_,4.75,0.7,0.005968740669283469,4.744031259330717,clk_core,VALIDATED
344,u_seq_core.state[1]$_DFFE_PN0P_,4.75,0.7,0.005968740669283469,4.744031259330717,clk_core,VALIDATED
342,u_seq_core.state[2]$_DFFE_PN0P_,4.75,0.7,0.005968740669283469,4.744031259330717,clk_core,VALIDATED
359,u_seq_core.addr_q[13]$_DFFE_PN0P_,4.75,0.69,0.005866690196065817,4.744133309803934,clk_core,VALIDATED
361,u_seq_core.addr_q[24]$_DFFE_PN0P_,4.75,0.69,0.005866690196065817,4.744133309803934,clk_core,VALIDATED
354,u_seq_core.addr_q[15]$_DFFE_PN0P_,4.75,0.69,0.005860849597956387,4.744139150402043,clk_core,VALIDATED
348,c_cmd_len[17]$_DFFE_PN0N_,4.75,0.71,0.005458514205318531,4.744541485794682,clk_core,VALIDATED
349,c_cmd_len[18]$_DFFE_PN0N_,4.75,0.71,0.005458514205318531,4.744541485794682,clk_core,VALIDATED
346,c_cmd_len[15]$_DFFE_PN0N_,4.75,0.71,0.005458514205318531,4.744541485794682,clk_core,VALIDATED
343,c_cmd_len[24]$_DFFE_PN0N_,4.75,0.71,0.005458514205318531,4.744541485794682,clk_core,VALIDATED
347,c_cmd_len[19]$_DFFE_PN0N_,4.75,0.71,0.005458514205318531,4.744541485794682,clk_core,VALIDATED
360,c_cmd_len[26]$_DFFE_PN0N_,4.75,0.7,0.005411567725760694,4.744588432274239,clk_core,VALIDATED
352,c_cmd_len[12]$_DFFE_PN0N_,4.75,0.7,0.005381633723553374,4.7446183662764465,clk_core,VALIDATED
358,c_cmd_len[20]$_DFFE_PN0N_,4.75,0.7,0.005381633723553374,4.7446183662764465,clk_core,VALIDATED
356,c_cmd_len[22]$_DFFE_PN0N_,4.75,0.7,0.005381633723553374,4.7446183662764465,clk_core,VALIDATED
351,c_cmd_len[13]$_DFFE_PN0N_,4.75,0.7,0.005381633723553374,4.7446183662764465,clk_core,VALIDATED
350,c_cmd_len[14]$_DFFE_PN0N_,4.75,0.7,0.005381633723553374,4.7446183662764465,clk_core,VALIDATED
353,c_cmd_len[16]$_DFFE_PN0N_,4.75,0.7,0.005381633723553374,4.7446183662764465,clk_core,VALIDATED
355,c_cmd_len[23]$_DFFE_PN0N_,4.75,0.7,0.005381633723553374,4.7446183662764465,clk_core,VALIDATED
357,c_cmd_len[25]$_DFFE_PN0N_,4.75,0.7,0.005381633723553374,4.7446183662764465,clk_core,VALIDATED
363,u_seq_core.addr_q[12]$_DFFE_PN0P_,4.76,0.69,0.0058548881908749364,4.754145111809125,clk_core,VALIDATED
365,u_seq_core.addr_q[0]$_DFFE_PN0P_,4.76,0.69,0.0058548881908749364,4.754145111809125,clk_core,VALIDATED
369,u_seq_core.addr_q[16]$_DFFE_PN0P_,4.76,0.68,0.005770034738833203,4.754229965261167,clk_core,VALIDATED
362,c_cmd_len[21]$_DFFE_PN0N_,4.76,0.7,0.005392420422523782,4.754607579577476,clk_core,VALIDATED
364,c_cmd_len[31]$_DFFE_PN0N_,4.76,0.7,0.005392420422523782,4.754607579577476,clk_core,VALIDATED
371,c_cmd_len[28]$_DFFE_PN0N_,4.76,0.7,0.005392420422523782,4.754607579577476,clk_core,VALIDATED
368,c_cmd_len[27]$_DFFE_PN0N_,4.76,0.69,0.005334259615392675,4.754665740384607,clk_core,VALIDATED
366,c_cmd_len[29]$_DFFE_PN0N_,4.76,0.69,0.005334259615392675,4.754665740384607,clk_core,VALIDATED
367,c_cmd_addr[20]$_DFFE_PN0N_,4.76,0.69,0.005334259615392675,4.754665740384607,clk_core,VALIDATED
370,c_cmd_addr[31]$_DFFE_PN0N_,4.76,0.69,0.005334259615392675,4.754665740384607,clk_core,VALIDATED
372,c_cmd_len[30]$_DFFE_PN0N_,4.76,0.69,0.0053153858450591535,4.75468461415494,clk_core,VALIDATED
374,c_cmd_len[11]$_DFFE_PN0N_,4.77,0.69,0.0053153858450591535,4.76468461415494,clk_core,VALIDATED
373,c_cmd_addr[22]$_DFFE_PN0N_,4.77,0.69,0.0053153858450591535,4.76468461415494,clk_core,VALIDATED
805,u_host_if.repack_q[9]$_DFFE_PN0P_,6.54,3.69,0.028894149268581165,6.511105850731419,clk_host,VALIDATED
812,u_host_if.repack_q[11]$_DFFE_PN0P_,6.54,3.69,0.028867634340576598,6.5111323656594235,clk_host,VALIDATED
810,u_host_if.repack_q[8]$_DFFE_PN0P_,6.54,3.69,0.028867634340576598,6.5111323656594235,clk_host,VALIDATED
807,u_host_if.repack_q[5]$_DFFE_PN0P_,6.54,3.69,0.02884111941257203,6.511158880587428,clk_host,VALIDATED
808,u_host_if.repack_q[2]$_DFFE_PN0P_,6.54,3.69,0.02884111941257203,6.511158880587428,clk_host,VALIDATED
806,u_host_if.repack_q[7]$_DFFE_PN0P_,6.54,3.69,0.02884111941257203,6.511158880587428,clk_host,VALIDATED
804,u_host_if.repack_q[1]$_DFFE_PN0P_,6.54,3.69,0.02884111941257203,6.511158880587428,clk_host,VALIDATED
801,u_host_if.reg_len[9]$_DFFE_PN0P_,6.54,3.7,0.028756245217521098,6.511243754782479,clk_host,VALIDATED
802,u_host_if.reg_len[11]$_DFFE_PN0P_,6.54,3.7,0.02874359038350624,6.511256409616494,clk_host,VALIDATED
811,u_host_if.repack_q[13]$_DFFE_PN0P_,6.54,3.68,0.028704524367501566,6.511295475632498,clk_host,VALIDATED
803,u_host_if.reg_len[3]$_DFFE_PN0P_,6.54,3.7,0.028175075545661427,6.511824924454339,clk_host,VALIDATED
809,u_host_if.reg_len[0]$_DFFE_PN0P_,6.54,3.7,0.028063620387452665,6.511936379612547,clk_host,VALIDATED
815,u_host_if.repack_q[6]$_DFFE_PN0P_,6.55,3.69,0.028811822602492654,6.521188177397507,clk_host,VALIDATED
830,u_host_if.repack_q[4]$_DFFE_PN0P_,6.55,3.69,0.028758203353443867,6.521241796646556,clk_host,VALIDATED
832,u_host_if.repack_q[15]$_DFFE_PN0P_,6.55,3.68,0.028709485257931017,6.521290514742069,clk_host,VALIDATED
833,u_host_if.repack_q[3]$_DFFE_PN0P_,6.55,3.68,0.028651050428070785,6.521348949571929,clk_host,VALIDATED
816,u_host_if.reg_len[5]$_DFFE_PN0P_,6.55,3.7,0.028617208747220402,6.52138279125278,clk_host,VALIDATED
814,u_host_if.reg_len[7]$_DFFE_PN0P_,6.55,3.7,0.028615879924520388,6.52138412007548,clk_host,VALIDATED
817,u_host_if.reg_len[2]$_DFFE_PN0P_,6.55,3.7,0.02854087993512333,6.521459120064876,clk_host,VALIDATED
818,u_host_if.reg_len[8]$_DFFE_PN0P_,6.55,3.7,0.02854087993512333,6.521459120064876,clk_host,VALIDATED
822,u_host_if.reg_len[26]$_DFFE_PN0P_,6.55,3.7,0.028430042678177864,6.521569957321822,clk_host,VALIDATED
823,u_host_if.reg_len[29]$_DFFE_PN0P_,6.55,3.7,0.028430042678177864,6.521569957321822,clk_host,VALIDATED
821,u_host_if.reg_len[27]$_DFFE_PN0P_,6.55,3.7,0.028430042678177864,6.521569957321822,clk_host,VALIDATED
825,u_host_if.reg_len[6]$_DFFE_PN0P_,6.55,3.7,0.028421198793595587,6.521578801206404,clk_host,VALIDATED
820,u_host_if.reg_len[4]$_DFFE_PN0P_,6.55,3.7,0.028397298678502214,6.521602701321497,clk_host,VALIDATED
819,u_host_if.reg_len[10]$_DFFE_PN0P_,6.55,3.7,0.028268261441118853,6.521731738558881,clk_host,VALIDATED
826,u_host_if.reg_len[14]$_DFFE_PN0P_,6.55,3.69,0.02821943587570433,6.521780564124295,clk_host,VALIDATED
827,u_host_if.reg_len[20]$_DFFE_PN0P_,6.55,3.69,0.028217622756134014,6.5217823772438654,clk_host,VALIDATED
813,u_host_if.reg_len[1]$_DFFE_PN0P_,6.55,3.7,0.02818668507923175,6.521813314920768,clk_host,VALIDATED
828,u_host_if.reg_len[31]$_DFFE_PN0P_,6.55,3.69,0.028175308272874316,6.521824691727126,clk_host,VALIDATED
829,u_host_if.reg_len[21]$_DFFE_PN0P_,6.55,3.69,0.028175308272874316,6.521824691727126,clk_host,VALIDATED
831,u_host_if.reg_len[13]$_DFFE_PN0P_,6.55,3.69,0.0281232619928819,6.521876738007118,clk_host,VALIDATED
824,u_host_if.reg_len[30]$_DFFE_PN0P_,6.55,3.69,0.027941750153809397,6.52205824984619,clk_host,VALIDATED
843,u_host_if.reg_addr[11]$_DFFE_PN0P_,6.56,3.68,0.028864957216999554,6.531135042783,clk_host,VALIDATED
839,u_host_if.reg_addr[10]$_DFFE_PN0P_,6.56,3.68,0.02881943666956832,6.531180563330431,clk_host,VALIDATED
840,u_host_if.reg_addr[30]$_DFFE_PN0P_,6.56,3.68,0.02881943666956832,6.531180563330431,clk_host,VALIDATED
844,u_host_if.reg_addr[28]$_DFFE_PN0P_,6.56,3.68,0.028657801026886975,6.531342198973112,clk_host,VALIDATED
837,u_host_if.repack_q[16]$_DFFE_PN0P_,6.56,3.68,0.028647338011617313,6.531352661988382,clk_host,VALIDATED
836,u_host_if.repack_q[10]$_DFFE_PN0P_,6.56,3.68,0.028618120596687197,6.5313818794033125,clk_host,VALIDATED
835,u_host_if.repack_q[12]$_DFFE_PN0P_,6.56,3.68,0.028618120596687197,6.5313818794033125,clk_host,VALIDATED
838,u_host_if.repack_q[19]$_DFFE_PN0P_,6.56,3.68,0.028572881505524117,6.531427118494475,clk_host,VALIDATED
841,u_host_if.reg_addr[26]$_DFFE_PN0P_,6.56,3.68,0.028472594402494833,6.5315274055975046,clk_host,VALIDATED
842,u_host_if.reg_addr[27]$_DFFE_PN0P_,6.56,3.68,0.028465189621494857,6.5315348103785045,clk_host,VALIDATED
834,u_host_if.reg_len[28]$_DFFE_PN0P_,6.56,3.7,0.028314018336534158,6.531685981663466,clk_host,VALIDATED
847,u_host_if.reg_addr[4]$_DFFE_PN0P_,6.57,3.68,0.028837411139944646,6.541162588860056,clk_host,VALIDATED
848,u_host_if.reg_addr[3]$_DFFE_PN0P_,6.57,3.68,0.02880842166048775,6.541191578339513,clk_host,VALIDATED
846,u_host_if.reg_addr[9]$_DFFE_PN0P_,6.57,3.67,0.028684574682378783,6.541315425317621,clk_host,VALIDATED
845,u_host_if.reg_addr[29]$_DFFE_PN0P_,6.57,3.68,0.0286425842271828,6.541357415772818,clk_host,VALIDATED
850,u_host_if.reg_addr[5]$_DFFE_PN0P_,6.57,3.67,0.02846783622724408,6.541532163772756,clk_host,VALIDATED
849,u_host_if.reg_addr[7]$_DFFE_PN0P_,6.57,3.67,0.028424638559913784,6.541575361440087,clk_host,VALIDATED
852,u_host_if.reg_addr[8]$_DFFE_PN0P_,6.58,3.67,0.028342213840204467,6.5516577861597955,clk_host,VALIDATED
851,u_host_if.reg_addr[6]$_DFFE_PN0P_,6.58,3.67,0.028342213840204467,6.5516577861597955,clk_host,VALIDATED
853,u_host_if.reg_addr[2]$_DFFE_PN0P_,6.58,3.67,0.028338909584496752,6.551661090415504,clk_host,VALIDATED
855,u_host_if.reg_addr[0]$_DFFE_PN0P_,6.58,3.66,0.028239163533768985,6.551760836466231,clk_host,VALIDATED
854,u_host_if.reg_addr[1]$_DFFE_PN0P_,6.58,3.66,0.028058610986772925,6.551941389013227,clk_host,VALIDATED
857,u_host_if.reg_addr[13]$_DFFE_PN0P_,6.59,3.65,0.02759463637865517,6.562405363621345,clk_host,VALIDATED
886,u_host_if.repack_emit$_DFF_PN0_,6.6,3.62,0.028293997906100626,6.571706002093899,clk_host,VALIDATED
872,s_rvalid,6.59,0.41,0.006674325861060149,6.58332567413894,clk_host,VALIDATED
871,s_rdata[14],6.59,0.41,0.006601224985586948,6.5833987750144125,clk_host,VALIDATED
876,s_rdata[15],6.59,0.41,0.006601224985586948,6.5833987750144125,clk_host,VALIDATED
868,s_rdata[17],6.59,0.41,0.006601224985586948,6.5833987750144125,clk_host,VALIDATED
856,s_rdata[9],6.59,0.41,0.0065051463076886,6.5834948536923115,clk_host,VALIDATED
866,s_rdata[13],6.59,0.41,0.0065051463076886,6.5834948536923115,clk_host,VALIDATED
861,s_rdata[12],6.59,0.41,0.0065051463076886,6.5834948536923115,clk_host,VALIDATED
862,s_rdata[20],6.59,0.41,0.0065051463076886,6.5834948536923115,clk_host,VALIDATED
863,s_rdata[11],6.59,0.41,0.006400628156058311,6.583599371843942,clk_host,VALIDATED
858,s_rdata[10],6.59,0.41,0.006400628156058311,6.583599371843942,clk_host,VALIDATED
860,s_rdata[19],6.59,0.41,0.006400628156058311,6.583599371843942,clk_host,VALIDATED
870,s_rdata[8],6.59,0.41,0.006400628156058311,6.583599371843942,clk_host,VALIDATED
859,s_rdata[18],6.59,0.41,0.006400628156058311,6.583599371843942,clk_host,VALIDATED
864,s_rdata[16],6.59,0.41,0.006400628156058311,6.583599371843942,clk_host,VALIDATED
873,s_rdata[7],6.59,0.41,0.006346112221653183,6.583653887778347,clk_host,VALIDATED
867,s_rdata[6],6.59,0.41,0.006291596287248055,6.583708403712752,clk_host,VALIDATED
869,s_rdata[5],6.59,0.41,0.006291596287248055,6.583708403712752,clk_host,VALIDATED
874,s_rdata[4],6.59,0.41,0.006291596287248055,6.583708403712752,clk_host,VALIDATED
875,s_rdata[21],6.59,0.41,0.006205195806316885,6.583794804193683,clk_host,VALIDATED
865,s_rdata[3],6.59,0.41,0.006205195806316885,6.583794804193683,clk_host,VALIDATED
877,s_rdata[31],6.59,0.41,0.006205195806316885,6.583794804193683,clk_host,VALIDATED
878,s_rdata[2],6.59,0.41,0.006205195806316885,6.583794804193683,clk_host,VALIDATED
889,s_rdata[24],6.6,0.4,0.005963384817758599,6.594036615182241,clk_host,VALIDATED
891,s_rdata[22],6.6,0.4,0.005963384817758599,6.594036615182241,clk_host,VALIDATED
890,s_rdata[29],6.6,0.4,0.005963384817758599,6.594036615182241,clk_host,VALIDATED
879,s_rdata[0],6.6,0.4,0.00585477878999055,6.594145221210009,clk_host,VALIDATED
888,s_rdata[30],6.6,0.4,0.00585477878999055,6.594145221210009,clk_host,VALIDATED
887,s_rdata[28],6.6,0.4,0.00585477878999055,6.594145221210009,clk_host,VALIDATED
880,s_rdata[1],6.6,0.4,0.00585477878999055,6.594145221210009,clk_host,VALIDATED
884,s_rdata[23],6.6,0.4,0.00585477878999055,6.594145221210009,clk_host,VALIDATED
881,s_rdata[25],6.6,0.4,0.005757095722409913,6.59424290427759,clk_host,VALIDATED
885,s_rdata[27],6.6,0.4,0.0057146117216546055,6.594285388278345,clk_host,VALIDATED
883,s_rdata[26],6.6,0.4,0.0057146117216546055,6.594285388278345,clk_host,VALIDATED
882,s_bvalid,6.6,0.4,0.0031004729927314872,6.596899527007269,clk_host,VALIDATED
894,s_arready,6.62,0.38,0.006185960554153283,6.613814039445847,clk_host,VALIDATED
892,s_awready,6.62,0.38,0.0029560958446025187,6.6170439041553974,clk_host,VALIDATED
893,s_wready,6.62,0.38,0.0029560958446025187,6.6170439041553974,clk_host,VALIDATED
937,u_host_if.s_rdata[14]$_DFFE_PN0P_,6.7,3.54,0.0678018839757365,6.632198116024264,clk_host,VALIDATED
899,u_host_if.reg_len[25]$_DFFE_PN0P_,6.67,3.57,0.027851898163621658,6.642148101836378,clk_host,VALIDATED
901,u_host_if.reg_len[23]$_DFFE_PN0P_,6.67,3.57,0.027851898163621658,6.642148101836378,clk_host,VALIDATED
900,u_host_if.reg_len[16]$_DFFE_PN0P_,6.67,3.57,0.027851898163621658,6.642148101836378,clk_host,VALIDATED
938,u_host_if.s_rdata[15]$_DFFE_PN0P_,6.71,3.54,0.0678018839757365,6.642198116024264,clk_host,VALIDATED
940,u_host_if.s_rdata[17]$_DFFE_PN0P_,6.71,3.54,0.0678018839757365,6.642198116024264,clk_host,VALIDATED
904,u_host_if.reg_len[18]$_DFFE_PN0P_,6.67,3.57,0.027761490394209498,6.64223850960579,clk_host,VALIDATED
903,u_host_if.reg_len[24]$_DFFE_PN0P_,6.67,3.57,0.02771313307243517,6.642286866927565,clk_host,VALIDATED
902,u_host_if.reg_len[17]$_DFFE_PN0P_,6.67,3.57,0.02771313307243517,6.642286866927565,clk_host,VALIDATED
897,u_host_if.reg_len[19]$_DFFE_PN0P_,6.67,3.57,0.027685461387362498,6.642314538612638,clk_host,VALIDATED
898,u_host_if.reg_len[15]$_DFFE_PN0P_,6.67,3.57,0.027685461387362498,6.642314538612638,clk_host,VALIDATED
905,u_host_if.repack_q[17]$_DFFE_PN0P_,6.67,3.56,0.027657116157001005,6.642342883842999,clk_host,VALIDATED
896,u_host_if.reg_len[12]$_DFFE_PN0P_,6.67,3.57,0.027518839924283223,6.642481160075716,clk_host,VALIDATED
895,u_host_if.reg_len[22]$_DFFE_PN0P_,6.67,3.57,0.02737766150795168,6.642622338492048,clk_host,VALIDATED
942,u_host_if.s_rdata[9]$_DFFE_PN0P_,6.71,3.54,0.06728341062244364,6.642716589377557,clk_host,VALIDATED
941,u_host_if.s_rdata[13]$_DFFE_PN0P_,6.71,3.54,0.06728341062244364,6.642716589377557,clk_host,VALIDATED
943,u_host_if.s_rdata[20]$_DFFE_PN0P_,6.71,3.54,0.06728341062244364,6.642716589377557,clk_host,VALIDATED
939,u_host_if.s_rdata[12]$_DFFE_PN0P_,6.71,3.54,0.06728341062244364,6.642716589377557,clk_host,VALIDATED
944,u_host_if.s_rdata[10]$_DFFE_PN0P_,6.71,3.54,0.0670954054106696,6.64290459458933,clk_host,VALIDATED
946,u_host_if.s_rdata[8]$_DFFE_PN0P_,6.71,3.54,0.06671939498712154,6.643280605012879,clk_host,VALIDATED
945,u_host_if.s_rdata[11]$_DFFE_PN0P_,6.71,3.54,0.06671939498712154,6.643280605012879,clk_host,VALIDATED
947,u_host_if.s_rdata[7]$_DFFE_PN0P_,6.71,3.54,0.06632714619079205,6.643672853809208,clk_host,VALIDATED
949,u_host_if.s_rdata[6]$_DFFE_PN0P_,6.71,3.54,0.06613102179262731,6.643868978207372,clk_host,VALIDATED
948,u_host_if.s_rdata[5]$_DFFE_PN0P_,6.71,3.54,0.06613102179262731,6.643868978207372,clk_host,VALIDATED
950,u_host_if.s_rdata[4]$_DFFE_PN0P_,6.71,3.54,0.06582019079415535,6.644179809205845,clk_host,VALIDATED
952,u_host_if.s_rdata[2]$_DFFE_PN0P_,6.71,3.53,0.06547928157939709,6.644520718420603,clk_host,VALIDATED
951,u_host_if.s_rdata[3]$_DFFE_PN0P_,6.71,3.53,0.06547928157939709,6.644520718420603,clk_host,VALIDATED
909,u_host_if.repack_q[23]$_DFFE_PN0P_,6.68,3.57,0.02788576381347435,6.6521142361865255,clk_host,VALIDATED
911,u_host_if.repack_q[25]$_DFFE_PN0P_,6.68,3.57,0.02786108162209927,6.652138918377901,clk_host,VALIDATED
915,u_host_if.repack_q[31]$_DFFE_PN0P_,6.68,3.57,0.027839196295805224,6.652160803704194,clk_host,VALIDATED
910,u_host_if.repack_q[24]$_DFFE_PN0P_,6.68,3.57,0.027839196295805224,6.652160803704194,clk_host,VALIDATED
908,u_host_if.repack_q[20]$_DFFE_PN0P_,6.68,3.57,0.027839196295805224,6.652160803704194,clk_host,VALIDATED
913,u_host_if.repack_q[21]$_DFFE_PN0P_,6.68,3.57,0.02781587773739319,6.652184122262606,clk_host,VALIDATED
917,u_host_if.repack_q[22]$_DFFE_PN0P_,6.68,3.56,0.027683904112757673,6.652316095887242,clk_host,VALIDATED
916,u_host_if.repack_q[0]$_DFFE_PN0P_,6.68,3.56,0.027675339481285477,6.6523246605187145,clk_host,VALIDATED
907,u_host_if.repack_q[26]$_DFFE_PN0P_,6.68,3.56,0.027651280023371083,6.6523487199766285,clk_host,VALIDATED
914,u_host_if.repack_q[30]$_DFFE_PN0P_,6.68,3.56,0.027651280023371083,6.6523487199766285,clk_host,VALIDATED
906,u_host_if.repack_q[28]$_DFFE_PN0P_,6.68,3.56,0.027651280023371083,6.6523487199766285,clk_host,VALIDATED
925,u_host_if.repack_q[27]$_DFFE_PN0P_,6.68,3.56,0.027645926329188775,6.652354073670811,clk_host,VALIDATED
919,u_host_if.repack_q[18]$_DFFE_PN0P_,6.68,3.56,0.027645926329188775,6.652354073670811,clk_host,VALIDATED
921,u_host_if.repack_q[14]$_DFFE_PN0P_,6.68,3.56,0.027645926329188775,6.652354073670811,clk_host,VALIDATED
918,u_host_if.repack_q[29]$_DFFE_PN0P_,6.68,3.56,0.027645926329188775,6.652354073670811,clk_host,VALIDATED
912,u_host_if.reg_addr[23]$_DFFE_PN0P_,6.68,3.56,0.027353266653053876,6.652646733346946,clk_host,VALIDATED
920,u_host_if.reg_addr[20]$_DFFE_PN0P_,6.68,3.56,0.027351080099642544,6.652648919900357,clk_host,VALIDATED
924,u_host_if.reg_addr[14]$_DFFE_PN0P_,6.68,3.56,0.02728670605119593,6.652713293948803,clk_host,VALIDATED
923,u_host_if.reg_addr[31]$_DFFE_PN0P_,6.68,3.56,0.027249020776875243,6.652750979223124,clk_host,VALIDATED
922,u_host_if.reg_addr[21]$_DFFE_PN0P_,6.68,3.56,0.027249020776875243,6.652750979223124,clk_host,VALIDATED
927,u_host_if.reg_addr[22]$_DFFE_PN0P_,6.68,3.56,0.027237284599243683,6.6527627154007565,clk_host,VALIDATED
926,u_host_if.reg_addr[19]$_DFFE_PN0P_,6.68,3.56,0.027223052568856654,6.652776947431143,clk_host,VALIDATED
953,u_host_if.s_rdata[16]$_DFFE_PN0P_,6.72,3.53,0.06653092211992623,6.653469077880073,clk_host,VALIDATED
955,u_host_if.s_rdata[18]$_DFFE_PN0P_,6.72,3.53,0.06653092211992623,6.653469077880073,clk_host,VALIDATED
954,u_host_if.s_rdata[19]$_DFFE_PN0P_,6.72,3.53,0.06653092211992623,6.653469077880073,clk_host,VALIDATED
956,u_host_if.s_rdata[31]$_DFFE_PN0P_,6.72,3.53,0.06547928157939709,6.654520718420603,clk_host,VALIDATED
957,u_host_if.s_rdata[21]$_DFFE_PN0P_,6.72,3.52,0.0652937878638753,6.654706212136125,clk_host,VALIDATED
928,u_host_if.reg_chmask[1]$_DFFE_PN0P_,6.69,3.54,0.028403609551218678,6.661596390448782,clk_host,VALIDATED
929,u_host_if.reg_chmask[0]$_DFFE_PN0P_,6.69,3.54,0.028403609551218678,6.661596390448782,clk_host,VALIDATED
931,u_host_if.reg_addr[15]$_DFFE_PN0P_,6.69,3.54,0.02777793049112104,6.662222069508879,clk_host,VALIDATED
930,u_host_if.reg_addr[17]$_DFFE_PN0P_,6.69,3.54,0.02777793049112104,6.662222069508879,clk_host,VALIDATED
932,u_host_if.reg_addr[12]$_DFFE_PN0P_,6.7,3.54,0.027713630985147952,6.672286369014852,clk_host,VALIDATED
934,u_host_if.reg_addr[16]$_DFFE_PN0P_,6.7,3.54,0.027674034652573953,6.672325965347426,clk_host,VALIDATED
933,u_host_if.reg_addr[25]$_DFFE_PN0P_,6.7,3.54,0.027674034652573953,6.672325965347426,clk_host,VALIDATED
936,u_host_if.reg_addr[24]$_DFFE_PN0P_,6.7,3.54,0.027634438319999954,6.67236556168,clk_host,VALIDATED
935,u_host_if.reg_addr[18]$_DFFE_PN0P_,6.7,3.54,0.027634438319999954,6.67236556168,clk_host,VALIDATED
958,u_host_if.reg_chan$_DFFE_PN0P_,6.74,3.49,0.028142333307922374,6.711857666692078,clk_host,VALIDATED
959,u_host_if.reg_opcode[1]$_DFFE_PN0P_,6.74,3.49,0.028019663869126132,6.711980336130874,clk_host,VALIDATED
960,u_host_if.done_sticky$_DFF_PN0_,6.74,3.5,0.027851294794569326,6.712148705205431,clk_host,VALIDATED
962,u_host_if.reg_opcode[4]$_DFFE_PN0P_,6.75,3.5,0.027255157603145508,6.722744842396854,clk_host,VALIDATED
963,u_host_if.reg_opcode[6]$_DFFE_PN0P_,6.75,3.5,0.02724213160791089,6.722757868392089,clk_host,VALIDATED
966,u_host_if.reg_opcode[5]$_DFFE_PN0P_,6.75,3.49,0.0271759458772029,6.722824054122797,clk_host,VALIDATED
967,u_host_if.reg_opcode[2]$_DFFE_PN0P_,6.75,3.49,0.0271759458772029,6.722824054122797,clk_host,VALIDATED
965,u_host_if.reg_opcode[7]$_DFFE_PN0P_,6.75,3.49,0.02717086414555664,6.722829135854443,clk_host,VALIDATED
964,u_host_if.reg_opcode[3]$_DFFE_PN0P_,6.75,3.49,0.027164296946174116,6.722835703053826,clk_host,VALIDATED
961,u_host_if.reg_opcode[0]$_DFFE_PN0P_,6.75,3.49,0.0271540978436145,6.7228459021563856,clk_host,VALIDATED
968,u_host_if.reg_ecc_en$_DFFE_PN0P_,6.79,3.44,0.026971358636624032,6.763028641363376,clk_host,VALIDATED
971,u_host_if.s_rdata[29]$_DFFE_PN0P_,6.84,3.4,0.061814639533826155,6.778185360466174,clk_host,VALIDATED
970,u_host_if.s_rdata[24]$_DFFE_PN0P_,6.84,3.4,0.061814639533826155,6.778185360466174,clk_host,VALIDATED
972,u_host_if.s_rdata[22]$_DFFE_PN0P_,6.84,3.4,0.061814639533826155,6.778185360466174,clk_host,VALIDATED
973,u_host_if.s_rdata[1]$_DFFE_PN0P_,6.85,3.39,0.061005261712308856,6.788994738287691,clk_host,VALIDATED
974,u_host_if.s_rdata[0]$_DFFE_PN0P_,6.85,3.39,0.061005261712308856,6.788994738287691,clk_host,VALIDATED
975,u_host_if.s_rdata[28]$_DFFE_PN0P_,6.85,3.39,0.061005261712308856,6.788994738287691,clk_host,VALIDATED
979,u_host_if.s_rdata[23]$_DFFE_PN0P_,6.85,3.39,0.061005261712308856,6.788994738287691,clk_host,VALIDATED
980,u_host_if.s_rdata[30]$_DFFE_PN0P_,6.85,3.39,0.061005261712308856,6.788994738287691,clk_host,VALIDATED
977,u_host_if.s_rdata[25]$_DFFE_PN0P_,6.85,3.39,0.06083972155362399,6.789160278446376,clk_host,VALIDATED
978,u_host_if.s_rdata[26]$_DFFE_PN0P_,6.85,3.39,0.06046529993769656,6.789534700062303,clk_host,VALIDATED
976,u_host_if.s_rdata[27]$_DFFE_PN0P_,6.85,3.39,0.06046529993769656,6.789534700062303,clk_host,VALIDATED
981,u_host_if.rpop_loaded$_DFFE_PN0P_,6.86,3.37,0.05989905427757708,6.8001009457224235,clk_host,VALIDATED
969,u_host_if.start_pulse$_DFF_PN0_,6.83,3.42,0.026697677698983402,6.8033023223010165,clk_host,VALIDATED
982,u_host_if.s_rvalid$_DFFE_PN0P_,6.98,3.26,0.05871346576739289,6.921286534232608,clk_host,VALIDATED
985,u_host_if.awaddr_q[3]$_DFFE_PN0P_,7.04,3.19,0.02482221579706778,7.015177784202932,clk_host,VALIDATED
984,u_host_if.awaddr_q[2]$_DFFE_PN0P_,7.04,3.19,0.02482221579706778,7.015177784202932,clk_host,VALIDATED
983,u_host_if.awaddr_q[4]$_DFFE_PN0P_,7.04,3.19,0.02482221579706778,7.015177784202932,clk_host,VALIDATED
986,u_host_if.awaddr_q[5]$_DFFE_PN0P_,7.08,3.16,0.024588778030951497,7.055411221969049,clk_host,VALIDATED
988,u_host_if.awaddr_q[7]$_DFFE_PN0P_,7.08,3.16,0.024588778030951497,7.055411221969049,clk_host,VALIDATED
990,u_host_if.awaddr_q[1]$_DFFE_PN0P_,7.08,3.16,0.024588778030951497,7.055411221969049,clk_host,VALIDATED
989,u_host_if.awaddr_q[0]$_DFFE_PN0P_,7.08,3.16,0.024588778030951497,7.055411221969049,clk_host,VALIDATED
987,u_host_if.awaddr_q[6]$_DFFE_PN0P_,7.08,3.16,0.024588778030951497,7.055411221969049,clk_host,VALIDATED
991,u_host_if.s_bvalid$_DFFE_PN0P_,7.17,3.06,0.023751078924653335,7.146248921075347,clk_host,VALIDATED
992,u_host_if.rpop_q[24]$_DFFE_PN0P_,9.1,1.13,0.019241102333954083,9.080758897666046,clk_host,VALIDATED
997,u_host_if.rpop_q[17]$_DFFE_PN0P_,9.11,1.13,0.020240481084721956,9.089759518915278,clk_host,VALIDATED
996,u_host_if.rpop_q[12]$_DFFE_PN0P_,9.11,1.13,0.020230963541847863,9.08976903645815,clk_host,VALIDATED
993,u_host_if.rpop_q[13]$_DFFE_PN0P_,9.11,1.13,0.019912818608341126,9.090087181391658,clk_host,VALIDATED
998,u_host_if.rpop_q[11]$_DFFE_PN0P_,9.11,1.13,0.01983794057958274,9.090162059420416,clk_host,VALIDATED
994,u_host_if.rpop_q[8]$_DFFE_PN0P_,9.11,1.13,0.0197075370088301,9.090292462991169,clk_host,VALIDATED
995,u_host_if.rpop_q[6]$_DFFE_PN0P_,9.11,1.13,0.019642742751207767,9.090357257248792,clk_host,VALIDATED
1001,u_cdc_cmd.mem[10][37]$_DFFE_PP_,9.17,1.08,0.008319504205431913,9.161680495794569,clk_host,VALIDATED
1000,u_cdc_cmd.mem[10][38]$_DFFE_PP_,9.17,1.08,0.00824166051966356,9.161758339480336,clk_host,VALIDATED
999,u_cdc_cmd.mem[10][36]$_DFFE_PP_,9.17,1.07,0.008228461029724368,9.161771538970276,clk_host,VALIDATED
1002,u_cdc_cmd.mem[10][35]$_DFFE_PP_,9.17,1.08,0.0081998201820387,9.161800179817961,clk_host,VALIDATED
1008,u_cdc_cmd.mem[7][34]$_DFFE_PP_,9.17,1.07,0.008191380095740858,9.161808619904258,clk_host,VALIDATED
1003,u_cdc_cmd.mem[10][52]$_DFFE_PP_,9.17,1.07,0.008184097430522438,9.161815902569478,clk_host,VALIDATED
1011,u_cdc_cmd.mem[7][65]$_DFFE_PP_,9.17,1.07,0.008160275887167431,9.161839724112832,clk_host,VALIDATED
1019,u_cdc_cmd.mem[10][30]$_DFFE_PP_,9.17,1.08,0.008153416892669754,9.16184658310733,clk_host,VALIDATED
1017,u_cdc_cmd.mem[10][40]$_DFFE_PP_,9.17,1.08,0.008134249442889235,9.16186575055711,clk_host,VALIDATED
1005,u_cdc_cmd.mem[7][33]$_DFFE_PP_,9.17,1.07,0.00811387196310255,9.161886128036898,clk_host,VALIDATED
1009,u_cdc_cmd.mem[7][57]$_DFFE_PP_,9.17,1.07,0.008110888233726868,9.161889111766273,clk_host,VALIDATED
1021,u_cdc_cmd.mem[7][59]$_DFFE_PP_,9.17,1.07,0.008103288777993836,9.161896711222006,clk_host,VALIDATED
1013,u_cdc_cmd.mem[7][53]$_DFFE_PP_,9.17,1.07,0.008096708057997837,9.161903291942002,clk_host,VALIDATED
1016,u_cdc_cmd.mem[7][58]$_DFFE_PP_,9.17,1.07,0.008089864889256684,9.161910135110743,clk_host,VALIDATED
1007,u_cdc_cmd.mem[7][60]$_DFFE_PP_,9.17,1.07,0.008086857801543765,9.161913142198456,clk_host,VALIDATED
1020,u_cdc_cmd.mem[7][64]$_DFFE_PP_,9.17,1.07,0.00808433824077305,9.161915661759227,clk_host,VALIDATED
1010,u_cdc_cmd.mem[7][56]$_DFFE_PP_,9.17,1.07,0.008071004224471504,9.16192899577553,clk_host,VALIDATED
1004,u_cdc_cmd.mem[10][69]$_DFFE_PP_,9.17,1.07,0.008057897923650512,9.161942102076349,clk_host,VALIDATED
1006,u_cdc_cmd.mem[10][72]$_DFFE_PP_,9.17,1.07,0.00805556437876015,9.16194443562124,clk_host,VALIDATED
1015,u_cdc_cmd.mem[10][29]$_DFFE_PP_,9.17,1.07,0.008024933539724846,9.161975066460275,clk_host,VALIDATED
1023,u_cdc_cmd.mem[10][31]$_DFFE_PP_,9.17,1.07,0.008012713037169383,9.16198728696283,clk_host,VALIDATED
1022,u_cdc_cmd.mem[10][23]$_DFFE_PP_,9.17,1.07,0.008010128467460131,9.16198987153254,clk_host,VALIDATED
1012,u_cdc_cmd.mem[7][63]$_DFFE_PP_,9.17,1.06,0.00800973635923044,9.161990263640769,clk_host,VALIDATED
1014,u_cdc_cmd.mem[7][66]$_DFFE_PP_,9.17,1.06,0.008007846879264854,9.161992153120735,clk_host,VALIDATED
1024,u_cdc_cmd.mem[10][41]$_DFFE_PP_,9.17,1.07,0.00800602485881148,9.161993975141188,clk_host,VALIDATED
1018,u_cdc_cmd.mem[10][71]$_DFFE_PP_,9.17,1.07,0.00799193756523836,9.162008062434762,clk_host,VALIDATED
1037,u_host_if.rpop_q[3]$_DFFE_PN0P_,9.18,1.06,0.017526109898418116,9.162473890101582,clk_host,VALIDATED
1030,u_host_if.rpop_q[2]$_DFFE_PN0P_,9.18,1.06,0.017480007670368766,9.162519992329631,clk_host,VALIDATED
1035,u_host_if.rpop_q[1]$_DFFE_PN0P_,9.18,1.06,0.017444704690783075,9.162555295309216,clk_host,VALIDATED
1034,u_host_if.rpop_q[0]$_DFFE_PN0P_,9.18,1.06,0.017331647346351967,9.162668352653649,clk_host,VALIDATED
1025,u_cdc_cmd.mem[10][67]$_DFFE_PP_,9.18,1.08,0.008156965469088326,9.17184303453091,clk_host,VALIDATED
1028,u_cdc_cmd.mem[10][70]$_DFFE_PP_,9.18,1.08,0.008134249442889235,9.17186575055711,clk_host,VALIDATED
1036,u_cdc_cmd.mem[10][45]$_DFFE_PP_,9.18,1.07,0.008108917721286232,9.171891082278714,clk_host,VALIDATED
1027,u_cdc_cmd.mem[7][62]$_DFFE_PP_,9.18,1.07,0.008079298554843878,9.171920701445156,clk_host,VALIDATED
1026,u_cdc_cmd.mem[7][61]$_DFFE_PP_,9.18,1.07,0.008079298554843878,9.171920701445156,clk_host,VALIDATED
1029,u_cdc_cmd.mem[7][72]$_DFFE_PP_,9.18,1.07,0.008065601354952684,9.171934398645048,clk_host,VALIDATED
1031,u_cdc_cmd.mem[10][68]$_DFFE_PP_,9.18,1.07,0.008064689892326768,9.171935310107672,clk_host,VALIDATED
1033,u_cdc_cmd.mem[10][51]$_DFFE_PP_,9.18,1.07,0.008064689892326768,9.171935310107672,clk_host,VALIDATED
1038,u_cdc_cmd.mem[10][47]$_DFFE_PP_,9.18,1.07,0.008045124974403323,9.171954875025596,clk_host,VALIDATED
1032,u_cdc_cmd.mem[10][28]$_DFFE_PP_,9.18,1.07,0.0080152397471846,9.171984760252816,clk_host,VALIDATED
1040,u_cdc_cmd.mem[6][63]$_DFFE_PP_,9.18,1.05,0.007989738987228184,9.17201026101277,clk_host,VALIDATED
1039,u_cdc_cmd.mem[6][66]$_DFFE_PP_,9.18,1.05,0.007957627453535884,9.172042372546464,clk_host,VALIDATED
1042,u_host_if.rpop_q[26]$_DFFE_PN0P_,9.19,1.05,0.017463080226195846,9.172536919773803,clk_host,VALIDATED
1053,u_cdc_cmd.mem[6][57]$_DFFE_PP_,9.19,1.05,0.008080335572664257,9.181919664427335,clk_host,VALIDATED
1046,u_cdc_cmd.mem[6][33]$_DFFE_PP_,9.19,1.05,0.007987537104460929,9.182012462895539,clk_host,VALIDATED
1048,u_cdc_cmd.mem[6][34]$_DFFE_PP_,9.19,1.05,0.007987537104460929,9.182012462895539,clk_host,VALIDATED
1041,u_cdc_cmd.mem[6][62]$_DFFE_PP_,9.19,1.05,0.00798508665192571,9.182014913348073,clk_host,VALIDATED
1052,u_cdc_cmd.mem[6][64]$_DFFE_PP_,9.19,1.05,0.00797715173589629,9.182022848264102,clk_host,VALIDATED
1050,u_cdc_cmd.mem[6][65]$_DFFE_PP_,9.19,1.05,0.007974704926507162,9.182025295073492,clk_host,VALIDATED
1044,u_cdc_cmd.mem[6][53]$_DFFE_PP_,9.19,1.05,0.007970694020012353,9.182029305979988,clk_host,VALIDATED
1043,u_cdc_cmd.mem[6][61]$_DFFE_PP_,9.19,1.05,0.007969348290029016,9.18203065170997,clk_host,VALIDATED
1051,u_cdc_cmd.mem[6][59]$_DFFE_PP_,9.19,1.05,0.007963978760967313,9.182036021239032,clk_host,VALIDATED
1049,u_cdc_cmd.mem[6][60]$_DFFE_PP_,9.19,1.05,0.007961027880501362,9.182038972119498,clk_host,VALIDATED
1054,u_cdc_cmd.mem[6][58]$_DFFE_PP_,9.19,1.05,0.007950805786038337,9.182049194213961,clk_host,VALIDATED
1047,u_cdc_cmd.mem[6][56]$_DFFE_PP_,9.19,1.05,0.007948523330272905,9.182051476669727,clk_host,VALIDATED
1045,u_cdc_cmd.mem[6][72]$_DFFE_PP_,9.19,1.05,0.007940168750669024,9.182059831249331,clk_host,VALIDATED
1055,u_cdc_cmd.mem[9][67]$_DFFE_PP_,9.2,1.04,0.007814379501608223,9.19218562049839,clk_host,VALIDATED
1061,u_cdc_cmd.mem[9][31]$_DFFE_PP_,9.2,1.04,0.007790433791936752,9.192209566208062,clk_host,VALIDATED
1056,u_cdc_cmd.mem[9][29]$_DFFE_PP_,9.2,1.04,0.007789218540535575,9.192210781459464,clk_host,VALIDATED
1058,u_cdc_cmd.mem[9][41]$_DFFE_PP_,9.2,1.04,0.0077638600872088764,9.19223613991279,clk_host,VALIDATED
1057,u_cdc_cmd.mem[9][28]$_DFFE_PP_,9.2,1.04,0.007762736343507368,9.192237263656493,clk_host,VALIDATED
1060,u_cdc_cmd.mem[9][25]$_DFFE_PP_,9.2,1.04,0.007762736343507368,9.192237263656493,clk_host,VALIDATED
1059,u_cdc_cmd.mem[9][71]$_DFFE_PP_,9.2,1.04,0.007750268499039398,9.19224973150096,clk_host,VALIDATED
1069,u_host_if.rpop_q[22]$_DFFE_PN0P_,9.21,1.02,0.017448162807982406,9.192551837192019,clk_host,VALIDATED
1068,u_host_if.rpop_q[27]$_DFFE_PN0P_,9.21,1.02,0.017094718439061143,9.19290528156094,clk_host,VALIDATED
1070,u_host_if.rpop_q[20]$_DFFE_PN0P_,9.22,1.02,0.0195640508106448,9.200435949189355,clk_host,VALIDATED
1063,u_cdc_cmd.mem[9][30]$_DFFE_PP_,9.21,1.04,0.007833842438886407,9.202166157561114,clk_host,VALIDATED
1065,u_cdc_cmd.mem[9][68]$_DFFE_PP_,9.21,1.04,0.00782098104125617,9.202179018958745,clk_host,VALIDATED
1066,u_cdc_cmd.mem[9][69]$_DFFE_PP_,9.21,1.04,0.007819929891691613,9.202180070108309,clk_host,VALIDATED
1064,u_cdc_cmd.mem[9][40]$_DFFE_PP_,9.21,1.04,0.007819929891691613,9.202180070108309,clk_host,VALIDATED
1067,u_cdc_cmd.mem[9][70]$_DFFE_PP_,9.21,1.04,0.007815384894653318,9.202184615105347,clk_host,VALIDATED
1062,u_cdc_cmd.mem[9][23]$_DFFE_PP_,9.21,1.04,0.007750268499039398,9.202249731500961,clk_host,VALIDATED
1071,u_host_if.rpop_q[29]$_DFFE_PN0P_,9.22,1.02,0.01705537371628646,9.202944626283713,clk_host,VALIDATED
1074,u_host_if.rpop_q[15]$_DFFE_PN0P_,9.23,1.02,0.019897609368952768,9.210102390631048,clk_host,VALIDATED
1072,u_host_if.rpop_q[9]$_DFFE_PN0P_,9.23,1.02,0.01951943402118668,9.210480565978814,clk_host,VALIDATED
1076,u_host_if.rpop_q[16]$_DFFE_PN0P_,9.23,1.01,0.01929418857903248,9.210705811420969,clk_host,VALIDATED
1073,u_host_if.rpop_q[18]$_DFFE_PN0P_,9.23,1.02,0.01910459754652903,9.210895402453472,clk_host,VALIDATED
1078,u_host_if.rpop_q[19]$_DFFE_PN0P_,9.23,1.01,0.0189995613916885,9.211000438608313,clk_host,VALIDATED
1075,u_host_if.rpop_q[10]$_DFFE_PN0P_,9.23,1.01,0.01871298032014025,9.21128701967986,clk_host,VALIDATED
1084,u_host_if.rpop_q[14]$_DFFE_PN0P_,9.24,1.01,0.01878502080970383,9.221214979190297,clk_host,VALIDATED
1086,u_host_if.rpop_q[7]$_DFFE_PN0P_,9.24,1.0,0.018313171663761466,9.221686828336239,clk_host,VALIDATED
1082,u_cdc_cmd.mem[3][68]$_DFFE_PP_,9.23,1.01,0.007751263604757197,9.222248736395244,clk_host,VALIDATED
1081,u_cdc_cmd.mem[3][30]$_DFFE_PP_,9.23,1.01,0.00775020287737152,9.222249797122629,clk_host,VALIDATED
1077,u_cdc_cmd.mem[3][40]$_DFFE_PP_,9.23,1.01,0.00775020287737152,9.222249797122629,clk_host,VALIDATED
1083,u_cdc_cmd.mem[3][70]$_DFFE_PP_,9.23,1.01,0.007727815286185241,9.222272184713816,clk_host,VALIDATED
1080,u_cdc_cmd.mem[3][67]$_DFFE_PP_,9.23,1.01,0.007716579081878672,9.222283420918123,clk_host,VALIDATED
1079,u_cdc_cmd.mem[3][44]$_DFFE_PP_,9.23,1.01,0.0076281801467149996,9.222371819853285,clk_host,VALIDATED
1093,u_cdc_cmd.mem[3][52]$_DFFE_PP_,9.24,1.01,0.007778906564491442,9.23222109343551,clk_host,VALIDATED
1094,u_cdc_cmd.mem[3][48]$_DFFE_PP_,9.24,1.01,0.007771272243798463,9.232228727756201,clk_host,VALIDATED
1090,u_cdc_cmd.mem[3][43]$_DFFE_PP_,9.24,1.01,0.007761811244491726,9.232238188755508,clk_host,VALIDATED
1095,u_cdc_cmd.mem[3][46]$_DFFE_PP_,9.24,1.01,0.00776073960772429,9.232239260392276,clk_host,VALIDATED
1091,u_cdc_cmd.mem[3][51]$_DFFE_PP_,9.24,1.01,0.0077541007375594995,9.232245899262441,clk_host,VALIDATED
1088,u_cdc_cmd.mem[3][49]$_DFFE_PP_,9.24,1.01,0.007748587400142379,9.232251412599858,clk_host,VALIDATED
1087,u_cdc_cmd.mem[3][50]$_DFFE_PP_,9.24,1.0,0.0077394651120207825,9.23226053488798,clk_host,VALIDATED
1092,u_cdc_cmd.mem[3][45]$_DFFE_PP_,9.24,1.01,0.007725401144718175,9.232274598855282,clk_host,VALIDATED
1096,u_cdc_cmd.mem[3][47]$_DFFE_PP_,9.24,1.01,0.00769884709107585,9.232301152908924,clk_host,VALIDATED
1089,u_cdc_cmd.mem[3][41]$_DFFE_PP_,9.24,1.01,0.007693714743462268,9.232306285256538,clk_host,VALIDATED
1085,u_cdc_cmd.mem[3][69]$_DFFE_PP_,9.24,1.01,0.007682632552991481,9.232317367447008,clk_host,VALIDATED
1100,u_cdc_cmd.mem[3][13]$_DFFE_PP_,9.25,1.0,0.007757075525786056,9.242242924474214,clk_host,VALIDATED
1097,u_cdc_cmd.mem[3][37]$_DFFE_PP_,9.25,1.0,0.0077558202052081665,9.242244179794792,clk_host,VALIDATED
1104,u_cdc_cmd.mem[3][38]$_DFFE_PP_,9.25,1.0,0.007748756656694986,9.242251243343304,clk_host,VALIDATED
1099,u_cdc_cmd.mem[3][14]$_DFFE_PP_,9.25,1.0,0.007739681082845479,9.242260318917154,clk_host,VALIDATED
1098,u_cdc_cmd.mem[3][39]$_DFFE_PP_,9.25,0.99,0.007719568006192445,9.242280431993807,clk_host,VALIDATED
1106,u_cdc_cmd.mem[3][12]$_DFFE_PP_,9.25,0.99,0.007713145578444325,9.242286854421556,clk_host,VALIDATED
1103,u_cdc_cmd.mem[3][36]$_DFFE_PP_,9.25,0.99,0.00770765125694807,9.242292348743051,clk_host,VALIDATED
1101,u_cdc_cmd.mem[3][35]$_DFFE_PP_,9.25,1.0,0.007701651395406975,9.242298348604592,clk_host,VALIDATED
1102,u_cdc_cmd.mem[3][3]$_DFFE_PP_,9.25,1.0,0.007691840747884621,9.242308159252115,clk_host,VALIDATED
1105,u_cdc_cmd.mem[3][18]$_DFFE_PP_,9.25,0.99,0.007679504770528339,9.242320495229471,clk_host,VALIDATED
1107,u_cdc_cmd.mem[2][70]$_DFFE_PP_,9.25,0.99,0.007645005461915336,9.242354994538085,clk_host,VALIDATED
1109,u_cdc_cmd.mem[2][40]$_DFFE_PP_,9.25,0.99,0.007608144359744828,9.242391855640255,clk_host,VALIDATED
1108,u_cdc_cmd.mem[2][67]$_DFFE_PP_,9.25,0.99,0.007580693234590194,9.24241930676541,clk_host,VALIDATED
1115,u_cdc_cmd.mem[2][37]$_DFFE_PP_,9.26,0.99,0.007695179702043531,9.252304820297956,clk_host,VALIDATED
1119,u_cdc_cmd.mem[2][38]$_DFFE_PP_,9.26,0.99,0.0076881867890154915,9.252311813210984,clk_host,VALIDATED
1143,u_cdc_cmd.mem[2][39]$_DFFE_PP_,9.26,0.98,0.007658339384826393,9.252341660615173,clk_host,VALIDATED
1137,u_cdc_cmd.mem[2][52]$_DFFE_PP_,9.26,0.99,0.007641786509626505,9.252358213490373,clk_host,VALIDATED
1113,u_cdc_cmd.mem[2][35]$_DFFE_PP_,9.26,0.99,0.007641552580340341,9.25235844741966,clk_host,VALIDATED
1127,u_cdc_cmd.mem[2][48]$_DFFE_PP_,9.26,0.99,0.007641430959768922,9.252358569040231,clk_host,VALIDATED
1121,u_cdc_cmd.mem[2][36]$_DFFE_PP_,9.26,0.98,0.007628457744786862,9.252371542255213,clk_host,VALIDATED
1118,u_cdc_cmd.mem[2][43]$_DFFE_PP_,9.26,0.99,0.0076250297108148984,9.252374970289186,clk_host,VALIDATED
1133,u_cdc_cmd.mem[2][46]$_DFFE_PP_,9.26,0.99,0.007623979294577504,9.252376020705423,clk_host,VALIDATED
1111,u_cdc_cmd.mem[2][68]$_DFFE_PP_,9.26,0.99,0.007614690935233495,9.252385309064767,clk_host,VALIDATED
1112,u_cdc_cmd.mem[2][30]$_DFFE_PP_,9.26,0.99,0.007613651212350525,9.252386348787649,clk_host,VALIDATED
1110,u_cdc_cmd.mem[2][49]$_DFFE_PP_,9.26,0.99,0.0076120677247695084,9.25238793227523,clk_host,VALIDATED
1128,u_cdc_cmd.mem[10][39]$_DFFE_PP_,9.26,0.98,0.0076051892961468415,9.252394810703853,clk_host,VALIDATED
1116,u_cdc_cmd.mem[2][50]$_DFFE_PP_,9.26,0.98,0.0076014226228204446,9.25239857737718,clk_host,VALIDATED
1140,u_cdc_cmd.mem[2][51]$_DFFE_PP_,9.26,0.99,0.0076005592357747676,9.252399440764226,clk_host,VALIDATED
1144,u_cdc_cmd.mem[10][13]$_DFFE_PP_,9.26,0.98,0.00759837763035337,9.252401622369646,clk_host,VALIDATED
1135,u_cdc_cmd.mem[2][45]$_DFFE_PP_,9.26,0.99,0.007589340603116071,9.252410659396883,clk_host,VALIDATED
1142,u_cdc_cmd.mem[10][12]$_DFFE_PP_,9.26,0.98,0.007584040442143697,9.252415959557856,clk_host,VALIDATED
1126,u_cdc_cmd.mem[10][19]$_DFFE_PP_,9.26,0.98,0.007572217879634441,9.252427782120366,clk_host,VALIDATED
1123,u_cdc_cmd.mem[10][20]$_DFFE_PP_,9.26,0.98,0.007572217879634441,9.252427782120366,clk_host,VALIDATED
1129,u_cdc_cmd.mem[2][47]$_DFFE_PP_,9.26,0.99,0.007563312372318151,9.252436687627682,clk_host,VALIDATED
1117,u_cdc_cmd.mem[2][41]$_DFFE_PP_,9.26,0.99,0.007558281655350399,9.252441718344649,clk_host,VALIDATED
1114,u_cdc_cmd.mem[2][44]$_DFFE_PP_,9.26,0.99,0.007558281655350399,9.252441718344649,clk_host,VALIDATED
1124,u_cdc_cmd.mem[11][37]$_DFFE_PP_,9.26,0.98,0.007551688179629576,9.25244831182037,clk_host,VALIDATED
1122,u_cdc_cmd.mem[11][36]$_DFFE_PP_,9.26,0.98,0.007551688179629576,9.25244831182037,clk_host,VALIDATED
1138,u_cdc_cmd.mem[10][50]$_DFFE_PP_,9.26,0.98,0.00754420705114045,9.25245579294886,clk_host,VALIDATED
1134,u_cdc_cmd.mem[10][16]$_DFFE_PP_,9.26,0.98,0.0075371117082340955,9.252462888291765,clk_host,VALIDATED
1125,u_cdc_cmd.mem[11][52]$_DFFE_PP_,9.26,0.98,0.007524238299820449,9.252475761700179,clk_host,VALIDATED
1139,u_cdc_cmd.mem[11][38]$_DFFE_PP_,9.26,0.98,0.007493884499341366,9.252506115500658,clk_host,VALIDATED
1130,u_cdc_cmd.mem[11][35]$_DFFE_PP_,9.26,0.98,0.007480589341662222,9.252519410658337,clk_host,VALIDATED
1141,u_cdc_cmd.mem[11][72]$_DFFE_PP_,9.26,0.98,0.007393334237624963,9.252606665762375,clk_host,VALIDATED
1132,u_cdc_cmd.mem[11][54]$_DFFE_PP_,9.26,0.98,0.007372907276617366,9.252627092723383,clk_host,VALIDATED
1145,u_cdc_cmd.mem[11][31]$_DFFE_PP_,9.26,0.98,0.007372907276617366,9.252627092723383,clk_host,VALIDATED
1146,u_cdc_cmd.mem[11][29]$_DFFE_PP_,9.26,0.98,0.007365279824302906,9.252634720175697,clk_host,VALIDATED
1136,u_cdc_cmd.mem[11][23]$_DFFE_PP_,9.26,0.98,0.007351720038490342,9.252648279961509,clk_host,VALIDATED
1120,u_cdc_cmd.mem[11][41]$_DFFE_PP_,9.26,0.98,0.007347961593186,9.252652038406813,clk_host,VALIDATED
1131,u_cdc_cmd.mem[11][28]$_DFFE_PP_,9.26,0.98,0.007347289752598754,9.252652710247402,clk_host,VALIDATED
1155,u_cdc_cmd.mem[2][12]$_DFFE_PP_,9.27,0.98,0.007651981830085849,9.262348018169913,clk_host,VALIDATED
1150,u_cdc_cmd.mem[2][18]$_DFFE_PP_,9.27,0.98,0.007618680828310423,9.26238131917169,clk_host,VALIDATED
1151,u_cdc_cmd.mem[2][13]$_DFFE_PP_,9.27,0.98,0.007618680828310423,9.26238131917169,clk_host,VALIDATED
1148,u_cdc_cmd.mem[2][14]$_DFFE_PP_,9.27,0.98,0.00760163427422865,9.26239836572577,clk_host,VALIDATED
1153,u_cdc_cmd.mem[2][3]$_DFFE_PP_,9.27,0.98,0.0075547507459669955,9.262445249254032,clk_host,VALIDATED
1152,u_cdc_cmd.mem[10][14]$_DFFE_PP_,9.27,0.98,0.007515458517197898,9.262484541482802,clk_host,VALIDATED
1149,u_cdc_cmd.mem[10][18]$_DFFE_PP_,9.27,0.98,0.0075047473789770225,9.262495252621022,clk_host,VALIDATED
1164,u_cdc_cmd.mem[10][3]$_DFFE_PP_,9.27,0.98,0.0074807065610336815,9.262519293438967,clk_host,VALIDATED
1170,u_cdc_cmd.mem[11][45]$_DFFE_PP_,9.27,0.98,0.007442199915826425,9.262557800084172,clk_host,VALIDATED
1169,u_cdc_cmd.mem[10][43]$_DFFE_PP_,9.27,0.97,0.007419985213403785,9.262580014786597,clk_host,VALIDATED
1168,u_cdc_cmd.mem[10][4]$_DFFE_PP_,9.27,0.97,0.007417730025238281,9.26258226997476,clk_host,VALIDATED
1163,u_cdc_cmd.mem[11][67]$_DFFE_PP_,9.27,0.98,0.007417031583078659,9.26258296841692,clk_host,VALIDATED
1159,u_cdc_cmd.mem[11][70]$_DFFE_PP_,9.27,0.98,0.0074138115785507,9.262586188421448,clk_host,VALIDATED
1157,u_cdc_cmd.mem[11][30]$_DFFE_PP_,9.27,0.98,0.0074138115785507,9.262586188421448,clk_host,VALIDATED
1154,u_cdc_cmd.mem[10][7]$_DFFE_PP_,9.27,0.97,0.007407605762038388,9.262592394237961,clk_host,VALIDATED
1156,u_cdc_cmd.mem[10][6]$_DFFE_PP_,9.27,0.97,0.00740275995212912,9.26259724004787,clk_host,VALIDATED
1162,u_cdc_cmd.mem[10][11]$_DFFE_PP_,9.27,0.97,0.00740275995212912,9.26259724004787,clk_host,VALIDATED
1167,u_cdc_cmd.mem[11][51]$_DFFE_PP_,9.27,0.98,0.007401692184629882,9.26259830781537,clk_host,VALIDATED
1166,u_cdc_cmd.mem[11][68]$_DFFE_PP_,9.27,0.98,0.007401692184629882,9.26259830781537,clk_host,VALIDATED
1165,u_cdc_cmd.mem[11][69]$_DFFE_PP_,9.27,0.98,0.007400701678309446,9.26259929832169,clk_host,VALIDATED
1158,u_cdc_cmd.mem[10][15]$_DFFE_PP_,9.27,0.97,0.00739459180115605,9.262605408198844,clk_host,VALIDATED
1161,u_cdc_cmd.mem[11][40]$_DFFE_PP_,9.27,0.98,0.0073898639425181295,9.262610136057482,clk_host,VALIDATED
1160,u_cdc_cmd.mem[10][17]$_DFFE_PP_,9.27,0.97,0.007387459171611974,9.262612540828387,clk_host,VALIDATED
1147,u_cdc_cmd.mem[11][71]$_DFFE_PP_,9.27,0.98,0.0073350592121563946,9.262664940787843,clk_host,VALIDATED
1171,u_cdc_cmd.mem[10][48]$_DFFE_PP_,9.28,0.98,0.007511933228874362,9.272488066771125,clk_host,VALIDATED
1173,u_cdc_cmd.mem[10][5]$_DFFE_PP_,9.28,0.97,0.0074158210598350705,9.272584178940164,clk_host,VALIDATED
1172,u_cdc_cmd.mem[10][49]$_DFFE_PP_,9.28,0.97,0.00740673181644258,9.272593268183556,clk_host,VALIDATED
1175,u_cdc_cmd.mem[10][9]$_DFFE_PP_,9.28,0.97,0.007405701433566864,9.272594298566432,clk_host,VALIDATED
1174,u_cdc_cmd.mem[11][47]$_DFFE_PP_,9.28,0.98,0.007383772914008407,9.27261622708599,clk_host,VALIDATED
1185,u_cdc_cmd.mem[10][22]$_DFFE_PP_,9.28,0.96,0.00731912571746951,9.27268087428253,clk_host,VALIDATED
1180,u_cdc_cmd.mem[5][70]$_DFFE_PP_,9.28,0.96,0.007313348704611963,9.272686651295388,clk_host,VALIDATED
1177,u_cdc_cmd.mem[5][30]$_DFFE_PP_,9.28,0.96,0.007313348704611963,9.272686651295388,clk_host,VALIDATED
1184,u_cdc_cmd.mem[5][40]$_DFFE_PP_,9.28,0.96,0.0073019058940027165,9.272698094105996,clk_host,VALIDATED
1178,u_cdc_cmd.mem[5][67]$_DFFE_PP_,9.28,0.96,0.0073019058940027165,9.272698094105996,clk_host,VALIDATED
1182,u_cdc_cmd.mem[10][42]$_DFFE_PP_,9.28,0.96,0.007224049903141974,9.272775950096857,clk_host,VALIDATED
1176,u_cdc_cmd.mem[1][66]$_DFFE_PP_,9.28,0.95,0.007215146848675705,9.272784853151324,clk_host,VALIDATED
1179,u_cdc_cmd.mem[1][53]$_DFFE_PP_,9.28,0.95,0.007215146848675705,9.272784853151324,clk_host,VALIDATED
1181,u_cdc_cmd.mem[1][63]$_DFFE_PP_,9.28,0.95,0.007215146848675705,9.272784853151324,clk_host,VALIDATED
1183,u_cdc_cmd.mem[3][53]$_DFFE_PP_,9.28,0.95,0.007208365413282389,9.272791634586717,clk_host,VALIDATED
381,u_host_if.rpop_q[13]$_DFFE_PN0P_,9.29,1.03,0.013256178882324485,9.276743821117675,clk_host,VALIDATED
380,u_host_if.rpop_q[14]$_DFFE_PN0P_,9.29,1.03,0.013256178882324485,9.276743821117675,clk_host,VALIDATED
378,u_host_if.rpop_q[15]$_DFFE_PN0P_,9.29,1.03,0.013256178882324485,9.276743821117675,clk_host,VALIDATED
376,u_host_if.s_rdata[15]$_DFFE_PN0P_,9.29,1.03,0.013256178882324485,9.276743821117675,clk_host,VALIDATED
375,u_host_if.s_rdata[17]$_DFFE_PN0P_,9.29,1.03,0.013256178882324485,9.276743821117675,clk_host,VALIDATED
377,u_host_if.rpop_q[17]$_DFFE_PN0P_,9.29,1.03,0.013256178882324485,9.276743821117675,clk_host,VALIDATED
379,u_host_if.s_rdata[14]$_DFFE_PN0P_,9.29,1.03,0.013256178882324485,9.276743821117675,clk_host,VALIDATED
383,u_host_if.s_rdata[13]$_DFFE_PN0P_,9.29,1.03,0.01321307738483525,9.276786922615164,clk_host,VALIDATED
389,u_host_if.s_rdata[12]$_DFFE_PN0P_,9.29,1.03,0.01321307738483525,9.276786922615164,clk_host,VALIDATED
390,u_host_if.s_rdata[9]$_DFFE_PN0P_,9.29,1.03,0.01321307738483525,9.276786922615164,clk_host,VALIDATED
387,u_host_if.rpop_q[12]$_DFFE_PN0P_,9.29,1.03,0.01321307738483525,9.276786922615164,clk_host,VALIDATED
382,u_host_if.rpop_q[20]$_DFFE_PN0P_,9.29,1.03,0.01321307738483525,9.276786922615164,clk_host,VALIDATED
384,u_host_if.s_rdata[20]$_DFFE_PN0P_,9.29,1.03,0.01321307738483525,9.276786922615164,clk_host,VALIDATED
385,u_host_if.rpop_q[16]$_DFFE_PN0P_,9.29,1.03,0.01321307738483525,9.276786922615164,clk_host,VALIDATED
388,u_host_if.rpop_q[9]$_DFFE_PN0P_,9.29,1.03,0.01321307738483525,9.276786922615164,clk_host,VALIDATED
393,u_host_if.s_rdata[19]$_DFFE_PN0P_,9.29,1.03,0.013166189886499355,9.2768338101135,clk_host,VALIDATED
392,u_host_if.s_rdata[16]$_DFFE_PN0P_,9.29,1.03,0.013166189886499355,9.2768338101135,clk_host,VALIDATED
394,u_host_if.rpop_q[19]$_DFFE_PN0P_,9.29,1.03,0.013166189886499355,9.2768338101135,clk_host,VALIDATED
391,u_host_if.s_rdata[10]$_DFFE_PN0P_,9.29,1.03,0.013166189886499355,9.2768338101135,clk_host,VALIDATED
386,u_host_if.rpop_q[10]$_DFFE_PN0P_,9.29,1.03,0.013166189886499355,9.2768338101135,clk_host,VALIDATED
1198,u_cdc_cmd.mem[10][2]$_DFFE_PP_,9.29,0.96,0.007335771591988657,9.282664228408011,clk_host,VALIDATED
1200,u_cdc_cmd.mem[15][19]$_DFFE_PP_,9.29,0.95,0.007307040427163097,9.282692959572836,clk_host,VALIDATED
1192,u_cdc_cmd.mem[5][32]$_DFFE_PP_,9.29,0.96,0.007265863790902216,9.282734136209097,clk_host,VALIDATED
1196,u_cdc_cmd.mem[1][75]$_DFFE_PP_,9.29,0.94,0.007255739867102762,9.282744260132896,clk_host,VALIDATED
1194,u_cdc_cmd.mem[5][29]$_DFFE_PP_,9.29,0.96,0.007251965865481949,9.282748034134517,clk_host,VALIDATED
1190,u_cdc_cmd.mem[1][21]$_DFFE_PP_,9.29,0.94,0.0072508857132325966,9.282749114286766,clk_host,VALIDATED
1197,u_cdc_cmd.mem[1][26]$_DFFE_PP_,9.29,0.94,0.0072508857132325966,9.282749114286766,clk_host,VALIDATED
1191,u_cdc_cmd.mem[5][71]$_DFFE_PP_,9.29,0.96,0.0072122647195828615,9.282787735280417,clk_host,VALIDATED
1186,u_cdc_cmd.mem[1][61]$_DFFE_PP_,9.29,0.95,0.00721119168728962,9.28278880831271,clk_host,VALIDATED
1188,u_cdc_cmd.mem[3][63]$_DFFE_PP_,9.29,0.95,0.007208365413282389,9.282791634586717,clk_host,VALIDATED
1199,u_cdc_cmd.mem[3][62]$_DFFE_PP_,9.29,0.95,0.007203650753079202,9.28279634924692,clk_host,VALIDATED
1187,u_cdc_cmd.mem[3][66]$_DFFE_PP_,9.29,0.95,0.0071940693629711505,9.282805930637029,clk_host,VALIDATED
1193,u_cdc_cmd.mem[1][62]$_DFFE_PP_,9.29,0.95,0.007188323995297868,9.282811676004702,clk_host,VALIDATED
1189,u_cdc_cmd.mem[1][55]$_DFFE_PP_,9.29,0.95,0.007176378853332166,9.282823621146667,clk_host,VALIDATED
1195,u_cdc_cmd.mem[5][31]$_DFFE_PP_,9.29,0.95,0.0071236715189549465,9.282876328481045,clk_host,VALIDATED
395,u_host_if.s_rdata[18]$_DFFE_PN0P_,9.3,1.03,0.013166189886499355,9.286833810113501,clk_host,VALIDATED
398,u_host_if.rpop_q[8]$_DFFE_PN0P_,9.43,0.9,0.010820295036476149,9.419179704963524,clk_host,VALIDATED
397,u_host_if.rpop_q[7]$_DFFE_PN0P_,9.43,0.9,0.010820295036476149,9.419179704963524,clk_host,VALIDATED
396,u_host_if.rpop_q[18]$_DFFE_PN0P_,9.43,0.9,0.010820295036476149,9.419179704963524,clk_host,VALIDATED
399,u_host_if.s_rdata[8]$_DFFE_PN0P_,9.43,0.9,0.010820295036476149,9.419179704963524,clk_host,VALIDATED
1201,nand_dq_oe[0],11.57,0.43,0.00490978449625476,11.565090215503746,clk_nand,VALIDATED
1202,nand_ale[0],11.58,0.42,0.005505684002883274,11.574494315997116,clk_nand,VALIDATED
1203,nand_dq_o[2],11.59,0.41,0.0046814224266614884,11.585318577573338,clk_nand,VALIDATED
1204,nand_cle[0],11.59,0.41,0.004236372866682214,11.585763627133318,clk_nand,VALIDATED
1205,nand_dq_o[1],11.6,0.4,0.004597421408631244,11.595402578591369,clk_nand,VALIDATED
1206,nand_ce_n[0],11.6,0.4,0.0041330466992021975,11.595866953300797,clk_nand,VALIDATED
1214,nand_re_n[1],11.62,0.38,0.005662135430011164,11.614337864569988,clk_nand,VALIDATED
1218,nand_dq_o[15],11.62,0.38,0.005214626237789996,11.61478537376221,clk_nand,VALIDATED
1208,nand_dq_o[11],11.62,0.38,0.005125348542266817,11.614874651457733,clk_nand,VALIDATED
1207,nand_dq_o[14],11.62,0.38,0.005125348542266817,11.614874651457733,clk_nand,VALIDATED
1216,nand_dq_o[8],11.62,0.38,0.005125348542266817,11.614874651457733,clk_nand,VALIDATED
1210,nand_dq_o[12],11.62,0.38,0.005092931147860927,11.614907068852139,clk_nand,VALIDATED
1211,nand_dq_o[7],11.62,0.38,0.0037668540627878583,11.616233145937212,clk_nand,VALIDATED
1217,nand_dq_o[3],11.62,0.38,0.0037668540627878583,11.616233145937212,clk_nand,VALIDATED
1212,nand_dq_o[0],11.62,0.38,0.0037668540627878583,11.616233145937212,clk_nand,VALIDATED
1215,nand_dq_o[6],11.62,0.38,0.0037668540627878583,11.616233145937212,clk_nand,VALIDATED
1213,nand_dq_o[5],11.62,0.38,0.0037569512699192203,11.61624304873008,clk_nand,VALIDATED
1209,nand_dq_o[4],11.62,0.38,0.003745332929354722,11.616254667070644,clk_nand,VALIDATED
1221,nand_re_n[0],11.63,0.37,0.00568632404964213,11.624313675950358,clk_nand,VALIDATED
1225,nand_ale[1],11.63,0.37,0.005164327514015479,11.624835672485986,clk_nand,VALIDATED
1223,nand_dq_o[9],11.63,0.37,0.005164327514015479,11.624835672485986,clk_nand,VALIDATED
1224,nand_dq_o[13],11.63,0.37,0.005164327514015479,11.624835672485986,clk_nand,VALIDATED
1222,nand_dq_oe[1],11.63,0.37,0.005090599650127883,11.624909400349873,clk_nand,VALIDATED
1220,nand_dq_o[10],11.63,0.37,0.005077399231532387,11.624922600768468,clk_nand,VALIDATED
1219,nand_we_n[0],11.63,0.37,0.004655421451336045,11.625344578548665,clk_nand,VALIDATED
1227,nand_we_n[1],11.64,0.36,0.005068305960996056,11.634931694039004,clk_nand,VALIDATED
1226,nand_cle[1],11.64,0.36,0.005024751094717769,11.634975248905283,clk_nand,VALIDATED
1228,nand_ce_n[1],11.64,0.36,0.005024751094717769,11.634975248905283,clk_nand,VALIDATED
1253,g_chan[1].u_cdc_chr.mem[15][21]$_DFFE_PP_,11.86,8.35,0.1271263561777508,11.732873643822249,clk_nand,VALIDATED
1251,g_chan[1].u_cdc_chr.mem[14][21]$_DFFE_PP_,11.86,8.35,0.1271263561777508,11.732873643822249,clk_nand,VALIDATED
1238,g_chan[1].u_cdc_chr.mem[12][21]$_DFFE_PP_,11.86,8.35,0.12673672972194083,11.733263270278059,clk_nand,VALIDATED
1237,g_chan[1].u_cdc_chr.mem[13][21]$_DFFE_PP_,11.86,8.35,0.12673672972194083,11.733263270278059,clk_nand,VALIDATED
1254,g_chan[1].u_cdc_chr.mem[7][21]$_DFFE_PP_,11.86,8.35,0.12673672972194083,11.733263270278059,clk_nand,VALIDATED
1248,g_chan[1].u_cdc_chr.mem[5][21]$_DFFE_PP_,11.86,8.35,0.12634710326613086,11.733652896733869,clk_nand,VALIDATED
1246,g_chan[1].u_cdc_chr.mem[6][21]$_DFFE_PP_,11.86,8.35,0.12634710326613086,11.733652896733869,clk_nand,VALIDATED
1241,g_chan[1].u_cdc_chr.mem[4][21]$_DFFE_PP_,11.86,8.35,0.12634710326613086,11.733652896733869,clk_nand,VALIDATED
1247,g_chan[1].u_cdc_chr.mem[9][21]$_DFFE_PP_,11.86,8.35,0.12509728847661628,11.734902711523382,clk_nand,VALIDATED
1259,g_chan[1].u_cdc_chr.mem[0][21]$_DFFE_PP_,11.86,8.35,0.12509728847661628,11.734902711523382,clk_nand,VALIDATED
1249,g_chan[1].u_cdc_chr.mem[11][21]$_DFFE_PP_,11.86,8.35,0.12509728847661628,11.734902711523382,clk_nand,VALIDATED
1257,g_chan[1].u_cdc_chr.mem[1][21]$_DFFE_PP_,11.86,8.35,0.12509728847661628,11.734902711523382,clk_nand,VALIDATED
1250,g_chan[1].u_cdc_chr.mem[10][21]$_DFFE_PP_,11.86,8.35,0.12509728847661628,11.734902711523382,clk_nand,VALIDATED
1245,g_chan[1].u_cdc_chr.mem[8][21]$_DFFE_PP_,11.86,8.35,0.12509728847661628,11.734902711523382,clk_nand,VALIDATED
1244,g_chan[1].u_cdc_chr.mem[13][25]$_DFFE_PP_,11.86,8.35,0.12447051938519349,11.735529480614806,clk_nand,VALIDATED
1265,g_chan[1].u_cdc_chr.mem[3][21]$_DFFE_PP_,11.86,8.35,0.12437045796749202,11.735629542032507,clk_nand,VALIDATED
1252,g_chan[1].u_cdc_chr.mem[2][21]$_DFFE_PP_,11.86,8.35,0.12437045796749202,11.735629542032507,clk_nand,VALIDATED
1233,g_chan[1].u_cdc_chr.mem[15][25]$_DFFE_PP_,11.86,8.35,0.12330558268592617,11.736694417314073,clk_nand,VALIDATED
1240,g_chan[1].u_cdc_chr.mem[10][25]$_DFFE_PP_,11.86,8.35,0.12330558268592617,11.736694417314073,clk_nand,VALIDATED
1262,g_chan[1].u_cdc_chr.mem[12][25]$_DFFE_PP_,11.86,8.35,0.1225341996075453,11.737465800392455,clk_nand,VALIDATED
1232,g_chan[1].u_cdc_chr.mem[11][25]$_DFFE_PP_,11.86,8.35,0.12205828057457146,11.737941719425429,clk_nand,VALIDATED
1266,g_chan[1].u_cdc_chr.mem[6][25]$_DFFE_PP_,11.86,8.35,0.1212868974961906,11.738713102503809,clk_nand,VALIDATED
1264,g_chan[1].u_cdc_chr.mem[4][25]$_DFFE_PP_,11.86,8.35,0.1212868974961906,11.738713102503809,clk_nand,VALIDATED
1263,g_chan[1].u_cdc_chr.mem[7][25]$_DFFE_PP_,11.86,8.35,0.1212868974961906,11.738713102503809,clk_nand,VALIDATED
1234,g_chan[1].u_cdc_chr.mem[5][25]$_DFFE_PP_,11.86,8.35,0.12081097846321676,11.739189021536783,clk_nand,VALIDATED
1236,g_chan[1].u_cdc_chr.mem[14][25]$_DFFE_PP_,11.86,8.35,0.12081097846321676,11.739189021536783,clk_nand,VALIDATED
1242,g_chan[1].u_cdc_chr.mem[9][25]$_DFFE_PP_,11.86,8.35,0.12081097846321676,11.739189021536783,clk_nand,VALIDATED
1243,g_chan[1].u_cdc_chr.mem[8][25]$_DFFE_PP_,11.86,8.35,0.12081097846321676,11.739189021536783,clk_nand,VALIDATED
1261,g_chan[1].u_cdc_chr.mem[2][25]$_DFFE_PP_,11.86,8.35,0.12081097846321676,11.739189021536783,clk_nand,VALIDATED
1235,g_chan[1].u_cdc_chr.mem[1][25]$_DFFE_PP_,11.86,8.35,0.12028809222975889,11.739711907770241,clk_nand,VALIDATED
1286,g_chan[1].u_cdc_chr.mem[0][9]$_DFFE_PP_,11.87,8.35,0.13015046122816032,11.73984953877184,clk_nand,VALIDATED
1283,g_chan[1].u_cdc_chr.mem[1][9]$_DFFE_PP_,11.87,8.35,0.1294818640297617,11.740518135970238,clk_nand,VALIDATED
1256,g_chan[1].u_cdc_chr.mem[0][25]$_DFFE_PP_,11.86,8.35,0.11918775735833864,11.740812242641661,clk_nand,VALIDATED
1239,g_chan[1].u_cdc_chr.mem[3][25]$_DFFE_PP_,11.86,8.35,0.11918775735833864,11.740812242641661,clk_nand,VALIDATED
1294,g_chan[1].u_cdc_chr.mem[6][9]$_DFFE_PP_,11.87,8.35,0.1289619817616301,11.741038018238369,clk_nand,VALIDATED
1288,g_chan[1].u_cdc_chr.mem[12][9]$_DFFE_PP_,11.87,8.35,0.1289619817616301,11.741038018238369,clk_nand,VALIDATED
1284,g_chan[1].u_cdc_chr.mem[2][9]$_DFFE_PP_,11.87,8.35,0.1289619817616301,11.741038018238369,clk_nand,VALIDATED
1293,g_chan[1].u_cdc_chr.mem[15][9]$_DFFE_PP_,11.87,8.35,0.1289619817616301,11.741038018238369,clk_nand,VALIDATED
1287,g_chan[1].u_cdc_chr.mem[5][9]$_DFFE_PP_,11.87,8.35,0.1289619817616301,11.741038018238369,clk_nand,VALIDATED
1289,g_chan[1].u_cdc_chr.mem[13][9]$_DFFE_PP_,11.87,8.35,0.1289619817616301,11.741038018238369,clk_nand,VALIDATED
1295,g_chan[1].u_cdc_chr.mem[4][9]$_DFFE_PP_,11.87,8.35,0.1289619817616301,11.741038018238369,clk_nand,VALIDATED
1291,g_chan[1].u_cdc_chr.mem[14][9]$_DFFE_PP_,11.87,8.35,0.1289619817616301,11.741038018238369,clk_nand,VALIDATED
1292,g_chan[1].u_cdc_chr.mem[7][9]$_DFFE_PP_,11.87,8.35,0.1289619817616301,11.741038018238369,clk_nand,VALIDATED
1290,g_chan[1].u_cdc_chr.mem[3][9]$_DFFE_PP_,11.87,8.35,0.1289619817616301,11.741038018238369,clk_nand,VALIDATED
1230,g_chan[1].u_cdc_chr.mem[11][1]$_DFFE_PP_,11.85,8.35,0.10865721812583806,11.741342781874161,clk_nand,VALIDATED
1229,g_chan[1].u_cdc_chr.mem[10][1]$_DFFE_PP_,11.85,8.35,0.10865721812583806,11.741342781874161,clk_nand,VALIDATED
1280,g_chan[1].u_cdc_chr.mem[9][9]$_DFFE_PP_,11.87,8.35,0.12809597904395287,11.741904020956046,clk_nand,VALIDATED
1285,g_chan[1].u_cdc_chr.mem[8][9]$_DFFE_PP_,11.87,8.35,0.12809597904395287,11.741904020956046,clk_nand,VALIDATED
1281,g_chan[1].u_cdc_chr.mem[10][9]$_DFFE_PP_,11.87,8.35,0.12707392812920482,11.742926071870794,clk_nand,VALIDATED
1282,g_chan[1].u_cdc_chr.mem[11][9]$_DFFE_PP_,11.87,8.35,0.12707392812920482,11.742926071870794,clk_nand,VALIDATED
1298,g_chan[1].u_cdc_chr.mem[14][18]$_DFFE_PP_,11.87,8.34,0.12343696377069502,11.746563036229304,clk_nand,VALIDATED
1296,g_chan[1].u_cdc_chr.mem[3][18]$_DFFE_PP_,11.87,8.34,0.12078259929183754,11.749217400708162,clk_nand,VALIDATED
1297,g_chan[1].u_cdc_chr.mem[10][18]$_DFFE_PP_,11.87,8.34,0.12078259929183754,11.749217400708162,clk_nand,VALIDATED
1269,g_chan[1].u_cdc_chr.mem[0][1]$_DFFE_PP_,11.86,8.35,0.1097915508566838,11.750208449143315,clk_nand,VALIDATED
1268,g_chan[1].u_cdc_chr.mem[1][1]$_DFFE_PP_,11.86,8.35,0.1097915508566838,11.750208449143315,clk_nand,VALIDATED
1270,g_chan[1].u_cdc_chr.mem[3][1]$_DFFE_PP_,11.86,8.35,0.1097915508566838,11.750208449143315,clk_nand,VALIDATED
1267,g_chan[1].u_cdc_chr.mem[4][1]$_DFFE_PP_,11.86,8.35,0.1097915508566838,11.750208449143315,clk_nand,VALIDATED
1258,g_chan[1].u_cdc_chr.mem[1][24]$_DFFE_PP_,11.86,8.33,0.10737857461323452,11.752621425386765,clk_nand,VALIDATED
1255,g_chan[1].u_cdc_chr.mem[0][24]$_DFFE_PP_,11.86,8.33,0.10737857461323452,11.752621425386765,clk_nand,VALIDATED
1260,g_chan[1].u_cdc_chr.mem[3][24]$_DFFE_PP_,11.86,8.33,0.10737857461323452,11.752621425386765,clk_nand,VALIDATED
1231,g_chan[1].u_cdc_chr.mem[9][1]$_DFFE_PP_,11.86,8.35,0.10662609366532583,11.753373906334673,clk_nand,VALIDATED
1308,g_chan[1].u_cdc_chr.mem[13][18]$_DFFE_PP_,11.88,8.34,0.12343696377069502,11.756563036229306,clk_nand,VALIDATED
1307,g_chan[1].u_cdc_chr.mem[11][18]$_DFFE_PP_,11.88,8.34,0.12342341893529696,11.756576581064703,clk_nand,VALIDATED
1311,g_chan[1].u_cdc_chr.mem[15][18]$_DFFE_PP_,11.88,8.33,0.12328895781893157,11.756711042181069,clk_nand,VALIDATED
1309,g_chan[1].u_cdc_chr.mem[12][18]$_DFFE_PP_,11.88,8.33,0.12328895781893157,11.756711042181069,clk_nand,VALIDATED
1314,g_chan[1].u_cdc_chr.mem[7][18]$_DFFE_PP_,11.88,8.33,0.12328895781893157,11.756711042181069,clk_nand,VALIDATED
1302,g_chan[1].u_cdc_chr.mem[6][18]$_DFFE_PP_,11.88,8.34,0.12210978153126628,11.757890218468734,clk_nand,VALIDATED
1304,g_chan[1].u_cdc_chr.mem[4][18]$_DFFE_PP_,11.88,8.33,0.12196336692511367,11.758036633074887,clk_nand,VALIDATED
1305,g_chan[1].u_cdc_chr.mem[5][18]$_DFFE_PP_,11.88,8.33,0.12196336692511367,11.758036633074887,clk_nand,VALIDATED
1306,g_chan[1].u_cdc_chr.mem[9][18]$_DFFE_PP_,11.88,8.33,0.12196336692511367,11.758036633074887,clk_nand,VALIDATED
1317,g_chan[1].u_cdc_chr.mem[8][13]$_DFFE_PP_,11.88,8.33,0.12162090989253027,11.758379090107471,clk_nand,VALIDATED
1320,g_chan[1].u_cdc_chr.mem[2][13]$_DFFE_PP_,11.88,8.33,0.12162090989253027,11.758379090107471,clk_nand,VALIDATED
1316,g_chan[1].u_cdc_chr.mem[11][13]$_DFFE_PP_,11.88,8.33,0.12162090989253027,11.758379090107471,clk_nand,VALIDATED
1315,g_chan[1].u_cdc_chr.mem[9][13]$_DFFE_PP_,11.88,8.33,0.12162090989253027,11.758379090107471,clk_nand,VALIDATED
1313,g_chan[1].u_cdc_chr.mem[1][18]$_DFFE_PP_,11.88,8.33,0.12159405782895694,11.758405942171043,clk_nand,VALIDATED
1299,g_chan[1].u_cdc_chr.mem[0][18]$_DFFE_PP_,11.88,8.33,0.12159405782895694,11.758405942171043,clk_nand,VALIDATED
1310,g_chan[1].u_cdc_chr.mem[3][13]$_DFFE_PP_,11.88,8.33,0.1211615316691037,11.758838468330897,clk_nand,VALIDATED
1276,g_chan[1].u_cdc_chr.mem[5][1]$_DFFE_PP_,11.87,8.35,0.11097558926219042,11.759024410737808,clk_nand,VALIDATED
1274,g_chan[1].u_cdc_chr.mem[6][1]$_DFFE_PP_,11.87,8.35,0.11097558926219042,11.759024410737808,clk_nand,VALIDATED
1273,g_chan[1].u_cdc_chr.mem[7][1]$_DFFE_PP_,11.87,8.35,0.11097558926219042,11.759024410737808,clk_nand,VALIDATED
1271,g_chan[1].u_cdc_chr.mem[2][1]$_DFFE_PP_,11.87,8.35,0.11097558926219042,11.759024410737808,clk_nand,VALIDATED
1312,g_chan[1].u_cdc_chr.mem[1][13]$_DFFE_PP_,11.88,8.33,0.12070215344567714,11.759297846554324,clk_nand,VALIDATED
1303,g_chan[1].u_cdc_chr.mem[0][13]$_DFFE_PP_,11.88,8.33,0.12070215344567714,11.759297846554324,clk_nand,VALIDATED
1300,g_chan[1].u_cdc_chr.mem[2][18]$_DFFE_PP_,11.88,8.33,0.12063777603129577,11.759362223968704,clk_nand,VALIDATED
1301,g_chan[1].u_cdc_chr.mem[8][18]$_DFFE_PP_,11.88,8.33,0.12063777603129577,11.759362223968704,clk_nand,VALIDATED
1354,g_chan[1].u_cdc_chr.mem[0][17]$_DFFE_PP_,11.88,8.32,0.11987993669473174,11.76012006330527,clk_nand,VALIDATED
1272,g_chan[1].u_cdc_chr.mem[12][1]$_DFFE_PP_,11.87,8.35,0.1097915508566838,11.760208449143315,clk_nand,VALIDATED
1275,g_chan[1].u_cdc_chr.mem[13][1]$_DFFE_PP_,11.87,8.35,0.1097915508566838,11.760208449143315,clk_nand,VALIDATED
1278,g_chan[1].u_cdc_chr.mem[15][1]$_DFFE_PP_,11.87,8.35,0.1097915508566838,11.760208449143315,clk_nand,VALIDATED
1277,g_chan[1].u_cdc_chr.mem[8][1]$_DFFE_PP_,11.87,8.35,0.1097915508566838,11.760208449143315,clk_nand,VALIDATED
1279,g_chan[1].u_cdc_chr.mem[14][1]$_DFFE_PP_,11.87,8.35,0.1097915508566838,11.760208449143315,clk_nand,VALIDATED
1324,g_chan[1].u_cdc_chr.mem[14][13]$_DFFE_PP_,11.88,8.33,0.11839767275350188,11.761602327246498,clk_nand,VALIDATED
1328,g_chan[1].u_cdc_chr.mem[15][13]$_DFFE_PP_,11.88,8.33,0.11839767275350188,11.761602327246498,clk_nand,VALIDATED
1325,g_chan[1].u_cdc_chr.mem[13][13]$_DFFE_PP_,11.88,8.33,0.11839767275350188,11.761602327246498,clk_nand,VALIDATED
1330,g_chan[1].u_cdc_chr.mem[12][13]$_DFFE_PP_,11.88,8.33,0.11839767275350188,11.761602327246498,clk_nand,VALIDATED
1322,g_chan[1].u_cdc_chr.mem[4][13]$_DFFE_PP_,11.88,8.33,0.11839767275350188,11.761602327246498,clk_nand,VALIDATED
1321,g_chan[1].u_cdc_chr.mem[5][13]$_DFFE_PP_,11.88,8.33,0.11705145755570556,11.762948542444295,clk_nand,VALIDATED
1326,g_chan[1].u_cdc_chr.mem[7][13]$_DFFE_PP_,11.88,8.33,0.11696284221960473,11.763037157780396,clk_nand,VALIDATED
1323,g_chan[1].u_cdc_chr.mem[6][13]$_DFFE_PP_,11.88,8.33,0.11696284221960473,11.763037157780396,clk_nand,VALIDATED
1343,g_chan[1].u_cdc_chr.mem[7][24]$_DFFE_PP_,11.88,8.33,0.11639373939357855,11.763606260606423,clk_nand,VALIDATED
1339,g_chan[1].u_cdc_chr.mem[14][24]$_DFFE_PP_,11.88,8.33,0.11639373939357855,11.763606260606423,clk_nand,VALIDATED
1338,g_chan[1].u_cdc_chr.mem[13][24]$_DFFE_PP_,11.88,8.33,0.11630194173910613,11.763698058260895,clk_nand,VALIDATED
1336,g_chan[1].u_cdc_chr.mem[11][24]$_DFFE_PP_,11.88,8.33,0.11579485098698539,11.764205149013016,clk_nand,VALIDATED
1335,g_chan[1].u_cdc_chr.mem[10][24]$_DFFE_PP_,11.88,8.33,0.11579485098698539,11.764205149013016,clk_nand,VALIDATED
1327,g_chan[1].u_cdc_chr.mem[15][24]$_DFFE_PP_,11.88,8.33,0.11563981249100674,11.764360187508995,clk_nand,VALIDATED
1329,g_chan[1].u_cdc_chr.mem[12][24]$_DFFE_PP_,11.88,8.33,0.11563981249100674,11.764360187508995,clk_nand,VALIDATED
1331,g_chan[1].u_cdc_chr.mem[4][24]$_DFFE_PP_,11.88,8.33,0.11563981249100674,11.764360187508995,clk_nand,VALIDATED
1333,g_chan[1].u_cdc_chr.mem[5][24]$_DFFE_PP_,11.88,8.33,0.11563981249100674,11.764360187508995,clk_nand,VALIDATED
1337,g_chan[1].u_cdc_chr.mem[6][24]$_DFFE_PP_,11.88,8.33,0.11540451833920651,11.764595481660795,clk_nand,VALIDATED
1346,g_chan[1].u_cdc_chr.mem[2][24]$_DFFE_PP_,11.88,8.33,0.11516922418740627,11.764830775812595,clk_nand,VALIDATED
1332,g_chan[1].u_cdc_chr.mem[9][24]$_DFFE_PP_,11.88,8.33,0.11516922418740627,11.764830775812595,clk_nand,VALIDATED
1340,g_chan[1].u_cdc_chr.mem[8][24]$_DFFE_PP_,11.88,8.33,0.11516922418740627,11.764830775812595,clk_nand,VALIDATED
1357,g_chan[1].u_cdc_chr.mem[10][13]$_DFFE_PP_,11.89,8.33,0.12449345305475923,11.765506546945241,clk_nand,VALIDATED
1397,g_chan[1].u_cdc_chr.mem[8][17]$_DFFE_PP_,11.89,8.32,0.12143297593773783,11.768567024062262,clk_nand,VALIDATED
1401,g_chan[1].u_cdc_chr.mem[15][17]$_DFFE_PP_,11.89,8.32,0.12143297593773783,11.768567024062262,clk_nand,VALIDATED
1358,g_chan[1].u_cdc_chr.mem[10][17]$_DFFE_PP_,11.89,8.32,0.12028778269381502,11.769712217306186,clk_nand,VALIDATED
1356,g_chan[1].u_cdc_chr.mem[9][17]$_DFFE_PP_,11.89,8.32,0.12009850062027272,11.769901499379728,clk_nand,VALIDATED
1350,g_chan[1].u_cdc_chr.mem[4][12]$_DFFE_PP_,11.88,8.32,0.11003396322228931,11.769966036777712,clk_nand,VALIDATED
1345,g_chan[1].u_cdc_chr.mem[3][8]$_DFFE_PP_,11.88,8.31,0.1098393354971533,11.770160664502848,clk_nand,VALIDATED
1341,g_chan[1].u_cdc_chr.mem[0][8]$_DFFE_PP_,11.88,8.31,0.1098393354971533,11.770160664502848,clk_nand,VALIDATED
1334,g_chan[1].u_cdc_chr.mem[11][8]$_DFFE_PP_,11.88,8.31,0.1098393354971533,11.770160664502848,clk_nand,VALIDATED
1342,g_chan[1].u_cdc_chr.mem[2][8]$_DFFE_PP_,11.88,8.31,0.1098393354971533,11.770160664502848,clk_nand,VALIDATED
1344,g_chan[1].u_cdc_chr.mem[10][8]$_DFFE_PP_,11.88,8.31,0.1098393354971533,11.770160664502848,clk_nand,VALIDATED
1348,g_chan[1].u_cdc_chr.mem[1][8]$_DFFE_PP_,11.88,8.31,0.1098393354971533,11.770160664502848,clk_nand,VALIDATED
1347,g_chan[1].u_cdc_chr.mem[9][8]$_DFFE_PP_,11.88,8.31,0.1098393354971533,11.770160664502848,clk_nand,VALIDATED
1351,g_chan[1].u_cdc_chr.mem[11][16]$_DFFE_PP_,11.88,8.31,0.10961122437650728,11.770388775623493,clk_nand,VALIDATED
1319,g_chan[1].u_cdc_chr.mem[8][12]$_DFFE_PP_,11.88,8.32,0.10918710675745791,11.770812893242542,clk_nand,VALIDATED
1318,g_chan[1].u_cdc_chr.mem[11][12]$_DFFE_PP_,11.88,8.32,0.10918710675745791,11.770812893242542,clk_nand,VALIDATED
1355,g_chan[1].u_cdc_chr.mem[1][17]$_DFFE_PP_,11.89,8.32,0.1190930550242486,11.770906944975753,clk_nand,VALIDATED
1349,g_chan[1].u_cdc_chr.mem[9][16]$_DFFE_PP_,11.88,8.31,0.10908665810943852,11.770913341890562,clk_nand,VALIDATED
1353,g_chan[1].u_cdc_chr.mem[10][16]$_DFFE_PP_,11.88,8.31,0.10908665810943852,11.770913341890562,clk_nand,VALIDATED
1352,g_chan[1].u_cdc_chr.mem[8][16]$_DFFE_PP_,11.88,8.31,0.10837441046200202,11.771625589537999,clk_nand,VALIDATED
1364,g_chan[1].u_cdc_chr.mem[11][17]$_DFFE_PP_,11.89,8.32,0.11761540458363373,11.772384595416368,clk_nand,VALIDATED
1361,g_chan[1].u_cdc_chr.mem[3][17]$_DFFE_PP_,11.89,8.32,0.11761540458363373,11.772384595416368,clk_nand,VALIDATED
1363,g_chan[1].u_cdc_chr.mem[14][17]$_DFFE_PP_,11.89,8.32,0.11742612251009144,11.77257387748991,clk_nand,VALIDATED
1359,g_chan[1].u_cdc_chr.mem[2][17]$_DFFE_PP_,11.89,8.32,0.11742612251009144,11.77257387748991,clk_nand,VALIDATED
1360,g_chan[1].u_cdc_chr.mem[5][17]$_DFFE_PP_,11.89,8.32,0.11742612251009144,11.77257387748991,clk_nand,VALIDATED
1368,g_chan[1].u_cdc_chr.mem[13][17]$_DFFE_PP_,11.89,8.32,0.11742612251009144,11.77257387748991,clk_nand,VALIDATED
1375,g_chan[1].u_cdc_chr.mem[7][17]$_DFFE_PP_,11.89,8.32,0.11742612251009144,11.77257387748991,clk_nand,VALIDATED
1371,g_chan[1].u_cdc_chr.mem[12][17]$_DFFE_PP_,11.89,8.32,0.11742612251009144,11.77257387748991,clk_nand,VALIDATED
1370,g_chan[1].u_cdc_chr.mem[6][17]$_DFFE_PP_,11.89,8.32,0.11742612251009144,11.77257387748991,clk_nand,VALIDATED
1388,g_chan[1].u_cdc_chr.mem[13][12]$_DFFE_PP_,11.89,8.32,0.11742020548703058,11.77257979451297,clk_nand,VALIDATED
1404,g_chan[1].u_cdc_chr.mem[15][12]$_DFFE_PP_,11.89,8.32,0.11742020548703058,11.77257979451297,clk_nand,VALIDATED
1393,g_chan[1].u_cdc_chr.mem[14][12]$_DFFE_PP_,11.89,8.32,0.11742020548703058,11.77257979451297,clk_nand,VALIDATED
1493,g_chan[1].u_cdc_chr.mem[10][31]$_DFFE_PP_,11.9,8.31,0.12686299366399711,11.773137006336004,clk_nand,VALIDATED
1491,g_chan[1].u_cdc_chr.mem[11][31]$_DFFE_PP_,11.9,8.31,0.12686299366399711,11.773137006336004,clk_nand,VALIDATED
1362,g_chan[1].u_cdc_chr.mem[4][17]$_DFFE_PP_,11.89,8.32,0.1168285229131506,11.77317147708685,clk_nand,VALIDATED
1405,g_chan[1].u_cdc_chr.mem[3][12]$_DFFE_PP_,11.89,8.32,0.1160414103832137,11.773958589616786,clk_nand,VALIDATED
1398,g_chan[1].u_cdc_chr.mem[10][12]$_DFFE_PP_,11.89,8.32,0.1160414103832137,11.773958589616786,clk_nand,VALIDATED
1403,g_chan[1].u_cdc_chr.mem[2][12]$_DFFE_PP_,11.89,8.32,0.1160414103832137,11.773958589616786,clk_nand,VALIDATED
1411,g_chan[1].u_cdc_chr.mem[7][12]$_DFFE_PP_,11.89,8.32,0.1160414103832137,11.773958589616786,clk_nand,VALIDATED
1399,g_chan[1].u_cdc_chr.mem[1][12]$_DFFE_PP_,11.89,8.32,0.1160414103832137,11.773958589616786,clk_nand,VALIDATED
1407,g_chan[1].u_cdc_chr.mem[9][12]$_DFFE_PP_,11.89,8.32,0.1160414103832137,11.773958589616786,clk_nand,VALIDATED
1400,g_chan[1].u_cdc_chr.mem[0][12]$_DFFE_PP_,11.89,8.32,0.1160414103832137,11.773958589616786,clk_nand,VALIDATED
1505,g_chan[1].u_cdc_chr.mem[6][31]$_DFFE_PP_,11.9,8.31,0.12585891882084121,11.77414108117916,clk_nand,VALIDATED
1510,g_chan[1].u_cdc_chr.mem[5][31]$_DFFE_PP_,11.9,8.31,0.12485484397768531,11.775145156022315,clk_nand,VALIDATED
1502,g_chan[1].u_cdc_chr.mem[7][31]$_DFFE_PP_,11.9,8.31,0.12485484397768531,11.775145156022315,clk_nand,VALIDATED
1472,g_chan[1].u_cdc_chr.mem[2][31]$_DFFE_PP_,11.9,8.31,0.12467417839457418,11.775325821605426,clk_nand,VALIDATED
1477,g_chan[1].u_cdc_chr.mem[3][31]$_DFFE_PP_,11.9,8.31,0.12467417839457418,11.775325821605426,clk_nand,VALIDATED
1471,g_chan[1].u_cdc_chr.mem[8][31]$_DFFE_PP_,11.9,8.31,0.12436090923278309,11.775639090767218,clk_nand,VALIDATED
1458,g_chan[1].u_cdc_chr.mem[9][31]$_DFFE_PP_,11.9,8.31,0.12436090923278309,11.775639090767218,clk_nand,VALIDATED
1465,g_chan[1].u_cdc_chr.mem[1][31]$_DFFE_PP_,11.9,8.31,0.12366246606373177,11.77633753393627,clk_nand,VALIDATED
1469,g_chan[1].u_cdc_chr.mem[15][31]$_DFFE_PP_,11.9,8.31,0.12366246606373177,11.77633753393627,clk_nand,VALIDATED
1467,g_chan[1].u_cdc_chr.mem[14][31]$_DFFE_PP_,11.9,8.31,0.12366246606373177,11.77633753393627,clk_nand,VALIDATED
1468,g_chan[1].u_cdc_chr.mem[0][31]$_DFFE_PP_,11.9,8.31,0.12366246606373177,11.77633753393627,clk_nand,VALIDATED
1415,g_chan[1].u_cdc_chr.mem[9][29]$_DFFE_PP_,11.89,8.31,0.11325027758709061,11.77674972241291,clk_nand,VALIDATED
1402,g_chan[1].u_cdc_chr.mem[1][29]$_DFFE_PP_,11.89,8.31,0.11247316086682146,11.777526839133179,clk_nand,VALIDATED
1544,g_chan[1].u_cdc_chr.mem[8][15]$_DFFE_PP_,11.91,8.3,0.13235983295289178,11.777640167047108,clk_nand,VALIDATED
1553,g_chan[1].u_cdc_chr.mem[9][15]$_DFFE_PP_,11.91,8.3,0.13235983295289178,11.777640167047108,clk_nand,VALIDATED
1578,g_chan[1].u_cdc_chr.mem[14][15]$_DFFE_PP_,11.91,8.3,0.13219029188966924,11.77780970811033,clk_nand,VALIDATED
1580,g_chan[1].u_cdc_chr.mem[7][15]$_DFFE_PP_,11.91,8.3,0.13219029188966924,11.77780970811033,clk_nand,VALIDATED
1572,g_chan[1].u_cdc_chr.mem[11][15]$_DFFE_PP_,11.91,8.3,0.13219029188966924,11.77780970811033,clk_nand,VALIDATED
1577,g_chan[1].u_cdc_chr.mem[10][15]$_DFFE_PP_,11.91,8.3,0.13219029188966924,11.77780970811033,clk_nand,VALIDATED
1449,g_chan[1].u_cdc_chr.mem[0][29]$_DFFE_PP_,11.9,8.31,0.1219410267363672,11.778058973263633,clk_nand,VALIDATED
1409,g_chan[1].u_cdc_chr.mem[15][29]$_DFFE_PP_,11.89,8.31,0.11169604414655232,11.778303955853449,clk_nand,VALIDATED
1569,g_chan[1].u_cdc_chr.mem[1][15]$_DFFE_PP_,11.91,8.3,0.13125914570093922,11.77874085429906,clk_nand,VALIDATED
1579,g_chan[1].u_cdc_chr.mem[15][15]$_DFFE_PP_,11.91,8.3,0.13094469996903568,11.779055300030965,clk_nand,VALIDATED
1381,g_chan[1].u_cdc_chr.mem[5][8]$_DFFE_PP_,11.89,8.31,0.11074879199199461,11.779251208008006,clk_nand,VALIDATED
1418,g_chan[1].u_cdc_chr.mem[13][31]$_DFFE_PP_,11.9,8.31,0.12065818346648816,11.779341816533512,clk_nand,VALIDATED
1431,g_chan[1].u_cdc_chr.mem[4][31]$_DFFE_PP_,11.9,8.31,0.12035255179238358,11.779647448207617,clk_nand,VALIDATED
1501,g_chan[1].u_cdc_chr.mem[14][23]$_DFFE_PP_,11.9,8.31,0.12025945065794019,11.77974054934206,clk_nand,VALIDATED
1482,g_chan[1].u_cdc_chr.mem[13][23]$_DFFE_PP_,11.9,8.31,0.12025945065794019,11.77974054934206,clk_nand,VALIDATED
1484,g_chan[1].u_cdc_chr.mem[12][23]$_DFFE_PP_,11.9,8.31,0.12025945065794019,11.77974054934206,clk_nand,VALIDATED
1506,g_chan[1].u_cdc_chr.mem[3][23]$_DFFE_PP_,11.9,8.31,0.12025945065794019,11.77974054934206,clk_nand,VALIDATED
1503,g_chan[1].u_cdc_chr.mem[11][23]$_DFFE_PP_,11.9,8.31,0.12025945065794019,11.77974054934206,clk_nand,VALIDATED
1390,g_chan[1].u_cdc_chr.mem[4][8]$_DFFE_PP_,11.89,8.3,0.11012163048810553,11.779878369511895,clk_nand,VALIDATED
1500,g_chan[1].u_cdc_chr.mem[15][23]$_DFFE_PP_,11.9,8.31,0.1198967293785489,11.780103270621451,clk_nand,VALIDATED
1394,g_chan[1].u_cdc_chr.mem[1][0]$_DFFE_PP_,11.89,8.32,0.10956472862363364,11.780435271376367,clk_nand,VALIDATED
1447,g_chan[1].u_cdc_chr.mem[12][31]$_DFFE_PP_,11.9,8.31,0.1194774616754879,11.780522538324512,clk_nand,VALIDATED
1414,g_chan[1].u_cdc_chr.mem[6][2]$_DFFE_PP_,11.89,8.31,0.10925692597852299,11.780743074021478,clk_nand,VALIDATED
1413,g_chan[1].u_cdc_chr.mem[15][2]$_DFFE_PP_,11.89,8.32,0.10925026842025654,11.780749731579744,clk_nand,VALIDATED
1377,g_chan[1].u_cdc_chr.mem[0][2]$_DFFE_PP_,11.89,8.32,0.10893895117820107,11.7810610488218,clk_nand,VALIDATED
1378,g_chan[1].u_cdc_chr.mem[3][2]$_DFFE_PP_,11.89,8.32,0.10893895117820107,11.7810610488218,clk_nand,VALIDATED
1376,g_chan[1].u_cdc_chr.mem[2][2]$_DFFE_PP_,11.89,8.32,0.10893895117820107,11.7810610488218,clk_nand,VALIDATED
1382,g_chan[1].u_cdc_chr.mem[11][0]$_DFFE_PP_,11.89,8.32,0.10876533376920872,11.781234666230791,clk_nand,VALIDATED
1406,g_chan[1].u_cdc_chr.mem[0][0]$_DFFE_PP_,11.89,8.31,0.10863460620458132,11.781365393795419,clk_nand,VALIDATED
1384,g_chan[1].u_cdc_chr.mem[8][7]$_DFFE_PP_,11.89,8.3,0.10861094178107777,11.781389058218922,clk_nand,VALIDATED
1508,g_chan[1].u_cdc_chr.mem[8][23]$_DFFE_PP_,11.9,8.31,0.11841227009782596,11.781587729902174,clk_nand,VALIDATED
1515,g_chan[1].u_cdc_chr.mem[4][23]$_DFFE_PP_,11.9,8.31,0.11841227009782596,11.781587729902174,clk_nand,VALIDATED
1504,g_chan[1].u_cdc_chr.mem[1][23]$_DFFE_PP_,11.9,8.31,0.11841227009782596,11.781587729902174,clk_nand,VALIDATED
1509,g_chan[1].u_cdc_chr.mem[0][23]$_DFFE_PP_,11.9,8.31,0.11841227009782596,11.781587729902174,clk_nand,VALIDATED
1513,g_chan[1].u_cdc_chr.mem[10][23]$_DFFE_PP_,11.9,8.31,0.11841227009782596,11.781587729902174,clk_nand,VALIDATED
1395,g_chan[1].u_cdc_chr.mem[8][8]$_DFFE_PP_,11.89,8.31,0.108361737576264,11.781638262423737,clk_nand,VALIDATED
1581,g_chan[1].u_cdc_chr.mem[0][15]$_DFFE_PP_,11.91,8.3,0.12823949208474306,11.781760507915257,clk_nand,VALIDATED
1372,g_chan[1].u_cdc_chr.mem[11][2]$_DFFE_PP_,11.89,8.32,0.10813955632377614,11.781860443676225,clk_nand,VALIDATED
1367,g_chan[1].u_cdc_chr.mem[1][2]$_DFFE_PP_,11.89,8.32,0.10813955632377614,11.781860443676225,clk_nand,VALIDATED
1512,g_chan[1].u_cdc_chr.mem[2][23]$_DFFE_PP_,11.9,8.31,0.11804954881843466,11.781950451181565,clk_nand,VALIDATED
1517,g_chan[1].u_cdc_chr.mem[5][23]$_DFFE_PP_,11.9,8.31,0.11804954881843466,11.781950451181565,clk_nand,VALIDATED
1584,g_chan[1].u_cdc_chr.mem[3][15]$_DFFE_PP_,11.91,8.3,0.1280098168844508,11.78199018311555,clk_nand,VALIDATED
1379,g_chan[1].u_cdc_chr.mem[5][0]$_DFFE_PP_,11.89,8.32,0.10796593891478379,11.782034061085216,clk_nand,VALIDATED
1383,g_chan[1].u_cdc_chr.mem[4][0]$_DFFE_PP_,11.89,8.32,0.10796593891478379,11.782034061085216,clk_nand,VALIDATED
1446,g_chan[1].u_cdc_chr.mem[7][29]$_DFFE_PP_,11.9,8.31,0.11785669321173897,11.782143306788262,clk_nand,VALIDATED
1453,g_chan[1].u_cdc_chr.mem[6][29]$_DFFE_PP_,11.9,8.31,0.11785669321173897,11.782143306788262,clk_nand,VALIDATED
1385,g_chan[1].u_cdc_chr.mem[9][0]$_DFFE_PP_,11.89,8.31,0.10783617216127972,11.78216382783872,clk_nand,VALIDATED
1392,g_chan[1].u_cdc_chr.mem[10][0]$_DFFE_PP_,11.89,8.31,0.10783617216127972,11.78216382783872,clk_nand,VALIDATED
1391,g_chan[1].u_cdc_chr.mem[15][0]$_DFFE_PP_,11.89,8.31,0.10783617216127972,11.78216382783872,clk_nand,VALIDATED
1386,g_chan[1].u_cdc_chr.mem[8][0]$_DFFE_PP_,11.89,8.31,0.10783617216127972,11.78216382783872,clk_nand,VALIDATED
1583,g_chan[1].u_cdc_chr.mem[13][15]$_DFFE_PP_,11.91,8.3,0.12778014168415852,11.782219858315841,clk_nand,VALIDATED
1511,g_chan[1].u_cdc_chr.mem[7][23]$_DFFE_PP_,11.9,8.31,0.11768682753904336,11.782313172460958,clk_nand,VALIDATED
1516,g_chan[1].u_cdc_chr.mem[6][23]$_DFFE_PP_,11.9,8.31,0.11768682753904336,11.782313172460958,clk_nand,VALIDATED
1514,g_chan[1].u_cdc_chr.mem[9][23]$_DFFE_PP_,11.9,8.31,0.11766015334387969,11.782339846656122,clk_nand,VALIDATED
1366,g_chan[1].u_cdc_chr.mem[4][2]$_DFFE_PP_,11.89,8.32,0.10747829547283905,11.782521704527161,clk_nand,VALIDATED
1374,g_chan[1].u_cdc_chr.mem[5][2]$_DFFE_PP_,11.89,8.32,0.10747829547283905,11.782521704527161,clk_nand,VALIDATED
1396,g_chan[1].u_cdc_chr.mem[12][0]$_DFFE_PP_,11.89,8.32,0.10743924072424638,11.782560759275754,clk_nand,VALIDATED
1410,g_chan[1].u_cdc_chr.mem[6][0]$_DFFE_PP_,11.89,8.32,0.10743924072424638,11.782560759275754,clk_nand,VALIDATED
1387,g_chan[1].u_cdc_chr.mem[14][0]$_DFFE_PP_,11.89,8.32,0.10743924072424638,11.782560759275754,clk_nand,VALIDATED
1412,g_chan[1].u_cdc_chr.mem[13][0]$_DFFE_PP_,11.89,8.32,0.10743924072424638,11.782560759275754,clk_nand,VALIDATED
1423,g_chan[1].u_cdc_chr.mem[12][12]$_DFFE_PP_,11.9,8.32,0.11742020548703058,11.78257979451297,clk_nand,VALIDATED
1369,g_chan[1].u_cdc_chr.mem[10][2]$_DFFE_PP_,11.89,8.32,0.10734016146935121,11.78265983853065,clk_nand,VALIDATED
1365,g_chan[1].u_cdc_chr.mem[9][2]$_DFFE_PP_,11.89,8.32,0.10734016146935121,11.78265983853065,clk_nand,VALIDATED
1373,g_chan[1].u_cdc_chr.mem[8][2]$_DFFE_PP_,11.89,8.32,0.10734016146935121,11.78265983853065,clk_nand,VALIDATED
1408,g_chan[1].u_cdc_chr.mem[7][0]$_DFFE_PP_,11.89,8.31,0.10731010702145216,11.78268989297855,clk_nand,VALIDATED
1496,g_chan[1].u_cdc_chr.mem[13][16]$_DFFE_PP_,11.9,8.3,0.11703302628119261,11.782966973718807,clk_nand,VALIDATED
1498,g_chan[1].u_cdc_chr.mem[15][16]$_DFFE_PP_,11.9,8.3,0.11703302628119261,11.782966973718807,clk_nand,VALIDATED
1489,g_chan[1].u_cdc_chr.mem[14][16]$_DFFE_PP_,11.9,8.3,0.11703302628119261,11.782966973718807,clk_nand,VALIDATED
1380,g_chan[1].u_cdc_chr.mem[12][2]$_DFFE_PP_,11.89,8.32,0.10695159728230164,11.783048402717698,clk_nand,VALIDATED
1389,g_chan[1].u_cdc_chr.mem[13][2]$_DFFE_PP_,11.89,8.31,0.10682304968941381,11.783176950310587,clk_nand,VALIDATED
1485,g_chan[1].u_cdc_chr.mem[14][8]$_DFFE_PP_,11.9,8.31,0.11681196454664333,11.783188035453357,clk_nand,VALIDATED
1421,g_chan[1].u_cdc_chr.mem[5][12]$_DFFE_PP_,11.9,8.32,0.11673080793512214,11.783269192064878,clk_nand,VALIDATED
1490,g_chan[1].u_cdc_chr.mem[12][8]$_DFFE_PP_,11.9,8.3,0.11667139659893366,11.783328603401067,clk_nand,VALIDATED
1494,g_chan[1].u_cdc_chr.mem[15][8]$_DFFE_PP_,11.9,8.3,0.11667139659893366,11.783328603401067,clk_nand,VALIDATED
1483,g_chan[1].u_cdc_chr.mem[13][8]$_DFFE_PP_,11.9,8.3,0.11667139659893366,11.783328603401067,clk_nand,VALIDATED
1492,g_chan[1].u_cdc_chr.mem[12][16]$_DFFE_PP_,11.9,8.3,0.11625610444990675,11.783743895550094,clk_nand,VALIDATED
1495,g_chan[1].u_cdc_chr.mem[7][8]$_DFFE_PP_,11.9,8.31,0.11619990325857077,11.78380009674143,clk_nand,VALIDATED
1480,g_chan[1].u_cdc_chr.mem[1][16]$_DFFE_PP_,11.9,8.31,0.11578411075755701,11.784215889242443,clk_nand,VALIDATED
1478,g_chan[1].u_cdc_chr.mem[0][16]$_DFFE_PP_,11.9,8.31,0.11578411075755701,11.784215889242443,clk_nand,VALIDATED
1497,g_chan[1].u_cdc_chr.mem[7][16]$_DFFE_PP_,11.9,8.3,0.11576221465719949,11.784237785342802,clk_nand,VALIDATED
1488,g_chan[1].u_cdc_chr.mem[5][16]$_DFFE_PP_,11.9,8.3,0.11576221465719949,11.784237785342802,clk_nand,VALIDATED
1499,g_chan[1].u_cdc_chr.mem[4][16]$_DFFE_PP_,11.9,8.3,0.11526832486449223,11.784731675135507,clk_nand,VALIDATED
1435,g_chan[1].u_cdc_chr.mem[6][12]$_DFFE_PP_,11.9,8.32,0.11523916754566788,11.784760832454332,clk_nand,VALIDATED
1481,g_chan[1].u_cdc_chr.mem[2][16]$_DFFE_PP_,11.9,8.31,0.11517204946948445,11.784827950530516,clk_nand,VALIDATED
1479,g_chan[1].u_cdc_chr.mem[3][16]$_DFFE_PP_,11.9,8.31,0.11517204946948445,11.784827950530516,clk_nand,VALIDATED
1507,g_chan[1].u_cdc_chr.mem[6][16]$_DFFE_PP_,11.9,8.3,0.11515088990497302,11.784849110095028,clk_nand,VALIDATED
1486,g_chan[1].u_cdc_chr.mem[6][8]$_DFFE_PP_,11.9,8.31,0.11487559432306171,11.785124405676939,clk_nand,VALIDATED
1585,g_chan[1].u_cdc_chr.mem[11][10]$_DFFE_PP_,11.91,8.3,0.12359317004193249,11.786406829958068,clk_nand,VALIDATED
1582,g_chan[1].u_cdc_chr.mem[10][10]$_DFFE_PP_,11.91,8.3,0.12359317004193249,11.786406829958068,clk_nand,VALIDATED
1542,g_chan[1].u_cdc_chr.mem[6][4]$_DFFE_PP_,11.91,8.3,0.12358895977322315,11.786411040226778,clk_nand,VALIDATED
1523,g_chan[1].u_cdc_chr.mem[4][4]$_DFFE_PP_,11.91,8.3,0.12358895977322315,11.786411040226778,clk_nand,VALIDATED
1534,g_chan[1].u_cdc_chr.mem[7][4]$_DFFE_PP_,11.91,8.3,0.12358895977322315,11.786411040226778,clk_nand,VALIDATED
1543,g_chan[1].u_cdc_chr.mem[5][4]$_DFFE_PP_,11.91,8.3,0.12358895977322315,11.786411040226778,clk_nand,VALIDATED
1422,g_chan[1].u_cdc_chr.mem[10][29]$_DFFE_PP_,11.9,8.31,0.11325027758709061,11.78674972241291,clk_nand,VALIDATED
1419,g_chan[1].u_cdc_chr.mem[11][29]$_DFFE_PP_,11.9,8.31,0.11325027758709061,11.78674972241291,clk_nand,VALIDATED
1429,g_chan[1].u_cdc_chr.mem[2][29]$_DFFE_PP_,11.9,8.31,0.11325027758709061,11.78674972241291,clk_nand,VALIDATED
1420,g_chan[1].u_cdc_chr.mem[8][29]$_DFFE_PP_,11.9,8.31,0.11325027758709061,11.78674972241291,clk_nand,VALIDATED
1537,g_chan[1].u_cdc_chr.mem[9][4]$_DFFE_PP_,11.91,8.3,0.12249462301727965,11.78750537698272,clk_nand,VALIDATED
1428,g_chan[1].u_cdc_chr.mem[3][29]$_DFFE_PP_,11.9,8.31,0.11247316086682146,11.787526839133179,clk_nand,VALIDATED
1451,g_chan[1].u_cdc_chr.mem[3][0]$_DFFE_PP_,11.9,8.32,0.11237374861979132,11.787626251380209,clk_nand,VALIDATED
1586,g_chan[1].u_cdc_chr.mem[2][10]$_DFFE_PP_,11.91,8.3,0.12205879011478815,11.787941209885211,clk_nand,VALIDATED
1440,g_chan[1].u_cdc_chr.mem[13][29]$_DFFE_PP_,11.9,8.31,0.11169604414655232,11.788303955853449,clk_nand,VALIDATED
1425,g_chan[1].u_cdc_chr.mem[12][29]$_DFFE_PP_,11.9,8.31,0.11169604414655232,11.788303955853449,clk_nand,VALIDATED
1444,g_chan[1].u_cdc_chr.mem[5][29]$_DFFE_PP_,11.9,8.31,0.11169604414655232,11.788303955853449,clk_nand,VALIDATED
1437,g_chan[1].u_cdc_chr.mem[14][29]$_DFFE_PP_,11.9,8.31,0.11169604414655232,11.788303955853449,clk_nand,VALIDATED
1457,g_chan[1].u_cdc_chr.mem[11][5]$_DFFE_PP_,11.9,8.31,0.11156140691245109,11.78843859308755,clk_nand,VALIDATED
1560,g_chan[1].u_cdc_chr.mem[0][4]$_DFFE_PP_,11.91,8.3,0.12140028626133614,11.788599713738664,clk_nand,VALIDATED
1564,g_chan[1].u_cdc_chr.mem[1][4]$_DFFE_PP_,11.91,8.3,0.12140028626133614,11.788599713738664,clk_nand,VALIDATED
1545,g_chan[1].u_cdc_chr.mem[3][4]$_DFFE_PP_,11.91,8.3,0.12140028626133614,11.788599713738664,clk_nand,VALIDATED
1533,g_chan[1].u_cdc_chr.mem[8][4]$_DFFE_PP_,11.91,8.3,0.12140028626133614,11.788599713738664,clk_nand,VALIDATED
1550,g_chan[1].u_cdc_chr.mem[10][4]$_DFFE_PP_,11.91,8.3,0.12140028626133614,11.788599713738664,clk_nand,VALIDATED
1541,g_chan[1].u_cdc_chr.mem[2][4]$_DFFE_PP_,11.91,8.3,0.12140028626133614,11.788599713738664,clk_nand,VALIDATED
1538,g_chan[1].u_cdc_chr.mem[11][4]$_DFFE_PP_,11.91,8.3,0.12140028626133614,11.788599713738664,clk_nand,VALIDATED
1445,g_chan[1].u_cdc_chr.mem[2][0]$_DFFE_PP_,11.9,8.32,0.11119396424448413,11.788806035755517,clk_nand,VALIDATED
1461,g_chan[1].u_cdc_chr.mem[13][5]$_DFFE_PP_,11.9,8.31,0.11112306541354722,11.788876934586453,clk_nand,VALIDATED
1436,g_chan[1].u_cdc_chr.mem[9][5]$_DFFE_PP_,11.9,8.31,0.11112306541354722,11.788876934586453,clk_nand,VALIDATED
1442,g_chan[1].u_cdc_chr.mem[3][5]$_DFFE_PP_,11.9,8.31,0.11112306541354722,11.788876934586453,clk_nand,VALIDATED
1448,g_chan[1].u_cdc_chr.mem[1][5]$_DFFE_PP_,11.9,8.31,0.11112306541354722,11.788876934586453,clk_nand,VALIDATED
1439,g_chan[1].u_cdc_chr.mem[0][5]$_DFFE_PP_,11.9,8.31,0.11112306541354722,11.788876934586453,clk_nand,VALIDATED
1459,g_chan[1].u_cdc_chr.mem[12][5]$_DFFE_PP_,11.9,8.31,0.11112306541354722,11.788876934586453,clk_nand,VALIDATED
1452,g_chan[1].u_cdc_chr.mem[2][5]$_DFFE_PP_,11.9,8.31,0.11112306541354722,11.788876934586453,clk_nand,VALIDATED
1455,g_chan[1].u_cdc_chr.mem[15][5]$_DFFE_PP_,11.9,8.31,0.11112306541354722,11.788876934586453,clk_nand,VALIDATED
1433,g_chan[1].u_cdc_chr.mem[4][29]$_DFFE_PP_,11.9,8.31,0.1108614368604901,11.78913856313951,clk_nand,VALIDATED
1443,g_chan[1].u_cdc_chr.mem[8][5]$_DFFE_PP_,11.9,8.31,0.11078429019218194,11.789215709807818,clk_nand,VALIDATED
1473,g_chan[1].u_cdc_chr.mem[12][26]$_DFFE_PP_,11.9,8.31,0.11075368836390409,11.789246311636097,clk_nand,VALIDATED
1462,g_chan[1].u_cdc_chr.mem[14][5]$_DFFE_PP_,11.9,8.31,0.11044551497081667,11.789554485029184,clk_nand,VALIDATED
1441,g_chan[1].u_cdc_chr.mem[6][5]$_DFFE_PP_,11.9,8.31,0.11044551497081667,11.789554485029184,clk_nand,VALIDATED
1456,g_chan[1].u_cdc_chr.mem[4][5]$_DFFE_PP_,11.9,8.31,0.11044551497081667,11.789554485029184,clk_nand,VALIDATED
1454,g_chan[1].u_cdc_chr.mem[5][5]$_DFFE_PP_,11.9,8.31,0.11044551497081667,11.789554485029184,clk_nand,VALIDATED
1450,g_chan[1].u_cdc_chr.mem[10][5]$_DFFE_PP_,11.9,8.31,0.11044551497081667,11.789554485029184,clk_nand,VALIDATED
1464,g_chan[1].u_cdc_chr.mem[7][26]$_DFFE_PP_,11.9,8.31,0.11029333254258833,11.789706667457413,clk_nand,VALIDATED
1463,g_chan[1].u_cdc_chr.mem[3][26]$_DFFE_PP_,11.9,8.31,0.10995455732122306,11.790045442678778,clk_nand,VALIDATED
1474,g_chan[1].u_cdc_chr.mem[5][26]$_DFFE_PP_,11.9,8.31,0.10995455732122306,11.790045442678778,clk_nand,VALIDATED
1460,g_chan[1].u_cdc_chr.mem[4][26]$_DFFE_PP_,11.9,8.31,0.10995455732122306,11.790045442678778,clk_nand,VALIDATED
1487,g_chan[1].u_cdc_chr.mem[13][26]$_DFFE_PP_,11.9,8.31,0.10991908107784187,11.790080918922158,clk_nand,VALIDATED
1476,g_chan[1].u_cdc_chr.mem[14][26]$_DFFE_PP_,11.9,8.31,0.10991908107784187,11.790080918922158,clk_nand,VALIDATED
1555,g_chan[1].u_cdc_chr.mem[3][27]$_DFFE_PP_,11.91,8.3,0.1194864867919655,11.790513513208035,clk_nand,VALIDATED
1552,g_chan[1].u_cdc_chr.mem[1][27]$_DFFE_PP_,11.91,8.3,0.1194864867919655,11.790513513208035,clk_nand,VALIDATED
1558,g_chan[1].u_cdc_chr.mem[2][27]$_DFFE_PP_,11.91,8.3,0.1194864867919655,11.790513513208035,clk_nand,VALIDATED
1475,g_chan[1].u_cdc_chr.mem[15][26]$_DFFE_PP_,11.9,8.31,0.10945872525652611,11.790541274743473,clk_nand,VALIDATED
1470,g_chan[1].u_cdc_chr.mem[6][26]$_DFFE_PP_,11.9,8.31,0.10945872525652611,11.790541274743473,clk_nand,VALIDATED
1424,g_chan[1].u_cdc_chr.mem[7][2]$_DFFE_PP_,11.9,8.31,0.10925692597852299,11.790743074021478,clk_nand,VALIDATED
1426,g_chan[1].u_cdc_chr.mem[14][2]$_DFFE_PP_,11.9,8.31,0.10911895800148153,11.790881041998519,clk_nand,VALIDATED
1535,g_chan[1].u_cdc_chr.mem[15][27]$_DFFE_PP_,11.91,8.3,0.11901341757356032,11.79098658242644,clk_nand,VALIDATED
1526,g_chan[1].u_cdc_chr.mem[11][27]$_DFFE_PP_,11.91,8.3,0.11901341757356032,11.79098658242644,clk_nand,VALIDATED
1466,g_chan[1].u_cdc_chr.mem[2][26]$_DFFE_PP_,11.9,8.31,0.10899836943521035,11.79100163056479,clk_nand,VALIDATED
1432,g_chan[1].u_cdc_chr.mem[7][5]$_DFFE_PP_,11.9,8.31,0.10887232103993638,11.791127678960065,clk_nand,VALIDATED
1417,g_chan[1].u_cdc_chr.mem[11][26]$_DFFE_PP_,11.9,8.31,0.10870725501653355,11.791292744983467,clk_nand,VALIDATED
1430,g_chan[1].u_cdc_chr.mem[10][26]$_DFFE_PP_,11.9,8.31,0.1077879844369295,11.79221201556307,clk_nand,VALIDATED
1588,g_chan[1].u_cdc_chr.mem[12][15]$_DFFE_PP_,11.92,8.3,0.12778014168415852,11.79221985831584,clk_nand,VALIDATED
1595,g_chan[1].u_cdc_chr.mem[6][15]$_DFFE_PP_,11.92,8.3,0.12778014168415852,11.79221985831584,clk_nand,VALIDATED
1599,g_chan[1].u_cdc_chr.mem[4][15]$_DFFE_PP_,11.92,8.3,0.12778014168415852,11.79221985831584,clk_nand,VALIDATED
1587,g_chan[1].u_cdc_chr.mem[2][15]$_DFFE_PP_,11.92,8.3,0.12778014168415852,11.79221985831584,clk_nand,VALIDATED
1566,g_chan[1].u_cdc_chr.mem[15][7]$_DFFE_PP_,11.91,8.3,0.11762028107743305,11.792379718922566,clk_nand,VALIDATED
1427,g_chan[1].u_cdc_chr.mem[8][26]$_DFFE_PP_,11.9,8.31,0.10742517550433006,11.79257482449567,clk_nand,VALIDATED
1416,g_chan[1].u_cdc_chr.mem[0][26]$_DFFE_PP_,11.9,8.31,0.10742517550433006,11.79257482449567,clk_nand,VALIDATED
1438,g_chan[1].u_cdc_chr.mem[9][26]$_DFFE_PP_,11.9,8.31,0.10742517550433006,11.79257482449567,clk_nand,VALIDATED
1434,g_chan[1].u_cdc_chr.mem[1][26]$_DFFE_PP_,11.9,8.31,0.10742517550433006,11.79257482449567,clk_nand,VALIDATED
1519,g_chan[1].u_cdc_chr.mem[9][27]$_DFFE_PP_,11.91,8.31,0.11730962667317324,11.792690373326828,clk_nand,VALIDATED
1530,g_chan[1].u_cdc_chr.mem[8][27]$_DFFE_PP_,11.91,8.3,0.11716845985407198,11.792831540145928,clk_nand,VALIDATED
1529,g_chan[1].u_cdc_chr.mem[5][27]$_DFFE_PP_,11.91,8.3,0.11716845985407198,11.792831540145928,clk_nand,VALIDATED
1524,g_chan[1].u_cdc_chr.mem[0][27]$_DFFE_PP_,11.91,8.3,0.11716845985407198,11.792831540145928,clk_nand,VALIDATED
1532,g_chan[1].u_cdc_chr.mem[10][27]$_DFFE_PP_,11.91,8.3,0.11716845985407198,11.792831540145928,clk_nand,VALIDATED
1536,g_chan[1].u_cdc_chr.mem[7][27]$_DFFE_PP_,11.91,8.3,0.11716845985407198,11.792831540145928,clk_nand,VALIDATED
1540,g_chan[1].u_cdc_chr.mem[4][27]$_DFFE_PP_,11.91,8.3,0.11716845985407198,11.792831540145928,clk_nand,VALIDATED
1548,g_chan[1].u_cdc_chr.mem[7][7]$_DFFE_PP_,11.91,8.3,0.11699690743559554,11.793003092564405,clk_nand,VALIDATED
1556,g_chan[1].u_cdc_chr.mem[14][7]$_DFFE_PP_,11.91,8.3,0.11699690743559554,11.793003092564405,clk_nand,VALIDATED
1576,g_chan[1].u_cdc_chr.mem[9][7]$_DFFE_PP_,11.91,8.3,0.11637353379375803,11.793626466206241,clk_nand,VALIDATED
1561,g_chan[1].u_cdc_chr.mem[6][7]$_DFFE_PP_,11.91,8.3,0.11637353379375803,11.793626466206241,clk_nand,VALIDATED
1568,g_chan[1].u_cdc_chr.mem[10][7]$_DFFE_PP_,11.91,8.3,0.11637353379375803,11.793626466206241,clk_nand,VALIDATED
1567,g_chan[1].u_cdc_chr.mem[11][7]$_DFFE_PP_,11.91,8.3,0.11637353379375803,11.793626466206241,clk_nand,VALIDATED
1546,g_chan[1].u_cdc_chr.mem[6][27]$_DFFE_PP_,11.91,8.3,0.11636170924506062,11.79363829075494,clk_nand,VALIDATED
1531,g_chan[1].u_cdc_chr.mem[14][27]$_DFFE_PP_,11.91,8.3,0.11636170924506062,11.79363829075494,clk_nand,VALIDATED
1525,g_chan[1].u_cdc_chr.mem[12][27]$_DFFE_PP_,11.91,8.3,0.11636170924506062,11.79363829075494,clk_nand,VALIDATED
1527,g_chan[1].u_cdc_chr.mem[13][27]$_DFFE_PP_,11.91,8.3,0.11636170924506062,11.79363829075494,clk_nand,VALIDATED
1521,g_chan[1].u_cdc_chr.mem[13][4]$_DFFE_PP_,11.91,8.3,0.11527127394267966,11.79472872605732,clk_nand,VALIDATED
1522,g_chan[1].u_cdc_chr.mem[14][4]$_DFFE_PP_,11.91,8.3,0.11527127394267966,11.79472872605732,clk_nand,VALIDATED
1518,g_chan[1].u_cdc_chr.mem[15][4]$_DFFE_PP_,11.91,8.3,0.11527127394267966,11.79472872605732,clk_nand,VALIDATED
1520,g_chan[1].u_cdc_chr.mem[12][4]$_DFFE_PP_,11.91,8.3,0.11399563461831375,11.796004365381686,clk_nand,VALIDATED
1593,g_chan[1].u_cdc_chr.mem[5][10]$_DFFE_PP_,11.92,8.3,0.12394507299760593,11.796054927002395,clk_nand,VALIDATED
1596,g_chan[1].u_cdc_chr.mem[9][10]$_DFFE_PP_,11.92,8.3,0.12327169855399589,11.796728301446004,clk_nand,VALIDATED
1592,g_chan[1].u_cdc_chr.mem[15][10]$_DFFE_PP_,11.92,8.3,0.12295022706605929,11.79704977293394,clk_nand,VALIDATED
1591,g_chan[1].u_cdc_chr.mem[12][10]$_DFFE_PP_,11.92,8.3,0.12295022706605929,11.79704977293394,clk_nand,VALIDATED
1594,g_chan[1].u_cdc_chr.mem[4][10]$_DFFE_PP_,11.92,8.3,0.12295022706605929,11.79704977293394,clk_nand,VALIDATED
1598,g_chan[1].u_cdc_chr.mem[13][10]$_DFFE_PP_,11.92,8.3,0.12295022706605929,11.79704977293394,clk_nand,VALIDATED
1597,g_chan[1].u_cdc_chr.mem[7][10]$_DFFE_PP_,11.92,8.3,0.12295022706605929,11.79704977293394,clk_nand,VALIDATED
1600,g_chan[1].u_cdc_chr.mem[8][10]$_DFFE_PP_,11.92,8.3,0.12224761718334598,11.797752382816654,clk_nand,VALIDATED
1589,g_chan[1].u_cdc_chr.mem[0][10]$_DFFE_PP_,11.92,8.3,0.12205879011478815,11.797941209885211,clk_nand,VALIDATED
1590,g_chan[1].u_cdc_chr.mem[1][10]$_DFFE_PP_,11.92,8.3,0.12205879011478815,11.797941209885211,clk_nand,VALIDATED
1547,g_chan[1].u_cdc_chr.mem[13][7]$_DFFE_PP_,11.91,8.3,0.11146704554902742,11.798532954450973,clk_nand,VALIDATED
1528,g_chan[1].u_cdc_chr.mem[12][7]$_DFFE_PP_,11.91,8.3,0.11067197492252423,11.799328025077475,clk_nand,VALIDATED
1559,g_chan[1].u_cdc_chr.mem[5][7]$_DFFE_PP_,11.91,8.3,0.11004860128068672,11.799951398719314,clk_nand,VALIDATED
1565,g_chan[1].u_cdc_chr.mem[1][7]$_DFFE_PP_,11.91,8.3,0.10979983965869855,11.800200160341301,clk_nand,VALIDATED
1539,g_chan[1].u_cdc_chr.mem[0][7]$_DFFE_PP_,11.91,8.3,0.10979983965869855,11.800200160341301,clk_nand,VALIDATED
1549,g_chan[1].u_cdc_chr.mem[4][7]$_DFFE_PP_,11.91,8.3,0.10979983965869855,11.800200160341301,clk_nand,VALIDATED
1562,g_chan[1].u_cdc_chr.mem[2][7]$_DFFE_PP_,11.91,8.3,0.10979983965869855,11.800200160341301,clk_nand,VALIDATED
1554,g_chan[1].u_cdc_chr.mem[3][7]$_DFFE_PP_,11.91,8.3,0.10979983965869855,11.800200160341301,clk_nand,VALIDATED
1551,g_chan[1].u_cdc_chr.mem[11][28]$_DFFE_PP_,11.91,8.28,0.10890758202404538,11.801092417975955,clk_nand,VALIDATED
1571,g_chan[1].u_cdc_chr.mem[9][28]$_DFFE_PP_,11.91,8.28,0.10890758202404538,11.801092417975955,clk_nand,VALIDATED
1573,g_chan[1].u_cdc_chr.mem[8][28]$_DFFE_PP_,11.91,8.28,0.10890758202404538,11.801092417975955,clk_nand,VALIDATED
1575,g_chan[1].u_cdc_chr.mem[10][28]$_DFFE_PP_,11.91,8.28,0.10890758202404538,11.801092417975955,clk_nand,VALIDATED
1574,g_chan[1].u_cdc_chr.mem[6][28]$_DFFE_PP_,11.91,8.28,0.10795702165588938,11.802042978344112,clk_nand,VALIDATED
1570,g_chan[1].u_cdc_chr.mem[7][28]$_DFFE_PP_,11.91,8.28,0.10795702165588938,11.802042978344112,clk_nand,VALIDATED
1557,g_chan[1].u_cdc_chr.mem[1][28]$_DFFE_PP_,11.91,8.28,0.10795702165588938,11.802042978344112,clk_nand,VALIDATED
1563,g_chan[1].u_cdc_chr.mem[0][28]$_DFFE_PP_,11.91,8.28,0.10795702165588938,11.802042978344112,clk_nand,VALIDATED
