path_id,endpoint,clock_domain,slack_ns,delay_ns,droop_penalty_ns,effective_slack_ns,check_type,droop_source,droop_design,droop_file,vdd_v,includes_vss,provenance
400,_44521_,clk_core,2.1,3.0,0.0017264034451407728,2.098273596554859,clock_gating,measured_vdd,orfs_ssd_ctrl_cfg_small,measured_droop/orfs_ssd_ctrl_cfg_small_vdd.csv,1.1,False,VALIDATED
401,g_clkgate.u_cg_core.en_latched$_DLATCH_N_,clk_core,2.15,0.74,0.0004776891123663904,2.1495223108876336,setup,measured_vdd,orfs_ssd_ctrl_cfg_small,measured_droop/orfs_ssd_ctrl_cfg_small_vdd.csv,1.1,False,VALIDATED
402,c_cmd_addr[30]$_DFFE_PN0N_,clk_core,3.76,1.6,0.0008976211579510979,3.759102378842049,setup,measured_vdd,orfs_ssd_ctrl_cfg_small,measured_droop/orfs_ssd_ctrl_cfg_small_vdd.csv,1.1,False,VALIDATED
403,c_cmd_len[9]$_DFFE_PN0N_,clk_core,3.77,1.6,0.0009134828758126101,3.7690865171241876,setup,measured_vdd,orfs_ssd_ctrl_cfg_small,measured_droop/orfs_ssd_ctrl_cfg_small_vdd.csv,1.1,False,VALIDATED
404,c_cmd_addr[27]$_DFFE_PN0N_,clk_core,3.78,1.59,0.0008890349658097485,3.77911096503419,setup,measured_vdd,orfs_ssd_ctrl_cfg_small,measured_droop/orfs_ssd_ctrl_cfg_small_vdd.csv,1.1,False,VALIDATED
405,c_cmd_addr[28]$_DFFE_PN0N_,clk_core,3.78,1.59,0.0008811046739961026,3.7791188953260035,setup,measured_vdd,orfs_ssd_ctrl_cfg_small,measured_droop/orfs_ssd_ctrl_cfg_small_vdd.csv,1.1,False,VALIDATED
407,c_cmd_len[7]$_DFFE_PN0N_,clk_core,3.8,1.57,0.0009015610480272579,3.7990984389519724,setup,measured_vdd,orfs_ssd_ctrl_cfg_small,measured_droop/orfs_ssd_ctrl_cfg_small_vdd.csv,1.1,False,VALIDATED
406,c_cmd_addr[29]$_DFFE_PN0N_,clk_core,3.8,1.57,0.0008178443162768362,3.799182155683723,setup,measured_vdd,orfs_ssd_ctrl_cfg_small,measured_droop/orfs_ssd_ctrl_cfg_small_vdd.csv,1.1,False,VALIDATED
408,c_cmd_len[11]$_DFFE_PN0N_,clk_core,3.81,1.56,0.0008562525040385349,3.8091437474959617,setup,measured_vdd,orfs_ssd_ctrl_cfg_small,measured_droop/orfs_ssd_ctrl_cfg_small_vdd.csv,1.1,False,VALIDATED
410,c_cmd_len[23]$_DFFE_PN0N_,clk_core,3.84,1.53,0.0008882728252044697,3.8391117271747954,setup,measured_vdd,orfs_ssd_ctrl_cfg_small,measured_droop/orfs_ssd_ctrl_cfg_small_vdd.csv,1.1,False,VALIDATED
409,c_cmd_len[16]$_DFFE_PN0N_,clk_core,3.84,1.53,0.0008757100425457742,3.839124289957454,setup,measured_vdd,orfs_ssd_ctrl_cfg_small,measured_droop/orfs_ssd_ctrl_cfg_small_vdd.csv,1.1,False,VALIDATED
413,c_cmd_len[18]$_DFFE_PN0N_,clk_core,3.84,1.52,0.0008753788603035884,3.839124621139696,setup,measured_vdd,orfs_ssd_ctrl_cfg_small,measured_droop/orfs_ssd_ctrl_cfg_small_vdd.csv,1.1,False,VALIDATED
412,c_cmd_addr[21]$_DFFE_PN0N_,clk_core,3.84,1.52,0.0008382233382835252,3.8391617766617165,setup,measured_vdd,orfs_ssd_ctrl_cfg_small,measured_droop/orfs_ssd_ctrl_cfg_small_vdd.csv,1.1,False,VALIDATED
411,u_dma_fabric.rbeat_data[12]$_DFFE_PN0P_,clk_core,3.84,1.5,0.0006704045475987158,3.839329595452401,setup,measured_vdd,orfs_ssd_ctrl_cfg_small,measured_droop/orfs_ssd_ctrl_cfg_small_vdd.csv,1.1,False,VALIDATED
419,c_cmd_len[4]$_DFFE_PN0N_,clk_core,3.85,1.52,0.0009074347783873532,3.849092565221613,setup,measured_vdd,orfs_ssd_ctrl_cfg_small,measured_droop/orfs_ssd_ctrl_cfg_small_vdd.csv,1.1,False,VALIDATED
414,c_cmd_len[22]$_DFFE_PN0N_,clk_core,3.85,1.52,0.0009018364000857593,3.849098163599914,setup,measured_vdd,orfs_ssd_ctrl_cfg_small,measured_droop/orfs_ssd_ctrl_cfg_small_vdd.csv,1.1,False,VALIDATED
450,c_cmd_opcode[6]$_DFFE_PN0N_,clk_core,3.85,1.51,0.0008742374760376537,3.8491257625239625,setup,measured_vdd,orfs_ssd_ctrl_cfg_small,measured_droop/orfs_ssd_ctrl_cfg_small_vdd.csv,1.1,False,VALIDATED
443,u_dma_fabric.rbeat_data[30]$_DFFE_PN0P_,clk_core,3.85,1.49,0.0008668370295085298,3.8491331629704915,setup,measured_vdd,orfs_ssd_ctrl_cfg_small,measured_droop/orfs_ssd_ctrl_cfg_small_vdd.csv,1.1,False,VALIDATED
415,c_cmd_len[10]$_DFFE_PN0N_,clk_core,3.85,1.52,0.0008639882966559737,3.849136011703344,setup,measured_vdd,orfs_ssd_ctrl_cfg_small,measured_droop/orfs_ssd_ctrl_cfg_small_vdd.csv,1.1,False,VALIDATED
447,c_cmd_addr[9]$_DFFE_PN0N_,clk_core,3.85,1.51,0.0008527315407992064,3.849147268459201,setup,measured_vdd,orfs_ssd_ctrl_cfg_small,measured_droop/orfs_ssd_ctrl_cfg_small_vdd.csv,1.1,False,VALIDATED
436,c_cmd_addr[31]$_DFFE_PN0N_,clk_core,3.85,1.51,0.0008141592808745407,3.8491858407191257,setup,measured_vdd,orfs_ssd_ctrl_cfg_small,measured_droop/orfs_ssd_ctrl_cfg_small_vdd.csv,1.1,False,VALIDATED
438,g_chan[0].u_cdc_chw.mem[10][14]$_DFFE_PP_,clk_core,3.85,1.5,0.0007176650716044092,3.8492823349283958,setup,measured_vdd,orfs_ssd_ctrl_cfg_small,measured_droop/orfs_ssd_ctrl_cfg_small_vdd.csv,1.1,False,VALIDATED
437,g_chan[0].u_cdc_chw.mem[11][14]$_DFFE_PP_,clk_core,3.85,1.5,0.0007176650716044092,3.8492823349283958,setup,measured_vdd,orfs_ssd_ctrl_cfg_small,measured_droop/orfs_ssd_ctrl_cfg_small_vdd.csv,1.1,False,VALIDATED
449,g_chan[0].u_cdc_chw.mem[6][14]$_DFFE_PP_,clk_core,3.85,1.5,0.0007170988197732209,3.849282901180227,setup,measured_vdd,orfs_ssd_ctrl_cfg_small,measured_droop/orfs_ssd_ctrl_cfg_small_vdd.csv,1.1,False,VALIDATED
417,u_dma_fabric.rbeat_data[17]$_DFFE_PN0P_,clk_core,3.85,1.49,0.0007169249854453302,3.849283075014555,setup,measured_vdd,orfs_ssd_ctrl_cfg_small,measured_droop/orfs_ssd_ctrl_cfg_small_vdd.csv,1.1,False,VALIDATED
428,u_dma_fabric.rbeat_data[13]$_DFFE_PN0P_,clk_core,3.85,1.49,0.0007157615006037343,3.849284238499396,setup,measured_vdd,orfs_ssd_ctrl_cfg_small,measured_droop/orfs_ssd_ctrl_cfg_small_vdd.csv,1.1,False,VALIDATED
440,g_chan[0].u_cdc_chw.mem[15][14]$_DFFE_PP_,clk_core,3.85,1.5,0.0007085502885895573,3.8492914497114104,setup,measured_vdd,orfs_ssd_ctrl_cfg_small,measured_droop/orfs_ssd_ctrl_cfg_small_vdd.csv,1.1,False,VALIDATED
441,g_chan[0].u_cdc_chw.mem[14][14]$_DFFE_PP_,clk_core,3.85,1.5,0.0007085502885895573,3.8492914497114104,setup,measured_vdd,orfs_ssd_ctrl_cfg_small,measured_droop/orfs_ssd_ctrl_cfg_small_vdd.csv,1.1,False,VALIDATED
448,g_chan[0].u_cdc_chw.mem[5][14]$_DFFE_PP_,clk_core,3.85,1.5,0.000706455815625881,3.8492935441843743,setup,measured_vdd,orfs_ssd_ctrl_cfg_small,measured_droop/orfs_ssd_ctrl_cfg_small_vdd.csv,1.1,False,VALIDATED
444,g_chan[1].u_cdc_chw.mem[0][14]$_DFFE_PP_,clk_core,3.85,1.49,0.0007014650375247317,3.8492985349624753,setup,measured_vdd,orfs_ssd_ctrl_cfg_small,measured_droop/orfs_ssd_ctrl_cfg_small_vdd.csv,1.1,False,VALIDATED
416,u_dma_fabric.rbeat_data[10]$_DFFE_PN0P_,clk_core,3.85,1.5,0.0006999350282042432,3.849300064971796,setup,measured_vdd,orfs_ssd_ctrl_cfg_small,measured_droop/orfs_ssd_ctrl_cfg_small_vdd.csv,1.1,False,VALIDATED
445,g_chan[0].u_cdc_chw.mem[9][14]$_DFFE_PP_,clk_core,3.85,1.5,0.000698869253743517,3.8493011307462566,setup,measured_vdd,orfs_ssd_ctrl_cfg_small,measured_droop/orfs_ssd_ctrl_cfg_small_vdd.csv,1.1,False,VALIDATED
442,g_chan[0].u_cdc_chw.mem[13][14]$_DFFE_PP_,clk_core,3.85,1.5,0.000698869253743517,3.8493011307462566,setup,measured_vdd,orfs_ssd_ctrl_cfg_small,measured_droop/orfs_ssd_ctrl_cfg_small_vdd.csv,1.1,False,VALIDATED
446,g_chan[0].u_cdc_chw.mem[8][14]$_DFFE_PP_,clk_core,3.85,1.5,0.0006973410326110291,3.849302658967389,setup,measured_vdd,orfs_ssd_ctrl_cfg_small,measured_droop/orfs_ssd_ctrl_cfg_small_vdd.csv,1.1,False,VALIDATED
439,g_chan[0].u_cdc_chw.mem[4][14]$_DFFE_PP_,clk_core,3.85,1.5,0.0006958128114785411,3.8493041871885216,setup,measured_vdd,orfs_ssd_ctrl_cfg_small,measured_droop/orfs_ssd_ctrl_cfg_small_vdd.csv,1.1,False,VALIDATED
431,g_chan[0].u_cdc_chw.mem[15][31]$_DFFE_PP_,clk_core,3.85,1.51,0.0006867246464329485,3.849313275353567,setup,measured_vdd,orfs_ssd_ctrl_cfg_small,measured_droop/orfs_ssd_ctrl_cfg_small_vdd.csv,1.1,False,VALIDATED
418,g_chan[0].u_cdc_chw.mem[0][31]$_DFFE_PP_,clk_core,3.85,1.51,0.000677321080890067,3.84932267891911,setup,measured_vdd,orfs_ssd_ctrl_cfg_small,measured_droop/orfs_ssd_ctrl_cfg_small_vdd.csv,1.1,False,VALIDATED
424,g_chan[0].u_cdc_chw.mem[4][31]$_DFFE_PP_,clk_core,3.85,1.51,0.000676979071354597,3.8493230209286455,setup,measured_vdd,orfs_ssd_ctrl_cfg_small,measured_droop/orfs_ssd_ctrl_cfg_small_vdd.csv,1.1,False,VALIDATED
423,g_chan[0].u_cdc_chw.mem[10][31]$_DFFE_PP_,clk_core,3.85,1.51,0.000676979071354597,3.8493230209286455,setup,measured_vdd,orfs_ssd_ctrl_cfg_small,measured_droop/orfs_ssd_ctrl_cfg_small_vdd.csv,1.1,False,VALIDATED
421,g_chan[0].u_cdc_chw.mem[11][31]$_DFFE_PP_,clk_core,3.85,1.51,0.000676979071354597,3.8493230209286455,setup,measured_vdd,orfs_ssd_ctrl_cfg_small,measured_droop/orfs_ssd_ctrl_cfg_small_vdd.csv,1.1,False,VALIDATED
426,g_chan[0].u_cdc_chw.mem[5][31]$_DFFE_PP_,clk_core,3.85,1.51,0.000676979071354597,3.8493230209286455,setup,measured_vdd,orfs_ssd_ctrl_cfg_small,measured_droop/orfs_ssd_ctrl_cfg_small_vdd.csv,1.1,False,VALIDATED
425,g_chan[0].u_cdc_chw.mem[7][31]$_DFFE_PP_,clk_core,3.85,1.51,0.000676979071354597,3.8493230209286455,setup,measured_vdd,orfs_ssd_ctrl_cfg_small,measured_droop/orfs_ssd_ctrl_cfg_small_vdd.csv,1.1,False,VALIDATED
429,g_chan[0].u_cdc_chw.mem[13][31]$_DFFE_PP_,clk_core,3.85,1.51,0.000676979071354597,3.8493230209286455,setup,measured_vdd,orfs_ssd_ctrl_cfg_small,measured_droop/orfs_ssd_ctrl_cfg_small_vdd.csv,1.1,False,VALIDATED
422,g_chan[0].u_cdc_chw.mem[8][31]$_DFFE_PP_,clk_core,3.85,1.51,0.000676979071354597,3.8493230209286455,setup,measured_vdd,orfs_ssd_ctrl_cfg_small,measured_droop/orfs_ssd_ctrl_cfg_small_vdd.csv,1.1,False,VALIDATED
433,g_chan[0].u_cdc_chw.mem[3][31]$_DFFE_PP_,clk_core,3.85,1.51,0.000676979071354597,3.8493230209286455,setup,measured_vdd,orfs_ssd_ctrl_cfg_small,measured_droop/orfs_ssd_ctrl_cfg_small_vdd.csv,1.1,False,VALIDATED
432,g_chan[0].u_cdc_chw.mem[2][31]$_DFFE_PP_,clk_core,3.85,1.51,0.000676979071354597,3.8493230209286455,setup,measured_vdd,orfs_ssd_ctrl_cfg_small,measured_droop/orfs_ssd_ctrl_cfg_small_vdd.csv,1.1,False,VALIDATED
435,g_chan[0].u_cdc_chw.mem[12][31]$_DFFE_PP_,clk_core,3.85,1.51,0.000676979071354597,3.8493230209286455,setup,measured_vdd,orfs_ssd_ctrl_cfg_small,measured_droop/orfs_ssd_ctrl_cfg_small_vdd.csv,1.1,False,VALIDATED
434,g_chan[0].u_cdc_chw.mem[14][31]$_DFFE_PP_,clk_core,3.85,1.51,0.000676979071354597,3.8493230209286455,setup,measured_vdd,orfs_ssd_ctrl_cfg_small,measured_droop/orfs_ssd_ctrl_cfg_small_vdd.csv,1.1,False,VALIDATED
427,g_chan[0].u_cdc_chw.mem[9][31]$_DFFE_PP_,clk_core,3.85,1.51,0.000676979071354597,3.8493230209286455,setup,measured_vdd,orfs_ssd_ctrl_cfg_small,measured_droop/orfs_ssd_ctrl_cfg_small_vdd.csv,1.1,False,VALIDATED
430,g_chan[0].u_cdc_chw.mem[6][31]$_DFFE_PP_,clk_core,3.85,1.51,0.000676979071354597,3.8493230209286455,setup,measured_vdd,orfs_ssd_ctrl_cfg_small,measured_droop/orfs_ssd_ctrl_cfg_small_vdd.csv,1.1,False,VALIDATED
420,g_chan[0].u_cdc_chw.mem[1][31]$_DFFE_PP_,clk_core,3.85,1.51,0.0006757826716166926,3.8493242173283835,setup,measured_vdd,orfs_ssd_ctrl_cfg_small,measured_droop/orfs_ssd_ctrl_cfg_small_vdd.csv,1.1,False,VALIDATED
469,u_dma_fabric.rbeat_data[29]$_DFFE_PN0P_,clk_core,3.86,1.48,0.0009029723380219595,3.859097027661978,setup,measured_vdd,orfs_ssd_ctrl_cfg_small,measured_droop/orfs_ssd_ctrl_cfg_small_vdd.csv,1.1,False,VALIDATED
470,c_cmd_addr[2]$_DFFE_PN0N_,clk_core,3.86,1.51,0.0008790860343493023,3.8591209139656506,setup,measured_vdd,orfs_ssd_ctrl_cfg_small,measured_droop/orfs_ssd_ctrl_cfg_small_vdd.csv,1.1,False,VALIDATED
467,c_cmd_addr[8]$_DFFE_PN0N_,clk_core,3.86,1.51,0.0008790860343493023,3.8591209139656506,setup,measured_vdd,orfs_ssd_ctrl_cfg_small,measured_droop/orfs_ssd_ctrl_cfg_small_vdd.csv,1.1,False,VALIDATED
472,c_cmd_addr[7]$_DFFE_PN0N_,clk_core,3.86,1.51,0.0008564444123286691,3.8591435555876714,setup,measured_vdd,orfs_ssd_ctrl_cfg_small,measured_droop/orfs_ssd_ctrl_cfg_small_vdd.csv,1.1,False,VALIDATED
461,c_cmd_addr[6]$_DFFE_PN0N_,clk_core,3.86,1.51,0.0008563412730355213,3.8591436587269645,setup,measured_vdd,orfs_ssd_ctrl_cfg_small,measured_droop/orfs_ssd_ctrl_cfg_small_vdd.csv,1.1,False,VALIDATED
457,c_cmd_addr[11]$_DFFE_PN0N_,clk_core,3.86,1.51,0.0008457204266822949,3.8591542795733176,setup,measured_vdd,orfs_ssd_ctrl_cfg_small,measured_droop/orfs_ssd_ctrl_cfg_small_vdd.csv,1.1,False,VALIDATED
474,c_cmd_addr[10]$_DFFE_PN0N_,clk_core,3.86,1.51,0.0008440186998572852,3.859155981300143,setup,measured_vdd,orfs_ssd_ctrl_cfg_small,measured_droop/orfs_ssd_ctrl_cfg_small_vdd.csv,1.1,False,VALIDATED
498,c_cmd_len[28]$_DFFE_PN0N_,clk_core,3.86,1.51,0.0008193255625095347,3.85918067443749,setup,measured_vdd,orfs_ssd_ctrl_cfg_small,measured_droop/orfs_ssd_ctrl_cfg_small_vdd.csv,1.1,False,VALIDATED
497,u_dma_fabric.rbeat_data[18]$_DFFE_PN0P_,clk_core,3.86,1.48,0.000761305127256931,3.859238694872743,setup,measured_vdd,orfs_ssd_ctrl_cfg_small,measured_droop/orfs_ssd_ctrl_cfg_small_vdd.csv,1.1,False,VALIDATED
454,g_chan[0].u_cdc_chw.mem[2][14]$_DFFE_PP_,clk_core,3.86,1.5,0.0007170988197732209,3.8592829011802268,setup,measured_vdd,orfs_ssd_ctrl_cfg_small,measured_droop/orfs_ssd_ctrl_cfg_small_vdd.csv,1.1,False,VALIDATED
452,g_chan[0].u_cdc_chw.mem[7][14]$_DFFE_PP_,clk_core,3.86,1.5,0.0007170988197732209,3.8592829011802268,setup,measured_vdd,orfs_ssd_ctrl_cfg_small,measured_droop/orfs_ssd_ctrl_cfg_small_vdd.csv,1.1,False,VALIDATED
456,g_chan[0].u_cdc_chw.mem[3][14]$_DFFE_PP_,clk_core,3.86,1.5,0.0007170988197732209,3.8592829011802268,setup,measured_vdd,orfs_ssd_ctrl_cfg_small,measured_droop/orfs_ssd_ctrl_cfg_small_vdd.csv,1.1,False,VALIDATED
475,g_chan[1].u_cdc_chw.mem[2][14]$_DFFE_PP_,clk_core,3.86,1.49,0.0007122056752011108,3.859287794324799,setup,measured_vdd,orfs_ssd_ctrl_cfg_small,measured_droop/orfs_ssd_ctrl_cfg_small_vdd.csv,1.1,False,VALIDATED
477,g_chan[1].u_cdc_chw.mem[5][14]$_DFFE_PP_,clk_core,3.86,1.49,0.0007122056752011108,3.859287794324799,setup,measured_vdd,orfs_ssd_ctrl_cfg_small,measured_droop/orfs_ssd_ctrl_cfg_small_vdd.csv,1.1,False,VALIDATED
480,g_chan[1].u_cdc_chw.mem[6][14]$_DFFE_PP_,clk_core,3.86,1.49,0.0007122056752011108,3.859287794324799,setup,measured_vdd,orfs_ssd_ctrl_cfg_small,measured_droop/orfs_ssd_ctrl_cfg_small_vdd.csv,1.1,False,VALIDATED
487,g_chan[1].u_cdc_chw.mem[4][14]$_DFFE_PP_,clk_core,3.86,1.49,0.0007122056752011108,3.859287794324799,setup,measured_vdd,orfs_ssd_ctrl_cfg_small,measured_droop/orfs_ssd_ctrl_cfg_small_vdd.csv,1.1,False,VALIDATED
481,g_chan[1].u_cdc_chw.mem[3][14]$_DFFE_PP_,clk_core,3.86,1.49,0.0007122056752011108,3.859287794324799,setup,measured_vdd,orfs_ssd_ctrl_cfg_small,measured_droop/orfs_ssd_ctrl_cfg_small_vdd.csv,1.1,False,VALIDATED
489,g_chan[1].u_cdc_chw.mem[7][14]$_DFFE_PP_,clk_core,3.86,1.49,0.0007122056752011108,3.859287794324799,setup,measured_vdd,orfs_ssd_ctrl_cfg_small,measured_droop/orfs_ssd_ctrl_cfg_small_vdd.csv,1.1,False,VALIDATED
459,g_chan[1].u_cdc_chw.mem[1][14]$_DFFE_PP_,clk_core,3.86,1.49,0.0007023087436357212,3.8592976912563643,setup,measured_vdd,orfs_ssd_ctrl_cfg_small,measured_droop/orfs_ssd_ctrl_cfg_small_vdd.csv,1.1,False,VALIDATED
462,g_chan[0].u_cdc_chw.mem[12][14]$_DFFE_PP_,clk_core,3.86,1.5,0.0006985295091718607,3.859301470490828,setup,measured_vdd,orfs_ssd_ctrl_cfg_small,measured_droop/orfs_ssd_ctrl_cfg_small_vdd.csv,1.1,False,VALIDATED
458,g_chan[0].u_cdc_chw.mem[0][14]$_DFFE_PP_,clk_core,3.86,1.5,0.0006958128114785411,3.8593041871885214,setup,measured_vdd,orfs_ssd_ctrl_cfg_small,measured_droop/orfs_ssd_ctrl_cfg_small_vdd.csv,1.1,False,VALIDATED
453,g_chan[0].u_cdc_chw.mem[1][14]$_DFFE_PP_,clk_core,3.86,1.5,0.0006958128114785411,3.8593041871885214,setup,measured_vdd,orfs_ssd_ctrl_cfg_small,measured_droop/orfs_ssd_ctrl_cfg_small_vdd.csv,1.1,False,VALIDATED
471,g_chan[0].u_cdc_chw.mem[14][17]$_DFFE_PP_,clk_core,3.86,1.49,0.0006708229744221417,3.8593291770255775,setup,measured_vdd,orfs_ssd_ctrl_cfg_small,measured_droop/orfs_ssd_ctrl_cfg_small_vdd.csv,1.1,False,VALIDATED
465,g_chan[0].u_cdc_chw.mem[10][17]$_DFFE_PP_,clk_core,3.86,1.49,0.0006708229744221417,3.8593291770255775,setup,measured_vdd,orfs_ssd_ctrl_cfg_small,measured_droop/orfs_ssd_ctrl_cfg_small_vdd.csv,1.1,False,VALIDATED
460,g_chan[0].u_cdc_chw.mem[15][17]$_DFFE_PP_,clk_core,3.86,1.49,0.0006708229744221417,3.8593291770255775,setup,measured_vdd,orfs_ssd_ctrl_cfg_small,measured_droop/orfs_ssd_ctrl_cfg_small_vdd.csv,1.1,False,VALIDATED
466,g_chan[0].u_cdc_chw.mem[12][17]$_DFFE_PP_,clk_core,3.86,1.49,0.0006708229744221417,3.8593291770255775,setup,measured_vdd,orfs_ssd_ctrl_cfg_small,measured_droop/orfs_ssd_ctrl_cfg_small_vdd.csv,1.1,False,VALIDATED
464,g_chan[0].u_cdc_chw.mem[11][17]$_DFFE_PP_,clk_core,3.86,1.49,0.0006708229744221417,3.8593291770255775,setup,measured_vdd,orfs_ssd_ctrl_cfg_small,measured_droop/orfs_ssd_ctrl_cfg_small_vdd.csv,1.1,False,VALIDATED
463,g_chan[0].u_cdc_chw.mem[13][17]$_DFFE_PP_,clk_core,3.86,1.49,0.0006708229744221417,3.8593291770255775,setup,measured_vdd,orfs_ssd_ctrl_cfg_small,measured_droop/orfs_ssd_ctrl_cfg_small_vdd.csv,1.1,False,VALIDATED
494,g_chan[0].u_cdc_chw.mem[2][17]$_DFFE_PP_,clk_core,3.86,1.49,0.0006675631447104896,3.8593324368552895,setup,measured_vdd,orfs_ssd_ctrl_cfg_small,measured_droop/orfs_ssd_ctrl_cfg_small_vdd.csv,1.1,False,VALIDATED
483,g_chan[0].u_cdc_chw.mem[1][17]$_DFFE_PP_,clk_core,3.86,1.49,0.0006675631447104896,3.8593324368552895,setup,measured_vdd,orfs_ssd_ctrl_cfg_small,measured_droop/orfs_ssd_ctrl_cfg_small_vdd.csv,1.1,False,VALIDATED
485,g_chan[0].u_cdc_chw.mem[0][17]$_DFFE_PP_,clk_core,3.86,1.49,0.0006675631447104896,3.8593324368552895,setup,measured_vdd,orfs_ssd_ctrl_cfg_small,measured_droop/orfs_ssd_ctrl_cfg_small_vdd.csv,1.1,False,VALIDATED
488,g_chan[0].u_cdc_chw.mem[7][17]$_DFFE_PP_,clk_core,3.86,1.49,0.0006675631447104896,3.8593324368552895,setup,measured_vdd,orfs_ssd_ctrl_cfg_small,measured_droop/orfs_ssd_ctrl_cfg_small_vdd.csv,1.1,False,VALIDATED
479,g_chan[0].u_cdc_chw.mem[5][17]$_DFFE_PP_,clk_core,3.86,1.49,0.0006675631447104896,3.8593324368552895,setup,measured_vdd,orfs_ssd_ctrl_cfg_small,measured_droop/orfs_ssd_ctrl_cfg_small_vdd.csv,1.1,False,VALIDATED
496,g_chan[0].u_cdc_chw.mem[3][17]$_DFFE_PP_,clk_core,3.86,1.49,0.0006675631447104896,3.8593324368552895,setup,measured_vdd,orfs_ssd_ctrl_cfg_small,measured_droop/orfs_ssd_ctrl_cfg_small_vdd.csv,1.1,False,VALIDATED
492,g_chan[0].u_cdc_chw.mem[6][17]$_DFFE_PP_,clk_core,3.86,1.49,0.0006675631447104896,3.8593324368552895,setup,measured_vdd,orfs_ssd_ctrl_cfg_small,measured_droop/orfs_ssd_ctrl_cfg_small_vdd.csv,1.1,False,VALIDATED
476,g_chan[1].u_cdc_chw.mem[0][31]$_DFFE_PP_,clk_core,3.86,1.49,0.0006637958974748531,3.859336204102525,setup,measured_vdd,orfs_ssd_ctrl_cfg_small,measured_droop/orfs_ssd_ctrl_cfg_small_vdd.csv,1.1,False,VALIDATED
473,g_chan[1].u_cdc_chw.mem[1][31]$_DFFE_PP_,clk_core,3.86,1.49,0.0006637958974748531,3.859336204102525,setup,measured_vdd,orfs_ssd_ctrl_cfg_small,measured_droop/orfs_ssd_ctrl_cfg_small_vdd.csv,1.1,False,VALIDATED
486,g_chan[1].u_cdc_chw.mem[2][31]$_DFFE_PP_,clk_core,3.86,1.49,0.0006637958974748531,3.859336204102525,setup,measured_vdd,orfs_ssd_ctrl_cfg_small,measured_droop/orfs_ssd_ctrl_cfg_small_vdd.csv,1.1,False,VALIDATED
482,g_chan[1].u_cdc_chw.mem[3][31]$_DFFE_PP_,clk_core,3.86,1.49,0.0006637958974748531,3.859336204102525,setup,measured_vdd,orfs_ssd_ctrl_cfg_small,measured_droop/orfs_ssd_ctrl_cfg_small_vdd.csv,1.1,False,VALIDATED
478,g_chan[0].u_cdc_chw.mem[4][17]$_DFFE_PP_,clk_core,3.86,1.49,0.0006574454388881545,3.8593425545611115,setup,measured_vdd,orfs_ssd_ctrl_cfg_small,measured_droop/orfs_ssd_ctrl_cfg_small_vdd.csv,1.1,False,VALIDATED
490,g_chan[0].u_cdc_chw.mem[8][17]$_DFFE_PP_,clk_core,3.86,1.49,0.0006574454388881545,3.8593425545611115,setup,measured_vdd,orfs_ssd_ctrl_cfg_small,measured_droop/orfs_ssd_ctrl_cfg_small_vdd.csv,1.1,False,VALIDATED
495,g_chan[0].u_cdc_chw.mem[9][17]$_DFFE_PP_,clk_core,3.86,1.49,0.0006574454388881545,3.8593425545611115,setup,measured_vdd,orfs_ssd_ctrl_cfg_small,measured_droop/orfs_ssd_ctrl_cfg_small_vdd.csv,1.1,False,VALIDATED
468,u_dma_fabric.rbeat_data[16]$_DFFE_PN0P_,clk_core,3.86,1.48,0.0006564552123380502,3.8593435447876616,setup,measured_vdd,orfs_ssd_ctrl_cfg_small,measured_droop/orfs_ssd_ctrl_cfg_small_vdd.csv,1.1,False,VALIDATED
451,u_dma_fabric.rbeat_data[19]$_DFFE_PN0P_,clk_core,3.86,1.49,0.0006543523280932578,3.8593456476719066,setup,measured_vdd,orfs_ssd_ctrl_cfg_small,measured_droop/orfs_ssd_ctrl_cfg_small_vdd.csv,1.1,False,VALIDATED
484,g_chan[1].u_cdc_chw.mem[6][31]$_DFFE_PP_,clk_core,3.86,1.49,0.0006522137982828413,3.859347786201717,setup,measured_vdd,orfs_ssd_ctrl_cfg_small,measured_droop/orfs_ssd_ctrl_cfg_small_vdd.csv,1.1,False,VALIDATED
493,g_chan[1].u_cdc_chw.mem[4][31]$_DFFE_PP_,clk_core,3.86,1.49,0.0006518203258107508,3.859348179674189,setup,measured_vdd,orfs_ssd_ctrl_cfg_small,measured_droop/orfs_ssd_ctrl_cfg_small_vdd.csv,1.1,False,VALIDATED
491,g_chan[1].u_cdc_chw.mem[5][31]$_DFFE_PP_,clk_core,3.86,1.49,0.0006518203258107508,3.859348179674189,setup,measured_vdd,orfs_ssd_ctrl_cfg_small,measured_droop/orfs_ssd_ctrl_cfg_small_vdd.csv,1.1,False,VALIDATED
455,g_chan[1].u_cdc_chw.mem[7][31]$_DFFE_PP_,clk_core,3.86,1.49,0.0006454099009331055,3.8593545900990667,setup,measured_vdd,orfs_ssd_ctrl_cfg_small,measured_droop/orfs_ssd_ctrl_cfg_small_vdd.csv,1.1,False,VALIDATED
499,c_cmd_len[5]$_DFFE_PN0N_,clk_core,3.87,1.5,0.0009097254773844793,3.8690902745226157,setup,measured_vdd,orfs_ssd_ctrl_cfg_small,measured_droop/orfs_ssd_ctrl_cfg_small_vdd.csv,1.1,False,VALIDATED
501,c_cmd_addr[26]$_DFFE_PN0N_,clk_core,3.87,1.49,0.0008136709140050685,3.869186329085995,setup,measured_vdd,orfs_ssd_ctrl_cfg_small,measured_droop/orfs_ssd_ctrl_cfg_small_vdd.csv,1.1,False,VALIDATED
500,u_dma_fabric.rbeat_data[20]$_DFFE_PN0P_,clk_core,3.87,1.47,0.0008032454047677967,3.869196754595232,setup,measured_vdd,orfs_ssd_ctrl_cfg_small,measured_droop/orfs_ssd_ctrl_cfg_small_vdd.csv,1.1,False,VALIDATED
503,g_chan[1].u_cdc_chw.mem[2][17]$_DFFE_PP_,clk_core,3.87,1.48,0.0006812362562093194,3.8693187637437907,setup,measured_vdd,orfs_ssd_ctrl_cfg_small,measured_droop/orfs_ssd_ctrl_cfg_small_vdd.csv,1.1,False,VALIDATED
505,g_chan[1].u_cdc_chw.mem[3][17]$_DFFE_PP_,clk_core,3.87,1.48,0.0006749246461751207,3.869325075353825,setup,measured_vdd,orfs_ssd_ctrl_cfg_small,measured_droop/orfs_ssd_ctrl_cfg_small_vdd.csv,1.1,False,VALIDATED
504,g_chan[1].u_cdc_chw.mem[0][17]$_DFFE_PP_,clk_core,3.87,1.48,0.000668613036140922,3.869331386963859,setup,measured_vdd,orfs_ssd_ctrl_cfg_small,measured_droop/orfs_ssd_ctrl_cfg_small_vdd.csv,1.1,False,VALIDATED
502,g_chan[1].u_cdc_chw.mem[1][17]$_DFFE_PP_,clk_core,3.87,1.48,0.000668613036140922,3.869331386963859,setup,measured_vdd,orfs_ssd_ctrl_cfg_small,measured_droop/orfs_ssd_ctrl_cfg_small_vdd.csv,1.1,False,VALIDATED
517,c_cmd_addr[20]$_DFFE_PN0N_,clk_core,3.88,1.48,0.0008304905725200346,3.87916950942748,setup,measured_vdd,orfs_ssd_ctrl_cfg_small,measured_droop/orfs_ssd_ctrl_cfg_small_vdd.csv,1.1,False,VALIDATED
516,c_cmd_len[26]$_DFFE_PN0N_,clk_core,3.88,1.48,0.0008143358005487517,3.879185664199451,setup,measured_vdd,orfs_ssd_ctrl_cfg_small,measured_droop/orfs_ssd_ctrl_cfg_small_vdd.csv,1.1,False,VALIDATED
509,g_chan[1].u_cdc_chw.mem[4][17]$_DFFE_PP_,clk_core,3.88,1.48,0.000668613036140922,3.879331386963859,setup,measured_vdd,orfs_ssd_ctrl_cfg_small,measured_droop/orfs_ssd_ctrl_cfg_small_vdd.csv,1.1,False,VALIDATED
507,g_chan[1].u_cdc_chw.mem[5][17]$_DFFE_PP_,clk_core,3.88,1.48,0.000668613036140922,3.879331386963859,setup,measured_vdd,orfs_ssd_ctrl_cfg_small,measured_droop/orfs_ssd_ctrl_cfg_small_vdd.csv,1.1,False,VALIDATED
512,g_chan[1].u_cdc_chw.mem[6][17]$_DFFE_PP_,clk_core,3.88,1.48,0.000668613036140922,3.879331386963859,setup,measured_vdd,orfs_ssd_ctrl_cfg_small,measured_droop/orfs_ssd_ctrl_cfg_small_vdd.csv,1.1,False,VALIDATED
511,g_chan[1].u_cdc_chw.mem[7][17]$_DFFE_PP_,clk_core,3.88,1.48,0.000668613036140922,3.879331386963859,setup,measured_vdd,orfs_ssd_ctrl_cfg_small,measured_droop/orfs_ssd_ctrl_cfg_small_vdd.csv,1.1,False,VALIDATED
510,g_chan[1].u_cdc_chw.mem[13][17]$_DFFE_PP_,clk_core,3.88,1.48,0.0006633051790754102,3.8793366948209247,setup,measured_vdd,orfs_ssd_ctrl_cfg_small,measured_droop/orfs_ssd_ctrl_cfg_small_vdd.csv,1.1,False,VALIDATED
513,g_chan[1].u_cdc_chw.mem[12][17]$_DFFE_PP_,clk_core,3.88,1.48,0.0006633051790754102,3.8793366948209247,setup,measured_vdd,orfs_ssd_ctrl_cfg_small,measured_droop/orfs_ssd_ctrl_cfg_small_vdd.csv,1.1,False,VALIDATED
508,g_chan[1].u_cdc_chw.mem[10][17]$_DFFE_PP_,clk_core,3.88,1.48,0.0006590603909800291,3.87934093960902,setup,measured_vdd,orfs_ssd_ctrl_cfg_small,measured_droop/orfs_ssd_ctrl_cfg_small_vdd.csv,1.1,False,VALIDATED
506,g_chan[1].u_cdc_chw.mem[11][17]$_DFFE_PP_,clk_core,3.88,1.48,0.000654815602884648,3.879345184397115,setup,measured_vdd,orfs_ssd_ctrl_cfg_small,measured_droop/orfs_ssd_ctrl_cfg_small_vdd.csv,1.1,False,VALIDATED
514,g_chan[1].u_cdc_chw.mem[9][17]$_DFFE_PP_,clk_core,3.88,1.47,0.0006488945732581464,3.8793511054267418,setup,measured_vdd,orfs_ssd_ctrl_cfg_small,measured_droop/orfs_ssd_ctrl_cfg_small_vdd.csv,1.1,False,VALIDATED
515,g_chan[1].u_cdc_chw.mem[8][17]$_DFFE_PP_,clk_core,3.88,1.47,0.0006488945732581464,3.8793511054267418,setup,measured_vdd,orfs_ssd_ctrl_cfg_small,measured_droop/orfs_ssd_ctrl_cfg_small_vdd.csv,1.1,False,VALIDATED
518,c_cmd_addr[23]$_DFFE_PN0N_,clk_core,3.89,1.48,0.0008712523145392032,3.889128747685461,setup,measured_vdd,orfs_ssd_ctrl_cfg_small,measured_droop/orfs_ssd_ctrl_cfg_small_vdd.csv,1.1,False,VALIDATED
519,c_cmd_len[20]$_DFFE_PN0N_,clk_core,3.89,1.47,0.0008678561890916453,3.8891321438109085,setup,measured_vdd,orfs_ssd_ctrl_cfg_small,measured_droop/orfs_ssd_ctrl_cfg_small_vdd.csv,1.1,False,VALIDATED
520,c_cmd_len[14]$_DFFE_PN0N_,clk_core,3.9,1.47,0.0008626333074829295,3.899137366692517,setup,measured_vdd,orfs_ssd_ctrl_cfg_small,measured_droop/orfs_ssd_ctrl_cfg_small_vdd.csv,1.1,False,VALIDATED
521,c_cmd_len[21]$_DFFE_PN0N_,clk_core,3.9,1.47,0.0008308714150103563,3.8991691285849894,setup,measured_vdd,orfs_ssd_ctrl_cfg_small,measured_droop/orfs_ssd_ctrl_cfg_small_vdd.csv,1.1,False,VALIDATED
523,c_cmd_len[31]$_DFFE_PN0N_,clk_core,3.9,1.47,0.0008110348861363609,3.8991889651138636,setup,measured_vdd,orfs_ssd_ctrl_cfg_small,measured_droop/orfs_ssd_ctrl_cfg_small_vdd.csv,1.1,False,VALIDATED
522,c_cmd_len[29]$_DFFE_PN0N_,clk_core,3.9,1.46,0.0007764898547911736,3.899223510145209,setup,measured_vdd,orfs_ssd_ctrl_cfg_small,measured_droop/orfs_ssd_ctrl_cfg_small_vdd.csv,1.1,False,VALIDATED
525,c_cmd_len[13]$_DFFE_PN0N_,clk_core,3.91,1.46,0.000885942251496144,3.909114057748504,setup,measured_vdd,orfs_ssd_ctrl_cfg_small,measured_droop/orfs_ssd_ctrl_cfg_small_vdd.csv,1.1,False,VALIDATED
526,c_cmd_len[2]$_DFFE_PN0N_,clk_core,3.91,1.45,0.0008266254849950694,3.9091733745150052,setup,measured_vdd,orfs_ssd_ctrl_cfg_small,measured_droop/orfs_ssd_ctrl_cfg_small_vdd.csv,1.1,False,VALIDATED
524,c_cmd_len[27]$_DFFE_PN0N_,clk_core,3.91,1.46,0.0007741974918471228,3.909225802508153,setup,measured_vdd,orfs_ssd_ctrl_cfg_small,measured_droop/orfs_ssd_ctrl_cfg_small_vdd.csv,1.1,False,VALIDATED
528,c_cmd_len[8]$_DFFE_PN0N_,clk_core,3.92,1.45,0.0008374238951480845,3.919162576104852,setup,measured_vdd,orfs_ssd_ctrl_cfg_small,measured_droop/orfs_ssd_ctrl_cfg_small_vdd.csv,1.1,False,VALIDATED
527,c_cmd_len[30]$_DFFE_PN0N_,clk_core,3.92,1.45,0.0007809236263792568,3.9192190763736208,setup,measured_vdd,orfs_ssd_ctrl_cfg_small,measured_droop/orfs_ssd_ctrl_cfg_small_vdd.csv,1.1,False,VALIDATED
543,c_cmd_addr[5]$_DFFE_PN0N_,clk_core,3.93,1.43,0.0008068269896315816,3.9291931730103684,setup,measured_vdd,orfs_ssd_ctrl_cfg_small,measured_droop/orfs_ssd_ctrl_cfg_small_vdd.csv,1.1,False,VALIDATED
530,g_chan[0].u_cdc_chw.mem[8][25]$_DFFE_PP_,clk_core,3.93,1.42,0.0006374606450665621,3.9293625393549334,setup,measured_vdd,orfs_ssd_ctrl_cfg_small,measured_droop/orfs_ssd_ctrl_cfg_small_vdd.csv,1.1,False,VALIDATED
542,g_chan[0].u_cdc_chw.mem[14][25]$_DFFE_PP_,clk_core,3.93,1.42,0.0006374606450665621,3.9293625393549334,setup,measured_vdd,orfs_ssd_ctrl_cfg_small,measured_droop/orfs_ssd_ctrl_cfg_small_vdd.csv,1.1,False,VALIDATED
540,g_chan[0].u_cdc_chw.mem[12][25]$_DFFE_PP_,clk_core,3.93,1.41,0.0006329714855941443,3.929367028514406,setup,measured_vdd,orfs_ssd_ctrl_cfg_small,measured_droop/orfs_ssd_ctrl_cfg_small_vdd.csv,1.1,False,VALIDATED
544,g_chan[0].u_cdc_chw.mem[15][25]$_DFFE_PP_,clk_core,3.93,1.41,0.0006329714855941443,3.929367028514406,setup,measured_vdd,orfs_ssd_ctrl_cfg_small,measured_droop/orfs_ssd_ctrl_cfg_small_vdd.csv,1.1,False,VALIDATED
539,g_chan[0].u_cdc_chw.mem[13][25]$_DFFE_PP_,clk_core,3.93,1.41,0.0006329714855941443,3.929367028514406,setup,measured_vdd,orfs_ssd_ctrl_cfg_small,measured_droop/orfs_ssd_ctrl_cfg_small_vdd.csv,1.1,False,VALIDATED
529,g_chan[0].u_cdc_chw.mem[9][25]$_DFFE_PP_,clk_core,3.93,1.42,0.0006226444476380572,3.929377355552362,setup,measured_vdd,orfs_ssd_ctrl_cfg_small,measured_droop/orfs_ssd_ctrl_cfg_small_vdd.csv,1.1,False,VALIDATED
532,g_chan[0].u_cdc_chw.mem[10][25]$_DFFE_PP_,clk_core,3.93,1.42,0.0006226444476380572,3.929377355552362,setup,measured_vdd,orfs_ssd_ctrl_cfg_small,measured_droop/orfs_ssd_ctrl_cfg_small_vdd.csv,1.1,False,VALIDATED
538,g_chan[0].u_cdc_chw.mem[11][25]$_DFFE_PP_,clk_core,3.93,1.42,0.0006226444476380572,3.929377355552362,setup,measured_vdd,orfs_ssd_ctrl_cfg_small,measured_droop/orfs_ssd_ctrl_cfg_small_vdd.csv,1.1,False,VALIDATED
536,g_chan[0].u_cdc_chw.mem[1][25]$_DFFE_PP_,clk_core,3.93,1.42,0.0006078282502095522,3.9293921717497904,setup,measured_vdd,orfs_ssd_ctrl_cfg_small,measured_droop/orfs_ssd_ctrl_cfg_small_vdd.csv,1.1,False,VALIDATED
541,g_chan[0].u_cdc_chw.mem[0][25]$_DFFE_PP_,clk_core,3.93,1.42,0.0006078282502095522,3.9293921717497904,setup,measured_vdd,orfs_ssd_ctrl_cfg_small,measured_droop/orfs_ssd_ctrl_cfg_small_vdd.csv,1.1,False,VALIDATED
534,g_chan[0].u_cdc_chw.mem[3][25]$_DFFE_PP_,clk_core,3.93,1.42,0.0006078282502095522,3.9293921717497904,setup,measured_vdd,orfs_ssd_ctrl_cfg_small,measured_droop/orfs_ssd_ctrl_cfg_small_vdd.csv,1.1,False,VALIDATED
535,g_chan[0].u_cdc_chw.mem[7][25]$_DFFE_PP_,clk_core,3.93,1.42,0.0006078282502095522,3.9293921717497904,setup,measured_vdd,orfs_ssd_ctrl_cfg_small,measured_droop/orfs_ssd_ctrl_cfg_small_vdd.csv,1.1,False,VALIDATED
533,g_chan[0].u_cdc_chw.mem[5][25]$_DFFE_PP_,clk_core,3.93,1.42,0.0006078282502095522,3.9293921717497904,setup,measured_vdd,orfs_ssd_ctrl_cfg_small,measured_droop/orfs_ssd_ctrl_cfg_small_vdd.csv,1.1,False,VALIDATED
531,g_chan[0].u_cdc_chw.mem[4][25]$_DFFE_PP_,clk_core,3.93,1.42,0.0006078282502095522,3.9293921717497904,setup,measured_vdd,orfs_ssd_ctrl_cfg_small,measured_droop/orfs_ssd_ctrl_cfg_small_vdd.csv,1.1,False,VALIDATED
537,g_chan[0].u_cdc_chw.mem[2][25]$_DFFE_PP_,clk_core,3.93,1.42,0.0006078282502095522,3.9293921717497904,setup,measured_vdd,orfs_ssd_ctrl_cfg_small,measured_droop/orfs_ssd_ctrl_cfg_small_vdd.csv,1.1,False,VALIDATED
545,c_cmd_addr[3]$_DFFE_PN0N_,clk_core,3.94,1.43,0.0008116130739916072,3.9391883869260083,setup,measured_vdd,orfs_ssd_ctrl_cfg_small,measured_droop/orfs_ssd_ctrl_cfg_small_vdd.csv,1.1,False,VALIDATED
553,c_cmd_addr[4]$_DFFE_PN0N_,clk_core,3.94,1.42,0.0007945904850432672,3.9392054095149565,setup,measured_vdd,orfs_ssd_ctrl_cfg_small,measured_droop/orfs_ssd_ctrl_cfg_small_vdd.csv,1.1,False,VALIDATED
574,g_chan[0].u_cdc_chw.mem[4][23]$_DFFE_PP_,clk_core,3.94,1.41,0.0006530267113862287,3.9393469732886137,setup,measured_vdd,orfs_ssd_ctrl_cfg_small,measured_droop/orfs_ssd_ctrl_cfg_small_vdd.csv,1.1,False,VALIDATED
558,g_chan[0].u_cdc_chw.mem[6][23]$_DFFE_PP_,clk_core,3.94,1.41,0.0006530267113862287,3.9393469732886137,setup,measured_vdd,orfs_ssd_ctrl_cfg_small,measured_droop/orfs_ssd_ctrl_cfg_small_vdd.csv,1.1,False,VALIDATED
575,g_chan[0].u_cdc_chw.mem[5][23]$_DFFE_PP_,clk_core,3.94,1.41,0.0006530267113862287,3.9393469732886137,setup,measured_vdd,orfs_ssd_ctrl_cfg_small,measured_droop/orfs_ssd_ctrl_cfg_small_vdd.csv,1.1,False,VALIDATED
564,g_chan[0].u_cdc_chw.mem[7][23]$_DFFE_PP_,clk_core,3.94,1.41,0.0006530267113862287,3.9393469732886137,setup,measured_vdd,orfs_ssd_ctrl_cfg_small,measured_droop/orfs_ssd_ctrl_cfg_small_vdd.csv,1.1,False,VALIDATED
569,g_chan[0].u_cdc_chw.mem[2][23]$_DFFE_PP_,clk_core,3.94,1.41,0.0006530267113862287,3.9393469732886137,setup,measured_vdd,orfs_ssd_ctrl_cfg_small,measured_droop/orfs_ssd_ctrl_cfg_small_vdd.csv,1.1,False,VALIDATED
572,g_chan[0].u_cdc_chw.mem[3][23]$_DFFE_PP_,clk_core,3.94,1.41,0.0006463409089522143,3.9393536590910476,setup,measured_vdd,orfs_ssd_ctrl_cfg_small,measured_droop/orfs_ssd_ctrl_cfg_small_vdd.csv,1.1,False,VALIDATED
578,g_chan[0].u_cdc_chw.mem[0][23]$_DFFE_PP_,clk_core,3.94,1.41,0.0006461723839991662,3.9393538276160007,setup,measured_vdd,orfs_ssd_ctrl_cfg_small,measured_droop/orfs_ssd_ctrl_cfg_small_vdd.csv,1.1,False,VALIDATED
576,g_chan[0].u_cdc_chw.mem[1][23]$_DFFE_PP_,clk_core,3.94,1.41,0.0006461723839991662,3.9393538276160007,setup,measured_vdd,orfs_ssd_ctrl_cfg_small,measured_droop/orfs_ssd_ctrl_cfg_small_vdd.csv,1.1,False,VALIDATED
579,g_chan[0].u_cdc_chw.mem[8][23]$_DFFE_PP_,clk_core,3.94,1.41,0.0006460038590461181,3.939353996140954,setup,measured_vdd,orfs_ssd_ctrl_cfg_small,measured_droop/orfs_ssd_ctrl_cfg_small_vdd.csv,1.1,False,VALIDATED
570,g_chan[0].u_cdc_chw.mem[9][23]$_DFFE_PP_,clk_core,3.94,1.41,0.0006460038590461181,3.939353996140954,setup,measured_vdd,orfs_ssd_ctrl_cfg_small,measured_droop/orfs_ssd_ctrl_cfg_small_vdd.csv,1.1,False,VALIDATED
551,g_chan[1].u_cdc_chw.mem[14][31]$_DFFE_PP_,clk_core,3.94,1.41,0.0006455006021966747,3.9393544993978034,setup,measured_vdd,orfs_ssd_ctrl_cfg_small,measured_droop/orfs_ssd_ctrl_cfg_small_vdd.csv,1.1,False,VALIDATED
546,g_chan[1].u_cdc_chw.mem[10][31]$_DFFE_PP_,clk_core,3.94,1.41,0.0006455006021966747,3.9393544993978034,setup,measured_vdd,orfs_ssd_ctrl_cfg_small,measured_droop/orfs_ssd_ctrl_cfg_small_vdd.csv,1.1,False,VALIDATED
547,g_chan[1].u_cdc_chw.mem[15][31]$_DFFE_PP_,clk_core,3.94,1.41,0.0006455006021966747,3.9393544993978034,setup,measured_vdd,orfs_ssd_ctrl_cfg_small,measured_droop/orfs_ssd_ctrl_cfg_small_vdd.csv,1.1,False,VALIDATED
577,g_chan[1].u_cdc_chw.mem[8][31]$_DFFE_PP_,clk_core,3.94,1.41,0.0006455006021966747,3.9393544993978034,setup,measured_vdd,orfs_ssd_ctrl_cfg_small,measured_droop/orfs_ssd_ctrl_cfg_small_vdd.csv,1.1,False,VALIDATED
548,g_chan[1].u_cdc_chw.mem[12][31]$_DFFE_PP_,clk_core,3.94,1.41,0.0006455006021966747,3.9393544993978034,setup,measured_vdd,orfs_ssd_ctrl_cfg_small,measured_droop/orfs_ssd_ctrl_cfg_small_vdd.csv,1.1,False,VALIDATED
550,g_chan[1].u_cdc_chw.mem[13][31]$_DFFE_PP_,clk_core,3.94,1.41,0.0006455006021966747,3.9393544993978034,setup,measured_vdd,orfs_ssd_ctrl_cfg_small,measured_droop/orfs_ssd_ctrl_cfg_small_vdd.csv,1.1,False,VALIDATED
556,g_chan[0].u_cdc_chw.mem[7][24]$_DFFE_PP_,clk_core,3.94,1.41,0.0006268012485752678,3.939373198751425,setup,measured_vdd,orfs_ssd_ctrl_cfg_small,measured_droop/orfs_ssd_ctrl_cfg_small_vdd.csv,1.1,False,VALIDATED
566,g_chan[0].u_cdc_chw.mem[6][24]$_DFFE_PP_,clk_core,3.94,1.41,0.0006268012485752678,3.939373198751425,setup,measured_vdd,orfs_ssd_ctrl_cfg_small,measured_droop/orfs_ssd_ctrl_cfg_small_vdd.csv,1.1,False,VALIDATED
557,g_chan[0].u_cdc_chw.mem[0][24]$_DFFE_PP_,clk_core,3.94,1.41,0.0006268012485752678,3.939373198751425,setup,measured_vdd,orfs_ssd_ctrl_cfg_small,measured_droop/orfs_ssd_ctrl_cfg_small_vdd.csv,1.1,False,VALIDATED
563,g_chan[0].u_cdc_chw.mem[1][24]$_DFFE_PP_,clk_core,3.94,1.41,0.0006268012485752678,3.939373198751425,setup,measured_vdd,orfs_ssd_ctrl_cfg_small,measured_droop/orfs_ssd_ctrl_cfg_small_vdd.csv,1.1,False,VALIDATED
568,g_chan[0].u_cdc_chw.mem[4][24]$_DFFE_PP_,clk_core,3.94,1.41,0.0006268012485752678,3.939373198751425,setup,measured_vdd,orfs_ssd_ctrl_cfg_small,measured_droop/orfs_ssd_ctrl_cfg_small_vdd.csv,1.1,False,VALIDATED
565,g_chan[0].u_cdc_chw.mem[5][24]$_DFFE_PP_,clk_core,3.94,1.41,0.0006268012485752678,3.939373198751425,setup,measured_vdd,orfs_ssd_ctrl_cfg_small,measured_droop/orfs_ssd_ctrl_cfg_small_vdd.csv,1.1,False,VALIDATED
549,g_chan[0].u_cdc_chw.mem[6][25]$_DFFE_PP_,clk_core,3.94,1.42,0.0006240033032057224,3.939375996696794,setup,measured_vdd,orfs_ssd_ctrl_cfg_small,measured_droop/orfs_ssd_ctrl_cfg_small_vdd.csv,1.1,False,VALIDATED
561,g_chan[0].u_cdc_chw.mem[10][24]$_DFFE_PP_,clk_core,3.94,1.41,0.000616635724404499,3.9393833642755953,setup,measured_vdd,orfs_ssd_ctrl_cfg_small,measured_droop/orfs_ssd_ctrl_cfg_small_vdd.csv,1.1,False,VALIDATED
573,g_chan[0].u_cdc_chw.mem[11][24]$_DFFE_PP_,clk_core,3.94,1.41,0.0006064702002337302,3.939393529799766,setup,measured_vdd,orfs_ssd_ctrl_cfg_small,measured_droop/orfs_ssd_ctrl_cfg_small_vdd.csv,1.1,False,VALIDATED
559,g_chan[0].u_cdc_chw.mem[3][24]$_DFFE_PP_,clk_core,3.94,1.41,0.0006064702002337302,3.939393529799766,setup,measured_vdd,orfs_ssd_ctrl_cfg_small,measured_droop/orfs_ssd_ctrl_cfg_small_vdd.csv,1.1,False,VALIDATED
555,g_chan[0].u_cdc_chw.mem[2][24]$_DFFE_PP_,clk_core,3.94,1.41,0.0006064702002337302,3.939393529799766,setup,measured_vdd,orfs_ssd_ctrl_cfg_small,measured_droop/orfs_ssd_ctrl_cfg_small_vdd.csv,1.1,False,VALIDATED
554,g_chan[0].u_cdc_chw.mem[9][24]$_DFFE_PP_,clk_core,3.94,1.41,0.0006064702002337302,3.939393529799766,setup,measured_vdd,orfs_ssd_ctrl_cfg_small,measured_droop/orfs_ssd_ctrl_cfg_small_vdd.csv,1.1,False,VALIDATED
562,g_chan[0].u_cdc_chw.mem[13][24]$_DFFE_PP_,clk_core,3.94,1.41,0.0006064702002337302,3.939393529799766,setup,measured_vdd,orfs_ssd_ctrl_cfg_small,measured_droop/orfs_ssd_ctrl_cfg_small_vdd.csv,1.1,False,VALIDATED
571,g_chan[0].u_cdc_chw.mem[8][24]$_DFFE_PP_,clk_core,3.94,1.41,0.0006064702002337302,3.939393529799766,setup,measured_vdd,orfs_ssd_ctrl_cfg_small,measured_droop/orfs_ssd_ctrl_cfg_small_vdd.csv,1.1,False,VALIDATED
567,g_chan[0].u_cdc_chw.mem[12][24]$_DFFE_PP_,clk_core,3.94,1.41,0.0006064702002337302,3.939393529799766,setup,measured_vdd,orfs_ssd_ctrl_cfg_small,measured_droop/orfs_ssd_ctrl_cfg_small_vdd.csv,1.1,False,VALIDATED
560,g_chan[0].u_cdc_chw.mem[15][24]$_DFFE_PP_,clk_core,3.94,1.41,0.0006064702002337302,3.939393529799766,setup,measured_vdd,orfs_ssd_ctrl_cfg_small,measured_droop/orfs_ssd_ctrl_cfg_small_vdd.csv,1.1,False,VALIDATED
552,g_chan[0].u_cdc_chw.mem[14][24]$_DFFE_PP_,clk_core,3.94,1.41,0.0006042233006712805,3.9393957766993286,setup,measured_vdd,orfs_ssd_ctrl_cfg_small,measured_droop/orfs_ssd_ctrl_cfg_small_vdd.csv,1.1,False,VALIDATED
604,c_cmd_len[19]$_DFFE_PN0N_,clk_core,3.95,1.41,0.0008337753460295194,3.9491662246539705,setup,measured_vdd,orfs_ssd_ctrl_cfg_small,measured_droop/orfs_ssd_ctrl_cfg_small_vdd.csv,1.1,False,VALIDATED
594,c_cmd_len[17]$_DFFE_PN0N_,clk_core,3.95,1.42,0.000830040644482416,3.9491699593555176,setup,measured_vdd,orfs_ssd_ctrl_cfg_small,measured_droop/orfs_ssd_ctrl_cfg_small_vdd.csv,1.1,False,VALIDATED
593,c_cmd_len[24]$_DFFE_PN0N_,clk_core,3.95,1.42,0.0008298926506673521,3.9491701073493326,setup,measured_vdd,orfs_ssd_ctrl_cfg_small,measured_droop/orfs_ssd_ctrl_cfg_small_vdd.csv,1.1,False,VALIDATED
592,g_chan[1].u_cdc_chw.mem[9][14]$_DFFE_PP_,clk_core,3.95,1.4,0.0006622774286566546,3.9493377225713435,setup,measured_vdd,orfs_ssd_ctrl_cfg_small,measured_droop/orfs_ssd_ctrl_cfg_small_vdd.csv,1.1,False,VALIDATED
590,g_chan[1].u_cdc_chw.mem[15][14]$_DFFE_PP_,clk_core,3.95,1.4,0.0006622774286566546,3.9493377225713435,setup,measured_vdd,orfs_ssd_ctrl_cfg_small,measured_droop/orfs_ssd_ctrl_cfg_small_vdd.csv,1.1,False,VALIDATED
589,g_chan[1].u_cdc_chw.mem[14][14]$_DFFE_PP_,clk_core,3.95,1.4,0.0006620542888492037,3.949337945711151,setup,measured_vdd,orfs_ssd_ctrl_cfg_small,measured_droop/orfs_ssd_ctrl_cfg_small_vdd.csv,1.1,False,VALIDATED
597,g_chan[1].u_cdc_chw.mem[13][14]$_DFFE_PP_,clk_core,3.95,1.4,0.0006618311490417528,3.9493381688509586,setup,measured_vdd,orfs_ssd_ctrl_cfg_small,measured_droop/orfs_ssd_ctrl_cfg_small_vdd.csv,1.1,False,VALIDATED
599,g_chan[1].u_cdc_chw.mem[12][14]$_DFFE_PP_,clk_core,3.95,1.4,0.0006618311490417528,3.9493381688509586,setup,measured_vdd,orfs_ssd_ctrl_cfg_small,measured_droop/orfs_ssd_ctrl_cfg_small_vdd.csv,1.1,False,VALIDATED
606,g_chan[1].u_cdc_chw.mem[6][23]$_DFFE_PP_,clk_core,3.95,1.39,0.0006582811835363217,3.9493417188164637,setup,measured_vdd,orfs_ssd_ctrl_cfg_small,measured_droop/orfs_ssd_ctrl_cfg_small_vdd.csv,1.1,False,VALIDATED
586,g_chan[0].u_cdc_chw.mem[14][23]$_DFFE_PP_,clk_core,3.95,1.41,0.0006526896614801325,3.94934731033852,setup,measured_vdd,orfs_ssd_ctrl_cfg_small,measured_droop/orfs_ssd_ctrl_cfg_small_vdd.csv,1.1,False,VALIDATED
584,g_chan[0].u_cdc_chw.mem[10][23]$_DFFE_PP_,clk_core,3.95,1.41,0.0006526896614801325,3.94934731033852,setup,measured_vdd,orfs_ssd_ctrl_cfg_small,measured_droop/orfs_ssd_ctrl_cfg_small_vdd.csv,1.1,False,VALIDATED
585,g_chan[0].u_cdc_chw.mem[15][23]$_DFFE_PP_,clk_core,3.95,1.41,0.0006526896614801325,3.94934731033852,setup,measured_vdd,orfs_ssd_ctrl_cfg_small,measured_droop/orfs_ssd_ctrl_cfg_small_vdd.csv,1.1,False,VALIDATED
587,g_chan[0].u_cdc_chw.mem[13][23]$_DFFE_PP_,clk_core,3.95,1.41,0.0006526896614801325,3.94934731033852,setup,measured_vdd,orfs_ssd_ctrl_cfg_small,measured_droop/orfs_ssd_ctrl_cfg_small_vdd.csv,1.1,False,VALIDATED
602,g_chan[1].u_cdc_chw.mem[8][14]$_DFFE_PP_,clk_core,3.95,1.4,0.0006514017548375772,3.9493485982451624,setup,measured_vdd,orfs_ssd_ctrl_cfg_small,measured_droop/orfs_ssd_ctrl_cfg_small_vdd.csv,1.1,False,VALIDATED
603,g_chan[1].u_cdc_chw.mem[11][14]$_DFFE_PP_,clk_core,3.95,1.4,0.0006511786150301263,3.94934882138497,setup,measured_vdd,orfs_ssd_ctrl_cfg_small,measured_droop/orfs_ssd_ctrl_cfg_small_vdd.csv,1.1,False,VALIDATED
595,g_chan[1].u_cdc_chw.mem[10][14]$_DFFE_PP_,clk_core,3.95,1.4,0.0006511786150301263,3.94934882138497,setup,measured_vdd,orfs_ssd_ctrl_cfg_small,measured_droop/orfs_ssd_ctrl_cfg_small_vdd.csv,1.1,False,VALIDATED
581,g_chan[0].u_cdc_chw.mem[12][23]$_DFFE_PP_,clk_core,3.95,1.41,0.0006460038590461181,3.949353996140954,setup,measured_vdd,orfs_ssd_ctrl_cfg_small,measured_droop/orfs_ssd_ctrl_cfg_small_vdd.csv,1.1,False,VALIDATED
580,g_chan[0].u_cdc_chw.mem[11][23]$_DFFE_PP_,clk_core,3.95,1.41,0.0006460038590461181,3.949353996140954,setup,measured_vdd,orfs_ssd_ctrl_cfg_small,measured_droop/orfs_ssd_ctrl_cfg_small_vdd.csv,1.1,False,VALIDATED
588,g_chan[1].u_cdc_chw.mem[14][23]$_DFFE_PP_,clk_core,3.95,1.4,0.0006457733862921672,3.949354226613708,setup,measured_vdd,orfs_ssd_ctrl_cfg_small,measured_droop/orfs_ssd_ctrl_cfg_small_vdd.csv,1.1,False,VALIDATED
591,g_chan[1].u_cdc_chw.mem[15][23]$_DFFE_PP_,clk_core,3.95,1.4,0.0006457733862921672,3.949354226613708,setup,measured_vdd,orfs_ssd_ctrl_cfg_small,measured_droop/orfs_ssd_ctrl_cfg_small_vdd.csv,1.1,False,VALIDATED
596,g_chan[1].u_cdc_chw.mem[13][25]$_DFFE_PP_,clk_core,3.95,1.4,0.0006457178274882069,3.949354282172512,setup,measured_vdd,orfs_ssd_ctrl_cfg_small,measured_droop/orfs_ssd_ctrl_cfg_small_vdd.csv,1.1,False,VALIDATED
601,g_chan[1].u_cdc_chw.mem[1][25]$_DFFE_PP_,clk_core,3.95,1.4,0.0006457178274882069,3.949354282172512,setup,measured_vdd,orfs_ssd_ctrl_cfg_small,measured_droop/orfs_ssd_ctrl_cfg_small_vdd.csv,1.1,False,VALIDATED
598,g_chan[1].u_cdc_chw.mem[8][25]$_DFFE_PP_,clk_core,3.95,1.4,0.0006457178274882069,3.949354282172512,setup,measured_vdd,orfs_ssd_ctrl_cfg_small,measured_droop/orfs_ssd_ctrl_cfg_small_vdd.csv,1.1,False,VALIDATED
582,g_chan[1].u_cdc_chw.mem[11][31]$_DFFE_PP_,clk_core,3.95,1.41,0.0006455006021966747,3.9493544993978036,setup,measured_vdd,orfs_ssd_ctrl_cfg_small,measured_droop/orfs_ssd_ctrl_cfg_small_vdd.csv,1.1,False,VALIDATED
583,g_chan[1].u_cdc_chw.mem[9][31]$_DFFE_PP_,clk_core,3.95,1.41,0.0006455006021966747,3.9493544993978036,setup,measured_vdd,orfs_ssd_ctrl_cfg_small,measured_droop/orfs_ssd_ctrl_cfg_small_vdd.csv,1.1,False,VALIDATED
600,g_chan[1].u_cdc_chw.mem[15][25]$_DFFE_PP_,clk_core,3.95,1.4,0.0006385242346016035,3.9493614757653988,setup,measured_vdd,orfs_ssd_ctrl_cfg_small,measured_droop/orfs_ssd_ctrl_cfg_small_vdd.csv,1.1,False,VALIDATED
607,g_chan[1].u_cdc_chw.mem[12][25]$_DFFE_PP_,clk_core,3.95,1.4,0.0006348421536691295,3.949365157846331,setup,measured_vdd,orfs_ssd_ctrl_cfg_small,measured_droop/orfs_ssd_ctrl_cfg_small_vdd.csv,1.1,False,VALIDATED
605,g_chan[1].u_cdc_chw.mem[14][25]$_DFFE_PP_,clk_core,3.95,1.4,0.0006348421536691295,3.949365157846331,setup,measured_vdd,orfs_ssd_ctrl_cfg_small,measured_droop/orfs_ssd_ctrl_cfg_small_vdd.csv,1.1,False,VALIDATED
635,g_chan[0].u_cdc_chw.mem[0][12]$_DFFE_PP_,clk_core,3.96,1.4,0.0006769411078978715,3.9593230588921022,setup,measured_vdd,orfs_ssd_ctrl_cfg_small,measured_droop/orfs_ssd_ctrl_cfg_small_vdd.csv,1.1,False,VALIDATED
636,g_chan[0].u_cdc_chw.mem[7][12]$_DFFE_PP_,clk_core,3.96,1.4,0.0006769411078978715,3.9593230588921022,setup,measured_vdd,orfs_ssd_ctrl_cfg_small,measured_droop/orfs_ssd_ctrl_cfg_small_vdd.csv,1.1,False,VALIDATED
638,g_chan[0].u_cdc_chw.mem[2][12]$_DFFE_PP_,clk_core,3.96,1.4,0.0006769411078978715,3.9593230588921022,setup,measured_vdd,orfs_ssd_ctrl_cfg_small,measured_droop/orfs_ssd_ctrl_cfg_small_vdd.csv,1.1,False,VALIDATED
641,g_chan[0].u_cdc_chw.mem[1][12]$_DFFE_PP_,clk_core,3.96,1.4,0.0006769411078978715,3.9593230588921022,setup,measured_vdd,orfs_ssd_ctrl_cfg_small,measured_droop/orfs_ssd_ctrl_cfg_small_vdd.csv,1.1,False,VALIDATED
627,g_chan[0].u_cdc_chw.mem[12][12]$_DFFE_PP_,clk_core,3.96,1.4,0.0006655080343708486,3.9593344919656293,setup,measured_vdd,orfs_ssd_ctrl_cfg_small,measured_droop/orfs_ssd_ctrl_cfg_small_vdd.csv,1.1,False,VALIDATED
626,g_chan[0].u_cdc_chw.mem[4][12]$_DFFE_PP_,clk_core,3.96,1.4,0.0006655080343708486,3.9593344919656293,setup,measured_vdd,orfs_ssd_ctrl_cfg_small,measured_droop/orfs_ssd_ctrl_cfg_small_vdd.csv,1.1,False,VALIDATED
630,g_chan[0].u_cdc_chw.mem[6][12]$_DFFE_PP_,clk_core,3.96,1.4,0.0006655080343708486,3.9593344919656293,setup,measured_vdd,orfs_ssd_ctrl_cfg_small,measured_droop/orfs_ssd_ctrl_cfg_small_vdd.csv,1.1,False,VALIDATED
631,g_chan[0].u_cdc_chw.mem[5][12]$_DFFE_PP_,clk_core,3.96,1.4,0.0006655080343708486,3.9593344919656293,setup,measured_vdd,orfs_ssd_ctrl_cfg_small,measured_droop/orfs_ssd_ctrl_cfg_small_vdd.csv,1.1,False,VALIDATED
639,g_chan[0].u_cdc_chw.mem[3][12]$_DFFE_PP_,clk_core,3.96,1.4,0.0006619955859053644,3.9593380044140947,setup,measured_vdd,orfs_ssd_ctrl_cfg_small,measured_droop/orfs_ssd_ctrl_cfg_small_vdd.csv,1.1,False,VALIDATED
640,g_chan[1].u_cdc_chw.mem[10][23]$_DFFE_PP_,clk_core,3.96,1.39,0.0006611604129418691,3.959338839587058,setup,measured_vdd,orfs_ssd_ctrl_cfg_small,measured_droop/orfs_ssd_ctrl_cfg_small_vdd.csv,1.1,False,VALIDATED
660,u_dma_fabric.rbeat_data[8]$_DFFE_PN0P_,clk_core,3.96,1.38,0.0006557373541393879,3.9593442626458604,setup,measured_vdd,orfs_ssd_ctrl_cfg_small,measured_droop/orfs_ssd_ctrl_cfg_small_vdd.csv,1.1,False,VALIDATED
625,g_chan[0].u_cdc_chw.mem[15][12]$_DFFE_PP_,clk_core,3.96,1.4,0.0006540749608438257,3.9593459250391563,setup,measured_vdd,orfs_ssd_ctrl_cfg_small,measured_droop/orfs_ssd_ctrl_cfg_small_vdd.csv,1.1,False,VALIDATED
623,g_chan[0].u_cdc_chw.mem[8][12]$_DFFE_PP_,clk_core,3.96,1.4,0.0006540749608438257,3.9593459250391563,setup,measured_vdd,orfs_ssd_ctrl_cfg_small,measured_droop/orfs_ssd_ctrl_cfg_small_vdd.csv,1.1,False,VALIDATED
622,g_chan[0].u_cdc_chw.mem[9][12]$_DFFE_PP_,clk_core,3.96,1.4,0.0006540749608438257,3.9593459250391563,setup,measured_vdd,orfs_ssd_ctrl_cfg_small,measured_droop/orfs_ssd_ctrl_cfg_small_vdd.csv,1.1,False,VALIDATED
614,g_chan[0].u_cdc_chw.mem[11][12]$_DFFE_PP_,clk_core,3.96,1.4,0.0006540749608438257,3.9593459250391563,setup,measured_vdd,orfs_ssd_ctrl_cfg_small,measured_droop/orfs_ssd_ctrl_cfg_small_vdd.csv,1.1,False,VALIDATED
628,g_chan[0].u_cdc_chw.mem[13][12]$_DFFE_PP_,clk_core,3.96,1.4,0.0006540749608438257,3.9593459250391563,setup,measured_vdd,orfs_ssd_ctrl_cfg_small,measured_droop/orfs_ssd_ctrl_cfg_small_vdd.csv,1.1,False,VALIDATED
624,g_chan[0].u_cdc_chw.mem[14][12]$_DFFE_PP_,clk_core,3.96,1.4,0.0006540749608438257,3.9593459250391563,setup,measured_vdd,orfs_ssd_ctrl_cfg_small,measured_droop/orfs_ssd_ctrl_cfg_small_vdd.csv,1.1,False,VALIDATED
615,g_chan[0].u_cdc_chw.mem[10][12]$_DFFE_PP_,clk_core,3.96,1.4,0.0006540749608438257,3.9593459250391563,setup,measured_vdd,orfs_ssd_ctrl_cfg_small,measured_droop/orfs_ssd_ctrl_cfg_small_vdd.csv,1.1,False,VALIDATED
611,g_chan[1].u_cdc_chw.mem[2][12]$_DFFE_PP_,clk_core,3.96,1.39,0.0006497131092358388,3.959350286890764,setup,measured_vdd,orfs_ssd_ctrl_cfg_small,measured_droop/orfs_ssd_ctrl_cfg_small_vdd.csv,1.1,False,VALIDATED
634,g_chan[1].u_cdc_chw.mem[9][23]$_DFFE_PP_,clk_core,3.96,1.4,0.0006492314719933195,3.9593507685280067,setup,measured_vdd,orfs_ssd_ctrl_cfg_small,measured_droop/orfs_ssd_ctrl_cfg_small_vdd.csv,1.1,False,VALIDATED
616,g_chan[1].u_cdc_chw.mem[1][12]$_DFFE_PP_,clk_core,3.96,1.39,0.0006486641395438142,3.959351335860456,setup,measured_vdd,orfs_ssd_ctrl_cfg_small,measured_droop/orfs_ssd_ctrl_cfg_small_vdd.csv,1.1,False,VALIDATED
613,g_chan[1].u_cdc_chw.mem[5][12]$_DFFE_PP_,clk_core,3.96,1.39,0.0006486641395438142,3.959351335860456,setup,measured_vdd,orfs_ssd_ctrl_cfg_small,measured_droop/orfs_ssd_ctrl_cfg_small_vdd.csv,1.1,False,VALIDATED
610,g_chan[1].u_cdc_chw.mem[7][12]$_DFFE_PP_,clk_core,3.96,1.39,0.0006486641395438142,3.959351335860456,setup,measured_vdd,orfs_ssd_ctrl_cfg_small,measured_droop/orfs_ssd_ctrl_cfg_small_vdd.csv,1.1,False,VALIDATED
609,g_chan[1].u_cdc_chw.mem[4][12]$_DFFE_PP_,clk_core,3.96,1.39,0.0006486641395438142,3.959351335860456,setup,measured_vdd,orfs_ssd_ctrl_cfg_small,measured_droop/orfs_ssd_ctrl_cfg_small_vdd.csv,1.1,False,VALIDATED
612,g_chan[1].u_cdc_chw.mem[3][12]$_DFFE_PP_,clk_core,3.96,1.39,0.0006486641395438142,3.959351335860456,setup,measured_vdd,orfs_ssd_ctrl_cfg_small,measured_droop/orfs_ssd_ctrl_cfg_small_vdd.csv,1.1,False,VALIDATED
619,g_chan[1].u_cdc_chw.mem[0][12]$_DFFE_PP_,clk_core,3.96,1.39,0.0006476151698517896,3.959352384830148,setup,measured_vdd,orfs_ssd_ctrl_cfg_small,measured_droop/orfs_ssd_ctrl_cfg_small_vdd.csv,1.1,False,VALIDATED
608,g_chan[1].u_cdc_chw.mem[6][12]$_DFFE_PP_,clk_core,3.96,1.39,0.0006476151698517896,3.959352384830148,setup,measured_vdd,orfs_ssd_ctrl_cfg_small,measured_droop/orfs_ssd_ctrl_cfg_small_vdd.csv,1.1,False,VALIDATED
618,g_chan[1].u_cdc_chw.mem[8][23]$_DFFE_PP_,clk_core,3.96,1.4,0.0006473348838287735,3.959352665116171,setup,measured_vdd,orfs_ssd_ctrl_cfg_small,measured_droop/orfs_ssd_ctrl_cfg_small_vdd.csv,1.1,False,VALIDATED
620,g_chan[1].u_cdc_chw.mem[12][23]$_DFFE_PP_,clk_core,3.96,1.4,0.0006473348838287735,3.959352665116171,setup,measured_vdd,orfs_ssd_ctrl_cfg_small,measured_droop/orfs_ssd_ctrl_cfg_small_vdd.csv,1.1,False,VALIDATED
617,g_chan[1].u_cdc_chw.mem[13][23]$_DFFE_PP_,clk_core,3.96,1.4,0.0006473348838287735,3.959352665116171,setup,measured_vdd,orfs_ssd_ctrl_cfg_small,measured_droop/orfs_ssd_ctrl_cfg_small_vdd.csv,1.1,False,VALIDATED
642,g_chan[1].u_cdc_chw.mem[11][23]$_DFFE_PP_,clk_core,3.96,1.39,0.0006445941043362324,3.9593554058956637,setup,measured_vdd,orfs_ssd_ctrl_cfg_small,measured_droop/orfs_ssd_ctrl_cfg_small_vdd.csv,1.1,False,VALIDATED
650,g_chan[1].u_cdc_chw.mem[7][23]$_DFFE_PP_,clk_core,3.96,1.39,0.0006445941043362324,3.9593554058956637,setup,measured_vdd,orfs_ssd_ctrl_cfg_small,measured_droop/orfs_ssd_ctrl_cfg_small_vdd.csv,1.1,False,VALIDATED
633,g_chan[1].u_cdc_chw.mem[2][23]$_DFFE_PP_,clk_core,3.96,1.39,0.0006436132698626196,3.9593563867301373,setup,measured_vdd,orfs_ssd_ctrl_cfg_small,measured_droop/orfs_ssd_ctrl_cfg_small_vdd.csv,1.1,False,VALIDATED
621,g_chan[1].u_cdc_chw.mem[5][23]$_DFFE_PP_,clk_core,3.96,1.39,0.0006436132698626196,3.9593563867301373,setup,measured_vdd,orfs_ssd_ctrl_cfg_small,measured_droop/orfs_ssd_ctrl_cfg_small_vdd.csv,1.1,False,VALIDATED
632,g_chan[1].u_cdc_chw.mem[3][23]$_DFFE_PP_,clk_core,3.96,1.39,0.0006436132698626196,3.9593563867301373,setup,measured_vdd,orfs_ssd_ctrl_cfg_small,measured_droop/orfs_ssd_ctrl_cfg_small_vdd.csv,1.1,False,VALIDATED
629,g_chan[1].u_cdc_chw.mem[4][23]$_DFFE_PP_,clk_core,3.96,1.39,0.0006436132698626196,3.9593563867301373,setup,measured_vdd,orfs_ssd_ctrl_cfg_small,measured_droop/orfs_ssd_ctrl_cfg_small_vdd.csv,1.1,False,VALIDATED
655,g_chan[0].u_cdc_chw.mem[14][16]$_DFFE_PP_,clk_core,3.96,1.4,0.0006409740416058324,3.959359025958394,setup,measured_vdd,orfs_ssd_ctrl_cfg_small,measured_droop/orfs_ssd_ctrl_cfg_small_vdd.csv,1.1,False,VALIDATED
651,g_chan[0].u_cdc_chw.mem[11][16]$_DFFE_PP_,clk_core,3.96,1.4,0.0006409740416058324,3.959359025958394,setup,measured_vdd,orfs_ssd_ctrl_cfg_small,measured_droop/orfs_ssd_ctrl_cfg_small_vdd.csv,1.1,False,VALIDATED
646,g_chan[0].u_cdc_chw.mem[12][16]$_DFFE_PP_,clk_core,3.96,1.4,0.0006381860059524735,3.9593618139940476,setup,measured_vdd,orfs_ssd_ctrl_cfg_small,measured_droop/orfs_ssd_ctrl_cfg_small_vdd.csv,1.1,False,VALIDATED
647,g_chan[0].u_cdc_chw.mem[8][16]$_DFFE_PP_,clk_core,3.96,1.4,0.0006381860059524735,3.9593618139940476,setup,measured_vdd,orfs_ssd_ctrl_cfg_small,measured_droop/orfs_ssd_ctrl_cfg_small_vdd.csv,1.1,False,VALIDATED
654,g_chan[0].u_cdc_chw.mem[15][16]$_DFFE_PP_,clk_core,3.96,1.4,0.0006381860059524735,3.9593618139940476,setup,measured_vdd,orfs_ssd_ctrl_cfg_small,measured_droop/orfs_ssd_ctrl_cfg_small_vdd.csv,1.1,False,VALIDATED
656,g_chan[0].u_cdc_chw.mem[13][16]$_DFFE_PP_,clk_core,3.96,1.4,0.0006381860059524735,3.9593618139940476,setup,measured_vdd,orfs_ssd_ctrl_cfg_small,measured_droop/orfs_ssd_ctrl_cfg_small_vdd.csv,1.1,False,VALIDATED
645,g_chan[0].u_cdc_chw.mem[6][16]$_DFFE_PP_,clk_core,3.96,1.39,0.0006380012705602539,3.9593619987294395,setup,measured_vdd,orfs_ssd_ctrl_cfg_small,measured_droop/orfs_ssd_ctrl_cfg_small_vdd.csv,1.1,False,VALIDATED
644,g_chan[0].u_cdc_chw.mem[7][16]$_DFFE_PP_,clk_core,3.96,1.39,0.0006380012705602539,3.9593619987294395,setup,measured_vdd,orfs_ssd_ctrl_cfg_small,measured_droop/orfs_ssd_ctrl_cfg_small_vdd.csv,1.1,False,VALIDATED
649,g_chan[0].u_cdc_chw.mem[3][16]$_DFFE_PP_,clk_core,3.96,1.39,0.0006365064438895451,3.9593634935561104,setup,measured_vdd,orfs_ssd_ctrl_cfg_small,measured_droop/orfs_ssd_ctrl_cfg_small_vdd.csv,1.1,False,VALIDATED
637,g_chan[0].u_cdc_chw.mem[4][16]$_DFFE_PP_,clk_core,3.96,1.39,0.0006365064438895451,3.9593634935561104,setup,measured_vdd,orfs_ssd_ctrl_cfg_small,measured_droop/orfs_ssd_ctrl_cfg_small_vdd.csv,1.1,False,VALIDATED
643,g_chan[0].u_cdc_chw.mem[5][16]$_DFFE_PP_,clk_core,3.96,1.39,0.0006365064438895451,3.9593634935561104,setup,measured_vdd,orfs_ssd_ctrl_cfg_small,measured_droop/orfs_ssd_ctrl_cfg_small_vdd.csv,1.1,False,VALIDATED
652,g_chan[0].u_cdc_chw.mem[1][16]$_DFFE_PP_,clk_core,3.96,1.39,0.0006365064438895451,3.9593634935561104,setup,measured_vdd,orfs_ssd_ctrl_cfg_small,measured_droop/orfs_ssd_ctrl_cfg_small_vdd.csv,1.1,False,VALIDATED
653,g_chan[0].u_cdc_chw.mem[2][16]$_DFFE_PP_,clk_core,3.96,1.39,0.0006365064438895451,3.9593634935561104,setup,measured_vdd,orfs_ssd_ctrl_cfg_small,measured_droop/orfs_ssd_ctrl_cfg_small_vdd.csv,1.1,False,VALIDATED
658,g_chan[0].u_cdc_chw.mem[0][16]$_DFFE_PP_,clk_core,3.96,1.39,0.0006365064438895451,3.9593634935561104,setup,measured_vdd,orfs_ssd_ctrl_cfg_small,measured_droop/orfs_ssd_ctrl_cfg_small_vdd.csv,1.1,False,VALIDATED
648,g_chan[0].u_cdc_chw.mem[9][16]$_DFFE_PP_,clk_core,3.96,1.39,0.0006336275344813874,3.9593663724655186,setup,measured_vdd,orfs_ssd_ctrl_cfg_small,measured_droop/orfs_ssd_ctrl_cfg_small_vdd.csv,1.1,False,VALIDATED
657,g_chan[0].u_cdc_chw.mem[10][16]$_DFFE_PP_,clk_core,3.96,1.39,0.0006336275344813874,3.9593663724655186,setup,measured_vdd,orfs_ssd_ctrl_cfg_small,measured_droop/orfs_ssd_ctrl_cfg_small_vdd.csv,1.1,False,VALIDATED
659,g_chan[0].u_cdc_chw.mem[12][19]$_DFFE_PP_,clk_core,3.96,1.39,0.0006232804502856043,3.9593767195497143,setup,measured_vdd,orfs_ssd_ctrl_cfg_small,measured_droop/orfs_ssd_ctrl_cfg_small_vdd.csv,1.1,False,VALIDATED
673,c_cmd_len[15]$_DFFE_PN0N_,clk_core,3.97,1.4,0.0008185865208641535,3.969181413479136,setup,measured_vdd,orfs_ssd_ctrl_cfg_small,measured_droop/orfs_ssd_ctrl_cfg_small_vdd.csv,1.1,False,VALIDATED
671,g_chan[0].u_cdc_chw.mem[6][19]$_DFFE_PP_,clk_core,3.97,1.39,0.0006419990798691017,3.9693580009201312,setup,measured_vdd,orfs_ssd_ctrl_cfg_small,measured_droop/orfs_ssd_ctrl_cfg_small_vdd.csv,1.1,False,VALIDATED
666,g_chan[0].u_cdc_chw.mem[3][19]$_DFFE_PP_,clk_core,3.97,1.39,0.0006414452016890448,3.969358554798311,setup,measured_vdd,orfs_ssd_ctrl_cfg_small,measured_droop/orfs_ssd_ctrl_cfg_small_vdd.csv,1.1,False,VALIDATED
672,g_chan[0].u_cdc_chw.mem[7][19]$_DFFE_PP_,clk_core,3.97,1.39,0.0006414452016890448,3.969358554798311,setup,measured_vdd,orfs_ssd_ctrl_cfg_small,measured_droop/orfs_ssd_ctrl_cfg_small_vdd.csv,1.1,False,VALIDATED
661,g_chan[0].u_cdc_chw.mem[2][19]$_DFFE_PP_,clk_core,3.97,1.39,0.0006414452016890448,3.969358554798311,setup,measured_vdd,orfs_ssd_ctrl_cfg_small,measured_droop/orfs_ssd_ctrl_cfg_small_vdd.csv,1.1,False,VALIDATED
668,g_chan[0].u_cdc_chw.mem[4][19]$_DFFE_PP_,clk_core,3.97,1.39,0.000640891323508988,3.969359108676491,setup,measured_vdd,orfs_ssd_ctrl_cfg_small,measured_droop/orfs_ssd_ctrl_cfg_small_vdd.csv,1.1,False,VALIDATED
664,g_chan[0].u_cdc_chw.mem[0][19]$_DFFE_PP_,clk_core,3.97,1.39,0.000640891323508988,3.969359108676491,setup,measured_vdd,orfs_ssd_ctrl_cfg_small,measured_droop/orfs_ssd_ctrl_cfg_small_vdd.csv,1.1,False,VALIDATED
677,g_chan[0].u_cdc_chw.mem[15][19]$_DFFE_PP_,clk_core,3.97,1.39,0.000640891323508988,3.969359108676491,setup,measured_vdd,orfs_ssd_ctrl_cfg_small,measured_droop/orfs_ssd_ctrl_cfg_small_vdd.csv,1.1,False,VALIDATED
663,g_chan[0].u_cdc_chw.mem[1][19]$_DFFE_PP_,clk_core,3.97,1.39,0.000640891323508988,3.969359108676491,setup,measured_vdd,orfs_ssd_ctrl_cfg_small,measured_droop/orfs_ssd_ctrl_cfg_small_vdd.csv,1.1,False,VALIDATED
662,g_chan[0].u_cdc_chw.mem[11][19]$_DFFE_PP_,clk_core,3.97,1.39,0.000640891323508988,3.969359108676491,setup,measured_vdd,orfs_ssd_ctrl_cfg_small,measured_droop/orfs_ssd_ctrl_cfg_small_vdd.csv,1.1,False,VALIDATED
667,g_chan[0].u_cdc_chw.mem[10][19]$_DFFE_PP_,clk_core,3.97,1.39,0.000640891323508988,3.969359108676491,setup,measured_vdd,orfs_ssd_ctrl_cfg_small,measured_droop/orfs_ssd_ctrl_cfg_small_vdd.csv,1.1,False,VALIDATED
669,g_chan[0].u_cdc_chw.mem[5][19]$_DFFE_PP_,clk_core,3.97,1.39,0.000640891323508988,3.969359108676491,setup,measured_vdd,orfs_ssd_ctrl_cfg_small,measured_droop/orfs_ssd_ctrl_cfg_small_vdd.csv,1.1,False,VALIDATED
670,g_chan[0].u_cdc_chw.mem[9][19]$_DFFE_PP_,clk_core,3.97,1.39,0.000640891323508988,3.969359108676491,setup,measured_vdd,orfs_ssd_ctrl_cfg_small,measured_droop/orfs_ssd_ctrl_cfg_small_vdd.csv,1.1,False,VALIDATED
665,g_chan[0].u_cdc_chw.mem[8][19]$_DFFE_PP_,clk_core,3.97,1.39,0.0006350210324345268,3.969364978967566,setup,measured_vdd,orfs_ssd_ctrl_cfg_small,measured_droop/orfs_ssd_ctrl_cfg_small_vdd.csv,1.1,False,VALIDATED
676,g_chan[0].u_cdc_chw.mem[14][19]$_DFFE_PP_,clk_core,3.97,1.39,0.0006350210324345268,3.969364978967566,setup,measured_vdd,orfs_ssd_ctrl_cfg_small,measured_droop/orfs_ssd_ctrl_cfg_small_vdd.csv,1.1,False,VALIDATED
678,g_chan[0].u_cdc_chw.mem[13][19]$_DFFE_PP_,clk_core,3.97,1.39,0.0006291507413600655,3.96937084925864,setup,measured_vdd,orfs_ssd_ctrl_cfg_small,measured_droop/orfs_ssd_ctrl_cfg_small_vdd.csv,1.1,False,VALIDATED
685,u_dma_fabric.rbeat_data[11]$_DFFE_PN0P_,clk_core,3.97,1.37,0.0006287658508600386,3.9693712341491403,setup,measured_vdd,orfs_ssd_ctrl_cfg_small,measured_droop/orfs_ssd_ctrl_cfg_small_vdd.csv,1.1,False,VALIDATED
681,g_chan[1].u_cdc_chw.mem[11][16]$_DFFE_PP_,clk_core,3.97,1.37,0.0006161052600811012,3.969383894739919,setup,measured_vdd,orfs_ssd_ctrl_cfg_small,measured_droop/orfs_ssd_ctrl_cfg_small_vdd.csv,1.1,False,VALIDATED
674,g_chan[1].u_cdc_chw.mem[14][17]$_DFFE_PP_,clk_core,3.97,1.38,0.0006151096359193337,3.969384890364081,setup,measured_vdd,orfs_ssd_ctrl_cfg_small,measured_droop/orfs_ssd_ctrl_cfg_small_vdd.csv,1.1,False,VALIDATED
675,g_chan[1].u_cdc_chw.mem[15][17]$_DFFE_PP_,clk_core,3.97,1.38,0.0006151096359193337,3.969384890364081,setup,measured_vdd,orfs_ssd_ctrl_cfg_small,measured_droop/orfs_ssd_ctrl_cfg_small_vdd.csv,1.1,False,VALIDATED
683,g_chan[1].u_cdc_chw.mem[11][19]$_DFFE_PP_,clk_core,3.97,1.37,0.0005999057591699886,3.96940009424083,setup,measured_vdd,orfs_ssd_ctrl_cfg_small,measured_droop/orfs_ssd_ctrl_cfg_small_vdd.csv,1.1,False,VALIDATED
684,g_chan[1].u_cdc_chw.mem[8][19]$_DFFE_PP_,clk_core,3.97,1.37,0.0005999057591699886,3.96940009424083,setup,measured_vdd,orfs_ssd_ctrl_cfg_small,measured_droop/orfs_ssd_ctrl_cfg_small_vdd.csv,1.1,False,VALIDATED
680,g_chan[1].u_cdc_chw.mem[0][19]$_DFFE_PP_,clk_core,3.97,1.38,0.0005961508206238919,3.9694038491793764,setup,measured_vdd,orfs_ssd_ctrl_cfg_small,measured_droop/orfs_ssd_ctrl_cfg_small_vdd.csv,1.1,False,VALIDATED
679,g_chan[1].u_cdc_chw.mem[1][19]$_DFFE_PP_,clk_core,3.97,1.38,0.0005961508206238919,3.9694038491793764,setup,measured_vdd,orfs_ssd_ctrl_cfg_small,measured_droop/orfs_ssd_ctrl_cfg_small_vdd.csv,1.1,False,VALIDATED
682,g_chan[1].u_cdc_chw.mem[4][19]$_DFFE_PP_,clk_core,3.97,1.37,0.000591830887141015,3.9694081691128593,setup,measured_vdd,orfs_ssd_ctrl_cfg_small,measured_droop/orfs_ssd_ctrl_cfg_small_vdd.csv,1.1,False,VALIDATED
697,c_cmd_opcode[5]$_DFFE_PN0N_,clk_core,3.98,1.39,0.0008788547821161896,3.9791211452178836,setup,measured_vdd,orfs_ssd_ctrl_cfg_small,measured_droop/orfs_ssd_ctrl_cfg_small_vdd.csv,1.1,False,VALIDATED
703,c_cmd_addr[14]$_DFFE_PN0N_,clk_core,3.98,1.38,0.000790920389063629,3.9792090796109365,setup,measured_vdd,orfs_ssd_ctrl_cfg_small,measured_droop/orfs_ssd_ctrl_cfg_small_vdd.csv,1.1,False,VALIDATED
688,g_chan[1].u_cdc_chw.mem[2][16]$_DFFE_PP_,clk_core,3.98,1.38,0.0006497944596317445,3.9793502055403684,setup,measured_vdd,orfs_ssd_ctrl_cfg_small,measured_droop/orfs_ssd_ctrl_cfg_small_vdd.csv,1.1,False,VALIDATED
687,g_chan[1].u_cdc_chw.mem[3][16]$_DFFE_PP_,clk_core,3.98,1.38,0.0006373702542941534,3.979362629745706,setup,measured_vdd,orfs_ssd_ctrl_cfg_small,measured_droop/orfs_ssd_ctrl_cfg_small_vdd.csv,1.1,False,VALIDATED
691,g_chan[1].u_cdc_chw.mem[0][16]$_DFFE_PP_,clk_core,3.98,1.38,0.0006373702542941534,3.979362629745706,setup,measured_vdd,orfs_ssd_ctrl_cfg_small,measured_droop/orfs_ssd_ctrl_cfg_small_vdd.csv,1.1,False,VALIDATED
702,g_chan[1].u_cdc_chw.mem[7][16]$_DFFE_PP_,clk_core,3.98,1.38,0.0006317093632583759,3.979368290636742,setup,measured_vdd,orfs_ssd_ctrl_cfg_small,measured_droop/orfs_ssd_ctrl_cfg_small_vdd.csv,1.1,False,VALIDATED
695,g_chan[1].u_cdc_chw.mem[1][16]$_DFFE_PP_,clk_core,3.98,1.38,0.0006317093632583759,3.979368290636742,setup,measured_vdd,orfs_ssd_ctrl_cfg_small,measured_droop/orfs_ssd_ctrl_cfg_small_vdd.csv,1.1,False,VALIDATED
700,g_chan[1].u_cdc_chw.mem[6][16]$_DFFE_PP_,clk_core,3.98,1.38,0.0006317093632583759,3.979368290636742,setup,measured_vdd,orfs_ssd_ctrl_cfg_small,measured_droop/orfs_ssd_ctrl_cfg_small_vdd.csv,1.1,False,VALIDATED
698,g_chan[1].u_cdc_chw.mem[6][19]$_DFFE_PP_,clk_core,3.98,1.38,0.0006210525088508334,3.979378947491149,setup,measured_vdd,orfs_ssd_ctrl_cfg_small,measured_droop/orfs_ssd_ctrl_cfg_small_vdd.csv,1.1,False,VALIDATED
701,g_chan[1].u_cdc_chw.mem[7][19]$_DFFE_PP_,clk_core,3.98,1.38,0.0006210525088508334,3.979378947491149,setup,measured_vdd,orfs_ssd_ctrl_cfg_small,measured_droop/orfs_ssd_ctrl_cfg_small_vdd.csv,1.1,False,VALIDATED
690,g_chan[1].u_cdc_chw.mem[9][16]$_DFFE_PP_,clk_core,3.98,1.38,0.0006165354724175648,3.9793834645275825,setup,measured_vdd,orfs_ssd_ctrl_cfg_small,measured_droop/orfs_ssd_ctrl_cfg_small_vdd.csv,1.1,False,VALIDATED
694,g_chan[1].u_cdc_chw.mem[8][16]$_DFFE_PP_,clk_core,3.98,1.38,0.0006165354724175648,3.9793834645275825,setup,measured_vdd,orfs_ssd_ctrl_cfg_small,measured_droop/orfs_ssd_ctrl_cfg_small_vdd.csv,1.1,False,VALIDATED
696,g_chan[1].u_cdc_chw.mem[3][19]$_DFFE_PP_,clk_core,3.98,1.38,0.0006153916178150559,3.979384608382185,setup,measured_vdd,orfs_ssd_ctrl_cfg_small,measured_droop/orfs_ssd_ctrl_cfg_small_vdd.csv,1.1,False,VALIDATED
693,g_chan[1].u_cdc_chw.mem[2][19]$_DFFE_PP_,clk_core,3.98,1.38,0.0006141254973324739,3.9793858745026673,setup,measured_vdd,orfs_ssd_ctrl_cfg_small,measured_droop/orfs_ssd_ctrl_cfg_small_vdd.csv,1.1,False,VALIDATED
689,g_chan[1].u_cdc_chw.mem[5][16]$_DFFE_PP_,clk_core,3.98,1.38,0.0006124685660672119,3.979387531433933,setup,measured_vdd,orfs_ssd_ctrl_cfg_small,measured_droop/orfs_ssd_ctrl_cfg_small_vdd.csv,1.1,False,VALIDATED
686,g_chan[1].u_cdc_chw.mem[4][16]$_DFFE_PP_,clk_core,3.98,1.38,0.0006124685660672119,3.979387531433933,setup,measured_vdd,orfs_ssd_ctrl_cfg_small,measured_droop/orfs_ssd_ctrl_cfg_small_vdd.csv,1.1,False,VALIDATED
699,g_chan[1].u_cdc_chw.mem[9][19]$_DFFE_PP_,clk_core,3.98,1.37,0.0006056357846127292,3.9793943642153873,setup,measured_vdd,orfs_ssd_ctrl_cfg_small,measured_droop/orfs_ssd_ctrl_cfg_small_vdd.csv,1.1,False,VALIDATED
692,g_chan[1].u_cdc_chw.mem[5][19]$_DFFE_PP_,clk_core,3.98,1.38,0.0005961508206238919,3.979403849179376,setup,measured_vdd,orfs_ssd_ctrl_cfg_small,measured_droop/orfs_ssd_ctrl_cfg_small_vdd.csv,1.1,False,VALIDATED
704,c_cmd_addr[19]$_DFFE_PN0N_,clk_core,3.99,1.38,0.0008428206172307329,3.9891571793827696,setup,measured_vdd,orfs_ssd_ctrl_cfg_small,measured_droop/orfs_ssd_ctrl_cfg_small_vdd.csv,1.1,False,VALIDATED
705,u_dma_fabric.rbeat_data[25]$_DFFE_PN0P_,clk_core,3.99,1.35,0.0007403363380697053,3.9892596636619304,setup,measured_vdd,orfs_ssd_ctrl_cfg_small,measured_droop/orfs_ssd_ctrl_cfg_small_vdd.csv,1.1,False,VALIDATED
708,c_cmd_len[25]$_DFFE_PN0N_,clk_core,4.0,1.37,0.0008014673635930725,3.999198532636407,setup,measured_vdd,orfs_ssd_ctrl_cfg_small,measured_droop/orfs_ssd_ctrl_cfg_small_vdd.csv,1.1,False,VALIDATED
706,c_cmd_len[12]$_DFFE_PN0N_,clk_core,4.0,1.37,0.0007958062207833599,3.9992041937792164,setup,measured_vdd,orfs_ssd_ctrl_cfg_small,measured_droop/orfs_ssd_ctrl_cfg_small_vdd.csv,1.1,False,VALIDATED
709,u_dma_fabric.rbeat_data[9]$_DFFE_PN0P_,clk_core,4.0,1.34,0.0007147879026105919,3.9992852120973894,setup,measured_vdd,orfs_ssd_ctrl_cfg_small,measured_droop/orfs_ssd_ctrl_cfg_small_vdd.csv,1.1,False,VALIDATED
707,u_dma_fabric.rbeat_data[31]$_DFFE_PN0P_,clk_core,4.0,1.35,0.0006987184676441327,3.9993012815323556,setup,measured_vdd,orfs_ssd_ctrl_cfg_small,measured_droop/orfs_ssd_ctrl_cfg_small_vdd.csv,1.1,False,VALIDATED
713,c_cmd_len[6]$_DFFE_PN0N_,clk_core,4.01,1.35,0.0007745320126634758,4.009225467987337,setup,measured_vdd,orfs_ssd_ctrl_cfg_small,measured_droop/orfs_ssd_ctrl_cfg_small_vdd.csv,1.1,False,VALIDATED
712,u_dma_fabric.rbeat_data[6]$_DFFE_PN0P_,clk_core,4.01,1.33,0.0007638611081526858,4.009236138891847,setup,measured_vdd,orfs_ssd_ctrl_cfg_small,measured_droop/orfs_ssd_ctrl_cfg_small_vdd.csv,1.1,False,VALIDATED
714,u_dma_fabric.rbeat_data[24]$_DFFE_PN0P_,clk_core,4.01,1.33,0.0007565493526177358,4.009243450647382,setup,measured_vdd,orfs_ssd_ctrl_cfg_small,measured_droop/orfs_ssd_ctrl_cfg_small_vdd.csv,1.1,False,VALIDATED
711,u_dma_fabric.rbeat_data[15]$_DFFE_PN0P_,clk_core,4.01,1.33,0.0007085724774282404,4.009291427522571,setup,measured_vdd,orfs_ssd_ctrl_cfg_small,measured_droop/orfs_ssd_ctrl_cfg_small_vdd.csv,1.1,False,VALIDATED
710,u_dma_fabric.rbeat_data[22]$_DFFE_PN0P_,clk_core,4.01,1.34,0.0006929707631310317,4.009307029236869,setup,measured_vdd,orfs_ssd_ctrl_cfg_small,measured_droop/orfs_ssd_ctrl_cfg_small_vdd.csv,1.1,False,VALIDATED
729,c_cmd_addr[0]$_DFFE_PN0N_,clk_core,4.02,1.34,0.0008510355116251173,4.019148964488375,setup,measured_vdd,orfs_ssd_ctrl_cfg_small,measured_droop/orfs_ssd_ctrl_cfg_small_vdd.csv,1.1,False,VALIDATED
734,g_chan[0].u_cdc_chw.mem[12][22]$_DFFE_PP_,clk_core,4.02,1.32,0.0006173640954150184,4.019382635904584,setup,measured_vdd,orfs_ssd_ctrl_cfg_small,measured_droop/orfs_ssd_ctrl_cfg_small_vdd.csv,1.1,False,VALIDATED
732,g_chan[0].u_cdc_chw.mem[13][22]$_DFFE_PP_,clk_core,4.02,1.32,0.0006173640954150184,4.019382635904584,setup,measured_vdd,orfs_ssd_ctrl_cfg_small,measured_droop/orfs_ssd_ctrl_cfg_small_vdd.csv,1.1,False,VALIDATED
735,g_chan[0].u_cdc_chw.mem[9][22]$_DFFE_PP_,clk_core,4.02,1.32,0.000616751648904415,4.019383248351095,setup,measured_vdd,orfs_ssd_ctrl_cfg_small,measured_droop/orfs_ssd_ctrl_cfg_small_vdd.csv,1.1,False,VALIDATED
736,g_chan[0].u_cdc_chw.mem[8][22]$_DFFE_PP_,clk_core,4.02,1.32,0.000616751648904415,4.019383248351095,setup,measured_vdd,orfs_ssd_ctrl_cfg_small,measured_droop/orfs_ssd_ctrl_cfg_small_vdd.csv,1.1,False,VALIDATED
738,g_chan[0].u_cdc_chw.mem[3][22]$_DFFE_PP_,clk_core,4.02,1.32,0.000616751648904415,4.019383248351095,setup,measured_vdd,orfs_ssd_ctrl_cfg_small,measured_droop/orfs_ssd_ctrl_cfg_small_vdd.csv,1.1,False,VALIDATED
737,g_chan[0].u_cdc_chw.mem[1][22]$_DFFE_PP_,clk_core,4.02,1.32,0.000616751648904415,4.019383248351095,setup,measured_vdd,orfs_ssd_ctrl_cfg_small,measured_droop/orfs_ssd_ctrl_cfg_small_vdd.csv,1.1,False,VALIDATED
739,g_chan[0].u_cdc_chw.mem[2][22]$_DFFE_PP_,clk_core,4.02,1.32,0.000616751648904415,4.019383248351095,setup,measured_vdd,orfs_ssd_ctrl_cfg_small,measured_droop/orfs_ssd_ctrl_cfg_small_vdd.csv,1.1,False,VALIDATED
733,g_chan[0].u_cdc_chw.mem[0][22]$_DFFE_PP_,clk_core,4.02,1.32,0.000616751648904415,4.019383248351095,setup,measured_vdd,orfs_ssd_ctrl_cfg_small,measured_droop/orfs_ssd_ctrl_cfg_small_vdd.csv,1.1,False,VALIDATED
740,g_chan[0].u_cdc_chw.mem[10][22]$_DFFE_PP_,clk_core,4.02,1.32,0.0006095705285958514,4.019390429471404,setup,measured_vdd,orfs_ssd_ctrl_cfg_small,measured_droop/orfs_ssd_ctrl_cfg_small_vdd.csv,1.1,False,VALIDATED
727,g_chan[1].u_cdc_chw.mem[1][24]$_DFFE_PP_,clk_core,4.02,1.33,0.0005929493144605225,4.019407050685539,setup,measured_vdd,orfs_ssd_ctrl_cfg_small,measured_droop/orfs_ssd_ctrl_cfg_small_vdd.csv,1.1,False,VALIDATED
731,g_chan[1].u_cdc_chw.mem[0][24]$_DFFE_PP_,clk_core,4.02,1.33,0.0005929493144605225,4.019407050685539,setup,measured_vdd,orfs_ssd_ctrl_cfg_small,measured_droop/orfs_ssd_ctrl_cfg_small_vdd.csv,1.1,False,VALIDATED
725,g_chan[1].u_cdc_chw.mem[4][24]$_DFFE_PP_,clk_core,4.02,1.33,0.0005885729236547316,4.019411427076345,setup,measured_vdd,orfs_ssd_ctrl_cfg_small,measured_droop/orfs_ssd_ctrl_cfg_small_vdd.csv,1.1,False,VALIDATED
730,g_chan[1].u_cdc_chw.mem[5][24]$_DFFE_PP_,clk_core,4.02,1.33,0.0005885729236547316,4.019411427076345,setup,measured_vdd,orfs_ssd_ctrl_cfg_small,measured_droop/orfs_ssd_ctrl_cfg_small_vdd.csv,1.1,False,VALIDATED
726,g_chan[1].u_cdc_chw.mem[3][24]$_DFFE_PP_,clk_core,4.02,1.33,0.0005841965328489407,4.019415803467151,setup,measured_vdd,orfs_ssd_ctrl_cfg_small,measured_droop/orfs_ssd_ctrl_cfg_small_vdd.csv,1.1,False,VALIDATED
728,g_chan[1].u_cdc_chw.mem[2][24]$_DFFE_PP_,clk_core,4.02,1.33,0.0005841965328489407,4.019415803467151,setup,measured_vdd,orfs_ssd_ctrl_cfg_small,measured_droop/orfs_ssd_ctrl_cfg_small_vdd.csv,1.1,False,VALIDATED
723,g_chan[1].u_cdc_chw.mem[12][24]$_DFFE_PP_,clk_core,4.02,1.33,0.0005826256942846608,4.019417374305715,setup,measured_vdd,orfs_ssd_ctrl_cfg_small,measured_droop/orfs_ssd_ctrl_cfg_small_vdd.csv,1.1,False,VALIDATED
724,g_chan[1].u_cdc_chw.mem[13][24]$_DFFE_PP_,clk_core,4.02,1.33,0.0005826256942846608,4.019417374305715,setup,measured_vdd,orfs_ssd_ctrl_cfg_small,measured_droop/orfs_ssd_ctrl_cfg_small_vdd.csv,1.1,False,VALIDATED
718,g_chan[1].u_cdc_chw.mem[15][24]$_DFFE_PP_,clk_core,4.02,1.33,0.0005818402042686854,4.019418159795731,setup,measured_vdd,orfs_ssd_ctrl_cfg_small,measured_droop/orfs_ssd_ctrl_cfg_small_vdd.csv,1.1,False,VALIDATED
721,g_chan[1].u_cdc_chw.mem[14][24]$_DFFE_PP_,clk_core,4.02,1.33,0.0005818402042686854,4.019418159795731,setup,measured_vdd,orfs_ssd_ctrl_cfg_small,measured_droop/orfs_ssd_ctrl_cfg_small_vdd.csv,1.1,False,VALIDATED
715,g_chan[1].u_cdc_chw.mem[11][24]$_DFFE_PP_,clk_core,4.02,1.33,0.0005768467320618059,4.019423153267938,setup,measured_vdd,orfs_ssd_ctrl_cfg_small,measured_droop/orfs_ssd_ctrl_cfg_small_vdd.csv,1.1,False,VALIDATED
716,g_chan[1].u_cdc_chw.mem[9][24]$_DFFE_PP_,clk_core,4.02,1.33,0.0005768467320618059,4.019423153267938,setup,measured_vdd,orfs_ssd_ctrl_cfg_small,measured_droop/orfs_ssd_ctrl_cfg_small_vdd.csv,1.1,False,VALIDATED
717,g_chan[1].u_cdc_chw.mem[10][24]$_DFFE_PP_,clk_core,4.02,1.33,0.0005768467320618059,4.019423153267938,setup,measured_vdd,orfs_ssd_ctrl_cfg_small,measured_droop/orfs_ssd_ctrl_cfg_small_vdd.csv,1.1,False,VALIDATED
719,g_chan[1].u_cdc_chw.mem[8][24]$_DFFE_PP_,clk_core,4.02,1.33,0.0005768467320618059,4.019423153267938,setup,measured_vdd,orfs_ssd_ctrl_cfg_small,measured_droop/orfs_ssd_ctrl_cfg_small_vdd.csv,1.1,False,VALIDATED
720,g_chan[1].u_cdc_chw.mem[7][24]$_DFFE_PP_,clk_core,4.02,1.33,0.0005738304307233016,4.019426169569276,setup,measured_vdd,orfs_ssd_ctrl_cfg_small,measured_droop/orfs_ssd_ctrl_cfg_small_vdd.csv,1.1,False,VALIDATED
722,g_chan[1].u_cdc_chw.mem[6][24]$_DFFE_PP_,clk_core,4.02,1.33,0.0005738304307233016,4.019426169569276,setup,measured_vdd,orfs_ssd_ctrl_cfg_small,measured_droop/orfs_ssd_ctrl_cfg_small_vdd.csv,1.1,False,VALIDATED
748,c_cmd_len[3]$_DFFE_PN0N_,clk_core,4.03,1.34,0.0007997985255383394,4.029200201474462,setup,measured_vdd,orfs_ssd_ctrl_cfg_small,measured_droop/orfs_ssd_ctrl_cfg_small_vdd.csv,1.1,False,VALIDATED
752,u_dma_fabric.rbeat_data[28]$_DFFE_PN0P_,clk_core,4.03,1.31,0.0006923921687859297,4.029307607831214,setup,measured_vdd,orfs_ssd_ctrl_cfg_small,measured_droop/orfs_ssd_ctrl_cfg_small_vdd.csv,1.1,False,VALIDATED
741,g_chan[0].u_cdc_chw.mem[14][22]$_DFFE_PP_,clk_core,4.03,1.32,0.0006179765419256217,4.029382023458075,setup,measured_vdd,orfs_ssd_ctrl_cfg_small,measured_droop/orfs_ssd_ctrl_cfg_small_vdd.csv,1.1,False,VALIDATED
742,g_chan[0].u_cdc_chw.mem[15][22]$_DFFE_PP_,clk_core,4.03,1.32,0.0006179765419256217,4.029382023458075,setup,measured_vdd,orfs_ssd_ctrl_cfg_small,measured_droop/orfs_ssd_ctrl_cfg_small_vdd.csv,1.1,False,VALIDATED
746,g_chan[0].u_cdc_chw.mem[7][22]$_DFFE_PP_,clk_core,4.03,1.32,0.0006046166228723532,4.029395383377128,setup,measured_vdd,orfs_ssd_ctrl_cfg_small,measured_droop/orfs_ssd_ctrl_cfg_small_vdd.csv,1.1,False,VALIDATED
744,g_chan[0].u_cdc_chw.mem[4][22]$_DFFE_PP_,clk_core,4.03,1.32,0.0006046166228723532,4.029395383377128,setup,measured_vdd,orfs_ssd_ctrl_cfg_small,measured_droop/orfs_ssd_ctrl_cfg_small_vdd.csv,1.1,False,VALIDATED
747,g_chan[0].u_cdc_chw.mem[5][22]$_DFFE_PP_,clk_core,4.03,1.32,0.0006046166228723532,4.029395383377128,setup,measured_vdd,orfs_ssd_ctrl_cfg_small,measured_droop/orfs_ssd_ctrl_cfg_small_vdd.csv,1.1,False,VALIDATED
743,g_chan[0].u_cdc_chw.mem[11][22]$_DFFE_PP_,clk_core,4.03,1.32,0.0006046166228723532,4.029395383377128,setup,measured_vdd,orfs_ssd_ctrl_cfg_small,measured_droop/orfs_ssd_ctrl_cfg_small_vdd.csv,1.1,False,VALIDATED
745,g_chan[0].u_cdc_chw.mem[6][22]$_DFFE_PP_,clk_core,4.03,1.32,0.0006046166228723532,4.029395383377128,setup,measured_vdd,orfs_ssd_ctrl_cfg_small,measured_droop/orfs_ssd_ctrl_cfg_small_vdd.csv,1.1,False,VALIDATED
751,g_chan[1].u_cdc_chw.mem[4][22]$_DFFE_PP_,clk_core,4.03,1.31,0.0005979354748961441,4.0294020645251045,setup,measured_vdd,orfs_ssd_ctrl_cfg_small,measured_droop/orfs_ssd_ctrl_cfg_small_vdd.csv,1.1,False,VALIDATED
750,g_chan[1].u_cdc_chw.mem[2][22]$_DFFE_PP_,clk_core,4.03,1.31,0.0005938478346468462,4.029406152165353,setup,measured_vdd,orfs_ssd_ctrl_cfg_small,measured_droop/orfs_ssd_ctrl_cfg_small_vdd.csv,1.1,False,VALIDATED
749,g_chan[1].u_cdc_chw.mem[5][22]$_DFFE_PP_,clk_core,4.03,1.31,0.0005938478346468462,4.029406152165353,setup,measured_vdd,orfs_ssd_ctrl_cfg_small,measured_droop/orfs_ssd_ctrl_cfg_small_vdd.csv,1.1,False,VALIDATED
754,g_chan[1].u_cdc_chw.mem[3][22]$_DFFE_PP_,clk_core,4.03,1.31,0.0005905334695519293,4.029409466530448,setup,measured_vdd,orfs_ssd_ctrl_cfg_small,measured_droop/orfs_ssd_ctrl_cfg_small_vdd.csv,1.1,False,VALIDATED
753,g_chan[1].u_cdc_chw.mem[7][22]$_DFFE_PP_,clk_core,4.03,1.31,0.0005905334695519293,4.029409466530448,setup,measured_vdd,orfs_ssd_ctrl_cfg_small,measured_droop/orfs_ssd_ctrl_cfg_small_vdd.csv,1.1,False,VALIDATED
793,c_cmd_addr[25]$_DFFE_PN0N_,clk_core,4.04,1.32,0.0008434236275188245,4.0391565763724815,setup,measured_vdd,orfs_ssd_ctrl_cfg_small,measured_droop/orfs_ssd_ctrl_cfg_small_vdd.csv,1.1,False,VALIDATED
760,u_dma_fabric.rbeat_data[21]$_DFFE_PN0P_,clk_core,4.04,1.3,0.0006989084673517665,4.039301091532648,setup,measured_vdd,orfs_ssd_ctrl_cfg_small,measured_droop/orfs_ssd_ctrl_cfg_small_vdd.csv,1.1,False,VALIDATED
761,u_dma_fabric.rbeat_data[2]$_DFFE_PN0P_,clk_core,4.04,1.31,0.0006768549442797561,4.03932314505572,setup,measured_vdd,orfs_ssd_ctrl_cfg_small,measured_droop/orfs_ssd_ctrl_cfg_small_vdd.csv,1.1,False,VALIDATED
790,g_chan[0].u_cdc_chw.mem[1][18]$_DFFE_PP_,clk_core,4.04,1.31,0.0006171664951353933,4.039382833504865,setup,measured_vdd,orfs_ssd_ctrl_cfg_small,measured_droop/orfs_ssd_ctrl_cfg_small_vdd.csv,1.1,False,VALIDATED
777,g_chan[0].u_cdc_chw.mem[9][18]$_DFFE_PP_,clk_core,4.04,1.31,0.0006171664951353933,4.039382833504865,setup,measured_vdd,orfs_ssd_ctrl_cfg_small,measured_droop/orfs_ssd_ctrl_cfg_small_vdd.csv,1.1,False,VALIDATED
786,g_chan[0].u_cdc_chw.mem[10][18]$_DFFE_PP_,clk_core,4.04,1.31,0.0006171664951353933,4.039382833504865,setup,measured_vdd,orfs_ssd_ctrl_cfg_small,measured_droop/orfs_ssd_ctrl_cfg_small_vdd.csv,1.1,False,VALIDATED
788,g_chan[0].u_cdc_chw.mem[0][18]$_DFFE_PP_,clk_core,4.04,1.31,0.0006171112338716339,4.039382888766128,setup,measured_vdd,orfs_ssd_ctrl_cfg_small,measured_droop/orfs_ssd_ctrl_cfg_small_vdd.csv,1.1,False,VALIDATED
789,g_chan[0].u_cdc_chw.mem[8][18]$_DFFE_PP_,clk_core,4.04,1.31,0.0006171112338716339,4.039382888766128,setup,measured_vdd,orfs_ssd_ctrl_cfg_small,measured_droop/orfs_ssd_ctrl_cfg_small_vdd.csv,1.1,False,VALIDATED
781,g_chan[0].u_cdc_chw.mem[2][18]$_DFFE_PP_,clk_core,4.04,1.31,0.0006170559726078745,4.039382944027392,setup,measured_vdd,orfs_ssd_ctrl_cfg_small,measured_droop/orfs_ssd_ctrl_cfg_small_vdd.csv,1.1,False,VALIDATED
780,g_chan[0].u_cdc_chw.mem[12][18]$_DFFE_PP_,clk_core,4.04,1.31,0.0006170559726078745,4.039382944027392,setup,measured_vdd,orfs_ssd_ctrl_cfg_small,measured_droop/orfs_ssd_ctrl_cfg_small_vdd.csv,1.1,False,VALIDATED
767,g_chan[0].u_cdc_chw.mem[14][18]$_DFFE_PP_,clk_core,4.04,1.31,0.0006170559726078745,4.039382944027392,setup,measured_vdd,orfs_ssd_ctrl_cfg_small,measured_droop/orfs_ssd_ctrl_cfg_small_vdd.csv,1.1,False,VALIDATED
779,g_chan[0].u_cdc_chw.mem[13][18]$_DFFE_PP_,clk_core,4.04,1.31,0.0006170559726078745,4.039382944027392,setup,measured_vdd,orfs_ssd_ctrl_cfg_small,measured_droop/orfs_ssd_ctrl_cfg_small_vdd.csv,1.1,False,VALIDATED
768,g_chan[0].u_cdc_chw.mem[3][18]$_DFFE_PP_,clk_core,4.04,1.31,0.0006170559726078745,4.039382944027392,setup,measured_vdd,orfs_ssd_ctrl_cfg_small,measured_droop/orfs_ssd_ctrl_cfg_small_vdd.csv,1.1,False,VALIDATED
758,g_chan[1].u_cdc_chw.mem[1][22]$_DFFE_PP_,clk_core,4.04,1.31,0.0006094842195432937,4.039390515780457,setup,measured_vdd,orfs_ssd_ctrl_cfg_small,measured_droop/orfs_ssd_ctrl_cfg_small_vdd.csv,1.1,False,VALIDATED
756,g_chan[1].u_cdc_chw.mem[11][22]$_DFFE_PP_,clk_core,4.04,1.31,0.0006090418754719495,4.039390958124528,setup,measured_vdd,orfs_ssd_ctrl_cfg_small,measured_droop/orfs_ssd_ctrl_cfg_small_vdd.csv,1.1,False,VALIDATED
785,g_chan[1].u_cdc_chw.mem[11][12]$_DFFE_PP_,clk_core,4.04,1.31,0.0006084267727429898,4.039391573227257,setup,measured_vdd,orfs_ssd_ctrl_cfg_small,measured_droop/orfs_ssd_ctrl_cfg_small_vdd.csv,1.1,False,VALIDATED
783,g_chan[1].u_cdc_chw.mem[10][12]$_DFFE_PP_,clk_core,4.04,1.31,0.0006084267727429898,4.039391573227257,setup,measured_vdd,orfs_ssd_ctrl_cfg_small,measured_droop/orfs_ssd_ctrl_cfg_small_vdd.csv,1.1,False,VALIDATED
778,g_chan[0].u_cdc_chw.mem[15][18]$_DFFE_PP_,clk_core,4.04,1.31,0.0006071111062142809,4.039392888893786,setup,measured_vdd,orfs_ssd_ctrl_cfg_small,measured_droop/orfs_ssd_ctrl_cfg_small_vdd.csv,1.1,False,VALIDATED
776,g_chan[0].u_cdc_chw.mem[11][18]$_DFFE_PP_,clk_core,4.04,1.31,0.0006071111062142809,4.039392888893786,setup,measured_vdd,orfs_ssd_ctrl_cfg_small,measured_droop/orfs_ssd_ctrl_cfg_small_vdd.csv,1.1,False,VALIDATED
787,g_chan[1].u_cdc_chw.mem[13][12]$_DFFE_PP_,clk_core,4.04,1.31,0.0006067571176359143,4.0393932428823645,setup,measured_vdd,orfs_ssd_ctrl_cfg_small,measured_droop/orfs_ssd_ctrl_cfg_small_vdd.csv,1.1,False,VALIDATED
791,g_chan[1].u_cdc_chw.mem[14][12]$_DFFE_PP_,clk_core,4.04,1.31,0.0006038861697593018,4.03939611383024,setup,measured_vdd,orfs_ssd_ctrl_cfg_small,measured_droop/orfs_ssd_ctrl_cfg_small_vdd.csv,1.1,False,VALIDATED
784,g_chan[1].u_cdc_chw.mem[12][12]$_DFFE_PP_,clk_core,4.04,1.31,0.0005993470446094967,4.039400652955391,setup,measured_vdd,orfs_ssd_ctrl_cfg_small,measured_droop/orfs_ssd_ctrl_cfg_small_vdd.csv,1.1,False,VALIDATED
792,g_chan[1].u_cdc_chw.mem[15][12]$_DFFE_PP_,clk_core,4.04,1.3,0.0005992763516694533,4.03940072364833,setup,measured_vdd,orfs_ssd_ctrl_cfg_small,measured_droop/orfs_ssd_ctrl_cfg_small_vdd.csv,1.1,False,VALIDATED
759,g_chan[1].u_cdc_chw.mem[0][22]$_DFFE_PP_,clk_core,4.04,1.31,0.0005979354748961441,4.039402064525104,setup,measured_vdd,orfs_ssd_ctrl_cfg_small,measured_droop/orfs_ssd_ctrl_cfg_small_vdd.csv,1.1,False,VALIDATED
782,g_chan[1].u_cdc_chw.mem[6][22]$_DFFE_PP_,clk_core,4.04,1.31,0.0005972191783965852,4.039402780821604,setup,measured_vdd,orfs_ssd_ctrl_cfg_small,measured_droop/orfs_ssd_ctrl_cfg_small_vdd.csv,1.1,False,VALIDATED
771,g_chan[0].u_cdc_chw.mem[6][18]$_DFFE_PP_,clk_core,4.04,1.31,0.0005971662398206873,4.039402833760179,setup,measured_vdd,orfs_ssd_ctrl_cfg_small,measured_droop/orfs_ssd_ctrl_cfg_small_vdd.csv,1.1,False,VALIDATED
772,g_chan[0].u_cdc_chw.mem[7][18]$_DFFE_PP_,clk_core,4.04,1.31,0.0005971662398206873,4.039402833760179,setup,measured_vdd,orfs_ssd_ctrl_cfg_small,measured_droop/orfs_ssd_ctrl_cfg_small_vdd.csv,1.1,False,VALIDATED
770,g_chan[1].u_cdc_chw.mem[9][25]$_DFFE_PP_,clk_core,4.04,1.31,0.0005970652535333826,4.039402934746467,setup,measured_vdd,orfs_ssd_ctrl_cfg_small,measured_droop/orfs_ssd_ctrl_cfg_small_vdd.csv,1.1,False,VALIDATED
762,g_chan[1].u_cdc_chw.mem[3][25]$_DFFE_PP_,clk_core,4.04,1.31,0.0005970652535333826,4.039402934746467,setup,measured_vdd,orfs_ssd_ctrl_cfg_small,measured_droop/orfs_ssd_ctrl_cfg_small_vdd.csv,1.1,False,VALIDATED
773,g_chan[1].u_cdc_chw.mem[11][25]$_DFFE_PP_,clk_core,4.04,1.31,0.0005970652535333826,4.039402934746467,setup,measured_vdd,orfs_ssd_ctrl_cfg_small,measured_droop/orfs_ssd_ctrl_cfg_small_vdd.csv,1.1,False,VALIDATED
764,g_chan[1].u_cdc_chw.mem[2][25]$_DFFE_PP_,clk_core,4.04,1.31,0.0005970652535333826,4.039402934746467,setup,measured_vdd,orfs_ssd_ctrl_cfg_small,measured_droop/orfs_ssd_ctrl_cfg_small_vdd.csv,1.1,False,VALIDATED
765,g_chan[1].u_cdc_chw.mem[0][25]$_DFFE_PP_,clk_core,4.04,1.31,0.0005970652535333826,4.039402934746467,setup,measured_vdd,orfs_ssd_ctrl_cfg_small,measured_droop/orfs_ssd_ctrl_cfg_small_vdd.csv,1.1,False,VALIDATED
769,g_chan[1].u_cdc_chw.mem[4][25]$_DFFE_PP_,clk_core,4.04,1.31,0.0005966230991922422,4.0394033769008075,setup,measured_vdd,orfs_ssd_ctrl_cfg_small,measured_droop/orfs_ssd_ctrl_cfg_small_vdd.csv,1.1,False,VALIDATED
775,g_chan[1].u_cdc_chw.mem[6][25]$_DFFE_PP_,clk_core,4.04,1.31,0.0005966230991922422,4.0394033769008075,setup,measured_vdd,orfs_ssd_ctrl_cfg_small,measured_droop/orfs_ssd_ctrl_cfg_small_vdd.csv,1.1,False,VALIDATED
774,g_chan[1].u_cdc_chw.mem[5][25]$_DFFE_PP_,clk_core,4.04,1.31,0.0005966230991922422,4.0394033769008075,setup,measured_vdd,orfs_ssd_ctrl_cfg_small,measured_droop/orfs_ssd_ctrl_cfg_small_vdd.csv,1.1,False,VALIDATED
766,g_chan[1].u_cdc_chw.mem[7][25]$_DFFE_PP_,clk_core,4.04,1.31,0.0005966230991922422,4.0394033769008075,setup,measured_vdd,orfs_ssd_ctrl_cfg_small,measured_droop/orfs_ssd_ctrl_cfg_small_vdd.csv,1.1,False,VALIDATED
755,g_chan[0].u_cdc_chw.mem[5][18]$_DFFE_PP_,clk_core,4.04,1.31,0.0005949558980733877,4.039405044101927,setup,measured_vdd,orfs_ssd_ctrl_cfg_small,measured_droop/orfs_ssd_ctrl_cfg_small_vdd.csv,1.1,False,VALIDATED
757,g_chan[0].u_cdc_chw.mem[4][18]$_DFFE_PP_,clk_core,4.04,1.31,0.0005949558980733877,4.039405044101927,setup,measured_vdd,orfs_ssd_ctrl_cfg_small,measured_droop/orfs_ssd_ctrl_cfg_small_vdd.csv,1.1,False,VALIDATED
763,g_chan[1].u_cdc_chw.mem[10][25]$_DFFE_PP_,clk_core,4.04,1.31,0.0005917599874792068,4.039408240012521,setup,measured_vdd,orfs_ssd_ctrl_cfg_small,measured_droop/orfs_ssd_ctrl_cfg_small_vdd.csv,1.1,False,VALIDATED
797,u_dma_fabric.rbeat_data[1]$_DFFE_PN0P_,clk_core,4.05,1.3,0.0006568196027364331,4.049343180397264,setup,measured_vdd,orfs_ssd_ctrl_cfg_small,measured_droop/orfs_ssd_ctrl_cfg_small_vdd.csv,1.1,False,VALIDATED
799,g_chan[1].u_cdc_chw.mem[9][12]$_DFFE_PP_,clk_core,4.05,1.31,0.0006257905522343704,4.049374209447765,setup,measured_vdd,orfs_ssd_ctrl_cfg_small,measured_droop/orfs_ssd_ctrl_cfg_small_vdd.csv,1.1,False,VALIDATED
800,g_chan[1].u_cdc_chw.mem[12][18]$_DFFE_PP_,clk_core,4.05,1.3,0.0006121815083378335,4.049387818491662,setup,measured_vdd,orfs_ssd_ctrl_cfg_small,measured_droop/orfs_ssd_ctrl_cfg_small_vdd.csv,1.1,False,VALIDATED
798,g_chan[1].u_cdc_chw.mem[10][18]$_DFFE_PP_,clk_core,4.05,1.3,0.0006121815083378335,4.049387818491662,setup,measured_vdd,orfs_ssd_ctrl_cfg_small,measured_droop/orfs_ssd_ctrl_cfg_small_vdd.csv,1.1,False,VALIDATED
796,g_chan[1].u_cdc_chw.mem[13][18]$_DFFE_PP_,clk_core,4.05,1.3,0.0006065328986463309,4.049393467101353,setup,measured_vdd,orfs_ssd_ctrl_cfg_small,measured_droop/orfs_ssd_ctrl_cfg_small_vdd.csv,1.1,False,VALIDATED
795,g_chan[1].u_cdc_chw.mem[8][18]$_DFFE_PP_,clk_core,4.05,1.3,0.0006065328986463309,4.049393467101353,setup,measured_vdd,orfs_ssd_ctrl_cfg_small,measured_droop/orfs_ssd_ctrl_cfg_small_vdd.csv,1.1,False,VALIDATED
794,g_chan[1].u_cdc_chw.mem[9][18]$_DFFE_PP_,clk_core,4.05,1.3,0.0006054375588693678,4.0493945624411305,setup,measured_vdd,orfs_ssd_ctrl_cfg_small,measured_droop/orfs_ssd_ctrl_cfg_small_vdd.csv,1.1,False,VALIDATED
16,g_chan[0].u_cdc_chr.rbin[1]$_DFF_PN0_,clk_core,4.17,1.25,0.0006650688099281363,4.169334931190072,recovery,measured_vdd,orfs_ssd_ctrl_cfg_small,measured_droop/orfs_ssd_ctrl_cfg_small_vdd.csv,1.1,False,VALIDATED
15,g_chan[0].u_cdc_chr.rbin[3]$_DFF_PN0_,clk_core,4.17,1.25,0.0006650688099281363,4.169334931190072,recovery,measured_vdd,orfs_ssd_ctrl_cfg_small,measured_droop/orfs_ssd_ctrl_cfg_small_vdd.csv,1.1,False,VALIDATED
20,u_dma_fabric.rbeat_data[10]$_DFFE_PN0P_,clk_core,4.17,1.25,0.0006650688099281363,4.169334931190072,recovery,measured_vdd,orfs_ssd_ctrl_cfg_small,measured_droop/orfs_ssd_ctrl_cfg_small_vdd.csv,1.1,False,VALIDATED
19,u_dma_fabric.rbeat_data[15]$_DFFE_PN0P_,clk_core,4.17,1.25,0.0006650688099281363,4.169334931190072,recovery,measured_vdd,orfs_ssd_ctrl_cfg_small,measured_droop/orfs_ssd_ctrl_cfg_small_vdd.csv,1.1,False,VALIDATED
18,g_chan[0].u_cdc_chr.rbin[0]$_DFF_PN0_,clk_core,4.17,1.25,0.0006650688099281363,4.169334931190072,recovery,measured_vdd,orfs_ssd_ctrl_cfg_small,measured_droop/orfs_ssd_ctrl_cfg_small_vdd.csv,1.1,False,VALIDATED
17,g_chan[0].u_cdc_chr.rbin[2]$_DFF_PN0_,clk_core,4.17,1.25,0.0006650688099281363,4.169334931190072,recovery,measured_vdd,orfs_ssd_ctrl_cfg_small,measured_droop/orfs_ssd_ctrl_cfg_small_vdd.csv,1.1,False,VALIDATED
1,g_chan[0].u_cdc_chr.rq2_wgray[0]$_DFF_PN0_,clk_core,4.17,1.25,0.0006650688099281363,4.169334931190072,recovery,measured_vdd,orfs_ssd_ctrl_cfg_small,measured_droop/orfs_ssd_ctrl_cfg_small_vdd.csv,1.1,False,VALIDATED
2,g_chan[0].u_cdc_chr.rgray[0]$_DFF_PN0_,clk_core,4.17,1.25,0.0006650688099281363,4.169334931190072,recovery,measured_vdd,orfs_ssd_ctrl_cfg_small,measured_droop/orfs_ssd_ctrl_cfg_small_vdd.csv,1.1,False,VALIDATED
3,g_chan[0].u_cdc_chr.rq2_wgray[1]$_DFF_PN0_,clk_core,4.17,1.25,0.0006650688099281363,4.169334931190072,recovery,measured_vdd,orfs_ssd_ctrl_cfg_small,measured_droop/orfs_ssd_ctrl_cfg_small_vdd.csv,1.1,False,VALIDATED
4,g_chan[0].u_cdc_chr.rq1_wgray[2]$_DFF_PN0_,clk_core,4.17,1.25,0.0006650688099281363,4.169334931190072,recovery,measured_vdd,orfs_ssd_ctrl_cfg_small,measured_droop/orfs_ssd_ctrl_cfg_small_vdd.csv,1.1,False,VALIDATED
5,g_chan[0].u_cdc_chr.rq1_wgray[3]$_DFF_PN0_,clk_core,4.17,1.25,0.0006650688099281363,4.169334931190072,recovery,measured_vdd,orfs_ssd_ctrl_cfg_small,measured_droop/orfs_ssd_ctrl_cfg_small_vdd.csv,1.1,False,VALIDATED
6,g_chan[0].u_cdc_chr.rq1_wgray[4]$_DFF_PN0_,clk_core,4.17,1.25,0.0006650688099281363,4.169334931190072,recovery,measured_vdd,orfs_ssd_ctrl_cfg_small,measured_droop/orfs_ssd_ctrl_cfg_small_vdd.csv,1.1,False,VALIDATED
7,g_chan[0].u_cdc_chr.rq1_wgray[1]$_DFF_PN0_,clk_core,4.17,1.25,0.0006650688099281363,4.169334931190072,recovery,measured_vdd,orfs_ssd_ctrl_cfg_small,measured_droop/orfs_ssd_ctrl_cfg_small_vdd.csv,1.1,False,VALIDATED
0,g_chan[0].u_cdc_chr.rq1_wgray[0]$_DFF_PN0_,clk_core,4.17,1.25,0.0006650688099281363,4.169334931190072,recovery,measured_vdd,orfs_ssd_ctrl_cfg_small,measured_droop/orfs_ssd_ctrl_cfg_small_vdd.csv,1.1,False,VALIDATED
12,g_chan[0].u_cdc_chr.rq2_wgray[3]$_DFF_PN0_,clk_core,4.17,1.25,0.0006650343275130394,4.169334965672487,recovery,measured_vdd,orfs_ssd_ctrl_cfg_small,measured_droop/orfs_ssd_ctrl_cfg_small_vdd.csv,1.1,False,VALIDATED
11,g_chan[0].u_cdc_chr.rgray[2]$_DFF_PN0_,clk_core,4.17,1.25,0.0006650343275130394,4.169334965672487,recovery,measured_vdd,orfs_ssd_ctrl_cfg_small,measured_droop/orfs_ssd_ctrl_cfg_small_vdd.csv,1.1,False,VALIDATED
10,g_chan[0].u_cdc_chr.rgray[3]$_DFF_PN0_,clk_core,4.17,1.25,0.0006650343275130394,4.169334965672487,recovery,measured_vdd,orfs_ssd_ctrl_cfg_small,measured_droop/orfs_ssd_ctrl_cfg_small_vdd.csv,1.1,False,VALIDATED
9,g_chan[0].u_cdc_chr.rq2_wgray[2]$_DFF_PN0_,clk_core,4.17,1.25,0.0006650343275130394,4.169334965672487,recovery,measured_vdd,orfs_ssd_ctrl_cfg_small,measured_droop/orfs_ssd_ctrl_cfg_small_vdd.csv,1.1,False,VALIDATED
8,g_chan[0].u_cdc_chr.rgray[1]$_DFF_PN0_,clk_core,4.17,1.25,0.0006650343275130394,4.169334965672487,recovery,measured_vdd,orfs_ssd_ctrl_cfg_small,measured_droop/orfs_ssd_ctrl_cfg_small_vdd.csv,1.1,False,VALIDATED
14,g_chan[0].u_cdc_chr.rbin[4]$_DFF_PN0_,clk_core,4.17,1.25,0.0006650343275130394,4.169334965672487,recovery,measured_vdd,orfs_ssd_ctrl_cfg_small,measured_droop/orfs_ssd_ctrl_cfg_small_vdd.csv,1.1,False,VALIDATED
13,g_chan[0].u_cdc_chr.rq2_wgray[4]$_DFF_PN0_,clk_core,4.17,1.25,0.0006650343275130394,4.169334965672487,recovery,measured_vdd,orfs_ssd_ctrl_cfg_small,measured_droop/orfs_ssd_ctrl_cfg_small_vdd.csv,1.1,False,VALIDATED
24,u_dma_fabric.rbeat_data[20]$_DFFE_PN0P_,clk_core,4.31,1.12,0.0005828354558700191,4.309417164544129,recovery,measured_vdd,orfs_ssd_ctrl_cfg_small,measured_droop/orfs_ssd_ctrl_cfg_small_vdd.csv,1.1,False,VALIDATED
23,u_dma_fabric.rbeat_data[9]$_DFFE_PN0P_,clk_core,4.31,1.12,0.0005828354558700191,4.309417164544129,recovery,measured_vdd,orfs_ssd_ctrl_cfg_small,measured_droop/orfs_ssd_ctrl_cfg_small_vdd.csv,1.1,False,VALIDATED
21,u_dma_fabric.rbeat_data[17]$_DFFE_PN0P_,clk_core,4.31,1.12,0.0005828354558700191,4.309417164544129,recovery,measured_vdd,orfs_ssd_ctrl_cfg_small,measured_droop/orfs_ssd_ctrl_cfg_small_vdd.csv,1.1,False,VALIDATED
25,u_dma_fabric.rbeat_data[14]$_DFFE_PN0P_,clk_core,4.31,1.12,0.0005828354558700191,4.309417164544129,recovery,measured_vdd,orfs_ssd_ctrl_cfg_small,measured_droop/orfs_ssd_ctrl_cfg_small_vdd.csv,1.1,False,VALIDATED
22,u_dma_fabric.rbeat_data[13]$_DFFE_PN0P_,clk_core,4.31,1.12,0.0005828354558700191,4.309417164544129,recovery,measured_vdd,orfs_ssd_ctrl_cfg_small,measured_droop/orfs_ssd_ctrl_cfg_small_vdd.csv,1.1,False,VALIDATED
26,u_dma_fabric.rbeat_data[16]$_DFFE_PN0P_,clk_core,4.31,1.11,0.0005776315678712035,4.309422368432128,recovery,measured_vdd,orfs_ssd_ctrl_cfg_small,measured_droop/orfs_ssd_ctrl_cfg_small_vdd.csv,1.1,False,VALIDATED
38,u_dma_fabric.rbeat_data[5]$_DFFE_PN0P_,clk_core,4.32,1.11,0.0005786178107167472,4.319421382189284,recovery,measured_vdd,orfs_ssd_ctrl_cfg_small,measured_droop/orfs_ssd_ctrl_cfg_small_vdd.csv,1.1,False,VALIDATED
27,u_dma_fabric.rbeat_data[12]$_DFFE_PN0P_,clk_core,4.32,1.11,0.0005776315678712035,4.319422368432129,recovery,measured_vdd,orfs_ssd_ctrl_cfg_small,measured_droop/orfs_ssd_ctrl_cfg_small_vdd.csv,1.1,False,VALIDATED
34,u_dma_fabric.rbeat_data[18]$_DFFE_PN0P_,clk_core,4.32,1.11,0.0005751771783162885,4.319424822821684,recovery,measured_vdd,orfs_ssd_ctrl_cfg_small,measured_droop/orfs_ssd_ctrl_cfg_small_vdd.csv,1.1,False,VALIDATED
32,u_dma_fabric.rbeat_data[7]$_DFFE_PN0P_,clk_core,4.32,1.11,0.0005751771783162885,4.319424822821684,recovery,measured_vdd,orfs_ssd_ctrl_cfg_small,measured_droop/orfs_ssd_ctrl_cfg_small_vdd.csv,1.1,False,VALIDATED
37,u_dma_fabric.rbeat_data[24]$_DFFE_PN0P_,clk_core,4.32,1.11,0.0005751771783162885,4.319424822821684,recovery,measured_vdd,orfs_ssd_ctrl_cfg_small,measured_droop/orfs_ssd_ctrl_cfg_small_vdd.csv,1.1,False,VALIDATED
35,u_dma_fabric.rbeat_data[25]$_DFFE_PN0P_,clk_core,4.32,1.11,0.0005751771783162885,4.319424822821684,recovery,measured_vdd,orfs_ssd_ctrl_cfg_small,measured_droop/orfs_ssd_ctrl_cfg_small_vdd.csv,1.1,False,VALIDATED
31,u_dma_fabric.rbeat_data[31]$_DFFE_PN0P_,clk_core,4.32,1.11,0.0005751771783162885,4.319424822821684,recovery,measured_vdd,orfs_ssd_ctrl_cfg_small,measured_droop/orfs_ssd_ctrl_cfg_small_vdd.csv,1.1,False,VALIDATED
36,u_dma_fabric.rbeat_data[6]$_DFFE_PN0P_,clk_core,4.32,1.11,0.0005751771783162885,4.319424822821684,recovery,measured_vdd,orfs_ssd_ctrl_cfg_small,measured_droop/orfs_ssd_ctrl_cfg_small_vdd.csv,1.1,False,VALIDATED
33,u_dma_fabric.rbeat_data[8]$_DFFE_PN0P_,clk_core,4.32,1.11,0.0005751771783162885,4.319424822821684,recovery,measured_vdd,orfs_ssd_ctrl_cfg_small,measured_droop/orfs_ssd_ctrl_cfg_small_vdd.csv,1.1,False,VALIDATED
28,u_dma_fabric.rbeat_data[11]$_DFFE_PN0P_,clk_core,4.32,1.11,0.0005629512779714713,4.319437048722029,recovery,measured_vdd,orfs_ssd_ctrl_cfg_small,measured_droop/orfs_ssd_ctrl_cfg_small_vdd.csv,1.1,False,VALIDATED
30,u_dma_fabric.rbeat_data[21]$_DFFE_PN0P_,clk_core,4.32,1.11,0.0005629512779714713,4.319437048722029,recovery,measured_vdd,orfs_ssd_ctrl_cfg_small,measured_droop/orfs_ssd_ctrl_cfg_small_vdd.csv,1.1,False,VALIDATED
29,u_dma_fabric.rbeat_data[19]$_DFFE_PN0P_,clk_core,4.32,1.11,0.0005629512779714713,4.319437048722029,recovery,measured_vdd,orfs_ssd_ctrl_cfg_small,measured_droop/orfs_ssd_ctrl_cfg_small_vdd.csv,1.1,False,VALIDATED
40,u_dma_fabric.rbeat_data[27]$_DFFE_PN0P_,clk_core,4.33,1.11,0.0005786178107167472,4.329421382189284,recovery,measured_vdd,orfs_ssd_ctrl_cfg_small,measured_droop/orfs_ssd_ctrl_cfg_small_vdd.csv,1.1,False,VALIDATED
39,u_dma_fabric.rbeat_data[22]$_DFFE_PN0P_,clk_core,4.33,1.11,0.0005749223521598831,4.32942507764784,recovery,measured_vdd,orfs_ssd_ctrl_cfg_small,measured_droop/orfs_ssd_ctrl_cfg_small_vdd.csv,1.1,False,VALIDATED
41,u_dma_fabric.rbeat_data[4]$_DFFE_PN0P_,clk_core,4.33,1.1,0.000573405037647183,4.329426594962353,recovery,measured_vdd,orfs_ssd_ctrl_cfg_small,measured_droop/orfs_ssd_ctrl_cfg_small_vdd.csv,1.1,False,VALIDATED
42,g_chan[0].u_cdc_chr.rd_empty$_DFF_PN1_,clk_core,4.33,1.1,0.0005617268648180004,4.329438273135182,recovery,measured_vdd,orfs_ssd_ctrl_cfg_small,measured_droop/orfs_ssd_ctrl_cfg_small_vdd.csv,1.1,False,VALIDATED
44,g_chan[1].u_cdc_chcmd.wq2_rgray[1]$_DFF_PN0_,clk_core,4.37,1.05,0.000541582274293205,4.369458417725707,recovery,measured_vdd,orfs_ssd_ctrl_cfg_small,measured_droop/orfs_ssd_ctrl_cfg_small_vdd.csv,1.1,False,VALIDATED
43,g_chan[1].u_cdc_chcmd.wq2_rgray[3]$_DFF_PN0_,clk_core,4.37,1.05,0.000541582274293205,4.369458417725707,recovery,measured_vdd,orfs_ssd_ctrl_cfg_small,measured_droop/orfs_ssd_ctrl_cfg_small_vdd.csv,1.1,False,VALIDATED
53,g_chan[1].u_cdc_chcmd.wgray[1]$_DFF_PN0_,clk_core,4.38,1.05,0.0005430566162716172,4.379456943383729,recovery,measured_vdd,orfs_ssd_ctrl_cfg_small,measured_droop/orfs_ssd_ctrl_cfg_small_vdd.csv,1.1,False,VALIDATED
51,g_chan[1].u_cdc_chcmd.wbin[2]$_DFF_PN0_,clk_core,4.38,1.05,0.0005430566162716172,4.379456943383729,recovery,measured_vdd,orfs_ssd_ctrl_cfg_small,measured_droop/orfs_ssd_ctrl_cfg_small_vdd.csv,1.1,False,VALIDATED
57,g_chan[1].u_cdc_chcmd.wr_full$_DFF_PN0_,clk_core,4.38,1.05,0.0005430566162716172,4.379456943383729,recovery,measured_vdd,orfs_ssd_ctrl_cfg_small,measured_droop/orfs_ssd_ctrl_cfg_small_vdd.csv,1.1,False,VALIDATED
56,g_chan[1].u_cdc_chcmd.wbin[4]$_DFF_PN0_,clk_core,4.38,1.05,0.0005430566162716172,4.379456943383729,recovery,measured_vdd,orfs_ssd_ctrl_cfg_small,measured_droop/orfs_ssd_ctrl_cfg_small_vdd.csv,1.1,False,VALIDATED
47,g_chan[1].u_cdc_chcmd.wbin[1]$_DFF_PN0_,clk_core,4.38,1.05,0.0005430566162716172,4.379456943383729,recovery,measured_vdd,orfs_ssd_ctrl_cfg_small,measured_droop/orfs_ssd_ctrl_cfg_small_vdd.csv,1.1,False,VALIDATED
48,g_chan[1].u_cdc_chcmd.wbin[0]$_DFF_PN0_,clk_core,4.38,1.05,0.0005430566162716172,4.379456943383729,recovery,measured_vdd,orfs_ssd_ctrl_cfg_small,measured_droop/orfs_ssd_ctrl_cfg_small_vdd.csv,1.1,False,VALIDATED
50,g_chan[1].u_cdc_chcmd.wbin[3]$_DFF_PN0_,clk_core,4.38,1.05,0.0005430566162716172,4.379456943383729,recovery,measured_vdd,orfs_ssd_ctrl_cfg_small,measured_droop/orfs_ssd_ctrl_cfg_small_vdd.csv,1.1,False,VALIDATED
55,g_chan[1].u_cdc_chcmd.wq1_rgray[4]$_DFF_PN0_,clk_core,4.38,1.05,0.0005430566162716172,4.379456943383729,recovery,measured_vdd,orfs_ssd_ctrl_cfg_small,measured_droop/orfs_ssd_ctrl_cfg_small_vdd.csv,1.1,False,VALIDATED
54,g_chan[1].u_cdc_chcmd.wq1_rgray[0]$_DFF_PN0_,clk_core,4.38,1.05,0.000541582274293205,4.379458417725707,recovery,measured_vdd,orfs_ssd_ctrl_cfg_small,measured_droop/orfs_ssd_ctrl_cfg_small_vdd.csv,1.1,False,VALIDATED
61,g_chan[1].u_cdc_chcmd.wq2_rgray[4]$_DFF_PN0_,clk_core,4.38,1.05,0.000541582274293205,4.379458417725707,recovery,measured_vdd,orfs_ssd_ctrl_cfg_small,measured_droop/orfs_ssd_ctrl_cfg_small_vdd.csv,1.1,False,VALIDATED
45,g_chan[1].u_cdc_chcmd.wq1_rgray[1]$_DFF_PN0_,clk_core,4.38,1.05,0.000541582274293205,4.379458417725707,recovery,measured_vdd,orfs_ssd_ctrl_cfg_small,measured_droop/orfs_ssd_ctrl_cfg_small_vdd.csv,1.1,False,VALIDATED
46,g_chan[1].u_cdc_chcmd.wq2_rgray[0]$_DFF_PN0_,clk_core,4.38,1.05,0.000541582274293205,4.379458417725707,recovery,measured_vdd,orfs_ssd_ctrl_cfg_small,measured_droop/orfs_ssd_ctrl_cfg_small_vdd.csv,1.1,False,VALIDATED
49,g_chan[1].u_cdc_chcmd.wq1_rgray[3]$_DFF_PN0_,clk_core,4.38,1.05,0.000541582274293205,4.379458417725707,recovery,measured_vdd,orfs_ssd_ctrl_cfg_small,measured_droop/orfs_ssd_ctrl_cfg_small_vdd.csv,1.1,False,VALIDATED
52,g_chan[1].u_cdc_chcmd.wgray[0]$_DFF_PN0_,clk_core,4.38,1.05,0.000541582274293205,4.379458417725707,recovery,measured_vdd,orfs_ssd_ctrl_cfg_small,measured_droop/orfs_ssd_ctrl_cfg_small_vdd.csv,1.1,False,VALIDATED
59,g_chan[1].u_cdc_chcmd.wgray[3]$_DFF_PN0_,clk_core,4.38,1.04,0.0005378846484975913,4.379462115351502,recovery,measured_vdd,orfs_ssd_ctrl_cfg_small,measured_droop/orfs_ssd_ctrl_cfg_small_vdd.csv,1.1,False,VALIDATED
60,g_chan[1].u_cdc_chcmd.wgray[2]$_DFF_PN0_,clk_core,4.38,1.04,0.0005378846484975913,4.379462115351502,recovery,measured_vdd,orfs_ssd_ctrl_cfg_small,measured_droop/orfs_ssd_ctrl_cfg_small_vdd.csv,1.1,False,VALIDATED
58,g_chan[1].u_cdc_chcmd.wq1_rgray[2]$_DFF_PN0_,clk_core,4.38,1.04,0.0005378846484975913,4.379462115351502,recovery,measured_vdd,orfs_ssd_ctrl_cfg_small,measured_droop/orfs_ssd_ctrl_cfg_small_vdd.csv,1.1,False,VALIDATED
62,g_chan[1].u_cdc_chcmd.wq2_rgray[2]$_DFF_PN0_,clk_core,4.38,1.04,0.0005378846484975913,4.379462115351502,recovery,measured_vdd,orfs_ssd_ctrl_cfg_small,measured_droop/orfs_ssd_ctrl_cfg_small_vdd.csv,1.1,False,VALIDATED
86,u_cdc_rbeat.wr_full$_DFF_PN0_,clk_core,4.41,1.02,0.0005699692505582998,4.409430030749442,recovery,measured_vdd,orfs_ssd_ctrl_cfg_small,measured_droop/orfs_ssd_ctrl_cfg_small_vdd.csv,1.1,False,VALIDATED
83,u_cdc_rbeat.wq1_rgray[4]$_DFF_PN0_,clk_core,4.41,1.02,0.0005582532222261419,4.409441746777774,recovery,measured_vdd,orfs_ssd_ctrl_cfg_small,measured_droop/orfs_ssd_ctrl_cfg_small_vdd.csv,1.1,False,VALIDATED
84,u_cdc_rbeat.wq2_rgray[4]$_DFF_PN0_,clk_core,4.41,1.02,0.0005582532222261419,4.409441746777774,recovery,measured_vdd,orfs_ssd_ctrl_cfg_small,measured_droop/orfs_ssd_ctrl_cfg_small_vdd.csv,1.1,False,VALIDATED
78,u_cdc_rbeat.wq2_rgray[2]$_DFF_PN0_,clk_core,4.41,1.02,0.000555078859241713,4.409444921140758,recovery,measured_vdd,orfs_ssd_ctrl_cfg_small,measured_droop/orfs_ssd_ctrl_cfg_small_vdd.csv,1.1,False,VALIDATED
77,u_cdc_rbeat.wq2_rgray[0]$_DFF_PN0_,clk_core,4.41,1.02,0.000555078859241713,4.409444921140758,recovery,measured_vdd,orfs_ssd_ctrl_cfg_small,measured_droop/orfs_ssd_ctrl_cfg_small_vdd.csv,1.1,False,VALIDATED
76,u_cdc_rbeat.wgray[1]$_DFF_PN0_,clk_core,4.41,1.02,0.000555078859241713,4.409444921140758,recovery,measured_vdd,orfs_ssd_ctrl_cfg_small,measured_droop/orfs_ssd_ctrl_cfg_small_vdd.csv,1.1,False,VALIDATED
79,u_cdc_rbeat.wq2_rgray[1]$_DFF_PN0_,clk_core,4.41,1.02,0.000555078859241713,4.409444921140758,recovery,measured_vdd,orfs_ssd_ctrl_cfg_small,measured_droop/orfs_ssd_ctrl_cfg_small_vdd.csv,1.1,False,VALIDATED
82,u_cdc_rbeat.wq1_rgray[1]$_DFF_PN0_,clk_core,4.41,1.02,0.000555078859241713,4.409444921140758,recovery,measured_vdd,orfs_ssd_ctrl_cfg_small,measured_droop/orfs_ssd_ctrl_cfg_small_vdd.csv,1.1,False,VALIDATED
81,u_cdc_rbeat.wbin[1]$_DFF_PN0_,clk_core,4.41,1.02,0.000555078859241713,4.409444921140758,recovery,measured_vdd,orfs_ssd_ctrl_cfg_small,measured_droop/orfs_ssd_ctrl_cfg_small_vdd.csv,1.1,False,VALIDATED
80,u_cdc_rbeat.wbin[0]$_DFF_PN0_,clk_core,4.41,1.02,0.000555078859241713,4.409444921140758,recovery,measured_vdd,orfs_ssd_ctrl_cfg_small,measured_droop/orfs_ssd_ctrl_cfg_small_vdd.csv,1.1,False,VALIDATED
70,u_cdc_rbeat.wbin[4]$_DFF_PN0_,clk_core,4.41,1.02,0.000555078859241713,4.409444921140758,recovery,measured_vdd,orfs_ssd_ctrl_cfg_small,measured_droop/orfs_ssd_ctrl_cfg_small_vdd.csv,1.1,False,VALIDATED
67,u_cdc_rbeat.wq1_rgray[0]$_DFF_PN0_,clk_core,4.41,1.02,0.000555078859241713,4.409444921140758,recovery,measured_vdd,orfs_ssd_ctrl_cfg_small,measured_droop/orfs_ssd_ctrl_cfg_small_vdd.csv,1.1,False,VALIDATED
68,u_cdc_rbeat.wq1_rgray[3]$_DFF_PN0_,clk_core,4.41,1.02,0.000555078859241713,4.409444921140758,recovery,measured_vdd,orfs_ssd_ctrl_cfg_small,measured_droop/orfs_ssd_ctrl_cfg_small_vdd.csv,1.1,False,VALIDATED
69,u_cdc_rbeat.wq2_rgray[3]$_DFF_PN0_,clk_core,4.41,1.02,0.000555078859241713,4.409444921140758,recovery,measured_vdd,orfs_ssd_ctrl_cfg_small,measured_droop/orfs_ssd_ctrl_cfg_small_vdd.csv,1.1,False,VALIDATED
85,u_cdc_rbeat.wq1_rgray[2]$_DFF_PN0_,clk_core,4.41,1.02,0.000555078859241713,4.409444921140758,recovery,measured_vdd,orfs_ssd_ctrl_cfg_small,measured_droop/orfs_ssd_ctrl_cfg_small_vdd.csv,1.1,False,VALIDATED
74,u_cdc_rbeat.wbin[2]$_DFF_PN0_,clk_core,4.41,1.02,0.000555078859241713,4.409444921140758,recovery,measured_vdd,orfs_ssd_ctrl_cfg_small,measured_droop/orfs_ssd_ctrl_cfg_small_vdd.csv,1.1,False,VALIDATED
73,u_cdc_rbeat.wbin[3]$_DFF_PN0_,clk_core,4.41,1.02,0.000555078859241713,4.409444921140758,recovery,measured_vdd,orfs_ssd_ctrl_cfg_small,measured_droop/orfs_ssd_ctrl_cfg_small_vdd.csv,1.1,False,VALIDATED
72,u_cdc_rbeat.wgray[2]$_DFF_PN0_,clk_core,4.41,1.02,0.000555078859241713,4.409444921140758,recovery,measured_vdd,orfs_ssd_ctrl_cfg_small,measured_droop/orfs_ssd_ctrl_cfg_small_vdd.csv,1.1,False,VALIDATED
71,u_cdc_rbeat.wgray[3]$_DFF_PN0_,clk_core,4.41,1.02,0.000555078859241713,4.409444921140758,recovery,measured_vdd,orfs_ssd_ctrl_cfg_small,measured_droop/orfs_ssd_ctrl_cfg_small_vdd.csv,1.1,False,VALIDATED
75,u_cdc_rbeat.wgray[0]$_DFF_PN0_,clk_core,4.41,1.02,0.000555078859241713,4.409444921140758,recovery,measured_vdd,orfs_ssd_ctrl_cfg_small,measured_droop/orfs_ssd_ctrl_cfg_small_vdd.csv,1.1,False,VALIDATED
66,u_dma_fabric.rbeat_data[28]$_DFFE_PN0P_,clk_core,4.41,1.02,0.0005267794294900943,4.40947322057051,recovery,measured_vdd,orfs_ssd_ctrl_cfg_small,measured_droop/orfs_ssd_ctrl_cfg_small_vdd.csv,1.1,False,VALIDATED
65,u_dma_fabric.rbeat_data[30]$_DFFE_PN0P_,clk_core,4.41,1.02,0.0005237604485738914,4.409476239551426,recovery,measured_vdd,orfs_ssd_ctrl_cfg_small,measured_droop/orfs_ssd_ctrl_cfg_small_vdd.csv,1.1,False,VALIDATED
64,u_dma_fabric.rbeat_data[29]$_DFFE_PN0P_,clk_core,4.41,1.02,0.0005237604485738914,4.409476239551426,recovery,measured_vdd,orfs_ssd_ctrl_cfg_small,measured_droop/orfs_ssd_ctrl_cfg_small_vdd.csv,1.1,False,VALIDATED
63,u_dma_fabric.rbeat_data[23]$_DFFE_PN0P_,clk_core,4.41,1.02,0.0005237604485738914,4.409476239551426,recovery,measured_vdd,orfs_ssd_ctrl_cfg_small,measured_droop/orfs_ssd_ctrl_cfg_small_vdd.csv,1.1,False,VALIDATED
87,u_dma_fabric.rbeat_data[1]$_DFFE_PN0P_,clk_core,4.41,1.02,0.0005173287122504644,4.4094826712877495,recovery,measured_vdd,orfs_ssd_ctrl_cfg_small,measured_droop/orfs_ssd_ctrl_cfg_small_vdd.csv,1.1,False,VALIDATED
88,u_dma_fabric.rbeat_data[26]$_DFFE_PN0P_,clk_core,4.41,1.02,0.0005173287122504644,4.4094826712877495,recovery,measured_vdd,orfs_ssd_ctrl_cfg_small,measured_droop/orfs_ssd_ctrl_cfg_small_vdd.csv,1.1,False,VALIDATED
89,u_dma_fabric.rbeat_data[2]$_DFFE_PN0P_,clk_core,4.41,1.02,0.0005173287122504644,4.4094826712877495,recovery,measured_vdd,orfs_ssd_ctrl_cfg_small,measured_droop/orfs_ssd_ctrl_cfg_small_vdd.csv,1.1,False,VALIDATED
90,u_dma_fabric.rbeat_data[3]$_DFFE_PN0P_,clk_core,4.41,1.02,0.0005173287122504644,4.4094826712877495,recovery,measured_vdd,orfs_ssd_ctrl_cfg_small,measured_droop/orfs_ssd_ctrl_cfg_small_vdd.csv,1.1,False,VALIDATED
91,u_dma_fabric.rbeat_data[0]$_DFFE_PN0P_,clk_core,4.41,1.02,0.0005173287122504644,4.4094826712877495,recovery,measured_vdd,orfs_ssd_ctrl_cfg_small,measured_droop/orfs_ssd_ctrl_cfg_small_vdd.csv,1.1,False,VALIDATED
92,u_seq_core.beats_left[28]$_DFFE_PN0P_,clk_core,4.49,0.94,0.0005428527521823961,4.489457147247818,recovery,measured_vdd,orfs_ssd_ctrl_cfg_small,measured_droop/orfs_ssd_ctrl_cfg_small_vdd.csv,1.1,False,VALIDATED
93,u_seq_core.beats_left[22]$_DFFE_PN0P_,clk_core,4.49,0.94,0.0005260599445537362,4.489473940055446,recovery,measured_vdd,orfs_ssd_ctrl_cfg_small,measured_droop/orfs_ssd_ctrl_cfg_small_vdd.csv,1.1,False,VALIDATED
95,u_seq_core.beats_left[25]$_DFFE_PN0P_,clk_core,4.49,0.94,0.0005260599445537362,4.489473940055446,recovery,measured_vdd,orfs_ssd_ctrl_cfg_small,measured_droop/orfs_ssd_ctrl_cfg_small_vdd.csv,1.1,False,VALIDATED
94,u_seq_core.beats_left[21]$_DFFE_PN0P_,clk_core,4.49,0.94,0.0005260599445537362,4.489473940055446,recovery,measured_vdd,orfs_ssd_ctrl_cfg_small,measured_droop/orfs_ssd_ctrl_cfg_small_vdd.csv,1.1,False,VALIDATED
97,u_seq_core.beats_left[27]$_DFFE_PN0P_,clk_core,4.49,0.94,0.0005260599445537362,4.489473940055446,recovery,measured_vdd,orfs_ssd_ctrl_cfg_small,measured_droop/orfs_ssd_ctrl_cfg_small_vdd.csv,1.1,False,VALIDATED
99,u_seq_core.beats_left[29]$_DFFE_PN0P_,clk_core,4.49,0.94,0.0005260599445537362,4.489473940055446,recovery,measured_vdd,orfs_ssd_ctrl_cfg_small,measured_droop/orfs_ssd_ctrl_cfg_small_vdd.csv,1.1,False,VALIDATED
96,u_seq_core.beats_left[26]$_DFFE_PN0P_,clk_core,4.49,0.94,0.0005260599445537362,4.489473940055446,recovery,measured_vdd,orfs_ssd_ctrl_cfg_small,measured_droop/orfs_ssd_ctrl_cfg_small_vdd.csv,1.1,False,VALIDATED
98,u_seq_core.beats_left[30]$_DFFE_PN0P_,clk_core,4.49,0.94,0.0005240944646986573,4.4894759055353015,recovery,measured_vdd,orfs_ssd_ctrl_cfg_small,measured_droop/orfs_ssd_ctrl_cfg_small_vdd.csv,1.1,False,VALIDATED
141,c_cmd_valid$_DFF_PN0_,clk_core,4.5,0.94,0.0006116237824744658,4.499388376217525,recovery,measured_vdd,orfs_ssd_ctrl_cfg_small,measured_droop/orfs_ssd_ctrl_cfg_small_vdd.csv,1.1,False,VALIDATED
140,c_cmd_addr[24]$_DFFE_PN0N_,clk_core,4.5,0.94,0.0005970527529583422,4.499402947247042,recovery,measured_vdd,orfs_ssd_ctrl_cfg_small,measured_droop/orfs_ssd_ctrl_cfg_small_vdd.csv,1.1,False,VALIDATED
139,c_cmd_addr[25]$_DFFE_PN0N_,clk_core,4.5,0.94,0.0005970527529583422,4.499402947247042,recovery,measured_vdd,orfs_ssd_ctrl_cfg_small,measured_droop/orfs_ssd_ctrl_cfg_small_vdd.csv,1.1,False,VALIDATED
125,u_cdc_cmd.rbin[1]$_DFF_PN0_,clk_core,4.5,0.94,0.0005762729711987283,4.499423727028801,recovery,measured_vdd,orfs_ssd_ctrl_cfg_small,measured_droop/orfs_ssd_ctrl_cfg_small_vdd.csv,1.1,False,VALIDATED
123,u_cdc_cmd.rq2_wgray[3]$_DFF_PN0_,clk_core,4.5,0.94,0.0005762729711987283,4.499423727028801,recovery,measured_vdd,orfs_ssd_ctrl_cfg_small,measured_droop/orfs_ssd_ctrl_cfg_small_vdd.csv,1.1,False,VALIDATED
124,u_cdc_cmd.rbin[3]$_DFF_PN0_,clk_core,4.5,0.94,0.0005762729711987283,4.499423727028801,recovery,measured_vdd,orfs_ssd_ctrl_cfg_small,measured_droop/orfs_ssd_ctrl_cfg_small_vdd.csv,1.1,False,VALIDATED
111,u_cdc_cmd.rq2_wgray[2]$_DFF_PN0_,clk_core,4.5,0.94,0.0005762729711987283,4.499423727028801,recovery,measured_vdd,orfs_ssd_ctrl_cfg_small,measured_droop/orfs_ssd_ctrl_cfg_small_vdd.csv,1.1,False,VALIDATED
108,u_cdc_cmd.rq1_wgray[3]$_DFF_PN0_,clk_core,4.5,0.94,0.0005762729711987283,4.499423727028801,recovery,measured_vdd,orfs_ssd_ctrl_cfg_small,measured_droop/orfs_ssd_ctrl_cfg_small_vdd.csv,1.1,False,VALIDATED
109,u_cdc_cmd.rq1_wgray[2]$_DFF_PN0_,clk_core,4.5,0.94,0.0005762729711987283,4.499423727028801,recovery,measured_vdd,orfs_ssd_ctrl_cfg_small,measured_droop/orfs_ssd_ctrl_cfg_small_vdd.csv,1.1,False,VALIDATED
105,u_cdc_cmd.rq2_wgray[4]$_DFF_PN0_,clk_core,4.5,0.94,0.0005762729711987283,4.499423727028801,recovery,measured_vdd,orfs_ssd_ctrl_cfg_small,measured_droop/orfs_ssd_ctrl_cfg_small_vdd.csv,1.1,False,VALIDATED
128,u_cdc_cmd.rgray[2]$_DFF_PN0_,clk_core,4.5,0.94,0.0005762729711987283,4.499423727028801,recovery,measured_vdd,orfs_ssd_ctrl_cfg_small,measured_droop/orfs_ssd_ctrl_cfg_small_vdd.csv,1.1,False,VALIDATED
104,u_cdc_cmd.rbin[4]$_DFF_PN0_,clk_core,4.5,0.94,0.0005762729711987283,4.499423727028801,recovery,measured_vdd,orfs_ssd_ctrl_cfg_small,measured_droop/orfs_ssd_ctrl_cfg_small_vdd.csv,1.1,False,VALIDATED
106,u_cdc_cmd.rq1_wgray[4]$_DFF_PN0_,clk_core,4.5,0.94,0.0005762729711987283,4.499423727028801,recovery,measured_vdd,orfs_ssd_ctrl_cfg_small,measured_droop/orfs_ssd_ctrl_cfg_small_vdd.csv,1.1,False,VALIDATED
130,u_cdc_cmd.rgray[3]$_DFF_PN0_,clk_core,4.5,0.94,0.0005762729711987283,4.499423727028801,recovery,measured_vdd,orfs_ssd_ctrl_cfg_small,measured_droop/orfs_ssd_ctrl_cfg_small_vdd.csv,1.1,False,VALIDATED
110,c_cmd_len[3]$_DFFE_PN0N_,clk_core,4.5,0.94,0.0005270015482739254,4.499472998451726,recovery,measured_vdd,orfs_ssd_ctrl_cfg_small,measured_droop/orfs_ssd_ctrl_cfg_small_vdd.csv,1.1,False,VALIDATED
107,c_cmd_len[0]$_DFFE_PN0N_,clk_core,4.5,0.94,0.0005270015482739254,4.499472998451726,recovery,measured_vdd,orfs_ssd_ctrl_cfg_small,measured_droop/orfs_ssd_ctrl_cfg_small_vdd.csv,1.1,False,VALIDATED
132,c_cmd_len[1]$_DFFE_PN0N_,clk_core,4.5,0.94,0.0005270015482739254,4.499472998451726,recovery,measured_vdd,orfs_ssd_ctrl_cfg_small,measured_droop/orfs_ssd_ctrl_cfg_small_vdd.csv,1.1,False,VALIDATED
101,c_cmd_len[10]$_DFFE_PN0N_,clk_core,4.5,0.94,0.0005142651902280485,4.499485734809772,recovery,measured_vdd,orfs_ssd_ctrl_cfg_small,measured_droop/orfs_ssd_ctrl_cfg_small_vdd.csv,1.1,False,VALIDATED
102,c_cmd_len[7]$_DFFE_PN0N_,clk_core,4.5,0.94,0.0005139875597217139,4.499486012440278,recovery,measured_vdd,orfs_ssd_ctrl_cfg_small,measured_droop/orfs_ssd_ctrl_cfg_small_vdd.csv,1.1,False,VALIDATED
100,c_cmd_len[2]$_DFFE_PN0N_,clk_core,4.5,0.94,0.0005139875597217139,4.499486012440278,recovery,measured_vdd,orfs_ssd_ctrl_cfg_small,measured_droop/orfs_ssd_ctrl_cfg_small_vdd.csv,1.1,False,VALIDATED
116,c_cmd_len[6]$_DFFE_PN0N_,clk_core,4.5,0.94,0.0005139875597217139,4.499486012440278,recovery,measured_vdd,orfs_ssd_ctrl_cfg_small,measured_droop/orfs_ssd_ctrl_cfg_small_vdd.csv,1.1,False,VALIDATED
103,c_cmd_len[4]$_DFFE_PN0N_,clk_core,4.5,0.94,0.0005139875597217139,4.499486012440278,recovery,measured_vdd,orfs_ssd_ctrl_cfg_small,measured_droop/orfs_ssd_ctrl_cfg_small_vdd.csv,1.1,False,VALIDATED
135,c_cmd_len[5]$_DFFE_PN0N_,clk_core,4.5,0.94,0.0005108942783626641,4.499489105721637,recovery,measured_vdd,orfs_ssd_ctrl_cfg_small,measured_droop/orfs_ssd_ctrl_cfg_small_vdd.csv,1.1,False,VALIDATED
133,c_cmd_addr[23]$_DFFE_PN0N_,clk_core,4.5,0.94,0.0005108942783626641,4.499489105721637,recovery,measured_vdd,orfs_ssd_ctrl_cfg_small,measured_droop/orfs_ssd_ctrl_cfg_small_vdd.csv,1.1,False,VALIDATED
136,c_cmd_len[9]$_DFFE_PN0N_,clk_core,4.5,0.94,0.0005108942783626641,4.499489105721637,recovery,measured_vdd,orfs_ssd_ctrl_cfg_small,measured_droop/orfs_ssd_ctrl_cfg_small_vdd.csv,1.1,False,VALIDATED
134,c_cmd_len[8]$_DFFE_PN0N_,clk_core,4.5,0.94,0.0005108942783626641,4.499489105721637,recovery,measured_vdd,orfs_ssd_ctrl_cfg_small,measured_droop/orfs_ssd_ctrl_cfg_small_vdd.csv,1.1,False,VALIDATED
117,g_chan[1].u_cdc_chw.wbin[2]$_DFF_PN0_,clk_core,4.5,0.94,0.0004866527472898313,4.4995133472527105,recovery,measured_vdd,orfs_ssd_ctrl_cfg_small,measured_droop/orfs_ssd_ctrl_cfg_small_vdd.csv,1.1,False,VALIDATED
114,g_chan[1].u_cdc_chw.wbin[1]$_DFF_PN0_,clk_core,4.5,0.94,0.0004853924566958698,4.499514607543304,recovery,measured_vdd,orfs_ssd_ctrl_cfg_small,measured_droop/orfs_ssd_ctrl_cfg_small_vdd.csv,1.1,False,VALIDATED
113,g_chan[1].u_cdc_chw.wbin[3]$_DFF_PN0_,clk_core,4.5,0.94,0.0004853924566958698,4.499514607543304,recovery,measured_vdd,orfs_ssd_ctrl_cfg_small,measured_droop/orfs_ssd_ctrl_cfg_small_vdd.csv,1.1,False,VALIDATED
122,g_chan[1].u_cdc_chw.wgray[0]$_DFF_PN0_,clk_core,4.5,0.94,0.0004853924566958698,4.499514607543304,recovery,measured_vdd,orfs_ssd_ctrl_cfg_small,measured_droop/orfs_ssd_ctrl_cfg_small_vdd.csv,1.1,False,VALIDATED
120,g_chan[1].u_cdc_chw.wgray[1]$_DFF_PN0_,clk_core,4.5,0.94,0.0004853924566958698,4.499514607543304,recovery,measured_vdd,orfs_ssd_ctrl_cfg_small,measured_droop/orfs_ssd_ctrl_cfg_small_vdd.csv,1.1,False,VALIDATED
115,g_chan[1].u_cdc_chw.wbin[0]$_DFF_PN0_,clk_core,4.5,0.94,0.0004853924566958698,4.499514607543304,recovery,measured_vdd,orfs_ssd_ctrl_cfg_small,measured_droop/orfs_ssd_ctrl_cfg_small_vdd.csv,1.1,False,VALIDATED
119,g_chan[1].u_cdc_chw.wq1_rgray[1]$_DFF_PN0_,clk_core,4.5,0.94,0.0004853924566958698,4.499514607543304,recovery,measured_vdd,orfs_ssd_ctrl_cfg_small,measured_droop/orfs_ssd_ctrl_cfg_small_vdd.csv,1.1,False,VALIDATED
121,g_chan[1].u_cdc_chw.wq2_rgray[1]$_DFF_PN0_,clk_core,4.5,0.94,0.0004843666477069575,4.499515633352293,recovery,measured_vdd,orfs_ssd_ctrl_cfg_small,measured_droop/orfs_ssd_ctrl_cfg_small_vdd.csv,1.1,False,VALIDATED
131,g_chan[1].u_cdc_chw.wq1_rgray[2]$_DFF_PN0_,clk_core,4.5,0.93,0.00048196857546327354,4.499518031424537,recovery,measured_vdd,orfs_ssd_ctrl_cfg_small,measured_droop/orfs_ssd_ctrl_cfg_small_vdd.csv,1.1,False,VALIDATED
118,g_chan[1].u_cdc_chw.wgray[2]$_DFF_PN0_,clk_core,4.5,0.93,0.0004808376857760033,4.499519162314224,recovery,measured_vdd,orfs_ssd_ctrl_cfg_small,measured_droop/orfs_ssd_ctrl_cfg_small_vdd.csv,1.1,False,VALIDATED
126,g_chan[1].u_cdc_chw.wq2_rgray[2]$_DFF_PN0_,clk_core,4.5,0.93,0.0004808376857760033,4.499519162314224,recovery,measured_vdd,orfs_ssd_ctrl_cfg_small,measured_droop/orfs_ssd_ctrl_cfg_small_vdd.csv,1.1,False,VALIDATED
112,g_chan[1].u_cdc_chw.wgray[3]$_DFF_PN0_,clk_core,4.5,0.93,0.0004808376857760033,4.499519162314224,recovery,measured_vdd,orfs_ssd_ctrl_cfg_small,measured_droop/orfs_ssd_ctrl_cfg_small_vdd.csv,1.1,False,VALIDATED
129,g_chan[1].u_cdc_chw.wq1_rgray[3]$_DFF_PN0_,clk_core,4.5,0.93,0.0004808376857760033,4.499519162314224,recovery,measured_vdd,orfs_ssd_ctrl_cfg_small,measured_droop/orfs_ssd_ctrl_cfg_small_vdd.csv,1.1,False,VALIDATED
127,g_chan[1].u_cdc_chw.wbin[4]$_DFF_PN0_,clk_core,4.5,0.93,0.0004802287071564715,4.499519771292843,recovery,measured_vdd,orfs_ssd_ctrl_cfg_small,measured_droop/orfs_ssd_ctrl_cfg_small_vdd.csv,1.1,False,VALIDATED
138,g_chan[1].u_cdc_chw.wq2_rgray[3]$_DFF_PN0_,clk_core,4.5,0.93,0.0004792138110291527,4.499520786188971,recovery,measured_vdd,orfs_ssd_ctrl_cfg_small,measured_droop/orfs_ssd_ctrl_cfg_small_vdd.csv,1.1,False,VALIDATED
137,g_chan[1].u_cdc_chw.wq2_rgray[0]$_DFF_PN0_,clk_core,4.5,0.93,0.0004792138110291527,4.499520786188971,recovery,measured_vdd,orfs_ssd_ctrl_cfg_small,measured_droop/orfs_ssd_ctrl_cfg_small_vdd.csv,1.1,False,VALIDATED
151,u_cdc_cmd.rd_empty$_DFF_PN1_,clk_core,4.51,0.94,0.0006116237824744658,4.509388376217525,recovery,measured_vdd,orfs_ssd_ctrl_cfg_small,measured_droop/orfs_ssd_ctrl_cfg_small_vdd.csv,1.1,False,VALIDATED
144,u_cdc_cmd.rgray[0]$_DFF_PN0_,clk_core,4.51,0.94,0.0005970527529583422,4.509402947247041,recovery,measured_vdd,orfs_ssd_ctrl_cfg_small,measured_droop/orfs_ssd_ctrl_cfg_small_vdd.csv,1.1,False,VALIDATED
142,u_cdc_cmd.rbin[0]$_DFF_PN0_,clk_core,4.51,0.94,0.0005970527529583422,4.509402947247041,recovery,measured_vdd,orfs_ssd_ctrl_cfg_small,measured_droop/orfs_ssd_ctrl_cfg_small_vdd.csv,1.1,False,VALIDATED
147,u_cdc_cmd.rq2_wgray[1]$_DFF_PN0_,clk_core,4.51,0.94,0.0005702386203211007,4.509429761379678,recovery,measured_vdd,orfs_ssd_ctrl_cfg_small,measured_droop/orfs_ssd_ctrl_cfg_small_vdd.csv,1.1,False,VALIDATED
150,u_cdc_cmd.rbin[2]$_DFF_PN0_,clk_core,4.51,0.94,0.0005702386203211007,4.509429761379678,recovery,measured_vdd,orfs_ssd_ctrl_cfg_small,measured_droop/orfs_ssd_ctrl_cfg_small_vdd.csv,1.1,False,VALIDATED
148,u_cdc_cmd.rq2_wgray[0]$_DFF_PN0_,clk_core,4.51,0.94,0.0005702386203211007,4.509429761379678,recovery,measured_vdd,orfs_ssd_ctrl_cfg_small,measured_droop/orfs_ssd_ctrl_cfg_small_vdd.csv,1.1,False,VALIDATED
146,u_cdc_cmd.rq1_wgray[1]$_DFF_PN0_,clk_core,4.51,0.94,0.0005702386203211007,4.509429761379678,recovery,measured_vdd,orfs_ssd_ctrl_cfg_small,measured_droop/orfs_ssd_ctrl_cfg_small_vdd.csv,1.1,False,VALIDATED
145,u_cdc_cmd.rq1_wgray[0]$_DFF_PN0_,clk_core,4.51,0.94,0.0005702386203211007,4.509429761379678,recovery,measured_vdd,orfs_ssd_ctrl_cfg_small,measured_droop/orfs_ssd_ctrl_cfg_small_vdd.csv,1.1,False,VALIDATED
152,u_cdc_cmd.rgray[1]$_DFF_PN0_,clk_core,4.51,0.93,0.0005641722520198025,4.50943582774798,recovery,measured_vdd,orfs_ssd_ctrl_cfg_small,measured_droop/orfs_ssd_ctrl_cfg_small_vdd.csv,1.1,False,VALIDATED
149,u_seq_core.op_q[0]$_DFFE_PN0P_,clk_core,4.51,0.93,0.0005063092427647214,4.509493690757235,recovery,measured_vdd,orfs_ssd_ctrl_cfg_small,measured_droop/orfs_ssd_ctrl_cfg_small_vdd.csv,1.1,False,VALIDATED
153,u_dma_fabric.rbeat_valid$_DFFE_PN0P_,clk_core,4.51,0.92,0.0005047808910563847,4.509495219108944,recovery,measured_vdd,orfs_ssd_ctrl_cfg_small,measured_droop/orfs_ssd_ctrl_cfg_small_vdd.csv,1.1,False,VALIDATED
154,g_chan[1].u_cdc_chr.rbin[1]$_DFF_PN0_,clk_core,4.51,0.92,0.0005019604004362632,4.509498039599563,recovery,measured_vdd,orfs_ssd_ctrl_cfg_small,measured_droop/orfs_ssd_ctrl_cfg_small_vdd.csv,1.1,False,VALIDATED
143,g_chan[1].u_cdc_chr.rd_empty$_DFF_PN1_,clk_core,4.51,0.92,0.0005019604004362632,4.509498039599563,recovery,measured_vdd,orfs_ssd_ctrl_cfg_small,measured_droop/orfs_ssd_ctrl_cfg_small_vdd.csv,1.1,False,VALIDATED
156,g_chan[1].u_cdc_chr.rq2_wgray[0]$_DFF_PN0_,clk_core,4.51,0.92,0.0005019604004362632,4.509498039599563,recovery,measured_vdd,orfs_ssd_ctrl_cfg_small,measured_droop/orfs_ssd_ctrl_cfg_small_vdd.csv,1.1,False,VALIDATED
155,g_chan[1].u_cdc_chr.rbin[3]$_DFF_PN0_,clk_core,4.51,0.92,0.0005019604004362632,4.509498039599563,recovery,measured_vdd,orfs_ssd_ctrl_cfg_small,measured_droop/orfs_ssd_ctrl_cfg_small_vdd.csv,1.1,False,VALIDATED
157,g_chan[1].u_cdc_chr.rq1_wgray[4]$_DFF_PN0_,clk_core,4.51,0.92,0.0004984026494943491,4.509501597350505,recovery,measured_vdd,orfs_ssd_ctrl_cfg_small,measured_droop/orfs_ssd_ctrl_cfg_small_vdd.csv,1.1,False,VALIDATED
167,g_chan[1].u_cdc_chr.rq1_wgray[2]$_DFF_PN0_,clk_core,4.52,0.92,0.0005019604004362632,4.519498039599563,recovery,measured_vdd,orfs_ssd_ctrl_cfg_small,measured_droop/orfs_ssd_ctrl_cfg_small_vdd.csv,1.1,False,VALIDATED
166,g_chan[1].u_cdc_chr.rq2_wgray[3]$_DFF_PN0_,clk_core,4.52,0.92,0.0005019604004362632,4.519498039599563,recovery,measured_vdd,orfs_ssd_ctrl_cfg_small,measured_droop/orfs_ssd_ctrl_cfg_small_vdd.csv,1.1,False,VALIDATED
162,g_chan[1].u_cdc_chr.rbin[4]$_DFF_PN0_,clk_core,4.52,0.92,0.0005019604004362632,4.519498039599563,recovery,measured_vdd,orfs_ssd_ctrl_cfg_small,measured_droop/orfs_ssd_ctrl_cfg_small_vdd.csv,1.1,False,VALIDATED
163,g_chan[1].u_cdc_chr.rgray[2]$_DFF_PN0_,clk_core,4.52,0.92,0.0005019604004362632,4.519498039599563,recovery,measured_vdd,orfs_ssd_ctrl_cfg_small,measured_droop/orfs_ssd_ctrl_cfg_small_vdd.csv,1.1,False,VALIDATED
161,g_chan[1].u_cdc_chr.rbin[2]$_DFF_PN0_,clk_core,4.52,0.92,0.0005019604004362632,4.519498039599563,recovery,measured_vdd,orfs_ssd_ctrl_cfg_small,measured_droop/orfs_ssd_ctrl_cfg_small_vdd.csv,1.1,False,VALIDATED
158,g_chan[1].u_cdc_chr.rbin[0]$_DFF_PN0_,clk_core,4.52,0.92,0.0005019604004362632,4.519498039599563,recovery,measured_vdd,orfs_ssd_ctrl_cfg_small,measured_droop/orfs_ssd_ctrl_cfg_small_vdd.csv,1.1,False,VALIDATED
169,g_chan[1].u_cdc_chr.rq2_wgray[2]$_DFF_PN0_,clk_core,4.52,0.92,0.0005019604004362632,4.519498039599563,recovery,measured_vdd,orfs_ssd_ctrl_cfg_small,measured_droop/orfs_ssd_ctrl_cfg_small_vdd.csv,1.1,False,VALIDATED
168,g_chan[1].u_cdc_chr.rgray[3]$_DFF_PN0_,clk_core,4.52,0.92,0.0005019604004362632,4.519498039599563,recovery,measured_vdd,orfs_ssd_ctrl_cfg_small,measured_droop/orfs_ssd_ctrl_cfg_small_vdd.csv,1.1,False,VALIDATED
164,g_chan[1].u_cdc_chr.rq2_wgray[4]$_DFF_PN0_,clk_core,4.52,0.92,0.0005019604004362632,4.519498039599563,recovery,measured_vdd,orfs_ssd_ctrl_cfg_small,measured_droop/orfs_ssd_ctrl_cfg_small_vdd.csv,1.1,False,VALIDATED
160,g_chan[1].u_cdc_chr.rq1_wgray[0]$_DFF_PN0_,clk_core,4.52,0.92,0.0004984026494943491,4.519501597350505,recovery,measured_vdd,orfs_ssd_ctrl_cfg_small,measured_droop/orfs_ssd_ctrl_cfg_small_vdd.csv,1.1,False,VALIDATED
159,g_chan[1].u_cdc_chr.rgray[0]$_DFF_PN0_,clk_core,4.52,0.92,0.0004984026494943491,4.519501597350505,recovery,measured_vdd,orfs_ssd_ctrl_cfg_small,measured_droop/orfs_ssd_ctrl_cfg_small_vdd.csv,1.1,False,VALIDATED
170,g_chan[1].u_cdc_chr.rq1_wgray[3]$_DFF_PN0_,clk_core,4.52,0.91,0.0004929852293910839,4.519507014770609,recovery,measured_vdd,orfs_ssd_ctrl_cfg_small,measured_droop/orfs_ssd_ctrl_cfg_small_vdd.csv,1.1,False,VALIDATED
171,g_chan[1].u_cdc_chr.rq2_wgray[1]$_DFF_PN0_,clk_core,4.52,0.91,0.0004929852293910839,4.519507014770609,recovery,measured_vdd,orfs_ssd_ctrl_cfg_small,measured_droop/orfs_ssd_ctrl_cfg_small_vdd.csv,1.1,False,VALIDATED
173,g_chan[1].u_cdc_chr.rgray[1]$_DFF_PN0_,clk_core,4.52,0.91,0.0004929852293910839,4.519507014770609,recovery,measured_vdd,orfs_ssd_ctrl_cfg_small,measured_droop/orfs_ssd_ctrl_cfg_small_vdd.csv,1.1,False,VALIDATED
172,g_chan[1].u_cdc_chr.rq1_wgray[1]$_DFF_PN0_,clk_core,4.52,0.91,0.0004929852293910839,4.519507014770609,recovery,measured_vdd,orfs_ssd_ctrl_cfg_small,measured_droop/orfs_ssd_ctrl_cfg_small_vdd.csv,1.1,False,VALIDATED
165,u_dma_fabric.rr_ptr$_DFFE_PN0P_,clk_core,4.52,0.92,0.00047361949448000706,4.5195263805055195,recovery,measured_vdd,orfs_ssd_ctrl_cfg_small,measured_droop/orfs_ssd_ctrl_cfg_small_vdd.csv,1.1,False,VALIDATED
178,u_seq_core.addr_q[9]$_DFFE_PN0P_,clk_core,4.55,0.88,0.00047406023815641657,4.5495259397618435,recovery,measured_vdd,orfs_ssd_ctrl_cfg_small,measured_droop/orfs_ssd_ctrl_cfg_small_vdd.csv,1.1,False,VALIDATED
177,u_seq_core.addr_q[8]$_DFFE_PN0P_,clk_core,4.55,0.88,0.00047406023815641657,4.5495259397618435,recovery,measured_vdd,orfs_ssd_ctrl_cfg_small,measured_droop/orfs_ssd_ctrl_cfg_small_vdd.csv,1.1,False,VALIDATED
176,u_seq_core.addr_q[6]$_DFFE_PN0P_,clk_core,4.55,0.88,0.00047406023815641657,4.5495259397618435,recovery,measured_vdd,orfs_ssd_ctrl_cfg_small,measured_droop/orfs_ssd_ctrl_cfg_small_vdd.csv,1.1,False,VALIDATED
179,u_seq_core.addr_q[31]$_DFFE_PN0P_,clk_core,4.55,0.88,0.00047406023815641657,4.5495259397618435,recovery,measured_vdd,orfs_ssd_ctrl_cfg_small,measured_droop/orfs_ssd_ctrl_cfg_small_vdd.csv,1.1,False,VALIDATED
174,u_seq_core.addr_q[26]$_DFFE_PN0P_,clk_core,4.55,0.88,0.00047134347960345324,4.549528656520397,recovery,measured_vdd,orfs_ssd_ctrl_cfg_small,measured_droop/orfs_ssd_ctrl_cfg_small_vdd.csv,1.1,False,VALIDATED
175,u_seq_core.addr_q[7]$_DFFE_PN0P_,clk_core,4.55,0.88,0.00047134347960345324,4.549528656520397,recovery,measured_vdd,orfs_ssd_ctrl_cfg_small,measured_droop/orfs_ssd_ctrl_cfg_small_vdd.csv,1.1,False,VALIDATED
181,u_seq_core.addr_q[2]$_DFFE_PN0P_,clk_core,4.56,0.88,0.00047406023815641657,4.559525939761843,recovery,measured_vdd,orfs_ssd_ctrl_cfg_small,measured_droop/orfs_ssd_ctrl_cfg_small_vdd.csv,1.1,False,VALIDATED
180,u_seq_core.addr_q[20]$_DFFE_PN0P_,clk_core,4.56,0.88,0.00047406023815641657,4.559525939761843,recovery,measured_vdd,orfs_ssd_ctrl_cfg_small,measured_droop/orfs_ssd_ctrl_cfg_small_vdd.csv,1.1,False,VALIDATED
182,u_seq_core.addr_q[21]$_DFFE_PN0P_,clk_core,4.56,0.88,0.00047128852685905664,4.55952871147314,recovery,measured_vdd,orfs_ssd_ctrl_cfg_small,measured_droop/orfs_ssd_ctrl_cfg_small_vdd.csv,1.1,False,VALIDATED
186,c_cmd_addr[8]$_DFFE_PN0N_,clk_core,4.57,0.88,0.0004732683022346182,4.569526731697765,recovery,measured_vdd,orfs_ssd_ctrl_cfg_small,measured_droop/orfs_ssd_ctrl_cfg_small_vdd.csv,1.1,False,VALIDATED
184,c_cmd_addr[6]$_DFFE_PN0N_,clk_core,4.57,0.88,0.0004715145676490659,4.569528485432351,recovery,measured_vdd,orfs_ssd_ctrl_cfg_small,measured_droop/orfs_ssd_ctrl_cfg_small_vdd.csv,1.1,False,VALIDATED
185,c_cmd_addr[9]$_DFFE_PN0N_,clk_core,4.57,0.88,0.0004715145676490659,4.569528485432351,recovery,measured_vdd,orfs_ssd_ctrl_cfg_small,measured_droop/orfs_ssd_ctrl_cfg_small_vdd.csv,1.1,False,VALIDATED
183,c_cmd_addr[7]$_DFFE_PN0N_,clk_core,4.57,0.88,0.0004715145676490659,4.569528485432351,recovery,measured_vdd,orfs_ssd_ctrl_cfg_small,measured_droop/orfs_ssd_ctrl_cfg_small_vdd.csv,1.1,False,VALIDATED
205,u_seq_core.ecc_en_q$_DFFE_PN0P_,clk_core,4.59,0.84,0.0004922202935880512,4.589507779706412,recovery,measured_vdd,orfs_ssd_ctrl_cfg_small,measured_droop/orfs_ssd_ctrl_cfg_small_vdd.csv,1.1,False,VALIDATED
207,u_seq_core.ch_cmd_valid$_DFF_PN0_,clk_core,4.59,0.84,0.0004919056296360941,4.5895080943703634,recovery,measured_vdd,orfs_ssd_ctrl_cfg_small,measured_droop/orfs_ssd_ctrl_cfg_small_vdd.csv,1.1,False,VALIDATED
188,u_seq_core.done$_DFFE_PN0P_,clk_core,4.59,0.84,0.0004915909656841369,4.589508409034316,recovery,measured_vdd,orfs_ssd_ctrl_cfg_small,measured_droop/orfs_ssd_ctrl_cfg_small_vdd.csv,1.1,False,VALIDATED
203,u_ecc_engine.vpipe[1]$_DFF_PN0_,clk_core,4.59,0.84,0.0004814434542202914,4.589518556545779,recovery,measured_vdd,orfs_ssd_ctrl_cfg_small,measured_droop/orfs_ssd_ctrl_cfg_small_vdd.csv,1.1,False,VALIDATED
204,u_ecc_engine.vpipe[0]$_DFF_PN0_,clk_core,4.59,0.84,0.0004814434542202914,4.589518556545779,recovery,measured_vdd,orfs_ssd_ctrl_cfg_small,measured_droop/orfs_ssd_ctrl_cfg_small_vdd.csv,1.1,False,VALIDATED
206,u_ecc_engine.vpipe[2]$_DFF_PN0_,clk_core,4.59,0.84,0.0004814434542202914,4.589518556545779,recovery,measured_vdd,orfs_ssd_ctrl_cfg_small,measured_droop/orfs_ssd_ctrl_cfg_small_vdd.csv,1.1,False,VALIDATED
191,g_chan[0].u_cdc_chcmd.wgray[1]$_DFF_PN0_,clk_core,4.59,0.84,0.0004811144873614198,4.589518885512638,recovery,measured_vdd,orfs_ssd_ctrl_cfg_small,measured_droop/orfs_ssd_ctrl_cfg_small_vdd.csv,1.1,False,VALIDATED
192,g_chan[0].u_cdc_chcmd.wbin[3]$_DFF_PN0_,clk_core,4.59,0.84,0.0004811144873614198,4.589518885512638,recovery,measured_vdd,orfs_ssd_ctrl_cfg_small,measured_droop/orfs_ssd_ctrl_cfg_small_vdd.csv,1.1,False,VALIDATED
187,g_chan[0].u_cdc_chcmd.wr_full$_DFF_PN0_,clk_core,4.59,0.84,0.00047081166176508177,4.5895291883382345,recovery,measured_vdd,orfs_ssd_ctrl_cfg_small,measured_droop/orfs_ssd_ctrl_cfg_small_vdd.csv,1.1,False,VALIDATED
193,g_chan[0].u_cdc_chcmd.wq2_rgray[1]$_DFF_PN0_,clk_core,4.59,0.84,0.00047081166176508177,4.5895291883382345,recovery,measured_vdd,orfs_ssd_ctrl_cfg_small,measured_droop/orfs_ssd_ctrl_cfg_small_vdd.csv,1.1,False,VALIDATED
190,g_chan[0].u_cdc_chcmd.wbin[4]$_DFF_PN0_,clk_core,4.59,0.84,0.00047081166176508177,4.5895291883382345,recovery,measured_vdd,orfs_ssd_ctrl_cfg_small,measured_droop/orfs_ssd_ctrl_cfg_small_vdd.csv,1.1,False,VALIDATED
189,g_chan[0].u_cdc_chcmd.wgray[0]$_DFF_PN0_,clk_core,4.59,0.84,0.00047081166176508177,4.5895291883382345,recovery,measured_vdd,orfs_ssd_ctrl_cfg_small,measured_droop/orfs_ssd_ctrl_cfg_small_vdd.csv,1.1,False,VALIDATED
194,g_chan[0].u_cdc_chcmd.wq1_rgray[1]$_DFF_PN0_,clk_core,4.59,0.84,0.00047081166176508177,4.5895291883382345,recovery,measured_vdd,orfs_ssd_ctrl_cfg_small,measured_droop/orfs_ssd_ctrl_cfg_small_vdd.csv,1.1,False,VALIDATED
197,g_chan[0].u_cdc_chw.wq2_rgray[1]$_DFF_PN0_,clk_core,4.59,0.83,0.0004207380315049067,4.5895792619684945,recovery,measured_vdd,orfs_ssd_ctrl_cfg_small,measured_droop/orfs_ssd_ctrl_cfg_small_vdd.csv,1.1,False,VALIDATED
196,g_chan[0].u_cdc_chw.wq2_rgray[3]$_DFF_PN0_,clk_core,4.59,0.83,0.0004207380315049067,4.5895792619684945,recovery,measured_vdd,orfs_ssd_ctrl_cfg_small,measured_droop/orfs_ssd_ctrl_cfg_small_vdd.csv,1.1,False,VALIDATED
195,g_chan[0].u_cdc_chw.wq2_rgray[2]$_DFF_PN0_,clk_core,4.59,0.83,0.0004207380315049067,4.5895792619684945,recovery,measured_vdd,orfs_ssd_ctrl_cfg_small,measured_droop/orfs_ssd_ctrl_cfg_small_vdd.csv,1.1,False,VALIDATED
199,g_chan[0].u_cdc_chw.wq1_rgray[2]$_DFF_PN0_,clk_core,4.59,0.83,0.0004207380315049067,4.5895792619684945,recovery,measured_vdd,orfs_ssd_ctrl_cfg_small,measured_droop/orfs_ssd_ctrl_cfg_small_vdd.csv,1.1,False,VALIDATED
200,g_chan[0].u_cdc_chw.wq1_rgray[1]$_DFF_PN0_,clk_core,4.59,0.83,0.0004207380315049067,4.5895792619684945,recovery,measured_vdd,orfs_ssd_ctrl_cfg_small,measured_droop/orfs_ssd_ctrl_cfg_small_vdd.csv,1.1,False,VALIDATED
201,g_chan[0].u_cdc_chw.wq1_rgray[4]$_DFF_PN0_,clk_core,4.59,0.83,0.0004207380315049067,4.5895792619684945,recovery,measured_vdd,orfs_ssd_ctrl_cfg_small,measured_droop/orfs_ssd_ctrl_cfg_small_vdd.csv,1.1,False,VALIDATED
198,g_chan[0].u_cdc_chw.wq1_rgray[3]$_DFF_PN0_,clk_core,4.59,0.83,0.0004207380315049067,4.5895792619684945,recovery,measured_vdd,orfs_ssd_ctrl_cfg_small,measured_droop/orfs_ssd_ctrl_cfg_small_vdd.csv,1.1,False,VALIDATED
202,g_chan[0].u_cdc_chw.wq2_rgray[4]$_DFF_PN0_,clk_core,4.59,0.83,0.0004207380315049067,4.5895792619684945,recovery,measured_vdd,orfs_ssd_ctrl_cfg_small,measured_droop/orfs_ssd_ctrl_cfg_small_vdd.csv,1.1,False,VALIDATED
214,c_cmd_ecc_en$_DFFE_PN0N_,clk_core,4.6,0.84,0.000495196427331375,4.599504803572668,recovery,measured_vdd,orfs_ssd_ctrl_cfg_small,measured_droop/orfs_ssd_ctrl_cfg_small_vdd.csv,1.1,False,VALIDATED
211,c_cmd_chan$_DFFE_PN0N_,clk_core,4.6,0.84,0.00048186297455651145,4.599518137025443,recovery,measured_vdd,orfs_ssd_ctrl_cfg_small,measured_droop/orfs_ssd_ctrl_cfg_small_vdd.csv,1.1,False,VALIDATED
212,c_cmd_chmask[0]$_DFFE_PN0N_,clk_core,4.6,0.84,0.0004805642815596464,4.59951943571844,recovery,measured_vdd,orfs_ssd_ctrl_cfg_small,measured_droop/orfs_ssd_ctrl_cfg_small_vdd.csv,1.1,False,VALIDATED
218,c_cmd_addr[17]$_DFFE_PN0N_,clk_core,4.6,0.84,0.0004805642815596464,4.59951943571844,recovery,measured_vdd,orfs_ssd_ctrl_cfg_small,measured_droop/orfs_ssd_ctrl_cfg_small_vdd.csv,1.1,False,VALIDATED
215,c_cmd_opcode[0]$_DFFE_PN0N_,clk_core,4.6,0.84,0.0004805642815596464,4.59951943571844,recovery,measured_vdd,orfs_ssd_ctrl_cfg_small,measured_droop/orfs_ssd_ctrl_cfg_small_vdd.csv,1.1,False,VALIDATED
217,c_cmd_opcode[1]$_DFFE_PN0N_,clk_core,4.6,0.84,0.0004805642815596464,4.59951943571844,recovery,measured_vdd,orfs_ssd_ctrl_cfg_small,measured_droop/orfs_ssd_ctrl_cfg_small_vdd.csv,1.1,False,VALIDATED
210,c_cmd_chmask[1]$_DFFE_PN0N_,clk_core,4.6,0.84,0.0004805642815596464,4.59951943571844,recovery,measured_vdd,orfs_ssd_ctrl_cfg_small,measured_droop/orfs_ssd_ctrl_cfg_small_vdd.csv,1.1,False,VALIDATED
213,c_cmd_opcode[4]$_DFFE_PN0N_,clk_core,4.6,0.84,0.0004805642815596464,4.59951943571844,recovery,measured_vdd,orfs_ssd_ctrl_cfg_small,measured_droop/orfs_ssd_ctrl_cfg_small_vdd.csv,1.1,False,VALIDATED
216,c_cmd_opcode[2]$_DFFE_PN0N_,clk_core,4.6,0.84,0.0004805642815596464,4.59951943571844,recovery,measured_vdd,orfs_ssd_ctrl_cfg_small,measured_droop/orfs_ssd_ctrl_cfg_small_vdd.csv,1.1,False,VALIDATED
219,g_chan[0].u_cdc_chw.wq2_rgray[0]$_DFF_PN0_,clk_core,4.6,0.83,0.0004277703949895975,4.59957222960501,recovery,measured_vdd,orfs_ssd_ctrl_cfg_small,measured_droop/orfs_ssd_ctrl_cfg_small_vdd.csv,1.1,False,VALIDATED
220,g_chan[0].u_cdc_chw.wbin[0]$_DFF_PN0_,clk_core,4.6,0.83,0.00042495703604761986,4.599575042963952,recovery,measured_vdd,orfs_ssd_ctrl_cfg_small,measured_droop/orfs_ssd_ctrl_cfg_small_vdd.csv,1.1,False,VALIDATED
222,g_chan[0].u_cdc_chw.wq1_rgray[0]$_DFF_PN0_,clk_core,4.6,0.83,0.00042495703604761986,4.599575042963952,recovery,measured_vdd,orfs_ssd_ctrl_cfg_small,measured_droop/orfs_ssd_ctrl_cfg_small_vdd.csv,1.1,False,VALIDATED
223,g_chan[0].u_cdc_chw.wgray[0]$_DFF_PN0_,clk_core,4.6,0.83,0.00042495703604761986,4.599575042963952,recovery,measured_vdd,orfs_ssd_ctrl_cfg_small,measured_droop/orfs_ssd_ctrl_cfg_small_vdd.csv,1.1,False,VALIDATED
221,g_chan[0].u_cdc_chw.wbin[1]$_DFF_PN0_,clk_core,4.6,0.83,0.00042495703604761986,4.599575042963952,recovery,measured_vdd,orfs_ssd_ctrl_cfg_small,measured_droop/orfs_ssd_ctrl_cfg_small_vdd.csv,1.1,False,VALIDATED
224,g_chan[0].u_cdc_chw.wgray[1]$_DFF_PN0_,clk_core,4.6,0.83,0.00042495703604761986,4.599575042963952,recovery,measured_vdd,orfs_ssd_ctrl_cfg_small,measured_droop/orfs_ssd_ctrl_cfg_small_vdd.csv,1.1,False,VALIDATED
225,g_chan[0].u_cdc_chw.wbin[4]$_DFF_PN0_,clk_core,4.6,0.83,0.00042495703604761986,4.599575042963952,recovery,measured_vdd,orfs_ssd_ctrl_cfg_small,measured_droop/orfs_ssd_ctrl_cfg_small_vdd.csv,1.1,False,VALIDATED
209,g_chan[0].u_cdc_chw.wgray[2]$_DFF_PN0_,clk_core,4.6,0.83,0.0004234695635892405,4.59957653043641,recovery,measured_vdd,orfs_ssd_ctrl_cfg_small,measured_droop/orfs_ssd_ctrl_cfg_small_vdd.csv,1.1,False,VALIDATED
208,g_chan[0].u_cdc_chw.wgray[3]$_DFF_PN0_,clk_core,4.6,0.83,0.0004234695635892405,4.59957653043641,recovery,measured_vdd,orfs_ssd_ctrl_cfg_small,measured_droop/orfs_ssd_ctrl_cfg_small_vdd.csv,1.1,False,VALIDATED
229,u_cdc_wbeat.rbin[1]$_DFF_PN0_,clk_core,4.61,0.82,0.00043529116015019603,4.60956470883985,recovery,measured_vdd,orfs_ssd_ctrl_cfg_small,measured_droop/orfs_ssd_ctrl_cfg_small_vdd.csv,1.1,False,VALIDATED
230,u_cdc_wbeat.rbin[3]$_DFF_PN0_,clk_core,4.61,0.82,0.00043529116015019603,4.60956470883985,recovery,measured_vdd,orfs_ssd_ctrl_cfg_small,measured_droop/orfs_ssd_ctrl_cfg_small_vdd.csv,1.1,False,VALIDATED
231,u_cdc_wbeat.rbin[2]$_DFF_PN0_,clk_core,4.61,0.82,0.00043529116015019603,4.60956470883985,recovery,measured_vdd,orfs_ssd_ctrl_cfg_small,measured_droop/orfs_ssd_ctrl_cfg_small_vdd.csv,1.1,False,VALIDATED
232,u_cdc_wbeat.rbin[4]$_DFF_PN0_,clk_core,4.61,0.82,0.00043529116015019603,4.60956470883985,recovery,measured_vdd,orfs_ssd_ctrl_cfg_small,measured_droop/orfs_ssd_ctrl_cfg_small_vdd.csv,1.1,False,VALIDATED
228,u_cdc_wbeat.rbin[0]$_DFF_PN0_,clk_core,4.61,0.82,0.00043529116015019603,4.60956470883985,recovery,measured_vdd,orfs_ssd_ctrl_cfg_small,measured_droop/orfs_ssd_ctrl_cfg_small_vdd.csv,1.1,False,VALIDATED
226,g_chan[0].u_cdc_chw.wbin[2]$_DFF_PN0_,clk_core,4.61,0.83,0.0004326680854211118,4.60956733191458,recovery,measured_vdd,orfs_ssd_ctrl_cfg_small,measured_droop/orfs_ssd_ctrl_cfg_small_vdd.csv,1.1,False,VALIDATED
227,g_chan[0].u_cdc_chw.wbin[3]$_DFF_PN0_,clk_core,4.61,0.83,0.0004326680854211118,4.60956733191458,recovery,measured_vdd,orfs_ssd_ctrl_cfg_small,measured_droop/orfs_ssd_ctrl_cfg_small_vdd.csv,1.1,False,VALIDATED
234,g_chan[1].u_cdc_chw.wq1_rgray[4]$_DFF_PN0_,clk_core,4.61,0.82,0.0004232313195976986,4.609576768680403,recovery,measured_vdd,orfs_ssd_ctrl_cfg_small,measured_droop/orfs_ssd_ctrl_cfg_small_vdd.csv,1.1,False,VALIDATED
233,g_chan[1].u_cdc_chw.wq2_rgray[4]$_DFF_PN0_,clk_core,4.61,0.82,0.0004177796361882688,4.609582220363812,recovery,measured_vdd,orfs_ssd_ctrl_cfg_small,measured_droop/orfs_ssd_ctrl_cfg_small_vdd.csv,1.1,False,VALIDATED
235,g_chan[1].u_cdc_chw.wq1_rgray[0]$_DFF_PN0_,clk_core,4.61,0.82,0.0004177796361882688,4.609582220363812,recovery,measured_vdd,orfs_ssd_ctrl_cfg_small,measured_droop/orfs_ssd_ctrl_cfg_small_vdd.csv,1.1,False,VALIDATED
240,u_cdc_wbeat.rgray[1]$_DFF_PN0_,clk_core,4.62,0.82,0.00045037348226173446,4.619549626517738,recovery,measured_vdd,orfs_ssd_ctrl_cfg_small,measured_droop/orfs_ssd_ctrl_cfg_small_vdd.csv,1.1,False,VALIDATED
242,u_cdc_wbeat.rq2_wgray[3]$_DFF_PN0_,clk_core,4.62,0.82,0.00045037348226173446,4.619549626517738,recovery,measured_vdd,orfs_ssd_ctrl_cfg_small,measured_droop/orfs_ssd_ctrl_cfg_small_vdd.csv,1.1,False,VALIDATED
241,u_cdc_wbeat.rq1_wgray[2]$_DFF_PN0_,clk_core,4.62,0.82,0.00045037348226173446,4.619549626517738,recovery,measured_vdd,orfs_ssd_ctrl_cfg_small,measured_droop/orfs_ssd_ctrl_cfg_small_vdd.csv,1.1,False,VALIDATED
236,u_cdc_wbeat.rq1_wgray[1]$_DFF_PN0_,clk_core,4.62,0.82,0.00045037348226173446,4.619549626517738,recovery,measured_vdd,orfs_ssd_ctrl_cfg_small,measured_droop/orfs_ssd_ctrl_cfg_small_vdd.csv,1.1,False,VALIDATED
237,u_cdc_wbeat.rq2_wgray[2]$_DFF_PN0_,clk_core,4.62,0.82,0.00045037348226173446,4.619549626517738,recovery,measured_vdd,orfs_ssd_ctrl_cfg_small,measured_droop/orfs_ssd_ctrl_cfg_small_vdd.csv,1.1,False,VALIDATED
238,u_cdc_wbeat.rgray[2]$_DFF_PN0_,clk_core,4.62,0.82,0.00045037348226173446,4.619549626517738,recovery,measured_vdd,orfs_ssd_ctrl_cfg_small,measured_droop/orfs_ssd_ctrl_cfg_small_vdd.csv,1.1,False,VALIDATED
239,u_cdc_wbeat.rq2_wgray[1]$_DFF_PN0_,clk_core,4.62,0.82,0.00045037348226173446,4.619549626517738,recovery,measured_vdd,orfs_ssd_ctrl_cfg_small,measured_droop/orfs_ssd_ctrl_cfg_small_vdd.csv,1.1,False,VALIDATED
250,u_cdc_wbeat.rq2_wgray[0]$_DFF_PN0_,clk_core,4.62,0.82,0.00045037348226173446,4.619549626517738,recovery,measured_vdd,orfs_ssd_ctrl_cfg_small,measured_droop/orfs_ssd_ctrl_cfg_small_vdd.csv,1.1,False,VALIDATED
251,u_cdc_wbeat.rq2_wgray[4]$_DFF_PN0_,clk_core,4.62,0.82,0.00045037348226173446,4.619549626517738,recovery,measured_vdd,orfs_ssd_ctrl_cfg_small,measured_droop/orfs_ssd_ctrl_cfg_small_vdd.csv,1.1,False,VALIDATED
249,u_cdc_wbeat.rq1_wgray[3]$_DFF_PN0_,clk_core,4.62,0.82,0.00045037348226173446,4.619549626517738,recovery,measured_vdd,orfs_ssd_ctrl_cfg_small,measured_droop/orfs_ssd_ctrl_cfg_small_vdd.csv,1.1,False,VALIDATED
243,u_cdc_wbeat.rgray[3]$_DFF_PN0_,clk_core,4.62,0.82,0.00045037348226173446,4.619549626517738,recovery,measured_vdd,orfs_ssd_ctrl_cfg_small,measured_droop/orfs_ssd_ctrl_cfg_small_vdd.csv,1.1,False,VALIDATED
244,u_cdc_wbeat.rgray[0]$_DFF_PN0_,clk_core,4.62,0.82,0.00045037348226173446,4.619549626517738,recovery,measured_vdd,orfs_ssd_ctrl_cfg_small,measured_droop/orfs_ssd_ctrl_cfg_small_vdd.csv,1.1,False,VALIDATED
246,u_cdc_wbeat.rq1_wgray[0]$_DFF_PN0_,clk_core,4.62,0.82,0.00045037348226173446,4.619549626517738,recovery,measured_vdd,orfs_ssd_ctrl_cfg_small,measured_droop/orfs_ssd_ctrl_cfg_small_vdd.csv,1.1,False,VALIDATED
248,u_cdc_wbeat.rq1_wgray[4]$_DFF_PN0_,clk_core,4.62,0.82,0.00045037348226173446,4.619549626517738,recovery,measured_vdd,orfs_ssd_ctrl_cfg_small,measured_droop/orfs_ssd_ctrl_cfg_small_vdd.csv,1.1,False,VALIDATED
247,u_seq_core.op_q[3]$_DFFE_PN0P_,clk_core,4.62,0.82,0.0004472990521452794,4.619552700947855,recovery,measured_vdd,orfs_ssd_ctrl_cfg_small,measured_droop/orfs_ssd_ctrl_cfg_small_vdd.csv,1.1,False,VALIDATED
245,u_seq_core.op_q[1]$_DFFE_PN0P_,clk_core,4.62,0.82,0.0004472990521452794,4.619552700947855,recovery,measured_vdd,orfs_ssd_ctrl_cfg_small,measured_droop/orfs_ssd_ctrl_cfg_small_vdd.csv,1.1,False,VALIDATED
255,u_cdc_wbeat.rd_empty$_DFF_PN1_,clk_core,4.63,0.81,0.00044395957674192577,4.629556040423258,recovery,measured_vdd,orfs_ssd_ctrl_cfg_small,measured_droop/orfs_ssd_ctrl_cfg_small_vdd.csv,1.1,False,VALIDATED
252,u_seq_core.chan_q$_DFFE_PN0P_,clk_core,4.63,0.81,0.00042177467226788,4.629578225327732,recovery,measured_vdd,orfs_ssd_ctrl_cfg_small,measured_droop/orfs_ssd_ctrl_cfg_small_vdd.csv,1.1,False,VALIDATED
253,g_chan[1].u_cdc_chw.wr_full$_DFF_PN0_,clk_core,4.63,0.81,0.00042118600083949215,4.62957881399916,recovery,measured_vdd,orfs_ssd_ctrl_cfg_small,measured_droop/orfs_ssd_ctrl_cfg_small_vdd.csv,1.1,False,VALIDATED
254,g_chan[0].u_cdc_chw.wr_full$_DFF_PN0_,clk_core,4.63,0.81,0.0004197073700216089,4.629580292629979,recovery,measured_vdd,orfs_ssd_ctrl_cfg_small,measured_droop/orfs_ssd_ctrl_cfg_small_vdd.csv,1.1,False,VALIDATED
258,g_chan[0].u_cdc_chcmd.wq1_rgray[2]$_DFF_PN0_,clk_core,4.64,0.81,0.0004443793100623733,4.639555620689937,recovery,measured_vdd,orfs_ssd_ctrl_cfg_small,measured_droop/orfs_ssd_ctrl_cfg_small_vdd.csv,1.1,False,VALIDATED
257,u_seq_core.mask_q[0]$_DFFE_PN0P_,clk_core,4.64,0.81,0.0004443793100623733,4.639555620689937,recovery,measured_vdd,orfs_ssd_ctrl_cfg_small,measured_droop/orfs_ssd_ctrl_cfg_small_vdd.csv,1.1,False,VALIDATED
256,g_chan[0].u_cdc_chcmd.wq1_rgray[3]$_DFF_PN0_,clk_core,4.64,0.81,0.0004443793100623733,4.639555620689937,recovery,measured_vdd,orfs_ssd_ctrl_cfg_small,measured_droop/orfs_ssd_ctrl_cfg_small_vdd.csv,1.1,False,VALIDATED
260,u_seq_core.op_q[4]$_DFFE_PN0P_,clk_core,4.64,0.81,0.0004443793100623733,4.639555620689937,recovery,measured_vdd,orfs_ssd_ctrl_cfg_small,measured_droop/orfs_ssd_ctrl_cfg_small_vdd.csv,1.1,False,VALIDATED
259,u_seq_core.mask_q[1]$_DFFE_PN0P_,clk_core,4.64,0.81,0.0004443793100623733,4.639555620689937,recovery,measured_vdd,orfs_ssd_ctrl_cfg_small,measured_droop/orfs_ssd_ctrl_cfg_small_vdd.csv,1.1,False,VALIDATED
262,u_seq_core.op_q[2]$_DFFE_PN0P_,clk_core,4.64,0.8,0.0004388931457406514,4.639561106854259,recovery,measured_vdd,orfs_ssd_ctrl_cfg_small,measured_droop/orfs_ssd_ctrl_cfg_small_vdd.csv,1.1,False,VALIDATED
261,u_seq_core.op_q[5]$_DFFE_PN0P_,clk_core,4.64,0.8,0.0004388931457406514,4.639561106854259,recovery,measured_vdd,orfs_ssd_ctrl_cfg_small,measured_droop/orfs_ssd_ctrl_cfg_small_vdd.csv,1.1,False,VALIDATED
275,u_seq_core.beats_left[15]$_DFFE_PN0P_,clk_core,4.65,0.8,0.00048088657331226553,4.649519113426688,recovery,measured_vdd,orfs_ssd_ctrl_cfg_small,measured_droop/orfs_ssd_ctrl_cfg_small_vdd.csv,1.1,False,VALIDATED
264,u_seq_core.beats_left[19]$_DFFE_PN0P_,clk_core,4.65,0.8,0.00047819389712758925,4.6495218061028725,recovery,measured_vdd,orfs_ssd_ctrl_cfg_small,measured_droop/orfs_ssd_ctrl_cfg_small_vdd.csv,1.1,False,VALIDATED
278,u_seq_core.beats_left[0]$_DFFE_PN0P_,clk_core,4.65,0.79,0.00047487549114578337,4.6495251245088545,recovery,measured_vdd,orfs_ssd_ctrl_cfg_small,measured_droop/orfs_ssd_ctrl_cfg_small_vdd.csv,1.1,False,VALIDATED
276,u_seq_core.beats_left[5]$_DFFE_PN0P_,clk_core,4.65,0.79,0.00047487549114578337,4.6495251245088545,recovery,measured_vdd,orfs_ssd_ctrl_cfg_small,measured_droop/orfs_ssd_ctrl_cfg_small_vdd.csv,1.1,False,VALIDATED
277,u_seq_core.beats_left[14]$_DFFE_PN0P_,clk_core,4.65,0.79,0.00047487549114578337,4.6495251245088545,recovery,measured_vdd,orfs_ssd_ctrl_cfg_small,measured_droop/orfs_ssd_ctrl_cfg_small_vdd.csv,1.1,False,VALIDATED
290,u_seq_core.beats_left[16]$_DFFE_PN0P_,clk_core,4.65,0.8,0.0004739815092345903,4.649526018490766,recovery,measured_vdd,orfs_ssd_ctrl_cfg_small,measured_droop/orfs_ssd_ctrl_cfg_small_vdd.csv,1.1,False,VALIDATED
287,u_seq_core.beats_left[17]$_DFFE_PN0P_,clk_core,4.65,0.8,0.0004739815092345903,4.649526018490766,recovery,measured_vdd,orfs_ssd_ctrl_cfg_small,measured_droop/orfs_ssd_ctrl_cfg_small_vdd.csv,1.1,False,VALIDATED
282,u_seq_core.beats_left[23]$_DFFE_PN0P_,clk_core,4.65,0.8,0.0004739815092345903,4.649526018490766,recovery,measured_vdd,orfs_ssd_ctrl_cfg_small,measured_droop/orfs_ssd_ctrl_cfg_small_vdd.csv,1.1,False,VALIDATED
283,u_seq_core.beats_left[24]$_DFFE_PN0P_,clk_core,4.65,0.8,0.0004739815092345903,4.649526018490766,recovery,measured_vdd,orfs_ssd_ctrl_cfg_small,measured_droop/orfs_ssd_ctrl_cfg_small_vdd.csv,1.1,False,VALIDATED
285,u_seq_core.beats_left[18]$_DFFE_PN0P_,clk_core,4.65,0.8,0.0004739815092345903,4.649526018490766,recovery,measured_vdd,orfs_ssd_ctrl_cfg_small,measured_droop/orfs_ssd_ctrl_cfg_small_vdd.csv,1.1,False,VALIDATED
295,u_seq_core.beats_left[2]$_DFFE_PN0P_,clk_core,4.65,0.79,0.00047213903616488695,4.649527860963835,recovery,measured_vdd,orfs_ssd_ctrl_cfg_small,measured_droop/orfs_ssd_ctrl_cfg_small_vdd.csv,1.1,False,VALIDATED
267,u_seq_core.beats_left[1]$_DFFE_PN0P_,clk_core,4.65,0.79,0.00046346741925989976,4.649536532580741,recovery,measured_vdd,orfs_ssd_ctrl_cfg_small,measured_droop/orfs_ssd_ctrl_cfg_small_vdd.csv,1.1,False,VALIDATED
263,u_seq_core.addr_q[25]$_DFFE_PN0P_,clk_core,4.65,0.79,0.00046346741925989976,4.649536532580741,recovery,measured_vdd,orfs_ssd_ctrl_cfg_small,measured_droop/orfs_ssd_ctrl_cfg_small_vdd.csv,1.1,False,VALIDATED
270,u_seq_core.addr_q[17]$_DFFE_PN0P_,clk_core,4.65,0.79,0.00046346741925989976,4.649536532580741,recovery,measured_vdd,orfs_ssd_ctrl_cfg_small,measured_droop/orfs_ssd_ctrl_cfg_small_vdd.csv,1.1,False,VALIDATED
265,u_seq_core.addr_q[1]$_DFFE_PN0P_,clk_core,4.65,0.79,0.00046346741925989976,4.649536532580741,recovery,measured_vdd,orfs_ssd_ctrl_cfg_small,measured_droop/orfs_ssd_ctrl_cfg_small_vdd.csv,1.1,False,VALIDATED
266,u_seq_core.addr_q[18]$_DFFE_PN0P_,clk_core,4.65,0.79,0.00046346741925989976,4.649536532580741,recovery,measured_vdd,orfs_ssd_ctrl_cfg_small,measured_droop/orfs_ssd_ctrl_cfg_small_vdd.csv,1.1,False,VALIDATED
274,u_seq_core.beats_left[3]$_DFFE_PN0P_,clk_core,4.65,0.79,0.00045588957982038714,4.64954411042018,recovery,measured_vdd,orfs_ssd_ctrl_cfg_small,measured_droop/orfs_ssd_ctrl_cfg_small_vdd.csv,1.1,False,VALIDATED
272,u_seq_core.op_q[6]$_DFFE_PN0P_,clk_core,4.65,0.79,0.00045588957982038714,4.64954411042018,recovery,measured_vdd,orfs_ssd_ctrl_cfg_small,measured_droop/orfs_ssd_ctrl_cfg_small_vdd.csv,1.1,False,VALIDATED
268,u_seq_core.beats_left[4]$_DFFE_PN0P_,clk_core,4.65,0.79,0.00045588957982038714,4.64954411042018,recovery,measured_vdd,orfs_ssd_ctrl_cfg_small,measured_droop/orfs_ssd_ctrl_cfg_small_vdd.csv,1.1,False,VALIDATED
271,u_seq_core.beats_left[6]$_DFFE_PN0P_,clk_core,4.65,0.79,0.00045588957982038714,4.64954411042018,recovery,measured_vdd,orfs_ssd_ctrl_cfg_small,measured_droop/orfs_ssd_ctrl_cfg_small_vdd.csv,1.1,False,VALIDATED
269,u_seq_core.beats_left[7]$_DFFE_PN0P_,clk_core,4.65,0.79,0.00045588957982038714,4.64954411042018,recovery,measured_vdd,orfs_ssd_ctrl_cfg_small,measured_droop/orfs_ssd_ctrl_cfg_small_vdd.csv,1.1,False,VALIDATED
298,u_seq_core.beats_left[11]$_DFFE_PN0P_,clk_core,4.65,0.79,0.0004524422331022432,4.6495475577668985,recovery,measured_vdd,orfs_ssd_ctrl_cfg_small,measured_droop/orfs_ssd_ctrl_cfg_small_vdd.csv,1.1,False,VALIDATED
297,u_seq_core.beats_left[31]$_DFFE_PN0P_,clk_core,4.65,0.79,0.00044978321536987,4.649550216784631,recovery,measured_vdd,orfs_ssd_ctrl_cfg_small,measured_droop/orfs_ssd_ctrl_cfg_small_vdd.csv,1.1,False,VALIDATED
292,u_seq_core.beats_left[20]$_DFFE_PN0P_,clk_core,4.65,0.79,0.00044978321536987,4.649550216784631,recovery,measured_vdd,orfs_ssd_ctrl_cfg_small,measured_droop/orfs_ssd_ctrl_cfg_small_vdd.csv,1.1,False,VALIDATED
293,u_seq_core.beats_left[13]$_DFFE_PN0P_,clk_core,4.65,0.79,0.00044978321536987,4.649550216784631,recovery,measured_vdd,orfs_ssd_ctrl_cfg_small,measured_droop/orfs_ssd_ctrl_cfg_small_vdd.csv,1.1,False,VALIDATED
296,u_seq_core.beats_left[12]$_DFFE_PN0P_,clk_core,4.65,0.79,0.00044978321536987,4.649550216784631,recovery,measured_vdd,orfs_ssd_ctrl_cfg_small,measured_droop/orfs_ssd_ctrl_cfg_small_vdd.csv,1.1,False,VALIDATED
300,u_seq_core.beats_left[9]$_DFFE_PN0P_,clk_core,4.65,0.79,0.00043330168328188645,4.649566698316718,recovery,measured_vdd,orfs_ssd_ctrl_cfg_small,measured_droop/orfs_ssd_ctrl_cfg_small_vdd.csv,1.1,False,VALIDATED
301,u_seq_core.beats_left[8]$_DFFE_PN0P_,clk_core,4.65,0.79,0.00043330168328188645,4.649566698316718,recovery,measured_vdd,orfs_ssd_ctrl_cfg_small,measured_droop/orfs_ssd_ctrl_cfg_small_vdd.csv,1.1,False,VALIDATED
299,u_seq_core.beats_left[10]$_DFFE_PN0P_,clk_core,4.65,0.79,0.00043330168328188645,4.649566698316718,recovery,measured_vdd,orfs_ssd_ctrl_cfg_small,measured_droop/orfs_ssd_ctrl_cfg_small_vdd.csv,1.1,False,VALIDATED
302,u_seq_core.addr_q[19]$_DFFE_PN0P_,clk_core,4.65,0.79,0.0004272725200778066,4.649572727479923,recovery,measured_vdd,orfs_ssd_ctrl_cfg_small,measured_droop/orfs_ssd_ctrl_cfg_small_vdd.csv,1.1,False,VALIDATED
273,u_seq_core.addr_q[22]$_DFFE_PN0P_,clk_core,4.65,0.79,0.00042327924170929704,4.649576720758291,recovery,measured_vdd,orfs_ssd_ctrl_cfg_small,measured_droop/orfs_ssd_ctrl_cfg_small_vdd.csv,1.1,False,VALIDATED
284,u_seq_core.addr_q[23]$_DFFE_PN0P_,clk_core,4.65,0.79,0.00042327924170929704,4.649576720758291,recovery,measured_vdd,orfs_ssd_ctrl_cfg_small,measured_droop/orfs_ssd_ctrl_cfg_small_vdd.csv,1.1,False,VALIDATED
280,u_seq_core.addr_q[14]$_DFFE_PN0P_,clk_core,4.65,0.79,0.00042327924170929704,4.649576720758291,recovery,measured_vdd,orfs_ssd_ctrl_cfg_small,measured_droop/orfs_ssd_ctrl_cfg_small_vdd.csv,1.1,False,VALIDATED
294,u_seq_core.addr_q[11]$_DFFE_PN0P_,clk_core,4.65,0.79,0.00042062638232393673,4.6495793736176765,recovery,measured_vdd,orfs_ssd_ctrl_cfg_small,measured_droop/orfs_ssd_ctrl_cfg_small_vdd.csv,1.1,False,VALIDATED
286,u_seq_core.addr_q[3]$_DFFE_PN0P_,clk_core,4.65,0.79,0.00042062638232393673,4.6495793736176765,recovery,measured_vdd,orfs_ssd_ctrl_cfg_small,measured_droop/orfs_ssd_ctrl_cfg_small_vdd.csv,1.1,False,VALIDATED
288,u_seq_core.addr_q[10]$_DFFE_PN0P_,clk_core,4.65,0.79,0.00042062638232393673,4.6495793736176765,recovery,measured_vdd,orfs_ssd_ctrl_cfg_small,measured_droop/orfs_ssd_ctrl_cfg_small_vdd.csv,1.1,False,VALIDATED
289,u_seq_core.addr_q[5]$_DFFE_PN0P_,clk_core,4.65,0.79,0.00042062638232393673,4.6495793736176765,recovery,measured_vdd,orfs_ssd_ctrl_cfg_small,measured_droop/orfs_ssd_ctrl_cfg_small_vdd.csv,1.1,False,VALIDATED
291,u_seq_core.addr_q[27]$_DFFE_PN0P_,clk_core,4.65,0.79,0.00042062638232393673,4.6495793736176765,recovery,measured_vdd,orfs_ssd_ctrl_cfg_small,measured_droop/orfs_ssd_ctrl_cfg_small_vdd.csv,1.1,False,VALIDATED
281,u_seq_core.addr_q[30]$_DFFE_PN0P_,clk_core,4.65,0.79,0.0004178454353055555,4.649582154564695,recovery,measured_vdd,orfs_ssd_ctrl_cfg_small,measured_droop/orfs_ssd_ctrl_cfg_small_vdd.csv,1.1,False,VALIDATED
279,u_seq_core.addr_q[4]$_DFFE_PN0P_,clk_core,4.65,0.79,0.0004178454353055555,4.649582154564695,recovery,measured_vdd,orfs_ssd_ctrl_cfg_small,measured_droop/orfs_ssd_ctrl_cfg_small_vdd.csv,1.1,False,VALIDATED
304,c_cmd_addr[15]$_DFFE_PN0N_,clk_core,4.66,0.79,0.00048800177910060527,4.6595119982209,recovery,measured_vdd,orfs_ssd_ctrl_cfg_small,measured_droop/orfs_ssd_ctrl_cfg_small_vdd.csv,1.1,False,VALIDATED
305,c_cmd_addr[1]$_DFFE_PN0N_,clk_core,4.66,0.79,0.00048800177910060527,4.6595119982209,recovery,measured_vdd,orfs_ssd_ctrl_cfg_small,measured_droop/orfs_ssd_ctrl_cfg_small_vdd.csv,1.1,False,VALIDATED
306,c_cmd_addr[18]$_DFFE_PN0N_,clk_core,4.66,0.79,0.00048800177910060527,4.6595119982209,recovery,measured_vdd,orfs_ssd_ctrl_cfg_small,measured_droop/orfs_ssd_ctrl_cfg_small_vdd.csv,1.1,False,VALIDATED
303,c_cmd_addr[12]$_DFFE_PN0N_,clk_core,4.66,0.79,0.00048800177910060527,4.6595119982209,recovery,measured_vdd,orfs_ssd_ctrl_cfg_small,measured_droop/orfs_ssd_ctrl_cfg_small_vdd.csv,1.1,False,VALIDATED
307,c_cmd_addr[13]$_DFFE_PN0N_,clk_core,4.66,0.79,0.00048800177910060527,4.6595119982209,recovery,measured_vdd,orfs_ssd_ctrl_cfg_small,measured_droop/orfs_ssd_ctrl_cfg_small_vdd.csv,1.1,False,VALIDATED
308,c_cmd_addr[16]$_DFFE_PN0N_,clk_core,4.66,0.79,0.0004640580423108248,4.65953594195769,recovery,measured_vdd,orfs_ssd_ctrl_cfg_small,measured_droop/orfs_ssd_ctrl_cfg_small_vdd.csv,1.1,False,VALIDATED
311,c_cmd_addr[19]$_DFFE_PN0N_,clk_core,4.66,0.79,0.0004571560492907453,4.659542843950709,recovery,measured_vdd,orfs_ssd_ctrl_cfg_small,measured_droop/orfs_ssd_ctrl_cfg_small_vdd.csv,1.1,False,VALIDATED
312,c_cmd_addr[0]$_DFFE_PN0N_,clk_core,4.66,0.79,0.0004571560492907453,4.659542843950709,recovery,measured_vdd,orfs_ssd_ctrl_cfg_small,measured_droop/orfs_ssd_ctrl_cfg_small_vdd.csv,1.1,False,VALIDATED
310,c_cmd_opcode[5]$_DFFE_PN0N_,clk_core,4.66,0.79,0.0004571560492907453,4.659542843950709,recovery,measured_vdd,orfs_ssd_ctrl_cfg_small,measured_droop/orfs_ssd_ctrl_cfg_small_vdd.csv,1.1,False,VALIDATED
309,c_cmd_opcode[7]$_DFFE_PN0N_,clk_core,4.66,0.79,0.0004571560492907453,4.659542843950709,recovery,measured_vdd,orfs_ssd_ctrl_cfg_small,measured_droop/orfs_ssd_ctrl_cfg_small_vdd.csv,1.1,False,VALIDATED
313,c_cmd_opcode[6]$_DFFE_PN0N_,clk_core,4.66,0.79,0.0004215914437339305,4.659578408556266,recovery,measured_vdd,orfs_ssd_ctrl_cfg_small,measured_droop/orfs_ssd_ctrl_cfg_small_vdd.csv,1.1,False,VALIDATED
314,c_cmd_addr[14]$_DFFE_PN0N_,clk_core,4.67,0.79,0.0004215914437339305,4.669578408556266,recovery,measured_vdd,orfs_ssd_ctrl_cfg_small,measured_droop/orfs_ssd_ctrl_cfg_small_vdd.csv,1.1,False,VALIDATED
315,c_cmd_addr[2]$_DFFE_PN0N_,clk_core,4.67,0.79,0.0004215914437339305,4.669578408556266,recovery,measured_vdd,orfs_ssd_ctrl_cfg_small,measured_droop/orfs_ssd_ctrl_cfg_small_vdd.csv,1.1,False,VALIDATED
316,c_cmd_opcode[3]$_DFFE_PN0N_,clk_core,4.67,0.79,0.0004215914437339305,4.669578408556266,recovery,measured_vdd,orfs_ssd_ctrl_cfg_small,measured_droop/orfs_ssd_ctrl_cfg_small_vdd.csv,1.1,False,VALIDATED
317,u_seq_core.addr_q[28]$_DFFE_PN0P_,clk_core,4.69,0.76,0.00040024282643597725,4.689599757173564,recovery,measured_vdd,orfs_ssd_ctrl_cfg_small,measured_droop/orfs_ssd_ctrl_cfg_small_vdd.csv,1.1,False,VALIDATED
318,u_seq_core.addr_q[29]$_DFFE_PN0P_,clk_core,4.73,0.71,0.0003713647049869706,4.729628635295014,recovery,measured_vdd,orfs_ssd_ctrl_cfg_small,measured_droop/orfs_ssd_ctrl_cfg_small_vdd.csv,1.1,False,VALIDATED
329,g_chan[0].u_cdc_chcmd.wbin[2]$_DFF_PN0_,clk_core,4.74,0.7,0.0003913668743320553,4.739608633125668,recovery,measured_vdd,orfs_ssd_ctrl_cfg_small,measured_droop/orfs_ssd_ctrl_cfg_small_vdd.csv,1.1,False,VALIDATED
331,g_chan[0].u_cdc_chcmd.wbin[0]$_DFF_PN0_,clk_core,4.74,0.7,0.0003897635306450639,4.739610236469355,recovery,measured_vdd,orfs_ssd_ctrl_cfg_small,measured_droop/orfs_ssd_ctrl_cfg_small_vdd.csv,1.1,False,VALIDATED
339,u_seq_core.op_q[7]$_DFFE_PN0P_,clk_core,4.74,0.7,0.0003897635306450639,4.739610236469355,recovery,measured_vdd,orfs_ssd_ctrl_cfg_small,measured_droop/orfs_ssd_ctrl_cfg_small_vdd.csv,1.1,False,VALIDATED
330,g_chan[0].u_cdc_chcmd.wbin[1]$_DFF_PN0_,clk_core,4.74,0.7,0.0003897635306450639,4.739610236469355,recovery,measured_vdd,orfs_ssd_ctrl_cfg_small,measured_droop/orfs_ssd_ctrl_cfg_small_vdd.csv,1.1,False,VALIDATED
341,g_chan[0].u_cdc_chcmd.wq2_rgray[0]$_DFF_PN0_,clk_core,4.74,0.7,0.0003826595373390279,4.739617340462662,recovery,measured_vdd,orfs_ssd_ctrl_cfg_small,measured_droop/orfs_ssd_ctrl_cfg_small_vdd.csv,1.1,False,VALIDATED
340,g_chan[0].u_cdc_chcmd.wq1_rgray[0]$_DFF_PN0_,clk_core,4.74,0.7,0.0003826595373390279,4.739617340462662,recovery,measured_vdd,orfs_ssd_ctrl_cfg_small,measured_droop/orfs_ssd_ctrl_cfg_small_vdd.csv,1.1,False,VALIDATED
337,g_chan[0].u_cdc_chcmd.wq2_rgray[2]$_DFF_PN0_,clk_core,4.74,0.7,0.0003826595373390279,4.739617340462662,recovery,measured_vdd,orfs_ssd_ctrl_cfg_small,measured_droop/orfs_ssd_ctrl_cfg_small_vdd.csv,1.1,False,VALIDATED
338,g_chan[0].u_cdc_chcmd.wq2_rgray[3]$_DFF_PN0_,clk_core,4.74,0.7,0.0003826595373390279,4.739617340462662,recovery,measured_vdd,orfs_ssd_ctrl_cfg_small,measured_droop/orfs_ssd_ctrl_cfg_small_vdd.csv,1.1,False,VALIDATED
319,g_chan[0].u_cdc_chcmd.wgray[2]$_DFF_PN0_,clk_core,4.74,0.7,0.00038237234404953774,4.73961762765595,recovery,measured_vdd,orfs_ssd_ctrl_cfg_small,measured_droop/orfs_ssd_ctrl_cfg_small_vdd.csv,1.1,False,VALIDATED
322,g_chan[0].u_cdc_chcmd.wgray[3]$_DFF_PN0_,clk_core,4.74,0.7,0.00038237234404953774,4.73961762765595,recovery,measured_vdd,orfs_ssd_ctrl_cfg_small,measured_droop/orfs_ssd_ctrl_cfg_small_vdd.csv,1.1,False,VALIDATED
327,g_chan[0].u_cdc_chcmd.wq2_rgray[4]$_DFF_PN0_,clk_core,4.74,0.7,0.00038237234404953774,4.73961762765595,recovery,measured_vdd,orfs_ssd_ctrl_cfg_small,measured_droop/orfs_ssd_ctrl_cfg_small_vdd.csv,1.1,False,VALIDATED
324,g_chan[0].u_cdc_chcmd.wq1_rgray[4]$_DFF_PN0_,clk_core,4.74,0.7,0.00038237234404953774,4.73961762765595,recovery,measured_vdd,orfs_ssd_ctrl_cfg_small,measured_droop/orfs_ssd_ctrl_cfg_small_vdd.csv,1.1,False,VALIDATED
334,c_cmd_addr[30]$_DFFE_PN0N_,clk_core,4.74,0.71,0.0003710609304455395,4.739628939069554,recovery,measured_vdd,orfs_ssd_ctrl_cfg_small,measured_droop/orfs_ssd_ctrl_cfg_small_vdd.csv,1.1,False,VALIDATED
328,c_cmd_addr[4]$_DFFE_PN0N_,clk_core,4.74,0.71,0.0003710609304455395,4.739628939069554,recovery,measured_vdd,orfs_ssd_ctrl_cfg_small,measured_droop/orfs_ssd_ctrl_cfg_small_vdd.csv,1.1,False,VALIDATED
326,c_cmd_addr[26]$_DFFE_PN0N_,clk_core,4.74,0.71,0.0003710609304455395,4.739628939069554,recovery,measured_vdd,orfs_ssd_ctrl_cfg_small,measured_droop/orfs_ssd_ctrl_cfg_small_vdd.csv,1.1,False,VALIDATED
333,c_cmd_addr[5]$_DFFE_PN0N_,clk_core,4.74,0.71,0.0003710609304455395,4.739628939069554,recovery,measured_vdd,orfs_ssd_ctrl_cfg_small,measured_droop/orfs_ssd_ctrl_cfg_small_vdd.csv,1.1,False,VALIDATED
336,c_cmd_addr[11]$_DFFE_PN0N_,clk_core,4.74,0.71,0.0003710609304455395,4.739628939069554,recovery,measured_vdd,orfs_ssd_ctrl_cfg_small,measured_droop/orfs_ssd_ctrl_cfg_small_vdd.csv,1.1,False,VALIDATED
332,c_cmd_addr[10]$_DFFE_PN0N_,clk_core,4.74,0.71,0.0003710609304455395,4.739628939069554,recovery,measured_vdd,orfs_ssd_ctrl_cfg_small,measured_droop/orfs_ssd_ctrl_cfg_small_vdd.csv,1.1,False,VALIDATED
335,c_cmd_addr[3]$_DFFE_PN0N_,clk_core,4.74,0.71,0.0003710609304455395,4.739628939069554,recovery,measured_vdd,orfs_ssd_ctrl_cfg_small,measured_droop/orfs_ssd_ctrl_cfg_small_vdd.csv,1.1,False,VALIDATED
325,c_cmd_addr[21]$_DFFE_PN0N_,clk_core,4.74,0.71,0.0003710609304455395,4.739628939069554,recovery,measured_vdd,orfs_ssd_ctrl_cfg_small,measured_droop/orfs_ssd_ctrl_cfg_small_vdd.csv,1.1,False,VALIDATED
321,c_cmd_addr[29]$_DFFE_PN0N_,clk_core,4.74,0.71,0.0003678577776541139,4.739632142222346,recovery,measured_vdd,orfs_ssd_ctrl_cfg_small,measured_droop/orfs_ssd_ctrl_cfg_small_vdd.csv,1.1,False,VALIDATED
320,c_cmd_addr[28]$_DFFE_PN0N_,clk_core,4.74,0.71,0.0003678577776541139,4.739632142222346,recovery,measured_vdd,orfs_ssd_ctrl_cfg_small,measured_droop/orfs_ssd_ctrl_cfg_small_vdd.csv,1.1,False,VALIDATED
323,c_cmd_addr[27]$_DFFE_PN0N_,clk_core,4.74,0.71,0.0003678577776541139,4.739632142222346,recovery,measured_vdd,orfs_ssd_ctrl_cfg_small,measured_droop/orfs_ssd_ctrl_cfg_small_vdd.csv,1.1,False,VALIDATED
344,u_seq_core.state[1]$_DFFE_PN0P_,clk_core,4.75,0.7,0.0003916540676215455,4.749608345932378,recovery,measured_vdd,orfs_ssd_ctrl_cfg_small,measured_droop/orfs_ssd_ctrl_cfg_small_vdd.csv,1.1,False,VALIDATED
342,u_seq_core.state[2]$_DFFE_PN0P_,clk_core,4.75,0.7,0.0003916540676215455,4.749608345932378,recovery,measured_vdd,orfs_ssd_ctrl_cfg_small,measured_droop/orfs_ssd_ctrl_cfg_small_vdd.csv,1.1,False,VALIDATED
345,u_seq_core.state[0]$_DFFE_PN0P_,clk_core,4.75,0.7,0.0003916540676215455,4.749608345932378,recovery,measured_vdd,orfs_ssd_ctrl_cfg_small,measured_droop/orfs_ssd_ctrl_cfg_small_vdd.csv,1.1,False,VALIDATED
354,u_seq_core.addr_q[15]$_DFFE_PN0P_,clk_core,4.75,0.69,0.0003772616886044758,4.749622738311396,recovery,measured_vdd,orfs_ssd_ctrl_cfg_small,measured_droop/orfs_ssd_ctrl_cfg_small_vdd.csv,1.1,False,VALIDATED
347,c_cmd_len[19]$_DFFE_PN0N_,clk_core,4.75,0.71,0.00037726111493009695,4.74962273888507,recovery,measured_vdd,orfs_ssd_ctrl_cfg_small,measured_droop/orfs_ssd_ctrl_cfg_small_vdd.csv,1.1,False,VALIDATED
346,c_cmd_len[15]$_DFFE_PN0N_,clk_core,4.75,0.71,0.00037726111493009695,4.74962273888507,recovery,measured_vdd,orfs_ssd_ctrl_cfg_small,measured_droop/orfs_ssd_ctrl_cfg_small_vdd.csv,1.1,False,VALIDATED
349,c_cmd_len[18]$_DFFE_PN0N_,clk_core,4.75,0.71,0.00037726111493009695,4.74962273888507,recovery,measured_vdd,orfs_ssd_ctrl_cfg_small,measured_droop/orfs_ssd_ctrl_cfg_small_vdd.csv,1.1,False,VALIDATED
343,c_cmd_len[24]$_DFFE_PN0N_,clk_core,4.75,0.71,0.00037726111493009695,4.74962273888507,recovery,measured_vdd,orfs_ssd_ctrl_cfg_small,measured_droop/orfs_ssd_ctrl_cfg_small_vdd.csv,1.1,False,VALIDATED
348,c_cmd_len[17]$_DFFE_PN0N_,clk_core,4.75,0.71,0.00037726111493009695,4.74962273888507,recovery,measured_vdd,orfs_ssd_ctrl_cfg_small,measured_droop/orfs_ssd_ctrl_cfg_small_vdd.csv,1.1,False,VALIDATED
359,u_seq_core.addr_q[13]$_DFFE_PN0P_,clk_core,4.75,0.69,0.0003752102016994774,4.7496247897983,recovery,measured_vdd,orfs_ssd_ctrl_cfg_small,measured_droop/orfs_ssd_ctrl_cfg_small_vdd.csv,1.1,False,VALIDATED
361,u_seq_core.addr_q[24]$_DFFE_PN0P_,clk_core,4.75,0.69,0.0003752102016994774,4.7496247897983,recovery,measured_vdd,orfs_ssd_ctrl_cfg_small,measured_droop/orfs_ssd_ctrl_cfg_small_vdd.csv,1.1,False,VALIDATED
358,c_cmd_len[20]$_DFFE_PN0N_,clk_core,4.75,0.7,0.00037194757809998896,4.7496280524219,recovery,measured_vdd,orfs_ssd_ctrl_cfg_small,measured_droop/orfs_ssd_ctrl_cfg_small_vdd.csv,1.1,False,VALIDATED
355,c_cmd_len[23]$_DFFE_PN0N_,clk_core,4.75,0.7,0.00037194757809998896,4.7496280524219,recovery,measured_vdd,orfs_ssd_ctrl_cfg_small,measured_droop/orfs_ssd_ctrl_cfg_small_vdd.csv,1.1,False,VALIDATED
351,c_cmd_len[13]$_DFFE_PN0N_,clk_core,4.75,0.7,0.00037194757809998896,4.7496280524219,recovery,measured_vdd,orfs_ssd_ctrl_cfg_small,measured_droop/orfs_ssd_ctrl_cfg_small_vdd.csv,1.1,False,VALIDATED
350,c_cmd_len[14]$_DFFE_PN0N_,clk_core,4.75,0.7,0.00037194757809998896,4.7496280524219,recovery,measured_vdd,orfs_ssd_ctrl_cfg_small,measured_droop/orfs_ssd_ctrl_cfg_small_vdd.csv,1.1,False,VALIDATED
352,c_cmd_len[12]$_DFFE_PN0N_,clk_core,4.75,0.7,0.00037194757809998896,4.7496280524219,recovery,measured_vdd,orfs_ssd_ctrl_cfg_small,measured_droop/orfs_ssd_ctrl_cfg_small_vdd.csv,1.1,False,VALIDATED
353,c_cmd_len[16]$_DFFE_PN0N_,clk_core,4.75,0.7,0.00037194757809998896,4.7496280524219,recovery,measured_vdd,orfs_ssd_ctrl_cfg_small,measured_droop/orfs_ssd_ctrl_cfg_small_vdd.csv,1.1,False,VALIDATED
356,c_cmd_len[22]$_DFFE_PN0N_,clk_core,4.75,0.7,0.00037194757809998896,4.7496280524219,recovery,measured_vdd,orfs_ssd_ctrl_cfg_small,measured_droop/orfs_ssd_ctrl_cfg_small_vdd.csv,1.1,False,VALIDATED
357,c_cmd_len[25]$_DFFE_PN0N_,clk_core,4.75,0.7,0.00037194757809998896,4.7496280524219,recovery,measured_vdd,orfs_ssd_ctrl_cfg_small,measured_droop/orfs_ssd_ctrl_cfg_small_vdd.csv,1.1,False,VALIDATED
360,c_cmd_len[26]$_DFFE_PN0N_,clk_core,4.75,0.7,0.0003663586305027722,4.749633641369497,recovery,measured_vdd,orfs_ssd_ctrl_cfg_small,measured_droop/orfs_ssd_ctrl_cfg_small_vdd.csv,1.1,False,VALIDATED
363,u_seq_core.addr_q[12]$_DFFE_PN0P_,clk_core,4.76,0.69,0.00037160345413845414,4.759628396545861,recovery,measured_vdd,orfs_ssd_ctrl_cfg_small,measured_droop/orfs_ssd_ctrl_cfg_small_vdd.csv,1.1,False,VALIDATED
365,u_seq_core.addr_q[0]$_DFFE_PN0P_,clk_core,4.76,0.69,0.00037160345413845414,4.759628396545861,recovery,measured_vdd,orfs_ssd_ctrl_cfg_small,measured_droop/orfs_ssd_ctrl_cfg_small_vdd.csv,1.1,False,VALIDATED
362,c_cmd_len[21]$_DFFE_PN0N_,clk_core,4.76,0.7,0.00036910262411431194,4.759630897375885,recovery,measured_vdd,orfs_ssd_ctrl_cfg_small,measured_droop/orfs_ssd_ctrl_cfg_small_vdd.csv,1.1,False,VALIDATED
364,c_cmd_len[31]$_DFFE_PN0N_,clk_core,4.76,0.7,0.00036910262411431194,4.759630897375885,recovery,measured_vdd,orfs_ssd_ctrl_cfg_small,measured_droop/orfs_ssd_ctrl_cfg_small_vdd.csv,1.1,False,VALIDATED
371,c_cmd_len[28]$_DFFE_PN0N_,clk_core,4.76,0.7,0.00036910262411431194,4.759630897375885,recovery,measured_vdd,orfs_ssd_ctrl_cfg_small,measured_droop/orfs_ssd_ctrl_cfg_small_vdd.csv,1.1,False,VALIDATED
369,u_seq_core.addr_q[16]$_DFFE_PN0P_,clk_core,4.76,0.68,0.0003662178968320412,4.759633782103168,recovery,measured_vdd,orfs_ssd_ctrl_cfg_small,measured_droop/orfs_ssd_ctrl_cfg_small_vdd.csv,1.1,False,VALIDATED
372,c_cmd_len[30]$_DFFE_PN0N_,clk_core,4.76,0.69,0.00036382972948412196,4.759636170270515,recovery,measured_vdd,orfs_ssd_ctrl_cfg_small,measured_droop/orfs_ssd_ctrl_cfg_small_vdd.csv,1.1,False,VALIDATED
370,c_cmd_addr[31]$_DFFE_PN0N_,clk_core,4.76,0.69,0.00036112493578131094,4.759638875064218,recovery,measured_vdd,orfs_ssd_ctrl_cfg_small,measured_droop/orfs_ssd_ctrl_cfg_small_vdd.csv,1.1,False,VALIDATED
368,c_cmd_len[27]$_DFFE_PN0N_,clk_core,4.76,0.69,0.00036112493578131094,4.759638875064218,recovery,measured_vdd,orfs_ssd_ctrl_cfg_small,measured_droop/orfs_ssd_ctrl_cfg_small_vdd.csv,1.1,False,VALIDATED
366,c_cmd_len[29]$_DFFE_PN0N_,clk_core,4.76,0.69,0.00036112493578131094,4.759638875064218,recovery,measured_vdd,orfs_ssd_ctrl_cfg_small,measured_droop/orfs_ssd_ctrl_cfg_small_vdd.csv,1.1,False,VALIDATED
367,c_cmd_addr[20]$_DFFE_PN0N_,clk_core,4.76,0.69,0.00036112493578131094,4.759638875064218,recovery,measured_vdd,orfs_ssd_ctrl_cfg_small,measured_droop/orfs_ssd_ctrl_cfg_small_vdd.csv,1.1,False,VALIDATED
374,c_cmd_len[11]$_DFFE_PN0N_,clk_core,4.77,0.69,0.00036382972948412196,4.769636170270515,recovery,measured_vdd,orfs_ssd_ctrl_cfg_small,measured_droop/orfs_ssd_ctrl_cfg_small_vdd.csv,1.1,False,VALIDATED
373,c_cmd_addr[22]$_DFFE_PN0N_,clk_core,4.77,0.69,0.00036382972948412196,4.769636170270515,recovery,measured_vdd,orfs_ssd_ctrl_cfg_small,measured_droop/orfs_ssd_ctrl_cfg_small_vdd.csv,1.1,False,VALIDATED
809,u_host_if.reg_len[0]$_DFFE_PN0P_,clk_host,6.54,3.7,0.0021930164791455486,6.537806983520855,setup,measured_vdd,orfs_ssd_ctrl_cfg_small,measured_droop/orfs_ssd_ctrl_cfg_small_vdd.csv,1.1,False,VALIDATED
803,u_host_if.reg_len[3]$_DFFE_PN0P_,clk_host,6.54,3.7,0.002134979799627873,6.537865020200372,setup,measured_vdd,orfs_ssd_ctrl_cfg_small,measured_droop/orfs_ssd_ctrl_cfg_small_vdd.csv,1.1,False,VALIDATED
805,u_host_if.repack_q[9]$_DFFE_PN0P_,clk_host,6.54,3.69,0.002091813430328382,6.5379081865696715,setup,measured_vdd,orfs_ssd_ctrl_cfg_small,measured_droop/orfs_ssd_ctrl_cfg_small_vdd.csv,1.1,False,VALIDATED
811,u_host_if.repack_q[13]$_DFFE_PN0P_,clk_host,6.54,3.68,0.0020776972019458106,6.537922302798054,setup,measured_vdd,orfs_ssd_ctrl_cfg_small,measured_droop/orfs_ssd_ctrl_cfg_small_vdd.csv,1.1,False,VALIDATED
810,u_host_if.repack_q[8]$_DFFE_PN0P_,clk_host,6.54,3.69,0.0020745214130409584,6.537925478586959,setup,measured_vdd,orfs_ssd_ctrl_cfg_small,measured_droop/orfs_ssd_ctrl_cfg_small_vdd.csv,1.1,False,VALIDATED
812,u_host_if.repack_q[11]$_DFFE_PN0P_,clk_host,6.54,3.69,0.0020745214130409584,6.537925478586959,setup,measured_vdd,orfs_ssd_ctrl_cfg_small,measured_droop/orfs_ssd_ctrl_cfg_small_vdd.csv,1.1,False,VALIDATED
801,u_host_if.reg_len[9]$_DFFE_PN0P_,clk_host,6.54,3.7,0.0020597881461797696,6.537940211853821,setup,measured_vdd,orfs_ssd_ctrl_cfg_small,measured_droop/orfs_ssd_ctrl_cfg_small_vdd.csv,1.1,False,VALIDATED
806,u_host_if.repack_q[7]$_DFFE_PN0P_,clk_host,6.54,3.69,0.002057229395753535,6.537942770604246,setup,measured_vdd,orfs_ssd_ctrl_cfg_small,measured_droop/orfs_ssd_ctrl_cfg_small_vdd.csv,1.1,False,VALIDATED
807,u_host_if.repack_q[5]$_DFFE_PN0P_,clk_host,6.54,3.69,0.002057229395753535,6.537942770604246,setup,measured_vdd,orfs_ssd_ctrl_cfg_small,measured_droop/orfs_ssd_ctrl_cfg_small_vdd.csv,1.1,False,VALIDATED
804,u_host_if.repack_q[1]$_DFFE_PN0P_,clk_host,6.54,3.69,0.002057229395753535,6.537942770604246,setup,measured_vdd,orfs_ssd_ctrl_cfg_small,measured_droop/orfs_ssd_ctrl_cfg_small_vdd.csv,1.1,False,VALIDATED
808,u_host_if.repack_q[2]$_DFFE_PN0P_,clk_host,6.54,3.69,0.002057229395753535,6.537942770604246,setup,measured_vdd,orfs_ssd_ctrl_cfg_small,measured_droop/orfs_ssd_ctrl_cfg_small_vdd.csv,1.1,False,VALIDATED
802,u_host_if.reg_len[11]$_DFFE_PN0P_,clk_host,6.54,3.7,0.00205342090289673,6.537946579097103,setup,measured_vdd,orfs_ssd_ctrl_cfg_small,measured_droop/orfs_ssd_ctrl_cfg_small_vdd.csv,1.1,False,VALIDATED
813,u_host_if.reg_len[1]$_DFFE_PN0P_,clk_host,6.55,3.7,0.0022181441437904015,6.5477818558562095,setup,measured_vdd,orfs_ssd_ctrl_cfg_small,measured_droop/orfs_ssd_ctrl_cfg_small_vdd.csv,1.1,False,VALIDATED
831,u_host_if.reg_len[13]$_DFFE_PN0P_,clk_host,6.55,3.69,0.002148963903553597,6.547851036096446,setup,measured_vdd,orfs_ssd_ctrl_cfg_small,measured_droop/orfs_ssd_ctrl_cfg_small_vdd.csv,1.1,False,VALIDATED
817,u_host_if.reg_len[2]$_DFFE_PN0P_,clk_host,6.55,3.7,0.0021409861718326706,6.547859013828167,setup,measured_vdd,orfs_ssd_ctrl_cfg_small,measured_droop/orfs_ssd_ctrl_cfg_small_vdd.csv,1.1,False,VALIDATED
818,u_host_if.reg_len[8]$_DFFE_PN0P_,clk_host,6.55,3.7,0.0021409861718326706,6.547859013828167,setup,measured_vdd,orfs_ssd_ctrl_cfg_small,measured_droop/orfs_ssd_ctrl_cfg_small_vdd.csv,1.1,False,VALIDATED
814,u_host_if.reg_len[7]$_DFFE_PN0P_,clk_host,6.55,3.7,0.0021217046260314787,6.547878295373969,setup,measured_vdd,orfs_ssd_ctrl_cfg_small,measured_droop/orfs_ssd_ctrl_cfg_small_vdd.csv,1.1,False,VALIDATED
826,u_host_if.reg_len[14]$_DFFE_PN0P_,clk_host,6.55,3.69,0.002091624174389378,6.54790837582561,setup,measured_vdd,orfs_ssd_ctrl_cfg_small,measured_droop/orfs_ssd_ctrl_cfg_small_vdd.csv,1.1,False,VALIDATED
816,u_host_if.reg_len[5]$_DFFE_PN0P_,clk_host,6.55,3.7,0.0020787182161965956,6.547921281783803,setup,measured_vdd,orfs_ssd_ctrl_cfg_small,measured_droop/orfs_ssd_ctrl_cfg_small_vdd.csv,1.1,False,VALIDATED
825,u_host_if.reg_len[6]$_DFFE_PN0P_,clk_host,6.55,3.7,0.00207040357027935,6.547929596429721,setup,measured_vdd,orfs_ssd_ctrl_cfg_small,measured_droop/orfs_ssd_ctrl_cfg_small_vdd.csv,1.1,False,VALIDATED
815,u_host_if.repack_q[6]$_DFFE_PN0P_,clk_host,6.55,3.69,0.0020702862570044778,6.547929713742995,setup,measured_vdd,orfs_ssd_ctrl_cfg_small,measured_droop/orfs_ssd_ctrl_cfg_small_vdd.csv,1.1,False,VALIDATED
824,u_host_if.reg_len[30]$_DFFE_PN0P_,clk_host,6.55,3.69,0.0020582867835433893,6.547941713216456,setup,measured_vdd,orfs_ssd_ctrl_cfg_small,measured_droop/orfs_ssd_ctrl_cfg_small_vdd.csv,1.1,False,VALIDATED
827,u_host_if.reg_len[20]$_DFFE_PN0P_,clk_host,6.55,3.69,0.002029884026585743,6.547970115973414,setup,measured_vdd,orfs_ssd_ctrl_cfg_small,measured_droop/orfs_ssd_ctrl_cfg_small_vdd.csv,1.1,False,VALIDATED
820,u_host_if.reg_len[4]$_DFFE_PN0P_,clk_host,6.55,3.7,0.0020274235522323714,6.547972576447767,setup,measured_vdd,orfs_ssd_ctrl_cfg_small,measured_droop/orfs_ssd_ctrl_cfg_small_vdd.csv,1.1,False,VALIDATED
833,u_host_if.repack_q[3]$_DFFE_PN0P_,clk_host,6.55,3.68,0.0020254463069429574,6.547974553693057,setup,measured_vdd,orfs_ssd_ctrl_cfg_small,measured_droop/orfs_ssd_ctrl_cfg_small_vdd.csv,1.1,False,VALIDATED
830,u_host_if.repack_q[4]$_DFFE_PN0P_,clk_host,6.55,3.69,0.002017893375873908,6.547982106624126,setup,measured_vdd,orfs_ssd_ctrl_cfg_small,measured_droop/orfs_ssd_ctrl_cfg_small_vdd.csv,1.1,False,VALIDATED
819,u_host_if.reg_len[10]$_DFFE_PN0P_,clk_host,6.55,3.7,0.002017343209159278,6.547982656790841,setup,measured_vdd,orfs_ssd_ctrl_cfg_small,measured_droop/orfs_ssd_ctrl_cfg_small_vdd.csv,1.1,False,VALIDATED
829,u_host_if.reg_len[21]$_DFFE_PN0P_,clk_host,6.55,3.69,0.0020101299761944025,6.547989870023805,setup,measured_vdd,orfs_ssd_ctrl_cfg_small,measured_droop/orfs_ssd_ctrl_cfg_small_vdd.csv,1.1,False,VALIDATED
828,u_host_if.reg_len[31]$_DFFE_PN0P_,clk_host,6.55,3.69,0.0020101299761944025,6.547989870023805,setup,measured_vdd,orfs_ssd_ctrl_cfg_small,measured_droop/orfs_ssd_ctrl_cfg_small_vdd.csv,1.1,False,VALIDATED
832,u_host_if.repack_q[15]$_DFFE_PN0P_,clk_host,6.55,3.68,0.0019994033533367594,6.548000596646663,setup,measured_vdd,orfs_ssd_ctrl_cfg_small,measured_droop/orfs_ssd_ctrl_cfg_small_vdd.csv,1.1,False,VALIDATED
823,u_host_if.reg_len[29]$_DFFE_PN0P_,clk_host,6.55,3.7,0.0019731397205250967,6.5480268602794744,setup,measured_vdd,orfs_ssd_ctrl_cfg_small,measured_droop/orfs_ssd_ctrl_cfg_small_vdd.csv,1.1,False,VALIDATED
822,u_host_if.reg_len[26]$_DFFE_PN0P_,clk_host,6.55,3.7,0.0019731397205250967,6.5480268602794744,setup,measured_vdd,orfs_ssd_ctrl_cfg_small,measured_droop/orfs_ssd_ctrl_cfg_small_vdd.csv,1.1,False,VALIDATED
821,u_host_if.reg_len[27]$_DFFE_PN0P_,clk_host,6.55,3.7,0.0019731397205250967,6.5480268602794744,setup,measured_vdd,orfs_ssd_ctrl_cfg_small,measured_droop/orfs_ssd_ctrl_cfg_small_vdd.csv,1.1,False,VALIDATED
843,u_host_if.reg_addr[11]$_DFFE_PN0P_,clk_host,6.56,3.68,0.0020896248598125666,6.557910375140187,setup,measured_vdd,orfs_ssd_ctrl_cfg_small,measured_droop/orfs_ssd_ctrl_cfg_small_vdd.csv,1.1,False,VALIDATED
840,u_host_if.reg_addr[30]$_DFFE_PN0P_,clk_host,6.56,3.68,0.0020737964250086005,6.557926203574991,setup,measured_vdd,orfs_ssd_ctrl_cfg_small,measured_droop/orfs_ssd_ctrl_cfg_small_vdd.csv,1.1,False,VALIDATED
839,u_host_if.reg_addr[10]$_DFFE_PN0P_,clk_host,6.56,3.68,0.0020737964250086005,6.557926203574991,setup,measured_vdd,orfs_ssd_ctrl_cfg_small,measured_droop/orfs_ssd_ctrl_cfg_small_vdd.csv,1.1,False,VALIDATED
835,u_host_if.repack_q[12]$_DFFE_PN0P_,clk_host,6.56,3.68,0.0019983501605767284,6.558001649839423,setup,measured_vdd,orfs_ssd_ctrl_cfg_small,measured_droop/orfs_ssd_ctrl_cfg_small_vdd.csv,1.1,False,VALIDATED
836,u_host_if.repack_q[10]$_DFFE_PN0P_,clk_host,6.56,3.68,0.0019983501605767284,6.558001649839423,setup,measured_vdd,orfs_ssd_ctrl_cfg_small,measured_droop/orfs_ssd_ctrl_cfg_small_vdd.csv,1.1,False,VALIDATED
834,u_host_if.reg_len[28]$_DFFE_PN0P_,clk_host,6.56,3.7,0.001998246156462019,6.558001753843538,setup,measured_vdd,orfs_ssd_ctrl_cfg_small,measured_droop/orfs_ssd_ctrl_cfg_small_vdd.csv,1.1,False,VALIDATED
842,u_host_if.reg_addr[27]$_DFFE_PN0P_,clk_host,6.56,3.68,0.0019910112728802054,6.55800898872712,setup,measured_vdd,orfs_ssd_ctrl_cfg_small,measured_droop/orfs_ssd_ctrl_cfg_small_vdd.csv,1.1,False,VALIDATED
841,u_host_if.reg_addr[26]$_DFFE_PN0P_,clk_host,6.56,3.68,0.001989388332670816,6.558010611667329,setup,measured_vdd,orfs_ssd_ctrl_cfg_small,measured_droop/orfs_ssd_ctrl_cfg_small_vdd.csv,1.1,False,VALIDATED
837,u_host_if.repack_q[16]$_DFFE_PN0P_,clk_host,6.56,3.68,0.0019853286837736295,6.558014671316226,setup,measured_vdd,orfs_ssd_ctrl_cfg_small,measured_droop/orfs_ssd_ctrl_cfg_small_vdd.csv,1.1,False,VALIDATED
844,u_host_if.reg_addr[28]$_DFFE_PN0P_,clk_host,6.56,3.68,0.001956527303370481,6.558043472696629,setup,measured_vdd,orfs_ssd_ctrl_cfg_small,measured_droop/orfs_ssd_ctrl_cfg_small_vdd.csv,1.1,False,VALIDATED
838,u_host_if.repack_q[19]$_DFFE_PN0P_,clk_host,6.56,3.68,0.0019503229442227321,6.558049677055777,setup,measured_vdd,orfs_ssd_ctrl_cfg_small,measured_droop/orfs_ssd_ctrl_cfg_small_vdd.csv,1.1,False,VALIDATED
849,u_host_if.reg_addr[7]$_DFFE_PN0P_,clk_host,6.57,3.67,0.0021215974658568837,6.567878402534143,setup,measured_vdd,orfs_ssd_ctrl_cfg_small,measured_droop/orfs_ssd_ctrl_cfg_small_vdd.csv,1.1,False,VALIDATED
846,u_host_if.reg_addr[9]$_DFFE_PN0P_,clk_host,6.57,3.67,0.002106210537068609,6.567893789462932,setup,measured_vdd,orfs_ssd_ctrl_cfg_small,measured_droop/orfs_ssd_ctrl_cfg_small_vdd.csv,1.1,False,VALIDATED
850,u_host_if.reg_addr[5]$_DFFE_PN0P_,clk_host,6.57,3.67,0.0020908278192369734,6.567909172180763,setup,measured_vdd,orfs_ssd_ctrl_cfg_small,measured_droop/orfs_ssd_ctrl_cfg_small_vdd.csv,1.1,False,VALIDATED
847,u_host_if.reg_addr[4]$_DFFE_PN0P_,clk_host,6.57,3.68,0.0020811016723072395,6.567918898327693,setup,measured_vdd,orfs_ssd_ctrl_cfg_small,measured_droop/orfs_ssd_ctrl_cfg_small_vdd.csv,1.1,False,VALIDATED
848,u_host_if.reg_addr[3]$_DFFE_PN0P_,clk_host,6.57,3.68,0.0020790724174605812,6.56792092758254,setup,measured_vdd,orfs_ssd_ctrl_cfg_small,measured_droop/orfs_ssd_ctrl_cfg_small_vdd.csv,1.1,False,VALIDATED
845,u_host_if.reg_addr[29]$_DFFE_PN0P_,clk_host,6.57,3.68,0.0019457782014083436,6.568054221798592,setup,measured_vdd,orfs_ssd_ctrl_cfg_small,measured_droop/orfs_ssd_ctrl_cfg_small_vdd.csv,1.1,False,VALIDATED
855,u_host_if.reg_addr[0]$_DFFE_PN0P_,clk_host,6.58,3.66,0.0023214283954132164,6.5776785716045865,setup,measured_vdd,orfs_ssd_ctrl_cfg_small,measured_droop/orfs_ssd_ctrl_cfg_small_vdd.csv,1.1,False,VALIDATED
854,u_host_if.reg_addr[1]$_DFFE_PN0P_,clk_host,6.58,3.66,0.002292112035811089,6.577707887964189,setup,measured_vdd,orfs_ssd_ctrl_cfg_small,measured_droop/orfs_ssd_ctrl_cfg_small_vdd.csv,1.1,False,VALIDATED
853,u_host_if.reg_addr[2]$_DFFE_PN0P_,clk_host,6.58,3.67,0.0022122988436905078,6.57778770115631,setup,measured_vdd,orfs_ssd_ctrl_cfg_small,measured_droop/orfs_ssd_ctrl_cfg_small_vdd.csv,1.1,False,VALIDATED
852,u_host_if.reg_addr[8]$_DFFE_PN0P_,clk_host,6.58,3.67,0.002162900006972779,6.577837099993027,setup,measured_vdd,orfs_ssd_ctrl_cfg_small,measured_droop/orfs_ssd_ctrl_cfg_small_vdd.csv,1.1,False,VALIDATED
851,u_host_if.reg_addr[6]$_DFFE_PN0P_,clk_host,6.58,3.67,0.002162900006972779,6.577837099993027,setup,measured_vdd,orfs_ssd_ctrl_cfg_small,measured_droop/orfs_ssd_ctrl_cfg_small_vdd.csv,1.1,False,VALIDATED
857,u_host_if.reg_addr[13]$_DFFE_PN0P_,clk_host,6.59,3.65,0.002299549247660737,6.587700450752339,setup,measured_vdd,orfs_ssd_ctrl_cfg_small,measured_droop/orfs_ssd_ctrl_cfg_small_vdd.csv,1.1,False,VALIDATED
872,s_rvalid,clk_host,6.59,0.41,0.0002589801964745231,6.589741019803525,setup,measured_vdd,orfs_ssd_ctrl_cfg_small,measured_droop/orfs_ssd_ctrl_cfg_small_vdd.csv,1.1,False,VALIDATED
878,s_rdata[2],clk_host,6.59,0.41,0.0002565318853002957,6.589743468114699,setup,measured_vdd,orfs_ssd_ctrl_cfg_small,measured_droop/orfs_ssd_ctrl_cfg_small_vdd.csv,1.1,False,VALIDATED
875,s_rdata[21],clk_host,6.59,0.41,0.0002565318853002957,6.589743468114699,setup,measured_vdd,orfs_ssd_ctrl_cfg_small,measured_droop/orfs_ssd_ctrl_cfg_small_vdd.csv,1.1,False,VALIDATED
877,s_rdata[31],clk_host,6.59,0.41,0.0002565318853002957,6.589743468114699,setup,measured_vdd,orfs_ssd_ctrl_cfg_small,measured_droop/orfs_ssd_ctrl_cfg_small_vdd.csv,1.1,False,VALIDATED
865,s_rdata[3],clk_host,6.59,0.41,0.0002565318853002957,6.589743468114699,setup,measured_vdd,orfs_ssd_ctrl_cfg_small,measured_droop/orfs_ssd_ctrl_cfg_small_vdd.csv,1.1,False,VALIDATED
858,s_rdata[10],clk_host,6.59,0.41,0.0002435851303119324,6.589756414869688,setup,measured_vdd,orfs_ssd_ctrl_cfg_small,measured_droop/orfs_ssd_ctrl_cfg_small_vdd.csv,1.1,False,VALIDATED
870,s_rdata[8],clk_host,6.59,0.41,0.0002435851303119324,6.589756414869688,setup,measured_vdd,orfs_ssd_ctrl_cfg_small,measured_droop/orfs_ssd_ctrl_cfg_small_vdd.csv,1.1,False,VALIDATED
860,s_rdata[19],clk_host,6.59,0.41,0.0002435851303119324,6.589756414869688,setup,measured_vdd,orfs_ssd_ctrl_cfg_small,measured_droop/orfs_ssd_ctrl_cfg_small_vdd.csv,1.1,False,VALIDATED
859,s_rdata[18],clk_host,6.59,0.41,0.0002435851303119324,6.589756414869688,setup,measured_vdd,orfs_ssd_ctrl_cfg_small,measured_droop/orfs_ssd_ctrl_cfg_small_vdd.csv,1.1,False,VALIDATED
863,s_rdata[11],clk_host,6.59,0.41,0.0002435851303119324,6.589756414869688,setup,measured_vdd,orfs_ssd_ctrl_cfg_small,measured_droop/orfs_ssd_ctrl_cfg_small_vdd.csv,1.1,False,VALIDATED
864,s_rdata[16],clk_host,6.59,0.41,0.0002435851303119324,6.589756414869688,setup,measured_vdd,orfs_ssd_ctrl_cfg_small,measured_droop/orfs_ssd_ctrl_cfg_small_vdd.csv,1.1,False,VALIDATED
873,s_rdata[7],clk_host,6.59,0.41,0.00024093742339409419,6.589759062576606,setup,measured_vdd,orfs_ssd_ctrl_cfg_small,measured_droop/orfs_ssd_ctrl_cfg_small_vdd.csv,1.1,False,VALIDATED
867,s_rdata[6],clk_host,6.59,0.41,0.00023828971647625596,6.589761710283524,setup,measured_vdd,orfs_ssd_ctrl_cfg_small,measured_droop/orfs_ssd_ctrl_cfg_small_vdd.csv,1.1,False,VALIDATED
874,s_rdata[4],clk_host,6.59,0.41,0.00023828971647625596,6.589761710283524,setup,measured_vdd,orfs_ssd_ctrl_cfg_small,measured_droop/orfs_ssd_ctrl_cfg_small_vdd.csv,1.1,False,VALIDATED
869,s_rdata[5],clk_host,6.59,0.41,0.00023828971647625596,6.589761710283524,setup,measured_vdd,orfs_ssd_ctrl_cfg_small,measured_droop/orfs_ssd_ctrl_cfg_small_vdd.csv,1.1,False,VALIDATED
871,s_rdata[14],clk_host,6.59,0.41,0.00022487722936982701,6.58977512277063,setup,measured_vdd,orfs_ssd_ctrl_cfg_small,measured_droop/orfs_ssd_ctrl_cfg_small_vdd.csv,1.1,False,VALIDATED
876,s_rdata[15],clk_host,6.59,0.41,0.00022487722936982701,6.58977512277063,setup,measured_vdd,orfs_ssd_ctrl_cfg_small,measured_droop/orfs_ssd_ctrl_cfg_small_vdd.csv,1.1,False,VALIDATED
868,s_rdata[17],clk_host,6.59,0.41,0.00022487722936982701,6.58977512277063,setup,measured_vdd,orfs_ssd_ctrl_cfg_small,measured_droop/orfs_ssd_ctrl_cfg_small_vdd.csv,1.1,False,VALIDATED
866,s_rdata[13],clk_host,6.59,0.41,0.0002122916563224303,6.589787708343677,setup,measured_vdd,orfs_ssd_ctrl_cfg_small,measured_droop/orfs_ssd_ctrl_cfg_small_vdd.csv,1.1,False,VALIDATED
861,s_rdata[12],clk_host,6.59,0.41,0.0002122916563224303,6.589787708343677,setup,measured_vdd,orfs_ssd_ctrl_cfg_small,measured_droop/orfs_ssd_ctrl_cfg_small_vdd.csv,1.1,False,VALIDATED
862,s_rdata[20],clk_host,6.59,0.41,0.0002122916563224303,6.589787708343677,setup,measured_vdd,orfs_ssd_ctrl_cfg_small,measured_droop/orfs_ssd_ctrl_cfg_small_vdd.csv,1.1,False,VALIDATED
856,s_rdata[9],clk_host,6.59,0.41,0.0002122916563224303,6.589787708343677,setup,measured_vdd,orfs_ssd_ctrl_cfg_small,measured_droop/orfs_ssd_ctrl_cfg_small_vdd.csv,1.1,False,VALIDATED
886,u_host_if.repack_emit$_DFF_PN0_,clk_host,6.6,3.62,0.002018203363855886,6.597981796636144,setup,measured_vdd,orfs_ssd_ctrl_cfg_small,measured_droop/orfs_ssd_ctrl_cfg_small_vdd.csv,1.1,False,VALIDATED
887,s_rdata[28],clk_host,6.6,0.4,0.0002571660427752309,6.599742833957224,setup,measured_vdd,orfs_ssd_ctrl_cfg_small,measured_droop/orfs_ssd_ctrl_cfg_small_vdd.csv,1.1,False,VALIDATED
888,s_rdata[30],clk_host,6.6,0.4,0.0002571660427752309,6.599742833957224,setup,measured_vdd,orfs_ssd_ctrl_cfg_small,measured_droop/orfs_ssd_ctrl_cfg_small_vdd.csv,1.1,False,VALIDATED
884,s_rdata[23],clk_host,6.6,0.4,0.0002571660427752309,6.599742833957224,setup,measured_vdd,orfs_ssd_ctrl_cfg_small,measured_droop/orfs_ssd_ctrl_cfg_small_vdd.csv,1.1,False,VALIDATED
880,s_rdata[1],clk_host,6.6,0.4,0.0002571660427752309,6.599742833957224,setup,measured_vdd,orfs_ssd_ctrl_cfg_small,measured_droop/orfs_ssd_ctrl_cfg_small_vdd.csv,1.1,False,VALIDATED
879,s_rdata[0],clk_host,6.6,0.4,0.0002571660427752309,6.599742833957224,setup,measured_vdd,orfs_ssd_ctrl_cfg_small,measured_droop/orfs_ssd_ctrl_cfg_small_vdd.csv,1.1,False,VALIDATED
890,s_rdata[29],clk_host,6.6,0.4,0.00023879216261077363,6.599761207837389,setup,measured_vdd,orfs_ssd_ctrl_cfg_small,measured_droop/orfs_ssd_ctrl_cfg_small_vdd.csv,1.1,False,VALIDATED
891,s_rdata[22],clk_host,6.6,0.4,0.00023879216261077363,6.599761207837389,setup,measured_vdd,orfs_ssd_ctrl_cfg_small,measured_droop/orfs_ssd_ctrl_cfg_small_vdd.csv,1.1,False,VALIDATED
889,s_rdata[24],clk_host,6.6,0.4,0.00023879216261077363,6.599761207837389,setup,measured_vdd,orfs_ssd_ctrl_cfg_small,measured_droop/orfs_ssd_ctrl_cfg_small_vdd.csv,1.1,False,VALIDATED
881,s_rdata[25],clk_host,6.6,0.4,0.0002356020145174026,6.599764397985482,setup,measured_vdd,orfs_ssd_ctrl_cfg_small,measured_droop/orfs_ssd_ctrl_cfg_small_vdd.csv,1.1,False,VALIDATED
882,s_bvalid,clk_host,6.6,0.4,0.00023438645221293686,6.5997656135477865,setup,measured_vdd,orfs_ssd_ctrl_cfg_small,measured_droop/orfs_ssd_ctrl_cfg_small_vdd.csv,1.1,False,VALIDATED
885,s_rdata[27],clk_host,6.6,0.4,0.00022595039506287384,6.599774049604937,setup,measured_vdd,orfs_ssd_ctrl_cfg_small,measured_droop/orfs_ssd_ctrl_cfg_small_vdd.csv,1.1,False,VALIDATED
883,s_rdata[26],clk_host,6.6,0.4,0.00022595039506287384,6.599774049604937,setup,measured_vdd,orfs_ssd_ctrl_cfg_small,measured_droop/orfs_ssd_ctrl_cfg_small_vdd.csv,1.1,False,VALIDATED
894,s_arready,clk_host,6.62,0.38,0.00024003042600075075,6.619759969573999,setup,measured_vdd,orfs_ssd_ctrl_cfg_small,measured_droop/orfs_ssd_ctrl_cfg_small_vdd.csv,1.1,False,VALIDATED
892,s_awready,clk_host,6.62,0.38,0.00023497755580846602,6.6197650224441915,setup,measured_vdd,orfs_ssd_ctrl_cfg_small,measured_droop/orfs_ssd_ctrl_cfg_small_vdd.csv,1.1,False,VALIDATED
893,s_wready,clk_host,6.62,0.38,0.00023497755580846602,6.6197650224441915,setup,measured_vdd,orfs_ssd_ctrl_cfg_small,measured_droop/orfs_ssd_ctrl_cfg_small_vdd.csv,1.1,False,VALIDATED
895,u_host_if.reg_len[22]$_DFFE_PN0P_,clk_host,6.67,3.57,0.0019810012302884372,6.668018998769711,setup,measured_vdd,orfs_ssd_ctrl_cfg_small,measured_droop/orfs_ssd_ctrl_cfg_small_vdd.csv,1.1,False,VALIDATED
896,u_host_if.reg_len[12]$_DFFE_PN0P_,clk_host,6.67,3.57,0.0019557756289121375,6.668044224371088,setup,measured_vdd,orfs_ssd_ctrl_cfg_small,measured_droop/orfs_ssd_ctrl_cfg_small_vdd.csv,1.1,False,VALIDATED
903,u_host_if.reg_len[24]$_DFFE_PN0P_,clk_host,6.67,3.57,0.0019526565854643962,6.6680473434145355,setup,measured_vdd,orfs_ssd_ctrl_cfg_small,measured_droop/orfs_ssd_ctrl_cfg_small_vdd.csv,1.1,False,VALIDATED
902,u_host_if.reg_len[17]$_DFFE_PN0P_,clk_host,6.67,3.57,0.0019526565854643962,6.6680473434145355,setup,measured_vdd,orfs_ssd_ctrl_cfg_small,measured_droop/orfs_ssd_ctrl_cfg_small_vdd.csv,1.1,False,VALIDATED
897,u_host_if.reg_len[19]$_DFFE_PN0P_,clk_host,6.67,3.57,0.001949367160388571,6.668050632839611,setup,measured_vdd,orfs_ssd_ctrl_cfg_small,measured_droop/orfs_ssd_ctrl_cfg_small_vdd.csv,1.1,False,VALIDATED
898,u_host_if.reg_len[15]$_DFFE_PN0P_,clk_host,6.67,3.57,0.001949367160388571,6.668050632839611,setup,measured_vdd,orfs_ssd_ctrl_cfg_small,measured_droop/orfs_ssd_ctrl_cfg_small_vdd.csv,1.1,False,VALIDATED
905,u_host_if.repack_q[17]$_DFFE_PN0P_,clk_host,6.67,3.56,0.0019222118891424889,6.668077788110858,setup,measured_vdd,orfs_ssd_ctrl_cfg_small,measured_droop/orfs_ssd_ctrl_cfg_small_vdd.csv,1.1,False,VALIDATED
904,u_host_if.reg_len[18]$_DFFE_PN0P_,clk_host,6.67,3.57,0.00189854912871823,6.668101450871282,setup,measured_vdd,orfs_ssd_ctrl_cfg_small,measured_droop/orfs_ssd_ctrl_cfg_small_vdd.csv,1.1,False,VALIDATED
901,u_host_if.reg_len[23]$_DFFE_PN0P_,clk_host,6.67,3.57,0.0018539481477486408,6.6681460518522515,setup,measured_vdd,orfs_ssd_ctrl_cfg_small,measured_droop/orfs_ssd_ctrl_cfg_small_vdd.csv,1.1,False,VALIDATED
900,u_host_if.reg_len[16]$_DFFE_PN0P_,clk_host,6.67,3.57,0.0018539481477486408,6.6681460518522515,setup,measured_vdd,orfs_ssd_ctrl_cfg_small,measured_droop/orfs_ssd_ctrl_cfg_small_vdd.csv,1.1,False,VALIDATED
899,u_host_if.reg_len[25]$_DFFE_PN0P_,clk_host,6.67,3.57,0.0018539481477486408,6.6681460518522515,setup,measured_vdd,orfs_ssd_ctrl_cfg_small,measured_droop/orfs_ssd_ctrl_cfg_small_vdd.csv,1.1,False,VALIDATED
927,u_host_if.reg_addr[22]$_DFFE_PN0P_,clk_host,6.68,3.56,0.0021736887566531915,6.677826311243346,setup,measured_vdd,orfs_ssd_ctrl_cfg_small,measured_droop/orfs_ssd_ctrl_cfg_small_vdd.csv,1.1,False,VALIDATED
924,u_host_if.reg_addr[14]$_DFFE_PN0P_,clk_host,6.68,3.56,0.002139857629926356,6.677860142370073,setup,measured_vdd,orfs_ssd_ctrl_cfg_small,measured_droop/orfs_ssd_ctrl_cfg_small_vdd.csv,1.1,False,VALIDATED
926,u_host_if.reg_addr[19]$_DFFE_PN0P_,clk_host,6.68,3.56,0.0021317710286757885,6.677868228971324,setup,measured_vdd,orfs_ssd_ctrl_cfg_small,measured_droop/orfs_ssd_ctrl_cfg_small_vdd.csv,1.1,False,VALIDATED
912,u_host_if.reg_addr[23]$_DFFE_PN0P_,clk_host,6.68,3.56,0.0021045392187722944,6.677895460781228,setup,measured_vdd,orfs_ssd_ctrl_cfg_small,measured_droop/orfs_ssd_ctrl_cfg_small_vdd.csv,1.1,False,VALIDATED
920,u_host_if.reg_addr[20]$_DFFE_PN0P_,clk_host,6.68,3.56,0.0020300829429657496,6.677969917057034,setup,measured_vdd,orfs_ssd_ctrl_cfg_small,measured_droop/orfs_ssd_ctrl_cfg_small_vdd.csv,1.1,False,VALIDATED
923,u_host_if.reg_addr[31]$_DFFE_PN0P_,clk_host,6.68,3.56,0.0019824376723741044,6.678017562327626,setup,measured_vdd,orfs_ssd_ctrl_cfg_small,measured_droop/orfs_ssd_ctrl_cfg_small_vdd.csv,1.1,False,VALIDATED
922,u_host_if.reg_addr[21]$_DFFE_PN0P_,clk_host,6.68,3.56,0.0019824376723741044,6.678017562327626,setup,measured_vdd,orfs_ssd_ctrl_cfg_small,measured_droop/orfs_ssd_ctrl_cfg_small_vdd.csv,1.1,False,VALIDATED
919,u_host_if.repack_q[18]$_DFFE_PN0P_,clk_host,6.68,3.56,0.0019105444018373552,6.678089455598163,setup,measured_vdd,orfs_ssd_ctrl_cfg_small,measured_droop/orfs_ssd_ctrl_cfg_small_vdd.csv,1.1,False,VALIDATED
921,u_host_if.repack_q[14]$_DFFE_PN0P_,clk_host,6.68,3.56,0.0019105444018373552,6.678089455598163,setup,measured_vdd,orfs_ssd_ctrl_cfg_small,measured_droop/orfs_ssd_ctrl_cfg_small_vdd.csv,1.1,False,VALIDATED
918,u_host_if.repack_q[29]$_DFFE_PN0P_,clk_host,6.68,3.56,0.0019105444018373552,6.678089455598163,setup,measured_vdd,orfs_ssd_ctrl_cfg_small,measured_droop/orfs_ssd_ctrl_cfg_small_vdd.csv,1.1,False,VALIDATED
925,u_host_if.repack_q[27]$_DFFE_PN0P_,clk_host,6.68,3.56,0.0019105444018373552,6.678089455598163,setup,measured_vdd,orfs_ssd_ctrl_cfg_small,measured_droop/orfs_ssd_ctrl_cfg_small_vdd.csv,1.1,False,VALIDATED
917,u_host_if.repack_q[22]$_DFFE_PN0P_,clk_host,6.68,3.56,0.0019052585616062823,6.678094741438393,setup,measured_vdd,orfs_ssd_ctrl_cfg_small,measured_droop/orfs_ssd_ctrl_cfg_small_vdd.csv,1.1,False,VALIDATED
916,u_host_if.repack_q[0]$_DFFE_PN0P_,clk_host,6.68,3.56,0.0019005170301101826,6.678099482969889,setup,measured_vdd,orfs_ssd_ctrl_cfg_small,measured_droop/orfs_ssd_ctrl_cfg_small_vdd.csv,1.1,False,VALIDATED
907,u_host_if.repack_q[26]$_DFFE_PN0P_,clk_host,6.68,3.56,0.001897600546942102,6.678102399453057,setup,measured_vdd,orfs_ssd_ctrl_cfg_small,measured_droop/orfs_ssd_ctrl_cfg_small_vdd.csv,1.1,False,VALIDATED
906,u_host_if.repack_q[28]$_DFFE_PN0P_,clk_host,6.68,3.56,0.001897600546942102,6.678102399453057,setup,measured_vdd,orfs_ssd_ctrl_cfg_small,measured_droop/orfs_ssd_ctrl_cfg_small_vdd.csv,1.1,False,VALIDATED
914,u_host_if.repack_q[30]$_DFFE_PN0P_,clk_host,6.68,3.56,0.001897600546942102,6.678102399453057,setup,measured_vdd,orfs_ssd_ctrl_cfg_small,measured_droop/orfs_ssd_ctrl_cfg_small_vdd.csv,1.1,False,VALIDATED
913,u_host_if.repack_q[21]$_DFFE_PN0P_,clk_host,6.68,3.57,0.0018811834299361507,6.678118816570064,setup,measured_vdd,orfs_ssd_ctrl_cfg_small,measured_droop/orfs_ssd_ctrl_cfg_small_vdd.csv,1.1,False,VALIDATED
908,u_host_if.repack_q[20]$_DFFE_PN0P_,clk_host,6.68,3.57,0.0018638177311540716,6.678136182268846,setup,measured_vdd,orfs_ssd_ctrl_cfg_small,measured_droop/orfs_ssd_ctrl_cfg_small_vdd.csv,1.1,False,VALIDATED
910,u_host_if.repack_q[24]$_DFFE_PN0P_,clk_host,6.68,3.57,0.0018638177311540716,6.678136182268846,setup,measured_vdd,orfs_ssd_ctrl_cfg_small,measured_droop/orfs_ssd_ctrl_cfg_small_vdd.csv,1.1,False,VALIDATED
915,u_host_if.repack_q[31]$_DFFE_PN0P_,clk_host,6.68,3.57,0.0018638177311540716,6.678136182268846,setup,measured_vdd,orfs_ssd_ctrl_cfg_small,measured_droop/orfs_ssd_ctrl_cfg_small_vdd.csv,1.1,False,VALIDATED
911,u_host_if.repack_q[25]$_DFFE_PN0P_,clk_host,6.68,3.57,0.0018588829394513562,6.678141117060548,setup,measured_vdd,orfs_ssd_ctrl_cfg_small,measured_droop/orfs_ssd_ctrl_cfg_small_vdd.csv,1.1,False,VALIDATED
909,u_host_if.repack_q[23]$_DFFE_PN0P_,clk_host,6.68,3.57,0.0018391469704905905,6.678160853029509,setup,measured_vdd,orfs_ssd_ctrl_cfg_small,measured_droop/orfs_ssd_ctrl_cfg_small_vdd.csv,1.1,False,VALIDATED
931,u_host_if.reg_addr[15]$_DFFE_PN0P_,clk_host,6.69,3.54,0.002102454295769274,6.687897545704232,setup,measured_vdd,orfs_ssd_ctrl_cfg_small,measured_droop/orfs_ssd_ctrl_cfg_small_vdd.csv,1.1,False,VALIDATED
930,u_host_if.reg_addr[17]$_DFFE_PN0P_,clk_host,6.69,3.54,0.002102454295769274,6.687897545704232,setup,measured_vdd,orfs_ssd_ctrl_cfg_small,measured_droop/orfs_ssd_ctrl_cfg_small_vdd.csv,1.1,False,VALIDATED
929,u_host_if.reg_chmask[0]$_DFFE_PN0P_,clk_host,6.69,3.54,0.002065592856750398,6.68793440714325,setup,measured_vdd,orfs_ssd_ctrl_cfg_small,measured_droop/orfs_ssd_ctrl_cfg_small_vdd.csv,1.1,False,VALIDATED
928,u_host_if.reg_chmask[1]$_DFFE_PN0P_,clk_host,6.69,3.54,0.002065592856750398,6.68793440714325,setup,measured_vdd,orfs_ssd_ctrl_cfg_small,measured_droop/orfs_ssd_ctrl_cfg_small_vdd.csv,1.1,False,VALIDATED
937,u_host_if.s_rdata[14]$_DFFE_PN0P_,clk_host,6.7,3.54,0.002220767877577301,6.697779232122423,setup,measured_vdd,orfs_ssd_ctrl_cfg_small,measured_droop/orfs_ssd_ctrl_cfg_small_vdd.csv,1.1,False,VALIDATED
932,u_host_if.reg_addr[12]$_DFFE_PN0P_,clk_host,6.7,3.54,0.0020396254342509024,6.697960374565749,setup,measured_vdd,orfs_ssd_ctrl_cfg_small,measured_droop/orfs_ssd_ctrl_cfg_small_vdd.csv,1.1,False,VALIDATED
934,u_host_if.reg_addr[16]$_DFFE_PN0P_,clk_host,6.7,3.54,0.0020070437908621397,6.697992956209138,setup,measured_vdd,orfs_ssd_ctrl_cfg_small,measured_droop/orfs_ssd_ctrl_cfg_small_vdd.csv,1.1,False,VALIDATED
933,u_host_if.reg_addr[25]$_DFFE_PN0P_,clk_host,6.7,3.54,0.0020070437908621397,6.697992956209138,setup,measured_vdd,orfs_ssd_ctrl_cfg_small,measured_droop/orfs_ssd_ctrl_cfg_small_vdd.csv,1.1,False,VALIDATED
936,u_host_if.reg_addr[24]$_DFFE_PN0P_,clk_host,6.7,3.54,0.001974462147473377,6.698025537852526,setup,measured_vdd,orfs_ssd_ctrl_cfg_small,measured_droop/orfs_ssd_ctrl_cfg_small_vdd.csv,1.1,False,VALIDATED
935,u_host_if.reg_addr[18]$_DFFE_PN0P_,clk_host,6.7,3.54,0.001974462147473377,6.698025537852526,setup,measured_vdd,orfs_ssd_ctrl_cfg_small,measured_droop/orfs_ssd_ctrl_cfg_small_vdd.csv,1.1,False,VALIDATED
952,u_host_if.s_rdata[2]$_DFFE_PN0P_,clk_host,6.71,3.53,0.0023848313138118415,6.707615168686188,setup,measured_vdd,orfs_ssd_ctrl_cfg_small,measured_droop/orfs_ssd_ctrl_cfg_small_vdd.csv,1.1,False,VALIDATED
951,u_host_if.s_rdata[3]$_DFFE_PN0P_,clk_host,6.71,3.53,0.0023848313138118415,6.707615168686188,setup,measured_vdd,orfs_ssd_ctrl_cfg_small,measured_droop/orfs_ssd_ctrl_cfg_small_vdd.csv,1.1,False,VALIDATED
950,u_host_if.s_rdata[4]$_DFFE_PN0P_,clk_host,6.71,3.54,0.0023587735525489872,6.707641226447451,setup,measured_vdd,orfs_ssd_ctrl_cfg_small,measured_droop/orfs_ssd_ctrl_cfg_small_vdd.csv,1.1,False,VALIDATED
945,u_host_if.s_rdata[11]$_DFFE_PN0P_,clk_host,6.71,3.54,0.0023217220991247345,6.707678277900875,setup,measured_vdd,orfs_ssd_ctrl_cfg_small,measured_droop/orfs_ssd_ctrl_cfg_small_vdd.csv,1.1,False,VALIDATED
946,u_host_if.s_rdata[8]$_DFFE_PN0P_,clk_host,6.71,3.54,0.0023217220991247345,6.707678277900875,setup,measured_vdd,orfs_ssd_ctrl_cfg_small,measured_droop/orfs_ssd_ctrl_cfg_small_vdd.csv,1.1,False,VALIDATED
947,u_host_if.s_rdata[7]$_DFFE_PN0P_,clk_host,6.71,3.54,0.002302671524959665,6.7076973284750405,setup,measured_vdd,orfs_ssd_ctrl_cfg_small,measured_droop/orfs_ssd_ctrl_cfg_small_vdd.csv,1.1,False,VALIDATED
948,u_host_if.s_rdata[5]$_DFFE_PN0P_,clk_host,6.71,3.54,0.0022931462378771306,6.707706853762123,setup,measured_vdd,orfs_ssd_ctrl_cfg_small,measured_droop/orfs_ssd_ctrl_cfg_small_vdd.csv,1.1,False,VALIDATED
949,u_host_if.s_rdata[6]$_DFFE_PN0P_,clk_host,6.71,3.54,0.0022931462378771306,6.707706853762123,setup,measured_vdd,orfs_ssd_ctrl_cfg_small,measured_droop/orfs_ssd_ctrl_cfg_small_vdd.csv,1.1,False,VALIDATED
938,u_host_if.s_rdata[15]$_DFFE_PN0P_,clk_host,6.71,3.54,0.002220767877577301,6.707779232122423,setup,measured_vdd,orfs_ssd_ctrl_cfg_small,measured_droop/orfs_ssd_ctrl_cfg_small_vdd.csv,1.1,False,VALIDATED
940,u_host_if.s_rdata[17]$_DFFE_PN0P_,clk_host,6.71,3.54,0.002220767877577301,6.707779232122423,setup,measured_vdd,orfs_ssd_ctrl_cfg_small,measured_droop/orfs_ssd_ctrl_cfg_small_vdd.csv,1.1,False,VALIDATED
944,u_host_if.s_rdata[10]$_DFFE_PN0P_,clk_host,6.71,3.54,0.002209141918308788,6.707790858081691,setup,measured_vdd,orfs_ssd_ctrl_cfg_small,measured_droop/orfs_ssd_ctrl_cfg_small_vdd.csv,1.1,False,VALIDATED
941,u_host_if.s_rdata[13]$_DFFE_PN0P_,clk_host,6.71,3.54,0.0021528518279008146,6.7078471481721,setup,measured_vdd,orfs_ssd_ctrl_cfg_small,measured_droop/orfs_ssd_ctrl_cfg_small_vdd.csv,1.1,False,VALIDATED
942,u_host_if.s_rdata[9]$_DFFE_PN0P_,clk_host,6.71,3.54,0.0021528518279008146,6.7078471481721,setup,measured_vdd,orfs_ssd_ctrl_cfg_small,measured_droop/orfs_ssd_ctrl_cfg_small_vdd.csv,1.1,False,VALIDATED
943,u_host_if.s_rdata[20]$_DFFE_PN0P_,clk_host,6.71,3.54,0.0021528518279008146,6.7078471481721,setup,measured_vdd,orfs_ssd_ctrl_cfg_small,measured_droop/orfs_ssd_ctrl_cfg_small_vdd.csv,1.1,False,VALIDATED
939,u_host_if.s_rdata[12]$_DFFE_PN0P_,clk_host,6.71,3.54,0.0021528518279008146,6.7078471481721,setup,measured_vdd,orfs_ssd_ctrl_cfg_small,measured_droop/orfs_ssd_ctrl_cfg_small_vdd.csv,1.1,False,VALIDATED
956,u_host_if.s_rdata[31]$_DFFE_PN0P_,clk_host,6.72,3.53,0.0023848313138118415,6.717615168686188,setup,measured_vdd,orfs_ssd_ctrl_cfg_small,measured_droop/orfs_ssd_ctrl_cfg_small_vdd.csv,1.1,False,VALIDATED
957,u_host_if.s_rdata[21]$_DFFE_PN0P_,clk_host,6.72,3.52,0.0023780754177392116,6.717621924582261,setup,measured_vdd,orfs_ssd_ctrl_cfg_small,measured_droop/orfs_ssd_ctrl_cfg_small_vdd.csv,1.1,False,VALIDATED
954,u_host_if.s_rdata[19]$_DFFE_PN0P_,clk_host,6.72,3.53,0.002315163562121414,6.717684836437878,setup,measured_vdd,orfs_ssd_ctrl_cfg_small,measured_droop/orfs_ssd_ctrl_cfg_small_vdd.csv,1.1,False,VALIDATED
955,u_host_if.s_rdata[18]$_DFFE_PN0P_,clk_host,6.72,3.53,0.002315163562121414,6.717684836437878,setup,measured_vdd,orfs_ssd_ctrl_cfg_small,measured_droop/orfs_ssd_ctrl_cfg_small_vdd.csv,1.1,False,VALIDATED
953,u_host_if.s_rdata[16]$_DFFE_PN0P_,clk_host,6.72,3.53,0.002315163562121414,6.717684836437878,setup,measured_vdd,orfs_ssd_ctrl_cfg_small,measured_droop/orfs_ssd_ctrl_cfg_small_vdd.csv,1.1,False,VALIDATED
960,u_host_if.done_sticky$_DFF_PN0_,clk_host,6.74,3.5,0.0024569506410869746,6.737543049358913,setup,measured_vdd,orfs_ssd_ctrl_cfg_small,measured_droop/orfs_ssd_ctrl_cfg_small_vdd.csv,1.1,False,VALIDATED
959,u_host_if.reg_opcode[1]$_DFFE_PN0P_,clk_host,6.74,3.49,0.0021841994574260948,6.737815800542574,setup,measured_vdd,orfs_ssd_ctrl_cfg_small,measured_droop/orfs_ssd_ctrl_cfg_small_vdd.csv,1.1,False,VALIDATED
958,u_host_if.reg_chan$_DFFE_PN0P_,clk_host,6.74,3.49,0.0021030368619641138,6.737896963138036,setup,measured_vdd,orfs_ssd_ctrl_cfg_small,measured_droop/orfs_ssd_ctrl_cfg_small_vdd.csv,1.1,False,VALIDATED
966,u_host_if.reg_opcode[5]$_DFFE_PN0P_,clk_host,6.75,3.49,0.0022680524292531534,6.747731947570747,setup,measured_vdd,orfs_ssd_ctrl_cfg_small,measured_droop/orfs_ssd_ctrl_cfg_small_vdd.csv,1.1,False,VALIDATED
967,u_host_if.reg_opcode[2]$_DFFE_PN0P_,clk_host,6.75,3.49,0.0022680524292531534,6.747731947570747,setup,measured_vdd,orfs_ssd_ctrl_cfg_small,measured_droop/orfs_ssd_ctrl_cfg_small_vdd.csv,1.1,False,VALIDATED
961,u_host_if.reg_opcode[0]$_DFFE_PN0P_,clk_host,6.75,3.49,0.0021851858803919044,6.747814814119608,setup,measured_vdd,orfs_ssd_ctrl_cfg_small,measured_droop/orfs_ssd_ctrl_cfg_small_vdd.csv,1.1,False,VALIDATED
965,u_host_if.reg_opcode[7]$_DFFE_PN0P_,clk_host,6.75,3.49,0.0021526410015885733,6.747847358998412,setup,measured_vdd,orfs_ssd_ctrl_cfg_small,measured_droop/orfs_ssd_ctrl_cfg_small_vdd.csv,1.1,False,VALIDATED
963,u_host_if.reg_opcode[6]$_DFFE_PN0P_,clk_host,6.75,3.5,0.0021265893488546794,6.747873410651145,setup,measured_vdd,orfs_ssd_ctrl_cfg_small,measured_droop/orfs_ssd_ctrl_cfg_small_vdd.csv,1.1,False,VALIDATED
964,u_host_if.reg_opcode[3]$_DFFE_PN0P_,clk_host,6.75,3.49,0.002120513379286648,6.747879486620714,setup,measured_vdd,orfs_ssd_ctrl_cfg_small,measured_droop/orfs_ssd_ctrl_cfg_small_vdd.csv,1.1,False,VALIDATED
962,u_host_if.reg_opcode[4]$_DFFE_PN0P_,clk_host,6.75,3.5,0.0021159205152302962,6.74788407948477,setup,measured_vdd,orfs_ssd_ctrl_cfg_small,measured_droop/orfs_ssd_ctrl_cfg_small_vdd.csv,1.1,False,VALIDATED
968,u_host_if.reg_ecc_en$_DFFE_PN0P_,clk_host,6.79,3.44,0.002041018815480633,6.787958981184519,setup,measured_vdd,orfs_ssd_ctrl_cfg_small,measured_droop/orfs_ssd_ctrl_cfg_small_vdd.csv,1.1,False,VALIDATED
969,u_host_if.start_pulse$_DFF_PN0_,clk_host,6.83,3.42,0.0019075312272205935,6.8280924687727795,setup,measured_vdd,orfs_ssd_ctrl_cfg_small,measured_droop/orfs_ssd_ctrl_cfg_small_vdd.csv,1.1,False,VALIDATED
971,u_host_if.s_rdata[29]$_DFFE_PN0P_,clk_host,6.84,3.4,0.00222260796929602,6.837777392030704,setup,measured_vdd,orfs_ssd_ctrl_cfg_small,measured_droop/orfs_ssd_ctrl_cfg_small_vdd.csv,1.1,False,VALIDATED
972,u_host_if.s_rdata[22]$_DFFE_PN0P_,clk_host,6.84,3.4,0.00222260796929602,6.837777392030704,setup,measured_vdd,orfs_ssd_ctrl_cfg_small,measured_droop/orfs_ssd_ctrl_cfg_small_vdd.csv,1.1,False,VALIDATED
970,u_host_if.s_rdata[24]$_DFFE_PN0P_,clk_host,6.84,3.4,0.00222260796929602,6.837777392030704,setup,measured_vdd,orfs_ssd_ctrl_cfg_small,measured_droop/orfs_ssd_ctrl_cfg_small_vdd.csv,1.1,False,VALIDATED
977,u_host_if.s_rdata[25]$_DFFE_PN0P_,clk_host,6.85,3.39,0.002374025939385793,6.847625974060614,setup,measured_vdd,orfs_ssd_ctrl_cfg_small,measured_droop/orfs_ssd_ctrl_cfg_small_vdd.csv,1.1,False,VALIDATED
973,u_host_if.s_rdata[1]$_DFFE_PN0P_,clk_host,6.85,3.39,0.002322242683211184,6.847677757316789,setup,measured_vdd,orfs_ssd_ctrl_cfg_small,measured_droop/orfs_ssd_ctrl_cfg_small_vdd.csv,1.1,False,VALIDATED
975,u_host_if.s_rdata[28]$_DFFE_PN0P_,clk_host,6.85,3.39,0.002322242683211184,6.847677757316789,setup,measured_vdd,orfs_ssd_ctrl_cfg_small,measured_droop/orfs_ssd_ctrl_cfg_small_vdd.csv,1.1,False,VALIDATED
974,u_host_if.s_rdata[0]$_DFFE_PN0P_,clk_host,6.85,3.39,0.002322242683211184,6.847677757316789,setup,measured_vdd,orfs_ssd_ctrl_cfg_small,measured_droop/orfs_ssd_ctrl_cfg_small_vdd.csv,1.1,False,VALIDATED
979,u_host_if.s_rdata[23]$_DFFE_PN0P_,clk_host,6.85,3.39,0.002322242683211184,6.847677757316789,setup,measured_vdd,orfs_ssd_ctrl_cfg_small,measured_droop/orfs_ssd_ctrl_cfg_small_vdd.csv,1.1,False,VALIDATED
980,u_host_if.s_rdata[30]$_DFFE_PN0P_,clk_host,6.85,3.39,0.002322242683211184,6.847677757316789,setup,measured_vdd,orfs_ssd_ctrl_cfg_small,measured_droop/orfs_ssd_ctrl_cfg_small_vdd.csv,1.1,False,VALIDATED
978,u_host_if.s_rdata[26]$_DFFE_PN0P_,clk_host,6.85,3.39,0.0022019914948647745,6.847798008505135,setup,measured_vdd,orfs_ssd_ctrl_cfg_small,measured_droop/orfs_ssd_ctrl_cfg_small_vdd.csv,1.1,False,VALIDATED
976,u_host_if.s_rdata[27]$_DFFE_PN0P_,clk_host,6.85,3.39,0.0022019914948647745,6.847798008505135,setup,measured_vdd,orfs_ssd_ctrl_cfg_small,measured_droop/orfs_ssd_ctrl_cfg_small_vdd.csv,1.1,False,VALIDATED
981,u_host_if.rpop_loaded$_DFFE_PN0P_,clk_host,6.86,3.37,0.0020549422179650945,6.857945057782035,setup,measured_vdd,orfs_ssd_ctrl_cfg_small,measured_droop/orfs_ssd_ctrl_cfg_small_vdd.csv,1.1,False,VALIDATED
982,u_host_if.s_rvalid$_DFFE_PN0P_,clk_host,6.98,3.26,0.002212526398029324,6.977787473601971,setup,measured_vdd,orfs_ssd_ctrl_cfg_small,measured_droop/orfs_ssd_ctrl_cfg_small_vdd.csv,1.1,False,VALIDATED
983,u_host_if.awaddr_q[4]$_DFFE_PN0P_,clk_host,7.04,3.19,0.0019899520618178457,7.038010047938182,setup,measured_vdd,orfs_ssd_ctrl_cfg_small,measured_droop/orfs_ssd_ctrl_cfg_small_vdd.csv,1.1,False,VALIDATED
984,u_host_if.awaddr_q[2]$_DFFE_PN0P_,clk_host,7.04,3.19,0.0019899520618178457,7.038010047938182,setup,measured_vdd,orfs_ssd_ctrl_cfg_small,measured_droop/orfs_ssd_ctrl_cfg_small_vdd.csv,1.1,False,VALIDATED
985,u_host_if.awaddr_q[3]$_DFFE_PN0P_,clk_host,7.04,3.19,0.0019899520618178457,7.038010047938182,setup,measured_vdd,orfs_ssd_ctrl_cfg_small,measured_droop/orfs_ssd_ctrl_cfg_small_vdd.csv,1.1,False,VALIDATED
989,u_host_if.awaddr_q[0]$_DFFE_PN0P_,clk_host,7.08,3.16,0.0019712377791051283,7.078028762220895,setup,measured_vdd,orfs_ssd_ctrl_cfg_small,measured_droop/orfs_ssd_ctrl_cfg_small_vdd.csv,1.1,False,VALIDATED
986,u_host_if.awaddr_q[5]$_DFFE_PN0P_,clk_host,7.08,3.16,0.0019712377791051283,7.078028762220895,setup,measured_vdd,orfs_ssd_ctrl_cfg_small,measured_droop/orfs_ssd_ctrl_cfg_small_vdd.csv,1.1,False,VALIDATED
990,u_host_if.awaddr_q[1]$_DFFE_PN0P_,clk_host,7.08,3.16,0.0019712377791051283,7.078028762220895,setup,measured_vdd,orfs_ssd_ctrl_cfg_small,measured_droop/orfs_ssd_ctrl_cfg_small_vdd.csv,1.1,False,VALIDATED
988,u_host_if.awaddr_q[7]$_DFFE_PN0P_,clk_host,7.08,3.16,0.0019712377791051283,7.078028762220895,setup,measured_vdd,orfs_ssd_ctrl_cfg_small,measured_droop/orfs_ssd_ctrl_cfg_small_vdd.csv,1.1,False,VALIDATED
987,u_host_if.awaddr_q[6]$_DFFE_PN0P_,clk_host,7.08,3.16,0.0019712377791051283,7.078028762220895,setup,measured_vdd,orfs_ssd_ctrl_cfg_small,measured_droop/orfs_ssd_ctrl_cfg_small_vdd.csv,1.1,False,VALIDATED
991,u_host_if.s_bvalid$_DFFE_PN0P_,clk_host,7.17,3.06,0.0018470102044751968,7.168152989795525,setup,measured_vdd,orfs_ssd_ctrl_cfg_small,measured_droop/orfs_ssd_ctrl_cfg_small_vdd.csv,1.1,False,VALIDATED
992,u_host_if.rpop_q[24]$_DFFE_PN0P_,clk_host,9.1,1.13,0.0008100029294036137,9.099189997070596,setup,measured_vdd,orfs_ssd_ctrl_cfg_small,measured_droop/orfs_ssd_ctrl_cfg_small_vdd.csv,1.1,False,VALIDATED
997,u_host_if.rpop_q[17]$_DFFE_PN0P_,clk_host,9.11,1.13,0.0008088545570881511,9.109191145442912,setup,measured_vdd,orfs_ssd_ctrl_cfg_small,measured_droop/orfs_ssd_ctrl_cfg_small_vdd.csv,1.1,False,VALIDATED
995,u_host_if.rpop_q[6]$_DFFE_PN0P_,clk_host,9.11,1.13,0.0007992893311474236,9.109200710668851,setup,measured_vdd,orfs_ssd_ctrl_cfg_small,measured_droop/orfs_ssd_ctrl_cfg_small_vdd.csv,1.1,False,VALIDATED
993,u_host_if.rpop_q[13]$_DFFE_PN0P_,clk_host,9.11,1.13,0.0007966875043170507,9.109203312495682,setup,measured_vdd,orfs_ssd_ctrl_cfg_small,measured_droop/orfs_ssd_ctrl_cfg_small_vdd.csv,1.1,False,VALIDATED
998,u_host_if.rpop_q[11]$_DFFE_PN0P_,clk_host,9.11,1.13,0.0007962177892272965,9.109203782210772,setup,measured_vdd,orfs_ssd_ctrl_cfg_small,measured_droop/orfs_ssd_ctrl_cfg_small_vdd.csv,1.1,False,VALIDATED
994,u_host_if.rpop_q[8]$_DFFE_PN0P_,clk_host,9.11,1.13,0.0007866613602975081,9.109213338639702,setup,measured_vdd,orfs_ssd_ctrl_cfg_small,measured_droop/orfs_ssd_ctrl_cfg_small_vdd.csv,1.1,False,VALIDATED
996,u_host_if.rpop_q[12]$_DFFE_PN0P_,clk_host,9.11,1.13,0.0007531909015537908,9.109246809098446,setup,measured_vdd,orfs_ssd_ctrl_cfg_small,measured_droop/orfs_ssd_ctrl_cfg_small_vdd.csv,1.1,False,VALIDATED
1024,u_cdc_cmd.mem[10][41]$_DFFE_PP_,clk_host,9.17,1.07,0.0006705141921984625,9.169329485807802,setup,measured_vdd,orfs_ssd_ctrl_cfg_small,measured_droop/orfs_ssd_ctrl_cfg_small_vdd.csv,1.1,False,VALIDATED
1008,u_cdc_cmd.mem[7][34]$_DFFE_PP_,clk_host,9.17,1.07,0.0006602884750714494,9.169339711524929,setup,measured_vdd,orfs_ssd_ctrl_cfg_small,measured_droop/orfs_ssd_ctrl_cfg_small_vdd.csv,1.1,False,VALIDATED
1022,u_cdc_cmd.mem[10][23]$_DFFE_PP_,clk_host,9.17,1.07,0.000656191024226635,9.169343808975773,setup,measured_vdd,orfs_ssd_ctrl_cfg_small,measured_droop/orfs_ssd_ctrl_cfg_small_vdd.csv,1.1,False,VALIDATED
1023,u_cdc_cmd.mem[10][31]$_DFFE_PP_,clk_host,9.17,1.07,0.0006558306651962276,9.169344169334805,setup,measured_vdd,orfs_ssd_ctrl_cfg_small,measured_droop/orfs_ssd_ctrl_cfg_small_vdd.csv,1.1,False,VALIDATED
1011,u_cdc_cmd.mem[7][65]$_DFFE_PP_,clk_host,9.17,1.07,0.000651197899210712,9.169348802100789,setup,measured_vdd,orfs_ssd_ctrl_cfg_small,measured_droop/orfs_ssd_ctrl_cfg_small_vdd.csv,1.1,False,VALIDATED
1018,u_cdc_cmd.mem[10][71]$_DFFE_PP_,clk_host,9.17,1.07,0.0006422745960046883,9.169357725403994,setup,measured_vdd,orfs_ssd_ctrl_cfg_small,measured_droop/orfs_ssd_ctrl_cfg_small_vdd.csv,1.1,False,VALIDATED
1010,u_cdc_cmd.mem[7][56]$_DFFE_PP_,clk_host,9.17,1.07,0.0006419126168881878,9.169358087383111,setup,measured_vdd,orfs_ssd_ctrl_cfg_small,measured_droop/orfs_ssd_ctrl_cfg_small_vdd.csv,1.1,False,VALIDATED
1020,u_cdc_cmd.mem[7][64]$_DFFE_PP_,clk_host,9.17,1.07,0.0006411473094557057,9.169358852690545,setup,measured_vdd,orfs_ssd_ctrl_cfg_small,measured_droop/orfs_ssd_ctrl_cfg_small_vdd.csv,1.1,False,VALIDATED
1005,u_cdc_cmd.mem[7][33]$_DFFE_PP_,clk_host,9.17,1.07,0.0006401734940933018,9.169359826505907,setup,measured_vdd,orfs_ssd_ctrl_cfg_small,measured_droop/orfs_ssd_ctrl_cfg_small_vdd.csv,1.1,False,VALIDATED
1007,u_cdc_cmd.mem[7][60]$_DFFE_PP_,clk_host,9.17,1.07,0.0006388436453134277,9.169361156354686,setup,measured_vdd,orfs_ssd_ctrl_cfg_small,measured_droop/orfs_ssd_ctrl_cfg_small_vdd.csv,1.1,False,VALIDATED
1012,u_cdc_cmd.mem[7][63]$_DFFE_PP_,clk_host,9.17,1.06,0.0006381952383185119,9.169361804761682,setup,measured_vdd,orfs_ssd_ctrl_cfg_small,measured_droop/orfs_ssd_ctrl_cfg_small_vdd.csv,1.1,False,VALIDATED
1014,u_cdc_cmd.mem[7][66]$_DFFE_PP_,clk_host,9.17,1.06,0.0006372312554747683,9.169362768744525,setup,measured_vdd,orfs_ssd_ctrl_cfg_small,measured_droop/orfs_ssd_ctrl_cfg_small_vdd.csv,1.1,False,VALIDATED
1001,u_cdc_cmd.mem[10][37]$_DFFE_PP_,clk_host,9.17,1.08,0.0006369693490277384,9.169363030650972,setup,measured_vdd,orfs_ssd_ctrl_cfg_small,measured_droop/orfs_ssd_ctrl_cfg_small_vdd.csv,1.1,False,VALIDATED
1009,u_cdc_cmd.mem[7][57]$_DFFE_PP_,clk_host,9.17,1.07,0.0006360341884853044,9.169363965811515,setup,measured_vdd,orfs_ssd_ctrl_cfg_small,measured_droop/orfs_ssd_ctrl_cfg_small_vdd.csv,1.1,False,VALIDATED
1013,u_cdc_cmd.mem[7][53]$_DFFE_PP_,clk_host,9.17,1.07,0.0006351609531342478,9.169364839046866,setup,measured_vdd,orfs_ssd_ctrl_cfg_small,measured_droop/orfs_ssd_ctrl_cfg_small_vdd.csv,1.1,False,VALIDATED
999,u_cdc_cmd.mem[10][36]$_DFFE_PP_,clk_host,9.17,1.07,0.0006342420382971503,9.169365757961703,setup,measured_vdd,orfs_ssd_ctrl_cfg_small,measured_droop/orfs_ssd_ctrl_cfg_small_vdd.csv,1.1,False,VALIDATED
1017,u_cdc_cmd.mem[10][40]$_DFFE_PP_,clk_host,9.17,1.08,0.0006323236897435164,9.169367676310257,setup,measured_vdd,orfs_ssd_ctrl_cfg_small,measured_droop/orfs_ssd_ctrl_cfg_small_vdd.csv,1.1,False,VALIDATED
1019,u_cdc_cmd.mem[10][30]$_DFFE_PP_,clk_host,9.17,1.08,0.0006295365523228402,9.169370463447677,setup,measured_vdd,orfs_ssd_ctrl_cfg_small,measured_droop/orfs_ssd_ctrl_cfg_small_vdd.csv,1.1,False,VALIDATED
1016,u_cdc_cmd.mem[7][58]$_DFFE_PP_,clk_host,9.17,1.07,0.0006295351033134555,9.169370464896687,setup,measured_vdd,orfs_ssd_ctrl_cfg_small,measured_droop/orfs_ssd_ctrl_cfg_small_vdd.csv,1.1,False,VALIDATED
1021,u_cdc_cmd.mem[7][59]$_DFFE_PP_,clk_host,9.17,1.07,0.0006291259701560747,9.169370874029845,setup,measured_vdd,orfs_ssd_ctrl_cfg_small,measured_droop/orfs_ssd_ctrl_cfg_small_vdd.csv,1.1,False,VALIDATED
1015,u_cdc_cmd.mem[10][29]$_DFFE_PP_,clk_host,9.17,1.07,0.0006240141721899489,9.16937598582781,setup,measured_vdd,orfs_ssd_ctrl_cfg_small,measured_droop/orfs_ssd_ctrl_cfg_small_vdd.csv,1.1,False,VALIDATED
1002,u_cdc_cmd.mem[10][35]$_DFFE_PP_,clk_host,9.17,1.08,0.0006210211828647921,9.169378978817136,setup,measured_vdd,orfs_ssd_ctrl_cfg_small,measured_droop/orfs_ssd_ctrl_cfg_small_vdd.csv,1.1,False,VALIDATED
1006,u_cdc_cmd.mem[10][72]$_DFFE_PP_,clk_host,9.17,1.07,0.0006195143556620569,9.169380485644337,setup,measured_vdd,orfs_ssd_ctrl_cfg_small,measured_droop/orfs_ssd_ctrl_cfg_small_vdd.csv,1.1,False,VALIDATED
1003,u_cdc_cmd.mem[10][52]$_DFFE_PP_,clk_host,9.17,1.07,0.0006158342408244533,9.169384165759176,setup,measured_vdd,orfs_ssd_ctrl_cfg_small,measured_droop/orfs_ssd_ctrl_cfg_small_vdd.csv,1.1,False,VALIDATED
1000,u_cdc_cmd.mem[10][38]$_DFFE_PP_,clk_host,9.17,1.08,0.0006131257319113431,9.169386874268088,setup,measured_vdd,orfs_ssd_ctrl_cfg_small,measured_droop/orfs_ssd_ctrl_cfg_small_vdd.csv,1.1,False,VALIDATED
1004,u_cdc_cmd.mem[10][69]$_DFFE_PP_,clk_host,9.17,1.07,0.0006089827975221673,9.169391017202479,setup,measured_vdd,orfs_ssd_ctrl_cfg_small,measured_droop/orfs_ssd_ctrl_cfg_small_vdd.csv,1.1,False,VALIDATED
1035,u_host_if.rpop_q[1]$_DFFE_PN0P_,clk_host,9.18,1.06,0.0008196204705522014,9.179180379529447,setup,measured_vdd,orfs_ssd_ctrl_cfg_small,measured_droop/orfs_ssd_ctrl_cfg_small_vdd.csv,1.1,False,VALIDATED
1034,u_host_if.rpop_q[0]$_DFFE_PN0P_,clk_host,9.18,1.06,0.0008141642379749237,9.179185835762025,setup,measured_vdd,orfs_ssd_ctrl_cfg_small,measured_droop/orfs_ssd_ctrl_cfg_small_vdd.csv,1.1,False,VALIDATED
1037,u_host_if.rpop_q[3]$_DFFE_PN0P_,clk_host,9.18,1.06,0.0008054265799752602,9.179194573420025,setup,measured_vdd,orfs_ssd_ctrl_cfg_small,measured_droop/orfs_ssd_ctrl_cfg_small_vdd.csv,1.1,False,VALIDATED
1030,u_host_if.rpop_q[2]$_DFFE_PN0P_,clk_host,9.18,1.06,0.000799574744261497,9.179200425255738,setup,measured_vdd,orfs_ssd_ctrl_cfg_small,measured_droop/orfs_ssd_ctrl_cfg_small_vdd.csv,1.1,False,VALIDATED
1032,u_cdc_cmd.mem[10][28]$_DFFE_PP_,clk_host,9.18,1.07,0.0006628375114453022,9.179337162488554,setup,measured_vdd,orfs_ssd_ctrl_cfg_small,measured_droop/orfs_ssd_ctrl_cfg_small_vdd.csv,1.1,False,VALIDATED
1040,u_cdc_cmd.mem[6][63]$_DFFE_PP_,clk_host,9.18,1.05,0.0006548253977823465,9.179345174602217,setup,measured_vdd,orfs_ssd_ctrl_cfg_small,measured_droop/orfs_ssd_ctrl_cfg_small_vdd.csv,1.1,False,VALIDATED
1036,u_cdc_cmd.mem[10][45]$_DFFE_PP_,clk_host,9.18,1.07,0.0006445746541675346,9.179355425345832,setup,measured_vdd,orfs_ssd_ctrl_cfg_small,measured_droop/orfs_ssd_ctrl_cfg_small_vdd.csv,1.1,False,VALIDATED
1039,u_cdc_cmd.mem[6][66]$_DFFE_PP_,clk_host,9.18,1.05,0.0006396619620214067,9.179360338037979,setup,measured_vdd,orfs_ssd_ctrl_cfg_small,measured_droop/orfs_ssd_ctrl_cfg_small_vdd.csv,1.1,False,VALIDATED
1026,u_cdc_cmd.mem[7][61]$_DFFE_PP_,clk_host,9.18,1.07,0.0006361859170755241,9.179363814082924,setup,measured_vdd,orfs_ssd_ctrl_cfg_small,measured_droop/orfs_ssd_ctrl_cfg_small_vdd.csv,1.1,False,VALIDATED
1027,u_cdc_cmd.mem[7][62]$_DFFE_PP_,clk_host,9.18,1.07,0.0006361859170755241,9.179363814082924,setup,measured_vdd,orfs_ssd_ctrl_cfg_small,measured_droop/orfs_ssd_ctrl_cfg_small_vdd.csv,1.1,False,VALIDATED
1028,u_cdc_cmd.mem[10][70]$_DFFE_PP_,clk_host,9.18,1.08,0.0006323236897435164,9.179367676310257,setup,measured_vdd,orfs_ssd_ctrl_cfg_small,measured_droop/orfs_ssd_ctrl_cfg_small_vdd.csv,1.1,False,VALIDATED
1038,u_cdc_cmd.mem[10][47]$_DFFE_PP_,clk_host,9.18,1.07,0.0006292813104848693,9.179370718689515,setup,measured_vdd,orfs_ssd_ctrl_cfg_small,measured_droop/orfs_ssd_ctrl_cfg_small_vdd.csv,1.1,False,VALIDATED
1033,u_cdc_cmd.mem[10][51]$_DFFE_PP_,clk_host,9.18,1.07,0.0006292301713571313,9.179370769828642,setup,measured_vdd,orfs_ssd_ctrl_cfg_small,measured_droop/orfs_ssd_ctrl_cfg_small_vdd.csv,1.1,False,VALIDATED
1031,u_cdc_cmd.mem[10][68]$_DFFE_PP_,clk_host,9.18,1.07,0.0006292301713571313,9.179370769828642,setup,measured_vdd,orfs_ssd_ctrl_cfg_small,measured_droop/orfs_ssd_ctrl_cfg_small_vdd.csv,1.1,False,VALIDATED
1025,u_cdc_cmd.mem[10][67]$_DFFE_PP_,clk_host,9.18,1.08,0.0006194228178336009,9.179380577182165,setup,measured_vdd,orfs_ssd_ctrl_cfg_small,measured_droop/orfs_ssd_ctrl_cfg_small_vdd.csv,1.1,False,VALIDATED
1029,u_cdc_cmd.mem[7][72]$_DFFE_PP_,clk_host,9.18,1.07,0.0006133763324075309,9.179386623667591,setup,measured_vdd,orfs_ssd_ctrl_cfg_small,measured_droop/orfs_ssd_ctrl_cfg_small_vdd.csv,1.1,False,VALIDATED
1042,u_host_if.rpop_q[26]$_DFFE_PN0P_,clk_host,9.19,1.05,0.000865599918499313,9.1891344000815,setup,measured_vdd,orfs_ssd_ctrl_cfg_small,measured_droop/orfs_ssd_ctrl_cfg_small_vdd.csv,1.1,False,VALIDATED
1046,u_cdc_cmd.mem[6][33]$_DFFE_PP_,clk_host,9.19,1.05,0.0006366499565550049,9.189363350043445,setup,measured_vdd,orfs_ssd_ctrl_cfg_small,measured_droop/orfs_ssd_ctrl_cfg_small_vdd.csv,1.1,False,VALIDATED
1048,u_cdc_cmd.mem[6][34]$_DFFE_PP_,clk_host,9.19,1.05,0.0006366499565550049,9.189363350043445,setup,measured_vdd,orfs_ssd_ctrl_cfg_small,measured_droop/orfs_ssd_ctrl_cfg_small_vdd.csv,1.1,False,VALIDATED
1047,u_cdc_cmd.mem[6][56]$_DFFE_PP_,clk_host,9.19,1.05,0.0006361982726750537,9.189363801727325,setup,measured_vdd,orfs_ssd_ctrl_cfg_small,measured_droop/orfs_ssd_ctrl_cfg_small_vdd.csv,1.1,False,VALIDATED
1049,u_cdc_cmd.mem[6][60]$_DFFE_PP_,clk_host,9.19,1.05,0.0006353449647616694,9.189364655035238,setup,measured_vdd,orfs_ssd_ctrl_cfg_small,measured_droop/orfs_ssd_ctrl_cfg_small_vdd.csv,1.1,False,VALIDATED
1041,u_cdc_cmd.mem[6][62]$_DFFE_PP_,clk_host,9.19,1.05,0.0006337409270877198,9.189366259072912,setup,measured_vdd,orfs_ssd_ctrl_cfg_small,measured_droop/orfs_ssd_ctrl_cfg_small_vdd.csv,1.1,False,VALIDATED
1043,u_cdc_cmd.mem[6][61]$_DFFE_PP_,clk_host,9.19,1.05,0.0006332389203873995,9.189366761079611,setup,measured_vdd,orfs_ssd_ctrl_cfg_small,measured_droop/orfs_ssd_ctrl_cfg_small_vdd.csv,1.1,False,VALIDATED
1044,u_cdc_cmd.mem[6][53]$_DFFE_PP_,clk_host,9.19,1.05,0.0006317311079503396,9.18936826889205,setup,measured_vdd,orfs_ssd_ctrl_cfg_small,measured_droop/orfs_ssd_ctrl_cfg_small_vdd.csv,1.1,False,VALIDATED
1050,u_cdc_cmd.mem[6][65]$_DFFE_PP_,clk_host,9.19,1.05,0.0006292719970782956,9.18937072800292,setup,measured_vdd,orfs_ssd_ctrl_cfg_small,measured_droop/orfs_ssd_ctrl_cfg_small_vdd.csv,1.1,False,VALIDATED
1054,u_cdc_cmd.mem[6][58]$_DFFE_PP_,clk_host,9.19,1.05,0.0006266119000095938,9.18937338809999,setup,measured_vdd,orfs_ssd_ctrl_cfg_small,measured_droop/orfs_ssd_ctrl_cfg_small_vdd.csv,1.1,False,VALIDATED
1051,u_cdc_cmd.mem[6][59]$_DFFE_PP_,clk_host,9.19,1.05,0.0006262104142009534,9.1893737895858,setup,measured_vdd,orfs_ssd_ctrl_cfg_small,measured_droop/orfs_ssd_ctrl_cfg_small_vdd.csv,1.1,False,VALIDATED
1052,u_cdc_cmd.mem[6][64]$_DFFE_PP_,clk_host,9.19,1.05,0.000625808928392313,9.189374191071607,setup,measured_vdd,orfs_ssd_ctrl_cfg_small,measured_droop/orfs_ssd_ctrl_cfg_small_vdd.csv,1.1,False,VALIDATED
1045,u_cdc_cmd.mem[6][72]$_DFFE_PP_,clk_host,9.19,1.05,0.0006103536763960721,9.189389646323603,setup,measured_vdd,orfs_ssd_ctrl_cfg_small,measured_droop/orfs_ssd_ctrl_cfg_small_vdd.csv,1.1,False,VALIDATED
1053,u_cdc_cmd.mem[6][57]$_DFFE_PP_,clk_host,9.19,1.05,0.0006036441186745706,9.189396355881325,setup,measured_vdd,orfs_ssd_ctrl_cfg_small,measured_droop/orfs_ssd_ctrl_cfg_small_vdd.csv,1.1,False,VALIDATED
1057,u_cdc_cmd.mem[9][28]$_DFFE_PP_,clk_host,9.2,1.04,0.0006686405168839088,9.199331359483116,setup,measured_vdd,orfs_ssd_ctrl_cfg_small,measured_droop/orfs_ssd_ctrl_cfg_small_vdd.csv,1.1,False,VALIDATED
1060,u_cdc_cmd.mem[9][25]$_DFFE_PP_,clk_host,9.2,1.04,0.0006686405168839088,9.199331359483116,setup,measured_vdd,orfs_ssd_ctrl_cfg_small,measured_droop/orfs_ssd_ctrl_cfg_small_vdd.csv,1.1,False,VALIDATED
1058,u_cdc_cmd.mem[9][41]$_DFFE_PP_,clk_host,9.2,1.04,0.0006668502054133774,9.199333149794587,setup,measured_vdd,orfs_ssd_ctrl_cfg_small,measured_droop/orfs_ssd_ctrl_cfg_small_vdd.csv,1.1,False,VALIDATED
1061,u_cdc_cmd.mem[9][31]$_DFFE_PP_,clk_host,9.2,1.04,0.0006657545524387937,9.199334245447561,setup,measured_vdd,orfs_ssd_ctrl_cfg_small,measured_droop/orfs_ssd_ctrl_cfg_small_vdd.csv,1.1,False,VALIDATED
1059,u_cdc_cmd.mem[9][71]$_DFFE_PP_,clk_host,9.2,1.04,0.0006398002124182317,9.19936019978758,setup,measured_vdd,orfs_ssd_ctrl_cfg_small,measured_droop/orfs_ssd_ctrl_cfg_small_vdd.csv,1.1,False,VALIDATED
1056,u_cdc_cmd.mem[9][29]$_DFFE_PP_,clk_host,9.2,1.04,0.000621803235307597,9.199378196764691,setup,measured_vdd,orfs_ssd_ctrl_cfg_small,measured_droop/orfs_ssd_ctrl_cfg_small_vdd.csv,1.1,False,VALIDATED
1055,u_cdc_cmd.mem[9][67]$_DFFE_PP_,clk_host,9.2,1.04,0.0006074418288464362,9.199392558171153,setup,measured_vdd,orfs_ssd_ctrl_cfg_small,measured_droop/orfs_ssd_ctrl_cfg_small_vdd.csv,1.1,False,VALIDATED
1068,u_host_if.rpop_q[27]$_DFFE_PN0P_,clk_host,9.21,1.02,0.000824153940438152,9.209175846059562,setup,measured_vdd,orfs_ssd_ctrl_cfg_small,measured_droop/orfs_ssd_ctrl_cfg_small_vdd.csv,1.1,False,VALIDATED
1069,u_host_if.rpop_q[22]$_DFFE_PN0P_,clk_host,9.21,1.02,0.0007393909075367744,9.209260609092464,setup,measured_vdd,orfs_ssd_ctrl_cfg_small,measured_droop/orfs_ssd_ctrl_cfg_small_vdd.csv,1.1,False,VALIDATED
1062,u_cdc_cmd.mem[9][23]$_DFFE_PP_,clk_host,9.21,1.04,0.0006398002124182317,9.209360199787582,setup,measured_vdd,orfs_ssd_ctrl_cfg_small,measured_droop/orfs_ssd_ctrl_cfg_small_vdd.csv,1.1,False,VALIDATED
1065,u_cdc_cmd.mem[9][68]$_DFFE_PP_,clk_host,9.21,1.04,0.000627121519302859,9.209372878480698,setup,measured_vdd,orfs_ssd_ctrl_cfg_small,measured_droop/orfs_ssd_ctrl_cfg_small_vdd.csv,1.1,False,VALIDATED
1067,u_cdc_cmd.mem[9][70]$_DFFE_PP_,clk_host,9.21,1.04,0.0006244376091940618,9.209375562390807,setup,measured_vdd,orfs_ssd_ctrl_cfg_small,measured_droop/orfs_ssd_ctrl_cfg_small_vdd.csv,1.1,False,VALIDATED
1063,u_cdc_cmd.mem[9][30]$_DFFE_PP_,clk_host,9.21,1.04,0.0006217536990852646,9.209378246300915,setup,measured_vdd,orfs_ssd_ctrl_cfg_small,measured_droop/orfs_ssd_ctrl_cfg_small_vdd.csv,1.1,False,VALIDATED
1066,u_cdc_cmd.mem[9][69]$_DFFE_PP_,clk_host,9.21,1.04,0.0006194676165876267,9.209380532383413,setup,measured_vdd,orfs_ssd_ctrl_cfg_small,measured_droop/orfs_ssd_ctrl_cfg_small_vdd.csv,1.1,False,VALIDATED
1064,u_cdc_cmd.mem[9][40]$_DFFE_PP_,clk_host,9.21,1.04,0.0006194676165876267,9.209380532383413,setup,measured_vdd,orfs_ssd_ctrl_cfg_small,measured_droop/orfs_ssd_ctrl_cfg_small_vdd.csv,1.1,False,VALIDATED
1071,u_host_if.rpop_q[29]$_DFFE_PN0P_,clk_host,9.22,1.02,0.0007646516533681841,9.219235348346633,setup,measured_vdd,orfs_ssd_ctrl_cfg_small,measured_droop/orfs_ssd_ctrl_cfg_small_vdd.csv,1.1,False,VALIDATED
1070,u_host_if.rpop_q[20]$_DFFE_PN0P_,clk_host,9.22,1.02,0.0006832362219383464,9.219316763778062,setup,measured_vdd,orfs_ssd_ctrl_cfg_small,measured_droop/orfs_ssd_ctrl_cfg_small_vdd.csv,1.1,False,VALIDATED
1075,u_host_if.rpop_q[10]$_DFFE_PN0P_,clk_host,9.23,1.01,0.000733704906838134,9.229266295093161,setup,measured_vdd,orfs_ssd_ctrl_cfg_small,measured_droop/orfs_ssd_ctrl_cfg_small_vdd.csv,1.1,False,VALIDATED
1073,u_host_if.rpop_q[18]$_DFFE_PN0P_,clk_host,9.23,1.02,0.0007042814904884287,9.229295718509512,setup,measured_vdd,orfs_ssd_ctrl_cfg_small,measured_droop/orfs_ssd_ctrl_cfg_small_vdd.csv,1.1,False,VALIDATED
1078,u_host_if.rpop_q[19]$_DFFE_PN0P_,clk_host,9.23,1.01,0.0006810949087272256,9.229318905091274,setup,measured_vdd,orfs_ssd_ctrl_cfg_small,measured_droop/orfs_ssd_ctrl_cfg_small_vdd.csv,1.1,False,VALIDATED
1072,u_host_if.rpop_q[9]$_DFFE_PN0P_,clk_host,9.23,1.02,0.0006726539638442774,9.229327346036156,setup,measured_vdd,orfs_ssd_ctrl_cfg_small,measured_droop/orfs_ssd_ctrl_cfg_small_vdd.csv,1.1,False,VALIDATED
1079,u_cdc_cmd.mem[3][44]$_DFFE_PP_,clk_host,9.23,1.01,0.0006433135330286,9.229356686466971,setup,measured_vdd,orfs_ssd_ctrl_cfg_small,measured_droop/orfs_ssd_ctrl_cfg_small_vdd.csv,1.1,False,VALIDATED
1074,u_host_if.rpop_q[15]$_DFFE_PN0P_,clk_host,9.23,1.02,0.0006281663085355577,9.229371833691465,setup,measured_vdd,orfs_ssd_ctrl_cfg_small,measured_droop/orfs_ssd_ctrl_cfg_small_vdd.csv,1.1,False,VALIDATED
1076,u_host_if.rpop_q[16]$_DFFE_PN0P_,clk_host,9.23,1.01,0.0006019523414116934,9.229398047658588,setup,measured_vdd,orfs_ssd_ctrl_cfg_small,measured_droop/orfs_ssd_ctrl_cfg_small_vdd.csv,1.1,False,VALIDATED
1083,u_cdc_cmd.mem[3][70]$_DFFE_PP_,clk_host,9.23,1.01,0.0005926645090015281,9.229407335490999,setup,measured_vdd,orfs_ssd_ctrl_cfg_small,measured_droop/orfs_ssd_ctrl_cfg_small_vdd.csv,1.1,False,VALIDATED
1082,u_cdc_cmd.mem[3][68]$_DFFE_PP_,clk_host,9.23,1.01,0.0005904443711913232,9.22940955562881,setup,measured_vdd,orfs_ssd_ctrl_cfg_small,measured_droop/orfs_ssd_ctrl_cfg_small_vdd.csv,1.1,False,VALIDATED
1080,u_cdc_cmd.mem[3][67]$_DFFE_PP_,clk_host,9.23,1.01,0.0005895756549800235,9.229410424345021,setup,measured_vdd,orfs_ssd_ctrl_cfg_small,measured_droop/orfs_ssd_ctrl_cfg_small_vdd.csv,1.1,False,VALIDATED
1081,u_cdc_cmd.mem[3][30]$_DFFE_PP_,clk_host,9.23,1.01,0.0005862945121270502,9.229413705487874,setup,measured_vdd,orfs_ssd_ctrl_cfg_small,measured_droop/orfs_ssd_ctrl_cfg_small_vdd.csv,1.1,False,VALIDATED
1077,u_cdc_cmd.mem[3][40]$_DFFE_PP_,clk_host,9.23,1.01,0.0005862945121270502,9.229413705487874,setup,measured_vdd,orfs_ssd_ctrl_cfg_small,measured_droop/orfs_ssd_ctrl_cfg_small_vdd.csv,1.1,False,VALIDATED
1086,u_host_if.rpop_q[7]$_DFFE_PN0P_,clk_host,9.24,1.0,0.0007249927164580811,9.239275007283542,setup,measured_vdd,orfs_ssd_ctrl_cfg_small,measured_droop/orfs_ssd_ctrl_cfg_small_vdd.csv,1.1,False,VALIDATED
1084,u_host_if.rpop_q[14]$_DFFE_PN0P_,clk_host,9.24,1.01,0.000700688475350833,9.239299311524649,setup,measured_vdd,orfs_ssd_ctrl_cfg_small,measured_droop/orfs_ssd_ctrl_cfg_small_vdd.csv,1.1,False,VALIDATED
1088,u_cdc_cmd.mem[3][49]$_DFFE_PP_,clk_host,9.24,1.01,0.000648915876232864,9.239351084123767,setup,measured_vdd,orfs_ssd_ctrl_cfg_small,measured_droop/orfs_ssd_ctrl_cfg_small_vdd.csv,1.1,False,VALIDATED
1094,u_cdc_cmd.mem[3][48]$_DFFE_PP_,clk_host,9.24,1.01,0.0006414766703698727,9.23935852332963,setup,measured_vdd,orfs_ssd_ctrl_cfg_small,measured_droop/orfs_ssd_ctrl_cfg_small_vdd.csv,1.1,False,VALIDATED
1089,u_cdc_cmd.mem[3][41]$_DFFE_PP_,clk_host,9.24,1.01,0.0006362603855995241,9.2393637396144,setup,measured_vdd,orfs_ssd_ctrl_cfg_small,measured_droop/orfs_ssd_ctrl_cfg_small_vdd.csv,1.1,False,VALIDATED
1095,u_cdc_cmd.mem[3][46]$_DFFE_PP_,clk_host,9.24,1.01,0.0006359709886521597,9.239364029011348,setup,measured_vdd,orfs_ssd_ctrl_cfg_small,measured_droop/orfs_ssd_ctrl_cfg_small_vdd.csv,1.1,False,VALIDATED
1090,u_cdc_cmd.mem[3][43]$_DFFE_PP_,clk_host,9.24,1.01,0.0006320105796054909,9.239367989420394,setup,measured_vdd,orfs_ssd_ctrl_cfg_small,measured_droop/orfs_ssd_ctrl_cfg_small_vdd.csv,1.1,False,VALIDATED
1093,u_cdc_cmd.mem[3][52]$_DFFE_PP_,clk_host,9.24,1.01,0.0006214845848469819,9.239378515415153,setup,measured_vdd,orfs_ssd_ctrl_cfg_small,measured_droop/orfs_ssd_ctrl_cfg_small_vdd.csv,1.1,False,VALIDATED
1092,u_cdc_cmd.mem[3][45]$_DFFE_PP_,clk_host,9.24,1.01,0.0006192149112317219,9.239380785088768,setup,measured_vdd,orfs_ssd_ctrl_cfg_small,measured_droop/orfs_ssd_ctrl_cfg_small_vdd.csv,1.1,False,VALIDATED
1096,u_cdc_cmd.mem[3][47]$_DFFE_PP_,clk_host,9.24,1.01,0.0006181525707089769,9.239381847429291,setup,measured_vdd,orfs_ssd_ctrl_cfg_small,measured_droop/orfs_ssd_ctrl_cfg_small_vdd.csv,1.1,False,VALIDATED
1091,u_cdc_cmd.mem[3][51]$_DFFE_PP_,clk_host,9.24,1.01,0.000610234189144257,9.239389765810856,setup,measured_vdd,orfs_ssd_ctrl_cfg_small,measured_droop/orfs_ssd_ctrl_cfg_small_vdd.csv,1.1,False,VALIDATED
1087,u_cdc_cmd.mem[3][50]$_DFFE_PP_,clk_host,9.24,1.0,0.0006102150369859671,9.239389784963015,setup,measured_vdd,orfs_ssd_ctrl_cfg_small,measured_droop/orfs_ssd_ctrl_cfg_small_vdd.csv,1.1,False,VALIDATED
1085,u_cdc_cmd.mem[3][69]$_DFFE_PP_,clk_host,9.24,1.01,0.0005972977496497694,9.23940270225035,setup,measured_vdd,orfs_ssd_ctrl_cfg_small,measured_droop/orfs_ssd_ctrl_cfg_small_vdd.csv,1.1,False,VALIDATED
1102,u_cdc_cmd.mem[3][3]$_DFFE_PP_,clk_host,9.25,1.0,0.0006315391273266496,9.249368460872674,setup,measured_vdd,orfs_ssd_ctrl_cfg_small,measured_droop/orfs_ssd_ctrl_cfg_small_vdd.csv,1.1,False,VALIDATED
1100,u_cdc_cmd.mem[3][13]$_DFFE_PP_,clk_host,9.25,1.0,0.0006043833525423981,9.249395616647458,setup,measured_vdd,orfs_ssd_ctrl_cfg_small,measured_droop/orfs_ssd_ctrl_cfg_small_vdd.csv,1.1,False,VALIDATED
1099,u_cdc_cmd.mem[3][14]$_DFFE_PP_,clk_host,9.25,1.0,0.0006036186121607112,9.24939638138784,setup,measured_vdd,orfs_ssd_ctrl_cfg_small,measured_droop/orfs_ssd_ctrl_cfg_small_vdd.csv,1.1,False,VALIDATED
1105,u_cdc_cmd.mem[3][18]$_DFFE_PP_,clk_host,9.25,0.99,0.0005983395190170965,9.249401660480983,setup,measured_vdd,orfs_ssd_ctrl_cfg_small,measured_droop/orfs_ssd_ctrl_cfg_small_vdd.csv,1.1,False,VALIDATED
1103,u_cdc_cmd.mem[3][36]$_DFFE_PP_,clk_host,9.25,0.99,0.0005978190969477271,9.249402180903052,setup,measured_vdd,orfs_ssd_ctrl_cfg_small,measured_droop/orfs_ssd_ctrl_cfg_small_vdd.csv,1.1,False,VALIDATED
1098,u_cdc_cmd.mem[3][39]$_DFFE_PP_,clk_host,9.25,0.99,0.0005952165742129784,9.249404783425787,setup,measured_vdd,orfs_ssd_ctrl_cfg_small,measured_droop/orfs_ssd_ctrl_cfg_small_vdd.csv,1.1,False,VALIDATED
1106,u_cdc_cmd.mem[3][12]$_DFFE_PP_,clk_host,9.25,0.99,0.0005932293745174316,9.249406770625482,setup,measured_vdd,orfs_ssd_ctrl_cfg_small,measured_droop/orfs_ssd_ctrl_cfg_small_vdd.csv,1.1,False,VALIDATED
1097,u_cdc_cmd.mem[3][37]$_DFFE_PP_,clk_host,9.25,1.0,0.0005790090174817158,9.249420990982518,setup,measured_vdd,orfs_ssd_ctrl_cfg_small,measured_droop/orfs_ssd_ctrl_cfg_small_vdd.csv,1.1,False,VALIDATED
1101,u_cdc_cmd.mem[3][35]$_DFFE_PP_,clk_host,9.25,1.0,0.000578386862707253,9.249421613137292,setup,measured_vdd,orfs_ssd_ctrl_cfg_small,measured_droop/orfs_ssd_ctrl_cfg_small_vdd.csv,1.1,False,VALIDATED
1108,u_cdc_cmd.mem[2][67]$_DFFE_PP_,clk_host,9.25,0.99,0.0005760553456489736,9.249423944654351,setup,measured_vdd,orfs_ssd_ctrl_cfg_small,measured_droop/orfs_ssd_ctrl_cfg_small_vdd.csv,1.1,False,VALIDATED
1109,u_cdc_cmd.mem[2][40]$_DFFE_PP_,clk_host,9.25,0.99,0.0005713253316241285,9.249428674668376,setup,measured_vdd,orfs_ssd_ctrl_cfg_small,measured_droop/orfs_ssd_ctrl_cfg_small_vdd.csv,1.1,False,VALIDATED
1107,u_cdc_cmd.mem[2][70]$_DFFE_PP_,clk_host,9.25,0.99,0.0005700006661184254,9.249429999333882,setup,measured_vdd,orfs_ssd_ctrl_cfg_small,measured_droop/orfs_ssd_ctrl_cfg_small_vdd.csv,1.1,False,VALIDATED
1104,u_cdc_cmd.mem[3][38]$_DFFE_PP_,clk_host,9.25,1.0,0.000569883423824108,9.249430116576177,setup,measured_vdd,orfs_ssd_ctrl_cfg_small,measured_droop/orfs_ssd_ctrl_cfg_small_vdd.csv,1.1,False,VALIDATED
1131,u_cdc_cmd.mem[11][28]$_DFFE_PP_,clk_host,9.26,0.98,0.0006399061275207257,9.259360093872479,setup,measured_vdd,orfs_ssd_ctrl_cfg_small,measured_droop/orfs_ssd_ctrl_cfg_small_vdd.csv,1.1,False,VALIDATED
1120,u_cdc_cmd.mem[11][41]$_DFFE_PP_,clk_host,9.26,0.98,0.0006396249452552544,9.259360375054744,setup,measured_vdd,orfs_ssd_ctrl_cfg_small,measured_droop/orfs_ssd_ctrl_cfg_small_vdd.csv,1.1,False,VALIDATED
1132,u_cdc_cmd.mem[11][54]$_DFFE_PP_,clk_host,9.26,0.98,0.0006382176164494296,9.25936178238355,setup,measured_vdd,orfs_ssd_ctrl_cfg_small,measured_droop/orfs_ssd_ctrl_cfg_small_vdd.csv,1.1,False,VALIDATED
1145,u_cdc_cmd.mem[11][31]$_DFFE_PP_,clk_host,9.26,0.98,0.0006382176164494296,9.25936178238355,setup,measured_vdd,orfs_ssd_ctrl_cfg_small,measured_droop/orfs_ssd_ctrl_cfg_small_vdd.csv,1.1,False,VALIDATED
1110,u_cdc_cmd.mem[2][49]$_DFFE_PP_,clk_host,9.26,0.99,0.0006342205130156209,9.259365779486984,setup,measured_vdd,orfs_ssd_ctrl_cfg_small,measured_droop/orfs_ssd_ctrl_cfg_small_vdd.csv,1.1,False,VALIDATED
1136,u_cdc_cmd.mem[11][23]$_DFFE_PP_,clk_host,9.26,0.98,0.0006265065297296479,9.259373493470271,setup,measured_vdd,orfs_ssd_ctrl_cfg_small,measured_droop/orfs_ssd_ctrl_cfg_small_vdd.csv,1.1,False,VALIDATED
1117,u_cdc_cmd.mem[2][41]$_DFFE_PP_,clk_host,9.26,0.99,0.0006218156261572072,9.259378184373842,setup,measured_vdd,orfs_ssd_ctrl_cfg_small,measured_droop/orfs_ssd_ctrl_cfg_small_vdd.csv,1.1,False,VALIDATED
1114,u_cdc_cmd.mem[2][44]$_DFFE_PP_,clk_host,9.26,0.99,0.0006218156261572072,9.259378184373842,setup,measured_vdd,orfs_ssd_ctrl_cfg_small,measured_droop/orfs_ssd_ctrl_cfg_small_vdd.csv,1.1,False,VALIDATED
1133,u_cdc_cmd.mem[2][46]$_DFFE_PP_,clk_host,9.26,0.99,0.000621531959842464,9.259378468040158,setup,measured_vdd,orfs_ssd_ctrl_cfg_small,measured_droop/orfs_ssd_ctrl_cfg_small_vdd.csv,1.1,False,VALIDATED
1127,u_cdc_cmd.mem[2][48]$_DFFE_PP_,clk_host,9.26,0.99,0.0006188341846365547,9.259381165815363,setup,measured_vdd,orfs_ssd_ctrl_cfg_small,measured_droop/orfs_ssd_ctrl_cfg_small_vdd.csv,1.1,False,VALIDATED
1118,u_cdc_cmd.mem[2][43]$_DFFE_PP_,clk_host,9.26,0.99,0.0006176499747372888,9.259382350025263,setup,measured_vdd,orfs_ssd_ctrl_cfg_small,measured_droop/orfs_ssd_ctrl_cfg_small_vdd.csv,1.1,False,VALIDATED
1125,u_cdc_cmd.mem[11][52]$_DFFE_PP_,clk_host,9.26,0.98,0.0006096826665929339,9.259390317333407,setup,measured_vdd,orfs_ssd_ctrl_cfg_small,measured_droop/orfs_ssd_ctrl_cfg_small_vdd.csv,1.1,False,VALIDATED
1137,u_cdc_cmd.mem[2][52]$_DFFE_PP_,clk_host,9.26,0.99,0.0006073324155185522,9.259392667584482,setup,measured_vdd,orfs_ssd_ctrl_cfg_small,measured_droop/orfs_ssd_ctrl_cfg_small_vdd.csv,1.1,False,VALIDATED
1124,u_cdc_cmd.mem[11][37]$_DFFE_PP_,clk_host,9.26,0.98,0.0006064037201867628,9.259393596279812,setup,measured_vdd,orfs_ssd_ctrl_cfg_small,measured_droop/orfs_ssd_ctrl_cfg_small_vdd.csv,1.1,False,VALIDATED
1122,u_cdc_cmd.mem[11][36]$_DFFE_PP_,clk_host,9.26,0.98,0.0006064037201867628,9.259393596279812,setup,measured_vdd,orfs_ssd_ctrl_cfg_small,measured_droop/orfs_ssd_ctrl_cfg_small_vdd.csv,1.1,False,VALIDATED
1134,u_cdc_cmd.mem[10][16]$_DFFE_PP_,clk_host,9.26,0.98,0.0006051472386735396,9.259394852761327,setup,measured_vdd,orfs_ssd_ctrl_cfg_small,measured_droop/orfs_ssd_ctrl_cfg_small_vdd.csv,1.1,False,VALIDATED
1135,u_cdc_cmd.mem[2][45]$_DFFE_PP_,clk_host,9.26,0.99,0.000605107685935316,9.259394892314065,setup,measured_vdd,orfs_ssd_ctrl_cfg_small,measured_droop/orfs_ssd_ctrl_cfg_small_vdd.csv,1.1,False,VALIDATED
1129,u_cdc_cmd.mem[2][47]$_DFFE_PP_,clk_host,9.26,0.99,0.0006040663818585729,9.25939593361814,setup,measured_vdd,orfs_ssd_ctrl_cfg_small,measured_droop/orfs_ssd_ctrl_cfg_small_vdd.csv,1.1,False,VALIDATED
1146,u_cdc_cmd.mem[11][29]$_DFFE_PP_,clk_host,9.26,0.98,0.0005970361418829867,9.259402963858117,setup,measured_vdd,orfs_ssd_ctrl_cfg_small,measured_droop/orfs_ssd_ctrl_cfg_small_vdd.csv,1.1,False,VALIDATED
1116,u_cdc_cmd.mem[2][50]$_DFFE_PP_,clk_host,9.26,0.98,0.0005961838342178061,9.259403816165783,setup,measured_vdd,orfs_ssd_ctrl_cfg_small,measured_droop/orfs_ssd_ctrl_cfg_small_vdd.csv,1.1,False,VALIDATED
1138,u_cdc_cmd.mem[10][50]$_DFFE_PP_,clk_host,9.26,0.98,0.0005935516390852824,9.259406448360915,setup,measured_vdd,orfs_ssd_ctrl_cfg_small,measured_droop/orfs_ssd_ctrl_cfg_small_vdd.csv,1.1,False,VALIDATED
1141,u_cdc_cmd.mem[11][72]$_DFFE_PP_,clk_host,9.26,0.98,0.0005929148145957658,9.259407085185405,setup,measured_vdd,orfs_ssd_ctrl_cfg_small,measured_droop/orfs_ssd_ctrl_cfg_small_vdd.csv,1.1,False,VALIDATED
1121,u_cdc_cmd.mem[2][36]$_DFFE_PP_,clk_host,9.26,0.98,0.0005910309112784062,9.259408969088721,setup,measured_vdd,orfs_ssd_ctrl_cfg_small,measured_droop/orfs_ssd_ctrl_cfg_small_vdd.csv,1.1,False,VALIDATED
1140,u_cdc_cmd.mem[2][51]$_DFFE_PP_,clk_host,9.26,0.99,0.0005899646637408801,9.25941003533626,setup,measured_vdd,orfs_ssd_ctrl_cfg_small,measured_droop/orfs_ssd_ctrl_cfg_small_vdd.csv,1.1,False,VALIDATED
1143,u_cdc_cmd.mem[2][39]$_DFFE_PP_,clk_host,9.26,0.98,0.0005873773835559926,9.259412622616443,setup,measured_vdd,orfs_ssd_ctrl_cfg_small,measured_droop/orfs_ssd_ctrl_cfg_small_vdd.csv,1.1,False,VALIDATED
1126,u_cdc_cmd.mem[10][19]$_DFFE_PP_,clk_host,9.26,0.98,0.0005867273305409787,9.259413272669459,setup,measured_vdd,orfs_ssd_ctrl_cfg_small,measured_droop/orfs_ssd_ctrl_cfg_small_vdd.csv,1.1,False,VALIDATED
1123,u_cdc_cmd.mem[10][20]$_DFFE_PP_,clk_host,9.26,0.98,0.0005867273305409787,9.259413272669459,setup,measured_vdd,orfs_ssd_ctrl_cfg_small,measured_droop/orfs_ssd_ctrl_cfg_small_vdd.csv,1.1,False,VALIDATED
1130,u_cdc_cmd.mem[11][35]$_DFFE_PP_,clk_host,9.26,0.98,0.0005849076209225729,9.259415092379077,setup,measured_vdd,orfs_ssd_ctrl_cfg_small,measured_droop/orfs_ssd_ctrl_cfg_small_vdd.csv,1.1,False,VALIDATED
1128,u_cdc_cmd.mem[10][39]$_DFFE_PP_,clk_host,9.26,0.98,0.0005841161562333275,9.259415883843767,setup,measured_vdd,orfs_ssd_ctrl_cfg_small,measured_droop/orfs_ssd_ctrl_cfg_small_vdd.csv,1.1,False,VALIDATED
1144,u_cdc_cmd.mem[10][13]$_DFFE_PP_,clk_host,9.26,0.98,0.0005820085201926062,9.259417991479808,setup,measured_vdd,orfs_ssd_ctrl_cfg_small,measured_droop/orfs_ssd_ctrl_cfg_small_vdd.csv,1.1,False,VALIDATED
1139,u_cdc_cmd.mem[11][38]$_DFFE_PP_,clk_host,9.26,0.98,0.0005818639738632697,9.259418136026136,setup,measured_vdd,orfs_ssd_ctrl_cfg_small,measured_droop/orfs_ssd_ctrl_cfg_small_vdd.csv,1.1,False,VALIDATED
1142,u_cdc_cmd.mem[10][12]$_DFFE_PP_,clk_host,9.26,0.98,0.000581004921328232,9.259418995078672,setup,measured_vdd,orfs_ssd_ctrl_cfg_small,measured_droop/orfs_ssd_ctrl_cfg_small_vdd.csv,1.1,False,VALIDATED
1111,u_cdc_cmd.mem[2][68]$_DFFE_PP_,clk_host,9.26,0.99,0.000576906859559051,9.259423093140441,setup,measured_vdd,orfs_ssd_ctrl_cfg_small,measured_droop/orfs_ssd_ctrl_cfg_small_vdd.csv,1.1,False,VALIDATED
1112,u_cdc_cmd.mem[2][30]$_DFFE_PP_,clk_host,9.26,0.99,0.0005728391759217827,9.259427160824078,setup,measured_vdd,orfs_ssd_ctrl_cfg_small,measured_droop/orfs_ssd_ctrl_cfg_small_vdd.csv,1.1,False,VALIDATED
1115,u_cdc_cmd.mem[2][37]$_DFFE_PP_,clk_host,9.26,0.99,0.0005713733834210727,9.259428626616579,setup,measured_vdd,orfs_ssd_ctrl_cfg_small,measured_droop/orfs_ssd_ctrl_cfg_small_vdd.csv,1.1,False,VALIDATED
1113,u_cdc_cmd.mem[2][35]$_DFFE_PP_,clk_host,9.26,0.99,0.0005707574501943313,9.259429242549805,setup,measured_vdd,orfs_ssd_ctrl_cfg_small,measured_droop/orfs_ssd_ctrl_cfg_small_vdd.csv,1.1,False,VALIDATED
1119,u_cdc_cmd.mem[2][38]$_DFFE_PP_,clk_host,9.26,0.99,0.0005623390457000499,9.2594376609543,setup,measured_vdd,orfs_ssd_ctrl_cfg_small,measured_droop/orfs_ssd_ctrl_cfg_small_vdd.csv,1.1,False,VALIDATED
1154,u_cdc_cmd.mem[10][7]$_DFFE_PP_,clk_host,9.27,0.97,0.0006222338896983148,9.269377766110301,setup,measured_vdd,orfs_ssd_ctrl_cfg_small,measured_droop/orfs_ssd_ctrl_cfg_small_vdd.csv,1.1,False,VALIDATED
1153,u_cdc_cmd.mem[2][3]$_DFFE_PP_,clk_host,9.27,0.98,0.000617081442751688,9.269382918557248,setup,measured_vdd,orfs_ssd_ctrl_cfg_small,measured_droop/orfs_ssd_ctrl_cfg_small_vdd.csv,1.1,False,VALIDATED
1164,u_cdc_cmd.mem[10][3]$_DFFE_PP_,clk_host,9.27,0.98,0.0006164440853293346,9.26938355591467,setup,measured_vdd,orfs_ssd_ctrl_cfg_small,measured_droop/orfs_ssd_ctrl_cfg_small_vdd.csv,1.1,False,VALIDATED
1170,u_cdc_cmd.mem[11][45]$_DFFE_PP_,clk_host,9.27,0.98,0.0006158672375260049,9.269384132762474,setup,measured_vdd,orfs_ssd_ctrl_cfg_small,measured_droop/orfs_ssd_ctrl_cfg_small_vdd.csv,1.1,False,VALIDATED
1160,u_cdc_cmd.mem[10][17]$_DFFE_PP_,clk_host,9.27,0.97,0.000614527122043157,9.269385472877957,setup,measured_vdd,orfs_ssd_ctrl_cfg_small,measured_droop/orfs_ssd_ctrl_cfg_small_vdd.csv,1.1,False,VALIDATED
1147,u_cdc_cmd.mem[11][71]$_DFFE_PP_,clk_host,9.27,0.98,0.0006137606421992708,9.2693862393578,setup,measured_vdd,orfs_ssd_ctrl_cfg_small,measured_droop/orfs_ssd_ctrl_cfg_small_vdd.csv,1.1,False,VALIDATED
1169,u_cdc_cmd.mem[10][43]$_DFFE_PP_,clk_host,9.27,0.97,0.0006098556216927314,9.269390144378306,setup,measured_vdd,orfs_ssd_ctrl_cfg_small,measured_droop/orfs_ssd_ctrl_cfg_small_vdd.csv,1.1,False,VALIDATED
1168,u_cdc_cmd.mem[10][4]$_DFFE_PP_,clk_host,9.27,0.97,0.0006096568121680968,9.269390343187832,setup,measured_vdd,orfs_ssd_ctrl_cfg_small,measured_droop/orfs_ssd_ctrl_cfg_small_vdd.csv,1.1,False,VALIDATED
1162,u_cdc_cmd.mem[10][11]$_DFFE_PP_,clk_host,9.27,0.97,0.0006092589037059726,9.269390741096293,setup,measured_vdd,orfs_ssd_ctrl_cfg_small,measured_droop/orfs_ssd_ctrl_cfg_small_vdd.csv,1.1,False,VALIDATED
1156,u_cdc_cmd.mem[10][6]$_DFFE_PP_,clk_host,9.27,0.97,0.0006092589037059726,9.269390741096293,setup,measured_vdd,orfs_ssd_ctrl_cfg_small,measured_droop/orfs_ssd_ctrl_cfg_small_vdd.csv,1.1,False,VALIDATED
1158,u_cdc_cmd.mem[10][15]$_DFFE_PP_,clk_host,9.27,0.97,0.0006043888832511779,9.269395611116748,setup,measured_vdd,orfs_ssd_ctrl_cfg_small,measured_droop/orfs_ssd_ctrl_cfg_small_vdd.csv,1.1,False,VALIDATED
1167,u_cdc_cmd.mem[11][51]$_DFFE_PP_,clk_host,9.27,0.98,0.0006018134121482527,9.269398186587852,setup,measured_vdd,orfs_ssd_ctrl_cfg_small,measured_droop/orfs_ssd_ctrl_cfg_small_vdd.csv,1.1,False,VALIDATED
1166,u_cdc_cmd.mem[11][68]$_DFFE_PP_,clk_host,9.27,0.98,0.0006018134121482527,9.269398186587852,setup,measured_vdd,orfs_ssd_ctrl_cfg_small,measured_droop/orfs_ssd_ctrl_cfg_small_vdd.csv,1.1,False,VALIDATED
1149,u_cdc_cmd.mem[10][18]$_DFFE_PP_,clk_host,9.27,0.98,0.0006010814774295159,9.26939891852257,setup,measured_vdd,orfs_ssd_ctrl_cfg_small,measured_droop/orfs_ssd_ctrl_cfg_small_vdd.csv,1.1,False,VALIDATED
1161,u_cdc_cmd.mem[11][40]$_DFFE_PP_,clk_host,9.27,0.98,0.0005982072464458948,9.269401792753554,setup,measured_vdd,orfs_ssd_ctrl_cfg_small,measured_droop/orfs_ssd_ctrl_cfg_small_vdd.csv,1.1,False,VALIDATED
1157,u_cdc_cmd.mem[11][30]$_DFFE_PP_,clk_host,9.27,0.98,0.0005967552738662812,9.269403244726133,setup,measured_vdd,orfs_ssd_ctrl_cfg_small,measured_droop/orfs_ssd_ctrl_cfg_small_vdd.csv,1.1,False,VALIDATED
1159,u_cdc_cmd.mem[11][70]$_DFFE_PP_,clk_host,9.27,0.98,0.0005967552738662812,9.269403244726133,setup,measured_vdd,orfs_ssd_ctrl_cfg_small,measured_droop/orfs_ssd_ctrl_cfg_small_vdd.csv,1.1,False,VALIDATED
1165,u_cdc_cmd.mem[11][69]$_DFFE_PP_,clk_host,9.27,0.98,0.000594601080743537,9.269405398919256,setup,measured_vdd,orfs_ssd_ctrl_cfg_small,measured_droop/orfs_ssd_ctrl_cfg_small_vdd.csv,1.1,False,VALIDATED
1152,u_cdc_cmd.mem[10][14]$_DFFE_PP_,clk_host,9.27,0.98,0.0005934519465237431,9.269406548053476,setup,measured_vdd,orfs_ssd_ctrl_cfg_small,measured_droop/orfs_ssd_ctrl_cfg_small_vdd.csv,1.1,False,VALIDATED
1151,u_cdc_cmd.mem[2][13]$_DFFE_PP_,clk_host,9.27,0.98,0.0005904687834631106,9.269409531216537,setup,measured_vdd,orfs_ssd_ctrl_cfg_small,measured_droop/orfs_ssd_ctrl_cfg_small_vdd.csv,1.1,False,VALIDATED
1150,u_cdc_cmd.mem[2][18]$_DFFE_PP_,clk_host,9.27,0.98,0.0005904687834631106,9.269409531216537,setup,measured_vdd,orfs_ssd_ctrl_cfg_small,measured_droop/orfs_ssd_ctrl_cfg_small_vdd.csv,1.1,False,VALIDATED
1148,u_cdc_cmd.mem[2][14]$_DFFE_PP_,clk_host,9.27,0.98,0.0005897193378890525,9.269410280662111,setup,measured_vdd,orfs_ssd_ctrl_cfg_small,measured_droop/orfs_ssd_ctrl_cfg_small_vdd.csv,1.1,False,VALIDATED
1163,u_cdc_cmd.mem[11][67]$_DFFE_PP_,clk_host,9.27,0.98,0.0005875779962742078,9.269412422003725,setup,measured_vdd,orfs_ssd_ctrl_cfg_small,measured_droop/orfs_ssd_ctrl_cfg_small_vdd.csv,1.1,False,VALIDATED
1155,u_cdc_cmd.mem[2][12]$_DFFE_PP_,clk_host,9.27,0.98,0.0005854102565846508,9.269414589743414,setup,measured_vdd,orfs_ssd_ctrl_cfg_small,measured_droop/orfs_ssd_ctrl_cfg_small_vdd.csv,1.1,False,VALIDATED
1182,u_cdc_cmd.mem[10][42]$_DFFE_PP_,clk_host,9.28,0.96,0.0006331368197595028,9.27936686318024,setup,measured_vdd,orfs_ssd_ctrl_cfg_small,measured_droop/orfs_ssd_ctrl_cfg_small_vdd.csv,1.1,False,VALIDATED
1173,u_cdc_cmd.mem[10][5]$_DFFE_PP_,clk_host,9.28,0.97,0.0006234770598056022,9.279376522940193,setup,measured_vdd,orfs_ssd_ctrl_cfg_small,measured_droop/orfs_ssd_ctrl_cfg_small_vdd.csv,1.1,False,VALIDATED
1185,u_cdc_cmd.mem[10][22]$_DFFE_PP_,clk_host,9.28,0.96,0.0006228543739136977,9.279377145626086,setup,measured_vdd,orfs_ssd_ctrl_cfg_small,measured_droop/orfs_ssd_ctrl_cfg_small_vdd.csv,1.1,False,VALIDATED
1172,u_cdc_cmd.mem[10][49]$_DFFE_PP_,clk_host,9.28,0.97,0.0006103025432445258,9.279389697456756,setup,measured_vdd,orfs_ssd_ctrl_cfg_small,measured_droop/orfs_ssd_ctrl_cfg_small_vdd.csv,1.1,False,VALIDATED
1175,u_cdc_cmd.mem[10][9]$_DFFE_PP_,clk_host,9.28,0.97,0.0006090116032359122,9.279390988396763,setup,measured_vdd,orfs_ssd_ctrl_cfg_small,measured_droop/orfs_ssd_ctrl_cfg_small_vdd.csv,1.1,False,VALIDATED
1171,u_cdc_cmd.mem[10][48]$_DFFE_PP_,clk_host,9.28,0.98,0.0006025375267642158,9.279397462473234,setup,measured_vdd,orfs_ssd_ctrl_cfg_small,measured_droop/orfs_ssd_ctrl_cfg_small_vdd.csv,1.1,False,VALIDATED
1174,u_cdc_cmd.mem[11][47]$_DFFE_PP_,clk_host,9.28,0.98,0.0006018602498540221,9.279398139750146,setup,measured_vdd,orfs_ssd_ctrl_cfg_small,measured_droop/orfs_ssd_ctrl_cfg_small_vdd.csv,1.1,False,VALIDATED
1183,u_cdc_cmd.mem[3][53]$_DFFE_PP_,clk_host,9.28,0.95,0.0005755718077327387,9.279424428192266,setup,measured_vdd,orfs_ssd_ctrl_cfg_small,measured_droop/orfs_ssd_ctrl_cfg_small_vdd.csv,1.1,False,VALIDATED
1179,u_cdc_cmd.mem[1][53]$_DFFE_PP_,clk_host,9.28,0.95,0.0005720725513092967,9.27942792744869,setup,measured_vdd,orfs_ssd_ctrl_cfg_small,measured_droop/orfs_ssd_ctrl_cfg_small_vdd.csv,1.1,False,VALIDATED
1181,u_cdc_cmd.mem[1][63]$_DFFE_PP_,clk_host,9.28,0.95,0.0005720725513092967,9.27942792744869,setup,measured_vdd,orfs_ssd_ctrl_cfg_small,measured_droop/orfs_ssd_ctrl_cfg_small_vdd.csv,1.1,False,VALIDATED
1176,u_cdc_cmd.mem[1][66]$_DFFE_PP_,clk_host,9.28,0.95,0.0005720725513092967,9.27942792744869,setup,measured_vdd,orfs_ssd_ctrl_cfg_small,measured_droop/orfs_ssd_ctrl_cfg_small_vdd.csv,1.1,False,VALIDATED
1177,u_cdc_cmd.mem[5][30]$_DFFE_PP_,clk_host,9.28,0.96,0.000559268941963828,9.279440731058035,setup,measured_vdd,orfs_ssd_ctrl_cfg_small,measured_droop/orfs_ssd_ctrl_cfg_small_vdd.csv,1.1,False,VALIDATED
1180,u_cdc_cmd.mem[5][70]$_DFFE_PP_,clk_host,9.28,0.96,0.000559268941963828,9.279440731058035,setup,measured_vdd,orfs_ssd_ctrl_cfg_small,measured_droop/orfs_ssd_ctrl_cfg_small_vdd.csv,1.1,False,VALIDATED
1184,u_cdc_cmd.mem[5][40]$_DFFE_PP_,clk_host,9.28,0.96,0.0005561232914751829,9.279443876708525,setup,measured_vdd,orfs_ssd_ctrl_cfg_small,measured_droop/orfs_ssd_ctrl_cfg_small_vdd.csv,1.1,False,VALIDATED
1178,u_cdc_cmd.mem[5][67]$_DFFE_PP_,clk_host,9.28,0.96,0.0005561232914751829,9.279443876708525,setup,measured_vdd,orfs_ssd_ctrl_cfg_small,measured_droop/orfs_ssd_ctrl_cfg_small_vdd.csv,1.1,False,VALIDATED
1198,u_cdc_cmd.mem[10][2]$_DFFE_PP_,clk_host,9.29,0.96,0.0006314194464881462,9.28936858055351,setup,measured_vdd,orfs_ssd_ctrl_cfg_small,measured_droop/orfs_ssd_ctrl_cfg_small_vdd.csv,1.1,False,VALIDATED
393,u_host_if.s_rdata[19]$_DFFE_PN0P_,clk_host,9.29,1.03,0.0006145799404456698,9.289385420059553,recovery,measured_vdd,orfs_ssd_ctrl_cfg_small,measured_droop/orfs_ssd_ctrl_cfg_small_vdd.csv,1.1,False,VALIDATED
386,u_host_if.rpop_q[10]$_DFFE_PN0P_,clk_host,9.29,1.03,0.0006145799404456698,9.289385420059553,recovery,measured_vdd,orfs_ssd_ctrl_cfg_small,measured_droop/orfs_ssd_ctrl_cfg_small_vdd.csv,1.1,False,VALIDATED
391,u_host_if.s_rdata[10]$_DFFE_PN0P_,clk_host,9.29,1.03,0.0006145799404456698,9.289385420059553,recovery,measured_vdd,orfs_ssd_ctrl_cfg_small,measured_droop/orfs_ssd_ctrl_cfg_small_vdd.csv,1.1,False,VALIDATED
392,u_host_if.s_rdata[16]$_DFFE_PN0P_,clk_host,9.29,1.03,0.0006145799404456698,9.289385420059553,recovery,measured_vdd,orfs_ssd_ctrl_cfg_small,measured_droop/orfs_ssd_ctrl_cfg_small_vdd.csv,1.1,False,VALIDATED
394,u_host_if.rpop_q[19]$_DFFE_PN0P_,clk_host,9.29,1.03,0.0006145799404456698,9.289385420059553,recovery,measured_vdd,orfs_ssd_ctrl_cfg_small,measured_droop/orfs_ssd_ctrl_cfg_small_vdd.csv,1.1,False,VALIDATED
381,u_host_if.rpop_q[13]$_DFFE_PN0P_,clk_host,9.29,1.03,0.0006061874587512533,9.289393812541247,recovery,measured_vdd,orfs_ssd_ctrl_cfg_small,measured_droop/orfs_ssd_ctrl_cfg_small_vdd.csv,1.1,False,VALIDATED
379,u_host_if.s_rdata[14]$_DFFE_PN0P_,clk_host,9.29,1.03,0.0006061874587512533,9.289393812541247,recovery,measured_vdd,orfs_ssd_ctrl_cfg_small,measured_droop/orfs_ssd_ctrl_cfg_small_vdd.csv,1.1,False,VALIDATED
378,u_host_if.rpop_q[15]$_DFFE_PN0P_,clk_host,9.29,1.03,0.0006061874587512533,9.289393812541247,recovery,measured_vdd,orfs_ssd_ctrl_cfg_small,measured_droop/orfs_ssd_ctrl_cfg_small_vdd.csv,1.1,False,VALIDATED
375,u_host_if.s_rdata[17]$_DFFE_PN0P_,clk_host,9.29,1.03,0.0006061874587512533,9.289393812541247,recovery,measured_vdd,orfs_ssd_ctrl_cfg_small,measured_droop/orfs_ssd_ctrl_cfg_small_vdd.csv,1.1,False,VALIDATED
377,u_host_if.rpop_q[17]$_DFFE_PN0P_,clk_host,9.29,1.03,0.0006061874587512533,9.289393812541247,recovery,measured_vdd,orfs_ssd_ctrl_cfg_small,measured_droop/orfs_ssd_ctrl_cfg_small_vdd.csv,1.1,False,VALIDATED
380,u_host_if.rpop_q[14]$_DFFE_PN0P_,clk_host,9.29,1.03,0.0006061874587512533,9.289393812541247,recovery,measured_vdd,orfs_ssd_ctrl_cfg_small,measured_droop/orfs_ssd_ctrl_cfg_small_vdd.csv,1.1,False,VALIDATED
376,u_host_if.s_rdata[15]$_DFFE_PN0P_,clk_host,9.29,1.03,0.0006061874587512533,9.289393812541247,recovery,measured_vdd,orfs_ssd_ctrl_cfg_small,measured_droop/orfs_ssd_ctrl_cfg_small_vdd.csv,1.1,False,VALIDATED
1196,u_cdc_cmd.mem[1][75]$_DFFE_PP_,clk_host,9.29,0.94,0.0006025754076360301,9.289397424592362,setup,measured_vdd,orfs_ssd_ctrl_cfg_small,measured_droop/orfs_ssd_ctrl_cfg_small_vdd.csv,1.1,False,VALIDATED
384,u_host_if.s_rdata[20]$_DFFE_PN0P_,clk_host,9.29,1.03,0.000600541491748291,9.289399458508251,recovery,measured_vdd,orfs_ssd_ctrl_cfg_small,measured_droop/orfs_ssd_ctrl_cfg_small_vdd.csv,1.1,False,VALIDATED
383,u_host_if.s_rdata[13]$_DFFE_PN0P_,clk_host,9.29,1.03,0.000600541491748291,9.289399458508251,recovery,measured_vdd,orfs_ssd_ctrl_cfg_small,measured_droop/orfs_ssd_ctrl_cfg_small_vdd.csv,1.1,False,VALIDATED
385,u_host_if.rpop_q[16]$_DFFE_PN0P_,clk_host,9.29,1.03,0.000600541491748291,9.289399458508251,recovery,measured_vdd,orfs_ssd_ctrl_cfg_small,measured_droop/orfs_ssd_ctrl_cfg_small_vdd.csv,1.1,False,VALIDATED
389,u_host_if.s_rdata[12]$_DFFE_PN0P_,clk_host,9.29,1.03,0.000600541491748291,9.289399458508251,recovery,measured_vdd,orfs_ssd_ctrl_cfg_small,measured_droop/orfs_ssd_ctrl_cfg_small_vdd.csv,1.1,False,VALIDATED
388,u_host_if.rpop_q[9]$_DFFE_PN0P_,clk_host,9.29,1.03,0.000600541491748291,9.289399458508251,recovery,measured_vdd,orfs_ssd_ctrl_cfg_small,measured_droop/orfs_ssd_ctrl_cfg_small_vdd.csv,1.1,False,VALIDATED
382,u_host_if.rpop_q[20]$_DFFE_PN0P_,clk_host,9.29,1.03,0.000600541491748291,9.289399458508251,recovery,measured_vdd,orfs_ssd_ctrl_cfg_small,measured_droop/orfs_ssd_ctrl_cfg_small_vdd.csv,1.1,False,VALIDATED
387,u_host_if.rpop_q[12]$_DFFE_PN0P_,clk_host,9.29,1.03,0.000600541491748291,9.289399458508251,recovery,measured_vdd,orfs_ssd_ctrl_cfg_small,measured_droop/orfs_ssd_ctrl_cfg_small_vdd.csv,1.1,False,VALIDATED
390,u_host_if.s_rdata[9]$_DFFE_PN0P_,clk_host,9.29,1.03,0.000600541491748291,9.289399458508251,recovery,measured_vdd,orfs_ssd_ctrl_cfg_small,measured_droop/orfs_ssd_ctrl_cfg_small_vdd.csv,1.1,False,VALIDATED
1190,u_cdc_cmd.mem[1][21]$_DFFE_PP_,clk_host,9.29,0.94,0.000600085697395697,9.289399914302603,setup,measured_vdd,orfs_ssd_ctrl_cfg_small,measured_droop/orfs_ssd_ctrl_cfg_small_vdd.csv,1.1,False,VALIDATED
1197,u_cdc_cmd.mem[1][26]$_DFFE_PP_,clk_host,9.29,0.94,0.000600085697395697,9.289399914302603,setup,measured_vdd,orfs_ssd_ctrl_cfg_small,measured_droop/orfs_ssd_ctrl_cfg_small_vdd.csv,1.1,False,VALIDATED
1192,u_cdc_cmd.mem[5][32]$_DFFE_PP_,clk_host,9.29,0.96,0.0005935361851662213,9.289406463814833,setup,measured_vdd,orfs_ssd_ctrl_cfg_small,measured_droop/orfs_ssd_ctrl_cfg_small_vdd.csv,1.1,False,VALIDATED
1189,u_cdc_cmd.mem[1][55]$_DFFE_PP_,clk_host,9.29,0.95,0.000585309416061025,9.289414690583937,setup,measured_vdd,orfs_ssd_ctrl_cfg_small,measured_droop/orfs_ssd_ctrl_cfg_small_vdd.csv,1.1,False,VALIDATED
1191,u_cdc_cmd.mem[5][71]$_DFFE_PP_,clk_host,9.29,0.96,0.0005839982190656567,9.289416001780934,setup,measured_vdd,orfs_ssd_ctrl_cfg_small,measured_droop/orfs_ssd_ctrl_cfg_small_vdd.csv,1.1,False,VALIDATED
1187,u_cdc_cmd.mem[3][66]$_DFFE_PP_,clk_host,9.29,0.95,0.0005826566129795152,9.28941734338702,setup,measured_vdd,orfs_ssd_ctrl_cfg_small,measured_droop/orfs_ssd_ctrl_cfg_small_vdd.csv,1.1,False,VALIDATED
1195,u_cdc_cmd.mem[5][31]$_DFFE_PP_,clk_host,9.29,0.95,0.0005784013769601221,9.289421598623038,setup,measured_vdd,orfs_ssd_ctrl_cfg_small,measured_droop/orfs_ssd_ctrl_cfg_small_vdd.csv,1.1,False,VALIDATED
1188,u_cdc_cmd.mem[3][63]$_DFFE_PP_,clk_host,9.29,0.95,0.0005755718077327387,9.289424428192266,setup,measured_vdd,orfs_ssd_ctrl_cfg_small,measured_droop/orfs_ssd_ctrl_cfg_small_vdd.csv,1.1,False,VALIDATED
1186,u_cdc_cmd.mem[1][61]$_DFFE_PP_,clk_host,9.29,0.95,0.0005734369961631625,9.289426563003836,setup,measured_vdd,orfs_ssd_ctrl_cfg_small,measured_droop/orfs_ssd_ctrl_cfg_small_vdd.csv,1.1,False,VALIDATED
1199,u_cdc_cmd.mem[3][62]$_DFFE_PP_,clk_host,9.29,0.95,0.0005663107377074789,9.289433689262292,setup,measured_vdd,orfs_ssd_ctrl_cfg_small,measured_droop/orfs_ssd_ctrl_cfg_small_vdd.csv,1.1,False,VALIDATED
1194,u_cdc_cmd.mem[5][29]$_DFFE_PP_,clk_host,9.29,0.96,0.0005655599566909281,9.289434440043308,setup,measured_vdd,orfs_ssd_ctrl_cfg_small,measured_droop/orfs_ssd_ctrl_cfg_small_vdd.csv,1.1,False,VALIDATED
1200,u_cdc_cmd.mem[15][19]$_DFFE_PP_,clk_host,9.29,0.95,0.0005546010290843478,9.289445398970916,setup,measured_vdd,orfs_ssd_ctrl_cfg_small,measured_droop/orfs_ssd_ctrl_cfg_small_vdd.csv,1.1,False,VALIDATED
1193,u_cdc_cmd.mem[1][62]$_DFFE_PP_,clk_host,9.29,0.95,0.0005508143190592479,9.28944918568094,setup,measured_vdd,orfs_ssd_ctrl_cfg_small,measured_droop/orfs_ssd_ctrl_cfg_small_vdd.csv,1.1,False,VALIDATED
395,u_host_if.s_rdata[18]$_DFFE_PN0P_,clk_host,9.3,1.03,0.0006145799404456698,9.299385420059554,recovery,measured_vdd,orfs_ssd_ctrl_cfg_small,measured_droop/orfs_ssd_ctrl_cfg_small_vdd.csv,1.1,False,VALIDATED
396,u_host_if.rpop_q[18]$_DFFE_PN0P_,clk_host,9.43,0.9,0.0005302874890897868,9.42946971251091,recovery,measured_vdd,orfs_ssd_ctrl_cfg_small,measured_droop/orfs_ssd_ctrl_cfg_small_vdd.csv,1.1,False,VALIDATED
399,u_host_if.s_rdata[8]$_DFFE_PN0P_,clk_host,9.43,0.9,0.0005302874890897868,9.42946971251091,recovery,measured_vdd,orfs_ssd_ctrl_cfg_small,measured_droop/orfs_ssd_ctrl_cfg_small_vdd.csv,1.1,False,VALIDATED
398,u_host_if.rpop_q[8]$_DFFE_PN0P_,clk_host,9.43,0.9,0.0005302874890897868,9.42946971251091,recovery,measured_vdd,orfs_ssd_ctrl_cfg_small,measured_droop/orfs_ssd_ctrl_cfg_small_vdd.csv,1.1,False,VALIDATED
397,u_host_if.rpop_q[7]$_DFFE_PN0P_,clk_host,9.43,0.9,0.0005302874890897868,9.42946971251091,recovery,measured_vdd,orfs_ssd_ctrl_cfg_small,measured_droop/orfs_ssd_ctrl_cfg_small_vdd.csv,1.1,False,VALIDATED
1201,nand_dq_oe[0],clk_nand,11.57,0.43,0.00020463354315021498,11.56979536645685,setup,measured_vdd,orfs_ssd_ctrl_cfg_small,measured_droop/orfs_ssd_ctrl_cfg_small_vdd.csv,1.1,False,VALIDATED
1202,nand_ale[0],clk_nand,11.58,0.42,0.00017657332214422727,11.579823426677855,setup,measured_vdd,orfs_ssd_ctrl_cfg_small,measured_droop/orfs_ssd_ctrl_cfg_small_vdd.csv,1.1,False,VALIDATED
1204,nand_cle[0],clk_nand,11.59,0.41,0.00021958559829178548,11.589780414401709,setup,measured_vdd,orfs_ssd_ctrl_cfg_small,measured_droop/orfs_ssd_ctrl_cfg_small_vdd.csv,1.1,False,VALIDATED
1203,nand_dq_o[2],clk_nand,11.59,0.41,0.00019511570393387911,11.589804884296067,setup,measured_vdd,orfs_ssd_ctrl_cfg_small,measured_droop/orfs_ssd_ctrl_cfg_small_vdd.csv,1.1,False,VALIDATED
1206,nand_ce_n[0],clk_nand,11.6,0.4,0.00021422985199202882,11.599785770148008,setup,measured_vdd,orfs_ssd_ctrl_cfg_small,measured_droop/orfs_ssd_ctrl_cfg_small_vdd.csv,1.1,False,VALIDATED
1205,nand_dq_o[1],clk_nand,11.6,0.4,0.00019638134937306762,11.599803618650627,setup,measured_vdd,orfs_ssd_ctrl_cfg_small,measured_droop/orfs_ssd_ctrl_cfg_small_vdd.csv,1.1,False,VALIDATED
1209,nand_dq_o[4],clk_nand,11.62,0.38,0.00019943024205609783,11.619800569757944,setup,measured_vdd,orfs_ssd_ctrl_cfg_small,measured_droop/orfs_ssd_ctrl_cfg_small_vdd.csv,1.1,False,VALIDATED
1215,nand_dq_o[6],clk_nand,11.62,0.38,0.0001992122298117016,11.619800787770188,setup,measured_vdd,orfs_ssd_ctrl_cfg_small,measured_droop/orfs_ssd_ctrl_cfg_small_vdd.csv,1.1,False,VALIDATED
1211,nand_dq_o[7],clk_nand,11.62,0.38,0.0001992122298117016,11.619800787770188,setup,measured_vdd,orfs_ssd_ctrl_cfg_small,measured_droop/orfs_ssd_ctrl_cfg_small_vdd.csv,1.1,False,VALIDATED
1212,nand_dq_o[0],clk_nand,11.62,0.38,0.0001992122298117016,11.619800787770188,setup,measured_vdd,orfs_ssd_ctrl_cfg_small,measured_droop/orfs_ssd_ctrl_cfg_small_vdd.csv,1.1,False,VALIDATED
1217,nand_dq_o[3],clk_nand,11.62,0.38,0.0001992122298117016,11.619800787770188,setup,measured_vdd,orfs_ssd_ctrl_cfg_small,measured_droop/orfs_ssd_ctrl_cfg_small_vdd.csv,1.1,False,VALIDATED
1213,nand_dq_o[5],clk_nand,11.62,0.38,0.0001981766107256866,11.619801823389274,setup,measured_vdd,orfs_ssd_ctrl_cfg_small,measured_droop/orfs_ssd_ctrl_cfg_small_vdd.csv,1.1,False,VALIDATED
1214,nand_re_n[1],clk_nand,11.62,0.38,0.00018951680046305763,11.619810483199537,setup,measured_vdd,orfs_ssd_ctrl_cfg_small,measured_droop/orfs_ssd_ctrl_cfg_small_vdd.csv,1.1,False,VALIDATED
1210,nand_dq_o[12],clk_nand,11.62,0.38,0.00015784722099668191,11.619842152779002,setup,measured_vdd,orfs_ssd_ctrl_cfg_small,measured_droop/orfs_ssd_ctrl_cfg_small_vdd.csv,1.1,False,VALIDATED
1218,nand_dq_o[15],clk_nand,11.62,0.38,0.00015103707763076957,11.619848962922369,setup,measured_vdd,orfs_ssd_ctrl_cfg_small,measured_droop/orfs_ssd_ctrl_cfg_small_vdd.csv,1.1,False,VALIDATED
1208,nand_dq_o[11],clk_nand,11.62,0.38,0.00014466463462886603,11.61985533536537,setup,measured_vdd,orfs_ssd_ctrl_cfg_small,measured_droop/orfs_ssd_ctrl_cfg_small_vdd.csv,1.1,False,VALIDATED
1207,nand_dq_o[14],clk_nand,11.62,0.38,0.00014466463462886603,11.61985533536537,setup,measured_vdd,orfs_ssd_ctrl_cfg_small,measured_droop/orfs_ssd_ctrl_cfg_small_vdd.csv,1.1,False,VALIDATED
1216,nand_dq_o[8],clk_nand,11.62,0.38,0.00014466463462886603,11.61985533536537,setup,measured_vdd,orfs_ssd_ctrl_cfg_small,measured_droop/orfs_ssd_ctrl_cfg_small_vdd.csv,1.1,False,VALIDATED
1222,nand_dq_oe[1],clk_nand,11.63,0.37,0.0001908417603110335,11.62980915823969,setup,measured_vdd,orfs_ssd_ctrl_cfg_small,measured_droop/orfs_ssd_ctrl_cfg_small_vdd.csv,1.1,False,VALIDATED
1224,nand_dq_o[13],clk_nand,11.63,0.37,0.0001532671648265399,11.629846732835174,setup,measured_vdd,orfs_ssd_ctrl_cfg_small,measured_droop/orfs_ssd_ctrl_cfg_small_vdd.csv,1.1,False,VALIDATED
1223,nand_dq_o[9],clk_nand,11.63,0.37,0.0001532671648265399,11.629846732835174,setup,measured_vdd,orfs_ssd_ctrl_cfg_small,measured_droop/orfs_ssd_ctrl_cfg_small_vdd.csv,1.1,False,VALIDATED
1225,nand_ale[1],clk_nand,11.63,0.37,0.0001532671648265399,11.629846732835174,setup,measured_vdd,orfs_ssd_ctrl_cfg_small,measured_droop/orfs_ssd_ctrl_cfg_small_vdd.csv,1.1,False,VALIDATED
1219,nand_we_n[0],clk_nand,11.63,0.37,0.00014748214272915228,11.629852517857271,setup,measured_vdd,orfs_ssd_ctrl_cfg_small,measured_droop/orfs_ssd_ctrl_cfg_small_vdd.csv,1.1,False,VALIDATED
1220,nand_dq_o[10],clk_nand,11.63,0.37,0.00014706241769311956,11.629852937582308,setup,measured_vdd,orfs_ssd_ctrl_cfg_small,measured_droop/orfs_ssd_ctrl_cfg_small_vdd.csv,1.1,False,VALIDATED
1221,nand_re_n[0],clk_nand,11.63,0.37,0.00013082556599505746,11.629869174434006,setup,measured_vdd,orfs_ssd_ctrl_cfg_small,measured_droop/orfs_ssd_ctrl_cfg_small_vdd.csv,1.1,False,VALIDATED
1227,nand_we_n[1],clk_nand,11.64,0.36,0.00017923216012950827,11.63982076783987,setup,measured_vdd,orfs_ssd_ctrl_cfg_small,measured_droop/orfs_ssd_ctrl_cfg_small_vdd.csv,1.1,False,VALIDATED
1228,nand_ce_n[1],clk_nand,11.64,0.36,0.00014912480902042058,11.63985087519098,setup,measured_vdd,orfs_ssd_ctrl_cfg_small,measured_droop/orfs_ssd_ctrl_cfg_small_vdd.csv,1.1,False,VALIDATED
1226,nand_cle[1],clk_nand,11.64,0.36,0.00014912480902042058,11.63985087519098,setup,measured_vdd,orfs_ssd_ctrl_cfg_small,measured_droop/orfs_ssd_ctrl_cfg_small_vdd.csv,1.1,False,VALIDATED
1230,g_chan[1].u_cdc_chr.mem[11][1]$_DFFE_PP_,clk_nand,11.85,8.35,0.0029159054644380955,11.847084094535562,setup,measured_vdd,orfs_ssd_ctrl_cfg_small,measured_droop/orfs_ssd_ctrl_cfg_small_vdd.csv,1.1,False,VALIDATED
1229,g_chan[1].u_cdc_chr.mem[10][1]$_DFFE_PP_,clk_nand,11.85,8.35,0.0029159054644380955,11.847084094535562,setup,measured_vdd,orfs_ssd_ctrl_cfg_small,measured_droop/orfs_ssd_ctrl_cfg_small_vdd.csv,1.1,False,VALIDATED
1240,g_chan[1].u_cdc_chr.mem[10][25]$_DFFE_PP_,clk_nand,11.86,8.35,0.003956160628085903,11.856043839371914,setup,measured_vdd,orfs_ssd_ctrl_cfg_small,measured_droop/orfs_ssd_ctrl_cfg_small_vdd.csv,1.1,False,VALIDATED
1233,g_chan[1].u_cdc_chr.mem[15][25]$_DFFE_PP_,clk_nand,11.86,8.35,0.003956160628085903,11.856043839371914,setup,measured_vdd,orfs_ssd_ctrl_cfg_small,measured_droop/orfs_ssd_ctrl_cfg_small_vdd.csv,1.1,False,VALIDATED
1241,g_chan[1].u_cdc_chr.mem[4][21]$_DFFE_PP_,clk_nand,11.86,8.35,0.003948194487420675,11.856051805512578,setup,measured_vdd,orfs_ssd_ctrl_cfg_small,measured_droop/orfs_ssd_ctrl_cfg_small_vdd.csv,1.1,False,VALIDATED
1248,g_chan[1].u_cdc_chr.mem[5][21]$_DFFE_PP_,clk_nand,11.86,8.35,0.003948194487420675,11.856051805512578,setup,measured_vdd,orfs_ssd_ctrl_cfg_small,measured_droop/orfs_ssd_ctrl_cfg_small_vdd.csv,1.1,False,VALIDATED
1246,g_chan[1].u_cdc_chr.mem[6][21]$_DFFE_PP_,clk_nand,11.86,8.35,0.003948194487420675,11.856051805512578,setup,measured_vdd,orfs_ssd_ctrl_cfg_small,measured_droop/orfs_ssd_ctrl_cfg_small_vdd.csv,1.1,False,VALIDATED
1235,g_chan[1].u_cdc_chr.mem[1][25]$_DFFE_PP_,clk_nand,11.86,8.35,0.003849693420583389,11.856150306579416,setup,measured_vdd,orfs_ssd_ctrl_cfg_small,measured_droop/orfs_ssd_ctrl_cfg_small_vdd.csv,1.1,False,VALIDATED
1232,g_chan[1].u_cdc_chr.mem[11][25]$_DFFE_PP_,clk_nand,11.86,8.35,0.0038363941578517524,11.856163605842148,setup,measured_vdd,orfs_ssd_ctrl_cfg_small,measured_droop/orfs_ssd_ctrl_cfg_small_vdd.csv,1.1,False,VALIDATED
1254,g_chan[1].u_cdc_chr.mem[7][21]$_DFFE_PP_,clk_nand,11.86,8.35,0.0037944814487714806,11.856205518551228,setup,measured_vdd,orfs_ssd_ctrl_cfg_small,measured_droop/orfs_ssd_ctrl_cfg_small_vdd.csv,1.1,False,VALIDATED
1238,g_chan[1].u_cdc_chr.mem[12][21]$_DFFE_PP_,clk_nand,11.86,8.35,0.0037944814487714806,11.856205518551228,setup,measured_vdd,orfs_ssd_ctrl_cfg_small,measured_droop/orfs_ssd_ctrl_cfg_small_vdd.csv,1.1,False,VALIDATED
1237,g_chan[1].u_cdc_chr.mem[13][21]$_DFFE_PP_,clk_nand,11.86,8.35,0.0037944814487714806,11.856205518551228,setup,measured_vdd,orfs_ssd_ctrl_cfg_small,measured_droop/orfs_ssd_ctrl_cfg_small_vdd.csv,1.1,False,VALIDATED
1262,g_chan[1].u_cdc_chr.mem[12][25]$_DFFE_PP_,clk_nand,11.86,8.35,0.0037884946029803634,11.856211505397019,setup,measured_vdd,orfs_ssd_ctrl_cfg_small,measured_droop/orfs_ssd_ctrl_cfg_small_vdd.csv,1.1,False,VALIDATED
1239,g_chan[1].u_cdc_chr.mem[3][25]$_DFFE_PP_,clk_nand,11.86,8.35,0.0037778318134277233,11.856222168186571,setup,measured_vdd,orfs_ssd_ctrl_cfg_small,measured_droop/orfs_ssd_ctrl_cfg_small_vdd.csv,1.1,False,VALIDATED
1256,g_chan[1].u_cdc_chr.mem[0][25]$_DFFE_PP_,clk_nand,11.86,8.35,0.0037778318134277233,11.856222168186571,setup,measured_vdd,orfs_ssd_ctrl_cfg_small,measured_droop/orfs_ssd_ctrl_cfg_small_vdd.csv,1.1,False,VALIDATED
1265,g_chan[1].u_cdc_chr.mem[3][21]$_DFFE_PP_,clk_nand,11.86,8.35,0.0037485606919889225,11.85625143930801,setup,measured_vdd,orfs_ssd_ctrl_cfg_small,measured_droop/orfs_ssd_ctrl_cfg_small_vdd.csv,1.1,False,VALIDATED
1252,g_chan[1].u_cdc_chr.mem[2][21]$_DFFE_PP_,clk_nand,11.86,8.35,0.0037485606919889225,11.85625143930801,setup,measured_vdd,orfs_ssd_ctrl_cfg_small,measured_droop/orfs_ssd_ctrl_cfg_small_vdd.csv,1.1,False,VALIDATED
1234,g_chan[1].u_cdc_chr.mem[5][25]$_DFFE_PP_,clk_nand,11.86,8.35,0.003716627687617602,11.856283372312381,setup,measured_vdd,orfs_ssd_ctrl_cfg_small,measured_droop/orfs_ssd_ctrl_cfg_small_vdd.csv,1.1,False,VALIDATED
1261,g_chan[1].u_cdc_chr.mem[2][25]$_DFFE_PP_,clk_nand,11.86,8.35,0.003716627687617602,11.856283372312381,setup,measured_vdd,orfs_ssd_ctrl_cfg_small,measured_droop/orfs_ssd_ctrl_cfg_small_vdd.csv,1.1,False,VALIDATED
1236,g_chan[1].u_cdc_chr.mem[14][25]$_DFFE_PP_,clk_nand,11.86,8.35,0.003716627687617602,11.856283372312381,setup,measured_vdd,orfs_ssd_ctrl_cfg_small,measured_droop/orfs_ssd_ctrl_cfg_small_vdd.csv,1.1,False,VALIDATED
1243,g_chan[1].u_cdc_chr.mem[8][25]$_DFFE_PP_,clk_nand,11.86,8.35,0.003716627687617602,11.856283372312381,setup,measured_vdd,orfs_ssd_ctrl_cfg_small,measured_droop/orfs_ssd_ctrl_cfg_small_vdd.csv,1.1,False,VALIDATED
1242,g_chan[1].u_cdc_chr.mem[9][25]$_DFFE_PP_,clk_nand,11.86,8.35,0.003716627687617602,11.856283372312381,setup,measured_vdd,orfs_ssd_ctrl_cfg_small,measured_droop/orfs_ssd_ctrl_cfg_small_vdd.csv,1.1,False,VALIDATED
1263,g_chan[1].u_cdc_chr.mem[7][25]$_DFFE_PP_,clk_nand,11.86,8.35,0.003668728132746213,11.856331271867253,setup,measured_vdd,orfs_ssd_ctrl_cfg_small,measured_droop/orfs_ssd_ctrl_cfg_small_vdd.csv,1.1,False,VALIDATED
1266,g_chan[1].u_cdc_chr.mem[6][25]$_DFFE_PP_,clk_nand,11.86,8.35,0.003668728132746213,11.856331271867253,setup,measured_vdd,orfs_ssd_ctrl_cfg_small,measured_droop/orfs_ssd_ctrl_cfg_small_vdd.csv,1.1,False,VALIDATED
1264,g_chan[1].u_cdc_chr.mem[4][25]$_DFFE_PP_,clk_nand,11.86,8.35,0.003668728132746213,11.856331271867253,setup,measured_vdd,orfs_ssd_ctrl_cfg_small,measured_droop/orfs_ssd_ctrl_cfg_small_vdd.csv,1.1,False,VALIDATED
1253,g_chan[1].u_cdc_chr.mem[15][21]$_DFFE_PP_,clk_nand,11.86,8.35,0.003640768410122286,11.856359231589877,setup,measured_vdd,orfs_ssd_ctrl_cfg_small,measured_droop/orfs_ssd_ctrl_cfg_small_vdd.csv,1.1,False,VALIDATED
1251,g_chan[1].u_cdc_chr.mem[14][21]$_DFFE_PP_,clk_nand,11.86,8.35,0.003640768410122286,11.856359231589877,setup,measured_vdd,orfs_ssd_ctrl_cfg_small,measured_droop/orfs_ssd_ctrl_cfg_small_vdd.csv,1.1,False,VALIDATED
1247,g_chan[1].u_cdc_chr.mem[9][21]$_DFFE_PP_,clk_nand,11.86,8.35,0.003628794221754772,11.856371205778245,setup,measured_vdd,orfs_ssd_ctrl_cfg_small,measured_droop/orfs_ssd_ctrl_cfg_small_vdd.csv,1.1,False,VALIDATED
1245,g_chan[1].u_cdc_chr.mem[8][21]$_DFFE_PP_,clk_nand,11.86,8.35,0.003628794221754772,11.856371205778245,setup,measured_vdd,orfs_ssd_ctrl_cfg_small,measured_droop/orfs_ssd_ctrl_cfg_small_vdd.csv,1.1,False,VALIDATED
1249,g_chan[1].u_cdc_chr.mem[11][21]$_DFFE_PP_,clk_nand,11.86,8.35,0.003628794221754772,11.856371205778245,setup,measured_vdd,orfs_ssd_ctrl_cfg_small,measured_droop/orfs_ssd_ctrl_cfg_small_vdd.csv,1.1,False,VALIDATED
1250,g_chan[1].u_cdc_chr.mem[10][21]$_DFFE_PP_,clk_nand,11.86,8.35,0.003628794221754772,11.856371205778245,setup,measured_vdd,orfs_ssd_ctrl_cfg_small,measured_droop/orfs_ssd_ctrl_cfg_small_vdd.csv,1.1,False,VALIDATED
1259,g_chan[1].u_cdc_chr.mem[0][21]$_DFFE_PP_,clk_nand,11.86,8.35,0.003628794221754772,11.856371205778245,setup,measured_vdd,orfs_ssd_ctrl_cfg_small,measured_droop/orfs_ssd_ctrl_cfg_small_vdd.csv,1.1,False,VALIDATED
1257,g_chan[1].u_cdc_chr.mem[1][21]$_DFFE_PP_,clk_nand,11.86,8.35,0.003628794221754772,11.856371205778245,setup,measured_vdd,orfs_ssd_ctrl_cfg_small,measured_droop/orfs_ssd_ctrl_cfg_small_vdd.csv,1.1,False,VALIDATED
1244,g_chan[1].u_cdc_chr.mem[13][25]$_DFFE_PP_,clk_nand,11.86,8.35,0.0036141640175568757,11.856385835982442,setup,measured_vdd,orfs_ssd_ctrl_cfg_small,measured_droop/orfs_ssd_ctrl_cfg_small_vdd.csv,1.1,False,VALIDATED
1270,g_chan[1].u_cdc_chr.mem[3][1]$_DFFE_PP_,clk_nand,11.86,8.35,0.003001975152939318,11.85699802484706,setup,measured_vdd,orfs_ssd_ctrl_cfg_small,measured_droop/orfs_ssd_ctrl_cfg_small_vdd.csv,1.1,False,VALIDATED
1268,g_chan[1].u_cdc_chr.mem[1][1]$_DFFE_PP_,clk_nand,11.86,8.35,0.003001975152939318,11.85699802484706,setup,measured_vdd,orfs_ssd_ctrl_cfg_small,measured_droop/orfs_ssd_ctrl_cfg_small_vdd.csv,1.1,False,VALIDATED
1269,g_chan[1].u_cdc_chr.mem[0][1]$_DFFE_PP_,clk_nand,11.86,8.35,0.003001975152939318,11.85699802484706,setup,measured_vdd,orfs_ssd_ctrl_cfg_small,measured_droop/orfs_ssd_ctrl_cfg_small_vdd.csv,1.1,False,VALIDATED
1267,g_chan[1].u_cdc_chr.mem[4][1]$_DFFE_PP_,clk_nand,11.86,8.35,0.003001975152939318,11.85699802484706,setup,measured_vdd,orfs_ssd_ctrl_cfg_small,measured_droop/orfs_ssd_ctrl_cfg_small_vdd.csv,1.1,False,VALIDATED
1260,g_chan[1].u_cdc_chr.mem[3][24]$_DFFE_PP_,clk_nand,11.86,8.33,0.0029497195663450437,11.857050280433654,setup,measured_vdd,orfs_ssd_ctrl_cfg_small,measured_droop/orfs_ssd_ctrl_cfg_small_vdd.csv,1.1,False,VALIDATED
1255,g_chan[1].u_cdc_chr.mem[0][24]$_DFFE_PP_,clk_nand,11.86,8.33,0.0029497195663450437,11.857050280433654,setup,measured_vdd,orfs_ssd_ctrl_cfg_small,measured_droop/orfs_ssd_ctrl_cfg_small_vdd.csv,1.1,False,VALIDATED
1258,g_chan[1].u_cdc_chr.mem[1][24]$_DFFE_PP_,clk_nand,11.86,8.33,0.0029497195663450437,11.857050280433654,setup,measured_vdd,orfs_ssd_ctrl_cfg_small,measured_droop/orfs_ssd_ctrl_cfg_small_vdd.csv,1.1,False,VALIDATED
1231,g_chan[1].u_cdc_chr.mem[9][1]$_DFFE_PP_,clk_nand,11.86,8.35,0.0028164090554534393,11.857183590944546,setup,measured_vdd,orfs_ssd_ctrl_cfg_small,measured_droop/orfs_ssd_ctrl_cfg_small_vdd.csv,1.1,False,VALIDATED
1283,g_chan[1].u_cdc_chr.mem[1][9]$_DFFE_PP_,clk_nand,11.87,8.35,0.0044880167738667875,11.865511983226133,setup,measured_vdd,orfs_ssd_ctrl_cfg_small,measured_droop/orfs_ssd_ctrl_cfg_small_vdd.csv,1.1,False,VALIDATED
1286,g_chan[1].u_cdc_chr.mem[0][9]$_DFFE_PP_,clk_nand,11.87,8.35,0.0044543042473259575,11.865545695752672,setup,measured_vdd,orfs_ssd_ctrl_cfg_small,measured_droop/orfs_ssd_ctrl_cfg_small_vdd.csv,1.1,False,VALIDATED
1298,g_chan[1].u_cdc_chr.mem[14][18]$_DFFE_PP_,clk_nand,11.87,8.34,0.004065723355091366,11.865934276644907,setup,measured_vdd,orfs_ssd_ctrl_cfg_small,measured_droop/orfs_ssd_ctrl_cfg_small_vdd.csv,1.1,False,VALIDATED
1285,g_chan[1].u_cdc_chr.mem[8][9]$_DFFE_PP_,clk_nand,11.87,8.35,0.004029090347657416,11.865970909652342,setup,measured_vdd,orfs_ssd_ctrl_cfg_small,measured_droop/orfs_ssd_ctrl_cfg_small_vdd.csv,1.1,False,VALIDATED
1280,g_chan[1].u_cdc_chr.mem[9][9]$_DFFE_PP_,clk_nand,11.87,8.35,0.004029090347657416,11.865970909652342,setup,measured_vdd,orfs_ssd_ctrl_cfg_small,measured_droop/orfs_ssd_ctrl_cfg_small_vdd.csv,1.1,False,VALIDATED
1297,g_chan[1].u_cdc_chr.mem[10][18]$_DFFE_PP_,clk_nand,11.87,8.34,0.003962024410480547,11.866037975589519,setup,measured_vdd,orfs_ssd_ctrl_cfg_small,measured_droop/orfs_ssd_ctrl_cfg_small_vdd.csv,1.1,False,VALIDATED
1296,g_chan[1].u_cdc_chr.mem[3][18]$_DFFE_PP_,clk_nand,11.87,8.34,0.003962024410480547,11.866037975589519,setup,measured_vdd,orfs_ssd_ctrl_cfg_small,measured_droop/orfs_ssd_ctrl_cfg_small_vdd.csv,1.1,False,VALIDATED
1281,g_chan[1].u_cdc_chr.mem[10][9]$_DFFE_PP_,clk_nand,11.87,8.35,0.00378194975719115,11.866218050242807,setup,measured_vdd,orfs_ssd_ctrl_cfg_small,measured_droop/orfs_ssd_ctrl_cfg_small_vdd.csv,1.1,False,VALIDATED
1282,g_chan[1].u_cdc_chr.mem[11][9]$_DFFE_PP_,clk_nand,11.87,8.35,0.00378194975719115,11.866218050242807,setup,measured_vdd,orfs_ssd_ctrl_cfg_small,measured_droop/orfs_ssd_ctrl_cfg_small_vdd.csv,1.1,False,VALIDATED
1293,g_chan[1].u_cdc_chr.mem[15][9]$_DFFE_PP_,clk_nand,11.87,8.35,0.0037242927389258274,11.866275707261073,setup,measured_vdd,orfs_ssd_ctrl_cfg_small,measured_droop/orfs_ssd_ctrl_cfg_small_vdd.csv,1.1,False,VALIDATED
1292,g_chan[1].u_cdc_chr.mem[7][9]$_DFFE_PP_,clk_nand,11.87,8.35,0.0037242927389258274,11.866275707261073,setup,measured_vdd,orfs_ssd_ctrl_cfg_small,measured_droop/orfs_ssd_ctrl_cfg_small_vdd.csv,1.1,False,VALIDATED
1289,g_chan[1].u_cdc_chr.mem[13][9]$_DFFE_PP_,clk_nand,11.87,8.35,0.0037242927389258274,11.866275707261073,setup,measured_vdd,orfs_ssd_ctrl_cfg_small,measured_droop/orfs_ssd_ctrl_cfg_small_vdd.csv,1.1,False,VALIDATED
1294,g_chan[1].u_cdc_chr.mem[6][9]$_DFFE_PP_,clk_nand,11.87,8.35,0.0037242927389258274,11.866275707261073,setup,measured_vdd,orfs_ssd_ctrl_cfg_small,measured_droop/orfs_ssd_ctrl_cfg_small_vdd.csv,1.1,False,VALIDATED
1295,g_chan[1].u_cdc_chr.mem[4][9]$_DFFE_PP_,clk_nand,11.87,8.35,0.0037242927389258274,11.866275707261073,setup,measured_vdd,orfs_ssd_ctrl_cfg_small,measured_droop/orfs_ssd_ctrl_cfg_small_vdd.csv,1.1,False,VALIDATED
1290,g_chan[1].u_cdc_chr.mem[3][9]$_DFFE_PP_,clk_nand,11.87,8.35,0.0037242927389258274,11.866275707261073,setup,measured_vdd,orfs_ssd_ctrl_cfg_small,measured_droop/orfs_ssd_ctrl_cfg_small_vdd.csv,1.1,False,VALIDATED
1287,g_chan[1].u_cdc_chr.mem[5][9]$_DFFE_PP_,clk_nand,11.87,8.35,0.0037242927389258274,11.866275707261073,setup,measured_vdd,orfs_ssd_ctrl_cfg_small,measured_droop/orfs_ssd_ctrl_cfg_small_vdd.csv,1.1,False,VALIDATED
1288,g_chan[1].u_cdc_chr.mem[12][9]$_DFFE_PP_,clk_nand,11.87,8.35,0.0037242927389258274,11.866275707261073,setup,measured_vdd,orfs_ssd_ctrl_cfg_small,measured_droop/orfs_ssd_ctrl_cfg_small_vdd.csv,1.1,False,VALIDATED
1284,g_chan[1].u_cdc_chr.mem[2][9]$_DFFE_PP_,clk_nand,11.87,8.35,0.0037242927389258274,11.866275707261073,setup,measured_vdd,orfs_ssd_ctrl_cfg_small,measured_droop/orfs_ssd_ctrl_cfg_small_vdd.csv,1.1,False,VALIDATED
1291,g_chan[1].u_cdc_chr.mem[14][9]$_DFFE_PP_,clk_nand,11.87,8.35,0.0037242927389258274,11.866275707261073,setup,measured_vdd,orfs_ssd_ctrl_cfg_small,measured_droop/orfs_ssd_ctrl_cfg_small_vdd.csv,1.1,False,VALIDATED
1275,g_chan[1].u_cdc_chr.mem[13][1]$_DFFE_PP_,clk_nand,11.87,8.35,0.003001975152939318,11.86699802484706,setup,measured_vdd,orfs_ssd_ctrl_cfg_small,measured_droop/orfs_ssd_ctrl_cfg_small_vdd.csv,1.1,False,VALIDATED
1276,g_chan[1].u_cdc_chr.mem[5][1]$_DFFE_PP_,clk_nand,11.87,8.35,0.003001975152939318,11.86699802484706,setup,measured_vdd,orfs_ssd_ctrl_cfg_small,measured_droop/orfs_ssd_ctrl_cfg_small_vdd.csv,1.1,False,VALIDATED
1277,g_chan[1].u_cdc_chr.mem[8][1]$_DFFE_PP_,clk_nand,11.87,8.35,0.003001975152939318,11.86699802484706,setup,measured_vdd,orfs_ssd_ctrl_cfg_small,measured_droop/orfs_ssd_ctrl_cfg_small_vdd.csv,1.1,False,VALIDATED
1278,g_chan[1].u_cdc_chr.mem[15][1]$_DFFE_PP_,clk_nand,11.87,8.35,0.003001975152939318,11.86699802484706,setup,measured_vdd,orfs_ssd_ctrl_cfg_small,measured_droop/orfs_ssd_ctrl_cfg_small_vdd.csv,1.1,False,VALIDATED
1279,g_chan[1].u_cdc_chr.mem[14][1]$_DFFE_PP_,clk_nand,11.87,8.35,0.003001975152939318,11.86699802484706,setup,measured_vdd,orfs_ssd_ctrl_cfg_small,measured_droop/orfs_ssd_ctrl_cfg_small_vdd.csv,1.1,False,VALIDATED
1273,g_chan[1].u_cdc_chr.mem[7][1]$_DFFE_PP_,clk_nand,11.87,8.35,0.003001975152939318,11.86699802484706,setup,measured_vdd,orfs_ssd_ctrl_cfg_small,measured_droop/orfs_ssd_ctrl_cfg_small_vdd.csv,1.1,False,VALIDATED
1272,g_chan[1].u_cdc_chr.mem[12][1]$_DFFE_PP_,clk_nand,11.87,8.35,0.003001975152939318,11.86699802484706,setup,measured_vdd,orfs_ssd_ctrl_cfg_small,measured_droop/orfs_ssd_ctrl_cfg_small_vdd.csv,1.1,False,VALIDATED
1274,g_chan[1].u_cdc_chr.mem[6][1]$_DFFE_PP_,clk_nand,11.87,8.35,0.003001975152939318,11.86699802484706,setup,measured_vdd,orfs_ssd_ctrl_cfg_small,measured_droop/orfs_ssd_ctrl_cfg_small_vdd.csv,1.1,False,VALIDATED
1271,g_chan[1].u_cdc_chr.mem[2][1]$_DFFE_PP_,clk_nand,11.87,8.35,0.003001975152939318,11.86699802484706,setup,measured_vdd,orfs_ssd_ctrl_cfg_small,measured_droop/orfs_ssd_ctrl_cfg_small_vdd.csv,1.1,False,VALIDATED
1308,g_chan[1].u_cdc_chr.mem[13][18]$_DFFE_PP_,clk_nand,11.88,8.34,0.004065723355091366,11.875934276644909,setup,measured_vdd,orfs_ssd_ctrl_cfg_small,measured_droop/orfs_ssd_ctrl_cfg_small_vdd.csv,1.1,False,VALIDATED
1314,g_chan[1].u_cdc_chr.mem[7][18]$_DFFE_PP_,clk_nand,11.88,8.33,0.004060848387039462,11.875939151612961,setup,measured_vdd,orfs_ssd_ctrl_cfg_small,measured_droop/orfs_ssd_ctrl_cfg_small_vdd.csv,1.1,False,VALIDATED
1311,g_chan[1].u_cdc_chr.mem[15][18]$_DFFE_PP_,clk_nand,11.88,8.33,0.004060848387039462,11.875939151612961,setup,measured_vdd,orfs_ssd_ctrl_cfg_small,measured_droop/orfs_ssd_ctrl_cfg_small_vdd.csv,1.1,False,VALIDATED
1309,g_chan[1].u_cdc_chr.mem[12][18]$_DFFE_PP_,clk_nand,11.88,8.33,0.004060848387039462,11.875939151612961,setup,measured_vdd,orfs_ssd_ctrl_cfg_small,measured_droop/orfs_ssd_ctrl_cfg_small_vdd.csv,1.1,False,VALIDATED
1302,g_chan[1].u_cdc_chr.mem[6][18]$_DFFE_PP_,clk_nand,11.88,8.34,0.004013873882785957,11.875986126117215,setup,measured_vdd,orfs_ssd_ctrl_cfg_small,measured_droop/orfs_ssd_ctrl_cfg_small_vdd.csv,1.1,False,VALIDATED
1305,g_chan[1].u_cdc_chr.mem[5][18]$_DFFE_PP_,clk_nand,11.88,8.33,0.004009061084365051,11.875990938915635,setup,measured_vdd,orfs_ssd_ctrl_cfg_small,measured_droop/orfs_ssd_ctrl_cfg_small_vdd.csv,1.1,False,VALIDATED
1304,g_chan[1].u_cdc_chr.mem[4][18]$_DFFE_PP_,clk_nand,11.88,8.33,0.004009061084365051,11.875990938915635,setup,measured_vdd,orfs_ssd_ctrl_cfg_small,measured_droop/orfs_ssd_ctrl_cfg_small_vdd.csv,1.1,False,VALIDATED
1306,g_chan[1].u_cdc_chr.mem[9][18]$_DFFE_PP_,clk_nand,11.88,8.33,0.004009061084365051,11.875990938915635,setup,measured_vdd,orfs_ssd_ctrl_cfg_small,measured_droop/orfs_ssd_ctrl_cfg_small_vdd.csv,1.1,False,VALIDATED
1313,g_chan[1].u_cdc_chr.mem[1][18]$_DFFE_PP_,clk_nand,11.88,8.33,0.003974535138031254,11.87602546486197,setup,measured_vdd,orfs_ssd_ctrl_cfg_small,measured_droop/orfs_ssd_ctrl_cfg_small_vdd.csv,1.1,False,VALIDATED
1299,g_chan[1].u_cdc_chr.mem[0][18]$_DFFE_PP_,clk_nand,11.88,8.33,0.003974535138031254,11.87602546486197,setup,measured_vdd,orfs_ssd_ctrl_cfg_small,measured_droop/orfs_ssd_ctrl_cfg_small_vdd.csv,1.1,False,VALIDATED
1300,g_chan[1].u_cdc_chr.mem[2][18]$_DFFE_PP_,clk_nand,11.88,8.33,0.00395727378169064,11.87604272621831,setup,measured_vdd,orfs_ssd_ctrl_cfg_small,measured_droop/orfs_ssd_ctrl_cfg_small_vdd.csv,1.1,False,VALIDATED
1301,g_chan[1].u_cdc_chr.mem[8][18]$_DFFE_PP_,clk_nand,11.88,8.33,0.00395727378169064,11.87604272621831,setup,measured_vdd,orfs_ssd_ctrl_cfg_small,measured_droop/orfs_ssd_ctrl_cfg_small_vdd.csv,1.1,False,VALIDATED
1307,g_chan[1].u_cdc_chr.mem[11][18]$_DFFE_PP_,clk_nand,11.88,8.34,0.0038769655296588823,11.876123034470343,setup,measured_vdd,orfs_ssd_ctrl_cfg_small,measured_droop/orfs_ssd_ctrl_cfg_small_vdd.csv,1.1,False,VALIDATED
1317,g_chan[1].u_cdc_chr.mem[8][13]$_DFFE_PP_,clk_nand,11.88,8.33,0.0035084093330657318,11.876491590666935,setup,measured_vdd,orfs_ssd_ctrl_cfg_small,measured_droop/orfs_ssd_ctrl_cfg_small_vdd.csv,1.1,False,VALIDATED
1315,g_chan[1].u_cdc_chr.mem[9][13]$_DFFE_PP_,clk_nand,11.88,8.33,0.0035084093330657318,11.876491590666935,setup,measured_vdd,orfs_ssd_ctrl_cfg_small,measured_droop/orfs_ssd_ctrl_cfg_small_vdd.csv,1.1,False,VALIDATED
1320,g_chan[1].u_cdc_chr.mem[2][13]$_DFFE_PP_,clk_nand,11.88,8.33,0.0035084093330657318,11.876491590666935,setup,measured_vdd,orfs_ssd_ctrl_cfg_small,measured_droop/orfs_ssd_ctrl_cfg_small_vdd.csv,1.1,False,VALIDATED
1316,g_chan[1].u_cdc_chr.mem[11][13]$_DFFE_PP_,clk_nand,11.88,8.33,0.0035084093330657318,11.876491590666935,setup,measured_vdd,orfs_ssd_ctrl_cfg_small,measured_droop/orfs_ssd_ctrl_cfg_small_vdd.csv,1.1,False,VALIDATED
1336,g_chan[1].u_cdc_chr.mem[11][24]$_DFFE_PP_,clk_nand,11.88,8.33,0.0035020028574112017,11.87649799714259,setup,measured_vdd,orfs_ssd_ctrl_cfg_small,measured_droop/orfs_ssd_ctrl_cfg_small_vdd.csv,1.1,False,VALIDATED
1335,g_chan[1].u_cdc_chr.mem[10][24]$_DFFE_PP_,clk_nand,11.88,8.33,0.0035020028574112017,11.87649799714259,setup,measured_vdd,orfs_ssd_ctrl_cfg_small,measured_droop/orfs_ssd_ctrl_cfg_small_vdd.csv,1.1,False,VALIDATED
1343,g_chan[1].u_cdc_chr.mem[7][24]$_DFFE_PP_,clk_nand,11.88,8.33,0.0034900546203141536,11.876509945379686,setup,measured_vdd,orfs_ssd_ctrl_cfg_small,measured_droop/orfs_ssd_ctrl_cfg_small_vdd.csv,1.1,False,VALIDATED
1339,g_chan[1].u_cdc_chr.mem[14][24]$_DFFE_PP_,clk_nand,11.88,8.33,0.0034900546203141536,11.876509945379686,setup,measured_vdd,orfs_ssd_ctrl_cfg_small,measured_droop/orfs_ssd_ctrl_cfg_small_vdd.csv,1.1,False,VALIDATED
1338,g_chan[1].u_cdc_chr.mem[13][24]$_DFFE_PP_,clk_nand,11.88,8.33,0.0034263462400744293,11.876573653759927,setup,measured_vdd,orfs_ssd_ctrl_cfg_small,measured_droop/orfs_ssd_ctrl_cfg_small_vdd.csv,1.1,False,VALIDATED
1310,g_chan[1].u_cdc_chr.mem[3][13]$_DFFE_PP_,clk_nand,11.88,8.33,0.003386701615068599,11.876613298384932,setup,measured_vdd,orfs_ssd_ctrl_cfg_small,measured_droop/orfs_ssd_ctrl_cfg_small_vdd.csv,1.1,False,VALIDATED
1354,g_chan[1].u_cdc_chr.mem[0][17]$_DFFE_PP_,clk_nand,11.88,8.32,0.0033723504118505776,11.87662764958815,setup,measured_vdd,orfs_ssd_ctrl_cfg_small,measured_droop/orfs_ssd_ctrl_cfg_small_vdd.csv,1.1,False,VALIDATED
1331,g_chan[1].u_cdc_chr.mem[4][24]$_DFFE_PP_,clk_nand,11.88,8.33,0.0033712768705317364,11.87662872312947,setup,measured_vdd,orfs_ssd_ctrl_cfg_small,measured_droop/orfs_ssd_ctrl_cfg_small_vdd.csv,1.1,False,VALIDATED
1329,g_chan[1].u_cdc_chr.mem[12][24]$_DFFE_PP_,clk_nand,11.88,8.33,0.0033712768705317364,11.87662872312947,setup,measured_vdd,orfs_ssd_ctrl_cfg_small,measured_droop/orfs_ssd_ctrl_cfg_small_vdd.csv,1.1,False,VALIDATED
1327,g_chan[1].u_cdc_chr.mem[15][24]$_DFFE_PP_,clk_nand,11.88,8.33,0.0033712768705317364,11.87662872312947,setup,measured_vdd,orfs_ssd_ctrl_cfg_small,measured_droop/orfs_ssd_ctrl_cfg_small_vdd.csv,1.1,False,VALIDATED
1333,g_chan[1].u_cdc_chr.mem[5][24]$_DFFE_PP_,clk_nand,11.88,8.33,0.0033712768705317364,11.87662872312947,setup,measured_vdd,orfs_ssd_ctrl_cfg_small,measured_droop/orfs_ssd_ctrl_cfg_small_vdd.csv,1.1,False,VALIDATED
1337,g_chan[1].u_cdc_chr.mem[6][24]$_DFFE_PP_,clk_nand,11.88,8.33,0.0033686232021434837,11.876631376797857,setup,measured_vdd,orfs_ssd_ctrl_cfg_small,measured_droop/orfs_ssd_ctrl_cfg_small_vdd.csv,1.1,False,VALIDATED
1346,g_chan[1].u_cdc_chr.mem[2][24]$_DFFE_PP_,clk_nand,11.88,8.33,0.003365969533755231,11.876634030466246,setup,measured_vdd,orfs_ssd_ctrl_cfg_small,measured_droop/orfs_ssd_ctrl_cfg_small_vdd.csv,1.1,False,VALIDATED
1332,g_chan[1].u_cdc_chr.mem[9][24]$_DFFE_PP_,clk_nand,11.88,8.33,0.003365969533755231,11.876634030466246,setup,measured_vdd,orfs_ssd_ctrl_cfg_small,measured_droop/orfs_ssd_ctrl_cfg_small_vdd.csv,1.1,False,VALIDATED
1340,g_chan[1].u_cdc_chr.mem[8][24]$_DFFE_PP_,clk_nand,11.88,8.33,0.003365969533755231,11.876634030466246,setup,measured_vdd,orfs_ssd_ctrl_cfg_small,measured_droop/orfs_ssd_ctrl_cfg_small_vdd.csv,1.1,False,VALIDATED
1312,g_chan[1].u_cdc_chr.mem[1][13]$_DFFE_PP_,clk_nand,11.88,8.33,0.0032649938970714665,11.87673500610293,setup,measured_vdd,orfs_ssd_ctrl_cfg_small,measured_droop/orfs_ssd_ctrl_cfg_small_vdd.csv,1.1,False,VALIDATED
1303,g_chan[1].u_cdc_chr.mem[0][13]$_DFFE_PP_,clk_nand,11.88,8.33,0.0032649938970714665,11.87673500610293,setup,measured_vdd,orfs_ssd_ctrl_cfg_small,measured_droop/orfs_ssd_ctrl_cfg_small_vdd.csv,1.1,False,VALIDATED
1351,g_chan[1].u_cdc_chr.mem[11][16]$_DFFE_PP_,clk_nand,11.88,8.31,0.002919474609952122,11.877080525390049,setup,measured_vdd,orfs_ssd_ctrl_cfg_small,measured_droop/orfs_ssd_ctrl_cfg_small_vdd.csv,1.1,False,VALIDATED
1347,g_chan[1].u_cdc_chr.mem[9][8]$_DFFE_PP_,clk_nand,11.88,8.31,0.002913517846087621,11.877086482153913,setup,measured_vdd,orfs_ssd_ctrl_cfg_small,measured_droop/orfs_ssd_ctrl_cfg_small_vdd.csv,1.1,False,VALIDATED
1334,g_chan[1].u_cdc_chr.mem[11][8]$_DFFE_PP_,clk_nand,11.88,8.31,0.002913517846087621,11.877086482153913,setup,measured_vdd,orfs_ssd_ctrl_cfg_small,measured_droop/orfs_ssd_ctrl_cfg_small_vdd.csv,1.1,False,VALIDATED
1341,g_chan[1].u_cdc_chr.mem[0][8]$_DFFE_PP_,clk_nand,11.88,8.31,0.002913517846087621,11.877086482153913,setup,measured_vdd,orfs_ssd_ctrl_cfg_small,measured_droop/orfs_ssd_ctrl_cfg_small_vdd.csv,1.1,False,VALIDATED
1344,g_chan[1].u_cdc_chr.mem[10][8]$_DFFE_PP_,clk_nand,11.88,8.31,0.002913517846087621,11.877086482153913,setup,measured_vdd,orfs_ssd_ctrl_cfg_small,measured_droop/orfs_ssd_ctrl_cfg_small_vdd.csv,1.1,False,VALIDATED
1345,g_chan[1].u_cdc_chr.mem[3][8]$_DFFE_PP_,clk_nand,11.88,8.31,0.002913517846087621,11.877086482153913,setup,measured_vdd,orfs_ssd_ctrl_cfg_small,measured_droop/orfs_ssd_ctrl_cfg_small_vdd.csv,1.1,False,VALIDATED
1342,g_chan[1].u_cdc_chr.mem[2][8]$_DFFE_PP_,clk_nand,11.88,8.31,0.002913517846087621,11.877086482153913,setup,measured_vdd,orfs_ssd_ctrl_cfg_small,measured_droop/orfs_ssd_ctrl_cfg_small_vdd.csv,1.1,False,VALIDATED
1348,g_chan[1].u_cdc_chr.mem[1][8]$_DFFE_PP_,clk_nand,11.88,8.31,0.002913517846087621,11.877086482153913,setup,measured_vdd,orfs_ssd_ctrl_cfg_small,measured_droop/orfs_ssd_ctrl_cfg_small_vdd.csv,1.1,False,VALIDATED
1328,g_chan[1].u_cdc_chr.mem[15][13]$_DFFE_PP_,clk_nand,11.88,8.33,0.0028947418703979544,11.877105258129603,setup,measured_vdd,orfs_ssd_ctrl_cfg_small,measured_droop/orfs_ssd_ctrl_cfg_small_vdd.csv,1.1,False,VALIDATED
1330,g_chan[1].u_cdc_chr.mem[12][13]$_DFFE_PP_,clk_nand,11.88,8.33,0.0028947418703979544,11.877105258129603,setup,measured_vdd,orfs_ssd_ctrl_cfg_small,measured_droop/orfs_ssd_ctrl_cfg_small_vdd.csv,1.1,False,VALIDATED
1324,g_chan[1].u_cdc_chr.mem[14][13]$_DFFE_PP_,clk_nand,11.88,8.33,0.0028947418703979544,11.877105258129603,setup,measured_vdd,orfs_ssd_ctrl_cfg_small,measured_droop/orfs_ssd_ctrl_cfg_small_vdd.csv,1.1,False,VALIDATED
1325,g_chan[1].u_cdc_chr.mem[13][13]$_DFFE_PP_,clk_nand,11.88,8.33,0.0028947418703979544,11.877105258129603,setup,measured_vdd,orfs_ssd_ctrl_cfg_small,measured_droop/orfs_ssd_ctrl_cfg_small_vdd.csv,1.1,False,VALIDATED
1322,g_chan[1].u_cdc_chr.mem[4][13]$_DFFE_PP_,clk_nand,11.88,8.33,0.0028947418703979544,11.877105258129603,setup,measured_vdd,orfs_ssd_ctrl_cfg_small,measured_droop/orfs_ssd_ctrl_cfg_small_vdd.csv,1.1,False,VALIDATED
1326,g_chan[1].u_cdc_chr.mem[7][13]$_DFFE_PP_,clk_nand,11.88,8.33,0.0028872788221925294,11.877112721177808,setup,measured_vdd,orfs_ssd_ctrl_cfg_small,measured_droop/orfs_ssd_ctrl_cfg_small_vdd.csv,1.1,False,VALIDATED
1323,g_chan[1].u_cdc_chr.mem[6][13]$_DFFE_PP_,clk_nand,11.88,8.33,0.0028872788221925294,11.877112721177808,setup,measured_vdd,orfs_ssd_ctrl_cfg_small,measured_droop/orfs_ssd_ctrl_cfg_small_vdd.csv,1.1,False,VALIDATED
1349,g_chan[1].u_cdc_chr.mem[9][16]$_DFFE_PP_,clk_nand,11.88,8.31,0.0028863855416325634,11.877113614458368,setup,measured_vdd,orfs_ssd_ctrl_cfg_small,measured_droop/orfs_ssd_ctrl_cfg_small_vdd.csv,1.1,False,VALIDATED
1353,g_chan[1].u_cdc_chr.mem[10][16]$_DFFE_PP_,clk_nand,11.88,8.31,0.0028863855416325634,11.877113614458368,setup,measured_vdd,orfs_ssd_ctrl_cfg_small,measured_droop/orfs_ssd_ctrl_cfg_small_vdd.csv,1.1,False,VALIDATED
1352,g_chan[1].u_cdc_chr.mem[8][16]$_DFFE_PP_,clk_nand,11.88,8.31,0.0028731503908677736,11.877126849609134,setup,measured_vdd,orfs_ssd_ctrl_cfg_small,measured_droop/orfs_ssd_ctrl_cfg_small_vdd.csv,1.1,False,VALIDATED
1319,g_chan[1].u_cdc_chr.mem[8][12]$_DFFE_PP_,clk_nand,11.88,8.32,0.0028346161754837507,11.877165383824517,setup,measured_vdd,orfs_ssd_ctrl_cfg_small,measured_droop/orfs_ssd_ctrl_cfg_small_vdd.csv,1.1,False,VALIDATED
1318,g_chan[1].u_cdc_chr.mem[11][12]$_DFFE_PP_,clk_nand,11.88,8.32,0.0028346161754837507,11.877165383824517,setup,measured_vdd,orfs_ssd_ctrl_cfg_small,measured_droop/orfs_ssd_ctrl_cfg_small_vdd.csv,1.1,False,VALIDATED
1321,g_chan[1].u_cdc_chr.mem[5][13]$_DFFE_PP_,clk_nand,11.88,8.33,0.0028305621977886553,11.877169437802213,setup,measured_vdd,orfs_ssd_ctrl_cfg_small,measured_droop/orfs_ssd_ctrl_cfg_small_vdd.csv,1.1,False,VALIDATED
1350,g_chan[1].u_cdc_chr.mem[4][12]$_DFFE_PP_,clk_nand,11.88,8.32,0.0028174715373452397,11.877182528462656,setup,measured_vdd,orfs_ssd_ctrl_cfg_small,measured_droop/orfs_ssd_ctrl_cfg_small_vdd.csv,1.1,False,VALIDATED
1357,g_chan[1].u_cdc_chr.mem[10][13]$_DFFE_PP_,clk_nand,11.89,8.33,0.003967750481368215,11.886032249518632,setup,measured_vdd,orfs_ssd_ctrl_cfg_small,measured_droop/orfs_ssd_ctrl_cfg_small_vdd.csv,1.1,False,VALIDATED
1397,g_chan[1].u_cdc_chr.mem[8][17]$_DFFE_PP_,clk_nand,11.89,8.32,0.003513725874206508,11.886486274125794,setup,measured_vdd,orfs_ssd_ctrl_cfg_small,measured_droop/orfs_ssd_ctrl_cfg_small_vdd.csv,1.1,False,VALIDATED
1401,g_chan[1].u_cdc_chr.mem[15][17]$_DFFE_PP_,clk_nand,11.89,8.32,0.003513725874206508,11.886486274125794,setup,measured_vdd,orfs_ssd_ctrl_cfg_small,measured_droop/orfs_ssd_ctrl_cfg_small_vdd.csv,1.1,False,VALIDATED
1358,g_chan[1].u_cdc_chr.mem[10][17]$_DFFE_PP_,clk_nand,11.89,8.32,0.0034804051765551236,11.886519594823445,setup,measured_vdd,orfs_ssd_ctrl_cfg_small,measured_droop/orfs_ssd_ctrl_cfg_small_vdd.csv,1.1,False,VALIDATED
1415,g_chan[1].u_cdc_chr.mem[9][29]$_DFFE_PP_,clk_nand,11.89,8.31,0.003455747634088957,11.886544252365912,setup,measured_vdd,orfs_ssd_ctrl_cfg_small,measured_droop/orfs_ssd_ctrl_cfg_small_vdd.csv,1.1,False,VALIDATED
1402,g_chan[1].u_cdc_chr.mem[1][29]$_DFFE_PP_,clk_nand,11.89,8.31,0.0033650220722928337,11.886634977927708,setup,measured_vdd,orfs_ssd_ctrl_cfg_small,measured_droop/orfs_ssd_ctrl_cfg_small_vdd.csv,1.1,False,VALIDATED
1356,g_chan[1].u_cdc_chr.mem[9][17]$_DFFE_PP_,clk_nand,11.89,8.32,0.0032934905054925467,11.886706509494507,setup,measured_vdd,orfs_ssd_ctrl_cfg_small,measured_droop/orfs_ssd_ctrl_cfg_small_vdd.csv,1.1,False,VALIDATED
1409,g_chan[1].u_cdc_chr.mem[15][29]$_DFFE_PP_,clk_nand,11.89,8.31,0.0032742965104967103,11.886725703489503,setup,measured_vdd,orfs_ssd_ctrl_cfg_small,measured_droop/orfs_ssd_ctrl_cfg_small_vdd.csv,1.1,False,VALIDATED
1369,g_chan[1].u_cdc_chr.mem[10][2]$_DFFE_PP_,clk_nand,11.89,8.32,0.0032304997055379037,11.886769500294463,setup,measured_vdd,orfs_ssd_ctrl_cfg_small,measured_droop/orfs_ssd_ctrl_cfg_small_vdd.csv,1.1,False,VALIDATED
1365,g_chan[1].u_cdc_chr.mem[9][2]$_DFFE_PP_,clk_nand,11.89,8.32,0.0032304997055379037,11.886769500294463,setup,measured_vdd,orfs_ssd_ctrl_cfg_small,measured_droop/orfs_ssd_ctrl_cfg_small_vdd.csv,1.1,False,VALIDATED
1373,g_chan[1].u_cdc_chr.mem[8][2]$_DFFE_PP_,clk_nand,11.89,8.32,0.0032304997055379037,11.886769500294463,setup,measured_vdd,orfs_ssd_ctrl_cfg_small,measured_droop/orfs_ssd_ctrl_cfg_small_vdd.csv,1.1,False,VALIDATED
1410,g_chan[1].u_cdc_chr.mem[6][0]$_DFFE_PP_,clk_nand,11.89,8.32,0.0032208114244109964,11.88677918857559,setup,measured_vdd,orfs_ssd_ctrl_cfg_small,measured_droop/orfs_ssd_ctrl_cfg_small_vdd.csv,1.1,False,VALIDATED
1412,g_chan[1].u_cdc_chr.mem[13][0]$_DFFE_PP_,clk_nand,11.89,8.32,0.0032208114244109964,11.88677918857559,setup,measured_vdd,orfs_ssd_ctrl_cfg_small,measured_droop/orfs_ssd_ctrl_cfg_small_vdd.csv,1.1,False,VALIDATED
1387,g_chan[1].u_cdc_chr.mem[14][0]$_DFFE_PP_,clk_nand,11.89,8.32,0.0032208114244109964,11.88677918857559,setup,measured_vdd,orfs_ssd_ctrl_cfg_small,measured_droop/orfs_ssd_ctrl_cfg_small_vdd.csv,1.1,False,VALIDATED
1396,g_chan[1].u_cdc_chr.mem[12][0]$_DFFE_PP_,clk_nand,11.89,8.32,0.0032208114244109964,11.88677918857559,setup,measured_vdd,orfs_ssd_ctrl_cfg_small,measured_droop/orfs_ssd_ctrl_cfg_small_vdd.csv,1.1,False,VALIDATED
1408,g_chan[1].u_cdc_chr.mem[7][0]$_DFFE_PP_,clk_nand,11.89,8.31,0.0032169402568329453,11.886783059743168,setup,measured_vdd,orfs_ssd_ctrl_cfg_small,measured_droop/orfs_ssd_ctrl_cfg_small_vdd.csv,1.1,False,VALIDATED
1379,g_chan[1].u_cdc_chr.mem[5][0]$_DFFE_PP_,clk_nand,11.89,8.32,0.003214099804386361,11.886785900195614,setup,measured_vdd,orfs_ssd_ctrl_cfg_small,measured_droop/orfs_ssd_ctrl_cfg_small_vdd.csv,1.1,False,VALIDATED
1383,g_chan[1].u_cdc_chr.mem[4][0]$_DFFE_PP_,clk_nand,11.89,8.32,0.003214099804386361,11.886785900195614,setup,measured_vdd,orfs_ssd_ctrl_cfg_small,measured_droop/orfs_ssd_ctrl_cfg_small_vdd.csv,1.1,False,VALIDATED
1391,g_chan[1].u_cdc_chr.mem[15][0]$_DFFE_PP_,clk_nand,11.89,8.31,0.003210236703659275,11.886789763296342,setup,measured_vdd,orfs_ssd_ctrl_cfg_small,measured_droop/orfs_ssd_ctrl_cfg_small_vdd.csv,1.1,False,VALIDATED
1392,g_chan[1].u_cdc_chr.mem[10][0]$_DFFE_PP_,clk_nand,11.89,8.31,0.003210236703659275,11.886789763296342,setup,measured_vdd,orfs_ssd_ctrl_cfg_small,measured_droop/orfs_ssd_ctrl_cfg_small_vdd.csv,1.1,False,VALIDATED
1385,g_chan[1].u_cdc_chr.mem[9][0]$_DFFE_PP_,clk_nand,11.89,8.31,0.003210236703659275,11.886789763296342,setup,measured_vdd,orfs_ssd_ctrl_cfg_small,measured_droop/orfs_ssd_ctrl_cfg_small_vdd.csv,1.1,False,VALIDATED
1386,g_chan[1].u_cdc_chr.mem[8][0]$_DFFE_PP_,clk_nand,11.89,8.31,0.003210236703659275,11.886789763296342,setup,measured_vdd,orfs_ssd_ctrl_cfg_small,measured_droop/orfs_ssd_ctrl_cfg_small_vdd.csv,1.1,False,VALIDATED
1372,g_chan[1].u_cdc_chr.mem[11][2]$_DFFE_PP_,clk_nand,11.89,8.32,0.0031976894286260826,11.886802310571374,setup,measured_vdd,orfs_ssd_ctrl_cfg_small,measured_droop/orfs_ssd_ctrl_cfg_small_vdd.csv,1.1,False,VALIDATED
1367,g_chan[1].u_cdc_chr.mem[1][2]$_DFFE_PP_,clk_nand,11.89,8.32,0.0031976894286260826,11.886802310571374,setup,measured_vdd,orfs_ssd_ctrl_cfg_small,measured_droop/orfs_ssd_ctrl_cfg_small_vdd.csv,1.1,False,VALIDATED
1382,g_chan[1].u_cdc_chr.mem[11][0]$_DFFE_PP_,clk_nand,11.89,8.32,0.00318128952747454,11.886818710472525,setup,measured_vdd,orfs_ssd_ctrl_cfg_small,measured_droop/orfs_ssd_ctrl_cfg_small_vdd.csv,1.1,False,VALIDATED
1406,g_chan[1].u_cdc_chr.mem[0][0]$_DFFE_PP_,clk_nand,11.89,8.31,0.0031774658621763763,11.886822534137824,setup,measured_vdd,orfs_ssd_ctrl_cfg_small,measured_droop/orfs_ssd_ctrl_cfg_small_vdd.csv,1.1,False,VALIDATED
1376,g_chan[1].u_cdc_chr.mem[2][2]$_DFFE_PP_,clk_nand,11.89,8.32,0.0031648791517142616,11.886835120848286,setup,measured_vdd,orfs_ssd_ctrl_cfg_small,measured_droop/orfs_ssd_ctrl_cfg_small_vdd.csv,1.1,False,VALIDATED
1377,g_chan[1].u_cdc_chr.mem[0][2]$_DFFE_PP_,clk_nand,11.89,8.32,0.0031648791517142616,11.886835120848286,setup,measured_vdd,orfs_ssd_ctrl_cfg_small,measured_droop/orfs_ssd_ctrl_cfg_small_vdd.csv,1.1,False,VALIDATED
1378,g_chan[1].u_cdc_chr.mem[3][2]$_DFFE_PP_,clk_nand,11.89,8.32,0.0031648791517142616,11.886835120848286,setup,measured_vdd,orfs_ssd_ctrl_cfg_small,measured_droop/orfs_ssd_ctrl_cfg_small_vdd.csv,1.1,False,VALIDATED
1355,g_chan[1].u_cdc_chr.mem[1][17]$_DFFE_PP_,clk_nand,11.89,8.32,0.0031569456847065913,11.886843054315294,setup,measured_vdd,orfs_ssd_ctrl_cfg_small,measured_droop/orfs_ssd_ctrl_cfg_small_vdd.csv,1.1,False,VALIDATED
1394,g_chan[1].u_cdc_chr.mem[1][0]$_DFFE_PP_,clk_nand,11.89,8.32,0.003148479250562719,11.886851520749438,setup,measured_vdd,orfs_ssd_ctrl_cfg_small,measured_droop/orfs_ssd_ctrl_cfg_small_vdd.csv,1.1,False,VALIDATED
1413,g_chan[1].u_cdc_chr.mem[15][2]$_DFFE_PP_,clk_nand,11.89,8.32,0.0031447732651717075,11.886855226734829,setup,measured_vdd,orfs_ssd_ctrl_cfg_small,measured_droop/orfs_ssd_ctrl_cfg_small_vdd.csv,1.1,False,VALIDATED
1361,g_chan[1].u_cdc_chr.mem[3][17]$_DFFE_PP_,clk_nand,11.89,8.32,0.0031224924991425373,11.886877507500857,setup,measured_vdd,orfs_ssd_ctrl_cfg_small,measured_droop/orfs_ssd_ctrl_cfg_small_vdd.csv,1.1,False,VALIDATED
1364,g_chan[1].u_cdc_chr.mem[11][17]$_DFFE_PP_,clk_nand,11.89,8.32,0.0031224924991425373,11.886877507500857,setup,measured_vdd,orfs_ssd_ctrl_cfg_small,measured_droop/orfs_ssd_ctrl_cfg_small_vdd.csv,1.1,False,VALIDATED
1380,g_chan[1].u_cdc_chr.mem[12][2]$_DFFE_PP_,clk_nand,11.89,8.32,0.0030933192572617507,11.886906680742738,setup,measured_vdd,orfs_ssd_ctrl_cfg_small,measured_droop/orfs_ssd_ctrl_cfg_small_vdd.csv,1.1,False,VALIDATED
1389,g_chan[1].u_cdc_chr.mem[13][2]$_DFFE_PP_,clk_nand,11.89,8.31,0.003089601325461544,11.886910398674539,setup,measured_vdd,orfs_ssd_ctrl_cfg_small,measured_droop/orfs_ssd_ctrl_cfg_small_vdd.csv,1.1,False,VALIDATED
1366,g_chan[1].u_cdc_chr.mem[4][2]$_DFFE_PP_,clk_nand,11.89,8.32,0.0030866076372371154,11.886913392362764,setup,measured_vdd,orfs_ssd_ctrl_cfg_small,measured_droop/orfs_ssd_ctrl_cfg_small_vdd.csv,1.1,False,VALIDATED
1374,g_chan[1].u_cdc_chr.mem[5][2]$_DFFE_PP_,clk_nand,11.89,8.32,0.0030866076372371154,11.886913392362764,setup,measured_vdd,orfs_ssd_ctrl_cfg_small,measured_droop/orfs_ssd_ctrl_cfg_small_vdd.csv,1.1,False,VALIDATED
1414,g_chan[1].u_cdc_chr.mem[6][2]$_DFFE_PP_,clk_nand,11.89,8.31,0.0029972743685084957,11.887002725631492,setup,measured_vdd,orfs_ssd_ctrl_cfg_small,measured_droop/orfs_ssd_ctrl_cfg_small_vdd.csv,1.1,False,VALIDATED
1388,g_chan[1].u_cdc_chr.mem[13][12]$_DFFE_PP_,clk_nand,11.89,8.32,0.0029904172026469222,11.887009582797354,setup,measured_vdd,orfs_ssd_ctrl_cfg_small,measured_droop/orfs_ssd_ctrl_cfg_small_vdd.csv,1.1,False,VALIDATED
1404,g_chan[1].u_cdc_chr.mem[15][12]$_DFFE_PP_,clk_nand,11.89,8.32,0.0029904172026469222,11.887009582797354,setup,measured_vdd,orfs_ssd_ctrl_cfg_small,measured_droop/orfs_ssd_ctrl_cfg_small_vdd.csv,1.1,False,VALIDATED
1393,g_chan[1].u_cdc_chr.mem[14][12]$_DFFE_PP_,clk_nand,11.89,8.32,0.0029904172026469222,11.887009582797354,setup,measured_vdd,orfs_ssd_ctrl_cfg_small,measured_droop/orfs_ssd_ctrl_cfg_small_vdd.csv,1.1,False,VALIDATED
1375,g_chan[1].u_cdc_chr.mem[7][17]$_DFFE_PP_,clk_nand,11.89,8.32,0.0029355778280799605,11.887064422171921,setup,measured_vdd,orfs_ssd_ctrl_cfg_small,measured_droop/orfs_ssd_ctrl_cfg_small_vdd.csv,1.1,False,VALIDATED
1371,g_chan[1].u_cdc_chr.mem[12][17]$_DFFE_PP_,clk_nand,11.89,8.32,0.0029355778280799605,11.887064422171921,setup,measured_vdd,orfs_ssd_ctrl_cfg_small,measured_droop/orfs_ssd_ctrl_cfg_small_vdd.csv,1.1,False,VALIDATED
1363,g_chan[1].u_cdc_chr.mem[14][17]$_DFFE_PP_,clk_nand,11.89,8.32,0.0029355778280799605,11.887064422171921,setup,measured_vdd,orfs_ssd_ctrl_cfg_small,measured_droop/orfs_ssd_ctrl_cfg_small_vdd.csv,1.1,False,VALIDATED
1360,g_chan[1].u_cdc_chr.mem[5][17]$_DFFE_PP_,clk_nand,11.89,8.32,0.0029355778280799605,11.887064422171921,setup,measured_vdd,orfs_ssd_ctrl_cfg_small,measured_droop/orfs_ssd_ctrl_cfg_small_vdd.csv,1.1,False,VALIDATED
1359,g_chan[1].u_cdc_chr.mem[2][17]$_DFFE_PP_,clk_nand,11.89,8.32,0.0029355778280799605,11.887064422171921,setup,measured_vdd,orfs_ssd_ctrl_cfg_small,measured_droop/orfs_ssd_ctrl_cfg_small_vdd.csv,1.1,False,VALIDATED
1368,g_chan[1].u_cdc_chr.mem[13][17]$_DFFE_PP_,clk_nand,11.89,8.32,0.0029355778280799605,11.887064422171921,setup,measured_vdd,orfs_ssd_ctrl_cfg_small,measured_droop/orfs_ssd_ctrl_cfg_small_vdd.csv,1.1,False,VALIDATED
1370,g_chan[1].u_cdc_chr.mem[6][17]$_DFFE_PP_,clk_nand,11.89,8.32,0.0029355778280799605,11.887064422171921,setup,measured_vdd,orfs_ssd_ctrl_cfg_small,measured_droop/orfs_ssd_ctrl_cfg_small_vdd.csv,1.1,False,VALIDATED
1362,g_chan[1].u_cdc_chr.mem[4][17]$_DFFE_PP_,clk_nand,11.89,8.32,0.002907087771998551,11.887092912228002,setup,measured_vdd,orfs_ssd_ctrl_cfg_small,measured_droop/orfs_ssd_ctrl_cfg_small_vdd.csv,1.1,False,VALIDATED
1384,g_chan[1].u_cdc_chr.mem[8][7]$_DFFE_PP_,clk_nand,11.89,8.3,0.0029067078736476626,11.887093292126353,setup,measured_vdd,orfs_ssd_ctrl_cfg_small,measured_droop/orfs_ssd_ctrl_cfg_small_vdd.csv,1.1,False,VALIDATED
1381,g_chan[1].u_cdc_chr.mem[5][8]$_DFFE_PP_,clk_nand,11.89,8.31,0.0028983010919358954,11.887101698908065,setup,measured_vdd,orfs_ssd_ctrl_cfg_small,measured_droop/orfs_ssd_ctrl_cfg_small_vdd.csv,1.1,False,VALIDATED
1398,g_chan[1].u_cdc_chr.mem[10][12]$_DFFE_PP_,clk_nand,11.89,8.32,0.002863687803389192,11.887136312196612,setup,measured_vdd,orfs_ssd_ctrl_cfg_small,measured_droop/orfs_ssd_ctrl_cfg_small_vdd.csv,1.1,False,VALIDATED
1399,g_chan[1].u_cdc_chr.mem[1][12]$_DFFE_PP_,clk_nand,11.89,8.32,0.002863687803389192,11.887136312196612,setup,measured_vdd,orfs_ssd_ctrl_cfg_small,measured_droop/orfs_ssd_ctrl_cfg_small_vdd.csv,1.1,False,VALIDATED
1411,g_chan[1].u_cdc_chr.mem[7][12]$_DFFE_PP_,clk_nand,11.89,8.32,0.002863687803389192,11.887136312196612,setup,measured_vdd,orfs_ssd_ctrl_cfg_small,measured_droop/orfs_ssd_ctrl_cfg_small_vdd.csv,1.1,False,VALIDATED
1407,g_chan[1].u_cdc_chr.mem[9][12]$_DFFE_PP_,clk_nand,11.89,8.32,0.002863687803389192,11.887136312196612,setup,measured_vdd,orfs_ssd_ctrl_cfg_small,measured_droop/orfs_ssd_ctrl_cfg_small_vdd.csv,1.1,False,VALIDATED
1400,g_chan[1].u_cdc_chr.mem[0][12]$_DFFE_PP_,clk_nand,11.89,8.32,0.002863687803389192,11.887136312196612,setup,measured_vdd,orfs_ssd_ctrl_cfg_small,measured_droop/orfs_ssd_ctrl_cfg_small_vdd.csv,1.1,False,VALIDATED
1403,g_chan[1].u_cdc_chr.mem[2][12]$_DFFE_PP_,clk_nand,11.89,8.32,0.002863687803389192,11.887136312196612,setup,measured_vdd,orfs_ssd_ctrl_cfg_small,measured_droop/orfs_ssd_ctrl_cfg_small_vdd.csv,1.1,False,VALIDATED
1405,g_chan[1].u_cdc_chr.mem[3][12]$_DFFE_PP_,clk_nand,11.89,8.32,0.002863687803389192,11.887136312196612,setup,measured_vdd,orfs_ssd_ctrl_cfg_small,measured_droop/orfs_ssd_ctrl_cfg_small_vdd.csv,1.1,False,VALIDATED
1395,g_chan[1].u_cdc_chr.mem[8][8]$_DFFE_PP_,clk_nand,11.89,8.31,0.0028579276346759608,11.887142072365325,setup,measured_vdd,orfs_ssd_ctrl_cfg_small,measured_droop/orfs_ssd_ctrl_cfg_small_vdd.csv,1.1,False,VALIDATED
1390,g_chan[1].u_cdc_chr.mem[4][8]$_DFFE_PP_,clk_nand,11.89,8.3,0.0028419294873581746,11.887158070512642,setup,measured_vdd,orfs_ssd_ctrl_cfg_small,measured_droop/orfs_ssd_ctrl_cfg_small_vdd.csv,1.1,False,VALIDATED
1449,g_chan[1].u_cdc_chr.mem[0][29]$_DFFE_PP_,clk_nand,11.9,8.31,0.003996831649057175,11.896003168350942,setup,measured_vdd,orfs_ssd_ctrl_cfg_small,measured_droop/orfs_ssd_ctrl_cfg_small_vdd.csv,1.1,False,VALIDATED
1500,g_chan[1].u_cdc_chr.mem[15][23]$_DFFE_PP_,clk_nand,11.9,8.31,0.0037531247161912695,11.89624687528381,setup,measured_vdd,orfs_ssd_ctrl_cfg_small,measured_droop/orfs_ssd_ctrl_cfg_small_vdd.csv,1.1,False,VALIDATED
1506,g_chan[1].u_cdc_chr.mem[3][23]$_DFFE_PP_,clk_nand,11.9,8.31,0.00373855786930255,11.896261442130697,setup,measured_vdd,orfs_ssd_ctrl_cfg_small,measured_droop/orfs_ssd_ctrl_cfg_small_vdd.csv,1.1,False,VALIDATED
1503,g_chan[1].u_cdc_chr.mem[11][23]$_DFFE_PP_,clk_nand,11.9,8.31,0.00373855786930255,11.896261442130697,setup,measured_vdd,orfs_ssd_ctrl_cfg_small,measured_droop/orfs_ssd_ctrl_cfg_small_vdd.csv,1.1,False,VALIDATED
1482,g_chan[1].u_cdc_chr.mem[13][23]$_DFFE_PP_,clk_nand,11.9,8.31,0.00373855786930255,11.896261442130697,setup,measured_vdd,orfs_ssd_ctrl_cfg_small,measured_droop/orfs_ssd_ctrl_cfg_small_vdd.csv,1.1,False,VALIDATED
1484,g_chan[1].u_cdc_chr.mem[12][23]$_DFFE_PP_,clk_nand,11.9,8.31,0.00373855786930255,11.896261442130697,setup,measured_vdd,orfs_ssd_ctrl_cfg_small,measured_droop/orfs_ssd_ctrl_cfg_small_vdd.csv,1.1,False,VALIDATED
1501,g_chan[1].u_cdc_chr.mem[14][23]$_DFFE_PP_,clk_nand,11.9,8.31,0.00373855786930255,11.896261442130697,setup,measured_vdd,orfs_ssd_ctrl_cfg_small,measured_droop/orfs_ssd_ctrl_cfg_small_vdd.csv,1.1,False,VALIDATED
1457,g_chan[1].u_cdc_chr.mem[11][5]$_DFFE_PP_,clk_nand,11.9,8.31,0.00363377880844884,11.89636622119155,setup,measured_vdd,orfs_ssd_ctrl_cfg_small,measured_droop/orfs_ssd_ctrl_cfg_small_vdd.csv,1.1,False,VALIDATED
1446,g_chan[1].u_cdc_chr.mem[7][29]$_DFFE_PP_,clk_nand,11.9,8.31,0.003588269950050904,11.89641173004995,setup,measured_vdd,orfs_ssd_ctrl_cfg_small,measured_droop/orfs_ssd_ctrl_cfg_small_vdd.csv,1.1,False,VALIDATED
1453,g_chan[1].u_cdc_chr.mem[6][29]$_DFFE_PP_,clk_nand,11.9,8.31,0.003588269950050904,11.89641173004995,setup,measured_vdd,orfs_ssd_ctrl_cfg_small,measured_droop/orfs_ssd_ctrl_cfg_small_vdd.csv,1.1,False,VALIDATED
1511,g_chan[1].u_cdc_chr.mem[7][23]$_DFFE_PP_,clk_nand,11.9,8.31,0.0035776816340334916,11.896422318365968,setup,measured_vdd,orfs_ssd_ctrl_cfg_small,measured_droop/orfs_ssd_ctrl_cfg_small_vdd.csv,1.1,False,VALIDATED
1516,g_chan[1].u_cdc_chr.mem[6][23]$_DFFE_PP_,clk_nand,11.9,8.31,0.0035776816340334916,11.896422318365968,setup,measured_vdd,orfs_ssd_ctrl_cfg_small,measured_droop/orfs_ssd_ctrl_cfg_small_vdd.csv,1.1,False,VALIDATED
1441,g_chan[1].u_cdc_chr.mem[6][5]$_DFFE_PP_,clk_nand,11.9,8.31,0.0035748369080891296,11.89642516309191,setup,measured_vdd,orfs_ssd_ctrl_cfg_small,measured_droop/orfs_ssd_ctrl_cfg_small_vdd.csv,1.1,False,VALIDATED
1454,g_chan[1].u_cdc_chr.mem[5][5]$_DFFE_PP_,clk_nand,11.9,8.31,0.0035748369080891296,11.89642516309191,setup,measured_vdd,orfs_ssd_ctrl_cfg_small,measured_droop/orfs_ssd_ctrl_cfg_small_vdd.csv,1.1,False,VALIDATED
1450,g_chan[1].u_cdc_chr.mem[10][5]$_DFFE_PP_,clk_nand,11.9,8.31,0.0035748369080891296,11.89642516309191,setup,measured_vdd,orfs_ssd_ctrl_cfg_small,measured_droop/orfs_ssd_ctrl_cfg_small_vdd.csv,1.1,False,VALIDATED
1462,g_chan[1].u_cdc_chr.mem[14][5]$_DFFE_PP_,clk_nand,11.9,8.31,0.0035748369080891296,11.89642516309191,setup,measured_vdd,orfs_ssd_ctrl_cfg_small,measured_droop/orfs_ssd_ctrl_cfg_small_vdd.csv,1.1,False,VALIDATED
1456,g_chan[1].u_cdc_chr.mem[4][5]$_DFFE_PP_,clk_nand,11.9,8.31,0.0035748369080891296,11.89642516309191,setup,measured_vdd,orfs_ssd_ctrl_cfg_small,measured_droop/orfs_ssd_ctrl_cfg_small_vdd.csv,1.1,False,VALIDATED
1517,g_chan[1].u_cdc_chr.mem[5][23]$_DFFE_PP_,clk_nand,11.9,8.31,0.003563114787144772,11.896436885212855,setup,measured_vdd,orfs_ssd_ctrl_cfg_small,measured_droop/orfs_ssd_ctrl_cfg_small_vdd.csv,1.1,False,VALIDATED
1512,g_chan[1].u_cdc_chr.mem[2][23]$_DFFE_PP_,clk_nand,11.9,8.31,0.003563114787144772,11.896436885212855,setup,measured_vdd,orfs_ssd_ctrl_cfg_small,measured_droop/orfs_ssd_ctrl_cfg_small_vdd.csv,1.1,False,VALIDATED
1513,g_chan[1].u_cdc_chr.mem[10][23]$_DFFE_PP_,clk_nand,11.9,8.31,0.0035485479402560527,11.896451452059745,setup,measured_vdd,orfs_ssd_ctrl_cfg_small,measured_droop/orfs_ssd_ctrl_cfg_small_vdd.csv,1.1,False,VALIDATED
1504,g_chan[1].u_cdc_chr.mem[1][23]$_DFFE_PP_,clk_nand,11.9,8.31,0.0035485479402560527,11.896451452059745,setup,measured_vdd,orfs_ssd_ctrl_cfg_small,measured_droop/orfs_ssd_ctrl_cfg_small_vdd.csv,1.1,False,VALIDATED
1515,g_chan[1].u_cdc_chr.mem[4][23]$_DFFE_PP_,clk_nand,11.9,8.31,0.0035485479402560527,11.896451452059745,setup,measured_vdd,orfs_ssd_ctrl_cfg_small,measured_droop/orfs_ssd_ctrl_cfg_small_vdd.csv,1.1,False,VALIDATED
1509,g_chan[1].u_cdc_chr.mem[0][23]$_DFFE_PP_,clk_nand,11.9,8.31,0.0035485479402560527,11.896451452059745,setup,measured_vdd,orfs_ssd_ctrl_cfg_small,measured_droop/orfs_ssd_ctrl_cfg_small_vdd.csv,1.1,False,VALIDATED
1508,g_chan[1].u_cdc_chr.mem[8][23]$_DFFE_PP_,clk_nand,11.9,8.31,0.0035485479402560527,11.896451452059745,setup,measured_vdd,orfs_ssd_ctrl_cfg_small,measured_droop/orfs_ssd_ctrl_cfg_small_vdd.csv,1.1,False,VALIDATED
1443,g_chan[1].u_cdc_chr.mem[8][5]$_DFFE_PP_,clk_nand,11.9,8.31,0.0035430532466527165,11.896456946753348,setup,measured_vdd,orfs_ssd_ctrl_cfg_small,measured_droop/orfs_ssd_ctrl_cfg_small_vdd.csv,1.1,False,VALIDATED
1510,g_chan[1].u_cdc_chr.mem[5][31]$_DFFE_PP_,clk_nand,11.9,8.31,0.0035284936796313726,11.896471506320369,setup,measured_vdd,orfs_ssd_ctrl_cfg_small,measured_droop/orfs_ssd_ctrl_cfg_small_vdd.csv,1.1,False,VALIDATED
1493,g_chan[1].u_cdc_chr.mem[10][31]$_DFFE_PP_,clk_nand,11.9,8.31,0.0035284936796313726,11.896471506320369,setup,measured_vdd,orfs_ssd_ctrl_cfg_small,measured_droop/orfs_ssd_ctrl_cfg_small_vdd.csv,1.1,False,VALIDATED
1505,g_chan[1].u_cdc_chr.mem[6][31]$_DFFE_PP_,clk_nand,11.9,8.31,0.0035284936796313726,11.896471506320369,setup,measured_vdd,orfs_ssd_ctrl_cfg_small,measured_droop/orfs_ssd_ctrl_cfg_small_vdd.csv,1.1,False,VALIDATED
1491,g_chan[1].u_cdc_chr.mem[11][31]$_DFFE_PP_,clk_nand,11.9,8.31,0.0035284936796313726,11.896471506320369,setup,measured_vdd,orfs_ssd_ctrl_cfg_small,measured_droop/orfs_ssd_ctrl_cfg_small_vdd.csv,1.1,False,VALIDATED
1502,g_chan[1].u_cdc_chr.mem[7][31]$_DFFE_PP_,clk_nand,11.9,8.31,0.0035284936796313726,11.896471506320369,setup,measured_vdd,orfs_ssd_ctrl_cfg_small,measured_droop/orfs_ssd_ctrl_cfg_small_vdd.csv,1.1,False,VALIDATED
1432,g_chan[1].u_cdc_chr.mem[7][5]$_DFFE_PP_,clk_nand,11.9,8.31,0.003523196270467821,11.896476803729533,setup,measured_vdd,orfs_ssd_ctrl_cfg_small,measured_droop/orfs_ssd_ctrl_cfg_small_vdd.csv,1.1,False,VALIDATED
1477,g_chan[1].u_cdc_chr.mem[3][31]$_DFFE_PP_,clk_nand,11.9,8.31,0.0035210071380764596,11.896478992861924,setup,measured_vdd,orfs_ssd_ctrl_cfg_small,measured_droop/orfs_ssd_ctrl_cfg_small_vdd.csv,1.1,False,VALIDATED
1472,g_chan[1].u_cdc_chr.mem[2][31]$_DFFE_PP_,clk_nand,11.9,8.31,0.0035210071380764596,11.896478992861924,setup,measured_vdd,orfs_ssd_ctrl_cfg_small,measured_droop/orfs_ssd_ctrl_cfg_small_vdd.csv,1.1,False,VALIDATED
1448,g_chan[1].u_cdc_chr.mem[1][5]$_DFFE_PP_,clk_nand,11.9,8.31,0.0035112695852163034,11.896488730414784,setup,measured_vdd,orfs_ssd_ctrl_cfg_small,measured_droop/orfs_ssd_ctrl_cfg_small_vdd.csv,1.1,False,VALIDATED
1455,g_chan[1].u_cdc_chr.mem[15][5]$_DFFE_PP_,clk_nand,11.9,8.31,0.0035112695852163034,11.896488730414784,setup,measured_vdd,orfs_ssd_ctrl_cfg_small,measured_droop/orfs_ssd_ctrl_cfg_small_vdd.csv,1.1,False,VALIDATED
1452,g_chan[1].u_cdc_chr.mem[2][5]$_DFFE_PP_,clk_nand,11.9,8.31,0.0035112695852163034,11.896488730414784,setup,measured_vdd,orfs_ssd_ctrl_cfg_small,measured_droop/orfs_ssd_ctrl_cfg_small_vdd.csv,1.1,False,VALIDATED
1459,g_chan[1].u_cdc_chr.mem[12][5]$_DFFE_PP_,clk_nand,11.9,8.31,0.0035112695852163034,11.896488730414784,setup,measured_vdd,orfs_ssd_ctrl_cfg_small,measured_droop/orfs_ssd_ctrl_cfg_small_vdd.csv,1.1,False,VALIDATED
1439,g_chan[1].u_cdc_chr.mem[0][5]$_DFFE_PP_,clk_nand,11.9,8.31,0.0035112695852163034,11.896488730414784,setup,measured_vdd,orfs_ssd_ctrl_cfg_small,measured_droop/orfs_ssd_ctrl_cfg_small_vdd.csv,1.1,False,VALIDATED
1442,g_chan[1].u_cdc_chr.mem[3][5]$_DFFE_PP_,clk_nand,11.9,8.31,0.0035112695852163034,11.896488730414784,setup,measured_vdd,orfs_ssd_ctrl_cfg_small,measured_droop/orfs_ssd_ctrl_cfg_small_vdd.csv,1.1,False,VALIDATED
1436,g_chan[1].u_cdc_chr.mem[9][5]$_DFFE_PP_,clk_nand,11.9,8.31,0.0035112695852163034,11.896488730414784,setup,measured_vdd,orfs_ssd_ctrl_cfg_small,measured_droop/orfs_ssd_ctrl_cfg_small_vdd.csv,1.1,False,VALIDATED
1461,g_chan[1].u_cdc_chr.mem[13][5]$_DFFE_PP_,clk_nand,11.9,8.31,0.0035112695852163034,11.896488730414784,setup,measured_vdd,orfs_ssd_ctrl_cfg_small,measured_droop/orfs_ssd_ctrl_cfg_small_vdd.csv,1.1,False,VALIDATED
1468,g_chan[1].u_cdc_chr.mem[0][31]$_DFFE_PP_,clk_nand,11.9,8.31,0.003483769691237093,11.896516230308762,setup,measured_vdd,orfs_ssd_ctrl_cfg_small,measured_droop/orfs_ssd_ctrl_cfg_small_vdd.csv,1.1,False,VALIDATED
1469,g_chan[1].u_cdc_chr.mem[15][31]$_DFFE_PP_,clk_nand,11.9,8.31,0.003483769691237093,11.896516230308762,setup,measured_vdd,orfs_ssd_ctrl_cfg_small,measured_droop/orfs_ssd_ctrl_cfg_small_vdd.csv,1.1,False,VALIDATED
1467,g_chan[1].u_cdc_chr.mem[14][31]$_DFFE_PP_,clk_nand,11.9,8.31,0.003483769691237093,11.896516230308762,setup,measured_vdd,orfs_ssd_ctrl_cfg_small,measured_droop/orfs_ssd_ctrl_cfg_small_vdd.csv,1.1,False,VALIDATED
1465,g_chan[1].u_cdc_chr.mem[1][31]$_DFFE_PP_,clk_nand,11.9,8.31,0.003483769691237093,11.896516230308762,setup,measured_vdd,orfs_ssd_ctrl_cfg_small,measured_droop/orfs_ssd_ctrl_cfg_small_vdd.csv,1.1,False,VALIDATED
1420,g_chan[1].u_cdc_chr.mem[8][29]$_DFFE_PP_,clk_nand,11.9,8.31,0.003455747634088957,11.896544252365912,setup,measured_vdd,orfs_ssd_ctrl_cfg_small,measured_droop/orfs_ssd_ctrl_cfg_small_vdd.csv,1.1,False,VALIDATED
1422,g_chan[1].u_cdc_chr.mem[10][29]$_DFFE_PP_,clk_nand,11.9,8.31,0.003455747634088957,11.896544252365912,setup,measured_vdd,orfs_ssd_ctrl_cfg_small,measured_droop/orfs_ssd_ctrl_cfg_small_vdd.csv,1.1,False,VALIDATED
1419,g_chan[1].u_cdc_chr.mem[11][29]$_DFFE_PP_,clk_nand,11.9,8.31,0.003455747634088957,11.896544252365912,setup,measured_vdd,orfs_ssd_ctrl_cfg_small,measured_droop/orfs_ssd_ctrl_cfg_small_vdd.csv,1.1,False,VALIDATED
1429,g_chan[1].u_cdc_chr.mem[2][29]$_DFFE_PP_,clk_nand,11.9,8.31,0.003455747634088957,11.896544252365912,setup,measured_vdd,orfs_ssd_ctrl_cfg_small,measured_droop/orfs_ssd_ctrl_cfg_small_vdd.csv,1.1,False,VALIDATED
1514,g_chan[1].u_cdc_chr.mem[9][23]$_DFFE_PP_,clk_nand,11.9,8.31,0.0034300553711453796,11.896569944628855,setup,measured_vdd,orfs_ssd_ctrl_cfg_small,measured_droop/orfs_ssd_ctrl_cfg_small_vdd.csv,1.1,False,VALIDATED
1471,g_chan[1].u_cdc_chr.mem[8][31]$_DFFE_PP_,clk_nand,11.9,8.31,0.0034078191584496764,11.896592180841552,setup,measured_vdd,orfs_ssd_ctrl_cfg_small,measured_droop/orfs_ssd_ctrl_cfg_small_vdd.csv,1.1,False,VALIDATED
1458,g_chan[1].u_cdc_chr.mem[9][31]$_DFFE_PP_,clk_nand,11.9,8.31,0.0034078191584496764,11.896592180841552,setup,measured_vdd,orfs_ssd_ctrl_cfg_small,measured_droop/orfs_ssd_ctrl_cfg_small_vdd.csv,1.1,False,VALIDATED
1428,g_chan[1].u_cdc_chr.mem[3][29]$_DFFE_PP_,clk_nand,11.9,8.31,0.0033650220722928337,11.896634977927707,setup,measured_vdd,orfs_ssd_ctrl_cfg_small,measured_droop/orfs_ssd_ctrl_cfg_small_vdd.csv,1.1,False,VALIDATED
1425,g_chan[1].u_cdc_chr.mem[12][29]$_DFFE_PP_,clk_nand,11.9,8.31,0.0032742965104967103,11.896725703489503,setup,measured_vdd,orfs_ssd_ctrl_cfg_small,measured_droop/orfs_ssd_ctrl_cfg_small_vdd.csv,1.1,False,VALIDATED
1440,g_chan[1].u_cdc_chr.mem[13][29]$_DFFE_PP_,clk_nand,11.9,8.31,0.0032742965104967103,11.896725703489503,setup,measured_vdd,orfs_ssd_ctrl_cfg_small,measured_droop/orfs_ssd_ctrl_cfg_small_vdd.csv,1.1,False,VALIDATED
1437,g_chan[1].u_cdc_chr.mem[14][29]$_DFFE_PP_,clk_nand,11.9,8.31,0.0032742965104967103,11.896725703489503,setup,measured_vdd,orfs_ssd_ctrl_cfg_small,measured_droop/orfs_ssd_ctrl_cfg_small_vdd.csv,1.1,False,VALIDATED
1444,g_chan[1].u_cdc_chr.mem[5][29]$_DFFE_PP_,clk_nand,11.9,8.31,0.0032742965104967103,11.896725703489503,setup,measured_vdd,orfs_ssd_ctrl_cfg_small,measured_droop/orfs_ssd_ctrl_cfg_small_vdd.csv,1.1,False,VALIDATED
1463,g_chan[1].u_cdc_chr.mem[3][26]$_DFFE_PP_,clk_nand,11.9,8.31,0.003258411739787803,11.896741588260213,setup,measured_vdd,orfs_ssd_ctrl_cfg_small,measured_droop/orfs_ssd_ctrl_cfg_small_vdd.csv,1.1,False,VALIDATED
1474,g_chan[1].u_cdc_chr.mem[5][26]$_DFFE_PP_,clk_nand,11.9,8.31,0.003258411739787803,11.896741588260213,setup,measured_vdd,orfs_ssd_ctrl_cfg_small,measured_droop/orfs_ssd_ctrl_cfg_small_vdd.csv,1.1,False,VALIDATED
1460,g_chan[1].u_cdc_chr.mem[4][26]$_DFFE_PP_,clk_nand,11.9,8.31,0.003258411739787803,11.896741588260213,setup,measured_vdd,orfs_ssd_ctrl_cfg_small,measured_droop/orfs_ssd_ctrl_cfg_small_vdd.csv,1.1,False,VALIDATED
1464,g_chan[1].u_cdc_chr.mem[7][26]$_DFFE_PP_,clk_nand,11.9,8.31,0.00322662807835139,11.896773371921649,setup,measured_vdd,orfs_ssd_ctrl_cfg_small,measured_droop/orfs_ssd_ctrl_cfg_small_vdd.csv,1.1,False,VALIDATED
1466,g_chan[1].u_cdc_chr.mem[2][26]$_DFFE_PP_,clk_nand,11.9,8.31,0.00317697344027712,11.896823026559723,setup,measured_vdd,orfs_ssd_ctrl_cfg_small,measured_droop/orfs_ssd_ctrl_cfg_small_vdd.csv,1.1,False,VALIDATED
1426,g_chan[1].u_cdc_chr.mem[14][2]$_DFFE_PP_,clk_nand,11.9,8.31,0.003140993489611832,11.896859006510388,setup,measured_vdd,orfs_ssd_ctrl_cfg_small,measured_droop/orfs_ssd_ctrl_cfg_small_vdd.csv,1.1,False,VALIDATED
1473,g_chan[1].u_cdc_chr.mem[12][26]$_DFFE_PP_,clk_nand,11.9,8.31,0.003128007385355347,11.896871992614646,setup,measured_vdd,orfs_ssd_ctrl_cfg_small,measured_droop/orfs_ssd_ctrl_cfg_small_vdd.csv,1.1,False,VALIDATED
1433,g_chan[1].u_cdc_chr.mem[4][29]$_DFFE_PP_,clk_nand,11.9,8.31,0.003126021179426397,11.896873978820574,setup,measured_vdd,orfs_ssd_ctrl_cfg_small,measured_droop/orfs_ssd_ctrl_cfg_small_vdd.csv,1.1,False,VALIDATED
1427,g_chan[1].u_cdc_chr.mem[8][26]$_DFFE_PP_,clk_nand,11.9,8.31,0.0031253328026558114,11.896874667197345,setup,measured_vdd,orfs_ssd_ctrl_cfg_small,measured_droop/orfs_ssd_ctrl_cfg_small_vdd.csv,1.1,False,VALIDATED
1416,g_chan[1].u_cdc_chr.mem[0][26]$_DFFE_PP_,clk_nand,11.9,8.31,0.0031253328026558114,11.896874667197345,setup,measured_vdd,orfs_ssd_ctrl_cfg_small,measured_droop/orfs_ssd_ctrl_cfg_small_vdd.csv,1.1,False,VALIDATED
1438,g_chan[1].u_cdc_chr.mem[9][26]$_DFFE_PP_,clk_nand,11.9,8.31,0.0031253328026558114,11.896874667197345,setup,measured_vdd,orfs_ssd_ctrl_cfg_small,measured_droop/orfs_ssd_ctrl_cfg_small_vdd.csv,1.1,False,VALIDATED
1434,g_chan[1].u_cdc_chr.mem[1][26]$_DFFE_PP_,clk_nand,11.9,8.31,0.0031253328026558114,11.896874667197345,setup,measured_vdd,orfs_ssd_ctrl_cfg_small,measured_droop/orfs_ssd_ctrl_cfg_small_vdd.csv,1.1,False,VALIDATED
1430,g_chan[1].u_cdc_chr.mem[10][26]$_DFFE_PP_,clk_nand,11.9,8.31,0.0031074592072466434,11.896892540792754,setup,measured_vdd,orfs_ssd_ctrl_cfg_small,measured_droop/orfs_ssd_ctrl_cfg_small_vdd.csv,1.1,False,VALIDATED
1417,g_chan[1].u_cdc_chr.mem[11][26]$_DFFE_PP_,clk_nand,11.9,8.31,0.003093557610931552,11.896906442389069,setup,measured_vdd,orfs_ssd_ctrl_cfg_small,measured_droop/orfs_ssd_ctrl_cfg_small_vdd.csv,1.1,False,VALIDATED
1475,g_chan[1].u_cdc_chr.mem[15][26]$_DFFE_PP_,clk_nand,11.9,8.31,0.0030783527472810768,11.89692164725272,setup,measured_vdd,orfs_ssd_ctrl_cfg_small,measured_droop/orfs_ssd_ctrl_cfg_small_vdd.csv,1.1,False,VALIDATED
1470,g_chan[1].u_cdc_chr.mem[6][26]$_DFFE_PP_,clk_nand,11.9,8.31,0.0030783527472810768,11.89692164725272,setup,measured_vdd,orfs_ssd_ctrl_cfg_small,measured_droop/orfs_ssd_ctrl_cfg_small_vdd.csv,1.1,False,VALIDATED
1492,g_chan[1].u_cdc_chr.mem[12][16]$_DFFE_PP_,clk_nand,11.9,8.3,0.003021069047240532,11.89697893095276,setup,measured_vdd,orfs_ssd_ctrl_cfg_small,measured_droop/orfs_ssd_ctrl_cfg_small_vdd.csv,1.1,False,VALIDATED
1485,g_chan[1].u_cdc_chr.mem[14][8]$_DFFE_PP_,clk_nand,11.9,8.31,0.002998898208046885,11.897001101791954,setup,measured_vdd,orfs_ssd_ctrl_cfg_small,measured_droop/orfs_ssd_ctrl_cfg_small_vdd.csv,1.1,False,VALIDATED
1424,g_chan[1].u_cdc_chr.mem[7][2]$_DFFE_PP_,clk_nand,11.9,8.31,0.0029972743685084957,11.897002725631491,setup,measured_vdd,orfs_ssd_ctrl_cfg_small,measured_droop/orfs_ssd_ctrl_cfg_small_vdd.csv,1.1,False,VALIDATED
1490,g_chan[1].u_cdc_chr.mem[12][8]$_DFFE_PP_,clk_nand,11.9,8.3,0.00299528942560634,11.897004710574395,setup,measured_vdd,orfs_ssd_ctrl_cfg_small,measured_droop/orfs_ssd_ctrl_cfg_small_vdd.csv,1.1,False,VALIDATED
1494,g_chan[1].u_cdc_chr.mem[15][8]$_DFFE_PP_,clk_nand,11.9,8.3,0.00299528942560634,11.897004710574395,setup,measured_vdd,orfs_ssd_ctrl_cfg_small,measured_droop/orfs_ssd_ctrl_cfg_small_vdd.csv,1.1,False,VALIDATED
1483,g_chan[1].u_cdc_chr.mem[13][8]$_DFFE_PP_,clk_nand,11.9,8.3,0.00299528942560634,11.897004710574395,setup,measured_vdd,orfs_ssd_ctrl_cfg_small,measured_droop/orfs_ssd_ctrl_cfg_small_vdd.csv,1.1,False,VALIDATED
1423,g_chan[1].u_cdc_chr.mem[12][12]$_DFFE_PP_,clk_nand,11.9,8.32,0.0029904172026469222,11.897009582797354,setup,measured_vdd,orfs_ssd_ctrl_cfg_small,measured_droop/orfs_ssd_ctrl_cfg_small_vdd.csv,1.1,False,VALIDATED
1451,g_chan[1].u_cdc_chr.mem[3][0]$_DFFE_PP_,clk_nand,11.9,8.32,0.0029844812957193767,11.897015518704281,setup,measured_vdd,orfs_ssd_ctrl_cfg_small,measured_droop/orfs_ssd_ctrl_cfg_small_vdd.csv,1.1,False,VALIDATED
1445,g_chan[1].u_cdc_chr.mem[2][0]$_DFFE_PP_,clk_nand,11.9,8.32,0.0029844812957193767,11.897015518704281,setup,measured_vdd,orfs_ssd_ctrl_cfg_small,measured_droop/orfs_ssd_ctrl_cfg_small_vdd.csv,1.1,False,VALIDATED
1487,g_chan[1].u_cdc_chr.mem[13][26]$_DFFE_PP_,clk_nand,11.9,8.31,0.0029797320542850336,11.897020267945715,setup,measured_vdd,orfs_ssd_ctrl_cfg_small,measured_droop/orfs_ssd_ctrl_cfg_small_vdd.csv,1.1,False,VALIDATED
1476,g_chan[1].u_cdc_chr.mem[14][26]$_DFFE_PP_,clk_nand,11.9,8.31,0.0029797320542850336,11.897020267945715,setup,measured_vdd,orfs_ssd_ctrl_cfg_small,measured_droop/orfs_ssd_ctrl_cfg_small_vdd.csv,1.1,False,VALIDATED
1489,g_chan[1].u_cdc_chr.mem[14][16]$_DFFE_PP_,clk_nand,11.9,8.3,0.002974795098924843,11.897025204901075,setup,measured_vdd,orfs_ssd_ctrl_cfg_small,measured_droop/orfs_ssd_ctrl_cfg_small_vdd.csv,1.1,False,VALIDATED
1498,g_chan[1].u_cdc_chr.mem[15][16]$_DFFE_PP_,clk_nand,11.9,8.3,0.002974795098924843,11.897025204901075,setup,measured_vdd,orfs_ssd_ctrl_cfg_small,measured_droop/orfs_ssd_ctrl_cfg_small_vdd.csv,1.1,False,VALIDATED
1496,g_chan[1].u_cdc_chr.mem[13][16]$_DFFE_PP_,clk_nand,11.9,8.3,0.002974795098924843,11.897025204901075,setup,measured_vdd,orfs_ssd_ctrl_cfg_small,measured_droop/orfs_ssd_ctrl_cfg_small_vdd.csv,1.1,False,VALIDATED
1480,g_chan[1].u_cdc_chr.mem[1][16]$_DFFE_PP_,clk_nand,11.9,8.31,0.0029684524093470666,11.897031547590654,setup,measured_vdd,orfs_ssd_ctrl_cfg_small,measured_droop/orfs_ssd_ctrl_cfg_small_vdd.csv,1.1,False,VALIDATED
1478,g_chan[1].u_cdc_chr.mem[0][16]$_DFFE_PP_,clk_nand,11.9,8.31,0.0029684524093470666,11.897031547590654,setup,measured_vdd,orfs_ssd_ctrl_cfg_small,measured_droop/orfs_ssd_ctrl_cfg_small_vdd.csv,1.1,False,VALIDATED
1488,g_chan[1].u_cdc_chr.mem[5][16]$_DFFE_PP_,clk_nand,11.9,8.3,0.002968185169608728,11.897031814830392,setup,measured_vdd,orfs_ssd_ctrl_cfg_small,measured_droop/orfs_ssd_ctrl_cfg_small_vdd.csv,1.1,False,VALIDATED
1497,g_chan[1].u_cdc_chr.mem[7][16]$_DFFE_PP_,clk_nand,11.9,8.3,0.002968185169608728,11.897031814830392,setup,measured_vdd,orfs_ssd_ctrl_cfg_small,measured_droop/orfs_ssd_ctrl_cfg_small_vdd.csv,1.1,False,VALIDATED
1418,g_chan[1].u_cdc_chr.mem[13][31]$_DFFE_PP_,clk_nand,11.9,8.31,0.0029548094111895296,11.89704519058881,setup,measured_vdd,orfs_ssd_ctrl_cfg_small,measured_droop/orfs_ssd_ctrl_cfg_small_vdd.csv,1.1,False,VALIDATED
1495,g_chan[1].u_cdc_chr.mem[7][8]$_DFFE_PP_,clk_nand,11.9,8.31,0.002942641727927797,11.897057358272072,setup,measured_vdd,orfs_ssd_ctrl_cfg_small,measured_droop/orfs_ssd_ctrl_cfg_small_vdd.csv,1.1,False,VALIDATED
1447,g_chan[1].u_cdc_chr.mem[12][31]$_DFFE_PP_,clk_nand,11.9,8.31,0.002930979790970456,11.89706902020903,setup,measured_vdd,orfs_ssd_ctrl_cfg_small,measured_droop/orfs_ssd_ctrl_cfg_small_vdd.csv,1.1,False,VALIDATED
1421,g_chan[1].u_cdc_chr.mem[5][12]$_DFFE_PP_,clk_nand,11.9,8.32,0.002927052503018057,11.897072947496982,setup,measured_vdd,orfs_ssd_ctrl_cfg_small,measured_droop/orfs_ssd_ctrl_cfg_small_vdd.csv,1.1,False,VALIDATED
1499,g_chan[1].u_cdc_chr.mem[4][16]$_DFFE_PP_,clk_nand,11.9,8.3,0.002915301291976924,11.897084698708024,setup,measured_vdd,orfs_ssd_ctrl_cfg_small,measured_droop/orfs_ssd_ctrl_cfg_small_vdd.csv,1.1,False,VALIDATED
1479,g_chan[1].u_cdc_chr.mem[3][16]$_DFFE_PP_,clk_nand,11.9,8.31,0.0029121959292279787,11.897087804070772,setup,measured_vdd,orfs_ssd_ctrl_cfg_small,measured_droop/orfs_ssd_ctrl_cfg_small_vdd.csv,1.1,False,VALIDATED
1481,g_chan[1].u_cdc_chr.mem[2][16]$_DFFE_PP_,clk_nand,11.9,8.31,0.0029121959292279787,11.897087804070772,setup,measured_vdd,orfs_ssd_ctrl_cfg_small,measured_droop/orfs_ssd_ctrl_cfg_small_vdd.csv,1.1,False,VALIDATED
1507,g_chan[1].u_cdc_chr.mem[6][16]$_DFFE_PP_,clk_nand,11.9,8.3,0.002911996386818272,11.897088003613183,setup,measured_vdd,orfs_ssd_ctrl_cfg_small,measured_droop/orfs_ssd_ctrl_cfg_small_vdd.csv,1.1,False,VALIDATED
1431,g_chan[1].u_cdc_chr.mem[4][31]$_DFFE_PP_,clk_nand,11.9,8.31,0.002878858878402113,11.897121141121598,setup,measured_vdd,orfs_ssd_ctrl_cfg_small,measured_droop/orfs_ssd_ctrl_cfg_small_vdd.csv,1.1,False,VALIDATED
1486,g_chan[1].u_cdc_chr.mem[6][8]$_DFFE_PP_,clk_nand,11.9,8.31,0.0028731500970439194,11.897126849902957,setup,measured_vdd,orfs_ssd_ctrl_cfg_small,measured_droop/orfs_ssd_ctrl_cfg_small_vdd.csv,1.1,False,VALIDATED
1435,g_chan[1].u_cdc_chr.mem[6][12]$_DFFE_PP_,clk_nand,11.9,8.32,0.0028487803411558765,11.897151219658845,setup,measured_vdd,orfs_ssd_ctrl_cfg_small,measured_droop/orfs_ssd_ctrl_cfg_small_vdd.csv,1.1,False,VALIDATED
1581,g_chan[1].u_cdc_chr.mem[0][15]$_DFFE_PP_,clk_nand,11.91,8.3,0.004266027896762781,11.905733972103237,setup,measured_vdd,orfs_ssd_ctrl_cfg_small,measured_droop/orfs_ssd_ctrl_cfg_small_vdd.csv,1.1,False,VALIDATED
1553,g_chan[1].u_cdc_chr.mem[9][15]$_DFFE_PP_,clk_nand,11.91,8.3,0.004186011341309803,11.905813988658691,setup,measured_vdd,orfs_ssd_ctrl_cfg_small,measured_droop/orfs_ssd_ctrl_cfg_small_vdd.csv,1.1,False,VALIDATED
1544,g_chan[1].u_cdc_chr.mem[8][15]$_DFFE_PP_,clk_nand,11.91,8.3,0.004186011341309803,11.905813988658691,setup,measured_vdd,orfs_ssd_ctrl_cfg_small,measured_droop/orfs_ssd_ctrl_cfg_small_vdd.csv,1.1,False,VALIDATED
1569,g_chan[1].u_cdc_chr.mem[1][15]$_DFFE_PP_,clk_nand,11.91,8.3,0.004182701448185555,11.905817298551815,setup,measured_vdd,orfs_ssd_ctrl_cfg_small,measured_droop/orfs_ssd_ctrl_cfg_small_vdd.csv,1.1,False,VALIDATED
1543,g_chan[1].u_cdc_chr.mem[5][4]$_DFFE_PP_,clk_nand,11.91,8.3,0.00411909684763434,11.905880903152365,setup,measured_vdd,orfs_ssd_ctrl_cfg_small,measured_droop/orfs_ssd_ctrl_cfg_small_vdd.csv,1.1,False,VALIDATED
1542,g_chan[1].u_cdc_chr.mem[6][4]$_DFFE_PP_,clk_nand,11.91,8.3,0.00411909684763434,11.905880903152365,setup,measured_vdd,orfs_ssd_ctrl_cfg_small,measured_droop/orfs_ssd_ctrl_cfg_small_vdd.csv,1.1,False,VALIDATED
1534,g_chan[1].u_cdc_chr.mem[7][4]$_DFFE_PP_,clk_nand,11.91,8.3,0.00411909684763434,11.905880903152365,setup,measured_vdd,orfs_ssd_ctrl_cfg_small,measured_droop/orfs_ssd_ctrl_cfg_small_vdd.csv,1.1,False,VALIDATED
1523,g_chan[1].u_cdc_chr.mem[4][4]$_DFFE_PP_,clk_nand,11.91,8.3,0.00411909684763434,11.905880903152365,setup,measured_vdd,orfs_ssd_ctrl_cfg_small,measured_droop/orfs_ssd_ctrl_cfg_small_vdd.csv,1.1,False,VALIDATED
1537,g_chan[1].u_cdc_chr.mem[9][4]$_DFFE_PP_,clk_nand,11.91,8.3,0.0040430009364553765,11.905956999063545,setup,measured_vdd,orfs_ssd_ctrl_cfg_small,measured_droop/orfs_ssd_ctrl_cfg_small_vdd.csv,1.1,False,VALIDATED
1545,g_chan[1].u_cdc_chr.mem[3][4]$_DFFE_PP_,clk_nand,11.91,8.3,0.003966905025276413,11.906033094974724,setup,measured_vdd,orfs_ssd_ctrl_cfg_small,measured_droop/orfs_ssd_ctrl_cfg_small_vdd.csv,1.1,False,VALIDATED
1541,g_chan[1].u_cdc_chr.mem[2][4]$_DFFE_PP_,clk_nand,11.91,8.3,0.003966905025276413,11.906033094974724,setup,measured_vdd,orfs_ssd_ctrl_cfg_small,measured_droop/orfs_ssd_ctrl_cfg_small_vdd.csv,1.1,False,VALIDATED
1560,g_chan[1].u_cdc_chr.mem[0][4]$_DFFE_PP_,clk_nand,11.91,8.3,0.003966905025276413,11.906033094974724,setup,measured_vdd,orfs_ssd_ctrl_cfg_small,measured_droop/orfs_ssd_ctrl_cfg_small_vdd.csv,1.1,False,VALIDATED
1538,g_chan[1].u_cdc_chr.mem[11][4]$_DFFE_PP_,clk_nand,11.91,8.3,0.003966905025276413,11.906033094974724,setup,measured_vdd,orfs_ssd_ctrl_cfg_small,measured_droop/orfs_ssd_ctrl_cfg_small_vdd.csv,1.1,False,VALIDATED
1550,g_chan[1].u_cdc_chr.mem[10][4]$_DFFE_PP_,clk_nand,11.91,8.3,0.003966905025276413,11.906033094974724,setup,measured_vdd,orfs_ssd_ctrl_cfg_small,measured_droop/orfs_ssd_ctrl_cfg_small_vdd.csv,1.1,False,VALIDATED
1564,g_chan[1].u_cdc_chr.mem[1][4]$_DFFE_PP_,clk_nand,11.91,8.3,0.003966905025276413,11.906033094974724,setup,measured_vdd,orfs_ssd_ctrl_cfg_small,measured_droop/orfs_ssd_ctrl_cfg_small_vdd.csv,1.1,False,VALIDATED
1533,g_chan[1].u_cdc_chr.mem[8][4]$_DFFE_PP_,clk_nand,11.91,8.3,0.003966905025276413,11.906033094974724,setup,measured_vdd,orfs_ssd_ctrl_cfg_small,measured_droop/orfs_ssd_ctrl_cfg_small_vdd.csv,1.1,False,VALIDATED
1584,g_chan[1].u_cdc_chr.mem[3][15]$_DFFE_PP_,clk_nand,11.91,8.3,0.003928627524706352,11.906071372475294,setup,measured_vdd,orfs_ssd_ctrl_cfg_small,measured_droop/orfs_ssd_ctrl_cfg_small_vdd.csv,1.1,False,VALIDATED
1582,g_chan[1].u_cdc_chr.mem[10][10]$_DFFE_PP_,clk_nand,11.91,8.3,0.003849789098119505,11.906150210901881,setup,measured_vdd,orfs_ssd_ctrl_cfg_small,measured_droop/orfs_ssd_ctrl_cfg_small_vdd.csv,1.1,False,VALIDATED
1585,g_chan[1].u_cdc_chr.mem[11][10]$_DFFE_PP_,clk_nand,11.91,8.3,0.003849789098119505,11.906150210901881,setup,measured_vdd,orfs_ssd_ctrl_cfg_small,measured_droop/orfs_ssd_ctrl_cfg_small_vdd.csv,1.1,False,VALIDATED
1526,g_chan[1].u_cdc_chr.mem[11][27]$_DFFE_PP_,clk_nand,11.91,8.3,0.003695033828754579,11.906304966171245,setup,measured_vdd,orfs_ssd_ctrl_cfg_small,measured_droop/orfs_ssd_ctrl_cfg_small_vdd.csv,1.1,False,VALIDATED
1535,g_chan[1].u_cdc_chr.mem[15][27]$_DFFE_PP_,clk_nand,11.91,8.3,0.003695033828754579,11.906304966171245,setup,measured_vdd,orfs_ssd_ctrl_cfg_small,measured_droop/orfs_ssd_ctrl_cfg_small_vdd.csv,1.1,False,VALIDATED
1558,g_chan[1].u_cdc_chr.mem[2][27]$_DFFE_PP_,clk_nand,11.91,8.3,0.0036474210975649957,11.906352578902435,setup,measured_vdd,orfs_ssd_ctrl_cfg_small,measured_droop/orfs_ssd_ctrl_cfg_small_vdd.csv,1.1,False,VALIDATED
1552,g_chan[1].u_cdc_chr.mem[1][27]$_DFFE_PP_,clk_nand,11.91,8.3,0.0036474210975649957,11.906352578902435,setup,measured_vdd,orfs_ssd_ctrl_cfg_small,measured_droop/orfs_ssd_ctrl_cfg_small_vdd.csv,1.1,False,VALIDATED
1555,g_chan[1].u_cdc_chr.mem[3][27]$_DFFE_PP_,clk_nand,11.91,8.3,0.0036474210975649957,11.906352578902435,setup,measured_vdd,orfs_ssd_ctrl_cfg_small,measured_droop/orfs_ssd_ctrl_cfg_small_vdd.csv,1.1,False,VALIDATED
1566,g_chan[1].u_cdc_chr.mem[15][7]$_DFFE_PP_,clk_nand,11.91,8.3,0.0035925455569840725,11.906407454443016,setup,measured_vdd,orfs_ssd_ctrl_cfg_small,measured_droop/orfs_ssd_ctrl_cfg_small_vdd.csv,1.1,False,VALIDATED
1583,g_chan[1].u_cdc_chr.mem[13][15]$_DFFE_PP_,clk_nand,11.91,8.3,0.003591227152649923,11.90640877284735,setup,measured_vdd,orfs_ssd_ctrl_cfg_small,measured_droop/orfs_ssd_ctrl_cfg_small_vdd.csv,1.1,False,VALIDATED
1580,g_chan[1].u_cdc_chr.mem[7][15]$_DFFE_PP_,clk_nand,11.91,8.3,0.0035693887264302004,11.90643061127357,setup,measured_vdd,orfs_ssd_ctrl_cfg_small,measured_droop/orfs_ssd_ctrl_cfg_small_vdd.csv,1.1,False,VALIDATED
1578,g_chan[1].u_cdc_chr.mem[14][15]$_DFFE_PP_,clk_nand,11.91,8.3,0.0035693887264302004,11.90643061127357,setup,measured_vdd,orfs_ssd_ctrl_cfg_small,measured_droop/orfs_ssd_ctrl_cfg_small_vdd.csv,1.1,False,VALIDATED
1577,g_chan[1].u_cdc_chr.mem[10][15]$_DFFE_PP_,clk_nand,11.91,8.3,0.0035693887264302004,11.90643061127357,setup,measured_vdd,orfs_ssd_ctrl_cfg_small,measured_droop/orfs_ssd_ctrl_cfg_small_vdd.csv,1.1,False,VALIDATED
1572,g_chan[1].u_cdc_chr.mem[11][15]$_DFFE_PP_,clk_nand,11.91,8.3,0.0035693887264302004,11.90643061127357,setup,measured_vdd,orfs_ssd_ctrl_cfg_small,measured_droop/orfs_ssd_ctrl_cfg_small_vdd.csv,1.1,False,VALIDATED
1579,g_chan[1].u_cdc_chr.mem[15][15]$_DFFE_PP_,clk_nand,11.91,8.3,0.003536989768689325,11.906463010231311,setup,measured_vdd,orfs_ssd_ctrl_cfg_small,measured_droop/orfs_ssd_ctrl_cfg_small_vdd.csv,1.1,False,VALIDATED
1525,g_chan[1].u_cdc_chr.mem[12][27]$_DFFE_PP_,clk_nand,11.91,8.3,0.0035356713688683428,11.906464328631131,setup,measured_vdd,orfs_ssd_ctrl_cfg_small,measured_droop/orfs_ssd_ctrl_cfg_small_vdd.csv,1.1,False,VALIDATED
1527,g_chan[1].u_cdc_chr.mem[13][27]$_DFFE_PP_,clk_nand,11.91,8.3,0.0035356713688683428,11.906464328631131,setup,measured_vdd,orfs_ssd_ctrl_cfg_small,measured_droop/orfs_ssd_ctrl_cfg_small_vdd.csv,1.1,False,VALIDATED
1531,g_chan[1].u_cdc_chr.mem[14][27]$_DFFE_PP_,clk_nand,11.91,8.3,0.0035356713688683428,11.906464328631131,setup,measured_vdd,orfs_ssd_ctrl_cfg_small,measured_droop/orfs_ssd_ctrl_cfg_small_vdd.csv,1.1,False,VALIDATED
1546,g_chan[1].u_cdc_chr.mem[6][27]$_DFFE_PP_,clk_nand,11.91,8.3,0.0035356713688683428,11.906464328631131,setup,measured_vdd,orfs_ssd_ctrl_cfg_small,measured_droop/orfs_ssd_ctrl_cfg_small_vdd.csv,1.1,False,VALIDATED
1519,g_chan[1].u_cdc_chr.mem[9][27]$_DFFE_PP_,clk_nand,11.91,8.31,0.003509475747694668,11.906490524252305,setup,measured_vdd,orfs_ssd_ctrl_cfg_small,measured_droop/orfs_ssd_ctrl_cfg_small_vdd.csv,1.1,False,VALIDATED
1518,g_chan[1].u_cdc_chr.mem[15][4]$_DFFE_PP_,clk_nand,11.91,8.3,0.0035058629280440012,11.906494137071956,setup,measured_vdd,orfs_ssd_ctrl_cfg_small,measured_droop/orfs_ssd_ctrl_cfg_small_vdd.csv,1.1,False,VALIDATED
1521,g_chan[1].u_cdc_chr.mem[13][4]$_DFFE_PP_,clk_nand,11.91,8.3,0.0035058629280440012,11.906494137071956,setup,measured_vdd,orfs_ssd_ctrl_cfg_small,measured_droop/orfs_ssd_ctrl_cfg_small_vdd.csv,1.1,False,VALIDATED
1522,g_chan[1].u_cdc_chr.mem[14][4]$_DFFE_PP_,clk_nand,11.91,8.3,0.0035058629280440012,11.906494137071956,setup,measured_vdd,orfs_ssd_ctrl_cfg_small,measured_droop/orfs_ssd_ctrl_cfg_small_vdd.csv,1.1,False,VALIDATED
1524,g_chan[1].u_cdc_chr.mem[0][27]$_DFFE_PP_,clk_nand,11.91,8.3,0.0035052525518489697,11.906494747448152,setup,measured_vdd,orfs_ssd_ctrl_cfg_small,measured_droop/orfs_ssd_ctrl_cfg_small_vdd.csv,1.1,False,VALIDATED
1529,g_chan[1].u_cdc_chr.mem[5][27]$_DFFE_PP_,clk_nand,11.91,8.3,0.0035052525518489697,11.906494747448152,setup,measured_vdd,orfs_ssd_ctrl_cfg_small,measured_droop/orfs_ssd_ctrl_cfg_small_vdd.csv,1.1,False,VALIDATED
1536,g_chan[1].u_cdc_chr.mem[7][27]$_DFFE_PP_,clk_nand,11.91,8.3,0.0035052525518489697,11.906494747448152,setup,measured_vdd,orfs_ssd_ctrl_cfg_small,measured_droop/orfs_ssd_ctrl_cfg_small_vdd.csv,1.1,False,VALIDATED
1540,g_chan[1].u_cdc_chr.mem[4][27]$_DFFE_PP_,clk_nand,11.91,8.3,0.0035052525518489697,11.906494747448152,setup,measured_vdd,orfs_ssd_ctrl_cfg_small,measured_droop/orfs_ssd_ctrl_cfg_small_vdd.csv,1.1,False,VALIDATED
1530,g_chan[1].u_cdc_chr.mem[8][27]$_DFFE_PP_,clk_nand,11.91,8.3,0.0035052525518489697,11.906494747448152,setup,measured_vdd,orfs_ssd_ctrl_cfg_small,measured_droop/orfs_ssd_ctrl_cfg_small_vdd.csv,1.1,False,VALIDATED
1532,g_chan[1].u_cdc_chr.mem[10][27]$_DFFE_PP_,clk_nand,11.91,8.3,0.0035052525518489697,11.906494747448152,setup,measured_vdd,orfs_ssd_ctrl_cfg_small,measured_droop/orfs_ssd_ctrl_cfg_small_vdd.csv,1.1,False,VALIDATED
1586,g_chan[1].u_cdc_chr.mem[2][10]$_DFFE_PP_,clk_nand,11.91,8.3,0.003475535485522263,11.906524464514478,setup,measured_vdd,orfs_ssd_ctrl_cfg_small,measured_droop/orfs_ssd_ctrl_cfg_small_vdd.csv,1.1,False,VALIDATED
1520,g_chan[1].u_cdc_chr.mem[12][4]$_DFFE_PP_,clk_nand,11.91,8.3,0.0034661675311586926,11.906533832468842,setup,measured_vdd,orfs_ssd_ctrl_cfg_small,measured_droop/orfs_ssd_ctrl_cfg_small_vdd.csv,1.1,False,VALIDATED
1556,g_chan[1].u_cdc_chr.mem[14][7]$_DFFE_PP_,clk_nand,11.91,8.3,0.0034570021492597025,11.90654299785074,setup,measured_vdd,orfs_ssd_ctrl_cfg_small,measured_droop/orfs_ssd_ctrl_cfg_small_vdd.csv,1.1,False,VALIDATED
1548,g_chan[1].u_cdc_chr.mem[7][7]$_DFFE_PP_,clk_nand,11.91,8.3,0.0034570021492597025,11.90654299785074,setup,measured_vdd,orfs_ssd_ctrl_cfg_small,measured_droop/orfs_ssd_ctrl_cfg_small_vdd.csv,1.1,False,VALIDATED
1561,g_chan[1].u_cdc_chr.mem[6][7]$_DFFE_PP_,clk_nand,11.91,8.3,0.0033214587415353325,11.906678541258465,setup,measured_vdd,orfs_ssd_ctrl_cfg_small,measured_droop/orfs_ssd_ctrl_cfg_small_vdd.csv,1.1,False,VALIDATED
1568,g_chan[1].u_cdc_chr.mem[10][7]$_DFFE_PP_,clk_nand,11.91,8.3,0.0033214587415353325,11.906678541258465,setup,measured_vdd,orfs_ssd_ctrl_cfg_small,measured_droop/orfs_ssd_ctrl_cfg_small_vdd.csv,1.1,False,VALIDATED
1567,g_chan[1].u_cdc_chr.mem[11][7]$_DFFE_PP_,clk_nand,11.91,8.3,0.0033214587415353325,11.906678541258465,setup,measured_vdd,orfs_ssd_ctrl_cfg_small,measured_droop/orfs_ssd_ctrl_cfg_small_vdd.csv,1.1,False,VALIDATED
1576,g_chan[1].u_cdc_chr.mem[9][7]$_DFFE_PP_,clk_nand,11.91,8.3,0.0033214587415353325,11.906678541258465,setup,measured_vdd,orfs_ssd_ctrl_cfg_small,measured_droop/orfs_ssd_ctrl_cfg_small_vdd.csv,1.1,False,VALIDATED
1547,g_chan[1].u_cdc_chr.mem[13][7]$_DFFE_PP_,clk_nand,11.91,8.3,0.003278949943470666,11.906721050056529,setup,measured_vdd,orfs_ssd_ctrl_cfg_small,measured_droop/orfs_ssd_ctrl_cfg_small_vdd.csv,1.1,False,VALIDATED
1528,g_chan[1].u_cdc_chr.mem[12][7]$_DFFE_PP_,clk_nand,11.91,8.3,0.003141434440507296,11.906858565559492,setup,measured_vdd,orfs_ssd_ctrl_cfg_small,measured_droop/orfs_ssd_ctrl_cfg_small_vdd.csv,1.1,False,VALIDATED
1559,g_chan[1].u_cdc_chr.mem[5][7]$_DFFE_PP_,clk_nand,11.91,8.3,0.003005891032782926,11.906994108967217,setup,measured_vdd,orfs_ssd_ctrl_cfg_small,measured_droop/orfs_ssd_ctrl_cfg_small_vdd.csv,1.1,False,VALIDATED
1565,g_chan[1].u_cdc_chr.mem[1][7]$_DFFE_PP_,clk_nand,11.91,8.3,0.0029827561413324766,11.907017243858668,setup,measured_vdd,orfs_ssd_ctrl_cfg_small,measured_droop/orfs_ssd_ctrl_cfg_small_vdd.csv,1.1,False,VALIDATED
1549,g_chan[1].u_cdc_chr.mem[4][7]$_DFFE_PP_,clk_nand,11.91,8.3,0.0029827561413324766,11.907017243858668,setup,measured_vdd,orfs_ssd_ctrl_cfg_small,measured_droop/orfs_ssd_ctrl_cfg_small_vdd.csv,1.1,False,VALIDATED
1554,g_chan[1].u_cdc_chr.mem[3][7]$_DFFE_PP_,clk_nand,11.91,8.3,0.0029827561413324766,11.907017243858668,setup,measured_vdd,orfs_ssd_ctrl_cfg_small,measured_droop/orfs_ssd_ctrl_cfg_small_vdd.csv,1.1,False,VALIDATED
1562,g_chan[1].u_cdc_chr.mem[2][7]$_DFFE_PP_,clk_nand,11.91,8.3,0.0029827561413324766,11.907017243858668,setup,measured_vdd,orfs_ssd_ctrl_cfg_small,measured_droop/orfs_ssd_ctrl_cfg_small_vdd.csv,1.1,False,VALIDATED
1539,g_chan[1].u_cdc_chr.mem[0][7]$_DFFE_PP_,clk_nand,11.91,8.3,0.0029827561413324766,11.907017243858668,setup,measured_vdd,orfs_ssd_ctrl_cfg_small,measured_droop/orfs_ssd_ctrl_cfg_small_vdd.csv,1.1,False,VALIDATED
1574,g_chan[1].u_cdc_chr.mem[6][28]$_DFFE_PP_,clk_nand,11.91,8.28,0.0028588214094135145,11.907141178590587,setup,measured_vdd,orfs_ssd_ctrl_cfg_small,measured_droop/orfs_ssd_ctrl_cfg_small_vdd.csv,1.1,False,VALIDATED
1575,g_chan[1].u_cdc_chr.mem[10][28]$_DFFE_PP_,clk_nand,11.91,8.28,0.0028588214094135145,11.907141178590587,setup,measured_vdd,orfs_ssd_ctrl_cfg_small,measured_droop/orfs_ssd_ctrl_cfg_small_vdd.csv,1.1,False,VALIDATED
1573,g_chan[1].u_cdc_chr.mem[8][28]$_DFFE_PP_,clk_nand,11.91,8.28,0.0028588214094135145,11.907141178590587,setup,measured_vdd,orfs_ssd_ctrl_cfg_small,measured_droop/orfs_ssd_ctrl_cfg_small_vdd.csv,1.1,False,VALIDATED
1551,g_chan[1].u_cdc_chr.mem[11][28]$_DFFE_PP_,clk_nand,11.91,8.28,0.0028588214094135145,11.907141178590587,setup,measured_vdd,orfs_ssd_ctrl_cfg_small,measured_droop/orfs_ssd_ctrl_cfg_small_vdd.csv,1.1,False,VALIDATED
1571,g_chan[1].u_cdc_chr.mem[9][28]$_DFFE_PP_,clk_nand,11.91,8.28,0.0028588214094135145,11.907141178590587,setup,measured_vdd,orfs_ssd_ctrl_cfg_small,measured_droop/orfs_ssd_ctrl_cfg_small_vdd.csv,1.1,False,VALIDATED
1570,g_chan[1].u_cdc_chr.mem[7][28]$_DFFE_PP_,clk_nand,11.91,8.28,0.0028588214094135145,11.907141178590587,setup,measured_vdd,orfs_ssd_ctrl_cfg_small,measured_droop/orfs_ssd_ctrl_cfg_small_vdd.csv,1.1,False,VALIDATED
1557,g_chan[1].u_cdc_chr.mem[1][28]$_DFFE_PP_,clk_nand,11.91,8.28,0.0028588214094135145,11.907141178590587,setup,measured_vdd,orfs_ssd_ctrl_cfg_small,measured_droop/orfs_ssd_ctrl_cfg_small_vdd.csv,1.1,False,VALIDATED
1563,g_chan[1].u_cdc_chr.mem[0][28]$_DFFE_PP_,clk_nand,11.91,8.28,0.0028588214094135145,11.907141178590587,setup,measured_vdd,orfs_ssd_ctrl_cfg_small,measured_droop/orfs_ssd_ctrl_cfg_small_vdd.csv,1.1,False,VALIDATED
1596,g_chan[1].u_cdc_chr.mem[9][10]$_DFFE_PP_,clk_nand,11.92,8.3,0.003662662291820884,11.916337337708178,setup,measured_vdd,orfs_ssd_ctrl_cfg_small,measured_droop/orfs_ssd_ctrl_cfg_small_vdd.csv,1.1,False,VALIDATED
1600,g_chan[1].u_cdc_chr.mem[8][10]$_DFFE_PP_,clk_nand,11.92,8.3,0.003662000842471702,11.916337999157529,setup,measured_vdd,orfs_ssd_ctrl_cfg_small,measured_droop/orfs_ssd_ctrl_cfg_small_vdd.csv,1.1,False,VALIDATED
1587,g_chan[1].u_cdc_chr.mem[2][15]$_DFFE_PP_,clk_nand,11.92,8.3,0.003591227152649923,11.91640877284735,setup,measured_vdd,orfs_ssd_ctrl_cfg_small,measured_droop/orfs_ssd_ctrl_cfg_small_vdd.csv,1.1,False,VALIDATED
1599,g_chan[1].u_cdc_chr.mem[4][15]$_DFFE_PP_,clk_nand,11.92,8.3,0.003591227152649923,11.91640877284735,setup,measured_vdd,orfs_ssd_ctrl_cfg_small,measured_droop/orfs_ssd_ctrl_cfg_small_vdd.csv,1.1,False,VALIDATED
1588,g_chan[1].u_cdc_chr.mem[12][15]$_DFFE_PP_,clk_nand,11.92,8.3,0.003591227152649923,11.91640877284735,setup,measured_vdd,orfs_ssd_ctrl_cfg_small,measured_droop/orfs_ssd_ctrl_cfg_small_vdd.csv,1.1,False,VALIDATED
1595,g_chan[1].u_cdc_chr.mem[6][15]$_DFFE_PP_,clk_nand,11.92,8.3,0.003591227152649923,11.91640877284735,setup,measured_vdd,orfs_ssd_ctrl_cfg_small,measured_droop/orfs_ssd_ctrl_cfg_small_vdd.csv,1.1,False,VALIDATED
1593,g_chan[1].u_cdc_chr.mem[5][10]$_DFFE_PP_,clk_nand,11.92,8.3,0.0035436269923785346,11.916456373007621,setup,measured_vdd,orfs_ssd_ctrl_cfg_small,measured_droop/orfs_ssd_ctrl_cfg_small_vdd.csv,1.1,False,VALIDATED
1592,g_chan[1].u_cdc_chr.mem[15][10]$_DFFE_PP_,clk_nand,11.92,8.3,0.003475535485522263,11.916524464514477,setup,measured_vdd,orfs_ssd_ctrl_cfg_small,measured_droop/orfs_ssd_ctrl_cfg_small_vdd.csv,1.1,False,VALIDATED
1591,g_chan[1].u_cdc_chr.mem[12][10]$_DFFE_PP_,clk_nand,11.92,8.3,0.003475535485522263,11.916524464514477,setup,measured_vdd,orfs_ssd_ctrl_cfg_small,measured_droop/orfs_ssd_ctrl_cfg_small_vdd.csv,1.1,False,VALIDATED
1594,g_chan[1].u_cdc_chr.mem[4][10]$_DFFE_PP_,clk_nand,11.92,8.3,0.003475535485522263,11.916524464514477,setup,measured_vdd,orfs_ssd_ctrl_cfg_small,measured_droop/orfs_ssd_ctrl_cfg_small_vdd.csv,1.1,False,VALIDATED
1589,g_chan[1].u_cdc_chr.mem[0][10]$_DFFE_PP_,clk_nand,11.92,8.3,0.003475535485522263,11.916524464514477,setup,measured_vdd,orfs_ssd_ctrl_cfg_small,measured_droop/orfs_ssd_ctrl_cfg_small_vdd.csv,1.1,False,VALIDATED
1590,g_chan[1].u_cdc_chr.mem[1][10]$_DFFE_PP_,clk_nand,11.92,8.3,0.003475535485522263,11.916524464514477,setup,measured_vdd,orfs_ssd_ctrl_cfg_small,measured_droop/orfs_ssd_ctrl_cfg_small_vdd.csv,1.1,False,VALIDATED
1598,g_chan[1].u_cdc_chr.mem[13][10]$_DFFE_PP_,clk_nand,11.92,8.3,0.003475535485522263,11.916524464514477,setup,measured_vdd,orfs_ssd_ctrl_cfg_small,measured_droop/orfs_ssd_ctrl_cfg_small_vdd.csv,1.1,False,VALIDATED
1597,g_chan[1].u_cdc_chr.mem[7][10]$_DFFE_PP_,clk_nand,11.92,8.3,0.003475535485522263,11.916524464514477,setup,measured_vdd,orfs_ssd_ctrl_cfg_small,measured_droop/orfs_ssd_ctrl_cfg_small_vdd.csv,1.1,False,VALIDATED
