path_id,endpoint,slack_ns,expected_penalty_ns,expected_effective_slack_ns,provenance,weight_source
400,_44521_,2.1,0.0030134981342758993,2.0969865018657243,VALIDATED,activity.csv (mission_weight)
401,g_clkgate.u_cg_core.en_latched$_DLATCH_N_,2.15,0.000850379101571215,2.1491496208984286,VALIDATED,activity.csv (mission_weight)
402,c_cmd_addr[30]$_DFFE_PN0N_,3.76,0.001595323453484565,3.7584046765465153,VALIDATED,activity.csv (mission_weight)
403,c_cmd_len[9]$_DFFE_PN0N_,3.77,0.0016607343590845924,3.7683392656409156,VALIDATED,activity.csv (mission_weight)
404,c_cmd_addr[27]$_DFFE_PN0N_,3.78,0.0016034475891374966,3.7783965524108623,VALIDATED,activity.csv (mission_weight)
405,c_cmd_addr[28]$_DFFE_PN0N_,3.78,0.0015828575130576727,3.778417142486942,VALIDATED,activity.csv (mission_weight)
407,c_cmd_len[7]$_DFFE_PN0N_,3.8,0.0016542837234858193,3.798345716276514,VALIDATED,activity.csv (mission_weight)
406,c_cmd_addr[29]$_DFFE_PN0N_,3.8,0.0015104426687969907,3.798489557331203,VALIDATED,activity.csv (mission_weight)
408,c_cmd_len[11]$_DFFE_PN0N_,3.81,0.0015819050164287557,3.8084180949835713,VALIDATED,activity.csv (mission_weight)
410,c_cmd_len[23]$_DFFE_PN0N_,3.84,0.0015812756293033107,3.8384187243706966,VALIDATED,activity.csv (mission_weight)
413,c_cmd_len[18]$_DFFE_PN0N_,3.84,0.0015750594366173293,3.8384249405633826,VALIDATED,activity.csv (mission_weight)
409,c_cmd_len[16]$_DFFE_PN0N_,3.84,0.00156270914980261,3.838437290850197,VALIDATED,activity.csv (mission_weight)
412,c_cmd_addr[21]$_DFFE_PN0N_,3.84,0.001506267235754491,3.8384937327642454,VALIDATED,activity.csv (mission_weight)
411,u_dma_fabric.rbeat_data[12]$_DFFE_PN0P_,3.84,0.001290955015369244,3.838709044984631,VALIDATED,activity.csv (mission_weight)
443,u_dma_fabric.rbeat_data[30]$_DFFE_PN0P_,3.85,0.0017842492357595802,3.8482157507642407,VALIDATED,activity.csv (mission_weight)
419,c_cmd_len[4]$_DFFE_PN0N_,3.85,0.0016312714998565209,3.8483687285001436,VALIDATED,activity.csv (mission_weight)
450,c_cmd_opcode[6]$_DFFE_PN0N_,3.85,0.0016138948356985842,3.8483861051643014,VALIDATED,activity.csv (mission_weight)
415,c_cmd_len[10]$_DFFE_PN0N_,3.85,0.0016103642117211991,3.848389635788279,VALIDATED,activity.csv (mission_weight)
414,c_cmd_len[22]$_DFFE_PN0N_,3.85,0.0015871084225163035,3.8484128915774836,VALIDATED,activity.csv (mission_weight)
447,c_cmd_addr[9]$_DFFE_PN0N_,3.85,0.0015389459706938308,3.8484610540293063,VALIDATED,activity.csv (mission_weight)
436,c_cmd_addr[31]$_DFFE_PN0N_,3.85,0.0014569571650710628,3.848543042834929,VALIDATED,activity.csv (mission_weight)
417,u_dma_fabric.rbeat_data[17]$_DFFE_PN0P_,3.85,0.001391414809621766,3.8486085851903784,VALIDATED,activity.csv (mission_weight)
428,u_dma_fabric.rbeat_data[13]$_DFFE_PN0P_,3.85,0.0013792109019610532,3.848620789098039,VALIDATED,activity.csv (mission_weight)
416,u_dma_fabric.rbeat_data[10]$_DFFE_PN0P_,3.85,0.0013230214213523356,3.8486769785786477,VALIDATED,activity.csv (mission_weight)
449,g_chan[0].u_cdc_chw.mem[6][14]$_DFFE_PP_,3.85,0.0012905092938684387,3.8487094907061317,VALIDATED,activity.csv (mission_weight)
438,g_chan[0].u_cdc_chw.mem[10][14]$_DFFE_PP_,3.85,0.001289091623931024,3.848710908376069,VALIDATED,activity.csv (mission_weight)
437,g_chan[0].u_cdc_chw.mem[11][14]$_DFFE_PP_,3.85,0.001289091623931024,3.848710908376069,VALIDATED,activity.csv (mission_weight)
440,g_chan[0].u_cdc_chw.mem[15][14]$_DFFE_PP_,3.85,0.0012726518878655169,3.8487273481121345,VALIDATED,activity.csv (mission_weight)
441,g_chan[0].u_cdc_chw.mem[14][14]$_DFFE_PP_,3.85,0.0012726518878655169,3.8487273481121345,VALIDATED,activity.csv (mission_weight)
448,g_chan[0].u_cdc_chw.mem[5][14]$_DFFE_PP_,3.85,0.0012701030616044107,3.8487298969383956,VALIDATED,activity.csv (mission_weight)
444,g_chan[1].u_cdc_chw.mem[0][14]$_DFFE_PP_,3.85,0.0012675995975965357,3.8487324004024037,VALIDATED,activity.csv (mission_weight)
445,g_chan[0].u_cdc_chw.mem[9][14]$_DFFE_PP_,3.85,0.001257629821737424,3.848742370178263,VALIDATED,activity.csv (mission_weight)
442,g_chan[0].u_cdc_chw.mem[13][14]$_DFFE_PP_,3.85,0.001257629821737424,3.848742370178263,VALIDATED,activity.csv (mission_weight)
446,g_chan[0].u_cdc_chw.mem[8][14]$_DFFE_PP_,3.85,0.0012536633255389035,3.848746336674461,VALIDATED,activity.csv (mission_weight)
439,g_chan[0].u_cdc_chw.mem[4][14]$_DFFE_PP_,3.85,0.0012496968293403826,3.8487503031706596,VALIDATED,activity.csv (mission_weight)
431,g_chan[0].u_cdc_chw.mem[15][31]$_DFFE_PP_,3.85,0.0012444655995783314,3.848755534400422,VALIDATED,activity.csv (mission_weight)
418,g_chan[0].u_cdc_chw.mem[0][31]$_DFFE_PP_,3.85,0.001230370922156998,3.848769629077843,VALIDATED,activity.csv (mission_weight)
422,g_chan[0].u_cdc_chw.mem[8][31]$_DFFE_PP_,3.85,0.0012293433863427156,3.8487706566136572,VALIDATED,activity.csv (mission_weight)
432,g_chan[0].u_cdc_chw.mem[2][31]$_DFFE_PP_,3.85,0.0012293433863427156,3.8487706566136572,VALIDATED,activity.csv (mission_weight)
425,g_chan[0].u_cdc_chw.mem[7][31]$_DFFE_PP_,3.85,0.0012293433863427156,3.8487706566136572,VALIDATED,activity.csv (mission_weight)
430,g_chan[0].u_cdc_chw.mem[6][31]$_DFFE_PP_,3.85,0.0012293433863427156,3.8487706566136572,VALIDATED,activity.csv (mission_weight)
424,g_chan[0].u_cdc_chw.mem[4][31]$_DFFE_PP_,3.85,0.0012293433863427156,3.8487706566136572,VALIDATED,activity.csv (mission_weight)
435,g_chan[0].u_cdc_chw.mem[12][31]$_DFFE_PP_,3.85,0.0012293433863427156,3.8487706566136572,VALIDATED,activity.csv (mission_weight)
426,g_chan[0].u_cdc_chw.mem[5][31]$_DFFE_PP_,3.85,0.0012293433863427156,3.8487706566136572,VALIDATED,activity.csv (mission_weight)
427,g_chan[0].u_cdc_chw.mem[9][31]$_DFFE_PP_,3.85,0.0012293433863427156,3.8487706566136572,VALIDATED,activity.csv (mission_weight)
429,g_chan[0].u_cdc_chw.mem[13][31]$_DFFE_PP_,3.85,0.0012293433863427156,3.8487706566136572,VALIDATED,activity.csv (mission_weight)
423,g_chan[0].u_cdc_chw.mem[10][31]$_DFFE_PP_,3.85,0.0012293433863427156,3.8487706566136572,VALIDATED,activity.csv (mission_weight)
421,g_chan[0].u_cdc_chw.mem[11][31]$_DFFE_PP_,3.85,0.0012293433863427156,3.8487706566136572,VALIDATED,activity.csv (mission_weight)
433,g_chan[0].u_cdc_chw.mem[3][31]$_DFFE_PP_,3.85,0.0012293433863427156,3.8487706566136572,VALIDATED,activity.csv (mission_weight)
434,g_chan[0].u_cdc_chw.mem[14][31]$_DFFE_PP_,3.85,0.0012293433863427156,3.8487706566136572,VALIDATED,activity.csv (mission_weight)
420,g_chan[0].u_cdc_chw.mem[1][31]$_DFFE_PP_,3.85,0.0012263779826504893,3.8487736220173496,VALIDATED,activity.csv (mission_weight)
469,u_dma_fabric.rbeat_data[29]$_DFFE_PN0P_,3.86,0.001848528475919986,3.8581514715240797,VALIDATED,activity.csv (mission_weight)
467,c_cmd_addr[8]$_DFFE_PN0N_,3.86,0.0015942615607722338,3.858405738439228,VALIDATED,activity.csv (mission_weight)
470,c_cmd_addr[2]$_DFFE_PN0N_,3.86,0.0015942615607722338,3.858405738439228,VALIDATED,activity.csv (mission_weight)
461,c_cmd_addr[6]$_DFFE_PN0N_,3.86,0.0015537133070566006,3.8584462866929434,VALIDATED,activity.csv (mission_weight)
472,c_cmd_addr[7]$_DFFE_PN0N_,3.86,0.0015531452274736707,3.8584468547725264,VALIDATED,activity.csv (mission_weight)
497,u_dma_fabric.rbeat_data[18]$_DFFE_PN0P_,3.86,0.0015421541840511114,3.858457845815949,VALIDATED,activity.csv (mission_weight)
457,c_cmd_addr[11]$_DFFE_PN0N_,3.86,0.0015231491955766119,3.8584768508044234,VALIDATED,activity.csv (mission_weight)
474,c_cmd_addr[10]$_DFFE_PN0N_,3.86,0.0015198449304833356,3.8584801550695165,VALIDATED,activity.csv (mission_weight)
498,c_cmd_len[28]$_DFFE_PN0N_,3.86,0.0014618350573699923,3.85853816494263,VALIDATED,activity.csv (mission_weight)
468,u_dma_fabric.rbeat_data[16]$_DFFE_PN0P_,3.86,0.0013323003181466978,3.858667699681853,VALIDATED,activity.csv (mission_weight)
451,u_dma_fabric.rbeat_data[19]$_DFFE_PN0P_,3.86,0.0013060319348432298,3.8586939680651566,VALIDATED,activity.csv (mission_weight)
454,g_chan[0].u_cdc_chw.mem[2][14]$_DFFE_PP_,3.86,0.0012905092938684387,3.8587094907061315,VALIDATED,activity.csv (mission_weight)
452,g_chan[0].u_cdc_chw.mem[7][14]$_DFFE_PP_,3.86,0.0012905092938684387,3.8587094907061315,VALIDATED,activity.csv (mission_weight)
456,g_chan[0].u_cdc_chw.mem[3][14]$_DFFE_PP_,3.86,0.0012905092938684387,3.8587094907061315,VALIDATED,activity.csv (mission_weight)
480,g_chan[1].u_cdc_chw.mem[6][14]$_DFFE_PP_,3.86,0.001281682667882228,3.8587183173321176,VALIDATED,activity.csv (mission_weight)
481,g_chan[1].u_cdc_chw.mem[3][14]$_DFFE_PP_,3.86,0.001281682667882228,3.8587183173321176,VALIDATED,activity.csv (mission_weight)
477,g_chan[1].u_cdc_chw.mem[5][14]$_DFFE_PP_,3.86,0.001281682667882228,3.8587183173321176,VALIDATED,activity.csv (mission_weight)
487,g_chan[1].u_cdc_chw.mem[4][14]$_DFFE_PP_,3.86,0.001281682667882228,3.8587183173321176,VALIDATED,activity.csv (mission_weight)
475,g_chan[1].u_cdc_chw.mem[2][14]$_DFFE_PP_,3.86,0.001281682667882228,3.8587183173321176,VALIDATED,activity.csv (mission_weight)
489,g_chan[1].u_cdc_chw.mem[7][14]$_DFFE_PP_,3.86,0.001281682667882228,3.8587183173321176,VALIDATED,activity.csv (mission_weight)
459,g_chan[1].u_cdc_chw.mem[1][14]$_DFFE_PP_,3.86,0.001267543281432873,3.858732456718567,VALIDATED,activity.csv (mission_weight)
462,g_chan[0].u_cdc_chw.mem[12][14]$_DFFE_PP_,3.86,0.0012566090907960847,3.8587433909092037,VALIDATED,activity.csv (mission_weight)
458,g_chan[0].u_cdc_chw.mem[0][14]$_DFFE_PP_,3.86,0.0012496968293403826,3.8587503031706594,VALIDATED,activity.csv (mission_weight)
453,g_chan[0].u_cdc_chw.mem[1][14]$_DFFE_PP_,3.86,0.0012496968293403826,3.8587503031706594,VALIDATED,activity.csv (mission_weight)
463,g_chan[0].u_cdc_chw.mem[13][17]$_DFFE_PP_,3.86,0.0012452077508428305,3.858754792249157,VALIDATED,activity.csv (mission_weight)
465,g_chan[0].u_cdc_chw.mem[10][17]$_DFFE_PP_,3.86,0.0012452077508428305,3.858754792249157,VALIDATED,activity.csv (mission_weight)
464,g_chan[0].u_cdc_chw.mem[11][17]$_DFFE_PP_,3.86,0.0012452077508428305,3.858754792249157,VALIDATED,activity.csv (mission_weight)
471,g_chan[0].u_cdc_chw.mem[14][17]$_DFFE_PP_,3.86,0.0012452077508428305,3.858754792249157,VALIDATED,activity.csv (mission_weight)
460,g_chan[0].u_cdc_chw.mem[15][17]$_DFFE_PP_,3.86,0.0012452077508428305,3.858754792249157,VALIDATED,activity.csv (mission_weight)
466,g_chan[0].u_cdc_chw.mem[12][17]$_DFFE_PP_,3.86,0.0012452077508428305,3.858754792249157,VALIDATED,activity.csv (mission_weight)
485,g_chan[0].u_cdc_chw.mem[0][17]$_DFFE_PP_,3.86,0.001223422905563043,3.858776577094437,VALIDATED,activity.csv (mission_weight)
483,g_chan[0].u_cdc_chw.mem[1][17]$_DFFE_PP_,3.86,0.001223422905563043,3.858776577094437,VALIDATED,activity.csv (mission_weight)
479,g_chan[0].u_cdc_chw.mem[5][17]$_DFFE_PP_,3.86,0.001223422905563043,3.858776577094437,VALIDATED,activity.csv (mission_weight)
494,g_chan[0].u_cdc_chw.mem[2][17]$_DFFE_PP_,3.86,0.001223422905563043,3.858776577094437,VALIDATED,activity.csv (mission_weight)
496,g_chan[0].u_cdc_chw.mem[3][17]$_DFFE_PP_,3.86,0.001223422905563043,3.858776577094437,VALIDATED,activity.csv (mission_weight)
488,g_chan[0].u_cdc_chw.mem[7][17]$_DFFE_PP_,3.86,0.001223422905563043,3.858776577094437,VALIDATED,activity.csv (mission_weight)
492,g_chan[0].u_cdc_chw.mem[6][17]$_DFFE_PP_,3.86,0.001223422905563043,3.858776577094437,VALIDATED,activity.csv (mission_weight)
473,g_chan[1].u_cdc_chw.mem[1][31]$_DFFE_PP_,3.86,0.001218690044296658,3.8587813099557033,VALIDATED,activity.csv (mission_weight)
476,g_chan[1].u_cdc_chw.mem[0][31]$_DFFE_PP_,3.86,0.001218690044296658,3.8587813099557033,VALIDATED,activity.csv (mission_weight)
482,g_chan[1].u_cdc_chw.mem[3][31]$_DFFE_PP_,3.86,0.001218690044296658,3.8587813099557033,VALIDATED,activity.csv (mission_weight)
486,g_chan[1].u_cdc_chw.mem[2][31]$_DFFE_PP_,3.86,0.001218690044296658,3.8587813099557033,VALIDATED,activity.csv (mission_weight)
495,g_chan[0].u_cdc_chw.mem[9][17]$_DFFE_PP_,3.86,0.001217176465541106,3.8587828235344586,VALIDATED,activity.csv (mission_weight)
478,g_chan[0].u_cdc_chw.mem[4][17]$_DFFE_PP_,3.86,0.001217176465541106,3.8587828235344586,VALIDATED,activity.csv (mission_weight)
490,g_chan[0].u_cdc_chw.mem[8][17]$_DFFE_PP_,3.86,0.001217176465541106,3.8587828235344586,VALIDATED,activity.csv (mission_weight)
455,g_chan[1].u_cdc_chw.mem[7][31]$_DFFE_PP_,3.86,0.0012095135177113553,3.8587904864822886,VALIDATED,activity.csv (mission_weight)
484,g_chan[1].u_cdc_chw.mem[6][31]$_DFFE_PP_,3.86,0.0012015750098112593,3.8587984249901885,VALIDATED,activity.csv (mission_weight)
491,g_chan[1].u_cdc_chw.mem[5][31]$_DFFE_PP_,3.86,0.0011975225786945431,3.8588024774213054,VALIDATED,activity.csv (mission_weight)
493,g_chan[1].u_cdc_chw.mem[4][31]$_DFFE_PP_,3.86,0.0011975225786945431,3.8588024774213054,VALIDATED,activity.csv (mission_weight)
499,c_cmd_len[5]$_DFFE_PN0N_,3.87,0.0016261821437790203,3.868373817856221,VALIDATED,activity.csv (mission_weight)
500,u_dma_fabric.rbeat_data[20]$_DFFE_PN0P_,3.87,0.0015884476669863062,3.8684115523330136,VALIDATED,activity.csv (mission_weight)
501,c_cmd_addr[26]$_DFFE_PN0N_,3.87,0.0015151251235320518,3.868484874876468,VALIDATED,activity.csv (mission_weight)
503,g_chan[1].u_cdc_chw.mem[2][17]$_DFFE_PP_,3.87,0.0012485985072887699,3.868751401492711,VALIDATED,activity.csv (mission_weight)
505,g_chan[1].u_cdc_chw.mem[3][17]$_DFFE_PP_,3.87,0.0012423892324493618,3.8687576107675508,VALIDATED,activity.csv (mission_weight)
504,g_chan[1].u_cdc_chw.mem[0][17]$_DFFE_PP_,3.87,0.0012361799576099536,3.86876382004239,VALIDATED,activity.csv (mission_weight)
502,g_chan[1].u_cdc_chw.mem[1][17]$_DFFE_PP_,3.87,0.0012361799576099536,3.86876382004239,VALIDATED,activity.csv (mission_weight)
517,c_cmd_addr[20]$_DFFE_PN0N_,3.88,0.0015076658761539186,3.878492334123846,VALIDATED,activity.csv (mission_weight)
516,c_cmd_len[26]$_DFFE_PN0N_,3.88,0.0014447173022046622,3.8785552826977954,VALIDATED,activity.csv (mission_weight)
513,g_chan[1].u_cdc_chw.mem[12][17]$_DFFE_PP_,3.88,0.001254081637432819,3.878745918362567,VALIDATED,activity.csv (mission_weight)
510,g_chan[1].u_cdc_chw.mem[13][17]$_DFFE_PP_,3.88,0.001254081637432819,3.878745918362567,VALIDATED,activity.csv (mission_weight)
508,g_chan[1].u_cdc_chw.mem[10][17]$_DFFE_PP_,3.88,0.001245074850781333,3.8787549251492184,VALIDATED,activity.csv (mission_weight)
512,g_chan[1].u_cdc_chw.mem[6][17]$_DFFE_PP_,3.88,0.0012361799576099536,3.8787638200423897,VALIDATED,activity.csv (mission_weight)
509,g_chan[1].u_cdc_chw.mem[4][17]$_DFFE_PP_,3.88,0.0012361799576099536,3.8787638200423897,VALIDATED,activity.csv (mission_weight)
511,g_chan[1].u_cdc_chw.mem[7][17]$_DFFE_PP_,3.88,0.0012361799576099536,3.8787638200423897,VALIDATED,activity.csv (mission_weight)
507,g_chan[1].u_cdc_chw.mem[5][17]$_DFFE_PP_,3.88,0.0012361799576099536,3.8787638200423897,VALIDATED,activity.csv (mission_weight)
506,g_chan[1].u_cdc_chw.mem[11][17]$_DFFE_PP_,3.88,0.0012360680641298472,3.87876393193587,VALIDATED,activity.csv (mission_weight)
515,g_chan[1].u_cdc_chw.mem[8][17]$_DFFE_PP_,3.88,0.0012279418444947898,3.878772058155505,VALIDATED,activity.csv (mission_weight)
514,g_chan[1].u_cdc_chw.mem[9][17]$_DFFE_PP_,3.88,0.0012279418444947898,3.878772058155505,VALIDATED,activity.csv (mission_weight)
518,c_cmd_addr[23]$_DFFE_PN0N_,3.89,0.0015732667743762194,3.8884267332256237,VALIDATED,activity.csv (mission_weight)
519,c_cmd_len[20]$_DFFE_PN0N_,3.89,0.0015555827201725048,3.888444417279828,VALIDATED,activity.csv (mission_weight)
520,c_cmd_len[14]$_DFFE_PN0N_,3.9,0.001556640091258346,3.8984433599087414,VALIDATED,activity.csv (mission_weight)
521,c_cmd_len[21]$_DFFE_PN0N_,3.9,0.0014997474971400887,3.89850025250286,VALIDATED,activity.csv (mission_weight)
523,c_cmd_len[31]$_DFFE_PN0N_,3.9,0.0014826105629194425,3.8985173894370804,VALIDATED,activity.csv (mission_weight)
522,c_cmd_len[29]$_DFFE_PN0N_,3.9,0.0014263530382061657,3.8985736469617938,VALIDATED,activity.csv (mission_weight)
525,c_cmd_len[13]$_DFFE_PN0N_,3.91,0.001602488437289079,3.908397511562711,VALIDATED,activity.csv (mission_weight)
526,c_cmd_len[2]$_DFFE_PN0N_,3.91,0.001522528340432025,3.9084774716595683,VALIDATED,activity.csv (mission_weight)
524,c_cmd_len[27]$_DFFE_PN0N_,3.91,0.0014508511522220158,3.908549148847778,VALIDATED,activity.csv (mission_weight)
528,c_cmd_len[8]$_DFFE_PN0N_,3.92,0.001561482746395587,3.9184385172536045,VALIDATED,activity.csv (mission_weight)
527,c_cmd_len[30]$_DFFE_PN0N_,3.92,0.0014602010738222204,3.9185397989261777,VALIDATED,activity.csv (mission_weight)
543,c_cmd_addr[5]$_DFFE_PN0N_,3.93,0.0014585751735913116,3.928541424826409,VALIDATED,activity.csv (mission_weight)
542,g_chan[0].u_cdc_chw.mem[14][25]$_DFFE_PP_,3.93,0.0011763589931490096,3.928823641006851,VALIDATED,activity.csv (mission_weight)
530,g_chan[0].u_cdc_chw.mem[8][25]$_DFFE_PP_,3.93,0.0011763589931490096,3.928823641006851,VALIDATED,activity.csv (mission_weight)
544,g_chan[0].u_cdc_chw.mem[15][25]$_DFFE_PP_,3.93,0.0011680747748873954,3.9288319252251127,VALIDATED,activity.csv (mission_weight)
540,g_chan[0].u_cdc_chw.mem[12][25]$_DFFE_PP_,3.93,0.0011680747748873954,3.9288319252251127,VALIDATED,activity.csv (mission_weight)
539,g_chan[0].u_cdc_chw.mem[13][25]$_DFFE_PP_,3.93,0.0011680747748873954,3.9288319252251127,VALIDATED,activity.csv (mission_weight)
529,g_chan[0].u_cdc_chw.mem[9][25]$_DFFE_PP_,3.93,0.0011559733142211953,3.928844026685779,VALIDATED,activity.csv (mission_weight)
532,g_chan[0].u_cdc_chw.mem[10][25]$_DFFE_PP_,3.93,0.0011559733142211953,3.928844026685779,VALIDATED,activity.csv (mission_weight)
538,g_chan[0].u_cdc_chw.mem[11][25]$_DFFE_PP_,3.93,0.0011559733142211953,3.928844026685779,VALIDATED,activity.csv (mission_weight)
537,g_chan[0].u_cdc_chw.mem[2][25]$_DFFE_PP_,3.93,0.0011355876352933808,3.9288644123647067,VALIDATED,activity.csv (mission_weight)
536,g_chan[0].u_cdc_chw.mem[1][25]$_DFFE_PP_,3.93,0.0011355876352933808,3.9288644123647067,VALIDATED,activity.csv (mission_weight)
533,g_chan[0].u_cdc_chw.mem[5][25]$_DFFE_PP_,3.93,0.0011355876352933808,3.9288644123647067,VALIDATED,activity.csv (mission_weight)
531,g_chan[0].u_cdc_chw.mem[4][25]$_DFFE_PP_,3.93,0.0011355876352933808,3.9288644123647067,VALIDATED,activity.csv (mission_weight)
534,g_chan[0].u_cdc_chw.mem[3][25]$_DFFE_PP_,3.93,0.0011355876352933808,3.9288644123647067,VALIDATED,activity.csv (mission_weight)
535,g_chan[0].u_cdc_chw.mem[7][25]$_DFFE_PP_,3.93,0.0011355876352933808,3.9288644123647067,VALIDATED,activity.csv (mission_weight)
541,g_chan[0].u_cdc_chw.mem[0][25]$_DFFE_PP_,3.93,0.0011355876352933808,3.9288644123647067,VALIDATED,activity.csv (mission_weight)
545,c_cmd_addr[3]$_DFFE_PN0N_,3.94,0.0014483177201636136,3.9385516822798365,VALIDATED,activity.csv (mission_weight)
553,c_cmd_addr[4]$_DFFE_PN0N_,3.94,0.0014399769668453077,3.9385600230331548,VALIDATED,activity.csv (mission_weight)
569,g_chan[0].u_cdc_chw.mem[2][23]$_DFFE_PP_,3.94,0.0011736370747297137,3.9388263629252704,VALIDATED,activity.csv (mission_weight)
575,g_chan[0].u_cdc_chw.mem[5][23]$_DFFE_PP_,3.94,0.0011736370747297137,3.9388263629252704,VALIDATED,activity.csv (mission_weight)
558,g_chan[0].u_cdc_chw.mem[6][23]$_DFFE_PP_,3.94,0.0011736370747297137,3.9388263629252704,VALIDATED,activity.csv (mission_weight)
564,g_chan[0].u_cdc_chw.mem[7][23]$_DFFE_PP_,3.94,0.0011736370747297137,3.9388263629252704,VALIDATED,activity.csv (mission_weight)
574,g_chan[0].u_cdc_chw.mem[4][23]$_DFFE_PP_,3.94,0.0011736370747297137,3.9388263629252704,VALIDATED,activity.csv (mission_weight)
550,g_chan[1].u_cdc_chw.mem[13][31]$_DFFE_PP_,3.94,0.0011702369182006456,3.938829763081799,VALIDATED,activity.csv (mission_weight)
547,g_chan[1].u_cdc_chw.mem[15][31]$_DFFE_PP_,3.94,0.0011702369182006456,3.938829763081799,VALIDATED,activity.csv (mission_weight)
548,g_chan[1].u_cdc_chw.mem[12][31]$_DFFE_PP_,3.94,0.0011702369182006456,3.938829763081799,VALIDATED,activity.csv (mission_weight)
577,g_chan[1].u_cdc_chw.mem[8][31]$_DFFE_PP_,3.94,0.0011702369182006456,3.938829763081799,VALIDATED,activity.csv (mission_weight)
546,g_chan[1].u_cdc_chw.mem[10][31]$_DFFE_PP_,3.94,0.0011702369182006456,3.938829763081799,VALIDATED,activity.csv (mission_weight)
551,g_chan[1].u_cdc_chw.mem[14][31]$_DFFE_PP_,3.94,0.0011702369182006456,3.938829763081799,VALIDATED,activity.csv (mission_weight)
579,g_chan[0].u_cdc_chw.mem[8][23]$_DFFE_PP_,3.94,0.0011697553351885798,3.9388302446648114,VALIDATED,activity.csv (mission_weight)
570,g_chan[0].u_cdc_chw.mem[9][23]$_DFFE_PP_,3.94,0.0011697553351885798,3.9388302446648114,VALIDATED,activity.csv (mission_weight)
578,g_chan[0].u_cdc_chw.mem[0][23]$_DFFE_PP_,3.94,0.0011696990782329995,3.938830300921767,VALIDATED,activity.csv (mission_weight)
576,g_chan[0].u_cdc_chw.mem[1][23]$_DFFE_PP_,3.94,0.0011696990782329995,3.938830300921767,VALIDATED,activity.csv (mission_weight)
572,g_chan[0].u_cdc_chw.mem[3][23]$_DFFE_PP_,3.94,0.0011696428212774196,3.9388303571787224,VALIDATED,activity.csv (mission_weight)
549,g_chan[0].u_cdc_chw.mem[6][25]$_DFFE_PP_,3.94,0.001148160481685881,3.938851839518314,VALIDATED,activity.csv (mission_weight)
552,g_chan[0].u_cdc_chw.mem[14][24]$_DFFE_PP_,3.94,0.0011372591400276438,3.9388627408599723,VALIDATED,activity.csv (mission_weight)
560,g_chan[0].u_cdc_chw.mem[15][24]$_DFFE_PP_,3.94,0.0011312412353225443,3.9388687587646776,VALIDATED,activity.csv (mission_weight)
566,g_chan[0].u_cdc_chw.mem[6][24]$_DFFE_PP_,3.94,0.0011290479727211478,3.938870952027279,VALIDATED,activity.csv (mission_weight)
556,g_chan[0].u_cdc_chw.mem[7][24]$_DFFE_PP_,3.94,0.0011290479727211478,3.938870952027279,VALIDATED,activity.csv (mission_weight)
557,g_chan[0].u_cdc_chw.mem[0][24]$_DFFE_PP_,3.94,0.0011290479727211478,3.938870952027279,VALIDATED,activity.csv (mission_weight)
563,g_chan[0].u_cdc_chw.mem[1][24]$_DFFE_PP_,3.94,0.0011290479727211478,3.938870952027279,VALIDATED,activity.csv (mission_weight)
565,g_chan[0].u_cdc_chw.mem[5][24]$_DFFE_PP_,3.94,0.0011290479727211478,3.938870952027279,VALIDATED,activity.csv (mission_weight)
568,g_chan[0].u_cdc_chw.mem[4][24]$_DFFE_PP_,3.94,0.0011290479727211478,3.938870952027279,VALIDATED,activity.csv (mission_weight)
561,g_chan[0].u_cdc_chw.mem[10][24]$_DFFE_PP_,3.94,0.0011285418778528844,3.938871458122147,VALIDATED,activity.csv (mission_weight)
562,g_chan[0].u_cdc_chw.mem[13][24]$_DFFE_PP_,3.94,0.001128035782984621,3.9388719642170154,VALIDATED,activity.csv (mission_weight)
559,g_chan[0].u_cdc_chw.mem[3][24]$_DFFE_PP_,3.94,0.001128035782984621,3.9388719642170154,VALIDATED,activity.csv (mission_weight)
573,g_chan[0].u_cdc_chw.mem[11][24]$_DFFE_PP_,3.94,0.001128035782984621,3.9388719642170154,VALIDATED,activity.csv (mission_weight)
555,g_chan[0].u_cdc_chw.mem[2][24]$_DFFE_PP_,3.94,0.001128035782984621,3.9388719642170154,VALIDATED,activity.csv (mission_weight)
554,g_chan[0].u_cdc_chw.mem[9][24]$_DFFE_PP_,3.94,0.001128035782984621,3.9388719642170154,VALIDATED,activity.csv (mission_weight)
571,g_chan[0].u_cdc_chw.mem[8][24]$_DFFE_PP_,3.94,0.001128035782984621,3.9388719642170154,VALIDATED,activity.csv (mission_weight)
567,g_chan[0].u_cdc_chw.mem[12][24]$_DFFE_PP_,3.94,0.001128035782984621,3.9388719642170154,VALIDATED,activity.csv (mission_weight)
604,c_cmd_len[19]$_DFFE_PN0N_,3.95,0.001503881049043615,3.9484961189509566,VALIDATED,activity.csv (mission_weight)
593,c_cmd_len[24]$_DFFE_PN0N_,3.95,0.001500707466122769,3.9484992925338775,VALIDATED,activity.csv (mission_weight)
594,c_cmd_len[17]$_DFFE_PN0N_,3.95,0.0014961977437612378,3.948503802256239,VALIDATED,activity.csv (mission_weight)
592,g_chan[1].u_cdc_chw.mem[9][14]$_DFFE_PP_,3.95,0.0012224153594583423,3.948777584640542,VALIDATED,activity.csv (mission_weight)
590,g_chan[1].u_cdc_chw.mem[15][14]$_DFFE_PP_,3.95,0.0012224153594583423,3.948777584640542,VALIDATED,activity.csv (mission_weight)
589,g_chan[1].u_cdc_chw.mem[14][14]$_DFFE_PP_,3.95,0.0012129165712410905,3.9487870834287593,VALIDATED,activity.csv (mission_weight)
597,g_chan[1].u_cdc_chw.mem[13][14]$_DFFE_PP_,3.95,0.0012034177830238385,3.948796582216976,VALIDATED,activity.csv (mission_weight)
599,g_chan[1].u_cdc_chw.mem[12][14]$_DFFE_PP_,3.95,0.0012034177830238385,3.948796582216976,VALIDATED,activity.csv (mission_weight)
601,g_chan[1].u_cdc_chw.mem[1][25]$_DFFE_PP_,3.95,0.0012011902674417818,3.9487988097325584,VALIDATED,activity.csv (mission_weight)
598,g_chan[1].u_cdc_chw.mem[8][25]$_DFFE_PP_,3.95,0.0012011902674417818,3.9487988097325584,VALIDATED,activity.csv (mission_weight)
596,g_chan[1].u_cdc_chw.mem[13][25]$_DFFE_PP_,3.95,0.0012011902674417818,3.9487988097325584,VALIDATED,activity.csv (mission_weight)
602,g_chan[1].u_cdc_chw.mem[8][14]$_DFFE_PP_,3.95,0.001198949022039028,3.948801050977961,VALIDATED,activity.csv (mission_weight)
595,g_chan[1].u_cdc_chw.mem[10][14]$_DFFE_PP_,3.95,0.0011854842416895162,3.9488145157583108,VALIDATED,activity.csv (mission_weight)
603,g_chan[1].u_cdc_chw.mem[11][14]$_DFFE_PP_,3.95,0.0011854842416895162,3.9488145157583108,VALIDATED,activity.csv (mission_weight)
606,g_chan[1].u_cdc_chw.mem[6][23]$_DFFE_PP_,3.95,0.001183148972884143,3.948816851027116,VALIDATED,activity.csv (mission_weight)
600,g_chan[1].u_cdc_chw.mem[15][25]$_DFFE_PP_,3.95,0.0011812988787740508,3.948818701121226,VALIDATED,activity.csv (mission_weight)
607,g_chan[1].u_cdc_chw.mem[12][25]$_DFFE_PP_,3.95,0.0011777239300224671,3.948822276069978,VALIDATED,activity.csv (mission_weight)
605,g_chan[1].u_cdc_chw.mem[14][25]$_DFFE_PP_,3.95,0.0011777239300224671,3.948822276069978,VALIDATED,activity.csv (mission_weight)
585,g_chan[0].u_cdc_chw.mem[15][23]$_DFFE_PP_,3.95,0.0011737495886408739,3.948826250411359,VALIDATED,activity.csv (mission_weight)
586,g_chan[0].u_cdc_chw.mem[14][23]$_DFFE_PP_,3.95,0.0011737495886408739,3.948826250411359,VALIDATED,activity.csv (mission_weight)
584,g_chan[0].u_cdc_chw.mem[10][23]$_DFFE_PP_,3.95,0.0011737495886408739,3.948826250411359,VALIDATED,activity.csv (mission_weight)
587,g_chan[0].u_cdc_chw.mem[13][23]$_DFFE_PP_,3.95,0.0011737495886408739,3.948826250411359,VALIDATED,activity.csv (mission_weight)
591,g_chan[1].u_cdc_chw.mem[15][23]$_DFFE_PP_,3.95,0.001171905113716523,3.9488280948862835,VALIDATED,activity.csv (mission_weight)
588,g_chan[1].u_cdc_chw.mem[14][23]$_DFFE_PP_,3.95,0.001171905113716523,3.9488280948862835,VALIDATED,activity.csv (mission_weight)
582,g_chan[1].u_cdc_chw.mem[11][31]$_DFFE_PP_,3.95,0.0011702369182006456,3.9488297630817994,VALIDATED,activity.csv (mission_weight)
583,g_chan[1].u_cdc_chw.mem[9][31]$_DFFE_PP_,3.95,0.0011702369182006456,3.9488297630817994,VALIDATED,activity.csv (mission_weight)
580,g_chan[0].u_cdc_chw.mem[11][23]$_DFFE_PP_,3.95,0.0011697553351885798,3.9488302446648116,VALIDATED,activity.csv (mission_weight)
581,g_chan[0].u_cdc_chw.mem[12][23]$_DFFE_PP_,3.95,0.0011697553351885798,3.9488302446648116,VALIDATED,activity.csv (mission_weight)
660,u_dma_fabric.rbeat_data[8]$_DFFE_PN0P_,3.96,0.0013585479287394342,3.9586414520712605,VALIDATED,activity.csv (mission_weight)
635,g_chan[0].u_cdc_chw.mem[0][12]$_DFFE_PP_,3.96,0.0012105554919542433,3.958789444508046,VALIDATED,activity.csv (mission_weight)
638,g_chan[0].u_cdc_chw.mem[2][12]$_DFFE_PP_,3.96,0.0012105554919542433,3.958789444508046,VALIDATED,activity.csv (mission_weight)
641,g_chan[0].u_cdc_chw.mem[1][12]$_DFFE_PP_,3.96,0.0012105554919542433,3.958789444508046,VALIDATED,activity.csv (mission_weight)
636,g_chan[0].u_cdc_chw.mem[7][12]$_DFFE_PP_,3.96,0.0012105554919542433,3.958789444508046,VALIDATED,activity.csv (mission_weight)
611,g_chan[1].u_cdc_chw.mem[2][12]$_DFFE_PP_,3.96,0.0012092181745588099,3.9587907818254413,VALIDATED,activity.csv (mission_weight)
609,g_chan[1].u_cdc_chw.mem[4][12]$_DFFE_PP_,3.96,0.0012062244758541535,3.958793775524146,VALIDATED,activity.csv (mission_weight)
610,g_chan[1].u_cdc_chw.mem[7][12]$_DFFE_PP_,3.96,0.0012062244758541535,3.958793775524146,VALIDATED,activity.csv (mission_weight)
612,g_chan[1].u_cdc_chw.mem[3][12]$_DFFE_PP_,3.96,0.0012062244758541535,3.958793775524146,VALIDATED,activity.csv (mission_weight)
613,g_chan[1].u_cdc_chw.mem[5][12]$_DFFE_PP_,3.96,0.0012062244758541535,3.958793775524146,VALIDATED,activity.csv (mission_weight)
616,g_chan[1].u_cdc_chw.mem[1][12]$_DFFE_PP_,3.96,0.0012062244758541535,3.958793775524146,VALIDATED,activity.csv (mission_weight)
608,g_chan[1].u_cdc_chw.mem[6][12]$_DFFE_PP_,3.96,0.0012032307771494971,3.9587967692228503,VALIDATED,activity.csv (mission_weight)
619,g_chan[1].u_cdc_chw.mem[0][12]$_DFFE_PP_,3.96,0.0012032307771494971,3.9587967692228503,VALIDATED,activity.csv (mission_weight)
630,g_chan[0].u_cdc_chw.mem[6][12]$_DFFE_PP_,3.96,0.0011953090871471698,3.958804690912853,VALIDATED,activity.csv (mission_weight)
626,g_chan[0].u_cdc_chw.mem[4][12]$_DFFE_PP_,3.96,0.0011953090871471698,3.958804690912853,VALIDATED,activity.csv (mission_weight)
627,g_chan[0].u_cdc_chw.mem[12][12]$_DFFE_PP_,3.96,0.0011953090871471698,3.958804690912853,VALIDATED,activity.csv (mission_weight)
631,g_chan[0].u_cdc_chw.mem[5][12]$_DFFE_PP_,3.96,0.0011953090871471698,3.958804690912853,VALIDATED,activity.csv (mission_weight)
640,g_chan[1].u_cdc_chw.mem[10][23]$_DFFE_PP_,3.96,0.0011928378628444784,3.9588071621371554,VALIDATED,activity.csv (mission_weight)
639,g_chan[0].u_cdc_chw.mem[3][12]$_DFFE_PP_,3.96,0.0011895593784518876,3.958810440621548,VALIDATED,activity.csv (mission_weight)
628,g_chan[0].u_cdc_chw.mem[13][12]$_DFFE_PP_,3.96,0.0011800626823400967,3.95881993731766,VALIDATED,activity.csv (mission_weight)
614,g_chan[0].u_cdc_chw.mem[11][12]$_DFFE_PP_,3.96,0.0011800626823400967,3.95881993731766,VALIDATED,activity.csv (mission_weight)
625,g_chan[0].u_cdc_chw.mem[15][12]$_DFFE_PP_,3.96,0.0011800626823400967,3.95881993731766,VALIDATED,activity.csv (mission_weight)
624,g_chan[0].u_cdc_chw.mem[14][12]$_DFFE_PP_,3.96,0.0011800626823400967,3.95881993731766,VALIDATED,activity.csv (mission_weight)
623,g_chan[0].u_cdc_chw.mem[8][12]$_DFFE_PP_,3.96,0.0011800626823400967,3.95881993731766,VALIDATED,activity.csv (mission_weight)
622,g_chan[0].u_cdc_chw.mem[9][12]$_DFFE_PP_,3.96,0.0011800626823400967,3.95881993731766,VALIDATED,activity.csv (mission_weight)
615,g_chan[0].u_cdc_chw.mem[10][12]$_DFFE_PP_,3.96,0.0011800626823400967,3.95881993731766,VALIDATED,activity.csv (mission_weight)
634,g_chan[1].u_cdc_chw.mem[9][23]$_DFFE_PP_,3.96,0.001173189989067236,3.9588268100109327,VALIDATED,activity.csv (mission_weight)
618,g_chan[1].u_cdc_chw.mem[8][23]$_DFFE_PP_,3.96,0.001173078257419219,3.9588269217425807,VALIDATED,activity.csv (mission_weight)
620,g_chan[1].u_cdc_chw.mem[12][23]$_DFFE_PP_,3.96,0.001173078257419219,3.9588269217425807,VALIDATED,activity.csv (mission_weight)
617,g_chan[1].u_cdc_chw.mem[13][23]$_DFFE_PP_,3.96,0.001173078257419219,3.9588269217425807,VALIDATED,activity.csv (mission_weight)
642,g_chan[1].u_cdc_chw.mem[11][23]$_DFFE_PP_,3.96,0.0011648100605739231,3.958835189939426,VALIDATED,activity.csv (mission_weight)
650,g_chan[1].u_cdc_chw.mem[7][23]$_DFFE_PP_,3.96,0.0011648100605739231,3.958835189939426,VALIDATED,activity.csv (mission_weight)
655,g_chan[0].u_cdc_chw.mem[14][16]$_DFFE_PP_,3.96,0.0011541793809018014,3.958845820619098,VALIDATED,activity.csv (mission_weight)
651,g_chan[0].u_cdc_chw.mem[11][16]$_DFFE_PP_,3.96,0.0011541793809018014,3.958845820619098,VALIDATED,activity.csv (mission_weight)
654,g_chan[0].u_cdc_chw.mem[15][16]$_DFFE_PP_,3.96,0.0011541235515133558,3.9588458764484864,VALIDATED,activity.csv (mission_weight)
656,g_chan[0].u_cdc_chw.mem[13][16]$_DFFE_PP_,3.96,0.0011541235515133558,3.9588458764484864,VALIDATED,activity.csv (mission_weight)
646,g_chan[0].u_cdc_chw.mem[12][16]$_DFFE_PP_,3.96,0.0011541235515133558,3.9588458764484864,VALIDATED,activity.csv (mission_weight)
647,g_chan[0].u_cdc_chw.mem[8][16]$_DFFE_PP_,3.96,0.0011541235515133558,3.9588458764484864,VALIDATED,activity.csv (mission_weight)
621,g_chan[1].u_cdc_chw.mem[5][23]$_DFFE_PP_,3.96,0.0011527081973024822,3.9588472918026976,VALIDATED,activity.csv (mission_weight)
633,g_chan[1].u_cdc_chw.mem[2][23]$_DFFE_PP_,3.96,0.0011527081973024822,3.9588472918026976,VALIDATED,activity.csv (mission_weight)
632,g_chan[1].u_cdc_chw.mem[3][23]$_DFFE_PP_,3.96,0.0011527081973024822,3.9588472918026976,VALIDATED,activity.csv (mission_weight)
629,g_chan[1].u_cdc_chw.mem[4][23]$_DFFE_PP_,3.96,0.0011527081973024822,3.9588472918026976,VALIDATED,activity.csv (mission_weight)
659,g_chan[0].u_cdc_chw.mem[12][19]$_DFFE_PP_,3.96,0.001147221146822322,3.9588527788531778,VALIDATED,activity.csv (mission_weight)
648,g_chan[0].u_cdc_chw.mem[9][16]$_DFFE_PP_,3.96,0.0011458798118596791,3.9588541201881404,VALIDATED,activity.csv (mission_weight)
657,g_chan[0].u_cdc_chw.mem[10][16]$_DFFE_PP_,3.96,0.0011458798118596791,3.9588541201881404,VALIDATED,activity.csv (mission_weight)
645,g_chan[0].u_cdc_chw.mem[6][16]$_DFFE_PP_,3.96,0.0011431092782426683,3.958856890721757,VALIDATED,activity.csv (mission_weight)
644,g_chan[0].u_cdc_chw.mem[7][16]$_DFFE_PP_,3.96,0.0011431092782426683,3.958856890721757,VALIDATED,activity.csv (mission_weight)
658,g_chan[0].u_cdc_chw.mem[0][16]$_DFFE_PP_,3.96,0.001139229457331442,3.9588607705426684,VALIDATED,activity.csv (mission_weight)
653,g_chan[0].u_cdc_chw.mem[2][16]$_DFFE_PP_,3.96,0.001139229457331442,3.9588607705426684,VALIDATED,activity.csv (mission_weight)
652,g_chan[0].u_cdc_chw.mem[1][16]$_DFFE_PP_,3.96,0.001139229457331442,3.9588607705426684,VALIDATED,activity.csv (mission_weight)
637,g_chan[0].u_cdc_chw.mem[4][16]$_DFFE_PP_,3.96,0.001139229457331442,3.9588607705426684,VALIDATED,activity.csv (mission_weight)
643,g_chan[0].u_cdc_chw.mem[5][16]$_DFFE_PP_,3.96,0.001139229457331442,3.9588607705426684,VALIDATED,activity.csv (mission_weight)
649,g_chan[0].u_cdc_chw.mem[3][16]$_DFFE_PP_,3.96,0.001139229457331442,3.9588607705426684,VALIDATED,activity.csv (mission_weight)
673,c_cmd_len[15]$_DFFE_PN0N_,3.97,0.0014870875916987714,3.9685129124083014,VALIDATED,activity.csv (mission_weight)
685,u_dma_fabric.rbeat_data[11]$_DFFE_PN0P_,3.97,0.001273473414473772,3.9687265265855265,VALIDATED,activity.csv (mission_weight)
663,g_chan[0].u_cdc_chw.mem[1][19]$_DFFE_PP_,3.97,0.0011656899652323913,3.968834310034768,VALIDATED,activity.csv (mission_weight)
664,g_chan[0].u_cdc_chw.mem[0][19]$_DFFE_PP_,3.97,0.0011656899652323913,3.968834310034768,VALIDATED,activity.csv (mission_weight)
662,g_chan[0].u_cdc_chw.mem[11][19]$_DFFE_PP_,3.97,0.0011656899652323913,3.968834310034768,VALIDATED,activity.csv (mission_weight)
677,g_chan[0].u_cdc_chw.mem[15][19]$_DFFE_PP_,3.97,0.0011656899652323913,3.968834310034768,VALIDATED,activity.csv (mission_weight)
669,g_chan[0].u_cdc_chw.mem[5][19]$_DFFE_PP_,3.97,0.0011656899652323913,3.968834310034768,VALIDATED,activity.csv (mission_weight)
670,g_chan[0].u_cdc_chw.mem[9][19]$_DFFE_PP_,3.97,0.0011656899652323913,3.968834310034768,VALIDATED,activity.csv (mission_weight)
667,g_chan[0].u_cdc_chw.mem[10][19]$_DFFE_PP_,3.97,0.0011656899652323913,3.968834310034768,VALIDATED,activity.csv (mission_weight)
668,g_chan[0].u_cdc_chw.mem[4][19]$_DFFE_PP_,3.97,0.0011656899652323913,3.968834310034768,VALIDATED,activity.csv (mission_weight)
666,g_chan[0].u_cdc_chw.mem[3][19]$_DFFE_PP_,3.97,0.0011643032740084186,3.968835696725992,VALIDATED,activity.csv (mission_weight)
661,g_chan[0].u_cdc_chw.mem[2][19]$_DFFE_PP_,3.97,0.0011643032740084186,3.968835696725992,VALIDATED,activity.csv (mission_weight)
672,g_chan[0].u_cdc_chw.mem[7][19]$_DFFE_PP_,3.97,0.0011643032740084186,3.968835696725992,VALIDATED,activity.csv (mission_weight)
671,g_chan[0].u_cdc_chw.mem[6][19]$_DFFE_PP_,3.97,0.0011629165827844457,3.968837083417216,VALIDATED,activity.csv (mission_weight)
676,g_chan[0].u_cdc_chw.mem[14][19]$_DFFE_PP_,3.97,0.001159533692429035,3.9688404663075714,VALIDATED,activity.csv (mission_weight)
665,g_chan[0].u_cdc_chw.mem[8][19]$_DFFE_PP_,3.97,0.001159533692429035,3.9688404663075714,VALIDATED,activity.csv (mission_weight)
674,g_chan[1].u_cdc_chw.mem[14][17]$_DFFE_PP_,3.97,0.0011572297703043993,3.968842770229696,VALIDATED,activity.csv (mission_weight)
675,g_chan[1].u_cdc_chw.mem[15][17]$_DFFE_PP_,3.97,0.0011572297703043993,3.968842770229696,VALIDATED,activity.csv (mission_weight)
681,g_chan[1].u_cdc_chw.mem[11][16]$_DFFE_PP_,3.97,0.0011551316856998617,3.9688448683143003,VALIDATED,activity.csv (mission_weight)
678,g_chan[0].u_cdc_chw.mem[13][19]$_DFFE_PP_,3.97,0.0011533774196256785,3.9688466225803745,VALIDATED,activity.csv (mission_weight)
684,g_chan[1].u_cdc_chw.mem[8][19]$_DFFE_PP_,3.97,0.001141865227917871,3.9688581347720824,VALIDATED,activity.csv (mission_weight)
683,g_chan[1].u_cdc_chw.mem[11][19]$_DFFE_PP_,3.97,0.001141865227917871,3.9688581347720824,VALIDATED,activity.csv (mission_weight)
680,g_chan[1].u_cdc_chw.mem[0][19]$_DFFE_PP_,3.97,0.0011209150229851,3.968879084977015,VALIDATED,activity.csv (mission_weight)
679,g_chan[1].u_cdc_chw.mem[1][19]$_DFFE_PP_,3.97,0.0011209150229851,3.968879084977015,VALIDATED,activity.csv (mission_weight)
682,g_chan[1].u_cdc_chw.mem[4][19]$_DFFE_PP_,3.97,0.0011127924503546993,3.9688872075496455,VALIDATED,activity.csv (mission_weight)
697,c_cmd_opcode[5]$_DFFE_PN0N_,3.98,0.0016193534281312705,3.9783806465718685,VALIDATED,activity.csv (mission_weight)
703,c_cmd_addr[14]$_DFFE_PN0N_,3.98,0.0014759467391504272,3.9785240532608497,VALIDATED,activity.csv (mission_weight)
688,g_chan[1].u_cdc_chw.mem[2][16]$_DFFE_PP_,3.98,0.0011638936920248394,3.978836106307975,VALIDATED,activity.csv (mission_weight)
691,g_chan[1].u_cdc_chw.mem[0][16]$_DFFE_PP_,3.98,0.0011516709302914346,3.9788483290697085,VALIDATED,activity.csv (mission_weight)
687,g_chan[1].u_cdc_chw.mem[3][16]$_DFFE_PP_,3.98,0.0011516709302914346,3.9788483290697085,VALIDATED,activity.csv (mission_weight)
694,g_chan[1].u_cdc_chw.mem[8][16]$_DFFE_PP_,3.98,0.0011489208100345508,3.9788510791899654,VALIDATED,activity.csv (mission_weight)
690,g_chan[1].u_cdc_chw.mem[9][16]$_DFFE_PP_,3.98,0.0011489208100345508,3.9788510791899654,VALIDATED,activity.csv (mission_weight)
699,g_chan[1].u_cdc_chw.mem[9][19]$_DFFE_PP_,3.98,0.0011447080139447147,3.978855291986055,VALIDATED,activity.csv (mission_weight)
700,g_chan[1].u_cdc_chw.mem[6][16]$_DFFE_PP_,3.98,0.001143029687955252,3.978856970312045,VALIDATED,activity.csv (mission_weight)
702,g_chan[1].u_cdc_chw.mem[7][16]$_DFFE_PP_,3.98,0.001143029687955252,3.978856970312045,VALIDATED,activity.csv (mission_weight)
695,g_chan[1].u_cdc_chw.mem[1][16]$_DFFE_PP_,3.98,0.001143029687955252,3.978856970312045,VALIDATED,activity.csv (mission_weight)
701,g_chan[1].u_cdc_chw.mem[7][19]$_DFFE_PP_,3.98,0.0011383076370511669,3.978861692362949,VALIDATED,activity.csv (mission_weight)
698,g_chan[1].u_cdc_chw.mem[6][19]$_DFFE_PP_,3.98,0.0011383076370511669,3.978861692362949,VALIDATED,activity.csv (mission_weight)
686,g_chan[1].u_cdc_chw.mem[4][16]$_DFFE_PP_,3.98,0.0011342783162253678,3.978865721683775,VALIDATED,activity.csv (mission_weight)
689,g_chan[1].u_cdc_chw.mem[5][16]$_DFFE_PP_,3.98,0.0011342783162253678,3.978865721683775,VALIDATED,activity.csv (mission_weight)
693,g_chan[1].u_cdc_chw.mem[2][19]$_DFFE_PP_,3.98,0.0011298862581479024,3.978870113741852,VALIDATED,activity.csv (mission_weight)
696,g_chan[1].u_cdc_chw.mem[3][19]$_DFFE_PP_,3.98,0.0011296663947149843,3.978870333605285,VALIDATED,activity.csv (mission_weight)
692,g_chan[1].u_cdc_chw.mem[5][19]$_DFFE_PP_,3.98,0.0011209150229851,3.978879084977015,VALIDATED,activity.csv (mission_weight)
704,c_cmd_addr[19]$_DFFE_PN0N_,3.99,0.001557580647011128,3.9884424193529893,VALIDATED,activity.csv (mission_weight)
705,u_dma_fabric.rbeat_data[25]$_DFFE_PN0P_,3.99,0.0014804894220229459,3.9885195105779774,VALIDATED,activity.csv (mission_weight)
708,c_cmd_len[25]$_DFFE_PN0N_,4.0,0.00143044531501961,3.9985695546849804,VALIDATED,activity.csv (mission_weight)
706,c_cmd_len[12]$_DFFE_PN0N_,4.0,0.001426937393482569,3.9985730626065172,VALIDATED,activity.csv (mission_weight)
709,u_dma_fabric.rbeat_data[9]$_DFFE_PN0P_,4.0,0.0013982160805047078,3.9986017839194954,VALIDATED,activity.csv (mission_weight)
707,u_dma_fabric.rbeat_data[31]$_DFFE_PN0P_,4.0,0.0013829400351856452,3.9986170599648143,VALIDATED,activity.csv (mission_weight)
714,u_dma_fabric.rbeat_data[24]$_DFFE_PN0P_,4.01,0.00149754942206079,4.008502450577939,VALIDATED,activity.csv (mission_weight)
710,u_dma_fabric.rbeat_data[22]$_DFFE_PN0P_,4.01,0.001452742278956781,4.008547257721043,VALIDATED,activity.csv (mission_weight)
712,u_dma_fabric.rbeat_data[6]$_DFFE_PN0P_,4.01,0.001446991396727243,4.008553008603273,VALIDATED,activity.csv (mission_weight)
713,c_cmd_len[6]$_DFFE_PN0N_,4.01,0.0014440679342430235,4.0085559320657564,VALIDATED,activity.csv (mission_weight)
711,u_dma_fabric.rbeat_data[15]$_DFFE_PN0P_,4.01,0.0013443381195906154,4.008655661880409,VALIDATED,activity.csv (mission_weight)
729,c_cmd_addr[0]$_DFFE_PN0N_,4.02,0.0015947983586633852,4.018405201641336,VALIDATED,activity.csv (mission_weight)
734,g_chan[0].u_cdc_chw.mem[12][22]$_DFFE_PP_,4.02,0.0011716079984729205,4.018828392001526,VALIDATED,activity.csv (mission_weight)
732,g_chan[0].u_cdc_chw.mem[13][22]$_DFFE_PP_,4.02,0.0011716079984729205,4.018828392001526,VALIDATED,activity.csv (mission_weight)
737,g_chan[0].u_cdc_chw.mem[1][22]$_DFFE_PP_,4.02,0.0011634127844997594,4.0188365872155,VALIDATED,activity.csv (mission_weight)
739,g_chan[0].u_cdc_chw.mem[2][22]$_DFFE_PP_,4.02,0.0011634127844997594,4.0188365872155,VALIDATED,activity.csv (mission_weight)
735,g_chan[0].u_cdc_chw.mem[9][22]$_DFFE_PP_,4.02,0.0011634127844997594,4.0188365872155,VALIDATED,activity.csv (mission_weight)
736,g_chan[0].u_cdc_chw.mem[8][22]$_DFFE_PP_,4.02,0.0011634127844997594,4.0188365872155,VALIDATED,activity.csv (mission_weight)
733,g_chan[0].u_cdc_chw.mem[0][22]$_DFFE_PP_,4.02,0.0011634127844997594,4.0188365872155,VALIDATED,activity.csv (mission_weight)
738,g_chan[0].u_cdc_chw.mem[3][22]$_DFFE_PP_,4.02,0.0011634127844997594,4.0188365872155,VALIDATED,activity.csv (mission_weight)
740,g_chan[0].u_cdc_chw.mem[10][22]$_DFFE_PP_,4.02,0.0011632455653731303,4.018836754434626,VALIDATED,activity.csv (mission_weight)
726,g_chan[1].u_cdc_chw.mem[3][24]$_DFFE_PP_,4.02,0.0010974101836046524,4.018902589816395,VALIDATED,activity.csv (mission_weight)
728,g_chan[1].u_cdc_chw.mem[2][24]$_DFFE_PP_,4.02,0.0010974101836046524,4.018902589816395,VALIDATED,activity.csv (mission_weight)
723,g_chan[1].u_cdc_chw.mem[12][24]$_DFFE_PP_,4.02,0.0010966234150257548,4.018903376584974,VALIDATED,activity.csv (mission_weight)
724,g_chan[1].u_cdc_chw.mem[13][24]$_DFFE_PP_,4.02,0.0010966234150257548,4.018903376584974,VALIDATED,activity.csv (mission_weight)
725,g_chan[1].u_cdc_chw.mem[4][24]$_DFFE_PP_,4.02,0.0010949937846534141,4.018905006215346,VALIDATED,activity.csv (mission_weight)
730,g_chan[1].u_cdc_chw.mem[5][24]$_DFFE_PP_,4.02,0.0010949937846534141,4.018905006215346,VALIDATED,activity.csv (mission_weight)
727,g_chan[1].u_cdc_chw.mem[1][24]$_DFFE_PP_,4.02,0.0010925773857021759,4.018907422614298,VALIDATED,activity.csv (mission_weight)
731,g_chan[1].u_cdc_chw.mem[0][24]$_DFFE_PP_,4.02,0.0010925773857021759,4.018907422614298,VALIDATED,activity.csv (mission_weight)
715,g_chan[1].u_cdc_chw.mem[11][24]$_DFFE_PP_,4.02,0.0010865630252673147,4.018913436974732,VALIDATED,activity.csv (mission_weight)
717,g_chan[1].u_cdc_chw.mem[10][24]$_DFFE_PP_,4.02,0.0010865630252673147,4.018913436974732,VALIDATED,activity.csv (mission_weight)
719,g_chan[1].u_cdc_chw.mem[8][24]$_DFFE_PP_,4.02,0.0010865630252673147,4.018913436974732,VALIDATED,activity.csv (mission_weight)
716,g_chan[1].u_cdc_chw.mem[9][24]$_DFFE_PP_,4.02,0.0010865630252673147,4.018913436974732,VALIDATED,activity.csv (mission_weight)
721,g_chan[1].u_cdc_chw.mem[14][24]$_DFFE_PP_,4.02,0.0010854391066231484,4.018914560893377,VALIDATED,activity.csv (mission_weight)
718,g_chan[1].u_cdc_chw.mem[15][24]$_DFFE_PP_,4.02,0.0010854391066231484,4.018914560893377,VALIDATED,activity.csv (mission_weight)
722,g_chan[1].u_cdc_chw.mem[6][24]$_DFFE_PP_,4.02,0.0010744224551996195,4.0189255775448,VALIDATED,activity.csv (mission_weight)
720,g_chan[1].u_cdc_chw.mem[7][24]$_DFFE_PP_,4.02,0.0010744224551996195,4.0189255775448,VALIDATED,activity.csv (mission_weight)
748,c_cmd_len[3]$_DFFE_PN0N_,4.03,0.0014917958980543433,4.0285082041019455,VALIDATED,activity.csv (mission_weight)
752,u_dma_fabric.rbeat_data[28]$_DFFE_PN0P_,4.03,0.001411785415879177,4.028588214584121,VALIDATED,activity.csv (mission_weight)
741,g_chan[0].u_cdc_chw.mem[14][22]$_DFFE_PP_,4.03,0.0011798032124460817,4.028820196787554,VALIDATED,activity.csv (mission_weight)
742,g_chan[0].u_cdc_chw.mem[15][22]$_DFFE_PP_,4.03,0.0011798032124460817,4.028820196787554,VALIDATED,activity.csv (mission_weight)
751,g_chan[1].u_cdc_chw.mem[4][22]$_DFFE_PP_,4.03,0.0011767314059647482,4.028823268594035,VALIDATED,activity.csv (mission_weight)
749,g_chan[1].u_cdc_chw.mem[5][22]$_DFFE_PP_,4.03,0.0011607437822967748,4.028839256217704,VALIDATED,activity.csv (mission_weight)
750,g_chan[1].u_cdc_chw.mem[2][22]$_DFFE_PP_,4.03,0.0011607437822967748,4.028839256217704,VALIDATED,activity.csv (mission_weight)
745,g_chan[0].u_cdc_chw.mem[6][22]$_DFFE_PP_,4.03,0.0011602905336372538,4.028839709466363,VALIDATED,activity.csv (mission_weight)
743,g_chan[0].u_cdc_chw.mem[11][22]$_DFFE_PP_,4.03,0.0011602905336372538,4.028839709466363,VALIDATED,activity.csv (mission_weight)
747,g_chan[0].u_cdc_chw.mem[5][22]$_DFFE_PP_,4.03,0.0011602905336372538,4.028839709466363,VALIDATED,activity.csv (mission_weight)
744,g_chan[0].u_cdc_chw.mem[4][22]$_DFFE_PP_,4.03,0.0011602905336372538,4.028839709466363,VALIDATED,activity.csv (mission_weight)
746,g_chan[0].u_cdc_chw.mem[7][22]$_DFFE_PP_,4.03,0.0011602905336372538,4.028839709466363,VALIDATED,activity.csv (mission_weight)
753,g_chan[1].u_cdc_chw.mem[7][22]$_DFFE_PP_,4.03,0.0011527202336777398,4.028847279766323,VALIDATED,activity.csv (mission_weight)
754,g_chan[1].u_cdc_chw.mem[3][22]$_DFFE_PP_,4.03,0.0011527202336777398,4.028847279766323,VALIDATED,activity.csv (mission_weight)
793,c_cmd_addr[25]$_DFFE_PN0N_,4.04,0.001506959775684255,4.038493040224316,VALIDATED,activity.csv (mission_weight)
760,u_dma_fabric.rbeat_data[21]$_DFFE_PN0P_,4.04,0.0014190367794371659,4.0385809632205625,VALIDATED,activity.csv (mission_weight)
761,u_dma_fabric.rbeat_data[2]$_DFFE_PN0P_,4.04,0.0013450206205436882,4.038654979379456,VALIDATED,activity.csv (mission_weight)
756,g_chan[1].u_cdc_chw.mem[11][22]$_DFFE_PP_,4.04,0.001178723806337767,4.038821276193662,VALIDATED,activity.csv (mission_weight)
759,g_chan[1].u_cdc_chw.mem[0][22]$_DFFE_PP_,4.04,0.0011767314059647482,4.038823268594035,VALIDATED,activity.csv (mission_weight)
758,g_chan[1].u_cdc_chw.mem[1][22]$_DFFE_PP_,4.04,0.001175956663093447,4.0388240433369065,VALIDATED,activity.csv (mission_weight)
782,g_chan[1].u_cdc_chw.mem[6][22]$_DFFE_PP_,4.04,0.001144919623269805,4.03885508037673,VALIDATED,activity.csv (mission_weight)
780,g_chan[0].u_cdc_chw.mem[12][18]$_DFFE_PP_,4.04,0.0011381292495664525,4.038861870750433,VALIDATED,activity.csv (mission_weight)
768,g_chan[0].u_cdc_chw.mem[3][18]$_DFFE_PP_,4.04,0.0011381292495664525,4.038861870750433,VALIDATED,activity.csv (mission_weight)
767,g_chan[0].u_cdc_chw.mem[14][18]$_DFFE_PP_,4.04,0.0011381292495664525,4.038861870750433,VALIDATED,activity.csv (mission_weight)
781,g_chan[0].u_cdc_chw.mem[2][18]$_DFFE_PP_,4.04,0.0011381292495664525,4.038861870750433,VALIDATED,activity.csv (mission_weight)
779,g_chan[0].u_cdc_chw.mem[13][18]$_DFFE_PP_,4.04,0.0011381292495664525,4.038861870750433,VALIDATED,activity.csv (mission_weight)
755,g_chan[0].u_cdc_chw.mem[5][18]$_DFFE_PP_,4.04,0.001136137762439371,4.0388638622375606,VALIDATED,activity.csv (mission_weight)
757,g_chan[0].u_cdc_chw.mem[4][18]$_DFFE_PP_,4.04,0.001136137762439371,4.0388638622375606,VALIDATED,activity.csv (mission_weight)
778,g_chan[0].u_cdc_chw.mem[15][18]$_DFFE_PP_,4.04,0.001135750159594523,4.0388642498404055,VALIDATED,activity.csv (mission_weight)
776,g_chan[0].u_cdc_chw.mem[11][18]$_DFFE_PP_,4.04,0.001135750159594523,4.0388642498404055,VALIDATED,activity.csv (mission_weight)
772,g_chan[0].u_cdc_chw.mem[7][18]$_DFFE_PP_,4.04,0.0011333710696225935,4.038866628930378,VALIDATED,activity.csv (mission_weight)
771,g_chan[0].u_cdc_chw.mem[6][18]$_DFFE_PP_,4.04,0.0011333710696225935,4.038866628930378,VALIDATED,activity.csv (mission_weight)
788,g_chan[0].u_cdc_chw.mem[0][18]$_DFFE_PP_,4.04,0.0011330947215830722,4.038866905278417,VALIDATED,activity.csv (mission_weight)
789,g_chan[0].u_cdc_chw.mem[8][18]$_DFFE_PP_,4.04,0.0011330947215830722,4.038866905278417,VALIDATED,activity.csv (mission_weight)
786,g_chan[0].u_cdc_chw.mem[10][18]$_DFFE_PP_,4.04,0.001128060193599692,4.0388719398064,VALIDATED,activity.csv (mission_weight)
790,g_chan[0].u_cdc_chw.mem[1][18]$_DFFE_PP_,4.04,0.001128060193599692,4.0388719398064,VALIDATED,activity.csv (mission_weight)
777,g_chan[0].u_cdc_chw.mem[9][18]$_DFFE_PP_,4.04,0.001128060193599692,4.0388719398064,VALIDATED,activity.csv (mission_weight)
783,g_chan[1].u_cdc_chw.mem[10][12]$_DFFE_PP_,4.04,0.0011116240080840945,4.038888375991916,VALIDATED,activity.csv (mission_weight)
785,g_chan[1].u_cdc_chw.mem[11][12]$_DFFE_PP_,4.04,0.0011116240080840945,4.038888375991916,VALIDATED,activity.csv (mission_weight)
787,g_chan[1].u_cdc_chw.mem[13][12]$_DFFE_PP_,4.04,0.0011093773759007358,4.038890622624099,VALIDATED,activity.csv (mission_weight)
773,g_chan[1].u_cdc_chw.mem[11][25]$_DFFE_PP_,4.04,0.0011055813233612627,4.038894418676639,VALIDATED,activity.csv (mission_weight)
764,g_chan[1].u_cdc_chw.mem[2][25]$_DFFE_PP_,4.04,0.0011055813233612627,4.038894418676639,VALIDATED,activity.csv (mission_weight)
762,g_chan[1].u_cdc_chw.mem[3][25]$_DFFE_PP_,4.04,0.0011055813233612627,4.038894418676639,VALIDATED,activity.csv (mission_weight)
770,g_chan[1].u_cdc_chw.mem[9][25]$_DFFE_PP_,4.04,0.0011055813233612627,4.038894418676639,VALIDATED,activity.csv (mission_weight)
765,g_chan[1].u_cdc_chw.mem[0][25]$_DFFE_PP_,4.04,0.0011055813233612627,4.038894418676639,VALIDATED,activity.csv (mission_weight)
784,g_chan[1].u_cdc_chw.mem[12][12]$_DFFE_PP_,4.04,0.001100650783436602,4.038899349216563,VALIDATED,activity.csv (mission_weight)
791,g_chan[1].u_cdc_chw.mem[14][12]$_DFFE_PP_,4.04,0.0010991874015510855,4.038900812598449,VALIDATED,activity.csv (mission_weight)
763,g_chan[1].u_cdc_chw.mem[10][25]$_DFFE_PP_,4.04,0.0010981629324573888,4.0389018370675425,VALIDATED,activity.csv (mission_weight)
792,g_chan[1].u_cdc_chw.mem[15][12]$_DFFE_PP_,4.04,0.0010907966580277206,4.038909203341972,VALIDATED,activity.csv (mission_weight)
775,g_chan[1].u_cdc_chw.mem[6][25]$_DFFE_PP_,4.04,0.0010867593547761595,4.038913240645224,VALIDATED,activity.csv (mission_weight)
766,g_chan[1].u_cdc_chw.mem[7][25]$_DFFE_PP_,4.04,0.0010867593547761595,4.038913240645224,VALIDATED,activity.csv (mission_weight)
769,g_chan[1].u_cdc_chw.mem[4][25]$_DFFE_PP_,4.04,0.0010867593547761595,4.038913240645224,VALIDATED,activity.csv (mission_weight)
774,g_chan[1].u_cdc_chw.mem[5][25]$_DFFE_PP_,4.04,0.0010867593547761595,4.038913240645224,VALIDATED,activity.csv (mission_weight)
797,u_dma_fabric.rbeat_data[1]$_DFFE_PN0P_,4.05,0.0012978890138743426,4.048702110986126,VALIDATED,activity.csv (mission_weight)
798,g_chan[1].u_cdc_chw.mem[10][18]$_DFFE_PP_,4.05,0.0011636583525262978,4.0488363416474735,VALIDATED,activity.csv (mission_weight)
800,g_chan[1].u_cdc_chw.mem[12][18]$_DFFE_PP_,4.05,0.0011636583525262978,4.0488363416474735,VALIDATED,activity.csv (mission_weight)
795,g_chan[1].u_cdc_chw.mem[8][18]$_DFFE_PP_,4.05,0.0011538248888526281,4.048846175111147,VALIDATED,activity.csv (mission_weight)
796,g_chan[1].u_cdc_chw.mem[13][18]$_DFFE_PP_,4.05,0.0011538248888526281,4.048846175111147,VALIDATED,activity.csv (mission_weight)
794,g_chan[1].u_cdc_chw.mem[9][18]$_DFFE_PP_,4.05,0.0011472852985859316,4.048852714701414,VALIDATED,activity.csv (mission_weight)
799,g_chan[1].u_cdc_chw.mem[9][12]$_DFFE_PP_,4.05,0.0011096606098017492,4.048890339390198,VALIDATED,activity.csv (mission_weight)
16,g_chan[0].u_cdc_chr.rbin[1]$_DFF_PN0_,4.17,0.0012913564191848609,4.168708643580815,VALIDATED,activity.csv (mission_weight)
20,u_dma_fabric.rbeat_data[10]$_DFFE_PN0P_,4.17,0.0012913564191848609,4.168708643580815,VALIDATED,activity.csv (mission_weight)
15,g_chan[0].u_cdc_chr.rbin[3]$_DFF_PN0_,4.17,0.0012913564191848609,4.168708643580815,VALIDATED,activity.csv (mission_weight)
19,u_dma_fabric.rbeat_data[15]$_DFFE_PN0P_,4.17,0.0012913564191848609,4.168708643580815,VALIDATED,activity.csv (mission_weight)
18,g_chan[0].u_cdc_chr.rbin[0]$_DFF_PN0_,4.17,0.0012913564191848609,4.168708643580815,VALIDATED,activity.csv (mission_weight)
17,g_chan[0].u_cdc_chr.rbin[2]$_DFF_PN0_,4.17,0.0012913564191848609,4.168708643580815,VALIDATED,activity.csv (mission_weight)
1,g_chan[0].u_cdc_chr.rq2_wgray[0]$_DFF_PN0_,4.17,0.0012913564191848609,4.168708643580815,VALIDATED,activity.csv (mission_weight)
2,g_chan[0].u_cdc_chr.rgray[0]$_DFF_PN0_,4.17,0.0012913564191848609,4.168708643580815,VALIDATED,activity.csv (mission_weight)
3,g_chan[0].u_cdc_chr.rq2_wgray[1]$_DFF_PN0_,4.17,0.0012913564191848609,4.168708643580815,VALIDATED,activity.csv (mission_weight)
4,g_chan[0].u_cdc_chr.rq1_wgray[2]$_DFF_PN0_,4.17,0.0012913564191848609,4.168708643580815,VALIDATED,activity.csv (mission_weight)
5,g_chan[0].u_cdc_chr.rq1_wgray[3]$_DFF_PN0_,4.17,0.0012913564191848609,4.168708643580815,VALIDATED,activity.csv (mission_weight)
6,g_chan[0].u_cdc_chr.rq1_wgray[4]$_DFF_PN0_,4.17,0.0012913564191848609,4.168708643580815,VALIDATED,activity.csv (mission_weight)
7,g_chan[0].u_cdc_chr.rq1_wgray[1]$_DFF_PN0_,4.17,0.0012913564191848609,4.168708643580815,VALIDATED,activity.csv (mission_weight)
0,g_chan[0].u_cdc_chr.rq1_wgray[0]$_DFF_PN0_,4.17,0.0012913564191848609,4.168708643580815,VALIDATED,activity.csv (mission_weight)
12,g_chan[0].u_cdc_chr.rq2_wgray[3]$_DFF_PN0_,4.17,0.0012842355485283494,4.168715764451472,VALIDATED,activity.csv (mission_weight)
11,g_chan[0].u_cdc_chr.rgray[2]$_DFF_PN0_,4.17,0.0012842355485283494,4.168715764451472,VALIDATED,activity.csv (mission_weight)
10,g_chan[0].u_cdc_chr.rgray[3]$_DFF_PN0_,4.17,0.0012842355485283494,4.168715764451472,VALIDATED,activity.csv (mission_weight)
9,g_chan[0].u_cdc_chr.rq2_wgray[2]$_DFF_PN0_,4.17,0.0012842355485283494,4.168715764451472,VALIDATED,activity.csv (mission_weight)
8,g_chan[0].u_cdc_chr.rgray[1]$_DFF_PN0_,4.17,0.0012842355485283494,4.168715764451472,VALIDATED,activity.csv (mission_weight)
14,g_chan[0].u_cdc_chr.rbin[4]$_DFF_PN0_,4.17,0.0012842355485283494,4.168715764451472,VALIDATED,activity.csv (mission_weight)
13,g_chan[0].u_cdc_chr.rq2_wgray[4]$_DFF_PN0_,4.17,0.0012842355485283494,4.168715764451472,VALIDATED,activity.csv (mission_weight)
24,u_dma_fabric.rbeat_data[20]$_DFFE_PN0P_,4.31,0.0011303336381563237,4.3088696663618435,VALIDATED,activity.csv (mission_weight)
23,u_dma_fabric.rbeat_data[9]$_DFFE_PN0P_,4.31,0.0011303336381563237,4.3088696663618435,VALIDATED,activity.csv (mission_weight)
21,u_dma_fabric.rbeat_data[17]$_DFFE_PN0P_,4.31,0.0011303336381563237,4.3088696663618435,VALIDATED,activity.csv (mission_weight)
25,u_dma_fabric.rbeat_data[14]$_DFFE_PN0P_,4.31,0.0011303336381563237,4.3088696663618435,VALIDATED,activity.csv (mission_weight)
22,u_dma_fabric.rbeat_data[13]$_DFFE_PN0P_,4.31,0.0011303336381563237,4.3088696663618435,VALIDATED,activity.csv (mission_weight)
26,u_dma_fabric.rbeat_data[16]$_DFFE_PN0P_,4.31,0.001120241373529951,4.308879758626469,VALIDATED,activity.csv (mission_weight)
38,u_dma_fabric.rbeat_data[5]$_DFFE_PN0P_,4.32,0.0011344905543425182,4.318865509445658,VALIDATED,activity.csv (mission_weight)
27,u_dma_fabric.rbeat_data[12]$_DFFE_PN0P_,4.32,0.001120241373529951,4.31887975862647,VALIDATED,activity.csv (mission_weight)
35,u_dma_fabric.rbeat_data[25]$_DFFE_PN0P_,4.32,0.001118101537486385,4.3188818984625135,VALIDATED,activity.csv (mission_weight)
36,u_dma_fabric.rbeat_data[6]$_DFFE_PN0P_,4.32,0.001118101537486385,4.3188818984625135,VALIDATED,activity.csv (mission_weight)
32,u_dma_fabric.rbeat_data[7]$_DFFE_PN0P_,4.32,0.001118101537486385,4.3188818984625135,VALIDATED,activity.csv (mission_weight)
34,u_dma_fabric.rbeat_data[18]$_DFFE_PN0P_,4.32,0.001118101537486385,4.3188818984625135,VALIDATED,activity.csv (mission_weight)
31,u_dma_fabric.rbeat_data[31]$_DFFE_PN0P_,4.32,0.001118101537486385,4.3188818984625135,VALIDATED,activity.csv (mission_weight)
33,u_dma_fabric.rbeat_data[8]$_DFFE_PN0P_,4.32,0.001118101537486385,4.3188818984625135,VALIDATED,activity.csv (mission_weight)
37,u_dma_fabric.rbeat_data[24]$_DFFE_PN0P_,4.32,0.001118101537486385,4.3188818984625135,VALIDATED,activity.csv (mission_weight)
30,u_dma_fabric.rbeat_data[21]$_DFFE_PN0P_,4.32,0.00108114169617958,4.318918858303821,VALIDATED,activity.csv (mission_weight)
29,u_dma_fabric.rbeat_data[19]$_DFFE_PN0P_,4.32,0.00108114169617958,4.318918858303821,VALIDATED,activity.csv (mission_weight)
28,u_dma_fabric.rbeat_data[11]$_DFFE_PN0P_,4.32,0.00108114169617958,4.318918858303821,VALIDATED,activity.csv (mission_weight)
40,u_dma_fabric.rbeat_data[27]$_DFFE_PN0P_,4.33,0.0011344905543425182,4.328865509445658,VALIDATED,activity.csv (mission_weight)
39,u_dma_fabric.rbeat_data[22]$_DFFE_PN0P_,4.33,0.0011321251978786903,4.328867874802121,VALIDATED,activity.csv (mission_weight)
41,u_dma_fabric.rbeat_data[4]$_DFFE_PN0P_,4.33,0.001124269918717738,4.328875730081283,VALIDATED,activity.csv (mission_weight)
42,g_chan[0].u_cdc_chr.rd_empty$_DFF_PN1_,4.33,0.001075615161647267,4.328924384838353,VALIDATED,activity.csv (mission_weight)
44,g_chan[1].u_cdc_chcmd.wq2_rgray[1]$_DFF_PN0_,4.37,0.0009600379264805697,4.369039962073519,VALIDATED,activity.csv (mission_weight)
43,g_chan[1].u_cdc_chcmd.wq2_rgray[3]$_DFF_PN0_,4.37,0.0009600379264805697,4.369039962073519,VALIDATED,activity.csv (mission_weight)
53,g_chan[1].u_cdc_chcmd.wgray[1]$_DFF_PN0_,4.38,0.0009643416745469952,4.379035658325453,VALIDATED,activity.csv (mission_weight)
51,g_chan[1].u_cdc_chcmd.wbin[2]$_DFF_PN0_,4.38,0.0009643416745469952,4.379035658325453,VALIDATED,activity.csv (mission_weight)
57,g_chan[1].u_cdc_chcmd.wr_full$_DFF_PN0_,4.38,0.0009643416745469952,4.379035658325453,VALIDATED,activity.csv (mission_weight)
56,g_chan[1].u_cdc_chcmd.wbin[4]$_DFF_PN0_,4.38,0.0009643416745469952,4.379035658325453,VALIDATED,activity.csv (mission_weight)
47,g_chan[1].u_cdc_chcmd.wbin[1]$_DFF_PN0_,4.38,0.0009643416745469952,4.379035658325453,VALIDATED,activity.csv (mission_weight)
48,g_chan[1].u_cdc_chcmd.wbin[0]$_DFF_PN0_,4.38,0.0009643416745469952,4.379035658325453,VALIDATED,activity.csv (mission_weight)
50,g_chan[1].u_cdc_chcmd.wbin[3]$_DFF_PN0_,4.38,0.0009643416745469952,4.379035658325453,VALIDATED,activity.csv (mission_weight)
55,g_chan[1].u_cdc_chcmd.wq1_rgray[4]$_DFF_PN0_,4.38,0.0009643416745469952,4.379035658325453,VALIDATED,activity.csv (mission_weight)
54,g_chan[1].u_cdc_chcmd.wq1_rgray[0]$_DFF_PN0_,4.38,0.0009600379264805697,4.379039962073519,VALIDATED,activity.csv (mission_weight)
61,g_chan[1].u_cdc_chcmd.wq2_rgray[4]$_DFF_PN0_,4.38,0.0009600379264805697,4.379039962073519,VALIDATED,activity.csv (mission_weight)
45,g_chan[1].u_cdc_chcmd.wq1_rgray[1]$_DFF_PN0_,4.38,0.0009600379264805697,4.379039962073519,VALIDATED,activity.csv (mission_weight)
46,g_chan[1].u_cdc_chcmd.wq2_rgray[0]$_DFF_PN0_,4.38,0.0009600379264805697,4.379039962073519,VALIDATED,activity.csv (mission_weight)
49,g_chan[1].u_cdc_chcmd.wq1_rgray[3]$_DFF_PN0_,4.38,0.0009600379264805697,4.379039962073519,VALIDATED,activity.csv (mission_weight)
52,g_chan[1].u_cdc_chcmd.wgray[0]$_DFF_PN0_,4.38,0.0009600379264805697,4.379039962073519,VALIDATED,activity.csv (mission_weight)
59,g_chan[1].u_cdc_chcmd.wgray[3]$_DFF_PN0_,4.38,0.0009551574681227262,4.3790448425318775,VALIDATED,activity.csv (mission_weight)
60,g_chan[1].u_cdc_chcmd.wgray[2]$_DFF_PN0_,4.38,0.0009551574681227262,4.3790448425318775,VALIDATED,activity.csv (mission_weight)
58,g_chan[1].u_cdc_chcmd.wq1_rgray[2]$_DFF_PN0_,4.38,0.0009551574681227262,4.3790448425318775,VALIDATED,activity.csv (mission_weight)
62,g_chan[1].u_cdc_chcmd.wq2_rgray[2]$_DFF_PN0_,4.38,0.0009551574681227262,4.3790448425318775,VALIDATED,activity.csv (mission_weight)
86,u_cdc_rbeat.wr_full$_DFF_PN0_,4.41,0.0010622943341520794,4.408937705665848,VALIDATED,activity.csv (mission_weight)
83,u_cdc_rbeat.wq1_rgray[4]$_DFF_PN0_,4.41,0.0010585196092386534,4.408941480390761,VALIDATED,activity.csv (mission_weight)
84,u_cdc_rbeat.wq2_rgray[4]$_DFF_PN0_,4.41,0.0010585196092386534,4.408941480390761,VALIDATED,activity.csv (mission_weight)
78,u_cdc_rbeat.wq2_rgray[2]$_DFF_PN0_,4.41,0.001029405355141684,4.408970594644859,VALIDATED,activity.csv (mission_weight)
77,u_cdc_rbeat.wq2_rgray[0]$_DFF_PN0_,4.41,0.001029405355141684,4.408970594644859,VALIDATED,activity.csv (mission_weight)
76,u_cdc_rbeat.wgray[1]$_DFF_PN0_,4.41,0.001029405355141684,4.408970594644859,VALIDATED,activity.csv (mission_weight)
79,u_cdc_rbeat.wq2_rgray[1]$_DFF_PN0_,4.41,0.001029405355141684,4.408970594644859,VALIDATED,activity.csv (mission_weight)
82,u_cdc_rbeat.wq1_rgray[1]$_DFF_PN0_,4.41,0.001029405355141684,4.408970594644859,VALIDATED,activity.csv (mission_weight)
81,u_cdc_rbeat.wbin[1]$_DFF_PN0_,4.41,0.001029405355141684,4.408970594644859,VALIDATED,activity.csv (mission_weight)
80,u_cdc_rbeat.wbin[0]$_DFF_PN0_,4.41,0.001029405355141684,4.408970594644859,VALIDATED,activity.csv (mission_weight)
70,u_cdc_rbeat.wbin[4]$_DFF_PN0_,4.41,0.001029405355141684,4.408970594644859,VALIDATED,activity.csv (mission_weight)
67,u_cdc_rbeat.wq1_rgray[0]$_DFF_PN0_,4.41,0.001029405355141684,4.408970594644859,VALIDATED,activity.csv (mission_weight)
68,u_cdc_rbeat.wq1_rgray[3]$_DFF_PN0_,4.41,0.001029405355141684,4.408970594644859,VALIDATED,activity.csv (mission_weight)
69,u_cdc_rbeat.wq2_rgray[3]$_DFF_PN0_,4.41,0.001029405355141684,4.408970594644859,VALIDATED,activity.csv (mission_weight)
85,u_cdc_rbeat.wq1_rgray[2]$_DFF_PN0_,4.41,0.001029405355141684,4.408970594644859,VALIDATED,activity.csv (mission_weight)
74,u_cdc_rbeat.wbin[2]$_DFF_PN0_,4.41,0.001029405355141684,4.408970594644859,VALIDATED,activity.csv (mission_weight)
73,u_cdc_rbeat.wbin[3]$_DFF_PN0_,4.41,0.001029405355141684,4.408970594644859,VALIDATED,activity.csv (mission_weight)
72,u_cdc_rbeat.wgray[2]$_DFF_PN0_,4.41,0.001029405355141684,4.408970594644859,VALIDATED,activity.csv (mission_weight)
71,u_cdc_rbeat.wgray[3]$_DFF_PN0_,4.41,0.001029405355141684,4.408970594644859,VALIDATED,activity.csv (mission_weight)
75,u_cdc_rbeat.wgray[0]$_DFF_PN0_,4.41,0.001029405355141684,4.408970594644859,VALIDATED,activity.csv (mission_weight)
66,u_dma_fabric.rbeat_data[28]$_DFFE_PN0P_,4.41,0.0010160135633230302,4.408983986436677,VALIDATED,activity.csv (mission_weight)
65,u_dma_fabric.rbeat_data[30]$_DFFE_PN0P_,4.41,0.0010139329906625333,4.408986067009337,VALIDATED,activity.csv (mission_weight)
64,u_dma_fabric.rbeat_data[29]$_DFFE_PN0P_,4.41,0.0010139329906625333,4.408986067009337,VALIDATED,activity.csv (mission_weight)
63,u_dma_fabric.rbeat_data[23]$_DFFE_PN0P_,4.41,0.0010139329906625333,4.408986067009337,VALIDATED,activity.csv (mission_weight)
87,u_dma_fabric.rbeat_data[1]$_DFFE_PN0P_,4.41,0.0009765108496784594,4.4090234891503215,VALIDATED,activity.csv (mission_weight)
88,u_dma_fabric.rbeat_data[26]$_DFFE_PN0P_,4.41,0.0009765108496784594,4.4090234891503215,VALIDATED,activity.csv (mission_weight)
89,u_dma_fabric.rbeat_data[2]$_DFFE_PN0P_,4.41,0.0009765108496784594,4.4090234891503215,VALIDATED,activity.csv (mission_weight)
90,u_dma_fabric.rbeat_data[3]$_DFFE_PN0P_,4.41,0.0009765108496784594,4.4090234891503215,VALIDATED,activity.csv (mission_weight)
91,u_dma_fabric.rbeat_data[0]$_DFFE_PN0P_,4.41,0.0009765108496784594,4.4090234891503215,VALIDATED,activity.csv (mission_weight)
92,u_seq_core.beats_left[28]$_DFFE_PN0P_,4.49,0.0009890641103065326,4.489010935889693,VALIDATED,activity.csv (mission_weight)
93,u_seq_core.beats_left[22]$_DFFE_PN0P_,4.49,0.0009699865175159458,4.489030013482484,VALIDATED,activity.csv (mission_weight)
95,u_seq_core.beats_left[25]$_DFFE_PN0P_,4.49,0.0009699865175159458,4.489030013482484,VALIDATED,activity.csv (mission_weight)
94,u_seq_core.beats_left[21]$_DFFE_PN0P_,4.49,0.0009699865175159458,4.489030013482484,VALIDATED,activity.csv (mission_weight)
97,u_seq_core.beats_left[27]$_DFFE_PN0P_,4.49,0.0009699865175159458,4.489030013482484,VALIDATED,activity.csv (mission_weight)
99,u_seq_core.beats_left[29]$_DFFE_PN0P_,4.49,0.0009699865175159458,4.489030013482484,VALIDATED,activity.csv (mission_weight)
96,u_seq_core.beats_left[26]$_DFFE_PN0P_,4.49,0.0009699865175159458,4.489030013482484,VALIDATED,activity.csv (mission_weight)
98,u_seq_core.beats_left[30]$_DFFE_PN0P_,4.49,0.0009670745047363482,4.4890329254952634,VALIDATED,activity.csv (mission_weight)
141,c_cmd_valid$_DFF_PN0_,4.5,0.0010776696753123788,4.498922330324688,VALIDATED,activity.csv (mission_weight)
140,c_cmd_addr[24]$_DFFE_PN0N_,4.5,0.0010521116426672542,4.498947888357333,VALIDATED,activity.csv (mission_weight)
139,c_cmd_addr[25]$_DFFE_PN0N_,4.5,0.0010521116426672542,4.498947888357333,VALIDATED,activity.csv (mission_weight)
125,u_cdc_cmd.rbin[1]$_DFF_PN0_,4.5,0.0010259029707334055,4.498974097029267,VALIDATED,activity.csv (mission_weight)
123,u_cdc_cmd.rq2_wgray[3]$_DFF_PN0_,4.5,0.0010259029707334055,4.498974097029267,VALIDATED,activity.csv (mission_weight)
124,u_cdc_cmd.rbin[3]$_DFF_PN0_,4.5,0.0010259029707334055,4.498974097029267,VALIDATED,activity.csv (mission_weight)
111,u_cdc_cmd.rq2_wgray[2]$_DFF_PN0_,4.5,0.0010259029707334055,4.498974097029267,VALIDATED,activity.csv (mission_weight)
108,u_cdc_cmd.rq1_wgray[3]$_DFF_PN0_,4.5,0.0010259029707334055,4.498974097029267,VALIDATED,activity.csv (mission_weight)
109,u_cdc_cmd.rq1_wgray[2]$_DFF_PN0_,4.5,0.0010259029707334055,4.498974097029267,VALIDATED,activity.csv (mission_weight)
105,u_cdc_cmd.rq2_wgray[4]$_DFF_PN0_,4.5,0.0010259029707334055,4.498974097029267,VALIDATED,activity.csv (mission_weight)
128,u_cdc_cmd.rgray[2]$_DFF_PN0_,4.5,0.0010259029707334055,4.498974097029267,VALIDATED,activity.csv (mission_weight)
104,u_cdc_cmd.rbin[4]$_DFF_PN0_,4.5,0.0010259029707334055,4.498974097029267,VALIDATED,activity.csv (mission_weight)
106,u_cdc_cmd.rq1_wgray[4]$_DFF_PN0_,4.5,0.0010259029707334055,4.498974097029267,VALIDATED,activity.csv (mission_weight)
130,u_cdc_cmd.rgray[3]$_DFF_PN0_,4.5,0.0010259029707334055,4.498974097029267,VALIDATED,activity.csv (mission_weight)
110,c_cmd_len[3]$_DFFE_PN0N_,4.5,0.000978628769109778,4.49902137123089,VALIDATED,activity.csv (mission_weight)
107,c_cmd_len[0]$_DFFE_PN0N_,4.5,0.000978628769109778,4.49902137123089,VALIDATED,activity.csv (mission_weight)
132,c_cmd_len[1]$_DFFE_PN0N_,4.5,0.000978628769109778,4.49902137123089,VALIDATED,activity.csv (mission_weight)
101,c_cmd_len[10]$_DFFE_PN0N_,4.5,0.0009508315845112997,4.499049168415489,VALIDATED,activity.csv (mission_weight)
102,c_cmd_len[7]$_DFFE_PN0N_,4.5,0.0009505931842752682,4.4990494068157245,VALIDATED,activity.csv (mission_weight)
100,c_cmd_len[2]$_DFFE_PN0N_,4.5,0.0009505931842752682,4.4990494068157245,VALIDATED,activity.csv (mission_weight)
116,c_cmd_len[6]$_DFFE_PN0N_,4.5,0.0009505931842752682,4.4990494068157245,VALIDATED,activity.csv (mission_weight)
103,c_cmd_len[4]$_DFFE_PN0N_,4.5,0.0009505931842752682,4.4990494068157245,VALIDATED,activity.csv (mission_weight)
135,c_cmd_len[5]$_DFFE_PN0N_,4.5,0.0009428470481032888,4.499057152951897,VALIDATED,activity.csv (mission_weight)
133,c_cmd_addr[23]$_DFFE_PN0N_,4.5,0.0009428470481032888,4.499057152951897,VALIDATED,activity.csv (mission_weight)
136,c_cmd_len[9]$_DFFE_PN0N_,4.5,0.0009428470481032888,4.499057152951897,VALIDATED,activity.csv (mission_weight)
134,c_cmd_len[8]$_DFFE_PN0N_,4.5,0.0009428470481032888,4.499057152951897,VALIDATED,activity.csv (mission_weight)
121,g_chan[1].u_cdc_chw.wq2_rgray[1]$_DFF_PN0_,4.5,0.0008778386680357575,4.4991221613319645,VALIDATED,activity.csv (mission_weight)
122,g_chan[1].u_cdc_chw.wgray[0]$_DFF_PN0_,4.5,0.0008776331594515587,4.499122366840548,VALIDATED,activity.csv (mission_weight)
115,g_chan[1].u_cdc_chw.wbin[0]$_DFF_PN0_,4.5,0.0008776331594515587,4.499122366840548,VALIDATED,activity.csv (mission_weight)
114,g_chan[1].u_cdc_chw.wbin[1]$_DFF_PN0_,4.5,0.0008776331594515587,4.499122366840548,VALIDATED,activity.csv (mission_weight)
119,g_chan[1].u_cdc_chw.wq1_rgray[1]$_DFF_PN0_,4.5,0.0008776331594515587,4.499122366840548,VALIDATED,activity.csv (mission_weight)
120,g_chan[1].u_cdc_chw.wgray[1]$_DFF_PN0_,4.5,0.0008776331594515587,4.499122366840548,VALIDATED,activity.csv (mission_weight)
113,g_chan[1].u_cdc_chw.wbin[3]$_DFF_PN0_,4.5,0.0008776331594515587,4.499122366840548,VALIDATED,activity.csv (mission_weight)
117,g_chan[1].u_cdc_chw.wbin[2]$_DFF_PN0_,4.5,0.0008752552464228042,4.499124744753577,VALIDATED,activity.csv (mission_weight)
126,g_chan[1].u_cdc_chw.wq2_rgray[2]$_DFF_PN0_,4.5,0.0008711725130154738,4.4991288274869845,VALIDATED,activity.csv (mission_weight)
129,g_chan[1].u_cdc_chw.wq1_rgray[3]$_DFF_PN0_,4.5,0.0008711725130154738,4.4991288274869845,VALIDATED,activity.csv (mission_weight)
112,g_chan[1].u_cdc_chw.wgray[3]$_DFF_PN0_,4.5,0.0008711725130154738,4.4991288274869845,VALIDATED,activity.csv (mission_weight)
118,g_chan[1].u_cdc_chw.wgray[2]$_DFF_PN0_,4.5,0.0008711725130154738,4.4991288274869845,VALIDATED,activity.csv (mission_weight)
131,g_chan[1].u_cdc_chw.wq1_rgray[2]$_DFF_PN0_,4.5,0.0008698945438133238,4.499130105456187,VALIDATED,activity.csv (mission_weight)
138,g_chan[1].u_cdc_chw.wq2_rgray[3]$_DFF_PN0_,4.5,0.000868499958801304,4.499131500041199,VALIDATED,activity.csv (mission_weight)
137,g_chan[1].u_cdc_chw.wq2_rgray[0]$_DFF_PN0_,4.5,0.000868499958801304,4.499131500041199,VALIDATED,activity.csv (mission_weight)
127,g_chan[1].u_cdc_chw.wbin[4]$_DFF_PN0_,4.5,0.0008682966364786451,4.499131703363521,VALIDATED,activity.csv (mission_weight)
151,u_cdc_cmd.rd_empty$_DFF_PN1_,4.51,0.0010776696753123788,4.508922330324688,VALIDATED,activity.csv (mission_weight)
144,u_cdc_cmd.rgray[0]$_DFF_PN0_,4.51,0.0010521116426672542,4.508947888357333,VALIDATED,activity.csv (mission_weight)
142,u_cdc_cmd.rbin[0]$_DFF_PN0_,4.51,0.0010521116426672542,4.508947888357333,VALIDATED,activity.csv (mission_weight)
147,u_cdc_cmd.rq2_wgray[1]$_DFF_PN0_,4.51,0.0010264203693755927,4.5089735796306245,VALIDATED,activity.csv (mission_weight)
150,u_cdc_cmd.rbin[2]$_DFF_PN0_,4.51,0.0010264203693755927,4.5089735796306245,VALIDATED,activity.csv (mission_weight)
148,u_cdc_cmd.rq2_wgray[0]$_DFF_PN0_,4.51,0.0010264203693755927,4.5089735796306245,VALIDATED,activity.csv (mission_weight)
146,u_cdc_cmd.rq1_wgray[1]$_DFF_PN0_,4.51,0.0010264203693755927,4.5089735796306245,VALIDATED,activity.csv (mission_weight)
145,u_cdc_cmd.rq1_wgray[0]$_DFF_PN0_,4.51,0.0010264203693755927,4.5089735796306245,VALIDATED,activity.csv (mission_weight)
152,u_cdc_cmd.rgray[1]$_DFF_PN0_,4.51,0.0010155010037439793,4.508984498996256,VALIDATED,activity.csv (mission_weight)
153,u_dma_fabric.rbeat_valid$_DFFE_PN0P_,4.51,0.0009151786823009475,4.509084821317699,VALIDATED,activity.csv (mission_weight)
149,u_seq_core.op_q[0]$_DFFE_PN0P_,4.51,0.0009138772682818554,4.509086122731718,VALIDATED,activity.csv (mission_weight)
154,g_chan[1].u_cdc_chr.rbin[1]$_DFF_PN0_,4.51,0.0009063602854948935,4.5090936397145045,VALIDATED,activity.csv (mission_weight)
143,g_chan[1].u_cdc_chr.rd_empty$_DFF_PN1_,4.51,0.0009063602854948935,4.5090936397145045,VALIDATED,activity.csv (mission_weight)
156,g_chan[1].u_cdc_chr.rq2_wgray[0]$_DFF_PN0_,4.51,0.0009063602854948935,4.5090936397145045,VALIDATED,activity.csv (mission_weight)
155,g_chan[1].u_cdc_chr.rbin[3]$_DFF_PN0_,4.51,0.0009063602854948935,4.5090936397145045,VALIDATED,activity.csv (mission_weight)
157,g_chan[1].u_cdc_chr.rq1_wgray[4]$_DFF_PN0_,4.51,0.0008967318729011242,4.509103268127099,VALIDATED,activity.csv (mission_weight)
167,g_chan[1].u_cdc_chr.rq1_wgray[2]$_DFF_PN0_,4.52,0.0009063602854948935,4.519093639714504,VALIDATED,activity.csv (mission_weight)
166,g_chan[1].u_cdc_chr.rq2_wgray[3]$_DFF_PN0_,4.52,0.0009063602854948935,4.519093639714504,VALIDATED,activity.csv (mission_weight)
162,g_chan[1].u_cdc_chr.rbin[4]$_DFF_PN0_,4.52,0.0009063602854948935,4.519093639714504,VALIDATED,activity.csv (mission_weight)
163,g_chan[1].u_cdc_chr.rgray[2]$_DFF_PN0_,4.52,0.0009063602854948935,4.519093639714504,VALIDATED,activity.csv (mission_weight)
161,g_chan[1].u_cdc_chr.rbin[2]$_DFF_PN0_,4.52,0.0009063602854948935,4.519093639714504,VALIDATED,activity.csv (mission_weight)
158,g_chan[1].u_cdc_chr.rbin[0]$_DFF_PN0_,4.52,0.0009063602854948935,4.519093639714504,VALIDATED,activity.csv (mission_weight)
169,g_chan[1].u_cdc_chr.rq2_wgray[2]$_DFF_PN0_,4.52,0.0009063602854948935,4.519093639714504,VALIDATED,activity.csv (mission_weight)
168,g_chan[1].u_cdc_chr.rgray[3]$_DFF_PN0_,4.52,0.0009063602854948935,4.519093639714504,VALIDATED,activity.csv (mission_weight)
164,g_chan[1].u_cdc_chr.rq2_wgray[4]$_DFF_PN0_,4.52,0.0009063602854948935,4.519093639714504,VALIDATED,activity.csv (mission_weight)
160,g_chan[1].u_cdc_chr.rq1_wgray[0]$_DFF_PN0_,4.52,0.0008967318729011242,4.519103268127099,VALIDATED,activity.csv (mission_weight)
159,g_chan[1].u_cdc_chr.rgray[0]$_DFF_PN0_,4.52,0.0008967318729011242,4.519103268127099,VALIDATED,activity.csv (mission_weight)
170,g_chan[1].u_cdc_chr.rq1_wgray[3]$_DFF_PN0_,4.52,0.000886984787326052,4.519113015212674,VALIDATED,activity.csv (mission_weight)
171,g_chan[1].u_cdc_chr.rq2_wgray[1]$_DFF_PN0_,4.52,0.000886984787326052,4.519113015212674,VALIDATED,activity.csv (mission_weight)
173,g_chan[1].u_cdc_chr.rgray[1]$_DFF_PN0_,4.52,0.000886984787326052,4.519113015212674,VALIDATED,activity.csv (mission_weight)
172,g_chan[1].u_cdc_chr.rq1_wgray[1]$_DFF_PN0_,4.52,0.000886984787326052,4.519113015212674,VALIDATED,activity.csv (mission_weight)
165,u_dma_fabric.rr_ptr$_DFFE_PN0P_,4.52,0.0008709843188592775,4.51912901568114,VALIDATED,activity.csv (mission_weight)
178,u_seq_core.addr_q[9]$_DFFE_PN0P_,4.55,0.0008468277573885351,4.549153172242612,VALIDATED,activity.csv (mission_weight)
177,u_seq_core.addr_q[8]$_DFFE_PN0P_,4.55,0.0008468277573885351,4.549153172242612,VALIDATED,activity.csv (mission_weight)
176,u_seq_core.addr_q[6]$_DFFE_PN0P_,4.55,0.0008468277573885351,4.549153172242612,VALIDATED,activity.csv (mission_weight)
179,u_seq_core.addr_q[31]$_DFFE_PN0P_,4.55,0.0008468277573885351,4.549153172242612,VALIDATED,activity.csv (mission_weight)
174,u_seq_core.addr_q[26]$_DFFE_PN0P_,4.55,0.0008428974176380444,4.549157102582361,VALIDATED,activity.csv (mission_weight)
175,u_seq_core.addr_q[7]$_DFFE_PN0P_,4.55,0.0008428974176380444,4.549157102582361,VALIDATED,activity.csv (mission_weight)
181,u_seq_core.addr_q[2]$_DFFE_PN0P_,4.56,0.0008468277573885351,4.5591531722426115,VALIDATED,activity.csv (mission_weight)
180,u_seq_core.addr_q[20]$_DFFE_PN0P_,4.56,0.0008468277573885351,4.5591531722426115,VALIDATED,activity.csv (mission_weight)
182,u_seq_core.addr_q[21]$_DFFE_PN0P_,4.56,0.0008436392649949567,4.559156360735004,VALIDATED,activity.csv (mission_weight)
186,c_cmd_addr[8]$_DFFE_PN0N_,4.57,0.0008637515689713243,4.569136248431029,VALIDATED,activity.csv (mission_weight)
184,c_cmd_addr[6]$_DFFE_PN0N_,4.57,0.0008566306286538551,4.569143369371346,VALIDATED,activity.csv (mission_weight)
185,c_cmd_addr[9]$_DFFE_PN0N_,4.57,0.0008566306286538551,4.569143369371346,VALIDATED,activity.csv (mission_weight)
183,c_cmd_addr[7]$_DFFE_PN0N_,4.57,0.0008566306286538551,4.569143369371346,VALIDATED,activity.csv (mission_weight)
188,u_seq_core.done$_DFFE_PN0P_,4.59,0.0008901274939108472,4.589109872506089,VALIDATED,activity.csv (mission_weight)
207,u_seq_core.ch_cmd_valid$_DFF_PN0_,4.59,0.0008901012033146194,4.589109898796686,VALIDATED,activity.csv (mission_weight)
205,u_seq_core.ecc_en_q$_DFFE_PN0P_,4.59,0.0008900749127183916,4.589109925087281,VALIDATED,activity.csv (mission_weight)
192,g_chan[0].u_cdc_chcmd.wbin[3]$_DFF_PN0_,4.59,0.0008677639454374094,4.589132236054563,VALIDATED,activity.csv (mission_weight)
191,g_chan[0].u_cdc_chcmd.wgray[1]$_DFF_PN0_,4.59,0.0008677639454374094,4.589132236054563,VALIDATED,activity.csv (mission_weight)
206,u_ecc_engine.vpipe[2]$_DFF_PN0_,4.59,0.0008677364598140834,4.589132263540185,VALIDATED,activity.csv (mission_weight)
204,u_ecc_engine.vpipe[0]$_DFF_PN0_,4.59,0.0008677364598140834,4.589132263540185,VALIDATED,activity.csv (mission_weight)
203,u_ecc_engine.vpipe[1]$_DFF_PN0_,4.59,0.0008677364598140834,4.589132263540185,VALIDATED,activity.csv (mission_weight)
187,g_chan[0].u_cdc_chcmd.wr_full$_DFF_PN0_,4.59,0.0008449736104574543,4.589155026389542,VALIDATED,activity.csv (mission_weight)
193,g_chan[0].u_cdc_chcmd.wq2_rgray[1]$_DFF_PN0_,4.59,0.0008449736104574543,4.589155026389542,VALIDATED,activity.csv (mission_weight)
190,g_chan[0].u_cdc_chcmd.wbin[4]$_DFF_PN0_,4.59,0.0008449736104574543,4.589155026389542,VALIDATED,activity.csv (mission_weight)
189,g_chan[0].u_cdc_chcmd.wgray[0]$_DFF_PN0_,4.59,0.0008449736104574543,4.589155026389542,VALIDATED,activity.csv (mission_weight)
194,g_chan[0].u_cdc_chcmd.wq1_rgray[1]$_DFF_PN0_,4.59,0.0008449736104574543,4.589155026389542,VALIDATED,activity.csv (mission_weight)
197,g_chan[0].u_cdc_chw.wq2_rgray[1]$_DFF_PN0_,4.59,0.0007711733939169476,4.589228826606083,VALIDATED,activity.csv (mission_weight)
196,g_chan[0].u_cdc_chw.wq2_rgray[3]$_DFF_PN0_,4.59,0.0007711733939169476,4.589228826606083,VALIDATED,activity.csv (mission_weight)
195,g_chan[0].u_cdc_chw.wq2_rgray[2]$_DFF_PN0_,4.59,0.0007711733939169476,4.589228826606083,VALIDATED,activity.csv (mission_weight)
199,g_chan[0].u_cdc_chw.wq1_rgray[2]$_DFF_PN0_,4.59,0.0007711733939169476,4.589228826606083,VALIDATED,activity.csv (mission_weight)
200,g_chan[0].u_cdc_chw.wq1_rgray[1]$_DFF_PN0_,4.59,0.0007711733939169476,4.589228826606083,VALIDATED,activity.csv (mission_weight)
201,g_chan[0].u_cdc_chw.wq1_rgray[4]$_DFF_PN0_,4.59,0.0007711733939169476,4.589228826606083,VALIDATED,activity.csv (mission_weight)
198,g_chan[0].u_cdc_chw.wq1_rgray[3]$_DFF_PN0_,4.59,0.0007711733939169476,4.589228826606083,VALIDATED,activity.csv (mission_weight)
202,g_chan[0].u_cdc_chw.wq2_rgray[4]$_DFF_PN0_,4.59,0.0007711733939169476,4.589228826606083,VALIDATED,activity.csv (mission_weight)
214,c_cmd_ecc_en$_DFFE_PN0N_,4.6,0.0009028481749373748,4.599097151825062,VALIDATED,activity.csv (mission_weight)
210,c_cmd_chmask[1]$_DFFE_PN0N_,4.6,0.0008729311310826798,4.599127068868917,VALIDATED,activity.csv (mission_weight)
212,c_cmd_chmask[0]$_DFFE_PN0N_,4.6,0.0008729311310826798,4.599127068868917,VALIDATED,activity.csv (mission_weight)
215,c_cmd_opcode[0]$_DFFE_PN0N_,4.6,0.0008729311310826798,4.599127068868917,VALIDATED,activity.csv (mission_weight)
218,c_cmd_addr[17]$_DFFE_PN0N_,4.6,0.0008729311310826798,4.599127068868917,VALIDATED,activity.csv (mission_weight)
217,c_cmd_opcode[1]$_DFFE_PN0N_,4.6,0.0008729311310826798,4.599127068868917,VALIDATED,activity.csv (mission_weight)
213,c_cmd_opcode[4]$_DFFE_PN0N_,4.6,0.0008729311310826798,4.599127068868917,VALIDATED,activity.csv (mission_weight)
216,c_cmd_opcode[2]$_DFFE_PN0N_,4.6,0.0008729311310826798,4.599127068868917,VALIDATED,activity.csv (mission_weight)
211,c_cmd_chan$_DFFE_PN0N_,4.6,0.0008728933959299134,4.59912710660407,VALIDATED,activity.csv (mission_weight)
209,g_chan[0].u_cdc_chw.wgray[2]$_DFF_PN0_,4.6,0.0007742067037618747,4.599225793296238,VALIDATED,activity.csv (mission_weight)
208,g_chan[0].u_cdc_chw.wgray[3]$_DFF_PN0_,4.6,0.0007742067037618747,4.599225793296238,VALIDATED,activity.csv (mission_weight)
222,g_chan[0].u_cdc_chw.wq1_rgray[0]$_DFF_PN0_,4.6,0.0007596793002092733,4.59924032069979,VALIDATED,activity.csv (mission_weight)
221,g_chan[0].u_cdc_chw.wbin[1]$_DFF_PN0_,4.6,0.0007596793002092733,4.59924032069979,VALIDATED,activity.csv (mission_weight)
223,g_chan[0].u_cdc_chw.wgray[0]$_DFF_PN0_,4.6,0.0007596793002092733,4.59924032069979,VALIDATED,activity.csv (mission_weight)
220,g_chan[0].u_cdc_chw.wbin[0]$_DFF_PN0_,4.6,0.0007596793002092733,4.59924032069979,VALIDATED,activity.csv (mission_weight)
225,g_chan[0].u_cdc_chw.wbin[4]$_DFF_PN0_,4.6,0.0007596793002092733,4.59924032069979,VALIDATED,activity.csv (mission_weight)
224,g_chan[0].u_cdc_chw.wgray[1]$_DFF_PN0_,4.6,0.0007596793002092733,4.59924032069979,VALIDATED,activity.csv (mission_weight)
219,g_chan[0].u_cdc_chw.wq2_rgray[0]$_DFF_PN0_,4.6,0.0007587854723073301,4.599241214527693,VALIDATED,activity.csv (mission_weight)
229,u_cdc_wbeat.rbin[1]$_DFF_PN0_,4.61,0.0007730487987352222,4.609226951201265,VALIDATED,activity.csv (mission_weight)
230,u_cdc_wbeat.rbin[3]$_DFF_PN0_,4.61,0.0007730487987352222,4.609226951201265,VALIDATED,activity.csv (mission_weight)
231,u_cdc_wbeat.rbin[2]$_DFF_PN0_,4.61,0.0007730487987352222,4.609226951201265,VALIDATED,activity.csv (mission_weight)
232,u_cdc_wbeat.rbin[4]$_DFF_PN0_,4.61,0.0007730487987352222,4.609226951201265,VALIDATED,activity.csv (mission_weight)
228,u_cdc_wbeat.rbin[0]$_DFF_PN0_,4.61,0.0007730487987352222,4.609226951201265,VALIDATED,activity.csv (mission_weight)
234,g_chan[1].u_cdc_chw.wq1_rgray[4]$_DFF_PN0_,4.61,0.0007627066317435413,4.609237293368257,VALIDATED,activity.csv (mission_weight)
226,g_chan[0].u_cdc_chw.wbin[2]$_DFF_PN0_,4.61,0.000761385950438967,4.609238614049561,VALIDATED,activity.csv (mission_weight)
227,g_chan[0].u_cdc_chw.wbin[3]$_DFF_PN0_,4.61,0.000761385950438967,4.609238614049561,VALIDATED,activity.csv (mission_weight)
233,g_chan[1].u_cdc_chw.wq2_rgray[4]$_DFF_PN0_,4.61,0.0007549435353357142,4.6092450564646645,VALIDATED,activity.csv (mission_weight)
235,g_chan[1].u_cdc_chw.wq1_rgray[0]$_DFF_PN0_,4.61,0.0007549435353357142,4.6092450564646645,VALIDATED,activity.csv (mission_weight)
245,u_seq_core.op_q[1]$_DFFE_PN0P_,4.62,0.0008029555464870997,4.619197044453513,VALIDATED,activity.csv (mission_weight)
247,u_seq_core.op_q[3]$_DFFE_PN0P_,4.62,0.0008029555464870997,4.619197044453513,VALIDATED,activity.csv (mission_weight)
240,u_cdc_wbeat.rgray[1]$_DFF_PN0_,4.62,0.0008024467641699132,4.61919755323583,VALIDATED,activity.csv (mission_weight)
239,u_cdc_wbeat.rq2_wgray[1]$_DFF_PN0_,4.62,0.0008024467641699132,4.61919755323583,VALIDATED,activity.csv (mission_weight)
238,u_cdc_wbeat.rgray[2]$_DFF_PN0_,4.62,0.0008024467641699132,4.61919755323583,VALIDATED,activity.csv (mission_weight)
236,u_cdc_wbeat.rq1_wgray[1]$_DFF_PN0_,4.62,0.0008024467641699132,4.61919755323583,VALIDATED,activity.csv (mission_weight)
237,u_cdc_wbeat.rq2_wgray[2]$_DFF_PN0_,4.62,0.0008024467641699132,4.61919755323583,VALIDATED,activity.csv (mission_weight)
248,u_cdc_wbeat.rq1_wgray[4]$_DFF_PN0_,4.62,0.0008024467641699132,4.61919755323583,VALIDATED,activity.csv (mission_weight)
249,u_cdc_wbeat.rq1_wgray[3]$_DFF_PN0_,4.62,0.0008024467641699132,4.61919755323583,VALIDATED,activity.csv (mission_weight)
250,u_cdc_wbeat.rq2_wgray[0]$_DFF_PN0_,4.62,0.0008024467641699132,4.61919755323583,VALIDATED,activity.csv (mission_weight)
241,u_cdc_wbeat.rq1_wgray[2]$_DFF_PN0_,4.62,0.0008024467641699132,4.61919755323583,VALIDATED,activity.csv (mission_weight)
243,u_cdc_wbeat.rgray[3]$_DFF_PN0_,4.62,0.0008024467641699132,4.61919755323583,VALIDATED,activity.csv (mission_weight)
242,u_cdc_wbeat.rq2_wgray[3]$_DFF_PN0_,4.62,0.0008024467641699132,4.61919755323583,VALIDATED,activity.csv (mission_weight)
244,u_cdc_wbeat.rgray[0]$_DFF_PN0_,4.62,0.0008024467641699132,4.61919755323583,VALIDATED,activity.csv (mission_weight)
246,u_cdc_wbeat.rq1_wgray[0]$_DFF_PN0_,4.62,0.0008024467641699132,4.61919755323583,VALIDATED,activity.csv (mission_weight)
251,u_cdc_wbeat.rq2_wgray[4]$_DFF_PN0_,4.62,0.0008024467641699132,4.61919755323583,VALIDATED,activity.csv (mission_weight)
255,u_cdc_wbeat.rd_empty$_DFF_PN1_,4.63,0.000796438397270352,4.629203561602729,VALIDATED,activity.csv (mission_weight)
252,u_seq_core.chan_q$_DFFE_PN0P_,4.63,0.0007592439330060749,4.629240756066994,VALIDATED,activity.csv (mission_weight)
253,g_chan[1].u_cdc_chw.wr_full$_DFF_PN0_,4.63,0.00075390796134292,4.629246092038657,VALIDATED,activity.csv (mission_weight)
254,g_chan[0].u_cdc_chw.wr_full$_DFF_PN0_,4.63,0.000751474447901572,4.629248525552098,VALIDATED,activity.csv (mission_weight)
258,g_chan[0].u_cdc_chcmd.wq1_rgray[2]$_DFF_PN0_,4.64,0.0007927930830737561,4.639207206916926,VALIDATED,activity.csv (mission_weight)
257,u_seq_core.mask_q[0]$_DFFE_PN0P_,4.64,0.0007927930830737561,4.639207206916926,VALIDATED,activity.csv (mission_weight)
256,g_chan[0].u_cdc_chcmd.wq1_rgray[3]$_DFF_PN0_,4.64,0.0007927930830737561,4.639207206916926,VALIDATED,activity.csv (mission_weight)
260,u_seq_core.op_q[4]$_DFFE_PN0P_,4.64,0.0007927930830737561,4.639207206916926,VALIDATED,activity.csv (mission_weight)
259,u_seq_core.mask_q[1]$_DFFE_PN0P_,4.64,0.0007927930830737561,4.639207206916926,VALIDATED,activity.csv (mission_weight)
262,u_seq_core.op_q[2]$_DFFE_PN0P_,4.64,0.0007830055141469228,4.639216994485853,VALIDATED,activity.csv (mission_weight)
261,u_seq_core.op_q[5]$_DFFE_PN0P_,4.64,0.0007830055141469228,4.639216994485853,VALIDATED,activity.csv (mission_weight)
264,u_seq_core.beats_left[19]$_DFFE_PN0P_,4.65,0.0008529506967616743,4.649147049303239,VALIDATED,activity.csv (mission_weight)
275,u_seq_core.beats_left[15]$_DFFE_PN0P_,4.65,0.0008528720511823615,4.649147127948818,VALIDATED,activity.csv (mission_weight)
287,u_seq_core.beats_left[17]$_DFFE_PN0P_,4.65,0.0008492276387500122,4.64915077236125,VALIDATED,activity.csv (mission_weight)
283,u_seq_core.beats_left[24]$_DFFE_PN0P_,4.65,0.0008492276387500122,4.64915077236125,VALIDATED,activity.csv (mission_weight)
285,u_seq_core.beats_left[18]$_DFFE_PN0P_,4.65,0.0008492276387500122,4.64915077236125,VALIDATED,activity.csv (mission_weight)
290,u_seq_core.beats_left[16]$_DFFE_PN0P_,4.65,0.0008492276387500122,4.64915077236125,VALIDATED,activity.csv (mission_weight)
282,u_seq_core.beats_left[23]$_DFFE_PN0P_,4.65,0.0008492276387500122,4.64915077236125,VALIDATED,activity.csv (mission_weight)
278,u_seq_core.beats_left[0]$_DFFE_PN0P_,4.65,0.0008422111505425184,4.6491577888494575,VALIDATED,activity.csv (mission_weight)
277,u_seq_core.beats_left[14]$_DFFE_PN0P_,4.65,0.0008422111505425184,4.6491577888494575,VALIDATED,activity.csv (mission_weight)
276,u_seq_core.beats_left[5]$_DFFE_PN0P_,4.65,0.0008422111505425184,4.6491577888494575,VALIDATED,activity.csv (mission_weight)
295,u_seq_core.beats_left[2]$_DFFE_PN0P_,4.65,0.0008379146994518942,4.649162085300548,VALIDATED,activity.csv (mission_weight)
274,u_seq_core.beats_left[3]$_DFFE_PN0P_,4.65,0.0008256301202627935,4.649174369879738,VALIDATED,activity.csv (mission_weight)
268,u_seq_core.beats_left[4]$_DFFE_PN0P_,4.65,0.0008256301202627935,4.649174369879738,VALIDATED,activity.csv (mission_weight)
269,u_seq_core.beats_left[7]$_DFFE_PN0P_,4.65,0.0008256301202627935,4.649174369879738,VALIDATED,activity.csv (mission_weight)
271,u_seq_core.beats_left[6]$_DFFE_PN0P_,4.65,0.0008256301202627935,4.649174369879738,VALIDATED,activity.csv (mission_weight)
272,u_seq_core.op_q[6]$_DFFE_PN0P_,4.65,0.0008256301202627935,4.649174369879738,VALIDATED,activity.csv (mission_weight)
270,u_seq_core.addr_q[17]$_DFFE_PN0P_,4.65,0.0008242863434441486,4.649175713656557,VALIDATED,activity.csv (mission_weight)
265,u_seq_core.addr_q[1]$_DFFE_PN0P_,4.65,0.0008242863434441486,4.649175713656557,VALIDATED,activity.csv (mission_weight)
266,u_seq_core.addr_q[18]$_DFFE_PN0P_,4.65,0.0008242863434441486,4.649175713656557,VALIDATED,activity.csv (mission_weight)
263,u_seq_core.addr_q[25]$_DFFE_PN0P_,4.65,0.0008242863434441486,4.649175713656557,VALIDATED,activity.csv (mission_weight)
267,u_seq_core.beats_left[1]$_DFFE_PN0P_,4.65,0.0008242863434441486,4.649175713656557,VALIDATED,activity.csv (mission_weight)
293,u_seq_core.beats_left[13]$_DFFE_PN0P_,4.65,0.0008134745682199171,4.64918652543178,VALIDATED,activity.csv (mission_weight)
296,u_seq_core.beats_left[12]$_DFFE_PN0P_,4.65,0.0008134745682199171,4.64918652543178,VALIDATED,activity.csv (mission_weight)
292,u_seq_core.beats_left[20]$_DFFE_PN0P_,4.65,0.0008134745682199171,4.64918652543178,VALIDATED,activity.csv (mission_weight)
297,u_seq_core.beats_left[31]$_DFFE_PN0P_,4.65,0.0008134745682199171,4.64918652543178,VALIDATED,activity.csv (mission_weight)
298,u_seq_core.beats_left[11]$_DFFE_PN0P_,4.65,0.000813396905710348,4.64918660309429,VALIDATED,activity.csv (mission_weight)
300,u_seq_core.beats_left[9]$_DFFE_PN0P_,4.65,0.0007941539138093673,4.649205846086191,VALIDATED,activity.csv (mission_weight)
301,u_seq_core.beats_left[8]$_DFFE_PN0P_,4.65,0.0007941539138093673,4.649205846086191,VALIDATED,activity.csv (mission_weight)
299,u_seq_core.beats_left[10]$_DFFE_PN0P_,4.65,0.0007941539138093673,4.649205846086191,VALIDATED,activity.csv (mission_weight)
302,u_seq_core.addr_q[19]$_DFFE_PN0P_,4.65,0.0007802862097875535,4.649219713790213,VALIDATED,activity.csv (mission_weight)
273,u_seq_core.addr_q[22]$_DFFE_PN0P_,4.65,0.0007606344991998165,4.649239365500801,VALIDATED,activity.csv (mission_weight)
284,u_seq_core.addr_q[23]$_DFFE_PN0P_,4.65,0.0007606344991998165,4.649239365500801,VALIDATED,activity.csv (mission_weight)
280,u_seq_core.addr_q[14]$_DFFE_PN0P_,4.65,0.0007606344991998165,4.649239365500801,VALIDATED,activity.csv (mission_weight)
294,u_seq_core.addr_q[11]$_DFFE_PN0P_,4.65,0.0007543907120641513,4.649245609287936,VALIDATED,activity.csv (mission_weight)
286,u_seq_core.addr_q[3]$_DFFE_PN0P_,4.65,0.0007543907120641513,4.649245609287936,VALIDATED,activity.csv (mission_weight)
288,u_seq_core.addr_q[10]$_DFFE_PN0P_,4.65,0.0007543907120641513,4.649245609287936,VALIDATED,activity.csv (mission_weight)
289,u_seq_core.addr_q[5]$_DFFE_PN0P_,4.65,0.0007543907120641513,4.649245609287936,VALIDATED,activity.csv (mission_weight)
291,u_seq_core.addr_q[27]$_DFFE_PN0P_,4.65,0.0007543907120641513,4.649245609287936,VALIDATED,activity.csv (mission_weight)
281,u_seq_core.addr_q[30]$_DFFE_PN0P_,4.65,0.000749826118833459,4.649250173881167,VALIDATED,activity.csv (mission_weight)
279,u_seq_core.addr_q[4]$_DFFE_PN0P_,4.65,0.000749826118833459,4.649250173881167,VALIDATED,activity.csv (mission_weight)
304,c_cmd_addr[15]$_DFFE_PN0N_,4.66,0.000860056910844377,4.659139943089156,VALIDATED,activity.csv (mission_weight)
305,c_cmd_addr[1]$_DFFE_PN0N_,4.66,0.000860056910844377,4.659139943089156,VALIDATED,activity.csv (mission_weight)
306,c_cmd_addr[18]$_DFFE_PN0N_,4.66,0.000860056910844377,4.659139943089156,VALIDATED,activity.csv (mission_weight)
303,c_cmd_addr[12]$_DFFE_PN0N_,4.66,0.000860056910844377,4.659139943089156,VALIDATED,activity.csv (mission_weight)
307,c_cmd_addr[13]$_DFFE_PN0N_,4.66,0.000860056910844377,4.659139943089156,VALIDATED,activity.csv (mission_weight)
308,c_cmd_addr[16]$_DFFE_PN0N_,4.66,0.0008371158336963058,4.659162884166304,VALIDATED,activity.csv (mission_weight)
311,c_cmd_addr[19]$_DFFE_PN0N_,4.66,0.0008204373242001392,4.6591795626758,VALIDATED,activity.csv (mission_weight)
312,c_cmd_addr[0]$_DFFE_PN0N_,4.66,0.0008204373242001392,4.6591795626758,VALIDATED,activity.csv (mission_weight)
310,c_cmd_opcode[5]$_DFFE_PN0N_,4.66,0.0008204373242001392,4.6591795626758,VALIDATED,activity.csv (mission_weight)
309,c_cmd_opcode[7]$_DFFE_PN0N_,4.66,0.0008204373242001392,4.6591795626758,VALIDATED,activity.csv (mission_weight)
313,c_cmd_opcode[6]$_DFFE_PN0N_,4.66,0.0007724618119239052,4.659227538188076,VALIDATED,activity.csv (mission_weight)
314,c_cmd_addr[14]$_DFFE_PN0N_,4.67,0.0007724618119239052,4.669227538188076,VALIDATED,activity.csv (mission_weight)
315,c_cmd_addr[2]$_DFFE_PN0N_,4.67,0.0007724618119239052,4.669227538188076,VALIDATED,activity.csv (mission_weight)
316,c_cmd_opcode[3]$_DFFE_PN0N_,4.67,0.0007724618119239052,4.669227538188076,VALIDATED,activity.csv (mission_weight)
317,u_seq_core.addr_q[28]$_DFFE_PN0P_,4.69,0.0007179991124469792,4.6892820008875535,VALIDATED,activity.csv (mission_weight)
318,u_seq_core.addr_q[29]$_DFFE_PN0P_,4.73,0.0006644866061632504,4.7293355133938375,VALIDATED,activity.csv (mission_weight)
329,g_chan[0].u_cdc_chcmd.wbin[2]$_DFF_PN0_,4.74,0.0007027254460039226,4.739297274553996,VALIDATED,activity.csv (mission_weight)
339,u_seq_core.op_q[7]$_DFFE_PN0P_,4.74,0.0006997264702839415,4.739300273529716,VALIDATED,activity.csv (mission_weight)
331,g_chan[0].u_cdc_chcmd.wbin[0]$_DFF_PN0_,4.74,0.0006997264702839415,4.739300273529716,VALIDATED,activity.csv (mission_weight)
330,g_chan[0].u_cdc_chcmd.wbin[1]$_DFF_PN0_,4.74,0.0006997264702839415,4.739300273529716,VALIDATED,activity.csv (mission_weight)
322,g_chan[0].u_cdc_chcmd.wgray[3]$_DFF_PN0_,4.74,0.0006828291218150748,4.739317170878185,VALIDATED,activity.csv (mission_weight)
324,g_chan[0].u_cdc_chcmd.wq1_rgray[4]$_DFF_PN0_,4.74,0.0006828291218150748,4.739317170878185,VALIDATED,activity.csv (mission_weight)
319,g_chan[0].u_cdc_chcmd.wgray[2]$_DFF_PN0_,4.74,0.0006828291218150748,4.739317170878185,VALIDATED,activity.csv (mission_weight)
327,g_chan[0].u_cdc_chcmd.wq2_rgray[4]$_DFF_PN0_,4.74,0.0006828291218150748,4.739317170878185,VALIDATED,activity.csv (mission_weight)
340,g_chan[0].u_cdc_chcmd.wq1_rgray[0]$_DFF_PN0_,4.74,0.0006828051264296253,4.73931719487357,VALIDATED,activity.csv (mission_weight)
337,g_chan[0].u_cdc_chcmd.wq2_rgray[2]$_DFF_PN0_,4.74,0.0006828051264296253,4.73931719487357,VALIDATED,activity.csv (mission_weight)
341,g_chan[0].u_cdc_chcmd.wq2_rgray[0]$_DFF_PN0_,4.74,0.0006828051264296253,4.73931719487357,VALIDATED,activity.csv (mission_weight)
338,g_chan[0].u_cdc_chcmd.wq2_rgray[3]$_DFF_PN0_,4.74,0.0006828051264296253,4.73931719487357,VALIDATED,activity.csv (mission_weight)
333,c_cmd_addr[5]$_DFFE_PN0N_,4.74,0.0006748237692421749,4.739325176230758,VALIDATED,activity.csv (mission_weight)
328,c_cmd_addr[4]$_DFFE_PN0N_,4.74,0.0006748237692421749,4.739325176230758,VALIDATED,activity.csv (mission_weight)
325,c_cmd_addr[21]$_DFFE_PN0N_,4.74,0.0006748237692421749,4.739325176230758,VALIDATED,activity.csv (mission_weight)
336,c_cmd_addr[11]$_DFFE_PN0N_,4.74,0.0006748237692421749,4.739325176230758,VALIDATED,activity.csv (mission_weight)
332,c_cmd_addr[10]$_DFFE_PN0N_,4.74,0.0006748237692421749,4.739325176230758,VALIDATED,activity.csv (mission_weight)
335,c_cmd_addr[3]$_DFFE_PN0N_,4.74,0.0006748237692421749,4.739325176230758,VALIDATED,activity.csv (mission_weight)
334,c_cmd_addr[30]$_DFFE_PN0N_,4.74,0.0006748237692421749,4.739325176230758,VALIDATED,activity.csv (mission_weight)
326,c_cmd_addr[26]$_DFFE_PN0N_,4.74,0.0006748237692421749,4.739325176230758,VALIDATED,activity.csv (mission_weight)
323,c_cmd_addr[27]$_DFFE_PN0N_,4.74,0.0006694363382082069,4.739330563661792,VALIDATED,activity.csv (mission_weight)
320,c_cmd_addr[28]$_DFFE_PN0N_,4.74,0.0006694363382082069,4.739330563661792,VALIDATED,activity.csv (mission_weight)
321,c_cmd_addr[29]$_DFFE_PN0N_,4.74,0.0006694363382082069,4.739330563661792,VALIDATED,activity.csv (mission_weight)
344,u_seq_core.state[1]$_DFFE_PN0P_,4.75,0.0007027014506184731,4.749297298549381,VALIDATED,activity.csv (mission_weight)
342,u_seq_core.state[2]$_DFFE_PN0P_,4.75,0.0007027014506184731,4.749297298549381,VALIDATED,activity.csv (mission_weight)
345,u_seq_core.state[0]$_DFFE_PN0P_,4.75,0.0007027014506184731,4.749297298549381,VALIDATED,activity.csv (mission_weight)
354,u_seq_core.addr_q[15]$_DFFE_PN0P_,4.75,0.0006909599457903328,4.74930904005421,VALIDATED,activity.csv (mission_weight)
359,u_seq_core.addr_q[13]$_DFFE_PN0P_,4.75,0.000690841693064291,4.749309158306936,VALIDATED,activity.csv (mission_weight)
361,u_seq_core.addr_q[24]$_DFFE_PN0P_,4.75,0.000690841693064291,4.749309158306936,VALIDATED,activity.csv (mission_weight)
349,c_cmd_len[18]$_DFFE_PN0N_,4.75,0.0006814373209117763,4.749318562679088,VALIDATED,activity.csv (mission_weight)
346,c_cmd_len[15]$_DFFE_PN0N_,4.75,0.0006814373209117763,4.749318562679088,VALIDATED,activity.csv (mission_weight)
347,c_cmd_len[19]$_DFFE_PN0N_,4.75,0.0006814373209117763,4.749318562679088,VALIDATED,activity.csv (mission_weight)
348,c_cmd_len[17]$_DFFE_PN0N_,4.75,0.0006814373209117763,4.749318562679088,VALIDATED,activity.csv (mission_weight)
343,c_cmd_len[24]$_DFFE_PN0N_,4.75,0.0006814373209117763,4.749318562679088,VALIDATED,activity.csv (mission_weight)
357,c_cmd_len[25]$_DFFE_PN0N_,4.75,0.0006718396121664152,4.749328160387834,VALIDATED,activity.csv (mission_weight)
350,c_cmd_len[14]$_DFFE_PN0N_,4.75,0.0006718396121664152,4.749328160387834,VALIDATED,activity.csv (mission_weight)
355,c_cmd_len[23]$_DFFE_PN0N_,4.75,0.0006718396121664152,4.749328160387834,VALIDATED,activity.csv (mission_weight)
356,c_cmd_len[22]$_DFFE_PN0N_,4.75,0.0006718396121664152,4.749328160387834,VALIDATED,activity.csv (mission_weight)
358,c_cmd_len[20]$_DFFE_PN0N_,4.75,0.0006718396121664152,4.749328160387834,VALIDATED,activity.csv (mission_weight)
352,c_cmd_len[12]$_DFFE_PN0N_,4.75,0.0006718396121664152,4.749328160387834,VALIDATED,activity.csv (mission_weight)
351,c_cmd_len[13]$_DFFE_PN0N_,4.75,0.0006718396121664152,4.749328160387834,VALIDATED,activity.csv (mission_weight)
353,c_cmd_len[16]$_DFFE_PN0N_,4.75,0.0006718396121664152,4.749328160387834,VALIDATED,activity.csv (mission_weight)
360,c_cmd_len[26]$_DFFE_PN0N_,4.75,0.0006588344539355737,4.749341165546064,VALIDATED,activity.csv (mission_weight)
363,u_seq_core.addr_q[12]$_DFFE_PN0P_,4.76,0.0006758351522724443,4.759324164847727,VALIDATED,activity.csv (mission_weight)
365,u_seq_core.addr_q[0]$_DFFE_PN0P_,4.76,0.0006758351522724443,4.759324164847727,VALIDATED,activity.csv (mission_weight)
369,u_seq_core.addr_q[16]$_DFFE_PN0P_,4.76,0.0006660404399206066,4.759333959560079,VALIDATED,activity.csv (mission_weight)
364,c_cmd_len[31]$_DFFE_PN0N_,4.76,0.0006651008899497338,4.75933489911005,VALIDATED,activity.csv (mission_weight)
362,c_cmd_len[21]$_DFFE_PN0N_,4.76,0.0006651008899497338,4.75933489911005,VALIDATED,activity.csv (mission_weight)
371,c_cmd_len[28]$_DFFE_PN0N_,4.76,0.0006651008899497338,4.75933489911005,VALIDATED,activity.csv (mission_weight)
372,c_cmd_len[30]$_DFFE_PN0N_,4.76,0.0006555994486647856,4.759344400551335,VALIDATED,activity.csv (mission_weight)
370,c_cmd_addr[31]$_DFFE_PN0N_,4.76,0.0006494225331651199,4.759350577466835,VALIDATED,activity.csv (mission_weight)
367,c_cmd_addr[20]$_DFFE_PN0N_,4.76,0.0006494225331651199,4.759350577466835,VALIDATED,activity.csv (mission_weight)
368,c_cmd_len[27]$_DFFE_PN0N_,4.76,0.0006494225331651199,4.759350577466835,VALIDATED,activity.csv (mission_weight)
366,c_cmd_len[29]$_DFFE_PN0N_,4.76,0.0006494225331651199,4.759350577466835,VALIDATED,activity.csv (mission_weight)
373,c_cmd_addr[22]$_DFFE_PN0N_,4.77,0.0006555994486647856,4.769344400551335,VALIDATED,activity.csv (mission_weight)
374,c_cmd_len[11]$_DFFE_PN0N_,4.77,0.0006555994486647856,4.769344400551335,VALIDATED,activity.csv (mission_weight)
809,u_host_if.reg_len[0]$_DFFE_PN0P_,6.54,0.0037188651098816745,6.536281134890118,VALIDATED,activity.csv (mission_weight)
803,u_host_if.reg_len[3]$_DFFE_PN0P_,6.54,0.0036259952750071767,6.536374004724993,VALIDATED,activity.csv (mission_weight)
811,u_host_if.repack_q[13]$_DFFE_PN0P_,6.54,0.0035561552609369163,6.536443844739063,VALIDATED,activity.csv (mission_weight)
805,u_host_if.repack_q[9]$_DFFE_PN0P_,6.54,0.003554861003848553,6.536445138996151,VALIDATED,activity.csv (mission_weight)
812,u_host_if.repack_q[11]$_DFFE_PN0P_,6.54,0.003524999551311636,6.5364750004486885,VALIDATED,activity.csv (mission_weight)
810,u_host_if.repack_q[8]$_DFFE_PN0P_,6.54,0.003524999551311636,6.5364750004486885,VALIDATED,activity.csv (mission_weight)
806,u_host_if.repack_q[7]$_DFFE_PN0P_,6.54,0.0034951380987747194,6.536504861901225,VALIDATED,activity.csv (mission_weight)
804,u_host_if.repack_q[1]$_DFFE_PN0P_,6.54,0.0034951380987747194,6.536504861901225,VALIDATED,activity.csv (mission_weight)
808,u_host_if.repack_q[2]$_DFFE_PN0P_,6.54,0.0034951380987747194,6.536504861901225,VALIDATED,activity.csv (mission_weight)
807,u_host_if.repack_q[5]$_DFFE_PN0P_,6.54,0.0034951380987747194,6.536504861901225,VALIDATED,activity.csv (mission_weight)
801,u_host_if.reg_len[9]$_DFFE_PN0P_,6.54,0.003443506635016191,6.536556493364984,VALIDATED,activity.csv (mission_weight)
802,u_host_if.reg_len[11]$_DFFE_PN0P_,6.54,0.0034387251482366765,6.536561274851763,VALIDATED,activity.csv (mission_weight)
813,u_host_if.reg_len[1]$_DFFE_PN0P_,6.55,0.0037663776699569935,6.546233622330043,VALIDATED,activity.csv (mission_weight)
818,u_host_if.reg_len[8]$_DFFE_PN0P_,6.55,0.0036242019130788006,6.546375798086921,VALIDATED,activity.csv (mission_weight)
817,u_host_if.reg_len[2]$_DFFE_PN0P_,6.55,0.0036242019130788006,6.546375798086921,VALIDATED,activity.csv (mission_weight)
831,u_host_if.reg_len[13]$_DFFE_PN0P_,6.55,0.0036043346154969735,6.546395665384503,VALIDATED,activity.csv (mission_weight)
814,u_host_if.reg_len[7]$_DFFE_PN0P_,6.55,0.0035473087720333247,6.546452691227967,VALIDATED,activity.csv (mission_weight)
815,u_host_if.repack_q[6]$_DFFE_PN0P_,6.55,0.0035304784125473054,6.546469521587452,VALIDATED,activity.csv (mission_weight)
816,u_host_if.reg_len[5]$_DFFE_PN0P_,6.55,0.003507633014061401,6.546492366985938,VALIDATED,activity.csv (mission_weight)
833,u_host_if.repack_q[3]$_DFFE_PN0P_,6.55,0.0035018842763653024,6.546498115723635,VALIDATED,activity.csv (mission_weight)
824,u_host_if.reg_len[30]$_DFFE_PN0P_,6.55,0.0034962213183855617,6.546503778681615,VALIDATED,activity.csv (mission_weight)
826,u_host_if.reg_len[14]$_DFFE_PN0P_,6.55,0.0034956745902291475,6.546504325409771,VALIDATED,activity.csv (mission_weight)
830,u_host_if.repack_q[4]$_DFFE_PN0P_,6.55,0.003476059952474131,6.546523940047526,VALIDATED,activity.csv (mission_weight)
827,u_host_if.reg_len[20]$_DFFE_PN0P_,6.55,0.003443927673313612,6.546556072326686,VALIDATED,activity.csv (mission_weight)
832,u_host_if.repack_q[15]$_DFFE_PN0P_,6.55,0.0034313951952362476,6.546568604804763,VALIDATED,activity.csv (mission_weight)
825,u_host_if.reg_len[6]$_DFFE_PN0P_,6.55,0.003420131659410214,6.54657986834059,VALIDATED,activity.csv (mission_weight)
820,u_host_if.reg_len[4]$_DFFE_PN0P_,6.55,0.0034171223703928777,6.546582877629607,VALIDATED,activity.csv (mission_weight)
829,u_host_if.reg_len[21]$_DFFE_PN0P_,6.55,0.003415495021343945,6.5465845049786555,VALIDATED,activity.csv (mission_weight)
828,u_host_if.reg_len[31]$_DFFE_PN0P_,6.55,0.003415495021343945,6.5465845049786555,VALIDATED,activity.csv (mission_weight)
819,u_host_if.reg_len[10]$_DFFE_PN0P_,6.55,0.003401009273312966,6.546598990726687,VALIDATED,activity.csv (mission_weight)
821,u_host_if.reg_len[27]$_DFFE_PN0P_,6.55,0.003305602305308547,6.546694397694691,VALIDATED,activity.csv (mission_weight)
823,u_host_if.reg_len[29]$_DFFE_PN0P_,6.55,0.003305602305308547,6.546694397694691,VALIDATED,activity.csv (mission_weight)
822,u_host_if.reg_len[26]$_DFFE_PN0P_,6.55,0.003305602305308547,6.546694397694691,VALIDATED,activity.csv (mission_weight)
836,u_host_if.repack_q[10]$_DFFE_PN0P_,6.56,0.0034684015605027374,6.556531598439497,VALIDATED,activity.csv (mission_weight)
835,u_host_if.repack_q[12]$_DFFE_PN0P_,6.56,0.0034684015605027374,6.556531598439497,VALIDATED,activity.csv (mission_weight)
837,u_host_if.repack_q[16]$_DFFE_PN0P_,6.56,0.00343315701993821,6.556566842980061,VALIDATED,activity.csv (mission_weight)
838,u_host_if.repack_q[19]$_DFFE_PN0P_,6.56,0.00341606951726095,6.556583930482739,VALIDATED,activity.csv (mission_weight)
843,u_host_if.reg_addr[11]$_DFFE_PN0P_,6.56,0.0033794509927120853,6.556620549007287,VALIDATED,activity.csv (mission_weight)
840,u_host_if.reg_addr[30]$_DFFE_PN0P_,6.56,0.003366049209038935,6.55663395079096,VALIDATED,activity.csv (mission_weight)
839,u_host_if.reg_addr[10]$_DFFE_PN0P_,6.56,0.003366049209038935,6.55663395079096,VALIDATED,activity.csv (mission_weight)
834,u_host_if.reg_len[28]$_DFFE_PN0P_,6.56,0.0033479045481526744,6.556652095451847,VALIDATED,activity.csv (mission_weight)
842,u_host_if.reg_addr[27]$_DFFE_PN0P_,6.56,0.0033128329857240457,6.5566871670142755,VALIDATED,activity.csv (mission_weight)
841,u_host_if.reg_addr[26]$_DFFE_PN0P_,6.56,0.0032959802797452586,6.556704019720255,VALIDATED,activity.csv (mission_weight)
844,u_host_if.reg_addr[28]$_DFFE_PN0P_,6.56,0.0032797391065099712,6.556720260893489,VALIDATED,activity.csv (mission_weight)
849,u_host_if.reg_addr[7]$_DFFE_PN0P_,6.57,0.0035418877000897853,6.566458112299911,VALIDATED,activity.csv (mission_weight)
850,u_host_if.reg_addr[5]$_DFFE_PN0P_,6.57,0.003506411750790417,6.56649358824921,VALIDATED,activity.csv (mission_weight)
846,u_host_if.reg_addr[9]$_DFFE_PN0P_,6.57,0.0034683127604549497,6.566531687239546,VALIDATED,activity.csv (mission_weight)
848,u_host_if.reg_addr[3]$_DFFE_PN0P_,6.57,0.0034180396312123995,6.566581960368788,VALIDATED,activity.csv (mission_weight)
847,u_host_if.reg_addr[4]$_DFFE_PN0P_,6.57,0.003393260001998355,6.566606739998002,VALIDATED,activity.csv (mission_weight)
845,u_host_if.reg_addr[29]$_DFFE_PN0P_,6.57,0.003253961412683304,6.566746038587317,VALIDATED,activity.csv (mission_weight)
854,u_host_if.reg_addr[1]$_DFFE_PN0P_,6.58,0.004038289396213535,6.575961710603787,VALIDATED,activity.csv (mission_weight)
855,u_host_if.reg_addr[0]$_DFFE_PN0P_,6.58,0.00400719888354556,6.575992801116454,VALIDATED,activity.csv (mission_weight)
853,u_host_if.reg_addr[2]$_DFFE_PN0P_,6.58,0.003661292070286981,6.576338707929713,VALIDATED,activity.csv (mission_weight)
852,u_host_if.reg_addr[8]$_DFFE_PN0P_,6.58,0.0036205441354180135,6.576379455864582,VALIDATED,activity.csv (mission_weight)
851,u_host_if.reg_addr[6]$_DFFE_PN0P_,6.58,0.0036205441354180135,6.576379455864582,VALIDATED,activity.csv (mission_weight)
857,u_host_if.reg_addr[13]$_DFFE_PN0P_,6.59,0.0038552050962902817,6.58614479490371,VALIDATED,activity.csv (mission_weight)
872,s_rvalid,6.59,0.0006706101337613511,6.589329389866238,VALIDATED,activity.csv (mission_weight)
878,s_rdata[2],6.59,0.00063809146119638,6.5893619085388035,VALIDATED,activity.csv (mission_weight)
875,s_rdata[21],6.59,0.00063809146119638,6.5893619085388035,VALIDATED,activity.csv (mission_weight)
865,s_rdata[3],6.59,0.00063809146119638,6.5893619085388035,VALIDATED,activity.csv (mission_weight)
877,s_rdata[31],6.59,0.00063809146119638,6.5893619085388035,VALIDATED,activity.csv (mission_weight)
867,s_rdata[6],6.59,0.0005983567693258057,6.589401643230674,VALIDATED,activity.csv (mission_weight)
869,s_rdata[5],6.59,0.0005983567693258057,6.589401643230674,VALIDATED,activity.csv (mission_weight)
874,s_rdata[4],6.59,0.0005983567693258057,6.589401643230674,VALIDATED,activity.csv (mission_weight)
876,s_rdata[15],6.59,0.0005909100940175022,6.589409089905982,VALIDATED,activity.csv (mission_weight)
871,s_rdata[14],6.59,0.0005909100940175022,6.589409089905982,VALIDATED,activity.csv (mission_weight)
868,s_rdata[17],6.59,0.0005909100940175022,6.589409089905982,VALIDATED,activity.csv (mission_weight)
873,s_rdata[7],6.59,0.0005858887650442428,6.589414111234956,VALIDATED,activity.csv (mission_weight)
864,s_rdata[16],6.59,0.0005734207607626801,6.5894265792392375,VALIDATED,activity.csv (mission_weight)
863,s_rdata[11],6.59,0.0005734207607626801,6.5894265792392375,VALIDATED,activity.csv (mission_weight)
870,s_rdata[8],6.59,0.0005734207607626801,6.5894265792392375,VALIDATED,activity.csv (mission_weight)
860,s_rdata[19],6.59,0.0005734207607626801,6.5894265792392375,VALIDATED,activity.csv (mission_weight)
859,s_rdata[18],6.59,0.0005734207607626801,6.5894265792392375,VALIDATED,activity.csv (mission_weight)
858,s_rdata[10],6.59,0.0005734207607626801,6.5894265792392375,VALIDATED,activity.csv (mission_weight)
866,s_rdata[13],6.59,0.0005547565923628012,6.589445243407637,VALIDATED,activity.csv (mission_weight)
862,s_rdata[20],6.59,0.0005547565923628012,6.589445243407637,VALIDATED,activity.csv (mission_weight)
861,s_rdata[12],6.59,0.0005547565923628012,6.589445243407637,VALIDATED,activity.csv (mission_weight)
856,s_rdata[9],6.59,0.0005547565923628012,6.589445243407637,VALIDATED,activity.csv (mission_weight)
886,u_host_if.repack_emit$_DFF_PN0_,6.6,0.0034288346660067137,6.596571165333993,VALIDATED,activity.csv (mission_weight)
887,s_rdata[28],6.6,0.0006651373145148548,6.599334862685485,VALIDATED,activity.csv (mission_weight)
884,s_rdata[23],6.6,0.0006651373145148548,6.599334862685485,VALIDATED,activity.csv (mission_weight)
879,s_rdata[0],6.6,0.0006651373145148548,6.599334862685485,VALIDATED,activity.csv (mission_weight)
880,s_rdata[1],6.6,0.0006651373145148548,6.599334862685485,VALIDATED,activity.csv (mission_weight)
888,s_rdata[30],6.6,0.0006651373145148548,6.599334862685485,VALIDATED,activity.csv (mission_weight)
889,s_rdata[24],6.6,0.0006493132676755192,6.599350686732324,VALIDATED,activity.csv (mission_weight)
890,s_rdata[29],6.6,0.0006493132676755192,6.599350686732324,VALIDATED,activity.csv (mission_weight)
891,s_rdata[22],6.6,0.0006493132676755192,6.599350686732324,VALIDATED,activity.csv (mission_weight)
881,s_rdata[25],6.6,0.0005826697543169501,6.599417330245683,VALIDATED,activity.csv (mission_weight)
885,s_rdata[27],6.6,0.000525446462734086,6.599474553537266,VALIDATED,activity.csv (mission_weight)
883,s_rdata[26],6.6,0.000525446462734086,6.599474553537266,VALIDATED,activity.csv (mission_weight)
882,s_bvalid,6.6,0.0003873410671953459,6.599612658932804,VALIDATED,activity.csv (mission_weight)
894,s_arready,6.62,0.0006215410995836917,6.6193784589004165,VALIDATED,activity.csv (mission_weight)
892,s_awready,6.62,0.0003779770002215465,6.619622022999779,VALIDATED,activity.csv (mission_weight)
893,s_wready,6.62,0.0003779770002215465,6.619622022999779,VALIDATED,activity.csv (mission_weight)
895,u_host_if.reg_len[22]$_DFFE_PN0P_,6.67,0.0033558429004018064,6.666644157099598,VALIDATED,activity.csv (mission_weight)
902,u_host_if.reg_len[17]$_DFFE_PN0P_,6.67,0.0033492584066384667,6.666650741593362,VALIDATED,activity.csv (mission_weight)
903,u_host_if.reg_len[24]$_DFFE_PN0P_,6.67,0.0033492584066384667,6.666650741593362,VALIDATED,activity.csv (mission_weight)
905,u_host_if.repack_q[17]$_DFFE_PN0P_,6.67,0.0033088076345516026,6.666691192365448,VALIDATED,activity.csv (mission_weight)
898,u_host_if.reg_len[15]$_DFFE_PN0P_,6.67,0.0033080304408362182,6.666691969559164,VALIDATED,activity.csv (mission_weight)
897,u_host_if.reg_len[19]$_DFFE_PN0P_,6.67,0.0033080304408362182,6.666691969559164,VALIDATED,activity.csv (mission_weight)
896,u_host_if.reg_len[12]$_DFFE_PN0P_,6.67,0.0032987410956968888,6.666701258904303,VALIDATED,activity.csv (mission_weight)
904,u_host_if.reg_len[18]$_DFFE_PN0P_,6.67,0.0031949153089843585,6.666805084691015,VALIDATED,activity.csv (mission_weight)
899,u_host_if.reg_len[25]$_DFFE_PN0P_,6.67,0.0031422137234508596,6.666857786276549,VALIDATED,activity.csv (mission_weight)
901,u_host_if.reg_len[23]$_DFFE_PN0P_,6.67,0.0031422137234508596,6.666857786276549,VALIDATED,activity.csv (mission_weight)
900,u_host_if.reg_len[16]$_DFFE_PN0P_,6.67,0.0031422137234508596,6.666857786276549,VALIDATED,activity.csv (mission_weight)
927,u_host_if.reg_addr[22]$_DFFE_PN0P_,6.68,0.00356757557714793,6.676432424422852,VALIDATED,activity.csv (mission_weight)
926,u_host_if.reg_addr[19]$_DFFE_PN0P_,6.68,0.003556072346410255,6.676443927653589,VALIDATED,activity.csv (mission_weight)
924,u_host_if.reg_addr[14]$_DFFE_PN0P_,6.68,0.003530068084574789,6.676469931915425,VALIDATED,activity.csv (mission_weight)
912,u_host_if.reg_addr[23]$_DFFE_PN0P_,6.68,0.0034365357092774884,6.676563464290722,VALIDATED,activity.csv (mission_weight)
920,u_host_if.reg_addr[20]$_DFFE_PN0P_,6.68,0.0033741308907749845,6.676625869109225,VALIDATED,activity.csv (mission_weight)
925,u_host_if.repack_q[27]$_DFFE_PN0P_,6.68,0.0033462675900647887,6.676653732409935,VALIDATED,activity.csv (mission_weight)
918,u_host_if.repack_q[29]$_DFFE_PN0P_,6.68,0.0033462675900647887,6.676653732409935,VALIDATED,activity.csv (mission_weight)
919,u_host_if.repack_q[18]$_DFFE_PN0P_,6.68,0.0033462675900647887,6.676653732409935,VALIDATED,activity.csv (mission_weight)
921,u_host_if.repack_q[14]$_DFFE_PN0P_,6.68,0.0033462675900647887,6.676653732409935,VALIDATED,activity.csv (mission_weight)
917,u_host_if.repack_q[22]$_DFFE_PN0P_,6.68,0.00332710390809493,6.676672896091905,VALIDATED,activity.csv (mission_weight)
923,u_host_if.reg_addr[31]$_DFFE_PN0P_,6.68,0.0033055534917154623,6.676694446508284,VALIDATED,activity.csv (mission_weight)
922,u_host_if.reg_addr[21]$_DFFE_PN0P_,6.68,0.0033055534917154623,6.676694446508284,VALIDATED,activity.csv (mission_weight)
916,u_host_if.repack_q[0]$_DFFE_PN0P_,6.68,0.0033040607511578,6.676695939248842,VALIDATED,activity.csv (mission_weight)
907,u_host_if.repack_q[26]$_DFFE_PN0P_,6.68,0.0032905520137317397,6.676709447986268,VALIDATED,activity.csv (mission_weight)
906,u_host_if.repack_q[28]$_DFFE_PN0P_,6.68,0.0032905520137317397,6.676709447986268,VALIDATED,activity.csv (mission_weight)
914,u_host_if.repack_q[30]$_DFFE_PN0P_,6.68,0.0032905520137317397,6.676709447986268,VALIDATED,activity.csv (mission_weight)
913,u_host_if.repack_q[21]$_DFFE_PN0P_,6.68,0.0032004135085888508,6.676799586491411,VALIDATED,activity.csv (mission_weight)
908,u_host_if.repack_q[20]$_DFFE_PN0P_,6.68,0.0031910798936744533,6.676808920106326,VALIDATED,activity.csv (mission_weight)
915,u_host_if.repack_q[31]$_DFFE_PN0P_,6.68,0.0031910798936744533,6.676808920106326,VALIDATED,activity.csv (mission_weight)
910,u_host_if.repack_q[24]$_DFFE_PN0P_,6.68,0.0031910798936744533,6.676808920106326,VALIDATED,activity.csv (mission_weight)
911,u_host_if.repack_q[25]$_DFFE_PN0P_,6.68,0.0031740627158221013,6.676825937284177,VALIDATED,activity.csv (mission_weight)
909,u_host_if.repack_q[23]$_DFFE_PN0P_,6.68,0.0031532081343893514,6.676846791865611,VALIDATED,activity.csv (mission_weight)
930,u_host_if.reg_addr[17]$_DFFE_PN0P_,6.69,0.003475080050431345,6.686524919949569,VALIDATED,activity.csv (mission_weight)
931,u_host_if.reg_addr[15]$_DFFE_PN0P_,6.69,0.003475080050431345,6.686524919949569,VALIDATED,activity.csv (mission_weight)
928,u_host_if.reg_chmask[1]$_DFFE_PN0P_,6.69,0.0034557131495411837,6.686544286850459,VALIDATED,activity.csv (mission_weight)
929,u_host_if.reg_chmask[0]$_DFFE_PN0P_,6.69,0.0034557131495411837,6.686544286850459,VALIDATED,activity.csv (mission_weight)
937,u_host_if.s_rdata[14]$_DFFE_PN0P_,6.7,0.007034093832976429,6.692965906167024,VALIDATED,activity.csv (mission_weight)
932,u_host_if.reg_addr[12]$_DFFE_PN0P_,6.7,0.003409822140994056,6.696590177859006,VALIDATED,activity.csv (mission_weight)
934,u_host_if.reg_addr[16]$_DFFE_PN0P_,6.7,0.0033695609948821703,6.696630439005118,VALIDATED,activity.csv (mission_weight)
933,u_host_if.reg_addr[25]$_DFFE_PN0P_,6.7,0.0033695609948821703,6.696630439005118,VALIDATED,activity.csv (mission_weight)
936,u_host_if.reg_addr[24]$_DFFE_PN0P_,6.7,0.003329299848770284,6.69667070015123,VALIDATED,activity.csv (mission_weight)
935,u_host_if.reg_addr[18]$_DFFE_PN0P_,6.7,0.003329299848770284,6.69667070015123,VALIDATED,activity.csv (mission_weight)
952,u_host_if.s_rdata[2]$_DFFE_PN0P_,6.71,0.007268111051263958,6.702731888948736,VALIDATED,activity.csv (mission_weight)
951,u_host_if.s_rdata[3]$_DFFE_PN0P_,6.71,0.007268111051263958,6.702731888948736,VALIDATED,activity.csv (mission_weight)
950,u_host_if.s_rdata[4]$_DFFE_PN0P_,6.71,0.0072172266125586915,6.702782773387441,VALIDATED,activity.csv (mission_weight)
948,u_host_if.s_rdata[5]$_DFFE_PN0P_,6.71,0.007074278635707143,6.702925721364293,VALIDATED,activity.csv (mission_weight)
949,u_host_if.s_rdata[6]$_DFFE_PN0P_,6.71,0.007074278635707143,6.702925721364293,VALIDATED,activity.csv (mission_weight)
940,u_host_if.s_rdata[17]$_DFFE_PN0P_,6.71,0.007034093832976429,6.702965906167024,VALIDATED,activity.csv (mission_weight)
938,u_host_if.s_rdata[15]$_DFFE_PN0P_,6.71,0.007034093832976429,6.702965906167024,VALIDATED,activity.csv (mission_weight)
947,u_host_if.s_rdata[7]$_DFFE_PN0P_,6.71,0.007029424230060088,6.70297057576994,VALIDATED,activity.csv (mission_weight)
945,u_host_if.s_rdata[11]$_DFFE_PN0P_,6.71,0.006939715418765979,6.703060284581234,VALIDATED,activity.csv (mission_weight)
946,u_host_if.s_rdata[8]$_DFFE_PN0P_,6.71,0.006939715418765979,6.703060284581234,VALIDATED,activity.csv (mission_weight)
944,u_host_if.s_rdata[10]$_DFFE_PN0P_,6.71,0.0068725699348884395,6.703127430065112,VALIDATED,activity.csv (mission_weight)
941,u_host_if.s_rdata[13]$_DFFE_PN0P_,6.71,0.006838997192949669,6.70316100280705,VALIDATED,activity.csv (mission_weight)
942,u_host_if.s_rdata[9]$_DFFE_PN0P_,6.71,0.006838997192949669,6.70316100280705,VALIDATED,activity.csv (mission_weight)
939,u_host_if.s_rdata[12]$_DFFE_PN0P_,6.71,0.006838997192949669,6.70316100280705,VALIDATED,activity.csv (mission_weight)
943,u_host_if.s_rdata[20]$_DFFE_PN0P_,6.71,0.006838997192949669,6.70316100280705,VALIDATED,activity.csv (mission_weight)
956,u_host_if.s_rdata[31]$_DFFE_PN0P_,6.72,0.007268111051263958,6.712731888948736,VALIDATED,activity.csv (mission_weight)
957,u_host_if.s_rdata[21]$_DFFE_PN0P_,6.72,0.00724752150154423,6.712752478498455,VALIDATED,activity.csv (mission_weight)
953,u_host_if.s_rdata[16]$_DFFE_PN0P_,6.72,0.006920111702893694,6.713079888297106,VALIDATED,activity.csv (mission_weight)
955,u_host_if.s_rdata[18]$_DFFE_PN0P_,6.72,0.006920111702893694,6.713079888297106,VALIDATED,activity.csv (mission_weight)
954,u_host_if.s_rdata[19]$_DFFE_PN0P_,6.72,0.006920111702893694,6.713079888297106,VALIDATED,activity.csv (mission_weight)
960,u_host_if.done_sticky$_DFF_PN0_,6.74,0.004279078740966447,6.735720921259034,VALIDATED,activity.csv (mission_weight)
959,u_host_if.reg_opcode[1]$_DFFE_PN0P_,6.74,0.0036206026276368597,6.736379397372364,VALIDATED,activity.csv (mission_weight)
958,u_host_if.reg_chan$_DFFE_PN0P_,6.74,0.003476324687543108,6.7365236753124575,VALIDATED,activity.csv (mission_weight)
967,u_host_if.reg_opcode[2]$_DFFE_PN0P_,6.75,0.003857113921147459,6.746142886078853,VALIDATED,activity.csv (mission_weight)
966,u_host_if.reg_opcode[5]$_DFFE_PN0P_,6.75,0.003857113921147459,6.746142886078853,VALIDATED,activity.csv (mission_weight)
961,u_host_if.reg_opcode[0]$_DFFE_PN0P_,6.75,0.003662516548135319,6.746337483451865,VALIDATED,activity.csv (mission_weight)
965,u_host_if.reg_opcode[7]$_DFFE_PN0P_,6.75,0.0036359969215714045,6.746364003078429,VALIDATED,activity.csv (mission_weight)
963,u_host_if.reg_opcode[6]$_DFFE_PN0P_,6.75,0.0035499776357623136,6.746450022364238,VALIDATED,activity.csv (mission_weight)
964,u_host_if.reg_opcode[3]$_DFFE_PN0P_,6.75,0.0035398348425173527,6.746460165157482,VALIDATED,activity.csv (mission_weight)
962,u_host_if.reg_opcode[4]$_DFFE_PN0P_,6.75,0.003527554926331722,6.746472445073668,VALIDATED,activity.csv (mission_weight)
968,u_host_if.reg_ecc_en$_DFFE_PN0P_,6.79,0.003399542927809418,6.786600457072191,VALIDATED,activity.csv (mission_weight)
969,u_host_if.start_pulse$_DFF_PN0_,6.83,0.003216442226778138,6.826783557773222,VALIDATED,activity.csv (mission_weight)
970,u_host_if.s_rdata[24]$_DFFE_PN0P_,6.84,0.00703731504472821,6.832962684955271,VALIDATED,activity.csv (mission_weight)
971,u_host_if.s_rdata[29]$_DFFE_PN0P_,6.84,0.00703731504472821,6.832962684955271,VALIDATED,activity.csv (mission_weight)
972,u_host_if.s_rdata[22]$_DFFE_PN0P_,6.84,0.00703731504472821,6.832962684955271,VALIDATED,activity.csv (mission_weight)
975,u_host_if.s_rdata[28]$_DFFE_PN0P_,6.85,0.007108054875413827,6.8428919451245855,VALIDATED,activity.csv (mission_weight)
974,u_host_if.s_rdata[0]$_DFFE_PN0P_,6.85,0.007108054875413827,6.8428919451245855,VALIDATED,activity.csv (mission_weight)
980,u_host_if.s_rdata[30]$_DFFE_PN0P_,6.85,0.007108054875413827,6.8428919451245855,VALIDATED,activity.csv (mission_weight)
973,u_host_if.s_rdata[1]$_DFFE_PN0P_,6.85,0.007108054875413827,6.8428919451245855,VALIDATED,activity.csv (mission_weight)
979,u_host_if.s_rdata[23]$_DFFE_PN0P_,6.85,0.007108054875413827,6.8428919451245855,VALIDATED,activity.csv (mission_weight)
977,u_host_if.s_rdata[25]$_DFFE_PN0P_,6.85,0.007095594978556441,6.842904405021443,VALIDATED,activity.csv (mission_weight)
976,u_host_if.s_rdata[27]$_DFFE_PN0P_,6.85,0.006569927616849268,6.843430072383151,VALIDATED,activity.csv (mission_weight)
978,u_host_if.s_rdata[26]$_DFFE_PN0P_,6.85,0.006569927616849268,6.843430072383151,VALIDATED,activity.csv (mission_weight)
981,u_host_if.rpop_loaded$_DFFE_PN0P_,6.86,0.0062277400987799094,6.853772259901221,VALIDATED,activity.csv (mission_weight)
982,u_host_if.s_rvalid$_DFFE_PN0P_,6.98,0.006026389601414828,6.973973610398586,VALIDATED,activity.csv (mission_weight)
984,u_host_if.awaddr_q[2]$_DFFE_PN0P_,7.04,0.0031369896404393467,7.036863010359561,VALIDATED,activity.csv (mission_weight)
985,u_host_if.awaddr_q[3]$_DFFE_PN0P_,7.04,0.0031369896404393467,7.036863010359561,VALIDATED,activity.csv (mission_weight)
983,u_host_if.awaddr_q[4]$_DFFE_PN0P_,7.04,0.0031369896404393467,7.036863010359561,VALIDATED,activity.csv (mission_weight)
987,u_host_if.awaddr_q[6]$_DFFE_PN0P_,7.08,0.003107488170466799,7.076892511829533,VALIDATED,activity.csv (mission_weight)
990,u_host_if.awaddr_q[1]$_DFFE_PN0P_,7.08,0.003107488170466799,7.076892511829533,VALIDATED,activity.csv (mission_weight)
989,u_host_if.awaddr_q[0]$_DFFE_PN0P_,7.08,0.003107488170466799,7.076892511829533,VALIDATED,activity.csv (mission_weight)
988,u_host_if.awaddr_q[7]$_DFFE_PN0P_,7.08,0.003107488170466799,7.076892511829533,VALIDATED,activity.csv (mission_weight)
986,u_host_if.awaddr_q[5]$_DFFE_PN0P_,7.08,0.003107488170466799,7.076892511829533,VALIDATED,activity.csv (mission_weight)
991,u_host_if.s_bvalid$_DFFE_PN0P_,7.17,0.002922817471025685,7.167077182528974,VALIDATED,activity.csv (mission_weight)
992,u_host_if.rpop_q[24]$_DFFE_PN0P_,9.1,0.002024041411984978,9.097975958588014,VALIDATED,activity.csv (mission_weight)
997,u_host_if.rpop_q[17]$_DFFE_PN0P_,9.11,0.0018959654459404227,9.108104034554058,VALIDATED,activity.csv (mission_weight)
993,u_host_if.rpop_q[13]$_DFFE_PN0P_,9.11,0.001869927513084041,9.108130072486915,VALIDATED,activity.csv (mission_weight)
995,u_host_if.rpop_q[6]$_DFFE_PN0P_,9.11,0.001863983765510266,9.10813601623449,VALIDATED,activity.csv (mission_weight)
998,u_host_if.rpop_q[11]$_DFFE_PN0P_,9.11,0.0017973505084988156,9.108202649491501,VALIDATED,activity.csv (mission_weight)
996,u_host_if.rpop_q[12]$_DFFE_PN0P_,9.11,0.0017924488767837726,9.108207551123215,VALIDATED,activity.csv (mission_weight)
994,u_host_if.rpop_q[8]$_DFFE_PN0P_,9.11,0.0017777246696170784,9.108222275330382,VALIDATED,activity.csv (mission_weight)
1024,u_cdc_cmd.mem[10][41]$_DFFE_PP_,9.17,0.0012921374393980306,9.168707862560602,VALIDATED,activity.csv (mission_weight)
1008,u_cdc_cmd.mem[7][34]$_DFFE_PP_,9.17,0.0012910337488442334,9.168708966251156,VALIDATED,activity.csv (mission_weight)
1022,u_cdc_cmd.mem[10][23]$_DFFE_PP_,9.17,0.0012715904569205738,9.16872840954308,VALIDATED,activity.csv (mission_weight)
1011,u_cdc_cmd.mem[7][65]$_DFFE_PP_,9.17,0.0012702258359445912,9.168729774164055,VALIDATED,activity.csv (mission_weight)
1023,u_cdc_cmd.mem[10][31]$_DFFE_PP_,9.17,0.0012616987600711366,9.168738301239928,VALIDATED,activity.csv (mission_weight)
1010,u_cdc_cmd.mem[7][56]$_DFFE_PP_,9.17,0.0012600277786148084,9.168739972221385,VALIDATED,activity.csv (mission_weight)
1005,u_cdc_cmd.mem[7][33]$_DFFE_PP_,9.17,0.001256749087183956,9.168743250912817,VALIDATED,activity.csv (mission_weight)
1018,u_cdc_cmd.mem[10][71]$_DFFE_PP_,9.17,0.001254573982774218,9.168745426017226,VALIDATED,activity.csv (mission_weight)
1007,u_cdc_cmd.mem[7][60]$_DFFE_PP_,9.17,0.0012449173038687894,9.168755082696132,VALIDATED,activity.csv (mission_weight)
1020,u_cdc_cmd.mem[7][64]$_DFFE_PP_,9.17,0.0012369781497261617,9.168763021850273,VALIDATED,activity.csv (mission_weight)
1014,u_cdc_cmd.mem[7][66]$_DFFE_PP_,9.17,0.0012279045899766664,9.168772095410024,VALIDATED,activity.csv (mission_weight)
1016,u_cdc_cmd.mem[7][58]$_DFFE_PP_,9.17,0.0012276067338087004,9.168772393266192,VALIDATED,activity.csv (mission_weight)
1021,u_cdc_cmd.mem[7][59]$_DFFE_PP_,9.17,0.0012233056118774732,9.168776694388123,VALIDATED,activity.csv (mission_weight)
1009,u_cdc_cmd.mem[7][57]$_DFFE_PP_,9.17,0.0012216189658331433,9.168778381034167,VALIDATED,activity.csv (mission_weight)
1013,u_cdc_cmd.mem[7][53]$_DFFE_PP_,9.17,0.001219926085860204,9.16878007391414,VALIDATED,activity.csv (mission_weight)
1012,u_cdc_cmd.mem[7][63]$_DFFE_PP_,9.17,0.001218113058928341,9.16878188694107,VALIDATED,activity.csv (mission_weight)
1015,u_cdc_cmd.mem[10][29]$_DFFE_PP_,9.17,0.001213599276904356,9.168786400723096,VALIDATED,activity.csv (mission_weight)
1017,u_cdc_cmd.mem[10][40]$_DFFE_PP_,9.17,0.0012091262064483075,9.16879087379355,VALIDATED,activity.csv (mission_weight)
1019,u_cdc_cmd.mem[10][30]$_DFFE_PP_,9.17,0.001207834663814883,9.168792165336185,VALIDATED,activity.csv (mission_weight)
1006,u_cdc_cmd.mem[10][72]$_DFFE_PP_,9.17,0.0012073018031286548,9.16879269819687,VALIDATED,activity.csv (mission_weight)
1001,u_cdc_cmd.mem[10][37]$_DFFE_PP_,9.17,0.0012054595931856732,9.168794540406815,VALIDATED,activity.csv (mission_weight)
1002,u_cdc_cmd.mem[10][35]$_DFFE_PP_,9.17,0.001204942868554465,9.168795057131446,VALIDATED,activity.csv (mission_weight)
999,u_cdc_cmd.mem[10][36]$_DFFE_PP_,9.17,0.001204124249702121,9.168795875750298,VALIDATED,activity.csv (mission_weight)
1000,u_cdc_cmd.mem[10][38]$_DFFE_PP_,9.17,0.0011862924574251726,9.168813707542574,VALIDATED,activity.csv (mission_weight)
1003,u_cdc_cmd.mem[10][52]$_DFFE_PP_,9.17,0.001183497182176793,9.168816502817823,VALIDATED,activity.csv (mission_weight)
1004,u_cdc_cmd.mem[10][69]$_DFFE_PP_,9.17,0.0011783350336962983,9.168821664966304,VALIDATED,activity.csv (mission_weight)
1035,u_host_if.rpop_q[1]$_DFFE_PN0P_,9.18,0.002005670717081673,9.177994329282917,VALIDATED,activity.csv (mission_weight)
1034,u_host_if.rpop_q[0]$_DFFE_PN0P_,9.18,0.0019658459668460138,9.178034154033154,VALIDATED,activity.csv (mission_weight)
1030,u_host_if.rpop_q[2]$_DFFE_PN0P_,9.18,0.0018884351849790396,9.17811156481502,VALIDATED,activity.csv (mission_weight)
1037,u_host_if.rpop_q[3]$_DFFE_PN0P_,9.18,0.00187478513035369,9.178125214869645,VALIDATED,activity.csv (mission_weight)
1032,u_cdc_cmd.mem[10][28]$_DFFE_PP_,9.18,0.001280909866288385,9.178719090133711,VALIDATED,activity.csv (mission_weight)
1026,u_cdc_cmd.mem[7][61]$_DFFE_PP_,9.18,0.0012358536954652638,9.178764146304534,VALIDATED,activity.csv (mission_weight)
1027,u_cdc_cmd.mem[7][62]$_DFFE_PP_,9.18,0.0012358536954652638,9.178764146304534,VALIDATED,activity.csv (mission_weight)
1040,u_cdc_cmd.mem[6][63]$_DFFE_PP_,9.18,0.0012274491180401664,9.178772550881959,VALIDATED,activity.csv (mission_weight)
1039,u_cdc_cmd.mem[6][66]$_DFFE_PP_,9.18,0.0012269967006191538,9.17877300329938,VALIDATED,activity.csv (mission_weight)
1038,u_cdc_cmd.mem[10][47]$_DFFE_PP_,9.18,0.0012207653660417511,9.178779234633957,VALIDATED,activity.csv (mission_weight)
1036,u_cdc_cmd.mem[10][45]$_DFFE_PP_,9.18,0.0012175383092623698,9.178782461690737,VALIDATED,activity.csv (mission_weight)
1033,u_cdc_cmd.mem[10][51]$_DFFE_PP_,9.18,0.0012120083219315375,9.178787991678067,VALIDATED,activity.csv (mission_weight)
1031,u_cdc_cmd.mem[10][68]$_DFFE_PP_,9.18,0.0012120083219315375,9.178787991678067,VALIDATED,activity.csv (mission_weight)
1029,u_cdc_cmd.mem[7][72]$_DFFE_PP_,9.18,0.001209942968258784,9.17879005703174,VALIDATED,activity.csv (mission_weight)
1028,u_cdc_cmd.mem[10][70]$_DFFE_PP_,9.18,0.0012091262064483075,9.17879087379355,VALIDATED,activity.csv (mission_weight)
1025,u_cdc_cmd.mem[10][67]$_DFFE_PP_,9.18,0.0011900157174272175,9.178809984282573,VALIDATED,activity.csv (mission_weight)
1042,u_host_if.rpop_q[26]$_DFFE_PN0P_,9.19,0.002075940321763836,9.187924059678236,VALIDATED,activity.csv (mission_weight)
1048,u_cdc_cmd.mem[6][34]$_DFFE_PP_,9.19,0.0012439345662487303,9.18875606543375,VALIDATED,activity.csv (mission_weight)
1046,u_cdc_cmd.mem[6][33]$_DFFE_PP_,9.19,0.0012439345662487303,9.18875606543375,VALIDATED,activity.csv (mission_weight)
1047,u_cdc_cmd.mem[6][56]$_DFFE_PP_,9.19,0.001238004119996708,9.188761995880002,VALIDATED,activity.csv (mission_weight)
1049,u_cdc_cmd.mem[6][60]$_DFFE_PP_,9.19,0.0012323239377618892,9.188767676062238,VALIDATED,activity.csv (mission_weight)
1043,u_cdc_cmd.mem[6][61]$_DFFE_PP_,9.19,0.0012232789478248268,9.188776721052175,VALIDATED,activity.csv (mission_weight)
1041,u_cdc_cmd.mem[6][62]$_DFFE_PP_,9.19,0.0012231281530501181,9.18877687184695,VALIDATED,activity.csv (mission_weight)
1054,u_cdc_cmd.mem[6][58]$_DFFE_PP_,9.19,0.0012195576568877625,9.188780442343111,VALIDATED,activity.csv (mission_weight)
1050,u_cdc_cmd.mem[6][65]$_DFFE_PP_,9.19,0.0012188548531374547,9.188781145146862,VALIDATED,activity.csv (mission_weight)
1051,u_cdc_cmd.mem[6][59]$_DFFE_PP_,9.19,0.0012153369297589894,9.18878466307024,VALIDATED,activity.csv (mission_weight)
1052,u_cdc_cmd.mem[6][64]$_DFFE_PP_,9.19,0.0012111162026302164,9.18878888379737,VALIDATED,activity.csv (mission_weight)
1044,u_cdc_cmd.mem[6][53]$_DFFE_PP_,9.19,0.0012077998453235564,9.188792200154676,VALIDATED,activity.csv (mission_weight)
1045,u_cdc_cmd.mem[6][72]$_DFFE_PP_,9.19,0.001198003328051117,9.188801996671948,VALIDATED,activity.csv (mission_weight)
1053,u_cdc_cmd.mem[6][57]$_DFFE_PP_,9.19,0.001184157916550743,9.188815842083448,VALIDATED,activity.csv (mission_weight)
1060,u_cdc_cmd.mem[9][25]$_DFFE_PP_,9.2,0.0013324393383390143,9.19866756066166,VALIDATED,activity.csv (mission_weight)
1057,u_cdc_cmd.mem[9][28]$_DFFE_PP_,9.2,0.0013324393383390143,9.19866756066166,VALIDATED,activity.csv (mission_weight)
1058,u_cdc_cmd.mem[9][41]$_DFFE_PP_,9.2,0.0013272083520493028,9.19867279164795,VALIDATED,activity.csv (mission_weight)
1061,u_cdc_cmd.mem[9][31]$_DFFE_PP_,9.2,0.001316345387682577,9.198683654612317,VALIDATED,activity.csv (mission_weight)
1059,u_cdc_cmd.mem[9][71]$_DFFE_PP_,9.2,0.0012905486291245327,9.198709451370874,VALIDATED,activity.csv (mission_weight)
1056,u_cdc_cmd.mem[9][29]$_DFFE_PP_,9.2,0.0012419649303097718,9.19875803506969,VALIDATED,activity.csv (mission_weight)
1055,u_cdc_cmd.mem[9][67]$_DFFE_PP_,9.2,0.0012164472206749738,9.198783552779325,VALIDATED,activity.csv (mission_weight)
1068,u_host_if.rpop_q[27]$_DFFE_PN0P_,9.21,0.0018960892120416933,9.208103910787958,VALIDATED,activity.csv (mission_weight)
1069,u_host_if.rpop_q[22]$_DFFE_PN0P_,9.21,0.001850063257173004,9.208149936742828,VALIDATED,activity.csv (mission_weight)
1062,u_cdc_cmd.mem[9][23]$_DFFE_PP_,9.21,0.0012905486291245327,9.208709451370876,VALIDATED,activity.csv (mission_weight)
1065,u_cdc_cmd.mem[9][68]$_DFFE_PP_,9.21,0.0012491763980251175,9.208750823601976,VALIDATED,activity.csv (mission_weight)
1067,u_cdc_cmd.mem[9][70]$_DFFE_PP_,9.21,0.001235493372187632,9.208764506627814,VALIDATED,activity.csv (mission_weight)
1063,u_cdc_cmd.mem[9][30]$_DFFE_PP_,9.21,0.001234249664466544,9.208765750335534,VALIDATED,activity.csv (mission_weight)
1064,u_cdc_cmd.mem[9][40]$_DFFE_PP_,9.21,0.0012201239778829448,9.208779876022119,VALIDATED,activity.csv (mission_weight)
1066,u_cdc_cmd.mem[9][69]$_DFFE_PP_,9.21,0.0012201239778829448,9.208779876022119,VALIDATED,activity.csv (mission_weight)
1071,u_host_if.rpop_q[29]$_DFFE_PN0P_,9.22,0.0018527521624622648,9.218147247837539,VALIDATED,activity.csv (mission_weight)
1070,u_host_if.rpop_q[20]$_DFFE_PN0P_,9.22,0.0016401621494311345,9.218359837850569,VALIDATED,activity.csv (mission_weight)
1072,u_host_if.rpop_q[9]$_DFFE_PN0P_,9.23,0.0017056622660541752,9.228294337733946,VALIDATED,activity.csv (mission_weight)
1075,u_host_if.rpop_q[10]$_DFFE_PN0P_,9.23,0.001686927082023587,9.228313072917977,VALIDATED,activity.csv (mission_weight)
1073,u_host_if.rpop_q[18]$_DFFE_PN0P_,9.23,0.0016808861846431405,9.228319113815358,VALIDATED,activity.csv (mission_weight)
1078,u_host_if.rpop_q[19]$_DFFE_PN0P_,9.23,0.001658249616066351,9.228341750383935,VALIDATED,activity.csv (mission_weight)
1074,u_host_if.rpop_q[15]$_DFFE_PN0P_,9.23,0.0016386006850949986,9.228361399314906,VALIDATED,activity.csv (mission_weight)
1076,u_host_if.rpop_q[16]$_DFFE_PN0P_,9.23,0.0016111856408333042,9.228388814359167,VALIDATED,activity.csv (mission_weight)
1079,u_cdc_cmd.mem[3][44]$_DFFE_PP_,9.23,0.0012502032548406816,9.22874979674516,VALIDATED,activity.csv (mission_weight)
1082,u_cdc_cmd.mem[3][68]$_DFFE_PP_,9.23,0.0011660647086815799,9.228833935291318,VALIDATED,activity.csv (mission_weight)
1083,u_cdc_cmd.mem[3][70]$_DFFE_PP_,9.23,0.0011483786988686906,9.228851621301132,VALIDATED,activity.csv (mission_weight)
1080,u_cdc_cmd.mem[3][67]$_DFFE_PP_,9.23,0.0011390072992543132,9.228860992700746,VALIDATED,activity.csv (mission_weight)
1077,u_cdc_cmd.mem[3][40]$_DFFE_PP_,9.23,0.001133842098523144,9.228866157901477,VALIDATED,activity.csv (mission_weight)
1081,u_cdc_cmd.mem[3][30]$_DFFE_PP_,9.23,0.001133842098523144,9.228866157901477,VALIDATED,activity.csv (mission_weight)
1084,u_host_if.rpop_q[14]$_DFFE_PN0P_,9.24,0.001669014911147487,9.238330985088853,VALIDATED,activity.csv (mission_weight)
1086,u_host_if.rpop_q[7]$_DFFE_PN0P_,9.24,0.0016268284961904328,9.23837317150381,VALIDATED,activity.csv (mission_weight)
1088,u_cdc_cmd.mem[3][49]$_DFFE_PP_,9.24,0.00126583748154524,9.238734162518455,VALIDATED,activity.csv (mission_weight)
1089,u_cdc_cmd.mem[3][41]$_DFFE_PP_,9.24,0.0012358315641618767,9.238764168435837,VALIDATED,activity.csv (mission_weight)
1090,u_cdc_cmd.mem[3][43]$_DFFE_PP_,9.24,0.0012301232932194206,9.238769876706781,VALIDATED,activity.csv (mission_weight)
1094,u_cdc_cmd.mem[3][48]$_DFFE_PP_,9.24,0.001222578007963021,9.238777421992037,VALIDATED,activity.csv (mission_weight)
1095,u_cdc_cmd.mem[3][46]$_DFFE_PP_,9.24,0.001211264322293848,9.238788735677707,VALIDATED,activity.csv (mission_weight)
1093,u_cdc_cmd.mem[3][52]$_DFFE_PP_,9.24,0.0012035276220687674,9.238796472377931,VALIDATED,activity.csv (mission_weight)
1096,u_cdc_cmd.mem[3][47]$_DFFE_PP_,9.24,0.0012013022465211798,9.238798697753479,VALIDATED,activity.csv (mission_weight)
1091,u_cdc_cmd.mem[3][51]$_DFFE_PP_,9.24,0.0011832191025945846,9.238816780897405,VALIDATED,activity.csv (mission_weight)
1092,u_cdc_cmd.mem[3][45]$_DFFE_PP_,9.24,0.001179642117150492,9.23882035788285,VALIDATED,activity.csv (mission_weight)
1087,u_cdc_cmd.mem[3][50]$_DFFE_PP_,9.24,0.0011742800532027337,9.238825719946798,VALIDATED,activity.csv (mission_weight)
1085,u_cdc_cmd.mem[3][69]$_DFFE_PP_,9.24,0.0011462078530060371,9.238853792146994,VALIDATED,activity.csv (mission_weight)
1102,u_cdc_cmd.mem[3][3]$_DFFE_PP_,9.25,0.001208940353557092,9.248791059646443,VALIDATED,activity.csv (mission_weight)
1099,u_cdc_cmd.mem[3][14]$_DFFE_PP_,9.25,0.0011681541186128602,9.248831845881387,VALIDATED,activity.csv (mission_weight)
1100,u_cdc_cmd.mem[3][13]$_DFFE_PP_,9.25,0.0011639427093444593,9.248836057290655,VALIDATED,activity.csv (mission_weight)
1105,u_cdc_cmd.mem[3][18]$_DFFE_PP_,9.25,0.001152303282251091,9.24884769671775,VALIDATED,activity.csv (mission_weight)
1103,u_cdc_cmd.mem[3][36]$_DFFE_PP_,9.25,0.001140273953311649,9.248859726046689,VALIDATED,activity.csv (mission_weight)
1106,u_cdc_cmd.mem[3][12]$_DFFE_PP_,9.25,0.0011320327009608638,9.24886796729904,VALIDATED,activity.csv (mission_weight)
1098,u_cdc_cmd.mem[3][39]$_DFFE_PP_,9.25,0.0011288131004261875,9.248871186899574,VALIDATED,activity.csv (mission_weight)
1101,u_cdc_cmd.mem[3][35]$_DFFE_PP_,9.25,0.0011284951639498747,9.24887150483605,VALIDATED,activity.csv (mission_weight)
1097,u_cdc_cmd.mem[3][37]$_DFFE_PP_,9.25,0.0011210834873026793,9.248878916512698,VALIDATED,activity.csv (mission_weight)
1104,u_cdc_cmd.mem[3][38]$_DFFE_PP_,9.25,0.0011167323812051738,9.248883267618794,VALIDATED,activity.csv (mission_weight)
1108,u_cdc_cmd.mem[2][67]$_DFFE_PP_,9.25,0.0011093079223094687,9.24889069207769,VALIDATED,activity.csv (mission_weight)
1107,u_cdc_cmd.mem[2][70]$_DFFE_PP_,9.25,0.0011022069452802513,9.24889779305472,VALIDATED,activity.csv (mission_weight)
1109,u_cdc_cmd.mem[2][40]$_DFFE_PP_,9.25,0.001099652089108491,9.248900347910892,VALIDATED,activity.csv (mission_weight)
1131,u_cdc_cmd.mem[11][28]$_DFFE_PP_,9.26,0.0012589932321439984,9.258741006767856,VALIDATED,activity.csv (mission_weight)
1120,u_cdc_cmd.mem[11][41]$_DFFE_PP_,9.26,0.0012563173947845313,9.258743682605216,VALIDATED,activity.csv (mission_weight)
1145,u_cdc_cmd.mem[11][31]$_DFFE_PP_,9.26,0.0012462219652670664,9.258753778034732,VALIDATED,activity.csv (mission_weight)
1132,u_cdc_cmd.mem[11][54]$_DFFE_PP_,9.26,0.0012462219652670664,9.258753778034732,VALIDATED,activity.csv (mission_weight)
1136,u_cdc_cmd.mem[11][23]$_DFFE_PP_,9.26,0.0012374986631696616,9.25876250133683,VALIDATED,activity.csv (mission_weight)
1110,u_cdc_cmd.mem[2][49]$_DFFE_PP_,9.26,0.0012336266158421288,9.258766373384157,VALIDATED,activity.csv (mission_weight)
1114,u_cdc_cmd.mem[2][44]$_DFFE_PP_,9.26,0.0012042148750406184,9.25879578512496,VALIDATED,activity.csv (mission_weight)
1117,u_cdc_cmd.mem[2][41]$_DFFE_PP_,9.26,0.0012042148750406184,9.25879578512496,VALIDATED,activity.csv (mission_weight)
1118,u_cdc_cmd.mem[2][43]$_DFFE_PP_,9.26,0.0011986196391663565,9.258801380360833,VALIDATED,activity.csv (mission_weight)
1125,u_cdc_cmd.mem[11][52]$_DFFE_PP_,9.26,0.0011916512718935096,9.258808348728106,VALIDATED,activity.csv (mission_weight)
1146,u_cdc_cmd.mem[11][29]$_DFFE_PP_,9.26,0.0011843852459585552,9.258815614754042,VALIDATED,activity.csv (mission_weight)
1127,u_cdc_cmd.mem[2][48]$_DFFE_PP_,9.26,0.0011831665610211178,9.25881683343898,VALIDATED,activity.csv (mission_weight)
1133,u_cdc_cmd.mem[2][46]$_DFFE_PP_,9.26,0.0011801341132095936,9.25881986588679,VALIDATED,activity.csv (mission_weight)
1141,u_cdc_cmd.mem[11][72]$_DFFE_PP_,9.26,0.0011786174662387489,9.25882138253376,VALIDATED,activity.csv (mission_weight)
1122,u_cdc_cmd.mem[11][36]$_DFFE_PP_,9.26,0.0011757071836611538,9.258824292816339,VALIDATED,activity.csv (mission_weight)
1124,u_cdc_cmd.mem[11][37]$_DFFE_PP_,9.26,0.0011757071836611538,9.258824292816339,VALIDATED,activity.csv (mission_weight)
1137,u_cdc_cmd.mem[2][52]$_DFFE_PP_,9.26,0.0011725506149691672,9.25882744938503,VALIDATED,activity.csv (mission_weight)
1129,u_cdc_cmd.mem[2][47]$_DFFE_PP_,9.26,0.001170369306264088,9.258829630693736,VALIDATED,activity.csv (mission_weight)
1130,u_cdc_cmd.mem[11][35]$_DFFE_PP_,9.26,0.0011620669074272477,9.258837933092572,VALIDATED,activity.csv (mission_weight)
1140,u_cdc_cmd.mem[2][51]$_DFFE_PP_,9.26,0.0011498962470334884,9.258850103752966,VALIDATED,activity.csv (mission_weight)
1139,u_cdc_cmd.mem[11][38]$_DFFE_PP_,9.26,0.0011493149761251098,9.258850685023875,VALIDATED,activity.csv (mission_weight)
1135,u_cdc_cmd.mem[2][45]$_DFFE_PP_,9.26,0.0011491380903463216,9.258850861909654,VALIDATED,activity.csv (mission_weight)
1134,u_cdc_cmd.mem[10][16]$_DFFE_PP_,9.26,0.0011457625880889333,9.25885423741191,VALIDATED,activity.csv (mission_weight)
1116,u_cdc_cmd.mem[2][50]$_DFFE_PP_,9.26,0.0011437218446433417,9.258856278155356,VALIDATED,activity.csv (mission_weight)
1111,u_cdc_cmd.mem[2][68]$_DFFE_PP_,9.26,0.0011358295414510416,9.25886417045855,VALIDATED,activity.csv (mission_weight)
1138,u_cdc_cmd.mem[10][50]$_DFFE_PP_,9.26,0.0011334497755320916,9.258866550224468,VALIDATED,activity.csv (mission_weight)
1121,u_cdc_cmd.mem[2][36]$_DFFE_PP_,9.26,0.0011291366872510922,9.25887086331275,VALIDATED,activity.csv (mission_weight)
1123,u_cdc_cmd.mem[10][20]$_DFFE_PP_,9.26,0.0011223471683710073,9.258877652831629,VALIDATED,activity.csv (mission_weight)
1126,u_cdc_cmd.mem[10][19]$_DFFE_PP_,9.26,0.0011223471683710073,9.258877652831629,VALIDATED,activity.csv (mission_weight)
1142,u_cdc_cmd.mem[10][12]$_DFFE_PP_,9.26,0.001113351605821572,9.258886648394178,VALIDATED,activity.csv (mission_weight)
1143,u_cdc_cmd.mem[2][39]$_DFFE_PP_,9.26,0.0011103383404012235,9.258889661659598,VALIDATED,activity.csv (mission_weight)
1113,u_cdc_cmd.mem[2][35]$_DFFE_PP_,9.26,0.0011100654353507905,9.25888993456465,VALIDATED,activity.csv (mission_weight)
1112,u_cdc_cmd.mem[2][30]$_DFFE_PP_,9.26,0.0011042450027808765,9.25889575499722,VALIDATED,activity.csv (mission_weight)
1115,u_cdc_cmd.mem[2][37]$_DFFE_PP_,9.26,0.0011027278754700692,9.25889727212453,VALIDATED,activity.csv (mission_weight)
1144,u_cdc_cmd.mem[10][13]$_DFFE_PP_,9.26,0.0011010964631124887,9.258898903536886,VALIDATED,activity.csv (mission_weight)
1119,u_cdc_cmd.mem[2][38]$_DFFE_PP_,9.26,0.0010984202804335402,9.258901579719566,VALIDATED,activity.csv (mission_weight)
1128,u_cdc_cmd.mem[10][39]$_DFFE_PP_,9.26,0.0010976817352726653,9.258902318264727,VALIDATED,activity.csv (mission_weight)
1147,u_cdc_cmd.mem[11][71]$_DFFE_PP_,9.27,0.0012219134812412186,9.268778086518758,VALIDATED,activity.csv (mission_weight)
1154,u_cdc_cmd.mem[10][7]$_DFFE_PP_,9.27,0.0012123907846705306,9.268787609215329,VALIDATED,activity.csv (mission_weight)
1170,u_cdc_cmd.mem[11][45]$_DFFE_PP_,9.27,0.0011879929578378357,9.268812007042161,VALIDATED,activity.csv (mission_weight)
1167,u_cdc_cmd.mem[11][51]$_DFFE_PP_,9.27,0.0011829281096282784,9.268817071890371,VALIDATED,activity.csv (mission_weight)
1166,u_cdc_cmd.mem[11][68]$_DFFE_PP_,9.27,0.0011829281096282784,9.268817071890371,VALIDATED,activity.csv (mission_weight)
1156,u_cdc_cmd.mem[10][6]$_DFFE_PP_,9.27,0.001182197791599976,9.2688178022084,VALIDATED,activity.csv (mission_weight)
1162,u_cdc_cmd.mem[10][11]$_DFFE_PP_,9.27,0.001182197791599976,9.2688178022084,VALIDATED,activity.csv (mission_weight)
1160,u_cdc_cmd.mem[10][17]$_DFFE_PP_,9.27,0.0011795093739985774,9.268820490626002,VALIDATED,activity.csv (mission_weight)
1153,u_cdc_cmd.mem[2][3]$_DFFE_PP_,9.27,0.0011776889389906037,9.268822311061008,VALIDATED,activity.csv (mission_weight)
1164,u_cdc_cmd.mem[10][3]$_DFFE_PP_,9.27,0.001177235463085499,9.268822764536914,VALIDATED,activity.csv (mission_weight)
1157,u_cdc_cmd.mem[11][30]$_DFFE_PP_,9.27,0.001168862533775017,9.268831137466224,VALIDATED,activity.csv (mission_weight)
1159,u_cdc_cmd.mem[11][70]$_DFFE_PP_,9.27,0.001168862533775017,9.268831137466224,VALIDATED,activity.csv (mission_weight)
1161,u_cdc_cmd.mem[11][40]$_DFFE_PP_,9.27,0.001163379117564145,9.268836620882436,VALIDATED,activity.csv (mission_weight)
1158,u_cdc_cmd.mem[10][15]$_DFFE_PP_,9.27,0.0011622877272262633,9.268837712272774,VALIDATED,activity.csv (mission_weight)
1168,u_cdc_cmd.mem[10][4]$_DFFE_PP_,9.27,0.0011579059165071764,9.268842094083492,VALIDATED,activity.csv (mission_weight)
1169,u_cdc_cmd.mem[10][43]$_DFFE_PP_,9.27,0.0011573584943584403,9.26884264150564,VALIDATED,activity.csv (mission_weight)
1165,u_cdc_cmd.mem[11][69]$_DFFE_PP_,9.27,0.0011555517906481627,9.268844448209352,VALIDATED,activity.csv (mission_weight)
1163,u_cdc_cmd.mem[11][67]$_DFFE_PP_,9.27,0.0011526934898306723,9.26884730651017,VALIDATED,activity.csv (mission_weight)
1149,u_cdc_cmd.mem[10][18]$_DFFE_PP_,9.27,0.0011490325015262313,9.268850967498473,VALIDATED,activity.csv (mission_weight)
1152,u_cdc_cmd.mem[10][14]$_DFFE_PP_,9.27,0.001140236012735385,9.268859763987264,VALIDATED,activity.csv (mission_weight)
1148,u_cdc_cmd.mem[2][14]$_DFFE_PP_,9.27,0.0011377184287452713,9.268862281571254,VALIDATED,activity.csv (mission_weight)
1151,u_cdc_cmd.mem[2][13]$_DFFE_PP_,9.27,0.0011335912476622412,9.268866408752338,VALIDATED,activity.csv (mission_weight)
1150,u_cdc_cmd.mem[2][18]$_DFFE_PP_,9.27,0.0011335912476622412,9.268866408752338,VALIDATED,activity.csv (mission_weight)
1155,u_cdc_cmd.mem[2][12]$_DFFE_PP_,9.27,0.0011135254197183753,9.268886474580281,VALIDATED,activity.csv (mission_weight)
1173,u_cdc_cmd.mem[10][5]$_DFFE_PP_,9.28,0.0012230035231699658,9.278776996476829,VALIDATED,activity.csv (mission_weight)
1182,u_cdc_cmd.mem[10][42]$_DFFE_PP_,9.28,0.00120199658935069,9.278798003410648,VALIDATED,activity.csv (mission_weight)
1185,u_cdc_cmd.mem[10][22]$_DFFE_PP_,9.28,0.0011914524567806645,9.27880854754322,VALIDATED,activity.csv (mission_weight)
1174,u_cdc_cmd.mem[11][47]$_DFFE_PP_,9.28,0.0011909485799348335,9.278809051420065,VALIDATED,activity.csv (mission_weight)
1175,u_cdc_cmd.mem[10][9]$_DFFE_PP_,9.28,0.0011829500128427428,9.278817049987156,VALIDATED,activity.csv (mission_weight)
1172,u_cdc_cmd.mem[10][49]$_DFFE_PP_,9.28,0.0011726391023418185,9.278827360897658,VALIDATED,activity.csv (mission_weight)
1171,u_cdc_cmd.mem[10][48]$_DFFE_PP_,9.28,0.0011543616188386951,9.27884563838116,VALIDATED,activity.csv (mission_weight)
1183,u_cdc_cmd.mem[3][53]$_DFFE_PP_,9.28,0.0011128870260961182,9.278887112973903,VALIDATED,activity.csv (mission_weight)
1176,u_cdc_cmd.mem[1][66]$_DFFE_PP_,9.28,0.0011035142009934162,9.278896485799006,VALIDATED,activity.csv (mission_weight)
1179,u_cdc_cmd.mem[1][53]$_DFFE_PP_,9.28,0.0011035142009934162,9.278896485799006,VALIDATED,activity.csv (mission_weight)
1181,u_cdc_cmd.mem[1][63]$_DFFE_PP_,9.28,0.0011035142009934162,9.278896485799006,VALIDATED,activity.csv (mission_weight)
1177,u_cdc_cmd.mem[5][30]$_DFFE_PP_,9.28,0.0010844529359356342,9.278915547064063,VALIDATED,activity.csv (mission_weight)
1180,u_cdc_cmd.mem[5][70]$_DFFE_PP_,9.28,0.0010844529359356342,9.278915547064063,VALIDATED,activity.csv (mission_weight)
1178,u_cdc_cmd.mem[5][67]$_DFFE_PP_,9.28,0.001074909219213785,9.278925090780785,VALIDATED,activity.csv (mission_weight)
1184,u_cdc_cmd.mem[5][40]$_DFFE_PP_,9.28,0.001074909219213785,9.278925090780785,VALIDATED,activity.csv (mission_weight)
379,u_host_if.s_rdata[14]$_DFFE_PN0P_,9.29,0.001366306168012199,9.288633693831986,VALIDATED,activity.csv (mission_weight)
378,u_host_if.rpop_q[15]$_DFFE_PN0P_,9.29,0.001366306168012199,9.288633693831986,VALIDATED,activity.csv (mission_weight)
377,u_host_if.rpop_q[17]$_DFFE_PN0P_,9.29,0.001366306168012199,9.288633693831986,VALIDATED,activity.csv (mission_weight)
380,u_host_if.rpop_q[14]$_DFFE_PN0P_,9.29,0.001366306168012199,9.288633693831986,VALIDATED,activity.csv (mission_weight)
375,u_host_if.s_rdata[17]$_DFFE_PN0P_,9.29,0.001366306168012199,9.288633693831986,VALIDATED,activity.csv (mission_weight)
376,u_host_if.s_rdata[15]$_DFFE_PN0P_,9.29,0.001366306168012199,9.288633693831986,VALIDATED,activity.csv (mission_weight)
381,u_host_if.rpop_q[13]$_DFFE_PN0P_,9.29,0.001366306168012199,9.288633693831986,VALIDATED,activity.csv (mission_weight)
394,u_host_if.rpop_q[19]$_DFFE_PN0P_,9.29,0.0013584603434248776,9.288641539656574,VALIDATED,activity.csv (mission_weight)
392,u_host_if.s_rdata[16]$_DFFE_PN0P_,9.29,0.0013584603434248776,9.288641539656574,VALIDATED,activity.csv (mission_weight)
391,u_host_if.s_rdata[10]$_DFFE_PN0P_,9.29,0.0013584603434248776,9.288641539656574,VALIDATED,activity.csv (mission_weight)
393,u_host_if.s_rdata[19]$_DFFE_PN0P_,9.29,0.0013584603434248776,9.288641539656574,VALIDATED,activity.csv (mission_weight)
386,u_host_if.rpop_q[10]$_DFFE_PN0P_,9.29,0.0013584603434248776,9.288641539656574,VALIDATED,activity.csv (mission_weight)
385,u_host_if.rpop_q[16]$_DFFE_PN0P_,9.29,0.001350087480423201,9.288649912519576,VALIDATED,activity.csv (mission_weight)
384,u_host_if.s_rdata[20]$_DFFE_PN0P_,9.29,0.001350087480423201,9.288649912519576,VALIDATED,activity.csv (mission_weight)
389,u_host_if.s_rdata[12]$_DFFE_PN0P_,9.29,0.001350087480423201,9.288649912519576,VALIDATED,activity.csv (mission_weight)
388,u_host_if.rpop_q[9]$_DFFE_PN0P_,9.29,0.001350087480423201,9.288649912519576,VALIDATED,activity.csv (mission_weight)
383,u_host_if.s_rdata[13]$_DFFE_PN0P_,9.29,0.001350087480423201,9.288649912519576,VALIDATED,activity.csv (mission_weight)
382,u_host_if.rpop_q[20]$_DFFE_PN0P_,9.29,0.001350087480423201,9.288649912519576,VALIDATED,activity.csv (mission_weight)
387,u_host_if.rpop_q[12]$_DFFE_PN0P_,9.29,0.001350087480423201,9.288649912519576,VALIDATED,activity.csv (mission_weight)
390,u_host_if.s_rdata[9]$_DFFE_PN0P_,9.29,0.001350087480423201,9.288649912519576,VALIDATED,activity.csv (mission_weight)
1198,u_cdc_cmd.mem[10][2]$_DFFE_PP_,9.29,0.0012326475265051898,9.288767352473494,VALIDATED,activity.csv (mission_weight)
1196,u_cdc_cmd.mem[1][75]$_DFFE_PP_,9.29,0.0011679946302858846,9.288832005369713,VALIDATED,activity.csv (mission_weight)
1190,u_cdc_cmd.mem[1][21]$_DFFE_PP_,9.29,0.0011668516924618344,9.288833148307537,VALIDATED,activity.csv (mission_weight)
1197,u_cdc_cmd.mem[1][26]$_DFFE_PP_,9.29,0.0011668516924618344,9.288833148307537,VALIDATED,activity.csv (mission_weight)
1192,u_cdc_cmd.mem[5][32]$_DFFE_PP_,9.29,0.0011502188661496882,9.28884978113385,VALIDATED,activity.csv (mission_weight)
1189,u_cdc_cmd.mem[1][55]$_DFFE_PP_,9.29,0.0011311851406869688,9.288868814859311,VALIDATED,activity.csv (mission_weight)
1187,u_cdc_cmd.mem[3][66]$_DFFE_PP_,9.29,0.001130937403659868,9.288869062596339,VALIDATED,activity.csv (mission_weight)
1195,u_cdc_cmd.mem[5][31]$_DFFE_PP_,9.29,0.0011282016788557864,9.288871798321143,VALIDATED,activity.csv (mission_weight)
1191,u_cdc_cmd.mem[5][71]$_DFFE_PP_,9.29,0.0011227543325366685,9.288877245667463,VALIDATED,activity.csv (mission_weight)
1186,u_cdc_cmd.mem[1][61]$_DFFE_PP_,9.29,0.00111924994720497,9.288880750052794,VALIDATED,activity.csv (mission_weight)
1188,u_cdc_cmd.mem[3][63]$_DFFE_PP_,9.29,0.0011128870260961182,9.288887112973903,VALIDATED,activity.csv (mission_weight)
1199,u_cdc_cmd.mem[3][62]$_DFFE_PP_,9.29,0.001111436048775144,9.288888563951224,VALIDATED,activity.csv (mission_weight)
1194,u_cdc_cmd.mem[5][29]$_DFFE_PP_,9.29,0.0011096499043957014,9.288890350095603,VALIDATED,activity.csv (mission_weight)
1193,u_cdc_cmd.mem[1][62]$_DFFE_PP_,9.29,0.0010897817335836502,9.288910218266416,VALIDATED,activity.csv (mission_weight)
1200,u_cdc_cmd.mem[15][19]$_DFFE_PP_,9.29,0.001067607835008172,9.288932392164991,VALIDATED,activity.csv (mission_weight)
395,u_host_if.s_rdata[18]$_DFFE_PN0P_,9.3,0.0013584603434248776,9.298641539656575,VALIDATED,activity.csv (mission_weight)
397,u_host_if.rpop_q[7]$_DFFE_PN0P_,9.43,0.001148147633407301,9.428851852366593,VALIDATED,activity.csv (mission_weight)
396,u_host_if.rpop_q[18]$_DFFE_PN0P_,9.43,0.001148147633407301,9.428851852366593,VALIDATED,activity.csv (mission_weight)
399,u_host_if.s_rdata[8]$_DFFE_PN0P_,9.43,0.001148147633407301,9.428851852366593,VALIDATED,activity.csv (mission_weight)
398,u_host_if.rpop_q[8]$_DFFE_PN0P_,9.43,0.001148147633407301,9.428851852366593,VALIDATED,activity.csv (mission_weight)
1201,nand_dq_oe[0],11.57,0.0004031306722297179,11.569596869327771,VALIDATED,activity.csv (mission_weight)
1202,nand_ale[0],11.58,0.0003421980856219558,11.579657801914378,VALIDATED,activity.csv (mission_weight)
1203,nand_dq_o[2],11.59,0.0003843804084050495,11.589615619591594,VALIDATED,activity.csv (mission_weight)
1204,nand_cle[0],11.59,0.0003707776777707311,11.589629222322229,VALIDATED,activity.csv (mission_weight)
1205,nand_dq_o[1],11.6,0.0003713262856129551,11.599628673714387,VALIDATED,activity.csv (mission_weight)
1206,nand_ce_n[0],11.6,0.00036173431977634674,11.599638265680223,VALIDATED,activity.csv (mission_weight)
1214,nand_re_n[1],11.62,0.0004136240026242771,11.619586375997375,VALIDATED,activity.csv (mission_weight)
1213,nand_dq_o[5],11.62,0.00034697619276573277,11.619653023807233,VALIDATED,activity.csv (mission_weight)
1211,nand_dq_o[7],11.62,0.00034200979141646437,11.619657990208582,VALIDATED,activity.csv (mission_weight)
1212,nand_dq_o[0],11.62,0.00034200979141646437,11.619657990208582,VALIDATED,activity.csv (mission_weight)
1215,nand_dq_o[6],11.62,0.00034200979141646437,11.619657990208582,VALIDATED,activity.csv (mission_weight)
1217,nand_dq_o[3],11.62,0.00034200979141646437,11.619657990208582,VALIDATED,activity.csv (mission_weight)
1209,nand_dq_o[4],11.62,0.0003394441227921041,11.619660555877207,VALIDATED,activity.csv (mission_weight)
1210,nand_dq_o[12],11.62,0.00030320199661060254,11.619696798003389,VALIDATED,activity.csv (mission_weight)
1218,nand_dq_o[15],11.62,0.00029485554397784547,11.619705144456022,VALIDATED,activity.csv (mission_weight)
1208,nand_dq_o[11],11.62,0.0002936011137174982,11.619706398886281,VALIDATED,activity.csv (mission_weight)
1207,nand_dq_o[14],11.62,0.0002936011137174982,11.619706398886281,VALIDATED,activity.csv (mission_weight)
1216,nand_dq_o[8],11.62,0.0002936011137174982,11.619706398886281,VALIDATED,activity.csv (mission_weight)
1222,nand_dq_oe[1],11.63,0.0003688941901326681,11.629631105809867,VALIDATED,activity.csv (mission_weight)
1225,nand_ale[1],11.63,0.00028831760649507265,11.629711682393506,VALIDATED,activity.csv (mission_weight)
1224,nand_dq_o[13],11.63,0.00028831760649507265,11.629711682393506,VALIDATED,activity.csv (mission_weight)
1223,nand_dq_o[9],11.63,0.00028831760649507265,11.629711682393506,VALIDATED,activity.csv (mission_weight)
1219,nand_we_n[0],11.63,0.00028783254383919765,11.629712167456162,VALIDATED,activity.csv (mission_weight)
1220,nand_dq_o[10],11.63,0.000287096187557373,11.629712903812443,VALIDATED,activity.csv (mission_weight)
1221,nand_re_n[0],11.63,0.0002239006958967421,11.629776099304104,VALIDATED,activity.csv (mission_weight)
1227,nand_we_n[1],11.64,0.00035101691123377854,11.639648983088767,VALIDATED,activity.csv (mission_weight)
1228,nand_ce_n[1],11.64,0.0002805252387519941,11.639719474761248,VALIDATED,activity.csv (mission_weight)
1226,nand_cle[1],11.64,0.0002805252387519941,11.639719474761248,VALIDATED,activity.csv (mission_weight)
1230,g_chan[1].u_cdc_chr.mem[11][1]$_DFFE_PP_,11.85,0.00518677988560845,11.844813220114391,VALIDATED,activity.csv (mission_weight)
1229,g_chan[1].u_cdc_chr.mem[10][1]$_DFFE_PP_,11.85,0.00518677988560845,11.844813220114391,VALIDATED,activity.csv (mission_weight)
1233,g_chan[1].u_cdc_chr.mem[15][25]$_DFFE_PP_,11.86,0.007838770564495112,11.852161229435504,VALIDATED,activity.csv (mission_weight)
1240,g_chan[1].u_cdc_chr.mem[10][25]$_DFFE_PP_,11.86,0.007838770564495112,11.852161229435504,VALIDATED,activity.csv (mission_weight)
1241,g_chan[1].u_cdc_chr.mem[4][21]$_DFFE_PP_,11.86,0.00775214396601298,11.852247856033987,VALIDATED,activity.csv (mission_weight)
1248,g_chan[1].u_cdc_chr.mem[5][21]$_DFFE_PP_,11.86,0.00775214396601298,11.852247856033987,VALIDATED,activity.csv (mission_weight)
1246,g_chan[1].u_cdc_chr.mem[6][21]$_DFFE_PP_,11.86,0.00775214396601298,11.852247856033987,VALIDATED,activity.csv (mission_weight)
1254,g_chan[1].u_cdc_chr.mem[7][21]$_DFFE_PP_,11.86,0.007656089884677586,11.852343910115321,VALIDATED,activity.csv (mission_weight)
1237,g_chan[1].u_cdc_chr.mem[13][21]$_DFFE_PP_,11.86,0.007656089884677586,11.852343910115321,VALIDATED,activity.csv (mission_weight)
1238,g_chan[1].u_cdc_chr.mem[12][21]$_DFFE_PP_,11.86,0.007656089884677586,11.852343910115321,VALIDATED,activity.csv (mission_weight)
1235,g_chan[1].u_cdc_chr.mem[1][25]$_DFFE_PP_,11.86,0.0076468294144699245,11.852353170585529,VALIDATED,activity.csv (mission_weight)
1232,g_chan[1].u_cdc_chr.mem[11][25]$_DFFE_PP_,11.86,0.007610099638824419,11.852389900361175,VALIDATED,activity.csv (mission_weight)
1253,g_chan[1].u_cdc_chr.mem[15][21]$_DFFE_PP_,11.86,0.007560035803342191,11.852439964196657,VALIDATED,activity.csv (mission_weight)
1251,g_chan[1].u_cdc_chr.mem[14][21]$_DFFE_PP_,11.86,0.007560035803342191,11.852439964196657,VALIDATED,activity.csv (mission_weight)
1262,g_chan[1].u_cdc_chr.mem[12][25]$_DFFE_PP_,11.86,0.0075208797797584595,11.852479120220242,VALIDATED,activity.csv (mission_weight)
1252,g_chan[1].u_cdc_chr.mem[2][21]$_DFFE_PP_,11.86,0.007392028496426505,11.852607971503573,VALIDATED,activity.csv (mission_weight)
1265,g_chan[1].u_cdc_chr.mem[3][21]$_DFFE_PP_,11.86,0.007392028496426505,11.852607971503573,VALIDATED,activity.csv (mission_weight)
1236,g_chan[1].u_cdc_chr.mem[14][25]$_DFFE_PP_,11.86,0.007381428713153725,11.852618571286845,VALIDATED,activity.csv (mission_weight)
1261,g_chan[1].u_cdc_chr.mem[2][25]$_DFFE_PP_,11.86,0.007381428713153725,11.852618571286845,VALIDATED,activity.csv (mission_weight)
1234,g_chan[1].u_cdc_chr.mem[5][25]$_DFFE_PP_,11.86,0.007381428713153725,11.852618571286845,VALIDATED,activity.csv (mission_weight)
1242,g_chan[1].u_cdc_chr.mem[9][25]$_DFFE_PP_,11.86,0.007381428713153725,11.852618571286845,VALIDATED,activity.csv (mission_weight)
1243,g_chan[1].u_cdc_chr.mem[8][25]$_DFFE_PP_,11.86,0.007381428713153725,11.852618571286845,VALIDATED,activity.csv (mission_weight)
1239,g_chan[1].u_cdc_chr.mem[3][25]$_DFFE_PP_,11.86,0.007300133350705673,11.852699866649294,VALIDATED,activity.csv (mission_weight)
1256,g_chan[1].u_cdc_chr.mem[0][25]$_DFFE_PP_,11.86,0.007300133350705673,11.852699866649294,VALIDATED,activity.csv (mission_weight)
1266,g_chan[1].u_cdc_chr.mem[6][25]$_DFFE_PP_,11.86,0.007292208854087767,11.852707791145912,VALIDATED,activity.csv (mission_weight)
1263,g_chan[1].u_cdc_chr.mem[7][25]$_DFFE_PP_,11.86,0.007292208854087767,11.852707791145912,VALIDATED,activity.csv (mission_weight)
1264,g_chan[1].u_cdc_chr.mem[4][25]$_DFFE_PP_,11.86,0.007292208854087767,11.852707791145912,VALIDATED,activity.csv (mission_weight)
1259,g_chan[1].u_cdc_chr.mem[0][21]$_DFFE_PP_,11.86,0.007201345216656496,11.852798654783342,VALIDATED,activity.csv (mission_weight)
1257,g_chan[1].u_cdc_chr.mem[1][21]$_DFFE_PP_,11.86,0.007201345216656496,11.852798654783342,VALIDATED,activity.csv (mission_weight)
1245,g_chan[1].u_cdc_chr.mem[8][21]$_DFFE_PP_,11.86,0.007201345216656496,11.852798654783342,VALIDATED,activity.csv (mission_weight)
1250,g_chan[1].u_cdc_chr.mem[10][21]$_DFFE_PP_,11.86,0.007201345216656496,11.852798654783342,VALIDATED,activity.csv (mission_weight)
1249,g_chan[1].u_cdc_chr.mem[11][21]$_DFFE_PP_,11.86,0.007201345216656496,11.852798654783342,VALIDATED,activity.csv (mission_weight)
1247,g_chan[1].u_cdc_chr.mem[9][21]$_DFFE_PP_,11.86,0.007201345216656496,11.852798654783342,VALIDATED,activity.csv (mission_weight)
1244,g_chan[1].u_cdc_chr.mem[13][25]$_DFFE_PP_,11.86,0.007151355622414868,11.852848644377584,VALIDATED,activity.csv (mission_weight)
1268,g_chan[1].u_cdc_chr.mem[1][1]$_DFFE_PP_,11.86,0.005792896642908607,11.85420710335709,VALIDATED,activity.csv (mission_weight)
1267,g_chan[1].u_cdc_chr.mem[4][1]$_DFFE_PP_,11.86,0.005792896642908607,11.85420710335709,VALIDATED,activity.csv (mission_weight)
1269,g_chan[1].u_cdc_chr.mem[0][1]$_DFFE_PP_,11.86,0.005792896642908607,11.85420710335709,VALIDATED,activity.csv (mission_weight)
1270,g_chan[1].u_cdc_chr.mem[3][1]$_DFFE_PP_,11.86,0.005792896642908607,11.85420710335709,VALIDATED,activity.csv (mission_weight)
1231,g_chan[1].u_cdc_chr.mem[9][1]$_DFFE_PP_,11.86,0.005472121631885596,11.854527878368113,VALIDATED,activity.csv (mission_weight)
1255,g_chan[1].u_cdc_chr.mem[0][24]$_DFFE_PP_,11.86,0.005393049176113163,11.854606950823886,VALIDATED,activity.csv (mission_weight)
1260,g_chan[1].u_cdc_chr.mem[3][24]$_DFFE_PP_,11.86,0.005393049176113163,11.854606950823886,VALIDATED,activity.csv (mission_weight)
1258,g_chan[1].u_cdc_chr.mem[1][24]$_DFFE_PP_,11.86,0.005393049176113163,11.854606950823886,VALIDATED,activity.csv (mission_weight)
1283,g_chan[1].u_cdc_chr.mem[1][9]$_DFFE_PP_,11.87,0.009150589995866598,11.860849410004132,VALIDATED,activity.csv (mission_weight)
1286,g_chan[1].u_cdc_chr.mem[0][9]$_DFFE_PP_,11.87,0.00889071448331702,11.861109285516683,VALIDATED,activity.csv (mission_weight)
1298,g_chan[1].u_cdc_chr.mem[14][18]$_DFFE_PP_,11.87,0.008488910209456635,11.861511089790543,VALIDATED,activity.csv (mission_weight)
1280,g_chan[1].u_cdc_chr.mem[9][9]$_DFFE_PP_,11.87,0.008259952593409281,11.86174004740659,VALIDATED,activity.csv (mission_weight)
1285,g_chan[1].u_cdc_chr.mem[8][9]$_DFFE_PP_,11.87,0.008259952593409281,11.86174004740659,VALIDATED,activity.csv (mission_weight)
1281,g_chan[1].u_cdc_chr.mem[10][9]$_DFFE_PP_,11.87,0.007946026124936001,11.862053973875064,VALIDATED,activity.csv (mission_weight)
1282,g_chan[1].u_cdc_chr.mem[11][9]$_DFFE_PP_,11.87,0.007946026124936001,11.862053973875064,VALIDATED,activity.csv (mission_weight)
1296,g_chan[1].u_cdc_chr.mem[3][18]$_DFFE_PP_,11.87,0.007888878500585617,11.862111121499414,VALIDATED,activity.csv (mission_weight)
1297,g_chan[1].u_cdc_chr.mem[10][18]$_DFFE_PP_,11.87,0.007888878500585617,11.862111121499414,VALIDATED,activity.csv (mission_weight)
1287,g_chan[1].u_cdc_chr.mem[5][9]$_DFFE_PP_,11.87,0.007450240127069518,11.86254975987293,VALIDATED,activity.csv (mission_weight)
1292,g_chan[1].u_cdc_chr.mem[7][9]$_DFFE_PP_,11.87,0.007450240127069518,11.86254975987293,VALIDATED,activity.csv (mission_weight)
1291,g_chan[1].u_cdc_chr.mem[14][9]$_DFFE_PP_,11.87,0.007450240127069518,11.86254975987293,VALIDATED,activity.csv (mission_weight)
1294,g_chan[1].u_cdc_chr.mem[6][9]$_DFFE_PP_,11.87,0.007450240127069518,11.86254975987293,VALIDATED,activity.csv (mission_weight)
1295,g_chan[1].u_cdc_chr.mem[4][9]$_DFFE_PP_,11.87,0.007450240127069518,11.86254975987293,VALIDATED,activity.csv (mission_weight)
1284,g_chan[1].u_cdc_chr.mem[2][9]$_DFFE_PP_,11.87,0.007450240127069518,11.86254975987293,VALIDATED,activity.csv (mission_weight)
1293,g_chan[1].u_cdc_chr.mem[15][9]$_DFFE_PP_,11.87,0.007450240127069518,11.86254975987293,VALIDATED,activity.csv (mission_weight)
1289,g_chan[1].u_cdc_chr.mem[13][9]$_DFFE_PP_,11.87,0.007450240127069518,11.86254975987293,VALIDATED,activity.csv (mission_weight)
1288,g_chan[1].u_cdc_chr.mem[12][9]$_DFFE_PP_,11.87,0.007450240127069518,11.86254975987293,VALIDATED,activity.csv (mission_weight)
1290,g_chan[1].u_cdc_chr.mem[3][9]$_DFFE_PP_,11.87,0.007450240127069518,11.86254975987293,VALIDATED,activity.csv (mission_weight)
1273,g_chan[1].u_cdc_chr.mem[7][1]$_DFFE_PP_,11.87,0.005893272636447565,11.864106727363552,VALIDATED,activity.csv (mission_weight)
1276,g_chan[1].u_cdc_chr.mem[5][1]$_DFFE_PP_,11.87,0.005893272636447565,11.864106727363552,VALIDATED,activity.csv (mission_weight)
1271,g_chan[1].u_cdc_chr.mem[2][1]$_DFFE_PP_,11.87,0.005893272636447565,11.864106727363552,VALIDATED,activity.csv (mission_weight)
1274,g_chan[1].u_cdc_chr.mem[6][1]$_DFFE_PP_,11.87,0.005893272636447565,11.864106727363552,VALIDATED,activity.csv (mission_weight)
1279,g_chan[1].u_cdc_chr.mem[14][1]$_DFFE_PP_,11.87,0.005792896642908607,11.86420710335709,VALIDATED,activity.csv (mission_weight)
1275,g_chan[1].u_cdc_chr.mem[13][1]$_DFFE_PP_,11.87,0.005792896642908607,11.86420710335709,VALIDATED,activity.csv (mission_weight)
1277,g_chan[1].u_cdc_chr.mem[8][1]$_DFFE_PP_,11.87,0.005792896642908607,11.86420710335709,VALIDATED,activity.csv (mission_weight)
1278,g_chan[1].u_cdc_chr.mem[15][1]$_DFFE_PP_,11.87,0.005792896642908607,11.86420710335709,VALIDATED,activity.csv (mission_weight)
1272,g_chan[1].u_cdc_chr.mem[12][1]$_DFFE_PP_,11.87,0.005792896642908607,11.86420710335709,VALIDATED,activity.csv (mission_weight)
1308,g_chan[1].u_cdc_chr.mem[13][18]$_DFFE_PP_,11.88,0.008488910209456635,11.871511089790545,VALIDATED,activity.csv (mission_weight)
1311,g_chan[1].u_cdc_chr.mem[15][18]$_DFFE_PP_,11.88,0.008478731660044758,11.871521268339956,VALIDATED,activity.csv (mission_weight)
1314,g_chan[1].u_cdc_chr.mem[7][18]$_DFFE_PP_,11.88,0.008478731660044758,11.871521268339956,VALIDATED,activity.csv (mission_weight)
1309,g_chan[1].u_cdc_chr.mem[12][18]$_DFFE_PP_,11.88,0.008478731660044758,11.871521268339956,VALIDATED,activity.csv (mission_weight)
1302,g_chan[1].u_cdc_chr.mem[6][18]$_DFFE_PP_,11.88,0.008188894355021126,11.87181110564498,VALIDATED,activity.csv (mission_weight)
1305,g_chan[1].u_cdc_chr.mem[5][18]$_DFFE_PP_,11.88,0.0081790755368496,11.871820924463151,VALIDATED,activity.csv (mission_weight)
1306,g_chan[1].u_cdc_chr.mem[9][18]$_DFFE_PP_,11.88,0.0081790755368496,11.871820924463151,VALIDATED,activity.csv (mission_weight)
1304,g_chan[1].u_cdc_chr.mem[4][18]$_DFFE_PP_,11.88,0.0081790755368496,11.871820924463151,VALIDATED,activity.csv (mission_weight)
1301,g_chan[1].u_cdc_chr.mem[8][18]$_DFFE_PP_,11.88,0.007879419413654443,11.872120580586346,VALIDATED,activity.csv (mission_weight)
1300,g_chan[1].u_cdc_chr.mem[2][18]$_DFFE_PP_,11.88,0.007879419413654443,11.872120580586346,VALIDATED,activity.csv (mission_weight)
1313,g_chan[1].u_cdc_chr.mem[1][18]$_DFFE_PP_,11.88,0.007802227292010855,11.87219777270799,VALIDATED,activity.csv (mission_weight)
1299,g_chan[1].u_cdc_chr.mem[0][18]$_DFFE_PP_,11.88,0.007802227292010855,11.87219777270799,VALIDATED,activity.csv (mission_weight)
1307,g_chan[1].u_cdc_chr.mem[11][18]$_DFFE_PP_,11.88,0.00754385400551194,11.872456145994489,VALIDATED,activity.csv (mission_weight)
1315,g_chan[1].u_cdc_chr.mem[9][13]$_DFFE_PP_,11.88,0.006690686433201919,11.873309313566798,VALIDATED,activity.csv (mission_weight)
1316,g_chan[1].u_cdc_chr.mem[11][13]$_DFFE_PP_,11.88,0.006690686433201919,11.873309313566798,VALIDATED,activity.csv (mission_weight)
1320,g_chan[1].u_cdc_chr.mem[2][13]$_DFFE_PP_,11.88,0.006690686433201919,11.873309313566798,VALIDATED,activity.csv (mission_weight)
1317,g_chan[1].u_cdc_chr.mem[8][13]$_DFFE_PP_,11.88,0.006690686433201919,11.873309313566798,VALIDATED,activity.csv (mission_weight)
1335,g_chan[1].u_cdc_chr.mem[10][24]$_DFFE_PP_,11.88,0.006591959770585576,11.873408040229416,VALIDATED,activity.csv (mission_weight)
1336,g_chan[1].u_cdc_chr.mem[11][24]$_DFFE_PP_,11.88,0.006591959770585576,11.873408040229416,VALIDATED,activity.csv (mission_weight)
1338,g_chan[1].u_cdc_chr.mem[13][24]$_DFFE_PP_,11.88,0.006560081414741958,11.873439918585259,VALIDATED,activity.csv (mission_weight)
1339,g_chan[1].u_cdc_chr.mem[14][24]$_DFFE_PP_,11.88,0.006508893959118689,11.873491106040882,VALIDATED,activity.csv (mission_weight)
1343,g_chan[1].u_cdc_chr.mem[7][24]$_DFFE_PP_,11.88,0.006508893959118689,11.873491106040882,VALIDATED,activity.csv (mission_weight)
1354,g_chan[1].u_cdc_chr.mem[0][17]$_DFFE_PP_,11.88,0.006415312359424052,11.873584687640577,VALIDATED,activity.csv (mission_weight)
1332,g_chan[1].u_cdc_chr.mem[9][24]$_DFFE_PP_,11.88,0.006407869648088482,11.873592130351913,VALIDATED,activity.csv (mission_weight)
1346,g_chan[1].u_cdc_chr.mem[2][24]$_DFFE_PP_,11.88,0.006407869648088482,11.873592130351913,VALIDATED,activity.csv (mission_weight)
1340,g_chan[1].u_cdc_chr.mem[8][24]$_DFFE_PP_,11.88,0.006407869648088482,11.873592130351913,VALIDATED,activity.csv (mission_weight)
1337,g_chan[1].u_cdc_chr.mem[6][24]$_DFFE_PP_,11.88,0.006364689350829789,11.87363531064917,VALIDATED,activity.csv (mission_weight)
1310,g_chan[1].u_cdc_chr.mem[3][13]$_DFFE_PP_,11.88,0.006340597628607059,11.873659402371393,VALIDATED,activity.csv (mission_weight)
1329,g_chan[1].u_cdc_chr.mem[12][24]$_DFFE_PP_,11.88,0.006321509053571095,11.87367849094643,VALIDATED,activity.csv (mission_weight)
1331,g_chan[1].u_cdc_chr.mem[4][24]$_DFFE_PP_,11.88,0.006321509053571095,11.87367849094643,VALIDATED,activity.csv (mission_weight)
1333,g_chan[1].u_cdc_chr.mem[5][24]$_DFFE_PP_,11.88,0.006321509053571095,11.87367849094643,VALIDATED,activity.csv (mission_weight)
1327,g_chan[1].u_cdc_chr.mem[15][24]$_DFFE_PP_,11.88,0.006321509053571095,11.87367849094643,VALIDATED,activity.csv (mission_weight)
1312,g_chan[1].u_cdc_chr.mem[1][13]$_DFFE_PP_,11.88,0.005990508824012197,11.874009491175988,VALIDATED,activity.csv (mission_weight)
1303,g_chan[1].u_cdc_chr.mem[0][13]$_DFFE_PP_,11.88,0.005990508824012197,11.874009491175988,VALIDATED,activity.csv (mission_weight)
1328,g_chan[1].u_cdc_chr.mem[15][13]$_DFFE_PP_,11.88,0.005307333775077305,11.874692666224924,VALIDATED,activity.csv (mission_weight)
1330,g_chan[1].u_cdc_chr.mem[12][13]$_DFFE_PP_,11.88,0.005307333775077305,11.874692666224924,VALIDATED,activity.csv (mission_weight)
1322,g_chan[1].u_cdc_chr.mem[4][13]$_DFFE_PP_,11.88,0.005307333775077305,11.874692666224924,VALIDATED,activity.csv (mission_weight)
1324,g_chan[1].u_cdc_chr.mem[14][13]$_DFFE_PP_,11.88,0.005307333775077305,11.874692666224924,VALIDATED,activity.csv (mission_weight)
1325,g_chan[1].u_cdc_chr.mem[13][13]$_DFFE_PP_,11.88,0.005307333775077305,11.874692666224924,VALIDATED,activity.csv (mission_weight)
1351,g_chan[1].u_cdc_chr.mem[11][16]$_DFFE_PP_,11.88,0.005290603226444146,11.874709396773557,VALIDATED,activity.csv (mission_weight)
1326,g_chan[1].u_cdc_chr.mem[7][13]$_DFFE_PP_,11.88,0.005271470261489775,11.874728529738512,VALIDATED,activity.csv (mission_weight)
1323,g_chan[1].u_cdc_chr.mem[6][13]$_DFFE_PP_,11.88,0.005271470261489775,11.874728529738512,VALIDATED,activity.csv (mission_weight)
1342,g_chan[1].u_cdc_chr.mem[2][8]$_DFFE_PP_,11.88,0.005269403073358991,11.874730596926641,VALIDATED,activity.csv (mission_weight)
1345,g_chan[1].u_cdc_chr.mem[3][8]$_DFFE_PP_,11.88,0.005269403073358991,11.874730596926641,VALIDATED,activity.csv (mission_weight)
1347,g_chan[1].u_cdc_chr.mem[9][8]$_DFFE_PP_,11.88,0.005269403073358991,11.874730596926641,VALIDATED,activity.csv (mission_weight)
1344,g_chan[1].u_cdc_chr.mem[10][8]$_DFFE_PP_,11.88,0.005269403073358991,11.874730596926641,VALIDATED,activity.csv (mission_weight)
1334,g_chan[1].u_cdc_chr.mem[11][8]$_DFFE_PP_,11.88,0.005269403073358991,11.874730596926641,VALIDATED,activity.csv (mission_weight)
1341,g_chan[1].u_cdc_chr.mem[0][8]$_DFFE_PP_,11.88,0.005269403073358991,11.874730596926641,VALIDATED,activity.csv (mission_weight)
1348,g_chan[1].u_cdc_chr.mem[1][8]$_DFFE_PP_,11.88,0.005269403073358991,11.874730596926641,VALIDATED,activity.csv (mission_weight)
1321,g_chan[1].u_cdc_chr.mem[5][13]$_DFFE_PP_,11.88,0.005237100976620335,11.87476289902338,VALIDATED,activity.csv (mission_weight)
1353,g_chan[1].u_cdc_chr.mem[10][16]$_DFFE_PP_,11.88,0.005224363408225629,11.874775636591774,VALIDATED,activity.csv (mission_weight)
1349,g_chan[1].u_cdc_chr.mem[9][16]$_DFFE_PP_,11.88,0.005224363408225629,11.874775636591774,VALIDATED,activity.csv (mission_weight)
1350,g_chan[1].u_cdc_chr.mem[4][12]$_DFFE_PP_,11.88,0.00520097402643338,11.874799025973568,VALIDATED,activity.csv (mission_weight)
1318,g_chan[1].u_cdc_chr.mem[11][12]$_DFFE_PP_,11.88,0.005151734116396022,11.874848265883605,VALIDATED,activity.csv (mission_weight)
1319,g_chan[1].u_cdc_chr.mem[8][12]$_DFFE_PP_,11.88,0.005151734116396022,11.874848265883605,VALIDATED,activity.csv (mission_weight)
1352,g_chan[1].u_cdc_chr.mem[8][16]$_DFFE_PP_,11.88,0.005135598427354782,11.874864401572646,VALIDATED,activity.csv (mission_weight)
1357,g_chan[1].u_cdc_chr.mem[10][13]$_DFFE_PP_,11.89,0.00824126496938149,11.881758735030619,VALIDATED,activity.csv (mission_weight)
1415,g_chan[1].u_cdc_chr.mem[9][29]$_DFFE_PP_,11.89,0.0070961471181630875,11.882903852881837,VALIDATED,activity.csv (mission_weight)
1397,g_chan[1].u_cdc_chr.mem[8][17]$_DFFE_PP_,11.89,0.007024368254340274,11.88297563174566,VALIDATED,activity.csv (mission_weight)
1401,g_chan[1].u_cdc_chr.mem[15][17]$_DFFE_PP_,11.89,0.007024368254340274,11.88297563174566,VALIDATED,activity.csv (mission_weight)
1358,g_chan[1].u_cdc_chr.mem[10][17]$_DFFE_PP_,11.89,0.006726128830463751,11.883273871169537,VALIDATED,activity.csv (mission_weight)
1402,g_chan[1].u_cdc_chr.mem[1][29]$_DFFE_PP_,11.89,0.006706489133642135,11.883293510866359,VALIDATED,activity.csv (mission_weight)
1409,g_chan[1].u_cdc_chr.mem[15][29]$_DFFE_PP_,11.89,0.006316831149121183,11.88368316885088,VALIDATED,activity.csv (mission_weight)
1356,g_chan[1].u_cdc_chr.mem[9][17]$_DFFE_PP_,11.89,0.006255391465371241,11.883744608534629,VALIDATED,activity.csv (mission_weight)
1361,g_chan[1].u_cdc_chr.mem[3][17]$_DFFE_PP_,11.89,0.005968695554969371,11.884031304445031,VALIDATED,activity.csv (mission_weight)
1364,g_chan[1].u_cdc_chr.mem[11][17]$_DFFE_PP_,11.89,0.005968695554969371,11.884031304445031,VALIDATED,activity.csv (mission_weight)
1413,g_chan[1].u_cdc_chr.mem[15][2]$_DFFE_PP_,11.89,0.005919840079830152,11.88408015992017,VALIDATED,activity.csv (mission_weight)
1355,g_chan[1].u_cdc_chr.mem[1][17]$_DFFE_PP_,11.89,0.005913397889721117,11.88408660211028,VALIDATED,activity.csv (mission_weight)
1394,g_chan[1].u_cdc_chr.mem[1][0]$_DFFE_PP_,11.89,0.005884609850955735,11.884115390149045,VALIDATED,activity.csv (mission_weight)
1382,g_chan[1].u_cdc_chr.mem[11][0]$_DFFE_PP_,11.89,0.00586072271664384,11.884139277283357,VALIDATED,activity.csv (mission_weight)
1406,g_chan[1].u_cdc_chr.mem[0][0]$_DFFE_PP_,11.89,0.005853678578762622,11.884146321421238,VALIDATED,activity.csv (mission_weight)
1378,g_chan[1].u_cdc_chr.mem[3][2]$_DFFE_PP_,11.89,0.005837594875856222,11.884162405124144,VALIDATED,activity.csv (mission_weight)
1376,g_chan[1].u_cdc_chr.mem[2][2]$_DFFE_PP_,11.89,0.005837594875856222,11.884162405124144,VALIDATED,activity.csv (mission_weight)
1377,g_chan[1].u_cdc_chr.mem[0][2]$_DFFE_PP_,11.89,0.005837594875856222,11.884162405124144,VALIDATED,activity.csv (mission_weight)
1414,g_chan[1].u_cdc_chr.mem[6][2]$_DFFE_PP_,11.89,0.005837433766082922,11.884162566233918,VALIDATED,activity.csv (mission_weight)
1379,g_chan[1].u_cdc_chr.mem[5][0]$_DFFE_PP_,11.89,0.005836835582331944,11.884163164417668,VALIDATED,activity.csv (mission_weight)
1383,g_chan[1].u_cdc_chr.mem[4][0]$_DFFE_PP_,11.89,0.005836835582331944,11.884163164417668,VALIDATED,activity.csv (mission_weight)
1387,g_chan[1].u_cdc_chr.mem[14][0]$_DFFE_PP_,11.89,0.005831610516487506,11.884168389483513,VALIDATED,activity.csv (mission_weight)
1396,g_chan[1].u_cdc_chr.mem[12][0]$_DFFE_PP_,11.89,0.005831610516487506,11.884168389483513,VALIDATED,activity.csv (mission_weight)
1410,g_chan[1].u_cdc_chr.mem[6][0]$_DFFE_PP_,11.89,0.005831610516487506,11.884168389483513,VALIDATED,activity.csv (mission_weight)
1412,g_chan[1].u_cdc_chr.mem[13][0]$_DFFE_PP_,11.89,0.005831610516487506,11.884168389483513,VALIDATED,activity.csv (mission_weight)
1386,g_chan[1].u_cdc_chr.mem[8][0]$_DFFE_PP_,11.89,0.005829820154948706,11.884170179845052,VALIDATED,activity.csv (mission_weight)
1392,g_chan[1].u_cdc_chr.mem[10][0]$_DFFE_PP_,11.89,0.005829820154948706,11.884170179845052,VALIDATED,activity.csv (mission_weight)
1391,g_chan[1].u_cdc_chr.mem[15][0]$_DFFE_PP_,11.89,0.005829820154948706,11.884170179845052,VALIDATED,activity.csv (mission_weight)
1385,g_chan[1].u_cdc_chr.mem[9][0]$_DFFE_PP_,11.89,0.005829820154948706,11.884170179845052,VALIDATED,activity.csv (mission_weight)
1408,g_chan[1].u_cdc_chr.mem[7][0]$_DFFE_PP_,11.89,0.0058246013692313525,11.88417539863077,VALIDATED,activity.csv (mission_weight)
1372,g_chan[1].u_cdc_chr.mem[11][2]$_DFFE_PP_,11.89,0.005813707741544327,11.884186292258455,VALIDATED,activity.csv (mission_weight)
1367,g_chan[1].u_cdc_chr.mem[1][2]$_DFFE_PP_,11.89,0.005813707741544327,11.884186292258455,VALIDATED,activity.csv (mission_weight)
1373,g_chan[1].u_cdc_chr.mem[8][2]$_DFFE_PP_,11.89,0.005789820607232432,11.884210179392769,VALIDATED,activity.csv (mission_weight)
1369,g_chan[1].u_cdc_chr.mem[10][2]$_DFFE_PP_,11.89,0.005789820607232432,11.884210179392769,VALIDATED,activity.csv (mission_weight)
1365,g_chan[1].u_cdc_chr.mem[9][2]$_DFFE_PP_,11.89,0.005789820607232432,11.884210179392769,VALIDATED,activity.csv (mission_weight)
1366,g_chan[1].u_cdc_chr.mem[4][2]$_DFFE_PP_,11.89,0.005714438882855832,11.884285561117144,VALIDATED,activity.csv (mission_weight)
1374,g_chan[1].u_cdc_chr.mem[5][2]$_DFFE_PP_,11.89,0.005714438882855832,11.884285561117144,VALIDATED,activity.csv (mission_weight)
1380,g_chan[1].u_cdc_chr.mem[12][2]$_DFFE_PP_,11.89,0.005709213817011394,11.884290786182989,VALIDATED,activity.csv (mission_weight)
1389,g_chan[1].u_cdc_chr.mem[13][2]$_DFFE_PP_,11.89,0.005702351781172732,11.884297648218828,VALIDATED,activity.csv (mission_weight)
1388,g_chan[1].u_cdc_chr.mem[13][12]$_DFFE_PP_,11.89,0.0056868752609453566,11.884313124739055,VALIDATED,activity.csv (mission_weight)
1393,g_chan[1].u_cdc_chr.mem[14][12]$_DFFE_PP_,11.89,0.0056868752609453566,11.884313124739055,VALIDATED,activity.csv (mission_weight)
1404,g_chan[1].u_cdc_chr.mem[15][12]$_DFFE_PP_,11.89,0.0056868752609453566,11.884313124739055,VALIDATED,activity.csv (mission_weight)
1384,g_chan[1].u_cdc_chr.mem[8][7]$_DFFE_PP_,11.89,0.00567670597415204,11.88432329402585,VALIDATED,activity.csv (mission_weight)
1363,g_chan[1].u_cdc_chr.mem[14][17]$_DFFE_PP_,11.89,0.005497958189876861,11.884502041810125,VALIDATED,activity.csv (mission_weight)
1371,g_chan[1].u_cdc_chr.mem[12][17]$_DFFE_PP_,11.89,0.005497958189876861,11.884502041810125,VALIDATED,activity.csv (mission_weight)
1368,g_chan[1].u_cdc_chr.mem[13][17]$_DFFE_PP_,11.89,0.005497958189876861,11.884502041810125,VALIDATED,activity.csv (mission_weight)
1370,g_chan[1].u_cdc_chr.mem[6][17]$_DFFE_PP_,11.89,0.005497958189876861,11.884502041810125,VALIDATED,activity.csv (mission_weight)
1375,g_chan[1].u_cdc_chr.mem[7][17]$_DFFE_PP_,11.89,0.005497958189876861,11.884502041810125,VALIDATED,activity.csv (mission_weight)
1360,g_chan[1].u_cdc_chr.mem[5][17]$_DFFE_PP_,11.89,0.005497958189876861,11.884502041810125,VALIDATED,activity.csv (mission_weight)
1359,g_chan[1].u_cdc_chr.mem[2][17]$_DFFE_PP_,11.89,0.005497958189876861,11.884502041810125,VALIDATED,activity.csv (mission_weight)
1362,g_chan[1].u_cdc_chr.mem[4][17]$_DFFE_PP_,11.89,0.005466781085266437,11.884533218914735,VALIDATED,activity.csv (mission_weight)
1381,g_chan[1].u_cdc_chr.mem[5][8]$_DFFE_PP_,11.89,0.005443035925395967,11.884556964074605,VALIDATED,activity.csv (mission_weight)
1395,g_chan[1].u_cdc_chr.mem[8][8]$_DFFE_PP_,11.89,0.0054045621964439175,11.884595437803556,VALIDATED,activity.csv (mission_weight)
1405,g_chan[1].u_cdc_chr.mem[3][12]$_DFFE_PP_,11.89,0.005319614091874314,11.884680385908126,VALIDATED,activity.csv (mission_weight)
1400,g_chan[1].u_cdc_chr.mem[0][12]$_DFFE_PP_,11.89,0.005319614091874314,11.884680385908126,VALIDATED,activity.csv (mission_weight)
1407,g_chan[1].u_cdc_chr.mem[9][12]$_DFFE_PP_,11.89,0.005319614091874314,11.884680385908126,VALIDATED,activity.csv (mission_weight)
1403,g_chan[1].u_cdc_chr.mem[2][12]$_DFFE_PP_,11.89,0.005319614091874314,11.884680385908126,VALIDATED,activity.csv (mission_weight)
1399,g_chan[1].u_cdc_chr.mem[1][12]$_DFFE_PP_,11.89,0.005319614091874314,11.884680385908126,VALIDATED,activity.csv (mission_weight)
1411,g_chan[1].u_cdc_chr.mem[7][12]$_DFFE_PP_,11.89,0.005319614091874314,11.884680385908126,VALIDATED,activity.csv (mission_weight)
1398,g_chan[1].u_cdc_chr.mem[10][12]$_DFFE_PP_,11.89,0.005319614091874314,11.884680385908126,VALIDATED,activity.csv (mission_weight)
1390,g_chan[1].u_cdc_chr.mem[4][8]$_DFFE_PP_,11.89,0.005263063579516002,11.884736936420484,VALIDATED,activity.csv (mission_weight)
1449,g_chan[1].u_cdc_chr.mem[0][29]$_DFFE_PP_,11.9,0.008066964680479516,11.891933035319521,VALIDATED,activity.csv (mission_weight)
1493,g_chan[1].u_cdc_chr.mem[10][31]$_DFFE_PP_,11.9,0.00733475840281872,11.892665241597182,VALIDATED,activity.csv (mission_weight)
1491,g_chan[1].u_cdc_chr.mem[11][31]$_DFFE_PP_,11.9,0.00733475840281872,11.892665241597182,VALIDATED,activity.csv (mission_weight)
1500,g_chan[1].u_cdc_chr.mem[15][23]$_DFFE_PP_,11.9,0.007251961820882835,11.892748038179118,VALIDATED,activity.csv (mission_weight)
1505,g_chan[1].u_cdc_chr.mem[6][31]$_DFFE_PP_,11.9,0.00722591009642537,11.892774089903575,VALIDATED,activity.csv (mission_weight)
1503,g_chan[1].u_cdc_chr.mem[11][23]$_DFFE_PP_,11.9,0.007212172070214184,11.892787827929785,VALIDATED,activity.csv (mission_weight)
1482,g_chan[1].u_cdc_chr.mem[13][23]$_DFFE_PP_,11.9,0.007212172070214184,11.892787827929785,VALIDATED,activity.csv (mission_weight)
1501,g_chan[1].u_cdc_chr.mem[14][23]$_DFFE_PP_,11.9,0.007212172070214184,11.892787827929785,VALIDATED,activity.csv (mission_weight)
1484,g_chan[1].u_cdc_chr.mem[12][23]$_DFFE_PP_,11.9,0.007212172070214184,11.892787827929785,VALIDATED,activity.csv (mission_weight)
1506,g_chan[1].u_cdc_chr.mem[3][23]$_DFFE_PP_,11.9,0.007212172070214184,11.892787827929785,VALIDATED,activity.csv (mission_weight)
1510,g_chan[1].u_cdc_chr.mem[5][31]$_DFFE_PP_,11.9,0.007117061790032019,11.892882938209969,VALIDATED,activity.csv (mission_weight)
1502,g_chan[1].u_cdc_chr.mem[7][31]$_DFFE_PP_,11.9,0.007117061790032019,11.892882938209969,VALIDATED,activity.csv (mission_weight)
1422,g_chan[1].u_cdc_chr.mem[10][29]$_DFFE_PP_,11.9,0.0070961471181630875,11.892903852881837,VALIDATED,activity.csv (mission_weight)
1429,g_chan[1].u_cdc_chr.mem[2][29]$_DFFE_PP_,11.9,0.0070961471181630875,11.892903852881837,VALIDATED,activity.csv (mission_weight)
1420,g_chan[1].u_cdc_chr.mem[8][29]$_DFFE_PP_,11.9,0.0070961471181630875,11.892903852881837,VALIDATED,activity.csv (mission_weight)
1419,g_chan[1].u_cdc_chr.mem[11][29]$_DFFE_PP_,11.9,0.0070961471181630875,11.892903852881837,VALIDATED,activity.csv (mission_weight)
1467,g_chan[1].u_cdc_chr.mem[14][31]$_DFFE_PP_,11.9,0.00708605478132962,11.892913945218671,VALIDATED,activity.csv (mission_weight)
1465,g_chan[1].u_cdc_chr.mem[1][31]$_DFFE_PP_,11.9,0.00708605478132962,11.892913945218671,VALIDATED,activity.csv (mission_weight)
1468,g_chan[1].u_cdc_chr.mem[0][31]$_DFFE_PP_,11.9,0.00708605478132962,11.892913945218671,VALIDATED,activity.csv (mission_weight)
1469,g_chan[1].u_cdc_chr.mem[15][31]$_DFFE_PP_,11.9,0.00708605478132962,11.892913945218671,VALIDATED,activity.csv (mission_weight)
1472,g_chan[1].u_cdc_chr.mem[2][31]$_DFFE_PP_,11.9,0.0070741167372054825,11.892925883262794,VALIDATED,activity.csv (mission_weight)
1477,g_chan[1].u_cdc_chr.mem[3][31]$_DFFE_PP_,11.9,0.0070741167372054825,11.892925883262794,VALIDATED,activity.csv (mission_weight)
1458,g_chan[1].u_cdc_chr.mem[9][31]$_DFFE_PP_,11.9,0.006888390071807304,11.893111609928193,VALIDATED,activity.csv (mission_weight)
1471,g_chan[1].u_cdc_chr.mem[8][31]$_DFFE_PP_,11.9,0.006888390071807304,11.893111609928193,VALIDATED,activity.csv (mission_weight)
1457,g_chan[1].u_cdc_chr.mem[11][5]$_DFFE_PP_,11.9,0.006862121664748422,11.893137878335253,VALIDATED,activity.csv (mission_weight)
1511,g_chan[1].u_cdc_chr.mem[7][23]$_DFFE_PP_,11.9,0.006759781325441527,11.893240218674558,VALIDATED,activity.csv (mission_weight)
1516,g_chan[1].u_cdc_chr.mem[6][23]$_DFFE_PP_,11.9,0.006759781325441527,11.893240218674558,VALIDATED,activity.csv (mission_weight)
1453,g_chan[1].u_cdc_chr.mem[6][29]$_DFFE_PP_,11.9,0.006739896100481091,11.89326010389952,VALIDATED,activity.csv (mission_weight)
1446,g_chan[1].u_cdc_chr.mem[7][29]$_DFFE_PP_,11.9,0.006739896100481091,11.89326010389952,VALIDATED,activity.csv (mission_weight)
1512,g_chan[1].u_cdc_chr.mem[2][23]$_DFFE_PP_,11.9,0.006719991574772877,11.893280008425227,VALIDATED,activity.csv (mission_weight)
1517,g_chan[1].u_cdc_chr.mem[5][23]$_DFFE_PP_,11.9,0.006719991574772877,11.893280008425227,VALIDATED,activity.csv (mission_weight)
1428,g_chan[1].u_cdc_chr.mem[3][29]$_DFFE_PP_,11.9,0.006706489133642135,11.893293510866359,VALIDATED,activity.csv (mission_weight)
1513,g_chan[1].u_cdc_chr.mem[10][23]$_DFFE_PP_,11.9,0.006680201824104226,11.893319798175897,VALIDATED,activity.csv (mission_weight)
1504,g_chan[1].u_cdc_chr.mem[1][23]$_DFFE_PP_,11.9,0.006680201824104226,11.893319798175897,VALIDATED,activity.csv (mission_weight)
1508,g_chan[1].u_cdc_chr.mem[8][23]$_DFFE_PP_,11.9,0.006680201824104226,11.893319798175897,VALIDATED,activity.csv (mission_weight)
1509,g_chan[1].u_cdc_chr.mem[0][23]$_DFFE_PP_,11.9,0.006680201824104226,11.893319798175897,VALIDATED,activity.csv (mission_weight)
1515,g_chan[1].u_cdc_chr.mem[4][23]$_DFFE_PP_,11.9,0.006680201824104226,11.893319798175897,VALIDATED,activity.csv (mission_weight)
1442,g_chan[1].u_cdc_chr.mem[3][5]$_DFFE_PP_,11.9,0.006539453317167099,11.893460546682833,VALIDATED,activity.csv (mission_weight)
1436,g_chan[1].u_cdc_chr.mem[9][5]$_DFFE_PP_,11.9,0.006539453317167099,11.893460546682833,VALIDATED,activity.csv (mission_weight)
1455,g_chan[1].u_cdc_chr.mem[15][5]$_DFFE_PP_,11.9,0.006539453317167099,11.893460546682833,VALIDATED,activity.csv (mission_weight)
1459,g_chan[1].u_cdc_chr.mem[12][5]$_DFFE_PP_,11.9,0.006539453317167099,11.893460546682833,VALIDATED,activity.csv (mission_weight)
1439,g_chan[1].u_cdc_chr.mem[0][5]$_DFFE_PP_,11.9,0.006539453317167099,11.893460546682833,VALIDATED,activity.csv (mission_weight)
1448,g_chan[1].u_cdc_chr.mem[1][5]$_DFFE_PP_,11.9,0.006539453317167099,11.893460546682833,VALIDATED,activity.csv (mission_weight)
1452,g_chan[1].u_cdc_chr.mem[2][5]$_DFFE_PP_,11.9,0.006539453317167099,11.893460546682833,VALIDATED,activity.csv (mission_weight)
1461,g_chan[1].u_cdc_chr.mem[13][5]$_DFFE_PP_,11.9,0.006539453317167099,11.893460546682833,VALIDATED,activity.csv (mission_weight)
1514,g_chan[1].u_cdc_chr.mem[9][23]$_DFFE_PP_,11.9,0.006493266822291344,11.89350673317771,VALIDATED,activity.csv (mission_weight)
1443,g_chan[1].u_cdc_chr.mem[8][5]$_DFFE_PP_,11.9,0.006472463680227469,11.893527536319773,VALIDATED,activity.csv (mission_weight)
1441,g_chan[1].u_cdc_chr.mem[6][5]$_DFFE_PP_,11.9,0.00640547404328784,11.893594525956713,VALIDATED,activity.csv (mission_weight)
1450,g_chan[1].u_cdc_chr.mem[10][5]$_DFFE_PP_,11.9,0.00640547404328784,11.893594525956713,VALIDATED,activity.csv (mission_weight)
1456,g_chan[1].u_cdc_chr.mem[4][5]$_DFFE_PP_,11.9,0.00640547404328784,11.893594525956713,VALIDATED,activity.csv (mission_weight)
1462,g_chan[1].u_cdc_chr.mem[14][5]$_DFFE_PP_,11.9,0.00640547404328784,11.893594525956713,VALIDATED,activity.csv (mission_weight)
1454,g_chan[1].u_cdc_chr.mem[5][5]$_DFFE_PP_,11.9,0.00640547404328784,11.893594525956713,VALIDATED,activity.csv (mission_weight)
1425,g_chan[1].u_cdc_chr.mem[12][29]$_DFFE_PP_,11.9,0.006316831149121183,11.89368316885088,VALIDATED,activity.csv (mission_weight)
1444,g_chan[1].u_cdc_chr.mem[5][29]$_DFFE_PP_,11.9,0.006316831149121183,11.89368316885088,VALIDATED,activity.csv (mission_weight)
1437,g_chan[1].u_cdc_chr.mem[14][29]$_DFFE_PP_,11.9,0.006316831149121183,11.89368316885088,VALIDATED,activity.csv (mission_weight)
1440,g_chan[1].u_cdc_chr.mem[13][29]$_DFFE_PP_,11.9,0.006316831149121183,11.89368316885088,VALIDATED,activity.csv (mission_weight)
1432,g_chan[1].u_cdc_chr.mem[7][5]$_DFFE_PP_,11.9,0.006223114647256334,11.893776885352745,VALIDATED,activity.csv (mission_weight)
1473,g_chan[1].u_cdc_chr.mem[12][26]$_DFFE_PP_,11.9,0.006138415584995172,11.893861584415005,VALIDATED,activity.csv (mission_weight)
1464,g_chan[1].u_cdc_chr.mem[7][26]$_DFFE_PP_,11.9,0.006137752824728837,11.89386224717527,VALIDATED,activity.csv (mission_weight)
1451,g_chan[1].u_cdc_chr.mem[3][0]$_DFFE_PP_,11.9,0.006091504053006513,11.893908495946993,VALIDATED,activity.csv (mission_weight)
1433,g_chan[1].u_cdc_chr.mem[4][29]$_DFFE_PP_,11.9,0.006074153902796753,11.893925846097204,VALIDATED,activity.csv (mission_weight)
1460,g_chan[1].u_cdc_chr.mem[4][26]$_DFFE_PP_,11.9,0.006070763187789208,11.89392923681221,VALIDATED,activity.csv (mission_weight)
1474,g_chan[1].u_cdc_chr.mem[5][26]$_DFFE_PP_,11.9,0.006070763187789208,11.89392923681221,VALIDATED,activity.csv (mission_weight)
1463,g_chan[1].u_cdc_chr.mem[3][26]$_DFFE_PP_,11.9,0.006070763187789208,11.89392923681221,VALIDATED,activity.csv (mission_weight)
1445,g_chan[1].u_cdc_chr.mem[2][0]$_DFFE_PP_,11.9,0.005991488691779789,11.89400851130822,VALIDATED,activity.csv (mission_weight)
1426,g_chan[1].u_cdc_chr.mem[14][2]$_DFFE_PP_,11.9,0.005912724887425558,11.894087275112575,VALIDATED,activity.csv (mission_weight)
1487,g_chan[1].u_cdc_chr.mem[13][26]$_DFFE_PP_,11.9,0.005895738338670742,11.89410426166133,VALIDATED,activity.csv (mission_weight)
1476,g_chan[1].u_cdc_chr.mem[14][26]$_DFFE_PP_,11.9,0.005895738338670742,11.89410426166133,VALIDATED,activity.csv (mission_weight)
1475,g_chan[1].u_cdc_chr.mem[15][26]$_DFFE_PP_,11.9,0.0058950755784044065,11.894104924421596,VALIDATED,activity.csv (mission_weight)
1470,g_chan[1].u_cdc_chr.mem[6][26]$_DFFE_PP_,11.9,0.0058950755784044065,11.894104924421596,VALIDATED,activity.csv (mission_weight)
1466,g_chan[1].u_cdc_chr.mem[2][26]$_DFFE_PP_,11.9,0.005894412818138073,11.894105587181862,VALIDATED,activity.csv (mission_weight)
1424,g_chan[1].u_cdc_chr.mem[7][2]$_DFFE_PP_,11.9,0.005837433766082922,11.894162566233918,VALIDATED,activity.csv (mission_weight)
1430,g_chan[1].u_cdc_chr.mem[10][26]$_DFFE_PP_,11.9,0.005810151059864044,11.894189848940137,VALIDATED,activity.csv (mission_weight)
1417,g_chan[1].u_cdc_chr.mem[11][26]$_DFFE_PP_,11.9,0.005786287476503005,11.894213712523497,VALIDATED,activity.csv (mission_weight)
1427,g_chan[1].u_cdc_chr.mem[8][26]$_DFFE_PP_,11.9,0.005712053422106567,11.894287946577894,VALIDATED,activity.csv (mission_weight)
1416,g_chan[1].u_cdc_chr.mem[0][26]$_DFFE_PP_,11.9,0.005712053422106567,11.894287946577894,VALIDATED,activity.csv (mission_weight)
1434,g_chan[1].u_cdc_chr.mem[1][26]$_DFFE_PP_,11.9,0.005712053422106567,11.894287946577894,VALIDATED,activity.csv (mission_weight)
1438,g_chan[1].u_cdc_chr.mem[9][26]$_DFFE_PP_,11.9,0.005712053422106567,11.894287946577894,VALIDATED,activity.csv (mission_weight)
1418,g_chan[1].u_cdc_chr.mem[13][31]$_DFFE_PP_,11.9,0.005708427439342856,11.894291572560657,VALIDATED,activity.csv (mission_weight)
1485,g_chan[1].u_cdc_chr.mem[14][8]$_DFFE_PP_,11.9,0.0057007977031779955,11.894299202296823,VALIDATED,activity.csv (mission_weight)
1483,g_chan[1].u_cdc_chr.mem[13][8]$_DFFE_PP_,11.9,0.005693937537470162,11.89430606246253,VALIDATED,activity.csv (mission_weight)
1494,g_chan[1].u_cdc_chr.mem[15][8]$_DFFE_PP_,11.9,0.005693937537470162,11.89430606246253,VALIDATED,activity.csv (mission_weight)
1490,g_chan[1].u_cdc_chr.mem[12][8]$_DFFE_PP_,11.9,0.005693937537470162,11.89430606246253,VALIDATED,activity.csv (mission_weight)
1492,g_chan[1].u_cdc_chr.mem[12][16]$_DFFE_PP_,11.9,0.005692614122378981,11.894307385877621,VALIDATED,activity.csv (mission_weight)
1423,g_chan[1].u_cdc_chr.mem[12][12]$_DFFE_PP_,11.9,0.0056868752609453566,11.894313124739055,VALIDATED,activity.csv (mission_weight)
1447,g_chan[1].u_cdc_chr.mem[12][31]$_DFFE_PP_,11.9,0.005561472235315445,11.894438527764684,VALIDATED,activity.csv (mission_weight)
1498,g_chan[1].u_cdc_chr.mem[15][16]$_DFFE_PP_,11.9,0.00555095562913932,11.89444904437086,VALIDATED,activity.csv (mission_weight)
1496,g_chan[1].u_cdc_chr.mem[13][16]$_DFFE_PP_,11.9,0.00555095562913932,11.89444904437086,VALIDATED,activity.csv (mission_weight)
1489,g_chan[1].u_cdc_chr.mem[14][16]$_DFFE_PP_,11.9,0.00555095562913932,11.89444904437086,VALIDATED,activity.csv (mission_weight)
1495,g_chan[1].u_cdc_chr.mem[7][8]$_DFFE_PP_,11.9,0.00553776670344619,11.894462233296554,VALIDATED,activity.csv (mission_weight)
1480,g_chan[1].u_cdc_chr.mem[1][16]$_DFFE_PP_,11.9,0.005536441693879013,11.894463558306121,VALIDATED,activity.csv (mission_weight)
1478,g_chan[1].u_cdc_chr.mem[0][16]$_DFFE_PP_,11.9,0.005536441693879013,11.894463558306121,VALIDATED,activity.csv (mission_weight)
1488,g_chan[1].u_cdc_chr.mem[5][16]$_DFFE_PP_,11.9,0.005519191759562169,11.894480808240438,VALIDATED,activity.csv (mission_weight)
1497,g_chan[1].u_cdc_chr.mem[7][16]$_DFFE_PP_,11.9,0.005519191759562169,11.894480808240438,VALIDATED,activity.csv (mission_weight)
1421,g_chan[1].u_cdc_chr.mem[5][12]$_DFFE_PP_,11.9,0.005503244676409834,11.89449675532359,VALIDATED,activity.csv (mission_weight)
1431,g_chan[1].u_cdc_chr.mem[4][31]$_DFFE_PP_,11.9,0.00540191442342719,11.894598085576574,VALIDATED,activity.csv (mission_weight)
1481,g_chan[1].u_cdc_chr.mem[2][16]$_DFFE_PP_,11.9,0.005373410694147207,11.894626589305853,VALIDATED,activity.csv (mission_weight)
1479,g_chan[1].u_cdc_chr.mem[3][16]$_DFFE_PP_,11.9,0.005373410694147207,11.894626589305853,VALIDATED,activity.csv (mission_weight)
1507,g_chan[1].u_cdc_chr.mem[6][16]$_DFFE_PP_,11.9,0.00535635694635228,11.894643643053648,VALIDATED,activity.csv (mission_weight)
1499,g_chan[1].u_cdc_chr.mem[4][16]$_DFFE_PP_,11.9,0.005345769396745359,11.894654230603255,VALIDATED,activity.csv (mission_weight)
1486,g_chan[1].u_cdc_chr.mem[6][8]$_DFFE_PP_,11.9,0.005285970722843536,11.894714029277157,VALIDATED,activity.csv (mission_weight)
1435,g_chan[1].u_cdc_chr.mem[6][12]$_DFFE_PP_,11.9,0.005219633319196726,11.894780366680804,VALIDATED,activity.csv (mission_weight)
1581,g_chan[1].u_cdc_chr.mem[0][15]$_DFFE_PP_,11.91,0.008734921510966442,11.901265078489034,VALIDATED,activity.csv (mission_weight)
1543,g_chan[1].u_cdc_chr.mem[5][4]$_DFFE_PP_,11.91,0.0085689631053526,11.901431036894648,VALIDATED,activity.csv (mission_weight)
1542,g_chan[1].u_cdc_chr.mem[6][4]$_DFFE_PP_,11.91,0.0085689631053526,11.901431036894648,VALIDATED,activity.csv (mission_weight)
1523,g_chan[1].u_cdc_chr.mem[4][4]$_DFFE_PP_,11.91,0.0085689631053526,11.901431036894648,VALIDATED,activity.csv (mission_weight)
1534,g_chan[1].u_cdc_chr.mem[7][4]$_DFFE_PP_,11.91,0.0085689631053526,11.901431036894648,VALIDATED,activity.csv (mission_weight)
1569,g_chan[1].u_cdc_chr.mem[1][15]$_DFFE_PP_,11.91,0.00839017083392024,11.90160982916608,VALIDATED,activity.csv (mission_weight)
1553,g_chan[1].u_cdc_chr.mem[9][15]$_DFFE_PP_,11.91,0.008352330566344324,11.901647669433656,VALIDATED,activity.csv (mission_weight)
1544,g_chan[1].u_cdc_chr.mem[8][15]$_DFFE_PP_,11.91,0.008352330566344324,11.901647669433656,VALIDATED,activity.csv (mission_weight)
1537,g_chan[1].u_cdc_chr.mem[9][4]$_DFFE_PP_,11.91,0.008313448496873876,11.901686551503126,VALIDATED,activity.csv (mission_weight)
1582,g_chan[1].u_cdc_chr.mem[10][10]$_DFFE_PP_,11.91,0.00806834057122996,11.90193165942877,VALIDATED,activity.csv (mission_weight)
1585,g_chan[1].u_cdc_chr.mem[11][10]$_DFFE_PP_,11.91,0.00806834057122996,11.90193165942877,VALIDATED,activity.csv (mission_weight)
1538,g_chan[1].u_cdc_chr.mem[11][4]$_DFFE_PP_,11.91,0.008057933888395152,11.901942066111605,VALIDATED,activity.csv (mission_weight)
1564,g_chan[1].u_cdc_chr.mem[1][4]$_DFFE_PP_,11.91,0.008057933888395152,11.901942066111605,VALIDATED,activity.csv (mission_weight)
1550,g_chan[1].u_cdc_chr.mem[10][4]$_DFFE_PP_,11.91,0.008057933888395152,11.901942066111605,VALIDATED,activity.csv (mission_weight)
1541,g_chan[1].u_cdc_chr.mem[2][4]$_DFFE_PP_,11.91,0.008057933888395152,11.901942066111605,VALIDATED,activity.csv (mission_weight)
1545,g_chan[1].u_cdc_chr.mem[3][4]$_DFFE_PP_,11.91,0.008057933888395152,11.901942066111605,VALIDATED,activity.csv (mission_weight)
1533,g_chan[1].u_cdc_chr.mem[8][4]$_DFFE_PP_,11.91,0.008057933888395152,11.901942066111605,VALIDATED,activity.csv (mission_weight)
1560,g_chan[1].u_cdc_chr.mem[0][4]$_DFFE_PP_,11.91,0.008057933888395152,11.901942066111605,VALIDATED,activity.csv (mission_weight)
1584,g_chan[1].u_cdc_chr.mem[3][15]$_DFFE_PP_,11.91,0.00798373567405275,11.902016264325948,VALIDATED,activity.csv (mission_weight)
1522,g_chan[1].u_cdc_chr.mem[14][4]$_DFFE_PP_,11.91,0.007413486543038417,11.902586513456962,VALIDATED,activity.csv (mission_weight)
1518,g_chan[1].u_cdc_chr.mem[15][4]$_DFFE_PP_,11.91,0.007413486543038417,11.902586513456962,VALIDATED,activity.csv (mission_weight)
1521,g_chan[1].u_cdc_chr.mem[13][4]$_DFFE_PP_,11.91,0.007413486543038417,11.902586513456962,VALIDATED,activity.csv (mission_weight)
1580,g_chan[1].u_cdc_chr.mem[7][15]$_DFFE_PP_,11.91,0.007259440648313853,11.902740559351686,VALIDATED,activity.csv (mission_weight)
1572,g_chan[1].u_cdc_chr.mem[11][15]$_DFFE_PP_,11.91,0.007259440648313853,11.902740559351686,VALIDATED,activity.csv (mission_weight)
1577,g_chan[1].u_cdc_chr.mem[10][15]$_DFFE_PP_,11.91,0.007259440648313853,11.902740559351686,VALIDATED,activity.csv (mission_weight)
1578,g_chan[1].u_cdc_chr.mem[14][15]$_DFFE_PP_,11.91,0.007259440648313853,11.902740559351686,VALIDATED,activity.csv (mission_weight)
1520,g_chan[1].u_cdc_chr.mem[12][4]$_DFFE_PP_,11.91,0.007250885560649012,11.90274911443935,VALIDATED,activity.csv (mission_weight)
1583,g_chan[1].u_cdc_chr.mem[13][15]$_DFFE_PP_,11.91,0.007232549837139057,11.90276745016286,VALIDATED,activity.csv (mission_weight)
1526,g_chan[1].u_cdc_chr.mem[11][27]$_DFFE_PP_,11.91,0.007200925803300562,11.9027990741967,VALIDATED,activity.csv (mission_weight)
1535,g_chan[1].u_cdc_chr.mem[15][27]$_DFFE_PP_,11.91,0.007200925803300562,11.9027990741967,VALIDATED,activity.csv (mission_weight)
1555,g_chan[1].u_cdc_chr.mem[3][27]$_DFFE_PP_,11.91,0.0071122401948875424,11.902887759805113,VALIDATED,activity.csv (mission_weight)
1552,g_chan[1].u_cdc_chr.mem[1][27]$_DFFE_PP_,11.91,0.0071122401948875424,11.902887759805113,VALIDATED,activity.csv (mission_weight)
1558,g_chan[1].u_cdc_chr.mem[2][27]$_DFFE_PP_,11.91,0.0071122401948875424,11.902887759805113,VALIDATED,activity.csv (mission_weight)
1579,g_chan[1].u_cdc_chr.mem[15][15]$_DFFE_PP_,11.91,0.007092540037991313,11.902907459962009,VALIDATED,activity.csv (mission_weight)
1566,g_chan[1].u_cdc_chr.mem[15][7]$_DFFE_PP_,11.91,0.007054725896222136,11.902945274103779,VALIDATED,activity.csv (mission_weight)
1586,g_chan[1].u_cdc_chr.mem[2][10]$_DFFE_PP_,11.91,0.006952578374017193,11.903047421625983,VALIDATED,activity.csv (mission_weight)
1548,g_chan[1].u_cdc_chr.mem[7][7]$_DFFE_PP_,11.91,0.0068712987633620095,11.903128701236637,VALIDATED,activity.csv (mission_weight)
1556,g_chan[1].u_cdc_chr.mem[14][7]$_DFFE_PP_,11.91,0.0068712987633620095,11.903128701236637,VALIDATED,activity.csv (mission_weight)
1576,g_chan[1].u_cdc_chr.mem[9][7]$_DFFE_PP_,11.91,0.006687871630501885,11.903312128369498,VALIDATED,activity.csv (mission_weight)
1561,g_chan[1].u_cdc_chr.mem[6][7]$_DFFE_PP_,11.91,0.006687871630501885,11.903312128369498,VALIDATED,activity.csv (mission_weight)
1567,g_chan[1].u_cdc_chr.mem[11][7]$_DFFE_PP_,11.91,0.006687871630501885,11.903312128369498,VALIDATED,activity.csv (mission_weight)
1568,g_chan[1].u_cdc_chr.mem[10][7]$_DFFE_PP_,11.91,0.006687871630501885,11.903312128369498,VALIDATED,activity.csv (mission_weight)
1519,g_chan[1].u_cdc_chr.mem[9][27]$_DFFE_PP_,11.91,0.00667763137141153,11.903322368628588,VALIDATED,activity.csv (mission_weight)
1536,g_chan[1].u_cdc_chr.mem[7][27]$_DFFE_PP_,11.91,0.00666959571392478,11.903330404286075,VALIDATED,activity.csv (mission_weight)
1530,g_chan[1].u_cdc_chr.mem[8][27]$_DFFE_PP_,11.91,0.00666959571392478,11.903330404286075,VALIDATED,activity.csv (mission_weight)
1524,g_chan[1].u_cdc_chr.mem[0][27]$_DFFE_PP_,11.91,0.00666959571392478,11.903330404286075,VALIDATED,activity.csv (mission_weight)
1532,g_chan[1].u_cdc_chr.mem[10][27]$_DFFE_PP_,11.91,0.00666959571392478,11.903330404286075,VALIDATED,activity.csv (mission_weight)
1529,g_chan[1].u_cdc_chr.mem[5][27]$_DFFE_PP_,11.91,0.00666959571392478,11.903330404286075,VALIDATED,activity.csv (mission_weight)
1540,g_chan[1].u_cdc_chr.mem[4][27]$_DFFE_PP_,11.91,0.00666959571392478,11.903330404286075,VALIDATED,activity.csv (mission_weight)
1547,g_chan[1].u_cdc_chr.mem[13][7]$_DFFE_PP_,11.91,0.006632170048293862,11.903367829951707,VALIDATED,activity.csv (mission_weight)
1525,g_chan[1].u_cdc_chr.mem[12][27]$_DFFE_PP_,11.91,0.0066291914319894785,11.903370808568011,VALIDATED,activity.csv (mission_weight)
1531,g_chan[1].u_cdc_chr.mem[14][27]$_DFFE_PP_,11.91,0.0066291914319894785,11.903370808568011,VALIDATED,activity.csv (mission_weight)
1527,g_chan[1].u_cdc_chr.mem[13][27]$_DFFE_PP_,11.91,0.0066291914319894785,11.903370808568011,VALIDATED,activity.csv (mission_weight)
1546,g_chan[1].u_cdc_chr.mem[6][27]$_DFFE_PP_,11.91,0.0066291914319894785,11.903370808568011,VALIDATED,activity.csv (mission_weight)
1528,g_chan[1].u_cdc_chr.mem[12][7]$_DFFE_PP_,11.91,0.006334136586726324,11.903665863413273,VALIDATED,activity.csv (mission_weight)
1559,g_chan[1].u_cdc_chr.mem[5][7]$_DFFE_PP_,11.91,0.006150709453866199,11.903849290546134,VALIDATED,activity.csv (mission_weight)
1565,g_chan[1].u_cdc_chr.mem[1][7]$_DFFE_PP_,11.91,0.006147399616406091,11.903852600383594,VALIDATED,activity.csv (mission_weight)
1539,g_chan[1].u_cdc_chr.mem[0][7]$_DFFE_PP_,11.91,0.006147399616406091,11.903852600383594,VALIDATED,activity.csv (mission_weight)
1549,g_chan[1].u_cdc_chr.mem[4][7]$_DFFE_PP_,11.91,0.006147399616406091,11.903852600383594,VALIDATED,activity.csv (mission_weight)
1554,g_chan[1].u_cdc_chr.mem[3][7]$_DFFE_PP_,11.91,0.006147399616406091,11.903852600383594,VALIDATED,activity.csv (mission_weight)
1562,g_chan[1].u_cdc_chr.mem[2][7]$_DFFE_PP_,11.91,0.006147399616406091,11.903852600383594,VALIDATED,activity.csv (mission_weight)
1573,g_chan[1].u_cdc_chr.mem[8][28]$_DFFE_PP_,11.91,0.005259656235482967,11.904740343764518,VALIDATED,activity.csv (mission_weight)
1571,g_chan[1].u_cdc_chr.mem[9][28]$_DFFE_PP_,11.91,0.005259656235482967,11.904740343764518,VALIDATED,activity.csv (mission_weight)
1575,g_chan[1].u_cdc_chr.mem[10][28]$_DFFE_PP_,11.91,0.005259656235482967,11.904740343764518,VALIDATED,activity.csv (mission_weight)
1551,g_chan[1].u_cdc_chr.mem[11][28]$_DFFE_PP_,11.91,0.005259656235482967,11.904740343764518,VALIDATED,activity.csv (mission_weight)
1574,g_chan[1].u_cdc_chr.mem[6][28]$_DFFE_PP_,11.91,0.005138833922385899,11.904861166077614,VALIDATED,activity.csv (mission_weight)
1557,g_chan[1].u_cdc_chr.mem[1][28]$_DFFE_PP_,11.91,0.005138833922385899,11.904861166077614,VALIDATED,activity.csv (mission_weight)
1570,g_chan[1].u_cdc_chr.mem[7][28]$_DFFE_PP_,11.91,0.005138833922385899,11.904861166077614,VALIDATED,activity.csv (mission_weight)
1563,g_chan[1].u_cdc_chr.mem[0][28]$_DFFE_PP_,11.91,0.005138833922385899,11.904861166077614,VALIDATED,activity.csv (mission_weight)
1596,g_chan[1].u_cdc_chr.mem[9][10]$_DFFE_PP_,11.92,0.007558778282254042,11.912441221717746,VALIDATED,activity.csv (mission_weight)
1600,g_chan[1].u_cdc_chr.mem[8][10]$_DFFE_PP_,11.92,0.007422184158905165,11.912577815841095,VALIDATED,activity.csv (mission_weight)
1599,g_chan[1].u_cdc_chr.mem[4][15]$_DFFE_PP_,11.92,0.007232549837139057,11.91276745016286,VALIDATED,activity.csv (mission_weight)
1588,g_chan[1].u_cdc_chr.mem[12][15]$_DFFE_PP_,11.92,0.007232549837139057,11.91276745016286,VALIDATED,activity.csv (mission_weight)
1587,g_chan[1].u_cdc_chr.mem[2][15]$_DFFE_PP_,11.92,0.007232549837139057,11.91276745016286,VALIDATED,activity.csv (mission_weight)
1595,g_chan[1].u_cdc_chr.mem[6][15]$_DFFE_PP_,11.92,0.007232549837139057,11.91276745016286,VALIDATED,activity.csv (mission_weight)
1593,g_chan[1].u_cdc_chr.mem[5][10]$_DFFE_PP_,11.92,0.007084967262461217,11.912915032737539,VALIDATED,activity.csv (mission_weight)
1592,g_chan[1].u_cdc_chr.mem[15][10]$_DFFE_PP_,11.92,0.007049215993278124,11.912950784006721,VALIDATED,activity.csv (mission_weight)
1591,g_chan[1].u_cdc_chr.mem[12][10]$_DFFE_PP_,11.92,0.007049215993278124,11.912950784006721,VALIDATED,activity.csv (mission_weight)
1597,g_chan[1].u_cdc_chr.mem[7][10]$_DFFE_PP_,11.92,0.007049215993278124,11.912950784006721,VALIDATED,activity.csv (mission_weight)
1594,g_chan[1].u_cdc_chr.mem[4][10]$_DFFE_PP_,11.92,0.007049215993278124,11.912950784006721,VALIDATED,activity.csv (mission_weight)
1598,g_chan[1].u_cdc_chr.mem[13][10]$_DFFE_PP_,11.92,0.007049215993278124,11.912950784006721,VALIDATED,activity.csv (mission_weight)
1589,g_chan[1].u_cdc_chr.mem[0][10]$_DFFE_PP_,11.92,0.006952578374017193,11.913047421625983,VALIDATED,activity.csv (mission_weight)
1590,g_chan[1].u_cdc_chr.mem[1][10]$_DFFE_PP_,11.92,0.006952578374017193,11.913047421625983,VALIDATED,activity.csv (mission_weight)
