path_id,endpoint,slack_ns,delay_ns,droop_penalty_ns,effective_slack_ns,clock_domain,provenance
400,_44521_,2.1,3.0,0.042367298215566035,2.057632701784434,clk_core,VALIDATED
401,g_clkgate.u_cg_core.en_latched$_DLATCH_N_,2.15,0.74,0.010439042910684052,2.1395609570893157,clk_core,VALIDATED
402,c_cmd_addr[30]$_DFFE_PN0N_,3.76,1.6,0.021964248437146533,3.7380357515628533,clk_core,VALIDATED
403,c_cmd_len[9]$_DFFE_PN0N_,3.77,1.6,0.021793255565237243,3.748206744434763,clk_core,VALIDATED
405,c_cmd_addr[28]$_DFFE_PN0N_,3.78,1.59,0.0218408387922142,3.758159161207786,clk_core,VALIDATED
404,c_cmd_addr[27]$_DFFE_PN0N_,3.78,1.59,0.02180726453949766,3.758192735460502,clk_core,VALIDATED
406,c_cmd_addr[29]$_DFFE_PN0N_,3.8,1.57,0.02139060671391091,3.778609393286089,clk_core,VALIDATED
407,c_cmd_len[7]$_DFFE_PN0N_,3.8,1.57,0.021259874602067422,3.7787401253979325,clk_core,VALIDATED
408,c_cmd_len[11]$_DFFE_PN0N_,3.81,1.56,0.021206461938045013,3.788793538061955,clk_core,VALIDATED
411,u_dma_fabric.rbeat_data[12]$_DFFE_PN0P_,3.84,1.5,0.033830343727630385,3.8061696562723695,clk_core,VALIDATED
428,u_dma_fabric.rbeat_data[13]$_DFFE_PN0P_,3.85,1.49,0.03375999273998695,3.816240007260013,clk_core,VALIDATED
416,u_dma_fabric.rbeat_data[10]$_DFFE_PN0P_,3.85,1.5,0.033519942359398106,3.816480057640602,clk_core,VALIDATED
417,u_dma_fabric.rbeat_data[17]$_DFFE_PN0P_,3.85,1.49,0.03330202002274117,3.816697979977259,clk_core,VALIDATED
443,u_dma_fabric.rbeat_data[30]$_DFFE_PN0P_,3.85,1.49,0.03160570531179628,3.8183942946882037,clk_core,VALIDATED
409,c_cmd_len[16]$_DFFE_PN0N_,3.84,1.53,0.021158161698258043,3.8188418383017417,clk_core,VALIDATED
410,c_cmd_len[23]$_DFFE_PN0N_,3.84,1.53,0.02108185245332328,3.8189181475466767,clk_core,VALIDATED
413,c_cmd_len[18]$_DFFE_PN0N_,3.84,1.52,0.020876218668993432,3.8191237813310064,clk_core,VALIDATED
412,c_cmd_addr[21]$_DFFE_PN0N_,3.84,1.52,0.020513517474696027,3.8194864825253036,clk_core,VALIDATED
422,g_chan[0].u_cdc_chw.mem[8][31]$_DFFE_PP_,3.85,1.51,0.02585274473160569,3.8241472552683944,clk_core,VALIDATED
421,g_chan[0].u_cdc_chw.mem[11][31]$_DFFE_PP_,3.85,1.51,0.02585274473160569,3.8241472552683944,clk_core,VALIDATED
430,g_chan[0].u_cdc_chw.mem[6][31]$_DFFE_PP_,3.85,1.51,0.02585274473160569,3.8241472552683944,clk_core,VALIDATED
423,g_chan[0].u_cdc_chw.mem[10][31]$_DFFE_PP_,3.85,1.51,0.02585274473160569,3.8241472552683944,clk_core,VALIDATED
429,g_chan[0].u_cdc_chw.mem[13][31]$_DFFE_PP_,3.85,1.51,0.02585274473160569,3.8241472552683944,clk_core,VALIDATED
425,g_chan[0].u_cdc_chw.mem[7][31]$_DFFE_PP_,3.85,1.51,0.02585274473160569,3.8241472552683944,clk_core,VALIDATED
432,g_chan[0].u_cdc_chw.mem[2][31]$_DFFE_PP_,3.85,1.51,0.02585274473160569,3.8241472552683944,clk_core,VALIDATED
424,g_chan[0].u_cdc_chw.mem[4][31]$_DFFE_PP_,3.85,1.51,0.02585274473160569,3.8241472552683944,clk_core,VALIDATED
435,g_chan[0].u_cdc_chw.mem[12][31]$_DFFE_PP_,3.85,1.51,0.02585274473160569,3.8241472552683944,clk_core,VALIDATED
426,g_chan[0].u_cdc_chw.mem[5][31]$_DFFE_PP_,3.85,1.51,0.02585274473160569,3.8241472552683944,clk_core,VALIDATED
433,g_chan[0].u_cdc_chw.mem[3][31]$_DFFE_PP_,3.85,1.51,0.02585274473160569,3.8241472552683944,clk_core,VALIDATED
434,g_chan[0].u_cdc_chw.mem[14][31]$_DFFE_PP_,3.85,1.51,0.02585274473160569,3.8241472552683944,clk_core,VALIDATED
427,g_chan[0].u_cdc_chw.mem[9][31]$_DFFE_PP_,3.85,1.51,0.02585274473160569,3.8241472552683944,clk_core,VALIDATED
418,g_chan[0].u_cdc_chw.mem[0][31]$_DFFE_PP_,3.85,1.51,0.025814328403106407,3.8241856715968936,clk_core,VALIDATED
420,g_chan[0].u_cdc_chw.mem[1][31]$_DFFE_PP_,3.85,1.51,0.02578745027330688,3.8242125497266932,clk_core,VALIDATED
431,g_chan[0].u_cdc_chw.mem[15][31]$_DFFE_PP_,3.85,1.51,0.02575535213673369,3.8242446478632663,clk_core,VALIDATED
442,g_chan[0].u_cdc_chw.mem[13][14]$_DFFE_PP_,3.85,1.5,0.025537850577873097,3.824462149422127,clk_core,VALIDATED
445,g_chan[0].u_cdc_chw.mem[9][14]$_DFFE_PP_,3.85,1.5,0.025537850577873097,3.824462149422127,clk_core,VALIDATED
446,g_chan[0].u_cdc_chw.mem[8][14]$_DFFE_PP_,3.85,1.5,0.02551115044893318,3.824488849551067,clk_core,VALIDATED
439,g_chan[0].u_cdc_chw.mem[4][14]$_DFFE_PP_,3.85,1.5,0.02548445031999326,3.8245155496800067,clk_core,VALIDATED
441,g_chan[0].u_cdc_chw.mem[14][14]$_DFFE_PP_,3.85,1.5,0.025441102967073095,3.824558897032927,clk_core,VALIDATED
440,g_chan[0].u_cdc_chw.mem[15][14]$_DFFE_PP_,3.85,1.5,0.025441102967073095,3.824558897032927,clk_core,VALIDATED
448,g_chan[0].u_cdc_chw.mem[5][14]$_DFFE_PP_,3.85,1.5,0.025391395687963406,3.824608604312037,clk_core,VALIDATED
437,g_chan[0].u_cdc_chw.mem[11][14]$_DFFE_PP_,3.85,1.5,0.025321348206103322,3.8246786517938967,clk_core,VALIDATED
438,g_chan[0].u_cdc_chw.mem[10][14]$_DFFE_PP_,3.85,1.5,0.025321348206103322,3.8246786517938967,clk_core,VALIDATED
449,g_chan[0].u_cdc_chw.mem[6][14]$_DFFE_PP_,3.85,1.5,0.02529834105593355,3.8247016589440666,clk_core,VALIDATED
444,g_chan[1].u_cdc_chw.mem[0][14]$_DFFE_PP_,3.85,1.49,0.0232271545079534,3.8267728454920467,clk_core,VALIDATED
451,u_dma_fabric.rbeat_data[19]$_DFFE_PN0P_,3.86,1.49,0.032511304153047205,3.8274886958469527,clk_core,VALIDATED
468,u_dma_fabric.rbeat_data[16]$_DFFE_PN0P_,3.86,1.48,0.03237470781701467,3.827625292182985,clk_core,VALIDATED
497,u_dma_fabric.rbeat_data[18]$_DFFE_PN0P_,3.86,1.48,0.0323719242303922,3.8276280757696077,clk_core,VALIDATED
469,u_dma_fabric.rbeat_data[29]$_DFFE_PN0P_,3.86,1.48,0.0309328060836897,3.8290671939163103,clk_core,VALIDATED
414,c_cmd_len[22]$_DFFE_PN0N_,3.85,1.52,0.02082923216720585,3.829170767832794,clk_core,VALIDATED
419,c_cmd_len[4]$_DFFE_PN0N_,3.85,1.52,0.020611194475961533,3.8293888055240384,clk_core,VALIDATED
415,c_cmd_len[10]$_DFFE_PN0N_,3.85,1.52,0.02056836746238247,3.8294316325376174,clk_core,VALIDATED
447,c_cmd_addr[9]$_DFFE_PN0N_,3.85,1.51,0.02046815431327008,3.82953184568673,clk_core,VALIDATED
436,c_cmd_addr[31]$_DFFE_PN0N_,3.85,1.51,0.0204343481725571,3.829565651827443,clk_core,VALIDATED
450,c_cmd_opcode[6]$_DFFE_PN0N_,3.85,1.51,0.020419399375802547,3.8295806006241975,clk_core,VALIDATED
462,g_chan[0].u_cdc_chw.mem[12][14]$_DFFE_PP_,3.86,1.5,0.02557601249360085,3.834423987506399,clk_core,VALIDATED
453,g_chan[0].u_cdc_chw.mem[1][14]$_DFFE_PP_,3.86,1.5,0.02548445031999326,3.8345155496800065,clk_core,VALIDATED
458,g_chan[0].u_cdc_chw.mem[0][14]$_DFFE_PP_,3.86,1.5,0.02548445031999326,3.8345155496800065,clk_core,VALIDATED
490,g_chan[0].u_cdc_chw.mem[8][17]$_DFFE_PP_,3.86,1.49,0.0254606010200613,3.834539398979939,clk_core,VALIDATED
478,g_chan[0].u_cdc_chw.mem[4][17]$_DFFE_PP_,3.86,1.49,0.0254606010200613,3.834539398979939,clk_core,VALIDATED
495,g_chan[0].u_cdc_chw.mem[9][17]$_DFFE_PP_,3.86,1.49,0.0254606010200613,3.834539398979939,clk_core,VALIDATED
496,g_chan[0].u_cdc_chw.mem[3][17]$_DFFE_PP_,3.86,1.49,0.025449295758128168,3.8345507042418716,clk_core,VALIDATED
488,g_chan[0].u_cdc_chw.mem[7][17]$_DFFE_PP_,3.86,1.49,0.025449295758128168,3.8345507042418716,clk_core,VALIDATED
483,g_chan[0].u_cdc_chw.mem[1][17]$_DFFE_PP_,3.86,1.49,0.025449295758128168,3.8345507042418716,clk_core,VALIDATED
479,g_chan[0].u_cdc_chw.mem[5][17]$_DFFE_PP_,3.86,1.49,0.025449295758128168,3.8345507042418716,clk_core,VALIDATED
485,g_chan[0].u_cdc_chw.mem[0][17]$_DFFE_PP_,3.86,1.49,0.025449295758128168,3.8345507042418716,clk_core,VALIDATED
492,g_chan[0].u_cdc_chw.mem[6][17]$_DFFE_PP_,3.86,1.49,0.025449295758128168,3.8345507042418716,clk_core,VALIDATED
494,g_chan[0].u_cdc_chw.mem[2][17]$_DFFE_PP_,3.86,1.49,0.025449295758128168,3.8345507042418716,clk_core,VALIDATED
452,g_chan[0].u_cdc_chw.mem[7][14]$_DFFE_PP_,3.86,1.5,0.02529834105593355,3.8347016589440663,clk_core,VALIDATED
454,g_chan[0].u_cdc_chw.mem[2][14]$_DFFE_PP_,3.86,1.5,0.02529834105593355,3.8347016589440663,clk_core,VALIDATED
456,g_chan[0].u_cdc_chw.mem[3][14]$_DFFE_PP_,3.86,1.5,0.02529834105593355,3.8347016589440663,clk_core,VALIDATED
471,g_chan[0].u_cdc_chw.mem[14][17]$_DFFE_PP_,3.86,1.49,0.025273057483038666,3.8347269425169612,clk_core,VALIDATED
460,g_chan[0].u_cdc_chw.mem[15][17]$_DFFE_PP_,3.86,1.49,0.025273057483038666,3.8347269425169612,clk_core,VALIDATED
465,g_chan[0].u_cdc_chw.mem[10][17]$_DFFE_PP_,3.86,1.49,0.025273057483038666,3.8347269425169612,clk_core,VALIDATED
464,g_chan[0].u_cdc_chw.mem[11][17]$_DFFE_PP_,3.86,1.49,0.025273057483038666,3.8347269425169612,clk_core,VALIDATED
463,g_chan[0].u_cdc_chw.mem[13][17]$_DFFE_PP_,3.86,1.49,0.025273057483038666,3.8347269425169612,clk_core,VALIDATED
466,g_chan[0].u_cdc_chw.mem[12][17]$_DFFE_PP_,3.86,1.49,0.025273057483038666,3.8347269425169612,clk_core,VALIDATED
473,g_chan[1].u_cdc_chw.mem[1][31]$_DFFE_PP_,3.86,1.49,0.023798049494778734,3.836201950505221,clk_core,VALIDATED
476,g_chan[1].u_cdc_chw.mem[0][31]$_DFFE_PP_,3.86,1.49,0.023798049494778734,3.836201950505221,clk_core,VALIDATED
482,g_chan[1].u_cdc_chw.mem[3][31]$_DFFE_PP_,3.86,1.49,0.023798049494778734,3.836201950505221,clk_core,VALIDATED
486,g_chan[1].u_cdc_chw.mem[2][31]$_DFFE_PP_,3.86,1.49,0.023798049494778734,3.836201950505221,clk_core,VALIDATED
484,g_chan[1].u_cdc_chw.mem[6][31]$_DFFE_PP_,3.86,1.49,0.02374743456667526,3.8362525654333246,clk_core,VALIDATED
491,g_chan[1].u_cdc_chw.mem[5][31]$_DFFE_PP_,3.86,1.49,0.02374743261963938,3.8362525673803605,clk_core,VALIDATED
493,g_chan[1].u_cdc_chw.mem[4][31]$_DFFE_PP_,3.86,1.49,0.02374743261963938,3.8362525673803605,clk_core,VALIDATED
455,g_chan[1].u_cdc_chw.mem[7][31]$_DFFE_PP_,3.86,1.49,0.023614293895503458,3.8363857061044966,clk_core,VALIDATED
459,g_chan[1].u_cdc_chw.mem[1][14]$_DFFE_PP_,3.86,1.49,0.02326682993210913,3.8367331700678906,clk_core,VALIDATED
481,g_chan[1].u_cdc_chw.mem[3][14]$_DFFE_PP_,3.86,1.49,0.02313265015819016,3.8368673498418095,clk_core,VALIDATED
487,g_chan[1].u_cdc_chw.mem[4][14]$_DFFE_PP_,3.86,1.49,0.02313265015819016,3.8368673498418095,clk_core,VALIDATED
489,g_chan[1].u_cdc_chw.mem[7][14]$_DFFE_PP_,3.86,1.49,0.02313265015819016,3.8368673498418095,clk_core,VALIDATED
477,g_chan[1].u_cdc_chw.mem[5][14]$_DFFE_PP_,3.86,1.49,0.02313265015819016,3.8368673498418095,clk_core,VALIDATED
480,g_chan[1].u_cdc_chw.mem[6][14]$_DFFE_PP_,3.86,1.49,0.02313265015819016,3.8368673498418095,clk_core,VALIDATED
475,g_chan[1].u_cdc_chw.mem[2][14]$_DFFE_PP_,3.86,1.49,0.02313265015819016,3.8368673498418095,clk_core,VALIDATED
500,u_dma_fabric.rbeat_data[20]$_DFFE_PN0P_,3.87,1.47,0.03194707701703463,3.8380529229829654,clk_core,VALIDATED
457,c_cmd_addr[11]$_DFFE_PN0N_,3.86,1.51,0.02060410780548233,3.8393958921945175,clk_core,VALIDATED
474,c_cmd_addr[10]$_DFFE_PN0N_,3.86,1.51,0.020579106837349898,3.83942089316265,clk_core,VALIDATED
472,c_cmd_addr[7]$_DFFE_PN0N_,3.86,1.51,0.020475364802317805,3.839524635197682,clk_core,VALIDATED
461,c_cmd_addr[6]$_DFFE_PN0N_,3.86,1.51,0.02046211605379787,3.839537883946202,clk_core,VALIDATED
467,c_cmd_addr[8]$_DFFE_PN0N_,3.86,1.51,0.020412799746887325,3.8395872002531126,clk_core,VALIDATED
470,c_cmd_addr[2]$_DFFE_PN0N_,3.86,1.51,0.020412799746887325,3.8395872002531126,clk_core,VALIDATED
498,c_cmd_len[28]$_DFFE_PN0N_,3.86,1.51,0.020360427443572388,3.8396395725564276,clk_core,VALIDATED
503,g_chan[1].u_cdc_chw.mem[2][17]$_DFFE_PP_,3.87,1.48,0.023794620063047986,3.846205379936952,clk_core,VALIDATED
505,g_chan[1].u_cdc_chw.mem[3][17]$_DFFE_PP_,3.87,1.48,0.023735458903469134,3.846264541096531,clk_core,VALIDATED
502,g_chan[1].u_cdc_chw.mem[1][17]$_DFFE_PP_,3.87,1.48,0.02367629774389028,3.8463237022561096,clk_core,VALIDATED
504,g_chan[1].u_cdc_chw.mem[0][17]$_DFFE_PP_,3.87,1.48,0.02367629774389028,3.8463237022561096,clk_core,VALIDATED
499,c_cmd_len[5]$_DFFE_PN0N_,3.87,1.5,0.020366585526532685,3.8496334144734674,clk_core,VALIDATED
501,c_cmd_addr[26]$_DFFE_PN0N_,3.87,1.49,0.02021091501511453,3.8497890849848857,clk_core,VALIDATED
507,g_chan[1].u_cdc_chw.mem[5][17]$_DFFE_PP_,3.88,1.48,0.02367629774389028,3.8563237022561094,clk_core,VALIDATED
512,g_chan[1].u_cdc_chw.mem[6][17]$_DFFE_PP_,3.88,1.48,0.02367629774389028,3.8563237022561094,clk_core,VALIDATED
509,g_chan[1].u_cdc_chw.mem[4][17]$_DFFE_PP_,3.88,1.48,0.02367629774389028,3.8563237022561094,clk_core,VALIDATED
511,g_chan[1].u_cdc_chw.mem[7][17]$_DFFE_PP_,3.88,1.48,0.02367629774389028,3.8563237022561094,clk_core,VALIDATED
506,g_chan[1].u_cdc_chw.mem[11][17]$_DFFE_PP_,3.88,1.48,0.023468782099553748,3.856531217900446,clk_core,VALIDATED
508,g_chan[1].u_cdc_chw.mem[10][17]$_DFFE_PP_,3.88,1.48,0.023399971349735135,3.8566000286502646,clk_core,VALIDATED
513,g_chan[1].u_cdc_chw.mem[12][17]$_DFFE_PP_,3.88,1.48,0.023331160599916523,3.856668839400083,clk_core,VALIDATED
510,g_chan[1].u_cdc_chw.mem[13][17]$_DFFE_PP_,3.88,1.48,0.023331160599916523,3.856668839400083,clk_core,VALIDATED
515,g_chan[1].u_cdc_chw.mem[8][17]$_DFFE_PP_,3.88,1.47,0.02325018136094549,3.8567498186390545,clk_core,VALIDATED
514,g_chan[1].u_cdc_chw.mem[9][17]$_DFFE_PP_,3.88,1.47,0.02325018136094549,3.8567498186390545,clk_core,VALIDATED
516,c_cmd_len[26]$_DFFE_PN0N_,3.88,1.48,0.020031426187680876,3.859968573812319,clk_core,VALIDATED
517,c_cmd_addr[20]$_DFFE_PN0N_,3.88,1.48,0.019980963078073302,3.8600190369219267,clk_core,VALIDATED
519,c_cmd_len[20]$_DFFE_PN0N_,3.89,1.47,0.020114083110966796,3.869885916889033,clk_core,VALIDATED
518,c_cmd_addr[23]$_DFFE_PN0N_,3.89,1.48,0.02009295564973021,3.86990704435027,clk_core,VALIDATED
521,c_cmd_len[21]$_DFFE_PN0N_,3.9,1.47,0.020090453759792057,3.879909546240208,clk_core,VALIDATED
520,c_cmd_len[14]$_DFFE_PN0N_,3.9,1.47,0.020003637148018436,3.8799963628519816,clk_core,VALIDATED
523,c_cmd_len[31]$_DFFE_PN0N_,3.9,1.47,0.019941505827771794,3.880058494172228,clk_core,VALIDATED
522,c_cmd_len[29]$_DFFE_PN0N_,3.9,1.46,0.019783688789466305,3.8802163112105337,clk_core,VALIDATED
524,c_cmd_len[27]$_DFFE_PN0N_,3.91,1.46,0.019771514888578604,3.8902284851114217,clk_core,VALIDATED
525,c_cmd_len[13]$_DFFE_PN0N_,3.91,1.46,0.01971174883716449,3.890288251162836,clk_core,VALIDATED
526,c_cmd_len[2]$_DFFE_PN0N_,3.91,1.45,0.01960041171492026,3.8903995882850797,clk_core,VALIDATED
528,c_cmd_len[8]$_DFFE_PN0N_,3.92,1.45,0.019616189951293245,3.9003838100487065,clk_core,VALIDATED
527,c_cmd_len[30]$_DFFE_PN0N_,3.92,1.45,0.019457984748283863,3.900542015251716,clk_core,VALIDATED
537,g_chan[0].u_cdc_chw.mem[2][25]$_DFFE_PP_,3.93,1.42,0.02404659679601319,3.905953403203987,clk_core,VALIDATED
535,g_chan[0].u_cdc_chw.mem[7][25]$_DFFE_PP_,3.93,1.42,0.02404659679601319,3.905953403203987,clk_core,VALIDATED
531,g_chan[0].u_cdc_chw.mem[4][25]$_DFFE_PP_,3.93,1.42,0.02404659679601319,3.905953403203987,clk_core,VALIDATED
533,g_chan[0].u_cdc_chw.mem[5][25]$_DFFE_PP_,3.93,1.42,0.02404659679601319,3.905953403203987,clk_core,VALIDATED
534,g_chan[0].u_cdc_chw.mem[3][25]$_DFFE_PP_,3.93,1.42,0.02404659679601319,3.905953403203987,clk_core,VALIDATED
536,g_chan[0].u_cdc_chw.mem[1][25]$_DFFE_PP_,3.93,1.42,0.02404659679601319,3.905953403203987,clk_core,VALIDATED
541,g_chan[0].u_cdc_chw.mem[0][25]$_DFFE_PP_,3.93,1.42,0.02404659679601319,3.905953403203987,clk_core,VALIDATED
538,g_chan[0].u_cdc_chw.mem[11][25]$_DFFE_PP_,3.93,1.42,0.023945132302992223,3.9060548676970077,clk_core,VALIDATED
532,g_chan[0].u_cdc_chw.mem[10][25]$_DFFE_PP_,3.93,1.42,0.023945132302992223,3.9060548676970077,clk_core,VALIDATED
529,g_chan[0].u_cdc_chw.mem[9][25]$_DFFE_PP_,3.93,1.42,0.023945132302992223,3.9060548676970077,clk_core,VALIDATED
542,g_chan[0].u_cdc_chw.mem[14][25]$_DFFE_PP_,3.93,1.42,0.023843667809971256,3.906156332190029,clk_core,VALIDATED
530,g_chan[0].u_cdc_chw.mem[8][25]$_DFFE_PP_,3.93,1.42,0.023843667809971256,3.906156332190029,clk_core,VALIDATED
540,g_chan[0].u_cdc_chw.mem[12][25]$_DFFE_PP_,3.93,1.41,0.023675754656379958,3.90632424534362,clk_core,VALIDATED
539,g_chan[0].u_cdc_chw.mem[13][25]$_DFFE_PP_,3.93,1.41,0.023675754656379958,3.90632424534362,clk_core,VALIDATED
544,g_chan[0].u_cdc_chw.mem[15][25]$_DFFE_PP_,3.93,1.41,0.023675754656379958,3.90632424534362,clk_core,VALIDATED
543,c_cmd_addr[5]$_DFFE_PN0N_,3.93,1.43,0.019447160792064683,3.9105528392079356,clk_core,VALIDATED
549,g_chan[0].u_cdc_chw.mem[6][25]$_DFFE_PP_,3.94,1.42,0.02403233017495525,3.9159676698250445,clk_core,VALIDATED
552,g_chan[0].u_cdc_chw.mem[14][24]$_DFFE_PP_,3.94,1.41,0.023380041872628904,3.916619958127371,clk_core,VALIDATED
555,g_chan[0].u_cdc_chw.mem[2][24]$_DFFE_PP_,3.94,1.41,0.02317515169589801,3.9168248483041017,clk_core,VALIDATED
559,g_chan[0].u_cdc_chw.mem[3][24]$_DFFE_PP_,3.94,1.41,0.02317515169589801,3.9168248483041017,clk_core,VALIDATED
571,g_chan[0].u_cdc_chw.mem[8][24]$_DFFE_PP_,3.94,1.41,0.02317515169589801,3.9168248483041017,clk_core,VALIDATED
567,g_chan[0].u_cdc_chw.mem[12][24]$_DFFE_PP_,3.94,1.41,0.02317515169589801,3.9168248483041017,clk_core,VALIDATED
562,g_chan[0].u_cdc_chw.mem[13][24]$_DFFE_PP_,3.94,1.41,0.02317515169589801,3.9168248483041017,clk_core,VALIDATED
554,g_chan[0].u_cdc_chw.mem[9][24]$_DFFE_PP_,3.94,1.41,0.02317515169589801,3.9168248483041017,clk_core,VALIDATED
573,g_chan[0].u_cdc_chw.mem[11][24]$_DFFE_PP_,3.94,1.41,0.02317515169589801,3.9168248483041017,clk_core,VALIDATED
560,g_chan[0].u_cdc_chw.mem[15][24]$_DFFE_PP_,3.94,1.41,0.02315195567971358,3.9168480443202864,clk_core,VALIDATED
561,g_chan[0].u_cdc_chw.mem[10][24]$_DFFE_PP_,3.94,1.41,0.0230517195448324,3.9169482804551676,clk_core,VALIDATED
557,g_chan[0].u_cdc_chw.mem[0][24]$_DFFE_PP_,3.94,1.41,0.02292828739376679,3.917071712606233,clk_core,VALIDATED
556,g_chan[0].u_cdc_chw.mem[7][24]$_DFFE_PP_,3.94,1.41,0.02292828739376679,3.917071712606233,clk_core,VALIDATED
568,g_chan[0].u_cdc_chw.mem[4][24]$_DFFE_PP_,3.94,1.41,0.02292828739376679,3.917071712606233,clk_core,VALIDATED
563,g_chan[0].u_cdc_chw.mem[1][24]$_DFFE_PP_,3.94,1.41,0.02292828739376679,3.917071712606233,clk_core,VALIDATED
565,g_chan[0].u_cdc_chw.mem[5][24]$_DFFE_PP_,3.94,1.41,0.02292828739376679,3.917071712606233,clk_core,VALIDATED
566,g_chan[0].u_cdc_chw.mem[6][24]$_DFFE_PP_,3.94,1.41,0.02292828739376679,3.917071712606233,clk_core,VALIDATED
574,g_chan[0].u_cdc_chw.mem[4][23]$_DFFE_PP_,3.94,1.41,0.022579671002470478,3.9174203289975296,clk_core,VALIDATED
569,g_chan[0].u_cdc_chw.mem[2][23]$_DFFE_PP_,3.94,1.41,0.022579671002470478,3.9174203289975296,clk_core,VALIDATED
558,g_chan[0].u_cdc_chw.mem[6][23]$_DFFE_PP_,3.94,1.41,0.022579671002470478,3.9174203289975296,clk_core,VALIDATED
564,g_chan[0].u_cdc_chw.mem[7][23]$_DFFE_PP_,3.94,1.41,0.022579671002470478,3.9174203289975296,clk_core,VALIDATED
575,g_chan[0].u_cdc_chw.mem[5][23]$_DFFE_PP_,3.94,1.41,0.022579671002470478,3.9174203289975296,clk_core,VALIDATED
572,g_chan[0].u_cdc_chw.mem[3][23]$_DFFE_PP_,3.94,1.41,0.022503980603295143,3.917496019396705,clk_core,VALIDATED
578,g_chan[0].u_cdc_chw.mem[0][23]$_DFFE_PP_,3.94,1.41,0.022400223263458488,3.9175997767365414,clk_core,VALIDATED
576,g_chan[0].u_cdc_chw.mem[1][23]$_DFFE_PP_,3.94,1.41,0.022400223263458488,3.9175997767365414,clk_core,VALIDATED
570,g_chan[0].u_cdc_chw.mem[9][23]$_DFFE_PP_,3.94,1.41,0.022296465923621833,3.917703534076378,clk_core,VALIDATED
579,g_chan[0].u_cdc_chw.mem[8][23]$_DFFE_PP_,3.94,1.41,0.022296465923621833,3.917703534076378,clk_core,VALIDATED
577,g_chan[1].u_cdc_chw.mem[8][31]$_DFFE_PP_,3.94,1.41,0.021899817360625018,3.918100182639375,clk_core,VALIDATED
551,g_chan[1].u_cdc_chw.mem[14][31]$_DFFE_PP_,3.94,1.41,0.021899817360625018,3.918100182639375,clk_core,VALIDATED
546,g_chan[1].u_cdc_chw.mem[10][31]$_DFFE_PP_,3.94,1.41,0.021899817360625018,3.918100182639375,clk_core,VALIDATED
550,g_chan[1].u_cdc_chw.mem[13][31]$_DFFE_PP_,3.94,1.41,0.021899817360625018,3.918100182639375,clk_core,VALIDATED
548,g_chan[1].u_cdc_chw.mem[12][31]$_DFFE_PP_,3.94,1.41,0.021899817360625018,3.918100182639375,clk_core,VALIDATED
547,g_chan[1].u_cdc_chw.mem[15][31]$_DFFE_PP_,3.94,1.41,0.021899817360625018,3.918100182639375,clk_core,VALIDATED
545,c_cmd_addr[3]$_DFFE_PN0N_,3.94,1.43,0.019479480240473496,3.9205205197595263,clk_core,VALIDATED
553,c_cmd_addr[4]$_DFFE_PN0N_,3.94,1.42,0.019302455424180603,3.920697544575819,clk_core,VALIDATED
585,g_chan[0].u_cdc_chw.mem[15][23]$_DFFE_PP_,3.95,1.41,0.022372156322797168,3.927627843677203,clk_core,VALIDATED
584,g_chan[0].u_cdc_chw.mem[10][23]$_DFFE_PP_,3.95,1.41,0.022372156322797168,3.927627843677203,clk_core,VALIDATED
587,g_chan[0].u_cdc_chw.mem[13][23]$_DFFE_PP_,3.95,1.41,0.022372156322797168,3.927627843677203,clk_core,VALIDATED
586,g_chan[0].u_cdc_chw.mem[14][23]$_DFFE_PP_,3.95,1.41,0.022372156322797168,3.927627843677203,clk_core,VALIDATED
580,g_chan[0].u_cdc_chw.mem[11][23]$_DFFE_PP_,3.95,1.41,0.022296465923621833,3.9277035340763784,clk_core,VALIDATED
581,g_chan[0].u_cdc_chw.mem[12][23]$_DFFE_PP_,3.95,1.41,0.022296465923621833,3.9277035340763784,clk_core,VALIDATED
582,g_chan[1].u_cdc_chw.mem[11][31]$_DFFE_PP_,3.95,1.41,0.021899817360625018,3.9281001826393753,clk_core,VALIDATED
583,g_chan[1].u_cdc_chw.mem[9][31]$_DFFE_PP_,3.95,1.41,0.021899817360625018,3.9281001826393753,clk_core,VALIDATED
603,g_chan[1].u_cdc_chw.mem[11][14]$_DFFE_PP_,3.95,1.4,0.02176086831566504,3.928239131684335,clk_core,VALIDATED
595,g_chan[1].u_cdc_chw.mem[10][14]$_DFFE_PP_,3.95,1.4,0.02176086831566504,3.928239131684335,clk_core,VALIDATED
602,g_chan[1].u_cdc_chw.mem[8][14]$_DFFE_PP_,3.95,1.4,0.021750919771650376,3.92824908022835,clk_core,VALIDATED
597,g_chan[1].u_cdc_chw.mem[13][14]$_DFFE_PP_,3.95,1.4,0.021675454286005147,3.928324545713995,clk_core,VALIDATED
599,g_chan[1].u_cdc_chw.mem[12][14]$_DFFE_PP_,3.95,1.4,0.021675454286005147,3.928324545713995,clk_core,VALIDATED
589,g_chan[1].u_cdc_chw.mem[14][14]$_DFFE_PP_,3.95,1.4,0.02165719062535275,3.9283428093746475,clk_core,VALIDATED
590,g_chan[1].u_cdc_chw.mem[15][14]$_DFFE_PP_,3.95,1.4,0.02163892696470035,3.9283610730353,clk_core,VALIDATED
592,g_chan[1].u_cdc_chw.mem[9][14]$_DFFE_PP_,3.95,1.4,0.02163892696470035,3.9283610730353,clk_core,VALIDATED
605,g_chan[1].u_cdc_chw.mem[14][25]$_DFFE_PP_,3.95,1.4,0.021563058721562528,3.9284369412784375,clk_core,VALIDATED
607,g_chan[1].u_cdc_chw.mem[12][25]$_DFFE_PP_,3.95,1.4,0.021563058721562528,3.9284369412784375,clk_core,VALIDATED
600,g_chan[1].u_cdc_chw.mem[15][25]$_DFFE_PP_,3.95,1.4,0.02153630416307578,3.9284636958369243,clk_core,VALIDATED
596,g_chan[1].u_cdc_chw.mem[13][25]$_DFFE_PP_,3.95,1.4,0.021451065914612502,3.928548934085388,clk_core,VALIDATED
601,g_chan[1].u_cdc_chw.mem[1][25]$_DFFE_PP_,3.95,1.4,0.021451065914612502,3.928548934085388,clk_core,VALIDATED
598,g_chan[1].u_cdc_chw.mem[8][25]$_DFFE_PP_,3.95,1.4,0.021451065914612502,3.928548934085388,clk_core,VALIDATED
588,g_chan[1].u_cdc_chw.mem[14][23]$_DFFE_PP_,3.95,1.4,0.02134713908718508,3.9286528609128153,clk_core,VALIDATED
591,g_chan[1].u_cdc_chw.mem[15][23]$_DFFE_PP_,3.95,1.4,0.02134713908718508,3.9286528609128153,clk_core,VALIDATED
606,g_chan[1].u_cdc_chw.mem[6][23]$_DFFE_PP_,3.95,1.39,0.02124236616732693,3.928757633832673,clk_core,VALIDATED
593,c_cmd_len[24]$_DFFE_PN0N_,3.95,1.42,0.01950474522505591,3.9304952547749443,clk_core,VALIDATED
594,c_cmd_len[17]$_DFFE_PN0N_,3.95,1.42,0.019445059061985806,3.9305549409380145,clk_core,VALIDATED
604,c_cmd_len[19]$_DFFE_PN0N_,3.95,1.41,0.01934877452870469,3.9306512254712955,clk_core,VALIDATED
660,u_dma_fabric.rbeat_data[8]$_DFFE_PN0P_,3.96,1.38,0.028917553949768637,3.9310824460502314,clk_core,VALIDATED
646,g_chan[0].u_cdc_chw.mem[12][16]$_DFFE_PP_,3.96,1.4,0.02445716042773735,3.9355428395722627,clk_core,VALIDATED
647,g_chan[0].u_cdc_chw.mem[8][16]$_DFFE_PP_,3.96,1.4,0.02445716042773735,3.9355428395722627,clk_core,VALIDATED
654,g_chan[0].u_cdc_chw.mem[15][16]$_DFFE_PP_,3.96,1.4,0.02445716042773735,3.9355428395722627,clk_core,VALIDATED
656,g_chan[0].u_cdc_chw.mem[13][16]$_DFFE_PP_,3.96,1.4,0.02445716042773735,3.9355428395722627,clk_core,VALIDATED
651,g_chan[0].u_cdc_chw.mem[11][16]$_DFFE_PP_,3.96,1.4,0.024433998332689708,3.9355660016673104,clk_core,VALIDATED
655,g_chan[0].u_cdc_chw.mem[14][16]$_DFFE_PP_,3.96,1.4,0.024433998332689708,3.9355660016673104,clk_core,VALIDATED
657,g_chan[0].u_cdc_chw.mem[10][16]$_DFFE_PP_,3.96,1.39,0.024282466424682098,3.935717533575318,clk_core,VALIDATED
648,g_chan[0].u_cdc_chw.mem[9][16]$_DFFE_PP_,3.96,1.39,0.024282466424682098,3.935717533575318,clk_core,VALIDATED
645,g_chan[0].u_cdc_chw.mem[6][16]$_DFFE_PP_,3.96,1.39,0.02417302843278213,3.935826971567218,clk_core,VALIDATED
644,g_chan[0].u_cdc_chw.mem[7][16]$_DFFE_PP_,3.96,1.39,0.02417302843278213,3.935826971567218,clk_core,VALIDATED
652,g_chan[0].u_cdc_chw.mem[1][16]$_DFFE_PP_,3.96,1.39,0.024146911751104227,3.9358530882488956,clk_core,VALIDATED
658,g_chan[0].u_cdc_chw.mem[0][16]$_DFFE_PP_,3.96,1.39,0.024146911751104227,3.9358530882488956,clk_core,VALIDATED
653,g_chan[0].u_cdc_chw.mem[2][16]$_DFFE_PP_,3.96,1.39,0.024146911751104227,3.9358530882488956,clk_core,VALIDATED
637,g_chan[0].u_cdc_chw.mem[4][16]$_DFFE_PP_,3.96,1.39,0.024146911751104227,3.9358530882488956,clk_core,VALIDATED
643,g_chan[0].u_cdc_chw.mem[5][16]$_DFFE_PP_,3.96,1.39,0.024146911751104227,3.9358530882488956,clk_core,VALIDATED
649,g_chan[0].u_cdc_chw.mem[3][16]$_DFFE_PP_,3.96,1.39,0.024146911751104227,3.9358530882488956,clk_core,VALIDATED
623,g_chan[0].u_cdc_chw.mem[8][12]$_DFFE_PP_,3.96,1.4,0.02414163200869815,3.935858367991302,clk_core,VALIDATED
615,g_chan[0].u_cdc_chw.mem[10][12]$_DFFE_PP_,3.96,1.4,0.02414163200869815,3.935858367991302,clk_core,VALIDATED
622,g_chan[0].u_cdc_chw.mem[9][12]$_DFFE_PP_,3.96,1.4,0.02414163200869815,3.935858367991302,clk_core,VALIDATED
624,g_chan[0].u_cdc_chw.mem[14][12]$_DFFE_PP_,3.96,1.4,0.02414163200869815,3.935858367991302,clk_core,VALIDATED
614,g_chan[0].u_cdc_chw.mem[11][12]$_DFFE_PP_,3.96,1.4,0.02414163200869815,3.935858367991302,clk_core,VALIDATED
628,g_chan[0].u_cdc_chw.mem[13][12]$_DFFE_PP_,3.96,1.4,0.02414163200869815,3.935858367991302,clk_core,VALIDATED
625,g_chan[0].u_cdc_chw.mem[15][12]$_DFFE_PP_,3.96,1.4,0.02414163200869815,3.935858367991302,clk_core,VALIDATED
630,g_chan[0].u_cdc_chw.mem[6][12]$_DFFE_PP_,3.96,1.4,0.024038085851300947,3.9359619141486992,clk_core,VALIDATED
631,g_chan[0].u_cdc_chw.mem[5][12]$_DFFE_PP_,3.96,1.4,0.024038085851300947,3.9359619141486992,clk_core,VALIDATED
626,g_chan[0].u_cdc_chw.mem[4][12]$_DFFE_PP_,3.96,1.4,0.024038085851300947,3.9359619141486992,clk_core,VALIDATED
627,g_chan[0].u_cdc_chw.mem[12][12]$_DFFE_PP_,3.96,1.4,0.024038085851300947,3.9359619141486992,clk_core,VALIDATED
639,g_chan[0].u_cdc_chw.mem[3][12]$_DFFE_PP_,3.96,1.4,0.02395265013877136,3.9360473498612287,clk_core,VALIDATED
635,g_chan[0].u_cdc_chw.mem[0][12]$_DFFE_PP_,3.96,1.4,0.023934539693903745,3.936065460306096,clk_core,VALIDATED
638,g_chan[0].u_cdc_chw.mem[2][12]$_DFFE_PP_,3.96,1.4,0.023934539693903745,3.936065460306096,clk_core,VALIDATED
636,g_chan[0].u_cdc_chw.mem[7][12]$_DFFE_PP_,3.96,1.4,0.023934539693903745,3.936065460306096,clk_core,VALIDATED
641,g_chan[0].u_cdc_chw.mem[1][12]$_DFFE_PP_,3.96,1.4,0.023934539693903745,3.936065460306096,clk_core,VALIDATED
659,g_chan[0].u_cdc_chw.mem[12][19]$_DFFE_PP_,3.96,1.39,0.023869268909362598,3.9361307310906373,clk_core,VALIDATED
611,g_chan[1].u_cdc_chw.mem[2][12]$_DFFE_PP_,3.96,1.39,0.02253599300379791,3.937464006996202,clk_core,VALIDATED
613,g_chan[1].u_cdc_chw.mem[5][12]$_DFFE_PP_,3.96,1.39,0.02247358417105627,3.937526415828944,clk_core,VALIDATED
609,g_chan[1].u_cdc_chw.mem[4][12]$_DFFE_PP_,3.96,1.39,0.02247358417105627,3.937526415828944,clk_core,VALIDATED
610,g_chan[1].u_cdc_chw.mem[7][12]$_DFFE_PP_,3.96,1.39,0.02247358417105627,3.937526415828944,clk_core,VALIDATED
612,g_chan[1].u_cdc_chw.mem[3][12]$_DFFE_PP_,3.96,1.39,0.02247358417105627,3.937526415828944,clk_core,VALIDATED
616,g_chan[1].u_cdc_chw.mem[1][12]$_DFFE_PP_,3.96,1.39,0.02247358417105627,3.937526415828944,clk_core,VALIDATED
619,g_chan[1].u_cdc_chw.mem[0][12]$_DFFE_PP_,3.96,1.39,0.02241117533831463,3.9375888246616855,clk_core,VALIDATED
608,g_chan[1].u_cdc_chw.mem[6][12]$_DFFE_PP_,3.96,1.39,0.02241117533831463,3.9375888246616855,clk_core,VALIDATED
634,g_chan[1].u_cdc_chw.mem[9][23]$_DFFE_PP_,3.96,1.4,0.021327514099588968,3.938672485900411,clk_core,VALIDATED
620,g_chan[1].u_cdc_chw.mem[12][23]$_DFFE_PP_,3.96,1.4,0.021322613409668886,3.938677386590331,clk_core,VALIDATED
617,g_chan[1].u_cdc_chw.mem[13][23]$_DFFE_PP_,3.96,1.4,0.021322613409668886,3.938677386590331,clk_core,VALIDATED
618,g_chan[1].u_cdc_chw.mem[8][23]$_DFFE_PP_,3.96,1.4,0.021322613409668886,3.938677386590331,clk_core,VALIDATED
629,g_chan[1].u_cdc_chw.mem[4][23]$_DFFE_PP_,3.96,1.39,0.02127880826454792,3.938721191735452,clk_core,VALIDATED
621,g_chan[1].u_cdc_chw.mem[5][23]$_DFFE_PP_,3.96,1.39,0.02127880826454792,3.938721191735452,clk_core,VALIDATED
632,g_chan[1].u_cdc_chw.mem[3][23]$_DFFE_PP_,3.96,1.39,0.02127880826454792,3.938721191735452,clk_core,VALIDATED
633,g_chan[1].u_cdc_chw.mem[2][23]$_DFFE_PP_,3.96,1.39,0.02127880826454792,3.938721191735452,clk_core,VALIDATED
642,g_chan[1].u_cdc_chw.mem[11][23]$_DFFE_PP_,3.96,1.39,0.021175174713163297,3.9388248252868365,clk_core,VALIDATED
650,g_chan[1].u_cdc_chw.mem[7][23]$_DFFE_PP_,3.96,1.39,0.021175174713163297,3.9388248252868365,clk_core,VALIDATED
640,g_chan[1].u_cdc_chw.mem[10][23]$_DFFE_PP_,3.96,1.39,0.02116527660115604,3.938834723398844,clk_core,VALIDATED
685,u_dma_fabric.rbeat_data[11]$_DFFE_PN0P_,3.97,1.37,0.028783211128720135,3.94121678887128,clk_core,VALIDATED
671,g_chan[0].u_cdc_chw.mem[6][19]$_DFFE_PP_,3.97,1.39,0.023905779383133777,3.9460942206168665,clk_core,VALIDATED
672,g_chan[0].u_cdc_chw.mem[7][19]$_DFFE_PP_,3.97,1.39,0.023883274981801053,3.946116725018199,clk_core,VALIDATED
661,g_chan[0].u_cdc_chw.mem[2][19]$_DFFE_PP_,3.97,1.39,0.023883274981801053,3.946116725018199,clk_core,VALIDATED
666,g_chan[0].u_cdc_chw.mem[3][19]$_DFFE_PP_,3.97,1.39,0.023883274981801053,3.946116725018199,clk_core,VALIDATED
678,g_chan[0].u_cdc_chw.mem[13][19]$_DFFE_PP_,3.97,1.39,0.02386643613306451,3.9461335638669355,clk_core,VALIDATED
676,g_chan[0].u_cdc_chw.mem[14][19]$_DFFE_PP_,3.97,1.39,0.02386360335676642,3.946136396643234,clk_core,VALIDATED
665,g_chan[0].u_cdc_chw.mem[8][19]$_DFFE_PP_,3.97,1.39,0.02386360335676642,3.946136396643234,clk_core,VALIDATED
662,g_chan[0].u_cdc_chw.mem[11][19]$_DFFE_PP_,3.97,1.39,0.02386077058046833,3.946139229419532,clk_core,VALIDATED
664,g_chan[0].u_cdc_chw.mem[0][19]$_DFFE_PP_,3.97,1.39,0.02386077058046833,3.946139229419532,clk_core,VALIDATED
677,g_chan[0].u_cdc_chw.mem[15][19]$_DFFE_PP_,3.97,1.39,0.02386077058046833,3.946139229419532,clk_core,VALIDATED
667,g_chan[0].u_cdc_chw.mem[10][19]$_DFFE_PP_,3.97,1.39,0.02386077058046833,3.946139229419532,clk_core,VALIDATED
669,g_chan[0].u_cdc_chw.mem[5][19]$_DFFE_PP_,3.97,1.39,0.02386077058046833,3.946139229419532,clk_core,VALIDATED
668,g_chan[0].u_cdc_chw.mem[4][19]$_DFFE_PP_,3.97,1.39,0.02386077058046833,3.946139229419532,clk_core,VALIDATED
663,g_chan[0].u_cdc_chw.mem[1][19]$_DFFE_PP_,3.97,1.39,0.02386077058046833,3.946139229419532,clk_core,VALIDATED
670,g_chan[0].u_cdc_chw.mem[9][19]$_DFFE_PP_,3.97,1.39,0.02386077058046833,3.946139229419532,clk_core,VALIDATED
680,g_chan[1].u_cdc_chw.mem[0][19]$_DFFE_PP_,3.97,1.38,0.022105146589677938,3.947894853410322,clk_core,VALIDATED
679,g_chan[1].u_cdc_chw.mem[1][19]$_DFFE_PP_,3.97,1.38,0.022105146589677938,3.947894853410322,clk_core,VALIDATED
682,g_chan[1].u_cdc_chw.mem[4][19]$_DFFE_PP_,3.97,1.37,0.021944964368013534,3.948055035631987,clk_core,VALIDATED
681,g_chan[1].u_cdc_chw.mem[11][16]$_DFFE_PP_,3.97,1.37,0.021915298081209567,3.948084701918791,clk_core,VALIDATED
683,g_chan[1].u_cdc_chw.mem[11][19]$_DFFE_PP_,3.97,1.37,0.021812697166144465,3.9481873028338557,clk_core,VALIDATED
684,g_chan[1].u_cdc_chw.mem[8][19]$_DFFE_PP_,3.97,1.37,0.021812697166144465,3.9481873028338557,clk_core,VALIDATED
675,g_chan[1].u_cdc_chw.mem[15][17]$_DFFE_PP_,3.97,1.38,0.02170194203371288,3.948298057966287,clk_core,VALIDATED
674,g_chan[1].u_cdc_chw.mem[14][17]$_DFFE_PP_,3.97,1.38,0.02170194203371288,3.948298057966287,clk_core,VALIDATED
673,c_cmd_len[15]$_DFFE_PN0N_,3.97,1.4,0.0190911512741629,3.9509088487258373,clk_core,VALIDATED
688,g_chan[1].u_cdc_chw.mem[2][16]$_DFFE_PP_,3.98,1.38,0.0225127123356217,3.957487287664378,clk_core,VALIDATED
695,g_chan[1].u_cdc_chw.mem[1][16]$_DFFE_PP_,3.98,1.38,0.02240449793812986,3.9575955020618703,clk_core,VALIDATED
702,g_chan[1].u_cdc_chw.mem[7][16]$_DFFE_PP_,3.98,1.38,0.02240449793812986,3.9575955020618703,clk_core,VALIDATED
700,g_chan[1].u_cdc_chw.mem[6][16]$_DFFE_PP_,3.98,1.38,0.02240449793812986,3.9575955020618703,clk_core,VALIDATED
687,g_chan[1].u_cdc_chw.mem[3][16]$_DFFE_PP_,3.98,1.38,0.022396255458432726,3.9576037445415673,clk_core,VALIDATED
691,g_chan[1].u_cdc_chw.mem[0][16]$_DFFE_PP_,3.98,1.38,0.022396255458432726,3.9576037445415673,clk_core,VALIDATED
696,g_chan[1].u_cdc_chw.mem[3][19]$_DFFE_PP_,3.98,1.38,0.02230114811127601,3.957698851888724,clk_core,VALIDATED
701,g_chan[1].u_cdc_chw.mem[7][19]$_DFFE_PP_,3.98,1.38,0.022292905631578874,3.957707094368421,clk_core,VALIDATED
698,g_chan[1].u_cdc_chw.mem[6][19]$_DFFE_PP_,3.98,1.38,0.022292905631578874,3.957707094368421,clk_core,VALIDATED
693,g_chan[1].u_cdc_chw.mem[2][19]$_DFFE_PP_,3.98,1.38,0.022284791325434747,3.957715208674565,clk_core,VALIDATED
686,g_chan[1].u_cdc_chw.mem[4][16]$_DFFE_PP_,3.98,1.38,0.02220849641653179,3.957791503583468,clk_core,VALIDATED
689,g_chan[1].u_cdc_chw.mem[5][16]$_DFFE_PP_,3.98,1.38,0.02220849641653179,3.957791503583468,clk_core,VALIDATED
694,g_chan[1].u_cdc_chw.mem[8][16]$_DFFE_PP_,3.98,1.38,0.022141880088583143,3.9578581199114167,clk_core,VALIDATED
690,g_chan[1].u_cdc_chw.mem[9][16]$_DFFE_PP_,3.98,1.38,0.022141880088583143,3.9578581199114167,clk_core,VALIDATED
692,g_chan[1].u_cdc_chw.mem[5][19]$_DFFE_PP_,3.98,1.38,0.022105146589677938,3.957894853410322,clk_core,VALIDATED
699,g_chan[1].u_cdc_chw.mem[9][19]$_DFFE_PP_,3.98,1.37,0.021803412887200613,3.9581965871127993,clk_core,VALIDATED
697,c_cmd_opcode[5]$_DFFE_PN0N_,3.98,1.39,0.01884425479160866,3.961155745208391,clk_core,VALIDATED
705,u_dma_fabric.rbeat_data[25]$_DFFE_PN0P_,3.99,1.35,0.028637542907287705,3.9613624570927124,clk_core,VALIDATED
703,c_cmd_addr[14]$_DFFE_PN0N_,3.98,1.38,0.018397157702369063,3.961602842297631,clk_core,VALIDATED
709,u_dma_fabric.rbeat_data[9]$_DFFE_PN0P_,4.0,1.34,0.029777977588255594,3.9702220224117446,clk_core,VALIDATED
707,u_dma_fabric.rbeat_data[31]$_DFFE_PN0P_,4.0,1.35,0.02926075127056163,3.9707392487294384,clk_core,VALIDATED
704,c_cmd_addr[19]$_DFFE_PN0N_,3.99,1.38,0.018520680546358276,3.9714793194536417,clk_core,VALIDATED
711,u_dma_fabric.rbeat_data[15]$_DFFE_PN0P_,4.01,1.33,0.02919721000392944,3.9808027899960705,clk_core,VALIDATED
710,u_dma_fabric.rbeat_data[22]$_DFFE_PN0P_,4.01,1.34,0.029087546899219163,3.9809124531007805,clk_core,VALIDATED
708,c_cmd_len[25]$_DFFE_PN0N_,4.0,1.37,0.01870162096151204,3.981298379038488,clk_core,VALIDATED
706,c_cmd_len[12]$_DFFE_PN0N_,4.0,1.37,0.018652993956567818,3.9813470060434324,clk_core,VALIDATED
714,u_dma_fabric.rbeat_data[24]$_DFFE_PN0P_,4.01,1.33,0.027766648364471055,3.9822333516355286,clk_core,VALIDATED
712,u_dma_fabric.rbeat_data[6]$_DFFE_PN0P_,4.01,1.33,0.027628188290822073,3.9823718117091778,clk_core,VALIDATED
713,c_cmd_len[6]$_DFFE_PN0N_,4.01,1.35,0.01828002757826923,3.9917199724217305,clk_core,VALIDATED
733,g_chan[0].u_cdc_chw.mem[0][22]$_DFFE_PP_,4.02,1.32,0.02239165600276645,3.997608343997233,clk_core,VALIDATED
739,g_chan[0].u_cdc_chw.mem[2][22]$_DFFE_PP_,4.02,1.32,0.02239165600276645,3.997608343997233,clk_core,VALIDATED
735,g_chan[0].u_cdc_chw.mem[9][22]$_DFFE_PP_,4.02,1.32,0.02239165600276645,3.997608343997233,clk_core,VALIDATED
736,g_chan[0].u_cdc_chw.mem[8][22]$_DFFE_PP_,4.02,1.32,0.02239165600276645,3.997608343997233,clk_core,VALIDATED
737,g_chan[0].u_cdc_chw.mem[1][22]$_DFFE_PP_,4.02,1.32,0.02239165600276645,3.997608343997233,clk_core,VALIDATED
738,g_chan[0].u_cdc_chw.mem[3][22]$_DFFE_PP_,4.02,1.32,0.02239165600276645,3.997608343997233,clk_core,VALIDATED
734,g_chan[0].u_cdc_chw.mem[12][22]$_DFFE_PP_,4.02,1.32,0.022387148115524516,3.997612851884475,clk_core,VALIDATED
732,g_chan[0].u_cdc_chw.mem[13][22]$_DFFE_PP_,4.02,1.32,0.022387148115524516,3.997612851884475,clk_core,VALIDATED
740,g_chan[0].u_cdc_chw.mem[10][22]$_DFFE_PP_,4.02,1.32,0.02225790623680024,3.9977420937631996,clk_core,VALIDATED
731,g_chan[1].u_cdc_chw.mem[0][24]$_DFFE_PP_,4.02,1.33,0.020412960795311352,3.9995870392046884,clk_core,VALIDATED
727,g_chan[1].u_cdc_chw.mem[1][24]$_DFFE_PP_,4.02,1.33,0.020412960795311352,3.9995870392046884,clk_core,VALIDATED
730,g_chan[1].u_cdc_chw.mem[5][24]$_DFFE_PP_,4.02,1.33,0.020392111959799786,3.9996078880401997,clk_core,VALIDATED
725,g_chan[1].u_cdc_chw.mem[4][24]$_DFFE_PP_,4.02,1.33,0.020392111959799786,3.9996078880401997,clk_core,VALIDATED
726,g_chan[1].u_cdc_chw.mem[3][24]$_DFFE_PP_,4.02,1.33,0.02037126312428822,3.9996287368757115,clk_core,VALIDATED
728,g_chan[1].u_cdc_chw.mem[2][24]$_DFFE_PP_,4.02,1.33,0.02037126312428822,3.9996287368757115,clk_core,VALIDATED
722,g_chan[1].u_cdc_chw.mem[6][24]$_DFFE_PP_,4.02,1.33,0.020358819578516124,3.9996411804214835,clk_core,VALIDATED
720,g_chan[1].u_cdc_chw.mem[7][24]$_DFFE_PP_,4.02,1.33,0.020358819578516124,3.9996411804214835,clk_core,VALIDATED
724,g_chan[1].u_cdc_chw.mem[13][24]$_DFFE_PP_,4.02,1.33,0.020339405210745093,3.9996605947892543,clk_core,VALIDATED
723,g_chan[1].u_cdc_chw.mem[12][24]$_DFFE_PP_,4.02,1.33,0.020339405210745093,3.9996605947892543,clk_core,VALIDATED
717,g_chan[1].u_cdc_chw.mem[10][24]$_DFFE_PP_,4.02,1.33,0.02030989770876225,3.9996901022912374,clk_core,VALIDATED
716,g_chan[1].u_cdc_chw.mem[9][24]$_DFFE_PP_,4.02,1.33,0.02030989770876225,3.9996901022912374,clk_core,VALIDATED
719,g_chan[1].u_cdc_chw.mem[8][24]$_DFFE_PP_,4.02,1.33,0.02030989770876225,3.9996901022912374,clk_core,VALIDATED
715,g_chan[1].u_cdc_chw.mem[11][24]$_DFFE_PP_,4.02,1.33,0.02030989770876225,3.9996901022912374,clk_core,VALIDATED
721,g_chan[1].u_cdc_chw.mem[14][24]$_DFFE_PP_,4.02,1.33,0.020283985993920423,3.9997160140060792,clk_core,VALIDATED
718,g_chan[1].u_cdc_chw.mem[15][24]$_DFFE_PP_,4.02,1.33,0.020283985993920423,3.9997160140060792,clk_core,VALIDATED
729,c_cmd_addr[0]$_DFFE_PN0N_,4.02,1.34,0.018186695953379545,4.00181330404662,clk_core,VALIDATED
752,u_dma_fabric.rbeat_data[28]$_DFFE_PN0P_,4.03,1.31,0.02680586157950815,4.003194138420492,clk_core,VALIDATED
741,g_chan[0].u_cdc_chw.mem[14][22]$_DFFE_PP_,4.03,1.32,0.022382640228282583,4.007617359771718,clk_core,VALIDATED
742,g_chan[0].u_cdc_chw.mem[15][22]$_DFFE_PP_,4.03,1.32,0.022382640228282583,4.007617359771718,clk_core,VALIDATED
747,g_chan[0].u_cdc_chw.mem[5][22]$_DFFE_PP_,4.03,1.32,0.021875075732902857,4.008124924267097,clk_core,VALIDATED
746,g_chan[0].u_cdc_chw.mem[7][22]$_DFFE_PP_,4.03,1.32,0.021875075732902857,4.008124924267097,clk_core,VALIDATED
743,g_chan[0].u_cdc_chw.mem[11][22]$_DFFE_PP_,4.03,1.32,0.021875075732902857,4.008124924267097,clk_core,VALIDATED
745,g_chan[0].u_cdc_chw.mem[6][22]$_DFFE_PP_,4.03,1.32,0.021875075732902857,4.008124924267097,clk_core,VALIDATED
744,g_chan[0].u_cdc_chw.mem[4][22]$_DFFE_PP_,4.03,1.32,0.021875075732902857,4.008124924267097,clk_core,VALIDATED
754,g_chan[1].u_cdc_chw.mem[3][22]$_DFFE_PP_,4.03,1.31,0.02061252853792725,4.009387471462073,clk_core,VALIDATED
753,g_chan[1].u_cdc_chw.mem[7][22]$_DFFE_PP_,4.03,1.31,0.02061252853792725,4.009387471462073,clk_core,VALIDATED
749,g_chan[1].u_cdc_chw.mem[5][22]$_DFFE_PP_,4.03,1.31,0.02055828484475096,4.0094417151552495,clk_core,VALIDATED
750,g_chan[1].u_cdc_chw.mem[2][22]$_DFFE_PP_,4.03,1.31,0.02055828484475096,4.0094417151552495,clk_core,VALIDATED
751,g_chan[1].u_cdc_chw.mem[4][22]$_DFFE_PP_,4.03,1.31,0.02050404497800365,4.009495955021997,clk_core,VALIDATED
748,c_cmd_len[3]$_DFFE_PN0N_,4.03,1.34,0.018181607843592892,4.011818392156408,clk_core,VALIDATED
761,u_dma_fabric.rbeat_data[2]$_DFFE_PN0P_,4.04,1.31,0.026486933304004867,4.013513066695995,clk_core,VALIDATED
760,u_dma_fabric.rbeat_data[21]$_DFFE_PN0P_,4.04,1.3,0.02504391538899821,4.0149560846110015,clk_core,VALIDATED
755,g_chan[0].u_cdc_chw.mem[5][18]$_DFFE_PP_,4.04,1.31,0.021773324223384086,4.018226675776616,clk_core,VALIDATED
757,g_chan[0].u_cdc_chw.mem[4][18]$_DFFE_PP_,4.04,1.31,0.021773324223384086,4.018226675776616,clk_core,VALIDATED
771,g_chan[0].u_cdc_chw.mem[6][18]$_DFFE_PP_,4.04,1.31,0.02152613046074027,4.0184738695392594,clk_core,VALIDATED
772,g_chan[0].u_cdc_chw.mem[7][18]$_DFFE_PP_,4.04,1.31,0.02152613046074027,4.0184738695392594,clk_core,VALIDATED
776,g_chan[0].u_cdc_chw.mem[11][18]$_DFFE_PP_,4.04,1.31,0.021430018080841537,4.018569981919159,clk_core,VALIDATED
778,g_chan[0].u_cdc_chw.mem[15][18]$_DFFE_PP_,4.04,1.31,0.021430018080841537,4.018569981919159,clk_core,VALIDATED
768,g_chan[0].u_cdc_chw.mem[3][18]$_DFFE_PP_,4.04,1.31,0.021333905700942804,4.018666094299057,clk_core,VALIDATED
781,g_chan[0].u_cdc_chw.mem[2][18]$_DFFE_PP_,4.04,1.31,0.021333905700942804,4.018666094299057,clk_core,VALIDATED
767,g_chan[0].u_cdc_chw.mem[14][18]$_DFFE_PP_,4.04,1.31,0.021333905700942804,4.018666094299057,clk_core,VALIDATED
780,g_chan[0].u_cdc_chw.mem[12][18]$_DFFE_PP_,4.04,1.31,0.021333905700942804,4.018666094299057,clk_core,VALIDATED
779,g_chan[0].u_cdc_chw.mem[13][18]$_DFFE_PP_,4.04,1.31,0.021333905700942804,4.018666094299057,clk_core,VALIDATED
789,g_chan[0].u_cdc_chw.mem[8][18]$_DFFE_PP_,4.04,1.31,0.021331412821746915,4.0186685871782535,clk_core,VALIDATED
788,g_chan[0].u_cdc_chw.mem[0][18]$_DFFE_PP_,4.04,1.31,0.021331412821746915,4.0186685871782535,clk_core,VALIDATED
790,g_chan[0].u_cdc_chw.mem[1][18]$_DFFE_PP_,4.04,1.31,0.021328919942551025,4.018671080057449,clk_core,VALIDATED
777,g_chan[0].u_cdc_chw.mem[9][18]$_DFFE_PP_,4.04,1.31,0.021328919942551025,4.018671080057449,clk_core,VALIDATED
786,g_chan[0].u_cdc_chw.mem[10][18]$_DFFE_PP_,4.04,1.31,0.021328919942551025,4.018671080057449,clk_core,VALIDATED
784,g_chan[1].u_cdc_chw.mem[12][12]$_DFFE_PP_,4.04,1.31,0.02096908943642492,4.0190309105635755,clk_core,VALIDATED
787,g_chan[1].u_cdc_chw.mem[13][12]$_DFFE_PP_,4.04,1.31,0.02091062814184938,4.019089371858151,clk_core,VALIDATED
783,g_chan[1].u_cdc_chw.mem[10][12]$_DFFE_PP_,4.04,1.31,0.0208990583347083,4.019100941665291,clk_core,VALIDATED
785,g_chan[1].u_cdc_chw.mem[11][12]$_DFFE_PP_,4.04,1.31,0.0208990583347083,4.019100941665291,clk_core,VALIDATED
782,g_chan[1].u_cdc_chw.mem[6][22]$_DFFE_PP_,4.04,1.31,0.02074335646155402,4.019256643538446,clk_core,VALIDATED
791,g_chan[1].u_cdc_chw.mem[14][12]$_DFFE_PP_,4.04,1.31,0.02054949322016829,4.019450506779831,clk_core,VALIDATED
759,g_chan[1].u_cdc_chw.mem[0][22]$_DFFE_PP_,4.04,1.31,0.02050404497800365,4.019495955021997,clk_core,VALIDATED
758,g_chan[1].u_cdc_chw.mem[1][22]$_DFFE_PP_,4.04,1.31,0.020439071501581002,4.019560928498419,clk_core,VALIDATED
792,g_chan[1].u_cdc_chw.mem[15][12]$_DFFE_PP_,4.04,1.3,0.02039262685970894,4.019607373140291,clk_core,VALIDATED
756,g_chan[1].u_cdc_chw.mem[11][22]$_DFFE_PP_,4.04,1.31,0.020387369971112956,4.019612630028887,clk_core,VALIDATED
769,g_chan[1].u_cdc_chw.mem[4][25]$_DFFE_PP_,4.04,1.31,0.020112832487080276,4.01988716751292,clk_core,VALIDATED
774,g_chan[1].u_cdc_chw.mem[5][25]$_DFFE_PP_,4.04,1.31,0.020112832487080276,4.01988716751292,clk_core,VALIDATED
775,g_chan[1].u_cdc_chw.mem[6][25]$_DFFE_PP_,4.04,1.31,0.020112832487080276,4.01988716751292,clk_core,VALIDATED
766,g_chan[1].u_cdc_chw.mem[7][25]$_DFFE_PP_,4.04,1.31,0.020112832487080276,4.01988716751292,clk_core,VALIDATED
770,g_chan[1].u_cdc_chw.mem[9][25]$_DFFE_PP_,4.04,1.31,0.02007664281328335,4.019923357186717,clk_core,VALIDATED
764,g_chan[1].u_cdc_chw.mem[2][25]$_DFFE_PP_,4.04,1.31,0.02007664281328335,4.019923357186717,clk_core,VALIDATED
765,g_chan[1].u_cdc_chw.mem[0][25]$_DFFE_PP_,4.04,1.31,0.02007664281328335,4.019923357186717,clk_core,VALIDATED
762,g_chan[1].u_cdc_chw.mem[3][25]$_DFFE_PP_,4.04,1.31,0.02007664281328335,4.019923357186717,clk_core,VALIDATED
773,g_chan[1].u_cdc_chw.mem[11][25]$_DFFE_PP_,4.04,1.31,0.02007664281328335,4.019923357186717,clk_core,VALIDATED
763,g_chan[1].u_cdc_chw.mem[10][25]$_DFFE_PP_,4.04,1.31,0.020058512907406706,4.019941487092593,clk_core,VALIDATED
793,c_cmd_addr[25]$_DFFE_PN0N_,4.04,1.32,0.018031421146581295,4.021968578853419,clk_core,VALIDATED
797,u_dma_fabric.rbeat_data[1]$_DFFE_PN0P_,4.05,1.3,0.024957491815255153,4.025042508184745,clk_core,VALIDATED
799,g_chan[1].u_cdc_chw.mem[9][12]$_DFFE_PP_,4.05,1.31,0.020885805375832303,4.029114194624167,clk_core,VALIDATED
794,g_chan[1].u_cdc_chw.mem[9][18]$_DFFE_PP_,4.05,1.3,0.01984922451188087,4.030150775488119,clk_core,VALIDATED
800,g_chan[1].u_cdc_chw.mem[12][18]$_DFFE_PP_,4.05,1.3,0.019848780870491203,4.030151219129508,clk_core,VALIDATED
798,g_chan[1].u_cdc_chw.mem[10][18]$_DFFE_PP_,4.05,1.3,0.019848780870491203,4.030151219129508,clk_core,VALIDATED
796,g_chan[1].u_cdc_chw.mem[13][18]$_DFFE_PP_,4.05,1.3,0.019819938951259858,4.03018006104874,clk_core,VALIDATED
795,g_chan[1].u_cdc_chw.mem[8][18]$_DFFE_PP_,4.05,1.3,0.019819938951259858,4.03018006104874,clk_core,VALIDATED
6,g_chan[0].u_cdc_chr.rq1_wgray[4]$_DFF_PN0_,4.17,1.25,0.019637547577492323,4.150362452422508,clk_core,VALIDATED
5,g_chan[0].u_cdc_chr.rq1_wgray[3]$_DFF_PN0_,4.17,1.25,0.019637547577492323,4.150362452422508,clk_core,VALIDATED
4,g_chan[0].u_cdc_chr.rq1_wgray[2]$_DFF_PN0_,4.17,1.25,0.019637547577492323,4.150362452422508,clk_core,VALIDATED
3,g_chan[0].u_cdc_chr.rq2_wgray[1]$_DFF_PN0_,4.17,1.25,0.019637547577492323,4.150362452422508,clk_core,VALIDATED
2,g_chan[0].u_cdc_chr.rgray[0]$_DFF_PN0_,4.17,1.25,0.019637547577492323,4.150362452422508,clk_core,VALIDATED
1,g_chan[0].u_cdc_chr.rq2_wgray[0]$_DFF_PN0_,4.17,1.25,0.019637547577492323,4.150362452422508,clk_core,VALIDATED
17,g_chan[0].u_cdc_chr.rbin[2]$_DFF_PN0_,4.17,1.25,0.019637547577492323,4.150362452422508,clk_core,VALIDATED
20,u_dma_fabric.rbeat_data[10]$_DFFE_PN0P_,4.17,1.25,0.019637547577492323,4.150362452422508,clk_core,VALIDATED
7,g_chan[0].u_cdc_chr.rq1_wgray[1]$_DFF_PN0_,4.17,1.25,0.019637547577492323,4.150362452422508,clk_core,VALIDATED
19,u_dma_fabric.rbeat_data[15]$_DFFE_PN0P_,4.17,1.25,0.019637547577492323,4.150362452422508,clk_core,VALIDATED
18,g_chan[0].u_cdc_chr.rbin[0]$_DFF_PN0_,4.17,1.25,0.019637547577492323,4.150362452422508,clk_core,VALIDATED
16,g_chan[0].u_cdc_chr.rbin[1]$_DFF_PN0_,4.17,1.25,0.019637547577492323,4.150362452422508,clk_core,VALIDATED
0,g_chan[0].u_cdc_chr.rq1_wgray[0]$_DFF_PN0_,4.17,1.25,0.019637547577492323,4.150362452422508,clk_core,VALIDATED
15,g_chan[0].u_cdc_chr.rbin[3]$_DFF_PN0_,4.17,1.25,0.019637547577492323,4.150362452422508,clk_core,VALIDATED
9,g_chan[0].u_cdc_chr.rq2_wgray[2]$_DFF_PN0_,4.17,1.25,0.019609228434768977,4.150390771565231,clk_core,VALIDATED
8,g_chan[0].u_cdc_chr.rgray[1]$_DFF_PN0_,4.17,1.25,0.019609228434768977,4.150390771565231,clk_core,VALIDATED
11,g_chan[0].u_cdc_chr.rgray[2]$_DFF_PN0_,4.17,1.25,0.019609228434768977,4.150390771565231,clk_core,VALIDATED
12,g_chan[0].u_cdc_chr.rq2_wgray[3]$_DFF_PN0_,4.17,1.25,0.019609228434768977,4.150390771565231,clk_core,VALIDATED
10,g_chan[0].u_cdc_chr.rgray[3]$_DFF_PN0_,4.17,1.25,0.019609228434768977,4.150390771565231,clk_core,VALIDATED
13,g_chan[0].u_cdc_chr.rq2_wgray[4]$_DFF_PN0_,4.17,1.25,0.019609228434768977,4.150390771565231,clk_core,VALIDATED
14,g_chan[0].u_cdc_chr.rbin[4]$_DFF_PN0_,4.17,1.25,0.019609228434768977,4.150390771565231,clk_core,VALIDATED
23,u_dma_fabric.rbeat_data[9]$_DFFE_PN0P_,4.31,1.12,0.017433512340337222,4.292566487659663,clk_core,VALIDATED
21,u_dma_fabric.rbeat_data[17]$_DFFE_PN0P_,4.31,1.12,0.017433512340337222,4.292566487659663,clk_core,VALIDATED
22,u_dma_fabric.rbeat_data[13]$_DFFE_PN0P_,4.31,1.12,0.017433512340337222,4.292566487659663,clk_core,VALIDATED
24,u_dma_fabric.rbeat_data[20]$_DFFE_PN0P_,4.31,1.12,0.017433512340337222,4.292566487659663,clk_core,VALIDATED
25,u_dma_fabric.rbeat_data[14]$_DFFE_PN0P_,4.31,1.12,0.017433512340337222,4.292566487659663,clk_core,VALIDATED
26,u_dma_fabric.rbeat_data[16]$_DFFE_PN0P_,4.31,1.11,0.017277855980155646,4.2927221440198435,clk_core,VALIDATED
37,u_dma_fabric.rbeat_data[24]$_DFFE_PN0P_,4.32,1.11,0.017296237902986414,4.302703762097014,clk_core,VALIDATED
35,u_dma_fabric.rbeat_data[25]$_DFFE_PN0P_,4.32,1.11,0.017296237902986414,4.302703762097014,clk_core,VALIDATED
31,u_dma_fabric.rbeat_data[31]$_DFFE_PN0P_,4.32,1.11,0.017296237902986414,4.302703762097014,clk_core,VALIDATED
36,u_dma_fabric.rbeat_data[6]$_DFFE_PN0P_,4.32,1.11,0.017296237902986414,4.302703762097014,clk_core,VALIDATED
33,u_dma_fabric.rbeat_data[8]$_DFFE_PN0P_,4.32,1.11,0.017296237902986414,4.302703762097014,clk_core,VALIDATED
34,u_dma_fabric.rbeat_data[18]$_DFFE_PN0P_,4.32,1.11,0.017296237902986414,4.302703762097014,clk_core,VALIDATED
32,u_dma_fabric.rbeat_data[7]$_DFFE_PN0P_,4.32,1.11,0.017296237902986414,4.302703762097014,clk_core,VALIDATED
27,u_dma_fabric.rbeat_data[12]$_DFFE_PN0P_,4.32,1.11,0.017277855980155646,4.302722144019844,clk_core,VALIDATED
38,u_dma_fabric.rbeat_data[5]$_DFFE_PN0P_,4.32,1.11,0.017240373157120834,4.30275962684288,clk_core,VALIDATED
30,u_dma_fabric.rbeat_data[21]$_DFFE_PN0P_,4.32,1.11,0.017215516496001317,4.302784483503999,clk_core,VALIDATED
28,u_dma_fabric.rbeat_data[11]$_DFFE_PN0P_,4.32,1.11,0.017215516496001317,4.302784483503999,clk_core,VALIDATED
29,u_dma_fabric.rbeat_data[19]$_DFFE_PN0P_,4.32,1.11,0.017215516496001317,4.302784483503999,clk_core,VALIDATED
39,u_dma_fabric.rbeat_data[22]$_DFFE_PN0P_,4.33,1.11,0.01725731670872898,4.312742683291271,clk_core,VALIDATED
40,u_dma_fabric.rbeat_data[27]$_DFFE_PN0P_,4.33,1.11,0.017240373157120834,4.31275962684288,clk_core,VALIDATED
41,u_dma_fabric.rbeat_data[4]$_DFFE_PN0P_,4.33,1.1,0.01708505448002963,4.31291494551997,clk_core,VALIDATED
42,g_chan[0].u_cdc_chr.rd_empty$_DFF_PN1_,4.33,1.1,0.016835647726179286,4.313164352273821,clk_core,VALIDATED
43,g_chan[1].u_cdc_chcmd.wq2_rgray[3]$_DFF_PN0_,4.37,1.05,0.015961618300187073,4.354038381699813,clk_core,VALIDATED
44,g_chan[1].u_cdc_chcmd.wq2_rgray[1]$_DFF_PN0_,4.37,1.05,0.015961618300187073,4.354038381699813,clk_core,VALIDATED
52,g_chan[1].u_cdc_chcmd.wgray[0]$_DFF_PN0_,4.38,1.05,0.015961618300187073,4.364038381699813,clk_core,VALIDATED
45,g_chan[1].u_cdc_chcmd.wq1_rgray[1]$_DFF_PN0_,4.38,1.05,0.015961618300187073,4.364038381699813,clk_core,VALIDATED
49,g_chan[1].u_cdc_chcmd.wq1_rgray[3]$_DFF_PN0_,4.38,1.05,0.015961618300187073,4.364038381699813,clk_core,VALIDATED
54,g_chan[1].u_cdc_chcmd.wq1_rgray[0]$_DFF_PN0_,4.38,1.05,0.015961618300187073,4.364038381699813,clk_core,VALIDATED
46,g_chan[1].u_cdc_chcmd.wq2_rgray[0]$_DFF_PN0_,4.38,1.05,0.015961618300187073,4.364038381699813,clk_core,VALIDATED
61,g_chan[1].u_cdc_chcmd.wq2_rgray[4]$_DFF_PN0_,4.38,1.05,0.015961618300187073,4.364038381699813,clk_core,VALIDATED
53,g_chan[1].u_cdc_chcmd.wgray[1]$_DFF_PN0_,4.38,1.05,0.015893943341494653,4.364106056658505,clk_core,VALIDATED
47,g_chan[1].u_cdc_chcmd.wbin[1]$_DFF_PN0_,4.38,1.05,0.015893943341494653,4.364106056658505,clk_core,VALIDATED
48,g_chan[1].u_cdc_chcmd.wbin[0]$_DFF_PN0_,4.38,1.05,0.015893943341494653,4.364106056658505,clk_core,VALIDATED
50,g_chan[1].u_cdc_chcmd.wbin[3]$_DFF_PN0_,4.38,1.05,0.015893943341494653,4.364106056658505,clk_core,VALIDATED
51,g_chan[1].u_cdc_chcmd.wbin[2]$_DFF_PN0_,4.38,1.05,0.015893943341494653,4.364106056658505,clk_core,VALIDATED
55,g_chan[1].u_cdc_chcmd.wq1_rgray[4]$_DFF_PN0_,4.38,1.05,0.015893943341494653,4.364106056658505,clk_core,VALIDATED
56,g_chan[1].u_cdc_chcmd.wbin[4]$_DFF_PN0_,4.38,1.05,0.015893943341494653,4.364106056658505,clk_core,VALIDATED
57,g_chan[1].u_cdc_chcmd.wr_full$_DFF_PN0_,4.38,1.05,0.015893943341494653,4.364106056658505,clk_core,VALIDATED
62,g_chan[1].u_cdc_chcmd.wq2_rgray[2]$_DFF_PN0_,4.38,1.04,0.015742572452528032,4.3642574275474715,clk_core,VALIDATED
60,g_chan[1].u_cdc_chcmd.wgray[2]$_DFF_PN0_,4.38,1.04,0.015742572452528032,4.3642574275474715,clk_core,VALIDATED
58,g_chan[1].u_cdc_chcmd.wq1_rgray[2]$_DFF_PN0_,4.38,1.04,0.015742572452528032,4.3642574275474715,clk_core,VALIDATED
59,g_chan[1].u_cdc_chcmd.wgray[3]$_DFF_PN0_,4.38,1.04,0.015742572452528032,4.3642574275474715,clk_core,VALIDATED
86,u_cdc_rbeat.wr_full$_DFF_PN0_,4.41,1.02,0.016014987051440797,4.393985012948559,clk_core,VALIDATED
83,u_cdc_rbeat.wq1_rgray[4]$_DFF_PN0_,4.41,1.02,0.015778766615843355,4.394221233384156,clk_core,VALIDATED
84,u_cdc_rbeat.wq2_rgray[4]$_DFF_PN0_,4.41,1.02,0.015778766615843355,4.394221233384156,clk_core,VALIDATED
82,u_cdc_rbeat.wq1_rgray[1]$_DFF_PN0_,4.41,1.02,0.015726647526492908,4.394273352473507,clk_core,VALIDATED
79,u_cdc_rbeat.wq2_rgray[1]$_DFF_PN0_,4.41,1.02,0.015726647526492908,4.394273352473507,clk_core,VALIDATED
75,u_cdc_rbeat.wgray[0]$_DFF_PN0_,4.41,1.02,0.015726647526492908,4.394273352473507,clk_core,VALIDATED
78,u_cdc_rbeat.wq2_rgray[2]$_DFF_PN0_,4.41,1.02,0.015726647526492908,4.394273352473507,clk_core,VALIDATED
77,u_cdc_rbeat.wq2_rgray[0]$_DFF_PN0_,4.41,1.02,0.015726647526492908,4.394273352473507,clk_core,VALIDATED
76,u_cdc_rbeat.wgray[1]$_DFF_PN0_,4.41,1.02,0.015726647526492908,4.394273352473507,clk_core,VALIDATED
71,u_cdc_rbeat.wgray[3]$_DFF_PN0_,4.41,1.02,0.015726647526492908,4.394273352473507,clk_core,VALIDATED
70,u_cdc_rbeat.wbin[4]$_DFF_PN0_,4.41,1.02,0.015726647526492908,4.394273352473507,clk_core,VALIDATED
69,u_cdc_rbeat.wq2_rgray[3]$_DFF_PN0_,4.41,1.02,0.015726647526492908,4.394273352473507,clk_core,VALIDATED
68,u_cdc_rbeat.wq1_rgray[3]$_DFF_PN0_,4.41,1.02,0.015726647526492908,4.394273352473507,clk_core,VALIDATED
67,u_cdc_rbeat.wq1_rgray[0]$_DFF_PN0_,4.41,1.02,0.015726647526492908,4.394273352473507,clk_core,VALIDATED
74,u_cdc_rbeat.wbin[2]$_DFF_PN0_,4.41,1.02,0.015726647526492908,4.394273352473507,clk_core,VALIDATED
73,u_cdc_rbeat.wbin[3]$_DFF_PN0_,4.41,1.02,0.015726647526492908,4.394273352473507,clk_core,VALIDATED
72,u_cdc_rbeat.wgray[2]$_DFF_PN0_,4.41,1.02,0.015726647526492908,4.394273352473507,clk_core,VALIDATED
81,u_cdc_rbeat.wbin[1]$_DFF_PN0_,4.41,1.02,0.015726647526492908,4.394273352473507,clk_core,VALIDATED
80,u_cdc_rbeat.wbin[0]$_DFF_PN0_,4.41,1.02,0.015726647526492908,4.394273352473507,clk_core,VALIDATED
85,u_cdc_rbeat.wq1_rgray[2]$_DFF_PN0_,4.41,1.02,0.015726647526492908,4.394273352473507,clk_core,VALIDATED
66,u_dma_fabric.rbeat_data[28]$_DFFE_PN0P_,4.41,1.02,0.015641099890024483,4.394358900109975,clk_core,VALIDATED
63,u_dma_fabric.rbeat_data[23]$_DFFE_PN0P_,4.41,1.02,0.015638953895502704,4.394361046104497,clk_core,VALIDATED
65,u_dma_fabric.rbeat_data[30]$_DFFE_PN0P_,4.41,1.02,0.015638953895502704,4.394361046104497,clk_core,VALIDATED
64,u_dma_fabric.rbeat_data[29]$_DFFE_PN0P_,4.41,1.02,0.015638953895502704,4.394361046104497,clk_core,VALIDATED
88,u_dma_fabric.rbeat_data[26]$_DFFE_PN0P_,4.41,1.02,0.015458829556446264,4.394541170443554,clk_core,VALIDATED
91,u_dma_fabric.rbeat_data[0]$_DFFE_PN0P_,4.41,1.02,0.015458829556446264,4.394541170443554,clk_core,VALIDATED
90,u_dma_fabric.rbeat_data[3]$_DFFE_PN0P_,4.41,1.02,0.015458829556446264,4.394541170443554,clk_core,VALIDATED
89,u_dma_fabric.rbeat_data[2]$_DFFE_PN0P_,4.41,1.02,0.015458829556446264,4.394541170443554,clk_core,VALIDATED
87,u_dma_fabric.rbeat_data[1]$_DFFE_PN0P_,4.41,1.02,0.015458829556446264,4.394541170443554,clk_core,VALIDATED
93,u_seq_core.beats_left[22]$_DFFE_PN0P_,4.49,0.94,0.013231453290226292,4.476768546709774,clk_core,VALIDATED
95,u_seq_core.beats_left[25]$_DFFE_PN0P_,4.49,0.94,0.013231453290226292,4.476768546709774,clk_core,VALIDATED
94,u_seq_core.beats_left[21]$_DFFE_PN0P_,4.49,0.94,0.013231453290226292,4.476768546709774,clk_core,VALIDATED
96,u_seq_core.beats_left[26]$_DFFE_PN0P_,4.49,0.94,0.013231453290226292,4.476768546709774,clk_core,VALIDATED
97,u_seq_core.beats_left[27]$_DFFE_PN0P_,4.49,0.94,0.013231453290226292,4.476768546709774,clk_core,VALIDATED
99,u_seq_core.beats_left[29]$_DFFE_PN0P_,4.49,0.94,0.013231453290226292,4.476768546709774,clk_core,VALIDATED
98,u_seq_core.beats_left[30]$_DFFE_PN0P_,4.49,0.94,0.013228513339697219,4.476771486660303,clk_core,VALIDATED
92,u_seq_core.beats_left[28]$_DFFE_PN0P_,4.49,0.94,0.013214925066025465,4.476785074933975,clk_core,VALIDATED
121,g_chan[1].u_cdc_chw.wq2_rgray[1]$_DFF_PN0_,4.5,0.94,0.013542057631007014,4.486457942368993,clk_core,VALIDATED
119,g_chan[1].u_cdc_chw.wq1_rgray[1]$_DFF_PN0_,4.5,0.94,0.013541470472797405,4.486458529527202,clk_core,VALIDATED
122,g_chan[1].u_cdc_chw.wgray[0]$_DFF_PN0_,4.5,0.94,0.013541470472797405,4.486458529527202,clk_core,VALIDATED
120,g_chan[1].u_cdc_chw.wgray[1]$_DFF_PN0_,4.5,0.94,0.013541470472797405,4.486458529527202,clk_core,VALIDATED
114,g_chan[1].u_cdc_chw.wbin[1]$_DFF_PN0_,4.5,0.94,0.013541470472797405,4.486458529527202,clk_core,VALIDATED
113,g_chan[1].u_cdc_chw.wbin[3]$_DFF_PN0_,4.5,0.94,0.013541470472797405,4.486458529527202,clk_core,VALIDATED
115,g_chan[1].u_cdc_chw.wbin[0]$_DFF_PN0_,4.5,0.94,0.013541470472797405,4.486458529527202,clk_core,VALIDATED
117,g_chan[1].u_cdc_chw.wbin[2]$_DFF_PN0_,4.5,0.94,0.013537557343498853,4.486462442656501,clk_core,VALIDATED
138,g_chan[1].u_cdc_chw.wq2_rgray[3]$_DFF_PN0_,4.5,0.93,0.013397993188123888,4.486602006811876,clk_core,VALIDATED
137,g_chan[1].u_cdc_chw.wq2_rgray[0]$_DFF_PN0_,4.5,0.93,0.013397993188123888,4.486602006811876,clk_core,VALIDATED
127,g_chan[1].u_cdc_chw.wbin[4]$_DFF_PN0_,4.5,0.93,0.01339741227627822,4.486602587723722,clk_core,VALIDATED
126,g_chan[1].u_cdc_chw.wq2_rgray[2]$_DFF_PN0_,4.5,0.93,0.013385628111289065,4.486614371888711,clk_core,VALIDATED
118,g_chan[1].u_cdc_chw.wgray[2]$_DFF_PN0_,4.5,0.93,0.013385628111289065,4.486614371888711,clk_core,VALIDATED
129,g_chan[1].u_cdc_chw.wq1_rgray[3]$_DFF_PN0_,4.5,0.93,0.013385628111289065,4.486614371888711,clk_core,VALIDATED
112,g_chan[1].u_cdc_chw.wgray[3]$_DFF_PN0_,4.5,0.93,0.013385628111289065,4.486614371888711,clk_core,VALIDATED
131,g_chan[1].u_cdc_chw.wq1_rgray[2]$_DFF_PN0_,4.5,0.93,0.013383401905234502,4.486616598094765,clk_core,VALIDATED
139,c_cmd_addr[25]$_DFFE_PN0N_,4.5,0.94,0.012855121397121937,4.487144878602878,clk_core,VALIDATED
140,c_cmd_addr[24]$_DFFE_PN0N_,4.5,0.94,0.012855121397121937,4.487144878602878,clk_core,VALIDATED
106,u_cdc_cmd.rq1_wgray[4]$_DFF_PN0_,4.5,0.94,0.012854068487950385,4.48714593151205,clk_core,VALIDATED
108,u_cdc_cmd.rq1_wgray[3]$_DFF_PN0_,4.5,0.94,0.012854068487950385,4.48714593151205,clk_core,VALIDATED
125,u_cdc_cmd.rbin[1]$_DFF_PN0_,4.5,0.94,0.012854068487950385,4.48714593151205,clk_core,VALIDATED
130,u_cdc_cmd.rgray[3]$_DFF_PN0_,4.5,0.94,0.012854068487950385,4.48714593151205,clk_core,VALIDATED
109,u_cdc_cmd.rq1_wgray[2]$_DFF_PN0_,4.5,0.94,0.012854068487950385,4.48714593151205,clk_core,VALIDATED
111,u_cdc_cmd.rq2_wgray[2]$_DFF_PN0_,4.5,0.94,0.012854068487950385,4.48714593151205,clk_core,VALIDATED
123,u_cdc_cmd.rq2_wgray[3]$_DFF_PN0_,4.5,0.94,0.012854068487950385,4.48714593151205,clk_core,VALIDATED
124,u_cdc_cmd.rbin[3]$_DFF_PN0_,4.5,0.94,0.012854068487950385,4.48714593151205,clk_core,VALIDATED
104,u_cdc_cmd.rbin[4]$_DFF_PN0_,4.5,0.94,0.012854068487950385,4.48714593151205,clk_core,VALIDATED
105,u_cdc_cmd.rq2_wgray[4]$_DFF_PN0_,4.5,0.94,0.012854068487950385,4.48714593151205,clk_core,VALIDATED
128,u_cdc_cmd.rgray[2]$_DFF_PN0_,4.5,0.94,0.012854068487950385,4.48714593151205,clk_core,VALIDATED
141,c_cmd_valid$_DFF_PN0_,4.5,0.94,0.012839531637392404,4.487160468362608,clk_core,VALIDATED
132,c_cmd_len[1]$_DFFE_PN0N_,4.5,0.94,0.012820542995540585,4.487179457004459,clk_core,VALIDATED
107,c_cmd_len[0]$_DFFE_PN0N_,4.5,0.94,0.012820542995540585,4.487179457004459,clk_core,VALIDATED
110,c_cmd_len[3]$_DFFE_PN0N_,4.5,0.94,0.012820542995540585,4.487179457004459,clk_core,VALIDATED
133,c_cmd_addr[23]$_DFFE_PN0N_,4.5,0.94,0.012815086758730554,4.487184913241269,clk_core,VALIDATED
135,c_cmd_len[5]$_DFFE_PN0N_,4.5,0.94,0.012815086758730554,4.487184913241269,clk_core,VALIDATED
136,c_cmd_len[9]$_DFFE_PN0N_,4.5,0.94,0.012815086758730554,4.487184913241269,clk_core,VALIDATED
134,c_cmd_len[8]$_DFFE_PN0N_,4.5,0.94,0.012815086758730554,4.487184913241269,clk_core,VALIDATED
100,c_cmd_len[2]$_DFFE_PN0N_,4.5,0.94,0.012813417346872441,4.487186582653128,clk_core,VALIDATED
102,c_cmd_len[7]$_DFFE_PN0N_,4.5,0.94,0.012813417346872441,4.487186582653128,clk_core,VALIDATED
103,c_cmd_len[4]$_DFFE_PN0N_,4.5,0.94,0.012813417346872441,4.487186582653128,clk_core,VALIDATED
116,c_cmd_len[6]$_DFFE_PN0N_,4.5,0.94,0.012813417346872441,4.487186582653128,clk_core,VALIDATED
101,c_cmd_len[10]$_DFFE_PN0N_,4.5,0.94,0.012800602074307464,4.487199397925693,clk_core,VALIDATED
153,u_dma_fabric.rbeat_valid$_DFFE_PN0P_,4.51,0.92,0.014007920330239114,4.495992079669761,clk_core,VALIDATED
143,g_chan[1].u_cdc_chr.rd_empty$_DFF_PN1_,4.51,0.92,0.013856194254417711,4.496143805745582,clk_core,VALIDATED
156,g_chan[1].u_cdc_chr.rq2_wgray[0]$_DFF_PN0_,4.51,0.92,0.013856194254417711,4.496143805745582,clk_core,VALIDATED
154,g_chan[1].u_cdc_chr.rbin[1]$_DFF_PN0_,4.51,0.92,0.013856194254417711,4.496143805745582,clk_core,VALIDATED
155,g_chan[1].u_cdc_chr.rbin[3]$_DFF_PN0_,4.51,0.92,0.013856194254417711,4.496143805745582,clk_core,VALIDATED
157,g_chan[1].u_cdc_chr.rq1_wgray[4]$_DFF_PN0_,4.51,0.92,0.013814327222832344,4.496185672777168,clk_core,VALIDATED
149,u_seq_core.op_q[0]$_DFFE_PN0P_,4.51,0.93,0.013249549295751908,4.496750450704248,clk_core,VALIDATED
142,u_cdc_cmd.rbin[0]$_DFF_PN0_,4.51,0.94,0.012855121397121937,4.497144878602878,clk_core,VALIDATED
144,u_cdc_cmd.rgray[0]$_DFF_PN0_,4.51,0.94,0.012855121397121937,4.497144878602878,clk_core,VALIDATED
148,u_cdc_cmd.rq2_wgray[0]$_DFF_PN0_,4.51,0.94,0.01285089017627302,4.497149109823726,clk_core,VALIDATED
150,u_cdc_cmd.rbin[2]$_DFF_PN0_,4.51,0.94,0.01285089017627302,4.497149109823726,clk_core,VALIDATED
145,u_cdc_cmd.rq1_wgray[0]$_DFF_PN0_,4.51,0.94,0.01285089017627302,4.497149109823726,clk_core,VALIDATED
147,u_cdc_cmd.rq2_wgray[1]$_DFF_PN0_,4.51,0.94,0.01285089017627302,4.497149109823726,clk_core,VALIDATED
146,u_cdc_cmd.rq1_wgray[1]$_DFF_PN0_,4.51,0.94,0.01285089017627302,4.497149109823726,clk_core,VALIDATED
151,u_cdc_cmd.rd_empty$_DFF_PN1_,4.51,0.94,0.012839531637392404,4.497160468362607,clk_core,VALIDATED
152,u_cdc_cmd.rgray[1]$_DFF_PN0_,4.51,0.93,0.012714178578653111,4.497285821421347,clk_core,VALIDATED
161,g_chan[1].u_cdc_chr.rbin[2]$_DFF_PN0_,4.52,0.92,0.013856194254417711,4.506143805745582,clk_core,VALIDATED
158,g_chan[1].u_cdc_chr.rbin[0]$_DFF_PN0_,4.52,0.92,0.013856194254417711,4.506143805745582,clk_core,VALIDATED
163,g_chan[1].u_cdc_chr.rgray[2]$_DFF_PN0_,4.52,0.92,0.013856194254417711,4.506143805745582,clk_core,VALIDATED
167,g_chan[1].u_cdc_chr.rq1_wgray[2]$_DFF_PN0_,4.52,0.92,0.013856194254417711,4.506143805745582,clk_core,VALIDATED
166,g_chan[1].u_cdc_chr.rq2_wgray[3]$_DFF_PN0_,4.52,0.92,0.013856194254417711,4.506143805745582,clk_core,VALIDATED
162,g_chan[1].u_cdc_chr.rbin[4]$_DFF_PN0_,4.52,0.92,0.013856194254417711,4.506143805745582,clk_core,VALIDATED
169,g_chan[1].u_cdc_chr.rq2_wgray[2]$_DFF_PN0_,4.52,0.92,0.013856194254417711,4.506143805745582,clk_core,VALIDATED
164,g_chan[1].u_cdc_chr.rq2_wgray[4]$_DFF_PN0_,4.52,0.92,0.013856194254417711,4.506143805745582,clk_core,VALIDATED
168,g_chan[1].u_cdc_chr.rgray[3]$_DFF_PN0_,4.52,0.92,0.013856194254417711,4.506143805745582,clk_core,VALIDATED
165,u_dma_fabric.rr_ptr$_DFFE_PN0P_,4.52,0.92,0.013844548241401203,4.506155451758598,clk_core,VALIDATED
159,g_chan[1].u_cdc_chr.rgray[0]$_DFF_PN0_,4.52,0.92,0.013814327222832344,4.506185672777168,clk_core,VALIDATED
160,g_chan[1].u_cdc_chr.rq1_wgray[0]$_DFF_PN0_,4.52,0.92,0.013814327222832344,4.506185672777168,clk_core,VALIDATED
173,g_chan[1].u_cdc_chr.rgray[1]$_DFF_PN0_,4.52,0.91,0.01366417149214931,4.50633582850785,clk_core,VALIDATED
172,g_chan[1].u_cdc_chr.rq1_wgray[1]$_DFF_PN0_,4.52,0.91,0.01366417149214931,4.50633582850785,clk_core,VALIDATED
171,g_chan[1].u_cdc_chr.rq2_wgray[1]$_DFF_PN0_,4.52,0.91,0.01366417149214931,4.50633582850785,clk_core,VALIDATED
170,g_chan[1].u_cdc_chr.rq1_wgray[3]$_DFF_PN0_,4.52,0.91,0.01366417149214931,4.50633582850785,clk_core,VALIDATED
174,u_seq_core.addr_q[26]$_DFFE_PN0P_,4.55,0.88,0.012378688137459404,4.537621311862541,clk_core,VALIDATED
175,u_seq_core.addr_q[7]$_DFFE_PN0P_,4.55,0.88,0.012378688137459404,4.537621311862541,clk_core,VALIDATED
177,u_seq_core.addr_q[8]$_DFFE_PN0P_,4.55,0.88,0.012373570029710054,4.53762642997029,clk_core,VALIDATED
176,u_seq_core.addr_q[6]$_DFFE_PN0P_,4.55,0.88,0.012373570029710054,4.53762642997029,clk_core,VALIDATED
179,u_seq_core.addr_q[31]$_DFFE_PN0P_,4.55,0.88,0.012373570029710054,4.53762642997029,clk_core,VALIDATED
178,u_seq_core.addr_q[9]$_DFFE_PN0P_,4.55,0.88,0.012373570029710054,4.53762642997029,clk_core,VALIDATED
182,u_seq_core.addr_q[21]$_DFFE_PN0P_,4.56,0.88,0.012409821106992888,4.547590178893007,clk_core,VALIDATED
180,u_seq_core.addr_q[20]$_DFFE_PN0P_,4.56,0.88,0.012373570029710054,4.54762642997029,clk_core,VALIDATED
181,u_seq_core.addr_q[2]$_DFFE_PN0P_,4.56,0.88,0.012373570029710054,4.54762642997029,clk_core,VALIDATED
183,c_cmd_addr[7]$_DFFE_PN0N_,4.57,0.88,0.012013046659382874,4.557986953340618,clk_core,VALIDATED
185,c_cmd_addr[9]$_DFFE_PN0N_,4.57,0.88,0.012013046659382874,4.557986953340618,clk_core,VALIDATED
184,c_cmd_addr[6]$_DFFE_PN0N_,4.57,0.88,0.012013046659382874,4.557986953340618,clk_core,VALIDATED
186,c_cmd_addr[8]$_DFFE_PN0N_,4.57,0.88,0.011989213989092633,4.558010786010907,clk_core,VALIDATED
198,g_chan[0].u_cdc_chw.wq1_rgray[3]$_DFF_PN0_,4.59,0.83,0.01231924063395174,4.577680759366048,clk_core,VALIDATED
196,g_chan[0].u_cdc_chw.wq2_rgray[3]$_DFF_PN0_,4.59,0.83,0.01231924063395174,4.577680759366048,clk_core,VALIDATED
197,g_chan[0].u_cdc_chw.wq2_rgray[1]$_DFF_PN0_,4.59,0.83,0.01231924063395174,4.577680759366048,clk_core,VALIDATED
200,g_chan[0].u_cdc_chw.wq1_rgray[1]$_DFF_PN0_,4.59,0.83,0.01231924063395174,4.577680759366048,clk_core,VALIDATED
202,g_chan[0].u_cdc_chw.wq2_rgray[4]$_DFF_PN0_,4.59,0.83,0.01231924063395174,4.577680759366048,clk_core,VALIDATED
201,g_chan[0].u_cdc_chw.wq1_rgray[4]$_DFF_PN0_,4.59,0.83,0.01231924063395174,4.577680759366048,clk_core,VALIDATED
199,g_chan[0].u_cdc_chw.wq1_rgray[2]$_DFF_PN0_,4.59,0.83,0.01231924063395174,4.577680759366048,clk_core,VALIDATED
195,g_chan[0].u_cdc_chw.wq2_rgray[2]$_DFF_PN0_,4.59,0.83,0.01231924063395174,4.577680759366048,clk_core,VALIDATED
194,g_chan[0].u_cdc_chcmd.wq1_rgray[1]$_DFF_PN0_,4.59,0.84,0.011947899398151156,4.578052100601849,clk_core,VALIDATED
187,g_chan[0].u_cdc_chcmd.wr_full$_DFF_PN0_,4.59,0.84,0.011947899398151156,4.578052100601849,clk_core,VALIDATED
189,g_chan[0].u_cdc_chcmd.wgray[0]$_DFF_PN0_,4.59,0.84,0.011947899398151156,4.578052100601849,clk_core,VALIDATED
190,g_chan[0].u_cdc_chcmd.wbin[4]$_DFF_PN0_,4.59,0.84,0.011947899398151156,4.578052100601849,clk_core,VALIDATED
193,g_chan[0].u_cdc_chcmd.wq2_rgray[1]$_DFF_PN0_,4.59,0.84,0.011947899398151156,4.578052100601849,clk_core,VALIDATED
192,g_chan[0].u_cdc_chcmd.wbin[3]$_DFF_PN0_,4.59,0.84,0.011938141877816048,4.578061858122184,clk_core,VALIDATED
191,g_chan[0].u_cdc_chcmd.wgray[1]$_DFF_PN0_,4.59,0.84,0.011938141877816048,4.578061858122184,clk_core,VALIDATED
188,u_seq_core.done$_DFFE_PN0P_,4.59,0.84,0.011933666779532025,4.578066333220468,clk_core,VALIDATED
203,u_ecc_engine.vpipe[1]$_DFF_PN0_,4.59,0.84,0.011926933044043533,4.578073066955956,clk_core,VALIDATED
204,u_ecc_engine.vpipe[0]$_DFF_PN0_,4.59,0.84,0.011926933044043533,4.578073066955956,clk_core,VALIDATED
206,u_ecc_engine.vpipe[2]$_DFF_PN0_,4.59,0.84,0.011926933044043533,4.578073066955956,clk_core,VALIDATED
207,u_seq_core.ch_cmd_valid$_DFF_PN0_,4.59,0.84,0.011922945286358316,4.578077054713641,clk_core,VALIDATED
205,u_seq_core.ecc_en_q$_DFFE_PN0P_,4.59,0.84,0.011912223793184608,4.578087776206815,clk_core,VALIDATED
219,g_chan[0].u_cdc_chw.wq2_rgray[0]$_DFF_PN0_,4.6,0.83,0.012399735951803097,4.587600264048197,clk_core,VALIDATED
220,g_chan[0].u_cdc_chw.wbin[0]$_DFF_PN0_,4.6,0.83,0.01234397856793426,4.587656021432065,clk_core,VALIDATED
222,g_chan[0].u_cdc_chw.wq1_rgray[0]$_DFF_PN0_,4.6,0.83,0.01234397856793426,4.587656021432065,clk_core,VALIDATED
225,g_chan[0].u_cdc_chw.wbin[4]$_DFF_PN0_,4.6,0.83,0.01234397856793426,4.587656021432065,clk_core,VALIDATED
223,g_chan[0].u_cdc_chw.wgray[0]$_DFF_PN0_,4.6,0.83,0.01234397856793426,4.587656021432065,clk_core,VALIDATED
224,g_chan[0].u_cdc_chw.wgray[1]$_DFF_PN0_,4.6,0.83,0.01234397856793426,4.587656021432065,clk_core,VALIDATED
221,g_chan[0].u_cdc_chw.wbin[1]$_DFF_PN0_,4.6,0.83,0.01234397856793426,4.587656021432065,clk_core,VALIDATED
208,g_chan[0].u_cdc_chw.wgray[3]$_DFF_PN0_,4.6,0.83,0.012310536690014792,4.587689463309985,clk_core,VALIDATED
209,g_chan[0].u_cdc_chw.wgray[2]$_DFF_PN0_,4.6,0.83,0.012310536690014792,4.587689463309985,clk_core,VALIDATED
211,c_cmd_chan$_DFFE_PN0N_,4.6,0.84,0.011534683639900713,4.588465316360099,clk_core,VALIDATED
214,c_cmd_ecc_en$_DFFE_PN0N_,4.6,0.84,0.011530613461828876,4.588469386538171,clk_core,VALIDATED
216,c_cmd_opcode[2]$_DFFE_PN0N_,4.6,0.84,0.011526988036050123,4.588473011963949,clk_core,VALIDATED
217,c_cmd_opcode[1]$_DFFE_PN0N_,4.6,0.84,0.011526988036050123,4.588473011963949,clk_core,VALIDATED
213,c_cmd_opcode[4]$_DFFE_PN0N_,4.6,0.84,0.011526988036050123,4.588473011963949,clk_core,VALIDATED
210,c_cmd_chmask[1]$_DFFE_PN0N_,4.6,0.84,0.011526988036050123,4.588473011963949,clk_core,VALIDATED
212,c_cmd_chmask[0]$_DFFE_PN0N_,4.6,0.84,0.011526988036050123,4.588473011963949,clk_core,VALIDATED
215,c_cmd_opcode[0]$_DFFE_PN0N_,4.6,0.84,0.011526988036050123,4.588473011963949,clk_core,VALIDATED
218,c_cmd_addr[17]$_DFFE_PN0N_,4.6,0.84,0.011526988036050123,4.588473011963949,clk_core,VALIDATED
226,g_chan[0].u_cdc_chw.wbin[2]$_DFF_PN0_,4.61,0.83,0.0122791592076507,4.597720840792349,clk_core,VALIDATED
227,g_chan[0].u_cdc_chw.wbin[3]$_DFF_PN0_,4.61,0.83,0.0122791592076507,4.597720840792349,clk_core,VALIDATED
228,u_cdc_wbeat.rbin[0]$_DFF_PN0_,4.61,0.82,0.011827614487650406,4.59817238551235,clk_core,VALIDATED
229,u_cdc_wbeat.rbin[1]$_DFF_PN0_,4.61,0.82,0.011827614487650406,4.59817238551235,clk_core,VALIDATED
230,u_cdc_wbeat.rbin[3]$_DFF_PN0_,4.61,0.82,0.011827614487650406,4.59817238551235,clk_core,VALIDATED
231,u_cdc_wbeat.rbin[2]$_DFF_PN0_,4.61,0.82,0.011827614487650406,4.59817238551235,clk_core,VALIDATED
232,u_cdc_wbeat.rbin[4]$_DFF_PN0_,4.61,0.82,0.011827614487650406,4.59817238551235,clk_core,VALIDATED
233,g_chan[1].u_cdc_chw.wq2_rgray[4]$_DFF_PN0_,4.61,0.82,0.011818609699139705,4.59818139030086,clk_core,VALIDATED
235,g_chan[1].u_cdc_chw.wq1_rgray[0]$_DFF_PN0_,4.61,0.82,0.011818609699139705,4.59818139030086,clk_core,VALIDATED
234,g_chan[1].u_cdc_chw.wq1_rgray[4]$_DFF_PN0_,4.61,0.82,0.011802774884516469,4.5981972251154835,clk_core,VALIDATED
236,u_cdc_wbeat.rq1_wgray[1]$_DFF_PN0_,4.62,0.82,0.011673648926315977,4.608326351073684,clk_core,VALIDATED
237,u_cdc_wbeat.rq2_wgray[2]$_DFF_PN0_,4.62,0.82,0.011673648926315977,4.608326351073684,clk_core,VALIDATED
238,u_cdc_wbeat.rgray[2]$_DFF_PN0_,4.62,0.82,0.011673648926315977,4.608326351073684,clk_core,VALIDATED
239,u_cdc_wbeat.rq2_wgray[1]$_DFF_PN0_,4.62,0.82,0.011673648926315977,4.608326351073684,clk_core,VALIDATED
240,u_cdc_wbeat.rgray[1]$_DFF_PN0_,4.62,0.82,0.011673648926315977,4.608326351073684,clk_core,VALIDATED
241,u_cdc_wbeat.rq1_wgray[2]$_DFF_PN0_,4.62,0.82,0.011673648926315977,4.608326351073684,clk_core,VALIDATED
242,u_cdc_wbeat.rq2_wgray[3]$_DFF_PN0_,4.62,0.82,0.011673648926315977,4.608326351073684,clk_core,VALIDATED
243,u_cdc_wbeat.rgray[3]$_DFF_PN0_,4.62,0.82,0.011673648926315977,4.608326351073684,clk_core,VALIDATED
244,u_cdc_wbeat.rgray[0]$_DFF_PN0_,4.62,0.82,0.011673648926315977,4.608326351073684,clk_core,VALIDATED
246,u_cdc_wbeat.rq1_wgray[0]$_DFF_PN0_,4.62,0.82,0.011673648926315977,4.608326351073684,clk_core,VALIDATED
249,u_cdc_wbeat.rq1_wgray[3]$_DFF_PN0_,4.62,0.82,0.011673648926315977,4.608326351073684,clk_core,VALIDATED
248,u_cdc_wbeat.rq1_wgray[4]$_DFF_PN0_,4.62,0.82,0.011673648926315977,4.608326351073684,clk_core,VALIDATED
251,u_cdc_wbeat.rq2_wgray[4]$_DFF_PN0_,4.62,0.82,0.011673648926315977,4.608326351073684,clk_core,VALIDATED
250,u_cdc_wbeat.rq2_wgray[0]$_DFF_PN0_,4.62,0.82,0.011673648926315977,4.608326351073684,clk_core,VALIDATED
247,u_seq_core.op_q[3]$_DFFE_PN0P_,4.62,0.82,0.011670372213860143,4.60832962778614,clk_core,VALIDATED
245,u_seq_core.op_q[1]$_DFFE_PN0P_,4.62,0.82,0.011670372213860143,4.60832962778614,clk_core,VALIDATED
254,g_chan[0].u_cdc_chw.wr_full$_DFF_PN0_,4.63,0.81,0.01165495587727712,4.618345044122723,clk_core,VALIDATED
252,u_seq_core.chan_q$_DFFE_PN0P_,4.63,0.81,0.01164396679353577,4.618356033206464,clk_core,VALIDATED
253,g_chan[1].u_cdc_chw.wr_full$_DFF_PN0_,4.63,0.81,0.011643696767725177,4.618356303232274,clk_core,VALIDATED
255,u_cdc_wbeat.rd_empty$_DFF_PN1_,4.63,0.81,0.011525446534842103,4.618474553465158,clk_core,VALIDATED
256,g_chan[0].u_cdc_chcmd.wq1_rgray[3]$_DFF_PN0_,4.64,0.81,0.01151978922454544,4.628480210775455,clk_core,VALIDATED
257,u_seq_core.mask_q[0]$_DFFE_PN0P_,4.64,0.81,0.01151978922454544,4.628480210775455,clk_core,VALIDATED
258,g_chan[0].u_cdc_chcmd.wq1_rgray[2]$_DFF_PN0_,4.64,0.81,0.01151978922454544,4.628480210775455,clk_core,VALIDATED
259,u_seq_core.mask_q[1]$_DFFE_PN0P_,4.64,0.81,0.01151978922454544,4.628480210775455,clk_core,VALIDATED
260,u_seq_core.op_q[4]$_DFFE_PN0P_,4.64,0.81,0.01151978922454544,4.628480210775455,clk_core,VALIDATED
261,u_seq_core.op_q[5]$_DFFE_PN0P_,4.64,0.8,0.01137756960448938,4.62862243039551,clk_core,VALIDATED
262,u_seq_core.op_q[2]$_DFFE_PN0P_,4.64,0.8,0.01137756960448938,4.62862243039551,clk_core,VALIDATED
275,u_seq_core.beats_left[15]$_DFFE_PN0P_,4.65,0.8,0.011308965291299669,4.6386910347087005,clk_core,VALIDATED
285,u_seq_core.beats_left[18]$_DFFE_PN0P_,4.65,0.8,0.011301298210306392,4.638698701789694,clk_core,VALIDATED
283,u_seq_core.beats_left[24]$_DFFE_PN0P_,4.65,0.8,0.011301298210306392,4.638698701789694,clk_core,VALIDATED
287,u_seq_core.beats_left[17]$_DFFE_PN0P_,4.65,0.8,0.011301298210306392,4.638698701789694,clk_core,VALIDATED
282,u_seq_core.beats_left[23]$_DFFE_PN0P_,4.65,0.8,0.011301298210306392,4.638698701789694,clk_core,VALIDATED
290,u_seq_core.beats_left[16]$_DFFE_PN0P_,4.65,0.8,0.011301298210306392,4.638698701789694,clk_core,VALIDATED
264,u_seq_core.beats_left[19]$_DFFE_PN0P_,4.65,0.8,0.01129147670673291,4.638708523293268,clk_core,VALIDATED
281,u_seq_core.addr_q[30]$_DFFE_PN0P_,4.65,0.79,0.011194165432684693,4.638805834567315,clk_core,VALIDATED
279,u_seq_core.addr_q[4]$_DFFE_PN0P_,4.65,0.79,0.011194165432684693,4.638805834567315,clk_core,VALIDATED
265,u_seq_core.addr_q[1]$_DFFE_PN0P_,4.65,0.79,0.011193941073299206,4.6388060589267015,clk_core,VALIDATED
263,u_seq_core.addr_q[25]$_DFFE_PN0P_,4.65,0.79,0.011193941073299206,4.6388060589267015,clk_core,VALIDATED
270,u_seq_core.addr_q[17]$_DFFE_PN0P_,4.65,0.79,0.011193941073299206,4.6388060589267015,clk_core,VALIDATED
267,u_seq_core.beats_left[1]$_DFFE_PN0P_,4.65,0.79,0.011193941073299206,4.6388060589267015,clk_core,VALIDATED
266,u_seq_core.addr_q[18]$_DFFE_PN0P_,4.65,0.79,0.011193941073299206,4.6388060589267015,clk_core,VALIDATED
288,u_seq_core.addr_q[10]$_DFFE_PN0P_,4.65,0.79,0.011175701912704956,4.638824298087296,clk_core,VALIDATED
286,u_seq_core.addr_q[3]$_DFFE_PN0P_,4.65,0.79,0.011175701912704956,4.638824298087296,clk_core,VALIDATED
289,u_seq_core.addr_q[5]$_DFFE_PN0P_,4.65,0.79,0.011175701912704956,4.638824298087296,clk_core,VALIDATED
291,u_seq_core.addr_q[27]$_DFFE_PN0P_,4.65,0.79,0.011175701912704956,4.638824298087296,clk_core,VALIDATED
294,u_seq_core.addr_q[11]$_DFFE_PN0P_,4.65,0.79,0.011175701912704956,4.638824298087296,clk_core,VALIDATED
295,u_seq_core.beats_left[2]$_DFFE_PN0P_,4.65,0.79,0.011175566099269202,4.638824433900731,clk_core,VALIDATED
276,u_seq_core.beats_left[5]$_DFFE_PN0P_,4.65,0.79,0.011167603225158376,4.638832396774842,clk_core,VALIDATED
278,u_seq_core.beats_left[0]$_DFFE_PN0P_,4.65,0.79,0.011167603225158376,4.638832396774842,clk_core,VALIDATED
277,u_seq_core.beats_left[14]$_DFFE_PN0P_,4.65,0.79,0.011167603225158376,4.638832396774842,clk_core,VALIDATED
269,u_seq_core.beats_left[7]$_DFFE_PN0P_,4.65,0.79,0.011166863116981805,4.638833136883019,clk_core,VALIDATED
271,u_seq_core.beats_left[6]$_DFFE_PN0P_,4.65,0.79,0.011166863116981805,4.638833136883019,clk_core,VALIDATED
268,u_seq_core.beats_left[4]$_DFFE_PN0P_,4.65,0.79,0.011166863116981805,4.638833136883019,clk_core,VALIDATED
274,u_seq_core.beats_left[3]$_DFFE_PN0P_,4.65,0.79,0.011166863116981805,4.638833136883019,clk_core,VALIDATED
272,u_seq_core.op_q[6]$_DFFE_PN0P_,4.65,0.79,0.011166863116981805,4.638833136883019,clk_core,VALIDATED
298,u_seq_core.beats_left[11]$_DFFE_PN0P_,4.65,0.79,0.011152542344583127,4.638847457655417,clk_core,VALIDATED
299,u_seq_core.beats_left[10]$_DFFE_PN0P_,4.65,0.79,0.011147211387275868,4.638852788612724,clk_core,VALIDATED
300,u_seq_core.beats_left[9]$_DFFE_PN0P_,4.65,0.79,0.011147211387275868,4.638852788612724,clk_core,VALIDATED
301,u_seq_core.beats_left[8]$_DFFE_PN0P_,4.65,0.79,0.011147211387275868,4.638852788612724,clk_core,VALIDATED
302,u_seq_core.addr_q[19]$_DFFE_PN0P_,4.65,0.79,0.011145444338118704,4.638854555661881,clk_core,VALIDATED
280,u_seq_core.addr_q[14]$_DFFE_PN0P_,4.65,0.79,0.011136614440142273,4.638863385559858,clk_core,VALIDATED
273,u_seq_core.addr_q[22]$_DFFE_PN0P_,4.65,0.79,0.011136614440142273,4.638863385559858,clk_core,VALIDATED
284,u_seq_core.addr_q[23]$_DFFE_PN0P_,4.65,0.79,0.011136614440142273,4.638863385559858,clk_core,VALIDATED
296,u_seq_core.beats_left[12]$_DFFE_PN0P_,4.65,0.79,0.011135272367323465,4.638864727632677,clk_core,VALIDATED
292,u_seq_core.beats_left[20]$_DFFE_PN0P_,4.65,0.79,0.011135272367323465,4.638864727632677,clk_core,VALIDATED
293,u_seq_core.beats_left[13]$_DFFE_PN0P_,4.65,0.79,0.011135272367323465,4.638864727632677,clk_core,VALIDATED
297,u_seq_core.beats_left[31]$_DFFE_PN0P_,4.65,0.79,0.011135272367323465,4.638864727632677,clk_core,VALIDATED
303,c_cmd_addr[12]$_DFFE_PN0N_,4.66,0.79,0.010818512024133912,4.649181487975866,clk_core,VALIDATED
304,c_cmd_addr[15]$_DFFE_PN0N_,4.66,0.79,0.010818512024133912,4.649181487975866,clk_core,VALIDATED
305,c_cmd_addr[1]$_DFFE_PN0N_,4.66,0.79,0.010818512024133912,4.649181487975866,clk_core,VALIDATED
306,c_cmd_addr[18]$_DFFE_PN0N_,4.66,0.79,0.010818512024133912,4.649181487975866,clk_core,VALIDATED
307,c_cmd_addr[13]$_DFFE_PN0N_,4.66,0.79,0.010818512024133912,4.649181487975866,clk_core,VALIDATED
308,c_cmd_addr[16]$_DFFE_PN0N_,4.66,0.79,0.010814733746474271,4.649185266253526,clk_core,VALIDATED
309,c_cmd_opcode[7]$_DFFE_PN0N_,4.66,0.79,0.010797803313342937,4.649202196686657,clk_core,VALIDATED
310,c_cmd_opcode[5]$_DFFE_PN0N_,4.66,0.79,0.010797803313342937,4.649202196686657,clk_core,VALIDATED
311,c_cmd_addr[19]$_DFFE_PN0N_,4.66,0.79,0.010797803313342937,4.649202196686657,clk_core,VALIDATED
312,c_cmd_addr[0]$_DFFE_PN0N_,4.66,0.79,0.010797803313342937,4.649202196686657,clk_core,VALIDATED
313,c_cmd_opcode[6]$_DFFE_PN0N_,4.66,0.79,0.010787662172544128,4.649212337827456,clk_core,VALIDATED
314,c_cmd_addr[14]$_DFFE_PN0N_,4.67,0.79,0.010787662172544128,4.659212337827456,clk_core,VALIDATED
315,c_cmd_addr[2]$_DFFE_PN0N_,4.67,0.79,0.010787662172544128,4.659212337827456,clk_core,VALIDATED
316,c_cmd_opcode[3]$_DFFE_PN0N_,4.67,0.79,0.010787662172544128,4.659212337827456,clk_core,VALIDATED
317,u_seq_core.addr_q[28]$_DFFE_PN0P_,4.69,0.76,0.010784033392874565,4.679215966607126,clk_core,VALIDATED
318,u_seq_core.addr_q[29]$_DFFE_PN0P_,4.73,0.71,0.010107048702384235,4.719892951297616,clk_core,VALIDATED
327,g_chan[0].u_cdc_chcmd.wq2_rgray[4]$_DFF_PN0_,4.74,0.7,0.009961054450081046,4.730038945549919,clk_core,VALIDATED
319,g_chan[0].u_cdc_chcmd.wgray[2]$_DFF_PN0_,4.74,0.7,0.009961054450081046,4.730038945549919,clk_core,VALIDATED
324,g_chan[0].u_cdc_chcmd.wq1_rgray[4]$_DFF_PN0_,4.74,0.7,0.009961054450081046,4.730038945549919,clk_core,VALIDATED
322,g_chan[0].u_cdc_chcmd.wgray[3]$_DFF_PN0_,4.74,0.7,0.009961054450081046,4.730038945549919,clk_core,VALIDATED
329,g_chan[0].u_cdc_chcmd.wbin[2]$_DFF_PN0_,4.74,0.7,0.009952535979947219,4.730047464020053,clk_core,VALIDATED
337,g_chan[0].u_cdc_chcmd.wq2_rgray[2]$_DFF_PN0_,4.74,0.7,0.009951268960279647,4.73004873103972,clk_core,VALIDATED
340,g_chan[0].u_cdc_chcmd.wq1_rgray[0]$_DFF_PN0_,4.74,0.7,0.009951268960279647,4.73004873103972,clk_core,VALIDATED
338,g_chan[0].u_cdc_chcmd.wq2_rgray[3]$_DFF_PN0_,4.74,0.7,0.009951268960279647,4.73004873103972,clk_core,VALIDATED
341,g_chan[0].u_cdc_chcmd.wq2_rgray[0]$_DFF_PN0_,4.74,0.7,0.009951268960279647,4.73004873103972,clk_core,VALIDATED
331,g_chan[0].u_cdc_chcmd.wbin[0]$_DFF_PN0_,4.74,0.7,0.00993706926423682,4.730062930735763,clk_core,VALIDATED
339,u_seq_core.op_q[7]$_DFFE_PN0P_,4.74,0.7,0.00993706926423682,4.730062930735763,clk_core,VALIDATED
330,g_chan[0].u_cdc_chcmd.wbin[1]$_DFF_PN0_,4.74,0.7,0.00993706926423682,4.730062930735763,clk_core,VALIDATED
323,c_cmd_addr[27]$_DFFE_PN0N_,4.74,0.71,0.009766768309718156,4.730233231690282,clk_core,VALIDATED
321,c_cmd_addr[29]$_DFFE_PN0N_,4.74,0.71,0.009766768309718156,4.730233231690282,clk_core,VALIDATED
320,c_cmd_addr[28]$_DFFE_PN0N_,4.74,0.71,0.009766768309718156,4.730233231690282,clk_core,VALIDATED
328,c_cmd_addr[4]$_DFFE_PN0N_,4.74,0.71,0.009762405478443717,4.730237594521556,clk_core,VALIDATED
336,c_cmd_addr[11]$_DFFE_PN0N_,4.74,0.71,0.009762405478443717,4.730237594521556,clk_core,VALIDATED
335,c_cmd_addr[3]$_DFFE_PN0N_,4.74,0.71,0.009762405478443717,4.730237594521556,clk_core,VALIDATED
326,c_cmd_addr[26]$_DFFE_PN0N_,4.74,0.71,0.009762405478443717,4.730237594521556,clk_core,VALIDATED
325,c_cmd_addr[21]$_DFFE_PN0N_,4.74,0.71,0.009762405478443717,4.730237594521556,clk_core,VALIDATED
332,c_cmd_addr[10]$_DFFE_PN0N_,4.74,0.71,0.009762405478443717,4.730237594521556,clk_core,VALIDATED
333,c_cmd_addr[5]$_DFFE_PN0N_,4.74,0.71,0.009762405478443717,4.730237594521556,clk_core,VALIDATED
334,c_cmd_addr[30]$_DFFE_PN0N_,4.74,0.71,0.009762405478443717,4.730237594521556,clk_core,VALIDATED
342,u_seq_core.state[2]$_DFFE_PN0P_,4.75,0.7,0.00994275049014582,4.740057249509854,clk_core,VALIDATED
344,u_seq_core.state[1]$_DFFE_PN0P_,4.75,0.7,0.00994275049014582,4.740057249509854,clk_core,VALIDATED
345,u_seq_core.state[0]$_DFFE_PN0P_,4.75,0.7,0.00994275049014582,4.740057249509854,clk_core,VALIDATED
361,u_seq_core.addr_q[24]$_DFFE_PN0P_,4.75,0.69,0.009777230648797958,4.7402227693512025,clk_core,VALIDATED
359,u_seq_core.addr_q[13]$_DFFE_PN0P_,4.75,0.69,0.009777230648797958,4.7402227693512025,clk_core,VALIDATED
354,u_seq_core.addr_q[15]$_DFFE_PN0P_,4.75,0.69,0.009770334557032447,4.740229665442968,clk_core,VALIDATED
346,c_cmd_len[15]$_DFFE_PN0N_,4.75,0.71,0.009719958219690836,4.740280041780309,clk_core,VALIDATED
349,c_cmd_len[18]$_DFFE_PN0N_,4.75,0.71,0.009719958219690836,4.740280041780309,clk_core,VALIDATED
343,c_cmd_len[24]$_DFFE_PN0N_,4.75,0.71,0.009719958219690836,4.740280041780309,clk_core,VALIDATED
348,c_cmd_len[17]$_DFFE_PN0N_,4.75,0.71,0.009719958219690836,4.740280041780309,clk_core,VALIDATED
347,c_cmd_len[19]$_DFFE_PN0N_,4.75,0.71,0.009719958219690836,4.740280041780309,clk_core,VALIDATED
360,c_cmd_len[26]$_DFFE_PN0N_,4.75,0.7,0.009624264971818258,4.740375735028182,clk_core,VALIDATED
352,c_cmd_len[12]$_DFFE_PN0N_,4.75,0.7,0.009583057399695068,4.740416942600305,clk_core,VALIDATED
357,c_cmd_len[25]$_DFFE_PN0N_,4.75,0.7,0.009583057399695068,4.740416942600305,clk_core,VALIDATED
358,c_cmd_len[20]$_DFFE_PN0N_,4.75,0.7,0.009583057399695068,4.740416942600305,clk_core,VALIDATED
355,c_cmd_len[23]$_DFFE_PN0N_,4.75,0.7,0.009583057399695068,4.740416942600305,clk_core,VALIDATED
356,c_cmd_len[22]$_DFFE_PN0N_,4.75,0.7,0.009583057399695068,4.740416942600305,clk_core,VALIDATED
351,c_cmd_len[13]$_DFFE_PN0N_,4.75,0.7,0.009583057399695068,4.740416942600305,clk_core,VALIDATED
350,c_cmd_len[14]$_DFFE_PN0N_,4.75,0.7,0.009583057399695068,4.740416942600305,clk_core,VALIDATED
353,c_cmd_len[16]$_DFFE_PN0N_,4.75,0.7,0.009583057399695068,4.740416942600305,clk_core,VALIDATED
363,u_seq_core.addr_q[12]$_DFFE_PN0P_,4.76,0.69,0.009764517022613536,4.750235482977386,clk_core,VALIDATED
365,u_seq_core.addr_q[0]$_DFFE_PN0P_,4.76,0.69,0.009764517022613536,4.750235482977386,clk_core,VALIDATED
369,u_seq_core.addr_q[16]$_DFFE_PN0P_,4.76,0.68,0.009623002283155276,4.750376997716844,clk_core,VALIDATED
362,c_cmd_len[21]$_DFFE_PN0N_,4.76,0.7,0.009595282062435123,4.750404717937565,clk_core,VALIDATED
371,c_cmd_len[28]$_DFFE_PN0N_,4.76,0.7,0.009595282062435123,4.750404717937565,clk_core,VALIDATED
364,c_cmd_len[31]$_DFFE_PN0N_,4.76,0.7,0.009595282062435123,4.750404717937565,clk_core,VALIDATED
366,c_cmd_len[29]$_DFFE_PN0N_,4.76,0.69,0.009486775472220883,4.750513224527779,clk_core,VALIDATED
368,c_cmd_len[27]$_DFFE_PN0N_,4.76,0.69,0.009486775472220883,4.750513224527779,clk_core,VALIDATED
367,c_cmd_addr[20]$_DFFE_PN0N_,4.76,0.69,0.009486775472220883,4.750513224527779,clk_core,VALIDATED
370,c_cmd_addr[31]$_DFFE_PN0N_,4.76,0.69,0.009486775472220883,4.750513224527779,clk_core,VALIDATED
372,c_cmd_len[30]$_DFFE_PN0N_,4.76,0.69,0.009458206604400367,4.750541793395599,clk_core,VALIDATED
373,c_cmd_addr[22]$_DFFE_PN0N_,4.77,0.69,0.009458206604400367,4.760541793395599,clk_core,VALIDATED
374,c_cmd_len[11]$_DFFE_PN0N_,4.77,0.69,0.009458206604400367,4.760541793395599,clk_core,VALIDATED
808,u_host_if.repack_q[2]$_DFFE_PN0P_,6.54,3.69,0.05369005495783499,6.486309945042165,clk_host,VALIDATED
806,u_host_if.repack_q[7]$_DFFE_PN0P_,6.54,3.69,0.05369005495783499,6.486309945042165,clk_host,VALIDATED
804,u_host_if.repack_q[1]$_DFFE_PN0P_,6.54,3.69,0.05369005495783499,6.486309945042165,clk_host,VALIDATED
807,u_host_if.repack_q[5]$_DFFE_PN0P_,6.54,3.69,0.05369005495783499,6.486309945042165,clk_host,VALIDATED
810,u_host_if.repack_q[8]$_DFFE_PN0P_,6.54,3.69,0.05368767019024265,6.486312329809757,clk_host,VALIDATED
812,u_host_if.repack_q[11]$_DFFE_PN0P_,6.54,3.69,0.05368767019024265,6.486312329809757,clk_host,VALIDATED
805,u_host_if.repack_q[9]$_DFFE_PN0P_,6.54,3.69,0.0536852854226503,6.486314714577349,clk_host,VALIDATED
811,u_host_if.repack_q[13]$_DFFE_PN0P_,6.54,3.68,0.053388945673142035,6.486611054326858,clk_host,VALIDATED
802,u_host_if.reg_len[11]$_DFFE_PN0P_,6.54,3.7,0.053034109467569646,6.486965890532431,clk_host,VALIDATED
801,u_host_if.reg_len[9]$_DFFE_PN0P_,6.54,3.7,0.05298993612024333,6.487010063879756,clk_host,VALIDATED
803,u_host_if.reg_len[3]$_DFFE_PN0P_,6.54,3.7,0.05241017781466875,6.487589822185331,clk_host,VALIDATED
809,u_host_if.reg_len[0]$_DFFE_PN0P_,6.54,3.7,0.05231310166266781,6.487686898337333,clk_host,VALIDATED
830,u_host_if.repack_q[4]$_DFFE_PN0P_,6.55,3.69,0.053630094581084725,6.4963699054189155,clk_host,VALIDATED
815,u_host_if.repack_q[6]$_DFFE_PN0P_,6.55,3.69,0.05361203964384875,6.496387960356151,clk_host,VALIDATED
832,u_host_if.repack_q[15]$_DFFE_PN0P_,6.55,3.68,0.05356255946175101,6.496437440538249,clk_host,VALIDATED
833,u_host_if.repack_q[3]$_DFFE_PN0P_,6.55,3.68,0.05340695168100881,6.496593048318991,clk_host,VALIDATED
816,u_host_if.reg_len[5]$_DFFE_PN0P_,6.55,3.7,0.052945988193685484,6.4970540118063145,clk_host,VALIDATED
826,u_host_if.reg_len[14]$_DFFE_PN0P_,6.55,3.69,0.05287810855459457,6.497121891445405,clk_host,VALIDATED
823,u_host_if.reg_len[29]$_DFFE_PN0P_,6.55,3.7,0.05286467653558835,6.497135323464412,clk_host,VALIDATED
822,u_host_if.reg_len[26]$_DFFE_PN0P_,6.55,3.7,0.05286467653558835,6.497135323464412,clk_host,VALIDATED
821,u_host_if.reg_len[27]$_DFFE_PN0P_,6.55,3.7,0.05286467653558835,6.497135323464412,clk_host,VALIDATED
814,u_host_if.reg_len[7]$_DFFE_PN0P_,6.55,3.7,0.05285117887270832,6.497148821127292,clk_host,VALIDATED
818,u_host_if.reg_len[8]$_DFFE_PN0P_,6.55,3.7,0.05276005477312182,6.497239945226878,clk_host,VALIDATED
817,u_host_if.reg_len[2]$_DFFE_PN0P_,6.55,3.7,0.05276005477312182,6.497239945226878,clk_host,VALIDATED
825,u_host_if.reg_len[6]$_DFFE_PN0P_,6.55,3.7,0.05274964849773331,6.497250351502267,clk_host,VALIDATED
827,u_host_if.reg_len[20]$_DFFE_PN0P_,6.55,3.69,0.05272629185583583,6.497273708144164,clk_host,VALIDATED
820,u_host_if.reg_len[4]$_DFFE_PN0P_,6.55,3.7,0.05272446631945993,6.49727553368054,clk_host,VALIDATED
831,u_host_if.reg_len[13]$_DFFE_PN0P_,6.55,3.69,0.05267306564384788,6.497326934356152,clk_host,VALIDATED
829,u_host_if.reg_len[21]$_DFFE_PN0P_,6.55,3.69,0.05264598666350309,6.497354013336497,clk_host,VALIDATED
828,u_host_if.reg_len[31]$_DFFE_PN0P_,6.55,3.69,0.05264598666350309,6.497354013336497,clk_host,VALIDATED
819,u_host_if.reg_len[10]$_DFFE_PN0P_,6.55,3.7,0.052567222027206234,6.497432777972794,clk_host,VALIDATED
813,u_host_if.reg_len[1]$_DFFE_PN0P_,6.55,3.7,0.05247604436506634,6.497523955634933,clk_host,VALIDATED
824,u_host_if.reg_len[30]$_DFFE_PN0P_,6.55,3.69,0.05230019355308302,6.497699806446917,clk_host,VALIDATED
837,u_host_if.repack_q[16]$_DFFE_PN0P_,6.56,3.68,0.05348109103277454,6.506518908967225,clk_host,VALIDATED
836,u_host_if.repack_q[10]$_DFFE_PN0P_,6.56,3.68,0.053403287142403444,6.506596712857596,clk_host,VALIDATED
835,u_host_if.repack_q[12]$_DFFE_PN0P_,6.56,3.68,0.053403287142403444,6.506596712857596,clk_host,VALIDATED
838,u_host_if.repack_q[19]$_DFFE_PN0P_,6.56,3.68,0.053399465386034156,6.506600534613965,clk_host,VALIDATED
839,u_host_if.reg_addr[10]$_DFFE_PN0P_,6.56,3.68,0.052805651537583986,6.5071943484624155,clk_host,VALIDATED
840,u_host_if.reg_addr[30]$_DFFE_PN0P_,6.56,3.68,0.052805651537583986,6.5071943484624155,clk_host,VALIDATED
834,u_host_if.reg_len[28]$_DFFE_PN0P_,6.56,3.7,0.05274705471775862,6.507252945282241,clk_host,VALIDATED
843,u_host_if.reg_addr[11]$_DFFE_PN0P_,6.56,3.68,0.052739961502961896,6.507260038497038,clk_host,VALIDATED
844,u_host_if.reg_addr[28]$_DFFE_PN0P_,6.56,3.68,0.052633762880603174,6.507366237119396,clk_host,VALIDATED
841,u_host_if.reg_addr[26]$_DFFE_PN0P_,6.56,3.68,0.05249506918024971,6.50750493081975,clk_host,VALIDATED
842,u_host_if.reg_addr[27]$_DFFE_PN0P_,6.56,3.68,0.05237518554749393,6.507624814452505,clk_host,VALIDATED
845,u_host_if.reg_addr[29]$_DFFE_PN0P_,6.57,3.68,0.052683205480684,6.517316794519316,clk_host,VALIDATED
847,u_host_if.reg_addr[4]$_DFFE_PN0P_,6.57,3.68,0.05259120785332183,6.517408792146679,clk_host,VALIDATED
848,u_host_if.reg_addr[3]$_DFFE_PN0P_,6.57,3.68,0.05256414053538194,6.5174358594646185,clk_host,VALIDATED
846,u_host_if.reg_addr[9]$_DFFE_PN0P_,6.57,3.67,0.05238437774395349,6.517615622256047,clk_host,VALIDATED
850,u_host_if.reg_addr[5]$_DFFE_PN0P_,6.57,3.67,0.05204119957373016,6.51795880042627,clk_host,VALIDATED
849,u_host_if.reg_addr[7]$_DFFE_PN0P_,6.57,3.67,0.051990307866145724,6.518009692133854,clk_host,VALIDATED
853,u_host_if.reg_addr[2]$_DFFE_PN0P_,6.58,3.67,0.05186936235578843,6.528130637644212,clk_host,VALIDATED
851,u_host_if.reg_addr[6]$_DFFE_PN0P_,6.58,3.67,0.05185722926330205,6.528142770736698,clk_host,VALIDATED
852,u_host_if.reg_addr[8]$_DFFE_PN0P_,6.58,3.67,0.05185722926330205,6.528142770736698,clk_host,VALIDATED
855,u_host_if.reg_addr[0]$_DFFE_PN0P_,6.58,3.66,0.05166215305050681,6.528337846949493,clk_host,VALIDATED
854,u_host_if.reg_addr[1]$_DFFE_PN0P_,6.58,3.66,0.05159268594206051,6.528407314057939,clk_host,VALIDATED
857,u_host_if.reg_addr[13]$_DFFE_PN0P_,6.59,3.65,0.051147946597843164,6.538852053402157,clk_host,VALIDATED
886,u_host_if.repack_emit$_DFF_PN0_,6.6,3.62,0.052671544430179684,6.54732845556982,clk_host,VALIDATED
868,s_rdata[17],6.59,0.41,0.008384097720709915,6.58161590227929,clk_host,VALIDATED
871,s_rdata[14],6.59,0.41,0.008384097720709915,6.58161590227929,clk_host,VALIDATED
876,s_rdata[15],6.59,0.41,0.008384097720709915,6.58161590227929,clk_host,VALIDATED
872,s_rvalid,6.59,0.41,0.008324238255087199,6.581675761744913,clk_host,VALIDATED
866,s_rdata[13],6.59,0.41,0.0082047625271095,6.581795237472891,clk_host,VALIDATED
861,s_rdata[12],6.59,0.41,0.0082047625271095,6.581795237472891,clk_host,VALIDATED
862,s_rdata[20],6.59,0.41,0.0082047625271095,6.581795237472891,clk_host,VALIDATED
856,s_rdata[9],6.59,0.41,0.0082047625271095,6.581795237472891,clk_host,VALIDATED
860,s_rdata[19],6.59,0.41,0.008106828391565513,6.581893171608434,clk_host,VALIDATED
864,s_rdata[16],6.59,0.41,0.008106828391565513,6.581893171608434,clk_host,VALIDATED
859,s_rdata[18],6.59,0.41,0.008106828391565513,6.581893171608434,clk_host,VALIDATED
863,s_rdata[11],6.59,0.41,0.008106828391565513,6.581893171608434,clk_host,VALIDATED
858,s_rdata[10],6.59,0.41,0.008106828391565513,6.581893171608434,clk_host,VALIDATED
870,s_rdata[8],6.59,0.41,0.008106828391565513,6.581893171608434,clk_host,VALIDATED
873,s_rdata[7],6.59,0.41,0.00805552005750465,6.5819444799424955,clk_host,VALIDATED
867,s_rdata[6],6.59,0.41,0.008004211723443788,6.581995788276556,clk_host,VALIDATED
874,s_rdata[4],6.59,0.41,0.008004211723443788,6.581995788276556,clk_host,VALIDATED
869,s_rdata[5],6.59,0.41,0.008004211723443788,6.581995788276556,clk_host,VALIDATED
865,s_rdata[3],6.59,0.41,0.007932983318606895,6.582067016681393,clk_host,VALIDATED
877,s_rdata[31],6.59,0.41,0.007932983318606895,6.582067016681393,clk_host,VALIDATED
878,s_rdata[2],6.59,0.41,0.007932983318606895,6.582067016681393,clk_host,VALIDATED
875,s_rdata[21],6.59,0.41,0.007932983318606895,6.582067016681393,clk_host,VALIDATED
890,s_rdata[29],6.6,0.4,0.007693715063977022,6.592306284936023,clk_host,VALIDATED
891,s_rdata[22],6.6,0.4,0.007693715063977022,6.592306284936023,clk_host,VALIDATED
889,s_rdata[24],6.6,0.4,0.007693715063977022,6.592306284936023,clk_host,VALIDATED
879,s_rdata[0],6.6,0.4,0.007666749149546667,6.592333250850453,clk_host,VALIDATED
887,s_rdata[28],6.6,0.4,0.007666749149546667,6.592333250850453,clk_host,VALIDATED
888,s_rdata[30],6.6,0.4,0.007666749149546667,6.592333250850453,clk_host,VALIDATED
880,s_rdata[1],6.6,0.4,0.007666749149546667,6.592333250850453,clk_host,VALIDATED
884,s_rdata[23],6.6,0.4,0.007666749149546667,6.592333250850453,clk_host,VALIDATED
881,s_rdata[25],6.6,0.4,0.007614966912557933,6.592385033087441,clk_host,VALIDATED
885,s_rdata[27],6.6,0.4,0.007603203321949206,6.592396796678051,clk_host,VALIDATED
883,s_rdata[26],6.6,0.4,0.007603203321949206,6.592396796678051,clk_host,VALIDATED
882,s_bvalid,6.6,0.4,0.005685828266839221,6.594314171733161,clk_host,VALIDATED
894,s_arready,6.62,0.38,0.007715147651056423,6.612284852348943,clk_host,VALIDATED
892,s_awready,6.62,0.38,0.0054227121174710985,6.614577287882529,clk_host,VALIDATED
893,s_wready,6.62,0.38,0.0054227121174710985,6.614577287882529,clk_host,VALIDATED
900,u_host_if.reg_len[16]$_DFFE_PN0P_,6.67,3.57,0.0522600665420111,6.6177399334579885,clk_host,VALIDATED
901,u_host_if.reg_len[23]$_DFFE_PN0P_,6.67,3.57,0.0522600665420111,6.6177399334579885,clk_host,VALIDATED
899,u_host_if.reg_len[25]$_DFFE_PN0P_,6.67,3.57,0.0522600665420111,6.6177399334579885,clk_host,VALIDATED
904,u_host_if.reg_len[18]$_DFFE_PN0P_,6.67,3.57,0.052080703791750005,6.61791929620825,clk_host,VALIDATED
903,u_host_if.reg_len[24]$_DFFE_PN0P_,6.67,3.57,0.0520013492336,6.6179986507664,clk_host,VALIDATED
902,u_host_if.reg_len[17]$_DFFE_PN0P_,6.67,3.57,0.0520013492336,6.6179986507664,clk_host,VALIDATED
897,u_host_if.reg_len[19]$_DFFE_PN0P_,6.67,3.57,0.05196746490325971,6.618032535096741,clk_host,VALIDATED
898,u_host_if.reg_len[15]$_DFFE_PN0P_,6.67,3.57,0.05196746490325971,6.618032535096741,clk_host,VALIDATED
905,u_host_if.repack_q[17]$_DFFE_PN0P_,6.67,3.56,0.05174259331300951,6.618257406686991,clk_host,VALIDATED
896,u_host_if.reg_len[12]$_DFFE_PN0P_,6.67,3.57,0.05154363794384592,6.618456362056154,clk_host,VALIDATED
937,u_host_if.s_rdata[14]$_DFFE_PN0P_,6.7,3.54,0.08134911899452874,6.618650881005472,clk_host,VALIDATED
895,u_host_if.reg_len[22]$_DFFE_PN0P_,6.67,3.57,0.05125308093971598,6.618746919060284,clk_host,VALIDATED
909,u_host_if.repack_q[23]$_DFFE_PN0P_,6.68,3.57,0.052220701397706126,6.627779298602293,clk_host,VALIDATED
911,u_host_if.repack_q[25]$_DFFE_PN0P_,6.68,3.57,0.052209204712203694,6.627790795287796,clk_host,VALIDATED
910,u_host_if.repack_q[24]$_DFFE_PN0P_,6.68,3.57,0.05219802478965935,6.627801975210341,clk_host,VALIDATED
908,u_host_if.repack_q[20]$_DFFE_PN0P_,6.68,3.57,0.05219802478965935,6.627801975210341,clk_host,VALIDATED
915,u_host_if.repack_q[31]$_DFFE_PN0P_,6.68,3.57,0.05219802478965935,6.627801975210341,clk_host,VALIDATED
913,u_host_if.repack_q[21]$_DFFE_PN0P_,6.68,3.57,0.05211952333707315,6.627880476662926,clk_host,VALIDATED
917,u_host_if.repack_q[22]$_DFFE_PN0P_,6.68,3.56,0.05188505852678055,6.6281149414732194,clk_host,VALIDATED
921,u_host_if.repack_q[14]$_DFFE_PN0P_,6.68,3.56,0.05181537218323351,6.628184627816767,clk_host,VALIDATED
925,u_host_if.repack_q[27]$_DFFE_PN0P_,6.68,3.56,0.05181537218323351,6.628184627816767,clk_host,VALIDATED
918,u_host_if.repack_q[29]$_DFFE_PN0P_,6.68,3.56,0.05181537218323351,6.628184627816767,clk_host,VALIDATED
919,u_host_if.repack_q[18]$_DFFE_PN0P_,6.68,3.56,0.05181537218323351,6.628184627816767,clk_host,VALIDATED
914,u_host_if.repack_q[30]$_DFFE_PN0P_,6.68,3.56,0.051733253841759974,6.62826674615824,clk_host,VALIDATED
907,u_host_if.repack_q[26]$_DFFE_PN0P_,6.68,3.56,0.051733253841759974,6.62826674615824,clk_host,VALIDATED
906,u_host_if.repack_q[28]$_DFFE_PN0P_,6.68,3.56,0.051733253841759974,6.62826674615824,clk_host,VALIDATED
916,u_host_if.repack_q[0]$_DFFE_PN0P_,6.68,3.56,0.051702859604800755,6.628297140395199,clk_host,VALIDATED
938,u_host_if.s_rdata[15]$_DFFE_PN0P_,6.71,3.54,0.08134911899452874,6.628650881005472,clk_host,VALIDATED
940,u_host_if.s_rdata[17]$_DFFE_PN0P_,6.71,3.54,0.08134911899452874,6.628650881005472,clk_host,VALIDATED
912,u_host_if.reg_addr[23]$_DFFE_PN0P_,6.68,3.56,0.05104128627446275,6.628958713725537,clk_host,VALIDATED
920,u_host_if.reg_addr[20]$_DFFE_PN0P_,6.68,3.56,0.05085820109574285,6.629141798904257,clk_host,VALIDATED
924,u_host_if.reg_addr[14]$_DFFE_PN0P_,6.68,3.56,0.05083181106972917,6.6291681889302705,clk_host,VALIDATED
927,u_host_if.reg_addr[22]$_DFFE_PN0P_,6.68,3.56,0.050794012303507996,6.6292059876964915,clk_host,VALIDATED
923,u_host_if.reg_addr[31]$_DFFE_PN0P_,6.68,3.56,0.050664511065455275,6.629335488934545,clk_host,VALIDATED
922,u_host_if.reg_addr[21]$_DFFE_PN0P_,6.68,3.56,0.050664511065455275,6.629335488934545,clk_host,VALIDATED
926,u_host_if.reg_addr[19]$_DFFE_PN0P_,6.68,3.56,0.05058246211168904,6.629417537888311,clk_host,VALIDATED
941,u_host_if.s_rdata[13]$_DFFE_PN0P_,6.71,3.54,0.08038136505345339,6.629618634946547,clk_host,VALIDATED
942,u_host_if.s_rdata[9]$_DFFE_PN0P_,6.71,3.54,0.08038136505345339,6.629618634946547,clk_host,VALIDATED
943,u_host_if.s_rdata[20]$_DFFE_PN0P_,6.71,3.54,0.08038136505345339,6.629618634946547,clk_host,VALIDATED
939,u_host_if.s_rdata[12]$_DFFE_PN0P_,6.71,3.54,0.08038136505345339,6.629618634946547,clk_host,VALIDATED
944,u_host_if.s_rdata[10]$_DFFE_PN0P_,6.71,3.54,0.08020520304134682,6.629794796958653,clk_host,VALIDATED
945,u_host_if.s_rdata[11]$_DFFE_PN0P_,6.71,3.54,0.07985287901713367,6.630147120982866,clk_host,VALIDATED
946,u_host_if.s_rdata[8]$_DFFE_PN0P_,6.71,3.54,0.07985287901713367,6.630147120982866,clk_host,VALIDATED
947,u_host_if.s_rdata[7]$_DFFE_PN0P_,6.71,3.54,0.07948370929645188,6.630516290703548,clk_host,VALIDATED
948,u_host_if.s_rdata[5]$_DFFE_PN0P_,6.71,3.54,0.07929912443611098,6.630700875563889,clk_host,VALIDATED
949,u_host_if.s_rdata[6]$_DFFE_PN0P_,6.71,3.54,0.07929912443611098,6.630700875563889,clk_host,VALIDATED
950,u_host_if.s_rdata[4]$_DFFE_PN0P_,6.71,3.54,0.07904287590651482,6.630957124093485,clk_host,VALIDATED
951,u_host_if.s_rdata[3]$_DFFE_PN0P_,6.71,3.53,0.07869182861448037,6.63130817138552,clk_host,VALIDATED
952,u_host_if.s_rdata[2]$_DFFE_PN0P_,6.71,3.53,0.07869182861448037,6.63130817138552,clk_host,VALIDATED
928,u_host_if.reg_chmask[1]$_DFFE_PN0P_,6.69,3.54,0.05155598263341449,6.638444017366586,clk_host,VALIDATED
929,u_host_if.reg_chmask[0]$_DFFE_PN0P_,6.69,3.54,0.05155598263341449,6.638444017366586,clk_host,VALIDATED
930,u_host_if.reg_addr[17]$_DFFE_PN0P_,6.69,3.54,0.05151100905400141,6.638488990945999,clk_host,VALIDATED
931,u_host_if.reg_addr[15]$_DFFE_PN0P_,6.69,3.54,0.05151100905400141,6.638488990945999,clk_host,VALIDATED
955,u_host_if.s_rdata[18]$_DFFE_PN0P_,6.72,3.53,0.07962730591256556,6.640372694087434,clk_host,VALIDATED
954,u_host_if.s_rdata[19]$_DFFE_PN0P_,6.72,3.53,0.07962730591256556,6.640372694087434,clk_host,VALIDATED
953,u_host_if.s_rdata[16]$_DFFE_PN0P_,6.72,3.53,0.07962730591256556,6.640372694087434,clk_host,VALIDATED
956,u_host_if.s_rdata[31]$_DFFE_PN0P_,6.72,3.53,0.07869182861448037,6.6413081713855195,clk_host,VALIDATED
957,u_host_if.s_rdata[21]$_DFFE_PN0P_,6.72,3.52,0.07846890558724451,6.6415310944127555,clk_host,VALIDATED
932,u_host_if.reg_addr[12]$_DFFE_PN0P_,6.7,3.54,0.0515326602998738,6.648467339700126,clk_host,VALIDATED
934,u_host_if.reg_addr[16]$_DFFE_PN0P_,6.7,3.54,0.051528253891360565,6.64847174610864,clk_host,VALIDATED
933,u_host_if.reg_addr[25]$_DFFE_PN0P_,6.7,3.54,0.051528253891360565,6.64847174610864,clk_host,VALIDATED
936,u_host_if.reg_addr[24]$_DFFE_PN0P_,6.7,3.54,0.05152384748284733,6.648476152517153,clk_host,VALIDATED
935,u_host_if.reg_addr[18]$_DFFE_PN0P_,6.7,3.54,0.05152384748284733,6.648476152517153,clk_host,VALIDATED
958,u_host_if.reg_chan$_DFFE_PN0P_,6.74,3.49,0.05079595740311044,6.68920404259689,clk_host,VALIDATED
959,u_host_if.reg_opcode[1]$_DFFE_PN0P_,6.74,3.49,0.05053963364713332,6.689460366352867,clk_host,VALIDATED
960,u_host_if.done_sticky$_DFF_PN0_,6.74,3.5,0.05006057621900689,6.689939423780993,clk_host,VALIDATED
961,u_host_if.reg_opcode[0]$_DFFE_PN0P_,6.75,3.49,0.04985604574471342,6.700143954255287,clk_host,VALIDATED
962,u_host_if.reg_opcode[4]$_DFFE_PN0P_,6.75,3.5,0.04971188654268327,6.700288113457317,clk_host,VALIDATED
963,u_host_if.reg_opcode[6]$_DFFE_PN0P_,6.75,3.5,0.04967803947033217,6.700321960529668,clk_host,VALIDATED
967,u_host_if.reg_opcode[2]$_DFFE_PN0P_,6.75,3.49,0.04957731013470529,6.700422689865294,clk_host,VALIDATED
966,u_host_if.reg_opcode[5]$_DFFE_PN0P_,6.75,3.49,0.04957731013470529,6.700422689865294,clk_host,VALIDATED
965,u_host_if.reg_opcode[7]$_DFFE_PN0P_,6.75,3.49,0.049550107335518234,6.700449892664482,clk_host,VALIDATED
964,u_host_if.reg_opcode[3]$_DFFE_PN0P_,6.75,3.49,0.04953610221470267,6.700463897785298,clk_host,VALIDATED
968,u_host_if.reg_ecc_en$_DFFE_PN0P_,6.79,3.44,0.050002659539759686,6.73999734046024,clk_host,VALIDATED
970,u_host_if.s_rdata[24]$_DFFE_PN0P_,6.84,3.4,0.07489126518588302,6.765108734814117,clk_host,VALIDATED
972,u_host_if.s_rdata[22]$_DFFE_PN0P_,6.84,3.4,0.07489126518588302,6.765108734814117,clk_host,VALIDATED
971,u_host_if.s_rdata[29]$_DFFE_PN0P_,6.84,3.4,0.07489126518588302,6.765108734814117,clk_host,VALIDATED
973,u_host_if.s_rdata[1]$_DFFE_PN0P_,6.85,3.39,0.07451517667377655,6.775484823326223,clk_host,VALIDATED
975,u_host_if.s_rdata[28]$_DFFE_PN0P_,6.85,3.39,0.07451517667377655,6.775484823326223,clk_host,VALIDATED
974,u_host_if.s_rdata[0]$_DFFE_PN0P_,6.85,3.39,0.07451517667377655,6.775484823326223,clk_host,VALIDATED
980,u_host_if.s_rdata[30]$_DFFE_PN0P_,6.85,3.39,0.07451517667377655,6.775484823326223,clk_host,VALIDATED
979,u_host_if.s_rdata[23]$_DFFE_PN0P_,6.85,3.39,0.07451517667377655,6.775484823326223,clk_host,VALIDATED
977,u_host_if.s_rdata[25]$_DFFE_PN0P_,6.85,3.39,0.07436919824552157,6.775630801754478,clk_host,VALIDATED
978,u_host_if.s_rdata[26]$_DFFE_PN0P_,6.85,3.39,0.07427038081519088,6.775729619184808,clk_host,VALIDATED
976,u_host_if.s_rdata[27]$_DFFE_PN0P_,6.85,3.39,0.07427038081519088,6.775729619184808,clk_host,VALIDATED
969,u_host_if.start_pulse$_DFF_PN0_,6.83,3.42,0.04977727638173429,6.780222723618266,clk_host,VALIDATED
981,u_host_if.rpop_loaded$_DFFE_PN0P_,6.86,3.37,0.07377902224535166,6.786220977754649,clk_host,VALIDATED
982,u_host_if.s_rvalid$_DFFE_PN0P_,6.98,3.26,0.07090080821135036,6.90909919178865,clk_host,VALIDATED
984,u_host_if.awaddr_q[2]$_DFFE_PN0P_,7.04,3.19,0.045761514448123264,6.994238485551877,clk_host,VALIDATED
983,u_host_if.awaddr_q[4]$_DFFE_PN0P_,7.04,3.19,0.045761514448123264,6.994238485551877,clk_host,VALIDATED
985,u_host_if.awaddr_q[3]$_DFFE_PN0P_,7.04,3.19,0.045761514448123264,6.994238485551877,clk_host,VALIDATED
988,u_host_if.awaddr_q[7]$_DFFE_PN0P_,7.08,3.16,0.045331155378078414,7.034668844621922,clk_host,VALIDATED
990,u_host_if.awaddr_q[1]$_DFFE_PN0P_,7.08,3.16,0.045331155378078414,7.034668844621922,clk_host,VALIDATED
986,u_host_if.awaddr_q[5]$_DFFE_PN0P_,7.08,3.16,0.045331155378078414,7.034668844621922,clk_host,VALIDATED
987,u_host_if.awaddr_q[6]$_DFFE_PN0P_,7.08,3.16,0.045331155378078414,7.034668844621922,clk_host,VALIDATED
989,u_host_if.awaddr_q[0]$_DFFE_PN0P_,7.08,3.16,0.045331155378078414,7.034668844621922,clk_host,VALIDATED
991,u_host_if.s_bvalid$_DFFE_PN0P_,7.17,3.06,0.04394087942299868,7.126059120577001,clk_host,VALIDATED
992,u_host_if.rpop_q[24]$_DFFE_PN0P_,9.1,1.13,0.023503654322018563,9.076496345677981,clk_host,VALIDATED
997,u_host_if.rpop_q[17]$_DFFE_PN0P_,9.11,1.13,0.02459876383388586,9.085401236166113,clk_host,VALIDATED
996,u_host_if.rpop_q[12]$_DFFE_PN0P_,9.11,1.13,0.02434040661451342,9.085659593385486,clk_host,VALIDATED
993,u_host_if.rpop_q[13]$_DFFE_PN0P_,9.11,1.13,0.02434007177615631,9.085659928223842,clk_host,VALIDATED
998,u_host_if.rpop_q[11]$_DFFE_PN0P_,9.11,1.13,0.023970065605299753,9.0860299343947,clk_host,VALIDATED
994,u_host_if.rpop_q[8]$_DFFE_PN0P_,9.11,1.13,0.023864330857388302,9.08613566914261,clk_host,VALIDATED
995,u_host_if.rpop_q[6]$_DFFE_PN0P_,9.11,1.13,0.023781260934860632,9.086218739065139,clk_host,VALIDATED
1001,u_cdc_cmd.mem[10][37]$_DFFE_PP_,9.17,1.08,0.01495556442985381,9.155044435570145,clk_host,VALIDATED
1011,u_cdc_cmd.mem[7][65]$_DFFE_PP_,9.17,1.07,0.014894598688780722,9.15510540131122,clk_host,VALIDATED
1008,u_cdc_cmd.mem[7][34]$_DFFE_PP_,9.17,1.07,0.014870211440788955,9.155129788559211,clk_host,VALIDATED
1000,u_cdc_cmd.mem[10][38]$_DFFE_PP_,9.17,1.08,0.014844013268566755,9.155155986731433,clk_host,VALIDATED
1021,u_cdc_cmd.mem[7][59]$_DFFE_PP_,9.17,1.07,0.014823537354257663,9.155176462645743,clk_host,VALIDATED
1002,u_cdc_cmd.mem[10][35]$_DFFE_PP_,9.17,1.08,0.014820825531579651,9.15517917446842,clk_host,VALIDATED
1009,u_cdc_cmd.mem[7][57]$_DFFE_PP_,9.17,1.07,0.014817085115922599,9.155182914884078,clk_host,VALIDATED
1016,u_cdc_cmd.mem[7][58]$_DFFE_PP_,9.17,1.07,0.01479544102444992,9.15520455897555,clk_host,VALIDATED
1019,u_cdc_cmd.mem[10][30]$_DFFE_PP_,9.17,1.08,0.01479350640803384,9.155206493591965,clk_host,VALIDATED
999,u_cdc_cmd.mem[10][36]$_DFFE_PP_,9.17,1.07,0.014788921144676823,9.155211078855324,clk_host,VALIDATED
1005,u_cdc_cmd.mem[7][33]$_DFFE_PP_,9.17,1.07,0.014784987437138547,9.155215012562861,clk_host,VALIDATED
1020,u_cdc_cmd.mem[7][64]$_DFFE_PP_,9.17,1.07,0.01478044371876995,9.15521955628123,clk_host,VALIDATED
1007,u_cdc_cmd.mem[7][60]$_DFFE_PP_,9.17,1.07,0.014777664736185442,9.155222335263815,clk_host,VALIDATED
1017,u_cdc_cmd.mem[10][40]$_DFFE_PP_,9.17,1.08,0.014765840585000842,9.155234159414999,clk_host,VALIDATED
1013,u_cdc_cmd.mem[7][53]$_DFFE_PP_,9.17,1.07,0.014765274170003895,9.155234725829995,clk_host,VALIDATED
1003,u_cdc_cmd.mem[10][52]$_DFFE_PP_,9.17,1.07,0.01473632912400788,9.155263670875993,clk_host,VALIDATED
1010,u_cdc_cmd.mem[7][56]$_DFFE_PP_,9.17,1.07,0.01468811160133468,9.155311888398666,clk_host,VALIDATED
1004,u_cdc_cmd.mem[10][69]$_DFFE_PP_,9.17,1.07,0.014660990328331402,9.15533900967167,clk_host,VALIDATED
1006,u_cdc_cmd.mem[10][72]$_DFFE_PP_,9.17,1.07,0.014648180617486004,9.155351819382513,clk_host,VALIDATED
1012,u_cdc_cmd.mem[7][63]$_DFFE_PP_,9.17,1.06,0.014609533388921098,9.15539046661108,clk_host,VALIDATED
1015,u_cdc_cmd.mem[10][29]$_DFFE_PP_,9.17,1.07,0.014609004144133839,9.155390995855866,clk_host,VALIDATED
1014,u_cdc_cmd.mem[7][66]$_DFFE_PP_,9.17,1.06,0.014605617522557388,9.155394382477443,clk_host,VALIDATED
1023,u_cdc_cmd.mem[10][31]$_DFFE_PP_,9.17,1.07,0.0146030233621669,9.155396976637833,clk_host,VALIDATED
1024,u_cdc_cmd.mem[10][41]$_DFFE_PP_,9.17,1.07,0.014528610481443424,9.155471389518556,clk_host,VALIDATED
1022,u_cdc_cmd.mem[10][23]$_DFFE_PP_,9.17,1.07,0.014513654182246427,9.155486345817753,clk_host,VALIDATED
1018,u_cdc_cmd.mem[10][71]$_DFFE_PP_,9.17,1.07,0.014502965687605396,9.155497034312395,clk_host,VALIDATED
1035,u_host_if.rpop_q[1]$_DFFE_PN0P_,9.18,1.06,0.021882093885257692,9.158117906114741,clk_host,VALIDATED
1034,u_host_if.rpop_q[0]$_DFFE_PN0P_,9.18,1.06,0.021766528931307844,9.158233471068693,clk_host,VALIDATED
1037,u_host_if.rpop_q[3]$_DFFE_PN0P_,9.18,1.06,0.021755218687744896,9.158244781312256,clk_host,VALIDATED
1030,u_host_if.rpop_q[2]$_DFFE_PN0P_,9.18,1.06,0.021731888058892965,9.158268111941107,clk_host,VALIDATED
1025,u_cdc_cmd.mem[10][67]$_DFFE_PP_,9.18,1.08,0.014806637047806284,9.165193362952193,clk_host,VALIDATED
1028,u_cdc_cmd.mem[10][70]$_DFFE_PP_,9.18,1.08,0.014765840585000842,9.165234159414998,clk_host,VALIDATED
1026,u_cdc_cmd.mem[7][61]$_DFFE_PP_,9.18,1.07,0.014728892318547557,9.165271107681452,clk_host,VALIDATED
1027,u_cdc_cmd.mem[7][62]$_DFFE_PP_,9.18,1.07,0.014728892318547557,9.165271107681452,clk_host,VALIDATED
1029,u_cdc_cmd.mem[7][72]$_DFFE_PP_,9.18,1.07,0.014674175734214187,9.165325824265786,clk_host,VALIDATED
1036,u_cdc_cmd.mem[10][45]$_DFFE_PP_,9.18,1.07,0.01465727958997616,9.165342720410024,clk_host,VALIDATED
1031,u_cdc_cmd.mem[10][68]$_DFFE_PP_,9.18,1.07,0.014604523826877783,9.165395476173122,clk_host,VALIDATED
1033,u_cdc_cmd.mem[10][51]$_DFFE_PP_,9.18,1.07,0.014604523826877783,9.165395476173122,clk_host,VALIDATED
1040,u_cdc_cmd.mem[6][63]$_DFFE_PP_,9.18,1.05,0.014582521557702774,9.165417478442297,clk_host,VALIDATED
1038,u_cdc_cmd.mem[10][47]$_DFFE_PP_,9.18,1.07,0.014560240572918562,9.16543975942708,clk_host,VALIDATED
1032,u_cdc_cmd.mem[10][28]$_DFFE_PP_,9.18,1.07,0.01455585421786909,9.16544414578213,clk_host,VALIDATED
1039,u_cdc_cmd.mem[6][66]$_DFFE_PP_,9.18,1.05,0.014508571006861135,9.165491428993139,clk_host,VALIDATED
1042,u_host_if.rpop_q[26]$_DFFE_PN0P_,9.19,1.05,0.021886128509565533,9.168113871490434,clk_host,VALIDATED
1053,u_cdc_cmd.mem[6][57]$_DFFE_PP_,9.19,1.05,0.014776970683921711,9.175223029316077,clk_host,VALIDATED
1050,u_cdc_cmd.mem[6][65]$_DFFE_PP_,9.19,1.05,0.014592141295654934,9.175407858704345,clk_host,VALIDATED
1052,u_cdc_cmd.mem[6][64]$_DFFE_PP_,9.19,1.05,0.014587204218548366,9.175412795781451,clk_host,VALIDATED
1051,u_cdc_cmd.mem[6][59]$_DFFE_PP_,9.19,1.05,0.014559633053783758,9.175440366946216,clk_host,VALIDATED
1046,u_cdc_cmd.mem[6][33]$_DFFE_PP_,9.19,1.05,0.01454937486062774,9.175450625139371,clk_host,VALIDATED
1048,u_cdc_cmd.mem[6][34]$_DFFE_PP_,9.19,1.05,0.01454937486062774,9.175450625139371,clk_host,VALIDATED
1041,u_cdc_cmd.mem[6][62]$_DFFE_PP_,9.19,1.05,0.014549137243247162,9.175450862756753,clk_host,VALIDATED
1049,u_cdc_cmd.mem[6][60]$_DFFE_PP_,9.19,1.05,0.014542189032589622,9.17545781096741,clk_host,VALIDATED
1054,u_cdc_cmd.mem[6][58]$_DFFE_PP_,9.19,1.05,0.014532061889019149,9.17546793811098,clk_host,VALIDATED
1044,u_cdc_cmd.mem[6][53]$_DFFE_PP_,9.19,1.05,0.014530030065775967,9.175469969934223,clk_host,VALIDATED
1043,u_cdc_cmd.mem[6][61]$_DFFE_PP_,9.19,1.05,0.01452173274608673,9.175478267253913,clk_host,VALIDATED
1047,u_cdc_cmd.mem[6][56]$_DFFE_PP_,9.19,1.05,0.0144837634237487,9.17551623657625,clk_host,VALIDATED
1045,u_cdc_cmd.mem[6][72]$_DFFE_PP_,9.19,1.05,0.01444063440448698,9.175559365595513,clk_host,VALIDATED
1055,u_cdc_cmd.mem[9][67]$_DFFE_PP_,9.2,1.04,0.014159373099791595,9.185840626900207,clk_host,VALIDATED
1061,u_cdc_cmd.mem[9][31]$_DFFE_PP_,9.2,1.04,0.014136790621558176,9.185863209378441,clk_host,VALIDATED
1056,u_cdc_cmd.mem[9][29]$_DFFE_PP_,9.2,1.04,0.014118772223520926,9.185881227776479,clk_host,VALIDATED
1058,u_cdc_cmd.mem[9][41]$_DFFE_PP_,9.2,1.04,0.01402704932240656,9.185972950677593,clk_host,VALIDATED
1060,u_cdc_cmd.mem[9][25]$_DFFE_PP_,9.2,1.04,0.014024022902096478,9.185975977097902,clk_host,VALIDATED
1057,u_cdc_cmd.mem[9][28]$_DFFE_PP_,9.2,1.04,0.014024022902096478,9.185975977097902,clk_host,VALIDATED
1059,u_cdc_cmd.mem[9][71]$_DFFE_PP_,9.2,1.04,0.014005779056469159,9.185994220943531,clk_host,VALIDATED
1069,u_host_if.rpop_q[22]$_DFFE_PN0P_,9.21,1.02,0.02131932398268864,9.188680676017313,clk_host,VALIDATED
1068,u_host_if.rpop_q[27]$_DFFE_PN0P_,9.21,1.02,0.02112563593249714,9.188874364067503,clk_host,VALIDATED
1063,u_cdc_cmd.mem[9][30]$_DFFE_PP_,9.21,1.04,0.014155037338350135,9.195844962661651,clk_host,VALIDATED
1066,u_cdc_cmd.mem[9][69]$_DFFE_PP_,9.21,1.04,0.014132311300675687,9.195867688699325,clk_host,VALIDATED
1064,u_cdc_cmd.mem[9][40]$_DFFE_PP_,9.21,1.04,0.014132311300675687,9.195867688699325,clk_host,VALIDATED
1067,u_cdc_cmd.mem[9][70]$_DFFE_PP_,9.21,1.04,0.014128396175429464,9.195871603824571,clk_host,VALIDATED
1065,u_cdc_cmd.mem[9][68]$_DFFE_PP_,9.21,1.04,0.014104489771275958,9.195895510228725,clk_host,VALIDATED
1062,u_cdc_cmd.mem[9][23]$_DFFE_PP_,9.21,1.04,0.014005779056469159,9.195994220943533,clk_host,VALIDATED
1070,u_host_if.rpop_q[20]$_DFFE_PN0P_,9.22,1.02,0.023490648062849714,9.19650935193715,clk_host,VALIDATED
1071,u_host_if.rpop_q[29]$_DFFE_PN0P_,9.22,1.02,0.0210720616519718,9.198927938348028,clk_host,VALIDATED
1074,u_host_if.rpop_q[15]$_DFFE_PN0P_,9.23,1.02,0.023876001359484603,9.206123998640516,clk_host,VALIDATED
1072,u_host_if.rpop_q[9]$_DFFE_PN0P_,9.23,1.02,0.023396271634717955,9.206603728365282,clk_host,VALIDATED
1076,u_host_if.rpop_q[16]$_DFFE_PN0P_,9.23,1.01,0.022939765699917042,9.207060234300084,clk_host,VALIDATED
1073,u_host_if.rpop_q[18]$_DFFE_PN0P_,9.23,1.02,0.02278567863499549,9.207214321365004,clk_host,VALIDATED
1078,u_host_if.rpop_q[19]$_DFFE_PN0P_,9.23,1.01,0.022655502142296877,9.207344497857704,clk_host,VALIDATED
1075,u_host_if.rpop_q[10]$_DFFE_PN0P_,9.23,1.01,0.022535779856732358,9.207464220143269,clk_host,VALIDATED
1081,u_cdc_cmd.mem[3][30]$_DFFE_PP_,9.23,1.01,0.013947220138953748,9.216052779861046,clk_host,VALIDATED
1077,u_cdc_cmd.mem[3][40]$_DFFE_PP_,9.23,1.01,0.013947220138953748,9.216052779861046,clk_host,VALIDATED
1083,u_cdc_cmd.mem[3][70]$_DFFE_PP_,9.23,1.01,0.013917994075980461,9.21608200592402,clk_host,VALIDATED
1082,u_cdc_cmd.mem[3][68]$_DFFE_PP_,9.23,1.01,0.01390487580060612,9.216095124199395,clk_host,VALIDATED
1080,u_cdc_cmd.mem[3][67]$_DFFE_PP_,9.23,1.01,0.01388802885749918,9.216111971142501,clk_host,VALIDATED
1079,u_cdc_cmd.mem[3][44]$_DFFE_PP_,9.23,1.01,0.013761590444735822,9.216238409555265,clk_host,VALIDATED
1084,u_host_if.rpop_q[14]$_DFFE_PN0P_,9.24,1.01,0.022585933120418594,9.21741406687958,clk_host,VALIDATED
1086,u_host_if.rpop_q[7]$_DFFE_PN0P_,9.24,1.0,0.02196474007486826,9.218035259925133,clk_host,VALIDATED
1093,u_cdc_cmd.mem[3][52]$_DFFE_PP_,9.24,1.01,0.01394018996102861,9.226059810038972,clk_host,VALIDATED
1091,u_cdc_cmd.mem[3][51]$_DFFE_PP_,9.24,1.01,0.01392264391838223,9.226077356081618,clk_host,VALIDATED
1094,u_cdc_cmd.mem[3][48]$_DFFE_PP_,9.24,1.01,0.013912545456494896,9.226087454543505,clk_host,VALIDATED
1095,u_cdc_cmd.mem[3][46]$_DFFE_PP_,9.24,1.01,0.013908343014826602,9.226091656985174,clk_host,VALIDATED
1092,u_cdc_cmd.mem[3][45]$_DFFE_PP_,9.24,1.01,0.013886594530511928,9.226113405469489,clk_host,VALIDATED
1088,u_cdc_cmd.mem[3][49]$_DFFE_PP_,9.24,1.01,0.013877630934457597,9.226122369065543,clk_host,VALIDATED
1090,u_cdc_cmd.mem[3][43]$_DFFE_PP_,9.24,1.01,0.013868115454752722,9.226131884545248,clk_host,VALIDATED
1085,u_cdc_cmd.mem[3][69]$_DFFE_PP_,9.24,1.01,0.013863816019785632,9.226136183980215,clk_host,VALIDATED
1096,u_cdc_cmd.mem[3][47]$_DFFE_PP_,9.24,1.01,0.013839007522733746,9.226160992477267,clk_host,VALIDATED
1089,u_cdc_cmd.mem[3][41]$_DFFE_PP_,9.24,1.01,0.01382776586863882,9.226172234131361,clk_host,VALIDATED
1087,u_cdc_cmd.mem[3][50]$_DFFE_PP_,9.24,1.0,0.013814046096234642,9.226185953903766,clk_host,VALIDATED
1097,u_cdc_cmd.mem[3][37]$_DFFE_PP_,9.25,1.0,0.01389386992662893,9.23610613007337,clk_host,VALIDATED
1104,u_cdc_cmd.mem[3][38]$_DFFE_PP_,9.25,1.0,0.013884298385478056,9.236115701614523,clk_host,VALIDATED
1100,u_cdc_cmd.mem[3][13]$_DFFE_PP_,9.25,1.0,0.013813452625053443,9.236186547374947,clk_host,VALIDATED
1099,u_cdc_cmd.mem[3][14]$_DFFE_PP_,9.25,1.0,0.013795796685057052,9.236204203314943,clk_host,VALIDATED
1101,u_cdc_cmd.mem[3][35]$_DFFE_PP_,9.25,1.0,0.013795168085546039,9.236204831914455,clk_host,VALIDATED
1098,u_cdc_cmd.mem[3][39]$_DFFE_PP_,9.25,0.99,0.013770215841292843,9.236229784158708,clk_host,VALIDATED
1103,u_cdc_cmd.mem[3][36]$_DFFE_PP_,9.25,0.99,0.01374540296684272,9.236254597033158,clk_host,VALIDATED
1102,u_cdc_cmd.mem[3][3]$_DFFE_PP_,9.25,1.0,0.01373756156552855,9.236262438434471,clk_host,VALIDATED
1106,u_cdc_cmd.mem[3][12]$_DFFE_PP_,9.25,0.99,0.013735533604501776,9.236264466395498,clk_host,VALIDATED
1107,u_cdc_cmd.mem[2][70]$_DFFE_PP_,9.25,0.99,0.013734858252125129,9.236265141747875,clk_host,VALIDATED
1109,u_cdc_cmd.mem[2][40]$_DFFE_PP_,9.25,0.99,0.013678091226282843,9.236321908773718,clk_host,VALIDATED
1105,u_cdc_cmd.mem[3][18]$_DFFE_PP_,9.25,0.99,0.013675318098803013,9.236324681901197,clk_host,VALIDATED
1108,u_cdc_cmd.mem[2][67]$_DFFE_PP_,9.25,0.99,0.013634757973320685,9.236365242026679,clk_host,VALIDATED
1115,u_cdc_cmd.mem[2][37]$_DFFE_PP_,9.26,0.99,0.013776670815609973,9.24622332918439,clk_host,VALIDATED
1119,u_cdc_cmd.mem[2][38]$_DFFE_PP_,9.26,0.99,0.013767194989870599,9.246232805010129,clk_host,VALIDATED
1112,u_cdc_cmd.mem[2][30]$_DFFE_PP_,9.26,0.99,0.013692777150191987,9.246307222849808,clk_host,VALIDATED
1137,u_cdc_cmd.mem[2][52]$_DFFE_PP_,9.26,0.99,0.013685886183710902,9.24631411381629,clk_host,VALIDATED
1113,u_cdc_cmd.mem[2][35]$_DFFE_PP_,9.26,0.99,0.013678955992937905,9.246321044007061,clk_host,VALIDATED
1127,u_cdc_cmd.mem[2][48]$_DFFE_PP_,9.26,0.99,0.013660518284314319,9.246339481715685,clk_host,VALIDATED
1133,u_cdc_cmd.mem[2][46]$_DFFE_PP_,9.26,0.99,0.01365466987010698,9.246345330129893,clk_host,VALIDATED
1143,u_cdc_cmd.mem[2][39]$_DFFE_PP_,9.26,0.98,0.013652642748433669,9.246347357251565,clk_host,VALIDATED
1111,u_cdc_cmd.mem[2][68]$_DFFE_PP_,9.26,0.99,0.013651271313593824,9.246348728686407,clk_host,VALIDATED
1140,u_cdc_cmd.mem[2][51]$_DFFE_PP_,9.26,0.99,0.013644243558678909,9.246355756441321,clk_host,VALIDATED
1135,u_cdc_cmd.mem[2][45]$_DFFE_PP_,9.26,0.99,0.013633352048848052,9.246366647951152,clk_host,VALIDATED
1128,u_cdc_cmd.mem[10][39]$_DFFE_PP_,9.26,0.98,0.013626059062649062,9.246373940937351,clk_host,VALIDATED
1110,u_cdc_cmd.mem[2][49]$_DFFE_PP_,9.26,0.99,0.013624565949745274,9.246375434050254,clk_host,VALIDATED
1118,u_cdc_cmd.mem[2][43]$_DFFE_PP_,9.26,0.99,0.01361523889538109,9.246384761104618,clk_host,VALIDATED
1121,u_cdc_cmd.mem[2][36]$_DFFE_PP_,9.26,0.98,0.013609864296191668,9.246390135703809,clk_host,VALIDATED
1144,u_cdc_cmd.mem[10][13]$_DFFE_PP_,9.26,0.98,0.013589274872113075,9.246410725127888,clk_host,VALIDATED
1129,u_cdc_cmd.mem[2][47]$_DFFE_PP_,9.26,0.99,0.01358670735805556,9.246413292641945,clk_host,VALIDATED
1142,u_cdc_cmd.mem[10][12]$_DFFE_PP_,9.26,0.98,0.013575888318131932,9.246424111681868,clk_host,VALIDATED
1117,u_cdc_cmd.mem[2][41]$_DFFE_PP_,9.26,0.99,0.013575688310972403,9.246424311689028,clk_host,VALIDATED
1114,u_cdc_cmd.mem[2][44]$_DFFE_PP_,9.26,0.99,0.013575688310972403,9.246424311689028,clk_host,VALIDATED
1126,u_cdc_cmd.mem[10][19]$_DFFE_PP_,9.26,0.98,0.013560898412893,9.246439101587107,clk_host,VALIDATED
1123,u_cdc_cmd.mem[10][20]$_DFFE_PP_,9.26,0.98,0.013560898412893,9.246439101587107,clk_host,VALIDATED
1116,u_cdc_cmd.mem[2][50]$_DFFE_PP_,9.26,0.98,0.01355928517075683,9.246440714829243,clk_host,VALIDATED
1138,u_cdc_cmd.mem[10][50]$_DFFE_PP_,9.26,0.98,0.01352603308656676,9.246473966913433,clk_host,VALIDATED
1134,u_cdc_cmd.mem[10][16]$_DFFE_PP_,9.26,0.98,0.013504117286055647,9.246495882713944,clk_host,VALIDATED
1122,u_cdc_cmd.mem[11][36]$_DFFE_PP_,9.26,0.98,0.01349990547298853,9.246500094527011,clk_host,VALIDATED
1124,u_cdc_cmd.mem[11][37]$_DFFE_PP_,9.26,0.98,0.01349990547298853,9.246500094527011,clk_host,VALIDATED
1125,u_cdc_cmd.mem[11][52]$_DFFE_PP_,9.26,0.98,0.013466380256426783,9.246533619743573,clk_host,VALIDATED
1139,u_cdc_cmd.mem[11][38]$_DFFE_PP_,9.26,0.98,0.013424479870611544,9.246575520129388,clk_host,VALIDATED
1130,u_cdc_cmd.mem[11][35]$_DFFE_PP_,9.26,0.98,0.013410777352552333,9.246589222647447,clk_host,VALIDATED
1141,u_cdc_cmd.mem[11][72]$_DFFE_PP_,9.26,0.98,0.013371002934066095,9.246628997065933,clk_host,VALIDATED
1145,u_cdc_cmd.mem[11][31]$_DFFE_PP_,9.26,0.98,0.01336145554964667,9.246638544450352,clk_host,VALIDATED
1132,u_cdc_cmd.mem[11][54]$_DFFE_PP_,9.26,0.98,0.01336145554964667,9.246638544450352,clk_host,VALIDATED
1146,u_cdc_cmd.mem[11][29]$_DFFE_PP_,9.26,0.98,0.013335121678098694,9.246664878321901,clk_host,VALIDATED
1120,u_cdc_cmd.mem[11][41]$_DFFE_PP_,9.26,0.98,0.01326149009918598,9.246738509900814,clk_host,VALIDATED
1131,u_cdc_cmd.mem[11][28]$_DFFE_PP_,9.26,0.98,0.013254897259776216,9.246745102740224,clk_host,VALIDATED
1136,u_cdc_cmd.mem[11][23]$_DFFE_PP_,9.26,0.98,0.013247791806463516,9.246752208193536,clk_host,VALIDATED
1155,u_cdc_cmd.mem[2][12]$_DFFE_PP_,9.27,0.98,0.013618310837266723,9.256381689162733,clk_host,VALIDATED
1151,u_cdc_cmd.mem[2][13]$_DFFE_PP_,9.27,0.98,0.01355870356899927,9.256441296431,clk_host,VALIDATED
1150,u_cdc_cmd.mem[2][18]$_DFFE_PP_,9.27,0.98,0.01355870356899927,9.256441296431,clk_host,VALIDATED
1148,u_cdc_cmd.mem[2][14]$_DFFE_PP_,9.27,0.98,0.013541400747802801,9.256458599252197,clk_host,VALIDATED
1153,u_cdc_cmd.mem[2][3]$_DFFE_PP_,9.27,0.98,0.013484330330664845,9.256515669669335,clk_host,VALIDATED
1152,u_cdc_cmd.mem[10][14]$_DFFE_PP_,9.27,0.98,0.013475713543065176,9.256524286456935,clk_host,VALIDATED
1149,u_cdc_cmd.mem[10][18]$_DFFE_PP_,9.27,0.98,0.01346309461829627,9.256536905381703,clk_host,VALIDATED
1164,u_cdc_cmd.mem[10][3]$_DFFE_PP_,9.27,0.98,0.013432381623326425,9.256567618376673,clk_host,VALIDATED
1163,u_cdc_cmd.mem[11][67]$_DFFE_PP_,9.27,0.98,0.013390564411032577,9.256609435588967,clk_host,VALIDATED
1170,u_cdc_cmd.mem[11][45]$_DFFE_PP_,9.27,0.98,0.01337933657242156,9.256620663427578,clk_host,VALIDATED
1157,u_cdc_cmd.mem[11][30]$_DFFE_PP_,9.27,0.98,0.013378649571239062,9.25662135042876,clk_host,VALIDATED
1159,u_cdc_cmd.mem[11][70]$_DFFE_PP_,9.27,0.98,0.013378649571239062,9.25662135042876,clk_host,VALIDATED
1165,u_cdc_cmd.mem[11][69]$_DFFE_PP_,9.27,0.98,0.013357234651122776,9.256642765348877,clk_host,VALIDATED
1161,u_cdc_cmd.mem[11][40]$_DFFE_PP_,9.27,0.98,0.013342837938428762,9.25665716206157,clk_host,VALIDATED
1166,u_cdc_cmd.mem[11][68]$_DFFE_PP_,9.27,0.98,0.01333101820995762,9.256668981790042,clk_host,VALIDATED
1167,u_cdc_cmd.mem[11][51]$_DFFE_PP_,9.27,0.98,0.01333101820995762,9.256668981790042,clk_host,VALIDATED
1169,u_cdc_cmd.mem[10][43]$_DFFE_PP_,9.27,0.97,0.013322387966328259,9.256677612033672,clk_host,VALIDATED
1168,u_cdc_cmd.mem[10][4]$_DFFE_PP_,9.27,0.97,0.013308523060658786,9.256691476939341,clk_host,VALIDATED
1160,u_cdc_cmd.mem[10][17]$_DFFE_PP_,9.27,0.97,0.01327531236159954,9.2567246876384,clk_host,VALIDATED
1154,u_cdc_cmd.mem[10][7]$_DFFE_PP_,9.27,0.97,0.013271600842673634,9.256728399157327,clk_host,VALIDATED
1158,u_cdc_cmd.mem[10][15]$_DFFE_PP_,9.27,0.97,0.013270789594576837,9.256729210405423,clk_host,VALIDATED
1162,u_cdc_cmd.mem[10][11]$_DFFE_PP_,9.27,0.97,0.013267656188400534,9.2567323438116,clk_host,VALIDATED
1156,u_cdc_cmd.mem[10][6]$_DFFE_PP_,9.27,0.97,0.013267656188400534,9.2567323438116,clk_host,VALIDATED
1147,u_cdc_cmd.mem[11][71]$_DFFE_PP_,9.27,0.98,0.013238002344082025,9.256761997655918,clk_host,VALIDATED
1171,u_cdc_cmd.mem[10][48]$_DFFE_PP_,9.28,0.98,0.01348849001838541,9.266511509981614,clk_host,VALIDATED
1172,u_cdc_cmd.mem[10][49]$_DFFE_PP_,9.28,0.97,0.013323441421854654,9.266676558578144,clk_host,VALIDATED
1175,u_cdc_cmd.mem[10][9]$_DFFE_PP_,9.28,0.97,0.013295430282853779,9.266704569717145,clk_host,VALIDATED
1174,u_cdc_cmd.mem[11][47]$_DFFE_PP_,9.28,0.98,0.01329045971567723,9.266709540284323,clk_host,VALIDATED
1173,u_cdc_cmd.mem[10][5]$_DFFE_PP_,9.28,0.97,0.013289775299925824,9.266710224700073,clk_host,VALIDATED
1180,u_cdc_cmd.mem[5][70]$_DFFE_PP_,9.28,0.96,0.013224265717982506,9.266775734282017,clk_host,VALIDATED
1177,u_cdc_cmd.mem[5][30]$_DFFE_PP_,9.28,0.96,0.013224265717982506,9.266775734282017,clk_host,VALIDATED
1178,u_cdc_cmd.mem[5][67]$_DFFE_PP_,9.28,0.96,0.013193749512457012,9.266806250487543,clk_host,VALIDATED
1184,u_cdc_cmd.mem[5][40]$_DFFE_PP_,9.28,0.96,0.013193749512457012,9.266806250487543,clk_host,VALIDATED
1185,u_cdc_cmd.mem[10][22]$_DFFE_PP_,9.28,0.96,0.013172204504222185,9.266827795495777,clk_host,VALIDATED
1176,u_cdc_cmd.mem[1][66]$_DFFE_PP_,9.28,0.95,0.013164057904789861,9.26683594209521,clk_host,VALIDATED
1181,u_cdc_cmd.mem[1][63]$_DFFE_PP_,9.28,0.95,0.013164057904789861,9.26683594209521,clk_host,VALIDATED
1179,u_cdc_cmd.mem[1][53]$_DFFE_PP_,9.28,0.95,0.013164057904789861,9.26683594209521,clk_host,VALIDATED
1183,u_cdc_cmd.mem[3][53]$_DFFE_PP_,9.28,0.95,0.013111187833871232,9.266888812166128,clk_host,VALIDATED
1182,u_cdc_cmd.mem[10][42]$_DFFE_PP_,9.28,0.96,0.01308536725092492,9.266914632749074,clk_host,VALIDATED
378,u_host_if.rpop_q[15]$_DFFE_PN0P_,9.29,1.03,0.01839198991136287,9.271608010088636,clk_host,VALIDATED
380,u_host_if.rpop_q[14]$_DFFE_PN0P_,9.29,1.03,0.01839198991136287,9.271608010088636,clk_host,VALIDATED
375,u_host_if.s_rdata[17]$_DFFE_PN0P_,9.29,1.03,0.01839198991136287,9.271608010088636,clk_host,VALIDATED
376,u_host_if.s_rdata[15]$_DFFE_PN0P_,9.29,1.03,0.01839198991136287,9.271608010088636,clk_host,VALIDATED
379,u_host_if.s_rdata[14]$_DFFE_PN0P_,9.29,1.03,0.01839198991136287,9.271608010088636,clk_host,VALIDATED
381,u_host_if.rpop_q[13]$_DFFE_PN0P_,9.29,1.03,0.01839198991136287,9.271608010088636,clk_host,VALIDATED
377,u_host_if.rpop_q[17]$_DFFE_PN0P_,9.29,1.03,0.01839198991136287,9.271608010088636,clk_host,VALIDATED
382,u_host_if.rpop_q[20]$_DFFE_PN0P_,9.29,1.03,0.01831153901876338,9.271688460981236,clk_host,VALIDATED
383,u_host_if.s_rdata[13]$_DFFE_PN0P_,9.29,1.03,0.01831153901876338,9.271688460981236,clk_host,VALIDATED
387,u_host_if.rpop_q[12]$_DFFE_PN0P_,9.29,1.03,0.01831153901876338,9.271688460981236,clk_host,VALIDATED
390,u_host_if.s_rdata[9]$_DFFE_PN0P_,9.29,1.03,0.01831153901876338,9.271688460981236,clk_host,VALIDATED
389,u_host_if.s_rdata[12]$_DFFE_PN0P_,9.29,1.03,0.01831153901876338,9.271688460981236,clk_host,VALIDATED
385,u_host_if.rpop_q[16]$_DFFE_PN0P_,9.29,1.03,0.01831153901876338,9.271688460981236,clk_host,VALIDATED
384,u_host_if.s_rdata[20]$_DFFE_PN0P_,9.29,1.03,0.01831153901876338,9.271688460981236,clk_host,VALIDATED
388,u_host_if.rpop_q[9]$_DFFE_PN0P_,9.29,1.03,0.01831153901876338,9.271688460981236,clk_host,VALIDATED
386,u_host_if.rpop_q[10]$_DFFE_PN0P_,9.29,1.03,0.018267605151337282,9.271732394848662,clk_host,VALIDATED
394,u_host_if.rpop_q[19]$_DFFE_PN0P_,9.29,1.03,0.018267605151337282,9.271732394848662,clk_host,VALIDATED
392,u_host_if.s_rdata[16]$_DFFE_PN0P_,9.29,1.03,0.018267605151337282,9.271732394848662,clk_host,VALIDATED
391,u_host_if.s_rdata[10]$_DFFE_PN0P_,9.29,1.03,0.018267605151337282,9.271732394848662,clk_host,VALIDATED
393,u_host_if.s_rdata[19]$_DFFE_PN0P_,9.29,1.03,0.018267605151337282,9.271732394848662,clk_host,VALIDATED
1192,u_cdc_cmd.mem[5][32]$_DFFE_PP_,9.29,0.96,0.013221246711125914,9.276778753288873,clk_host,VALIDATED
1194,u_cdc_cmd.mem[5][29]$_DFFE_PP_,9.29,0.96,0.013180748628012398,9.276819251371986,clk_host,VALIDATED
1198,u_cdc_cmd.mem[10][2]$_DFFE_PP_,9.29,0.96,0.013155277078038291,9.276844722921961,clk_host,VALIDATED
1186,u_cdc_cmd.mem[1][61]$_DFFE_PP_,9.29,0.95,0.013137341374674982,9.276862658625324,clk_host,VALIDATED
1191,u_cdc_cmd.mem[5][71]$_DFFE_PP_,9.29,0.96,0.013126382337535394,9.276873617662464,clk_host,VALIDATED
1190,u_cdc_cmd.mem[1][21]$_DFFE_PP_,9.29,0.94,0.01312377787038066,9.27687622212962,clk_host,VALIDATED
1197,u_cdc_cmd.mem[1][26]$_DFFE_PP_,9.29,0.94,0.01312377787038066,9.27687622212962,clk_host,VALIDATED
1189,u_cdc_cmd.mem[1][55]$_DFFE_PP_,9.29,0.95,0.013112811759064771,9.276887188240934,clk_host,VALIDATED
1188,u_cdc_cmd.mem[3][63]$_DFFE_PP_,9.29,0.95,0.013111187833871232,9.276888812166128,clk_host,VALIDATED
1196,u_cdc_cmd.mem[1][75]$_DFFE_PP_,9.29,0.94,0.013110911169890327,9.276889088830108,clk_host,VALIDATED
1200,u_cdc_cmd.mem[15][19]$_DFFE_PP_,9.29,0.95,0.013096053972701638,9.276903946027298,clk_host,VALIDATED
1199,u_cdc_cmd.mem[3][62]$_DFFE_PP_,9.29,0.95,0.01307890364445409,9.276921096355546,clk_host,VALIDATED
1193,u_cdc_cmd.mem[1][62]$_DFFE_PP_,9.29,0.95,0.013076877040198984,9.2769231229598,clk_host,VALIDATED
1187,u_cdc_cmd.mem[3][66]$_DFFE_PP_,9.29,0.95,0.013074344165512244,9.276925655834487,clk_host,VALIDATED
1195,u_cdc_cmd.mem[5][31]$_DFFE_PP_,9.29,0.95,0.01297021643311902,9.27702978356688,clk_host,VALIDATED
395,u_host_if.s_rdata[18]$_DFFE_PN0P_,9.3,1.03,0.018267605151337282,9.281732394848664,clk_host,VALIDATED
397,u_host_if.rpop_q[7]$_DFFE_PN0P_,9.43,0.9,0.015410590100071828,9.414589409899929,clk_host,VALIDATED
396,u_host_if.rpop_q[18]$_DFFE_PN0P_,9.43,0.9,0.015410590100071828,9.414589409899929,clk_host,VALIDATED
399,u_host_if.s_rdata[8]$_DFFE_PN0P_,9.43,0.9,0.015410590100071828,9.414589409899929,clk_host,VALIDATED
398,u_host_if.rpop_q[8]$_DFFE_PN0P_,9.43,0.9,0.015410590100071828,9.414589409899929,clk_host,VALIDATED
1201,nand_dq_oe[0],11.57,0.43,0.006893040465160205,11.56310695953484,clk_nand,VALIDATED
1202,nand_ale[0],11.58,0.42,0.007458171490561702,11.572541828509438,clk_nand,VALIDATED
1203,nand_dq_o[2],11.59,0.41,0.006572433931896923,11.583427566068103,clk_nand,VALIDATED
1204,nand_cle[0],11.59,0.41,0.0063506989183773205,11.583649301081623,clk_nand,VALIDATED
1205,nand_dq_o[1],11.6,0.4,0.006416747237195444,11.593583252762803,clk_nand,VALIDATED
1206,nand_ce_n[0],11.6,0.4,0.006195803822807169,11.593804196177192,clk_nand,VALIDATED
1214,nand_re_n[1],11.62,0.38,0.007250569213555921,11.612749430786444,clk_nand,VALIDATED
1218,nand_dq_o[15],11.62,0.38,0.00697191184581171,11.613028088154188,clk_nand,VALIDATED
1216,nand_dq_o[8],11.62,0.38,0.0069563238104756175,11.613043676189523,clk_nand,VALIDATED
1207,nand_dq_o[14],11.62,0.38,0.0069563238104756175,11.613043676189523,clk_nand,VALIDATED
1208,nand_dq_o[11],11.62,0.38,0.0069563238104756175,11.613043676189523,clk_nand,VALIDATED
1210,nand_dq_o[12],11.62,0.38,0.006889509938554653,11.613110490061445,clk_nand,VALIDATED
1211,nand_dq_o[7],11.62,0.38,0.0058007653669417125,11.614199234633057,clk_nand,VALIDATED
1215,nand_dq_o[6],11.62,0.38,0.0058007653669417125,11.614199234633057,clk_nand,VALIDATED
1217,nand_dq_o[3],11.62,0.38,0.0058007653669417125,11.614199234633057,clk_nand,VALIDATED
1212,nand_dq_o[0],11.62,0.38,0.0058007653669417125,11.614199234633057,clk_nand,VALIDATED
1213,nand_dq_o[5],11.62,0.38,0.00577799126820637,11.614222008731792,clk_nand,VALIDATED
1209,nand_dq_o[4],11.62,0.38,0.0057519542049803,11.61424804579502,clk_nand,VALIDATED
1221,nand_re_n[0],11.63,0.37,0.00789409792481012,11.622105902075191,clk_nand,VALIDATED
1223,nand_dq_o[9],11.63,0.37,0.006803618305328121,11.623196381694672,clk_nand,VALIDATED
1224,nand_dq_o[13],11.63,0.37,0.006803618305328121,11.623196381694672,clk_nand,VALIDATED
1225,nand_ale[1],11.63,0.37,0.006803618305328121,11.623196381694672,clk_nand,VALIDATED
1220,nand_dq_o[10],11.63,0.37,0.006788440481448235,11.623211559518552,clk_nand,VALIDATED
1222,nand_dq_oe[1],11.63,0.37,0.006732856430894052,11.623267143569107,clk_nand,VALIDATED
1219,nand_we_n[0],11.63,0.37,0.006268946431985653,11.623731053568015,clk_nand,VALIDATED
1227,nand_we_n[1],11.64,0.36,0.006628952302937044,11.633371047697063,clk_nand,VALIDATED
1228,nand_ce_n[1],11.64,0.36,0.006619736729508469,11.633380263270492,clk_nand,VALIDATED
1226,nand_cle[1],11.64,0.36,0.006619736729508469,11.633380263270492,clk_nand,VALIDATED
1251,g_chan[1].u_cdc_chr.mem[14][21]$_DFFE_PP_,11.86,8.35,0.16559025425530793,11.694409745744691,clk_nand,VALIDATED
1253,g_chan[1].u_cdc_chr.mem[15][21]$_DFFE_PP_,11.86,8.35,0.16559025425530793,11.694409745744691,clk_nand,VALIDATED
1254,g_chan[1].u_cdc_chr.mem[7][21]$_DFFE_PP_,11.86,8.35,0.16523838239992528,11.694761617600074,clk_nand,VALIDATED
1237,g_chan[1].u_cdc_chr.mem[13][21]$_DFFE_PP_,11.86,8.35,0.16523838239992528,11.694761617600074,clk_nand,VALIDATED
1238,g_chan[1].u_cdc_chr.mem[12][21]$_DFFE_PP_,11.86,8.35,0.16523838239992528,11.694761617600074,clk_nand,VALIDATED
1241,g_chan[1].u_cdc_chr.mem[4][21]$_DFFE_PP_,11.86,8.35,0.16488651054454262,11.695113489455457,clk_nand,VALIDATED
1246,g_chan[1].u_cdc_chr.mem[6][21]$_DFFE_PP_,11.86,8.35,0.16488651054454262,11.695113489455457,clk_nand,VALIDATED
1248,g_chan[1].u_cdc_chr.mem[5][21]$_DFFE_PP_,11.86,8.35,0.16488651054454262,11.695113489455457,clk_nand,VALIDATED
1244,g_chan[1].u_cdc_chr.mem[13][25]$_DFFE_PP_,11.86,8.35,0.16436832573189342,11.695631674268107,clk_nand,VALIDATED
1257,g_chan[1].u_cdc_chr.mem[1][21]$_DFFE_PP_,11.86,8.35,0.16356158752912664,11.696438412470872,clk_nand,VALIDATED
1249,g_chan[1].u_cdc_chr.mem[11][21]$_DFFE_PP_,11.86,8.35,0.16356158752912664,11.696438412470872,clk_nand,VALIDATED
1250,g_chan[1].u_cdc_chr.mem[10][21]$_DFFE_PP_,11.86,8.35,0.16356158752912664,11.696438412470872,clk_nand,VALIDATED
1247,g_chan[1].u_cdc_chr.mem[9][21]$_DFFE_PP_,11.86,8.35,0.16356158752912664,11.696438412470872,clk_nand,VALIDATED
1259,g_chan[1].u_cdc_chr.mem[0][21]$_DFFE_PP_,11.86,8.35,0.16356158752912664,11.696438412470872,clk_nand,VALIDATED
1245,g_chan[1].u_cdc_chr.mem[8][21]$_DFFE_PP_,11.86,8.35,0.16356158752912664,11.696438412470872,clk_nand,VALIDATED
1233,g_chan[1].u_cdc_chr.mem[15][25]$_DFFE_PP_,11.86,8.35,0.16341440675940888,11.69658559324059,clk_nand,VALIDATED
1240,g_chan[1].u_cdc_chr.mem[10][25]$_DFFE_PP_,11.86,8.35,0.16341440675940888,11.69658559324059,clk_nand,VALIDATED
1262,g_chan[1].u_cdc_chr.mem[12][25]$_DFFE_PP_,11.86,8.35,0.16319822522855043,11.69680177477145,clk_nand,VALIDATED
1265,g_chan[1].u_cdc_chr.mem[3][21]$_DFFE_PP_,11.86,8.35,0.16299462158726086,11.697005378412738,clk_nand,VALIDATED
1252,g_chan[1].u_cdc_chr.mem[2][21]$_DFFE_PP_,11.86,8.35,0.16299462158726086,11.697005378412738,clk_nand,VALIDATED
1232,g_chan[1].u_cdc_chr.mem[11][25]$_DFFE_PP_,11.86,8.35,0.1623977838210091,11.697602216178991,clk_nand,VALIDATED
1264,g_chan[1].u_cdc_chr.mem[4][25]$_DFFE_PP_,11.86,8.35,0.16218160229015066,11.697818397709849,clk_nand,VALIDATED
1266,g_chan[1].u_cdc_chr.mem[6][25]$_DFFE_PP_,11.86,8.35,0.16218160229015066,11.697818397709849,clk_nand,VALIDATED
1263,g_chan[1].u_cdc_chr.mem[7][25]$_DFFE_PP_,11.86,8.35,0.16218160229015066,11.697818397709849,clk_nand,VALIDATED
1229,g_chan[1].u_cdc_chr.mem[10][1]$_DFFE_PP_,11.85,8.35,0.1514324524631585,11.698567547536841,clk_nand,VALIDATED
1230,g_chan[1].u_cdc_chr.mem[11][1]$_DFFE_PP_,11.85,8.35,0.1514324524631585,11.698567547536841,clk_nand,VALIDATED
1261,g_chan[1].u_cdc_chr.mem[2][25]$_DFFE_PP_,11.86,8.35,0.16138116088260934,11.69861883911739,clk_nand,VALIDATED
1236,g_chan[1].u_cdc_chr.mem[14][25]$_DFFE_PP_,11.86,8.35,0.16138116088260934,11.69861883911739,clk_nand,VALIDATED
1243,g_chan[1].u_cdc_chr.mem[8][25]$_DFFE_PP_,11.86,8.35,0.16138116088260934,11.69861883911739,clk_nand,VALIDATED
1234,g_chan[1].u_cdc_chr.mem[5][25]$_DFFE_PP_,11.86,8.35,0.16138116088260934,11.69861883911739,clk_nand,VALIDATED
1242,g_chan[1].u_cdc_chr.mem[9][25]$_DFFE_PP_,11.86,8.35,0.16138116088260934,11.69861883911739,clk_nand,VALIDATED
1235,g_chan[1].u_cdc_chr.mem[1][25]$_DFFE_PP_,11.86,8.35,0.16074192313408397,11.699258076865915,clk_nand,VALIDATED
1286,g_chan[1].u_cdc_chr.mem[0][9]$_DFFE_PP_,11.87,8.35,0.16995121053332496,11.700048789466674,clk_nand,VALIDATED
1239,g_chan[1].u_cdc_chr.mem[3][25]$_DFFE_PP_,11.86,8.35,0.15974265956306455,11.700257340436934,clk_nand,VALIDATED
1256,g_chan[1].u_cdc_chr.mem[0][25]$_DFFE_PP_,11.86,8.35,0.15974265956306455,11.700257340436934,clk_nand,VALIDATED
1283,g_chan[1].u_cdc_chr.mem[1][9]$_DFFE_PP_,11.87,8.35,0.16859257789272974,11.70140742210727,clk_nand,VALIDATED
1291,g_chan[1].u_cdc_chr.mem[14][9]$_DFFE_PP_,11.87,8.35,0.16760230065697868,11.70239769934302,clk_nand,VALIDATED
1294,g_chan[1].u_cdc_chr.mem[6][9]$_DFFE_PP_,11.87,8.35,0.16760230065697868,11.70239769934302,clk_nand,VALIDATED
1287,g_chan[1].u_cdc_chr.mem[5][9]$_DFFE_PP_,11.87,8.35,0.16760230065697868,11.70239769934302,clk_nand,VALIDATED
1290,g_chan[1].u_cdc_chr.mem[3][9]$_DFFE_PP_,11.87,8.35,0.16760230065697868,11.70239769934302,clk_nand,VALIDATED
1284,g_chan[1].u_cdc_chr.mem[2][9]$_DFFE_PP_,11.87,8.35,0.16760230065697868,11.70239769934302,clk_nand,VALIDATED
1293,g_chan[1].u_cdc_chr.mem[15][9]$_DFFE_PP_,11.87,8.35,0.16760230065697868,11.70239769934302,clk_nand,VALIDATED
1295,g_chan[1].u_cdc_chr.mem[4][9]$_DFFE_PP_,11.87,8.35,0.16760230065697868,11.70239769934302,clk_nand,VALIDATED
1288,g_chan[1].u_cdc_chr.mem[12][9]$_DFFE_PP_,11.87,8.35,0.16760230065697868,11.70239769934302,clk_nand,VALIDATED
1289,g_chan[1].u_cdc_chr.mem[13][9]$_DFFE_PP_,11.87,8.35,0.16760230065697868,11.70239769934302,clk_nand,VALIDATED
1292,g_chan[1].u_cdc_chr.mem[7][9]$_DFFE_PP_,11.87,8.35,0.16760230065697868,11.70239769934302,clk_nand,VALIDATED
1285,g_chan[1].u_cdc_chr.mem[8][9]$_DFFE_PP_,11.87,8.35,0.16706066434891098,11.702939335651088,clk_nand,VALIDATED
1280,g_chan[1].u_cdc_chr.mem[9][9]$_DFFE_PP_,11.87,8.35,0.16706066434891098,11.702939335651088,clk_nand,VALIDATED
1281,g_chan[1].u_cdc_chr.mem[10][9]$_DFFE_PP_,11.87,8.35,0.16616646213047082,11.703833537869528,clk_nand,VALIDATED
1282,g_chan[1].u_cdc_chr.mem[11][9]$_DFFE_PP_,11.87,8.35,0.16616646213047082,11.703833537869528,clk_nand,VALIDATED
1298,g_chan[1].u_cdc_chr.mem[14][18]$_DFFE_PP_,11.87,8.34,0.16258607536042002,11.70741392463958,clk_nand,VALIDATED
1267,g_chan[1].u_cdc_chr.mem[4][1]$_DFFE_PP_,11.86,8.35,0.15180242047072445,11.708197579529275,clk_nand,VALIDATED
1268,g_chan[1].u_cdc_chr.mem[1][1]$_DFFE_PP_,11.86,8.35,0.15180242047072445,11.708197579529275,clk_nand,VALIDATED
1269,g_chan[1].u_cdc_chr.mem[0][1]$_DFFE_PP_,11.86,8.35,0.15180242047072445,11.708197579529275,clk_nand,VALIDATED
1270,g_chan[1].u_cdc_chr.mem[3][1]$_DFFE_PP_,11.86,8.35,0.15180242047072445,11.708197579529275,clk_nand,VALIDATED
1260,g_chan[1].u_cdc_chr.mem[3][24]$_DFFE_PP_,11.86,8.33,0.15017384395092814,11.709826156049072,clk_nand,VALIDATED
1258,g_chan[1].u_cdc_chr.mem[1][24]$_DFFE_PP_,11.86,8.33,0.15017384395092814,11.709826156049072,clk_nand,VALIDATED
1255,g_chan[1].u_cdc_chr.mem[0][24]$_DFFE_PP_,11.86,8.33,0.15017384395092814,11.709826156049072,clk_nand,VALIDATED
1297,g_chan[1].u_cdc_chr.mem[10][18]$_DFFE_PP_,11.87,8.34,0.16008358743869966,11.709916412561299,clk_nand,VALIDATED
1296,g_chan[1].u_cdc_chr.mem[3][18]$_DFFE_PP_,11.87,8.34,0.16008358743869966,11.709916412561299,clk_nand,VALIDATED
1231,g_chan[1].u_cdc_chr.mem[9][1]$_DFFE_PP_,11.86,8.35,0.149150843806505,11.710849156193495,clk_nand,VALIDATED
1317,g_chan[1].u_cdc_chr.mem[8][13]$_DFFE_PP_,11.88,8.33,0.16526649199767052,11.71473350800233,clk_nand,VALIDATED
1316,g_chan[1].u_cdc_chr.mem[11][13]$_DFFE_PP_,11.88,8.33,0.16526649199767052,11.71473350800233,clk_nand,VALIDATED
1315,g_chan[1].u_cdc_chr.mem[9][13]$_DFFE_PP_,11.88,8.33,0.16526649199767052,11.71473350800233,clk_nand,VALIDATED
1320,g_chan[1].u_cdc_chr.mem[2][13]$_DFFE_PP_,11.88,8.33,0.16526649199767052,11.71473350800233,clk_nand,VALIDATED
1354,g_chan[1].u_cdc_chr.mem[0][17]$_DFFE_PP_,11.88,8.32,0.16516700928856776,11.714832990711432,clk_nand,VALIDATED
1310,g_chan[1].u_cdc_chr.mem[3][13]$_DFFE_PP_,11.88,8.33,0.16490886613084377,11.715091133869157,clk_nand,VALIDATED
1303,g_chan[1].u_cdc_chr.mem[0][13]$_DFFE_PP_,11.88,8.33,0.16455124026401702,11.715448759735985,clk_nand,VALIDATED
1312,g_chan[1].u_cdc_chr.mem[1][13]$_DFFE_PP_,11.88,8.33,0.16455124026401702,11.715448759735985,clk_nand,VALIDATED
1308,g_chan[1].u_cdc_chr.mem[13][18]$_DFFE_PP_,11.88,8.34,0.16258607536042002,11.717413924639581,clk_nand,VALIDATED
1273,g_chan[1].u_cdc_chr.mem[7][1]$_DFFE_PP_,11.87,8.35,0.15250235338968254,11.717497646610317,clk_nand,VALIDATED
1271,g_chan[1].u_cdc_chr.mem[2][1]$_DFFE_PP_,11.87,8.35,0.15250235338968254,11.717497646610317,clk_nand,VALIDATED
1274,g_chan[1].u_cdc_chr.mem[6][1]$_DFFE_PP_,11.87,8.35,0.15250235338968254,11.717497646610317,clk_nand,VALIDATED
1276,g_chan[1].u_cdc_chr.mem[5][1]$_DFFE_PP_,11.87,8.35,0.15250235338968254,11.717497646610317,clk_nand,VALIDATED
1311,g_chan[1].u_cdc_chr.mem[15][18]$_DFFE_PP_,11.88,8.33,0.16239112802785305,11.717608871972148,clk_nand,VALIDATED
1309,g_chan[1].u_cdc_chr.mem[12][18]$_DFFE_PP_,11.88,8.33,0.16239112802785305,11.717608871972148,clk_nand,VALIDATED
1314,g_chan[1].u_cdc_chr.mem[7][18]$_DFFE_PP_,11.88,8.33,0.16239112802785305,11.717608871972148,clk_nand,VALIDATED
1307,g_chan[1].u_cdc_chr.mem[11][18]$_DFFE_PP_,11.88,8.34,0.16232109057739053,11.71767890942261,clk_nand,VALIDATED
1272,g_chan[1].u_cdc_chr.mem[12][1]$_DFFE_PP_,11.87,8.35,0.15180242047072445,11.718197579529274,clk_nand,VALIDATED
1277,g_chan[1].u_cdc_chr.mem[8][1]$_DFFE_PP_,11.87,8.35,0.15180242047072445,11.718197579529274,clk_nand,VALIDATED
1278,g_chan[1].u_cdc_chr.mem[15][1]$_DFFE_PP_,11.87,8.35,0.15180242047072445,11.718197579529274,clk_nand,VALIDATED
1279,g_chan[1].u_cdc_chr.mem[14][1]$_DFFE_PP_,11.87,8.35,0.15180242047072445,11.718197579529274,clk_nand,VALIDATED
1275,g_chan[1].u_cdc_chr.mem[13][1]$_DFFE_PP_,11.87,8.35,0.15180242047072445,11.718197579529274,clk_nand,VALIDATED
1302,g_chan[1].u_cdc_chr.mem[6][18]$_DFFE_PP_,11.88,8.34,0.16133483139955984,11.718665168600442,clk_nand,VALIDATED
1305,g_chan[1].u_cdc_chr.mem[5][18]$_DFFE_PP_,11.88,8.33,0.16114138435951186,11.718858615640489,clk_nand,VALIDATED
1304,g_chan[1].u_cdc_chr.mem[4][18]$_DFFE_PP_,11.88,8.33,0.16114138435951186,11.718858615640489,clk_nand,VALIDATED
1306,g_chan[1].u_cdc_chr.mem[9][18]$_DFFE_PP_,11.88,8.33,0.16114138435951186,11.718858615640489,clk_nand,VALIDATED
1313,g_chan[1].u_cdc_chr.mem[1][18]$_DFFE_PP_,11.88,8.33,0.160726246861971,11.71927375313803,clk_nand,VALIDATED
1299,g_chan[1].u_cdc_chr.mem[0][18]$_DFFE_PP_,11.88,8.33,0.160726246861971,11.71927375313803,clk_nand,VALIDATED
1324,g_chan[1].u_cdc_chr.mem[14][13]$_DFFE_PP_,11.88,8.33,0.16024465642197772,11.719755343578022,clk_nand,VALIDATED
1328,g_chan[1].u_cdc_chr.mem[15][13]$_DFFE_PP_,11.88,8.33,0.16024465642197772,11.719755343578022,clk_nand,VALIDATED
1325,g_chan[1].u_cdc_chr.mem[13][13]$_DFFE_PP_,11.88,8.33,0.16024465642197772,11.719755343578022,clk_nand,VALIDATED
1322,g_chan[1].u_cdc_chr.mem[4][13]$_DFFE_PP_,11.88,8.33,0.16024465642197772,11.719755343578022,clk_nand,VALIDATED
1330,g_chan[1].u_cdc_chr.mem[12][13]$_DFFE_PP_,11.88,8.33,0.16024465642197772,11.719755343578022,clk_nand,VALIDATED
1321,g_chan[1].u_cdc_chr.mem[5][13]$_DFFE_PP_,11.88,8.33,0.15993441337354675,11.720065586626454,clk_nand,VALIDATED
1301,g_chan[1].u_cdc_chr.mem[8][18]$_DFFE_PP_,11.88,8.33,0.15989164069117068,11.72010835930883,clk_nand,VALIDATED
1300,g_chan[1].u_cdc_chr.mem[2][18]$_DFFE_PP_,11.88,8.33,0.15989164069117068,11.72010835930883,clk_nand,VALIDATED
1326,g_chan[1].u_cdc_chr.mem[7][13]$_DFFE_PP_,11.88,8.33,0.15923438074827811,11.720765619251722,clk_nand,VALIDATED
1323,g_chan[1].u_cdc_chr.mem[6][13]$_DFFE_PP_,11.88,8.33,0.15923438074827811,11.720765619251722,clk_nand,VALIDATED
1338,g_chan[1].u_cdc_chr.mem[13][24]$_DFFE_PP_,11.88,8.33,0.15659310641919544,11.723406893580805,clk_nand,VALIDATED
1343,g_chan[1].u_cdc_chr.mem[7][24]$_DFFE_PP_,11.88,8.33,0.15653509285680856,11.723464907143192,clk_nand,VALIDATED
1339,g_chan[1].u_cdc_chr.mem[14][24]$_DFFE_PP_,11.88,8.33,0.15653509285680856,11.723464907143192,clk_nand,VALIDATED
1336,g_chan[1].u_cdc_chr.mem[11][24]$_DFFE_PP_,11.88,8.33,0.15611405923219368,11.723885940767808,clk_nand,VALIDATED
1335,g_chan[1].u_cdc_chr.mem[10][24]$_DFFE_PP_,11.88,8.33,0.15611405923219368,11.723885940767808,clk_nand,VALIDATED
1327,g_chan[1].u_cdc_chr.mem[15][24]$_DFFE_PP_,11.88,8.33,0.15593314860588192,11.724066851394118,clk_nand,VALIDATED
1333,g_chan[1].u_cdc_chr.mem[5][24]$_DFFE_PP_,11.88,8.33,0.15593314860588192,11.724066851394118,clk_nand,VALIDATED
1329,g_chan[1].u_cdc_chr.mem[12][24]$_DFFE_PP_,11.88,8.33,0.15593314860588192,11.724066851394118,clk_nand,VALIDATED
1331,g_chan[1].u_cdc_chr.mem[4][24]$_DFFE_PP_,11.88,8.33,0.15593314860588192,11.724066851394118,clk_nand,VALIDATED
1337,g_chan[1].u_cdc_chr.mem[6][24]$_DFFE_PP_,11.88,8.33,0.15583288028330278,11.724167119716698,clk_nand,VALIDATED
1340,g_chan[1].u_cdc_chr.mem[8][24]$_DFFE_PP_,11.88,8.33,0.15573261196072363,11.724267388039276,clk_nand,VALIDATED
1346,g_chan[1].u_cdc_chr.mem[2][24]$_DFFE_PP_,11.88,8.33,0.15573261196072363,11.724267388039276,clk_nand,VALIDATED
1332,g_chan[1].u_cdc_chr.mem[9][24]$_DFFE_PP_,11.88,8.33,0.15573261196072363,11.724267388039276,clk_nand,VALIDATED
1358,g_chan[1].u_cdc_chr.mem[10][17]$_DFFE_PP_,11.89,8.32,0.16548451732772984,11.72451548267227,clk_nand,VALIDATED
1356,g_chan[1].u_cdc_chr.mem[9][17]$_DFFE_PP_,11.89,8.32,0.16479485667192528,11.725205143328076,clk_nand,VALIDATED
1355,g_chan[1].u_cdc_chr.mem[1][17]$_DFFE_PP_,11.89,8.32,0.16433962836263138,11.72566037163737,clk_nand,VALIDATED
1357,g_chan[1].u_cdc_chr.mem[10][13]$_DFFE_PP_,11.89,8.33,0.16399343043851378,11.726006569561488,clk_nand,VALIDATED
1350,g_chan[1].u_cdc_chr.mem[4][12]$_DFFE_PP_,11.88,8.32,0.15378846277608438,11.726211537223916,clk_nand,VALIDATED
1351,g_chan[1].u_cdc_chr.mem[11][16]$_DFFE_PP_,11.88,8.31,0.15276342854895897,11.727236571451042,clk_nand,VALIDATED
1349,g_chan[1].u_cdc_chr.mem[9][16]$_DFFE_PP_,11.88,8.31,0.152439857608483,11.727560142391518,clk_nand,VALIDATED
1353,g_chan[1].u_cdc_chr.mem[10][16]$_DFFE_PP_,11.88,8.31,0.152439857608483,11.727560142391518,clk_nand,VALIDATED
1401,g_chan[1].u_cdc_chr.mem[15][17]$_DFFE_PP_,11.89,8.32,0.16243041115446477,11.727569588845537,clk_nand,VALIDATED
1397,g_chan[1].u_cdc_chr.mem[8][17]$_DFFE_PP_,11.89,8.32,0.16243041115446477,11.727569588845537,clk_nand,VALIDATED
1318,g_chan[1].u_cdc_chr.mem[11][12]$_DFFE_PP_,11.88,8.32,0.152228561935289,11.727771438064712,clk_nand,VALIDATED
1319,g_chan[1].u_cdc_chr.mem[8][12]$_DFFE_PP_,11.88,8.32,0.152228561935289,11.727771438064712,clk_nand,VALIDATED
1352,g_chan[1].u_cdc_chr.mem[8][16]$_DFFE_PP_,11.88,8.31,0.1519940507290407,11.72800594927096,clk_nand,VALIDATED
1345,g_chan[1].u_cdc_chr.mem[3][8]$_DFFE_PP_,11.88,8.31,0.1518690441338778,11.728130955866122,clk_nand,VALIDATED
1334,g_chan[1].u_cdc_chr.mem[11][8]$_DFFE_PP_,11.88,8.31,0.1518690441338778,11.728130955866122,clk_nand,VALIDATED
1341,g_chan[1].u_cdc_chr.mem[0][8]$_DFFE_PP_,11.88,8.31,0.1518690441338778,11.728130955866122,clk_nand,VALIDATED
1344,g_chan[1].u_cdc_chr.mem[10][8]$_DFFE_PP_,11.88,8.31,0.1518690441338778,11.728130955866122,clk_nand,VALIDATED
1342,g_chan[1].u_cdc_chr.mem[2][8]$_DFFE_PP_,11.88,8.31,0.1518690441338778,11.728130955866122,clk_nand,VALIDATED
1348,g_chan[1].u_cdc_chr.mem[1][8]$_DFFE_PP_,11.88,8.31,0.1518690441338778,11.728130955866122,clk_nand,VALIDATED
1347,g_chan[1].u_cdc_chr.mem[9][8]$_DFFE_PP_,11.88,8.31,0.1518690441338778,11.728130955866122,clk_nand,VALIDATED
1361,g_chan[1].u_cdc_chr.mem[3][17]$_DFFE_PP_,11.89,8.32,0.16171568290659588,11.728284317093404,clk_nand,VALIDATED
1364,g_chan[1].u_cdc_chr.mem[11][17]$_DFFE_PP_,11.89,8.32,0.16171568290659588,11.728284317093404,clk_nand,VALIDATED
1363,g_chan[1].u_cdc_chr.mem[14][17]$_DFFE_PP_,11.89,8.32,0.16102602225079132,11.72897397774921,clk_nand,VALIDATED
1359,g_chan[1].u_cdc_chr.mem[2][17]$_DFFE_PP_,11.89,8.32,0.16102602225079132,11.72897397774921,clk_nand,VALIDATED
1360,g_chan[1].u_cdc_chr.mem[5][17]$_DFFE_PP_,11.89,8.32,0.16102602225079132,11.72897397774921,clk_nand,VALIDATED
1375,g_chan[1].u_cdc_chr.mem[7][17]$_DFFE_PP_,11.89,8.32,0.16102602225079132,11.72897397774921,clk_nand,VALIDATED
1368,g_chan[1].u_cdc_chr.mem[13][17]$_DFFE_PP_,11.89,8.32,0.16102602225079132,11.72897397774921,clk_nand,VALIDATED
1371,g_chan[1].u_cdc_chr.mem[12][17]$_DFFE_PP_,11.89,8.32,0.16102602225079132,11.72897397774921,clk_nand,VALIDATED
1370,g_chan[1].u_cdc_chr.mem[6][17]$_DFFE_PP_,11.89,8.32,0.16102602225079132,11.72897397774921,clk_nand,VALIDATED
1362,g_chan[1].u_cdc_chr.mem[4][17]$_DFFE_PP_,11.89,8.32,0.1608883019806595,11.729111698019342,clk_nand,VALIDATED
1404,g_chan[1].u_cdc_chr.mem[15][12]$_DFFE_PP_,11.89,8.32,0.16054323815599836,11.729456761844002,clk_nand,VALIDATED
1388,g_chan[1].u_cdc_chr.mem[13][12]$_DFFE_PP_,11.89,8.32,0.16054323815599836,11.729456761844002,clk_nand,VALIDATED
1393,g_chan[1].u_cdc_chr.mem[14][12]$_DFFE_PP_,11.89,8.32,0.16054323815599836,11.729456761844002,clk_nand,VALIDATED
1399,g_chan[1].u_cdc_chr.mem[1][12]$_DFFE_PP_,11.89,8.32,0.15934229651827336,11.730657703481727,clk_nand,VALIDATED
1403,g_chan[1].u_cdc_chr.mem[2][12]$_DFFE_PP_,11.89,8.32,0.15934229651827336,11.730657703481727,clk_nand,VALIDATED
1407,g_chan[1].u_cdc_chr.mem[9][12]$_DFFE_PP_,11.89,8.32,0.15934229651827336,11.730657703481727,clk_nand,VALIDATED
1405,g_chan[1].u_cdc_chr.mem[3][12]$_DFFE_PP_,11.89,8.32,0.15934229651827336,11.730657703481727,clk_nand,VALIDATED
1398,g_chan[1].u_cdc_chr.mem[10][12]$_DFFE_PP_,11.89,8.32,0.15934229651827336,11.730657703481727,clk_nand,VALIDATED
1411,g_chan[1].u_cdc_chr.mem[7][12]$_DFFE_PP_,11.89,8.32,0.15934229651827336,11.730657703481727,clk_nand,VALIDATED
1400,g_chan[1].u_cdc_chr.mem[0][12]$_DFFE_PP_,11.89,8.32,0.15934229651827336,11.730657703481727,clk_nand,VALIDATED
1493,g_chan[1].u_cdc_chr.mem[10][31]$_DFFE_PP_,11.9,8.31,0.16558889966367496,11.734411100336326,clk_nand,VALIDATED
1491,g_chan[1].u_cdc_chr.mem[11][31]$_DFFE_PP_,11.9,8.31,0.16558889966367496,11.734411100336326,clk_nand,VALIDATED
1505,g_chan[1].u_cdc_chr.mem[6][31]$_DFFE_PP_,11.9,8.31,0.16483675698297984,11.73516324301702,clk_nand,VALIDATED
1510,g_chan[1].u_cdc_chr.mem[5][31]$_DFFE_PP_,11.9,8.31,0.16408461430228471,11.735915385697716,clk_nand,VALIDATED
1502,g_chan[1].u_cdc_chr.mem[7][31]$_DFFE_PP_,11.9,8.31,0.16408461430228471,11.735915385697716,clk_nand,VALIDATED
1472,g_chan[1].u_cdc_chr.mem[2][31]$_DFFE_PP_,11.9,8.31,0.16336241298674237,11.736637587013258,clk_nand,VALIDATED
1477,g_chan[1].u_cdc_chr.mem[3][31]$_DFFE_PP_,11.9,8.31,0.16336241298674237,11.736637587013258,clk_nand,VALIDATED
1381,g_chan[1].u_cdc_chr.mem[5][8]$_DFFE_PP_,11.89,8.31,0.15333578062287712,11.736664219377124,clk_nand,VALIDATED
1458,g_chan[1].u_cdc_chr.mem[9][31]$_DFFE_PP_,11.9,8.31,0.16307804421813676,11.736921955781863,clk_nand,VALIDATED
1471,g_chan[1].u_cdc_chr.mem[8][31]$_DFFE_PP_,11.9,8.31,0.16307804421813676,11.736921955781863,clk_nand,VALIDATED
1390,g_chan[1].u_cdc_chr.mem[4][8]$_DFFE_PP_,11.89,8.3,0.15286844225070717,11.737131557749294,clk_nand,VALIDATED
1415,g_chan[1].u_cdc_chr.mem[9][29]$_DFFE_PP_,11.89,8.31,0.15270171817016687,11.737298281829833,clk_nand,VALIDATED
1418,g_chan[1].u_cdc_chr.mem[13][31]$_DFFE_PP_,11.9,8.31,0.16269095388777366,11.737309046112227,clk_nand,VALIDATED
1469,g_chan[1].u_cdc_chr.mem[15][31]$_DFFE_PP_,11.9,8.31,0.16251027967620169,11.737489720323799,clk_nand,VALIDATED
1465,g_chan[1].u_cdc_chr.mem[1][31]$_DFFE_PP_,11.9,8.31,0.16251027967620169,11.737489720323799,clk_nand,VALIDATED
1467,g_chan[1].u_cdc_chr.mem[14][31]$_DFFE_PP_,11.9,8.31,0.16251027967620169,11.737489720323799,clk_nand,VALIDATED
1468,g_chan[1].u_cdc_chr.mem[0][31]$_DFFE_PP_,11.9,8.31,0.16251027967620169,11.737489720323799,clk_nand,VALIDATED
1431,g_chan[1].u_cdc_chr.mem[4][31]$_DFFE_PP_,11.9,8.31,0.16250657574901362,11.737493424250987,clk_nand,VALIDATED
1402,g_chan[1].u_cdc_chr.mem[1][29]$_DFFE_PP_,11.89,8.31,0.15186665453434578,11.738133345465656,clk_nand,VALIDATED
1447,g_chan[1].u_cdc_chr.mem[12][31]$_DFFE_PP_,11.9,8.31,0.16181728017402874,11.738182719825971,clk_nand,VALIDATED
1394,g_chan[1].u_cdc_chr.mem[1][0]$_DFFE_PP_,11.89,8.32,0.15109838475424286,11.738901615245759,clk_nand,VALIDATED
1409,g_chan[1].u_cdc_chr.mem[15][29]$_DFFE_PP_,11.89,8.31,0.1510315908985247,11.738968409101476,clk_nand,VALIDATED
1382,g_chan[1].u_cdc_chr.mem[11][0]$_DFFE_PP_,11.89,8.32,0.15057085683704963,11.739429143162951,clk_nand,VALIDATED
1423,g_chan[1].u_cdc_chr.mem[12][12]$_DFFE_PP_,11.9,8.32,0.16054323815599836,11.739456761844002,clk_nand,VALIDATED
1414,g_chan[1].u_cdc_chr.mem[6][2]$_DFFE_PP_,11.89,8.31,0.15043530267888694,11.739564697321114,clk_nand,VALIDATED
1413,g_chan[1].u_cdc_chr.mem[15][2]$_DFFE_PP_,11.89,8.32,0.1504287155144215,11.73957128448558,clk_nand,VALIDATED
1406,g_chan[1].u_cdc_chr.mem[0][0]$_DFFE_PP_,11.89,8.31,0.15038988224950423,11.739610117750496,clk_nand,VALIDATED
1489,g_chan[1].u_cdc_chr.mem[14][16]$_DFFE_PP_,11.9,8.3,0.16024144291304054,11.73975855708696,clk_nand,VALIDATED
1496,g_chan[1].u_cdc_chr.mem[13][16]$_DFFE_PP_,11.9,8.3,0.16024144291304054,11.73975855708696,clk_nand,VALIDATED
1498,g_chan[1].u_cdc_chr.mem[15][16]$_DFFE_PP_,11.9,8.3,0.16024144291304054,11.73975855708696,clk_nand,VALIDATED
1378,g_chan[1].u_cdc_chr.mem[3][2]$_DFFE_PP_,11.89,8.32,0.15015682151687537,11.739843178483126,clk_nand,VALIDATED
1376,g_chan[1].u_cdc_chr.mem[2][2]$_DFFE_PP_,11.89,8.32,0.15015682151687537,11.739843178483126,clk_nand,VALIDATED
1377,g_chan[1].u_cdc_chr.mem[0][2]$_DFFE_PP_,11.89,8.32,0.15015682151687537,11.739843178483126,clk_nand,VALIDATED
1395,g_chan[1].u_cdc_chr.mem[8][8]$_DFFE_PP_,11.89,8.31,0.15007368945294663,11.739926310547053,clk_nand,VALIDATED
1383,g_chan[1].u_cdc_chr.mem[4][0]$_DFFE_PP_,11.89,8.32,0.1500433289198564,11.739956671080144,clk_nand,VALIDATED
1379,g_chan[1].u_cdc_chr.mem[5][0]$_DFFE_PP_,11.89,8.32,0.1500433289198564,11.739956671080144,clk_nand,VALIDATED
1421,g_chan[1].u_cdc_chr.mem[5][12]$_DFFE_PP_,11.9,8.32,0.15994276733713586,11.740057232662865,clk_nand,VALIDATED
1384,g_chan[1].u_cdc_chr.mem[8][7]$_DFFE_PP_,11.89,8.3,0.14993903706525746,11.740060962934743,clk_nand,VALIDATED
1391,g_chan[1].u_cdc_chr.mem[15][0]$_DFFE_PP_,11.89,8.31,0.14986298838028844,11.740137011619712,clk_nand,VALIDATED
1392,g_chan[1].u_cdc_chr.mem[10][0]$_DFFE_PP_,11.89,8.31,0.14986298838028844,11.740137011619712,clk_nand,VALIDATED
1385,g_chan[1].u_cdc_chr.mem[9][0]$_DFFE_PP_,11.89,8.31,0.14986298838028844,11.740137011619712,clk_nand,VALIDATED
1386,g_chan[1].u_cdc_chr.mem[8][0]$_DFFE_PP_,11.89,8.31,0.14986298838028844,11.740137011619712,clk_nand,VALIDATED
1492,g_chan[1].u_cdc_chr.mem[12][16]$_DFFE_PP_,11.9,8.3,0.15962947304836617,11.740370526951635,clk_nand,VALIDATED
1372,g_chan[1].u_cdc_chr.mem[11][2]$_DFFE_PP_,11.89,8.32,0.14962929359968213,11.740370706400318,clk_nand,VALIDATED
1367,g_chan[1].u_cdc_chr.mem[1][2]$_DFFE_PP_,11.89,8.32,0.14962929359968213,11.740370706400318,clk_nand,VALIDATED
1412,g_chan[1].u_cdc_chr.mem[13][0]$_DFFE_PP_,11.89,8.32,0.1495787229701595,11.74042127702984,clk_nand,VALIDATED
1387,g_chan[1].u_cdc_chr.mem[14][0]$_DFFE_PP_,11.89,8.32,0.1495787229701595,11.74042127702984,clk_nand,VALIDATED
1410,g_chan[1].u_cdc_chr.mem[6][0]$_DFFE_PP_,11.89,8.32,0.1495787229701595,11.74042127702984,clk_nand,VALIDATED
1396,g_chan[1].u_cdc_chr.mem[12][0]$_DFFE_PP_,11.89,8.32,0.1495787229701595,11.74042127702984,clk_nand,VALIDATED
1553,g_chan[1].u_cdc_chr.mem[9][15]$_DFFE_PP_,11.91,8.3,0.16955294381979036,11.74044705618021,clk_nand,VALIDATED
1544,g_chan[1].u_cdc_chr.mem[8][15]$_DFFE_PP_,11.91,8.3,0.16955294381979036,11.74044705618021,clk_nand,VALIDATED
1484,g_chan[1].u_cdc_chr.mem[12][23]$_DFFE_PP_,11.9,8.31,0.15941091740155855,11.740589082598442,clk_nand,VALIDATED
1482,g_chan[1].u_cdc_chr.mem[13][23]$_DFFE_PP_,11.9,8.31,0.15941091740155855,11.740589082598442,clk_nand,VALIDATED
1501,g_chan[1].u_cdc_chr.mem[14][23]$_DFFE_PP_,11.9,8.31,0.15941091740155855,11.740589082598442,clk_nand,VALIDATED
1503,g_chan[1].u_cdc_chr.mem[11][23]$_DFFE_PP_,11.9,8.31,0.15941091740155855,11.740589082598442,clk_nand,VALIDATED
1506,g_chan[1].u_cdc_chr.mem[3][23]$_DFFE_PP_,11.9,8.31,0.15941091740155855,11.740589082598442,clk_nand,VALIDATED
1408,g_chan[1].u_cdc_chr.mem[7][0]$_DFFE_PP_,11.89,8.31,0.14939894085120398,11.740601059148796,clk_nand,VALIDATED
1497,g_chan[1].u_cdc_chr.mem[7][16]$_DFFE_PP_,11.9,8.3,0.15934665426780037,11.7406533457322,clk_nand,VALIDATED
1488,g_chan[1].u_cdc_chr.mem[5][16]$_DFFE_PP_,11.9,8.3,0.15934665426780037,11.7406533457322,clk_nand,VALIDATED
1374,g_chan[1].u_cdc_chr.mem[5][2]$_DFFE_PP_,11.89,8.32,0.14928938209205622,11.740710617907943,clk_nand,VALIDATED
1366,g_chan[1].u_cdc_chr.mem[4][2]$_DFFE_PP_,11.89,8.32,0.14928938209205622,11.740710617907943,clk_nand,VALIDATED
1480,g_chan[1].u_cdc_chr.mem[1][16]$_DFFE_PP_,11.9,8.31,0.15928868740435365,11.740711312595646,clk_nand,VALIDATED
1478,g_chan[1].u_cdc_chr.mem[0][16]$_DFFE_PP_,11.9,8.31,0.15928868740435365,11.740711312595646,clk_nand,VALIDATED
1449,g_chan[1].u_cdc_chr.mem[0][29]$_DFFE_PP_,11.9,8.31,0.15923470405767548,11.740765295942325,clk_nand,VALIDATED
1373,g_chan[1].u_cdc_chr.mem[8][2]$_DFFE_PP_,11.89,8.32,0.1491017656824889,11.740898234317513,clk_nand,VALIDATED
1369,g_chan[1].u_cdc_chr.mem[10][2]$_DFFE_PP_,11.89,8.32,0.1491017656824889,11.740898234317513,clk_nand,VALIDATED
1365,g_chan[1].u_cdc_chr.mem[9][2]$_DFFE_PP_,11.89,8.32,0.1491017656824889,11.740898234317513,clk_nand,VALIDATED
1500,g_chan[1].u_cdc_chr.mem[15][23]$_DFFE_PP_,11.9,8.31,0.15909092224430565,11.740909077755695,clk_nand,VALIDATED
1499,g_chan[1].u_cdc_chr.mem[4][16]$_DFFE_PP_,11.9,8.3,0.15906383548723457,11.740936164512766,clk_nand,VALIDATED
1485,g_chan[1].u_cdc_chr.mem[14][8]$_DFFE_PP_,11.9,8.31,0.159049649238575,11.740950350761425,clk_nand,VALIDATED
1494,g_chan[1].u_cdc_chr.mem[15][8]$_DFFE_PP_,11.9,8.3,0.15885825375212637,11.741141746247873,clk_nand,VALIDATED
1483,g_chan[1].u_cdc_chr.mem[13][8]$_DFFE_PP_,11.9,8.3,0.15885825375212637,11.741141746247873,clk_nand,VALIDATED
1490,g_chan[1].u_cdc_chr.mem[12][8]$_DFFE_PP_,11.9,8.3,0.15885825375212637,11.741141746247873,clk_nand,VALIDATED
1435,g_chan[1].u_cdc_chr.mem[6][12]$_DFFE_PP_,11.9,8.32,0.15884016024973202,11.741159839750269,clk_nand,VALIDATED
1380,g_chan[1].u_cdc_chr.mem[12][2]$_DFFE_PP_,11.89,8.32,0.14882477614235934,11.741175223857642,clk_nand,VALIDATED
1507,g_chan[1].u_cdc_chr.mem[6][16]$_DFFE_PP_,11.9,8.3,0.15881418548611692,11.741185814513884,clk_nand,VALIDATED
1479,g_chan[1].u_cdc_chr.mem[3][16]$_DFFE_PP_,11.9,8.31,0.15875557709401744,11.741244422905982,clk_nand,VALIDATED
1481,g_chan[1].u_cdc_chr.mem[2][16]$_DFFE_PP_,11.9,8.31,0.15875557709401744,11.741244422905982,clk_nand,VALIDATED
1578,g_chan[1].u_cdc_chr.mem[14][15]$_DFFE_PP_,11.91,8.3,0.1686775507790753,11.741322449220926,clk_nand,VALIDATED
1580,g_chan[1].u_cdc_chr.mem[7][15]$_DFFE_PP_,11.91,8.3,0.1686775507790753,11.741322449220926,clk_nand,VALIDATED
1577,g_chan[1].u_cdc_chr.mem[10][15]$_DFFE_PP_,11.91,8.3,0.1686775507790753,11.741322449220926,clk_nand,VALIDATED
1572,g_chan[1].u_cdc_chr.mem[11][15]$_DFFE_PP_,11.91,8.3,0.1686775507790753,11.741322449220926,clk_nand,VALIDATED
1389,g_chan[1].u_cdc_chr.mem[13][2]$_DFFE_PP_,11.89,8.31,0.14864590020949509,11.741354099790506,clk_nand,VALIDATED
1569,g_chan[1].u_cdc_chr.mem[1][15]$_DFFE_PP_,11.91,8.3,0.16864221995700546,11.741357780042994,clk_nand,VALIDATED
1495,g_chan[1].u_cdc_chr.mem[7][8]$_DFFE_PP_,11.9,8.31,0.1585165389282388,11.74148346107176,clk_nand,VALIDATED
1509,g_chan[1].u_cdc_chr.mem[0][23]$_DFFE_PP_,11.9,8.31,0.1578159417152707,11.74218405828473,clk_nand,VALIDATED
1508,g_chan[1].u_cdc_chr.mem[8][23]$_DFFE_PP_,11.9,8.31,0.1578159417152707,11.74218405828473,clk_nand,VALIDATED
1513,g_chan[1].u_cdc_chr.mem[10][23]$_DFFE_PP_,11.9,8.31,0.1578159417152707,11.74218405828473,clk_nand,VALIDATED
1515,g_chan[1].u_cdc_chr.mem[4][23]$_DFFE_PP_,11.9,8.31,0.1578159417152707,11.74218405828473,clk_nand,VALIDATED
1504,g_chan[1].u_cdc_chr.mem[1][23]$_DFFE_PP_,11.9,8.31,0.1578159417152707,11.74218405828473,clk_nand,VALIDATED
1579,g_chan[1].u_cdc_chr.mem[15][15]$_DFFE_PP_,11.91,8.3,0.16776703568911733,11.742232964310883,clk_nand,VALIDATED
1486,g_chan[1].u_cdc_chr.mem[6][8]$_DFFE_PP_,11.9,8.31,0.1575376217384603,11.74246237826154,clk_nand,VALIDATED
1512,g_chan[1].u_cdc_chr.mem[2][23]$_DFFE_PP_,11.9,8.31,0.1574959465580178,11.742504053441982,clk_nand,VALIDATED
1517,g_chan[1].u_cdc_chr.mem[5][23]$_DFFE_PP_,11.9,8.31,0.1574959465580178,11.742504053441982,clk_nand,VALIDATED
1514,g_chan[1].u_cdc_chr.mem[9][23]$_DFFE_PP_,11.9,8.31,0.15721544270864396,11.742784557291357,clk_nand,VALIDATED
1511,g_chan[1].u_cdc_chr.mem[7][23]$_DFFE_PP_,11.9,8.31,0.1571759514007649,11.742824048599235,clk_nand,VALIDATED
1516,g_chan[1].u_cdc_chr.mem[6][23]$_DFFE_PP_,11.9,8.31,0.1571759514007649,11.742824048599235,clk_nand,VALIDATED
1581,g_chan[1].u_cdc_chr.mem[0][15]$_DFFE_PP_,11.91,8.3,0.16646838189478164,11.74353161810522,clk_nand,VALIDATED
1584,g_chan[1].u_cdc_chr.mem[3][15]$_DFFE_PP_,11.91,8.3,0.16603089414725103,11.743969105852749,clk_nand,VALIDATED
1446,g_chan[1].u_cdc_chr.mem[7][29]$_DFFE_PP_,11.9,8.31,0.15588022238042287,11.744119777619577,clk_nand,VALIDATED
1453,g_chan[1].u_cdc_chr.mem[6][29]$_DFFE_PP_,11.9,8.31,0.15588022238042287,11.744119777619577,clk_nand,VALIDATED
1583,g_chan[1].u_cdc_chr.mem[13][15]$_DFFE_PP_,11.91,8.3,0.16559340639972042,11.74440659360028,clk_nand,VALIDATED
1585,g_chan[1].u_cdc_chr.mem[11][10]$_DFFE_PP_,11.91,8.3,0.1631776631980647,11.746822336801936,clk_nand,VALIDATED
1582,g_chan[1].u_cdc_chr.mem[10][10]$_DFFE_PP_,11.91,8.3,0.1631776631980647,11.746822336801936,clk_nand,VALIDATED
1451,g_chan[1].u_cdc_chr.mem[3][0]$_DFFE_PP_,11.9,8.32,0.15295273154117228,11.747047268458829,clk_nand,VALIDATED
1420,g_chan[1].u_cdc_chr.mem[8][29]$_DFFE_PP_,11.9,8.31,0.15270171817016687,11.747298281829833,clk_nand,VALIDATED
1419,g_chan[1].u_cdc_chr.mem[11][29]$_DFFE_PP_,11.9,8.31,0.15270171817016687,11.747298281829833,clk_nand,VALIDATED
1422,g_chan[1].u_cdc_chr.mem[10][29]$_DFFE_PP_,11.9,8.31,0.15270171817016687,11.747298281829833,clk_nand,VALIDATED
1429,g_chan[1].u_cdc_chr.mem[2][29]$_DFFE_PP_,11.9,8.31,0.15270171817016687,11.747298281829833,clk_nand,VALIDATED
1543,g_chan[1].u_cdc_chr.mem[5][4]$_DFFE_PP_,11.91,8.3,0.1624085252490941,11.747591474750905,clk_nand,VALIDATED
1542,g_chan[1].u_cdc_chr.mem[6][4]$_DFFE_PP_,11.91,8.3,0.1624085252490941,11.747591474750905,clk_nand,VALIDATED
1534,g_chan[1].u_cdc_chr.mem[7][4]$_DFFE_PP_,11.91,8.3,0.1624085252490941,11.747591474750905,clk_nand,VALIDATED
1523,g_chan[1].u_cdc_chr.mem[4][4]$_DFFE_PP_,11.91,8.3,0.1624085252490941,11.747591474750905,clk_nand,VALIDATED
1445,g_chan[1].u_cdc_chr.mem[2][0]$_DFFE_PP_,11.9,8.32,0.1522553133512643,11.747744686648737,clk_nand,VALIDATED
1428,g_chan[1].u_cdc_chr.mem[3][29]$_DFFE_PP_,11.9,8.31,0.15186665453434578,11.748133345465655,clk_nand,VALIDATED
1457,g_chan[1].u_cdc_chr.mem[11][5]$_DFFE_PP_,11.9,8.31,0.15143820451500334,11.748561795484997,clk_nand,VALIDATED
1586,g_chan[1].u_cdc_chr.mem[2][10]$_DFFE_PP_,11.91,8.3,0.1613829761184572,11.748617023881543,clk_nand,VALIDATED
1537,g_chan[1].u_cdc_chr.mem[9][4]$_DFFE_PP_,11.91,8.3,0.1610810173707402,11.74891898262926,clk_nand,VALIDATED
1444,g_chan[1].u_cdc_chr.mem[5][29]$_DFFE_PP_,11.9,8.31,0.1510315908985247,11.748968409101476,clk_nand,VALIDATED
1440,g_chan[1].u_cdc_chr.mem[13][29]$_DFFE_PP_,11.9,8.31,0.1510315908985247,11.748968409101476,clk_nand,VALIDATED
1425,g_chan[1].u_cdc_chr.mem[12][29]$_DFFE_PP_,11.9,8.31,0.1510315908985247,11.748968409101476,clk_nand,VALIDATED
1437,g_chan[1].u_cdc_chr.mem[14][29]$_DFFE_PP_,11.9,8.31,0.1510315908985247,11.748968409101476,clk_nand,VALIDATED
1473,g_chan[1].u_cdc_chr.mem[12][26]$_DFFE_PP_,11.9,8.31,0.1506801334202651,11.749319866579736,clk_nand,VALIDATED
1448,g_chan[1].u_cdc_chr.mem[1][5]$_DFFE_PP_,11.9,8.31,0.15061635734754408,11.749383642652456,clk_nand,VALIDATED
1436,g_chan[1].u_cdc_chr.mem[9][5]$_DFFE_PP_,11.9,8.31,0.15061635734754408,11.749383642652456,clk_nand,VALIDATED
1439,g_chan[1].u_cdc_chr.mem[0][5]$_DFFE_PP_,11.9,8.31,0.15061635734754408,11.749383642652456,clk_nand,VALIDATED
1459,g_chan[1].u_cdc_chr.mem[12][5]$_DFFE_PP_,11.9,8.31,0.15061635734754408,11.749383642652456,clk_nand,VALIDATED
1442,g_chan[1].u_cdc_chr.mem[3][5]$_DFFE_PP_,11.9,8.31,0.15061635734754408,11.749383642652456,clk_nand,VALIDATED
1455,g_chan[1].u_cdc_chr.mem[15][5]$_DFFE_PP_,11.9,8.31,0.15061635734754408,11.749383642652456,clk_nand,VALIDATED
1461,g_chan[1].u_cdc_chr.mem[13][5]$_DFFE_PP_,11.9,8.31,0.15061635734754408,11.749383642652456,clk_nand,VALIDATED
1452,g_chan[1].u_cdc_chr.mem[2][5]$_DFFE_PP_,11.9,8.31,0.15061635734754408,11.749383642652456,clk_nand,VALIDATED
1443,g_chan[1].u_cdc_chr.mem[8][5]$_DFFE_PP_,11.9,8.31,0.15060314087918225,11.749396859120818,clk_nand,VALIDATED
1441,g_chan[1].u_cdc_chr.mem[6][5]$_DFFE_PP_,11.9,8.31,0.15058992441082042,11.74941007558918,clk_nand,VALIDATED
1454,g_chan[1].u_cdc_chr.mem[5][5]$_DFFE_PP_,11.9,8.31,0.15058992441082042,11.74941007558918,clk_nand,VALIDATED
1450,g_chan[1].u_cdc_chr.mem[10][5]$_DFFE_PP_,11.9,8.31,0.15058992441082042,11.74941007558918,clk_nand,VALIDATED
1462,g_chan[1].u_cdc_chr.mem[14][5]$_DFFE_PP_,11.9,8.31,0.15058992441082042,11.74941007558918,clk_nand,VALIDATED
1456,g_chan[1].u_cdc_chr.mem[4][5]$_DFFE_PP_,11.9,8.31,0.15058992441082042,11.74941007558918,clk_nand,VALIDATED
1424,g_chan[1].u_cdc_chr.mem[7][2]$_DFFE_PP_,11.9,8.31,0.15043530267888694,11.749564697321114,clk_nand,VALIDATED
1433,g_chan[1].u_cdc_chr.mem[4][29]$_DFFE_PP_,11.9,8.31,0.15041194486177012,11.749588055138231,clk_nand,VALIDATED
1464,g_chan[1].u_cdc_chr.mem[7][26]$_DFFE_PP_,11.9,8.31,0.15036273165426473,11.749637268345735,clk_nand,VALIDATED
1463,g_chan[1].u_cdc_chr.mem[3][26]$_DFFE_PP_,11.9,8.31,0.1503495151859029,11.749650484814097,clk_nand,VALIDATED
1474,g_chan[1].u_cdc_chr.mem[5][26]$_DFFE_PP_,11.9,8.31,0.1503495151859029,11.749650484814097,clk_nand,VALIDATED
1460,g_chan[1].u_cdc_chr.mem[4][26]$_DFFE_PP_,11.9,8.31,0.1503495151859029,11.749650484814097,clk_nand,VALIDATED
1426,g_chan[1].u_cdc_chr.mem[14][2]$_DFFE_PP_,11.9,8.31,0.1502479117698119,11.749752088230188,clk_nand,VALIDATED
1487,g_chan[1].u_cdc_chr.mem[13][26]$_DFFE_PP_,11.9,8.31,0.15006048738351052,11.74993951261649,clk_nand,VALIDATED
1476,g_chan[1].u_cdc_chr.mem[14][26]$_DFFE_PP_,11.9,8.31,0.15006048738351052,11.74993951261649,clk_nand,VALIDATED
1417,g_chan[1].u_cdc_chr.mem[11][26]$_DFFE_PP_,11.9,8.31,0.14978168140012404,11.750218318599876,clk_nand,VALIDATED
1533,g_chan[1].u_cdc_chr.mem[8][4]$_DFFE_PP_,11.91,8.3,0.15975350949238631,11.750246490507614,clk_nand,VALIDATED
1545,g_chan[1].u_cdc_chr.mem[3][4]$_DFFE_PP_,11.91,8.3,0.15975350949238631,11.750246490507614,clk_nand,VALIDATED
1538,g_chan[1].u_cdc_chr.mem[11][4]$_DFFE_PP_,11.91,8.3,0.15975350949238631,11.750246490507614,clk_nand,VALIDATED
1564,g_chan[1].u_cdc_chr.mem[1][4]$_DFFE_PP_,11.91,8.3,0.15975350949238631,11.750246490507614,clk_nand,VALIDATED
1550,g_chan[1].u_cdc_chr.mem[10][4]$_DFFE_PP_,11.91,8.3,0.15975350949238631,11.750246490507614,clk_nand,VALIDATED
1541,g_chan[1].u_cdc_chr.mem[2][4]$_DFFE_PP_,11.91,8.3,0.15975350949238631,11.750246490507614,clk_nand,VALIDATED
1560,g_chan[1].u_cdc_chr.mem[0][4]$_DFFE_PP_,11.91,8.3,0.15975350949238631,11.750246490507614,clk_nand,VALIDATED
1475,g_chan[1].u_cdc_chr.mem[15][26]$_DFFE_PP_,11.9,8.31,0.14974308561751015,11.75025691438249,clk_nand,VALIDATED
1470,g_chan[1].u_cdc_chr.mem[6][26]$_DFFE_PP_,11.9,8.31,0.14974308561751015,11.75025691438249,clk_nand,VALIDATED
1432,g_chan[1].u_cdc_chr.mem[7][5]$_DFFE_PP_,11.9,8.31,0.14957840082750273,11.750421599172498,clk_nand,VALIDATED
1466,g_chan[1].u_cdc_chr.mem[2][26]$_DFFE_PP_,11.9,8.31,0.14942568385150978,11.75057431614849,clk_nand,VALIDATED
1552,g_chan[1].u_cdc_chr.mem[1][27]$_DFFE_PP_,11.91,8.3,0.15940143177354826,11.750598568226453,clk_nand,VALIDATED
1555,g_chan[1].u_cdc_chr.mem[3][27]$_DFFE_PP_,11.91,8.3,0.15940143177354826,11.750598568226453,clk_nand,VALIDATED
1558,g_chan[1].u_cdc_chr.mem[2][27]$_DFFE_PP_,11.91,8.3,0.15940143177354826,11.750598568226453,clk_nand,VALIDATED
1430,g_chan[1].u_cdc_chr.mem[10][26]$_DFFE_PP_,11.9,8.31,0.14902344505359533,11.750976554946405,clk_nand,VALIDATED
1535,g_chan[1].u_cdc_chr.mem[15][27]$_DFFE_PP_,11.91,8.3,0.15860578342832754,11.751394216571672,clk_nand,VALIDATED
1526,g_chan[1].u_cdc_chr.mem[11][27]$_DFFE_PP_,11.91,8.3,0.15860578342832754,11.751394216571672,clk_nand,VALIDATED
1438,g_chan[1].u_cdc_chr.mem[9][26]$_DFFE_PP_,11.9,8.31,0.1484141602681921,11.751585839731808,clk_nand,VALIDATED
1434,g_chan[1].u_cdc_chr.mem[1][26]$_DFFE_PP_,11.9,8.31,0.1484141602681921,11.751585839731808,clk_nand,VALIDATED
1416,g_chan[1].u_cdc_chr.mem[0][26]$_DFFE_PP_,11.9,8.31,0.1484141602681921,11.751585839731808,clk_nand,VALIDATED
1427,g_chan[1].u_cdc_chr.mem[8][26]$_DFFE_PP_,11.9,8.31,0.1484141602681921,11.751585839731808,clk_nand,VALIDATED
1519,g_chan[1].u_cdc_chr.mem[9][27]$_DFFE_PP_,11.91,8.31,0.15720189904737492,11.752798100952624,clk_nand,VALIDATED
1532,g_chan[1].u_cdc_chr.mem[10][27]$_DFFE_PP_,11.91,8.3,0.15701272708702918,11.752987272912971,clk_nand,VALIDATED
1524,g_chan[1].u_cdc_chr.mem[0][27]$_DFFE_PP_,11.91,8.3,0.15701272708702918,11.752987272912971,clk_nand,VALIDATED
1540,g_chan[1].u_cdc_chr.mem[4][27]$_DFFE_PP_,11.91,8.3,0.15701272708702918,11.752987272912971,clk_nand,VALIDATED
1536,g_chan[1].u_cdc_chr.mem[7][27]$_DFFE_PP_,11.91,8.3,0.15701272708702918,11.752987272912971,clk_nand,VALIDATED
1529,g_chan[1].u_cdc_chr.mem[5][27]$_DFFE_PP_,11.91,8.3,0.15701272708702918,11.752987272912971,clk_nand,VALIDATED
1530,g_chan[1].u_cdc_chr.mem[8][27]$_DFFE_PP_,11.91,8.3,0.15701272708702918,11.752987272912971,clk_nand,VALIDATED
1566,g_chan[1].u_cdc_chr.mem[15][7]$_DFFE_PP_,11.91,8.3,0.15623793252596652,11.753762067474034,clk_nand,VALIDATED
1546,g_chan[1].u_cdc_chr.mem[6][27]$_DFFE_PP_,11.91,8.3,0.15619838211983028,11.75380161788017,clk_nand,VALIDATED
1525,g_chan[1].u_cdc_chr.mem[12][27]$_DFFE_PP_,11.91,8.3,0.15619838211983028,11.75380161788017,clk_nand,VALIDATED
1531,g_chan[1].u_cdc_chr.mem[14][27]$_DFFE_PP_,11.91,8.3,0.15619838211983028,11.75380161788017,clk_nand,VALIDATED
1527,g_chan[1].u_cdc_chr.mem[13][27]$_DFFE_PP_,11.91,8.3,0.15619838211983028,11.75380161788017,clk_nand,VALIDATED
1548,g_chan[1].u_cdc_chr.mem[7][7]$_DFFE_PP_,11.91,8.3,0.1558578590141776,11.754142140985822,clk_nand,VALIDATED
1556,g_chan[1].u_cdc_chr.mem[14][7]$_DFFE_PP_,11.91,8.3,0.1558578590141776,11.754142140985822,clk_nand,VALIDATED
1521,g_chan[1].u_cdc_chr.mem[13][4]$_DFFE_PP_,11.91,8.3,0.1557730205655844,11.754226979434415,clk_nand,VALIDATED
1522,g_chan[1].u_cdc_chr.mem[14][4]$_DFFE_PP_,11.91,8.3,0.1557730205655844,11.754226979434415,clk_nand,VALIDATED
1518,g_chan[1].u_cdc_chr.mem[15][4]$_DFFE_PP_,11.91,8.3,0.1557730205655844,11.754226979434415,clk_nand,VALIDATED
1599,g_chan[1].u_cdc_chr.mem[4][15]$_DFFE_PP_,11.92,8.3,0.16559340639972042,11.75440659360028,clk_nand,VALIDATED
1595,g_chan[1].u_cdc_chr.mem[6][15]$_DFFE_PP_,11.92,8.3,0.16559340639972042,11.75440659360028,clk_nand,VALIDATED
1587,g_chan[1].u_cdc_chr.mem[2][15]$_DFFE_PP_,11.92,8.3,0.16559340639972042,11.75440659360028,clk_nand,VALIDATED
1588,g_chan[1].u_cdc_chr.mem[12][15]$_DFFE_PP_,11.92,8.3,0.16559340639972042,11.75440659360028,clk_nand,VALIDATED
1567,g_chan[1].u_cdc_chr.mem[11][7]$_DFFE_PP_,11.91,8.3,0.15547778550238867,11.754522214497612,clk_nand,VALIDATED
1576,g_chan[1].u_cdc_chr.mem[9][7]$_DFFE_PP_,11.91,8.3,0.15547778550238867,11.754522214497612,clk_nand,VALIDATED
1568,g_chan[1].u_cdc_chr.mem[10][7]$_DFFE_PP_,11.91,8.3,0.15547778550238867,11.754522214497612,clk_nand,VALIDATED
1561,g_chan[1].u_cdc_chr.mem[6][7]$_DFFE_PP_,11.91,8.3,0.15547778550238867,11.754522214497612,clk_nand,VALIDATED
1520,g_chan[1].u_cdc_chr.mem[12][4]$_DFFE_PP_,11.91,8.3,0.1545007028829971,11.755499297117003,clk_nand,VALIDATED
1593,g_chan[1].u_cdc_chr.mem[5][10]$_DFFE_PP_,11.92,8.3,0.16296680213448977,11.75703319786551,clk_nand,VALIDATED
1596,g_chan[1].u_cdc_chr.mem[9][10]$_DFFE_PP_,11.92,8.3,0.16261420302500884,11.75738579697499,clk_nand,VALIDATED
1600,g_chan[1].u_cdc_chr.mem[8][10]$_DFFE_PP_,11.92,8.3,0.16207097893614686,11.757929021063854,clk_nand,VALIDATED
1591,g_chan[1].u_cdc_chr.mem[12][10]$_DFFE_PP_,11.92,8.3,0.16205074285195298,11.757949257148047,clk_nand,VALIDATED
1592,g_chan[1].u_cdc_chr.mem[15][10]$_DFFE_PP_,11.92,8.3,0.16205074285195298,11.757949257148047,clk_nand,VALIDATED
1598,g_chan[1].u_cdc_chr.mem[13][10]$_DFFE_PP_,11.92,8.3,0.16205074285195298,11.757949257148047,clk_nand,VALIDATED
1597,g_chan[1].u_cdc_chr.mem[7][10]$_DFFE_PP_,11.92,8.3,0.16205074285195298,11.757949257148047,clk_nand,VALIDATED
1594,g_chan[1].u_cdc_chr.mem[4][10]$_DFFE_PP_,11.92,8.3,0.16205074285195298,11.757949257148047,clk_nand,VALIDATED
1547,g_chan[1].u_cdc_chr.mem[13][7]$_DFFE_PP_,11.91,8.3,0.1513951357389921,11.758604864261008,clk_nand,VALIDATED
1589,g_chan[1].u_cdc_chr.mem[0][10]$_DFFE_PP_,11.92,8.3,0.1613829761184572,11.758617023881543,clk_nand,VALIDATED
1590,g_chan[1].u_cdc_chr.mem[1][10]$_DFFE_PP_,11.92,8.3,0.1613829761184572,11.758617023881543,clk_nand,VALIDATED
1528,g_chan[1].u_cdc_chr.mem[12][7]$_DFFE_PP_,11.91,8.3,0.15072297626623166,11.759277023733768,clk_nand,VALIDATED
1571,g_chan[1].u_cdc_chr.mem[9][28]$_DFFE_PP_,11.91,8.28,0.15065749187906485,11.759342508120936,clk_nand,VALIDATED
1551,g_chan[1].u_cdc_chr.mem[11][28]$_DFFE_PP_,11.91,8.28,0.15065749187906485,11.759342508120936,clk_nand,VALIDATED
1573,g_chan[1].u_cdc_chr.mem[8][28]$_DFFE_PP_,11.91,8.28,0.15065749187906485,11.759342508120936,clk_nand,VALIDATED
1575,g_chan[1].u_cdc_chr.mem[10][28]$_DFFE_PP_,11.91,8.28,0.15065749187906485,11.759342508120936,clk_nand,VALIDATED
1559,g_chan[1].u_cdc_chr.mem[5][7]$_DFFE_PP_,11.91,8.3,0.15034290275444273,11.759657097245558,clk_nand,VALIDATED
1554,g_chan[1].u_cdc_chr.mem[3][7]$_DFFE_PP_,11.91,8.3,0.1501573349916846,11.759842665008316,clk_nand,VALIDATED
1565,g_chan[1].u_cdc_chr.mem[1][7]$_DFFE_PP_,11.91,8.3,0.1501573349916846,11.759842665008316,clk_nand,VALIDATED
1539,g_chan[1].u_cdc_chr.mem[0][7]$_DFFE_PP_,11.91,8.3,0.1501573349916846,11.759842665008316,clk_nand,VALIDATED
1549,g_chan[1].u_cdc_chr.mem[4][7]$_DFFE_PP_,11.91,8.3,0.1501573349916846,11.759842665008316,clk_nand,VALIDATED
1562,g_chan[1].u_cdc_chr.mem[2][7]$_DFFE_PP_,11.91,8.3,0.1501573349916846,11.759842665008316,clk_nand,VALIDATED
1574,g_chan[1].u_cdc_chr.mem[6][28]$_DFFE_PP_,11.91,8.28,0.14998637920382163,11.760013620796178,clk_nand,VALIDATED
1570,g_chan[1].u_cdc_chr.mem[7][28]$_DFFE_PP_,11.91,8.28,0.14998637920382163,11.760013620796178,clk_nand,VALIDATED
1557,g_chan[1].u_cdc_chr.mem[1][28]$_DFFE_PP_,11.91,8.28,0.14998637920382163,11.760013620796178,clk_nand,VALIDATED
1563,g_chan[1].u_cdc_chr.mem[0][28]$_DFFE_PP_,11.91,8.28,0.14998637920382163,11.760013620796178,clk_nand,VALIDATED
