path_id,endpoint,slack_ns,delay_ns,droop_penalty_ns,effective_slack_ns,clock_domain,provenance
400,_44521_,2.1,3.0,0.05678744224207724,2.043212557757923,clk_core,VALIDATED
401,g_clkgate.u_cg_core.en_latched$_DLATCH_N_,2.15,0.74,0.014089766228488017,2.135910233771512,clk_core,VALIDATED
402,c_cmd_addr[30]$_DFFE_PN0N_,3.76,1.6,0.029000250167368333,3.7309997498326313,clk_core,VALIDATED
403,c_cmd_len[9]$_DFFE_PN0N_,3.77,1.6,0.028712115482616832,3.741287884517383,clk_core,VALIDATED
404,c_cmd_addr[27]$_DFFE_PN0N_,3.78,1.59,0.02870910557323783,3.751290894426762,clk_core,VALIDATED
405,c_cmd_addr[28]$_DFFE_PN0N_,3.78,1.59,0.028622516813632273,3.7513774831863675,clk_core,VALIDATED
407,c_cmd_len[7]$_DFFE_PN0N_,3.8,1.57,0.02806109798460052,3.7719389020153993,clk_core,VALIDATED
406,c_cmd_addr[29]$_DFFE_PN0N_,3.8,1.57,0.028060331653703002,3.7719396683462967,clk_core,VALIDATED
408,c_cmd_len[11]$_DFFE_PN0N_,3.81,1.56,0.02787790000234927,3.782122099997651,clk_core,VALIDATED
411,u_dma_fabric.rbeat_data[12]$_DFFE_PN0P_,3.84,1.5,0.0469114803826481,3.793088519617352,clk_core,VALIDATED
428,u_dma_fabric.rbeat_data[13]$_DFFE_PN0P_,3.85,1.49,0.046729722699260706,3.803270277300739,clk_core,VALIDATED
416,u_dma_fabric.rbeat_data[10]$_DFFE_PN0P_,3.85,1.5,0.04639082440242222,3.803609175597578,clk_core,VALIDATED
417,u_dma_fabric.rbeat_data[17]$_DFFE_PN0P_,3.85,1.49,0.04608219214926425,3.803917807850736,clk_core,VALIDATED
443,u_dma_fabric.rbeat_data[30]$_DFFE_PN0P_,3.85,1.49,0.044831853446255454,3.805168146553745,clk_core,VALIDATED
409,c_cmd_len[16]$_DFFE_PN0N_,3.84,1.53,0.027452804645238055,3.8125471953547616,clk_core,VALIDATED
410,c_cmd_len[23]$_DFFE_PN0N_,3.84,1.53,0.02736290413292171,3.8126370958670783,clk_core,VALIDATED
413,c_cmd_len[18]$_DFFE_PN0N_,3.84,1.52,0.027102890291608214,3.8128971097083917,clk_core,VALIDATED
412,c_cmd_addr[21]$_DFFE_PN0N_,3.84,1.52,0.026789377349866125,3.813210622650134,clk_core,VALIDATED
497,u_dma_fabric.rbeat_data[18]$_DFFE_PN0P_,3.86,1.48,0.0457036185524371,3.814296381447563,clk_core,VALIDATED
451,u_dma_fabric.rbeat_data[19]$_DFFE_PN0P_,3.86,1.49,0.04530661664565694,3.814693383354343,clk_core,VALIDATED
468,u_dma_fabric.rbeat_data[16]$_DFFE_PN0P_,3.86,1.48,0.04505626007471793,3.814943739925282,clk_core,VALIDATED
469,u_dma_fabric.rbeat_data[29]$_DFFE_PN0P_,3.86,1.48,0.04391001338650703,3.816089986613493,clk_core,VALIDATED
430,g_chan[0].u_cdc_chw.mem[6][31]$_DFFE_PP_,3.85,1.51,0.033836856688112885,3.816163143311887,clk_core,VALIDATED
432,g_chan[0].u_cdc_chw.mem[2][31]$_DFFE_PP_,3.85,1.51,0.033836856688112885,3.816163143311887,clk_core,VALIDATED
426,g_chan[0].u_cdc_chw.mem[5][31]$_DFFE_PP_,3.85,1.51,0.033836856688112885,3.816163143311887,clk_core,VALIDATED
421,g_chan[0].u_cdc_chw.mem[11][31]$_DFFE_PP_,3.85,1.51,0.033836856688112885,3.816163143311887,clk_core,VALIDATED
427,g_chan[0].u_cdc_chw.mem[9][31]$_DFFE_PP_,3.85,1.51,0.033836856688112885,3.816163143311887,clk_core,VALIDATED
433,g_chan[0].u_cdc_chw.mem[3][31]$_DFFE_PP_,3.85,1.51,0.033836856688112885,3.816163143311887,clk_core,VALIDATED
435,g_chan[0].u_cdc_chw.mem[12][31]$_DFFE_PP_,3.85,1.51,0.033836856688112885,3.816163143311887,clk_core,VALIDATED
429,g_chan[0].u_cdc_chw.mem[13][31]$_DFFE_PP_,3.85,1.51,0.033836856688112885,3.816163143311887,clk_core,VALIDATED
434,g_chan[0].u_cdc_chw.mem[14][31]$_DFFE_PP_,3.85,1.51,0.033836856688112885,3.816163143311887,clk_core,VALIDATED
425,g_chan[0].u_cdc_chw.mem[7][31]$_DFFE_PP_,3.85,1.51,0.033836856688112885,3.816163143311887,clk_core,VALIDATED
422,g_chan[0].u_cdc_chw.mem[8][31]$_DFFE_PP_,3.85,1.51,0.033836856688112885,3.816163143311887,clk_core,VALIDATED
423,g_chan[0].u_cdc_chw.mem[10][31]$_DFFE_PP_,3.85,1.51,0.033836856688112885,3.816163143311887,clk_core,VALIDATED
424,g_chan[0].u_cdc_chw.mem[4][31]$_DFFE_PP_,3.85,1.51,0.033836856688112885,3.816163143311887,clk_core,VALIDATED
431,g_chan[0].u_cdc_chw.mem[15][31]$_DFFE_PP_,3.85,1.51,0.03375094308261066,3.8162490569173895,clk_core,VALIDATED
418,g_chan[0].u_cdc_chw.mem[0][31]$_DFFE_PP_,3.85,1.51,0.03371744740354975,3.8162825525964506,clk_core,VALIDATED
420,g_chan[0].u_cdc_chw.mem[1][31]$_DFFE_PP_,3.85,1.51,0.03364628789068509,3.816353712109315,clk_core,VALIDATED
445,g_chan[0].u_cdc_chw.mem[9][14]$_DFFE_PP_,3.85,1.5,0.033371452790754236,3.816628547209246,clk_core,VALIDATED
442,g_chan[0].u_cdc_chw.mem[13][14]$_DFFE_PP_,3.85,1.5,0.033371452790754236,3.816628547209246,clk_core,VALIDATED
446,g_chan[0].u_cdc_chw.mem[8][14]$_DFFE_PP_,3.85,1.5,0.033300764532941673,3.8166992354670586,clk_core,VALIDATED
440,g_chan[0].u_cdc_chw.mem[15][14]$_DFFE_PP_,3.85,1.5,0.03328610814952687,3.816713891850473,clk_core,VALIDATED
441,g_chan[0].u_cdc_chw.mem[14][14]$_DFFE_PP_,3.85,1.5,0.03328610814952687,3.816713891850473,clk_core,VALIDATED
439,g_chan[0].u_cdc_chw.mem[4][14]$_DFFE_PP_,3.85,1.5,0.03323007627512911,3.816769923724871,clk_core,VALIDATED
448,g_chan[0].u_cdc_chw.mem[5][14]$_DFFE_PP_,3.85,1.5,0.033152460174108125,3.816847539825892,clk_core,VALIDATED
437,g_chan[0].u_cdc_chw.mem[11][14]$_DFFE_PP_,3.85,1.5,0.033137803790693324,3.8168621962093066,clk_core,VALIDATED
438,g_chan[0].u_cdc_chw.mem[10][14]$_DFFE_PP_,3.85,1.5,0.033137803790693324,3.8168621962093066,clk_core,VALIDATED
449,g_chan[0].u_cdc_chw.mem[6][14]$_DFFE_PP_,3.85,1.5,0.03307484407308714,3.816925155926913,clk_core,VALIDATED
444,g_chan[1].u_cdc_chw.mem[0][14]$_DFFE_PP_,3.85,1.49,0.030675374441876666,3.8193246255581235,clk_core,VALIDATED
447,c_cmd_addr[9]$_DFFE_PN0N_,3.85,1.51,0.02723694055816496,3.822763059441835,clk_core,VALIDATED
450,c_cmd_opcode[6]$_DFFE_PN0N_,3.85,1.51,0.027185658441182453,3.822814341558818,clk_core,VALIDATED
419,c_cmd_len[4]$_DFFE_PN0N_,3.85,1.52,0.02718378717906106,3.822816212820939,clk_core,VALIDATED
414,c_cmd_len[22]$_DFFE_PN0N_,3.85,1.52,0.02708098163520574,3.8229190183647943,clk_core,VALIDATED
415,c_cmd_len[10]$_DFFE_PN0N_,3.85,1.52,0.027022314196761724,3.8229776858032385,clk_core,VALIDATED
436,c_cmd_addr[31]$_DFFE_PN0N_,3.85,1.51,0.026603248599789422,3.8233967514002107,clk_core,VALIDATED
500,u_dma_fabric.rbeat_data[20]$_DFFE_PN0P_,3.87,1.47,0.045204236929367106,3.824795763070633,clk_core,VALIDATED
462,g_chan[0].u_cdc_chw.mem[12][14]$_DFFE_PP_,3.86,1.5,0.033490071285353376,3.8265099287146467,clk_core,VALIDATED
453,g_chan[0].u_cdc_chw.mem[1][14]$_DFFE_PP_,3.86,1.5,0.03323007627512911,3.826769923724871,clk_core,VALIDATED
458,g_chan[0].u_cdc_chw.mem[0][14]$_DFFE_PP_,3.86,1.5,0.03323007627512911,3.826769923724871,clk_core,VALIDATED
488,g_chan[0].u_cdc_chw.mem[7][17]$_DFFE_PP_,3.86,1.49,0.03316822509206775,3.826831774907932,clk_core,VALIDATED
485,g_chan[0].u_cdc_chw.mem[0][17]$_DFFE_PP_,3.86,1.49,0.03316822509206775,3.826831774907932,clk_core,VALIDATED
483,g_chan[0].u_cdc_chw.mem[1][17]$_DFFE_PP_,3.86,1.49,0.03316822509206775,3.826831774907932,clk_core,VALIDATED
496,g_chan[0].u_cdc_chw.mem[3][17]$_DFFE_PP_,3.86,1.49,0.03316822509206775,3.826831774907932,clk_core,VALIDATED
479,g_chan[0].u_cdc_chw.mem[5][17]$_DFFE_PP_,3.86,1.49,0.03316822509206775,3.826831774907932,clk_core,VALIDATED
494,g_chan[0].u_cdc_chw.mem[2][17]$_DFFE_PP_,3.86,1.49,0.03316822509206775,3.826831774907932,clk_core,VALIDATED
492,g_chan[0].u_cdc_chw.mem[6][17]$_DFFE_PP_,3.86,1.49,0.03316822509206775,3.826831774907932,clk_core,VALIDATED
478,g_chan[0].u_cdc_chw.mem[4][17]$_DFFE_PP_,3.86,1.49,0.03314453939635732,3.8268554606036425,clk_core,VALIDATED
490,g_chan[0].u_cdc_chw.mem[8][17]$_DFFE_PP_,3.86,1.49,0.03314453939635732,3.8268554606036425,clk_core,VALIDATED
495,g_chan[0].u_cdc_chw.mem[9][17]$_DFFE_PP_,3.86,1.49,0.03314453939635732,3.8268554606036425,clk_core,VALIDATED
456,g_chan[0].u_cdc_chw.mem[3][14]$_DFFE_PP_,3.86,1.5,0.03307484407308714,3.826925155926913,clk_core,VALIDATED
454,g_chan[0].u_cdc_chw.mem[2][14]$_DFFE_PP_,3.86,1.5,0.03307484407308714,3.826925155926913,clk_core,VALIDATED
452,g_chan[0].u_cdc_chw.mem[7][14]$_DFFE_PP_,3.86,1.5,0.03307484407308714,3.826925155926913,clk_core,VALIDATED
471,g_chan[0].u_cdc_chw.mem[14][17]$_DFFE_PP_,3.86,1.49,0.03290944497922478,3.827090555020775,clk_core,VALIDATED
464,g_chan[0].u_cdc_chw.mem[11][17]$_DFFE_PP_,3.86,1.49,0.03290944497922478,3.827090555020775,clk_core,VALIDATED
463,g_chan[0].u_cdc_chw.mem[13][17]$_DFFE_PP_,3.86,1.49,0.03290944497922478,3.827090555020775,clk_core,VALIDATED
460,g_chan[0].u_cdc_chw.mem[15][17]$_DFFE_PP_,3.86,1.49,0.03290944497922478,3.827090555020775,clk_core,VALIDATED
466,g_chan[0].u_cdc_chw.mem[12][17]$_DFFE_PP_,3.86,1.49,0.03290944497922478,3.827090555020775,clk_core,VALIDATED
465,g_chan[0].u_cdc_chw.mem[10][17]$_DFFE_PP_,3.86,1.49,0.03290944497922478,3.827090555020775,clk_core,VALIDATED
482,g_chan[1].u_cdc_chw.mem[3][31]$_DFFE_PP_,3.86,1.49,0.031274198504210426,3.8287258014957892,clk_core,VALIDATED
476,g_chan[1].u_cdc_chw.mem[0][31]$_DFFE_PP_,3.86,1.49,0.031274198504210426,3.8287258014957892,clk_core,VALIDATED
486,g_chan[1].u_cdc_chw.mem[2][31]$_DFFE_PP_,3.86,1.49,0.031274198504210426,3.8287258014957892,clk_core,VALIDATED
473,g_chan[1].u_cdc_chw.mem[1][31]$_DFFE_PP_,3.86,1.49,0.031274198504210426,3.8287258014957892,clk_core,VALIDATED
484,g_chan[1].u_cdc_chw.mem[6][31]$_DFFE_PP_,3.86,1.49,0.031213728451014666,3.828786271548985,clk_core,VALIDATED
493,g_chan[1].u_cdc_chw.mem[4][31]$_DFFE_PP_,3.86,1.49,0.031200650767374452,3.8287993492326255,clk_core,VALIDATED
491,g_chan[1].u_cdc_chw.mem[5][31]$_DFFE_PP_,3.86,1.49,0.031200650767374452,3.8287993492326255,clk_core,VALIDATED
455,g_chan[1].u_cdc_chw.mem[7][31]$_DFFE_PP_,3.86,1.49,0.031105350595422854,3.8288946494045772,clk_core,VALIDATED
459,g_chan[1].u_cdc_chw.mem[1][14]$_DFFE_PP_,3.86,1.49,0.030709992134623262,3.8292900078653767,clk_core,VALIDATED
477,g_chan[1].u_cdc_chw.mem[5][14]$_DFFE_PP_,3.86,1.49,0.030585203064692396,3.8294147969353074,clk_core,VALIDATED
487,g_chan[1].u_cdc_chw.mem[4][14]$_DFFE_PP_,3.86,1.49,0.030585203064692396,3.8294147969353074,clk_core,VALIDATED
480,g_chan[1].u_cdc_chw.mem[6][14]$_DFFE_PP_,3.86,1.49,0.030585203064692396,3.8294147969353074,clk_core,VALIDATED
489,g_chan[1].u_cdc_chw.mem[7][14]$_DFFE_PP_,3.86,1.49,0.030585203064692396,3.8294147969353074,clk_core,VALIDATED
481,g_chan[1].u_cdc_chw.mem[3][14]$_DFFE_PP_,3.86,1.49,0.030585203064692396,3.8294147969353074,clk_core,VALIDATED
475,g_chan[1].u_cdc_chw.mem[2][14]$_DFFE_PP_,3.86,1.49,0.030585203064692396,3.8294147969353074,clk_core,VALIDATED
457,c_cmd_addr[11]$_DFFE_PN0N_,3.86,1.51,0.02741577735611221,3.8325842226438875,clk_core,VALIDATED
474,c_cmd_addr[10]$_DFFE_PN0N_,3.86,1.51,0.02737987003074524,3.832620129969255,clk_core,VALIDATED
472,c_cmd_addr[7]$_DFFE_PN0N_,3.86,1.51,0.02724219150923715,3.8327578084907628,clk_core,VALIDATED
461,c_cmd_addr[6]$_DFFE_PN0N_,3.86,1.51,0.027228824885381767,3.832771175114618,clk_core,VALIDATED
470,c_cmd_addr[2]$_DFFE_PN0N_,3.86,1.51,0.027116388519803636,3.832883611480196,clk_core,VALIDATED
467,c_cmd_addr[8]$_DFFE_PN0N_,3.86,1.51,0.027116388519803636,3.832883611480196,clk_core,VALIDATED
498,c_cmd_len[28]$_DFFE_PN0N_,3.86,1.51,0.0265125954095613,3.8334874045904384,clk_core,VALIDATED
503,g_chan[1].u_cdc_chw.mem[2][17]$_DFFE_PP_,3.87,1.48,0.03129680359185388,3.8387031964081464,clk_core,VALIDATED
505,g_chan[1].u_cdc_chw.mem[3][17]$_DFFE_PP_,3.87,1.48,0.031241214890952926,3.838758785109047,clk_core,VALIDATED
502,g_chan[1].u_cdc_chw.mem[1][17]$_DFFE_PP_,3.87,1.48,0.031185626190051968,3.838814373809948,clk_core,VALIDATED
504,g_chan[1].u_cdc_chw.mem[0][17]$_DFFE_PP_,3.87,1.48,0.031185626190051968,3.838814373809948,clk_core,VALIDATED
499,c_cmd_len[5]$_DFFE_PN0N_,3.87,1.5,0.026856267326679895,3.84314373267332,clk_core,VALIDATED
501,c_cmd_addr[26]$_DFFE_PN0N_,3.87,1.49,0.026605244340677417,3.8433947556593226,clk_core,VALIDATED
509,g_chan[1].u_cdc_chw.mem[4][17]$_DFFE_PP_,3.88,1.48,0.031185626190051968,3.848814373809948,clk_core,VALIDATED
507,g_chan[1].u_cdc_chw.mem[5][17]$_DFFE_PP_,3.88,1.48,0.031185626190051968,3.848814373809948,clk_core,VALIDATED
511,g_chan[1].u_cdc_chw.mem[7][17]$_DFFE_PP_,3.88,1.48,0.031185626190051968,3.848814373809948,clk_core,VALIDATED
512,g_chan[1].u_cdc_chw.mem[6][17]$_DFFE_PP_,3.88,1.48,0.031185626190051968,3.848814373809948,clk_core,VALIDATED
506,g_chan[1].u_cdc_chw.mem[11][17]$_DFFE_PP_,3.88,1.48,0.030935262562165056,3.8490647374378346,clk_core,VALIDATED
508,g_chan[1].u_cdc_chw.mem[10][17]$_DFFE_PP_,3.88,1.48,0.030844626113558135,3.849155373886442,clk_core,VALIDATED
510,g_chan[1].u_cdc_chw.mem[13][17]$_DFFE_PP_,3.88,1.48,0.030753989664951215,3.8492460103350488,clk_core,VALIDATED
513,g_chan[1].u_cdc_chw.mem[12][17]$_DFFE_PP_,3.88,1.48,0.030753989664951215,3.8492460103350488,clk_core,VALIDATED
515,g_chan[1].u_cdc_chw.mem[8][17]$_DFFE_PP_,3.88,1.47,0.030635657280919465,3.8493643427190802,clk_core,VALIDATED
514,g_chan[1].u_cdc_chw.mem[9][17]$_DFFE_PP_,3.88,1.47,0.030635657280919465,3.8493643427190802,clk_core,VALIDATED
516,c_cmd_len[26]$_DFFE_PN0N_,3.88,1.48,0.026065281171428395,3.8539347188285715,clk_core,VALIDATED
517,c_cmd_addr[20]$_DFFE_PN0N_,3.88,1.48,0.026036906655223,3.853963093344777,clk_core,VALIDATED
518,c_cmd_addr[23]$_DFFE_PN0N_,3.89,1.48,0.026150813958764688,3.8638491860412354,clk_core,VALIDATED
519,c_cmd_len[20]$_DFFE_PN0N_,3.89,1.47,0.026121163912007125,3.863878836087993,clk_core,VALIDATED
521,c_cmd_len[21]$_DFFE_PN0N_,3.9,1.47,0.026100152262412996,3.873899847737587,clk_core,VALIDATED
520,c_cmd_len[14]$_DFFE_PN0N_,3.9,1.47,0.02599834820445826,3.874001651795542,clk_core,VALIDATED
523,c_cmd_len[31]$_DFFE_PN0N_,3.9,1.47,0.02593740264488903,3.874062597355111,clk_core,VALIDATED
522,c_cmd_len[29]$_DFFE_PN0N_,3.9,1.46,0.025904159437400737,3.874095840562599,clk_core,VALIDATED
524,c_cmd_len[27]$_DFFE_PN0N_,3.91,1.46,0.025953145233828426,3.8840468547661717,clk_core,VALIDATED
526,c_cmd_len[2]$_DFFE_PN0N_,3.91,1.45,0.025878975487764702,3.8841210245122353,clk_core,VALIDATED
525,c_cmd_len[13]$_DFFE_PN0N_,3.91,1.46,0.025664773757629822,3.8843352262423703,clk_core,VALIDATED
528,c_cmd_len[8]$_DFFE_PN0N_,3.92,1.45,0.025835286991497813,3.894164713008502,clk_core,VALIDATED
527,c_cmd_len[30]$_DFFE_PN0N_,3.92,1.45,0.025563347682617477,3.8944366523173826,clk_core,VALIDATED
533,g_chan[0].u_cdc_chw.mem[5][25]$_DFFE_PP_,3.93,1.42,0.03132262171463343,3.8986773782853668,clk_core,VALIDATED
541,g_chan[0].u_cdc_chw.mem[0][25]$_DFFE_PP_,3.93,1.42,0.03132262171463343,3.8986773782853668,clk_core,VALIDATED
534,g_chan[0].u_cdc_chw.mem[3][25]$_DFFE_PP_,3.93,1.42,0.03132262171463343,3.8986773782853668,clk_core,VALIDATED
537,g_chan[0].u_cdc_chw.mem[2][25]$_DFFE_PP_,3.93,1.42,0.03132262171463343,3.8986773782853668,clk_core,VALIDATED
536,g_chan[0].u_cdc_chw.mem[1][25]$_DFFE_PP_,3.93,1.42,0.03132262171463343,3.8986773782853668,clk_core,VALIDATED
535,g_chan[0].u_cdc_chw.mem[7][25]$_DFFE_PP_,3.93,1.42,0.03132262171463343,3.8986773782853668,clk_core,VALIDATED
531,g_chan[0].u_cdc_chw.mem[4][25]$_DFFE_PP_,3.93,1.42,0.03132262171463343,3.8986773782853668,clk_core,VALIDATED
532,g_chan[0].u_cdc_chw.mem[10][25]$_DFFE_PP_,3.93,1.42,0.03123382120394641,3.8987661787960537,clk_core,VALIDATED
538,g_chan[0].u_cdc_chw.mem[11][25]$_DFFE_PP_,3.93,1.42,0.03123382120394641,3.8987661787960537,clk_core,VALIDATED
529,g_chan[0].u_cdc_chw.mem[9][25]$_DFFE_PP_,3.93,1.42,0.03123382120394641,3.8987661787960537,clk_core,VALIDATED
542,g_chan[0].u_cdc_chw.mem[14][25]$_DFFE_PP_,3.93,1.42,0.03114502069325939,3.8988549793067406,clk_core,VALIDATED
530,g_chan[0].u_cdc_chw.mem[8][25]$_DFFE_PP_,3.93,1.42,0.03114502069325939,3.8988549793067406,clk_core,VALIDATED
539,g_chan[0].u_cdc_chw.mem[13][25]$_DFFE_PP_,3.93,1.41,0.03092568956161673,3.8990743104383836,clk_core,VALIDATED
540,g_chan[0].u_cdc_chw.mem[12][25]$_DFFE_PP_,3.93,1.41,0.03092568956161673,3.8990743104383836,clk_core,VALIDATED
544,g_chan[0].u_cdc_chw.mem[15][25]$_DFFE_PP_,3.93,1.41,0.03092568956161673,3.8990743104383836,clk_core,VALIDATED
543,c_cmd_addr[5]$_DFFE_PN0N_,3.93,1.43,0.025772174561060304,3.90422782543894,clk_core,VALIDATED
549,g_chan[0].u_cdc_chw.mem[6][25]$_DFFE_PP_,3.94,1.42,0.031381517612507556,3.9086184823874923,clk_core,VALIDATED
552,g_chan[0].u_cdc_chw.mem[14][24]$_DFFE_PP_,3.94,1.41,0.030587113251378195,3.9094128867486218,clk_core,VALIDATED
571,g_chan[0].u_cdc_chw.mem[8][24]$_DFFE_PP_,3.94,1.41,0.030351696105902243,3.9096483038940977,clk_core,VALIDATED
554,g_chan[0].u_cdc_chw.mem[9][24]$_DFFE_PP_,3.94,1.41,0.030351696105902243,3.9096483038940977,clk_core,VALIDATED
555,g_chan[0].u_cdc_chw.mem[2][24]$_DFFE_PP_,3.94,1.41,0.030351696105902243,3.9096483038940977,clk_core,VALIDATED
559,g_chan[0].u_cdc_chw.mem[3][24]$_DFFE_PP_,3.94,1.41,0.030351696105902243,3.9096483038940977,clk_core,VALIDATED
562,g_chan[0].u_cdc_chw.mem[13][24]$_DFFE_PP_,3.94,1.41,0.030351696105902243,3.9096483038940977,clk_core,VALIDATED
567,g_chan[0].u_cdc_chw.mem[12][24]$_DFFE_PP_,3.94,1.41,0.030351696105902243,3.9096483038940977,clk_core,VALIDATED
573,g_chan[0].u_cdc_chw.mem[11][24]$_DFFE_PP_,3.94,1.41,0.030351696105902243,3.9096483038940977,clk_core,VALIDATED
560,g_chan[0].u_cdc_chw.mem[15][24]$_DFFE_PP_,3.94,1.41,0.030346254463107722,3.9096537455368923,clk_core,VALIDATED
561,g_chan[0].u_cdc_chw.mem[10][24]$_DFFE_PP_,3.94,1.41,0.03023102195215782,3.909768978047842,clk_core,VALIDATED
565,g_chan[0].u_cdc_chw.mem[5][24]$_DFFE_PP_,3.94,1.41,0.0301103477984134,3.9098896522015867,clk_core,VALIDATED
568,g_chan[0].u_cdc_chw.mem[4][24]$_DFFE_PP_,3.94,1.41,0.0301103477984134,3.9098896522015867,clk_core,VALIDATED
557,g_chan[0].u_cdc_chw.mem[0][24]$_DFFE_PP_,3.94,1.41,0.0301103477984134,3.9098896522015867,clk_core,VALIDATED
563,g_chan[0].u_cdc_chw.mem[1][24]$_DFFE_PP_,3.94,1.41,0.0301103477984134,3.9098896522015867,clk_core,VALIDATED
556,g_chan[0].u_cdc_chw.mem[7][24]$_DFFE_PP_,3.94,1.41,0.0301103477984134,3.9098896522015867,clk_core,VALIDATED
566,g_chan[0].u_cdc_chw.mem[6][24]$_DFFE_PP_,3.94,1.41,0.0301103477984134,3.9098896522015867,clk_core,VALIDATED
574,g_chan[0].u_cdc_chw.mem[4][23]$_DFFE_PP_,3.94,1.41,0.029699234472512187,3.910300765527488,clk_core,VALIDATED
569,g_chan[0].u_cdc_chw.mem[2][23]$_DFFE_PP_,3.94,1.41,0.029699234472512187,3.910300765527488,clk_core,VALIDATED
558,g_chan[0].u_cdc_chw.mem[6][23]$_DFFE_PP_,3.94,1.41,0.029699234472512187,3.910300765527488,clk_core,VALIDATED
575,g_chan[0].u_cdc_chw.mem[5][23]$_DFFE_PP_,3.94,1.41,0.029699234472512187,3.910300765527488,clk_core,VALIDATED
564,g_chan[0].u_cdc_chw.mem[7][23]$_DFFE_PP_,3.94,1.41,0.029699234472512187,3.910300765527488,clk_core,VALIDATED
572,g_chan[0].u_cdc_chw.mem[3][23]$_DFFE_PP_,3.94,1.41,0.029568780822437454,3.9104312191775623,clk_core,VALIDATED
576,g_chan[0].u_cdc_chw.mem[1][23]$_DFFE_PP_,3.94,1.41,0.029437960051140744,3.910562039948859,clk_core,VALIDATED
578,g_chan[0].u_cdc_chw.mem[0][23]$_DFFE_PP_,3.94,1.41,0.029437960051140744,3.910562039948859,clk_core,VALIDATED
579,g_chan[0].u_cdc_chw.mem[8][23]$_DFFE_PP_,3.94,1.41,0.029307139279844033,3.910692860720156,clk_core,VALIDATED
570,g_chan[0].u_cdc_chw.mem[9][23]$_DFFE_PP_,3.94,1.41,0.029307139279844033,3.910692860720156,clk_core,VALIDATED
550,g_chan[1].u_cdc_chw.mem[13][31]$_DFFE_PP_,3.94,1.41,0.028968110962173457,3.9110318890378264,clk_core,VALIDATED
577,g_chan[1].u_cdc_chw.mem[8][31]$_DFFE_PP_,3.94,1.41,0.028968110962173457,3.9110318890378264,clk_core,VALIDATED
547,g_chan[1].u_cdc_chw.mem[15][31]$_DFFE_PP_,3.94,1.41,0.028968110962173457,3.9110318890378264,clk_core,VALIDATED
548,g_chan[1].u_cdc_chw.mem[12][31]$_DFFE_PP_,3.94,1.41,0.028968110962173457,3.9110318890378264,clk_core,VALIDATED
551,g_chan[1].u_cdc_chw.mem[14][31]$_DFFE_PP_,3.94,1.41,0.028968110962173457,3.9110318890378264,clk_core,VALIDATED
546,g_chan[1].u_cdc_chw.mem[10][31]$_DFFE_PP_,3.94,1.41,0.028968110962173457,3.9110318890378264,clk_core,VALIDATED
545,c_cmd_addr[3]$_DFFE_PN0N_,3.94,1.43,0.025875134977758632,3.914124865022241,clk_core,VALIDATED
553,c_cmd_addr[4]$_DFFE_PN0N_,3.94,1.42,0.02555248760207038,3.9144475123979294,clk_core,VALIDATED
660,u_dma_fabric.rbeat_data[8]$_DFFE_PN0P_,3.96,1.38,0.04064323550311172,3.919356764496888,clk_core,VALIDATED
587,g_chan[0].u_cdc_chw.mem[13][23]$_DFFE_PP_,3.95,1.41,0.029437592929918766,3.9205624070700815,clk_core,VALIDATED
586,g_chan[0].u_cdc_chw.mem[14][23]$_DFFE_PP_,3.95,1.41,0.029437592929918766,3.9205624070700815,clk_core,VALIDATED
585,g_chan[0].u_cdc_chw.mem[15][23]$_DFFE_PP_,3.95,1.41,0.029437592929918766,3.9205624070700815,clk_core,VALIDATED
584,g_chan[0].u_cdc_chw.mem[10][23]$_DFFE_PP_,3.95,1.41,0.029437592929918766,3.9205624070700815,clk_core,VALIDATED
580,g_chan[0].u_cdc_chw.mem[11][23]$_DFFE_PP_,3.95,1.41,0.029307139279844033,3.9206928607201563,clk_core,VALIDATED
581,g_chan[0].u_cdc_chw.mem[12][23]$_DFFE_PP_,3.95,1.41,0.029307139279844033,3.9206928607201563,clk_core,VALIDATED
582,g_chan[1].u_cdc_chw.mem[11][31]$_DFFE_PP_,3.95,1.41,0.028968110962173457,3.9210318890378266,clk_core,VALIDATED
583,g_chan[1].u_cdc_chw.mem[9][31]$_DFFE_PP_,3.95,1.41,0.028968110962173457,3.9210318890378266,clk_core,VALIDATED
603,g_chan[1].u_cdc_chw.mem[11][14]$_DFFE_PP_,3.95,1.4,0.028777397350973455,3.921222602649027,clk_core,VALIDATED
595,g_chan[1].u_cdc_chw.mem[10][14]$_DFFE_PP_,3.95,1.4,0.028777397350973455,3.921222602649027,clk_core,VALIDATED
602,g_chan[1].u_cdc_chw.mem[8][14]$_DFFE_PP_,3.95,1.4,0.028776949388981635,3.9212230506110184,clk_core,VALIDATED
597,g_chan[1].u_cdc_chw.mem[13][14]$_DFFE_PP_,3.95,1.4,0.028693018292427985,3.921306981707572,clk_core,VALIDATED
599,g_chan[1].u_cdc_chw.mem[12][14]$_DFFE_PP_,3.95,1.4,0.028693018292427985,3.921306981707572,clk_core,VALIDATED
589,g_chan[1].u_cdc_chw.mem[14][14]$_DFFE_PP_,3.95,1.4,0.028687517672609464,3.921312482327391,clk_core,VALIDATED
592,g_chan[1].u_cdc_chw.mem[9][14]$_DFFE_PP_,3.95,1.4,0.028682017052790942,3.921317982947209,clk_core,VALIDATED
590,g_chan[1].u_cdc_chw.mem[15][14]$_DFFE_PP_,3.95,1.4,0.028682017052790942,3.921317982947209,clk_core,VALIDATED
607,g_chan[1].u_cdc_chw.mem[12][25]$_DFFE_PP_,3.95,1.4,0.028614204718647354,3.9213857952813527,clk_core,VALIDATED
605,g_chan[1].u_cdc_chw.mem[14][25]$_DFFE_PP_,3.95,1.4,0.028614204718647354,3.9213857952813527,clk_core,VALIDATED
600,g_chan[1].u_cdc_chw.mem[15][25]$_DFFE_PP_,3.95,1.4,0.0285991940318491,3.921400805968151,clk_core,VALIDATED
601,g_chan[1].u_cdc_chw.mem[1][25]$_DFFE_PP_,3.95,1.4,0.028519272382456662,3.9214807276175434,clk_core,VALIDATED
598,g_chan[1].u_cdc_chw.mem[8][25]$_DFFE_PP_,3.95,1.4,0.028519272382456662,3.9214807276175434,clk_core,VALIDATED
596,g_chan[1].u_cdc_chw.mem[13][25]$_DFFE_PP_,3.95,1.4,0.028519272382456662,3.9214807276175434,clk_core,VALIDATED
591,g_chan[1].u_cdc_chw.mem[15][23]$_DFFE_PP_,3.95,1.4,0.02833054836282438,3.9216694516371757,clk_core,VALIDATED
588,g_chan[1].u_cdc_chw.mem[14][23]$_DFFE_PP_,3.95,1.4,0.02833054836282438,3.9216694516371757,clk_core,VALIDATED
606,g_chan[1].u_cdc_chw.mem[6][23]$_DFFE_PP_,3.95,1.39,0.028147226884574827,3.9218527731154254,clk_core,VALIDATED
593,c_cmd_len[24]$_DFFE_PN0N_,3.95,1.42,0.0253469449134643,3.924653055086536,clk_core,VALIDATED
594,c_cmd_len[17]$_DFFE_PN0N_,3.95,1.42,0.025284403815602097,3.9247155961843982,clk_core,VALIDATED
604,c_cmd_len[19]$_DFFE_PN0N_,3.95,1.41,0.02514948011784149,3.924850519882159,clk_core,VALIDATED
646,g_chan[0].u_cdc_chw.mem[12][16]$_DFFE_PP_,3.96,1.4,0.032086285902448095,3.927913714097552,clk_core,VALIDATED
647,g_chan[0].u_cdc_chw.mem[8][16]$_DFFE_PP_,3.96,1.4,0.032086285902448095,3.927913714097552,clk_core,VALIDATED
654,g_chan[0].u_cdc_chw.mem[15][16]$_DFFE_PP_,3.96,1.4,0.032086285902448095,3.927913714097552,clk_core,VALIDATED
656,g_chan[0].u_cdc_chw.mem[13][16]$_DFFE_PP_,3.96,1.4,0.032086285902448095,3.927913714097552,clk_core,VALIDATED
651,g_chan[0].u_cdc_chw.mem[11][16]$_DFFE_PP_,3.96,1.4,0.032019966431745456,3.9279800335682546,clk_core,VALIDATED
655,g_chan[0].u_cdc_chw.mem[14][16]$_DFFE_PP_,3.96,1.4,0.032019966431745456,3.9279800335682546,clk_core,VALIDATED
657,g_chan[0].u_cdc_chw.mem[10][16]$_DFFE_PP_,3.96,1.39,0.03185709814600206,3.928142901853998,clk_core,VALIDATED
648,g_chan[0].u_cdc_chw.mem[9][16]$_DFFE_PP_,3.96,1.39,0.03185709814600206,3.928142901853998,clk_core,VALIDATED
624,g_chan[0].u_cdc_chw.mem[14][12]$_DFFE_PP_,3.96,1.4,0.031728592135168,3.9282714078648318,clk_core,VALIDATED
622,g_chan[0].u_cdc_chw.mem[9][12]$_DFFE_PP_,3.96,1.4,0.031728592135168,3.9282714078648318,clk_core,VALIDATED
625,g_chan[0].u_cdc_chw.mem[15][12]$_DFFE_PP_,3.96,1.4,0.031728592135168,3.9282714078648318,clk_core,VALIDATED
623,g_chan[0].u_cdc_chw.mem[8][12]$_DFFE_PP_,3.96,1.4,0.031728592135168,3.9282714078648318,clk_core,VALIDATED
615,g_chan[0].u_cdc_chw.mem[10][12]$_DFFE_PP_,3.96,1.4,0.031728592135168,3.9282714078648318,clk_core,VALIDATED
614,g_chan[0].u_cdc_chw.mem[11][12]$_DFFE_PP_,3.96,1.4,0.031728592135168,3.9282714078648318,clk_core,VALIDATED
628,g_chan[0].u_cdc_chw.mem[13][12]$_DFFE_PP_,3.96,1.4,0.031728592135168,3.9282714078648318,clk_core,VALIDATED
627,g_chan[0].u_cdc_chw.mem[12][12]$_DFFE_PP_,3.96,1.4,0.0316330265908122,3.928366973409188,clk_core,VALIDATED
630,g_chan[0].u_cdc_chw.mem[6][12]$_DFFE_PP_,3.96,1.4,0.0316330265908122,3.928366973409188,clk_core,VALIDATED
626,g_chan[0].u_cdc_chw.mem[4][12]$_DFFE_PP_,3.96,1.4,0.0316330265908122,3.928366973409188,clk_core,VALIDATED
631,g_chan[0].u_cdc_chw.mem[5][12]$_DFFE_PP_,3.96,1.4,0.0316330265908122,3.928366973409188,clk_core,VALIDATED
639,g_chan[0].u_cdc_chw.mem[3][12]$_DFFE_PP_,3.96,1.4,0.03160271279349518,3.9283972872065047,clk_core,VALIDATED
645,g_chan[0].u_cdc_chw.mem[6][16]$_DFFE_PP_,3.96,1.39,0.031540236576303365,3.9284597634236964,clk_core,VALIDATED
644,g_chan[0].u_cdc_chw.mem[7][16]$_DFFE_PP_,3.96,1.39,0.031540236576303365,3.9284597634236964,clk_core,VALIDATED
635,g_chan[0].u_cdc_chw.mem[0][12]$_DFFE_PP_,3.96,1.4,0.0315374610464564,3.9284625389535437,clk_core,VALIDATED
641,g_chan[0].u_cdc_chw.mem[1][12]$_DFFE_PP_,3.96,1.4,0.0315374610464564,3.9284625389535437,clk_core,VALIDATED
636,g_chan[0].u_cdc_chw.mem[7][12]$_DFFE_PP_,3.96,1.4,0.0315374610464564,3.9284625389535437,clk_core,VALIDATED
638,g_chan[0].u_cdc_chw.mem[2][12]$_DFFE_PP_,3.96,1.4,0.0315374610464564,3.9284625389535437,clk_core,VALIDATED
637,g_chan[0].u_cdc_chw.mem[4][16]$_DFFE_PP_,3.96,1.39,0.031471092987828186,3.9285289070121716,clk_core,VALIDATED
649,g_chan[0].u_cdc_chw.mem[3][16]$_DFFE_PP_,3.96,1.39,0.031471092987828186,3.9285289070121716,clk_core,VALIDATED
643,g_chan[0].u_cdc_chw.mem[5][16]$_DFFE_PP_,3.96,1.39,0.031471092987828186,3.9285289070121716,clk_core,VALIDATED
658,g_chan[0].u_cdc_chw.mem[0][16]$_DFFE_PP_,3.96,1.39,0.031471092987828186,3.9285289070121716,clk_core,VALIDATED
652,g_chan[0].u_cdc_chw.mem[1][16]$_DFFE_PP_,3.96,1.39,0.031471092987828186,3.9285289070121716,clk_core,VALIDATED
653,g_chan[0].u_cdc_chw.mem[2][16]$_DFFE_PP_,3.96,1.39,0.031471092987828186,3.9285289070121716,clk_core,VALIDATED
659,g_chan[0].u_cdc_chw.mem[12][19]$_DFFE_PP_,3.96,1.39,0.031097943610922107,3.9289020563890777,clk_core,VALIDATED
685,u_dma_fabric.rbeat_data[11]$_DFFE_PN0P_,3.97,1.37,0.040378090265277555,3.9296219097347227,clk_core,VALIDATED
611,g_chan[1].u_cdc_chw.mem[2][12]$_DFFE_PP_,3.96,1.39,0.03013082800090143,3.9298691719990986,clk_core,VALIDATED
610,g_chan[1].u_cdc_chw.mem[7][12]$_DFFE_PP_,3.96,1.39,0.030048868693951084,3.9299511313060487,clk_core,VALIDATED
613,g_chan[1].u_cdc_chw.mem[5][12]$_DFFE_PP_,3.96,1.39,0.030048868693951084,3.9299511313060487,clk_core,VALIDATED
612,g_chan[1].u_cdc_chw.mem[3][12]$_DFFE_PP_,3.96,1.39,0.030048868693951084,3.9299511313060487,clk_core,VALIDATED
616,g_chan[1].u_cdc_chw.mem[1][12]$_DFFE_PP_,3.96,1.39,0.030048868693951084,3.9299511313060487,clk_core,VALIDATED
609,g_chan[1].u_cdc_chw.mem[4][12]$_DFFE_PP_,3.96,1.39,0.030048868693951084,3.9299511313060487,clk_core,VALIDATED
619,g_chan[1].u_cdc_chw.mem[0][12]$_DFFE_PP_,3.96,1.39,0.029966909387000737,3.930033090612999,clk_core,VALIDATED
608,g_chan[1].u_cdc_chw.mem[6][12]$_DFFE_PP_,3.96,1.39,0.029966909387000737,3.930033090612999,clk_core,VALIDATED
618,g_chan[1].u_cdc_chw.mem[8][23]$_DFFE_PP_,3.96,1.4,0.028316974092025576,3.9316830259079745,clk_core,VALIDATED
617,g_chan[1].u_cdc_chw.mem[13][23]$_DFFE_PP_,3.96,1.4,0.028316974092025576,3.9316830259079745,clk_core,VALIDATED
620,g_chan[1].u_cdc_chw.mem[12][23]$_DFFE_PP_,3.96,1.4,0.028316974092025576,3.9316830259079745,clk_core,VALIDATED
634,g_chan[1].u_cdc_chw.mem[9][23]$_DFFE_PP_,3.96,1.4,0.02831346424067681,3.931686535759323,clk_core,VALIDATED
629,g_chan[1].u_cdc_chw.mem[4][23]$_DFFE_PP_,3.96,1.39,0.028177898801540743,3.9318221011984593,clk_core,VALIDATED
632,g_chan[1].u_cdc_chw.mem[3][23]$_DFFE_PP_,3.96,1.39,0.028177898801540743,3.9318221011984593,clk_core,VALIDATED
633,g_chan[1].u_cdc_chw.mem[2][23]$_DFFE_PP_,3.96,1.39,0.028177898801540743,3.9318221011984593,clk_core,VALIDATED
621,g_chan[1].u_cdc_chw.mem[5][23]$_DFFE_PP_,3.96,1.39,0.028177898801540743,3.9318221011984593,clk_core,VALIDATED
642,g_chan[1].u_cdc_chw.mem[11][23]$_DFFE_PP_,3.96,1.39,0.028111225210386295,3.9318887747896136,clk_core,VALIDATED
650,g_chan[1].u_cdc_chw.mem[7][23]$_DFFE_PP_,3.96,1.39,0.028111225210386295,3.9318887747896136,clk_core,VALIDATED
640,g_chan[1].u_cdc_chw.mem[10][23]$_DFFE_PP_,3.96,1.39,0.02808894228375647,3.9319110577162437,clk_core,VALIDATED
671,g_chan[0].u_cdc_chw.mem[6][19]$_DFFE_PP_,3.97,1.39,0.03132409549792281,3.9386759045020776,clk_core,VALIDATED
672,g_chan[0].u_cdc_chw.mem[7][19]$_DFFE_PP_,3.97,1.39,0.0312625115667384,3.938737488433262,clk_core,VALIDATED
666,g_chan[0].u_cdc_chw.mem[3][19]$_DFFE_PP_,3.97,1.39,0.0312625115667384,3.938737488433262,clk_core,VALIDATED
661,g_chan[0].u_cdc_chw.mem[2][19]$_DFFE_PP_,3.97,1.39,0.0312625115667384,3.938737488433262,clk_core,VALIDATED
667,g_chan[0].u_cdc_chw.mem[10][19]$_DFFE_PP_,3.97,1.39,0.031200927635553988,3.9387990723644464,clk_core,VALIDATED
663,g_chan[0].u_cdc_chw.mem[1][19]$_DFFE_PP_,3.97,1.39,0.031200927635553988,3.9387990723644464,clk_core,VALIDATED
664,g_chan[0].u_cdc_chw.mem[0][19]$_DFFE_PP_,3.97,1.39,0.031200927635553988,3.9387990723644464,clk_core,VALIDATED
668,g_chan[0].u_cdc_chw.mem[4][19]$_DFFE_PP_,3.97,1.39,0.031200927635553988,3.9387990723644464,clk_core,VALIDATED
677,g_chan[0].u_cdc_chw.mem[15][19]$_DFFE_PP_,3.97,1.39,0.031200927635553988,3.9387990723644464,clk_core,VALIDATED
670,g_chan[0].u_cdc_chw.mem[9][19]$_DFFE_PP_,3.97,1.39,0.031200927635553988,3.9387990723644464,clk_core,VALIDATED
669,g_chan[0].u_cdc_chw.mem[5][19]$_DFFE_PP_,3.97,1.39,0.031200927635553988,3.9387990723644464,clk_core,VALIDATED
662,g_chan[0].u_cdc_chw.mem[11][19]$_DFFE_PP_,3.97,1.39,0.031200927635553988,3.9387990723644464,clk_core,VALIDATED
665,g_chan[0].u_cdc_chw.mem[8][19]$_DFFE_PP_,3.97,1.39,0.03116659962734336,3.9388334003726566,clk_core,VALIDATED
676,g_chan[0].u_cdc_chw.mem[14][19]$_DFFE_PP_,3.97,1.39,0.03116659962734336,3.9388334003726566,clk_core,VALIDATED
678,g_chan[0].u_cdc_chw.mem[13][19]$_DFFE_PP_,3.97,1.39,0.031132271619132734,3.9388677283808673,clk_core,VALIDATED
679,g_chan[1].u_cdc_chw.mem[1][19]$_DFFE_PP_,3.97,1.38,0.029147437822228672,3.9408525621777715,clk_core,VALIDATED
680,g_chan[1].u_cdc_chw.mem[0][19]$_DFFE_PP_,3.97,1.38,0.029147437822228672,3.9408525621777715,clk_core,VALIDATED
682,g_chan[1].u_cdc_chw.mem[4][19]$_DFFE_PP_,3.97,1.37,0.0289362245046762,3.941063775495324,clk_core,VALIDATED
681,g_chan[1].u_cdc_chw.mem[11][16]$_DFFE_PP_,3.97,1.37,0.028904273133618735,3.9410957268663815,clk_core,VALIDATED
684,g_chan[1].u_cdc_chw.mem[8][19]$_DFFE_PP_,3.97,1.37,0.028787650394050346,3.9412123496059497,clk_core,VALIDATED
683,g_chan[1].u_cdc_chw.mem[11][19]$_DFFE_PP_,3.97,1.37,0.028787650394050346,3.9412123496059497,clk_core,VALIDATED
674,g_chan[1].u_cdc_chw.mem[14][17]$_DFFE_PP_,3.97,1.38,0.02863511422258551,3.9413648857774146,clk_core,VALIDATED
675,g_chan[1].u_cdc_chw.mem[15][17]$_DFFE_PP_,3.97,1.38,0.02863511422258551,3.9413648857774146,clk_core,VALIDATED
673,c_cmd_len[15]$_DFFE_PN0N_,3.97,1.4,0.024846863717465834,3.9451531362825345,clk_core,VALIDATED
705,u_dma_fabric.rbeat_data[25]$_DFFE_PN0P_,3.99,1.35,0.04024729730376346,3.949752702696237,clk_core,VALIDATED
688,g_chan[1].u_cdc_chw.mem[2][16]$_DFFE_PP_,3.98,1.38,0.029621861130483873,3.950378138869516,clk_core,VALIDATED
687,g_chan[1].u_cdc_chw.mem[3][16]$_DFFE_PP_,3.98,1.38,0.029512436525557212,3.950487563474443,clk_core,VALIDATED
691,g_chan[1].u_cdc_chw.mem[0][16]$_DFFE_PP_,3.98,1.38,0.029512436525557212,3.950487563474443,clk_core,VALIDATED
695,g_chan[1].u_cdc_chw.mem[1][16]$_DFFE_PP_,3.98,1.38,0.029511882400900177,3.9504881175991,clk_core,VALIDATED
700,g_chan[1].u_cdc_chw.mem[6][16]$_DFFE_PP_,3.98,1.38,0.029511882400900177,3.9504881175991,clk_core,VALIDATED
702,g_chan[1].u_cdc_chw.mem[7][16]$_DFFE_PP_,3.98,1.38,0.029511882400900177,3.9504881175991,clk_core,VALIDATED
701,g_chan[1].u_cdc_chw.mem[7][19]$_DFFE_PP_,3.98,1.38,0.029394962525116114,3.950605037474884,clk_core,VALIDATED
698,g_chan[1].u_cdc_chw.mem[6][19]$_DFFE_PP_,3.98,1.38,0.029394962525116114,3.950605037474884,clk_core,VALIDATED
696,g_chan[1].u_cdc_chw.mem[3][19]$_DFFE_PP_,3.98,1.38,0.02939440840045908,3.950605591599541,clk_core,VALIDATED
693,g_chan[1].u_cdc_chw.mem[2][19]$_DFFE_PP_,3.98,1.38,0.029312508372877813,3.950687491627122,clk_core,VALIDATED
689,g_chan[1].u_cdc_chw.mem[5][16]$_DFFE_PP_,3.98,1.38,0.02926491182266977,3.95073508817733,clk_core,VALIDATED
686,g_chan[1].u_cdc_chw.mem[4][16]$_DFFE_PP_,3.98,1.38,0.02926491182266977,3.95073508817733,clk_core,VALIDATED
694,g_chan[1].u_cdc_chw.mem[8][16]$_DFFE_PP_,3.98,1.38,0.029190082526077174,3.9508099174739226,clk_core,VALIDATED
690,g_chan[1].u_cdc_chw.mem[9][16]$_DFFE_PP_,3.98,1.38,0.029190082526077174,3.9508099174739226,clk_core,VALIDATED
692,g_chan[1].u_cdc_chw.mem[5][19]$_DFFE_PP_,3.98,1.38,0.029147437822228672,3.9508525621777713,clk_core,VALIDATED
699,g_chan[1].u_cdc_chw.mem[9][19]$_DFFE_PP_,3.98,1.37,0.028773926494163368,3.9512260735058367,clk_core,VALIDATED
697,c_cmd_opcode[5]$_DFFE_PN0N_,3.98,1.39,0.02498019511165063,3.9550198048883494,clk_core,VALIDATED
703,c_cmd_addr[14]$_DFFE_PN0N_,3.98,1.38,0.024185722254341846,3.955814277745658,clk_core,VALIDATED
709,u_dma_fabric.rbeat_data[9]$_DFFE_PN0P_,4.0,1.34,0.04173171265931287,3.958268287340687,clk_core,VALIDATED
707,u_dma_fabric.rbeat_data[31]$_DFFE_PN0P_,4.0,1.35,0.04106473006230549,3.9589352699376947,clk_core,VALIDATED
704,c_cmd_addr[19]$_DFFE_PN0N_,3.99,1.38,0.02428343603830553,3.9657165639616947,clk_core,VALIDATED
710,u_dma_fabric.rbeat_data[22]$_DFFE_PN0P_,4.01,1.34,0.041009840514621976,3.9689901594853776,clk_core,VALIDATED
711,u_dma_fabric.rbeat_data[15]$_DFFE_PN0P_,4.01,1.33,0.04090730964100353,3.9690926903589965,clk_core,VALIDATED
714,u_dma_fabric.rbeat_data[24]$_DFFE_PN0P_,4.01,1.33,0.03937673926959377,3.970623260730406,clk_core,VALIDATED
712,u_dma_fabric.rbeat_data[6]$_DFFE_PN0P_,4.01,1.33,0.03920557138707308,3.9707944286129266,clk_core,VALIDATED
708,c_cmd_len[25]$_DFFE_PN0N_,4.0,1.37,0.02432218799334665,3.975677812006653,clk_core,VALIDATED
706,c_cmd_len[12]$_DFFE_PN0N_,4.0,1.37,0.024279044808804384,3.9757209551911954,clk_core,VALIDATED
713,c_cmd_len[6]$_DFFE_PN0N_,4.01,1.35,0.02409169814394782,3.985908301856052,clk_core,VALIDATED
732,g_chan[0].u_cdc_chw.mem[13][22]$_DFFE_PP_,4.02,1.32,0.029152926193938833,3.990847073806061,clk_core,VALIDATED
734,g_chan[0].u_cdc_chw.mem[12][22]$_DFFE_PP_,4.02,1.32,0.029152926193938833,3.990847073806061,clk_core,VALIDATED
735,g_chan[0].u_cdc_chw.mem[9][22]$_DFFE_PP_,4.02,1.32,0.02914038825873938,3.9908596117412602,clk_core,VALIDATED
733,g_chan[0].u_cdc_chw.mem[0][22]$_DFFE_PP_,4.02,1.32,0.02914038825873938,3.9908596117412602,clk_core,VALIDATED
737,g_chan[0].u_cdc_chw.mem[1][22]$_DFFE_PP_,4.02,1.32,0.02914038825873938,3.9908596117412602,clk_core,VALIDATED
738,g_chan[0].u_cdc_chw.mem[3][22]$_DFFE_PP_,4.02,1.32,0.02914038825873938,3.9908596117412602,clk_core,VALIDATED
736,g_chan[0].u_cdc_chw.mem[8][22]$_DFFE_PP_,4.02,1.32,0.02914038825873938,3.9908596117412602,clk_core,VALIDATED
739,g_chan[0].u_cdc_chw.mem[2][22]$_DFFE_PP_,4.02,1.32,0.02914038825873938,3.9908596117412602,clk_core,VALIDATED
740,g_chan[0].u_cdc_chw.mem[10][22]$_DFFE_PP_,4.02,1.32,0.02901212647577875,3.990987873524221,clk_core,VALIDATED
752,u_dma_fabric.rbeat_data[28]$_DFFE_PN0P_,4.03,1.31,0.0376615698341564,3.992338430165844,clk_core,VALIDATED
727,g_chan[1].u_cdc_chw.mem[1][24]$_DFFE_PP_,4.02,1.33,0.027062501117176577,3.992937498882823,clk_core,VALIDATED
731,g_chan[1].u_cdc_chw.mem[0][24]$_DFFE_PP_,4.02,1.33,0.027062501117176577,3.992937498882823,clk_core,VALIDATED
725,g_chan[1].u_cdc_chw.mem[4][24]$_DFFE_PP_,4.02,1.33,0.027037437583392665,3.992962562416607,clk_core,VALIDATED
730,g_chan[1].u_cdc_chw.mem[5][24]$_DFFE_PP_,4.02,1.33,0.027037437583392665,3.992962562416607,clk_core,VALIDATED
723,g_chan[1].u_cdc_chw.mem[12][24]$_DFFE_PP_,4.02,1.33,0.027019829729408043,3.9929801702705916,clk_core,VALIDATED
724,g_chan[1].u_cdc_chw.mem[13][24]$_DFFE_PP_,4.02,1.33,0.027019829729408043,3.9929801702705916,clk_core,VALIDATED
720,g_chan[1].u_cdc_chw.mem[7][24]$_DFFE_PP_,4.02,1.33,0.027018936561890847,3.992981063438109,clk_core,VALIDATED
722,g_chan[1].u_cdc_chw.mem[6][24]$_DFFE_PP_,4.02,1.33,0.027018936561890847,3.992981063438109,clk_core,VALIDATED
728,g_chan[1].u_cdc_chw.mem[2][24]$_DFFE_PP_,4.02,1.33,0.027012374049608753,3.992987625950391,clk_core,VALIDATED
726,g_chan[1].u_cdc_chw.mem[3][24]$_DFFE_PP_,4.02,1.33,0.027012374049608753,3.992987625950391,clk_core,VALIDATED
715,g_chan[1].u_cdc_chw.mem[11][24]$_DFFE_PP_,4.02,1.33,0.02699374259231843,3.9930062574076812,clk_core,VALIDATED
719,g_chan[1].u_cdc_chw.mem[8][24]$_DFFE_PP_,4.02,1.33,0.02699374259231843,3.9930062574076812,clk_core,VALIDATED
717,g_chan[1].u_cdc_chw.mem[10][24]$_DFFE_PP_,4.02,1.33,0.02699374259231843,3.9930062574076812,clk_core,VALIDATED
716,g_chan[1].u_cdc_chw.mem[9][24]$_DFFE_PP_,4.02,1.33,0.02699374259231843,3.9930062574076812,clk_core,VALIDATED
718,g_chan[1].u_cdc_chw.mem[15][24]$_DFFE_PP_,4.02,1.33,0.02696274305819049,3.993037256941809,clk_core,VALIDATED
721,g_chan[1].u_cdc_chw.mem[14][24]$_DFFE_PP_,4.02,1.33,0.02696274305819049,3.993037256941809,clk_core,VALIDATED
729,c_cmd_addr[0]$_DFFE_PN0N_,4.02,1.34,0.024051786465423955,3.9959482135345756,clk_core,VALIDATED
742,g_chan[0].u_cdc_chw.mem[15][22]$_DFFE_PP_,4.03,1.32,0.029165464129138285,4.000834535870862,clk_core,VALIDATED
741,g_chan[0].u_cdc_chw.mem[14][22]$_DFFE_PP_,4.03,1.32,0.029165464129138285,4.000834535870862,clk_core,VALIDATED
747,g_chan[0].u_cdc_chw.mem[5][22]$_DFFE_PP_,4.03,1.32,0.028639722087807518,4.001360277912193,clk_core,VALIDATED
746,g_chan[0].u_cdc_chw.mem[7][22]$_DFFE_PP_,4.03,1.32,0.028639722087807518,4.001360277912193,clk_core,VALIDATED
745,g_chan[0].u_cdc_chw.mem[6][22]$_DFFE_PP_,4.03,1.32,0.028639722087807518,4.001360277912193,clk_core,VALIDATED
744,g_chan[0].u_cdc_chw.mem[4][22]$_DFFE_PP_,4.03,1.32,0.028639722087807518,4.001360277912193,clk_core,VALIDATED
743,g_chan[0].u_cdc_chw.mem[11][22]$_DFFE_PP_,4.03,1.32,0.028639722087807518,4.001360277912193,clk_core,VALIDATED
754,g_chan[1].u_cdc_chw.mem[3][22]$_DFFE_PP_,4.03,1.31,0.02720890143554555,4.002791098564455,clk_core,VALIDATED
753,g_chan[1].u_cdc_chw.mem[7][22]$_DFFE_PP_,4.03,1.31,0.02720890143554555,4.002791098564455,clk_core,VALIDATED
761,u_dma_fabric.rbeat_data[2]$_DFFE_PN0P_,4.04,1.31,0.03712746154859704,4.002872538451403,clk_core,VALIDATED
749,g_chan[1].u_cdc_chw.mem[5][22]$_DFFE_PP_,4.03,1.31,0.027119496381900685,4.002880503618099,clk_core,VALIDATED
750,g_chan[1].u_cdc_chw.mem[2][22]$_DFFE_PP_,4.03,1.31,0.027119496381900685,4.002880503618099,clk_core,VALIDATED
751,g_chan[1].u_cdc_chw.mem[4][22]$_DFFE_PP_,4.03,1.31,0.02705579235832331,4.002944207641677,clk_core,VALIDATED
760,u_dma_fabric.rbeat_data[21]$_DFFE_PN0P_,4.04,1.3,0.036137598408510205,4.00386240159149,clk_core,VALIDATED
748,c_cmd_len[3]$_DFFE_PN0N_,4.03,1.34,0.023954470672549744,4.006045529327451,clk_core,VALIDATED
755,g_chan[0].u_cdc_chw.mem[5][18]$_DFFE_PP_,4.04,1.31,0.028536134461863594,4.011463865538136,clk_core,VALIDATED
757,g_chan[0].u_cdc_chw.mem[4][18]$_DFFE_PP_,4.04,1.31,0.028536134461863594,4.011463865538136,clk_core,VALIDATED
772,g_chan[0].u_cdc_chw.mem[7][18]$_DFFE_PP_,4.04,1.31,0.02829384142204247,4.011706158577957,clk_core,VALIDATED
771,g_chan[0].u_cdc_chw.mem[6][18]$_DFFE_PP_,4.04,1.31,0.02829384142204247,4.011706158577957,clk_core,VALIDATED
778,g_chan[0].u_cdc_chw.mem[15][18]$_DFFE_PP_,4.04,1.31,0.0281966345412773,4.011803365458722,clk_core,VALIDATED
776,g_chan[0].u_cdc_chw.mem[11][18]$_DFFE_PP_,4.04,1.31,0.0281966345412773,4.011803365458722,clk_core,VALIDATED
779,g_chan[0].u_cdc_chw.mem[13][18]$_DFFE_PP_,4.04,1.31,0.028099427660512127,4.011900572339488,clk_core,VALIDATED
768,g_chan[0].u_cdc_chw.mem[3][18]$_DFFE_PP_,4.04,1.31,0.028099427660512127,4.011900572339488,clk_core,VALIDATED
767,g_chan[0].u_cdc_chw.mem[14][18]$_DFFE_PP_,4.04,1.31,0.028099427660512127,4.011900572339488,clk_core,VALIDATED
780,g_chan[0].u_cdc_chw.mem[12][18]$_DFFE_PP_,4.04,1.31,0.028099427660512127,4.011900572339488,clk_core,VALIDATED
781,g_chan[0].u_cdc_chw.mem[2][18]$_DFFE_PP_,4.04,1.31,0.028099427660512127,4.011900572339488,clk_core,VALIDATED
788,g_chan[0].u_cdc_chw.mem[0][18]$_DFFE_PP_,4.04,1.31,0.028083276902220206,4.01191672309778,clk_core,VALIDATED
789,g_chan[0].u_cdc_chw.mem[8][18]$_DFFE_PP_,4.04,1.31,0.028083276902220206,4.01191672309778,clk_core,VALIDATED
786,g_chan[0].u_cdc_chw.mem[10][18]$_DFFE_PP_,4.04,1.31,0.028067126143928284,4.011932873856072,clk_core,VALIDATED
777,g_chan[0].u_cdc_chw.mem[9][18]$_DFFE_PP_,4.04,1.31,0.028067126143928284,4.011932873856072,clk_core,VALIDATED
790,g_chan[0].u_cdc_chw.mem[1][18]$_DFFE_PP_,4.04,1.31,0.028067126143928284,4.011932873856072,clk_core,VALIDATED
784,g_chan[1].u_cdc_chw.mem[12][12]$_DFFE_PP_,4.04,1.31,0.028058993012768305,4.011941006987231,clk_core,VALIDATED
787,g_chan[1].u_cdc_chw.mem[13][12]$_DFFE_PP_,4.04,1.31,0.02795104193272796,4.012048958067272,clk_core,VALIDATED
785,g_chan[1].u_cdc_chw.mem[11][12]$_DFFE_PP_,4.04,1.31,0.027925991566071368,4.012074008433928,clk_core,VALIDATED
783,g_chan[1].u_cdc_chw.mem[10][12]$_DFFE_PP_,4.04,1.31,0.027925991566071368,4.012074008433928,clk_core,VALIDATED
791,g_chan[1].u_cdc_chw.mem[14][12]$_DFFE_PP_,4.04,1.31,0.027531783046876382,4.012468216953124,clk_core,VALIDATED
792,g_chan[1].u_cdc_chw.mem[15][12]$_DFFE_PP_,4.04,1.3,0.027321616764075657,4.012678383235924,clk_core,VALIDATED
782,g_chan[1].u_cdc_chw.mem[6][22]$_DFFE_PP_,4.04,1.31,0.027315396691198146,4.012684603308802,clk_core,VALIDATED
759,g_chan[1].u_cdc_chw.mem[0][22]$_DFFE_PP_,4.04,1.31,0.02705579235832331,4.012944207641676,clk_core,VALIDATED
758,g_chan[1].u_cdc_chw.mem[1][22]$_DFFE_PP_,4.04,1.31,0.026997984032691116,4.0130020159673085,clk_core,VALIDATED
756,g_chan[1].u_cdc_chw.mem[11][22]$_DFFE_PP_,4.04,1.31,0.026965310157199066,4.013034689842801,clk_core,VALIDATED
769,g_chan[1].u_cdc_chw.mem[4][25]$_DFFE_PP_,4.04,1.31,0.026703891228058385,4.013296108771941,clk_core,VALIDATED
766,g_chan[1].u_cdc_chw.mem[7][25]$_DFFE_PP_,4.04,1.31,0.026703891228058385,4.013296108771941,clk_core,VALIDATED
774,g_chan[1].u_cdc_chw.mem[5][25]$_DFFE_PP_,4.04,1.31,0.026703891228058385,4.013296108771941,clk_core,VALIDATED
775,g_chan[1].u_cdc_chw.mem[6][25]$_DFFE_PP_,4.04,1.31,0.026703891228058385,4.013296108771941,clk_core,VALIDATED
764,g_chan[1].u_cdc_chw.mem[2][25]$_DFFE_PP_,4.04,1.31,0.026692991680552447,4.0133070083194475,clk_core,VALIDATED
765,g_chan[1].u_cdc_chw.mem[0][25]$_DFFE_PP_,4.04,1.31,0.026692991680552447,4.0133070083194475,clk_core,VALIDATED
762,g_chan[1].u_cdc_chw.mem[3][25]$_DFFE_PP_,4.04,1.31,0.026692991680552447,4.0133070083194475,clk_core,VALIDATED
773,g_chan[1].u_cdc_chw.mem[11][25]$_DFFE_PP_,4.04,1.31,0.026692991680552447,4.0133070083194475,clk_core,VALIDATED
770,g_chan[1].u_cdc_chw.mem[9][25]$_DFFE_PP_,4.04,1.31,0.026692991680552447,4.0133070083194475,clk_core,VALIDATED
763,g_chan[1].u_cdc_chw.mem[10][25]$_DFFE_PP_,4.04,1.31,0.02667742659792316,4.0133225734020765,clk_core,VALIDATED
797,u_dma_fabric.rbeat_data[1]$_DFFE_PN0P_,4.05,1.3,0.035300508717158646,4.014699491282841,clk_core,VALIDATED
793,c_cmd_addr[25]$_DFFE_PN0N_,4.04,1.32,0.023637965474695072,4.016362034525305,clk_core,VALIDATED
799,g_chan[1].u_cdc_chw.mem[9][12]$_DFFE_PP_,4.05,1.31,0.02762226846641798,4.022377731533582,clk_core,VALIDATED
794,g_chan[1].u_cdc_chw.mem[9][18]$_DFFE_PP_,4.05,1.3,0.02642895364446618,4.023571046355533,clk_core,VALIDATED
800,g_chan[1].u_cdc_chw.mem[12][18]$_DFFE_PP_,4.05,1.3,0.026425037807388113,4.023574962192612,clk_core,VALIDATED
798,g_chan[1].u_cdc_chw.mem[10][18]$_DFFE_PP_,4.05,1.3,0.026425037807388113,4.023574962192612,clk_core,VALIDATED
796,g_chan[1].u_cdc_chw.mem[13][18]$_DFFE_PP_,4.05,1.3,0.026399539101962174,4.023600460898038,clk_core,VALIDATED
795,g_chan[1].u_cdc_chw.mem[8][18]$_DFFE_PP_,4.05,1.3,0.026399539101962174,4.023600460898038,clk_core,VALIDATED
19,u_dma_fabric.rbeat_data[15]$_DFFE_PN0P_,4.17,1.25,0.02706113977841533,4.142938860221585,clk_core,VALIDATED
18,g_chan[0].u_cdc_chr.rbin[0]$_DFF_PN0_,4.17,1.25,0.02706113977841533,4.142938860221585,clk_core,VALIDATED
17,g_chan[0].u_cdc_chr.rbin[2]$_DFF_PN0_,4.17,1.25,0.02706113977841533,4.142938860221585,clk_core,VALIDATED
20,u_dma_fabric.rbeat_data[10]$_DFFE_PN0P_,4.17,1.25,0.02706113977841533,4.142938860221585,clk_core,VALIDATED
3,g_chan[0].u_cdc_chr.rq2_wgray[1]$_DFF_PN0_,4.17,1.25,0.02706113977841533,4.142938860221585,clk_core,VALIDATED
2,g_chan[0].u_cdc_chr.rgray[0]$_DFF_PN0_,4.17,1.25,0.02706113977841533,4.142938860221585,clk_core,VALIDATED
0,g_chan[0].u_cdc_chr.rq1_wgray[0]$_DFF_PN0_,4.17,1.25,0.02706113977841533,4.142938860221585,clk_core,VALIDATED
16,g_chan[0].u_cdc_chr.rbin[1]$_DFF_PN0_,4.17,1.25,0.02706113977841533,4.142938860221585,clk_core,VALIDATED
15,g_chan[0].u_cdc_chr.rbin[3]$_DFF_PN0_,4.17,1.25,0.02706113977841533,4.142938860221585,clk_core,VALIDATED
7,g_chan[0].u_cdc_chr.rq1_wgray[1]$_DFF_PN0_,4.17,1.25,0.02706113977841533,4.142938860221585,clk_core,VALIDATED
5,g_chan[0].u_cdc_chr.rq1_wgray[3]$_DFF_PN0_,4.17,1.25,0.02706113977841533,4.142938860221585,clk_core,VALIDATED
4,g_chan[0].u_cdc_chr.rq1_wgray[2]$_DFF_PN0_,4.17,1.25,0.02706113977841533,4.142938860221585,clk_core,VALIDATED
1,g_chan[0].u_cdc_chr.rq2_wgray[0]$_DFF_PN0_,4.17,1.25,0.02706113977841533,4.142938860221585,clk_core,VALIDATED
6,g_chan[0].u_cdc_chr.rq1_wgray[4]$_DFF_PN0_,4.17,1.25,0.02706113977841533,4.142938860221585,clk_core,VALIDATED
11,g_chan[0].u_cdc_chr.rgray[2]$_DFF_PN0_,4.17,1.25,0.02700618184763206,4.142993818152368,clk_core,VALIDATED
10,g_chan[0].u_cdc_chr.rgray[3]$_DFF_PN0_,4.17,1.25,0.02700618184763206,4.142993818152368,clk_core,VALIDATED
12,g_chan[0].u_cdc_chr.rq2_wgray[3]$_DFF_PN0_,4.17,1.25,0.02700618184763206,4.142993818152368,clk_core,VALIDATED
13,g_chan[0].u_cdc_chr.rq2_wgray[4]$_DFF_PN0_,4.17,1.25,0.02700618184763206,4.142993818152368,clk_core,VALIDATED
9,g_chan[0].u_cdc_chr.rq2_wgray[2]$_DFF_PN0_,4.17,1.25,0.02700618184763206,4.142993818152368,clk_core,VALIDATED
8,g_chan[0].u_cdc_chr.rgray[1]$_DFF_PN0_,4.17,1.25,0.02700618184763206,4.142993818152368,clk_core,VALIDATED
14,g_chan[0].u_cdc_chr.rbin[4]$_DFF_PN0_,4.17,1.25,0.02700618184763206,4.142993818152368,clk_core,VALIDATED
21,u_dma_fabric.rbeat_data[17]$_DFFE_PN0P_,4.31,1.12,0.023951782780146043,4.286048217219854,clk_core,VALIDATED
25,u_dma_fabric.rbeat_data[14]$_DFFE_PN0P_,4.31,1.12,0.023951782780146043,4.286048217219854,clk_core,VALIDATED
24,u_dma_fabric.rbeat_data[20]$_DFFE_PN0P_,4.31,1.12,0.023951782780146043,4.286048217219854,clk_core,VALIDATED
23,u_dma_fabric.rbeat_data[9]$_DFFE_PN0P_,4.31,1.12,0.023951782780146043,4.286048217219854,clk_core,VALIDATED
22,u_dma_fabric.rbeat_data[13]$_DFFE_PN0P_,4.31,1.12,0.023951782780146043,4.286048217219854,clk_core,VALIDATED
26,u_dma_fabric.rbeat_data[16]$_DFFE_PN0P_,4.31,1.11,0.02373792757675188,4.286262072423248,clk_core,VALIDATED
35,u_dma_fabric.rbeat_data[25]$_DFFE_PN0P_,4.32,1.11,0.02380316886279274,4.296196831137207,clk_core,VALIDATED
33,u_dma_fabric.rbeat_data[8]$_DFFE_PN0P_,4.32,1.11,0.02380316886279274,4.296196831137207,clk_core,VALIDATED
37,u_dma_fabric.rbeat_data[24]$_DFFE_PN0P_,4.32,1.11,0.02380316886279274,4.296196831137207,clk_core,VALIDATED
34,u_dma_fabric.rbeat_data[18]$_DFFE_PN0P_,4.32,1.11,0.02380316886279274,4.296196831137207,clk_core,VALIDATED
36,u_dma_fabric.rbeat_data[6]$_DFFE_PN0P_,4.32,1.11,0.02380316886279274,4.296196831137207,clk_core,VALIDATED
31,u_dma_fabric.rbeat_data[31]$_DFFE_PN0P_,4.32,1.11,0.02380316886279274,4.296196831137207,clk_core,VALIDATED
32,u_dma_fabric.rbeat_data[7]$_DFFE_PN0P_,4.32,1.11,0.02380316886279274,4.296196831137207,clk_core,VALIDATED
27,u_dma_fabric.rbeat_data[12]$_DFFE_PN0P_,4.32,1.11,0.02373792757675188,4.296262072423248,clk_core,VALIDATED
38,u_dma_fabric.rbeat_data[5]$_DFFE_PN0P_,4.32,1.11,0.023712067596323452,4.2962879324036765,clk_core,VALIDATED
29,u_dma_fabric.rbeat_data[19]$_DFFE_PN0P_,4.32,1.11,0.023673801318442496,4.296326198681558,clk_core,VALIDATED
30,u_dma_fabric.rbeat_data[21]$_DFFE_PN0P_,4.32,1.11,0.023673801318442496,4.296326198681558,clk_core,VALIDATED
28,u_dma_fabric.rbeat_data[11]$_DFFE_PN0P_,4.32,1.11,0.023673801318442496,4.296326198681558,clk_core,VALIDATED
39,u_dma_fabric.rbeat_data[22]$_DFFE_PN0P_,4.33,1.11,0.023743977098651663,4.306256022901349,clk_core,VALIDATED
40,u_dma_fabric.rbeat_data[27]$_DFFE_PN0P_,4.33,1.11,0.023712067596323452,4.306287932403676,clk_core,VALIDATED
41,u_dma_fabric.rbeat_data[4]$_DFFE_PN0P_,4.33,1.1,0.02349844536572593,4.306501554634274,clk_core,VALIDATED
42,g_chan[0].u_cdc_chr.rd_empty$_DFF_PN1_,4.33,1.1,0.023108693019274595,4.3068913069807255,clk_core,VALIDATED
44,g_chan[1].u_cdc_chcmd.wq2_rgray[1]$_DFF_PN0_,4.37,1.05,0.021820170627685896,4.348179829372314,clk_core,VALIDATED
43,g_chan[1].u_cdc_chcmd.wq2_rgray[3]$_DFF_PN0_,4.37,1.05,0.021820170627685896,4.348179829372314,clk_core,VALIDATED
54,g_chan[1].u_cdc_chcmd.wq1_rgray[0]$_DFF_PN0_,4.38,1.05,0.021820170627685896,4.358179829372314,clk_core,VALIDATED
49,g_chan[1].u_cdc_chcmd.wq1_rgray[3]$_DFF_PN0_,4.38,1.05,0.021820170627685896,4.358179829372314,clk_core,VALIDATED
52,g_chan[1].u_cdc_chcmd.wgray[0]$_DFF_PN0_,4.38,1.05,0.021820170627685896,4.358179829372314,clk_core,VALIDATED
45,g_chan[1].u_cdc_chcmd.wq1_rgray[1]$_DFF_PN0_,4.38,1.05,0.021820170627685896,4.358179829372314,clk_core,VALIDATED
46,g_chan[1].u_cdc_chcmd.wq2_rgray[0]$_DFF_PN0_,4.38,1.05,0.021820170627685896,4.358179829372314,clk_core,VALIDATED
61,g_chan[1].u_cdc_chcmd.wq2_rgray[4]$_DFF_PN0_,4.38,1.05,0.021820170627685896,4.358179829372314,clk_core,VALIDATED
47,g_chan[1].u_cdc_chcmd.wbin[1]$_DFF_PN0_,4.38,1.05,0.021735895169855482,4.358264104830145,clk_core,VALIDATED
53,g_chan[1].u_cdc_chcmd.wgray[1]$_DFF_PN0_,4.38,1.05,0.021735895169855482,4.358264104830145,clk_core,VALIDATED
51,g_chan[1].u_cdc_chcmd.wbin[2]$_DFF_PN0_,4.38,1.05,0.021735895169855482,4.358264104830145,clk_core,VALIDATED
48,g_chan[1].u_cdc_chcmd.wbin[0]$_DFF_PN0_,4.38,1.05,0.021735895169855482,4.358264104830145,clk_core,VALIDATED
56,g_chan[1].u_cdc_chcmd.wbin[4]$_DFF_PN0_,4.38,1.05,0.021735895169855482,4.358264104830145,clk_core,VALIDATED
57,g_chan[1].u_cdc_chcmd.wr_full$_DFF_PN0_,4.38,1.05,0.021735895169855482,4.358264104830145,clk_core,VALIDATED
50,g_chan[1].u_cdc_chcmd.wbin[3]$_DFF_PN0_,4.38,1.05,0.021735895169855482,4.358264104830145,clk_core,VALIDATED
55,g_chan[1].u_cdc_chcmd.wq1_rgray[4]$_DFF_PN0_,4.38,1.05,0.021735895169855482,4.358264104830145,clk_core,VALIDATED
58,g_chan[1].u_cdc_chcmd.wq1_rgray[2]$_DFF_PN0_,4.38,1.04,0.021528886644428293,4.358471113355572,clk_core,VALIDATED
60,g_chan[1].u_cdc_chcmd.wgray[2]$_DFF_PN0_,4.38,1.04,0.021528886644428293,4.358471113355572,clk_core,VALIDATED
62,g_chan[1].u_cdc_chcmd.wq2_rgray[2]$_DFF_PN0_,4.38,1.04,0.021528886644428293,4.358471113355572,clk_core,VALIDATED
59,g_chan[1].u_cdc_chcmd.wgray[3]$_DFF_PN0_,4.38,1.04,0.021528886644428293,4.358471113355572,clk_core,VALIDATED
86,u_cdc_rbeat.wr_full$_DFF_PN0_,4.41,1.02,0.022014426932087466,4.387985573067913,clk_core,VALIDATED
83,u_cdc_rbeat.wq1_rgray[4]$_DFF_PN0_,4.41,1.02,0.02163259688956299,4.388367403110437,clk_core,VALIDATED
84,u_cdc_rbeat.wq2_rgray[4]$_DFF_PN0_,4.41,1.02,0.02163259688956299,4.388367403110437,clk_core,VALIDATED
82,u_cdc_rbeat.wq1_rgray[1]$_DFF_PN0_,4.41,1.02,0.021553900191933095,4.388446099808067,clk_core,VALIDATED
79,u_cdc_rbeat.wq2_rgray[1]$_DFF_PN0_,4.41,1.02,0.021553900191933095,4.388446099808067,clk_core,VALIDATED
75,u_cdc_rbeat.wgray[0]$_DFF_PN0_,4.41,1.02,0.021553900191933095,4.388446099808067,clk_core,VALIDATED
78,u_cdc_rbeat.wq2_rgray[2]$_DFF_PN0_,4.41,1.02,0.021553900191933095,4.388446099808067,clk_core,VALIDATED
77,u_cdc_rbeat.wq2_rgray[0]$_DFF_PN0_,4.41,1.02,0.021553900191933095,4.388446099808067,clk_core,VALIDATED
76,u_cdc_rbeat.wgray[1]$_DFF_PN0_,4.41,1.02,0.021553900191933095,4.388446099808067,clk_core,VALIDATED
71,u_cdc_rbeat.wgray[3]$_DFF_PN0_,4.41,1.02,0.021553900191933095,4.388446099808067,clk_core,VALIDATED
70,u_cdc_rbeat.wbin[4]$_DFF_PN0_,4.41,1.02,0.021553900191933095,4.388446099808067,clk_core,VALIDATED
69,u_cdc_rbeat.wq2_rgray[3]$_DFF_PN0_,4.41,1.02,0.021553900191933095,4.388446099808067,clk_core,VALIDATED
68,u_cdc_rbeat.wq1_rgray[3]$_DFF_PN0_,4.41,1.02,0.021553900191933095,4.388446099808067,clk_core,VALIDATED
67,u_cdc_rbeat.wq1_rgray[0]$_DFF_PN0_,4.41,1.02,0.021553900191933095,4.388446099808067,clk_core,VALIDATED
74,u_cdc_rbeat.wbin[2]$_DFF_PN0_,4.41,1.02,0.021553900191933095,4.388446099808067,clk_core,VALIDATED
73,u_cdc_rbeat.wbin[3]$_DFF_PN0_,4.41,1.02,0.021553900191933095,4.388446099808067,clk_core,VALIDATED
72,u_cdc_rbeat.wgray[2]$_DFF_PN0_,4.41,1.02,0.021553900191933095,4.388446099808067,clk_core,VALIDATED
81,u_cdc_rbeat.wbin[1]$_DFF_PN0_,4.41,1.02,0.021553900191933095,4.388446099808067,clk_core,VALIDATED
80,u_cdc_rbeat.wbin[0]$_DFF_PN0_,4.41,1.02,0.021553900191933095,4.388446099808067,clk_core,VALIDATED
85,u_cdc_rbeat.wq1_rgray[2]$_DFF_PN0_,4.41,1.02,0.021553900191933095,4.388446099808067,clk_core,VALIDATED
66,u_dma_fabric.rbeat_data[28]$_DFFE_PN0P_,4.41,1.02,0.021456476708557604,4.3885435232914425,clk_core,VALIDATED
63,u_dma_fabric.rbeat_data[23]$_DFFE_PN0P_,4.41,1.02,0.021449557552073575,4.388550442447927,clk_core,VALIDATED
65,u_dma_fabric.rbeat_data[30]$_DFFE_PN0P_,4.41,1.02,0.021449557552073575,4.388550442447927,clk_core,VALIDATED
64,u_dma_fabric.rbeat_data[29]$_DFFE_PN0P_,4.41,1.02,0.021449557552073575,4.388550442447927,clk_core,VALIDATED
88,u_dma_fabric.rbeat_data[26]$_DFFE_PN0P_,4.41,1.02,0.02116236242621458,4.388837637573785,clk_core,VALIDATED
91,u_dma_fabric.rbeat_data[0]$_DFFE_PN0P_,4.41,1.02,0.02116236242621458,4.388837637573785,clk_core,VALIDATED
90,u_dma_fabric.rbeat_data[3]$_DFFE_PN0P_,4.41,1.02,0.02116236242621458,4.388837637573785,clk_core,VALIDATED
89,u_dma_fabric.rbeat_data[2]$_DFFE_PN0P_,4.41,1.02,0.02116236242621458,4.388837637573785,clk_core,VALIDATED
87,u_dma_fabric.rbeat_data[1]$_DFFE_PN0P_,4.41,1.02,0.02116236242621458,4.388837637573785,clk_core,VALIDATED
98,u_seq_core.beats_left[30]$_DFFE_PN0P_,4.49,0.94,0.01781268745665237,4.472187312543348,clk_core,VALIDATED
93,u_seq_core.beats_left[22]$_DFFE_PN0P_,4.49,0.94,0.01780924343074719,4.472190756569253,clk_core,VALIDATED
94,u_seq_core.beats_left[21]$_DFFE_PN0P_,4.49,0.94,0.01780924343074719,4.472190756569253,clk_core,VALIDATED
95,u_seq_core.beats_left[25]$_DFFE_PN0P_,4.49,0.94,0.01780924343074719,4.472190756569253,clk_core,VALIDATED
96,u_seq_core.beats_left[26]$_DFFE_PN0P_,4.49,0.94,0.01780924343074719,4.472190756569253,clk_core,VALIDATED
97,u_seq_core.beats_left[27]$_DFFE_PN0P_,4.49,0.94,0.01780924343074719,4.472190756569253,clk_core,VALIDATED
99,u_seq_core.beats_left[29]$_DFFE_PN0P_,4.49,0.94,0.01780924343074719,4.472190756569253,clk_core,VALIDATED
92,u_seq_core.beats_left[28]$_DFFE_PN0P_,4.49,0.94,0.01780233140069922,4.472197668599301,clk_core,VALIDATED
121,g_chan[1].u_cdc_chw.wq2_rgray[1]$_DFF_PN0_,4.5,0.94,0.01822716083212799,4.481772839167872,clk_core,VALIDATED
119,g_chan[1].u_cdc_chw.wq1_rgray[1]$_DFF_PN0_,4.5,0.94,0.01822475761985627,4.481775242380143,clk_core,VALIDATED
122,g_chan[1].u_cdc_chw.wgray[0]$_DFF_PN0_,4.5,0.94,0.01822475761985627,4.481775242380143,clk_core,VALIDATED
120,g_chan[1].u_cdc_chw.wgray[1]$_DFF_PN0_,4.5,0.94,0.01822475761985627,4.481775242380143,clk_core,VALIDATED
114,g_chan[1].u_cdc_chw.wbin[1]$_DFF_PN0_,4.5,0.94,0.01822475761985627,4.481775242380143,clk_core,VALIDATED
113,g_chan[1].u_cdc_chw.wbin[3]$_DFF_PN0_,4.5,0.94,0.01822475761985627,4.481775242380143,clk_core,VALIDATED
115,g_chan[1].u_cdc_chw.wbin[0]$_DFF_PN0_,4.5,0.94,0.01822475761985627,4.481775242380143,clk_core,VALIDATED
117,g_chan[1].u_cdc_chw.wbin[2]$_DFF_PN0_,4.5,0.94,0.01820189662327299,4.481798103376727,clk_core,VALIDATED
138,g_chan[1].u_cdc_chw.wq2_rgray[3]$_DFF_PN0_,4.5,0.93,0.01803325486582872,4.481966745134171,clk_core,VALIDATED
137,g_chan[1].u_cdc_chw.wq2_rgray[0]$_DFF_PN0_,4.5,0.93,0.01803325486582872,4.481966745134171,clk_core,VALIDATED
127,g_chan[1].u_cdc_chw.wbin[4]$_DFF_PN0_,4.5,0.93,0.018030877219644997,4.481969122780355,clk_core,VALIDATED
126,g_chan[1].u_cdc_chw.wq2_rgray[2]$_DFF_PN0_,4.5,0.93,0.01801562422149701,4.481984375778503,clk_core,VALIDATED
118,g_chan[1].u_cdc_chw.wgray[2]$_DFF_PN0_,4.5,0.93,0.01801562422149701,4.481984375778503,clk_core,VALIDATED
129,g_chan[1].u_cdc_chw.wq1_rgray[3]$_DFF_PN0_,4.5,0.93,0.01801562422149701,4.481984375778503,clk_core,VALIDATED
112,g_chan[1].u_cdc_chw.wgray[3]$_DFF_PN0_,4.5,0.93,0.01801562422149701,4.481984375778503,clk_core,VALIDATED
131,g_chan[1].u_cdc_chw.wq1_rgray[2]$_DFF_PN0_,4.5,0.93,0.018003126501159157,4.481996873498841,clk_core,VALIDATED
106,u_cdc_cmd.rq1_wgray[4]$_DFF_PN0_,4.5,0.94,0.01713562121903186,4.4828643787809686,clk_core,VALIDATED
108,u_cdc_cmd.rq1_wgray[3]$_DFF_PN0_,4.5,0.94,0.01713562121903186,4.4828643787809686,clk_core,VALIDATED
109,u_cdc_cmd.rq1_wgray[2]$_DFF_PN0_,4.5,0.94,0.01713562121903186,4.4828643787809686,clk_core,VALIDATED
111,u_cdc_cmd.rq2_wgray[2]$_DFF_PN0_,4.5,0.94,0.01713562121903186,4.4828643787809686,clk_core,VALIDATED
125,u_cdc_cmd.rbin[1]$_DFF_PN0_,4.5,0.94,0.01713562121903186,4.4828643787809686,clk_core,VALIDATED
124,u_cdc_cmd.rbin[3]$_DFF_PN0_,4.5,0.94,0.01713562121903186,4.4828643787809686,clk_core,VALIDATED
128,u_cdc_cmd.rgray[2]$_DFF_PN0_,4.5,0.94,0.01713562121903186,4.4828643787809686,clk_core,VALIDATED
130,u_cdc_cmd.rgray[3]$_DFF_PN0_,4.5,0.94,0.01713562121903186,4.4828643787809686,clk_core,VALIDATED
123,u_cdc_cmd.rq2_wgray[3]$_DFF_PN0_,4.5,0.94,0.01713562121903186,4.4828643787809686,clk_core,VALIDATED
105,u_cdc_cmd.rq2_wgray[4]$_DFF_PN0_,4.5,0.94,0.01713562121903186,4.4828643787809686,clk_core,VALIDATED
104,u_cdc_cmd.rbin[4]$_DFF_PN0_,4.5,0.94,0.01713562121903186,4.4828643787809686,clk_core,VALIDATED
140,c_cmd_addr[24]$_DFFE_PN0N_,4.5,0.94,0.017129796980686472,4.4828702030193135,clk_core,VALIDATED
139,c_cmd_addr[25]$_DFFE_PN0N_,4.5,0.94,0.017129796980686472,4.4828702030193135,clk_core,VALIDATED
141,c_cmd_valid$_DFF_PN0_,4.5,0.94,0.01712776127329061,4.482872238726709,clk_core,VALIDATED
100,c_cmd_len[2]$_DFFE_PN0N_,4.5,0.94,0.017048466941855744,4.482951533058144,clk_core,VALIDATED
102,c_cmd_len[7]$_DFFE_PN0N_,4.5,0.94,0.017048466941855744,4.482951533058144,clk_core,VALIDATED
116,c_cmd_len[6]$_DFFE_PN0N_,4.5,0.94,0.017048466941855744,4.482951533058144,clk_core,VALIDATED
103,c_cmd_len[4]$_DFFE_PN0N_,4.5,0.94,0.017048466941855744,4.482951533058144,clk_core,VALIDATED
107,c_cmd_len[0]$_DFFE_PN0N_,4.5,0.94,0.017045576332983182,4.4829544236670165,clk_core,VALIDATED
110,c_cmd_len[3]$_DFFE_PN0N_,4.5,0.94,0.017045576332983182,4.4829544236670165,clk_core,VALIDATED
132,c_cmd_len[1]$_DFFE_PN0N_,4.5,0.94,0.017045576332983182,4.4829544236670165,clk_core,VALIDATED
133,c_cmd_addr[23]$_DFFE_PN0N_,4.5,0.94,0.017029093995940152,4.48297090600406,clk_core,VALIDATED
135,c_cmd_len[5]$_DFFE_PN0N_,4.5,0.94,0.017029093995940152,4.48297090600406,clk_core,VALIDATED
136,c_cmd_len[9]$_DFFE_PN0N_,4.5,0.94,0.017029093995940152,4.48297090600406,clk_core,VALIDATED
134,c_cmd_len[8]$_DFFE_PN0N_,4.5,0.94,0.017029093995940152,4.48297090600406,clk_core,VALIDATED
101,c_cmd_len[10]$_DFFE_PN0N_,4.5,0.94,0.017001792046688023,4.482998207953312,clk_core,VALIDATED
153,u_dma_fabric.rbeat_valid$_DFFE_PN0P_,4.51,0.92,0.019202472002944934,4.490797527997055,clk_core,VALIDATED
143,g_chan[1].u_cdc_chr.rd_empty$_DFF_PN1_,4.51,0.92,0.01893535297393159,4.491064647026068,clk_core,VALIDATED
156,g_chan[1].u_cdc_chr.rq2_wgray[0]$_DFF_PN0_,4.51,0.92,0.01893535297393159,4.491064647026068,clk_core,VALIDATED
154,g_chan[1].u_cdc_chr.rbin[1]$_DFF_PN0_,4.51,0.92,0.01893535297393159,4.491064647026068,clk_core,VALIDATED
155,g_chan[1].u_cdc_chr.rbin[3]$_DFF_PN0_,4.51,0.92,0.01893535297393159,4.491064647026068,clk_core,VALIDATED
157,g_chan[1].u_cdc_chr.rq1_wgray[4]$_DFF_PN0_,4.51,0.92,0.01887307819305576,4.491126921806944,clk_core,VALIDATED
149,u_seq_core.op_q[0]$_DFFE_PN0P_,4.51,0.93,0.01788516968631996,4.49211483031368,clk_core,VALIDATED
142,u_cdc_cmd.rbin[0]$_DFF_PN0_,4.51,0.94,0.017129796980686472,4.492870203019313,clk_core,VALIDATED
144,u_cdc_cmd.rgray[0]$_DFF_PN0_,4.51,0.94,0.017129796980686472,4.492870203019313,clk_core,VALIDATED
151,u_cdc_cmd.rd_empty$_DFF_PN1_,4.51,0.94,0.01712776127329061,4.492872238726709,clk_core,VALIDATED
150,u_cdc_cmd.rbin[2]$_DFF_PN0_,4.51,0.94,0.017101214777852168,4.492898785222148,clk_core,VALIDATED
146,u_cdc_cmd.rq1_wgray[1]$_DFF_PN0_,4.51,0.94,0.017101214777852168,4.492898785222148,clk_core,VALIDATED
147,u_cdc_cmd.rq2_wgray[1]$_DFF_PN0_,4.51,0.94,0.017101214777852168,4.492898785222148,clk_core,VALIDATED
145,u_cdc_cmd.rq1_wgray[0]$_DFF_PN0_,4.51,0.94,0.017101214777852168,4.492898785222148,clk_core,VALIDATED
148,u_cdc_cmd.rq2_wgray[0]$_DFF_PN0_,4.51,0.94,0.017101214777852168,4.492898785222148,clk_core,VALIDATED
152,u_cdc_cmd.rgray[1]$_DFF_PN0_,4.51,0.93,0.016919286961066538,4.493080713038934,clk_core,VALIDATED
165,u_dma_fabric.rr_ptr$_DFFE_PN0P_,4.52,0.92,0.018958834475332642,4.501041165524667,clk_core,VALIDATED
158,g_chan[1].u_cdc_chr.rbin[0]$_DFF_PN0_,4.52,0.92,0.01893535297393159,4.501064647026068,clk_core,VALIDATED
162,g_chan[1].u_cdc_chr.rbin[4]$_DFF_PN0_,4.52,0.92,0.01893535297393159,4.501064647026068,clk_core,VALIDATED
164,g_chan[1].u_cdc_chr.rq2_wgray[4]$_DFF_PN0_,4.52,0.92,0.01893535297393159,4.501064647026068,clk_core,VALIDATED
166,g_chan[1].u_cdc_chr.rq2_wgray[3]$_DFF_PN0_,4.52,0.92,0.01893535297393159,4.501064647026068,clk_core,VALIDATED
168,g_chan[1].u_cdc_chr.rgray[3]$_DFF_PN0_,4.52,0.92,0.01893535297393159,4.501064647026068,clk_core,VALIDATED
161,g_chan[1].u_cdc_chr.rbin[2]$_DFF_PN0_,4.52,0.92,0.01893535297393159,4.501064647026068,clk_core,VALIDATED
169,g_chan[1].u_cdc_chr.rq2_wgray[2]$_DFF_PN0_,4.52,0.92,0.01893535297393159,4.501064647026068,clk_core,VALIDATED
167,g_chan[1].u_cdc_chr.rq1_wgray[2]$_DFF_PN0_,4.52,0.92,0.01893535297393159,4.501064647026068,clk_core,VALIDATED
163,g_chan[1].u_cdc_chr.rgray[2]$_DFF_PN0_,4.52,0.92,0.01893535297393159,4.501064647026068,clk_core,VALIDATED
159,g_chan[1].u_cdc_chr.rgray[0]$_DFF_PN0_,4.52,0.92,0.01887307819305576,4.501126921806944,clk_core,VALIDATED
160,g_chan[1].u_cdc_chr.rq1_wgray[0]$_DFF_PN0_,4.52,0.92,0.01887307819305576,4.501126921806944,clk_core,VALIDATED
170,g_chan[1].u_cdc_chr.rq1_wgray[3]$_DFF_PN0_,4.52,0.91,0.018667936038783348,4.501332063961216,clk_core,VALIDATED
172,g_chan[1].u_cdc_chr.rq1_wgray[1]$_DFF_PN0_,4.52,0.91,0.018667936038783348,4.501332063961216,clk_core,VALIDATED
173,g_chan[1].u_cdc_chr.rgray[1]$_DFF_PN0_,4.52,0.91,0.018667936038783348,4.501332063961216,clk_core,VALIDATED
171,g_chan[1].u_cdc_chr.rq2_wgray[1]$_DFF_PN0_,4.52,0.91,0.018667936038783348,4.501332063961216,clk_core,VALIDATED
174,u_seq_core.addr_q[26]$_DFFE_PN0P_,4.55,0.88,0.01671227136461014,4.53328772863539,clk_core,VALIDATED
175,u_seq_core.addr_q[7]$_DFFE_PN0P_,4.55,0.88,0.01671227136461014,4.53328772863539,clk_core,VALIDATED
178,u_seq_core.addr_q[9]$_DFFE_PN0P_,4.55,0.88,0.016702758524843875,4.533297241475156,clk_core,VALIDATED
176,u_seq_core.addr_q[6]$_DFFE_PN0P_,4.55,0.88,0.016702758524843875,4.533297241475156,clk_core,VALIDATED
179,u_seq_core.addr_q[31]$_DFFE_PN0P_,4.55,0.88,0.016702758524843875,4.533297241475156,clk_core,VALIDATED
177,u_seq_core.addr_q[8]$_DFFE_PN0P_,4.55,0.88,0.016702758524843875,4.533297241475156,clk_core,VALIDATED
182,u_seq_core.addr_q[21]$_DFFE_PN0P_,4.56,0.88,0.016743725345512758,4.543256274654487,clk_core,VALIDATED
181,u_seq_core.addr_q[2]$_DFFE_PN0P_,4.56,0.88,0.016702758524843875,4.543297241475155,clk_core,VALIDATED
180,u_seq_core.addr_q[20]$_DFFE_PN0P_,4.56,0.88,0.016702758524843875,4.543297241475155,clk_core,VALIDATED
184,c_cmd_addr[6]$_DFFE_PN0N_,4.57,0.88,0.01600188513900966,4.553998114860991,clk_core,VALIDATED
185,c_cmd_addr[9]$_DFFE_PN0N_,4.57,0.88,0.01600188513900966,4.553998114860991,clk_core,VALIDATED
183,c_cmd_addr[7]$_DFFE_PN0N_,4.57,0.88,0.01600188513900966,4.553998114860991,clk_core,VALIDATED
186,c_cmd_addr[8]$_DFFE_PN0N_,4.57,0.88,0.01597239370320673,4.554027606296794,clk_core,VALIDATED
195,g_chan[0].u_cdc_chw.wq2_rgray[2]$_DFF_PN0_,4.59,0.83,0.01669095215665009,4.57330904784335,clk_core,VALIDATED
199,g_chan[0].u_cdc_chw.wq1_rgray[2]$_DFF_PN0_,4.59,0.83,0.01669095215665009,4.57330904784335,clk_core,VALIDATED
196,g_chan[0].u_cdc_chw.wq2_rgray[3]$_DFF_PN0_,4.59,0.83,0.01669095215665009,4.57330904784335,clk_core,VALIDATED
197,g_chan[0].u_cdc_chw.wq2_rgray[1]$_DFF_PN0_,4.59,0.83,0.01669095215665009,4.57330904784335,clk_core,VALIDATED
198,g_chan[0].u_cdc_chw.wq1_rgray[3]$_DFF_PN0_,4.59,0.83,0.01669095215665009,4.57330904784335,clk_core,VALIDATED
202,g_chan[0].u_cdc_chw.wq2_rgray[4]$_DFF_PN0_,4.59,0.83,0.01669095215665009,4.57330904784335,clk_core,VALIDATED
201,g_chan[0].u_cdc_chw.wq1_rgray[4]$_DFF_PN0_,4.59,0.83,0.01669095215665009,4.57330904784335,clk_core,VALIDATED
200,g_chan[0].u_cdc_chw.wq1_rgray[1]$_DFF_PN0_,4.59,0.83,0.01669095215665009,4.57330904784335,clk_core,VALIDATED
187,g_chan[0].u_cdc_chcmd.wr_full$_DFF_PN0_,4.59,0.84,0.016135292130330332,4.57386470786967,clk_core,VALIDATED
189,g_chan[0].u_cdc_chcmd.wgray[0]$_DFF_PN0_,4.59,0.84,0.016135292130330332,4.57386470786967,clk_core,VALIDATED
190,g_chan[0].u_cdc_chcmd.wbin[4]$_DFF_PN0_,4.59,0.84,0.016135292130330332,4.57386470786967,clk_core,VALIDATED
194,g_chan[0].u_cdc_chcmd.wq1_rgray[1]$_DFF_PN0_,4.59,0.84,0.016135292130330332,4.57386470786967,clk_core,VALIDATED
193,g_chan[0].u_cdc_chcmd.wq2_rgray[1]$_DFF_PN0_,4.59,0.84,0.016135292130330332,4.57386470786967,clk_core,VALIDATED
188,u_seq_core.done$_DFFE_PN0P_,4.59,0.84,0.016128853403948554,4.573871146596051,clk_core,VALIDATED
192,g_chan[0].u_cdc_chcmd.wbin[3]$_DFF_PN0_,4.59,0.84,0.016123626874736036,4.573876373125263,clk_core,VALIDATED
191,g_chan[0].u_cdc_chcmd.wgray[1]$_DFF_PN0_,4.59,0.84,0.016123626874736036,4.573876373125263,clk_core,VALIDATED
207,u_seq_core.ch_cmd_valid$_DFF_PN0_,4.59,0.84,0.016108075908594713,4.573891924091405,clk_core,VALIDATED
203,u_ecc_engine.vpipe[1]$_DFF_PN0_,4.59,0.84,0.016101904947775206,4.5738980950522246,clk_core,VALIDATED
206,u_ecc_engine.vpipe[2]$_DFF_PN0_,4.59,0.84,0.016101904947775206,4.5738980950522246,clk_core,VALIDATED
204,u_ecc_engine.vpipe[0]$_DFF_PN0_,4.59,0.84,0.016101904947775206,4.5738980950522246,clk_core,VALIDATED
205,u_seq_core.ecc_en_q$_DFFE_PN0P_,4.59,0.84,0.016087298413240872,4.573912701586759,clk_core,VALIDATED
208,g_chan[0].u_cdc_chw.wgray[3]$_DFF_PN0_,4.6,0.83,0.016666037284450305,4.58333396271555,clk_core,VALIDATED
209,g_chan[0].u_cdc_chw.wgray[2]$_DFF_PN0_,4.6,0.83,0.016666037284450305,4.58333396271555,clk_core,VALIDATED
219,g_chan[0].u_cdc_chw.wq2_rgray[0]$_DFF_PN0_,4.6,0.83,0.01660938403968268,4.583390615960317,clk_core,VALIDATED
220,g_chan[0].u_cdc_chw.wbin[0]$_DFF_PN0_,4.6,0.83,0.016536458686833788,4.583463541313166,clk_core,VALIDATED
222,g_chan[0].u_cdc_chw.wq1_rgray[0]$_DFF_PN0_,4.6,0.83,0.016536458686833788,4.583463541313166,clk_core,VALIDATED
224,g_chan[0].u_cdc_chw.wgray[1]$_DFF_PN0_,4.6,0.83,0.016536458686833788,4.583463541313166,clk_core,VALIDATED
225,g_chan[0].u_cdc_chw.wbin[4]$_DFF_PN0_,4.6,0.83,0.016536458686833788,4.583463541313166,clk_core,VALIDATED
223,g_chan[0].u_cdc_chw.wgray[0]$_DFF_PN0_,4.6,0.83,0.016536458686833788,4.583463541313166,clk_core,VALIDATED
221,g_chan[0].u_cdc_chw.wbin[1]$_DFF_PN0_,4.6,0.83,0.016536458686833788,4.583463541313166,clk_core,VALIDATED
211,c_cmd_chan$_DFFE_PN0N_,4.6,0.84,0.015402853931426867,4.584597146068573,clk_core,VALIDATED
214,c_cmd_ecc_en$_DFFE_PN0N_,4.6,0.84,0.015385348654622072,4.584614651345378,clk_core,VALIDATED
210,c_cmd_chmask[1]$_DFFE_PN0N_,4.6,0.84,0.015361560779693167,4.584638439220306,clk_core,VALIDATED
217,c_cmd_opcode[1]$_DFFE_PN0N_,4.6,0.84,0.015361560779693167,4.584638439220306,clk_core,VALIDATED
218,c_cmd_addr[17]$_DFFE_PN0N_,4.6,0.84,0.015361560779693167,4.584638439220306,clk_core,VALIDATED
215,c_cmd_opcode[0]$_DFFE_PN0N_,4.6,0.84,0.015361560779693167,4.584638439220306,clk_core,VALIDATED
213,c_cmd_opcode[4]$_DFFE_PN0N_,4.6,0.84,0.015361560779693167,4.584638439220306,clk_core,VALIDATED
212,c_cmd_chmask[0]$_DFFE_PN0N_,4.6,0.84,0.015361560779693167,4.584638439220306,clk_core,VALIDATED
216,c_cmd_opcode[2]$_DFFE_PN0N_,4.6,0.84,0.015361560779693167,4.584638439220306,clk_core,VALIDATED
226,g_chan[0].u_cdc_chw.wbin[2]$_DFF_PN0_,4.61,0.83,0.016429260872907497,4.593570739127093,clk_core,VALIDATED
227,g_chan[0].u_cdc_chw.wbin[3]$_DFF_PN0_,4.61,0.83,0.016429260872907497,4.593570739127093,clk_core,VALIDATED
233,g_chan[1].u_cdc_chw.wq2_rgray[4]$_DFF_PN0_,4.61,0.82,0.015906503987982858,4.594093496012017,clk_core,VALIDATED
235,g_chan[1].u_cdc_chw.wq1_rgray[0]$_DFF_PN0_,4.61,0.82,0.015906503987982858,4.594093496012017,clk_core,VALIDATED
234,g_chan[1].u_cdc_chw.wq1_rgray[4]$_DFF_PN0_,4.61,0.82,0.01587628014309317,4.594123719856907,clk_core,VALIDATED
230,u_cdc_wbeat.rbin[3]$_DFF_PN0_,4.61,0.82,0.015862234580425266,4.594137765419575,clk_core,VALIDATED
229,u_cdc_wbeat.rbin[1]$_DFF_PN0_,4.61,0.82,0.015862234580425266,4.594137765419575,clk_core,VALIDATED
232,u_cdc_wbeat.rbin[4]$_DFF_PN0_,4.61,0.82,0.015862234580425266,4.594137765419575,clk_core,VALIDATED
228,u_cdc_wbeat.rbin[0]$_DFF_PN0_,4.61,0.82,0.015862234580425266,4.594137765419575,clk_core,VALIDATED
231,u_cdc_wbeat.rbin[2]$_DFF_PN0_,4.61,0.82,0.015862234580425266,4.594137765419575,clk_core,VALIDATED
245,u_seq_core.op_q[1]$_DFFE_PN0P_,4.62,0.82,0.01574783119567713,4.604252168804323,clk_core,VALIDATED
247,u_seq_core.op_q[3]$_DFFE_PN0P_,4.62,0.82,0.01574783119567713,4.604252168804323,clk_core,VALIDATED
236,u_cdc_wbeat.rq1_wgray[1]$_DFF_PN0_,4.62,0.82,0.01572107510298712,4.604278924897013,clk_core,VALIDATED
239,u_cdc_wbeat.rq2_wgray[1]$_DFF_PN0_,4.62,0.82,0.01572107510298712,4.604278924897013,clk_core,VALIDATED
240,u_cdc_wbeat.rgray[1]$_DFF_PN0_,4.62,0.82,0.01572107510298712,4.604278924897013,clk_core,VALIDATED
237,u_cdc_wbeat.rq2_wgray[2]$_DFF_PN0_,4.62,0.82,0.01572107510298712,4.604278924897013,clk_core,VALIDATED
238,u_cdc_wbeat.rgray[2]$_DFF_PN0_,4.62,0.82,0.01572107510298712,4.604278924897013,clk_core,VALIDATED
242,u_cdc_wbeat.rq2_wgray[3]$_DFF_PN0_,4.62,0.82,0.01572107510298712,4.604278924897013,clk_core,VALIDATED
241,u_cdc_wbeat.rq1_wgray[2]$_DFF_PN0_,4.62,0.82,0.01572107510298712,4.604278924897013,clk_core,VALIDATED
244,u_cdc_wbeat.rgray[0]$_DFF_PN0_,4.62,0.82,0.01572107510298712,4.604278924897013,clk_core,VALIDATED
243,u_cdc_wbeat.rgray[3]$_DFF_PN0_,4.62,0.82,0.01572107510298712,4.604278924897013,clk_core,VALIDATED
246,u_cdc_wbeat.rq1_wgray[0]$_DFF_PN0_,4.62,0.82,0.01572107510298712,4.604278924897013,clk_core,VALIDATED
248,u_cdc_wbeat.rq1_wgray[4]$_DFF_PN0_,4.62,0.82,0.01572107510298712,4.604278924897013,clk_core,VALIDATED
249,u_cdc_wbeat.rq1_wgray[3]$_DFF_PN0_,4.62,0.82,0.01572107510298712,4.604278924897013,clk_core,VALIDATED
250,u_cdc_wbeat.rq2_wgray[0]$_DFF_PN0_,4.62,0.82,0.01572107510298712,4.604278924897013,clk_core,VALIDATED
251,u_cdc_wbeat.rq2_wgray[4]$_DFF_PN0_,4.62,0.82,0.01572107510298712,4.604278924897013,clk_core,VALIDATED
254,g_chan[0].u_cdc_chw.wr_full$_DFF_PN0_,4.63,0.81,0.015684174216729067,4.614315825783271,clk_core,VALIDATED
252,u_seq_core.chan_q$_DFFE_PN0P_,4.63,0.81,0.015677113538945874,4.614322886461054,clk_core,VALIDATED
253,g_chan[1].u_cdc_chw.wr_full$_DFF_PN0_,4.63,0.81,0.01566812050686104,4.614331879493139,clk_core,VALIDATED
255,u_cdc_wbeat.rd_empty$_DFF_PN1_,4.63,0.81,0.015563491847017469,4.614436508152982,clk_core,VALIDATED
256,g_chan[0].u_cdc_chcmd.wq1_rgray[3]$_DFF_PN0_,4.64,0.81,0.015549334192572262,4.624450665807427,clk_core,VALIDATED
257,u_seq_core.mask_q[0]$_DFFE_PN0P_,4.64,0.81,0.015549334192572262,4.624450665807427,clk_core,VALIDATED
258,g_chan[0].u_cdc_chcmd.wq1_rgray[2]$_DFF_PN0_,4.64,0.81,0.015549334192572262,4.624450665807427,clk_core,VALIDATED
259,u_seq_core.mask_q[1]$_DFFE_PN0P_,4.64,0.81,0.015549334192572262,4.624450665807427,clk_core,VALIDATED
260,u_seq_core.op_q[4]$_DFFE_PN0P_,4.64,0.81,0.015549334192572262,4.624450665807427,clk_core,VALIDATED
261,u_seq_core.op_q[5]$_DFFE_PN0P_,4.64,0.8,0.01535736710377509,4.624642632896225,clk_core,VALIDATED
262,u_seq_core.op_q[2]$_DFFE_PN0P_,4.64,0.8,0.01535736710377509,4.624642632896225,clk_core,VALIDATED
283,u_seq_core.beats_left[24]$_DFFE_PN0P_,4.65,0.8,0.015242488660334418,4.634757511339666,clk_core,VALIDATED
285,u_seq_core.beats_left[18]$_DFFE_PN0P_,4.65,0.8,0.015242488660334418,4.634757511339666,clk_core,VALIDATED
290,u_seq_core.beats_left[16]$_DFFE_PN0P_,4.65,0.8,0.015242488660334418,4.634757511339666,clk_core,VALIDATED
282,u_seq_core.beats_left[23]$_DFFE_PN0P_,4.65,0.8,0.015242488660334418,4.634757511339666,clk_core,VALIDATED
287,u_seq_core.beats_left[17]$_DFFE_PN0P_,4.65,0.8,0.015242488660334418,4.634757511339666,clk_core,VALIDATED
275,u_seq_core.beats_left[15]$_DFFE_PN0P_,4.65,0.8,0.015239891515302875,4.634760108484698,clk_core,VALIDATED
264,u_seq_core.beats_left[19]$_DFFE_PN0P_,4.65,0.8,0.0152149447400887,4.634785055259911,clk_core,VALIDATED
270,u_seq_core.addr_q[17]$_DFFE_PN0P_,4.65,0.79,0.015105012971675144,4.634894987028325,clk_core,VALIDATED
267,u_seq_core.beats_left[1]$_DFFE_PN0P_,4.65,0.79,0.015105012971675144,4.634894987028325,clk_core,VALIDATED
263,u_seq_core.addr_q[25]$_DFFE_PN0P_,4.65,0.79,0.015105012971675144,4.634894987028325,clk_core,VALIDATED
265,u_seq_core.addr_q[1]$_DFFE_PN0P_,4.65,0.79,0.015105012971675144,4.634894987028325,clk_core,VALIDATED
266,u_seq_core.addr_q[18]$_DFFE_PN0P_,4.65,0.79,0.015105012971675144,4.634894987028325,clk_core,VALIDATED
279,u_seq_core.addr_q[4]$_DFFE_PN0P_,4.65,0.79,0.015096292563086817,4.634903707436914,clk_core,VALIDATED
281,u_seq_core.addr_q[30]$_DFFE_PN0P_,4.65,0.79,0.015096292563086817,4.634903707436914,clk_core,VALIDATED
288,u_seq_core.addr_q[10]$_DFFE_PN0P_,4.65,0.79,0.01507246730090632,4.634927532699094,clk_core,VALIDATED
286,u_seq_core.addr_q[3]$_DFFE_PN0P_,4.65,0.79,0.01507246730090632,4.634927532699094,clk_core,VALIDATED
289,u_seq_core.addr_q[5]$_DFFE_PN0P_,4.65,0.79,0.01507246730090632,4.634927532699094,clk_core,VALIDATED
291,u_seq_core.addr_q[27]$_DFFE_PN0P_,4.65,0.79,0.01507246730090632,4.634927532699094,clk_core,VALIDATED
294,u_seq_core.addr_q[11]$_DFFE_PN0P_,4.65,0.79,0.01507246730090632,4.634927532699094,clk_core,VALIDATED
295,u_seq_core.beats_left[2]$_DFFE_PN0P_,4.65,0.79,0.015062793960936169,4.634937206039064,clk_core,VALIDATED
277,u_seq_core.beats_left[14]$_DFFE_PN0P_,4.65,0.79,0.015049392871361547,4.634950607128639,clk_core,VALIDATED
276,u_seq_core.beats_left[5]$_DFFE_PN0P_,4.65,0.79,0.015049392871361547,4.634950607128639,clk_core,VALIDATED
278,u_seq_core.beats_left[0]$_DFFE_PN0P_,4.65,0.79,0.015049392871361547,4.634950607128639,clk_core,VALIDATED
269,u_seq_core.beats_left[7]$_DFFE_PN0P_,4.65,0.79,0.015048547515250005,4.63495145248475,clk_core,VALIDATED
268,u_seq_core.beats_left[4]$_DFFE_PN0P_,4.65,0.79,0.015048547515250005,4.63495145248475,clk_core,VALIDATED
274,u_seq_core.beats_left[3]$_DFFE_PN0P_,4.65,0.79,0.015048547515250005,4.63495145248475,clk_core,VALIDATED
272,u_seq_core.op_q[6]$_DFFE_PN0P_,4.65,0.79,0.015048547515250005,4.63495145248475,clk_core,VALIDATED
271,u_seq_core.beats_left[6]$_DFFE_PN0P_,4.65,0.79,0.015048547515250005,4.63495145248475,clk_core,VALIDATED
298,u_seq_core.beats_left[11]$_DFFE_PN0P_,4.65,0.79,0.015032578376185324,4.634967421623815,clk_core,VALIDATED
302,u_seq_core.addr_q[19]$_DFFE_PN0P_,4.65,0.79,0.015029164970583722,4.634970835029416,clk_core,VALIDATED
273,u_seq_core.addr_q[22]$_DFFE_PN0P_,4.65,0.79,0.015026017024896879,4.6349739829751035,clk_core,VALIDATED
280,u_seq_core.addr_q[14]$_DFFE_PN0P_,4.65,0.79,0.015026017024896879,4.6349739829751035,clk_core,VALIDATED
284,u_seq_core.addr_q[23]$_DFFE_PN0P_,4.65,0.79,0.015026017024896879,4.6349739829751035,clk_core,VALIDATED
301,u_seq_core.beats_left[8]$_DFFE_PN0P_,4.65,0.79,0.015017042542850335,4.63498295745715,clk_core,VALIDATED
299,u_seq_core.beats_left[10]$_DFFE_PN0P_,4.65,0.79,0.015017042542850335,4.63498295745715,clk_core,VALIDATED
300,u_seq_core.beats_left[9]$_DFFE_PN0P_,4.65,0.79,0.015017042542850335,4.63498295745715,clk_core,VALIDATED
297,u_seq_core.beats_left[31]$_DFFE_PN0P_,4.65,0.79,0.01500794343566133,4.634992056564339,clk_core,VALIDATED
296,u_seq_core.beats_left[12]$_DFFE_PN0P_,4.65,0.79,0.01500794343566133,4.634992056564339,clk_core,VALIDATED
292,u_seq_core.beats_left[20]$_DFFE_PN0P_,4.65,0.79,0.01500794343566133,4.634992056564339,clk_core,VALIDATED
293,u_seq_core.beats_left[13]$_DFFE_PN0P_,4.65,0.79,0.01500794343566133,4.634992056564339,clk_core,VALIDATED
303,c_cmd_addr[12]$_DFFE_PN0N_,4.66,0.79,0.014398243457117342,4.645601756542883,clk_core,VALIDATED
304,c_cmd_addr[15]$_DFFE_PN0N_,4.66,0.79,0.014398243457117342,4.645601756542883,clk_core,VALIDATED
305,c_cmd_addr[1]$_DFFE_PN0N_,4.66,0.79,0.014398243457117342,4.645601756542883,clk_core,VALIDATED
306,c_cmd_addr[18]$_DFFE_PN0N_,4.66,0.79,0.014398243457117342,4.645601756542883,clk_core,VALIDATED
307,c_cmd_addr[13]$_DFFE_PN0N_,4.66,0.79,0.014398243457117342,4.645601756542883,clk_core,VALIDATED
309,c_cmd_opcode[7]$_DFFE_PN0N_,4.66,0.79,0.014375123526250033,4.64562487647375,clk_core,VALIDATED
310,c_cmd_opcode[5]$_DFFE_PN0N_,4.66,0.79,0.014375123526250033,4.64562487647375,clk_core,VALIDATED
311,c_cmd_addr[19]$_DFFE_PN0N_,4.66,0.79,0.014375123526250033,4.64562487647375,clk_core,VALIDATED
312,c_cmd_addr[0]$_DFFE_PN0N_,4.66,0.79,0.014375123526250033,4.64562487647375,clk_core,VALIDATED
308,c_cmd_addr[16]$_DFFE_PN0N_,4.66,0.79,0.014372720918283254,4.645627279081717,clk_core,VALIDATED
313,c_cmd_opcode[6]$_DFFE_PN0N_,4.66,0.79,0.01435218216275893,4.645647817837241,clk_core,VALIDATED
314,c_cmd_addr[14]$_DFFE_PN0N_,4.67,0.79,0.01435218216275893,4.655647817837241,clk_core,VALIDATED
316,c_cmd_opcode[3]$_DFFE_PN0N_,4.67,0.79,0.01435218216275893,4.655647817837241,clk_core,VALIDATED
315,c_cmd_addr[2]$_DFFE_PN0N_,4.67,0.79,0.01435218216275893,4.655647817837241,clk_core,VALIDATED
317,u_seq_core.addr_q[28]$_DFFE_PN0P_,4.69,0.76,0.014539482277233708,4.675460517722767,clk_core,VALIDATED
318,u_seq_core.addr_q[29]$_DFFE_PN0P_,4.73,0.71,0.013621110942809489,4.716378889057191,clk_core,VALIDATED
319,g_chan[0].u_cdc_chcmd.wgray[2]$_DFF_PN0_,4.74,0.7,0.013441769437327188,4.726558230562673,clk_core,VALIDATED
324,g_chan[0].u_cdc_chcmd.wq1_rgray[4]$_DFF_PN0_,4.74,0.7,0.013441769437327188,4.726558230562673,clk_core,VALIDATED
322,g_chan[0].u_cdc_chcmd.wgray[3]$_DFF_PN0_,4.74,0.7,0.013441769437327188,4.726558230562673,clk_core,VALIDATED
327,g_chan[0].u_cdc_chcmd.wq2_rgray[4]$_DFF_PN0_,4.74,0.7,0.013441769437327188,4.726558230562673,clk_core,VALIDATED
329,g_chan[0].u_cdc_chcmd.wbin[2]$_DFF_PN0_,4.74,0.7,0.013431585484030575,4.726568414515969,clk_core,VALIDATED
340,g_chan[0].u_cdc_chcmd.wq1_rgray[0]$_DFF_PN0_,4.74,0.7,0.01342280585029789,4.726577194149702,clk_core,VALIDATED
337,g_chan[0].u_cdc_chcmd.wq2_rgray[2]$_DFF_PN0_,4.74,0.7,0.01342280585029789,4.726577194149702,clk_core,VALIDATED
341,g_chan[0].u_cdc_chcmd.wq2_rgray[0]$_DFF_PN0_,4.74,0.7,0.01342280585029789,4.726577194149702,clk_core,VALIDATED
338,g_chan[0].u_cdc_chcmd.wq2_rgray[3]$_DFF_PN0_,4.74,0.7,0.01342280585029789,4.726577194149702,clk_core,VALIDATED
331,g_chan[0].u_cdc_chcmd.wbin[0]$_DFF_PN0_,4.74,0.7,0.013406462042698748,4.726593537957301,clk_core,VALIDATED
330,g_chan[0].u_cdc_chcmd.wbin[1]$_DFF_PN0_,4.74,0.7,0.013406462042698748,4.726593537957301,clk_core,VALIDATED
339,u_seq_core.op_q[7]$_DFFE_PN0P_,4.74,0.7,0.013406462042698748,4.726593537957301,clk_core,VALIDATED
332,c_cmd_addr[10]$_DFFE_PN0N_,4.74,0.71,0.012959412582104576,4.727040587417895,clk_core,VALIDATED
335,c_cmd_addr[3]$_DFFE_PN0N_,4.74,0.71,0.012959412582104576,4.727040587417895,clk_core,VALIDATED
336,c_cmd_addr[11]$_DFFE_PN0N_,4.74,0.71,0.012959412582104576,4.727040587417895,clk_core,VALIDATED
334,c_cmd_addr[30]$_DFFE_PN0N_,4.74,0.71,0.012959412582104576,4.727040587417895,clk_core,VALIDATED
333,c_cmd_addr[5]$_DFFE_PN0N_,4.74,0.71,0.012959412582104576,4.727040587417895,clk_core,VALIDATED
326,c_cmd_addr[26]$_DFFE_PN0N_,4.74,0.71,0.012959412582104576,4.727040587417895,clk_core,VALIDATED
328,c_cmd_addr[4]$_DFFE_PN0N_,4.74,0.71,0.012959412582104576,4.727040587417895,clk_core,VALIDATED
325,c_cmd_addr[21]$_DFFE_PN0N_,4.74,0.71,0.012959412582104576,4.727040587417895,clk_core,VALIDATED
323,c_cmd_addr[27]$_DFFE_PN0N_,4.74,0.71,0.012944857984578555,4.727055142015422,clk_core,VALIDATED
321,c_cmd_addr[29]$_DFFE_PN0N_,4.74,0.71,0.012944857984578555,4.727055142015422,clk_core,VALIDATED
320,c_cmd_addr[28]$_DFFE_PN0N_,4.74,0.71,0.012944857984578555,4.727055142015422,clk_core,VALIDATED
345,u_seq_core.state[0]$_DFFE_PN0P_,4.75,0.7,0.013412621897001278,4.736587378102999,clk_core,VALIDATED
342,u_seq_core.state[2]$_DFFE_PN0P_,4.75,0.7,0.013412621897001278,4.736587378102999,clk_core,VALIDATED
344,u_seq_core.state[1]$_DFFE_PN0P_,4.75,0.7,0.013412621897001278,4.736587378102999,clk_core,VALIDATED
361,u_seq_core.addr_q[24]$_DFFE_PN0P_,4.75,0.69,0.013171126863709123,4.736828873136291,clk_core,VALIDATED
359,u_seq_core.addr_q[13]$_DFFE_PN0P_,4.75,0.69,0.013171126863709123,4.736828873136291,clk_core,VALIDATED
354,u_seq_core.addr_q[15]$_DFFE_PN0P_,4.75,0.69,0.013163274753208012,4.736836725246792,clk_core,VALIDATED
349,c_cmd_len[18]$_DFFE_PN0N_,4.75,0.71,0.012855698076278253,4.737144301923721,clk_core,VALIDATED
346,c_cmd_len[15]$_DFFE_PN0N_,4.75,0.71,0.012855698076278253,4.737144301923721,clk_core,VALIDATED
348,c_cmd_len[17]$_DFFE_PN0N_,4.75,0.71,0.012855698076278253,4.737144301923721,clk_core,VALIDATED
347,c_cmd_len[19]$_DFFE_PN0N_,4.75,0.71,0.012855698076278253,4.737144301923721,clk_core,VALIDATED
343,c_cmd_len[24]$_DFFE_PN0N_,4.75,0.71,0.012855698076278253,4.737144301923721,clk_core,VALIDATED
360,c_cmd_len[26]$_DFFE_PN0N_,4.75,0.7,0.012729469124933022,4.737270530875067,clk_core,VALIDATED
352,c_cmd_len[12]$_DFFE_PN0N_,4.75,0.7,0.012674631906189712,4.73732536809381,clk_core,VALIDATED
356,c_cmd_len[22]$_DFFE_PN0N_,4.75,0.7,0.012674631906189712,4.73732536809381,clk_core,VALIDATED
353,c_cmd_len[16]$_DFFE_PN0N_,4.75,0.7,0.012674631906189712,4.73732536809381,clk_core,VALIDATED
350,c_cmd_len[14]$_DFFE_PN0N_,4.75,0.7,0.012674631906189712,4.73732536809381,clk_core,VALIDATED
358,c_cmd_len[20]$_DFFE_PN0N_,4.75,0.7,0.012674631906189712,4.73732536809381,clk_core,VALIDATED
355,c_cmd_len[23]$_DFFE_PN0N_,4.75,0.7,0.012674631906189712,4.73732536809381,clk_core,VALIDATED
351,c_cmd_len[13]$_DFFE_PN0N_,4.75,0.7,0.012674631906189712,4.73732536809381,clk_core,VALIDATED
357,c_cmd_len[25]$_DFFE_PN0N_,4.75,0.7,0.012674631906189712,4.73732536809381,clk_core,VALIDATED
363,u_seq_core.addr_q[12]$_DFFE_PN0P_,4.76,0.69,0.013160924964705355,4.746839075035294,clk_core,VALIDATED
365,u_seq_core.addr_q[0]$_DFFE_PN0P_,4.76,0.69,0.013160924964705355,4.746839075035294,clk_core,VALIDATED
369,u_seq_core.addr_q[16]$_DFFE_PN0P_,4.76,0.68,0.012970186921738507,4.747029813078261,clk_core,VALIDATED
362,c_cmd_len[21]$_DFFE_PN0N_,4.76,0.7,0.012697673976835126,4.747302326023164,clk_core,VALIDATED
371,c_cmd_len[28]$_DFFE_PN0N_,4.76,0.7,0.012697673976835126,4.747302326023164,clk_core,VALIDATED
364,c_cmd_len[31]$_DFFE_PN0N_,4.76,0.7,0.012697673976835126,4.747302326023164,clk_core,VALIDATED
366,c_cmd_len[29]$_DFFE_PN0N_,4.76,0.69,0.012547619566005433,4.7474523804339945,clk_core,VALIDATED
367,c_cmd_addr[20]$_DFFE_PN0N_,4.76,0.69,0.012547619566005433,4.7474523804339945,clk_core,VALIDATED
368,c_cmd_len[27]$_DFFE_PN0N_,4.76,0.69,0.012547619566005433,4.7474523804339945,clk_core,VALIDATED
370,c_cmd_addr[31]$_DFFE_PN0N_,4.76,0.69,0.012547619566005433,4.7474523804339945,clk_core,VALIDATED
372,c_cmd_len[30]$_DFFE_PN0N_,4.76,0.69,0.01251627863430893,4.747483721365691,clk_core,VALIDATED
373,c_cmd_addr[22]$_DFFE_PN0N_,4.77,0.69,0.01251627863430893,4.75748372136569,clk_core,VALIDATED
374,c_cmd_len[11]$_DFFE_PN0N_,4.77,0.69,0.01251627863430893,4.75748372136569,clk_core,VALIDATED
805,u_host_if.repack_q[9]$_DFFE_PN0P_,6.54,3.69,0.06887182031308847,6.471128179686912,clk_host,VALIDATED
810,u_host_if.repack_q[8]$_DFFE_PN0P_,6.54,3.69,0.06883548146572038,6.471164518534279,clk_host,VALIDATED
812,u_host_if.repack_q[11]$_DFFE_PN0P_,6.54,3.69,0.06883548146572038,6.471164518534279,clk_host,VALIDATED
808,u_host_if.repack_q[2]$_DFFE_PN0P_,6.54,3.69,0.0687991426183523,6.471200857381648,clk_host,VALIDATED
807,u_host_if.repack_q[5]$_DFFE_PN0P_,6.54,3.69,0.0687991426183523,6.471200857381648,clk_host,VALIDATED
806,u_host_if.repack_q[7]$_DFFE_PN0P_,6.54,3.69,0.0687991426183523,6.471200857381648,clk_host,VALIDATED
804,u_host_if.repack_q[1]$_DFFE_PN0P_,6.54,3.69,0.0687991426183523,6.471200857381648,clk_host,VALIDATED
811,u_host_if.repack_q[13]$_DFFE_PN0P_,6.54,3.68,0.06837568660790669,6.471624313392093,clk_host,VALIDATED
801,u_host_if.reg_len[9]$_DFFE_PN0P_,6.54,3.7,0.06802510587951635,6.471974894120484,clk_host,VALIDATED
802,u_host_if.reg_len[11]$_DFFE_PN0P_,6.54,3.7,0.06800833527854164,6.471991664721458,clk_host,VALIDATED
803,u_host_if.reg_len[3]$_DFFE_PN0P_,6.54,3.7,0.06695468632885634,6.473045313671144,clk_host,VALIDATED
809,u_host_if.reg_len[0]$_DFFE_PN0P_,6.54,3.7,0.06670916481074637,6.473290835189253,clk_host,VALIDATED
815,u_host_if.repack_q[6]$_DFFE_PN0P_,6.55,3.69,0.06868031636123806,6.481319683638762,clk_host,VALIDATED
830,u_host_if.repack_q[4]$_DFFE_PN0P_,6.55,3.69,0.06862792641059673,6.481372073589403,clk_host,VALIDATED
832,u_host_if.repack_q[15]$_DFFE_PN0P_,6.55,3.68,0.06856044710492581,6.481439552895074,clk_host,VALIDATED
833,u_host_if.repack_q[3]$_DFFE_PN0P_,6.55,3.68,0.06832343863545143,6.481676561364548,clk_host,VALIDATED
814,u_host_if.reg_len[7]$_DFFE_PN0P_,6.55,3.7,0.06784558698950918,6.48215441301049,clk_host,VALIDATED
816,u_host_if.reg_len[5]$_DFFE_PN0P_,6.55,3.7,0.06782597229876555,6.482174027701234,clk_host,VALIDATED
817,u_host_if.reg_len[2]$_DFFE_PN0P_,6.55,3.7,0.06772560343956527,6.482274396560435,clk_host,VALIDATED
818,u_host_if.reg_len[8]$_DFFE_PN0P_,6.55,3.7,0.06772560343956527,6.482274396560435,clk_host,VALIDATED
825,u_host_if.reg_len[6]$_DFFE_PN0P_,6.55,3.7,0.06757936304517678,6.482420636954823,clk_host,VALIDATED
820,u_host_if.reg_len[4]$_DFFE_PN0P_,6.55,3.7,0.06744897362511806,6.482551026374882,clk_host,VALIDATED
822,u_host_if.reg_len[26]$_DFFE_PN0P_,6.55,3.7,0.06738929023769588,6.482610709762304,clk_host,VALIDATED
823,u_host_if.reg_len[29]$_DFFE_PN0P_,6.55,3.7,0.06738929023769588,6.482610709762304,clk_host,VALIDATED
821,u_host_if.reg_len[27]$_DFFE_PN0P_,6.55,3.7,0.06738929023769588,6.482610709762304,clk_host,VALIDATED
826,u_host_if.reg_len[14]$_DFFE_PN0P_,6.55,3.69,0.06729639529018505,6.4827036047098145,clk_host,VALIDATED
819,u_host_if.reg_len[10]$_DFFE_PN0P_,6.55,3.7,0.06723538207349425,6.482764617926506,clk_host,VALIDATED
827,u_host_if.reg_len[20]$_DFFE_PN0P_,6.55,3.69,0.06713763223537761,6.482862367764622,clk_host,VALIDATED
831,u_host_if.reg_len[13]$_DFFE_PN0P_,6.55,3.69,0.06708540236267607,6.482914597637324,clk_host,VALIDATED
828,u_host_if.reg_len[31]$_DFFE_PN0P_,6.55,3.69,0.06704834347320793,6.482951656526792,clk_host,VALIDATED
829,u_host_if.reg_len[21]$_DFFE_PN0P_,6.55,3.69,0.06704834347320793,6.482951656526792,clk_host,VALIDATED
813,u_host_if.reg_len[1]$_DFFE_PN0P_,6.55,3.7,0.06692059538939368,6.483079404610606,clk_host,VALIDATED
824,u_host_if.reg_len[30]$_DFFE_PN0P_,6.55,3.69,0.0667543642414235,6.483245635758577,clk_host,VALIDATED
837,u_host_if.repack_q[16]$_DFFE_PN0P_,6.56,3.68,0.06837533666711626,6.491624663332884,clk_host,VALIDATED
836,u_host_if.repack_q[10]$_DFFE_PN0P_,6.56,3.68,0.06825683243237907,6.491743167567621,clk_host,VALIDATED
835,u_host_if.repack_q[12]$_DFFE_PN0P_,6.56,3.68,0.06825683243237907,6.491743167567621,clk_host,VALIDATED
838,u_host_if.repack_q[19]$_DFFE_PN0P_,6.56,3.68,0.06823918525488268,6.491760814745117,clk_host,VALIDATED
843,u_host_if.reg_addr[11]$_DFFE_PN0P_,6.56,3.68,0.06793724822089225,6.492062751779107,clk_host,VALIDATED
840,u_host_if.reg_addr[30]$_DFFE_PN0P_,6.56,3.68,0.06783664364145031,6.4921633563585495,clk_host,VALIDATED
839,u_host_if.reg_addr[10]$_DFFE_PN0P_,6.56,3.68,0.06783664364145031,6.4921633563585495,clk_host,VALIDATED
844,u_host_if.reg_addr[28]$_DFFE_PN0P_,6.56,3.68,0.0673577431746133,6.492642256825386,clk_host,VALIDATED
834,u_host_if.reg_len[28]$_DFFE_PN0P_,6.56,3.7,0.0672826218845404,6.492717378115459,clk_host,VALIDATED
841,u_host_if.reg_addr[26]$_DFFE_PN0P_,6.56,3.68,0.0671318921670988,6.4928681078329005,clk_host,VALIDATED
842,u_host_if.reg_addr[27]$_DFFE_PN0P_,6.56,3.68,0.06702868663456302,6.4929713133654365,clk_host,VALIDATED
848,u_host_if.reg_addr[3]$_DFFE_PN0P_,6.57,3.68,0.06792795627178283,6.502072043728218,clk_host,VALIDATED
847,u_host_if.reg_addr[4]$_DFFE_PN0P_,6.57,3.68,0.06789888749965961,6.50210111250034,clk_host,VALIDATED
846,u_host_if.reg_addr[9]$_DFFE_PN0P_,6.57,3.67,0.06750698613710099,6.5024930138629,clk_host,VALIDATED
845,u_host_if.reg_addr[29]$_DFFE_PN0P_,6.57,3.68,0.06736452737011456,6.502635472629886,clk_host,VALIDATED
849,u_host_if.reg_addr[7]$_DFFE_PN0P_,6.57,3.67,0.0672145857920986,6.502785414207902,clk_host,VALIDATED
850,u_host_if.reg_addr[5]$_DFFE_PN0P_,6.57,3.67,0.06718336171908751,6.502816638280913,clk_host,VALIDATED
851,u_host_if.reg_addr[6]$_DFFE_PN0P_,6.58,3.67,0.0669551633499349,6.5130448366500655,clk_host,VALIDATED
852,u_host_if.reg_addr[8]$_DFFE_PN0P_,6.58,3.67,0.0669551633499349,6.5130448366500655,clk_host,VALIDATED
853,u_host_if.reg_addr[2]$_DFFE_PN0P_,6.58,3.67,0.06695286067025896,6.513047139329741,clk_host,VALIDATED
855,u_host_if.reg_addr[0]$_DFFE_PN0P_,6.58,3.66,0.06661852291152981,6.51338147708847,clk_host,VALIDATED
854,u_host_if.reg_addr[1]$_DFFE_PN0P_,6.58,3.66,0.0664253031115618,6.513574696888439,clk_host,VALIDATED
857,u_host_if.reg_addr[13]$_DFFE_PN0P_,6.59,3.65,0.06529178812830316,6.524708211871697,clk_host,VALIDATED
886,u_host_if.repack_emit$_DFF_PN0_,6.6,3.62,0.06749400983155429,6.5325059901684455,clk_host,VALIDATED
872,s_rvalid,6.59,0.41,0.012028548599774466,6.577971451400225,clk_host,VALIDATED
871,s_rdata[14],6.59,0.41,0.011975342871314562,6.578024657128685,clk_host,VALIDATED
868,s_rdata[17],6.59,0.41,0.011975342871314562,6.578024657128685,clk_host,VALIDATED
876,s_rdata[15],6.59,0.41,0.011975342871314562,6.578024657128685,clk_host,VALIDATED
856,s_rdata[9],6.59,0.41,0.011826890946222982,6.578173109053777,clk_host,VALIDATED
861,s_rdata[12],6.59,0.41,0.011826890946222982,6.578173109053777,clk_host,VALIDATED
866,s_rdata[13],6.59,0.41,0.011826890946222982,6.578173109053777,clk_host,VALIDATED
862,s_rdata[20],6.59,0.41,0.011826890946222982,6.578173109053777,clk_host,VALIDATED
870,s_rdata[8],6.59,0.41,0.011708426845060946,6.578291573154939,clk_host,VALIDATED
864,s_rdata[16],6.59,0.41,0.011708426845060946,6.578291573154939,clk_host,VALIDATED
860,s_rdata[19],6.59,0.41,0.011708426845060946,6.578291573154939,clk_host,VALIDATED
858,s_rdata[10],6.59,0.41,0.011708426845060946,6.578291573154939,clk_host,VALIDATED
863,s_rdata[11],6.59,0.41,0.011708426845060946,6.578291573154939,clk_host,VALIDATED
859,s_rdata[18],6.59,0.41,0.011708426845060946,6.578291573154939,clk_host,VALIDATED
873,s_rdata[7],6.59,0.41,0.011620266573749538,6.57837973342625,clk_host,VALIDATED
869,s_rdata[5],6.59,0.41,0.01153210630243813,6.578467893697562,clk_host,VALIDATED
867,s_rdata[6],6.59,0.41,0.01153210630243813,6.578467893697562,clk_host,VALIDATED
874,s_rdata[4],6.59,0.41,0.01153210630243813,6.578467893697562,clk_host,VALIDATED
875,s_rdata[21],6.59,0.41,0.011401108830205994,6.5785988911697935,clk_host,VALIDATED
877,s_rdata[31],6.59,0.41,0.011401108830205994,6.5785988911697935,clk_host,VALIDATED
865,s_rdata[3],6.59,0.41,0.011401108830205994,6.5785988911697935,clk_host,VALIDATED
878,s_rdata[2],6.59,0.41,0.011401108830205994,6.5785988911697935,clk_host,VALIDATED
937,u_host_if.s_rdata[14]$_DFFE_PN0P_,6.7,3.54,0.11768424032833857,6.582315759671662,clk_host,VALIDATED
890,s_rdata[29],6.6,0.4,0.011017736858502117,6.588982263141498,clk_host,VALIDATED
891,s_rdata[22],6.6,0.4,0.011017736858502117,6.588982263141498,clk_host,VALIDATED
889,s_rdata[24],6.6,0.4,0.011017736858502117,6.588982263141498,clk_host,VALIDATED
888,s_rdata[30],6.6,0.4,0.010963381709566608,6.589036618290433,clk_host,VALIDATED
884,s_rdata[23],6.6,0.4,0.010963381709566608,6.589036618290433,clk_host,VALIDATED
879,s_rdata[0],6.6,0.4,0.010963381709566608,6.589036618290433,clk_host,VALIDATED
887,s_rdata[28],6.6,0.4,0.010963381709566608,6.589036618290433,clk_host,VALIDATED
880,s_rdata[1],6.6,0.4,0.010963381709566608,6.589036618290433,clk_host,VALIDATED
881,s_rdata[25],6.6,0.4,0.010853831112729057,6.589146168887271,clk_host,VALIDATED
885,s_rdata[27],6.6,0.4,0.010827769125999503,6.589172230874,clk_host,VALIDATED
883,s_rdata[26],6.6,0.4,0.010827769125999503,6.589172230874,clk_host,VALIDATED
938,u_host_if.s_rdata[15]$_DFFE_PN0P_,6.71,3.54,0.11768424032833857,6.592315759671662,clk_host,VALIDATED
940,u_host_if.s_rdata[17]$_DFFE_PN0P_,6.71,3.54,0.11768424032833857,6.592315759671662,clk_host,VALIDATED
882,s_bvalid,6.6,0.4,0.007321446266083831,6.592678553733916,clk_host,VALIDATED
939,u_host_if.s_rdata[12]$_DFFE_PN0P_,6.71,3.54,0.11688314304964309,6.593116856950357,clk_host,VALIDATED
943,u_host_if.s_rdata[20]$_DFFE_PN0P_,6.71,3.54,0.11688314304964309,6.593116856950357,clk_host,VALIDATED
941,u_host_if.s_rdata[13]$_DFFE_PN0P_,6.71,3.54,0.11688314304964309,6.593116856950357,clk_host,VALIDATED
942,u_host_if.s_rdata[9]$_DFFE_PN0P_,6.71,3.54,0.11688314304964309,6.593116856950357,clk_host,VALIDATED
944,u_host_if.s_rdata[10]$_DFFE_PN0P_,6.71,3.54,0.11667005213596748,6.593329947864032,clk_host,VALIDATED
946,u_host_if.s_rdata[8]$_DFFE_PN0P_,6.71,3.54,0.11624387030861627,6.593756129691384,clk_host,VALIDATED
945,u_host_if.s_rdata[11]$_DFFE_PN0P_,6.71,3.54,0.11624387030861627,6.593756129691384,clk_host,VALIDATED
947,u_host_if.s_rdata[7]$_DFFE_PN0P_,6.71,3.54,0.1156095464052781,6.5943904535947215,clk_host,VALIDATED
948,u_host_if.s_rdata[5]$_DFFE_PN0P_,6.71,3.54,0.11529238445360901,6.594707615546391,clk_host,VALIDATED
949,u_host_if.s_rdata[6]$_DFFE_PN0P_,6.71,3.54,0.11529238445360901,6.594707615546391,clk_host,VALIDATED
950,u_host_if.s_rdata[4]$_DFFE_PN0P_,6.71,3.54,0.11482111305960319,6.5951788869403964,clk_host,VALIDATED
952,u_host_if.s_rdata[2]$_DFFE_PN0P_,6.71,3.53,0.11426178957344035,6.59573821042656,clk_host,VALIDATED
951,u_host_if.s_rdata[3]$_DFFE_PN0P_,6.71,3.53,0.11426178957344035,6.59573821042656,clk_host,VALIDATED
900,u_host_if.reg_len[16]$_DFFE_PN0P_,6.67,3.57,0.06658006873075761,6.603419931269242,clk_host,VALIDATED
899,u_host_if.reg_len[25]$_DFFE_PN0P_,6.67,3.57,0.06658006873075761,6.603419931269242,clk_host,VALIDATED
901,u_host_if.reg_len[23]$_DFFE_PN0P_,6.67,3.57,0.06658006873075761,6.603419931269242,clk_host,VALIDATED
904,u_host_if.reg_len[18]$_DFFE_PN0P_,6.67,3.57,0.06634521759668333,6.603654782403317,clk_host,VALIDATED
903,u_host_if.reg_len[24]$_DFFE_PN0P_,6.67,3.57,0.06631243448481394,6.603687565515186,clk_host,VALIDATED
902,u_host_if.reg_len[17]$_DFFE_PN0P_,6.67,3.57,0.06631243448481394,6.603687565515186,clk_host,VALIDATED
897,u_host_if.reg_len[19]$_DFFE_PN0P_,6.67,3.57,0.06621542882669057,6.60378457117331,clk_host,VALIDATED
898,u_host_if.reg_len[15]$_DFFE_PN0P_,6.67,3.57,0.06621542882669057,6.60378457117331,clk_host,VALIDATED
905,u_host_if.repack_q[17]$_DFFE_PN0P_,6.67,3.56,0.06606083915331556,6.603939160846684,clk_host,VALIDATED
953,u_host_if.s_rdata[16]$_DFFE_PN0P_,6.72,3.53,0.11591549779362009,6.60408450220638,clk_host,VALIDATED
955,u_host_if.s_rdata[18]$_DFFE_PN0P_,6.72,3.53,0.11591549779362009,6.60408450220638,clk_host,VALIDATED
954,u_host_if.s_rdata[19]$_DFFE_PN0P_,6.72,3.53,0.11591549779362009,6.60408450220638,clk_host,VALIDATED
896,u_host_if.reg_len[12]$_DFFE_PN0P_,6.67,3.57,0.06556341597555404,6.604436584024446,clk_host,VALIDATED
895,u_host_if.reg_len[22]$_DFFE_PN0P_,6.67,3.57,0.06525642225301215,6.604743577746988,clk_host,VALIDATED
956,u_host_if.s_rdata[31]$_DFFE_PN0P_,6.72,3.53,0.11426178957344035,6.605738210426559,clk_host,VALIDATED
957,u_host_if.s_rdata[21]$_DFFE_PN0P_,6.72,3.52,0.11393810178428088,6.606061898215719,clk_host,VALIDATED
894,s_arready,6.62,0.38,0.01114841089735194,6.608851589102648,clk_host,VALIDATED
892,s_awready,6.62,0.38,0.006977473861443692,6.613022526138557,clk_host,VALIDATED
893,s_wready,6.62,0.38,0.006977473861443692,6.613022526138557,clk_host,VALIDATED
909,u_host_if.repack_q[23]$_DFFE_PN0P_,6.68,3.57,0.06659378231817648,6.613406217681823,clk_host,VALIDATED
911,u_host_if.repack_q[25]$_DFFE_PN0P_,6.68,3.57,0.06656864445398497,6.613431355546015,clk_host,VALIDATED
908,u_host_if.repack_q[20]$_DFFE_PN0P_,6.68,3.57,0.06656717699524561,6.613432823004754,clk_host,VALIDATED
915,u_host_if.repack_q[31]$_DFFE_PN0P_,6.68,3.57,0.06656717699524561,6.613432823004754,clk_host,VALIDATED
910,u_host_if.repack_q[24]$_DFFE_PN0P_,6.68,3.57,0.06656717699524561,6.613432823004754,clk_host,VALIDATED
913,u_host_if.repack_q[21]$_DFFE_PN0P_,6.68,3.57,0.06645121888694783,6.613548781113052,clk_host,VALIDATED
917,u_host_if.repack_q[22]$_DFFE_PN0P_,6.68,3.56,0.06626908719714719,6.613730912802852,clk_host,VALIDATED
918,u_host_if.repack_q[29]$_DFFE_PN0P_,6.68,3.56,0.06621309989461899,6.613786900105381,clk_host,VALIDATED
925,u_host_if.repack_q[27]$_DFFE_PN0P_,6.68,3.56,0.06621309989461899,6.613786900105381,clk_host,VALIDATED
921,u_host_if.repack_q[14]$_DFFE_PN0P_,6.68,3.56,0.06621309989461899,6.613786900105381,clk_host,VALIDATED
919,u_host_if.repack_q[18]$_DFFE_PN0P_,6.68,3.56,0.06621309989461899,6.613786900105381,clk_host,VALIDATED
916,u_host_if.repack_q[0]$_DFFE_PN0P_,6.68,3.56,0.06610165579939836,6.613898344200601,clk_host,VALIDATED
914,u_host_if.repack_q[30]$_DFFE_PN0P_,6.68,3.56,0.06609753661396967,6.61390246338603,clk_host,VALIDATED
907,u_host_if.repack_q[26]$_DFFE_PN0P_,6.68,3.56,0.06609753661396967,6.61390246338603,clk_host,VALIDATED
906,u_host_if.repack_q[28]$_DFFE_PN0P_,6.68,3.56,0.06609753661396967,6.61390246338603,clk_host,VALIDATED
912,u_host_if.reg_addr[23]$_DFFE_PN0P_,6.68,3.56,0.06507110663463334,6.6149288933653665,clk_host,VALIDATED
920,u_host_if.reg_addr[20]$_DFFE_PN0P_,6.68,3.56,0.06487964441406618,6.615120355585933,clk_host,VALIDATED
924,u_host_if.reg_addr[14]$_DFFE_PN0P_,6.68,3.56,0.06483396011176729,6.615166039888233,clk_host,VALIDATED
927,u_host_if.reg_addr[22]$_DFFE_PN0P_,6.68,3.56,0.0648166571692092,6.6151833428307905,clk_host,VALIDATED
922,u_host_if.reg_addr[21]$_DFFE_PN0P_,6.68,3.56,0.06466428669501184,6.6153357133049875,clk_host,VALIDATED
923,u_host_if.reg_addr[31]$_DFFE_PN0P_,6.68,3.56,0.06466428669501184,6.6153357133049875,clk_host,VALIDATED
926,u_host_if.reg_addr[19]$_DFFE_PN0P_,6.68,3.56,0.0646164720694658,6.6153835279305335,clk_host,VALIDATED
929,u_host_if.reg_chmask[0]$_DFFE_PN0P_,6.69,3.54,0.06668907907960625,6.623310920920394,clk_host,VALIDATED
928,u_host_if.reg_chmask[1]$_DFFE_PN0P_,6.69,3.54,0.06668907907960625,6.623310920920394,clk_host,VALIDATED
931,u_host_if.reg_addr[15]$_DFFE_PN0P_,6.69,3.54,0.06605348529469024,6.6239465147053105,clk_host,VALIDATED
930,u_host_if.reg_addr[17]$_DFFE_PN0P_,6.69,3.54,0.06605348529469024,6.6239465147053105,clk_host,VALIDATED
932,u_host_if.reg_addr[12]$_DFFE_PN0P_,6.7,3.54,0.06599065994737646,6.634009340052624,clk_host,VALIDATED
933,u_host_if.reg_addr[25]$_DFFE_PN0P_,6.7,3.54,0.06591056960808428,6.634089430391916,clk_host,VALIDATED
934,u_host_if.reg_addr[16]$_DFFE_PN0P_,6.7,3.54,0.06591056960808428,6.634089430391916,clk_host,VALIDATED
935,u_host_if.reg_addr[18]$_DFFE_PN0P_,6.7,3.54,0.0658304792687921,6.634169520731208,clk_host,VALIDATED
936,u_host_if.reg_addr[24]$_DFFE_PN0P_,6.7,3.54,0.0658304792687921,6.634169520731208,clk_host,VALIDATED
958,u_host_if.reg_chan$_DFFE_PN0P_,6.74,3.49,0.0660462919894681,6.673953708010532,clk_host,VALIDATED
959,u_host_if.reg_opcode[1]$_DFFE_PN0P_,6.74,3.49,0.06565919128204184,6.674340808717958,clk_host,VALIDATED
960,u_host_if.done_sticky$_DFF_PN0_,6.74,3.5,0.06556629841683709,6.674433701583163,clk_host,VALIDATED
963,u_host_if.reg_opcode[6]$_DFFE_PN0P_,6.75,3.5,0.0642742303186537,6.685725769681346,clk_host,VALIDATED
962,u_host_if.reg_opcode[4]$_DFFE_PN0P_,6.75,3.5,0.06427383873042308,6.685726161269577,clk_host,VALIDATED
961,u_host_if.reg_opcode[0]$_DFFE_PN0P_,6.75,3.49,0.06425260938192112,6.685747390618079,clk_host,VALIDATED
965,u_host_if.reg_opcode[7]$_DFFE_PN0P_,6.75,3.49,0.0641071252692984,6.685892874730701,clk_host,VALIDATED
964,u_host_if.reg_opcode[3]$_DFFE_PN0P_,6.75,3.49,0.0640905896606006,6.6859094103393995,clk_host,VALIDATED
966,u_host_if.reg_opcode[5]$_DFFE_PN0P_,6.75,3.49,0.06406057235972246,6.685939427640277,clk_host,VALIDATED
967,u_host_if.reg_opcode[2]$_DFFE_PN0P_,6.75,3.49,0.06406057235972246,6.685939427640277,clk_host,VALIDATED
968,u_host_if.reg_ecc_en$_DFFE_PN0P_,6.79,3.44,0.06413751223978281,6.725862487760217,clk_host,VALIDATED
970,u_host_if.s_rdata[24]$_DFFE_PN0P_,6.84,3.4,0.10846565089681448,6.731534349103185,clk_host,VALIDATED
971,u_host_if.s_rdata[29]$_DFFE_PN0P_,6.84,3.4,0.10846565089681448,6.731534349103185,clk_host,VALIDATED
972,u_host_if.s_rdata[22]$_DFFE_PN0P_,6.84,3.4,0.10846565089681448,6.731534349103185,clk_host,VALIDATED
973,u_host_if.s_rdata[1]$_DFFE_PN0P_,6.85,3.39,0.10783254798978315,6.742167452010216,clk_host,VALIDATED
974,u_host_if.s_rdata[0]$_DFFE_PN0P_,6.85,3.39,0.10783254798978315,6.742167452010216,clk_host,VALIDATED
979,u_host_if.s_rdata[23]$_DFFE_PN0P_,6.85,3.39,0.10783254798978315,6.742167452010216,clk_host,VALIDATED
975,u_host_if.s_rdata[28]$_DFFE_PN0P_,6.85,3.39,0.10783254798978315,6.742167452010216,clk_host,VALIDATED
980,u_host_if.s_rdata[30]$_DFFE_PN0P_,6.85,3.39,0.10783254798978315,6.742167452010216,clk_host,VALIDATED
977,u_host_if.s_rdata[25]$_DFFE_PN0P_,6.85,3.39,0.1075482008157782,6.742451799184222,clk_host,VALIDATED
976,u_host_if.s_rdata[27]$_DFFE_PN0P_,6.85,3.39,0.10731013133263256,6.742689868667367,clk_host,VALIDATED
978,u_host_if.s_rdata[26]$_DFFE_PN0P_,6.85,3.39,0.10731013133263256,6.742689868667367,clk_host,VALIDATED
981,u_host_if.rpop_loaded$_DFFE_PN0P_,6.86,3.37,0.10654017383207093,6.753459826167929,clk_host,VALIDATED
969,u_host_if.start_pulse$_DFF_PN0_,6.83,3.42,0.06359893759866397,6.766401062401336,clk_host,VALIDATED
982,u_host_if.s_rvalid$_DFFE_PN0P_,6.98,3.26,0.10308849117973051,6.87691150882027,clk_host,VALIDATED
983,u_host_if.awaddr_q[4]$_DFFE_PN0P_,7.04,3.19,0.0586920001796189,6.981307999820381,clk_host,VALIDATED
985,u_host_if.awaddr_q[3]$_DFFE_PN0P_,7.04,3.19,0.0586920001796189,6.981307999820381,clk_host,VALIDATED
984,u_host_if.awaddr_q[2]$_DFFE_PN0P_,7.04,3.19,0.0586920001796189,6.981307999820381,clk_host,VALIDATED
987,u_host_if.awaddr_q[6]$_DFFE_PN0P_,7.08,3.16,0.05814003779548471,7.021859962204515,clk_host,VALIDATED
986,u_host_if.awaddr_q[5]$_DFFE_PN0P_,7.08,3.16,0.05814003779548471,7.021859962204515,clk_host,VALIDATED
989,u_host_if.awaddr_q[0]$_DFFE_PN0P_,7.08,3.16,0.05814003779548471,7.021859962204515,clk_host,VALIDATED
988,u_host_if.awaddr_q[7]$_DFFE_PN0P_,7.08,3.16,0.05814003779548471,7.021859962204515,clk_host,VALIDATED
990,u_host_if.awaddr_q[1]$_DFFE_PN0P_,7.08,3.16,0.05814003779548471,7.021859962204515,clk_host,VALIDATED
991,u_host_if.s_bvalid$_DFFE_PN0P_,7.17,3.06,0.05625154398272547,7.113748456017275,clk_host,VALIDATED
992,u_host_if.rpop_q[24]$_DFFE_PN0P_,9.1,1.13,0.03399186079500145,9.066008139204998,clk_host,VALIDATED
997,u_host_if.rpop_q[17]$_DFFE_PN0P_,9.11,1.13,0.03543702678729477,9.074562973212705,clk_host,VALIDATED
996,u_host_if.rpop_q[12]$_DFFE_PN0P_,9.11,1.13,0.03534781119555609,9.074652188804443,clk_host,VALIDATED
993,u_host_if.rpop_q[13]$_DFFE_PN0P_,9.11,1.13,0.03504581120863959,9.07495418879136,clk_host,VALIDATED
998,u_host_if.rpop_q[11]$_DFFE_PN0P_,9.11,1.13,0.03481053441452728,9.075189465585472,clk_host,VALIDATED
994,u_host_if.rpop_q[8]$_DFFE_PN0P_,9.11,1.13,0.03464202632704945,9.07535797367295,clk_host,VALIDATED
995,u_host_if.rpop_q[6]$_DFFE_PN0P_,9.11,1.13,0.03453806694625303,9.075461933053747,clk_host,VALIDATED
1035,u_host_if.rpop_q[1]$_DFFE_PN0P_,9.18,1.06,0.03147732764649308,9.148522672353506,clk_host,VALIDATED
1037,u_host_if.rpop_q[3]$_DFFE_PN0P_,9.18,1.06,0.03139275683299611,9.148607243167003,clk_host,VALIDATED
1030,u_host_if.rpop_q[2]$_DFFE_PN0P_,9.18,1.06,0.03133909629675978,9.14866090370324,clk_host,VALIDATED
1034,u_host_if.rpop_q[0]$_DFFE_PN0P_,9.18,1.06,0.03131943729078833,9.148680562709211,clk_host,VALIDATED
1001,u_cdc_cmd.mem[10][37]$_DFFE_PP_,9.17,1.08,0.019601741068826298,9.150398258931174,clk_host,VALIDATED
1008,u_cdc_cmd.mem[7][34]$_DFFE_PP_,9.17,1.07,0.019459209823708953,9.150540790176292,clk_host,VALIDATED
1011,u_cdc_cmd.mem[7][65]$_DFFE_PP_,9.17,1.07,0.019443291517242237,9.150556708482757,clk_host,VALIDATED
1000,u_cdc_cmd.mem[10][38]$_DFFE_PP_,9.17,1.08,0.019406556576290465,9.150593443423709,clk_host,VALIDATED
999,u_cdc_cmd.mem[10][36]$_DFFE_PP_,9.17,1.07,0.01938401433774567,9.150615985662254,clk_host,VALIDATED
1002,u_cdc_cmd.mem[10][35]$_DFFE_PP_,9.17,1.08,0.01937785057796587,9.150622149422034,clk_host,VALIDATED
1019,u_cdc_cmd.mem[10][30]$_DFFE_PP_,9.17,1.08,0.019326938611886724,9.150673061388114,clk_host,VALIDATED
1009,u_cdc_cmd.mem[7][57]$_DFFE_PP_,9.17,1.07,0.01932580692109956,9.1506741930789,clk_host,VALIDATED
1017,u_cdc_cmd.mem[10][40]$_DFFE_PP_,9.17,1.08,0.01930886633429403,9.150691133665706,clk_host,VALIDATED
1021,u_cdc_cmd.mem[7][59]$_DFFE_PP_,9.17,1.07,0.019302239991794465,9.150697760008205,clk_host,VALIDATED
1005,u_cdc_cmd.mem[7][33]$_DFFE_PP_,9.17,1.07,0.01928206529614819,9.150717934703852,clk_host,VALIDATED
1016,u_cdc_cmd.mem[7][58]$_DFFE_PP_,9.17,1.07,0.019275725230174845,9.150724274769825,clk_host,VALIDATED
1020,u_cdc_cmd.mem[7][64]$_DFFE_PP_,9.17,1.07,0.019274387732052756,9.150725612267948,clk_host,VALIDATED
1003,u_cdc_cmd.mem[10][52]$_DFFE_PP_,9.17,1.07,0.019273292405520337,9.15072670759448,clk_host,VALIDATED
1013,u_cdc_cmd.mem[7][53]$_DFFE_PP_,9.17,1.07,0.019268705088781257,9.15073129491122,clk_host,VALIDATED
1007,u_cdc_cmd.mem[7][60]$_DFFE_PP_,9.17,1.07,0.019255401621073698,9.150744598378926,clk_host,VALIDATED
1010,u_cdc_cmd.mem[7][56]$_DFFE_PP_,9.17,1.07,0.01916677248516553,9.150833227514834,clk_host,VALIDATED
1004,u_cdc_cmd.mem[10][69]$_DFFE_PP_,9.17,1.07,0.01911347255140193,9.150886527448598,clk_host,VALIDATED
1006,u_cdc_cmd.mem[10][72]$_DFFE_PP_,9.17,1.07,0.01910844355367934,9.15089155644632,clk_host,VALIDATED
1023,u_cdc_cmd.mem[10][31]$_DFFE_PP_,9.17,1.07,0.019083322136843342,9.150916677863156,clk_host,VALIDATED
1012,u_cdc_cmd.mem[7][63]$_DFFE_PP_,9.17,1.06,0.01907851369014682,9.150921486309853,clk_host,VALIDATED
1015,u_cdc_cmd.mem[10][29]$_DFFE_PP_,9.17,1.07,0.019075693877882036,9.150924306122118,clk_host,VALIDATED
1014,u_cdc_cmd.mem[7][66]$_DFFE_PP_,9.17,1.06,0.01905631719888015,9.15094368280112,clk_host,VALIDATED
1024,u_cdc_cmd.mem[10][41]$_DFFE_PP_,9.17,1.07,0.019013877724754658,9.150986122275246,clk_host,VALIDATED
1022,u_cdc_cmd.mem[10][23]$_DFFE_PP_,9.17,1.07,0.018995594423836595,9.151004405576163,clk_host,VALIDATED
1018,u_cdc_cmd.mem[10][71]$_DFFE_PP_,9.17,1.07,0.018994269135782824,9.151005730864217,clk_host,VALIDATED
1042,u_host_if.rpop_q[26]$_DFFE_PN0P_,9.19,1.05,0.03142227543404433,9.158577724565955,clk_host,VALIDATED
1025,u_cdc_cmd.mem[10][67]$_DFFE_PP_,9.18,1.08,0.019346926295880057,9.16065307370412,clk_host,VALIDATED
1028,u_cdc_cmd.mem[10][70]$_DFFE_PP_,9.18,1.08,0.01930886633429403,9.160691133665706,clk_host,VALIDATED
1036,u_cdc_cmd.mem[10][45]$_DFFE_PP_,9.18,1.07,0.019233799812234914,9.160766200187766,clk_host,VALIDATED
1027,u_cdc_cmd.mem[7][62]$_DFFE_PP_,9.18,1.07,0.019209360712346246,9.160790639287654,clk_host,VALIDATED
1026,u_cdc_cmd.mem[7][61]$_DFFE_PP_,9.18,1.07,0.019209360712346246,9.160790639287654,clk_host,VALIDATED
1029,u_cdc_cmd.mem[7][72]$_DFFE_PP_,9.18,1.07,0.019145179181364463,9.160854820818635,clk_host,VALIDATED
1031,u_cdc_cmd.mem[10][68]$_DFFE_PP_,9.18,1.07,0.019134324233937544,9.160865675766063,clk_host,VALIDATED
1033,u_cdc_cmd.mem[10][51]$_DFFE_PP_,9.18,1.07,0.019134324233937544,9.160865675766063,clk_host,VALIDATED
1038,u_cdc_cmd.mem[10][47]$_DFFE_PP_,9.18,1.07,0.01908993581131939,9.16091006418868,clk_host,VALIDATED
1032,u_cdc_cmd.mem[10][28]$_DFFE_PP_,9.18,1.07,0.019046808413959213,9.16095319158604,clk_host,VALIDATED
1040,u_cdc_cmd.mem[6][63]$_DFFE_PP_,9.18,1.05,0.019010765888243852,9.160989234111756,clk_host,VALIDATED
1039,u_cdc_cmd.mem[6][66]$_DFFE_PP_,9.18,1.05,0.0189218357123819,9.161078164287618,clk_host,VALIDATED
1053,u_cdc_cmd.mem[6][57]$_DFFE_PP_,9.19,1.05,0.01925265163575357,9.170747348364246,clk_host,VALIDATED
1050,u_cdc_cmd.mem[6][65]$_DFFE_PP_,9.19,1.05,0.01899306284273833,9.17100693715726,clk_host,VALIDATED
1052,u_cdc_cmd.mem[6][64]$_DFFE_PP_,9.19,1.05,0.018986745550087378,9.171013254449912,clk_host,VALIDATED
1046,u_cdc_cmd.mem[6][33]$_DFFE_PP_,9.19,1.05,0.01896694795155597,9.171033052048443,clk_host,VALIDATED
1048,u_cdc_cmd.mem[6][34]$_DFFE_PP_,9.19,1.05,0.01896694795155597,9.171033052048443,clk_host,VALIDATED
1051,u_cdc_cmd.mem[6][59]$_DFFE_PP_,9.19,1.05,0.018960726391488686,9.17103927360851,clk_host,VALIDATED
1041,u_cdc_cmd.mem[6][62]$_DFFE_PP_,9.19,1.05,0.018960070795584552,9.171039929204415,clk_host,VALIDATED
1044,u_cdc_cmd.mem[6][53]$_DFFE_PP_,9.19,1.05,0.01895383746769122,9.171046162532308,clk_host,VALIDATED
1049,u_cdc_cmd.mem[6][60]$_DFFE_PP_,9.19,1.05,0.018940782662931477,9.171059217337069,clk_host,VALIDATED
1054,u_cdc_cmd.mem[6][58]$_DFFE_PP_,9.19,1.05,0.018934707232889994,9.171065292767109,clk_host,VALIDATED
1043,u_cdc_cmd.mem[6][61]$_DFFE_PP_,9.19,1.05,0.018927836563760903,9.17107216343624,clk_host,VALIDATED
1047,u_cdc_cmd.mem[6][56]$_DFFE_PP_,9.19,1.05,0.01888148051618052,9.17111851948382,clk_host,VALIDATED
1045,u_cdc_cmd.mem[6][72]$_DFFE_PP_,9.19,1.05,0.018832620455740176,9.17116737954426,clk_host,VALIDATED
1069,u_host_if.rpop_q[22]$_DFFE_PN0P_,9.21,1.02,0.030849171654931756,9.179150828345069,clk_host,VALIDATED
1068,u_host_if.rpop_q[27]$_DFFE_PN0P_,9.21,1.02,0.0304789018572377,9.179521098142763,clk_host,VALIDATED
1061,u_cdc_cmd.mem[9][31]$_DFFE_PP_,9.2,1.04,0.01855890809356689,9.181441091906432,clk_host,VALIDATED
1055,u_cdc_cmd.mem[9][67]$_DFFE_PP_,9.2,1.04,0.01855342958122176,9.181446570418778,clk_host,VALIDATED
1056,u_cdc_cmd.mem[9][29]$_DFFE_PP_,9.2,1.04,0.01852320388496871,9.18147679611503,clk_host,VALIDATED
1058,u_cdc_cmd.mem[9][41]$_DFFE_PP_,9.2,1.04,0.018445303934590943,9.181554696065408,clk_host,VALIDATED
1059,u_cdc_cmd.mem[9][71]$_DFFE_PP_,9.2,1.04,0.01843756831744245,9.181562431682558,clk_host,VALIDATED
1057,u_cdc_cmd.mem[9][28]$_DFFE_PP_,9.2,1.04,0.018426330506725902,9.181573669493273,clk_host,VALIDATED
1060,u_cdc_cmd.mem[9][25]$_DFFE_PP_,9.2,1.04,0.018426330506725902,9.181573669493273,clk_host,VALIDATED
1070,u_host_if.rpop_q[20]$_DFFE_PN0P_,9.22,1.02,0.033982142792121806,9.18601785720788,clk_host,VALIDATED
1071,u_host_if.rpop_q[29]$_DFFE_PN0P_,9.22,1.02,0.030370026092425242,9.189629973907575,clk_host,VALIDATED
1063,u_cdc_cmd.mem[9][30]$_DFFE_PP_,9.21,1.04,0.018586974854303148,9.191413025145698,clk_host,VALIDATED
1065,u_cdc_cmd.mem[9][68]$_DFFE_PP_,9.21,1.04,0.01857369663714424,9.191426303362856,clk_host,VALIDATED
1067,u_cdc_cmd.mem[9][70]$_DFFE_PP_,9.21,1.04,0.018569571920325004,9.191430428079675,clk_host,VALIDATED
1066,u_cdc_cmd.mem[9][69]$_DFFE_PP_,9.21,1.04,0.018568955884694413,9.191431044115307,clk_host,VALIDATED
1064,u_cdc_cmd.mem[9][40]$_DFFE_PP_,9.21,1.04,0.018568955884694413,9.191431044115307,clk_host,VALIDATED
1062,u_cdc_cmd.mem[9][23]$_DFFE_PP_,9.21,1.04,0.01843756831744245,9.19156243168256,clk_host,VALIDATED
1074,u_host_if.rpop_q[15]$_DFFE_PN0P_,9.23,1.02,0.03444718535260663,9.195552814647394,clk_host,VALIDATED
1072,u_host_if.rpop_q[9]$_DFFE_PN0P_,9.23,1.02,0.03389167248498322,9.196108327515017,clk_host,VALIDATED
1076,u_host_if.rpop_q[16]$_DFFE_PN0P_,9.23,1.01,0.03348126224491339,9.196518737755087,clk_host,VALIDATED
1073,u_host_if.rpop_q[18]$_DFFE_PN0P_,9.23,1.02,0.033282457445426836,9.196717542554573,clk_host,VALIDATED
1078,u_host_if.rpop_q[19]$_DFFE_PN0P_,9.23,1.01,0.033120586122585643,9.196879413877415,clk_host,VALIDATED
1075,u_host_if.rpop_q[10]$_DFFE_PN0P_,9.23,1.01,0.03265020420676906,9.197349795793231,clk_host,VALIDATED
1084,u_host_if.rpop_q[14]$_DFFE_PN0P_,9.24,1.01,0.03269161329492681,9.207308386705073,clk_host,VALIDATED
1086,u_host_if.rpop_q[7]$_DFFE_PN0P_,9.24,1.0,0.03193345585967747,9.208066544140323,clk_host,VALIDATED
1082,u_cdc_cmd.mem[3][68]$_DFFE_PP_,9.23,1.01,0.018296997288379246,9.211703002711621,clk_host,VALIDATED
1077,u_cdc_cmd.mem[3][40]$_DFFE_PP_,9.23,1.01,0.01829550260478699,9.211704497395214,clk_host,VALIDATED
1081,u_cdc_cmd.mem[3][30]$_DFFE_PP_,9.23,1.01,0.01829550260478699,9.211704497395214,clk_host,VALIDATED
1083,u_cdc_cmd.mem[3][70]$_DFFE_PP_,9.23,1.01,0.01826000821049345,9.211739991789507,clk_host,VALIDATED
1080,u_cdc_cmd.mem[3][67]$_DFFE_PP_,9.23,1.01,0.01824948835126694,9.211750511648734,clk_host,VALIDATED
1079,u_cdc_cmd.mem[3][44]$_DFFE_PP_,9.23,1.01,0.018093306374443813,9.211906693625556,clk_host,VALIDATED
1094,u_cdc_cmd.mem[3][48]$_DFFE_PP_,9.24,1.01,0.018380763330226854,9.221619236669774,clk_host,VALIDATED
1093,u_cdc_cmd.mem[3][52]$_DFFE_PP_,9.24,1.01,0.01837921061094759,9.221620789389053,clk_host,VALIDATED
1095,u_cdc_cmd.mem[3][46]$_DFFE_PP_,9.24,1.01,0.018368631003981728,9.221631368996018,clk_host,VALIDATED
1091,u_cdc_cmd.mem[3][51]$_DFFE_PP_,9.24,1.01,0.018334604883043837,9.221665395116956,clk_host,VALIDATED
1090,u_cdc_cmd.mem[3][43]$_DFFE_PP_,9.24,1.01,0.018334460150080042,9.221665539849921,clk_host,VALIDATED
1088,u_cdc_cmd.mem[3][49]$_DFFE_PP_,9.24,1.01,0.01832756561837616,9.221672434381624,clk_host,VALIDATED
1092,u_cdc_cmd.mem[3][45]$_DFFE_PP_,9.24,1.01,0.018311892949832848,9.221688107050168,clk_host,VALIDATED
1087,u_cdc_cmd.mem[3][50]$_DFFE_PP_,9.24,1.0,0.01825105811535027,9.22174894188465,clk_host,VALIDATED
1089,u_cdc_cmd.mem[3][41]$_DFFE_PP_,9.24,1.01,0.018250388750457605,9.221749611249543,clk_host,VALIDATED
1096,u_cdc_cmd.mem[3][47]$_DFFE_PP_,9.24,1.01,0.018242853169961326,9.221757146830038,clk_host,VALIDATED
1085,u_cdc_cmd.mem[3][69]$_DFFE_PP_,9.24,1.01,0.018213391441371213,9.221786608558629,clk_host,VALIDATED
1100,u_cdc_cmd.mem[3][13]$_DFFE_PP_,9.25,1.0,0.018263780154791076,9.231736219845208,clk_host,VALIDATED
1097,u_cdc_cmd.mem[3][37]$_DFFE_PP_,9.25,1.0,0.018252255468627132,9.231747744531372,clk_host,VALIDATED
1099,u_cdc_cmd.mem[3][14]$_DFFE_PP_,9.25,1.0,0.018245866093691304,9.231754133906309,clk_host,VALIDATED
1104,u_cdc_cmd.mem[3][38]$_DFFE_PP_,9.25,1.0,0.018225907953195522,9.231774092046804,clk_host,VALIDATED
1098,u_cdc_cmd.mem[3][39]$_DFFE_PP_,9.25,0.99,0.01817876173499723,9.231821238265002,clk_host,VALIDATED
1102,u_cdc_cmd.mem[3][3]$_DFFE_PP_,9.25,1.0,0.01817351945067018,9.23182648054933,clk_host,VALIDATED
1106,u_cdc_cmd.mem[3][12]$_DFFE_PP_,9.25,0.99,0.018169817849448974,9.231830182150551,clk_host,VALIDATED
1103,u_cdc_cmd.mem[3][36]$_DFFE_PP_,9.25,0.99,0.018150046789933344,9.231849953210066,clk_host,VALIDATED
1101,u_cdc_cmd.mem[3][35]$_DFFE_PP_,9.25,1.0,0.018124107102767642,9.231875892897232,clk_host,VALIDATED
1105,u_cdc_cmd.mem[3][18]$_DFFE_PP_,9.25,0.99,0.018081142353243304,9.231918857646757,clk_host,VALIDATED
1107,u_cdc_cmd.mem[2][70]$_DFFE_PP_,9.25,0.99,0.018016730588595695,9.231983269411405,clk_host,VALIDATED
1109,u_cdc_cmd.mem[2][40]$_DFFE_PP_,9.25,0.99,0.017953799020217404,9.232046200979783,clk_host,VALIDATED
1108,u_cdc_cmd.mem[2][67]$_DFFE_PP_,9.25,0.99,0.017913851712625592,9.232086148287374,clk_host,VALIDATED
1115,u_cdc_cmd.mem[2][37]$_DFFE_PP_,9.26,0.99,0.01809547228225543,9.241904527717745,clk_host,VALIDATED
1119,u_cdc_cmd.mem[2][38]$_DFFE_PP_,9.26,0.99,0.018069388241978138,9.241930611758022,clk_host,VALIDATED
1127,u_cdc_cmd.mem[2][48]$_DFFE_PP_,9.26,0.99,0.018046253469779686,9.24195374653022,clk_host,VALIDATED
1137,u_cdc_cmd.mem[2][52]$_DFFE_PP_,9.26,0.99,0.018041005214688835,9.24195899478531,clk_host,VALIDATED
1133,u_cdc_cmd.mem[2][46]$_DFFE_PP_,9.26,0.99,0.018030635104890586,9.241969364895109,clk_host,VALIDATED
1143,u_cdc_cmd.mem[2][39]$_DFFE_PP_,9.26,0.98,0.01802061725378322,9.241979382746216,clk_host,VALIDATED
1118,u_cdc_cmd.mem[2][43]$_DFFE_PP_,9.26,0.99,0.017997140901561223,9.242002859098438,clk_host,VALIDATED
1110,u_cdc_cmd.mem[2][49]$_DFFE_PP_,9.26,0.99,0.01799038289523759,9.242009617104761,clk_host,VALIDATED
1135,u_cdc_cmd.mem[2][45]$_DFFE_PP_,9.26,0.99,0.01797502057656644,9.242024979423434,clk_host,VALIDATED
1113,u_cdc_cmd.mem[2][35]$_DFFE_PP_,9.26,0.99,0.01796860540005453,9.242031394599945,clk_host,VALIDATED
1140,u_cdc_cmd.mem[2][51]$_DFFE_PP_,9.26,0.99,0.017964580827720733,9.242035419172279,clk_host,VALIDATED
1111,u_cdc_cmd.mem[2][68]$_DFFE_PP_,9.26,0.99,0.01796041987870596,9.242039580121293,clk_host,VALIDATED
1112,u_cdc_cmd.mem[2][30]$_DFFE_PP_,9.26,0.99,0.017958954792808624,9.242041045207191,clk_host,VALIDATED
1121,u_cdc_cmd.mem[2][36]$_DFFE_PP_,9.26,0.98,0.017947400917295686,9.242052599082704,clk_host,VALIDATED
1123,u_cdc_cmd.mem[10][20]$_DFFE_PP_,9.26,0.98,0.017933635858290442,9.24206636414171,clk_host,VALIDATED
1126,u_cdc_cmd.mem[10][19]$_DFFE_PP_,9.26,0.98,0.017933635858290442,9.24206636414171,clk_host,VALIDATED
1114,u_cdc_cmd.mem[2][44]$_DFFE_PP_,9.26,0.99,0.01791473428212932,9.24208526571787,clk_host,VALIDATED
1117,u_cdc_cmd.mem[2][41]$_DFFE_PP_,9.26,0.99,0.01791473428212932,9.24208526571787,clk_host,VALIDATED
1142,u_cdc_cmd.mem[10][12]$_DFFE_PP_,9.26,0.98,0.01791409699972049,9.242085903000278,clk_host,VALIDATED
1116,u_cdc_cmd.mem[2][50]$_DFFE_PP_,9.26,0.98,0.01791151632773845,9.242088483672262,clk_host,VALIDATED
1128,u_cdc_cmd.mem[10][39]$_DFFE_PP_,9.26,0.98,0.017909206535333927,9.242090793464666,clk_host,VALIDATED
1129,u_cdc_cmd.mem[2][47]$_DFFE_PP_,9.26,0.99,0.01790734792104881,9.24209265207895,clk_host,VALIDATED
1144,u_cdc_cmd.mem[10][13]$_DFFE_PP_,9.26,0.98,0.01789972059611608,9.242100279403884,clk_host,VALIDATED
1134,u_cdc_cmd.mem[10][16]$_DFFE_PP_,9.26,0.98,0.017871956483574314,9.242128043516425,clk_host,VALIDATED
1138,u_cdc_cmd.mem[10][50]$_DFFE_PP_,9.26,0.98,0.01779231268600026,9.242207687314,clk_host,VALIDATED
1124,u_cdc_cmd.mem[11][37]$_DFFE_PP_,9.26,0.98,0.017787331241055915,9.242212668758944,clk_host,VALIDATED
1122,u_cdc_cmd.mem[11][36]$_DFFE_PP_,9.26,0.98,0.017787331241055915,9.242212668758944,clk_host,VALIDATED
1125,u_cdc_cmd.mem[11][52]$_DFFE_PP_,9.26,0.98,0.01775892931183698,9.242241070688163,clk_host,VALIDATED
1139,u_cdc_cmd.mem[11][38]$_DFFE_PP_,9.26,0.98,0.017643401205427775,9.242356598794572,clk_host,VALIDATED
1130,u_cdc_cmd.mem[11][35]$_DFFE_PP_,9.26,0.98,0.017639349785770392,9.242360650214229,clk_host,VALIDATED
1132,u_cdc_cmd.mem[11][54]$_DFFE_PP_,9.26,0.98,0.01754470775022518,9.242455292249774,clk_host,VALIDATED
1145,u_cdc_cmd.mem[11][31]$_DFFE_PP_,9.26,0.98,0.01754470775022518,9.242455292249774,clk_host,VALIDATED
1141,u_cdc_cmd.mem[11][72]$_DFFE_PP_,9.26,0.98,0.01753493930798583,9.242465060692014,clk_host,VALIDATED
1146,u_cdc_cmd.mem[11][29]$_DFFE_PP_,9.26,0.98,0.01750494427781632,9.242495055722184,clk_host,VALIDATED
1120,u_cdc_cmd.mem[11][41]$_DFFE_PP_,9.26,0.98,0.017448327614204326,9.242551672385796,clk_host,VALIDATED
1136,u_cdc_cmd.mem[11][23]$_DFFE_PP_,9.26,0.98,0.01743158216102704,9.242568417838973,clk_host,VALIDATED
1131,u_cdc_cmd.mem[11][28]$_DFFE_PP_,9.26,0.98,0.017423383305400497,9.242576616694599,clk_host,VALIDATED
1155,u_cdc_cmd.mem[2][12]$_DFFE_PP_,9.27,0.98,0.01801176371051323,9.251988236289487,clk_host,VALIDATED
1150,u_cdc_cmd.mem[2][18]$_DFFE_PP_,9.27,0.98,0.017923983926390455,9.252076016073609,clk_host,VALIDATED
1151,u_cdc_cmd.mem[2][13]$_DFFE_PP_,9.27,0.98,0.017923983926390455,9.252076016073609,clk_host,VALIDATED
1148,u_cdc_cmd.mem[2][14]$_DFFE_PP_,9.27,0.98,0.01790642814651268,9.252093571853488,clk_host,VALIDATED
1153,u_cdc_cmd.mem[2][3]$_DFFE_PP_,9.27,0.98,0.017835528436351986,9.252164471563647,clk_host,VALIDATED
1149,u_cdc_cmd.mem[10][18]$_DFFE_PP_,9.27,0.98,0.017783535716782123,9.252216464283217,clk_host,VALIDATED
1152,u_cdc_cmd.mem[10][14]$_DFFE_PP_,9.27,0.98,0.017775793507942853,9.252224206492057,clk_host,VALIDATED
1164,u_cdc_cmd.mem[10][3]$_DFFE_PP_,9.27,0.98,0.017700669183936465,9.252299330816063,clk_host,VALIDATED
1170,u_cdc_cmd.mem[11][45]$_DFFE_PP_,9.27,0.98,0.017649751582176923,9.252350248417823,clk_host,VALIDATED
1163,u_cdc_cmd.mem[11][67]$_DFFE_PP_,9.27,0.98,0.017589292247277608,9.252410707752722,clk_host,VALIDATED
1158,u_cdc_cmd.mem[10][15]$_DFFE_PP_,9.27,0.97,0.017575107080851624,9.252424892919148,clk_host,VALIDATED
1159,u_cdc_cmd.mem[11][70]$_DFFE_PP_,9.27,0.98,0.01757115527476512,9.252428844725234,clk_host,VALIDATED
1157,u_cdc_cmd.mem[11][30]$_DFFE_PP_,9.27,0.98,0.01757115527476512,9.252428844725234,clk_host,VALIDATED
1167,u_cdc_cmd.mem[11][51]$_DFFE_PP_,9.27,0.98,0.01755864310859613,9.252441356891403,clk_host,VALIDATED
1166,u_cdc_cmd.mem[11][68]$_DFFE_PP_,9.27,0.98,0.01755864310859613,9.252441356891403,clk_host,VALIDATED
1165,u_cdc_cmd.mem[11][69]$_DFFE_PP_,9.27,0.98,0.017554175861095353,9.252445824138904,clk_host,VALIDATED
1161,u_cdc_cmd.mem[11][40]$_DFFE_PP_,9.27,0.98,0.017546266649373907,9.252453733350626,clk_host,VALIDATED
1169,u_cdc_cmd.mem[10][43]$_DFFE_PP_,9.27,0.97,0.01753883390696953,9.25246116609303,clk_host,VALIDATED
1160,u_cdc_cmd.mem[10][17]$_DFFE_PP_,9.27,0.97,0.017538403315862858,9.252461596684137,clk_host,VALIDATED
1154,u_cdc_cmd.mem[10][7]$_DFFE_PP_,9.27,0.97,0.01753072774826274,9.252469272251737,clk_host,VALIDATED
1168,u_cdc_cmd.mem[10][4]$_DFFE_PP_,9.27,0.97,0.01753017364841182,9.252469826351588,clk_host,VALIDATED
1156,u_cdc_cmd.mem[10][6]$_DFFE_PP_,9.27,0.97,0.017528511177013803,9.252471488822986,clk_host,VALIDATED
1162,u_cdc_cmd.mem[10][11]$_DFFE_PP_,9.27,0.97,0.017528511177013803,9.252471488822986,clk_host,VALIDATED
1147,u_cdc_cmd.mem[11][71]$_DFFE_PP_,9.27,0.98,0.017430368345800223,9.252569631654199,clk_host,VALIDATED
1171,u_cdc_cmd.mem[10][48]$_DFFE_PP_,9.28,0.98,0.017745320254178243,9.262254679745821,clk_host,VALIDATED
1172,u_cdc_cmd.mem[10][49]$_DFFE_PP_,9.28,0.97,0.017526631824314576,9.262473368175685,clk_host,VALIDATED
1174,u_cdc_cmd.mem[11][47]$_DFFE_PP_,9.28,0.98,0.017517988291618755,9.26248201170838,clk_host,VALIDATED
1173,u_cdc_cmd.mem[10][5]$_DFFE_PP_,9.28,0.97,0.01750609728894517,9.262493902711054,clk_host,VALIDATED
1175,u_cdc_cmd.mem[10][9]$_DFFE_PP_,9.28,0.97,0.017496301167699665,9.2625036988323,clk_host,VALIDATED
1185,u_cdc_cmd.mem[10][22]$_DFFE_PP_,9.28,0.96,0.01731523339115383,9.262684766608846,clk_host,VALIDATED
1180,u_cdc_cmd.mem[5][70]$_DFFE_PP_,9.28,0.96,0.01729374355355573,9.262706256446444,clk_host,VALIDATED
1177,u_cdc_cmd.mem[5][30]$_DFFE_PP_,9.28,0.96,0.01729374355355573,9.262706256446444,clk_host,VALIDATED
1184,u_cdc_cmd.mem[5][40]$_DFFE_PP_,9.28,0.96,0.017283030259859694,9.26271696974014,clk_host,VALIDATED
1178,u_cdc_cmd.mem[5][67]$_DFFE_PP_,9.28,0.96,0.017283030259859694,9.26271696974014,clk_host,VALIDATED
1181,u_cdc_cmd.mem[1][63]$_DFFE_PP_,9.28,0.95,0.01717378186944654,9.262826218130552,clk_host,VALIDATED
1176,u_cdc_cmd.mem[1][66]$_DFFE_PP_,9.28,0.95,0.01717378186944654,9.262826218130552,clk_host,VALIDATED
1179,u_cdc_cmd.mem[1][53]$_DFFE_PP_,9.28,0.95,0.01717378186944654,9.262826218130552,clk_host,VALIDATED
1183,u_cdc_cmd.mem[3][53]$_DFFE_PP_,9.28,0.95,0.01715767944540529,9.262842320554594,clk_host,VALIDATED
1182,u_cdc_cmd.mem[10][42]$_DFFE_PP_,9.28,0.96,0.017096662131927676,9.262903337868071,clk_host,VALIDATED
381,u_host_if.rpop_q[13]$_DFFE_PN0P_,9.29,1.03,0.025889395846392188,9.264110604153608,clk_host,VALIDATED
380,u_host_if.rpop_q[14]$_DFFE_PN0P_,9.29,1.03,0.025889395846392188,9.264110604153608,clk_host,VALIDATED
378,u_host_if.rpop_q[15]$_DFFE_PN0P_,9.29,1.03,0.025889395846392188,9.264110604153608,clk_host,VALIDATED
375,u_host_if.s_rdata[17]$_DFFE_PN0P_,9.29,1.03,0.025889395846392188,9.264110604153608,clk_host,VALIDATED
376,u_host_if.s_rdata[15]$_DFFE_PN0P_,9.29,1.03,0.025889395846392188,9.264110604153608,clk_host,VALIDATED
377,u_host_if.rpop_q[17]$_DFFE_PN0P_,9.29,1.03,0.025889395846392188,9.264110604153608,clk_host,VALIDATED
379,u_host_if.s_rdata[14]$_DFFE_PN0P_,9.29,1.03,0.025889395846392188,9.264110604153608,clk_host,VALIDATED
383,u_host_if.s_rdata[13]$_DFFE_PN0P_,9.29,1.03,0.02582279938173873,9.26417720061826,clk_host,VALIDATED
389,u_host_if.s_rdata[12]$_DFFE_PN0P_,9.29,1.03,0.02582279938173873,9.26417720061826,clk_host,VALIDATED
390,u_host_if.s_rdata[9]$_DFFE_PN0P_,9.29,1.03,0.02582279938173873,9.26417720061826,clk_host,VALIDATED
387,u_host_if.rpop_q[12]$_DFFE_PN0P_,9.29,1.03,0.02582279938173873,9.26417720061826,clk_host,VALIDATED
382,u_host_if.rpop_q[20]$_DFFE_PN0P_,9.29,1.03,0.02582279938173873,9.26417720061826,clk_host,VALIDATED
384,u_host_if.s_rdata[20]$_DFFE_PN0P_,9.29,1.03,0.02582279938173873,9.26417720061826,clk_host,VALIDATED
385,u_host_if.rpop_q[16]$_DFFE_PN0P_,9.29,1.03,0.02582279938173873,9.26417720061826,clk_host,VALIDATED
388,u_host_if.rpop_q[9]$_DFFE_PN0P_,9.29,1.03,0.02582279938173873,9.26417720061826,clk_host,VALIDATED
392,u_host_if.s_rdata[16]$_DFFE_PN0P_,9.29,1.03,0.025769655642977007,9.264230344357022,clk_host,VALIDATED
393,u_host_if.s_rdata[19]$_DFFE_PN0P_,9.29,1.03,0.025769655642977007,9.264230344357022,clk_host,VALIDATED
394,u_host_if.rpop_q[19]$_DFFE_PN0P_,9.29,1.03,0.025769655642977007,9.264230344357022,clk_host,VALIDATED
391,u_host_if.s_rdata[10]$_DFFE_PN0P_,9.29,1.03,0.025769655642977007,9.264230344357022,clk_host,VALIDATED
386,u_host_if.rpop_q[10]$_DFFE_PN0P_,9.29,1.03,0.025769655642977007,9.264230344357022,clk_host,VALIDATED
1200,u_cdc_cmd.mem[15][19]$_DFFE_PP_,9.29,0.95,0.01733230905091454,9.272667690949085,clk_host,VALIDATED
1198,u_cdc_cmd.mem[10][2]$_DFFE_PP_,9.29,0.96,0.017312452294989858,9.27268754770501,clk_host,VALIDATED
1192,u_cdc_cmd.mem[5][32]$_DFFE_PP_,9.29,0.96,0.01727728350904438,9.272722716490955,clk_host,VALIDATED
1196,u_cdc_cmd.mem[1][75]$_DFFE_PP_,9.29,0.94,0.017230830522411464,9.272769169477588,clk_host,VALIDATED
1194,u_cdc_cmd.mem[5][29]$_DFFE_PP_,9.29,0.96,0.01722458611528424,9.272775413884714,clk_host,VALIDATED
1190,u_cdc_cmd.mem[1][21]$_DFFE_PP_,9.29,0.94,0.017210434568861302,9.272789565431138,clk_host,VALIDATED
1197,u_cdc_cmd.mem[1][26]$_DFFE_PP_,9.29,0.94,0.017210434568861302,9.272789565431138,clk_host,VALIDATED
1191,u_cdc_cmd.mem[5][71]$_DFFE_PP_,9.29,0.96,0.017180374342584362,9.272819625657414,clk_host,VALIDATED
1188,u_cdc_cmd.mem[3][63]$_DFFE_PP_,9.29,0.95,0.01715767944540529,9.272842320554593,clk_host,VALIDATED
1186,u_cdc_cmd.mem[1][61]$_DFFE_PP_,9.29,0.95,0.017138609047418346,9.272861390952581,clk_host,VALIDATED
1187,u_cdc_cmd.mem[3][66]$_DFFE_PP_,9.29,0.95,0.017119422136455176,9.272880577863544,clk_host,VALIDATED
1199,u_cdc_cmd.mem[3][62]$_DFFE_PP_,9.29,0.95,0.01711350378599047,9.272886496214008,clk_host,VALIDATED
1189,u_cdc_cmd.mem[1][55]$_DFFE_PP_,9.29,0.95,0.017105157013660277,9.27289484298634,clk_host,VALIDATED
1193,u_cdc_cmd.mem[1][62]$_DFFE_PP_,9.29,0.95,0.017064676406373394,9.272935323593625,clk_host,VALIDATED
1195,u_cdc_cmd.mem[5][31]$_DFFE_PP_,9.29,0.95,0.016988701105696585,9.273011298894303,clk_host,VALIDATED
395,u_host_if.s_rdata[18]$_DFFE_PN0P_,9.3,1.03,0.025769655642977007,9.274230344357024,clk_host,VALIDATED
399,u_host_if.s_rdata[8]$_DFFE_PN0P_,9.43,0.9,0.021614013062196014,9.408385986937803,clk_host,VALIDATED
398,u_host_if.rpop_q[8]$_DFFE_PN0P_,9.43,0.9,0.021614013062196014,9.408385986937803,clk_host,VALIDATED
396,u_host_if.rpop_q[18]$_DFFE_PN0P_,9.43,0.9,0.021614013062196014,9.408385986937803,clk_host,VALIDATED
397,u_host_if.rpop_q[7]$_DFFE_PN0P_,9.43,0.9,0.021614013062196014,9.408385986937803,clk_host,VALIDATED
1201,nand_dq_oe[0],11.57,0.43,0.009706013352749898,11.56029398664725,clk_nand,VALIDATED
1202,nand_ale[0],11.58,0.42,0.010572430588730725,11.56942756941127,clk_nand,VALIDATED
1203,nand_dq_o[2],11.59,0.41,0.009254570871226636,11.580745429128774,clk_nand,VALIDATED
1204,nand_cle[0],11.59,0.41,0.008828788394074971,11.581171211605925,clk_nand,VALIDATED
1205,nand_dq_o[1],11.6,0.4,0.009040944874898482,11.5909590551251,clk_nand,VALIDATED
1206,nand_ce_n[0],11.6,0.4,0.008613452091780507,11.591386547908218,clk_nand,VALIDATED
1214,nand_re_n[1],11.62,0.38,0.010392264225942138,11.609607735774057,clk_nand,VALIDATED
1218,nand_dq_o[15],11.62,0.38,0.009919137401167982,11.610080862598831,clk_nand,VALIDATED
1216,nand_dq_o[8],11.62,0.38,0.009887656095364794,11.610112343904634,clk_nand,VALIDATED
1207,nand_dq_o[14],11.62,0.38,0.009887656095364794,11.610112343904634,clk_nand,VALIDATED
1208,nand_dq_o[11],11.62,0.38,0.009887656095364794,11.610112343904634,clk_nand,VALIDATED
1210,nand_dq_o[12],11.62,0.38,0.00978772216215057,11.61021227783785,clk_nand,VALIDATED
1215,nand_dq_o[6],11.62,0.38,0.00803915203158094,11.611960847968419,clk_nand,VALIDATED
1217,nand_dq_o[3],11.62,0.38,0.00803915203158094,11.611960847968419,clk_nand,VALIDATED
1212,nand_dq_o[0],11.62,0.38,0.00803915203158094,11.611960847968419,clk_nand,VALIDATED
1211,nand_dq_o[7],11.62,0.38,0.00803915203158094,11.611960847968419,clk_nand,VALIDATED
1213,nand_dq_o[5],11.62,0.38,0.008005797763448425,11.61199420223655,clk_nand,VALIDATED
1209,nand_dq_o[4],11.62,0.38,0.007983897886385719,11.612016102113614,clk_nand,VALIDATED
1221,nand_re_n[0],11.63,0.37,0.01079409459262809,11.619205905407373,clk_nand,VALIDATED
1224,nand_dq_o[13],11.63,0.37,0.00968876031994563,11.620311239680055,clk_nand,VALIDATED
1223,nand_dq_o[9],11.63,0.37,0.00968876031994563,11.620311239680055,clk_nand,VALIDATED
1225,nand_ale[1],11.63,0.37,0.00968876031994563,11.620311239680055,clk_nand,VALIDATED
1220,nand_dq_o[10],11.63,0.37,0.009658107469558294,11.620341892530442,clk_nand,VALIDATED
1222,nand_dq_oe[1],11.63,0.37,0.009593644852971941,11.62040635514703,clk_nand,VALIDATED
1219,nand_we_n[0],11.63,0.37,0.008937501801173517,11.621062498198826,clk_nand,VALIDATED
1251,g_chan[1].u_cdc_chr.mem[14][21]$_DFFE_PP_,11.86,8.35,0.23328442261749416,11.626715577382505,clk_nand,VALIDATED
1253,g_chan[1].u_cdc_chr.mem[15][21]$_DFFE_PP_,11.86,8.35,0.23328442261749416,11.626715577382505,clk_nand,VALIDATED
1254,g_chan[1].u_cdc_chr.mem[7][21]$_DFFE_PP_,11.86,8.35,0.2325987370046273,11.627401262995372,clk_nand,VALIDATED
1238,g_chan[1].u_cdc_chr.mem[12][21]$_DFFE_PP_,11.86,8.35,0.2325987370046273,11.627401262995372,clk_nand,VALIDATED
1237,g_chan[1].u_cdc_chr.mem[13][21]$_DFFE_PP_,11.86,8.35,0.2325987370046273,11.627401262995372,clk_nand,VALIDATED
1246,g_chan[1].u_cdc_chr.mem[6][21]$_DFFE_PP_,11.86,8.35,0.23191305139176044,11.628086948608239,clk_nand,VALIDATED
1248,g_chan[1].u_cdc_chr.mem[5][21]$_DFFE_PP_,11.86,8.35,0.23191305139176044,11.628086948608239,clk_nand,VALIDATED
1241,g_chan[1].u_cdc_chr.mem[4][21]$_DFFE_PP_,11.86,8.35,0.23191305139176044,11.628086948608239,clk_nand,VALIDATED
1247,g_chan[1].u_cdc_chr.mem[9][21]$_DFFE_PP_,11.86,8.35,0.23018965991049178,11.629810340089508,clk_nand,VALIDATED
1257,g_chan[1].u_cdc_chr.mem[1][21]$_DFFE_PP_,11.86,8.35,0.23018965991049178,11.629810340089508,clk_nand,VALIDATED
1249,g_chan[1].u_cdc_chr.mem[11][21]$_DFFE_PP_,11.86,8.35,0.23018965991049178,11.629810340089508,clk_nand,VALIDATED
1259,g_chan[1].u_cdc_chr.mem[0][21]$_DFFE_PP_,11.86,8.35,0.23018965991049178,11.629810340089508,clk_nand,VALIDATED
1245,g_chan[1].u_cdc_chr.mem[8][21]$_DFFE_PP_,11.86,8.35,0.23018965991049178,11.629810340089508,clk_nand,VALIDATED
1250,g_chan[1].u_cdc_chr.mem[10][21]$_DFFE_PP_,11.86,8.35,0.23018965991049178,11.629810340089508,clk_nand,VALIDATED
1244,g_chan[1].u_cdc_chr.mem[13][25]$_DFFE_PP_,11.86,8.35,0.23004534709762536,11.629954652902374,clk_nand,VALIDATED
1227,nand_we_n[1],11.64,0.36,0.009458855801733168,11.630541144198267,clk_nand,VALIDATED
1228,nand_ce_n[1],11.64,0.36,0.009426901932920076,11.63057309806708,clk_nand,VALIDATED
1226,nand_cle[1],11.64,0.36,0.009426901932920076,11.63057309806708,clk_nand,VALIDATED
1252,g_chan[1].u_cdc_chr.mem[2][21]$_DFFE_PP_,11.86,8.35,0.22922729043811685,11.630772709561883,clk_nand,VALIDATED
1265,g_chan[1].u_cdc_chr.mem[3][21]$_DFFE_PP_,11.86,8.35,0.22922729043811685,11.630772709561883,clk_nand,VALIDATED
1233,g_chan[1].u_cdc_chr.mem[15][25]$_DFFE_PP_,11.86,8.35,0.22836261958658566,11.631637380413414,clk_nand,VALIDATED
1240,g_chan[1].u_cdc_chr.mem[10][25]$_DFFE_PP_,11.86,8.35,0.22836261958658566,11.631637380413414,clk_nand,VALIDATED
1286,g_chan[1].u_cdc_chr.mem[0][9]$_DFFE_PP_,11.87,8.35,0.2382459889861721,11.631754011013827,clk_nand,VALIDATED
1262,g_chan[1].u_cdc_chr.mem[12][25]$_DFFE_PP_,11.86,8.35,0.22781663076408443,11.632183369235914,clk_nand,VALIDATED
1232,g_chan[1].u_cdc_chr.mem[11][25]$_DFFE_PP_,11.86,8.35,0.22661888128647878,11.63338111871352,clk_nand,VALIDATED
1283,g_chan[1].u_cdc_chr.mem[1][9]$_DFFE_PP_,11.87,8.35,0.23657761866836058,11.633422381331638,clk_nand,VALIDATED
1263,g_chan[1].u_cdc_chr.mem[7][25]$_DFFE_PP_,11.86,8.35,0.22607289246397755,11.633927107536023,clk_nand,VALIDATED
1266,g_chan[1].u_cdc_chr.mem[6][25]$_DFFE_PP_,11.86,8.35,0.22607289246397755,11.633927107536023,clk_nand,VALIDATED
1264,g_chan[1].u_cdc_chr.mem[4][25]$_DFFE_PP_,11.86,8.35,0.22607289246397755,11.633927107536023,clk_nand,VALIDATED
1295,g_chan[1].u_cdc_chr.mem[4][9]$_DFFE_PP_,11.87,8.35,0.2354155982542876,11.634584401745713,clk_nand,VALIDATED
1284,g_chan[1].u_cdc_chr.mem[2][9]$_DFFE_PP_,11.87,8.35,0.2354155982542876,11.634584401745713,clk_nand,VALIDATED
1291,g_chan[1].u_cdc_chr.mem[14][9]$_DFFE_PP_,11.87,8.35,0.2354155982542876,11.634584401745713,clk_nand,VALIDATED
1288,g_chan[1].u_cdc_chr.mem[12][9]$_DFFE_PP_,11.87,8.35,0.2354155982542876,11.634584401745713,clk_nand,VALIDATED
1287,g_chan[1].u_cdc_chr.mem[5][9]$_DFFE_PP_,11.87,8.35,0.2354155982542876,11.634584401745713,clk_nand,VALIDATED
1293,g_chan[1].u_cdc_chr.mem[15][9]$_DFFE_PP_,11.87,8.35,0.2354155982542876,11.634584401745713,clk_nand,VALIDATED
1294,g_chan[1].u_cdc_chr.mem[6][9]$_DFFE_PP_,11.87,8.35,0.2354155982542876,11.634584401745713,clk_nand,VALIDATED
1290,g_chan[1].u_cdc_chr.mem[3][9]$_DFFE_PP_,11.87,8.35,0.2354155982542876,11.634584401745713,clk_nand,VALIDATED
1289,g_chan[1].u_cdc_chr.mem[13][9]$_DFFE_PP_,11.87,8.35,0.2354155982542876,11.634584401745713,clk_nand,VALIDATED
1292,g_chan[1].u_cdc_chr.mem[7][9]$_DFFE_PP_,11.87,8.35,0.2354155982542876,11.634584401745713,clk_nand,VALIDATED
1261,g_chan[1].u_cdc_chr.mem[2][25]$_DFFE_PP_,11.86,8.35,0.2248751429863719,11.635124857013627,clk_nand,VALIDATED
1243,g_chan[1].u_cdc_chr.mem[8][25]$_DFFE_PP_,11.86,8.35,0.2248751429863719,11.635124857013627,clk_nand,VALIDATED
1234,g_chan[1].u_cdc_chr.mem[5][25]$_DFFE_PP_,11.86,8.35,0.2248751429863719,11.635124857013627,clk_nand,VALIDATED
1236,g_chan[1].u_cdc_chr.mem[14][25]$_DFFE_PP_,11.86,8.35,0.2248751429863719,11.635124857013627,clk_nand,VALIDATED
1242,g_chan[1].u_cdc_chr.mem[9][25]$_DFFE_PP_,11.86,8.35,0.2248751429863719,11.635124857013627,clk_nand,VALIDATED
1285,g_chan[1].u_cdc_chr.mem[8][9]$_DFFE_PP_,11.87,8.35,0.23431808684347866,11.635681913156521,clk_nand,VALIDATED
1280,g_chan[1].u_cdc_chr.mem[9][9]$_DFFE_PP_,11.87,8.35,0.23431808684347866,11.635681913156521,clk_nand,VALIDATED
1235,g_chan[1].u_cdc_chr.mem[1][25]$_DFFE_PP_,11.86,8.35,0.22366570954870757,11.636334290451291,clk_nand,VALIDATED
1281,g_chan[1].u_cdc_chr.mem[10][9]$_DFFE_PP_,11.87,8.35,0.2328374668024531,11.637162533197547,clk_nand,VALIDATED
1282,g_chan[1].u_cdc_chr.mem[11][9]$_DFFE_PP_,11.87,8.35,0.2328374668024531,11.637162533197547,clk_nand,VALIDATED
1239,g_chan[1].u_cdc_chr.mem[3][25]$_DFFE_PP_,11.86,8.35,0.2219722532436229,11.638027746756377,clk_nand,VALIDATED
1256,g_chan[1].u_cdc_chr.mem[0][25]$_DFFE_PP_,11.86,8.35,0.2219722532436229,11.638027746756377,clk_nand,VALIDATED
1229,g_chan[1].u_cdc_chr.mem[10][1]$_DFFE_PP_,11.85,8.35,0.20935931471508273,11.640640685284916,clk_nand,VALIDATED
1230,g_chan[1].u_cdc_chr.mem[11][1]$_DFFE_PP_,11.85,8.35,0.20935931471508273,11.640640685284916,clk_nand,VALIDATED
1298,g_chan[1].u_cdc_chr.mem[14][18]$_DFFE_PP_,11.87,8.34,0.2279244521818734,11.642075547818125,clk_nand,VALIDATED
1296,g_chan[1].u_cdc_chr.mem[3][18]$_DFFE_PP_,11.87,8.34,0.22375160132412886,11.646248398675871,clk_nand,VALIDATED
1297,g_chan[1].u_cdc_chr.mem[10][18]$_DFFE_PP_,11.87,8.34,0.22375160132412886,11.646248398675871,clk_nand,VALIDATED
1268,g_chan[1].u_cdc_chr.mem[1][1]$_DFFE_PP_,11.86,8.35,0.21065342092620187,11.649346579073798,clk_nand,VALIDATED
1269,g_chan[1].u_cdc_chr.mem[0][1]$_DFFE_PP_,11.86,8.35,0.21065342092620187,11.649346579073798,clk_nand,VALIDATED
1270,g_chan[1].u_cdc_chr.mem[3][1]$_DFFE_PP_,11.86,8.35,0.21065342092620187,11.649346579073798,clk_nand,VALIDATED
1267,g_chan[1].u_cdc_chr.mem[4][1]$_DFFE_PP_,11.86,8.35,0.21065342092620187,11.649346579073798,clk_nand,VALIDATED
1320,g_chan[1].u_cdc_chr.mem[2][13]$_DFFE_PP_,11.88,8.33,0.2285501598275934,11.651449840172408,clk_nand,VALIDATED
1315,g_chan[1].u_cdc_chr.mem[9][13]$_DFFE_PP_,11.88,8.33,0.2285501598275934,11.651449840172408,clk_nand,VALIDATED
1316,g_chan[1].u_cdc_chr.mem[11][13]$_DFFE_PP_,11.88,8.33,0.2285501598275934,11.651449840172408,clk_nand,VALIDATED
1317,g_chan[1].u_cdc_chr.mem[8][13]$_DFFE_PP_,11.88,8.33,0.2285501598275934,11.651449840172408,clk_nand,VALIDATED
1310,g_chan[1].u_cdc_chr.mem[3][13]$_DFFE_PP_,11.88,8.33,0.22801507513699093,11.65198492486301,clk_nand,VALIDATED
1308,g_chan[1].u_cdc_chr.mem[13][18]$_DFFE_PP_,11.88,8.34,0.2279244521818734,11.652075547818127,clk_nand,VALIDATED
1307,g_chan[1].u_cdc_chr.mem[11][18]$_DFFE_PP_,11.88,8.34,0.2277126750404287,11.652287324959572,clk_nand,VALIDATED
1311,g_chan[1].u_cdc_chr.mem[15][18]$_DFFE_PP_,11.88,8.33,0.22765116147182285,11.652348838528178,clk_nand,VALIDATED
1309,g_chan[1].u_cdc_chr.mem[12][18]$_DFFE_PP_,11.88,8.33,0.22765116147182285,11.652348838528178,clk_nand,VALIDATED
1314,g_chan[1].u_cdc_chr.mem[7][18]$_DFFE_PP_,11.88,8.33,0.22765116147182285,11.652348838528178,clk_nand,VALIDATED
1260,g_chan[1].u_cdc_chr.mem[3][24]$_DFFE_PP_,11.86,8.33,0.20753993719124542,11.652460062808753,clk_nand,VALIDATED
1258,g_chan[1].u_cdc_chr.mem[1][24]$_DFFE_PP_,11.86,8.33,0.20753993719124542,11.652460062808753,clk_nand,VALIDATED
1255,g_chan[1].u_cdc_chr.mem[0][24]$_DFFE_PP_,11.86,8.33,0.20753993719124542,11.652460062808753,clk_nand,VALIDATED
1354,g_chan[1].u_cdc_chr.mem[0][17]$_DFFE_PP_,11.88,8.32,0.2275194926965015,11.6524805073035,clk_nand,VALIDATED
1303,g_chan[1].u_cdc_chr.mem[0][13]$_DFFE_PP_,11.88,8.33,0.22747999044638845,11.652520009553612,clk_nand,VALIDATED
1312,g_chan[1].u_cdc_chr.mem[1][13]$_DFFE_PP_,11.88,8.33,0.22747999044638845,11.652520009553612,clk_nand,VALIDATED
1302,g_chan[1].u_cdc_chr.mem[6][18]$_DFFE_PP_,11.88,8.34,0.22583802675300113,11.654161973247,clk_nand,VALIDATED
1231,g_chan[1].u_cdc_chr.mem[9][1]$_DFFE_PP_,11.86,8.35,0.20567742130639344,11.654322578693606,clk_nand,VALIDATED
1304,g_chan[1].u_cdc_chr.mem[4][18]$_DFFE_PP_,11.88,8.33,0.22556723775209786,11.654432762247904,clk_nand,VALIDATED
1306,g_chan[1].u_cdc_chr.mem[9][18]$_DFFE_PP_,11.88,8.33,0.22556723775209786,11.654432762247904,clk_nand,VALIDATED
1305,g_chan[1].u_cdc_chr.mem[5][18]$_DFFE_PP_,11.88,8.33,0.22556723775209786,11.654432762247904,clk_nand,VALIDATED
1299,g_chan[1].u_cdc_chr.mem[0][18]$_DFFE_PP_,11.88,8.33,0.22498144394819142,11.65501855605181,clk_nand,VALIDATED
1313,g_chan[1].u_cdc_chr.mem[1][18]$_DFFE_PP_,11.88,8.33,0.22498144394819142,11.65501855605181,clk_nand,VALIDATED
1301,g_chan[1].u_cdc_chr.mem[8][18]$_DFFE_PP_,11.88,8.33,0.22348331403237287,11.656516685967627,clk_nand,VALIDATED
1300,g_chan[1].u_cdc_chr.mem[2][18]$_DFFE_PP_,11.88,8.33,0.22348331403237287,11.656516685967627,clk_nand,VALIDATED
1276,g_chan[1].u_cdc_chr.mem[5][1]$_DFFE_PP_,11.87,8.35,0.21203790178249382,11.657962098217505,clk_nand,VALIDATED
1273,g_chan[1].u_cdc_chr.mem[7][1]$_DFFE_PP_,11.87,8.35,0.21203790178249382,11.657962098217505,clk_nand,VALIDATED
1274,g_chan[1].u_cdc_chr.mem[6][1]$_DFFE_PP_,11.87,8.35,0.21203790178249382,11.657962098217505,clk_nand,VALIDATED
1271,g_chan[1].u_cdc_chr.mem[2][1]$_DFFE_PP_,11.87,8.35,0.21203790178249382,11.657962098217505,clk_nand,VALIDATED
1322,g_chan[1].u_cdc_chr.mem[4][13]$_DFFE_PP_,11.88,8.33,0.22132134476743603,11.658678655232565,clk_nand,VALIDATED
1330,g_chan[1].u_cdc_chr.mem[12][13]$_DFFE_PP_,11.88,8.33,0.22132134476743603,11.658678655232565,clk_nand,VALIDATED
1324,g_chan[1].u_cdc_chr.mem[14][13]$_DFFE_PP_,11.88,8.33,0.22132134476743603,11.658678655232565,clk_nand,VALIDATED
1325,g_chan[1].u_cdc_chr.mem[13][13]$_DFFE_PP_,11.88,8.33,0.22132134476743603,11.658678655232565,clk_nand,VALIDATED
1328,g_chan[1].u_cdc_chr.mem[15][13]$_DFFE_PP_,11.88,8.33,0.22132134476743603,11.658678655232565,clk_nand,VALIDATED
1321,g_chan[1].u_cdc_chr.mem[5][13]$_DFFE_PP_,11.88,8.33,0.22065458416088735,11.659345415839113,clk_nand,VALIDATED
1275,g_chan[1].u_cdc_chr.mem[13][1]$_DFFE_PP_,11.87,8.35,0.21065342092620187,11.659346579073798,clk_nand,VALIDATED
1272,g_chan[1].u_cdc_chr.mem[12][1]$_DFFE_PP_,11.87,8.35,0.21065342092620187,11.659346579073798,clk_nand,VALIDATED
1277,g_chan[1].u_cdc_chr.mem[8][1]$_DFFE_PP_,11.87,8.35,0.21065342092620187,11.659346579073798,clk_nand,VALIDATED
1278,g_chan[1].u_cdc_chr.mem[15][1]$_DFFE_PP_,11.87,8.35,0.21065342092620187,11.659346579073798,clk_nand,VALIDATED
1279,g_chan[1].u_cdc_chr.mem[14][1]$_DFFE_PP_,11.87,8.35,0.21065342092620187,11.659346579073798,clk_nand,VALIDATED
1326,g_chan[1].u_cdc_chr.mem[7][13]$_DFFE_PP_,11.88,8.33,0.21981678654448955,11.660183213455511,clk_nand,VALIDATED
1323,g_chan[1].u_cdc_chr.mem[6][13]$_DFFE_PP_,11.88,8.33,0.21981678654448955,11.660183213455511,clk_nand,VALIDATED
1357,g_chan[1].u_cdc_chr.mem[10][13]$_DFFE_PP_,11.89,8.33,0.2294326299908609,11.66056737000914,clk_nand,VALIDATED
1338,g_chan[1].u_cdc_chr.mem[13][24]$_DFFE_PP_,11.88,8.33,0.21835503122441968,11.661644968775581,clk_nand,VALIDATED
1343,g_chan[1].u_cdc_chr.mem[7][24]$_DFFE_PP_,11.88,8.33,0.2180949968475865,11.661905003152414,clk_nand,VALIDATED
1339,g_chan[1].u_cdc_chr.mem[14][24]$_DFFE_PP_,11.88,8.33,0.2180949968475865,11.661905003152414,clk_nand,VALIDATED
1335,g_chan[1].u_cdc_chr.mem[10][24]$_DFFE_PP_,11.88,8.33,0.21800072388346625,11.661999276116534,clk_nand,VALIDATED
1336,g_chan[1].u_cdc_chr.mem[11][24]$_DFFE_PP_,11.88,8.33,0.21800072388346625,11.661999276116534,clk_nand,VALIDATED
1358,g_chan[1].u_cdc_chr.mem[10][17]$_DFFE_PP_,11.89,8.32,0.22799455254719503,11.662005447452806,clk_nand,VALIDATED
1333,g_chan[1].u_cdc_chr.mem[5][24]$_DFFE_PP_,11.88,8.33,0.2174713635706933,11.662528636429307,clk_nand,VALIDATED
1331,g_chan[1].u_cdc_chr.mem[4][24]$_DFFE_PP_,11.88,8.33,0.2174713635706933,11.662528636429307,clk_nand,VALIDATED
1329,g_chan[1].u_cdc_chr.mem[12][24]$_DFFE_PP_,11.88,8.33,0.2174713635706933,11.662528636429307,clk_nand,VALIDATED
1327,g_chan[1].u_cdc_chr.mem[15][24]$_DFFE_PP_,11.88,8.33,0.2174713635706933,11.662528636429307,clk_nand,VALIDATED
1337,g_chan[1].u_cdc_chr.mem[6][24]$_DFFE_PP_,11.88,8.33,0.21733769945585402,11.662662300544147,clk_nand,VALIDATED
1332,g_chan[1].u_cdc_chr.mem[9][24]$_DFFE_PP_,11.88,8.33,0.21720403534101473,11.662795964658986,clk_nand,VALIDATED
1346,g_chan[1].u_cdc_chr.mem[2][24]$_DFFE_PP_,11.88,8.33,0.21720403534101473,11.662795964658986,clk_nand,VALIDATED
1340,g_chan[1].u_cdc_chr.mem[8][24]$_DFFE_PP_,11.88,8.33,0.21720403534101473,11.662795964658986,clk_nand,VALIDATED
1356,g_chan[1].u_cdc_chr.mem[9][17]$_DFFE_PP_,11.89,8.32,0.22694598513722064,11.66305401486278,clk_nand,VALIDATED
1355,g_chan[1].u_cdc_chr.mem[1][17]$_DFFE_PP_,11.89,8.32,0.22617494298712815,11.663825057012872,clk_nand,VALIDATED
1401,g_chan[1].u_cdc_chr.mem[15][17]$_DFFE_PP_,11.89,8.32,0.22562413845312423,11.664375861546876,clk_nand,VALIDATED
1397,g_chan[1].u_cdc_chr.mem[8][17]$_DFFE_PP_,11.89,8.32,0.22562413845312423,11.664375861546876,clk_nand,VALIDATED
1361,g_chan[1].u_cdc_chr.mem[3][17]$_DFFE_PP_,11.89,8.32,0.22262522039195576,11.667374779608044,clk_nand,VALIDATED
1364,g_chan[1].u_cdc_chr.mem[11][17]$_DFFE_PP_,11.89,8.32,0.22262522039195576,11.667374779608044,clk_nand,VALIDATED
1493,g_chan[1].u_cdc_chr.mem[10][31]$_DFFE_PP_,11.9,8.31,0.23211526323788756,11.667884736762113,clk_nand,VALIDATED
1491,g_chan[1].u_cdc_chr.mem[11][31]$_DFFE_PP_,11.9,8.31,0.23211526323788756,11.667884736762113,clk_nand,VALIDATED
1370,g_chan[1].u_cdc_chr.mem[6][17]$_DFFE_PP_,11.89,8.32,0.22157665298198137,11.668423347018019,clk_nand,VALIDATED
1375,g_chan[1].u_cdc_chr.mem[7][17]$_DFFE_PP_,11.89,8.32,0.22157665298198137,11.668423347018019,clk_nand,VALIDATED
1360,g_chan[1].u_cdc_chr.mem[5][17]$_DFFE_PP_,11.89,8.32,0.22157665298198137,11.668423347018019,clk_nand,VALIDATED
1368,g_chan[1].u_cdc_chr.mem[13][17]$_DFFE_PP_,11.89,8.32,0.22157665298198137,11.668423347018019,clk_nand,VALIDATED
1363,g_chan[1].u_cdc_chr.mem[14][17]$_DFFE_PP_,11.89,8.32,0.22157665298198137,11.668423347018019,clk_nand,VALIDATED
1359,g_chan[1].u_cdc_chr.mem[2][17]$_DFFE_PP_,11.89,8.32,0.22157665298198137,11.668423347018019,clk_nand,VALIDATED
1371,g_chan[1].u_cdc_chr.mem[12][17]$_DFFE_PP_,11.89,8.32,0.22157665298198137,11.668423347018019,clk_nand,VALIDATED
1404,g_chan[1].u_cdc_chr.mem[15][12]$_DFFE_PP_,11.89,8.32,0.22154242743777974,11.668457572562222,clk_nand,VALIDATED
1388,g_chan[1].u_cdc_chr.mem[13][12]$_DFFE_PP_,11.89,8.32,0.22154242743777974,11.668457572562222,clk_nand,VALIDATED
1393,g_chan[1].u_cdc_chr.mem[14][12]$_DFFE_PP_,11.89,8.32,0.22154242743777974,11.668457572562222,clk_nand,VALIDATED
1362,g_chan[1].u_cdc_chr.mem[4][17]$_DFFE_PP_,11.89,8.32,0.2212806706825824,11.668719329317419,clk_nand,VALIDATED
1350,g_chan[1].u_cdc_chr.mem[4][12]$_DFFE_PP_,11.88,8.32,0.2111950433644012,11.668804956635599,clk_nand,VALIDATED
1351,g_chan[1].u_cdc_chr.mem[11][16]$_DFFE_PP_,11.88,8.31,0.21090970610841353,11.669090293891587,clk_nand,VALIDATED
1505,g_chan[1].u_cdc_chr.mem[6][31]$_DFFE_PP_,11.9,8.31,0.23052480215362325,11.669475197846378,clk_nand,VALIDATED
1341,g_chan[1].u_cdc_chr.mem[0][8]$_DFFE_PP_,11.88,8.31,0.21026298941134636,11.669737010588655,clk_nand,VALIDATED
1334,g_chan[1].u_cdc_chr.mem[11][8]$_DFFE_PP_,11.88,8.31,0.21026298941134636,11.669737010588655,clk_nand,VALIDATED
1345,g_chan[1].u_cdc_chr.mem[3][8]$_DFFE_PP_,11.88,8.31,0.21026298941134636,11.669737010588655,clk_nand,VALIDATED
1342,g_chan[1].u_cdc_chr.mem[2][8]$_DFFE_PP_,11.88,8.31,0.21026298941134636,11.669737010588655,clk_nand,VALIDATED
1344,g_chan[1].u_cdc_chr.mem[10][8]$_DFFE_PP_,11.88,8.31,0.21026298941134636,11.669737010588655,clk_nand,VALIDATED
1347,g_chan[1].u_cdc_chr.mem[9][8]$_DFFE_PP_,11.88,8.31,0.21026298941134636,11.669737010588655,clk_nand,VALIDATED
1348,g_chan[1].u_cdc_chr.mem[1][8]$_DFFE_PP_,11.88,8.31,0.21026298941134636,11.669737010588655,clk_nand,VALIDATED
1353,g_chan[1].u_cdc_chr.mem[10][16]$_DFFE_PP_,11.88,8.31,0.21011921172672177,11.669880788273279,clk_nand,VALIDATED
1349,g_chan[1].u_cdc_chr.mem[9][16]$_DFFE_PP_,11.88,8.31,0.21011921172672177,11.669880788273279,clk_nand,VALIDATED
1398,g_chan[1].u_cdc_chr.mem[10][12]$_DFFE_PP_,11.89,8.32,0.22003211039045656,11.669967889609545,clk_nand,VALIDATED
1403,g_chan[1].u_cdc_chr.mem[2][12]$_DFFE_PP_,11.89,8.32,0.22003211039045656,11.669967889609545,clk_nand,VALIDATED
1400,g_chan[1].u_cdc_chr.mem[0][12]$_DFFE_PP_,11.89,8.32,0.22003211039045656,11.669967889609545,clk_nand,VALIDATED
1407,g_chan[1].u_cdc_chr.mem[9][12]$_DFFE_PP_,11.89,8.32,0.22003211039045656,11.669967889609545,clk_nand,VALIDATED
1405,g_chan[1].u_cdc_chr.mem[3][12]$_DFFE_PP_,11.89,8.32,0.22003211039045656,11.669967889609545,clk_nand,VALIDATED
1411,g_chan[1].u_cdc_chr.mem[7][12]$_DFFE_PP_,11.89,8.32,0.22003211039045656,11.669967889609545,clk_nand,VALIDATED
1399,g_chan[1].u_cdc_chr.mem[1][12]$_DFFE_PP_,11.89,8.32,0.22003211039045656,11.669967889609545,clk_nand,VALIDATED
1318,g_chan[1].u_cdc_chr.mem[11][12]$_DFFE_PP_,11.88,8.32,0.20989833992427154,11.67010166007573,clk_nand,VALIDATED
1319,g_chan[1].u_cdc_chr.mem[8][12]$_DFFE_PP_,11.88,8.32,0.20989833992427154,11.67010166007573,clk_nand,VALIDATED
1553,g_chan[1].u_cdc_chr.mem[9][15]$_DFFE_PP_,11.91,8.3,0.23918696043142784,11.670813039568571,clk_nand,VALIDATED
1544,g_chan[1].u_cdc_chr.mem[8][15]$_DFFE_PP_,11.91,8.3,0.23918696043142784,11.670813039568571,clk_nand,VALIDATED
1352,g_chan[1].u_cdc_chr.mem[8][16]$_DFFE_PP_,11.88,8.31,0.20910566523340823,11.670894334766592,clk_nand,VALIDATED
1510,g_chan[1].u_cdc_chr.mem[5][31]$_DFFE_PP_,11.9,8.31,0.22893434106935895,11.671065658930642,clk_nand,VALIDATED
1502,g_chan[1].u_cdc_chr.mem[7][31]$_DFFE_PP_,11.9,8.31,0.22893434106935895,11.671065658930642,clk_nand,VALIDATED
1477,g_chan[1].u_cdc_chr.mem[3][31]$_DFFE_PP_,11.9,8.31,0.22893244361709164,11.671067556382908,clk_nand,VALIDATED
1472,g_chan[1].u_cdc_chr.mem[2][31]$_DFFE_PP_,11.9,8.31,0.22893244361709164,11.671067556382908,clk_nand,VALIDATED
1471,g_chan[1].u_cdc_chr.mem[8][31]$_DFFE_PP_,11.9,8.31,0.22851559890161388,11.671484401098386,clk_nand,VALIDATED
1458,g_chan[1].u_cdc_chr.mem[9][31]$_DFFE_PP_,11.9,8.31,0.22851559890161388,11.671484401098386,clk_nand,VALIDATED
1577,g_chan[1].u_cdc_chr.mem[10][15]$_DFFE_PP_,11.91,8.3,0.23820835276040664,11.671791647239594,clk_nand,VALIDATED
1578,g_chan[1].u_cdc_chr.mem[14][15]$_DFFE_PP_,11.91,8.3,0.23820835276040664,11.671791647239594,clk_nand,VALIDATED
1572,g_chan[1].u_cdc_chr.mem[11][15]$_DFFE_PP_,11.91,8.3,0.23820835276040664,11.671791647239594,clk_nand,VALIDATED
1580,g_chan[1].u_cdc_chr.mem[7][15]$_DFFE_PP_,11.91,8.3,0.23820835276040664,11.671791647239594,clk_nand,VALIDATED
1569,g_chan[1].u_cdc_chr.mem[1][15]$_DFFE_PP_,11.91,8.3,0.23763411625884356,11.672365883741156,clk_nand,VALIDATED
1467,g_chan[1].u_cdc_chr.mem[14][31]$_DFFE_PP_,11.9,8.31,0.2275992265949549,11.672400773405045,clk_nand,VALIDATED
1468,g_chan[1].u_cdc_chr.mem[0][31]$_DFFE_PP_,11.9,8.31,0.2275992265949549,11.672400773405045,clk_nand,VALIDATED
1469,g_chan[1].u_cdc_chr.mem[15][31]$_DFFE_PP_,11.9,8.31,0.2275992265949549,11.672400773405045,clk_nand,VALIDATED
1465,g_chan[1].u_cdc_chr.mem[1][31]$_DFFE_PP_,11.9,8.31,0.2275992265949549,11.672400773405045,clk_nand,VALIDATED
1579,g_chan[1].u_cdc_chr.mem[15][15]$_DFFE_PP_,11.91,8.3,0.23663145144199926,11.673368548558,clk_nand,VALIDATED
1418,g_chan[1].u_cdc_chr.mem[13][31]$_DFFE_PP_,11.9,8.31,0.2250604815538939,11.674939518446106,clk_nand,VALIDATED
1431,g_chan[1].u_cdc_chr.mem[4][31]$_DFFE_PP_,11.9,8.31,0.22438639277628858,11.675613607223712,clk_nand,VALIDATED
1449,g_chan[1].u_cdc_chr.mem[0][29]$_DFFE_PP_,11.9,8.31,0.2242672251110306,11.675732774888969,clk_nand,VALIDATED
1581,g_chan[1].u_cdc_chr.mem[0][15]$_DFFE_PP_,11.91,8.3,0.23370950592451367,11.676290494075486,clk_nand,VALIDATED
1447,g_chan[1].u_cdc_chr.mem[12][31]$_DFFE_PP_,11.9,8.31,0.22356920624236354,11.676430793757637,clk_nand,VALIDATED
1415,g_chan[1].u_cdc_chr.mem[9][29]$_DFFE_PP_,11.89,8.31,0.2135653126022986,11.676434687397702,clk_nand,VALIDATED
1584,g_chan[1].u_cdc_chr.mem[3][15]$_DFFE_PP_,11.91,8.3,0.23319614494317997,11.67680385505682,clk_nand,VALIDATED
1583,g_chan[1].u_cdc_chr.mem[13][15]$_DFFE_PP_,11.91,8.3,0.23268278396184627,11.677317216038153,clk_nand,VALIDATED
1402,g_chan[1].u_cdc_chr.mem[1][29]$_DFFE_PP_,11.89,8.31,0.21254276052869536,11.677457239471305,clk_nand,VALIDATED
1500,g_chan[1].u_cdc_chr.mem[15][23]$_DFFE_PP_,11.9,8.31,0.22235627333822272,11.677643726661778,clk_nand,VALIDATED
1501,g_chan[1].u_cdc_chr.mem[14][23]$_DFFE_PP_,11.9,8.31,0.22231697676409612,11.677683023235904,clk_nand,VALIDATED
1482,g_chan[1].u_cdc_chr.mem[13][23]$_DFFE_PP_,11.9,8.31,0.22231697676409612,11.677683023235904,clk_nand,VALIDATED
1506,g_chan[1].u_cdc_chr.mem[3][23]$_DFFE_PP_,11.9,8.31,0.22231697676409612,11.677683023235904,clk_nand,VALIDATED
1484,g_chan[1].u_cdc_chr.mem[12][23]$_DFFE_PP_,11.9,8.31,0.22231697676409612,11.677683023235904,clk_nand,VALIDATED
1503,g_chan[1].u_cdc_chr.mem[11][23]$_DFFE_PP_,11.9,8.31,0.22231697676409612,11.677683023235904,clk_nand,VALIDATED
1423,g_chan[1].u_cdc_chr.mem[12][12]$_DFFE_PP_,11.9,8.32,0.22154242743777974,11.67845757256222,clk_nand,VALIDATED
1409,g_chan[1].u_cdc_chr.mem[15][29]$_DFFE_PP_,11.89,8.31,0.21152020845509212,11.678479791544909,clk_nand,VALIDATED
1381,g_chan[1].u_cdc_chr.mem[5][8]$_DFFE_PP_,11.89,8.31,0.21145457310276372,11.678545426897237,clk_nand,VALIDATED
1498,g_chan[1].u_cdc_chr.mem[15][16]$_DFFE_PP_,11.9,8.3,0.22091729408988114,11.679082705910119,clk_nand,VALIDATED
1496,g_chan[1].u_cdc_chr.mem[13][16]$_DFFE_PP_,11.9,8.3,0.22091729408988114,11.679082705910119,clk_nand,VALIDATED
1489,g_chan[1].u_cdc_chr.mem[14][16]$_DFFE_PP_,11.9,8.3,0.22091729408988114,11.679082705910119,clk_nand,VALIDATED
1421,g_chan[1].u_cdc_chr.mem[5][12]$_DFFE_PP_,11.9,8.32,0.22078726891411815,11.679212731085883,clk_nand,VALIDATED
1390,g_chan[1].u_cdc_chr.mem[4][8]$_DFFE_PP_,11.89,8.3,0.21059306047558224,11.679406939524418,clk_nand,VALIDATED
1394,g_chan[1].u_cdc_chr.mem[1][0]$_DFFE_PP_,11.89,8.32,0.21020805370507833,11.679791946294923,clk_nand,VALIDATED
1492,g_chan[1].u_cdc_chr.mem[12][16]$_DFFE_PP_,11.9,8.3,0.22019178017287844,11.679808219827121,clk_nand,VALIDATED
1516,g_chan[1].u_cdc_chr.mem[6][23]$_DFFE_PP_,11.9,8.31,0.22008809001469676,11.679911909985304,clk_nand,VALIDATED
1511,g_chan[1].u_cdc_chr.mem[7][23]$_DFFE_PP_,11.9,8.31,0.22008809001469676,11.679911909985304,clk_nand,VALIDATED
1512,g_chan[1].u_cdc_chr.mem[2][23]$_DFFE_PP_,11.9,8.31,0.22004879344057016,11.67995120655943,clk_nand,VALIDATED
1517,g_chan[1].u_cdc_chr.mem[5][23]$_DFFE_PP_,11.9,8.31,0.22004879344057016,11.67995120655943,clk_nand,VALIDATED
1485,g_chan[1].u_cdc_chr.mem[14][8]$_DFFE_PP_,11.9,8.31,0.22003340688884632,11.679966593111153,clk_nand,VALIDATED
1513,g_chan[1].u_cdc_chr.mem[10][23]$_DFFE_PP_,11.9,8.31,0.22000949686644355,11.679990503133556,clk_nand,VALIDATED
1504,g_chan[1].u_cdc_chr.mem[1][23]$_DFFE_PP_,11.9,8.31,0.22000949686644355,11.679990503133556,clk_nand,VALIDATED
1508,g_chan[1].u_cdc_chr.mem[8][23]$_DFFE_PP_,11.9,8.31,0.22000949686644355,11.679990503133556,clk_nand,VALIDATED
1509,g_chan[1].u_cdc_chr.mem[0][23]$_DFFE_PP_,11.9,8.31,0.22000949686644355,11.679990503133556,clk_nand,VALIDATED
1515,g_chan[1].u_cdc_chr.mem[4][23]$_DFFE_PP_,11.9,8.31,0.22000949686644355,11.679990503133556,clk_nand,VALIDATED
1478,g_chan[1].u_cdc_chr.mem[0][16]$_DFFE_PP_,11.9,8.31,0.21978662624655365,11.680213373753446,clk_nand,VALIDATED
1480,g_chan[1].u_cdc_chr.mem[1][16]$_DFFE_PP_,11.9,8.31,0.21978662624655365,11.680213373753446,clk_nand,VALIDATED
1490,g_chan[1].u_cdc_chr.mem[12][8]$_DFFE_PP_,11.9,8.3,0.21976862541244568,11.680231374587555,clk_nand,VALIDATED
1483,g_chan[1].u_cdc_chr.mem[13][8]$_DFFE_PP_,11.9,8.3,0.21976862541244568,11.680231374587555,clk_nand,VALIDATED
1494,g_chan[1].u_cdc_chr.mem[15][8]$_DFFE_PP_,11.9,8.3,0.21976862541244568,11.680231374587555,clk_nand,VALIDATED
1497,g_chan[1].u_cdc_chr.mem[7][16]$_DFFE_PP_,11.9,8.3,0.21958472551573638,11.680415274484265,clk_nand,VALIDATED
1488,g_chan[1].u_cdc_chr.mem[5][16]$_DFFE_PP_,11.9,8.3,0.21958472551573638,11.680415274484265,clk_nand,VALIDATED
1514,g_chan[1].u_cdc_chr.mem[9][23]$_DFFE_PP_,11.9,8.31,0.21938736090834232,11.680612639091658,clk_nand,VALIDATED
1495,g_chan[1].u_cdc_chr.mem[7][8]$_DFFE_PP_,11.9,8.31,0.21936296166110825,11.680637038338892,clk_nand,VALIDATED
1453,g_chan[1].u_cdc_chr.mem[6][29]$_DFFE_PP_,11.9,8.31,0.21924332813368352,11.680756671866316,clk_nand,VALIDATED
1446,g_chan[1].u_cdc_chr.mem[7][29]$_DFFE_PP_,11.9,8.31,0.21924332813368352,11.680756671866316,clk_nand,VALIDATED
1378,g_chan[1].u_cdc_chr.mem[3][2]$_DFFE_PP_,11.89,8.32,0.2091662624051347,11.680833737594867,clk_nand,VALIDATED
1377,g_chan[1].u_cdc_chr.mem[0][2]$_DFFE_PP_,11.89,8.32,0.2091662624051347,11.680833737594867,clk_nand,VALIDATED
1376,g_chan[1].u_cdc_chr.mem[2][2]$_DFFE_PP_,11.89,8.32,0.2091662624051347,11.680833737594867,clk_nand,VALIDATED
1481,g_chan[1].u_cdc_chr.mem[2][16]$_DFFE_PP_,11.9,8.31,0.21911618101881558,11.680883818981185,clk_nand,VALIDATED
1479,g_chan[1].u_cdc_chr.mem[3][16]$_DFFE_PP_,11.9,8.31,0.21911618101881558,11.680883818981185,clk_nand,VALIDATED
1414,g_chan[1].u_cdc_chr.mem[6][2]$_DFFE_PP_,11.89,8.31,0.2090606310544052,11.680939368945594,clk_nand,VALIDATED
1413,g_chan[1].u_cdc_chr.mem[15][2]$_DFFE_PP_,11.89,8.32,0.20905491101494578,11.680945088985055,clk_nand,VALIDATED
1382,g_chan[1].u_cdc_chr.mem[11][0]$_DFFE_PP_,11.89,8.32,0.20902568095148966,11.680974319048511,clk_nand,VALIDATED
1499,g_chan[1].u_cdc_chr.mem[4][16]$_DFFE_PP_,11.9,8.3,0.21897767085859432,11.681022329141406,clk_nand,VALIDATED
1507,g_chan[1].u_cdc_chr.mem[6][16]$_DFFE_PP_,11.9,8.3,0.21891508708129293,11.681084912918708,clk_nand,VALIDATED
1435,g_chan[1].u_cdc_chr.mem[6][12]$_DFFE_PP_,11.9,8.32,0.2188904984557496,11.68110950154425,clk_nand,VALIDATED
1406,g_chan[1].u_cdc_chr.mem[0][0]$_DFFE_PP_,11.89,8.31,0.20877444816188317,11.681225551838118,clk_nand,VALIDATED
1585,g_chan[1].u_cdc_chr.mem[11][10]$_DFFE_PP_,11.91,8.3,0.22826111533112436,11.681738884668876,clk_nand,VALIDATED
1582,g_chan[1].u_cdc_chr.mem[10][10]$_DFFE_PP_,11.91,8.3,0.22826111533112436,11.681738884668876,clk_nand,VALIDATED
1384,g_chan[1].u_cdc_chr.mem[8][7]$_DFFE_PP_,11.89,8.3,0.2081014474899544,11.681898552510047,clk_nand,VALIDATED
1367,g_chan[1].u_cdc_chr.mem[1][2]$_DFFE_PP_,11.89,8.32,0.20798388965154602,11.682016110348455,clk_nand,VALIDATED
1372,g_chan[1].u_cdc_chr.mem[11][2]$_DFFE_PP_,11.89,8.32,0.20798388965154602,11.682016110348455,clk_nand,VALIDATED
1379,g_chan[1].u_cdc_chr.mem[5][0]$_DFFE_PP_,11.89,8.32,0.20784330819790098,11.6821566918021,clk_nand,VALIDATED
1383,g_chan[1].u_cdc_chr.mem[4][0]$_DFFE_PP_,11.89,8.32,0.20784330819790098,11.6821566918021,clk_nand,VALIDATED
1486,g_chan[1].u_cdc_chr.mem[6][8]$_DFFE_PP_,11.9,8.31,0.21767896994005664,11.682321030059944,clk_nand,VALIDATED
1523,g_chan[1].u_cdc_chr.mem[4][4]$_DFFE_PP_,11.91,8.3,0.22767563379756006,11.68232436620244,clk_nand,VALIDATED
1534,g_chan[1].u_cdc_chr.mem[7][4]$_DFFE_PP_,11.91,8.3,0.22767563379756006,11.68232436620244,clk_nand,VALIDATED
1542,g_chan[1].u_cdc_chr.mem[6][4]$_DFFE_PP_,11.91,8.3,0.22767563379756006,11.68232436620244,clk_nand,VALIDATED
1543,g_chan[1].u_cdc_chr.mem[5][4]$_DFFE_PP_,11.91,8.3,0.22767563379756006,11.68232436620244,clk_nand,VALIDATED
1386,g_chan[1].u_cdc_chr.mem[8][0]$_DFFE_PP_,11.89,8.31,0.2075934965293924,11.682406503470608,clk_nand,VALIDATED
1392,g_chan[1].u_cdc_chr.mem[10][0]$_DFFE_PP_,11.89,8.31,0.2075934965293924,11.682406503470608,clk_nand,VALIDATED
1385,g_chan[1].u_cdc_chr.mem[9][0]$_DFFE_PP_,11.89,8.31,0.2075934965293924,11.682406503470608,clk_nand,VALIDATED
1391,g_chan[1].u_cdc_chr.mem[15][0]$_DFFE_PP_,11.89,8.31,0.2075934965293924,11.682406503470608,clk_nand,VALIDATED
1395,g_chan[1].u_cdc_chr.mem[8][8]$_DFFE_PP_,11.89,8.31,0.20739514804091497,11.682604851959086,clk_nand,VALIDATED
1366,g_chan[1].u_cdc_chr.mem[4][2]$_DFFE_PP_,11.89,8.32,0.20705881411076854,11.682941185889232,clk_nand,VALIDATED
1374,g_chan[1].u_cdc_chr.mem[5][2]$_DFFE_PP_,11.89,8.32,0.20705881411076854,11.682941185889232,clk_nand,VALIDATED
1412,g_chan[1].u_cdc_chr.mem[13][0]$_DFFE_PP_,11.89,8.32,0.20692142560822635,11.683078574391775,clk_nand,VALIDATED
1387,g_chan[1].u_cdc_chr.mem[14][0]$_DFFE_PP_,11.89,8.32,0.20692142560822635,11.683078574391775,clk_nand,VALIDATED
1396,g_chan[1].u_cdc_chr.mem[12][0]$_DFFE_PP_,11.89,8.32,0.20692142560822635,11.683078574391775,clk_nand,VALIDATED
1410,g_chan[1].u_cdc_chr.mem[6][0]$_DFFE_PP_,11.89,8.32,0.20692142560822635,11.683078574391775,clk_nand,VALIDATED
1365,g_chan[1].u_cdc_chr.mem[9][2]$_DFFE_PP_,11.89,8.32,0.20680151689795734,11.683198483102043,clk_nand,VALIDATED
1373,g_chan[1].u_cdc_chr.mem[8][2]$_DFFE_PP_,11.89,8.32,0.20680151689795734,11.683198483102043,clk_nand,VALIDATED
1369,g_chan[1].u_cdc_chr.mem[10][2]$_DFFE_PP_,11.89,8.32,0.20680151689795734,11.683198483102043,clk_nand,VALIDATED
1408,g_chan[1].u_cdc_chr.mem[7][0]$_DFFE_PP_,11.89,8.31,0.20667272197167663,11.683327278028324,clk_nand,VALIDATED
1380,g_chan[1].u_cdc_chr.mem[12][2]$_DFFE_PP_,11.89,8.32,0.2061369315210939,11.683863068478907,clk_nand,VALIDATED
1537,g_chan[1].u_cdc_chr.mem[9][4]$_DFFE_PP_,11.91,8.3,0.22597450771441296,11.684025492285587,clk_nand,VALIDATED
1389,g_chan[1].u_cdc_chr.mem[13][2]$_DFFE_PP_,11.89,8.31,0.2058891707860917,11.684110829213909,clk_nand,VALIDATED
1586,g_chan[1].u_cdc_chr.mem[2][10]$_DFFE_PP_,11.91,8.3,0.22547263314900445,11.684527366850995,clk_nand,VALIDATED
1545,g_chan[1].u_cdc_chr.mem[3][4]$_DFFE_PP_,11.91,8.3,0.22427338163126587,11.685726618368735,clk_nand,VALIDATED
1541,g_chan[1].u_cdc_chr.mem[2][4]$_DFFE_PP_,11.91,8.3,0.22427338163126587,11.685726618368735,clk_nand,VALIDATED
1538,g_chan[1].u_cdc_chr.mem[11][4]$_DFFE_PP_,11.91,8.3,0.22427338163126587,11.685726618368735,clk_nand,VALIDATED
1550,g_chan[1].u_cdc_chr.mem[10][4]$_DFFE_PP_,11.91,8.3,0.22427338163126587,11.685726618368735,clk_nand,VALIDATED
1533,g_chan[1].u_cdc_chr.mem[8][4]$_DFFE_PP_,11.91,8.3,0.22427338163126587,11.685726618368735,clk_nand,VALIDATED
1564,g_chan[1].u_cdc_chr.mem[1][4]$_DFFE_PP_,11.91,8.3,0.22427338163126587,11.685726618368735,clk_nand,VALIDATED
1560,g_chan[1].u_cdc_chr.mem[0][4]$_DFFE_PP_,11.91,8.3,0.22427338163126587,11.685726618368735,clk_nand,VALIDATED
1420,g_chan[1].u_cdc_chr.mem[8][29]$_DFFE_PP_,11.9,8.31,0.2135653126022986,11.686434687397702,clk_nand,VALIDATED
1422,g_chan[1].u_cdc_chr.mem[10][29]$_DFFE_PP_,11.9,8.31,0.2135653126022986,11.686434687397702,clk_nand,VALIDATED
1419,g_chan[1].u_cdc_chr.mem[11][29]$_DFFE_PP_,11.9,8.31,0.2135653126022986,11.686434687397702,clk_nand,VALIDATED
1429,g_chan[1].u_cdc_chr.mem[2][29]$_DFFE_PP_,11.9,8.31,0.2135653126022986,11.686434687397702,clk_nand,VALIDATED
1451,g_chan[1].u_cdc_chr.mem[3][0]$_DFFE_PP_,11.9,8.32,0.21311301287484996,11.68688698712515,clk_nand,VALIDATED
1587,g_chan[1].u_cdc_chr.mem[2][15]$_DFFE_PP_,11.92,8.3,0.23268278396184627,11.687317216038153,clk_nand,VALIDATED
1599,g_chan[1].u_cdc_chr.mem[4][15]$_DFFE_PP_,11.92,8.3,0.23268278396184627,11.687317216038153,clk_nand,VALIDATED
1588,g_chan[1].u_cdc_chr.mem[12][15]$_DFFE_PP_,11.92,8.3,0.23268278396184627,11.687317216038153,clk_nand,VALIDATED
1595,g_chan[1].u_cdc_chr.mem[6][15]$_DFFE_PP_,11.92,8.3,0.23268278396184627,11.687317216038153,clk_nand,VALIDATED
1558,g_chan[1].u_cdc_chr.mem[2][27]$_DFFE_PP_,11.91,8.3,0.2226006589899,11.6873993410101,clk_nand,VALIDATED
1552,g_chan[1].u_cdc_chr.mem[1][27]$_DFFE_PP_,11.91,8.3,0.2226006589899,11.6873993410101,clk_nand,VALIDATED
1555,g_chan[1].u_cdc_chr.mem[3][27]$_DFFE_PP_,11.91,8.3,0.2226006589899,11.6873993410101,clk_nand,VALIDATED
1428,g_chan[1].u_cdc_chr.mem[3][29]$_DFFE_PP_,11.9,8.31,0.21254276052869536,11.687457239471305,clk_nand,VALIDATED
1457,g_chan[1].u_cdc_chr.mem[11][5]$_DFFE_PP_,11.9,8.31,0.2117397519315498,11.68826024806845,clk_nand,VALIDATED
1445,g_chan[1].u_cdc_chr.mem[2][0]$_DFFE_PP_,11.9,8.32,0.2117335062012753,11.688266493798725,clk_nand,VALIDATED
1444,g_chan[1].u_cdc_chr.mem[5][29]$_DFFE_PP_,11.9,8.31,0.21152020845509212,11.688479791544909,clk_nand,VALIDATED
1425,g_chan[1].u_cdc_chr.mem[12][29]$_DFFE_PP_,11.9,8.31,0.21152020845509212,11.688479791544909,clk_nand,VALIDATED
1440,g_chan[1].u_cdc_chr.mem[13][29]$_DFFE_PP_,11.9,8.31,0.21152020845509212,11.688479791544909,clk_nand,VALIDATED
1437,g_chan[1].u_cdc_chr.mem[14][29]$_DFFE_PP_,11.9,8.31,0.21152020845509212,11.688479791544909,clk_nand,VALIDATED
1535,g_chan[1].u_cdc_chr.mem[15][27]$_DFFE_PP_,11.91,8.3,0.22141008166485476,11.688589918335145,clk_nand,VALIDATED
1526,g_chan[1].u_cdc_chr.mem[11][27]$_DFFE_PP_,11.91,8.3,0.22141008166485476,11.688589918335145,clk_nand,VALIDATED
1442,g_chan[1].u_cdc_chr.mem[3][5]$_DFFE_PP_,11.9,8.31,0.2108638378220693,11.689136162177931,clk_nand,VALIDATED
1448,g_chan[1].u_cdc_chr.mem[1][5]$_DFFE_PP_,11.9,8.31,0.2108638378220693,11.689136162177931,clk_nand,VALIDATED
1455,g_chan[1].u_cdc_chr.mem[15][5]$_DFFE_PP_,11.9,8.31,0.2108638378220693,11.689136162177931,clk_nand,VALIDATED
1459,g_chan[1].u_cdc_chr.mem[12][5]$_DFFE_PP_,11.9,8.31,0.2108638378220693,11.689136162177931,clk_nand,VALIDATED
1436,g_chan[1].u_cdc_chr.mem[9][5]$_DFFE_PP_,11.9,8.31,0.2108638378220693,11.689136162177931,clk_nand,VALIDATED
1439,g_chan[1].u_cdc_chr.mem[0][5]$_DFFE_PP_,11.9,8.31,0.2108638378220693,11.689136162177931,clk_nand,VALIDATED
1461,g_chan[1].u_cdc_chr.mem[13][5]$_DFFE_PP_,11.9,8.31,0.2108638378220693,11.689136162177931,clk_nand,VALIDATED
1452,g_chan[1].u_cdc_chr.mem[2][5]$_DFFE_PP_,11.9,8.31,0.2108638378220693,11.689136162177931,clk_nand,VALIDATED
1473,g_chan[1].u_cdc_chr.mem[12][26]$_DFFE_PP_,11.9,8.31,0.21079749416470417,11.689202505835297,clk_nand,VALIDATED
1443,g_chan[1].u_cdc_chr.mem[8][5]$_DFFE_PP_,11.9,8.31,0.21071719985794657,11.689282800142054,clk_nand,VALIDATED
1441,g_chan[1].u_cdc_chr.mem[6][5]$_DFFE_PP_,11.9,8.31,0.21057056189382384,11.689429438106176,clk_nand,VALIDATED
1450,g_chan[1].u_cdc_chr.mem[10][5]$_DFFE_PP_,11.9,8.31,0.21057056189382384,11.689429438106176,clk_nand,VALIDATED
1454,g_chan[1].u_cdc_chr.mem[5][5]$_DFFE_PP_,11.9,8.31,0.21057056189382384,11.689429438106176,clk_nand,VALIDATED
1456,g_chan[1].u_cdc_chr.mem[4][5]$_DFFE_PP_,11.9,8.31,0.21057056189382384,11.689429438106176,clk_nand,VALIDATED
1462,g_chan[1].u_cdc_chr.mem[14][5]$_DFFE_PP_,11.9,8.31,0.21057056189382384,11.689429438106176,clk_nand,VALIDATED
1464,g_chan[1].u_cdc_chr.mem[7][26]$_DFFE_PP_,11.9,8.31,0.21039404088334268,11.689605959116658,clk_nand,VALIDATED
1433,g_chan[1].u_cdc_chr.mem[4][29]$_DFFE_PP_,11.9,8.31,0.21035951624332916,11.689640483756671,clk_nand,VALIDATED
1460,g_chan[1].u_cdc_chr.mem[4][26]$_DFFE_PP_,11.9,8.31,0.21024740291921995,11.68975259708078,clk_nand,VALIDATED
1474,g_chan[1].u_cdc_chr.mem[5][26]$_DFFE_PP_,11.9,8.31,0.21024740291921995,11.68975259708078,clk_nand,VALIDATED
1463,g_chan[1].u_cdc_chr.mem[3][26]$_DFFE_PP_,11.9,8.31,0.21024740291921995,11.68975259708078,clk_nand,VALIDATED
1476,g_chan[1].u_cdc_chr.mem[14][26]$_DFFE_PP_,11.9,8.31,0.2096368019529412,11.69036319804706,clk_nand,VALIDATED
1487,g_chan[1].u_cdc_chr.mem[13][26]$_DFFE_PP_,11.9,8.31,0.2096368019529412,11.69036319804706,clk_nand,VALIDATED
1519,g_chan[1].u_cdc_chr.mem[9][27]$_DFFE_PP_,11.91,8.31,0.2193693609017382,11.690630639098263,clk_nand,VALIDATED
1566,g_chan[1].u_cdc_chr.mem[15][7]$_DFFE_PP_,11.91,8.3,0.21931837959653067,11.690681620403469,clk_nand,VALIDATED
1470,g_chan[1].u_cdc_chr.mem[6][26]$_DFFE_PP_,11.9,8.31,0.20923334867157972,11.69076665132842,clk_nand,VALIDATED
1475,g_chan[1].u_cdc_chr.mem[15][26]$_DFFE_PP_,11.9,8.31,0.20923334867157972,11.69076665132842,clk_nand,VALIDATED
1540,g_chan[1].u_cdc_chr.mem[4][27]$_DFFE_PP_,11.91,8.3,0.21910537851798162,11.690894621482018,clk_nand,VALIDATED
1532,g_chan[1].u_cdc_chr.mem[10][27]$_DFFE_PP_,11.91,8.3,0.21910537851798162,11.690894621482018,clk_nand,VALIDATED
1530,g_chan[1].u_cdc_chr.mem[8][27]$_DFFE_PP_,11.91,8.3,0.21910537851798162,11.690894621482018,clk_nand,VALIDATED
1536,g_chan[1].u_cdc_chr.mem[7][27]$_DFFE_PP_,11.91,8.3,0.21910537851798162,11.690894621482018,clk_nand,VALIDATED
1529,g_chan[1].u_cdc_chr.mem[5][27]$_DFFE_PP_,11.91,8.3,0.21910537851798162,11.690894621482018,clk_nand,VALIDATED
1524,g_chan[1].u_cdc_chr.mem[0][27]$_DFFE_PP_,11.91,8.3,0.21910537851798162,11.690894621482018,clk_nand,VALIDATED
1424,g_chan[1].u_cdc_chr.mem[7][2]$_DFFE_PP_,11.9,8.31,0.2090606310544052,11.690939368945596,clk_nand,VALIDATED
1417,g_chan[1].u_cdc_chr.mem[11][26]$_DFFE_PP_,11.9,8.31,0.20903204918703322,11.690967950812967,clk_nand,VALIDATED
1466,g_chan[1].u_cdc_chr.mem[2][26]$_DFFE_PP_,11.9,8.31,0.20882989539021823,11.691170104609782,clk_nand,VALIDATED
1426,g_chan[1].u_cdc_chr.mem[14][2]$_DFFE_PP_,11.9,8.31,0.20880364309305155,11.691196356906948,clk_nand,VALIDATED
1432,g_chan[1].u_cdc_chr.mem[7][5]$_DFFE_PP_,11.9,8.31,0.20879838611671786,11.691201613883283,clk_nand,VALIDATED
1548,g_chan[1].u_cdc_chr.mem[7][7]$_DFFE_PP_,11.91,8.3,0.21852456028052258,11.691475439719477,clk_nand,VALIDATED
1556,g_chan[1].u_cdc_chr.mem[14][7]$_DFFE_PP_,11.91,8.3,0.21852456028052258,11.691475439719477,clk_nand,VALIDATED
1593,g_chan[1].u_cdc_chr.mem[5][10]$_DFFE_PP_,11.92,8.3,0.22836776004873993,11.69163223995126,clk_nand,VALIDATED
1430,g_chan[1].u_cdc_chr.mem[10][26]$_DFFE_PP_,11.9,8.31,0.2078368541160912,11.692163145883908,clk_nand,VALIDATED
1568,g_chan[1].u_cdc_chr.mem[10][7]$_DFFE_PP_,11.91,8.3,0.2177307409645145,11.692269259035486,clk_nand,VALIDATED
1567,g_chan[1].u_cdc_chr.mem[11][7]$_DFFE_PP_,11.91,8.3,0.2177307409645145,11.692269259035486,clk_nand,VALIDATED
1576,g_chan[1].u_cdc_chr.mem[9][7]$_DFFE_PP_,11.91,8.3,0.2177307409645145,11.692269259035486,clk_nand,VALIDATED
1561,g_chan[1].u_cdc_chr.mem[6][7]$_DFFE_PP_,11.91,8.3,0.2177307409645145,11.692269259035486,clk_nand,VALIDATED
1546,g_chan[1].u_cdc_chr.mem[6][27]$_DFFE_PP_,11.91,8.3,0.21766262493326205,11.692337375066739,clk_nand,VALIDATED
1527,g_chan[1].u_cdc_chr.mem[13][27]$_DFFE_PP_,11.91,8.3,0.21766262493326205,11.692337375066739,clk_nand,VALIDATED
1525,g_chan[1].u_cdc_chr.mem[12][27]$_DFFE_PP_,11.91,8.3,0.21766262493326205,11.692337375066739,clk_nand,VALIDATED
1531,g_chan[1].u_cdc_chr.mem[14][27]$_DFFE_PP_,11.91,8.3,0.21766262493326205,11.692337375066739,clk_nand,VALIDATED
1596,g_chan[1].u_cdc_chr.mem[9][10]$_DFFE_PP_,11.92,8.3,0.2275728952054017,11.692427104794598,clk_nand,VALIDATED
1522,g_chan[1].u_cdc_chr.mem[14][4]$_DFFE_PP_,11.91,8.3,0.21715827549821243,11.692841724501788,clk_nand,VALIDATED
1518,g_chan[1].u_cdc_chr.mem[15][4]$_DFFE_PP_,11.91,8.3,0.21715827549821243,11.692841724501788,clk_nand,VALIDATED
1521,g_chan[1].u_cdc_chr.mem[13][4]$_DFFE_PP_,11.91,8.3,0.21715827549821243,11.692841724501788,clk_nand,VALIDATED
1438,g_chan[1].u_cdc_chr.mem[9][26]$_DFFE_PP_,11.9,8.31,0.20705771961311226,11.692942280386887,clk_nand,VALIDATED
1427,g_chan[1].u_cdc_chr.mem[8][26]$_DFFE_PP_,11.9,8.31,0.20705771961311226,11.692942280386887,clk_nand,VALIDATED
1416,g_chan[1].u_cdc_chr.mem[0][26]$_DFFE_PP_,11.9,8.31,0.20705771961311226,11.692942280386887,clk_nand,VALIDATED
1434,g_chan[1].u_cdc_chr.mem[1][26]$_DFFE_PP_,11.9,8.31,0.20705771961311226,11.692942280386887,clk_nand,VALIDATED
1592,g_chan[1].u_cdc_chr.mem[15][10]$_DFFE_PP_,11.92,8.3,0.22688467507967902,11.69311532492032,clk_nand,VALIDATED
1597,g_chan[1].u_cdc_chr.mem[7][10]$_DFFE_PP_,11.92,8.3,0.22688467507967902,11.69311532492032,clk_nand,VALIDATED
1594,g_chan[1].u_cdc_chr.mem[4][10]$_DFFE_PP_,11.92,8.3,0.22688467507967902,11.69311532492032,clk_nand,VALIDATED
1591,g_chan[1].u_cdc_chr.mem[12][10]$_DFFE_PP_,11.92,8.3,0.22688467507967902,11.69311532492032,clk_nand,VALIDATED
1598,g_chan[1].u_cdc_chr.mem[13][10]$_DFFE_PP_,11.92,8.3,0.22688467507967902,11.69311532492032,clk_nand,VALIDATED
1600,g_chan[1].u_cdc_chr.mem[8][10]$_DFFE_PP_,11.92,8.3,0.22651867996424335,11.693481320035756,clk_nand,VALIDATED
1590,g_chan[1].u_cdc_chr.mem[1][10]$_DFFE_PP_,11.92,8.3,0.22547263314900445,11.694527366850995,clk_nand,VALIDATED
1589,g_chan[1].u_cdc_chr.mem[0][10]$_DFFE_PP_,11.92,8.3,0.22547263314900445,11.694527366850995,clk_nand,VALIDATED
1520,g_chan[1].u_cdc_chr.mem[12][4]$_DFFE_PP_,11.91,8.3,0.2153713114875745,11.694628688512426,clk_nand,VALIDATED
1547,g_chan[1].u_cdc_chr.mem[13][7]$_DFFE_PP_,11.91,8.3,0.2116045536840987,11.698395446315901,clk_nand,VALIDATED
1528,g_chan[1].u_cdc_chr.mem[12][7]$_DFFE_PP_,11.91,8.3,0.21034598476722377,11.699654015232776,clk_nand,VALIDATED
1559,g_chan[1].u_cdc_chr.mem[5][7]$_DFFE_PP_,11.91,8.3,0.2095521654512157,11.700447834548784,clk_nand,VALIDATED
1565,g_chan[1].u_cdc_chr.mem[1][7]$_DFFE_PP_,11.91,8.3,0.20928596274363365,11.700714037256366,clk_nand,VALIDATED
1554,g_chan[1].u_cdc_chr.mem[3][7]$_DFFE_PP_,11.91,8.3,0.20928596274363365,11.700714037256366,clk_nand,VALIDATED
1562,g_chan[1].u_cdc_chr.mem[2][7]$_DFFE_PP_,11.91,8.3,0.20928596274363365,11.700714037256366,clk_nand,VALIDATED
1539,g_chan[1].u_cdc_chr.mem[0][7]$_DFFE_PP_,11.91,8.3,0.20928596274363365,11.700714037256366,clk_nand,VALIDATED
1549,g_chan[1].u_cdc_chr.mem[4][7]$_DFFE_PP_,11.91,8.3,0.20928596274363365,11.700714037256366,clk_nand,VALIDATED
1575,g_chan[1].u_cdc_chr.mem[10][28]$_DFFE_PP_,11.91,8.28,0.20862611139630183,11.701373888603698,clk_nand,VALIDATED
1571,g_chan[1].u_cdc_chr.mem[9][28]$_DFFE_PP_,11.91,8.28,0.20862611139630183,11.701373888603698,clk_nand,VALIDATED
1551,g_chan[1].u_cdc_chr.mem[11][28]$_DFFE_PP_,11.91,8.28,0.20862611139630183,11.701373888603698,clk_nand,VALIDATED
1573,g_chan[1].u_cdc_chr.mem[8][28]$_DFFE_PP_,11.91,8.28,0.20862611139630183,11.701373888603698,clk_nand,VALIDATED
1570,g_chan[1].u_cdc_chr.mem[7][28]$_DFFE_PP_,11.91,8.28,0.20742627244013478,11.702573727559866,clk_nand,VALIDATED
1574,g_chan[1].u_cdc_chr.mem[6][28]$_DFFE_PP_,11.91,8.28,0.20742627244013478,11.702573727559866,clk_nand,VALIDATED
1557,g_chan[1].u_cdc_chr.mem[1][28]$_DFFE_PP_,11.91,8.28,0.20742627244013478,11.702573727559866,clk_nand,VALIDATED
1563,g_chan[1].u_cdc_chr.mem[0][28]$_DFFE_PP_,11.91,8.28,0.20742627244013478,11.702573727559866,clk_nand,VALIDATED
