path_id,endpoint,slack_ns,delay_ns,droop_penalty_ns,effective_slack_ns,clock_domain,provenance
400,_44521_,2.16,2.89,9.101243947436265,-6.941243947436265,clk_core,VALIDATED
404,c_cmd_addr[30]$_DFFE_PN0N_,3.94,1.34,4.2199539410258105,-0.2799539410258105,clk_core,VALIDATED
402,c_cmd_addr[27]$_DFFE_PN0N_,3.94,1.34,4.2199539410258105,-0.2799539410258105,clk_core,VALIDATED
403,c_cmd_addr[28]$_DFFE_PN0N_,3.94,1.34,4.2199539410258105,-0.2799539410258105,clk_core,VALIDATED
405,c_cmd_len[9]$_DFFE_PN0N_,3.94,1.34,4.2199539410258105,-0.2799539410258105,clk_core,VALIDATED
408,c_cmd_len[22]$_DFFE_PN0N_,3.99,1.28,4.031000779487341,-0.04100077948734082,clk_core,VALIDATED
406,c_cmd_len[16]$_DFFE_PN0N_,3.99,1.28,4.031000779487341,-0.04100077948734082,clk_core,VALIDATED
407,c_cmd_len[18]$_DFFE_PN0N_,3.99,1.28,4.031000779487341,-0.04100077948734082,clk_core,VALIDATED
409,c_cmd_len[23]$_DFFE_PN0N_,3.99,1.28,4.031000779487341,-0.04100077948734082,clk_core,VALIDATED
410,c_cmd_len[10]$_DFFE_PN0N_,4.0,1.27,3.9995085858975927,0.0004914141024072727,clk_core,VALIDATED
411,c_cmd_len[4]$_DFFE_PN0N_,4.0,1.27,3.9995085858975927,0.0004914141024072727,clk_core,VALIDATED
412,c_cmd_len[7]$_DFFE_PN0N_,4.01,1.27,3.9995085858975927,0.01049141410240706,clk_core,VALIDATED
413,c_cmd_len[5]$_DFFE_PN0N_,4.01,1.27,3.9995085858975927,0.01049141410240706,clk_core,VALIDATED
546,c_cmd_len[17]$_DFFE_PN0N_,4.09,1.18,3.716078843589891,0.37392115641010903,clk_core,VALIDATED
401,g_clkgate.u_cg_core.en_latched$_DLATCH_N_,2.23,0.58,1.8265472282052013,0.40345277179479866,clk_core,VALIDATED
511,c_cmd_addr[23]$_DFFE_PN0N_,4.03,1.25,3.5803166886262052,0.449683311373795,clk_core,VALIDATED
483,c_cmd_addr[26]$_DFFE_PN0N_,4.03,1.25,3.402265230089422,0.6277347699105782,clk_core,VALIDATED
510,c_cmd_len[13]$_DFFE_PN0N_,4.03,1.24,3.375025059958288,0.6549749400417122,clk_core,VALIDATED
763,c_cmd_addr[12]$_DFFE_PN0N_,4.18,1.1,3.464141294871932,0.7158587051280678,clk_core,VALIDATED
752,c_cmd_addr[25]$_DFFE_PN0N_,4.18,1.1,3.464141294871932,0.7158587051280678,clk_core,VALIDATED
415,c_cmd_len[11]$_DFFE_PN0N_,4.01,1.27,3.2756577083912934,0.7343422916087063,clk_core,VALIDATED
549,c_cmd_len[19]$_DFFE_PN0N_,4.09,1.18,3.1878038015399066,0.9021961984600932,clk_core,VALIDATED
517,c_cmd_addr[11]$_DFFE_PN0N_,4.05,1.23,3.1390954048046606,0.9109045951953392,clk_core,VALIDATED
520,c_cmd_addr[9]$_DFFE_PN0N_,4.05,1.23,3.1390476014220416,0.9109523985779582,clk_core,VALIDATED
513,c_cmd_len[14]$_DFFE_PN0N_,4.04,1.24,3.0218361303985013,1.0181638696014987,clk_core,VALIDATED
547,c_cmd_len[24]$_DFFE_PN0N_,4.09,1.18,3.011678152669331,1.078321847330669,clk_core,VALIDATED
548,c_cmd_len[15]$_DFFE_PN0N_,4.09,1.18,3.0116310763182286,1.0783689236817713,clk_core,VALIDATED
551,c_cmd_len[8]$_DFFE_PN0N_,4.09,1.18,3.011498086932091,1.078501913067909,clk_core,VALIDATED
516,c_cmd_addr[10]$_DFFE_PN0N_,4.05,1.23,2.9554734627223347,1.0945265372776651,clk_core,VALIDATED
508,c_cmd_addr[20]$_DFFE_PN0N_,4.03,1.25,2.8679833037622786,1.1620166962377216,clk_core,VALIDATED
509,c_cmd_len[26]$_DFFE_PN0N_,4.03,1.25,2.867976467154044,1.1620235328459563,clk_core,VALIDATED
749,c_cmd_len[6]$_DFFE_PN0N_,4.18,1.1,2.9469161399401806,1.233083860059819,clk_core,VALIDATED
414,c_cmd_addr[29]$_DFFE_PN0N_,4.01,1.27,2.732898533074012,1.2771014669259877,clk_core,VALIDATED
518,c_cmd_addr[6]$_DFFE_PN0N_,4.05,1.23,2.7717081104921513,1.2782918895078486,clk_core,VALIDATED
705,c_cmd_len[25]$_DFFE_PN0N_,4.13,1.15,2.7634819558273187,1.3665180441726812,clk_core,VALIDATED
704,c_cmd_len[12]$_DFFE_PN0N_,4.13,1.15,2.763478352907806,1.3665216470921937,clk_core,VALIDATED
512,c_cmd_len[20]$_DFFE_PN0N_,4.04,1.24,2.6685773427611004,1.3714226572388997,clk_core,VALIDATED
514,c_cmd_len[21]$_DFFE_PN0N_,4.04,1.24,2.6685399400415704,1.3714600599584297,clk_core,VALIDATED
515,c_cmd_len[31]$_DFFE_PN0N_,4.04,1.24,2.668465657842495,1.371534342157505,clk_core,VALIDATED
531,c_cmd_addr[5]$_DFFE_PN0N_,4.08,1.19,2.6817890840049277,1.3982109159950724,clk_core,VALIDATED
529,c_cmd_addr[3]$_DFFE_PN0N_,4.08,1.19,2.681772217723587,1.3982277822764129,clk_core,VALIDATED
753,c_cmd_len[3]$_DFFE_PN0N_,4.18,1.1,2.774488097426677,1.405511902573323,clk_core,VALIDATED
750,c_cmd_addr[0]$_DFFE_PN0N_,4.18,1.1,2.7744542538096204,1.4055457461903793,clk_core,VALIDATED
550,c_cmd_len[2]$_DFFE_PN0N_,4.09,1.18,2.6592044218376043,1.4307955781623956,clk_core,VALIDATED
751,c_cmd_addr[24]$_DFFE_PN0N_,4.18,1.1,2.7382790786504394,1.4417209213495603,clk_core,VALIDATED
521,c_cmd_addr[2]$_DFFE_PN0N_,4.05,1.23,2.588047803726483,1.4619521962735167,clk_core,VALIDATED
522,c_cmd_addr[8]$_DFFE_PN0N_,4.05,1.23,2.588047803726483,1.4619521962735167,clk_core,VALIDATED
519,c_cmd_addr[7]$_DFFE_PN0N_,4.05,1.23,2.588038365027206,1.461961634972794,clk_core,VALIDATED
523,c_cmd_opcode[6]$_DFFE_PN0N_,4.05,1.23,2.588030552247063,1.4619694477529368,clk_core,VALIDATED
419,c_cmd_len[28]$_DFFE_PN0N_,4.01,1.26,2.5318989042993496,1.4781010957006502,clk_core,VALIDATED
416,c_cmd_addr[31]$_DFFE_PN0N_,4.01,1.26,2.5318778619766253,1.4781221380233744,clk_core,VALIDATED
417,c_cmd_addr[21]$_DFFE_PN0N_,4.01,1.26,2.531850268811637,1.478149731188363,clk_core,VALIDATED
800,c_cmd_opcode[4]$_DFFE_PN0N_,4.2,1.07,2.6987695693668132,1.501230430633187,clk_core,VALIDATED
730,c_cmd_opcode[5]$_DFFE_PN0N_,4.16,1.12,2.6493063328727837,1.5106936671272164,clk_core,VALIDATED
530,c_cmd_addr[4]$_DFFE_PN0N_,4.08,1.19,2.504245864900988,1.5757541350990119,clk_core,VALIDATED
767,c_cmd_opcode[7]$_DFFE_PN0N_,4.18,1.09,2.5332390585729097,1.64676094142709,clk_core,VALIDATED
702,c_cmd_addr[14]$_DFFE_PN0N_,4.12,1.15,2.419834093918551,1.7001659060814491,clk_core,VALIDATED
532,c_cmd_len[27]$_DFFE_PN0N_,4.08,1.19,2.326535594977086,1.753464405022914,clk_core,VALIDATED
533,c_cmd_len[29]$_DFFE_PN0N_,4.08,1.19,2.3265252700120884,1.7534747299879117,clk_core,VALIDATED
540,c_cmd_len[30]$_DFFE_PN0N_,4.08,1.19,2.3264389349820136,1.7535610650179865,clk_core,VALIDATED
703,c_cmd_addr[19]$_DFFE_PN0N_,4.12,1.15,2.3598283690742226,1.7601716309257776,clk_core,VALIDATED
799,c_cmd_opcode[3]$_DFFE_PN0N_,4.2,1.07,2.3631414655646443,1.8368585344353558,clk_core,VALIDATED
931,u_host_if.done_sticky$_DFF_PN0_,6.72,3.4,4.619574828388534,2.100425171611466,clk_host,VALIDATED
845,u_host_if.reg_addr[9]$_DFFE_PN0P_,6.55,3.56,4.346639328639307,2.2033606713606932,clk_host,VALIDATED
842,u_host_if.reg_addr[10]$_DFFE_PN0P_,6.55,3.56,4.346639328639307,2.2033606713606932,clk_host,VALIDATED
843,u_host_if.reg_addr[30]$_DFFE_PN0P_,6.55,3.56,4.346639328639307,2.2033606713606932,clk_host,VALIDATED
844,u_host_if.reg_addr[11]$_DFFE_PN0P_,6.55,3.56,4.346639328639307,2.2033606713606932,clk_host,VALIDATED
1,g_chan[0].u_cdc_chr.rbin[1]$_DFF_PN0_,4.29,0.99,1.8074484482492943,2.4825515517507055,clk_core,VALIDATED
0,g_chan[0].u_cdc_chr.rbin[0]$_DFF_PN0_,4.29,0.99,1.8074484482492943,2.4825515517507055,clk_core,VALIDATED
12,g_chan[0].u_cdc_chr.rq2_wgray[0]$_DFF_PN0_,4.29,0.99,1.8074484482492943,2.4825515517507055,clk_core,VALIDATED
11,g_chan[0].u_cdc_chr.rq1_wgray[4]$_DFF_PN0_,4.29,0.99,1.8074484482492943,2.4825515517507055,clk_core,VALIDATED
10,g_chan[0].u_cdc_chr.rq1_wgray[3]$_DFF_PN0_,4.29,0.99,1.8074484482492943,2.4825515517507055,clk_core,VALIDATED
9,g_chan[0].u_cdc_chr.rq1_wgray[2]$_DFF_PN0_,4.29,0.99,1.8074484482492943,2.4825515517507055,clk_core,VALIDATED
8,g_chan[0].u_cdc_chr.rq1_wgray[1]$_DFF_PN0_,4.29,0.99,1.8074484482492943,2.4825515517507055,clk_core,VALIDATED
7,g_chan[0].u_cdc_chr.rq1_wgray[0]$_DFF_PN0_,4.29,0.99,1.8074484482492943,2.4825515517507055,clk_core,VALIDATED
6,g_chan[0].u_cdc_chr.rgray[0]$_DFF_PN0_,4.29,0.99,1.8074484482492943,2.4825515517507055,clk_core,VALIDATED
5,u_dma_fabric.rbeat_data[15]$_DFFE_PN0P_,4.29,0.99,1.8074484482492943,2.4825515517507055,clk_core,VALIDATED
4,u_dma_fabric.rbeat_data[10]$_DFFE_PN0P_,4.29,0.99,1.8074484482492943,2.4825515517507055,clk_core,VALIDATED
3,g_chan[0].u_cdc_chr.rbin[3]$_DFF_PN0_,4.29,0.99,1.8074484482492943,2.4825515517507055,clk_core,VALIDATED
2,g_chan[0].u_cdc_chr.rbin[2]$_DFF_PN0_,4.29,0.99,1.8074484482492943,2.4825515517507055,clk_core,VALIDATED
13,g_chan[0].u_cdc_chr.rq2_wgray[1]$_DFF_PN0_,4.29,0.99,1.8074484482492943,2.4825515517507055,clk_core,VALIDATED
16,g_chan[0].u_cdc_chr.rgray[2]$_DFF_PN0_,4.29,0.99,1.8073987690612772,2.482601230938723,clk_core,VALIDATED
15,g_chan[0].u_cdc_chr.rgray[1]$_DFF_PN0_,4.29,0.99,1.8073987690612772,2.482601230938723,clk_core,VALIDATED
14,g_chan[0].u_cdc_chr.rbin[4]$_DFF_PN0_,4.29,0.99,1.8073987690612772,2.482601230938723,clk_core,VALIDATED
17,g_chan[0].u_cdc_chr.rgray[3]$_DFF_PN0_,4.29,0.99,1.8073987690612772,2.482601230938723,clk_core,VALIDATED
18,g_chan[0].u_cdc_chr.rq2_wgray[2]$_DFF_PN0_,4.29,0.99,1.8073987690612772,2.482601230938723,clk_core,VALIDATED
19,g_chan[0].u_cdc_chr.rq2_wgray[3]$_DFF_PN0_,4.29,0.99,1.8073987690612772,2.482601230938723,clk_core,VALIDATED
20,g_chan[0].u_cdc_chr.rq2_wgray[4]$_DFF_PN0_,4.29,0.99,1.8073987690612772,2.482601230938723,clk_core,VALIDATED
161,c_cmd_valid$_DFF_PN0_,4.6,0.76,1.8638606873888843,2.7361393126111153,clk_core,VALIDATED
170,u_cdc_cmd.rd_empty$_DFF_PN1_,4.6,0.76,1.8638606873888843,2.7361393126111153,clk_core,VALIDATED
21,g_chan[0].u_cdc_chr.rd_empty$_DFF_PN1_,4.41,0.87,1.650712099860916,2.759287900139084,clk_core,VALIDATED
150,u_cdc_cmd.rbin[4]$_DFF_PN0_,4.6,0.76,1.8327109211870192,2.7672890788129805,clk_core,VALIDATED
160,c_cmd_addr[25]$_DFFE_PN0N_,4.6,0.76,1.8327109211870192,2.7672890788129805,clk_core,VALIDATED
148,u_cdc_cmd.rbin[1]$_DFF_PN0_,4.6,0.76,1.8327109211870192,2.7672890788129805,clk_core,VALIDATED
149,u_cdc_cmd.rbin[3]$_DFF_PN0_,4.6,0.76,1.8327109211870192,2.7672890788129805,clk_core,VALIDATED
151,u_cdc_cmd.rgray[2]$_DFF_PN0_,4.6,0.76,1.8327109211870192,2.7672890788129805,clk_core,VALIDATED
153,u_cdc_cmd.rq1_wgray[2]$_DFF_PN0_,4.6,0.76,1.8327109211870192,2.7672890788129805,clk_core,VALIDATED
159,c_cmd_addr[24]$_DFFE_PN0N_,4.6,0.76,1.8327109211870192,2.7672890788129805,clk_core,VALIDATED
158,u_cdc_cmd.rq2_wgray[4]$_DFF_PN0_,4.6,0.76,1.8327109211870192,2.7672890788129805,clk_core,VALIDATED
157,u_cdc_cmd.rq2_wgray[3]$_DFF_PN0_,4.6,0.76,1.8327109211870192,2.7672890788129805,clk_core,VALIDATED
155,u_cdc_cmd.rq1_wgray[4]$_DFF_PN0_,4.6,0.76,1.8327109211870192,2.7672890788129805,clk_core,VALIDATED
156,u_cdc_cmd.rq2_wgray[2]$_DFF_PN0_,4.6,0.76,1.8327109211870192,2.7672890788129805,clk_core,VALIDATED
162,u_cdc_cmd.rbin[0]$_DFF_PN0_,4.6,0.76,1.8327109211870192,2.7672890788129805,clk_core,VALIDATED
163,u_cdc_cmd.rgray[0]$_DFF_PN0_,4.6,0.76,1.8327109211870192,2.7672890788129805,clk_core,VALIDATED
152,u_cdc_cmd.rgray[3]$_DFF_PN0_,4.6,0.76,1.8327109211870192,2.7672890788129805,clk_core,VALIDATED
154,u_cdc_cmd.rq1_wgray[3]$_DFF_PN0_,4.6,0.76,1.8327109211870192,2.7672890788129805,clk_core,VALIDATED
35,u_dma_fabric.rbeat_data[18]$_DFFE_PN0P_,4.42,0.87,1.6510933965046386,2.7689066034953616,clk_core,VALIDATED
40,u_dma_fabric.rbeat_data[7]$_DFFE_PN0P_,4.42,0.87,1.6510933965046386,2.7689066034953616,clk_core,VALIDATED
41,u_dma_fabric.rbeat_data[8]$_DFFE_PN0P_,4.42,0.87,1.6510933965046386,2.7689066034953616,clk_core,VALIDATED
36,u_dma_fabric.rbeat_data[24]$_DFFE_PN0P_,4.42,0.87,1.6510933965046386,2.7689066034953616,clk_core,VALIDATED
37,u_dma_fabric.rbeat_data[25]$_DFFE_PN0P_,4.42,0.87,1.6510933965046386,2.7689066034953616,clk_core,VALIDATED
38,u_dma_fabric.rbeat_data[31]$_DFFE_PN0P_,4.42,0.87,1.6510933965046386,2.7689066034953616,clk_core,VALIDATED
39,u_dma_fabric.rbeat_data[6]$_DFFE_PN0P_,4.42,0.87,1.6510933965046386,2.7689066034953616,clk_core,VALIDATED
42,u_dma_fabric.rbeat_data[22]$_DFFE_PN0P_,4.42,0.87,1.6510543957420327,2.768945604257967,clk_core,VALIDATED
28,u_dma_fabric.rbeat_data[9]$_DFFE_PN0P_,4.42,0.87,1.6510383047834496,2.76896169521655,clk_core,VALIDATED
26,u_dma_fabric.rbeat_data[17]$_DFFE_PN0P_,4.42,0.87,1.6510383047834496,2.76896169521655,clk_core,VALIDATED
25,u_dma_fabric.rbeat_data[16]$_DFFE_PN0P_,4.42,0.87,1.6510383047834496,2.76896169521655,clk_core,VALIDATED
24,u_dma_fabric.rbeat_data[14]$_DFFE_PN0P_,4.42,0.87,1.6510383047834496,2.76896169521655,clk_core,VALIDATED
22,u_dma_fabric.rbeat_data[12]$_DFFE_PN0P_,4.42,0.87,1.6510383047834496,2.76896169521655,clk_core,VALIDATED
23,u_dma_fabric.rbeat_data[13]$_DFFE_PN0P_,4.42,0.87,1.6510383047834496,2.76896169521655,clk_core,VALIDATED
27,u_dma_fabric.rbeat_data[20]$_DFFE_PN0P_,4.42,0.87,1.6510383047834496,2.76896169521655,clk_core,VALIDATED
32,u_dma_fabric.rbeat_data[27]$_DFFE_PN0P_,4.42,0.87,1.651030863143186,2.768969136856814,clk_core,VALIDATED
34,u_dma_fabric.rbeat_data[5]$_DFFE_PN0P_,4.42,0.87,1.651030863143186,2.768969136856814,clk_core,VALIDATED
33,u_dma_fabric.rbeat_data[4]$_DFFE_PN0P_,4.42,0.87,1.651030863143186,2.768969136856814,clk_core,VALIDATED
31,u_dma_fabric.rbeat_data[21]$_DFFE_PN0P_,4.42,0.87,1.6509966106353133,2.769003389364687,clk_core,VALIDATED
29,u_dma_fabric.rbeat_data[11]$_DFFE_PN0P_,4.42,0.87,1.6509966106353133,2.769003389364687,clk_core,VALIDATED
30,u_dma_fabric.rbeat_data[19]$_DFFE_PN0P_,4.42,0.87,1.6509966106353133,2.769003389364687,clk_core,VALIDATED
195,u_seq_core.ecc_en_q$_DFFE_PN0P_,4.62,0.67,1.8359673406723154,2.7840326593276847,clk_core,VALIDATED
186,u_seq_core.done$_DFFE_PN0P_,4.62,0.67,1.8359673406723154,2.7840326593276847,clk_core,VALIDATED
194,u_seq_core.ch_cmd_valid$_DFF_PN0_,4.62,0.67,1.8359673406723154,2.7840326593276847,clk_core,VALIDATED
191,u_ecc_engine.vpipe[0]$_DFF_PN0_,4.62,0.67,1.8235123574977439,2.7964876425022562,clk_core,VALIDATED
193,u_ecc_engine.vpipe[2]$_DFF_PN0_,4.62,0.67,1.8235123574977439,2.7964876425022562,clk_core,VALIDATED
185,g_chan[0].u_cdc_chcmd.wgray[1]$_DFF_PN0_,4.62,0.67,1.8235123574977439,2.7964876425022562,clk_core,VALIDATED
192,u_ecc_engine.vpipe[1]$_DFF_PN0_,4.62,0.67,1.8235123574977439,2.7964876425022562,clk_core,VALIDATED
184,g_chan[0].u_cdc_chcmd.wbin[3]$_DFF_PN0_,4.62,0.67,1.8235123574977439,2.7964876425022562,clk_core,VALIDATED
46,g_chan[1].u_cdc_chcmd.wq2_rgray[3]$_DFF_PN0_,4.47,0.82,1.6198602550088401,2.85013974499116,clk_core,VALIDATED
43,g_chan[1].u_cdc_chcmd.wq1_rgray[1]$_DFF_PN0_,4.47,0.82,1.6198602550088401,2.85013974499116,clk_core,VALIDATED
45,g_chan[1].u_cdc_chcmd.wq2_rgray[1]$_DFF_PN0_,4.47,0.82,1.6198602550088401,2.85013974499116,clk_core,VALIDATED
44,g_chan[1].u_cdc_chcmd.wq2_rgray[0]$_DFF_PN0_,4.47,0.82,1.6198602550088401,2.85013974499116,clk_core,VALIDATED
62,g_chan[1].u_cdc_chcmd.wq2_rgray[4]$_DFF_PN0_,4.47,0.82,1.6198602550088401,2.85013974499116,clk_core,VALIDATED
61,g_chan[1].u_cdc_chcmd.wq1_rgray[3]$_DFF_PN0_,4.47,0.82,1.6198602550088401,2.85013974499116,clk_core,VALIDATED
60,g_chan[1].u_cdc_chcmd.wq1_rgray[0]$_DFF_PN0_,4.47,0.82,1.6198602550088401,2.85013974499116,clk_core,VALIDATED
59,g_chan[1].u_cdc_chcmd.wgray[0]$_DFF_PN0_,4.47,0.82,1.6198602550088401,2.85013974499116,clk_core,VALIDATED
48,g_chan[1].u_cdc_chcmd.wbin[1]$_DFF_PN0_,4.47,0.82,1.6197905003866087,2.850209499613391,clk_core,VALIDATED
54,g_chan[1].u_cdc_chcmd.wgray[2]$_DFF_PN0_,4.47,0.82,1.6197905003866087,2.850209499613391,clk_core,VALIDATED
52,g_chan[1].u_cdc_chcmd.wgray[1]$_DFF_PN0_,4.47,0.82,1.6197905003866087,2.850209499613391,clk_core,VALIDATED
51,g_chan[1].u_cdc_chcmd.wbin[4]$_DFF_PN0_,4.47,0.82,1.6197905003866087,2.850209499613391,clk_core,VALIDATED
50,g_chan[1].u_cdc_chcmd.wbin[3]$_DFF_PN0_,4.47,0.82,1.6197905003866087,2.850209499613391,clk_core,VALIDATED
53,g_chan[1].u_cdc_chcmd.wq1_rgray[4]$_DFF_PN0_,4.47,0.82,1.6197905003866087,2.850209499613391,clk_core,VALIDATED
49,g_chan[1].u_cdc_chcmd.wbin[2]$_DFF_PN0_,4.47,0.82,1.6197905003866087,2.850209499613391,clk_core,VALIDATED
47,g_chan[1].u_cdc_chcmd.wbin[0]$_DFF_PN0_,4.47,0.82,1.6197905003866087,2.850209499613391,clk_core,VALIDATED
55,g_chan[1].u_cdc_chcmd.wgray[3]$_DFF_PN0_,4.47,0.82,1.6197905003866087,2.850209499613391,clk_core,VALIDATED
56,g_chan[1].u_cdc_chcmd.wq1_rgray[2]$_DFF_PN0_,4.47,0.82,1.6197905003866087,2.850209499613391,clk_core,VALIDATED
57,g_chan[1].u_cdc_chcmd.wq2_rgray[2]$_DFF_PN0_,4.47,0.82,1.6197905003866087,2.850209499613391,clk_core,VALIDATED
58,g_chan[1].u_cdc_chcmd.wr_full$_DFF_PN0_,4.47,0.82,1.6197905003866087,2.850209499613391,clk_core,VALIDATED
116,u_seq_core.op_q[0]$_DFFE_PN0P_,4.56,0.73,1.7019532465116343,2.8580467534883653,clk_core,VALIDATED
189,g_chan[0].u_cdc_chcmd.wq1_rgray[1]$_DFF_PN0_,4.62,0.67,1.7280527627282702,2.89194723727173,clk_core,VALIDATED
187,g_chan[0].u_cdc_chcmd.wbin[4]$_DFF_PN0_,4.62,0.67,1.7280527627282702,2.89194723727173,clk_core,VALIDATED
183,g_chan[0].u_cdc_chcmd.wr_full$_DFF_PN0_,4.62,0.67,1.7280527627282702,2.89194723727173,clk_core,VALIDATED
188,g_chan[0].u_cdc_chcmd.wgray[0]$_DFF_PN0_,4.62,0.67,1.7280527627282702,2.89194723727173,clk_core,VALIDATED
190,g_chan[0].u_cdc_chcmd.wq2_rgray[1]$_DFF_PN0_,4.62,0.67,1.7280527627282702,2.89194723727173,clk_core,VALIDATED
96,u_seq_core.beats_left[27]$_DFFE_PN0P_,4.54,0.75,1.646207377990133,2.893792622009867,clk_core,VALIDATED
95,u_seq_core.beats_left[26]$_DFFE_PN0P_,4.54,0.75,1.646207377990133,2.893792622009867,clk_core,VALIDATED
92,u_seq_core.beats_left[21]$_DFFE_PN0P_,4.54,0.75,1.646207377990133,2.893792622009867,clk_core,VALIDATED
98,u_seq_core.beats_left[29]$_DFFE_PN0P_,4.54,0.75,1.646207377990133,2.893792622009867,clk_core,VALIDATED
94,u_seq_core.beats_left[25]$_DFFE_PN0P_,4.54,0.75,1.646207377990133,2.893792622009867,clk_core,VALIDATED
93,u_seq_core.beats_left[22]$_DFFE_PN0P_,4.54,0.75,1.646207377990133,2.893792622009867,clk_core,VALIDATED
99,u_seq_core.beats_left[30]$_DFFE_PN0P_,4.54,0.75,1.6461965009082826,2.8938034990917174,clk_core,VALIDATED
97,u_seq_core.beats_left[28]$_DFFE_PN0P_,4.54,0.75,1.6461841580403784,2.8938158419596216,clk_core,VALIDATED
886,u_host_if.reg_addr[23]$_DFFE_PN0P_,6.61,3.5,3.7109741629275854,2.899025837072415,clk_host,VALIDATED
167,u_cdc_cmd.rq1_wgray[1]$_DFF_PN0_,4.6,0.76,1.692555506951444,2.9074444930485557,clk_core,VALIDATED
168,u_cdc_cmd.rq2_wgray[0]$_DFF_PN0_,4.6,0.76,1.692555506951444,2.9074444930485557,clk_core,VALIDATED
169,u_cdc_cmd.rq2_wgray[1]$_DFF_PN0_,4.6,0.76,1.692555506951444,2.9074444930485557,clk_core,VALIDATED
166,u_cdc_cmd.rq1_wgray[0]$_DFF_PN0_,4.6,0.76,1.692555506951444,2.9074444930485557,clk_core,VALIDATED
165,u_cdc_cmd.rgray[1]$_DFF_PN0_,4.6,0.76,1.692555506951444,2.9074444930485557,clk_core,VALIDATED
164,u_cdc_cmd.rbin[2]$_DFF_PN0_,4.6,0.76,1.692555506951444,2.9074444930485557,clk_core,VALIDATED
91,u_cdc_rbeat.wq2_rgray[4]$_DFF_PN0_,4.49,0.8,1.5806881744820636,2.9093118255179364,clk_core,VALIDATED
90,u_cdc_rbeat.wq1_rgray[4]$_DFF_PN0_,4.49,0.8,1.5806881744820636,2.9093118255179364,clk_core,VALIDATED
80,u_cdc_rbeat.wgray[1]$_DFF_PN0_,4.49,0.8,1.5806319426695574,2.909368057330443,clk_core,VALIDATED
76,u_cdc_rbeat.wq2_rgray[1]$_DFF_PN0_,4.49,0.8,1.5806319426695574,2.909368057330443,clk_core,VALIDATED
84,u_cdc_rbeat.wq1_rgray[3]$_DFF_PN0_,4.49,0.8,1.5806319426695574,2.909368057330443,clk_core,VALIDATED
81,u_cdc_rbeat.wgray[2]$_DFF_PN0_,4.49,0.8,1.5806319426695574,2.909368057330443,clk_core,VALIDATED
73,u_cdc_rbeat.wbin[3]$_DFF_PN0_,4.49,0.8,1.5806319426695574,2.909368057330443,clk_core,VALIDATED
75,u_cdc_rbeat.wq1_rgray[2]$_DFF_PN0_,4.49,0.8,1.5806319426695574,2.909368057330443,clk_core,VALIDATED
72,u_cdc_rbeat.wbin[2]$_DFF_PN0_,4.49,0.8,1.5806319426695574,2.909368057330443,clk_core,VALIDATED
74,u_cdc_rbeat.wbin[4]$_DFF_PN0_,4.49,0.8,1.5806319426695574,2.909368057330443,clk_core,VALIDATED
77,u_cdc_rbeat.wq2_rgray[2]$_DFF_PN0_,4.49,0.8,1.5806319426695574,2.909368057330443,clk_core,VALIDATED
79,u_cdc_rbeat.wgray[0]$_DFF_PN0_,4.49,0.8,1.5806319426695574,2.909368057330443,clk_core,VALIDATED
87,u_cdc_rbeat.wbin[0]$_DFF_PN0_,4.49,0.8,1.5806319426695574,2.909368057330443,clk_core,VALIDATED
85,u_cdc_rbeat.wq2_rgray[0]$_DFF_PN0_,4.49,0.8,1.5806319426695574,2.909368057330443,clk_core,VALIDATED
86,u_cdc_rbeat.wq2_rgray[3]$_DFF_PN0_,4.49,0.8,1.5806319426695574,2.909368057330443,clk_core,VALIDATED
83,u_cdc_rbeat.wq1_rgray[1]$_DFF_PN0_,4.49,0.8,1.5806319426695574,2.909368057330443,clk_core,VALIDATED
82,u_cdc_rbeat.wgray[3]$_DFF_PN0_,4.49,0.8,1.5806319426695574,2.909368057330443,clk_core,VALIDATED
88,u_cdc_rbeat.wbin[1]$_DFF_PN0_,4.49,0.8,1.5806319426695574,2.909368057330443,clk_core,VALIDATED
89,u_cdc_rbeat.wq1_rgray[0]$_DFF_PN0_,4.49,0.8,1.5806319426695574,2.909368057330443,clk_core,VALIDATED
71,u_dma_fabric.rbeat_data[28]$_DFFE_PN0P_,4.49,0.8,1.5805864139612509,2.9094135860387493,clk_core,VALIDATED
68,u_dma_fabric.rbeat_data[23]$_DFFE_PN0P_,4.49,0.8,1.58058430724203,2.90941569275797,clk_core,VALIDATED
69,u_dma_fabric.rbeat_data[29]$_DFFE_PN0P_,4.49,0.8,1.58058430724203,2.90941569275797,clk_core,VALIDATED
70,u_dma_fabric.rbeat_data[30]$_DFFE_PN0P_,4.49,0.8,1.58058430724203,2.90941569275797,clk_core,VALIDATED
63,u_dma_fabric.rbeat_data[0]$_DFFE_PN0P_,4.49,0.8,1.5803438907462022,2.909656109253798,clk_core,VALIDATED
64,u_dma_fabric.rbeat_data[1]$_DFFE_PN0P_,4.49,0.8,1.5803438907462022,2.909656109253798,clk_core,VALIDATED
65,u_dma_fabric.rbeat_data[26]$_DFFE_PN0P_,4.49,0.8,1.5803438907462022,2.909656109253798,clk_core,VALIDATED
66,u_dma_fabric.rbeat_data[2]$_DFFE_PN0P_,4.49,0.8,1.5803438907462022,2.909656109253798,clk_core,VALIDATED
67,u_dma_fabric.rbeat_data[3]$_DFFE_PN0P_,4.49,0.8,1.5803438907462022,2.909656109253798,clk_core,VALIDATED
173,c_cmd_len[4]$_DFFE_PN0N_,4.61,0.75,1.6702541431415583,2.9397458568584423,clk_core,VALIDATED
175,c_cmd_len[7]$_DFFE_PN0N_,4.61,0.75,1.6702541431415583,2.9397458568584423,clk_core,VALIDATED
171,c_cmd_len[10]$_DFFE_PN0N_,4.61,0.75,1.6702541431415583,2.9397458568584423,clk_core,VALIDATED
174,c_cmd_len[6]$_DFFE_PN0N_,4.61,0.75,1.6702541431415583,2.9397458568584423,clk_core,VALIDATED
180,c_cmd_len[5]$_DFFE_PN0N_,4.61,0.75,1.6702541431415583,2.9397458568584423,clk_core,VALIDATED
181,c_cmd_len[8]$_DFFE_PN0N_,4.61,0.75,1.6702541431415583,2.9397458568584423,clk_core,VALIDATED
176,c_cmd_addr[23]$_DFFE_PN0N_,4.61,0.75,1.6702541431415583,2.9397458568584423,clk_core,VALIDATED
182,c_cmd_len[9]$_DFFE_PN0N_,4.61,0.75,1.6702541431415583,2.9397458568584423,clk_core,VALIDATED
172,c_cmd_len[2]$_DFFE_PN0N_,4.61,0.75,1.6702541431415583,2.9397458568584423,clk_core,VALIDATED
298,c_cmd_ecc_en$_DFFE_PN0N_,4.69,0.67,1.7392580595521074,2.9507419404478927,clk_core,VALIDATED
78,u_cdc_rbeat.wr_full$_DFF_PN0_,4.49,0.8,1.5183293059665683,2.971670694033432,clk_core,VALIDATED
297,c_cmd_chmask[1]$_DFFE_PN0N_,4.69,0.67,1.716088127617057,2.9739118723829434,clk_core,VALIDATED
300,c_cmd_opcode[1]$_DFFE_PN0N_,4.69,0.67,1.716088127617057,2.9739118723829434,clk_core,VALIDATED
301,c_cmd_opcode[2]$_DFFE_PN0N_,4.69,0.67,1.716088127617057,2.9739118723829434,clk_core,VALIDATED
296,c_cmd_chmask[0]$_DFFE_PN0N_,4.69,0.67,1.716088127617057,2.9739118723829434,clk_core,VALIDATED
299,c_cmd_opcode[0]$_DFFE_PN0N_,4.69,0.67,1.716088127617057,2.9739118723829434,clk_core,VALIDATED
294,c_cmd_addr[17]$_DFFE_PN0N_,4.69,0.67,1.716088127617057,2.9739118723829434,clk_core,VALIDATED
302,c_cmd_opcode[4]$_DFFE_PN0N_,4.69,0.67,1.716088127617057,2.9739118723829434,clk_core,VALIDATED
117,u_seq_core.addr_q[21]$_DFFE_PN0P_,4.57,0.72,1.5803391328756526,2.9896608671243476,clk_core,VALIDATED
120,u_seq_core.addr_q[7]$_DFFE_PN0P_,4.57,0.72,1.5803020110452046,2.989697988954796,clk_core,VALIDATED
118,u_seq_core.addr_q[26]$_DFFE_PN0P_,4.57,0.72,1.5803020110452046,2.989697988954796,clk_core,VALIDATED
125,u_seq_core.addr_q[9]$_DFFE_PN0P_,4.57,0.72,1.5802958991357698,2.9897041008642304,clk_core,VALIDATED
121,u_seq_core.addr_q[20]$_DFFE_PN0P_,4.57,0.72,1.5802958991357698,2.9897041008642304,clk_core,VALIDATED
122,u_seq_core.addr_q[31]$_DFFE_PN0P_,4.57,0.72,1.5802958991357698,2.9897041008642304,clk_core,VALIDATED
124,u_seq_core.addr_q[8]$_DFFE_PN0P_,4.57,0.72,1.5802958991357698,2.9897041008642304,clk_core,VALIDATED
123,u_seq_core.addr_q[6]$_DFFE_PN0P_,4.57,0.72,1.5802958991357698,2.9897041008642304,clk_core,VALIDATED
119,u_seq_core.addr_q[2]$_DFFE_PN0P_,4.57,0.72,1.5802958991357698,2.9897041008642304,clk_core,VALIDATED
270,u_seq_core.addr_q[17]$_DFFE_PN0P_,4.66,0.63,1.6248543726852798,3.03514562731472,clk_core,VALIDATED
273,u_seq_core.addr_q[25]$_DFFE_PN0P_,4.66,0.63,1.6248543726852798,3.03514562731472,clk_core,VALIDATED
272,u_seq_core.addr_q[1]$_DFFE_PN0P_,4.66,0.63,1.6248543726852798,3.03514562731472,clk_core,VALIDATED
271,u_seq_core.addr_q[18]$_DFFE_PN0P_,4.66,0.63,1.6248543726852798,3.03514562731472,clk_core,VALIDATED
274,u_seq_core.beats_left[1]$_DFFE_PN0P_,4.66,0.63,1.6248543726852798,3.03514562731472,clk_core,VALIDATED
199,c_cmd_addr[8]$_DFFE_PN0N_,4.65,0.72,1.6034165195924612,3.046583480407539,clk_core,VALIDATED
114,g_chan[1].u_cdc_chw.wq2_rgray[1]$_DFF_PN0_,4.56,0.73,1.5031217476609764,3.056878252339023,clk_core,VALIDATED
115,g_chan[1].u_cdc_chw.wq2_rgray[3]$_DFF_PN0_,4.56,0.73,1.5031217476609764,3.056878252339023,clk_core,VALIDATED
113,g_chan[1].u_cdc_chw.wq2_rgray[0]$_DFF_PN0_,4.56,0.73,1.5031217476609764,3.056878252339023,clk_core,VALIDATED
110,g_chan[1].u_cdc_chw.wgray[0]$_DFF_PN0_,4.56,0.73,1.5031154776835738,3.056884522316426,clk_core,VALIDATED
108,g_chan[1].u_cdc_chw.wbin[3]$_DFF_PN0_,4.56,0.73,1.5031154776835738,3.056884522316426,clk_core,VALIDATED
111,g_chan[1].u_cdc_chw.wgray[1]$_DFF_PN0_,4.56,0.73,1.5031154776835738,3.056884522316426,clk_core,VALIDATED
112,g_chan[1].u_cdc_chw.wq1_rgray[1]$_DFF_PN0_,4.56,0.73,1.5031154776835738,3.056884522316426,clk_core,VALIDATED
109,g_chan[1].u_cdc_chw.wbin[4]$_DFF_PN0_,4.56,0.73,1.5031154776835738,3.056884522316426,clk_core,VALIDATED
106,g_chan[1].u_cdc_chw.wbin[0]$_DFF_PN0_,4.56,0.73,1.5031154776835738,3.056884522316426,clk_core,VALIDATED
107,g_chan[1].u_cdc_chw.wbin[1]$_DFF_PN0_,4.56,0.73,1.5031154776835738,3.056884522316426,clk_core,VALIDATED
101,g_chan[1].u_cdc_chw.wgray[2]$_DFF_PN0_,4.56,0.73,1.5031012191442845,3.056898780855715,clk_core,VALIDATED
102,g_chan[1].u_cdc_chw.wgray[3]$_DFF_PN0_,4.56,0.73,1.5031012191442845,3.056898780855715,clk_core,VALIDATED
103,g_chan[1].u_cdc_chw.wq1_rgray[3]$_DFF_PN0_,4.56,0.73,1.5031012191442845,3.056898780855715,clk_core,VALIDATED
104,g_chan[1].u_cdc_chw.wq2_rgray[2]$_DFF_PN0_,4.56,0.73,1.5031012191442845,3.056898780855715,clk_core,VALIDATED
100,g_chan[1].u_cdc_chw.wbin[2]$_DFF_PN0_,4.56,0.73,1.5031004342059402,3.056899565794059,clk_core,VALIDATED
105,g_chan[1].u_cdc_chw.wq1_rgray[2]$_DFF_PN0_,4.56,0.73,1.5030905624167663,3.0569094375832333,clk_core,VALIDATED
839,u_host_if.reg_addr[1]$_DFFE_PN0P_,6.55,3.56,3.488243506522479,3.061756493477521,clk_host,VALIDATED
849,u_host_if.reg_addr[2]$_DFFE_PN0P_,6.55,3.56,3.488181883969691,3.0618181160303086,clk_host,VALIDATED
857,u_host_if.reg_addr[7]$_DFFE_PN0P_,6.55,3.56,3.488166446676859,3.0618335533231407,clk_host,VALIDATED
295,c_cmd_chan$_DFFE_PN0N_,4.69,0.67,1.615704894186005,3.074295105813995,clk_core,VALIDATED
177,c_cmd_len[0]$_DFFE_PN0N_,4.61,0.75,1.5319428790932934,3.078057120906707,clk_core,VALIDATED
179,c_cmd_len[3]$_DFFE_PN0N_,4.61,0.75,1.5319428790932934,3.078057120906707,clk_core,VALIDATED
178,c_cmd_len[1]$_DFFE_PN0N_,4.61,0.75,1.5319428790932934,3.078057120906707,clk_core,VALIDATED
196,c_cmd_addr[6]$_DFFE_PN0N_,4.65,0.72,1.561915180913139,3.0880848190868613,clk_core,VALIDATED
198,c_cmd_addr[9]$_DFFE_PN0N_,4.65,0.72,1.561915180913139,3.0880848190868613,clk_core,VALIDATED
197,c_cmd_addr[7]$_DFFE_PN0N_,4.65,0.72,1.561915180913139,3.0880848190868613,clk_core,VALIDATED
220,u_cdc_wbeat.rq1_wgray[2]$_DFF_PN0_,4.66,0.64,1.559516323213417,3.100483676786583,clk_core,VALIDATED
216,u_cdc_wbeat.rgray[2]$_DFF_PN0_,4.66,0.64,1.559516323213417,3.100483676786583,clk_core,VALIDATED
215,u_cdc_wbeat.rgray[1]$_DFF_PN0_,4.66,0.64,1.559516323213417,3.100483676786583,clk_core,VALIDATED
214,u_cdc_wbeat.rgray[0]$_DFF_PN0_,4.66,0.64,1.559516323213417,3.100483676786583,clk_core,VALIDATED
221,u_cdc_wbeat.rq1_wgray[3]$_DFF_PN0_,4.66,0.64,1.559516323213417,3.100483676786583,clk_core,VALIDATED
222,u_cdc_wbeat.rq1_wgray[4]$_DFF_PN0_,4.66,0.64,1.559516323213417,3.100483676786583,clk_core,VALIDATED
219,u_cdc_wbeat.rq1_wgray[1]$_DFF_PN0_,4.66,0.64,1.559516323213417,3.100483676786583,clk_core,VALIDATED
217,u_cdc_wbeat.rgray[3]$_DFF_PN0_,4.66,0.64,1.559516323213417,3.100483676786583,clk_core,VALIDATED
223,u_cdc_wbeat.rq2_wgray[0]$_DFF_PN0_,4.66,0.64,1.559516323213417,3.100483676786583,clk_core,VALIDATED
227,u_cdc_wbeat.rq2_wgray[4]$_DFF_PN0_,4.66,0.64,1.559516323213417,3.100483676786583,clk_core,VALIDATED
225,u_cdc_wbeat.rq2_wgray[2]$_DFF_PN0_,4.66,0.64,1.559516323213417,3.100483676786583,clk_core,VALIDATED
218,u_cdc_wbeat.rq1_wgray[0]$_DFF_PN0_,4.66,0.64,1.559516323213417,3.100483676786583,clk_core,VALIDATED
224,u_cdc_wbeat.rq2_wgray[1]$_DFF_PN0_,4.66,0.64,1.559516323213417,3.100483676786583,clk_core,VALIDATED
226,u_cdc_wbeat.rq2_wgray[3]$_DFF_PN0_,4.66,0.64,1.559516323213417,3.100483676786583,clk_core,VALIDATED
233,u_seq_core.mask_q[0]$_DFFE_PN0P_,4.66,0.64,1.5594919813337755,3.1005080186662246,clk_core,VALIDATED
234,u_seq_core.mask_q[1]$_DFFE_PN0P_,4.66,0.64,1.5594919813337755,3.1005080186662246,clk_core,VALIDATED
232,g_chan[0].u_cdc_chcmd.wq1_rgray[3]$_DFF_PN0_,4.66,0.64,1.5594919813337755,3.1005080186662246,clk_core,VALIDATED
244,u_seq_core.op_q[4]$_DFFE_PN0P_,4.66,0.64,1.5594919813337755,3.1005080186662246,clk_core,VALIDATED
245,u_seq_core.op_q[5]$_DFFE_PN0P_,4.66,0.64,1.5594919813337755,3.1005080186662246,clk_core,VALIDATED
243,u_seq_core.op_q[2]$_DFFE_PN0P_,4.66,0.64,1.5594919813337755,3.1005080186662246,clk_core,VALIDATED
231,g_chan[0].u_cdc_chcmd.wq1_rgray[2]$_DFF_PN0_,4.66,0.64,1.5594919813337755,3.1005080186662246,clk_core,VALIDATED
126,g_chan[1].u_cdc_chr.rd_empty$_DFF_PN1_,4.58,0.71,1.4628701523055343,3.117129847694466,clk_core,VALIDATED
257,u_seq_core.beats_left[0]$_DFFE_PN0P_,4.66,0.63,1.5350604205213518,3.1249395794786485,clk_core,VALIDATED
260,u_seq_core.beats_left[5]$_DFFE_PN0P_,4.66,0.63,1.5350604205213518,3.1249395794786485,clk_core,VALIDATED
259,u_seq_core.beats_left[15]$_DFFE_PN0P_,4.66,0.63,1.5350604205213518,3.1249395794786485,clk_core,VALIDATED
258,u_seq_core.beats_left[14]$_DFFE_PN0P_,4.66,0.63,1.5350604205213518,3.1249395794786485,clk_core,VALIDATED
277,u_seq_core.beats_left[18]$_DFFE_PN0P_,4.66,0.63,1.535058040447528,3.124941959552472,clk_core,VALIDATED
276,u_seq_core.beats_left[17]$_DFFE_PN0P_,4.66,0.63,1.535058040447528,3.124941959552472,clk_core,VALIDATED
275,u_seq_core.beats_left[16]$_DFFE_PN0P_,4.66,0.63,1.535058040447528,3.124941959552472,clk_core,VALIDATED
278,u_seq_core.beats_left[23]$_DFFE_PN0P_,4.66,0.63,1.535058040447528,3.124941959552472,clk_core,VALIDATED
279,u_seq_core.beats_left[24]$_DFFE_PN0P_,4.66,0.63,1.535058040447528,3.124941959552472,clk_core,VALIDATED
235,u_seq_core.beats_left[11]$_DFFE_PN0P_,4.66,0.63,1.5350499178661463,3.1249500821338536,clk_core,VALIDATED
464,u_dma_fabric.rbeat_data[10]$_DFFE_PN0P_,4.02,1.17,0.8932716777594275,3.126728322240572,clk_core,VALIDATED
147,g_chan[1].u_cdc_chr.rq2_wgray[4]$_DFF_PN0_,4.59,0.71,1.4628701523055343,3.127129847694466,clk_core,VALIDATED
145,g_chan[1].u_cdc_chr.rq2_wgray[0]$_DFF_PN0_,4.59,0.71,1.4628701523055343,3.127129847694466,clk_core,VALIDATED
144,g_chan[1].u_cdc_chr.rq1_wgray[2]$_DFF_PN0_,4.59,0.71,1.4628701523055343,3.127129847694466,clk_core,VALIDATED
146,g_chan[1].u_cdc_chr.rq2_wgray[2]$_DFF_PN0_,4.59,0.71,1.4628701523055343,3.127129847694466,clk_core,VALIDATED
143,g_chan[1].u_cdc_chr.rbin[4]$_DFF_PN0_,4.59,0.71,1.4628701523055343,3.127129847694466,clk_core,VALIDATED
140,g_chan[1].u_cdc_chr.rbin[1]$_DFF_PN0_,4.59,0.71,1.4628701523055343,3.127129847694466,clk_core,VALIDATED
141,g_chan[1].u_cdc_chr.rbin[2]$_DFF_PN0_,4.59,0.71,1.4628701523055343,3.127129847694466,clk_core,VALIDATED
142,g_chan[1].u_cdc_chr.rbin[3]$_DFF_PN0_,4.59,0.71,1.4628701523055343,3.127129847694466,clk_core,VALIDATED
139,g_chan[1].u_cdc_chr.rbin[0]$_DFF_PN0_,4.59,0.71,1.4628701523055343,3.127129847694466,clk_core,VALIDATED
129,g_chan[1].u_cdc_chr.rgray[3]$_DFF_PN0_,4.59,0.71,1.4628701523055343,3.127129847694466,clk_core,VALIDATED
130,g_chan[1].u_cdc_chr.rq2_wgray[3]$_DFF_PN0_,4.59,0.71,1.4628701523055343,3.127129847694466,clk_core,VALIDATED
128,g_chan[1].u_cdc_chr.rgray[2]$_DFF_PN0_,4.59,0.71,1.4628701523055343,3.127129847694466,clk_core,VALIDATED
138,g_chan[1].u_cdc_chr.rq2_wgray[1]$_DFF_PN0_,4.59,0.71,1.4628199931387524,3.1271800068612476,clk_core,VALIDATED
137,g_chan[1].u_cdc_chr.rq1_wgray[4]$_DFF_PN0_,4.59,0.71,1.4628199931387524,3.1271800068612476,clk_core,VALIDATED
136,g_chan[1].u_cdc_chr.rq1_wgray[3]$_DFF_PN0_,4.59,0.71,1.4628199931387524,3.1271800068612476,clk_core,VALIDATED
135,g_chan[1].u_cdc_chr.rq1_wgray[1]$_DFF_PN0_,4.59,0.71,1.4628199931387524,3.1271800068612476,clk_core,VALIDATED
134,g_chan[1].u_cdc_chr.rq1_wgray[0]$_DFF_PN0_,4.59,0.71,1.4628199931387524,3.1271800068612476,clk_core,VALIDATED
133,g_chan[1].u_cdc_chr.rgray[1]$_DFF_PN0_,4.59,0.71,1.4628199931387524,3.1271800068612476,clk_core,VALIDATED
132,g_chan[1].u_cdc_chr.rgray[0]$_DFF_PN0_,4.59,0.71,1.4628199931387524,3.1271800068612476,clk_core,VALIDATED
292,u_seq_core.op_q[1]$_DFFE_PN0P_,4.67,0.63,1.5351381264800883,3.1348618735199114,clk_core,VALIDATED
293,u_seq_core.op_q[3]$_DFFE_PN0P_,4.67,0.63,1.5351381264800883,3.1348618735199114,clk_core,VALIDATED
418,u_dma_fabric.rbeat_data[20]$_DFFE_PN0P_,4.01,1.19,0.8598016813967473,3.1501983186032527,clk_core,VALIDATED
200,u_cdc_wbeat.rd_empty$_DFF_PN1_,4.65,0.64,1.4921032157564766,3.1578967842435235,clk_core,VALIDATED
466,u_dma_fabric.rbeat_data[13]$_DFFE_PN0P_,4.02,1.17,0.8458895781551912,3.1741104218448086,clk_core,VALIDATED
465,u_dma_fabric.rbeat_data[12]$_DFFE_PN0P_,4.02,1.17,0.8458056672954042,3.1741943327045954,clk_core,VALIDATED
467,u_dma_fabric.rbeat_data[17]$_DFFE_PN0P_,4.02,1.17,0.8454177818251303,3.1745822181748693,clk_core,VALIDATED
469,u_dma_fabric.rbeat_data[16]$_DFFE_PN0P_,4.02,1.17,0.8448878288977315,3.175112171102268,clk_core,VALIDATED
127,u_dma_fabric.rr_ptr$_DFFE_PN0P_,4.58,0.71,1.402455687596442,3.1775443124035583,clk_core,VALIDATED
131,u_dma_fabric.rbeat_valid$_DFFE_PN0P_,4.59,0.71,1.4026269035082324,3.1873730964917675,clk_core,VALIDATED
422,u_dma_fabric.rbeat_data[18]$_DFFE_PN0P_,4.01,1.19,0.8163734332427672,3.1936265667572323,clk_core,VALIDATED
421,u_dma_fabric.rbeat_data[30]$_DFFE_PN0P_,4.01,1.19,0.8155062883069595,3.19449371169304,clk_core,VALIDATED
420,u_dma_fabric.rbeat_data[29]$_DFFE_PN0P_,4.01,1.19,0.8151565033036048,3.194843496696395,clk_core,VALIDATED
241,u_seq_core.addr_q[4]$_DFFE_PN0P_,4.66,0.63,1.4452829220707852,3.214717077929215,clk_core,VALIDATED
240,u_seq_core.addr_q[30]$_DFFE_PN0P_,4.66,0.63,1.4452829220707852,3.214717077929215,clk_core,VALIDATED
212,u_seq_core.addr_q[11]$_DFFE_PN0P_,4.66,0.63,1.4452736492692153,3.2147263507307846,clk_core,VALIDATED
210,u_seq_core.addr_q[3]$_DFFE_PN0P_,4.66,0.63,1.4452736492692153,3.2147263507307846,clk_core,VALIDATED
213,u_seq_core.addr_q[27]$_DFFE_PN0P_,4.66,0.63,1.4452736492692153,3.2147263507307846,clk_core,VALIDATED
211,u_seq_core.addr_q[5]$_DFFE_PN0P_,4.66,0.63,1.4452736492692153,3.2147263507307846,clk_core,VALIDATED
209,u_seq_core.addr_q[10]$_DFFE_PN0P_,4.66,0.63,1.4452736492692153,3.2147263507307846,clk_core,VALIDATED
269,u_seq_core.beats_left[2]$_DFFE_PN0P_,4.66,0.63,1.4452688451117397,3.2147311548882604,clk_core,VALIDATED
263,u_seq_core.beats_left[4]$_DFFE_PN0P_,4.66,0.63,1.4452662153459364,3.214733784654064,clk_core,VALIDATED
265,u_seq_core.beats_left[7]$_DFFE_PN0P_,4.66,0.63,1.4452662153459364,3.214733784654064,clk_core,VALIDATED
264,u_seq_core.beats_left[6]$_DFFE_PN0P_,4.66,0.63,1.4452662153459364,3.214733784654064,clk_core,VALIDATED
266,u_seq_core.op_q[6]$_DFFE_PN0P_,4.66,0.63,1.4452662153459364,3.214733784654064,clk_core,VALIDATED
262,u_seq_core.beats_left[3]$_DFFE_PN0P_,4.66,0.63,1.4452662153459364,3.214733784654064,clk_core,VALIDATED
254,u_seq_core.beats_left[9]$_DFFE_PN0P_,4.66,0.63,1.4452637816920295,3.2147362183079706,clk_core,VALIDATED
253,u_seq_core.beats_left[8]$_DFFE_PN0P_,4.66,0.63,1.4452637816920295,3.2147362183079706,clk_core,VALIDATED
252,u_seq_core.beats_left[10]$_DFFE_PN0P_,4.66,0.63,1.4452637816920295,3.2147362183079706,clk_core,VALIDATED
261,u_seq_core.beats_left[19]$_DFFE_PN0P_,4.66,0.63,1.4452634450650572,3.2147365549349427,clk_core,VALIDATED
237,u_seq_core.beats_left[13]$_DFFE_PN0P_,4.66,0.63,1.445252942409852,3.2147470575901482,clk_core,VALIDATED
239,u_seq_core.beats_left[31]$_DFFE_PN0P_,4.66,0.63,1.445252942409852,3.2147470575901482,clk_core,VALIDATED
236,u_seq_core.beats_left[12]$_DFFE_PN0P_,4.66,0.63,1.445252942409852,3.2147470575901482,clk_core,VALIDATED
238,u_seq_core.beats_left[20]$_DFFE_PN0P_,4.66,0.63,1.445252942409852,3.2147470575901482,clk_core,VALIDATED
242,u_seq_core.addr_q[19]$_DFFE_PN0P_,4.66,0.63,1.4452478398013289,3.214752160198671,clk_core,VALIDATED
229,u_seq_core.addr_q[22]$_DFFE_PN0P_,4.66,0.63,1.445236907061756,3.2147630929382442,clk_core,VALIDATED
230,u_seq_core.addr_q[23]$_DFFE_PN0P_,4.66,0.63,1.445236907061756,3.2147630929382442,clk_core,VALIDATED
228,u_seq_core.addr_q[14]$_DFFE_PN0P_,4.66,0.63,1.445236907061756,3.2147630929382442,clk_core,VALIDATED
482,u_dma_fabric.rbeat_data[19]$_DFFE_PN0P_,4.02,1.17,0.8020429327912338,3.217957067208766,clk_core,VALIDATED
457,g_chan[0].u_cdc_chw.mem[14][31]$_DFFE_PP_,4.02,1.18,0.7994185899962813,3.2205814100037182,clk_core,VALIDATED
450,g_chan[0].u_cdc_chw.mem[10][31]$_DFFE_PP_,4.02,1.18,0.7994185899962813,3.2205814100037182,clk_core,VALIDATED
462,g_chan[0].u_cdc_chw.mem[6][31]$_DFFE_PP_,4.02,1.18,0.7994185899962813,3.2205814100037182,clk_core,VALIDATED
463,g_chan[0].u_cdc_chw.mem[7][31]$_DFFE_PP_,4.02,1.18,0.7994185899962813,3.2205814100037182,clk_core,VALIDATED
451,g_chan[0].u_cdc_chw.mem[11][31]$_DFFE_PP_,4.02,1.18,0.7994185899962813,3.2205814100037182,clk_core,VALIDATED
454,g_chan[0].u_cdc_chw.mem[8][31]$_DFFE_PP_,4.02,1.18,0.7994185899962813,3.2205814100037182,clk_core,VALIDATED
456,g_chan[0].u_cdc_chw.mem[12][31]$_DFFE_PP_,4.02,1.18,0.7994185899962813,3.2205814100037182,clk_core,VALIDATED
459,g_chan[0].u_cdc_chw.mem[2][31]$_DFFE_PP_,4.02,1.18,0.7994185899962813,3.2205814100037182,clk_core,VALIDATED
452,g_chan[0].u_cdc_chw.mem[13][31]$_DFFE_PP_,4.02,1.18,0.7994185899962813,3.2205814100037182,clk_core,VALIDATED
453,g_chan[0].u_cdc_chw.mem[5][31]$_DFFE_PP_,4.02,1.18,0.7994185899962813,3.2205814100037182,clk_core,VALIDATED
461,g_chan[0].u_cdc_chw.mem[4][31]$_DFFE_PP_,4.02,1.18,0.7994185899962813,3.2205814100037182,clk_core,VALIDATED
455,g_chan[0].u_cdc_chw.mem[9][31]$_DFFE_PP_,4.02,1.18,0.7994185899962813,3.2205814100037182,clk_core,VALIDATED
460,g_chan[0].u_cdc_chw.mem[3][31]$_DFFE_PP_,4.02,1.18,0.7994185899962813,3.2205814100037182,clk_core,VALIDATED
468,g_chan[0].u_cdc_chw.mem[12][14]$_DFFE_PP_,4.02,1.18,0.7993531350149298,3.2206468649850697,clk_core,VALIDATED
458,g_chan[0].u_cdc_chw.mem[15][31]$_DFFE_PP_,4.02,1.18,0.7993488774584783,3.220651122541521,clk_core,VALIDATED
426,g_chan[0].u_cdc_chw.mem[0][31]$_DFFE_PP_,4.02,1.18,0.7993358806574675,3.220664119342532,clk_core,VALIDATED
427,g_chan[0].u_cdc_chw.mem[1][31]$_DFFE_PP_,4.02,1.18,0.799287892742833,3.2207121072571665,clk_core,VALIDATED
446,g_chan[0].u_cdc_chw.mem[9][14]$_DFFE_PP_,4.02,1.18,0.799270425676116,3.2207295743238835,clk_core,VALIDATED
437,g_chan[0].u_cdc_chw.mem[13][14]$_DFFE_PP_,4.02,1.18,0.799270425676116,3.2207295743238835,clk_core,VALIDATED
445,g_chan[0].u_cdc_chw.mem[8][14]$_DFFE_PP_,4.02,1.18,0.7992224377614815,3.220777562238518,clk_core,VALIDATED
439,g_chan[0].u_cdc_chw.mem[15][14]$_DFFE_PP_,4.02,1.18,0.7992007131383131,3.2207992868616864,clk_core,VALIDATED
438,g_chan[0].u_cdc_chw.mem[14][14]$_DFFE_PP_,4.02,1.18,0.7992007131383131,3.2207992868616864,clk_core,VALIDATED
448,g_chan[0].u_cdc_chw.mem[1][14]$_DFFE_PP_,4.02,1.18,0.799174449846847,3.2208255501531524,clk_core,VALIDATED
447,g_chan[0].u_cdc_chw.mem[0][14]$_DFFE_PP_,4.02,1.18,0.799174449846847,3.2208255501531524,clk_core,VALIDATED
449,g_chan[0].u_cdc_chw.mem[4][14]$_DFFE_PP_,4.02,1.18,0.799174449846847,3.2208255501531524,clk_core,VALIDATED
478,g_chan[0].u_cdc_chw.mem[12][17]$_DFFE_PP_,4.02,1.18,0.7991623068435586,3.220837693156441,clk_core,VALIDATED
477,g_chan[0].u_cdc_chw.mem[11][17]$_DFFE_PP_,4.02,1.18,0.7991623068435586,3.220837693156441,clk_core,VALIDATED
479,g_chan[0].u_cdc_chw.mem[14][17]$_DFFE_PP_,4.02,1.18,0.7991623068435586,3.220837693156441,clk_core,VALIDATED
480,g_chan[0].u_cdc_chw.mem[15][17]$_DFFE_PP_,4.02,1.18,0.7991623068435586,3.220837693156441,clk_core,VALIDATED
476,g_chan[0].u_cdc_chw.mem[10][17]$_DFFE_PP_,4.02,1.18,0.7991623068435586,3.220837693156441,clk_core,VALIDATED
481,g_chan[0].u_cdc_chw.mem[13][17]$_DFFE_PP_,4.02,1.18,0.7991623068435586,3.220837693156441,clk_core,VALIDATED
442,g_chan[0].u_cdc_chw.mem[5][14]$_DFFE_PP_,4.02,1.18,0.7991116370655732,3.2208883629344265,clk_core,VALIDATED
435,g_chan[0].u_cdc_chw.mem[10][14]$_DFFE_PP_,4.02,1.18,0.7990899124424048,3.220910087557595,clk_core,VALIDATED
436,g_chan[0].u_cdc_chw.mem[11][14]$_DFFE_PP_,4.02,1.18,0.7990899124424048,3.220910087557595,clk_core,VALIDATED
440,g_chan[0].u_cdc_chw.mem[2][14]$_DFFE_PP_,4.02,1.18,0.7990488242842994,3.2209511757157,clk_core,VALIDATED
441,g_chan[0].u_cdc_chw.mem[3][14]$_DFFE_PP_,4.02,1.18,0.7990488242842994,3.2209511757157,clk_core,VALIDATED
443,g_chan[0].u_cdc_chw.mem[6][14]$_DFFE_PP_,4.02,1.18,0.7990488242842994,3.2209511757157,clk_core,VALIDATED
444,g_chan[0].u_cdc_chw.mem[7][14]$_DFFE_PP_,4.02,1.18,0.7990488242842994,3.2209511757157,clk_core,VALIDATED
432,g_chan[1].u_cdc_chw.mem[1][31]$_DFFE_PP_,4.02,1.18,0.7978902100564301,3.2221097899435693,clk_core,VALIDATED
431,g_chan[1].u_cdc_chw.mem[0][31]$_DFFE_PP_,4.02,1.18,0.7978902100564301,3.2221097899435693,clk_core,VALIDATED
433,g_chan[1].u_cdc_chw.mem[2][31]$_DFFE_PP_,4.02,1.18,0.7978902100564301,3.2221097899435693,clk_core,VALIDATED
434,g_chan[1].u_cdc_chw.mem[3][31]$_DFFE_PP_,4.02,1.18,0.7978902100564301,3.2221097899435693,clk_core,VALIDATED
429,g_chan[1].u_cdc_chw.mem[5][31]$_DFFE_PP_,4.02,1.18,0.7978591847634836,3.222140815236516,clk_core,VALIDATED
428,g_chan[1].u_cdc_chw.mem[4][31]$_DFFE_PP_,4.02,1.18,0.7978591847634836,3.222140815236516,clk_core,VALIDATED
430,g_chan[1].u_cdc_chw.mem[6][31]$_DFFE_PP_,4.02,1.18,0.7978553160136935,3.222144683986306,clk_core,VALIDATED
423,g_chan[1].u_cdc_chw.mem[7][31]$_DFFE_PP_,4.02,1.18,0.7977531696024184,3.222246830397581,clk_core,VALIDATED
425,g_chan[1].u_cdc_chw.mem[1][14]$_DFFE_PP_,4.02,1.18,0.7975220437365919,3.2224779562634076,clk_core,VALIDATED
424,g_chan[1].u_cdc_chw.mem[0][14]$_DFFE_PP_,4.02,1.18,0.7974832092808309,3.2225167907191685,clk_core,VALIDATED
471,g_chan[1].u_cdc_chw.mem[7][14]$_DFFE_PP_,4.02,1.18,0.7974134727702259,3.222586527229774,clk_core,VALIDATED
470,g_chan[1].u_cdc_chw.mem[6][14]$_DFFE_PP_,4.02,1.18,0.7974134727702259,3.222586527229774,clk_core,VALIDATED
473,g_chan[1].u_cdc_chw.mem[3][14]$_DFFE_PP_,4.02,1.18,0.7974134727702259,3.222586527229774,clk_core,VALIDATED
474,g_chan[1].u_cdc_chw.mem[4][14]$_DFFE_PP_,4.02,1.18,0.7974134727702259,3.222586527229774,clk_core,VALIDATED
475,g_chan[1].u_cdc_chw.mem[5][14]$_DFFE_PP_,4.02,1.18,0.7974134727702259,3.222586527229774,clk_core,VALIDATED
472,g_chan[1].u_cdc_chw.mem[2][14]$_DFFE_PP_,4.02,1.18,0.7974134727702259,3.222586527229774,clk_core,VALIDATED
493,g_chan[0].u_cdc_chw.mem[5][17]$_DFFE_PP_,4.03,1.18,0.7993745288363908,3.2306254711636093,clk_core,VALIDATED
490,g_chan[0].u_cdc_chw.mem[0][17]$_DFFE_PP_,4.03,1.18,0.7993745288363908,3.2306254711636093,clk_core,VALIDATED
494,g_chan[0].u_cdc_chw.mem[7][17]$_DFFE_PP_,4.03,1.18,0.7993745288363908,3.2306254711636093,clk_core,VALIDATED
499,g_chan[0].u_cdc_chw.mem[2][17]$_DFFE_PP_,4.03,1.18,0.7993745288363908,3.2306254711636093,clk_core,VALIDATED
491,g_chan[0].u_cdc_chw.mem[1][17]$_DFFE_PP_,4.03,1.18,0.7993745288363908,3.2306254711636093,clk_core,VALIDATED
501,g_chan[0].u_cdc_chw.mem[6][17]$_DFFE_PP_,4.03,1.18,0.7993745288363908,3.2306254711636093,clk_core,VALIDATED
500,g_chan[0].u_cdc_chw.mem[3][17]$_DFFE_PP_,4.03,1.18,0.7993745288363908,3.2306254711636093,clk_core,VALIDATED
496,g_chan[0].u_cdc_chw.mem[9][17]$_DFFE_PP_,4.03,1.18,0.7993617228223774,3.230638277177623,clk_core,VALIDATED
495,g_chan[0].u_cdc_chw.mem[8][17]$_DFFE_PP_,4.03,1.18,0.7993617228223774,3.230638277177623,clk_core,VALIDATED
492,g_chan[0].u_cdc_chw.mem[4][17]$_DFFE_PP_,4.03,1.18,0.7993617228223774,3.230638277177623,clk_core,VALIDATED
502,g_chan[1].u_cdc_chw.mem[2][17]$_DFFE_PP_,4.03,1.18,0.7981571338683192,3.231842866131681,clk_core,VALIDATED
503,g_chan[1].u_cdc_chw.mem[3][17]$_DFFE_PP_,4.03,1.18,0.7981153033251706,3.23188469667483,clk_core,VALIDATED
489,g_chan[1].u_cdc_chw.mem[7][17]$_DFFE_PP_,4.03,1.18,0.7980734727820219,3.2319265272179782,clk_core,VALIDATED
487,g_chan[1].u_cdc_chw.mem[5][17]$_DFFE_PP_,4.03,1.18,0.7980734727820219,3.2319265272179782,clk_core,VALIDATED
486,g_chan[1].u_cdc_chw.mem[4][17]$_DFFE_PP_,4.03,1.18,0.7980734727820219,3.2319265272179782,clk_core,VALIDATED
484,g_chan[1].u_cdc_chw.mem[0][17]$_DFFE_PP_,4.03,1.18,0.7980734727820219,3.2319265272179782,clk_core,VALIDATED
488,g_chan[1].u_cdc_chw.mem[6][17]$_DFFE_PP_,4.03,1.18,0.7980734727820219,3.2319265272179782,clk_core,VALIDATED
485,g_chan[1].u_cdc_chw.mem[1][17]$_DFFE_PP_,4.03,1.18,0.7980734727820219,3.2319265272179782,clk_core,VALIDATED
498,g_chan[1].u_cdc_chw.mem[11][17]$_DFFE_PP_,4.03,1.18,0.7978917288056929,3.232108271194307,clk_core,VALIDATED
497,g_chan[1].u_cdc_chw.mem[10][17]$_DFFE_PP_,4.03,1.18,0.7978313613059126,3.2321686386940875,clk_core,VALIDATED
507,g_chan[1].u_cdc_chw.mem[9][17]$_DFFE_PP_,4.03,1.18,0.7978293937083715,3.232170606291629,clk_core,VALIDATED
506,g_chan[1].u_cdc_chw.mem[8][17]$_DFFE_PP_,4.03,1.18,0.7978293937083715,3.232170606291629,clk_core,VALIDATED
505,g_chan[1].u_cdc_chw.mem[13][17]$_DFFE_PP_,4.03,1.18,0.7977709938061323,3.232229006193868,clk_core,VALIDATED
504,g_chan[1].u_cdc_chw.mem[12][17]$_DFFE_PP_,4.03,1.18,0.7977709938061323,3.232229006193868,clk_core,VALIDATED
313,c_cmd_addr[13]$_DFFE_PN0N_,4.73,0.63,1.4901716888845387,3.2398283111154615,clk_core,VALIDATED
314,c_cmd_addr[15]$_DFFE_PN0N_,4.73,0.63,1.4901716888845387,3.2398283111154615,clk_core,VALIDATED
315,c_cmd_addr[18]$_DFFE_PN0N_,4.73,0.63,1.4901716888845387,3.2398283111154615,clk_core,VALIDATED
312,c_cmd_addr[12]$_DFFE_PN0N_,4.73,0.63,1.4901716888845387,3.2398283111154615,clk_core,VALIDATED
316,c_cmd_addr[1]$_DFFE_PN0N_,4.73,0.63,1.4901716888845387,3.2398283111154615,clk_core,VALIDATED
309,c_cmd_addr[19]$_DFFE_PN0N_,4.73,0.63,1.4901572477336311,3.2398427522663695,clk_core,VALIDATED
311,c_cmd_opcode[7]$_DFFE_PN0N_,4.73,0.63,1.4901572477336311,3.2398427522663695,clk_core,VALIDATED
310,c_cmd_opcode[5]$_DFFE_PN0N_,4.73,0.63,1.4901572477336311,3.2398427522663695,clk_core,VALIDATED
305,c_cmd_addr[2]$_DFFE_PN0N_,4.73,0.63,1.4901572477336311,3.2398427522663695,clk_core,VALIDATED
306,c_cmd_opcode[3]$_DFFE_PN0N_,4.73,0.63,1.4901572477336311,3.2398427522663695,clk_core,VALIDATED
307,c_cmd_opcode[6]$_DFFE_PN0N_,4.73,0.63,1.4901572477336311,3.2398427522663695,clk_core,VALIDATED
304,c_cmd_addr[14]$_DFFE_PN0N_,4.73,0.63,1.4901572477336311,3.2398427522663695,clk_core,VALIDATED
308,c_cmd_addr[0]$_DFFE_PN0N_,4.73,0.63,1.4901572477336311,3.2398427522663695,clk_core,VALIDATED
335,u_seq_core.state[2]$_DFFE_PN0P_,4.75,0.55,1.4857151522345828,3.264284847765417,clk_core,VALIDATED
327,g_chan[0].u_cdc_chcmd.wbin[2]$_DFF_PN0_,4.75,0.55,1.4857151522345828,3.264284847765417,clk_core,VALIDATED
334,u_seq_core.state[1]$_DFFE_PN0P_,4.75,0.55,1.4857151522345828,3.264284847765417,clk_core,VALIDATED
333,u_seq_core.state[0]$_DFFE_PN0P_,4.75,0.55,1.4857151522345828,3.264284847765417,clk_core,VALIDATED
332,g_chan[0].u_cdc_chcmd.wbin[1]$_DFF_PN0_,4.75,0.55,1.4857151522345828,3.264284847765417,clk_core,VALIDATED
331,g_chan[0].u_cdc_chcmd.wbin[0]$_DFF_PN0_,4.75,0.55,1.4857151522345828,3.264284847765417,clk_core,VALIDATED
330,u_seq_core.op_q[7]$_DFFE_PN0P_,4.75,0.55,1.4857151522345828,3.264284847765417,clk_core,VALIDATED
202,u_cdc_wbeat.rbin[1]$_DFF_PN0_,4.65,0.64,1.377265874789124,3.272734125210876,clk_core,VALIDATED
203,u_cdc_wbeat.rbin[2]$_DFF_PN0_,4.65,0.64,1.377265874789124,3.272734125210876,clk_core,VALIDATED
204,u_cdc_wbeat.rbin[4]$_DFF_PN0_,4.65,0.64,1.377265874789124,3.272734125210876,clk_core,VALIDATED
205,u_cdc_wbeat.rbin[3]$_DFF_PN0_,4.65,0.64,1.377265874789124,3.272734125210876,clk_core,VALIDATED
201,u_cdc_wbeat.rbin[0]$_DFF_PN0_,4.65,0.64,1.377265874789124,3.272734125210876,clk_core,VALIDATED
206,g_chan[1].u_cdc_chw.wr_full$_DFF_PN0_,4.65,0.64,1.3772315926135146,3.2727684073864856,clk_core,VALIDATED
611,g_chan[1].u_cdc_chw.mem[3][23]$_DFFE_PP_,4.11,1.1,0.8284616575482581,3.2815383424517424,clk_core,VALIDATED
613,g_chan[1].u_cdc_chw.mem[5][23]$_DFFE_PP_,4.11,1.1,0.8284616575482581,3.2815383424517424,clk_core,VALIDATED
612,g_chan[1].u_cdc_chw.mem[4][23]$_DFFE_PP_,4.11,1.1,0.8284616575482581,3.2815383424517424,clk_core,VALIDATED
610,g_chan[1].u_cdc_chw.mem[2][23]$_DFFE_PP_,4.11,1.1,0.8284616575482581,3.2815383424517424,clk_core,VALIDATED
600,g_chan[1].u_cdc_chw.mem[6][23]$_DFFE_PP_,4.11,1.1,0.828438486286219,3.2815615137137812,clk_core,VALIDATED
538,g_chan[1].u_cdc_chw.mem[11][14]$_DFFE_PP_,4.08,1.12,0.797897527896482,3.282102472103518,clk_core,VALIDATED
537,g_chan[1].u_cdc_chw.mem[10][14]$_DFFE_PP_,4.08,1.12,0.797897527896482,3.282102472103518,clk_core,VALIDATED
539,g_chan[1].u_cdc_chw.mem[8][14]$_DFFE_PP_,4.08,1.12,0.7978891673140637,3.2821108326859365,clk_core,VALIDATED
526,g_chan[1].u_cdc_chw.mem[13][31]$_DFFE_PP_,4.08,1.12,0.7978801147040314,3.2821198852959688,clk_core,VALIDATED
525,g_chan[1].u_cdc_chw.mem[12][31]$_DFFE_PP_,4.08,1.12,0.7978801147040314,3.2821198852959688,clk_core,VALIDATED
536,g_chan[1].u_cdc_chw.mem[9][31]$_DFFE_PP_,4.08,1.12,0.7978801147040314,3.2821198852959688,clk_core,VALIDATED
528,g_chan[1].u_cdc_chw.mem[15][31]$_DFFE_PP_,4.08,1.12,0.7978801147040314,3.2821198852959688,clk_core,VALIDATED
535,g_chan[1].u_cdc_chw.mem[8][31]$_DFFE_PP_,4.08,1.12,0.7978801147040314,3.2821198852959688,clk_core,VALIDATED
534,g_chan[1].u_cdc_chw.mem[11][31]$_DFFE_PP_,4.08,1.12,0.7978801147040314,3.2821198852959688,clk_core,VALIDATED
524,g_chan[1].u_cdc_chw.mem[10][31]$_DFFE_PP_,4.08,1.12,0.7978801147040314,3.2821198852959688,clk_core,VALIDATED
527,g_chan[1].u_cdc_chw.mem[14][31]$_DFFE_PP_,4.08,1.12,0.7978801147040314,3.2821198852959688,clk_core,VALIDATED
208,g_chan[0].u_cdc_chw.wr_full$_DFF_PN0_,4.66,0.64,1.3772504082900838,3.2827495917099165,clk_core,VALIDATED
541,g_chan[1].u_cdc_chw.mem[12][14]$_DFFE_PP_,4.09,1.12,0.797835391734815,3.292164608265185,clk_core,VALIDATED
542,g_chan[1].u_cdc_chw.mem[13][14]$_DFFE_PP_,4.09,1.12,0.797835391734815,3.292164608265185,clk_core,VALIDATED
543,g_chan[1].u_cdc_chw.mem[14][14]$_DFFE_PP_,4.09,1.12,0.7978192994729301,3.29218070052707,clk_core,VALIDATED
544,g_chan[1].u_cdc_chw.mem[15][14]$_DFFE_PP_,4.09,1.12,0.797803207211045,3.292196792788955,clk_core,VALIDATED
545,g_chan[1].u_cdc_chw.mem[9][14]$_DFFE_PP_,4.09,1.12,0.797803207211045,3.292196792788955,clk_core,VALIDATED
552,g_chan[0].u_cdc_chw.mem[14][24]$_DFFE_PP_,4.09,1.11,0.7919445702996929,3.298055429700307,clk_core,VALIDATED
719,g_chan[1].u_cdc_chw.mem[7][24]$_DFFE_PP_,4.15,1.06,0.8471360982664914,3.302863901733509,clk_core,VALIDATED
718,g_chan[1].u_cdc_chw.mem[6][24]$_DFFE_PP_,4.15,1.06,0.8471360982664914,3.302863901733509,clk_core,VALIDATED
267,g_chan[0].u_cdc_chw.wq1_rgray[2]$_DFF_PN0_,4.66,0.63,1.3562505055486518,3.303749494451348,clk_core,VALIDATED
248,g_chan[0].u_cdc_chw.wq1_rgray[4]$_DFF_PN0_,4.66,0.63,1.3562505055486518,3.303749494451348,clk_core,VALIDATED
250,g_chan[0].u_cdc_chw.wq2_rgray[3]$_DFF_PN0_,4.66,0.63,1.3562505055486518,3.303749494451348,clk_core,VALIDATED
246,g_chan[0].u_cdc_chw.wq1_rgray[1]$_DFF_PN0_,4.66,0.63,1.3562505055486518,3.303749494451348,clk_core,VALIDATED
247,g_chan[0].u_cdc_chw.wq1_rgray[3]$_DFF_PN0_,4.66,0.63,1.3562505055486518,3.303749494451348,clk_core,VALIDATED
251,g_chan[0].u_cdc_chw.wq2_rgray[4]$_DFF_PN0_,4.66,0.63,1.3562505055486518,3.303749494451348,clk_core,VALIDATED
249,g_chan[0].u_cdc_chw.wq2_rgray[1]$_DFF_PN0_,4.66,0.63,1.3562505055486518,3.303749494451348,clk_core,VALIDATED
268,g_chan[0].u_cdc_chw.wq2_rgray[2]$_DFF_PN0_,4.66,0.63,1.3562505055486518,3.303749494451348,clk_core,VALIDATED
255,g_chan[0].u_cdc_chw.wgray[2]$_DFF_PN0_,4.66,0.63,1.356234816913521,3.303765183086479,clk_core,VALIDATED
256,g_chan[0].u_cdc_chw.wgray[3]$_DFF_PN0_,4.66,0.63,1.356234816913521,3.303765183086479,clk_core,VALIDATED
280,g_chan[0].u_cdc_chw.wq2_rgray[0]$_DFF_PN0_,4.66,0.63,1.3561308870702729,3.3038691129297275,clk_core,VALIDATED
281,g_chan[0].u_cdc_chw.wbin[0]$_DFF_PN0_,4.66,0.63,1.3560849433606716,3.3039150566393287,clk_core,VALIDATED
283,g_chan[0].u_cdc_chw.wbin[4]$_DFF_PN0_,4.66,0.63,1.3560849433606716,3.3039150566393287,clk_core,VALIDATED
285,g_chan[0].u_cdc_chw.wgray[1]$_DFF_PN0_,4.66,0.63,1.3560849433606716,3.3039150566393287,clk_core,VALIDATED
282,g_chan[0].u_cdc_chw.wbin[1]$_DFF_PN0_,4.66,0.63,1.3560849433606716,3.3039150566393287,clk_core,VALIDATED
286,g_chan[0].u_cdc_chw.wq1_rgray[0]$_DFF_PN0_,4.66,0.63,1.3560849433606716,3.3039150566393287,clk_core,VALIDATED
284,g_chan[0].u_cdc_chw.wgray[0]$_DFF_PN0_,4.66,0.63,1.3560849433606716,3.3039150566393287,clk_core,VALIDATED
585,g_chan[0].u_cdc_chw.mem[6][25]$_DFFE_PP_,4.1,1.11,0.7923538450938081,3.3076461549061915,clk_core,VALIDATED
562,g_chan[0].u_cdc_chw.mem[4][25]$_DFFE_PP_,4.1,1.11,0.7923124678932223,3.3076875321067774,clk_core,VALIDATED
561,g_chan[0].u_cdc_chw.mem[3][25]$_DFFE_PP_,4.1,1.11,0.7923124678932223,3.3076875321067774,clk_core,VALIDATED
564,g_chan[0].u_cdc_chw.mem[7][25]$_DFFE_PP_,4.1,1.11,0.7923124678932223,3.3076875321067774,clk_core,VALIDATED
560,g_chan[0].u_cdc_chw.mem[2][25]$_DFFE_PP_,4.1,1.11,0.7923124678932223,3.3076875321067774,clk_core,VALIDATED
563,g_chan[0].u_cdc_chw.mem[5][25]$_DFFE_PP_,4.1,1.11,0.7923124678932223,3.3076875321067774,clk_core,VALIDATED
553,g_chan[0].u_cdc_chw.mem[0][25]$_DFFE_PP_,4.1,1.11,0.7923124678932223,3.3076875321067774,clk_core,VALIDATED
559,g_chan[0].u_cdc_chw.mem[1][25]$_DFFE_PP_,4.1,1.11,0.7923124678932223,3.3076875321067774,clk_core,VALIDATED
555,g_chan[0].u_cdc_chw.mem[11][25]$_DFFE_PP_,4.1,1.11,0.7922341526565735,3.3077658473434264,clk_core,VALIDATED
554,g_chan[0].u_cdc_chw.mem[10][25]$_DFFE_PP_,4.1,1.11,0.7922341526565735,3.3077658473434264,clk_core,VALIDATED
566,g_chan[0].u_cdc_chw.mem[9][25]$_DFFE_PP_,4.1,1.11,0.7922341526565735,3.3077658473434264,clk_core,VALIDATED
565,g_chan[0].u_cdc_chw.mem[8][25]$_DFFE_PP_,4.1,1.11,0.7921558374199246,3.307844162580075,clk_core,VALIDATED
558,g_chan[0].u_cdc_chw.mem[14][25]$_DFFE_PP_,4.1,1.11,0.7921558374199246,3.307844162580075,clk_core,VALIDATED
557,g_chan[0].u_cdc_chw.mem[13][25]$_DFFE_PP_,4.1,1.11,0.7921558374199246,3.307844162580075,clk_core,VALIDATED
556,g_chan[0].u_cdc_chw.mem[12][25]$_DFFE_PP_,4.1,1.11,0.7921558374199246,3.307844162580075,clk_core,VALIDATED
576,g_chan[0].u_cdc_chw.mem[15][25]$_DFFE_PP_,4.1,1.11,0.7921558374199246,3.307844162580075,clk_core,VALIDATED
570,g_chan[0].u_cdc_chw.mem[9][24]$_DFFE_PP_,4.1,1.11,0.791786271020642,3.3082137289793576,clk_core,VALIDATED
572,g_chan[0].u_cdc_chw.mem[12][24]$_DFFE_PP_,4.1,1.11,0.791786271020642,3.3082137289793576,clk_core,VALIDATED
571,g_chan[0].u_cdc_chw.mem[11][24]$_DFFE_PP_,4.1,1.11,0.791786271020642,3.3082137289793576,clk_core,VALIDATED
575,g_chan[0].u_cdc_chw.mem[8][24]$_DFFE_PP_,4.1,1.11,0.791786271020642,3.3082137289793576,clk_core,VALIDATED
568,g_chan[0].u_cdc_chw.mem[2][24]$_DFFE_PP_,4.1,1.11,0.791786271020642,3.3082137289793576,clk_core,VALIDATED
569,g_chan[0].u_cdc_chw.mem[3][24]$_DFFE_PP_,4.1,1.11,0.791786271020642,3.3082137289793576,clk_core,VALIDATED
573,g_chan[0].u_cdc_chw.mem[13][24]$_DFFE_PP_,4.1,1.11,0.791786271020642,3.3082137289793576,clk_core,VALIDATED
574,g_chan[0].u_cdc_chw.mem[15][24]$_DFFE_PP_,4.1,1.11,0.7917758687588269,3.3082241312411726,clk_core,VALIDATED
567,g_chan[0].u_cdc_chw.mem[10][24]$_DFFE_PP_,4.1,1.11,0.791700091055987,3.3082999089440124,clk_core,VALIDATED
578,g_chan[0].u_cdc_chw.mem[1][24]$_DFFE_PP_,4.1,1.11,0.7916139110913321,3.3083860889086676,clk_core,VALIDATED
579,g_chan[0].u_cdc_chw.mem[4][24]$_DFFE_PP_,4.1,1.11,0.7916139110913321,3.3083860889086676,clk_core,VALIDATED
580,g_chan[0].u_cdc_chw.mem[5][24]$_DFFE_PP_,4.1,1.11,0.7916139110913321,3.3083860889086676,clk_core,VALIDATED
582,g_chan[0].u_cdc_chw.mem[7][24]$_DFFE_PP_,4.1,1.11,0.7916139110913321,3.3083860889086676,clk_core,VALIDATED
581,g_chan[0].u_cdc_chw.mem[6][24]$_DFFE_PP_,4.1,1.11,0.7916139110913321,3.3083860889086676,clk_core,VALIDATED
577,g_chan[0].u_cdc_chw.mem[0][24]$_DFFE_PP_,4.1,1.11,0.7916139110913321,3.3083860889086676,clk_core,VALIDATED
583,g_chan[1].u_cdc_chw.mem[14][17]$_DFFE_PP_,4.1,1.11,0.7910734922031921,3.3089265077968077,clk_core,VALIDATED
584,g_chan[1].u_cdc_chw.mem[15][17]$_DFFE_PP_,4.1,1.11,0.7910734922031921,3.3089265077968077,clk_core,VALIDATED
587,g_chan[1].u_cdc_chw.mem[14][25]$_DFFE_PP_,4.1,1.11,0.7906404177576705,3.309359582242329,clk_core,VALIDATED
586,g_chan[1].u_cdc_chw.mem[12][25]$_DFFE_PP_,4.1,1.11,0.7906404177576705,3.309359582242329,clk_core,VALIDATED
588,g_chan[1].u_cdc_chw.mem[15][25]$_DFFE_PP_,4.1,1.11,0.790611347055848,3.3093886529441514,clk_core,VALIDATED
591,g_chan[1].u_cdc_chw.mem[1][25]$_DFFE_PP_,4.1,1.11,0.7905552251555719,3.309444774844428,clk_core,VALIDATED
589,g_chan[1].u_cdc_chw.mem[8][25]$_DFFE_PP_,4.1,1.11,0.7905552251555719,3.309444774844428,clk_core,VALIDATED
590,g_chan[1].u_cdc_chw.mem[13][25]$_DFFE_PP_,4.1,1.11,0.7905552251555719,3.309444774844428,clk_core,VALIDATED
290,g_chan[0].u_cdc_chw.wbin[3]$_DFF_PN0_,4.67,0.63,1.3560097268287057,3.313990273171294,clk_core,VALIDATED
289,g_chan[0].u_cdc_chw.wbin[2]$_DFF_PN0_,4.67,0.63,1.3560097268287057,3.313990273171294,clk_core,VALIDATED
288,g_chan[1].u_cdc_chw.wq2_rgray[4]$_DFF_PN0_,4.67,0.63,1.3557585589690186,3.3142414410309815,clk_core,VALIDATED
287,g_chan[1].u_cdc_chw.wq1_rgray[0]$_DFF_PN0_,4.67,0.63,1.3557585589690186,3.3142414410309815,clk_core,VALIDATED
291,g_chan[1].u_cdc_chw.wq1_rgray[4]$_DFF_PN0_,4.67,0.63,1.3557331150070069,3.314266884992993,clk_core,VALIDATED
362,c_cmd_len[18]$_DFFE_PN0N_,4.82,0.55,1.5021612194802065,3.3178387805197938,clk_core,VALIDATED
359,c_cmd_len[15]$_DFFE_PN0N_,4.82,0.55,1.5021612194802065,3.3178387805197938,clk_core,VALIDATED
361,c_cmd_len[17]$_DFFE_PN0N_,4.82,0.55,1.5021612194802065,3.3178387805197938,clk_core,VALIDATED
360,c_cmd_len[16]$_DFFE_PN0N_,4.82,0.55,1.5021612194802065,3.3178387805197938,clk_core,VALIDATED
351,c_cmd_addr[20]$_DFFE_PN0N_,4.82,0.55,1.5021612194802065,3.3178387805197938,clk_core,VALIDATED
352,c_cmd_addr[31]$_DFFE_PN0N_,4.82,0.55,1.5021612194802065,3.3178387805197938,clk_core,VALIDATED
353,c_cmd_len[26]$_DFFE_PN0N_,4.82,0.55,1.5021612194802065,3.3178387805197938,clk_core,VALIDATED
354,c_cmd_len[27]$_DFFE_PN0N_,4.82,0.55,1.5021612194802065,3.3178387805197938,clk_core,VALIDATED
370,c_cmd_len[11]$_DFFE_PN0N_,4.82,0.55,1.5021612194802065,3.3178387805197938,clk_core,VALIDATED
369,c_cmd_addr[22]$_DFFE_PN0N_,4.82,0.55,1.5021612194802065,3.3178387805197938,clk_core,VALIDATED
368,c_cmd_len[25]$_DFFE_PN0N_,4.82,0.55,1.5021612194802065,3.3178387805197938,clk_core,VALIDATED
367,c_cmd_len[24]$_DFFE_PN0N_,4.82,0.55,1.5021612194802065,3.3178387805197938,clk_core,VALIDATED
374,c_cmd_len[31]$_DFFE_PN0N_,4.82,0.55,1.5021612194802065,3.3178387805197938,clk_core,VALIDATED
373,c_cmd_len[30]$_DFFE_PN0N_,4.82,0.55,1.5021612194802065,3.3178387805197938,clk_core,VALIDATED
372,c_cmd_len[28]$_DFFE_PN0N_,4.82,0.55,1.5021612194802065,3.3178387805197938,clk_core,VALIDATED
371,c_cmd_len[21]$_DFFE_PN0N_,4.82,0.55,1.5021612194802065,3.3178387805197938,clk_core,VALIDATED
356,c_cmd_len[12]$_DFFE_PN0N_,4.82,0.55,1.5021612194802065,3.3178387805197938,clk_core,VALIDATED
355,c_cmd_len[29]$_DFFE_PN0N_,4.82,0.55,1.5021612194802065,3.3178387805197938,clk_core,VALIDATED
357,c_cmd_len[13]$_DFFE_PN0N_,4.82,0.55,1.5021612194802065,3.3178387805197938,clk_core,VALIDATED
358,c_cmd_len[14]$_DFFE_PN0N_,4.82,0.55,1.5021612194802065,3.3178387805197938,clk_core,VALIDATED
366,c_cmd_len[23]$_DFFE_PN0N_,4.82,0.55,1.5021612194802065,3.3178387805197938,clk_core,VALIDATED
365,c_cmd_len[22]$_DFFE_PN0N_,4.82,0.55,1.5021612194802065,3.3178387805197938,clk_core,VALIDATED
364,c_cmd_len[20]$_DFFE_PN0N_,4.82,0.55,1.5021612194802065,3.3178387805197938,clk_core,VALIDATED
363,c_cmd_len[19]$_DFFE_PN0N_,4.82,0.55,1.5021612194802065,3.3178387805197938,clk_core,VALIDATED
303,u_seq_core.addr_q[28]$_DFFE_PN0P_,4.7,0.6,1.3764806699798697,3.3235193300201304,clk_core,VALIDATED
605,g_chan[0].u_cdc_chw.mem[2][23]$_DFFE_PP_,4.11,1.1,0.7842221099263826,3.325777890073618,clk_core,VALIDATED
623,g_chan[0].u_cdc_chw.mem[4][23]$_DFFE_PP_,4.11,1.1,0.7842221099263826,3.325777890073618,clk_core,VALIDATED
607,g_chan[0].u_cdc_chw.mem[7][23]$_DFFE_PP_,4.11,1.1,0.7842221099263826,3.325777890073618,clk_core,VALIDATED
606,g_chan[0].u_cdc_chw.mem[6][23]$_DFFE_PP_,4.11,1.1,0.7842221099263826,3.325777890073618,clk_core,VALIDATED
624,g_chan[0].u_cdc_chw.mem[5][23]$_DFFE_PP_,4.11,1.1,0.7842221099263826,3.325777890073618,clk_core,VALIDATED
616,g_chan[0].u_cdc_chw.mem[3][23]$_DFFE_PP_,4.11,1.1,0.7841399797013244,3.325860020298676,clk_core,VALIDATED
625,g_chan[0].u_cdc_chw.mem[0][23]$_DFFE_PP_,4.11,1.1,0.7840489359459262,3.325951064054074,clk_core,VALIDATED
627,g_chan[0].u_cdc_chw.mem[1][23]$_DFFE_PP_,4.11,1.1,0.7840489359459262,3.325951064054074,clk_core,VALIDATED
601,g_chan[0].u_cdc_chw.mem[10][23]$_DFFE_PP_,4.11,1.1,0.7840400224155861,3.3259599775844144,clk_core,VALIDATED
602,g_chan[0].u_cdc_chw.mem[13][23]$_DFFE_PP_,4.11,1.1,0.7840400224155861,3.3259599775844144,clk_core,VALIDATED
603,g_chan[0].u_cdc_chw.mem[14][23]$_DFFE_PP_,4.11,1.1,0.7840400224155861,3.3259599775844144,clk_core,VALIDATED
604,g_chan[0].u_cdc_chw.mem[15][23]$_DFFE_PP_,4.11,1.1,0.7840400224155861,3.3259599775844144,clk_core,VALIDATED
626,g_chan[0].u_cdc_chw.mem[11][23]$_DFFE_PP_,4.11,1.1,0.7839578921905279,3.3260421078094726,clk_core,VALIDATED
628,g_chan[0].u_cdc_chw.mem[8][23]$_DFFE_PP_,4.11,1.1,0.7839578921905279,3.3260421078094726,clk_core,VALIDATED
615,g_chan[0].u_cdc_chw.mem[12][23]$_DFFE_PP_,4.11,1.1,0.7839578921905279,3.3260421078094726,clk_core,VALIDATED
629,g_chan[0].u_cdc_chw.mem[9][23]$_DFFE_PP_,4.11,1.1,0.7839578921905279,3.3260421078094726,clk_core,VALIDATED
608,g_chan[1].u_cdc_chw.mem[14][23]$_DFFE_PP_,4.11,1.1,0.7833390597564684,3.326660940243532,clk_core,VALIDATED
609,g_chan[1].u_cdc_chw.mem[15][23]$_DFFE_PP_,4.11,1.1,0.7833390597564684,3.326660940243532,clk_core,VALIDATED
620,g_chan[1].u_cdc_chw.mem[7][23]$_DFFE_PP_,4.11,1.1,0.7833270915492234,3.326672908450777,clk_core,VALIDATED
617,g_chan[1].u_cdc_chw.mem[11][23]$_DFFE_PP_,4.11,1.1,0.7833270915492234,3.326672908450777,clk_core,VALIDATED
622,g_chan[1].u_cdc_chw.mem[9][23]$_DFFE_PP_,4.11,1.1,0.7833270915492234,3.326672908450777,clk_core,VALIDATED
614,g_chan[1].u_cdc_chw.mem[10][23]$_DFFE_PP_,4.11,1.1,0.7833226295694933,3.326677370430507,clk_core,VALIDATED
621,g_chan[1].u_cdc_chw.mem[8][23]$_DFFE_PP_,4.11,1.1,0.7833111460509952,3.326688853949005,clk_core,VALIDATED
619,g_chan[1].u_cdc_chw.mem[13][23]$_DFFE_PP_,4.11,1.1,0.7833111460509952,3.326688853949005,clk_core,VALIDATED
618,g_chan[1].u_cdc_chw.mem[12][23]$_DFFE_PP_,4.11,1.1,0.7833111460509952,3.326688853949005,clk_core,VALIDATED
689,g_chan[0].u_cdc_chw.mem[8][16]$_DFFE_PP_,4.11,1.09,0.778875638687173,3.331124361312827,clk_core,VALIDATED
699,g_chan[0].u_cdc_chw.mem[15][16]$_DFFE_PP_,4.11,1.09,0.778875638687173,3.331124361312827,clk_core,VALIDATED
690,g_chan[0].u_cdc_chw.mem[9][16]$_DFFE_PP_,4.11,1.09,0.778875638687173,3.331124361312827,clk_core,VALIDATED
688,g_chan[0].u_cdc_chw.mem[12][16]$_DFFE_PP_,4.11,1.09,0.778875638687173,3.331124361312827,clk_core,VALIDATED
697,g_chan[0].u_cdc_chw.mem[13][16]$_DFFE_PP_,4.11,1.09,0.778875638687173,3.331124361312827,clk_core,VALIDATED
696,g_chan[0].u_cdc_chw.mem[10][16]$_DFFE_PP_,4.11,1.09,0.778875638687173,3.331124361312827,clk_core,VALIDATED
698,g_chan[0].u_cdc_chw.mem[14][16]$_DFFE_PP_,4.11,1.09,0.7788263389432822,3.331173661056718,clk_core,VALIDATED
695,g_chan[0].u_cdc_chw.mem[11][16]$_DFFE_PP_,4.11,1.09,0.7788263389432823,3.331173661056718,clk_core,VALIDATED
637,g_chan[0].u_cdc_chw.mem[10][12]$_DFFE_PP_,4.11,1.09,0.7787191735120783,3.331280826487922,clk_core,VALIDATED
645,g_chan[0].u_cdc_chw.mem[13][12]$_DFFE_PP_,4.11,1.09,0.7787191735120783,3.331280826487922,clk_core,VALIDATED
646,g_chan[0].u_cdc_chw.mem[14][12]$_DFFE_PP_,4.11,1.09,0.7787191735120783,3.331280826487922,clk_core,VALIDATED
652,g_chan[0].u_cdc_chw.mem[9][12]$_DFFE_PP_,4.11,1.09,0.7787191735120783,3.331280826487922,clk_core,VALIDATED
651,g_chan[0].u_cdc_chw.mem[8][12]$_DFFE_PP_,4.11,1.09,0.7787191735120783,3.331280826487922,clk_core,VALIDATED
647,g_chan[0].u_cdc_chw.mem[15][12]$_DFFE_PP_,4.11,1.09,0.7787191735120783,3.331280826487922,clk_core,VALIDATED
638,g_chan[0].u_cdc_chw.mem[11][12]$_DFFE_PP_,4.11,1.09,0.7787191735120783,3.331280826487922,clk_core,VALIDATED
677,g_chan[0].u_cdc_chw.mem[6][16]$_DFFE_PP_,4.11,1.09,0.7786496032239248,3.3313503967760756,clk_core,VALIDATED
678,g_chan[0].u_cdc_chw.mem[7][16]$_DFFE_PP_,4.11,1.09,0.7786496032239248,3.3313503967760756,clk_core,VALIDATED
649,g_chan[0].u_cdc_chw.mem[5][12]$_DFFE_PP_,4.11,1.09,0.7786424833724516,3.331357516627549,clk_core,VALIDATED
644,g_chan[0].u_cdc_chw.mem[12][12]$_DFFE_PP_,4.11,1.09,0.7786424833724516,3.331357516627549,clk_core,VALIDATED
648,g_chan[0].u_cdc_chw.mem[4][12]$_DFFE_PP_,4.11,1.09,0.7786424833724516,3.331357516627549,clk_core,VALIDATED
650,g_chan[0].u_cdc_chw.mem[6][12]$_DFFE_PP_,4.11,1.09,0.7786424833724516,3.331357516627549,clk_core,VALIDATED
641,g_chan[0].u_cdc_chw.mem[3][12]$_DFFE_PP_,4.11,1.09,0.7786087906399928,3.3313912093600075,clk_core,VALIDATED
674,g_chan[0].u_cdc_chw.mem[3][16]$_DFFE_PP_,4.11,1.09,0.778602812747838,3.331397187252162,clk_core,VALIDATED
676,g_chan[0].u_cdc_chw.mem[5][16]$_DFFE_PP_,4.11,1.09,0.778602812747838,3.331397187252162,clk_core,VALIDATED
680,g_chan[0].u_cdc_chw.mem[0][16]$_DFFE_PP_,4.11,1.09,0.778602812747838,3.331397187252162,clk_core,VALIDATED
681,g_chan[0].u_cdc_chw.mem[2][16]$_DFFE_PP_,4.11,1.09,0.778602812747838,3.331397187252162,clk_core,VALIDATED
675,g_chan[0].u_cdc_chw.mem[4][16]$_DFFE_PP_,4.11,1.09,0.778602812747838,3.331397187252162,clk_core,VALIDATED
673,g_chan[0].u_cdc_chw.mem[1][16]$_DFFE_PP_,4.11,1.09,0.778602812747838,3.331397187252162,clk_core,VALIDATED
639,g_chan[0].u_cdc_chw.mem[1][12]$_DFFE_PP_,4.11,1.09,0.7785657932328248,3.3314342067671756,clk_core,VALIDATED
643,g_chan[0].u_cdc_chw.mem[0][12]$_DFFE_PP_,4.11,1.09,0.7785657932328248,3.3314342067671756,clk_core,VALIDATED
642,g_chan[0].u_cdc_chw.mem[7][12]$_DFFE_PP_,4.11,1.09,0.7785657932328248,3.3314342067671756,clk_core,VALIDATED
640,g_chan[0].u_cdc_chw.mem[2][12]$_DFFE_PP_,4.11,1.09,0.7785657932328248,3.3314342067671756,clk_core,VALIDATED
668,g_chan[0].u_cdc_chw.mem[6][19]$_DFFE_PP_,4.11,1.09,0.7784126698599291,3.331587330140071,clk_core,VALIDATED
661,g_chan[0].u_cdc_chw.mem[3][19]$_DFFE_PP_,4.11,1.09,0.7783726069713056,3.3316273930286946,clk_core,VALIDATED
660,g_chan[0].u_cdc_chw.mem[2][19]$_DFFE_PP_,4.11,1.09,0.7783726069713056,3.3316273930286946,clk_core,VALIDATED
669,g_chan[0].u_cdc_chw.mem[7][19]$_DFFE_PP_,4.11,1.09,0.7783726069713055,3.331627393028695,clk_core,VALIDATED
653,g_chan[0].u_cdc_chw.mem[0][19]$_DFFE_PP_,4.11,1.09,0.778332544082682,3.3316674559173185,clk_core,VALIDATED
665,g_chan[0].u_cdc_chw.mem[9][19]$_DFFE_PP_,4.11,1.09,0.778332544082682,3.3316674559173185,clk_core,VALIDATED
655,g_chan[0].u_cdc_chw.mem[11][19]$_DFFE_PP_,4.11,1.09,0.778332544082682,3.3316674559173185,clk_core,VALIDATED
663,g_chan[0].u_cdc_chw.mem[5][19]$_DFFE_PP_,4.11,1.09,0.778332544082682,3.3316674559173185,clk_core,VALIDATED
654,g_chan[0].u_cdc_chw.mem[10][19]$_DFFE_PP_,4.11,1.09,0.778332544082682,3.3316674559173185,clk_core,VALIDATED
662,g_chan[0].u_cdc_chw.mem[4][19]$_DFFE_PP_,4.11,1.09,0.778332544082682,3.3316674559173185,clk_core,VALIDATED
658,g_chan[0].u_cdc_chw.mem[15][19]$_DFFE_PP_,4.11,1.09,0.778332544082682,3.3316674559173185,clk_core,VALIDATED
659,g_chan[0].u_cdc_chw.mem[1][19]$_DFFE_PP_,4.11,1.09,0.778332544082682,3.3316674559173185,clk_core,VALIDATED
664,g_chan[0].u_cdc_chw.mem[8][19]$_DFFE_PP_,4.11,1.09,0.7783043988838246,3.331695601116176,clk_core,VALIDATED
657,g_chan[0].u_cdc_chw.mem[14][19]$_DFFE_PP_,4.11,1.09,0.7783043988838246,3.331695601116176,clk_core,VALIDATED
656,g_chan[0].u_cdc_chw.mem[13][19]$_DFFE_PP_,4.11,1.09,0.7782762536849673,3.331723746315033,clk_core,VALIDATED
632,g_chan[0].u_cdc_chw.mem[12][19]$_DFFE_PP_,4.11,1.09,0.7782481084861098,3.3317518915138904,clk_core,VALIDATED
207,u_seq_core.chan_q$_DFFE_PN0P_,4.65,0.64,1.317767191763184,3.3322328082368164,clk_core,VALIDATED
684,g_chan[1].u_cdc_chw.mem[2][16]$_DFFE_PP_,4.11,1.09,0.777415795337821,3.3325842046621794,clk_core,VALIDATED
685,g_chan[1].u_cdc_chw.mem[3][16]$_DFFE_PP_,4.11,1.09,0.7773342218398354,3.332665778160165,clk_core,VALIDATED
682,g_chan[1].u_cdc_chw.mem[0][16]$_DFFE_PP_,4.11,1.09,0.7773342218398354,3.332665778160165,clk_core,VALIDATED
687,g_chan[1].u_cdc_chw.mem[7][16]$_DFFE_PP_,4.11,1.09,0.7773323033395962,3.332667696660404,clk_core,VALIDATED
686,g_chan[1].u_cdc_chw.mem[6][16]$_DFFE_PP_,4.11,1.09,0.7773323033395962,3.332667696660404,clk_core,VALIDATED
683,g_chan[1].u_cdc_chw.mem[1][16]$_DFFE_PP_,4.11,1.09,0.7773323033395962,3.332667696660404,clk_core,VALIDATED
671,g_chan[1].u_cdc_chw.mem[6][19]$_DFFE_PP_,4.11,1.09,0.7771864440127377,3.3328135559872627,clk_core,VALIDATED
672,g_chan[1].u_cdc_chw.mem[7][19]$_DFFE_PP_,4.11,1.09,0.7771864440127377,3.3328135559872627,clk_core,VALIDATED
670,g_chan[1].u_cdc_chw.mem[3][19]$_DFFE_PP_,4.11,1.09,0.7771845255124987,3.332815474487502,clk_core,VALIDATED
692,g_chan[1].u_cdc_chw.mem[4][16]$_DFFE_PP_,4.11,1.09,0.7771531759057522,3.332846824094248,clk_core,VALIDATED
693,g_chan[1].u_cdc_chw.mem[5][16]$_DFFE_PP_,4.11,1.09,0.7771531759057522,3.332846824094248,clk_core,VALIDATED
667,g_chan[1].u_cdc_chw.mem[2][19]$_DFFE_PP_,4.11,1.09,0.7771390189733147,3.332860981026686,clk_core,VALIDATED
691,g_chan[1].u_cdc_chw.mem[9][16]$_DFFE_PP_,4.11,1.09,0.7771019263506319,3.3328980736493685,clk_core,VALIDATED
694,g_chan[1].u_cdc_chw.mem[8][16]$_DFFE_PP_,4.11,1.09,0.7771019263506319,3.3328980736493685,clk_core,VALIDATED
636,g_chan[1].u_cdc_chw.mem[11][16]$_DFFE_PP_,4.11,1.09,0.7770506767955117,3.3329493232044887,clk_core,VALIDATED
679,g_chan[1].u_cdc_chw.mem[5][19]$_DFFE_PP_,4.11,1.09,0.7770053980786544,3.332994601921346,clk_core,VALIDATED
635,g_chan[1].u_cdc_chw.mem[4][19]$_DFFE_PP_,4.11,1.09,0.7770053980786544,3.332994601921346,clk_core,VALIDATED
633,g_chan[1].u_cdc_chw.mem[0][19]$_DFFE_PP_,4.11,1.09,0.7770053980786544,3.332994601921346,clk_core,VALIDATED
634,g_chan[1].u_cdc_chw.mem[1][19]$_DFFE_PP_,4.11,1.09,0.7770053980786544,3.332994601921346,clk_core,VALIDATED
631,g_chan[1].u_cdc_chw.mem[8][19]$_DFFE_PP_,4.11,1.09,0.776902898968414,3.333097101031586,clk_core,VALIDATED
630,g_chan[1].u_cdc_chw.mem[11][19]$_DFFE_PP_,4.11,1.09,0.776902898968414,3.333097101031586,clk_core,VALIDATED
666,g_chan[1].u_cdc_chw.mem[9][19]$_DFFE_PP_,4.11,1.09,0.7768972058693264,3.333102794130674,clk_core,VALIDATED
701,u_dma_fabric.rbeat_data[11]$_DFFE_PN0P_,4.12,1.08,0.7789434473896006,3.3410565526103992,clk_core,VALIDATED
700,u_dma_fabric.rbeat_data[8]$_DFFE_PN0P_,4.12,1.08,0.7789200486214956,3.3410799513785046,clk_core,VALIDATED
326,g_chan[0].u_cdc_chcmd.wgray[3]$_DFF_PN0_,4.75,0.55,1.403621257656713,3.346378742343287,clk_core,VALIDATED
325,g_chan[0].u_cdc_chcmd.wgray[2]$_DFF_PN0_,4.75,0.55,1.403621257656713,3.346378742343287,clk_core,VALIDATED
329,g_chan[0].u_cdc_chcmd.wq2_rgray[4]$_DFF_PN0_,4.75,0.55,1.403621257656713,3.346378742343287,clk_core,VALIDATED
328,g_chan[0].u_cdc_chcmd.wq1_rgray[4]$_DFF_PN0_,4.75,0.55,1.403621257656713,3.346378742343287,clk_core,VALIDATED
336,g_chan[0].u_cdc_chcmd.wq2_rgray[2]$_DFF_PN0_,4.75,0.55,1.403621257656713,3.346378742343287,clk_core,VALIDATED
337,g_chan[0].u_cdc_chcmd.wq1_rgray[0]$_DFF_PN0_,4.75,0.55,1.403621257656713,3.346378742343287,clk_core,VALIDATED
339,g_chan[0].u_cdc_chcmd.wq2_rgray[3]$_DFF_PN0_,4.75,0.55,1.403621257656713,3.346378742343287,clk_core,VALIDATED
338,g_chan[0].u_cdc_chcmd.wq2_rgray[0]$_DFF_PN0_,4.75,0.55,1.403621257656713,3.346378742343287,clk_core,VALIDATED
724,g_chan[1].u_cdc_chw.mem[0][24]$_DFFE_PP_,4.15,1.06,0.798372477323884,3.3516275226761163,clk_core,VALIDATED
725,g_chan[1].u_cdc_chw.mem[1][24]$_DFFE_PP_,4.15,1.06,0.798372477323884,3.3516275226761163,clk_core,VALIDATED
729,g_chan[1].u_cdc_chw.mem[5][24]$_DFFE_PP_,4.15,1.06,0.7983431605104779,3.3516568394895225,clk_core,VALIDATED
728,g_chan[1].u_cdc_chw.mem[4][24]$_DFFE_PP_,4.15,1.06,0.7983431605104779,3.3516568394895225,clk_core,VALIDATED
727,g_chan[1].u_cdc_chw.mem[3][24]$_DFFE_PP_,4.15,1.06,0.7983138436970719,3.3516861563029283,clk_core,VALIDATED
726,g_chan[1].u_cdc_chw.mem[2][24]$_DFFE_PP_,4.15,1.06,0.7983138436970719,3.3516861563029283,clk_core,VALIDATED
723,g_chan[1].u_cdc_chw.mem[13][24]$_DFFE_PP_,4.15,1.06,0.7983022043139838,3.3516977956860163,clk_core,VALIDATED
722,g_chan[1].u_cdc_chw.mem[12][24]$_DFFE_PP_,4.15,1.06,0.7983022043139838,3.3516977956860163,clk_core,VALIDATED
720,g_chan[1].u_cdc_chw.mem[8][24]$_DFFE_PP_,4.15,1.06,0.798260807505214,3.3517391924947866,clk_core,VALIDATED
721,g_chan[1].u_cdc_chw.mem[9][24]$_DFFE_PP_,4.15,1.06,0.798260807505214,3.3517391924947866,clk_core,VALIDATED
714,g_chan[1].u_cdc_chw.mem[10][24]$_DFFE_PP_,4.15,1.06,0.798260807505214,3.3517391924947866,clk_core,VALIDATED
715,g_chan[1].u_cdc_chw.mem[11][24]$_DFFE_PP_,4.15,1.06,0.798260807505214,3.3517391924947866,clk_core,VALIDATED
716,g_chan[1].u_cdc_chw.mem[14][24]$_DFFE_PP_,4.15,1.06,0.7982424792451753,3.351757520754825,clk_core,VALIDATED
717,g_chan[1].u_cdc_chw.mem[15][24]$_DFFE_PP_,4.15,1.06,0.7982424792451753,3.351757520754825,clk_core,VALIDATED
765,g_chan[1].u_cdc_chw.mem[0][23]$_DFFE_PP_,4.18,1.03,0.8232067619327879,3.356793238067212,clk_core,VALIDATED
766,g_chan[1].u_cdc_chw.mem[1][23]$_DFFE_PP_,4.18,1.03,0.8232067619327879,3.356793238067212,clk_core,VALIDATED
317,c_cmd_addr[16]$_DFFE_PN0N_,4.73,0.63,1.3667288857214621,3.3632711142785383,clk_core,VALIDATED
712,u_dma_fabric.rbeat_data[22]$_DFFE_PN0P_,4.14,1.07,0.7729856383146457,3.367014361685354,clk_core,VALIDATED
733,g_chan[1].u_cdc_chw.mem[5][25]$_DFFE_PP_,4.16,1.05,0.790850023264903,3.3691499767350974,clk_core,VALIDATED
739,g_chan[1].u_cdc_chw.mem[6][25]$_DFFE_PP_,4.16,1.05,0.790850023264903,3.3691499767350974,clk_core,VALIDATED
734,g_chan[1].u_cdc_chw.mem[7][25]$_DFFE_PP_,4.16,1.05,0.790850023264903,3.3691499767350974,clk_core,VALIDATED
738,g_chan[1].u_cdc_chw.mem[4][25]$_DFFE_PP_,4.16,1.05,0.790850023264903,3.3691499767350974,clk_core,VALIDATED
737,g_chan[1].u_cdc_chw.mem[3][25]$_DFFE_PP_,4.16,1.05,0.790818075392043,3.369181924607957,clk_core,VALIDATED
736,g_chan[1].u_cdc_chw.mem[2][25]$_DFFE_PP_,4.16,1.05,0.790818075392043,3.369181924607957,clk_core,VALIDATED
732,g_chan[1].u_cdc_chw.mem[11][25]$_DFFE_PP_,4.16,1.05,0.790818075392043,3.369181924607957,clk_core,VALIDATED
740,g_chan[1].u_cdc_chw.mem[9][25]$_DFFE_PP_,4.16,1.05,0.790818075392043,3.369181924607957,clk_core,VALIDATED
735,g_chan[1].u_cdc_chw.mem[0][25]$_DFFE_PP_,4.16,1.05,0.790818075392043,3.369181924607957,clk_core,VALIDATED
731,g_chan[1].u_cdc_chw.mem[10][25]$_DFFE_PP_,4.16,1.05,0.7907992442999846,3.3692007557000156,clk_core,VALIDATED
595,g_chan[1].u_cdc_chw.mem[2][12]$_DFFE_PP_,4.11,1.09,0.7379302693707817,3.3720697306292187,clk_core,VALIDATED
598,g_chan[1].u_cdc_chw.mem[5][12]$_DFFE_PP_,4.11,1.09,0.7378767613829467,3.3721232386170534,clk_core,VALIDATED
593,g_chan[1].u_cdc_chw.mem[1][12]$_DFFE_PP_,4.11,1.09,0.7378767613829467,3.3721232386170534,clk_core,VALIDATED
599,g_chan[1].u_cdc_chw.mem[7][12]$_DFFE_PP_,4.11,1.09,0.7378767613829467,3.3721232386170534,clk_core,VALIDATED
596,g_chan[1].u_cdc_chw.mem[3][12]$_DFFE_PP_,4.11,1.09,0.7378767613829467,3.3721232386170534,clk_core,VALIDATED
597,g_chan[1].u_cdc_chw.mem[4][12]$_DFFE_PP_,4.11,1.09,0.7378767613829467,3.3721232386170534,clk_core,VALIDATED
592,g_chan[1].u_cdc_chw.mem[0][12]$_DFFE_PP_,4.11,1.09,0.7378232533951119,3.3721767466048886,clk_core,VALIDATED
594,g_chan[1].u_cdc_chw.mem[6][12]$_DFFE_PP_,4.11,1.09,0.7378232533951119,3.3721767466048886,clk_core,VALIDATED
713,u_dma_fabric.rbeat_data[31]$_DFFE_PN0P_,4.14,1.06,0.7654109987588358,3.374589001241164,clk_core,VALIDATED
710,u_dma_fabric.rbeat_data[24]$_DFFE_PN0P_,4.14,1.06,0.7647995878350429,3.375200412164957,clk_core,VALIDATED
711,u_dma_fabric.rbeat_data[6]$_DFFE_PN0P_,4.14,1.06,0.7646493576701157,3.375350642329884,clk_core,VALIDATED
747,g_chan[1].u_cdc_chw.mem[9][12]$_DFFE_PP_,4.17,1.03,0.776519542750435,3.3934804572495647,clk_core,VALIDATED
748,g_chan[1].u_cdc_chw.mem[8][12]$_DFFE_PP_,4.17,1.03,0.776519542750435,3.3934804572495647,clk_core,VALIDATED
318,u_seq_core.addr_q[29]$_DFFE_PN0P_,4.74,0.56,1.3455337260681894,3.394466273931811,clk_core,VALIDATED
340,c_cmd_addr[27]$_DFFE_PN0N_,4.81,0.56,1.4124163529802547,3.397583647019745,clk_core,VALIDATED
342,c_cmd_addr[29]$_DFFE_PN0N_,4.81,0.56,1.4124163529802547,3.397583647019745,clk_core,VALIDATED
341,c_cmd_addr[28]$_DFFE_PN0N_,4.81,0.56,1.4124163529802547,3.397583647019745,clk_core,VALIDATED
764,g_chan[1].u_cdc_chw.mem[12][16]$_DFFE_PP_,4.18,1.03,0.7764706785667728,3.403529321433227,clk_core,VALIDATED
759,g_chan[1].u_cdc_chw.mem[10][16]$_DFFE_PP_,4.18,1.03,0.7764194013540404,3.4035805986459593,clk_core,VALIDATED
761,g_chan[1].u_cdc_chw.mem[14][16]$_DFFE_PP_,4.18,1.03,0.7764194013540404,3.4035805986459593,clk_core,VALIDATED
762,g_chan[1].u_cdc_chw.mem[15][16]$_DFFE_PP_,4.18,1.03,0.7764194013540404,3.4035805986459593,clk_core,VALIDATED
760,g_chan[1].u_cdc_chw.mem[13][16]$_DFFE_PP_,4.18,1.03,0.7764194013540404,3.4035805986459593,clk_core,VALIDATED
754,g_chan[1].u_cdc_chw.mem[10][19]$_DFFE_PP_,4.18,1.03,0.7762715437763612,3.4037284562236385,clk_core,VALIDATED
758,g_chan[1].u_cdc_chw.mem[15][19]$_DFFE_PP_,4.18,1.03,0.7762715437763612,3.4037284562236385,clk_core,VALIDATED
756,g_chan[1].u_cdc_chw.mem[13][19]$_DFFE_PP_,4.18,1.03,0.7762715437763612,3.4037284562236385,clk_core,VALIDATED
755,g_chan[1].u_cdc_chw.mem[12][19]$_DFFE_PP_,4.18,1.03,0.7762715437763612,3.4037284562236385,clk_core,VALIDATED
757,g_chan[1].u_cdc_chw.mem[14][19]$_DFFE_PP_,4.18,1.03,0.7762715437763612,3.4037284562236385,clk_core,VALIDATED
875,u_host_if.reg_len[22]$_DFFE_PN0P_,6.6,3.5,3.188542867808129,3.4114571321918707,clk_host,VALIDATED
772,u_dma_fabric.rbeat_data[28]$_DFFE_PN0P_,4.19,1.01,0.7691710320842831,3.4208289679157176,clk_core,VALIDATED
771,u_dma_fabric.rbeat_data[2]$_DFFE_PN0P_,4.19,1.01,0.7687335206626424,3.421266479337358,clk_core,VALIDATED
770,u_dma_fabric.rbeat_data[7]$_DFFE_PN0P_,4.19,1.01,0.7681916550779904,3.42180834492201,clk_core,VALIDATED
768,u_dma_fabric.rbeat_data[0]$_DFFE_PN0P_,4.19,1.01,0.7676588494229546,3.422341150577046,clk_core,VALIDATED
345,c_cmd_addr[21]$_DFFE_PN0N_,4.81,0.56,1.3873344609770075,3.422665539022992,clk_core,VALIDATED
350,c_cmd_addr[5]$_DFFE_PN0N_,4.81,0.56,1.3873344609770075,3.422665539022992,clk_core,VALIDATED
343,c_cmd_addr[10]$_DFFE_PN0N_,4.81,0.56,1.3873344609770075,3.422665539022992,clk_core,VALIDATED
346,c_cmd_addr[26]$_DFFE_PN0N_,4.81,0.56,1.3873344609770075,3.422665539022992,clk_core,VALIDATED
348,c_cmd_addr[3]$_DFFE_PN0N_,4.81,0.56,1.3873344609770075,3.422665539022992,clk_core,VALIDATED
347,c_cmd_addr[30]$_DFFE_PN0N_,4.81,0.56,1.3873344609770075,3.422665539022992,clk_core,VALIDATED
349,c_cmd_addr[4]$_DFFE_PN0N_,4.81,0.56,1.3873344609770075,3.422665539022992,clk_core,VALIDATED
344,c_cmd_addr[11]$_DFFE_PN0N_,4.81,0.56,1.3873344609770075,3.422665539022992,clk_core,VALIDATED
769,u_dma_fabric.rbeat_data[1]$_DFFE_PN0P_,4.19,1.01,0.7669670314763586,3.423032968523642,clk_core,VALIDATED
324,u_seq_core.addr_q[24]$_DFFE_PN0P_,4.75,0.55,1.321466199674715,3.428533800325285,clk_core,VALIDATED
323,u_seq_core.addr_q[13]$_DFFE_PN0P_,4.75,0.55,1.321466199674715,3.428533800325285,clk_core,VALIDATED
319,u_seq_core.addr_q[15]$_DFFE_PN0P_,4.75,0.55,1.32146596827343,3.42853403172657,clk_core,VALIDATED
322,u_seq_core.addr_q[16]$_DFFE_PN0P_,4.75,0.55,1.3214587678228051,3.428541232177195,clk_core,VALIDATED
321,u_seq_core.addr_q[12]$_DFFE_PN0P_,4.75,0.55,1.3214587678228051,3.428541232177195,clk_core,VALIDATED
320,u_seq_core.addr_q[0]$_DFFE_PN0P_,4.75,0.55,1.3214587678228051,3.428541232177195,clk_core,VALIDATED
708,u_dma_fabric.rbeat_data[25]$_DFFE_PN0P_,4.13,1.07,0.6955570771598423,3.434442922840158,clk_core,VALIDATED
706,u_dma_fabric.rbeat_data[9]$_DFFE_PN0P_,4.13,1.07,0.69552261580433,3.43447738419567,clk_core,VALIDATED
743,g_chan[1].u_cdc_chw.mem[12][12]$_DFFE_PP_,4.17,1.03,0.7348120048670772,3.4351879951329227,clk_core,VALIDATED
744,g_chan[1].u_cdc_chw.mem[13][12]$_DFFE_PP_,4.17,1.03,0.7347302167894669,3.435269783210533,clk_core,VALIDATED
742,g_chan[1].u_cdc_chw.mem[11][12]$_DFFE_PP_,4.17,1.03,0.7347011944904129,3.435298805509587,clk_core,VALIDATED
741,g_chan[1].u_cdc_chw.mem[10][12]$_DFFE_PP_,4.17,1.03,0.7347011944904129,3.435298805509587,clk_core,VALIDATED
745,g_chan[1].u_cdc_chw.mem[14][12]$_DFFE_PP_,4.17,1.03,0.7343218716281733,3.4356781283718267,clk_core,VALIDATED
746,g_chan[1].u_cdc_chw.mem[15][12]$_DFFE_PP_,4.17,1.03,0.7343218716281733,3.4356781283718267,clk_core,VALIDATED
709,u_dma_fabric.rbeat_data[21]$_DFFE_PN0P_,4.13,1.06,0.6892876273980222,3.4407123726019777,clk_core,VALIDATED
707,u_dma_fabric.rbeat_data[15]$_DFFE_PN0P_,4.13,1.06,0.6891738827874112,3.4408261172125885,clk_core,VALIDATED
788,g_chan[0].u_cdc_chw.mem[14][22]$_DFFE_PP_,4.2,1.0,0.7547900430410907,3.4452099569589096,clk_core,VALIDATED
789,g_chan[0].u_cdc_chw.mem[15][22]$_DFFE_PP_,4.2,1.0,0.7547900430410907,3.4452099569589096,clk_core,VALIDATED
780,g_chan[0].u_cdc_chw.mem[13][22]$_DFFE_PP_,4.2,1.0,0.7547888613039794,3.445211138696021,clk_core,VALIDATED
779,g_chan[0].u_cdc_chw.mem[12][22]$_DFFE_PP_,4.2,1.0,0.7547888613039794,3.445211138696021,clk_core,VALIDATED
783,g_chan[0].u_cdc_chw.mem[3][22]$_DFFE_PP_,4.2,1.0,0.7547876795668681,3.445212320433132,clk_core,VALIDATED
781,g_chan[0].u_cdc_chw.mem[1][22]$_DFFE_PP_,4.2,1.0,0.7547876795668681,3.445212320433132,clk_core,VALIDATED
784,g_chan[0].u_cdc_chw.mem[8][22]$_DFFE_PP_,4.2,1.0,0.7547876795668681,3.445212320433132,clk_core,VALIDATED
777,g_chan[0].u_cdc_chw.mem[0][22]$_DFFE_PP_,4.2,1.0,0.7547876795668681,3.445212320433132,clk_core,VALIDATED
785,g_chan[0].u_cdc_chw.mem[9][22]$_DFFE_PP_,4.2,1.0,0.7547876795668681,3.445212320433132,clk_core,VALIDATED
782,g_chan[0].u_cdc_chw.mem[2][22]$_DFFE_PP_,4.2,1.0,0.7547876795668681,3.445212320433132,clk_core,VALIDATED
778,g_chan[0].u_cdc_chw.mem[10][22]$_DFFE_PP_,4.2,1.0,0.7546948719847307,3.4453051280152693,clk_core,VALIDATED
792,g_chan[0].u_cdc_chw.mem[4][18]$_DFFE_PP_,4.2,1.0,0.754474874923828,3.445525125076172,clk_core,VALIDATED
793,g_chan[0].u_cdc_chw.mem[5][18]$_DFFE_PP_,4.2,1.0,0.754474874923828,3.445525125076172,clk_core,VALIDATED
798,g_chan[0].u_cdc_chw.mem[11][22]$_DFFE_PP_,4.2,1.0,0.7544312181679215,3.445568781832079,clk_core,VALIDATED
796,g_chan[0].u_cdc_chw.mem[6][22]$_DFFE_PP_,4.2,1.0,0.7544312181679215,3.445568781832079,clk_core,VALIDATED
794,g_chan[0].u_cdc_chw.mem[4][22]$_DFFE_PP_,4.2,1.0,0.7544312181679215,3.445568781832079,clk_core,VALIDATED
797,g_chan[0].u_cdc_chw.mem[7][22]$_DFFE_PP_,4.2,1.0,0.7544312181679215,3.445568781832079,clk_core,VALIDATED
795,g_chan[0].u_cdc_chw.mem[5][22]$_DFFE_PP_,4.2,1.0,0.7544312181679215,3.445568781832079,clk_core,VALIDATED
791,g_chan[1].u_cdc_chw.mem[7][22]$_DFFE_PP_,4.2,1.0,0.7535828769680093,3.446417123031991,clk_core,VALIDATED
790,g_chan[1].u_cdc_chw.mem[3][22]$_DFFE_PP_,4.2,1.0,0.7535828769680093,3.446417123031991,clk_core,VALIDATED
774,g_chan[1].u_cdc_chw.mem[2][22]$_DFFE_PP_,4.2,1.0,0.753546333490143,3.446453666509857,clk_core,VALIDATED
776,g_chan[1].u_cdc_chw.mem[5][22]$_DFFE_PP_,4.2,1.0,0.753546333490143,3.446453666509857,clk_core,VALIDATED
773,g_chan[1].u_cdc_chw.mem[0][22]$_DFFE_PP_,4.2,1.0,0.7535024613735917,3.4464975386264083,clk_core,VALIDATED
775,g_chan[1].u_cdc_chw.mem[4][22]$_DFFE_PP_,4.2,1.0,0.7535024613735917,3.4464975386264083,clk_core,VALIDATED
787,g_chan[1].u_cdc_chw.mem[1][22]$_DFFE_PP_,4.2,1.0,0.7534642108755605,3.4465357891244395,clk_core,VALIDATED
786,g_chan[1].u_cdc_chw.mem[11][22]$_DFFE_PP_,4.2,1.0,0.7534178525852723,3.446582147414728,clk_core,VALIDATED
817,u_host_if.reg_len[14]$_DFFE_PN0P_,6.53,3.58,3.0476312563431938,3.4823687436568065,clk_host,VALIDATED
826,u_host_if.reg_len[11]$_DFFE_PN0P_,6.53,3.58,3.0476312563431938,3.4823687436568065,clk_host,VALIDATED
836,u_host_if.reg_len[2]$_DFFE_PN0P_,6.53,3.58,3.0476312563431938,3.4823687436568065,clk_host,VALIDATED
835,u_host_if.reg_len[7]$_DFFE_PN0P_,6.53,3.58,3.0476312563431938,3.4823687436568065,clk_host,VALIDATED
827,u_host_if.reg_len[9]$_DFFE_PN0P_,6.53,3.58,3.0476312563431938,3.4823687436568065,clk_host,VALIDATED
837,u_host_if.reg_len[8]$_DFFE_PN0P_,6.53,3.58,3.0476312563431938,3.4823687436568065,clk_host,VALIDATED
838,u_host_if.reg_len[5]$_DFFE_PN0P_,6.53,3.58,3.0476312563431938,3.4823687436568065,clk_host,VALIDATED
887,u_host_if.reg_addr[22]$_DFFE_PN0P_,6.61,3.5,2.7968625817961374,3.813137418203863,clk_host,VALIDATED
885,u_host_if.reg_addr[19]$_DFFE_PN0P_,6.61,3.5,2.796772697421348,3.8132273025786523,clk_host,VALIDATED
884,u_host_if.reg_addr[14]$_DFFE_PN0P_,6.61,3.5,2.796772697421348,3.8132273025786523,clk_host,VALIDATED
855,u_host_if.reg_addr[4]$_DFFE_PN0P_,6.55,3.56,2.630158943018087,3.919841056981913,clk_host,VALIDATED
854,u_host_if.reg_addr[3]$_DFFE_PN0P_,6.55,3.56,2.6300046117480353,3.9199953882519645,clk_host,VALIDATED
852,u_host_if.reg_addr[8]$_DFFE_PN0P_,6.55,3.56,2.629709002007243,3.920290997992757,clk_host,VALIDATED
851,u_host_if.reg_addr[6]$_DFFE_PN0P_,6.55,3.56,2.629709002007243,3.920290997992757,clk_host,VALIDATED
856,u_host_if.reg_addr[5]$_DFFE_PN0P_,6.55,3.56,2.629693564714411,3.920306435285589,clk_host,VALIDATED
929,u_host_if.reg_opcode[7]$_DFFE_PN0P_,6.69,3.43,2.740659505277181,3.9493404947228195,clk_host,VALIDATED
820,u_host_if.reg_len[13]$_DFFE_PN0P_,6.53,3.58,2.2996268082402036,4.230373191759797,clk_host,VALIDATED
834,u_host_if.reg_len[6]$_DFFE_PN0P_,6.53,3.58,2.299533753220838,4.230466246779162,clk_host,VALIDATED
822,u_host_if.reg_len[3]$_DFFE_PN0P_,6.53,3.58,2.2993741847214917,4.230625815278509,clk_host,VALIDATED
853,u_host_if.reg_addr[29]$_DFFE_PN0P_,6.55,3.56,1.772334447282514,4.777665552717486,clk_host,VALIDATED
847,u_host_if.reg_addr[28]$_DFFE_PN0P_,6.55,3.56,1.7722839045237246,4.777716095476276,clk_host,VALIDATED
846,u_host_if.reg_addr[26]$_DFFE_PN0P_,6.55,3.56,1.7721300302480412,4.777869969751959,clk_host,VALIDATED
848,u_host_if.reg_addr[27]$_DFFE_PN0P_,6.55,3.56,1.7720164598540458,4.777983540145954,clk_host,VALIDATED
850,u_host_if.reg_addr[0]$_DFFE_PN0P_,6.55,3.56,1.7711362018771788,4.778863798122821,clk_host,VALIDATED
841,u_host_if.reg_addr[13]$_DFFE_PN0P_,6.55,3.56,1.770988643770448,4.779011356229551,clk_host,VALIDATED
927,u_host_if.reg_opcode[3]$_DFFE_PN0P_,6.69,3.43,1.844624452425631,4.84537554757437,clk_host,VALIDATED
928,u_host_if.reg_opcode[6]$_DFFE_PN0P_,6.69,3.43,1.844624452425631,4.84537554757437,clk_host,VALIDATED
874,u_host_if.reg_len[12]$_DFFE_PN0P_,6.6,3.5,1.6218036468079435,4.978196353192056,clk_host,VALIDATED
833,u_host_if.reg_len[4]$_DFFE_PN0P_,6.53,3.58,1.551436250098482,4.978563749901518,clk_host,VALIDATED
818,u_host_if.reg_len[0]$_DFFE_PN0P_,6.53,3.58,1.551117113099789,4.9788828869002115,clk_host,VALIDATED
985,u_host_if.awaddr_q[2]$_DFFE_PN0P_,6.94,3.17,1.4691728030823856,5.4708271969176145,clk_host,VALIDATED
983,u_host_if.awaddr_q[3]$_DFFE_PN0P_,6.94,3.17,1.4691728030823856,5.4708271969176145,clk_host,VALIDATED
984,u_host_if.awaddr_q[4]$_DFFE_PN0P_,6.94,3.17,1.4691728030823856,5.4708271969176145,clk_host,VALIDATED
986,u_host_if.awaddr_q[5]$_DFFE_PN0P_,6.96,3.15,1.4599035740408575,5.500096425959143,clk_host,VALIDATED
989,u_host_if.awaddr_q[0]$_DFFE_PN0P_,6.96,3.15,1.4599035740408575,5.500096425959143,clk_host,VALIDATED
988,u_host_if.awaddr_q[7]$_DFFE_PN0P_,6.96,3.15,1.4599035740408575,5.500096425959143,clk_host,VALIDATED
987,u_host_if.awaddr_q[6]$_DFFE_PN0P_,6.96,3.15,1.4599035740408575,5.500096425959143,clk_host,VALIDATED
990,u_host_if.awaddr_q[1]$_DFFE_PN0P_,6.96,3.15,1.4599035740408575,5.500096425959143,clk_host,VALIDATED
888,u_host_if.reg_addr[20]$_DFFE_PN0P_,6.61,3.5,0.9688658003282398,5.641134199671761,clk_host,VALIDATED
889,u_host_if.reg_addr[21]$_DFFE_PN0P_,6.61,3.5,0.9686829472157326,5.6413170527842675,clk_host,VALIDATED
890,u_host_if.reg_addr[31]$_DFFE_PN0P_,6.61,3.5,0.9686829472157326,5.6413170527842675,clk_host,VALIDATED
823,u_host_if.reg_len[20]$_DFFE_PN0P_,6.53,3.58,0.8038031562047583,5.7261968437952415,clk_host,VALIDATED
824,u_host_if.reg_len[21]$_DFFE_PN0P_,6.53,3.58,0.8037283431598696,5.72627165684013,clk_host,VALIDATED
825,u_host_if.reg_len[31]$_DFFE_PN0P_,6.53,3.58,0.8037283431598696,5.72627165684013,clk_host,VALIDATED
830,u_host_if.reg_len[26]$_DFFE_PN0P_,6.53,3.58,0.8035663089865631,5.726433691013437,clk_host,VALIDATED
828,u_host_if.reg_len[29]$_DFFE_PN0P_,6.53,3.58,0.8035663089865631,5.726433691013437,clk_host,VALIDATED
831,u_host_if.reg_len[27]$_DFFE_PN0P_,6.53,3.58,0.8035663089865631,5.726433691013437,clk_host,VALIDATED
832,u_host_if.reg_len[28]$_DFFE_PN0P_,6.53,3.58,0.8034602782699665,5.726539721730034,clk_host,VALIDATED
821,u_host_if.reg_len[30]$_DFFE_PN0P_,6.53,3.58,0.8034422919804608,5.72655770801954,clk_host,VALIDATED
829,u_host_if.reg_len[10]$_DFFE_PN0P_,6.53,3.58,0.803338746976126,5.726661253023874,clk_host,VALIDATED
819,u_host_if.reg_len[1]$_DFFE_PN0P_,6.53,3.58,0.8029946119515263,5.7270053880484735,clk_host,VALIDATED
923,u_host_if.reg_opcode[0]$_DFFE_PN0P_,6.68,3.43,0.9487284833198806,5.731271516680119,clk_host,VALIDATED
924,u_host_if.reg_opcode[4]$_DFFE_PN0P_,6.69,3.43,0.9485893995740813,5.741410600425919,clk_host,VALIDATED
925,u_host_if.reg_opcode[2]$_DFFE_PN0P_,6.69,3.43,0.9484528815762181,5.7415471184237825,clk_host,VALIDATED
926,u_host_if.reg_opcode[5]$_DFFE_PN0P_,6.69,3.43,0.9484528815762181,5.7415471184237825,clk_host,VALIDATED
991,u_host_if.s_bvalid$_DFFE_PN0P_,7.05,3.06,1.2470409458372176,5.802959054162782,clk_host,VALIDATED
810,u_host_if.repack_q[15]$_DFFE_PN0P_,6.49,3.62,0.056672871409848974,6.433327128590151,clk_host,VALIDATED
808,u_host_if.repack_q[7]$_DFFE_PN0P_,6.49,3.62,0.05661678944355808,6.433383210556443,clk_host,VALIDATED
802,u_host_if.repack_q[1]$_DFFE_PN0P_,6.49,3.62,0.05661678944355808,6.433383210556443,clk_host,VALIDATED
805,u_host_if.repack_q[2]$_DFFE_PN0P_,6.49,3.62,0.05661678944355808,6.433383210556443,clk_host,VALIDATED
806,u_host_if.repack_q[5]$_DFFE_PN0P_,6.49,3.62,0.05661678944355808,6.433383210556443,clk_host,VALIDATED
812,u_host_if.repack_q[4]$_DFFE_PN0P_,6.49,3.62,0.0565985572871158,6.433401442712884,clk_host,VALIDATED
811,u_host_if.repack_q[16]$_DFFE_PN0P_,6.49,3.62,0.05659273451365596,6.433407265486344,clk_host,VALIDATED
804,u_host_if.repack_q[11]$_DFFE_PN0P_,6.49,3.62,0.05658260217544983,6.433417397824551,clk_host,VALIDATED
809,u_host_if.repack_q[8]$_DFFE_PN0P_,6.49,3.62,0.05658260217544983,6.433417397824551,clk_host,VALIDATED
803,u_host_if.repack_q[9]$_DFFE_PN0P_,6.49,3.62,0.05654841490734158,6.433451585092659,clk_host,VALIDATED
807,u_host_if.repack_q[6]$_DFFE_PN0P_,6.49,3.62,0.0565424753208249,6.433457524679175,clk_host,VALIDATED
816,u_host_if.repack_q[3]$_DFFE_PN0P_,6.49,3.62,0.05652424316438262,6.433475756835618,clk_host,VALIDATED
813,u_host_if.repack_q[10]$_DFFE_PN0P_,6.49,3.62,0.05651842039092278,6.433481579609078,clk_host,VALIDATED
814,u_host_if.repack_q[12]$_DFFE_PN0P_,6.49,3.62,0.05651842039092278,6.433481579609078,clk_host,VALIDATED
815,u_host_if.repack_q[19]$_DFFE_PN0P_,6.49,3.62,0.056517918073340584,6.43348208192666,clk_host,VALIDATED
801,u_host_if.repack_q[13]$_DFFE_PN0P_,6.49,3.62,0.056468161198091726,6.433531838801908,clk_host,VALIDATED
840,u_host_if.repack_emit$_DFF_PN0_,6.55,3.55,0.05552198964768809,6.494478010352312,clk_host,VALIDATED
902,u_host_if.s_rdata[17]$_DFFE_PN0P_,6.64,3.47,0.10123043395305825,6.538769566046941,clk_host,VALIDATED
901,u_host_if.s_rdata[15]$_DFFE_PN0P_,6.64,3.47,0.10123043395305825,6.538769566046941,clk_host,VALIDATED
900,u_host_if.s_rdata[14]$_DFFE_PN0P_,6.64,3.47,0.10123043395305825,6.538769566046941,clk_host,VALIDATED
911,u_host_if.s_rdata[13]$_DFFE_PN0P_,6.64,3.47,0.10053390454909156,6.5394660954509085,clk_host,VALIDATED
913,u_host_if.s_rdata[9]$_DFFE_PN0P_,6.64,3.47,0.10053390454909156,6.5394660954509085,clk_host,VALIDATED
910,u_host_if.s_rdata[12]$_DFFE_PN0P_,6.64,3.47,0.10053390454909156,6.5394660954509085,clk_host,VALIDATED
912,u_host_if.s_rdata[20]$_DFFE_PN0P_,6.64,3.47,0.10053390454909156,6.5394660954509085,clk_host,VALIDATED
908,u_host_if.s_rdata[10]$_DFFE_PN0P_,6.64,3.47,0.10030878820055628,6.539691211799443,clk_host,VALIDATED
909,u_host_if.s_rdata[11]$_DFFE_PN0P_,6.64,3.47,0.09985855550348571,6.540141444496514,clk_host,VALIDATED
907,u_host_if.s_rdata[8]$_DFFE_PN0P_,6.64,3.47,0.09985855550348571,6.540141444496514,clk_host,VALIDATED
917,u_host_if.s_rdata[18]$_DFFE_PN0P_,6.64,3.46,0.09957077868647268,6.540429221313527,clk_host,VALIDATED
916,u_host_if.s_rdata[16]$_DFFE_PN0P_,6.64,3.46,0.09957077868647268,6.540429221313527,clk_host,VALIDATED
918,u_host_if.s_rdata[19]$_DFFE_PN0P_,6.64,3.46,0.09957077868647268,6.540429221313527,clk_host,VALIDATED
906,u_host_if.s_rdata[7]$_DFFE_PN0P_,6.64,3.47,0.0994013950318649,6.540598604968134,clk_host,VALIDATED
904,u_host_if.s_rdata[5]$_DFFE_PN0P_,6.64,3.47,0.0991728147960545,6.540827185203945,clk_host,VALIDATED
905,u_host_if.s_rdata[6]$_DFFE_PN0P_,6.64,3.47,0.0991728147960545,6.540827185203945,clk_host,VALIDATED
903,u_host_if.s_rdata[4]$_DFFE_PN0P_,6.64,3.47,0.09884974716424239,6.541150252835758,clk_host,VALIDATED
898,u_host_if.s_rdata[2]$_DFFE_PN0P_,6.64,3.47,0.09868821334833633,6.541311786651663,clk_host,VALIDATED
899,u_host_if.s_rdata[3]$_DFFE_PN0P_,6.64,3.47,0.09868821334833633,6.541311786651663,clk_host,VALIDATED
914,u_host_if.s_rdata[21]$_DFFE_PN0P_,6.64,3.46,0.09840380927528625,6.5415961907247135,clk_host,VALIDATED
915,u_host_if.s_rdata[31]$_DFFE_PN0P_,6.64,3.46,0.09840380927528625,6.5415961907247135,clk_host,VALIDATED
862,u_host_if.repack_q[25]$_DFFE_PN0P_,6.6,3.51,0.05528959659150351,6.544710403408496,clk_host,VALIDATED
860,u_host_if.repack_q[23]$_DFFE_PN0P_,6.6,3.51,0.05527392443417345,6.544726075565826,clk_host,VALIDATED
863,u_host_if.repack_q[31]$_DFFE_PN0P_,6.6,3.51,0.055221488992133916,6.544778511007865,clk_host,VALIDATED
861,u_host_if.repack_q[24]$_DFFE_PN0P_,6.6,3.51,0.055221488992133916,6.544778511007865,clk_host,VALIDATED
858,u_host_if.repack_q[20]$_DFFE_PN0P_,6.6,3.51,0.055221488992133916,6.544778511007865,clk_host,VALIDATED
859,u_host_if.repack_q[21]$_DFFE_PN0P_,6.6,3.51,0.05514359205466518,6.544856407945335,clk_host,VALIDATED
870,u_host_if.repack_q[22]$_DFFE_PN0P_,6.6,3.51,0.05499681807530843,6.545003181924692,clk_host,VALIDATED
869,u_host_if.repack_q[18]$_DFFE_PN0P_,6.6,3.51,0.054905171705048994,6.545094828294951,clk_host,VALIDATED
872,u_host_if.repack_q[14]$_DFFE_PN0P_,6.6,3.51,0.054905171705048994,6.545094828294951,clk_host,VALIDATED
871,u_host_if.repack_q[29]$_DFFE_PN0P_,6.6,3.51,0.054905171705048994,6.545094828294951,clk_host,VALIDATED
873,u_host_if.repack_q[27]$_DFFE_PN0P_,6.6,3.51,0.054905171705048994,6.545094828294951,clk_host,VALIDATED
865,u_host_if.repack_q[17]$_DFFE_PN0P_,6.6,3.51,0.054877606413385405,6.545122393586614,clk_host,VALIDATED
868,u_host_if.repack_q[30]$_DFFE_PN0P_,6.6,3.51,0.05486130251518562,6.5451386974848145,clk_host,VALIDATED
867,u_host_if.repack_q[28]$_DFFE_PN0P_,6.6,3.51,0.05486130251518562,6.5451386974848145,clk_host,VALIDATED
866,u_host_if.repack_q[26]$_DFFE_PN0P_,6.6,3.51,0.05486130251518562,6.5451386974848145,clk_host,VALIDATED
864,u_host_if.repack_q[0]$_DFFE_PN0P_,6.6,3.51,0.054860977278943956,6.545139022721056,clk_host,VALIDATED
876,u_host_if.reg_len[16]$_DFFE_PN0P_,6.61,3.5,0.05522208321388222,6.554777916786118,clk_host,VALIDATED
877,u_host_if.reg_len[23]$_DFFE_PN0P_,6.61,3.5,0.05522208321388222,6.554777916786118,clk_host,VALIDATED
878,u_host_if.reg_len[25]$_DFFE_PN0P_,6.61,3.5,0.05522208321388222,6.554777916786118,clk_host,VALIDATED
879,u_host_if.reg_len[18]$_DFFE_PN0P_,6.61,3.5,0.054930906074888375,6.555069093925112,clk_host,VALIDATED
883,u_host_if.reg_len[24]$_DFFE_PN0P_,6.61,3.5,0.05480080770336432,6.555199192296636,clk_host,VALIDATED
882,u_host_if.reg_len[17]$_DFFE_PN0P_,6.61,3.5,0.05480080770336432,6.555199192296636,clk_host,VALIDATED
881,u_host_if.reg_len[19]$_DFFE_PN0P_,6.61,3.5,0.05475993499432047,6.5552400650056795,clk_host,VALIDATED
880,u_host_if.reg_len[15]$_DFFE_PN0P_,6.61,3.5,0.05475993499432047,6.5552400650056795,clk_host,VALIDATED
893,u_host_if.reg_addr[12]$_DFFE_PN0P_,6.62,3.49,0.05469986490432954,6.56530013509567,clk_host,VALIDATED
894,u_host_if.reg_addr[16]$_DFFE_PN0P_,6.62,3.49,0.054692847818909984,6.56530715218109,clk_host,VALIDATED
895,u_host_if.reg_addr[25]$_DFFE_PN0P_,6.62,3.49,0.054692847818909984,6.56530715218109,clk_host,VALIDATED
897,u_host_if.reg_addr[24]$_DFFE_PN0P_,6.62,3.49,0.054685830733490426,6.56531416926651,clk_host,VALIDATED
896,u_host_if.reg_addr[18]$_DFFE_PN0P_,6.62,3.49,0.054685830733490426,6.56531416926651,clk_host,VALIDATED
891,u_host_if.reg_addr[15]$_DFFE_PN0P_,6.62,3.49,0.054632279938046646,6.565367720061953,clk_host,VALIDATED
892,u_host_if.reg_addr[17]$_DFFE_PN0P_,6.62,3.49,0.054632279938046646,6.565367720061953,clk_host,VALIDATED
932,s_bvalid,6.73,0.27,0.14525318295953069,6.58474681704047,clk_host,VALIDATED
920,u_host_if.reg_chmask[0]$_DFFE_PN0P_,6.65,3.45,0.053949007014755246,6.596050992985245,clk_host,VALIDATED
919,u_host_if.reg_chmask[1]$_DFFE_PN0P_,6.65,3.45,0.053949007014755246,6.596050992985245,clk_host,VALIDATED
971,s_wready,6.75,0.25,0.13450148067474127,6.615498519325259,clk_host,VALIDATED
970,s_awready,6.75,0.25,0.13450148067474127,6.615498519325259,clk_host,VALIDATED
921,u_host_if.reg_chan$_DFFE_PN0P_,6.68,3.43,0.05351589219027375,6.626484107809726,clk_host,VALIDATED
922,u_host_if.reg_opcode[1]$_DFFE_PN0P_,6.68,3.43,0.05317004607226389,6.626829953927736,clk_host,VALIDATED
968,u_host_if.s_rdata[24]$_DFFE_PN0P_,6.74,3.36,0.09400006550380807,6.645999934496192,clk_host,VALIDATED
969,u_host_if.s_rdata[29]$_DFFE_PN0P_,6.74,3.36,0.09400006550380807,6.645999934496192,clk_host,VALIDATED
967,u_host_if.s_rdata[22]$_DFFE_PN0P_,6.74,3.36,0.09400006550380807,6.645999934496192,clk_host,VALIDATED
930,u_host_if.reg_ecc_en$_DFFE_PN0P_,6.71,3.4,0.053155878239347754,6.656844121760653,clk_host,VALIDATED
977,u_host_if.s_rdata[23]$_DFFE_PN0P_,6.76,3.35,0.09338240174166218,6.6666175982583376,clk_host,VALIDATED
972,u_host_if.s_rdata[0]$_DFFE_PN0P_,6.76,3.35,0.09338240174166218,6.6666175982583376,clk_host,VALIDATED
979,u_host_if.s_rdata[30]$_DFFE_PN0P_,6.76,3.35,0.09338240174166218,6.6666175982583376,clk_host,VALIDATED
973,u_host_if.s_rdata[1]$_DFFE_PN0P_,6.76,3.35,0.09338240174166218,6.6666175982583376,clk_host,VALIDATED
978,u_host_if.s_rdata[28]$_DFFE_PN0P_,6.76,3.35,0.09338240174166218,6.6666175982583376,clk_host,VALIDATED
974,u_host_if.s_rdata[25]$_DFFE_PN0P_,6.76,3.35,0.0931114368855776,6.666888563114422,clk_host,VALIDATED
976,u_host_if.s_rdata[27]$_DFFE_PN0P_,6.76,3.35,0.09291591080707368,6.667084089192926,clk_host,VALIDATED
975,u_host_if.s_rdata[26]$_DFFE_PN0P_,6.76,3.35,0.09291591080707368,6.667084089192926,clk_host,VALIDATED
981,u_host_if.rpop_loaded$_DFFE_PN0P_,6.77,3.33,0.09225180930653826,6.677748190693461,clk_host,VALIDATED
966,u_host_if.start_pulse$_DFF_PN0_,6.74,3.38,0.0529622085613744,6.687037791438626,clk_host,VALIDATED
948,s_rvalid,6.73,0.27,0.006802610570886887,6.723197389429114,clk_host,VALIDATED
951,s_rdata[17],6.73,0.27,0.006701578071191344,6.723298421928809,clk_host,VALIDATED
950,s_rdata[15],6.73,0.27,0.006701578071191344,6.723298421928809,clk_host,VALIDATED
949,s_rdata[14],6.73,0.27,0.006701578071191344,6.723298421928809,clk_host,VALIDATED
941,s_rdata[9],6.73,0.27,0.006614863171331517,6.723385136828669,clk_host,VALIDATED
935,s_rdata[12],6.73,0.27,0.006614863171331517,6.723385136828669,clk_host,VALIDATED
937,s_rdata[20],6.73,0.27,0.006614863171331517,6.723385136828669,clk_host,VALIDATED
936,s_rdata[13],6.73,0.27,0.006614863171331517,6.723385136828669,clk_host,VALIDATED
956,s_rdata[8],6.73,0.27,0.006530785134529857,6.723469214865471,clk_host,VALIDATED
945,s_rdata[16],6.73,0.27,0.006530785134529857,6.723469214865471,clk_host,VALIDATED
947,s_rdata[19],6.73,0.27,0.006530785134529857,6.723469214865471,clk_host,VALIDATED
933,s_rdata[10],6.73,0.27,0.006530785134529857,6.723469214865471,clk_host,VALIDATED
946,s_rdata[18],6.73,0.27,0.006530785134529857,6.723469214865471,clk_host,VALIDATED
934,s_rdata[11],6.73,0.27,0.006530785134529857,6.723469214865471,clk_host,VALIDATED
955,s_rdata[7],6.73,0.27,0.006488099257640767,6.72351190074236,clk_host,VALIDATED
952,s_rdata[4],6.73,0.27,0.006445413380751677,6.723554586619248,clk_host,VALIDATED
953,s_rdata[5],6.73,0.27,0.006445413380751677,6.723554586619248,clk_host,VALIDATED
954,s_rdata[6],6.73,0.27,0.006445413380751677,6.723554586619248,clk_host,VALIDATED
964,s_rdata[21],6.73,0.27,0.0063850825953297025,6.723614917404671,clk_host,VALIDATED
965,s_rdata[31],6.73,0.27,0.0063850825953297025,6.723614917404671,clk_host,VALIDATED
963,s_rdata[3],6.73,0.27,0.0063850825953297025,6.723614917404671,clk_host,VALIDATED
962,s_rdata[2],6.73,0.27,0.0063850825953297025,6.723614917404671,clk_host,VALIDATED
943,s_rdata[24],6.73,0.27,0.006321452081710574,6.72367854791829,clk_host,VALIDATED
942,s_rdata[22],6.73,0.27,0.006321452081710574,6.72367854791829,clk_host,VALIDATED
944,s_rdata[29],6.73,0.27,0.006321452081710574,6.72367854791829,clk_host,VALIDATED
940,s_rdata[30],6.73,0.27,0.0062815090792259914,6.723718490920774,clk_host,VALIDATED
958,s_rdata[1],6.73,0.27,0.0062815090792259914,6.723718490920774,clk_host,VALIDATED
957,s_rdata[0],6.73,0.27,0.0062815090792259914,6.723718490920774,clk_host,VALIDATED
939,s_rdata[28],6.73,0.27,0.0062815090792259914,6.723718490920774,clk_host,VALIDATED
938,s_rdata[23],6.73,0.27,0.0062815090792259914,6.723718490920774,clk_host,VALIDATED
961,s_rdata[25],6.73,0.27,0.0062139524067183,6.723786047593282,clk_host,VALIDATED
959,s_rdata[26],6.73,0.27,0.006198793970227316,6.723801206029773,clk_host,VALIDATED
960,s_rdata[27],6.73,0.27,0.006198793970227316,6.723801206029773,clk_host,VALIDATED
980,s_arready,6.76,0.24,0.006046764951899486,6.7539532350481,clk_host,VALIDATED
982,u_host_if.s_rvalid$_DFFE_PN0P_,6.87,3.23,0.08910271869735825,6.780897281302642,clk_host,VALIDATED
1046,u_cdc_cmd.mem[7][64]$_DFFE_PP_,9.38,0.73,1.078542432518321,8.30145756748168,clk_host,VALIDATED
1044,u_cdc_cmd.mem[7][58]$_DFFE_PP_,9.38,0.73,0.9260323110535388,8.453967688946461,clk_host,VALIDATED
1537,g_chan[1].u_cdc_chr.mem[12][0]$_DFFE_PP_,11.93,8.19,3.374469358187519,8.555530641812481,clk_nand,VALIDATED
1569,g_chan[1].u_cdc_chr.mem[14][0]$_DFFE_PP_,11.93,8.19,3.374469358187519,8.555530641812481,clk_nand,VALIDATED
1539,g_chan[1].u_cdc_chr.mem[13][0]$_DFFE_PP_,11.93,8.19,3.374469358187519,8.555530641812481,clk_nand,VALIDATED
1570,g_chan[1].u_cdc_chr.mem[7][0]$_DFFE_PP_,11.93,8.19,3.374469358187519,8.555530641812481,clk_nand,VALIDATED
1565,g_chan[1].u_cdc_chr.mem[6][0]$_DFFE_PP_,11.93,8.19,3.374469358187519,8.555530641812481,clk_nand,VALIDATED
1538,g_chan[1].u_cdc_chr.mem[12][2]$_DFFE_PP_,11.93,8.19,3.373910622694133,8.556089377305867,clk_nand,VALIDATED
1540,g_chan[1].u_cdc_chr.mem[13][2]$_DFFE_PP_,11.93,8.19,3.373910622694133,8.556089377305867,clk_nand,VALIDATED
1043,u_cdc_cmd.mem[7][57]$_DFFE_PP_,9.38,0.73,0.7735522951778508,8.60644770482215,clk_host,VALIDATED
1024,u_cdc_cmd.mem[7][63]$_DFFE_PP_,9.38,0.73,0.7735257182838879,8.606474281716112,clk_host,VALIDATED
1045,u_cdc_cmd.mem[7][59]$_DFFE_PP_,9.38,0.73,0.7735221895887564,8.606477810411244,clk_host,VALIDATED
1037,u_cdc_cmd.mem[10][36]$_DFFE_PP_,9.38,0.73,0.7734101677266221,8.606589832273379,clk_host,VALIDATED
1038,u_cdc_cmd.mem[10][37]$_DFFE_PP_,9.38,0.73,0.7734101677266221,8.606589832273379,clk_host,VALIDATED
1068,u_cdc_cmd.mem[6][58]$_DFFE_PP_,9.39,0.73,0.7734790107679899,8.616520989232011,clk_host,VALIDATED
1143,u_cdc_cmd.mem[1][34]$_DFFE_PP_,9.44,0.67,0.7598855930338915,8.680114406966108,clk_host,VALIDATED
1123,u_cdc_cmd.mem[11][52]$_DFFE_PP_,9.43,0.68,0.7203782634384865,8.709621736561513,clk_host,VALIDATED
1133,u_cdc_cmd.mem[11][37]$_DFFE_PP_,9.43,0.68,0.7203782634384865,8.709621736561513,clk_host,VALIDATED
1132,u_cdc_cmd.mem[11][36]$_DFFE_PP_,9.43,0.68,0.7203782634384865,8.709621736561513,clk_host,VALIDATED
1145,u_cdc_cmd.mem[2][50]$_DFFE_PP_,9.44,0.67,0.7098158729443269,8.730184127055672,clk_host,VALIDATED
1161,u_cdc_cmd.mem[2][36]$_DFFE_PP_,9.45,0.67,0.7098158729443269,8.740184127055672,clk_host,VALIDATED
1168,u_cdc_cmd.mem[2][48]$_DFFE_PP_,9.45,0.67,0.7098158729443269,8.740184127055672,clk_host,VALIDATED
1162,u_cdc_cmd.mem[2][39]$_DFFE_PP_,9.45,0.67,0.7098158729443269,8.740184127055672,clk_host,VALIDATED
1167,u_cdc_cmd.mem[2][44]$_DFFE_PP_,9.45,0.67,0.7098158729443269,8.740184127055672,clk_host,VALIDATED
1165,u_cdc_cmd.mem[2][41]$_DFFE_PP_,9.45,0.67,0.7098158729443269,8.740184127055672,clk_host,VALIDATED
1164,u_cdc_cmd.mem[2][49]$_DFFE_PP_,9.45,0.67,0.7098158729443269,8.740184127055672,clk_host,VALIDATED
1189,u_cdc_cmd.mem[2][52]$_DFFE_PP_,9.45,0.67,0.7098158729443269,8.740184127055672,clk_host,VALIDATED
1188,u_cdc_cmd.mem[2][46]$_DFFE_PP_,9.45,0.67,0.7098158729443269,8.740184127055672,clk_host,VALIDATED
396,u_host_if.reg_len[12]$_DFFE_PN0P_,9.57,0.62,0.8187938970368436,8.751206102963156,clk_core,VALIDATED
1042,u_cdc_cmd.mem[7][53]$_DFFE_PP_,9.38,0.73,0.6210427461286229,8.758957253871378,clk_host,VALIDATED
1028,u_cdc_cmd.mem[7][66]$_DFFE_PP_,9.38,0.73,0.6210237649644832,8.758976235035517,clk_host,VALIDATED
1047,u_cdc_cmd.mem[7][61]$_DFFE_PP_,9.38,0.73,0.6210108193452264,8.758989180654774,clk_host,VALIDATED
1048,u_cdc_cmd.mem[7][62]$_DFFE_PP_,9.38,0.73,0.6210108193452264,8.758989180654774,clk_host,VALIDATED
1049,u_cdc_cmd.mem[7][72]$_DFFE_PP_,9.38,0.73,0.6209785243089007,8.7590214756911,clk_host,VALIDATED
1025,u_cdc_cmd.mem[7][33]$_DFFE_PP_,9.38,0.73,0.6209735351133305,8.75902646488667,clk_host,VALIDATED
1027,u_cdc_cmd.mem[7][60]$_DFFE_PP_,9.38,0.73,0.6209711042994569,8.759028895700544,clk_host,VALIDATED
1026,u_cdc_cmd.mem[7][56]$_DFFE_PP_,9.38,0.73,0.6209192989277712,8.759080701072229,clk_host,VALIDATED
1033,u_cdc_cmd.mem[10][45]$_DFFE_PP_,9.38,0.73,0.6208651461402199,8.75913485385978,clk_host,VALIDATED
1020,u_cdc_cmd.mem[10][41]$_DFFE_PP_,9.38,0.73,0.6208326084294593,8.759167391570541,clk_host,VALIDATED
1053,u_cdc_cmd.mem[9][25]$_DFFE_PP_,9.38,0.73,0.6207859268247695,8.759214073175231,clk_host,VALIDATED
1054,u_cdc_cmd.mem[9][28]$_DFFE_PP_,9.38,0.73,0.6207859268247695,8.759214073175231,clk_host,VALIDATED
1069,u_cdc_cmd.mem[6][59]$_DFFE_PP_,9.39,0.73,0.6209688893032075,8.769031110696794,clk_host,VALIDATED
1102,u_cdc_cmd.mem[3][41]$_DFFE_PP_,9.42,0.69,0.5868473358918719,8.833152664108129,clk_host,VALIDATED
1101,u_cdc_cmd.mem[3][36]$_DFFE_PP_,9.42,0.69,0.5868473358918719,8.833152664108129,clk_host,VALIDATED
1105,u_cdc_cmd.mem[3][48]$_DFFE_PP_,9.42,0.69,0.5868473358918719,8.833152664108129,clk_host,VALIDATED
1090,u_cdc_cmd.mem[3][50]$_DFFE_PP_,9.42,0.69,0.5868473358918719,8.833152664108129,clk_host,VALIDATED
1104,u_cdc_cmd.mem[3][49]$_DFFE_PP_,9.42,0.69,0.5868473358918719,8.833152664108129,clk_host,VALIDATED
1112,u_cdc_cmd.mem[3][46]$_DFFE_PP_,9.42,0.69,0.5868473358918719,8.833152664108129,clk_host,VALIDATED
1113,u_cdc_cmd.mem[3][52]$_DFFE_PP_,9.42,0.69,0.5868473358918719,8.833152664108129,clk_host,VALIDATED
1089,u_cdc_cmd.mem[3][39]$_DFFE_PP_,9.42,0.69,0.5868473358918719,8.833152664108129,clk_host,VALIDATED
1051,u_cdc_cmd.mem[7][65]$_DFFE_PP_,9.38,0.73,0.5388451888696112,8.841154811130389,clk_host,VALIDATED
1050,u_cdc_cmd.mem[7][34]$_DFFE_PP_,9.38,0.73,0.5388366187411869,8.841163381258815,clk_host,VALIDATED
1128,u_cdc_cmd.mem[11][45]$_DFFE_PP_,9.43,0.68,0.5782815310018379,8.851718468998161,clk_host,VALIDATED
1119,u_cdc_cmd.mem[11][41]$_DFFE_PP_,9.43,0.68,0.5782512219014033,8.851748778098596,clk_host,VALIDATED
1151,u_cdc_cmd.mem[2][68]$_DFFE_PP_,9.44,0.67,0.5698286420750924,8.870171357924907,clk_host,VALIDATED
1157,u_cdc_cmd.mem[2][51]$_DFFE_PP_,9.45,0.67,0.569808798337629,8.88019120166237,clk_host,VALIDATED
1156,u_cdc_cmd.mem[2][47]$_DFFE_PP_,9.45,0.67,0.569808798337629,8.88019120166237,clk_host,VALIDATED
1158,u_cdc_cmd.mem[2][45]$_DFFE_PP_,9.45,0.67,0.569808798337629,8.88019120166237,clk_host,VALIDATED
1169,u_cdc_cmd.mem[2][3]$_DFFE_PP_,9.45,0.67,0.5697940687669418,8.880205931233057,clk_host,VALIDATED
1163,u_cdc_cmd.mem[3][55]$_DFFE_PP_,9.45,0.66,0.56130678540171,8.88869321459829,clk_host,VALIDATED
1505,g_chan[1].u_cdc_chr.mem[9][3]$_DFFE_PP_,11.92,8.18,3.0120479142885737,8.907952085711425,clk_nand,VALIDATED
1504,g_chan[1].u_cdc_chr.mem[8][3]$_DFFE_PP_,11.92,8.18,3.0117403342099816,8.908259665790018,clk_nand,VALIDATED
1065,u_cdc_cmd.mem[6][63]$_DFFE_PP_,9.38,0.73,0.4684967834266321,8.911503216573369,clk_host,VALIDATED
1064,u_cdc_cmd.mem[6][64]$_DFFE_PP_,9.38,0.73,0.4684587678384251,8.911541232161575,clk_host,VALIDATED
1030,u_cdc_cmd.mem[10][52]$_DFFE_PP_,9.38,0.73,0.46836336613097734,8.911636633869023,clk_host,VALIDATED
1034,u_cdc_cmd.mem[10][35]$_DFFE_PP_,9.38,0.73,0.4683541361028031,8.911645863897197,clk_host,VALIDATED
1021,u_cdc_cmd.mem[10][23]$_DFFE_PP_,9.38,0.73,0.4682599155503501,8.91174008444965,clk_host,VALIDATED
1052,u_cdc_cmd.mem[9][41]$_DFFE_PP_,9.38,0.73,0.4682284466928221,8.91177155330718,clk_host,VALIDATED
399,u_host_if.awaddr_q[7]$_DFFE_PN0P_,9.57,0.62,0.6569228257295204,8.91307717427048,clk_core,VALIDATED
397,u_host_if.awaddr_q[5]$_DFFE_PN0P_,9.57,0.62,0.6569228257295204,8.91307717427048,clk_core,VALIDATED
398,u_host_if.awaddr_q[6]$_DFFE_PN0P_,9.57,0.62,0.6569228257295204,8.91307717427048,clk_core,VALIDATED
1070,u_cdc_cmd.mem[6][65]$_DFFE_PP_,9.39,0.73,0.46845926369096985,8.92154073630903,clk_host,VALIDATED
1091,u_cdc_cmd.mem[3][68]$_DFFE_PP_,9.42,0.69,0.4426813817131083,8.977318618286892,clk_host,VALIDATED
1097,u_cdc_cmd.mem[3][47]$_DFFE_PP_,9.42,0.69,0.44266094562527264,8.977339054374728,clk_host,VALIDATED
1099,u_cdc_cmd.mem[3][45]$_DFFE_PP_,9.42,0.69,0.44266094562527264,8.977339054374728,clk_host,VALIDATED
1098,u_cdc_cmd.mem[3][51]$_DFFE_PP_,9.42,0.69,0.44266094562527264,8.977339054374728,clk_host,VALIDATED
1106,u_cdc_cmd.mem[3][3]$_DFFE_PP_,9.42,0.69,0.4426457763659083,8.97735422363409,clk_host,VALIDATED
1144,u_cdc_cmd.mem[1][56]$_DFFE_PP_,9.44,0.67,0.4599358182688329,8.980064181731166,clk_host,VALIDATED
1142,u_cdc_cmd.mem[1][33]$_DFFE_PP_,9.44,0.67,0.4599315889838114,8.980068411016187,clk_host,VALIDATED
1140,u_cdc_cmd.mem[1][27]$_DFFE_PP_,9.44,0.67,0.45985148454163666,8.980148515458362,clk_host,VALIDATED
1141,u_cdc_cmd.mem[1][2]$_DFFE_PP_,9.44,0.67,0.4598483561238246,8.980151643876175,clk_host,VALIDATED
1146,u_cdc_cmd.mem[1][24]$_DFFE_PP_,9.44,0.67,0.45982450063784436,8.980175499362154,clk_host,VALIDATED
1124,u_cdc_cmd.mem[11][35]$_DFFE_PP_,9.43,0.68,0.43622507839048835,8.99377492160951,clk_host,VALIDATED
1115,u_cdc_cmd.mem[11][28]$_DFFE_PP_,9.43,0.68,0.43614288424424663,8.993857115755754,clk_host,VALIDATED
1120,u_cdc_cmd.mem[11][23]$_DFFE_PP_,9.43,0.68,0.43612871346606863,8.993871286533931,clk_host,VALIDATED
1195,u_cdc_cmd.mem[10][16]$_DFFE_PP_,9.45,0.66,0.45293733358846966,8.99706266641153,clk_host,VALIDATED
1198,u_cdc_cmd.mem[10][6]$_DFFE_PP_,9.45,0.66,0.4528972856113327,8.997102714388667,clk_host,VALIDATED
1154,u_cdc_cmd.mem[2][37]$_DFFE_PP_,9.45,0.67,0.42987248462537697,9.020127515374622,clk_host,VALIDATED
1190,u_cdc_cmd.mem[2][12]$_DFFE_PP_,9.45,0.67,0.4298431358888805,9.020156864111119,clk_host,VALIDATED
1175,u_cdc_cmd.mem[2][18]$_DFFE_PP_,9.45,0.67,0.429802598890145,9.020197401109854,clk_host,VALIDATED
1173,u_cdc_cmd.mem[2][13]$_DFFE_PP_,9.45,0.67,0.429802598890145,9.020197401109854,clk_host,VALIDATED
1174,u_cdc_cmd.mem[2][14]$_DFFE_PP_,9.45,0.67,0.4297849137844096,9.02021508621559,clk_host,VALIDATED
1166,u_cdc_cmd.mem[2][43]$_DFFE_PP_,9.45,0.67,0.4297722645895567,9.020227735410442,clk_host,VALIDATED
1185,u_cdc_cmd.mem[3][54]$_DFFE_PP_,9.45,0.66,0.42340652401959444,9.026593475980405,clk_host,VALIDATED
1179,u_cdc_cmd.mem[3][25]$_DFFE_PP_,9.45,0.66,0.42335995096865864,9.026640049031341,clk_host,VALIDATED
1063,u_cdc_cmd.mem[6][66]$_DFFE_PP_,9.38,0.73,0.31596034321415184,9.064039656785848,clk_host,VALIDATED
1060,u_cdc_cmd.mem[6][33]$_DFFE_PP_,9.38,0.73,0.31591011336299907,9.064089886637001,clk_host,VALIDATED
1061,u_cdc_cmd.mem[6][34]$_DFFE_PP_,9.38,0.73,0.31591011336299907,9.064089886637001,clk_host,VALIDATED
1062,u_cdc_cmd.mem[6][60]$_DFFE_PP_,9.38,0.73,0.31590768254912555,9.064092317450875,clk_host,VALIDATED
1066,u_cdc_cmd.mem[6][56]$_DFFE_PP_,9.38,0.73,0.31587626363117977,9.06412373636882,clk_host,VALIDATED
1018,u_cdc_cmd.mem[10][69]$_DFFE_PP_,9.38,0.73,0.31585164728371784,9.064148352716282,clk_host,VALIDATED
1023,u_cdc_cmd.mem[10][72]$_DFFE_PP_,9.38,0.73,0.3158427750539516,9.06415722494605,clk_host,VALIDATED
1039,u_cdc_cmd.mem[10][38]$_DFFE_PP_,9.38,0.73,0.3158399653331549,9.064160034666846,clk_host,VALIDATED
1041,u_cdc_cmd.mem[10][67]$_DFFE_PP_,9.38,0.73,0.31582792843378926,9.064172071566212,clk_host,VALIDATED
1022,u_cdc_cmd.mem[10][29]$_DFFE_PP_,9.38,0.73,0.31582012571366364,9.064179874286337,clk_host,VALIDATED
1017,u_cdc_cmd.mem[10][31]$_DFFE_PP_,9.38,0.73,0.31581412228942335,9.064185877710578,clk_host,VALIDATED
1056,u_cdc_cmd.mem[9][67]$_DFFE_PP_,9.38,0.73,0.3158049656790281,9.064195034320973,clk_host,VALIDATED
1031,u_cdc_cmd.mem[10][30]$_DFFE_PP_,9.38,0.73,0.3157998844882267,9.064200115511774,clk_host,VALIDATED
1055,u_cdc_cmd.mem[9][31]$_DFFE_PP_,9.38,0.73,0.31578534608127645,9.064214653918725,clk_host,VALIDATED
1032,u_cdc_cmd.mem[10][40]$_DFFE_PP_,9.38,0.73,0.3157845379535276,9.064215462046473,clk_host,VALIDATED
1036,u_cdc_cmd.mem[10][70]$_DFFE_PP_,9.38,0.73,0.3157845379535276,9.064215462046473,clk_host,VALIDATED
1040,u_cdc_cmd.mem[10][68]$_DFFE_PP_,9.38,0.73,0.3157751029674156,9.064224897032584,clk_host,VALIDATED
1035,u_cdc_cmd.mem[10][51]$_DFFE_PP_,9.38,0.73,0.3157751029674156,9.064224897032584,clk_host,VALIDATED
1059,u_cdc_cmd.mem[9][29]$_DFFE_PP_,9.38,0.73,0.31576941882503967,9.06423058117496,clk_host,VALIDATED
1016,u_cdc_cmd.mem[10][28]$_DFFE_PP_,9.38,0.73,0.3157691607825084,9.064230839217492,clk_host,VALIDATED
1029,u_cdc_cmd.mem[10][47]$_DFFE_PP_,9.38,0.73,0.31574743167470853,9.064252568325292,clk_host,VALIDATED
1019,u_cdc_cmd.mem[10][71]$_DFFE_PP_,9.38,0.73,0.31573873528818497,9.064261264711815,clk_host,VALIDATED
1058,u_cdc_cmd.mem[9][23]$_DFFE_PP_,9.38,0.73,0.31569205368349523,9.064307946316505,clk_host,VALIDATED
1057,u_cdc_cmd.mem[9][71]$_DFFE_PP_,9.38,0.73,0.31569205368349523,9.064307946316505,clk_host,VALIDATED
1072,u_cdc_cmd.mem[6][62]$_DFFE_PP_,9.39,0.73,0.31599520715016405,9.074004792849836,clk_host,VALIDATED
1067,u_cdc_cmd.mem[6][53]$_DFFE_PP_,9.39,0.73,0.31597932437829146,9.074020675621709,clk_host,VALIDATED
1071,u_cdc_cmd.mem[6][61]$_DFFE_PP_,9.39,0.73,0.3159713023725295,9.07402869762747,clk_host,VALIDATED
1073,u_cdc_cmd.mem[6][72]$_DFFE_PP_,9.39,0.73,0.31591510255856936,9.07408489744143,clk_host,VALIDATED
1075,u_cdc_cmd.mem[9][69]$_DFFE_PP_,9.39,0.73,0.31575785769329096,9.07424214230671,clk_host,VALIDATED
1078,u_cdc_cmd.mem[9][40]$_DFFE_PP_,9.39,0.73,0.31575785769329096,9.07424214230671,clk_host,VALIDATED
1076,u_cdc_cmd.mem[9][30]$_DFFE_PP_,9.39,0.73,0.3157532028835369,9.074246797116464,clk_host,VALIDATED
1077,u_cdc_cmd.mem[9][70]$_DFFE_PP_,9.39,0.73,0.31573785634883783,9.074262143651163,clk_host,VALIDATED
1079,u_cdc_cmd.mem[9][68]$_DFFE_PP_,9.39,0.73,0.3157284213627259,9.074271578637275,clk_host,VALIDATED
1172,u_cdc_cmd.mem[1][60]$_DFFE_PP_,9.45,0.67,0.3599381742671113,9.090061825732889,clk_host,VALIDATED
381,u_host_if.s_rdata[17]$_DFFE_PN0P_,9.45,0.74,0.34691445392605885,9.10308554607394,clk_core,VALIDATED
380,u_host_if.s_rdata[15]$_DFFE_PN0P_,9.45,0.74,0.34691445392605885,9.10308554607394,clk_core,VALIDATED
375,u_host_if.rpop_q[13]$_DFFE_PN0P_,9.45,0.74,0.34691445392605885,9.10308554607394,clk_core,VALIDATED
379,u_host_if.s_rdata[14]$_DFFE_PN0P_,9.45,0.74,0.34691445392605885,9.10308554607394,clk_core,VALIDATED
378,u_host_if.rpop_q[17]$_DFFE_PN0P_,9.45,0.74,0.34691445392605885,9.10308554607394,clk_core,VALIDATED
377,u_host_if.rpop_q[15]$_DFFE_PN0P_,9.45,0.74,0.34691445392605885,9.10308554607394,clk_core,VALIDATED
376,u_host_if.rpop_q[14]$_DFFE_PN0P_,9.45,0.74,0.34691445392605885,9.10308554607394,clk_core,VALIDATED
395,u_host_if.s_rdata[9]$_DFFE_PN0P_,9.45,0.74,0.3468720140941169,9.103127985905882,clk_core,VALIDATED
383,u_host_if.rpop_q[12]$_DFFE_PN0P_,9.45,0.74,0.3468720140941169,9.103127985905882,clk_core,VALIDATED
384,u_host_if.rpop_q[16]$_DFFE_PN0P_,9.45,0.74,0.3468720140941169,9.103127985905882,clk_core,VALIDATED
394,u_host_if.s_rdata[20]$_DFFE_PN0P_,9.45,0.74,0.3468720140941169,9.103127985905882,clk_core,VALIDATED
390,u_host_if.s_rdata[13]$_DFFE_PN0P_,9.45,0.74,0.3468720140941169,9.103127985905882,clk_core,VALIDATED
389,u_host_if.s_rdata[12]$_DFFE_PN0P_,9.45,0.74,0.3468720140941169,9.103127985905882,clk_core,VALIDATED
387,u_host_if.rpop_q[9]$_DFFE_PN0P_,9.45,0.74,0.3468720140941169,9.103127985905882,clk_core,VALIDATED
386,u_host_if.rpop_q[20]$_DFFE_PN0P_,9.45,0.74,0.3468720140941169,9.103127985905882,clk_core,VALIDATED
393,u_host_if.s_rdata[19]$_DFFE_PN0P_,9.45,0.74,0.3468308647903912,9.103169135209608,clk_core,VALIDATED
388,u_host_if.s_rdata[10]$_DFFE_PN0P_,9.45,0.74,0.3468308647903912,9.103169135209608,clk_core,VALIDATED
382,u_host_if.rpop_q[10]$_DFFE_PN0P_,9.45,0.74,0.3468308647903912,9.103169135209608,clk_core,VALIDATED
391,u_host_if.s_rdata[16]$_DFFE_PN0P_,9.45,0.74,0.3468308647903912,9.103169135209608,clk_core,VALIDATED
392,u_host_if.s_rdata[18]$_DFFE_PN0P_,9.45,0.74,0.3468308647903912,9.103169135209608,clk_core,VALIDATED
385,u_host_if.rpop_q[19]$_DFFE_PN0P_,9.45,0.74,0.3468308647903912,9.103169135209608,clk_core,VALIDATED
1147,u_cdc_cmd.mem[1][57]$_DFFE_PP_,9.44,0.67,0.3331392585749994,9.106860741425,clk_host,VALIDATED
1148,u_cdc_cmd.mem[1][64]$_DFFE_PP_,9.44,0.67,0.3331392585749994,9.106860741425,clk_host,VALIDATED
1137,u_cdc_cmd.mem[1][21]$_DFFE_PP_,9.44,0.67,0.33302538599719755,9.106974614002802,clk_host,VALIDATED
1138,u_cdc_cmd.mem[1][26]$_DFFE_PP_,9.44,0.67,0.33302538599719755,9.106974614002802,clk_host,VALIDATED
1139,u_cdc_cmd.mem[1][75]$_DFFE_PP_,9.44,0.67,0.3330012180391472,9.106998781960852,clk_host,VALIDATED
1170,u_cdc_cmd.mem[1][58]$_DFFE_PP_,9.45,0.67,0.33307923128788375,9.116920768712115,clk_host,VALIDATED
1171,u_cdc_cmd.mem[1][59]$_DFFE_PP_,9.45,0.67,0.33307923128788375,9.116920768712115,clk_host,VALIDATED
1186,u_cdc_cmd.mem[1][65]$_DFFE_PP_,9.45,0.67,0.3330529361207631,9.116947063879236,clk_host,VALIDATED
1094,u_cdc_cmd.mem[3][37]$_DFFE_PP_,9.42,0.69,0.29854742851862515,9.121452571481374,clk_host,VALIDATED
1114,u_cdc_cmd.mem[3][12]$_DFFE_PP_,9.42,0.69,0.29851720370044216,9.121482796299558,clk_host,VALIDATED
1107,u_cdc_cmd.mem[3][13]$_DFFE_PP_,9.42,0.69,0.298475456642043,9.121524543357957,clk_host,VALIDATED
1109,u_cdc_cmd.mem[3][18]$_DFFE_PP_,9.42,0.69,0.298475456642043,9.121524543357957,clk_host,VALIDATED
1108,u_cdc_cmd.mem[3][14]$_DFFE_PP_,9.42,0.69,0.2984572436227035,9.121542756377297,clk_host,VALIDATED
1103,u_cdc_cmd.mem[3][43]$_DFFE_PP_,9.42,0.69,0.2984442168399446,9.121555783160055,clk_host,VALIDATED
1088,u_cdc_cmd.mem[3][44]$_DFFE_PP_,9.42,0.69,0.2984320246506581,9.121567975349341,clk_host,VALIDATED
1122,u_cdc_cmd.mem[11][72]$_DFFE_PP_,9.43,0.68,0.2941511031406562,9.135848896859343,clk_host,VALIDATED
1134,u_cdc_cmd.mem[11][38]$_DFFE_PP_,9.43,0.68,0.2941484858664894,9.13585151413351,clk_host,VALIDATED
1117,u_cdc_cmd.mem[11][54]$_DFFE_PP_,9.43,0.68,0.29414109189376564,9.135858908106234,clk_host,VALIDATED
1116,u_cdc_cmd.mem[11][31]$_DFFE_PP_,9.43,0.68,0.29414109189376564,9.135858908106234,clk_host,VALIDATED
1136,u_cdc_cmd.mem[11][67]$_DFFE_PP_,9.43,0.68,0.2941372734122858,9.135862726587714,clk_host,VALIDATED
1121,u_cdc_cmd.mem[11][29]$_DFFE_PP_,9.43,0.68,0.2941300051250455,9.135869994874954,clk_host,VALIDATED
1126,u_cdc_cmd.mem[11][69]$_DFFE_PP_,9.43,0.68,0.2941154862720806,9.13588451372792,clk_host,VALIDATED
1127,u_cdc_cmd.mem[11][30]$_DFFE_PP_,9.43,0.68,0.29411115028491247,9.135888849715087,clk_host,VALIDATED
1131,u_cdc_cmd.mem[11][70]$_DFFE_PP_,9.43,0.68,0.29411115028491247,9.135888849715087,clk_host,VALIDATED
1135,u_cdc_cmd.mem[11][40]$_DFFE_PP_,9.43,0.68,0.29409902287631107,9.135900977123688,clk_host,VALIDATED
1129,u_cdc_cmd.mem[11][51]$_DFFE_PP_,9.43,0.68,0.2940880661285405,9.135911933871459,clk_host,VALIDATED
1130,u_cdc_cmd.mem[11][68]$_DFFE_PP_,9.43,0.68,0.2940880661285405,9.135911933871459,clk_host,VALIDATED
1125,u_cdc_cmd.mem[11][47]$_DFFE_PP_,9.43,0.68,0.29406229012985446,9.135937709870145,clk_host,VALIDATED
1118,u_cdc_cmd.mem[11][71]$_DFFE_PP_,9.43,0.68,0.29405418938624345,9.135945810613757,clk_host,VALIDATED
1196,u_cdc_cmd.mem[10][19]$_DFFE_PP_,9.45,0.66,0.3051838537796435,9.144816146220355,clk_host,VALIDATED
1197,u_cdc_cmd.mem[10][20]$_DFFE_PP_,9.45,0.66,0.3051838537796435,9.144816146220355,clk_host,VALIDATED
1199,u_cdc_cmd.mem[10][7]$_DFFE_PP_,9.45,0.66,0.30508609544714005,9.14491390455286,clk_host,VALIDATED
1149,u_cdc_cmd.mem[2][40]$_DFFE_PP_,9.44,0.67,0.2898610691124154,9.150138930887584,clk_host,VALIDATED
1150,u_cdc_cmd.mem[2][67]$_DFFE_PP_,9.44,0.67,0.2898326304644639,9.150167369535536,clk_host,VALIDATED
1176,u_cdc_cmd.mem[2][38]$_DFFE_PP_,9.45,0.67,0.28991632717566146,9.160083672824339,clk_host,VALIDATED
1155,u_cdc_cmd.mem[2][70]$_DFFE_PP_,9.45,0.67,0.2898912289557887,9.16010877104421,clk_host,VALIDATED
1152,u_cdc_cmd.mem[2][30]$_DFFE_PP_,9.45,0.67,0.28986337265277384,9.160136627347226,clk_host,VALIDATED
1153,u_cdc_cmd.mem[2][35]$_DFFE_PP_,9.45,0.67,0.2898541803366239,9.160145819663375,clk_host,VALIDATED
993,u_host_if.rpop_q[17]$_DFFE_PN0P_,9.22,0.88,0.024099158098504825,9.195900841901496,clk_host,VALIDATED
992,u_host_if.rpop_q[13]$_DFFE_PN0P_,9.22,0.88,0.024080461500047695,9.195919538499952,clk_host,VALIDATED
998,u_host_if.rpop_q[12]$_DFFE_PN0P_,9.22,0.88,0.024025635666349188,9.195974364333651,clk_host,VALIDATED
997,u_host_if.rpop_q[11]$_DFFE_PN0P_,9.22,0.88,0.023811713713874638,9.196188286286127,clk_host,VALIDATED
995,u_host_if.rpop_q[8]$_DFFE_PN0P_,9.22,0.88,0.02377362784075411,9.196226372159247,clk_host,VALIDATED
994,u_host_if.rpop_q[6]$_DFFE_PN0P_,9.22,0.88,0.02358427963761142,9.196415720362388,clk_host,VALIDATED
996,u_host_if.rpop_q[24]$_DFFE_PN0P_,9.22,0.88,0.023385204128999956,9.196614795871001,clk_host,VALIDATED
1074,u_cdc_cmd.mem[6][57]$_DFFE_PP_,9.39,0.73,0.17440163792754088,9.215598362072459,clk_host,VALIDATED
1110,u_cdc_cmd.mem[3][38]$_DFFE_PP_,9.42,0.69,0.15441347532414193,9.265586524675857,clk_host,VALIDATED
1095,u_cdc_cmd.mem[3][40]$_DFFE_PP_,9.42,0.69,0.15435894006922782,9.265641059930772,clk_host,VALIDATED
1092,u_cdc_cmd.mem[3][30]$_DFFE_PP_,9.42,0.69,0.15435894006922782,9.265641059930772,clk_host,VALIDATED
1093,u_cdc_cmd.mem[3][35]$_DFFE_PP_,9.42,0.69,0.15434947335558089,9.26565052664442,clk_host,VALIDATED
1100,u_cdc_cmd.mem[3][70]$_DFFE_PP_,9.42,0.69,0.15433202480916938,9.26566797519083,clk_host,VALIDATED
1096,u_cdc_cmd.mem[3][67]$_DFFE_PP_,9.42,0.69,0.1543272802036549,9.265672719796346,clk_host,VALIDATED
1111,u_cdc_cmd.mem[3][69]$_DFFE_PP_,9.42,0.69,0.15431598847301908,9.26568401152698,clk_host,VALIDATED
1003,u_host_if.rpop_q[26]$_DFFE_PN0P_,9.29,0.82,0.021383910818419533,9.26861608918158,clk_host,VALIDATED
1002,u_host_if.rpop_q[1]$_DFFE_PN0P_,9.29,0.82,0.021368066812937236,9.268631933187063,clk_host,VALIDATED
1001,u_host_if.rpop_q[0]$_DFFE_PN0P_,9.29,0.82,0.0212544549185478,9.268745545081451,clk_host,VALIDATED
1000,u_host_if.rpop_q[3]$_DFFE_PN0P_,9.29,0.82,0.021193114075728506,9.26880688592427,clk_host,VALIDATED
999,u_host_if.rpop_q[2]$_DFFE_PN0P_,9.29,0.82,0.0211559509552387,9.26884404904476,clk_host,VALIDATED
1004,u_host_if.rpop_q[15]$_DFFE_PN0P_,9.31,0.79,0.023227968778446836,9.286772031221554,clk_host,VALIDATED
1009,u_host_if.rpop_q[9]$_DFFE_PN0P_,9.31,0.79,0.023130383634729954,9.286869616365271,clk_host,VALIDATED
1006,u_host_if.rpop_q[16]$_DFFE_PN0P_,9.31,0.79,0.022935213347296188,9.287064786652705,clk_host,VALIDATED
1008,u_host_if.rpop_q[20]$_DFFE_PN0P_,9.31,0.79,0.022877314053779838,9.28712268594622,clk_host,VALIDATED
1007,u_host_if.rpop_q[19]$_DFFE_PN0P_,9.31,0.79,0.022698669012989545,9.287301330987011,clk_host,VALIDATED
1005,u_host_if.rpop_q[18]$_DFFE_PN0P_,9.31,0.79,0.022591116449204127,9.287408883550796,clk_host,VALIDATED
1194,u_cdc_cmd.mem[10][42]$_DFFE_PP_,9.45,0.66,0.15735356422983315,9.292646435770166,clk_host,VALIDATED
1200,u_cdc_cmd.mem[10][17]$_DFFE_PP_,9.45,0.66,0.1572614038872647,9.292738596112734,clk_host,VALIDATED
1013,u_host_if.rpop_q[14]$_DFFE_PN0P_,9.32,0.78,0.022018642569881966,9.297981357430118,clk_host,VALIDATED
1014,u_host_if.rpop_q[10]$_DFFE_PN0P_,9.32,0.78,0.021962262461616075,9.298037737538385,clk_host,VALIDATED
1015,u_host_if.rpop_q[7]$_DFFE_PN0P_,9.32,0.78,0.021732698704866313,9.298267301295134,clk_host,VALIDATED
1011,u_host_if.rpop_q[22]$_DFFE_PN0P_,9.32,0.79,0.021067882013743752,9.298932117986256,clk_host,VALIDATED
1010,u_host_if.rpop_q[27]$_DFFE_PN0P_,9.32,0.79,0.020970140530031725,9.299029859469968,clk_host,VALIDATED
1012,u_host_if.rpop_q[29]$_DFFE_PN0P_,9.32,0.79,0.020776662300097656,9.299223337699903,clk_host,VALIDATED
1177,u_cdc_cmd.mem[3][63]$_DFFE_PP_,9.45,0.66,0.1476998827410074,9.302300117258993,clk_host,VALIDATED
1159,u_cdc_cmd.mem[3][53]$_DFFE_PP_,9.45,0.66,0.1476998827410074,9.302300117258993,clk_host,VALIDATED
1184,u_cdc_cmd.mem[3][62]$_DFFE_PP_,9.45,0.66,0.1476864547189635,9.302313545281036,clk_host,VALIDATED
1160,u_cdc_cmd.mem[3][66]$_DFFE_PP_,9.45,0.66,0.1476813834396629,9.302318616560337,clk_host,VALIDATED
1183,u_cdc_cmd.mem[3][61]$_DFFE_PP_,9.45,0.66,0.1476696791811567,9.302330320818843,clk_host,VALIDATED
1182,u_cdc_cmd.mem[3][32]$_DFFE_PP_,9.45,0.66,0.14763586337026474,9.302364136629734,clk_host,VALIDATED
1193,u_cdc_cmd.mem[3][72]$_DFFE_PP_,9.45,0.66,0.14761886839045296,9.302381131609547,clk_host,VALIDATED
1192,u_cdc_cmd.mem[3][29]$_DFFE_PP_,9.45,0.66,0.14761256771717918,9.30238743228282,clk_host,VALIDATED
1180,u_cdc_cmd.mem[3][28]$_DFFE_PP_,9.45,0.66,0.14757758197023876,9.30242241802976,clk_host,VALIDATED
1181,u_cdc_cmd.mem[3][31]$_DFFE_PP_,9.45,0.66,0.1475736243739436,9.302426375626055,clk_host,VALIDATED
1187,u_cdc_cmd.mem[3][71]$_DFFE_PP_,9.45,0.66,0.1475736243739436,9.302426375626055,clk_host,VALIDATED
1191,u_cdc_cmd.mem[3][23]$_DFFE_PP_,9.45,0.66,0.14753540869452947,9.302464591305469,clk_host,VALIDATED
1178,u_cdc_cmd.mem[3][22]$_DFFE_PP_,9.45,0.66,0.1474662821025562,9.302533717897443,clk_host,VALIDATED
1080,u_host_if.rpop_q[21]$_DFFE_PN0P_,9.4,0.71,0.019148937167568235,9.380851062832432,clk_host,VALIDATED
1081,u_host_if.rpop_q[31]$_DFFE_PN0P_,9.41,0.7,0.019542660829554602,9.390457339170446,clk_host,VALIDATED
1082,u_host_if.rpop_q[5]$_DFFE_PN0P_,9.41,0.7,0.01933353357032471,9.390666466429675,clk_host,VALIDATED
1086,u_host_if.rpop_q[23]$_DFFE_PN0P_,9.41,0.69,0.019152875405657743,9.390847124594343,clk_host,VALIDATED
1084,u_host_if.rpop_q[4]$_DFFE_PN0P_,9.41,0.69,0.01909654995658089,9.39090345004342,clk_host,VALIDATED
1087,u_host_if.rpop_q[30]$_DFFE_PN0P_,9.41,0.69,0.01903687931258384,9.390963120687417,clk_host,VALIDATED
1085,u_host_if.rpop_q[25]$_DFFE_PN0P_,9.41,0.69,0.01887116666957256,9.391128833330427,clk_host,VALIDATED
1083,u_host_if.rpop_q[28]$_DFFE_PN0P_,9.41,0.7,0.018574216928162107,9.391425783071838,clk_host,VALIDATED
1210,nand_dq_o[13],11.73,0.27,0.1750863107121137,11.554913689287886,clk_nand,VALIDATED
1211,nand_dq_o[9],11.73,0.27,0.1750863107121137,11.554913689287886,clk_nand,VALIDATED
1205,nand_dq_o[15],11.73,0.27,0.175049654877162,11.554950345122839,clk_nand,VALIDATED
1202,nand_dq_o[10],11.73,0.27,0.175049654877162,11.554950345122839,clk_nand,VALIDATED
1208,nand_dq_o[8],11.73,0.27,0.1750129990422103,11.55498700095779,clk_nand,VALIDATED
1204,nand_dq_o[14],11.73,0.27,0.1750129990422103,11.55498700095779,clk_nand,VALIDATED
1203,nand_dq_o[11],11.73,0.27,0.1750129990422103,11.55498700095779,clk_nand,VALIDATED
1209,nand_dq_o[12],11.73,0.27,0.17496590356178765,11.555034096438213,clk_nand,VALIDATED
1206,nand_dq_o[1],11.73,0.27,0.17403771521109548,11.555962284788905,clk_nand,VALIDATED
1207,nand_dq_o[2],11.73,0.27,0.1739957088752738,11.556004291124726,clk_nand,VALIDATED
1201,nand_dq_oe[0],11.73,0.27,0.1739957088752738,11.556004291124726,clk_nand,VALIDATED
1219,nand_ale[1],11.74,0.26,0.168601632537591,11.57139836746241,clk_nand,VALIDATED
1221,nand_cle[1],11.74,0.26,0.168601632537591,11.57139836746241,clk_nand,VALIDATED
1212,nand_dq_oe[1],11.74,0.26,0.16855458880509538,11.571445411194905,clk_nand,VALIDATED
1213,nand_ale[0],11.74,0.26,0.16827892762904828,11.571721072370952,clk_nand,VALIDATED
1220,nand_cle[0],11.74,0.26,0.16720697805663448,11.572793021943365,clk_nand,VALIDATED
1217,nand_dq_o[6],11.74,0.26,0.16708507861740582,11.572914921382594,clk_nand,VALIDATED
1215,nand_dq_o[3],11.74,0.26,0.16708507861740582,11.572914921382594,clk_nand,VALIDATED
1214,nand_dq_o[0],11.74,0.26,0.16708507861740582,11.572914921382594,clk_nand,VALIDATED
1218,nand_dq_o[7],11.74,0.26,0.16708507861740582,11.572914921382594,clk_nand,VALIDATED
1216,nand_dq_o[5],11.74,0.26,0.16706589880540618,11.572934101194594,clk_nand,VALIDATED
1222,nand_dq_o[4],11.74,0.26,0.16704894356943253,11.572951056430568,clk_nand,VALIDATED
1227,nand_re_n[1],11.75,0.25,0.16240335758719837,11.587596642412802,clk_nand,VALIDATED
1228,nand_we_n[1],11.75,0.25,0.1621492675191349,11.587850732480865,clk_nand,VALIDATED
1225,nand_ce_n[1],11.75,0.25,0.16211695436306828,11.587883045636932,clk_nand,VALIDATED
1226,nand_ce_n[0],11.75,0.25,0.1607759404390716,11.589224059560928,clk_nand,VALIDATED
1358,g_chan[0].u_cdc_chr.mem[8][18]$_DFFE_PP_,11.92,8.19,0.23596394540774945,11.68403605459225,clk_nand,VALIDATED
1376,g_chan[0].u_cdc_chr.mem[1][18]$_DFFE_PP_,11.92,8.19,0.23596394540774945,11.68403605459225,clk_nand,VALIDATED
1380,g_chan[0].u_cdc_chr.mem[3][18]$_DFFE_PP_,11.92,8.19,0.23596394540774945,11.68403605459225,clk_nand,VALIDATED
1374,g_chan[0].u_cdc_chr.mem[0][18]$_DFFE_PP_,11.92,8.19,0.23596394540774945,11.68403605459225,clk_nand,VALIDATED
1378,g_chan[0].u_cdc_chr.mem[2][18]$_DFFE_PP_,11.92,8.19,0.23596394540774945,11.68403605459225,clk_nand,VALIDATED
1348,g_chan[0].u_cdc_chr.mem[9][18]$_DFFE_PP_,11.92,8.19,0.23596394540774945,11.68403605459225,clk_nand,VALIDATED
1354,g_chan[0].u_cdc_chr.mem[10][18]$_DFFE_PP_,11.92,8.19,0.23596394540774945,11.68403605459225,clk_nand,VALIDATED
1360,g_chan[0].u_cdc_chr.mem[11][18]$_DFFE_PP_,11.92,8.19,0.23485691176683032,11.68514308823317,clk_nand,VALIDATED
1352,g_chan[0].u_cdc_chr.mem[5][18]$_DFFE_PP_,11.92,8.19,0.23172519064313046,11.68827480935687,clk_nand,VALIDATED
1373,g_chan[0].u_cdc_chr.mem[15][18]$_DFFE_PP_,11.92,8.19,0.23172519064313046,11.68827480935687,clk_nand,VALIDATED
1372,g_chan[0].u_cdc_chr.mem[14][18]$_DFFE_PP_,11.92,8.19,0.23172519064313046,11.68827480935687,clk_nand,VALIDATED
1593,g_chan[0].u_cdc_chr.mem[8][22]$_DFFE_PP_,11.93,8.18,0.24068104579562444,11.689318954204376,clk_nand,VALIDATED
1582,g_chan[0].u_cdc_chr.mem[13][22]$_DFFE_PP_,11.93,8.18,0.24068104579562444,11.689318954204376,clk_nand,VALIDATED
1580,g_chan[0].u_cdc_chr.mem[9][22]$_DFFE_PP_,11.93,8.18,0.24068104579562444,11.689318954204376,clk_nand,VALIDATED
1596,g_chan[0].u_cdc_chr.mem[11][30]$_DFFE_PP_,11.93,8.18,0.23854191492416932,11.69145808507583,clk_nand,VALIDATED
1590,g_chan[0].u_cdc_chr.mem[10][30]$_DFFE_PP_,11.93,8.18,0.23854191492416932,11.69145808507583,clk_nand,VALIDATED
1395,g_chan[0].u_cdc_chr.mem[13][18]$_DFFE_PP_,11.92,8.19,0.22763897111270626,11.692361028887294,clk_nand,VALIDATED
1416,g_chan[0].u_cdc_chr.mem[4][18]$_DFFE_PP_,11.92,8.19,0.22763897111270626,11.692361028887294,clk_nand,VALIDATED
1418,g_chan[0].u_cdc_chr.mem[12][18]$_DFFE_PP_,11.92,8.19,0.22763897111270626,11.692361028887294,clk_nand,VALIDATED
1422,g_chan[0].u_cdc_chr.mem[7][18]$_DFFE_PP_,11.92,8.19,0.22763897111270626,11.692361028887294,clk_nand,VALIDATED
1585,g_chan[0].u_cdc_chr.mem[9][30]$_DFFE_PP_,11.93,8.18,0.23737499380916538,11.692625006190834,clk_nand,VALIDATED
1594,g_chan[0].u_cdc_chr.mem[8][30]$_DFFE_PP_,11.93,8.18,0.23737499380916538,11.692625006190834,clk_nand,VALIDATED
1421,g_chan[0].u_cdc_chr.mem[6][18]$_DFFE_PP_,11.92,8.19,0.22664516375699528,11.693354836243005,clk_nand,VALIDATED
1377,g_chan[0].u_cdc_chr.mem[1][21]$_DFFE_PP_,11.92,8.19,0.22627076324841722,11.693729236751583,clk_nand,VALIDATED
1379,g_chan[0].u_cdc_chr.mem[2][21]$_DFFE_PP_,11.92,8.19,0.22627076324841722,11.693729236751583,clk_nand,VALIDATED
1381,g_chan[0].u_cdc_chr.mem[3][21]$_DFFE_PP_,11.92,8.19,0.22627076324841722,11.693729236751583,clk_nand,VALIDATED
1455,g_chan[0].u_cdc_chr.mem[6][27]$_DFFE_PP_,11.92,8.2,0.22599445420349706,11.694005545796504,clk_nand,VALIDATED
1469,g_chan[0].u_cdc_chr.mem[4][27]$_DFFE_PP_,11.92,8.2,0.22599445420349706,11.694005545796504,clk_nand,VALIDATED
1470,g_chan[0].u_cdc_chr.mem[5][27]$_DFFE_PP_,11.92,8.2,0.22599445420349706,11.694005545796504,clk_nand,VALIDATED
1451,g_chan[0].u_cdc_chr.mem[11][27]$_DFFE_PP_,11.92,8.2,0.22599445420349706,11.694005545796504,clk_nand,VALIDATED
1574,g_chan[0].u_cdc_chr.mem[13][30]$_DFFE_PP_,11.93,8.18,0.23579553729375857,11.69420446270624,clk_nand,VALIDATED
1578,g_chan[0].u_cdc_chr.mem[15][30]$_DFFE_PP_,11.93,8.18,0.23563972384720067,11.6943602761528,clk_nand,VALIDATED
1447,g_chan[0].u_cdc_chr.mem[10][27]$_DFFE_PP_,11.92,8.2,0.22543403006006701,11.694565969939934,clk_nand,VALIDATED
1375,g_chan[0].u_cdc_chr.mem[0][21]$_DFFE_PP_,11.92,8.19,0.22510241557948296,11.694897584420517,clk_nand,VALIDATED
1359,g_chan[0].u_cdc_chr.mem[8][21]$_DFFE_PP_,11.92,8.19,0.22510241557948296,11.694897584420517,clk_nand,VALIDATED
1575,g_chan[0].u_cdc_chr.mem[7][30]$_DFFE_PP_,11.93,8.18,0.2350713750002399,11.69492862499976,clk_nand,VALIDATED
1598,g_chan[0].u_cdc_chr.mem[4][30]$_DFFE_PP_,11.93,8.18,0.2350713750002399,11.69492862499976,clk_nand,VALIDATED
1599,g_chan[0].u_cdc_chr.mem[5][30]$_DFFE_PP_,11.93,8.18,0.2350713750002399,11.69492862499976,clk_nand,VALIDATED
1573,g_chan[0].u_cdc_chr.mem[6][30]$_DFFE_PP_,11.93,8.18,0.2350713750002399,11.69492862499976,clk_nand,VALIDATED
1443,g_chan[0].u_cdc_chr.mem[9][27]$_DFFE_PP_,11.92,8.2,0.22487360591663696,11.695126394083363,clk_nand,VALIDATED
1450,g_chan[0].u_cdc_chr.mem[8][27]$_DFFE_PP_,11.92,8.2,0.22487360591663696,11.695126394083363,clk_nand,VALIDATED
1441,g_chan[0].u_cdc_chr.mem[7][27]$_DFFE_PP_,11.92,8.2,0.2244349467578528,11.695565053242147,clk_nand,VALIDATED
1496,g_chan[0].u_cdc_chr.mem[12][0]$_DFFE_PP_,11.92,8.2,0.2242366253255299,11.69576337467447,clk_nand,VALIDATED
1355,g_chan[0].u_cdc_chr.mem[10][21]$_DFFE_PP_,11.92,8.19,0.2240188788525448,11.695981121147454,clk_nand,VALIDATED
1361,g_chan[0].u_cdc_chr.mem[11][21]$_DFFE_PP_,11.92,8.19,0.2240188788525448,11.695981121147454,clk_nand,VALIDATED
1576,g_chan[0].u_cdc_chr.mem[14][30]$_DFFE_PP_,11.93,8.18,0.23376836036968607,11.696231639630314,clk_nand,VALIDATED
1322,g_chan[0].u_cdc_chr.mem[3][0]$_DFFE_PP_,11.92,8.2,0.22343597068293275,11.696564029317067,clk_nand,VALIDATED
1321,g_chan[0].u_cdc_chr.mem[2][0]$_DFFE_PP_,11.92,8.2,0.22343597068293275,11.696564029317067,clk_nand,VALIDATED
1349,g_chan[0].u_cdc_chr.mem[9][21]$_DFFE_PP_,11.92,8.19,0.2232287643715557,11.696771235628445,clk_nand,VALIDATED
1444,g_chan[0].u_cdc_chr.mem[0][27]$_DFFE_PP_,11.92,8.2,0.2231515182735162,11.696848481726484,clk_nand,VALIDATED
1454,g_chan[0].u_cdc_chr.mem[3][27]$_DFFE_PP_,11.92,8.2,0.2231515182735162,11.696848481726484,clk_nand,VALIDATED
1453,g_chan[0].u_cdc_chr.mem[2][27]$_DFFE_PP_,11.92,8.2,0.2231515182735162,11.696848481726484,clk_nand,VALIDATED
1592,g_chan[0].u_cdc_chr.mem[8][20]$_DFFE_PP_,11.93,8.18,0.2330429861557789,11.696957013844221,clk_nand,VALIDATED
1595,g_chan[0].u_cdc_chr.mem[11][20]$_DFFE_PP_,11.93,8.18,0.2330429861557789,11.696957013844221,clk_nand,VALIDATED
1589,g_chan[0].u_cdc_chr.mem[10][20]$_DFFE_PP_,11.93,8.18,0.2330429861557789,11.696957013844221,clk_nand,VALIDATED
1584,g_chan[0].u_cdc_chr.mem[9][20]$_DFFE_PP_,11.93,8.18,0.2330429861557789,11.696957013844221,clk_nand,VALIDATED
1448,g_chan[0].u_cdc_chr.mem[14][27]$_DFFE_PP_,11.92,8.2,0.22287543931220855,11.697124560687792,clk_nand,VALIDATED
1446,g_chan[0].u_cdc_chr.mem[12][27]$_DFFE_PP_,11.92,8.2,0.22287543931220855,11.697124560687792,clk_nand,VALIDATED
1452,g_chan[0].u_cdc_chr.mem[13][27]$_DFFE_PP_,11.92,8.2,0.22287543931220855,11.697124560687792,clk_nand,VALIDATED
1449,g_chan[0].u_cdc_chr.mem[15][27]$_DFFE_PP_,11.92,8.2,0.22287543931220855,11.697124560687792,clk_nand,VALIDATED
1347,g_chan[0].u_cdc_chr.mem[15][21]$_DFFE_PP_,11.92,8.19,0.22265972072160356,11.697340279278396,clk_nand,VALIDATED
1581,g_chan[0].u_cdc_chr.mem[13][20]$_DFFE_PP_,11.93,8.18,0.23102077081888683,11.698979229181113,clk_nand,VALIDATED
1600,g_chan[0].u_cdc_chr.mem[12][20]$_DFFE_PP_,11.93,8.18,0.23102077081888683,11.698979229181113,clk_nand,VALIDATED
1588,g_chan[0].u_cdc_chr.mem[5][20]$_DFFE_PP_,11.93,8.18,0.23102077081888683,11.698979229181113,clk_nand,VALIDATED
1587,g_chan[0].u_cdc_chr.mem[4][20]$_DFFE_PP_,11.93,8.18,0.23102077081888683,11.698979229181113,clk_nand,VALIDATED
1324,g_chan[0].u_cdc_chr.mem[9][0]$_DFFE_PP_,11.92,8.2,0.22088950056356826,11.699110499436431,clk_nand,VALIDATED
1326,g_chan[0].u_cdc_chr.mem[8][0]$_DFFE_PP_,11.92,8.2,0.22088950056356826,11.699110499436431,clk_nand,VALIDATED
1327,g_chan[0].u_cdc_chr.mem[11][0]$_DFFE_PP_,11.92,8.2,0.22088950056356826,11.699110499436431,clk_nand,VALIDATED
1325,g_chan[0].u_cdc_chr.mem[10][0]$_DFFE_PP_,11.92,8.2,0.22088950056356826,11.699110499436431,clk_nand,VALIDATED
1336,g_chan[0].u_cdc_chr.mem[7][0]$_DFFE_PP_,11.92,8.2,0.21889906223608913,11.701100937763911,clk_nand,VALIDATED
1341,g_chan[0].u_cdc_chr.mem[4][0]$_DFFE_PP_,11.92,8.2,0.21889906223608913,11.701100937763911,clk_nand,VALIDATED
1343,g_chan[0].u_cdc_chr.mem[6][0]$_DFFE_PP_,11.92,8.2,0.21889906223608913,11.701100937763911,clk_nand,VALIDATED
1342,g_chan[0].u_cdc_chr.mem[5][0]$_DFFE_PP_,11.92,8.2,0.21889906223608913,11.701100937763911,clk_nand,VALIDATED
1339,g_chan[0].u_cdc_chr.mem[13][0]$_DFFE_PP_,11.92,8.2,0.21889906223608913,11.701100937763911,clk_nand,VALIDATED
1407,g_chan[0].u_cdc_chr.mem[12][23]$_DFFE_PP_,11.92,8.19,0.21844013509743487,11.701559864902565,clk_nand,VALIDATED
1390,g_chan[0].u_cdc_chr.mem[15][23]$_DFFE_PP_,11.92,8.19,0.21844013509743487,11.701559864902565,clk_nand,VALIDATED
1393,g_chan[0].u_cdc_chr.mem[0][23]$_DFFE_PP_,11.92,8.19,0.21834881036038978,11.70165118963961,clk_nand,VALIDATED
1420,g_chan[0].u_cdc_chr.mem[3][23]$_DFFE_PP_,11.92,8.19,0.21834881036038978,11.70165118963961,clk_nand,VALIDATED
1419,g_chan[0].u_cdc_chr.mem[2][23]$_DFFE_PP_,11.92,8.19,0.21834881036038978,11.70165118963961,clk_nand,VALIDATED
1486,g_chan[0].u_cdc_chr.mem[11][1]$_DFFE_PP_,11.92,8.2,0.21817605789518257,11.701823942104816,clk_nand,VALIDATED
1485,g_chan[0].u_cdc_chr.mem[10][1]$_DFFE_PP_,11.92,8.2,0.21817605789518257,11.701823942104816,clk_nand,VALIDATED
1389,g_chan[0].u_cdc_chr.mem[14][23]$_DFFE_PP_,11.92,8.19,0.21752334658597594,11.702476653414024,clk_nand,VALIDATED
1483,g_chan[0].u_cdc_chr.mem[9][1]$_DFFE_PP_,11.92,8.2,0.21745305355427602,11.702546946445723,clk_nand,VALIDATED
1487,g_chan[0].u_cdc_chr.mem[8][1]$_DFFE_PP_,11.92,8.2,0.21745305355427602,11.702546946445723,clk_nand,VALIDATED
1340,g_chan[0].u_cdc_chr.mem[14][0]$_DFFE_PP_,11.92,8.2,0.21716633336990543,11.702833666630095,clk_nand,VALIDATED
1337,g_chan[0].u_cdc_chr.mem[0][0]$_DFFE_PP_,11.92,8.2,0.21716633336990543,11.702833666630095,clk_nand,VALIDATED
1338,g_chan[0].u_cdc_chr.mem[15][0]$_DFFE_PP_,11.92,8.2,0.21716633336990543,11.702833666630095,clk_nand,VALIDATED
1335,g_chan[0].u_cdc_chr.mem[1][0]$_DFFE_PP_,11.92,8.2,0.21716633336990543,11.702833666630095,clk_nand,VALIDATED
1591,g_chan[0].u_cdc_chr.mem[10][4]$_DFFE_PP_,11.93,8.18,0.22696383479451232,11.703036165205488,clk_nand,VALIDATED
1597,g_chan[0].u_cdc_chr.mem[11][4]$_DFFE_PP_,11.93,8.18,0.22696383479451232,11.703036165205488,clk_nand,VALIDATED
1401,g_chan[0].u_cdc_chr.mem[5][21]$_DFFE_PP_,11.92,8.19,0.21695926136487909,11.70304073863512,clk_nand,VALIDATED
1399,g_chan[0].u_cdc_chr.mem[8][23]$_DFFE_PP_,11.92,8.19,0.21624317753957778,11.703756822460422,clk_nand,VALIDATED
1396,g_chan[0].u_cdc_chr.mem[1][23]$_DFFE_PP_,11.92,8.19,0.21624317753957778,11.703756822460422,clk_nand,VALIDATED
1323,g_chan[0].u_cdc_chr.mem[1][27]$_DFFE_PP_,11.92,8.2,0.21609186754095466,11.703908132459045,clk_nand,VALIDATED
1391,g_chan[0].u_cdc_chr.mem[6][21]$_DFFE_PP_,11.92,8.19,0.2156510708115138,11.704348929188486,clk_nand,VALIDATED
1383,g_chan[0].u_cdc_chr.mem[7][21]$_DFFE_PP_,11.92,8.19,0.2156510708115138,11.704348929188486,clk_nand,VALIDATED
1387,g_chan[0].u_cdc_chr.mem[13][21]$_DFFE_PP_,11.92,8.19,0.2156510708115138,11.704348929188486,clk_nand,VALIDATED
1403,g_chan[0].u_cdc_chr.mem[4][21]$_DFFE_PP_,11.92,8.19,0.2156510708115138,11.704348929188486,clk_nand,VALIDATED
1404,g_chan[0].u_cdc_chr.mem[12][21]$_DFFE_PP_,11.92,8.19,0.2156510708115138,11.704348929188486,clk_nand,VALIDATED
1385,g_chan[0].u_cdc_chr.mem[14][21]$_DFFE_PP_,11.92,8.19,0.2156510708115138,11.704348929188486,clk_nand,VALIDATED
1398,g_chan[0].u_cdc_chr.mem[11][23]$_DFFE_PP_,11.92,8.19,0.2153720513966414,11.704627948603358,clk_nand,VALIDATED
1394,g_chan[0].u_cdc_chr.mem[9][23]$_DFFE_PP_,11.92,8.19,0.2153720513966414,11.704627948603358,clk_nand,VALIDATED
1397,g_chan[0].u_cdc_chr.mem[10][23]$_DFFE_PP_,11.92,8.19,0.2153720513966414,11.704627948603358,clk_nand,VALIDATED
1586,g_chan[0].u_cdc_chr.mem[9][4]$_DFFE_PP_,11.93,8.18,0.22509247131699772,11.704907528683002,clk_nand,VALIDATED
1402,g_chan[0].u_cdc_chr.mem[5][23]$_DFFE_PP_,11.92,8.19,0.214500925253705,11.705499074746294,clk_nand,VALIDATED
1388,g_chan[0].u_cdc_chr.mem[13][23]$_DFFE_PP_,11.92,8.19,0.214500925253705,11.705499074746294,clk_nand,VALIDATED
1400,g_chan[0].u_cdc_chr.mem[4][23]$_DFFE_PP_,11.92,8.19,0.214500925253705,11.705499074746294,clk_nand,VALIDATED
1382,g_chan[0].u_cdc_chr.mem[7][23]$_DFFE_PP_,11.92,8.19,0.214500925253705,11.705499074746294,clk_nand,VALIDATED
1386,g_chan[0].u_cdc_chr.mem[6][23]$_DFFE_PP_,11.92,8.19,0.214500925253705,11.705499074746294,clk_nand,VALIDATED
1579,g_chan[0].u_cdc_chr.mem[15][4]$_DFFE_PP_,11.93,8.18,0.22378587806589534,11.706214121934105,clk_nand,VALIDATED
1577,g_chan[0].u_cdc_chr.mem[14][4]$_DFFE_PP_,11.93,8.18,0.22378587806589534,11.706214121934105,clk_nand,VALIDATED
1583,g_chan[0].u_cdc_chr.mem[13][4]$_DFFE_PP_,11.93,8.18,0.22378587806589534,11.706214121934105,clk_nand,VALIDATED
1495,g_chan[0].u_cdc_chr.mem[3][1]$_DFFE_PP_,11.92,8.2,0.21312724576653208,11.706872754233467,clk_nand,VALIDATED
1494,g_chan[0].u_cdc_chr.mem[2][1]$_DFFE_PP_,11.92,8.2,0.21312724576653208,11.706872754233467,clk_nand,VALIDATED
1491,g_chan[0].u_cdc_chr.mem[1][1]$_DFFE_PP_,11.92,8.2,0.21312724576653208,11.706872754233467,clk_nand,VALIDATED
1484,g_chan[0].u_cdc_chr.mem[0][1]$_DFFE_PP_,11.92,8.2,0.21312724576653208,11.706872754233467,clk_nand,VALIDATED
1351,g_chan[0].u_cdc_chr.mem[11][7]$_DFFE_PP_,11.92,8.2,0.21268046415411712,11.707319535845883,clk_nand,VALIDATED
1350,g_chan[0].u_cdc_chr.mem[10][7]$_DFFE_PP_,11.92,8.2,0.21268046415411712,11.707319535845883,clk_nand,VALIDATED
1488,g_chan[0].u_cdc_chr.mem[14][1]$_DFFE_PP_,11.92,8.2,0.2110479319673304,11.70895206803267,clk_nand,VALIDATED
1492,g_chan[0].u_cdc_chr.mem[4][1]$_DFFE_PP_,11.92,8.2,0.2110479319673304,11.70895206803267,clk_nand,VALIDATED
1392,g_chan[0].u_cdc_chr.mem[12][1]$_DFFE_PP_,11.92,8.2,0.21077687155050606,11.709223128449494,clk_nand,VALIDATED
1384,g_chan[0].u_cdc_chr.mem[13][1]$_DFFE_PP_,11.92,8.2,0.21077687155050606,11.709223128449494,clk_nand,VALIDATED
1357,g_chan[0].u_cdc_chr.mem[15][7]$_DFFE_PP_,11.92,8.2,0.2097945559193386,11.71020544408066,clk_nand,VALIDATED
1363,g_chan[0].u_cdc_chr.mem[1][7]$_DFFE_PP_,11.92,8.2,0.2097945559193386,11.71020544408066,clk_nand,VALIDATED
1356,g_chan[0].u_cdc_chr.mem[14][7]$_DFFE_PP_,11.92,8.2,0.2097945559193386,11.71020544408066,clk_nand,VALIDATED
1364,g_chan[0].u_cdc_chr.mem[9][7]$_DFFE_PP_,11.92,8.2,0.2097945559193386,11.71020544408066,clk_nand,VALIDATED
1365,g_chan[0].u_cdc_chr.mem[0][7]$_DFFE_PP_,11.92,8.2,0.2097945559193386,11.71020544408066,clk_nand,VALIDATED
1366,g_chan[0].u_cdc_chr.mem[12][7]$_DFFE_PP_,11.92,8.2,0.2097945559193386,11.71020544408066,clk_nand,VALIDATED
1367,g_chan[0].u_cdc_chr.mem[4][7]$_DFFE_PP_,11.92,8.2,0.2097945559193386,11.71020544408066,clk_nand,VALIDATED
1368,g_chan[0].u_cdc_chr.mem[5][7]$_DFFE_PP_,11.92,8.2,0.2097945559193386,11.71020544408066,clk_nand,VALIDATED
1369,g_chan[0].u_cdc_chr.mem[8][7]$_DFFE_PP_,11.92,8.2,0.2097945559193386,11.71020544408066,clk_nand,VALIDATED
1371,g_chan[0].u_cdc_chr.mem[3][7]$_DFFE_PP_,11.92,8.2,0.2097945559193386,11.71020544408066,clk_nand,VALIDATED
1370,g_chan[0].u_cdc_chr.mem[2][7]$_DFFE_PP_,11.92,8.2,0.2097945559193386,11.71020544408066,clk_nand,VALIDATED
1345,g_chan[0].u_cdc_chr.mem[13][7]$_DFFE_PP_,11.92,8.2,0.20952349550251426,11.710476504497485,clk_nand,VALIDATED
1489,g_chan[0].u_cdc_chr.mem[15][1]$_DFFE_PP_,11.92,8.2,0.20896861816812873,11.711031381831871,clk_nand,VALIDATED
1493,g_chan[0].u_cdc_chr.mem[5][1]$_DFFE_PP_,11.92,8.2,0.20896861816812873,11.711031381831871,clk_nand,VALIDATED
1353,g_chan[0].u_cdc_chr.mem[7][7]$_DFFE_PP_,11.92,8.2,0.20873599062473236,11.711264009375267,clk_nand,VALIDATED
1362,g_chan[0].u_cdc_chr.mem[6][7]$_DFFE_PP_,11.92,8.2,0.20873599062473236,11.711264009375267,clk_nand,VALIDATED
1490,g_chan[0].u_cdc_chr.mem[6][1]$_DFFE_PP_,11.92,8.2,0.2080115481840381,11.711988451815962,clk_nand,VALIDATED
1482,g_chan[0].u_cdc_chr.mem[7][1]$_DFFE_PP_,11.92,8.2,0.2070544781999475,11.712945521800052,clk_nand,VALIDATED
1304,g_chan[1].u_cdc_chr.mem[15][21]$_DFFE_PP_,11.91,8.2,0.19549247829492677,11.714507521705073,clk_nand,VALIDATED
1303,g_chan[1].u_cdc_chr.mem[14][21]$_DFFE_PP_,11.91,8.2,0.19549247829492677,11.714507521705073,clk_nand,VALIDATED
1296,g_chan[1].u_cdc_chr.mem[12][21]$_DFFE_PP_,11.91,8.2,0.19483437150365357,11.715165628496347,clk_nand,VALIDATED
1305,g_chan[1].u_cdc_chr.mem[7][21]$_DFFE_PP_,11.91,8.2,0.19483437150365357,11.715165628496347,clk_nand,VALIDATED
1297,g_chan[1].u_cdc_chr.mem[13][21]$_DFFE_PP_,11.91,8.2,0.19483437150365357,11.715165628496347,clk_nand,VALIDATED
1299,g_chan[1].u_cdc_chr.mem[5][21]$_DFFE_PP_,11.91,8.2,0.19417626471238036,11.71582373528762,clk_nand,VALIDATED
1298,g_chan[1].u_cdc_chr.mem[4][21]$_DFFE_PP_,11.91,8.2,0.19417626471238036,11.71582373528762,clk_nand,VALIDATED
1300,g_chan[1].u_cdc_chr.mem[6][21]$_DFFE_PP_,11.91,8.2,0.19417626471238036,11.71582373528762,clk_nand,VALIDATED
1301,g_chan[1].u_cdc_chr.mem[9][21]$_DFFE_PP_,11.91,8.2,0.1927539413043844,11.717246058695615,clk_nand,VALIDATED
1242,g_chan[1].u_cdc_chr.mem[7][4]$_DFFE_PP_,11.91,8.2,0.19218478597823196,11.717815214021769,clk_nand,VALIDATED
1241,g_chan[1].u_cdc_chr.mem[6][4]$_DFFE_PP_,11.91,8.2,0.19218478597823196,11.717815214021769,clk_nand,VALIDATED
1240,g_chan[1].u_cdc_chr.mem[5][4]$_DFFE_PP_,11.91,8.2,0.19218478597823196,11.717815214021769,clk_nand,VALIDATED
1239,g_chan[1].u_cdc_chr.mem[4][4]$_DFFE_PP_,11.91,8.2,0.19218478597823196,11.717815214021769,clk_nand,VALIDATED
1279,g_chan[1].u_cdc_chr.mem[10][25]$_DFFE_PP_,11.91,8.2,0.19154752794038166,11.718452472059619,clk_nand,VALIDATED
1285,g_chan[1].u_cdc_chr.mem[15][25]$_DFFE_PP_,11.91,8.2,0.19154752794038166,11.718452472059619,clk_nand,VALIDATED
1252,g_chan[1].u_cdc_chr.mem[12][18]$_DFFE_PP_,11.91,8.2,0.19117994604101174,11.71882005395899,clk_nand,VALIDATED
1271,g_chan[1].u_cdc_chr.mem[7][18]$_DFFE_PP_,11.91,8.2,0.19117994604101174,11.71882005395899,clk_nand,VALIDATED
1283,g_chan[1].u_cdc_chr.mem[14][18]$_DFFE_PP_,11.91,8.2,0.19117994604101174,11.71882005395899,clk_nand,VALIDATED
1254,g_chan[1].u_cdc_chr.mem[13][18]$_DFFE_PP_,11.91,8.2,0.19117994604101174,11.71882005395899,clk_nand,VALIDATED
1258,g_chan[1].u_cdc_chr.mem[15][18]$_DFFE_PP_,11.91,8.2,0.19117994604101174,11.71882005395899,clk_nand,VALIDATED
1413,g_chan[1].u_cdc_chr.mem[0][9]$_DFFE_PP_,11.92,8.19,0.20099024616710426,11.719009753832896,clk_nand,VALIDATED
1302,g_chan[1].u_cdc_chr.mem[11][18]$_DFFE_PP_,11.91,8.2,0.19085781925365386,11.719142180746346,clk_nand,VALIDATED
1243,g_chan[1].u_cdc_chr.mem[9][4]$_DFFE_PP_,11.91,8.2,0.19077318933855092,11.71922681066145,clk_nand,VALIDATED
1250,g_chan[1].u_cdc_chr.mem[11][25]$_DFFE_PP_,11.91,8.2,0.190188236726193,11.719811763273807,clk_nand,VALIDATED
1410,g_chan[1].u_cdc_chr.mem[1][9]$_DFFE_PP_,11.92,8.19,0.19964307711723328,11.720356922882766,clk_nand,VALIDATED
1234,g_chan[1].u_cdc_chr.mem[2][4]$_DFFE_PP_,11.91,8.2,0.18936159269886987,11.72063840730113,clk_nand,VALIDATED
1238,g_chan[1].u_cdc_chr.mem[8][4]$_DFFE_PP_,11.91,8.2,0.18936159269886987,11.72063840730113,clk_nand,VALIDATED
1237,g_chan[1].u_cdc_chr.mem[11][4]$_DFFE_PP_,11.91,8.2,0.18936159269886987,11.72063840730113,clk_nand,VALIDATED
1232,g_chan[1].u_cdc_chr.mem[0][4]$_DFFE_PP_,11.91,8.2,0.18936159269886987,11.72063840730113,clk_nand,VALIDATED
1235,g_chan[1].u_cdc_chr.mem[3][4]$_DFFE_PP_,11.91,8.2,0.18936159269886987,11.72063840730113,clk_nand,VALIDATED
1233,g_chan[1].u_cdc_chr.mem[1][4]$_DFFE_PP_,11.91,8.2,0.18936159269886987,11.72063840730113,clk_nand,VALIDATED
1236,g_chan[1].u_cdc_chr.mem[10][4]$_DFFE_PP_,11.91,8.2,0.18936159269886987,11.72063840730113,clk_nand,VALIDATED
1287,g_chan[1].u_cdc_chr.mem[4][18]$_DFFE_PP_,11.91,8.2,0.18927398397059658,11.720726016029403,clk_nand,VALIDATED
1290,g_chan[1].u_cdc_chr.mem[6][18]$_DFFE_PP_,11.91,8.2,0.18927398397059658,11.720726016029403,clk_nand,VALIDATED
1289,g_chan[1].u_cdc_chr.mem[5][18]$_DFFE_PP_,11.91,8.2,0.18927398397059658,11.720726016029403,clk_nand,VALIDATED
1294,g_chan[1].u_cdc_chr.mem[9][18]$_DFFE_PP_,11.91,8.2,0.18927398397059658,11.720726016029403,clk_nand,VALIDATED
1466,g_chan[1].u_cdc_chr.mem[15][9]$_DFFE_PP_,11.92,8.19,0.19885644422726068,11.72114355577274,clk_nand,VALIDATED
1465,g_chan[1].u_cdc_chr.mem[5][9]$_DFFE_PP_,11.92,8.19,0.19885644422726068,11.72114355577274,clk_nand,VALIDATED
1433,g_chan[1].u_cdc_chr.mem[3][9]$_DFFE_PP_,11.92,8.19,0.19885644422726068,11.72114355577274,clk_nand,VALIDATED
1434,g_chan[1].u_cdc_chr.mem[14][9]$_DFFE_PP_,11.92,8.19,0.19885644422726068,11.72114355577274,clk_nand,VALIDATED
1467,g_chan[1].u_cdc_chr.mem[2][9]$_DFFE_PP_,11.92,8.19,0.19885644422726068,11.72114355577274,clk_nand,VALIDATED
1476,g_chan[1].u_cdc_chr.mem[4][9]$_DFFE_PP_,11.92,8.19,0.19885644422726068,11.72114355577274,clk_nand,VALIDATED
1474,g_chan[1].u_cdc_chr.mem[7][9]$_DFFE_PP_,11.92,8.19,0.19885644422726068,11.72114355577274,clk_nand,VALIDATED
1440,g_chan[1].u_cdc_chr.mem[6][9]$_DFFE_PP_,11.92,8.19,0.19885644422726068,11.72114355577274,clk_nand,VALIDATED
1472,g_chan[1].u_cdc_chr.mem[13][9]$_DFFE_PP_,11.92,8.19,0.19885644422726068,11.72114355577274,clk_nand,VALIDATED
1471,g_chan[1].u_cdc_chr.mem[12][9]$_DFFE_PP_,11.92,8.19,0.19885644422726068,11.72114355577274,clk_nand,VALIDATED
1275,g_chan[1].u_cdc_chr.mem[8][25]$_DFFE_PP_,11.91,8.2,0.18882894551200435,11.721171054487996,clk_nand,VALIDATED
1277,g_chan[1].u_cdc_chr.mem[9][25]$_DFFE_PP_,11.91,8.2,0.18882894551200435,11.721171054487996,clk_nand,VALIDATED
1269,g_chan[1].u_cdc_chr.mem[5][25]$_DFFE_PP_,11.91,8.2,0.18882894551200435,11.721171054487996,clk_nand,VALIDATED
1257,g_chan[1].u_cdc_chr.mem[14][25]$_DFFE_PP_,11.91,8.2,0.18882894551200435,11.721171054487996,clk_nand,VALIDATED
1264,g_chan[1].u_cdc_chr.mem[2][25]$_DFFE_PP_,11.91,8.2,0.18882894551200435,11.721171054487996,clk_nand,VALIDATED
1286,g_chan[1].u_cdc_chr.mem[1][18]$_DFFE_PP_,11.91,8.2,0.1886419261242498,11.72135807387575,clk_nand,VALIDATED
1278,g_chan[1].u_cdc_chr.mem[0][18]$_DFFE_PP_,11.91,8.2,0.1886419261242498,11.72135807387575,clk_nand,VALIDATED
1261,g_chan[1].u_cdc_chr.mem[1][25]$_DFFE_PP_,11.91,8.2,0.18772211770099434,11.722277882299005,clk_nand,VALIDATED
1423,g_chan[1].u_cdc_chr.mem[8][9]$_DFFE_PP_,11.92,8.19,0.19765732339838182,11.722342676601619,clk_nand,VALIDATED
1425,g_chan[1].u_cdc_chr.mem[9][9]$_DFFE_PP_,11.92,8.19,0.19765732339838182,11.722342676601619,clk_nand,VALIDATED
1265,g_chan[1].u_cdc_chr.mem[3][18]$_DFFE_PP_,11.91,8.2,0.18736802190018143,11.72263197809982,clk_nand,VALIDATED
1273,g_chan[1].u_cdc_chr.mem[8][18]$_DFFE_PP_,11.91,8.2,0.18736802190018143,11.72263197809982,clk_nand,VALIDATED
1249,g_chan[1].u_cdc_chr.mem[10][18]$_DFFE_PP_,11.91,8.2,0.18736802190018143,11.72263197809982,clk_nand,VALIDATED
1262,g_chan[1].u_cdc_chr.mem[2][18]$_DFFE_PP_,11.91,8.2,0.18736802190018143,11.72263197809982,clk_nand,VALIDATED
1428,g_chan[1].u_cdc_chr.mem[10][31]$_DFFE_PP_,11.92,8.19,0.19688415876113186,11.723115841238869,clk_nand,VALIDATED
1430,g_chan[1].u_cdc_chr.mem[11][31]$_DFFE_PP_,11.92,8.19,0.19688415876113186,11.723115841238869,clk_nand,VALIDATED
1251,g_chan[1].u_cdc_chr.mem[11][27]$_DFFE_PP_,11.91,8.2,0.18664711901979814,11.723352880980203,clk_nand,VALIDATED
1260,g_chan[1].u_cdc_chr.mem[15][27]$_DFFE_PP_,11.91,8.2,0.18664711901979814,11.723352880980203,clk_nand,VALIDATED
1266,g_chan[1].u_cdc_chr.mem[3][25]$_DFFE_PP_,11.91,8.2,0.18644451590974376,11.723555484090257,clk_nand,VALIDATED
1248,g_chan[1].u_cdc_chr.mem[0][25]$_DFFE_PP_,11.91,8.2,0.18644451590974376,11.723555484090257,clk_nand,VALIDATED
1431,g_chan[1].u_cdc_chr.mem[11][9]$_DFFE_PP_,11.92,8.19,0.19625702350322172,11.723742976496778,clk_nand,VALIDATED
1429,g_chan[1].u_cdc_chr.mem[10][9]$_DFFE_PP_,11.92,8.19,0.19625702350322172,11.723742976496778,clk_nand,VALIDATED
1439,g_chan[1].u_cdc_chr.mem[6][31]$_DFFE_PP_,11.92,8.19,0.1952496277130562,11.724750372286945,clk_nand,VALIDATED
1292,g_chan[1].u_cdc_chr.mem[7][27]$_DFFE_PP_,11.91,8.2,0.18431332901328001,11.72568667098672,clk_nand,VALIDATED
1293,g_chan[1].u_cdc_chr.mem[8][27]$_DFFE_PP_,11.91,8.2,0.18431332901328001,11.72568667098672,clk_nand,VALIDATED
1247,g_chan[1].u_cdc_chr.mem[5][27]$_DFFE_PP_,11.91,8.2,0.18431332901328001,11.72568667098672,clk_nand,VALIDATED
1244,g_chan[1].u_cdc_chr.mem[0][27]$_DFFE_PP_,11.91,8.2,0.18431332901328001,11.72568667098672,clk_nand,VALIDATED
1288,g_chan[1].u_cdc_chr.mem[4][27]$_DFFE_PP_,11.91,8.2,0.18431332901328001,11.72568667098672,clk_nand,VALIDATED
1295,g_chan[1].u_cdc_chr.mem[9][27]$_DFFE_PP_,11.91,8.2,0.18431332901328001,11.72568667098672,clk_nand,VALIDATED
1280,g_chan[1].u_cdc_chr.mem[10][27]$_DFFE_PP_,11.91,8.2,0.18431332901328001,11.72568667098672,clk_nand,VALIDATED
1414,g_chan[1].u_cdc_chr.mem[3][31]$_DFFE_PP_,11.92,8.19,0.19405341398869957,11.7259465860113,clk_nand,VALIDATED
1412,g_chan[1].u_cdc_chr.mem[2][31]$_DFFE_PP_,11.92,8.19,0.19405341398869957,11.7259465860113,clk_nand,VALIDATED
1426,g_chan[1].u_cdc_chr.mem[5][31]$_DFFE_PP_,11.92,8.19,0.19361509666498056,11.726384903335019,clk_nand,VALIDATED
1435,g_chan[1].u_cdc_chr.mem[7][31]$_DFFE_PP_,11.92,8.19,0.19361509666498056,11.726384903335019,clk_nand,VALIDATED
1406,g_chan[1].u_cdc_chr.mem[9][31]$_DFFE_PP_,11.92,8.19,0.19344369293189034,11.72655630706811,clk_nand,VALIDATED
1405,g_chan[1].u_cdc_chr.mem[8][31]$_DFFE_PP_,11.92,8.19,0.19344369293189034,11.72655630706811,clk_nand,VALIDATED
1309,g_chan[1].u_cdc_chr.mem[13][25]$_DFFE_PP_,11.92,8.2,0.19334611876093277,11.726653881239066,clk_nand,VALIDATED
1417,g_chan[1].u_cdc_chr.mem[10][13]$_DFFE_PP_,11.92,8.19,0.19327075786917391,11.726729242130826,clk_nand,VALIDATED
1284,g_chan[1].u_cdc_chr.mem[14][27]$_DFFE_PP_,11.91,8.2,0.18312111421214972,11.726878885787851,clk_nand,VALIDATED
1282,g_chan[1].u_cdc_chr.mem[13][27]$_DFFE_PP_,11.91,8.2,0.18312111421214972,11.726878885787851,clk_nand,VALIDATED
1291,g_chan[1].u_cdc_chr.mem[6][27]$_DFFE_PP_,11.91,8.2,0.18312111421214972,11.726878885787851,clk_nand,VALIDATED
1281,g_chan[1].u_cdc_chr.mem[12][27]$_DFFE_PP_,11.91,8.2,0.18312111421214972,11.726878885787851,clk_nand,VALIDATED
1308,g_chan[1].u_cdc_chr.mem[11][21]$_DFFE_PP_,11.92,8.2,0.1927539413043844,11.727246058695616,clk_nand,VALIDATED
1306,g_chan[1].u_cdc_chr.mem[0][21]$_DFFE_PP_,11.92,8.2,0.1927539413043844,11.727246058695616,clk_nand,VALIDATED
1307,g_chan[1].u_cdc_chr.mem[10][21]$_DFFE_PP_,11.92,8.2,0.1927539413043844,11.727246058695616,clk_nand,VALIDATED
1313,g_chan[1].u_cdc_chr.mem[8][21]$_DFFE_PP_,11.92,8.2,0.1927539413043844,11.727246058695616,clk_nand,VALIDATED
1310,g_chan[1].u_cdc_chr.mem[1][21]$_DFFE_PP_,11.92,8.2,0.1927539413043844,11.727246058695616,clk_nand,VALIDATED
1409,g_chan[1].u_cdc_chr.mem[1][31]$_DFFE_PP_,11.92,8.19,0.19250532856371838,11.72749467143628,clk_nand,VALIDATED
1411,g_chan[1].u_cdc_chr.mem[15][31]$_DFFE_PP_,11.92,8.19,0.19250532856371838,11.72749467143628,clk_nand,VALIDATED
1408,g_chan[1].u_cdc_chr.mem[0][31]$_DFFE_PP_,11.92,8.19,0.19250532856371838,11.72749467143628,clk_nand,VALIDATED
1415,g_chan[1].u_cdc_chr.mem[14][31]$_DFFE_PP_,11.92,8.19,0.19250532856371838,11.72749467143628,clk_nand,VALIDATED
1256,g_chan[1].u_cdc_chr.mem[14][24]$_DFFE_PP_,11.91,8.2,0.1822112557697545,11.727788744230246,clk_nand,VALIDATED
1272,g_chan[1].u_cdc_chr.mem[7][24]$_DFFE_PP_,11.91,8.2,0.1822112557697545,11.727788744230246,clk_nand,VALIDATED
1255,g_chan[1].u_cdc_chr.mem[13][24]$_DFFE_PP_,11.91,8.2,0.18202571444717353,11.727974285552827,clk_nand,VALIDATED
1312,g_chan[1].u_cdc_chr.mem[3][21]$_DFFE_PP_,11.92,8.2,0.1918119523990487,11.728188047600952,clk_nand,VALIDATED
1311,g_chan[1].u_cdc_chr.mem[2][21]$_DFFE_PP_,11.92,8.2,0.1918119523990487,11.728188047600952,clk_nand,VALIDATED
1245,g_chan[1].u_cdc_chr.mem[10][24]$_DFFE_PP_,11.91,8.2,0.18160793138029252,11.728392068619709,clk_nand,VALIDATED
1246,g_chan[1].u_cdc_chr.mem[11][24]$_DFFE_PP_,11.91,8.2,0.18160793138029252,11.728392068619709,clk_nand,VALIDATED
1498,g_chan[1].u_cdc_chr.mem[9][13]$_DFFE_PP_,11.92,8.19,0.191464709673848,11.728535290326151,clk_nand,VALIDATED
1502,g_chan[1].u_cdc_chr.mem[11][13]$_DFFE_PP_,11.92,8.19,0.191464709673848,11.728535290326151,clk_nand,VALIDATED
1497,g_chan[1].u_cdc_chr.mem[8][13]$_DFFE_PP_,11.92,8.19,0.191464709673848,11.728535290326151,clk_nand,VALIDATED
1501,g_chan[1].u_cdc_chr.mem[2][13]$_DFFE_PP_,11.92,8.19,0.191464709673848,11.728535290326151,clk_nand,VALIDATED
1267,g_chan[1].u_cdc_chr.mem[4][24]$_DFFE_PP_,11.91,8.2,0.18115506755448696,11.728844932445513,clk_nand,VALIDATED
1253,g_chan[1].u_cdc_chr.mem[12][24]$_DFFE_PP_,11.91,8.2,0.18115506755448696,11.728844932445513,clk_nand,VALIDATED
1268,g_chan[1].u_cdc_chr.mem[5][24]$_DFFE_PP_,11.91,8.2,0.18115506755448696,11.728844932445513,clk_nand,VALIDATED
1259,g_chan[1].u_cdc_chr.mem[15][24]$_DFFE_PP_,11.91,8.2,0.18115506755448696,11.728844932445513,clk_nand,VALIDATED
1314,g_chan[1].u_cdc_chr.mem[12][25]$_DFFE_PP_,11.92,8.2,0.1909558446261329,11.729044155373867,clk_nand,VALIDATED
1270,g_chan[1].u_cdc_chr.mem[6][24]$_DFFE_PP_,11.91,8.2,0.18091584445612086,11.729084155543879,clk_nand,VALIDATED
1263,g_chan[1].u_cdc_chr.mem[2][24]$_DFFE_PP_,11.91,8.2,0.18067662135775475,11.729323378642246,clk_nand,VALIDATED
1274,g_chan[1].u_cdc_chr.mem[8][24]$_DFFE_PP_,11.91,8.2,0.18067662135775475,11.729323378642246,clk_nand,VALIDATED
1276,g_chan[1].u_cdc_chr.mem[9][24]$_DFFE_PP_,11.91,8.2,0.18067662135775475,11.729323378642246,clk_nand,VALIDATED
1503,g_chan[1].u_cdc_chr.mem[3][13]$_DFFE_PP_,11.92,8.19,0.19050880684827476,11.729491193151725,clk_nand,VALIDATED
1317,g_chan[1].u_cdc_chr.mem[4][25]$_DFFE_PP_,11.92,8.2,0.18959655341194426,11.730403446588056,clk_nand,VALIDATED
1318,g_chan[1].u_cdc_chr.mem[6][25]$_DFFE_PP_,11.92,8.2,0.18959655341194426,11.730403446588056,clk_nand,VALIDATED
1319,g_chan[1].u_cdc_chr.mem[7][25]$_DFFE_PP_,11.92,8.2,0.18959655341194426,11.730403446588056,clk_nand,VALIDATED
1500,g_chan[1].u_cdc_chr.mem[1][13]$_DFFE_PP_,11.92,8.19,0.18955290402270153,11.730447095977299,clk_nand,VALIDATED
1499,g_chan[1].u_cdc_chr.mem[0][13]$_DFFE_PP_,11.92,8.19,0.18955290402270153,11.730447095977299,clk_nand,VALIDATED
1437,g_chan[1].u_cdc_chr.mem[13][31]$_DFFE_PP_,11.92,8.19,0.188948224743398,11.731051775256603,clk_nand,VALIDATED
1445,g_chan[1].u_cdc_chr.mem[4][31]$_DFFE_PP_,11.92,8.19,0.18825205806349432,11.731747941936506,clk_nand,VALIDATED
1316,g_chan[1].u_cdc_chr.mem[3][27]$_DFFE_PP_,11.92,8.2,0.18741472691973804,11.732585273080263,clk_nand,VALIDATED
1315,g_chan[1].u_cdc_chr.mem[2][27]$_DFFE_PP_,11.92,8.2,0.18741472691973804,11.732585273080263,clk_nand,VALIDATED
1320,g_chan[1].u_cdc_chr.mem[1][27]$_DFFE_PP_,11.92,8.2,0.18741472691973804,11.732585273080263,clk_nand,VALIDATED
1436,g_chan[1].u_cdc_chr.mem[12][31]$_DFFE_PP_,11.92,8.19,0.1873190044754438,11.732680995524555,clk_nand,VALIDATED
1224,nand_re_n[0],11.74,0.26,0.006445781899980109,11.73355421810002,clk_nand,VALIDATED
1223,nand_we_n[0],11.74,0.26,0.005288206378459753,11.73471179362154,clk_nand,VALIDATED
1438,g_chan[1].u_cdc_chr.mem[14][13]$_DFFE_PP_,11.92,8.19,0.18480344223834289,11.735196557761657,clk_nand,VALIDATED
1442,g_chan[1].u_cdc_chr.mem[4][13]$_DFFE_PP_,11.92,8.19,0.18480344223834289,11.735196557761657,clk_nand,VALIDATED
1432,g_chan[1].u_cdc_chr.mem[15][13]$_DFFE_PP_,11.92,8.19,0.18480344223834289,11.735196557761657,clk_nand,VALIDATED
1460,g_chan[1].u_cdc_chr.mem[12][13]$_DFFE_PP_,11.92,8.19,0.18480344223834289,11.735196557761657,clk_nand,VALIDATED
1461,g_chan[1].u_cdc_chr.mem[13][13]$_DFFE_PP_,11.92,8.19,0.18480344223834289,11.735196557761657,clk_nand,VALIDATED
1477,g_chan[1].u_cdc_chr.mem[12][12]$_DFFE_PP_,11.92,8.19,0.1846056469932844,11.735394353006715,clk_nand,VALIDATED
1478,g_chan[1].u_cdc_chr.mem[13][12]$_DFFE_PP_,11.92,8.19,0.1846056469932844,11.735394353006715,clk_nand,VALIDATED
1458,g_chan[1].u_cdc_chr.mem[15][12]$_DFFE_PP_,11.92,8.19,0.1846056469932844,11.735394353006715,clk_nand,VALIDATED
1479,g_chan[1].u_cdc_chr.mem[14][12]$_DFFE_PP_,11.92,8.19,0.1846056469932844,11.735394353006715,clk_nand,VALIDATED
1473,g_chan[1].u_cdc_chr.mem[5][12]$_DFFE_PP_,11.92,8.19,0.18380904865959802,11.736190951340403,clk_nand,VALIDATED
1427,g_chan[1].u_cdc_chr.mem[5][13]$_DFFE_PP_,11.92,8.19,0.18336539457733458,11.736634605422665,clk_nand,VALIDATED
1468,g_chan[1].u_cdc_chr.mem[9][12]$_DFFE_PP_,11.92,8.19,0.18301245032591162,11.736987549674089,clk_nand,VALIDATED
1475,g_chan[1].u_cdc_chr.mem[10][12]$_DFFE_PP_,11.92,8.19,0.18301245032591162,11.736987549674089,clk_nand,VALIDATED
1481,g_chan[1].u_cdc_chr.mem[7][12]$_DFFE_PP_,11.92,8.19,0.18301245032591162,11.736987549674089,clk_nand,VALIDATED
1457,g_chan[1].u_cdc_chr.mem[1][12]$_DFFE_PP_,11.92,8.19,0.18301245032591162,11.736987549674089,clk_nand,VALIDATED
1459,g_chan[1].u_cdc_chr.mem[2][12]$_DFFE_PP_,11.92,8.19,0.18301245032591162,11.736987549674089,clk_nand,VALIDATED
1462,g_chan[1].u_cdc_chr.mem[3][12]$_DFFE_PP_,11.92,8.19,0.18301245032591162,11.736987549674089,clk_nand,VALIDATED
1456,g_chan[1].u_cdc_chr.mem[0][12]$_DFFE_PP_,11.92,8.19,0.18301245032591162,11.736987549674089,clk_nand,VALIDATED
1464,g_chan[1].u_cdc_chr.mem[6][13]$_DFFE_PP_,11.92,8.19,0.18287182932623725,11.737128170673763,clk_nand,VALIDATED
1463,g_chan[1].u_cdc_chr.mem[7][13]$_DFFE_PP_,11.92,8.19,0.18287182932623725,11.737128170673763,clk_nand,VALIDATED
1480,g_chan[1].u_cdc_chr.mem[6][12]$_DFFE_PP_,11.92,8.19,0.181610558668984,11.738389441331016,clk_nand,VALIDATED
1328,g_chan[1].u_cdc_chr.mem[13][4]$_DFFE_PP_,11.92,8.2,0.18140637300609064,11.738593626993909,clk_nand,VALIDATED
1330,g_chan[1].u_cdc_chr.mem[15][4]$_DFFE_PP_,11.92,8.2,0.18140637300609064,11.738593626993909,clk_nand,VALIDATED
1329,g_chan[1].u_cdc_chr.mem[14][4]$_DFFE_PP_,11.92,8.2,0.18140637300609064,11.738593626993909,clk_nand,VALIDATED
1230,g_chan[1].u_cdc_chr.mem[1][24]$_DFFE_PP_,11.91,8.2,0.1703945800799248,11.739605419920075,clk_nand,VALIDATED
1229,g_chan[1].u_cdc_chr.mem[0][24]$_DFFE_PP_,11.91,8.2,0.1703945800799248,11.739605419920075,clk_nand,VALIDATED
1231,g_chan[1].u_cdc_chr.mem[3][24]$_DFFE_PP_,11.91,8.2,0.1703945800799248,11.739605419920075,clk_nand,VALIDATED
1331,g_chan[1].u_cdc_chr.mem[12][4]$_DFFE_PP_,11.92,8.2,0.1796896866228691,11.740310313377131,clk_nand,VALIDATED
1506,g_chan[1].u_cdc_chr.mem[3][0]$_DFFE_PP_,11.92,8.19,0.176759220162511,11.743240779837489,clk_nand,VALIDATED
1508,g_chan[1].u_cdc_chr.mem[2][0]$_DFFE_PP_,11.92,8.19,0.1750906880183991,11.744909311981601,clk_nand,VALIDATED
1509,g_chan[1].u_cdc_chr.mem[2][1]$_DFFE_PP_,11.92,8.19,0.17428580728113197,11.745714192718868,clk_nand,VALIDATED
1346,g_chan[1].u_cdc_chr.mem[4][12]$_DFFE_PP_,11.92,8.19,0.17353113701509115,11.746468862984909,clk_nand,VALIDATED
1334,g_chan[1].u_cdc_chr.mem[8][12]$_DFFE_PP_,11.92,8.19,0.17291830583091228,11.747081694169088,clk_nand,VALIDATED
1344,g_chan[1].u_cdc_chr.mem[11][12]$_DFFE_PP_,11.92,8.19,0.17291830583091228,11.747081694169088,clk_nand,VALIDATED
1507,g_chan[1].u_cdc_chr.mem[3][1]$_DFFE_PP_,11.92,8.19,0.17261727513702008,11.74738272486298,clk_nand,VALIDATED
1333,g_chan[1].u_cdc_chr.mem[11][1]$_DFFE_PP_,11.92,8.19,0.17134462347480484,11.748655376525194,clk_nand,VALIDATED
1332,g_chan[1].u_cdc_chr.mem[10][1]$_DFFE_PP_,11.92,8.19,0.17134462347480484,11.748655376525194,clk_nand,VALIDATED
1424,g_chan[1].u_cdc_chr.mem[9][1]$_DFFE_PP_,11.92,8.19,0.1668785954594607,11.75312140454054,clk_nand,VALIDATED
1572,g_chan[1].u_cdc_chr.mem[5][8]$_DFFE_PP_,11.93,8.18,0.1744341361581656,11.755565863841834,clk_nand,VALIDATED
1522,g_chan[1].u_cdc_chr.mem[6][1]$_DFFE_PP_,11.93,8.19,0.17428580728113197,11.755714192718868,clk_nand,VALIDATED
1528,g_chan[1].u_cdc_chr.mem[5][1]$_DFFE_PP_,11.93,8.19,0.17428580728113197,11.755714192718868,clk_nand,VALIDATED
1529,g_chan[1].u_cdc_chr.mem[7][1]$_DFFE_PP_,11.93,8.19,0.17428580728113197,11.755714192718868,clk_nand,VALIDATED
1554,g_chan[1].u_cdc_chr.mem[11][16]$_DFFE_PP_,11.93,8.18,0.17399577422313262,11.756004225776866,clk_nand,VALIDATED
1556,g_chan[1].u_cdc_chr.mem[2][8]$_DFFE_PP_,11.93,8.18,0.17356535515049376,11.756434644849506,clk_nand,VALIDATED
1553,g_chan[1].u_cdc_chr.mem[10][8]$_DFFE_PP_,11.93,8.18,0.17356535515049376,11.756434644849506,clk_nand,VALIDATED
1555,g_chan[1].u_cdc_chr.mem[11][8]$_DFFE_PP_,11.93,8.18,0.17356535515049376,11.756434644849506,clk_nand,VALIDATED
1561,g_chan[1].u_cdc_chr.mem[1][8]$_DFFE_PP_,11.93,8.18,0.17356535515049376,11.756434644849506,clk_nand,VALIDATED
1558,g_chan[1].u_cdc_chr.mem[9][8]$_DFFE_PP_,11.93,8.18,0.17356535515049376,11.756434644849506,clk_nand,VALIDATED
1559,g_chan[1].u_cdc_chr.mem[0][8]$_DFFE_PP_,11.93,8.18,0.17356535515049376,11.756434644849506,clk_nand,VALIDATED
1562,g_chan[1].u_cdc_chr.mem[3][8]$_DFFE_PP_,11.93,8.18,0.17356535515049376,11.756434644849506,clk_nand,VALIDATED
1571,g_chan[1].u_cdc_chr.mem[4][8]$_DFFE_PP_,11.93,8.18,0.17354761164092003,11.75645238835908,clk_nand,VALIDATED
1564,g_chan[1].u_cdc_chr.mem[9][16]$_DFFE_PP_,11.93,8.18,0.1730925634185424,11.756907436581457,clk_nand,VALIDATED
1560,g_chan[1].u_cdc_chr.mem[10][16]$_DFFE_PP_,11.93,8.18,0.1730925634185424,11.756907436581457,clk_nand,VALIDATED
1516,g_chan[1].u_cdc_chr.mem[9][28]$_DFFE_PP_,11.93,8.18,0.17285050720673045,11.75714949279327,clk_nand,VALIDATED
1515,g_chan[1].u_cdc_chr.mem[8][28]$_DFFE_PP_,11.93,8.18,0.17285050720673045,11.75714949279327,clk_nand,VALIDATED
1518,g_chan[1].u_cdc_chr.mem[11][28]$_DFFE_PP_,11.93,8.18,0.17285050720673045,11.75714949279327,clk_nand,VALIDATED
1514,g_chan[1].u_cdc_chr.mem[10][28]$_DFFE_PP_,11.93,8.18,0.17285050720673045,11.75714949279327,clk_nand,VALIDATED
1568,g_chan[1].u_cdc_chr.mem[1][0]$_DFFE_PP_,11.93,8.19,0.17278165262573442,11.757218347374266,clk_nand,VALIDATED
1510,g_chan[1].u_cdc_chr.mem[12][1]$_DFFE_PP_,11.93,8.19,0.17261727513702008,11.75738272486298,clk_nand,VALIDATED
1511,g_chan[1].u_cdc_chr.mem[13][1]$_DFFE_PP_,11.93,8.19,0.17261727513702008,11.75738272486298,clk_nand,VALIDATED
1532,g_chan[1].u_cdc_chr.mem[15][1]$_DFFE_PP_,11.93,8.19,0.17261727513702008,11.75738272486298,clk_nand,VALIDATED
1512,g_chan[1].u_cdc_chr.mem[14][1]$_DFFE_PP_,11.93,8.19,0.17261727513702008,11.75738272486298,clk_nand,VALIDATED
1526,g_chan[1].u_cdc_chr.mem[1][1]$_DFFE_PP_,11.93,8.19,0.17261727513702008,11.75738272486298,clk_nand,VALIDATED
1530,g_chan[1].u_cdc_chr.mem[8][1]$_DFFE_PP_,11.93,8.19,0.17261727513702008,11.75738272486298,clk_nand,VALIDATED
1527,g_chan[1].u_cdc_chr.mem[4][1]$_DFFE_PP_,11.93,8.19,0.17261727513702008,11.75738272486298,clk_nand,VALIDATED
1523,g_chan[1].u_cdc_chr.mem[0][1]$_DFFE_PP_,11.93,8.19,0.17261727513702008,11.75738272486298,clk_nand,VALIDATED
1531,g_chan[1].u_cdc_chr.mem[6][2]$_DFFE_PP_,11.93,8.19,0.1725362699090398,11.75746373009096,clk_nand,VALIDATED
1536,g_chan[1].u_cdc_chr.mem[7][2]$_DFFE_PP_,11.93,8.19,0.1725362699090398,11.75746373009096,clk_nand,VALIDATED
1533,g_chan[1].u_cdc_chr.mem[15][2]$_DFFE_PP_,11.93,8.19,0.1722091194371782,11.75779088056282,clk_nand,VALIDATED
1513,g_chan[1].u_cdc_chr.mem[14][2]$_DFFE_PP_,11.93,8.19,0.1722091194371782,11.75779088056282,clk_nand,VALIDATED
1552,g_chan[1].u_cdc_chr.mem[2][2]$_DFFE_PP_,11.93,8.19,0.171895766660487,11.758104233339512,clk_nand,VALIDATED
1567,g_chan[1].u_cdc_chr.mem[0][2]$_DFFE_PP_,11.93,8.19,0.171895766660487,11.758104233339512,clk_nand,VALIDATED
1551,g_chan[1].u_cdc_chr.mem[3][2]$_DFFE_PP_,11.93,8.19,0.171895766660487,11.758104233339512,clk_nand,VALIDATED
1563,g_chan[1].u_cdc_chr.mem[8][16]$_DFFE_PP_,11.93,8.18,0.17184795902254002,11.75815204097746,clk_nand,VALIDATED
1557,g_chan[1].u_cdc_chr.mem[8][7]$_DFFE_PP_,11.93,8.18,0.17166150358215626,11.758338496417844,clk_nand,VALIDATED
1566,g_chan[1].u_cdc_chr.mem[0][0]$_DFFE_PP_,11.93,8.19,0.17152368846693689,11.758476311533062,clk_nand,VALIDATED
1524,g_chan[1].u_cdc_chr.mem[11][0]$_DFFE_PP_,11.93,8.19,0.17152368846693689,11.758476311533062,clk_nand,VALIDATED
1517,g_chan[1].u_cdc_chr.mem[0][28]$_DFFE_PP_,11.93,8.18,0.17146262622935604,11.758537373770643,clk_nand,VALIDATED
1521,g_chan[1].u_cdc_chr.mem[7][28]$_DFFE_PP_,11.93,8.18,0.17146262622935604,11.758537373770643,clk_nand,VALIDATED
1519,g_chan[1].u_cdc_chr.mem[1][28]$_DFFE_PP_,11.93,8.18,0.17146262622935604,11.758537373770643,clk_nand,VALIDATED
1520,g_chan[1].u_cdc_chr.mem[6][28]$_DFFE_PP_,11.93,8.18,0.17146262622935604,11.758537373770643,clk_nand,VALIDATED
1525,g_chan[1].u_cdc_chr.mem[11][2]$_DFFE_PP_,11.93,8.19,0.17063780250168947,11.75936219749831,clk_nand,VALIDATED
1544,g_chan[1].u_cdc_chr.mem[1][2]$_DFFE_PP_,11.93,8.19,0.17063780250168947,11.75936219749831,clk_nand,VALIDATED
1534,g_chan[1].u_cdc_chr.mem[4][0]$_DFFE_PP_,11.93,8.19,0.17026572430813935,11.75973427569186,clk_nand,VALIDATED
1547,g_chan[1].u_cdc_chr.mem[8][0]$_DFFE_PP_,11.93,8.19,0.17026572430813935,11.75973427569186,clk_nand,VALIDATED
1541,g_chan[1].u_cdc_chr.mem[10][0]$_DFFE_PP_,11.93,8.19,0.17026572430813935,11.75973427569186,clk_nand,VALIDATED
1545,g_chan[1].u_cdc_chr.mem[5][0]$_DFFE_PP_,11.93,8.19,0.17026572430813935,11.75973427569186,clk_nand,VALIDATED
1543,g_chan[1].u_cdc_chr.mem[15][0]$_DFFE_PP_,11.93,8.19,0.17026572430813935,11.75973427569186,clk_nand,VALIDATED
1549,g_chan[1].u_cdc_chr.mem[9][0]$_DFFE_PP_,11.93,8.19,0.17026572430813935,11.75973427569186,clk_nand,VALIDATED
1535,g_chan[1].u_cdc_chr.mem[4][2]$_DFFE_PP_,11.93,8.19,0.16970698881475355,11.760293011185246,clk_nand,VALIDATED
1546,g_chan[1].u_cdc_chr.mem[5][2]$_DFFE_PP_,11.93,8.19,0.16970698881475355,11.760293011185246,clk_nand,VALIDATED
1550,g_chan[1].u_cdc_chr.mem[9][2]$_DFFE_PP_,11.93,8.19,0.16937983834289194,11.760620161657108,clk_nand,VALIDATED
1542,g_chan[1].u_cdc_chr.mem[10][2]$_DFFE_PP_,11.93,8.19,0.16937983834289194,11.760620161657108,clk_nand,VALIDATED
1548,g_chan[1].u_cdc_chr.mem[8][2]$_DFFE_PP_,11.93,8.19,0.16937983834289194,11.760620161657108,clk_nand,VALIDATED
