path_id,endpoint,slack_ns,delay_ns,droop_penalty_ns,effective_slack_ns,clock_domain,provenance
400,_44521_,2.1,3.0,0.04661680471416052,2.0533831952858397,clk_core,VALIDATED
401,g_clkgate.u_cg_core.en_latched$_DLATCH_N_,2.15,0.74,0.011265884700498663,2.1387341152995014,clk_core,VALIDATED
402,c_cmd_addr[30]$_DFFE_PN0N_,3.76,1.6,0.023851955931285848,3.736148044068714,clk_core,VALIDATED
403,c_cmd_len[9]$_DFFE_PN0N_,3.77,1.6,0.023830332819500616,3.7461696671804994,clk_core,VALIDATED
405,c_cmd_addr[28]$_DFFE_PN0N_,3.78,1.59,0.023875543009032316,3.7561244569909675,clk_core,VALIDATED
404,c_cmd_addr[27]$_DFFE_PN0N_,3.78,1.59,0.023854703803139254,3.7561452961968604,clk_core,VALIDATED
406,c_cmd_addr[29]$_DFFE_PN0N_,3.8,1.57,0.02340874824548947,3.7765912517545104,clk_core,VALIDATED
407,c_cmd_len[7]$_DFFE_PN0N_,3.8,1.57,0.023102200759985175,3.7768977992400146,clk_core,VALIDATED
408,c_cmd_len[11]$_DFFE_PN0N_,3.81,1.56,0.023194155956021492,3.7868058440439785,clk_core,VALIDATED
411,u_dma_fabric.rbeat_data[12]$_DFFE_PN0P_,3.84,1.5,0.040735366229327316,3.7992646337706724,clk_core,VALIDATED
428,u_dma_fabric.rbeat_data[13]$_DFFE_PN0P_,3.85,1.49,0.040570657959663886,3.8094293420403362,clk_core,VALIDATED
416,u_dma_fabric.rbeat_data[10]$_DFFE_PN0P_,3.85,1.5,0.04019917439311861,3.8098008256068816,clk_core,VALIDATED
417,u_dma_fabric.rbeat_data[17]$_DFFE_PN0P_,3.85,1.49,0.03996982331710759,3.8100301766828926,clk_core,VALIDATED
443,u_dma_fabric.rbeat_data[30]$_DFFE_PN0P_,3.85,1.49,0.03908260554203764,3.8109173944579626,clk_core,VALIDATED
409,c_cmd_len[16]$_DFFE_PN0N_,3.84,1.53,0.02310561478780432,3.8168943852121955,clk_core,VALIDATED
410,c_cmd_len[23]$_DFFE_PN0N_,3.84,1.53,0.023017119230475475,3.8169828807695243,clk_core,VALIDATED
413,c_cmd_len[18]$_DFFE_PN0N_,3.84,1.52,0.02276643619285991,3.81723356380714,clk_core,VALIDATED
412,c_cmd_addr[21]$_DFFE_PN0N_,3.84,1.52,0.022422075713932024,3.8175779242860677,clk_core,VALIDATED
497,u_dma_fabric.rbeat_data[18]$_DFFE_PN0P_,3.86,1.48,0.03980135345345873,3.820198646546541,clk_core,VALIDATED
451,u_dma_fabric.rbeat_data[19]$_DFFE_PN0P_,3.86,1.49,0.03929352216950634,3.8207064778304933,clk_core,VALIDATED
468,u_dma_fabric.rbeat_data[16]$_DFFE_PN0P_,3.86,1.48,0.03903120166374331,3.8209687983362564,clk_core,VALIDATED
469,u_dma_fabric.rbeat_data[29]$_DFFE_PN0P_,3.86,1.48,0.03828786075601308,3.821712139243987,clk_core,VALIDATED
423,g_chan[0].u_cdc_chw.mem[10][31]$_DFFE_PP_,3.85,1.51,0.027690519793177618,3.8223094802068225,clk_core,VALIDATED
422,g_chan[0].u_cdc_chw.mem[8][31]$_DFFE_PP_,3.85,1.51,0.027690519793177618,3.8223094802068225,clk_core,VALIDATED
421,g_chan[0].u_cdc_chw.mem[11][31]$_DFFE_PP_,3.85,1.51,0.027690519793177618,3.8223094802068225,clk_core,VALIDATED
435,g_chan[0].u_cdc_chw.mem[12][31]$_DFFE_PP_,3.85,1.51,0.027690519793177618,3.8223094802068225,clk_core,VALIDATED
432,g_chan[0].u_cdc_chw.mem[2][31]$_DFFE_PP_,3.85,1.51,0.027690519793177618,3.8223094802068225,clk_core,VALIDATED
433,g_chan[0].u_cdc_chw.mem[3][31]$_DFFE_PP_,3.85,1.51,0.027690519793177618,3.8223094802068225,clk_core,VALIDATED
426,g_chan[0].u_cdc_chw.mem[5][31]$_DFFE_PP_,3.85,1.51,0.027690519793177618,3.8223094802068225,clk_core,VALIDATED
427,g_chan[0].u_cdc_chw.mem[9][31]$_DFFE_PP_,3.85,1.51,0.027690519793177618,3.8223094802068225,clk_core,VALIDATED
430,g_chan[0].u_cdc_chw.mem[6][31]$_DFFE_PP_,3.85,1.51,0.027690519793177618,3.8223094802068225,clk_core,VALIDATED
424,g_chan[0].u_cdc_chw.mem[4][31]$_DFFE_PP_,3.85,1.51,0.027690519793177618,3.8223094802068225,clk_core,VALIDATED
429,g_chan[0].u_cdc_chw.mem[13][31]$_DFFE_PP_,3.85,1.51,0.027690519793177618,3.8223094802068225,clk_core,VALIDATED
425,g_chan[0].u_cdc_chw.mem[7][31]$_DFFE_PP_,3.85,1.51,0.027690519793177618,3.8223094802068225,clk_core,VALIDATED
434,g_chan[0].u_cdc_chw.mem[14][31]$_DFFE_PP_,3.85,1.51,0.027690519793177618,3.8223094802068225,clk_core,VALIDATED
431,g_chan[0].u_cdc_chw.mem[15][31]$_DFFE_PP_,3.85,1.51,0.027601311376158524,3.8223986886238417,clk_core,VALIDATED
418,g_chan[0].u_cdc_chw.mem[0][31]$_DFFE_PP_,3.85,1.51,0.027584679876560186,3.82241532012344,clk_core,VALIDATED
420,g_chan[0].u_cdc_chw.mem[1][31]$_DFFE_PP_,3.85,1.51,0.027523271612917594,3.8224767283870826,clk_core,VALIDATED
445,g_chan[0].u_cdc_chw.mem[9][14]$_DFFE_PP_,3.85,1.5,0.027318794392608647,3.8226812056073913,clk_core,VALIDATED
442,g_chan[0].u_cdc_chw.mem[13][14]$_DFFE_PP_,3.85,1.5,0.027318794392608647,3.8226812056073913,clk_core,VALIDATED
446,g_chan[0].u_cdc_chw.mem[8][14]$_DFFE_PP_,3.85,1.5,0.027257792806208728,3.8227422071937913,clk_core,VALIDATED
440,g_chan[0].u_cdc_chw.mem[15][14]$_DFFE_PP_,3.85,1.5,0.027230176759808225,3.8227698232401917,clk_core,VALIDATED
441,g_chan[0].u_cdc_chw.mem[14][14]$_DFFE_PP_,3.85,1.5,0.027230176759808225,3.8227698232401917,clk_core,VALIDATED
439,g_chan[0].u_cdc_chw.mem[4][14]$_DFFE_PP_,3.85,1.5,0.027196791219808808,3.8228032087801913,clk_core,VALIDATED
448,g_chan[0].u_cdc_chw.mem[5][14]$_DFFE_PP_,3.85,1.5,0.02711694446395227,3.822883055536048,clk_core,VALIDATED
437,g_chan[0].u_cdc_chw.mem[11][14]$_DFFE_PP_,3.85,1.5,0.027089328417551767,3.822910671582448,clk_core,VALIDATED
438,g_chan[0].u_cdc_chw.mem[10][14]$_DFFE_PP_,3.85,1.5,0.027089328417551767,3.822910671582448,clk_core,VALIDATED
449,g_chan[0].u_cdc_chw.mem[6][14]$_DFFE_PP_,3.85,1.5,0.02703709770809573,3.8229629022919043,clk_core,VALIDATED
444,g_chan[1].u_cdc_chw.mem[0][14]$_DFFE_PP_,3.85,1.49,0.024879929750068863,3.8251200702499313,clk_core,VALIDATED
414,c_cmd_len[22]$_DFFE_PN0N_,3.85,1.52,0.022835680092970975,3.827164319907029,clk_core,VALIDATED
415,c_cmd_len[10]$_DFFE_PN0N_,3.85,1.52,0.022512771749693808,3.8274872282503063,clk_core,VALIDATED
436,c_cmd_addr[31]$_DFFE_PN0N_,3.85,1.51,0.022467306621587663,3.8275326933784126,clk_core,VALIDATED
419,c_cmd_len[4]$_DFFE_PN0N_,3.85,1.52,0.02245382576007436,3.827546174239926,clk_core,VALIDATED
447,c_cmd_addr[9]$_DFFE_PN0N_,3.85,1.51,0.02193971263679287,3.8280602873632072,clk_core,VALIDATED
450,c_cmd_opcode[6]$_DFFE_PN0N_,3.85,1.51,0.02179949169275032,3.82820050830725,clk_core,VALIDATED
500,u_dma_fabric.rbeat_data[20]$_DFFE_PN0P_,3.87,1.47,0.03934970295732641,3.830650297042674,clk_core,VALIDATED
462,g_chan[0].u_cdc_chw.mem[12][14]$_DFFE_PP_,3.86,1.5,0.02742393338262597,3.832576066617374,clk_core,VALIDATED
458,g_chan[0].u_cdc_chw.mem[0][14]$_DFFE_PP_,3.86,1.5,0.027196791219808808,3.832803208780191,clk_core,VALIDATED
453,g_chan[0].u_cdc_chw.mem[1][14]$_DFFE_PP_,3.86,1.5,0.027196791219808808,3.832803208780191,clk_core,VALIDATED
483,g_chan[0].u_cdc_chw.mem[1][17]$_DFFE_PP_,3.86,1.49,0.027166074334384088,3.8328339256656156,clk_core,VALIDATED
479,g_chan[0].u_cdc_chw.mem[5][17]$_DFFE_PP_,3.86,1.49,0.027166074334384088,3.8328339256656156,clk_core,VALIDATED
488,g_chan[0].u_cdc_chw.mem[7][17]$_DFFE_PP_,3.86,1.49,0.027166074334384088,3.8328339256656156,clk_core,VALIDATED
492,g_chan[0].u_cdc_chw.mem[6][17]$_DFFE_PP_,3.86,1.49,0.027166074334384088,3.8328339256656156,clk_core,VALIDATED
485,g_chan[0].u_cdc_chw.mem[0][17]$_DFFE_PP_,3.86,1.49,0.027166074334384088,3.8328339256656156,clk_core,VALIDATED
494,g_chan[0].u_cdc_chw.mem[2][17]$_DFFE_PP_,3.86,1.49,0.027166074334384088,3.8328339256656156,clk_core,VALIDATED
496,g_chan[0].u_cdc_chw.mem[3][17]$_DFFE_PP_,3.86,1.49,0.027166074334384088,3.8328339256656156,clk_core,VALIDATED
495,g_chan[0].u_cdc_chw.mem[9][17]$_DFFE_PP_,3.86,1.49,0.02714990402855376,3.832850095971446,clk_core,VALIDATED
478,g_chan[0].u_cdc_chw.mem[4][17]$_DFFE_PP_,3.86,1.49,0.02714990402855376,3.832850095971446,clk_core,VALIDATED
490,g_chan[0].u_cdc_chw.mem[8][17]$_DFFE_PP_,3.86,1.49,0.02714990402855376,3.832850095971446,clk_core,VALIDATED
454,g_chan[0].u_cdc_chw.mem[2][14]$_DFFE_PP_,3.86,1.5,0.02703709770809573,3.832962902291904,clk_core,VALIDATED
456,g_chan[0].u_cdc_chw.mem[3][14]$_DFFE_PP_,3.86,1.5,0.02703709770809573,3.832962902291904,clk_core,VALIDATED
452,g_chan[0].u_cdc_chw.mem[7][14]$_DFFE_PP_,3.86,1.5,0.02703709770809573,3.832962902291904,clk_core,VALIDATED
471,g_chan[0].u_cdc_chw.mem[14][17]$_DFFE_PP_,3.86,1.49,0.02689809910614692,3.833101900893853,clk_core,VALIDATED
463,g_chan[0].u_cdc_chw.mem[13][17]$_DFFE_PP_,3.86,1.49,0.02689809910614692,3.833101900893853,clk_core,VALIDATED
460,g_chan[0].u_cdc_chw.mem[15][17]$_DFFE_PP_,3.86,1.49,0.02689809910614692,3.833101900893853,clk_core,VALIDATED
466,g_chan[0].u_cdc_chw.mem[12][17]$_DFFE_PP_,3.86,1.49,0.02689809910614692,3.833101900893853,clk_core,VALIDATED
464,g_chan[0].u_cdc_chw.mem[11][17]$_DFFE_PP_,3.86,1.49,0.02689809910614692,3.833101900893853,clk_core,VALIDATED
465,g_chan[0].u_cdc_chw.mem[10][17]$_DFFE_PP_,3.86,1.49,0.02689809910614692,3.833101900893853,clk_core,VALIDATED
482,g_chan[1].u_cdc_chw.mem[3][31]$_DFFE_PP_,3.86,1.49,0.02539385445824087,3.834606145541759,clk_core,VALIDATED
486,g_chan[1].u_cdc_chw.mem[2][31]$_DFFE_PP_,3.86,1.49,0.02539385445824087,3.834606145541759,clk_core,VALIDATED
476,g_chan[1].u_cdc_chw.mem[0][31]$_DFFE_PP_,3.86,1.49,0.02539385445824087,3.834606145541759,clk_core,VALIDATED
473,g_chan[1].u_cdc_chw.mem[1][31]$_DFFE_PP_,3.86,1.49,0.02539385445824087,3.834606145541759,clk_core,VALIDATED
493,g_chan[1].u_cdc_chw.mem[4][31]$_DFFE_PP_,3.86,1.49,0.025354678452740767,3.834645321547259,clk_core,VALIDATED
491,g_chan[1].u_cdc_chw.mem[5][31]$_DFFE_PP_,3.86,1.49,0.025354678452740767,3.834645321547259,clk_core,VALIDATED
484,g_chan[1].u_cdc_chw.mem[6][31]$_DFFE_PP_,3.86,1.49,0.025349793336480395,3.8346502066635195,clk_core,VALIDATED
455,g_chan[1].u_cdc_chw.mem[7][31]$_DFFE_PP_,3.86,1.49,0.025220811851056485,3.8347791881489433,clk_core,VALIDATED
459,g_chan[1].u_cdc_chw.mem[1][14]$_DFFE_PP_,3.86,1.49,0.024928966478105788,3.8350710335218943,clk_core,VALIDATED
480,g_chan[1].u_cdc_chw.mem[6][14]$_DFFE_PP_,3.86,1.49,0.024791872630745435,3.8352081273692544,clk_core,VALIDATED
475,g_chan[1].u_cdc_chw.mem[2][14]$_DFFE_PP_,3.86,1.49,0.024791872630745435,3.8352081273692544,clk_core,VALIDATED
489,g_chan[1].u_cdc_chw.mem[7][14]$_DFFE_PP_,3.86,1.49,0.024791872630745435,3.8352081273692544,clk_core,VALIDATED
481,g_chan[1].u_cdc_chw.mem[3][14]$_DFFE_PP_,3.86,1.49,0.024791872630745435,3.8352081273692544,clk_core,VALIDATED
487,g_chan[1].u_cdc_chw.mem[4][14]$_DFFE_PP_,3.86,1.49,0.024791872630745435,3.8352081273692544,clk_core,VALIDATED
477,g_chan[1].u_cdc_chw.mem[5][14]$_DFFE_PP_,3.86,1.49,0.024791872630745435,3.8352081273692544,clk_core,VALIDATED
498,c_cmd_len[28]$_DFFE_PN0N_,3.86,1.51,0.022397797956002996,3.837602202043997,clk_core,VALIDATED
474,c_cmd_addr[10]$_DFFE_PN0N_,3.86,1.51,0.022021833929555923,3.837978166070444,clk_core,VALIDATED
457,c_cmd_addr[11]$_DFFE_PN0N_,3.86,1.51,0.021999751806521917,3.838000248193478,clk_core,VALIDATED
461,c_cmd_addr[6]$_DFFE_PN0N_,3.86,1.51,0.021822341729873962,3.838177658270126,clk_core,VALIDATED
467,c_cmd_addr[8]$_DFFE_PN0N_,3.86,1.51,0.021820670338217177,3.8381793296617825,clk_core,VALIDATED
470,c_cmd_addr[2]$_DFFE_PN0N_,3.86,1.51,0.021820670338217177,3.8381793296617825,clk_core,VALIDATED
472,c_cmd_addr[7]$_DFFE_PN0N_,3.86,1.51,0.021800910968858403,3.8381990890311415,clk_core,VALIDATED
503,g_chan[1].u_cdc_chw.mem[2][17]$_DFFE_PP_,3.87,1.48,0.025456849524500474,3.8445431504754994,clk_core,VALIDATED
505,g_chan[1].u_cdc_chw.mem[3][17]$_DFFE_PP_,3.87,1.48,0.025404384097500537,3.8445956159024997,clk_core,VALIDATED
504,g_chan[1].u_cdc_chw.mem[0][17]$_DFFE_PP_,3.87,1.48,0.0253519186705006,3.8446480813294994,clk_core,VALIDATED
502,g_chan[1].u_cdc_chw.mem[1][17]$_DFFE_PP_,3.87,1.48,0.0253519186705006,3.8446480813294994,clk_core,VALIDATED
499,c_cmd_len[5]$_DFFE_PN0N_,3.87,1.5,0.02223523030323636,3.847764769696764,clk_core,VALIDATED
501,c_cmd_addr[26]$_DFFE_PN0N_,3.87,1.49,0.02202612577720295,3.8479738742227974,clk_core,VALIDATED
509,g_chan[1].u_cdc_chw.mem[4][17]$_DFFE_PP_,3.88,1.48,0.0253519186705006,3.854648081329499,clk_core,VALIDATED
511,g_chan[1].u_cdc_chw.mem[7][17]$_DFFE_PP_,3.88,1.48,0.0253519186705006,3.854648081329499,clk_core,VALIDATED
507,g_chan[1].u_cdc_chw.mem[5][17]$_DFFE_PP_,3.88,1.48,0.0253519186705006,3.854648081329499,clk_core,VALIDATED
512,g_chan[1].u_cdc_chw.mem[6][17]$_DFFE_PP_,3.88,1.48,0.0253519186705006,3.854648081329499,clk_core,VALIDATED
506,g_chan[1].u_cdc_chw.mem[11][17]$_DFFE_PP_,3.88,1.48,0.025123968598494778,3.854876031401505,clk_core,VALIDATED
508,g_chan[1].u_cdc_chw.mem[10][17]$_DFFE_PP_,3.88,1.48,0.02504825342927869,3.854951746570721,clk_core,VALIDATED
513,g_chan[1].u_cdc_chw.mem[12][17]$_DFFE_PP_,3.88,1.48,0.0249725382600626,3.855027461739937,clk_core,VALIDATED
510,g_chan[1].u_cdc_chw.mem[13][17]$_DFFE_PP_,3.88,1.48,0.0249725382600626,3.855027461739937,clk_core,VALIDATED
514,g_chan[1].u_cdc_chw.mem[9][17]$_DFFE_PP_,3.88,1.47,0.024876557314026757,3.855123442685973,clk_core,VALIDATED
515,g_chan[1].u_cdc_chw.mem[8][17]$_DFFE_PP_,3.88,1.47,0.024876557314026757,3.855123442685973,clk_core,VALIDATED
516,c_cmd_len[26]$_DFFE_PN0N_,3.88,1.48,0.02201345056527111,3.8579865494347287,clk_core,VALIDATED
517,c_cmd_addr[20]$_DFFE_PN0N_,3.88,1.48,0.021988621020969767,3.8580113789790302,clk_core,VALIDATED
519,c_cmd_len[20]$_DFFE_PN0N_,3.89,1.47,0.022118669243817973,3.867881330756182,clk_core,VALIDATED
518,c_cmd_addr[23]$_DFFE_PN0N_,3.89,1.48,0.022056805663797988,3.867943194336202,clk_core,VALIDATED
521,c_cmd_len[21]$_DFFE_PN0N_,3.9,1.47,0.02209487901439619,3.877905120985604,clk_core,VALIDATED
520,c_cmd_len[14]$_DFFE_PN0N_,3.9,1.47,0.02197967365332079,3.8780203263466793,clk_core,VALIDATED
523,c_cmd_len[31]$_DFFE_PN0N_,3.9,1.47,0.02194805026485387,3.878051949735146,clk_core,VALIDATED
522,c_cmd_len[29]$_DFFE_PN0N_,3.9,1.46,0.021641455777533597,3.878358544222466,clk_core,VALIDATED
524,c_cmd_len[27]$_DFFE_PN0N_,3.91,1.46,0.021651652304478908,3.8883483476955214,clk_core,VALIDATED
525,c_cmd_len[13]$_DFFE_PN0N_,3.91,1.46,0.021643619651903617,3.8883563803480965,clk_core,VALIDATED
526,c_cmd_len[2]$_DFFE_PN0N_,3.91,1.45,0.02127391043638889,3.8887260895636113,clk_core,VALIDATED
528,c_cmd_len[8]$_DFFE_PN0N_,3.92,1.45,0.021417160878674832,3.898582839121325,clk_core,VALIDATED
527,c_cmd_len[30]$_DFFE_PN0N_,3.92,1.45,0.02133421959664833,3.8986657804033515,clk_core,VALIDATED
537,g_chan[0].u_cdc_chw.mem[2][25]$_DFFE_PP_,3.93,1.42,0.02561836227173539,3.9043816377282647,clk_core,VALIDATED
536,g_chan[0].u_cdc_chw.mem[1][25]$_DFFE_PP_,3.93,1.42,0.02561836227173539,3.9043816377282647,clk_core,VALIDATED
531,g_chan[0].u_cdc_chw.mem[4][25]$_DFFE_PP_,3.93,1.42,0.02561836227173539,3.9043816377282647,clk_core,VALIDATED
533,g_chan[0].u_cdc_chw.mem[5][25]$_DFFE_PP_,3.93,1.42,0.02561836227173539,3.9043816377282647,clk_core,VALIDATED
541,g_chan[0].u_cdc_chw.mem[0][25]$_DFFE_PP_,3.93,1.42,0.02561836227173539,3.9043816377282647,clk_core,VALIDATED
534,g_chan[0].u_cdc_chw.mem[3][25]$_DFFE_PP_,3.93,1.42,0.02561836227173539,3.9043816377282647,clk_core,VALIDATED
535,g_chan[0].u_cdc_chw.mem[7][25]$_DFFE_PP_,3.93,1.42,0.02561836227173539,3.9043816377282647,clk_core,VALIDATED
532,g_chan[0].u_cdc_chw.mem[10][25]$_DFFE_PP_,3.93,1.42,0.025518175212238495,3.9044818247877617,clk_core,VALIDATED
529,g_chan[0].u_cdc_chw.mem[9][25]$_DFFE_PP_,3.93,1.42,0.025518175212238495,3.9044818247877617,clk_core,VALIDATED
538,g_chan[0].u_cdc_chw.mem[11][25]$_DFFE_PP_,3.93,1.42,0.025518175212238495,3.9044818247877617,clk_core,VALIDATED
530,g_chan[0].u_cdc_chw.mem[8][25]$_DFFE_PP_,3.93,1.42,0.0254179881527416,3.9045820118472587,clk_core,VALIDATED
542,g_chan[0].u_cdc_chw.mem[14][25]$_DFFE_PP_,3.93,1.42,0.0254179881527416,3.9045820118472587,clk_core,VALIDATED
544,g_chan[0].u_cdc_chw.mem[15][25]$_DFFE_PP_,3.93,1.41,0.025238988236172988,3.904761011763827,clk_core,VALIDATED
540,g_chan[0].u_cdc_chw.mem[12][25]$_DFFE_PP_,3.93,1.41,0.025238988236172988,3.904761011763827,clk_core,VALIDATED
539,g_chan[0].u_cdc_chw.mem[13][25]$_DFFE_PP_,3.93,1.41,0.025238988236172988,3.904761011763827,clk_core,VALIDATED
543,c_cmd_addr[5]$_DFFE_PN0N_,3.93,1.43,0.02096506980541596,3.909034930194584,clk_core,VALIDATED
549,g_chan[0].u_cdc_chw.mem[6][25]$_DFFE_PP_,3.94,1.42,0.025671295267079244,3.9143287047329207,clk_core,VALIDATED
552,g_chan[0].u_cdc_chw.mem[14][24]$_DFFE_PP_,3.94,1.41,0.02497062189425721,3.915029378105743,clk_core,VALIDATED
567,g_chan[0].u_cdc_chw.mem[12][24]$_DFFE_PP_,3.94,1.41,0.024769539026273796,3.915230460973726,clk_core,VALIDATED
571,g_chan[0].u_cdc_chw.mem[8][24]$_DFFE_PP_,3.94,1.41,0.024769539026273796,3.915230460973726,clk_core,VALIDATED
555,g_chan[0].u_cdc_chw.mem[2][24]$_DFFE_PP_,3.94,1.41,0.024769539026273796,3.915230460973726,clk_core,VALIDATED
573,g_chan[0].u_cdc_chw.mem[11][24]$_DFFE_PP_,3.94,1.41,0.024769539026273796,3.915230460973726,clk_core,VALIDATED
554,g_chan[0].u_cdc_chw.mem[9][24]$_DFFE_PP_,3.94,1.41,0.024769539026273796,3.915230460973726,clk_core,VALIDATED
559,g_chan[0].u_cdc_chw.mem[3][24]$_DFFE_PP_,3.94,1.41,0.024769539026273796,3.915230460973726,clk_core,VALIDATED
562,g_chan[0].u_cdc_chw.mem[13][24]$_DFFE_PP_,3.94,1.41,0.024769539026273796,3.915230460973726,clk_core,VALIDATED
560,g_chan[0].u_cdc_chw.mem[15][24]$_DFFE_PP_,3.94,1.41,0.024756325342346425,3.9152436746576535,clk_core,VALIDATED
561,g_chan[0].u_cdc_chw.mem[10][24]$_DFFE_PP_,3.94,1.41,0.02466006717927967,3.91533993282072,clk_core,VALIDATED
563,g_chan[0].u_cdc_chw.mem[1][24]$_DFFE_PP_,3.94,1.41,0.02455059533228554,3.915449404667714,clk_core,VALIDATED
566,g_chan[0].u_cdc_chw.mem[6][24]$_DFFE_PP_,3.94,1.41,0.02455059533228554,3.915449404667714,clk_core,VALIDATED
557,g_chan[0].u_cdc_chw.mem[0][24]$_DFFE_PP_,3.94,1.41,0.02455059533228554,3.915449404667714,clk_core,VALIDATED
565,g_chan[0].u_cdc_chw.mem[5][24]$_DFFE_PP_,3.94,1.41,0.02455059533228554,3.915449404667714,clk_core,VALIDATED
556,g_chan[0].u_cdc_chw.mem[7][24]$_DFFE_PP_,3.94,1.41,0.02455059533228554,3.915449404667714,clk_core,VALIDATED
568,g_chan[0].u_cdc_chw.mem[4][24]$_DFFE_PP_,3.94,1.41,0.02455059533228554,3.915449404667714,clk_core,VALIDATED
575,g_chan[0].u_cdc_chw.mem[5][23]$_DFFE_PP_,3.94,1.41,0.024224450430318525,3.9157755495696813,clk_core,VALIDATED
569,g_chan[0].u_cdc_chw.mem[2][23]$_DFFE_PP_,3.94,1.41,0.024224450430318525,3.9157755495696813,clk_core,VALIDATED
574,g_chan[0].u_cdc_chw.mem[4][23]$_DFFE_PP_,3.94,1.41,0.024224450430318525,3.9157755495696813,clk_core,VALIDATED
564,g_chan[0].u_cdc_chw.mem[7][23]$_DFFE_PP_,3.94,1.41,0.024224450430318525,3.9157755495696813,clk_core,VALIDATED
558,g_chan[0].u_cdc_chw.mem[6][23]$_DFFE_PP_,3.94,1.41,0.024224450430318525,3.9157755495696813,clk_core,VALIDATED
572,g_chan[0].u_cdc_chw.mem[3][23]$_DFFE_PP_,3.94,1.41,0.02411917441456221,3.915880825585438,clk_core,VALIDATED
578,g_chan[0].u_cdc_chw.mem[0][23]$_DFFE_PP_,3.94,1.41,0.02400247287355163,3.915997527126448,clk_core,VALIDATED
576,g_chan[0].u_cdc_chw.mem[1][23]$_DFFE_PP_,3.94,1.41,0.02400247287355163,3.915997527126448,clk_core,VALIDATED
579,g_chan[0].u_cdc_chw.mem[8][23]$_DFFE_PP_,3.94,1.41,0.02388577133254105,3.916114228667459,clk_core,VALIDATED
570,g_chan[0].u_cdc_chw.mem[9][23]$_DFFE_PP_,3.94,1.41,0.02388577133254105,3.916114228667459,clk_core,VALIDATED
550,g_chan[1].u_cdc_chw.mem[13][31]$_DFFE_PP_,3.94,1.41,0.023461051516204104,3.916538948483796,clk_core,VALIDATED
577,g_chan[1].u_cdc_chw.mem[8][31]$_DFFE_PP_,3.94,1.41,0.023461051516204104,3.916538948483796,clk_core,VALIDATED
551,g_chan[1].u_cdc_chw.mem[14][31]$_DFFE_PP_,3.94,1.41,0.023461051516204104,3.916538948483796,clk_core,VALIDATED
547,g_chan[1].u_cdc_chw.mem[15][31]$_DFFE_PP_,3.94,1.41,0.023461051516204104,3.916538948483796,clk_core,VALIDATED
546,g_chan[1].u_cdc_chw.mem[10][31]$_DFFE_PP_,3.94,1.41,0.023461051516204104,3.916538948483796,clk_core,VALIDATED
548,g_chan[1].u_cdc_chw.mem[12][31]$_DFFE_PP_,3.94,1.41,0.023461051516204104,3.916538948483796,clk_core,VALIDATED
545,c_cmd_addr[3]$_DFFE_PN0N_,3.94,1.43,0.020954440613017294,3.9190455593869826,clk_core,VALIDATED
553,c_cmd_addr[4]$_DFFE_PN0N_,3.94,1.42,0.020875187982613286,3.9191248120173867,clk_core,VALIDATED
660,u_dma_fabric.rbeat_data[8]$_DFFE_PN0P_,3.96,1.38,0.03510440690917506,3.9248955930908247,clk_core,VALIDATED
586,g_chan[0].u_cdc_chw.mem[14][23]$_DFFE_PP_,3.95,1.41,0.023991047348297365,3.926008952651703,clk_core,VALIDATED
585,g_chan[0].u_cdc_chw.mem[15][23]$_DFFE_PP_,3.95,1.41,0.023991047348297365,3.926008952651703,clk_core,VALIDATED
584,g_chan[0].u_cdc_chw.mem[10][23]$_DFFE_PP_,3.95,1.41,0.023991047348297365,3.926008952651703,clk_core,VALIDATED
587,g_chan[0].u_cdc_chw.mem[13][23]$_DFFE_PP_,3.95,1.41,0.023991047348297365,3.926008952651703,clk_core,VALIDATED
581,g_chan[0].u_cdc_chw.mem[12][23]$_DFFE_PP_,3.95,1.41,0.02388577133254105,3.9261142286674593,clk_core,VALIDATED
580,g_chan[0].u_cdc_chw.mem[11][23]$_DFFE_PP_,3.95,1.41,0.02388577133254105,3.9261142286674593,clk_core,VALIDATED
583,g_chan[1].u_cdc_chw.mem[9][31]$_DFFE_PP_,3.95,1.41,0.023461051516204104,3.9265389484837963,clk_core,VALIDATED
582,g_chan[1].u_cdc_chw.mem[11][31]$_DFFE_PP_,3.95,1.41,0.023461051516204104,3.9265389484837963,clk_core,VALIDATED
595,g_chan[1].u_cdc_chw.mem[10][14]$_DFFE_PP_,3.95,1.4,0.02331642757048223,3.926683572429518,clk_core,VALIDATED
603,g_chan[1].u_cdc_chw.mem[11][14]$_DFFE_PP_,3.95,1.4,0.02331642757048223,3.926683572429518,clk_core,VALIDATED
602,g_chan[1].u_cdc_chw.mem[8][14]$_DFFE_PP_,3.95,1.4,0.023305976842459192,3.926694023157541,clk_core,VALIDATED
599,g_chan[1].u_cdc_chw.mem[12][14]$_DFFE_PP_,3.95,1.4,0.023238757368398436,3.926761242631602,clk_core,VALIDATED
597,g_chan[1].u_cdc_chw.mem[13][14]$_DFFE_PP_,3.95,1.4,0.023238757368398436,3.926761242631602,clk_core,VALIDATED
589,g_chan[1].u_cdc_chw.mem[14][14]$_DFFE_PP_,3.95,1.4,0.023218642041042223,3.926781357958958,clk_core,VALIDATED
590,g_chan[1].u_cdc_chw.mem[15][14]$_DFFE_PP_,3.95,1.4,0.02319852671368601,3.9268014732863143,clk_core,VALIDATED
592,g_chan[1].u_cdc_chw.mem[9][14]$_DFFE_PP_,3.95,1.4,0.02319852671368601,3.9268014732863143,clk_core,VALIDATED
607,g_chan[1].u_cdc_chw.mem[12][25]$_DFFE_PP_,3.95,1.4,0.02314864820504979,3.9268513517949506,clk_core,VALIDATED
605,g_chan[1].u_cdc_chw.mem[14][25]$_DFFE_PP_,3.95,1.4,0.02314864820504979,3.9268513517949506,clk_core,VALIDATED
600,g_chan[1].u_cdc_chw.mem[15][25]$_DFFE_PP_,3.95,1.4,0.023111982455003247,3.926888017544997,clk_core,VALIDATED
601,g_chan[1].u_cdc_chw.mem[1][25]$_DFFE_PP_,3.95,1.4,0.02304119807627661,3.9269588019237234,clk_core,VALIDATED
598,g_chan[1].u_cdc_chw.mem[8][25]$_DFFE_PP_,3.95,1.4,0.02304119807627661,3.9269588019237234,clk_core,VALIDATED
596,g_chan[1].u_cdc_chw.mem[13][25]$_DFFE_PP_,3.95,1.4,0.02304119807627661,3.9269588019237234,clk_core,VALIDATED
588,g_chan[1].u_cdc_chw.mem[14][23]$_DFFE_PP_,3.95,1.4,0.02292876378290111,3.927071236217099,clk_core,VALIDATED
591,g_chan[1].u_cdc_chw.mem[15][23]$_DFFE_PP_,3.95,1.4,0.02292876378290111,3.927071236217099,clk_core,VALIDATED
606,g_chan[1].u_cdc_chw.mem[6][23]$_DFFE_PP_,3.95,1.39,0.022866572001685154,3.927133427998315,clk_core,VALIDATED
593,c_cmd_len[24]$_DFFE_PN0N_,3.95,1.42,0.021234607363159727,3.9287653926368407,clk_core,VALIDATED
594,c_cmd_len[17]$_DFFE_PN0N_,3.95,1.42,0.021220730513950944,3.928779269486049,clk_core,VALIDATED
604,c_cmd_len[19]$_DFFE_PN0N_,3.95,1.41,0.02108057748296502,3.928919422517035,clk_core,VALIDATED
647,g_chan[0].u_cdc_chw.mem[8][16]$_DFFE_PP_,3.96,1.4,0.026335246288909736,3.9336647537110903,clk_core,VALIDATED
646,g_chan[0].u_cdc_chw.mem[12][16]$_DFFE_PP_,3.96,1.4,0.026335246288909736,3.9336647537110903,clk_core,VALIDATED
656,g_chan[0].u_cdc_chw.mem[13][16]$_DFFE_PP_,3.96,1.4,0.026335246288909736,3.9336647537110903,clk_core,VALIDATED
654,g_chan[0].u_cdc_chw.mem[15][16]$_DFFE_PP_,3.96,1.4,0.026335246288909736,3.9336647537110903,clk_core,VALIDATED
651,g_chan[0].u_cdc_chw.mem[11][16]$_DFFE_PP_,3.96,1.4,0.02627192551693998,3.93372807448306,clk_core,VALIDATED
655,g_chan[0].u_cdc_chw.mem[14][16]$_DFFE_PP_,3.96,1.4,0.02627192551693998,3.93372807448306,clk_core,VALIDATED
657,g_chan[0].u_cdc_chw.mem[10][16]$_DFFE_PP_,3.96,1.39,0.02614713738684618,3.9338528626131537,clk_core,VALIDATED
648,g_chan[0].u_cdc_chw.mem[9][16]$_DFFE_PP_,3.96,1.39,0.02614713738684618,3.9338528626131537,clk_core,VALIDATED
625,g_chan[0].u_cdc_chw.mem[15][12]$_DFFE_PP_,3.96,1.4,0.026037323067372165,3.933962676932628,clk_core,VALIDATED
614,g_chan[0].u_cdc_chw.mem[11][12]$_DFFE_PP_,3.96,1.4,0.026037323067372165,3.933962676932628,clk_core,VALIDATED
622,g_chan[0].u_cdc_chw.mem[9][12]$_DFFE_PP_,3.96,1.4,0.026037323067372165,3.933962676932628,clk_core,VALIDATED
623,g_chan[0].u_cdc_chw.mem[8][12]$_DFFE_PP_,3.96,1.4,0.026037323067372165,3.933962676932628,clk_core,VALIDATED
615,g_chan[0].u_cdc_chw.mem[10][12]$_DFFE_PP_,3.96,1.4,0.026037323067372165,3.933962676932628,clk_core,VALIDATED
628,g_chan[0].u_cdc_chw.mem[13][12]$_DFFE_PP_,3.96,1.4,0.026037323067372165,3.933962676932628,clk_core,VALIDATED
624,g_chan[0].u_cdc_chw.mem[14][12]$_DFFE_PP_,3.96,1.4,0.026037323067372165,3.933962676932628,clk_core,VALIDATED
631,g_chan[0].u_cdc_chw.mem[5][12]$_DFFE_PP_,3.96,1.4,0.025938821970603848,3.934061178029396,clk_core,VALIDATED
630,g_chan[0].u_cdc_chw.mem[6][12]$_DFFE_PP_,3.96,1.4,0.025938821970603848,3.934061178029396,clk_core,VALIDATED
626,g_chan[0].u_cdc_chw.mem[4][12]$_DFFE_PP_,3.96,1.4,0.025938821970603848,3.934061178029396,clk_core,VALIDATED
627,g_chan[0].u_cdc_chw.mem[12][12]$_DFFE_PP_,3.96,1.4,0.025938821970603848,3.934061178029396,clk_core,VALIDATED
639,g_chan[0].u_cdc_chw.mem[3][12]$_DFFE_PP_,3.96,1.4,0.025895546901390773,3.9341044530986093,clk_core,VALIDATED
645,g_chan[0].u_cdc_chw.mem[6][16]$_DFFE_PP_,3.96,1.39,0.025858890328208595,3.9341411096717915,clk_core,VALIDATED
644,g_chan[0].u_cdc_chw.mem[7][16]$_DFFE_PP_,3.96,1.39,0.025858890328208595,3.9341411096717915,clk_core,VALIDATED
641,g_chan[0].u_cdc_chw.mem[1][12]$_DFFE_PP_,3.96,1.4,0.02584032087383553,3.9341596791261644,clk_core,VALIDATED
638,g_chan[0].u_cdc_chw.mem[2][12]$_DFFE_PP_,3.96,1.4,0.02584032087383553,3.9341596791261644,clk_core,VALIDATED
635,g_chan[0].u_cdc_chw.mem[0][12]$_DFFE_PP_,3.96,1.4,0.02584032087383553,3.9341596791261644,clk_core,VALIDATED
636,g_chan[0].u_cdc_chw.mem[7][12]$_DFFE_PP_,3.96,1.4,0.02584032087383553,3.9341596791261644,clk_core,VALIDATED
643,g_chan[0].u_cdc_chw.mem[5][16]$_DFFE_PP_,3.96,1.39,0.02579922173943741,3.9342007782605624,clk_core,VALIDATED
649,g_chan[0].u_cdc_chw.mem[3][16]$_DFFE_PP_,3.96,1.39,0.02579922173943741,3.9342007782605624,clk_core,VALIDATED
652,g_chan[0].u_cdc_chw.mem[1][16]$_DFFE_PP_,3.96,1.39,0.02579922173943741,3.9342007782605624,clk_core,VALIDATED
637,g_chan[0].u_cdc_chw.mem[4][16]$_DFFE_PP_,3.96,1.39,0.02579922173943741,3.9342007782605624,clk_core,VALIDATED
658,g_chan[0].u_cdc_chw.mem[0][16]$_DFFE_PP_,3.96,1.39,0.02579922173943741,3.9342007782605624,clk_core,VALIDATED
653,g_chan[0].u_cdc_chw.mem[2][16]$_DFFE_PP_,3.96,1.39,0.02579922173943741,3.9342007782605624,clk_core,VALIDATED
659,g_chan[0].u_cdc_chw.mem[12][19]$_DFFE_PP_,3.96,1.39,0.025443158665317767,3.934556841334682,clk_core,VALIDATED
685,u_dma_fabric.rbeat_data[11]$_DFFE_PN0P_,3.97,1.37,0.034922206691103685,3.9350777933088965,clk_core,VALIDATED
611,g_chan[1].u_cdc_chw.mem[2][12]$_DFFE_PP_,3.96,1.39,0.02474109254200725,3.935258907457993,clk_core,VALIDATED
610,g_chan[1].u_cdc_chw.mem[7][12]$_DFFE_PP_,3.96,1.39,0.024672857585043492,3.9353271424149563,clk_core,VALIDATED
612,g_chan[1].u_cdc_chw.mem[3][12]$_DFFE_PP_,3.96,1.39,0.024672857585043492,3.9353271424149563,clk_core,VALIDATED
609,g_chan[1].u_cdc_chw.mem[4][12]$_DFFE_PP_,3.96,1.39,0.024672857585043492,3.9353271424149563,clk_core,VALIDATED
616,g_chan[1].u_cdc_chw.mem[1][12]$_DFFE_PP_,3.96,1.39,0.024672857585043492,3.9353271424149563,clk_core,VALIDATED
613,g_chan[1].u_cdc_chw.mem[5][12]$_DFFE_PP_,3.96,1.39,0.024672857585043492,3.9353271424149563,clk_core,VALIDATED
608,g_chan[1].u_cdc_chw.mem[6][12]$_DFFE_PP_,3.96,1.39,0.024604622628079734,3.93539537737192,clk_core,VALIDATED
619,g_chan[1].u_cdc_chw.mem[0][12]$_DFFE_PP_,3.96,1.39,0.024604622628079734,3.93539537737192,clk_core,VALIDATED
634,g_chan[1].u_cdc_chw.mem[9][23]$_DFFE_PP_,3.96,1.4,0.022913531519134583,3.9370864684808655,clk_core,VALIDATED
621,g_chan[1].u_cdc_chw.mem[5][23]$_DFFE_PP_,3.96,1.39,0.02289585205098918,3.937104147949011,clk_core,VALIDATED
629,g_chan[1].u_cdc_chw.mem[4][23]$_DFFE_PP_,3.96,1.39,0.02289585205098918,3.937104147949011,clk_core,VALIDATED
633,g_chan[1].u_cdc_chw.mem[2][23]$_DFFE_PP_,3.96,1.39,0.02289585205098918,3.937104147949011,clk_core,VALIDATED
632,g_chan[1].u_cdc_chw.mem[3][23]$_DFFE_PP_,3.96,1.39,0.02289585205098918,3.937104147949011,clk_core,VALIDATED
618,g_chan[1].u_cdc_chw.mem[8][23]$_DFFE_PP_,3.96,1.4,0.022893237248662365,3.9371067627513376,clk_core,VALIDATED
617,g_chan[1].u_cdc_chw.mem[13][23]$_DFFE_PP_,3.96,1.4,0.022893237248662365,3.9371067627513376,clk_core,VALIDATED
620,g_chan[1].u_cdc_chw.mem[12][23]$_DFFE_PP_,3.96,1.4,0.022893237248662365,3.9371067627513376,clk_core,VALIDATED
642,g_chan[1].u_cdc_chw.mem[11][23]$_DFFE_PP_,3.96,1.39,0.022749863436855075,3.937250136563145,clk_core,VALIDATED
650,g_chan[1].u_cdc_chw.mem[7][23]$_DFFE_PP_,3.96,1.39,0.022749863436855075,3.937250136563145,clk_core,VALIDATED
640,g_chan[1].u_cdc_chw.mem[10][23]$_DFFE_PP_,3.96,1.39,0.022744225117014252,3.9372557748829857,clk_core,VALIDATED
671,g_chan[0].u_cdc_chw.mem[6][19]$_DFFE_PP_,3.97,1.39,0.025653012160371483,3.9443469878396287,clk_core,VALIDATED
672,g_chan[0].u_cdc_chw.mem[7][19]$_DFFE_PP_,3.97,1.39,0.025601922788640596,3.9443980772113596,clk_core,VALIDATED
666,g_chan[0].u_cdc_chw.mem[3][19]$_DFFE_PP_,3.97,1.39,0.025601922788640596,3.9443980772113596,clk_core,VALIDATED
661,g_chan[0].u_cdc_chw.mem[2][19]$_DFFE_PP_,3.97,1.39,0.025601922788640596,3.9443980772113596,clk_core,VALIDATED
668,g_chan[0].u_cdc_chw.mem[4][19]$_DFFE_PP_,3.97,1.39,0.02555083341690971,3.9444491665830905,clk_core,VALIDATED
664,g_chan[0].u_cdc_chw.mem[0][19]$_DFFE_PP_,3.97,1.39,0.02555083341690971,3.9444491665830905,clk_core,VALIDATED
667,g_chan[0].u_cdc_chw.mem[10][19]$_DFFE_PP_,3.97,1.39,0.02555083341690971,3.9444491665830905,clk_core,VALIDATED
669,g_chan[0].u_cdc_chw.mem[5][19]$_DFFE_PP_,3.97,1.39,0.02555083341690971,3.9444491665830905,clk_core,VALIDATED
670,g_chan[0].u_cdc_chw.mem[9][19]$_DFFE_PP_,3.97,1.39,0.02555083341690971,3.9444491665830905,clk_core,VALIDATED
663,g_chan[0].u_cdc_chw.mem[1][19]$_DFFE_PP_,3.97,1.39,0.02555083341690971,3.9444491665830905,clk_core,VALIDATED
677,g_chan[0].u_cdc_chw.mem[15][19]$_DFFE_PP_,3.97,1.39,0.02555083341690971,3.9444491665830905,clk_core,VALIDATED
662,g_chan[0].u_cdc_chw.mem[11][19]$_DFFE_PP_,3.97,1.39,0.02555083341690971,3.9444491665830905,clk_core,VALIDATED
676,g_chan[0].u_cdc_chw.mem[14][19]$_DFFE_PP_,3.97,1.39,0.02551494183304573,3.9444850581669546,clk_core,VALIDATED
665,g_chan[0].u_cdc_chw.mem[8][19]$_DFFE_PP_,3.97,1.39,0.02551494183304573,3.9444850581669546,clk_core,VALIDATED
678,g_chan[0].u_cdc_chw.mem[13][19]$_DFFE_PP_,3.97,1.39,0.025479050249181748,3.9445209497508182,clk_core,VALIDATED
680,g_chan[1].u_cdc_chw.mem[0][19]$_DFFE_PP_,3.97,1.38,0.023686774576456876,3.9463132254235433,clk_core,VALIDATED
679,g_chan[1].u_cdc_chw.mem[1][19]$_DFFE_PP_,3.97,1.38,0.023686774576456876,3.9463132254235433,clk_core,VALIDATED
682,g_chan[1].u_cdc_chw.mem[4][19]$_DFFE_PP_,3.97,1.37,0.023515131282424537,3.9464848687175755,clk_core,VALIDATED
681,g_chan[1].u_cdc_chw.mem[11][16]$_DFFE_PP_,3.97,1.37,0.02347716014090584,3.946522839859094,clk_core,VALIDATED
684,g_chan[1].u_cdc_chw.mem[8][19]$_DFFE_PP_,3.97,1.37,0.023386302125516803,3.9466136978744832,clk_core,VALIDATED
683,g_chan[1].u_cdc_chw.mem[11][19]$_DFFE_PP_,3.97,1.37,0.023386302125516803,3.9466136978744832,clk_core,VALIDATED
675,g_chan[1].u_cdc_chw.mem[15][17]$_DFFE_PP_,3.97,1.38,0.023256605982976672,3.9467433940170236,clk_core,VALIDATED
674,g_chan[1].u_cdc_chw.mem[14][17]$_DFFE_PP_,3.97,1.38,0.023256605982976672,3.9467433940170236,clk_core,VALIDATED
673,c_cmd_len[15]$_DFFE_PN0N_,3.97,1.4,0.02083433619429989,3.9491656638057004,clk_core,VALIDATED
705,u_dma_fabric.rbeat_data[25]$_DFFE_PN0P_,3.99,1.35,0.034995958263914426,3.955004041736086,clk_core,VALIDATED
688,g_chan[1].u_cdc_chw.mem[2][16]$_DFFE_PP_,3.98,1.38,0.02411078644615333,3.9558892135538466,clk_core,VALIDATED
687,g_chan[1].u_cdc_chw.mem[3][16]$_DFFE_PP_,3.98,1.38,0.024007509907419233,3.955992490092581,clk_core,VALIDATED
691,g_chan[1].u_cdc_chw.mem[0][16]$_DFFE_PP_,3.98,1.38,0.024007509907419233,3.955992490092581,clk_core,VALIDATED
700,g_chan[1].u_cdc_chw.mem[6][16]$_DFFE_PP_,3.98,1.38,0.02400508098051103,3.955994919019489,clk_core,VALIDATED
702,g_chan[1].u_cdc_chw.mem[7][16]$_DFFE_PP_,3.98,1.38,0.02400508098051103,3.955994919019489,clk_core,VALIDATED
695,g_chan[1].u_cdc_chw.mem[1][16]$_DFFE_PP_,3.98,1.38,0.02400508098051103,3.955994919019489,clk_core,VALIDATED
698,g_chan[1].u_cdc_chw.mem[6][19]$_DFFE_PP_,3.98,1.38,0.023915988694837576,3.9560840113051623,clk_core,VALIDATED
701,g_chan[1].u_cdc_chw.mem[7][19]$_DFFE_PP_,3.98,1.38,0.023915988694837576,3.9560840113051623,clk_core,VALIDATED
696,g_chan[1].u_cdc_chw.mem[3][19]$_DFFE_PP_,3.98,1.38,0.023913559767929374,3.956086440232071,clk_core,VALIDATED
693,g_chan[1].u_cdc_chw.mem[2][19]$_DFFE_PP_,3.98,1.38,0.023855945984375404,3.9561440540156245,clk_core,VALIDATED
689,g_chan[1].u_cdc_chw.mem[5][16]$_DFFE_PP_,3.98,1.38,0.023778295789038534,3.9562217042109613,clk_core,VALIDATED
686,g_chan[1].u_cdc_chw.mem[4][16]$_DFFE_PP_,3.98,1.38,0.023778295789038534,3.9562217042109613,clk_core,VALIDATED
694,g_chan[1].u_cdc_chw.mem[8][16]$_DFFE_PP_,3.98,1.38,0.023713411031179896,3.95628658896882,clk_core,VALIDATED
690,g_chan[1].u_cdc_chw.mem[9][16]$_DFFE_PP_,3.98,1.38,0.023713411031179896,3.95628658896882,clk_core,VALIDATED
692,g_chan[1].u_cdc_chw.mem[5][19]$_DFFE_PP_,3.98,1.38,0.023686774576456876,3.956313225423543,clk_core,VALIDATED
699,g_chan[1].u_cdc_chw.mem[9][19]$_DFFE_PP_,3.98,1.37,0.023379146578957177,3.9566208534210427,clk_core,VALIDATED
697,c_cmd_opcode[5]$_DFFE_PN0N_,3.98,1.39,0.020211535614862663,3.959788464385137,clk_core,VALIDATED
703,c_cmd_addr[14]$_DFFE_PN0N_,3.98,1.38,0.020109162656820403,3.9598908373431794,clk_core,VALIDATED
709,u_dma_fabric.rbeat_data[9]$_DFFE_PN0P_,4.0,1.34,0.03631071622858131,3.963689283771419,clk_core,VALIDATED
707,u_dma_fabric.rbeat_data[31]$_DFFE_PN0P_,4.0,1.35,0.0356986345678791,3.964301365432121,clk_core,VALIDATED
704,c_cmd_addr[19]$_DFFE_PN0N_,3.99,1.38,0.020261218088791347,3.9697387819112087,clk_core,VALIDATED
710,u_dma_fabric.rbeat_data[22]$_DFFE_PN0P_,4.01,1.34,0.03572784175992208,3.9742721582400775,clk_core,VALIDATED
711,u_dma_fabric.rbeat_data[15]$_DFFE_PN0P_,4.01,1.33,0.0355293497052596,3.97447065029474,clk_core,VALIDATED
714,u_dma_fabric.rbeat_data[24]$_DFFE_PN0P_,4.01,1.33,0.0342543218343265,3.9757456781656733,clk_core,VALIDATED
712,u_dma_fabric.rbeat_data[6]$_DFFE_PN0P_,4.01,1.33,0.03406582549531398,3.975934174504686,clk_core,VALIDATED
708,c_cmd_len[25]$_DFFE_PN0N_,4.0,1.37,0.020540971497055555,3.9794590285029443,clk_core,VALIDATED
706,c_cmd_len[12]$_DFFE_PN0N_,4.0,1.37,0.0204914836763464,3.9795085163236537,clk_core,VALIDATED
713,c_cmd_len[6]$_DFFE_PN0N_,4.01,1.35,0.01987678355461396,3.9901232164453857,clk_core,VALIDATED
734,g_chan[0].u_cdc_chw.mem[12][22]$_DFFE_PP_,4.02,1.32,0.023902882658611818,3.996097117341388,clk_core,VALIDATED
732,g_chan[0].u_cdc_chw.mem[13][22]$_DFFE_PP_,4.02,1.32,0.023902882658611818,3.996097117341388,clk_core,VALIDATED
733,g_chan[0].u_cdc_chw.mem[0][22]$_DFFE_PP_,4.02,1.32,0.023901322765624844,3.9960986772343747,clk_core,VALIDATED
736,g_chan[0].u_cdc_chw.mem[8][22]$_DFFE_PP_,4.02,1.32,0.023901322765624844,3.9960986772343747,clk_core,VALIDATED
735,g_chan[0].u_cdc_chw.mem[9][22]$_DFFE_PP_,4.02,1.32,0.023901322765624844,3.9960986772343747,clk_core,VALIDATED
739,g_chan[0].u_cdc_chw.mem[2][22]$_DFFE_PP_,4.02,1.32,0.023901322765624844,3.9960986772343747,clk_core,VALIDATED
738,g_chan[0].u_cdc_chw.mem[3][22]$_DFFE_PP_,4.02,1.32,0.023901322765624844,3.9960986772343747,clk_core,VALIDATED
737,g_chan[0].u_cdc_chw.mem[1][22]$_DFFE_PP_,4.02,1.32,0.023901322765624844,3.9960986772343747,clk_core,VALIDATED
740,g_chan[0].u_cdc_chw.mem[10][22]$_DFFE_PP_,4.02,1.32,0.0237788167572036,3.996221183242796,clk_core,VALIDATED
752,u_dma_fabric.rbeat_data[28]$_DFFE_PN0P_,4.03,1.31,0.03258606718364965,3.9974139328163507,clk_core,VALIDATED
731,g_chan[1].u_cdc_chw.mem[0][24]$_DFFE_PP_,4.02,1.33,0.021946284135462638,3.998053715864537,clk_core,VALIDATED
727,g_chan[1].u_cdc_chw.mem[1][24]$_DFFE_PP_,4.02,1.33,0.021946284135462638,3.998053715864537,clk_core,VALIDATED
730,g_chan[1].u_cdc_chw.mem[5][24]$_DFFE_PP_,4.02,1.33,0.02190949983184945,3.99809050016815,clk_core,VALIDATED
725,g_chan[1].u_cdc_chw.mem[4][24]$_DFFE_PP_,4.02,1.33,0.02190949983184945,3.99809050016815,clk_core,VALIDATED
722,g_chan[1].u_cdc_chw.mem[6][24]$_DFFE_PP_,4.02,1.33,0.021894251116683583,3.998105748883316,clk_core,VALIDATED
720,g_chan[1].u_cdc_chw.mem[7][24]$_DFFE_PP_,4.02,1.33,0.021894251116683583,3.998105748883316,clk_core,VALIDATED
726,g_chan[1].u_cdc_chw.mem[3][24]$_DFFE_PP_,4.02,1.33,0.02187271552823626,3.9981272844717632,clk_core,VALIDATED
728,g_chan[1].u_cdc_chw.mem[2][24]$_DFFE_PP_,4.02,1.33,0.02187271552823626,3.9981272844717632,clk_core,VALIDATED
723,g_chan[1].u_cdc_chw.mem[12][24]$_DFFE_PP_,4.02,1.33,0.02185811139662565,3.998141888603374,clk_core,VALIDATED
724,g_chan[1].u_cdc_chw.mem[13][24]$_DFFE_PP_,4.02,1.33,0.02185811139662565,3.998141888603374,clk_core,VALIDATED
715,g_chan[1].u_cdc_chw.mem[11][24]$_DFFE_PP_,4.02,1.33,0.021806170117697476,3.998193829882302,clk_core,VALIDATED
719,g_chan[1].u_cdc_chw.mem[8][24]$_DFFE_PP_,4.02,1.33,0.021806170117697476,3.998193829882302,clk_core,VALIDATED
716,g_chan[1].u_cdc_chw.mem[9][24]$_DFFE_PP_,4.02,1.33,0.021806170117697476,3.998193829882302,clk_core,VALIDATED
717,g_chan[1].u_cdc_chw.mem[10][24]$_DFFE_PP_,4.02,1.33,0.021806170117697476,3.998193829882302,clk_core,VALIDATED
718,g_chan[1].u_cdc_chw.mem[15][24]$_DFFE_PP_,4.02,1.33,0.021783173338592296,3.998216826661407,clk_core,VALIDATED
721,g_chan[1].u_cdc_chw.mem[14][24]$_DFFE_PP_,4.02,1.33,0.021783173338592296,3.998216826661407,clk_core,VALIDATED
729,c_cmd_addr[0]$_DFFE_PN0N_,4.02,1.34,0.019600521574649185,4.000399478425351,clk_core,VALIDATED
742,g_chan[0].u_cdc_chw.mem[15][22]$_DFFE_PP_,4.03,1.32,0.023904442551598792,4.006095557448401,clk_core,VALIDATED
741,g_chan[0].u_cdc_chw.mem[14][22]$_DFFE_PP_,4.03,1.32,0.023904442551598792,4.006095557448401,clk_core,VALIDATED
743,g_chan[0].u_cdc_chw.mem[11][22]$_DFFE_PP_,4.03,1.32,0.02343079371901538,4.006569206280985,clk_core,VALIDATED
744,g_chan[0].u_cdc_chw.mem[4][22]$_DFFE_PP_,4.03,1.32,0.02343079371901538,4.006569206280985,clk_core,VALIDATED
745,g_chan[0].u_cdc_chw.mem[6][22]$_DFFE_PP_,4.03,1.32,0.02343079371901538,4.006569206280985,clk_core,VALIDATED
746,g_chan[0].u_cdc_chw.mem[7][22]$_DFFE_PP_,4.03,1.32,0.02343079371901538,4.006569206280985,clk_core,VALIDATED
747,g_chan[0].u_cdc_chw.mem[5][22]$_DFFE_PP_,4.03,1.32,0.02343079371901538,4.006569206280985,clk_core,VALIDATED
753,g_chan[1].u_cdc_chw.mem[7][22]$_DFFE_PP_,4.03,1.31,0.02214196073410754,4.0078580392658925,clk_core,VALIDATED
754,g_chan[1].u_cdc_chw.mem[3][22]$_DFFE_PP_,4.03,1.31,0.02214196073410754,4.0078580392658925,clk_core,VALIDATED
749,g_chan[1].u_cdc_chw.mem[5][22]$_DFFE_PP_,4.03,1.31,0.022094088778102747,4.007905911221897,clk_core,VALIDATED
750,g_chan[1].u_cdc_chw.mem[2][22]$_DFFE_PP_,4.03,1.31,0.022094088778102747,4.007905911221897,clk_core,VALIDATED
751,g_chan[1].u_cdc_chw.mem[4][22]$_DFFE_PP_,4.03,1.31,0.022036616305420448,4.007963383694579,clk_core,VALIDATED
761,u_dma_fabric.rbeat_data[2]$_DFFE_PN0P_,4.04,1.31,0.032018601874393066,4.007981398125607,clk_core,VALIDATED
760,u_dma_fabric.rbeat_data[21]$_DFFE_PN0P_,4.04,1.3,0.031320668945951535,4.008679331054049,clk_core,VALIDATED
748,c_cmd_len[3]$_DFFE_PN0N_,4.03,1.34,0.01978899898292409,4.010211001017076,clk_core,VALIDATED
757,g_chan[0].u_cdc_chw.mem[4][18]$_DFFE_PP_,4.04,1.31,0.023302642126127537,4.0166973578738725,clk_core,VALIDATED
755,g_chan[0].u_cdc_chw.mem[5][18]$_DFFE_PP_,4.04,1.31,0.023302642126127537,4.0166973578738725,clk_core,VALIDATED
772,g_chan[0].u_cdc_chw.mem[7][18]$_DFFE_PP_,4.04,1.31,0.023078833558707268,4.016921166441293,clk_core,VALIDATED
771,g_chan[0].u_cdc_chw.mem[6][18]$_DFFE_PP_,4.04,1.31,0.023078833558707268,4.016921166441293,clk_core,VALIDATED
784,g_chan[1].u_cdc_chw.mem[12][12]$_DFFE_PP_,4.04,1.31,0.02303836905796673,4.016961630942033,clk_core,VALIDATED
778,g_chan[0].u_cdc_chw.mem[15][18]$_DFFE_PP_,4.04,1.31,0.022991149692327406,4.017008850307673,clk_core,VALIDATED
776,g_chan[0].u_cdc_chw.mem[11][18]$_DFFE_PP_,4.04,1.31,0.022991149692327406,4.017008850307673,clk_core,VALIDATED
787,g_chan[1].u_cdc_chw.mem[13][12]$_DFFE_PP_,4.04,1.31,0.022934347328190594,4.01706565267181,clk_core,VALIDATED
779,g_chan[0].u_cdc_chw.mem[13][18]$_DFFE_PP_,4.04,1.31,0.022903465825947544,4.017096534174052,clk_core,VALIDATED
780,g_chan[0].u_cdc_chw.mem[12][18]$_DFFE_PP_,4.04,1.31,0.022903465825947544,4.017096534174052,clk_core,VALIDATED
768,g_chan[0].u_cdc_chw.mem[3][18]$_DFFE_PP_,4.04,1.31,0.022903465825947544,4.017096534174052,clk_core,VALIDATED
767,g_chan[0].u_cdc_chw.mem[14][18]$_DFFE_PP_,4.04,1.31,0.022903465825947544,4.017096534174052,clk_core,VALIDATED
781,g_chan[0].u_cdc_chw.mem[2][18]$_DFFE_PP_,4.04,1.31,0.022903465825947544,4.017096534174052,clk_core,VALIDATED
785,g_chan[1].u_cdc_chw.mem[11][12]$_DFFE_PP_,4.04,1.31,0.02289743547211219,4.017102564527888,clk_core,VALIDATED
783,g_chan[1].u_cdc_chw.mem[10][12]$_DFFE_PP_,4.04,1.31,0.02289743547211219,4.017102564527888,clk_core,VALIDATED
789,g_chan[0].u_cdc_chw.mem[8][18]$_DFFE_PP_,4.04,1.31,0.022896457682101537,4.017103542317899,clk_core,VALIDATED
788,g_chan[0].u_cdc_chw.mem[0][18]$_DFFE_PP_,4.04,1.31,0.022896457682101537,4.017103542317899,clk_core,VALIDATED
790,g_chan[0].u_cdc_chw.mem[1][18]$_DFFE_PP_,4.04,1.31,0.02288944953825553,4.017110550461744,clk_core,VALIDATED
786,g_chan[0].u_cdc_chw.mem[10][18]$_DFFE_PP_,4.04,1.31,0.02288944953825553,4.017110550461744,clk_core,VALIDATED
777,g_chan[0].u_cdc_chw.mem[9][18]$_DFFE_PP_,4.04,1.31,0.02288944953825553,4.017110550461744,clk_core,VALIDATED
791,g_chan[1].u_cdc_chw.mem[14][12]$_DFFE_PP_,4.04,1.31,0.022414995715283104,4.017585004284717,clk_core,VALIDATED
782,g_chan[1].u_cdc_chw.mem[6][22]$_DFFE_PP_,4.04,1.31,0.022268701719982034,4.017731298280018,clk_core,VALIDATED
792,g_chan[1].u_cdc_chw.mem[15][12]$_DFFE_PP_,4.04,1.3,0.02224388887776174,4.017756111122238,clk_core,VALIDATED
759,g_chan[1].u_cdc_chw.mem[0][22]$_DFFE_PP_,4.04,1.31,0.022036616305420448,4.017963383694579,clk_core,VALIDATED
758,g_chan[1].u_cdc_chw.mem[1][22]$_DFFE_PP_,4.04,1.31,0.021986508152999656,4.018013491847,clk_core,VALIDATED
756,g_chan[1].u_cdc_chw.mem[11][22]$_DFFE_PP_,4.04,1.31,0.021925778792721964,4.018074221207278,clk_core,VALIDATED
769,g_chan[1].u_cdc_chw.mem[4][25]$_DFFE_PP_,4.04,1.31,0.021627944741275315,4.018372055258725,clk_core,VALIDATED
766,g_chan[1].u_cdc_chw.mem[7][25]$_DFFE_PP_,4.04,1.31,0.021627944741275315,4.018372055258725,clk_core,VALIDATED
775,g_chan[1].u_cdc_chw.mem[6][25]$_DFFE_PP_,4.04,1.31,0.021627944741275315,4.018372055258725,clk_core,VALIDATED
774,g_chan[1].u_cdc_chw.mem[5][25]$_DFFE_PP_,4.04,1.31,0.021627944741275315,4.018372055258725,clk_core,VALIDATED
770,g_chan[1].u_cdc_chw.mem[9][25]$_DFFE_PP_,4.04,1.31,0.02158808596656446,4.018411914033436,clk_core,VALIDATED
773,g_chan[1].u_cdc_chw.mem[11][25]$_DFFE_PP_,4.04,1.31,0.02158808596656446,4.018411914033436,clk_core,VALIDATED
762,g_chan[1].u_cdc_chw.mem[3][25]$_DFFE_PP_,4.04,1.31,0.02158808596656446,4.018411914033436,clk_core,VALIDATED
764,g_chan[1].u_cdc_chw.mem[2][25]$_DFFE_PP_,4.04,1.31,0.02158808596656446,4.018411914033436,clk_core,VALIDATED
765,g_chan[1].u_cdc_chw.mem[0][25]$_DFFE_PP_,4.04,1.31,0.02158808596656446,4.018411914033436,clk_core,VALIDATED
763,g_chan[1].u_cdc_chw.mem[10][25]$_DFFE_PP_,4.04,1.31,0.02156459193742498,4.018435408062575,clk_core,VALIDATED
797,u_dma_fabric.rbeat_data[1]$_DFFE_PN0P_,4.05,1.3,0.03028859939566962,4.01971140060433,clk_core,VALIDATED
793,c_cmd_addr[25]$_DFFE_PN0N_,4.04,1.32,0.019561305564939666,4.02043869443506,clk_core,VALIDATED
799,g_chan[1].u_cdc_chw.mem[9][12]$_DFFE_PP_,4.05,1.31,0.022464563370714175,4.027535436629286,clk_core,VALIDATED
794,g_chan[1].u_cdc_chw.mem[9][18]$_DFFE_PP_,4.05,1.3,0.02139107930806887,4.028608920691931,clk_core,VALIDATED
800,g_chan[1].u_cdc_chw.mem[12][18]$_DFFE_PP_,4.05,1.3,0.02136344015782432,4.028636559842176,clk_core,VALIDATED
798,g_chan[1].u_cdc_chw.mem[10][18]$_DFFE_PP_,4.05,1.3,0.02136344015782432,4.028636559842176,clk_core,VALIDATED
795,g_chan[1].u_cdc_chw.mem[8][18]$_DFFE_PP_,4.05,1.3,0.021312670486691526,4.028687329513308,clk_core,VALIDATED
796,g_chan[1].u_cdc_chw.mem[13][18]$_DFFE_PP_,4.05,1.3,0.021312670486691526,4.028687329513308,clk_core,VALIDATED
16,g_chan[0].u_cdc_chr.rbin[1]$_DFF_PN0_,4.17,1.25,0.022500332935270546,4.1474996670647295,clk_core,VALIDATED
20,u_dma_fabric.rbeat_data[10]$_DFFE_PN0P_,4.17,1.25,0.022500332935270546,4.1474996670647295,clk_core,VALIDATED
15,g_chan[0].u_cdc_chr.rbin[3]$_DFF_PN0_,4.17,1.25,0.022500332935270546,4.1474996670647295,clk_core,VALIDATED
19,u_dma_fabric.rbeat_data[15]$_DFFE_PN0P_,4.17,1.25,0.022500332935270546,4.1474996670647295,clk_core,VALIDATED
18,g_chan[0].u_cdc_chr.rbin[0]$_DFF_PN0_,4.17,1.25,0.022500332935270546,4.1474996670647295,clk_core,VALIDATED
17,g_chan[0].u_cdc_chr.rbin[2]$_DFF_PN0_,4.17,1.25,0.022500332935270546,4.1474996670647295,clk_core,VALIDATED
1,g_chan[0].u_cdc_chr.rq2_wgray[0]$_DFF_PN0_,4.17,1.25,0.022500332935270546,4.1474996670647295,clk_core,VALIDATED
2,g_chan[0].u_cdc_chr.rgray[0]$_DFF_PN0_,4.17,1.25,0.022500332935270546,4.1474996670647295,clk_core,VALIDATED
3,g_chan[0].u_cdc_chr.rq2_wgray[1]$_DFF_PN0_,4.17,1.25,0.022500332935270546,4.1474996670647295,clk_core,VALIDATED
4,g_chan[0].u_cdc_chr.rq1_wgray[2]$_DFF_PN0_,4.17,1.25,0.022500332935270546,4.1474996670647295,clk_core,VALIDATED
5,g_chan[0].u_cdc_chr.rq1_wgray[3]$_DFF_PN0_,4.17,1.25,0.022500332935270546,4.1474996670647295,clk_core,VALIDATED
6,g_chan[0].u_cdc_chr.rq1_wgray[4]$_DFF_PN0_,4.17,1.25,0.022500332935270546,4.1474996670647295,clk_core,VALIDATED
7,g_chan[0].u_cdc_chr.rq1_wgray[1]$_DFF_PN0_,4.17,1.25,0.022500332935270546,4.1474996670647295,clk_core,VALIDATED
0,g_chan[0].u_cdc_chr.rq1_wgray[0]$_DFF_PN0_,4.17,1.25,0.022500332935270546,4.1474996670647295,clk_core,VALIDATED
12,g_chan[0].u_cdc_chr.rq2_wgray[3]$_DFF_PN0_,4.17,1.25,0.022437606687774107,4.147562393312226,clk_core,VALIDATED
11,g_chan[0].u_cdc_chr.rgray[2]$_DFF_PN0_,4.17,1.25,0.022437606687774107,4.147562393312226,clk_core,VALIDATED
10,g_chan[0].u_cdc_chr.rgray[3]$_DFF_PN0_,4.17,1.25,0.022437606687774107,4.147562393312226,clk_core,VALIDATED
9,g_chan[0].u_cdc_chr.rq2_wgray[2]$_DFF_PN0_,4.17,1.25,0.022437606687774107,4.147562393312226,clk_core,VALIDATED
8,g_chan[0].u_cdc_chr.rgray[1]$_DFF_PN0_,4.17,1.25,0.022437606687774107,4.147562393312226,clk_core,VALIDATED
14,g_chan[0].u_cdc_chr.rbin[4]$_DFF_PN0_,4.17,1.25,0.022437606687774107,4.147562393312226,clk_core,VALIDATED
13,g_chan[0].u_cdc_chr.rq2_wgray[4]$_DFF_PN0_,4.17,1.25,0.022437606687774107,4.147562393312226,clk_core,VALIDATED
24,u_dma_fabric.rbeat_data[20]$_DFFE_PN0P_,4.31,1.12,0.019859539280846425,4.290140460719154,clk_core,VALIDATED
23,u_dma_fabric.rbeat_data[9]$_DFFE_PN0P_,4.31,1.12,0.019859539280846425,4.290140460719154,clk_core,VALIDATED
21,u_dma_fabric.rbeat_data[17]$_DFFE_PN0P_,4.31,1.12,0.019859539280846425,4.290140460719154,clk_core,VALIDATED
25,u_dma_fabric.rbeat_data[14]$_DFFE_PN0P_,4.31,1.12,0.019859539280846425,4.290140460719154,clk_core,VALIDATED
22,u_dma_fabric.rbeat_data[13]$_DFFE_PN0P_,4.31,1.12,0.019859539280846425,4.290140460719154,clk_core,VALIDATED
26,u_dma_fabric.rbeat_data[16]$_DFFE_PN0P_,4.31,1.11,0.019682221965838867,4.290317778034161,clk_core,VALIDATED
37,u_dma_fabric.rbeat_data[24]$_DFFE_PN0P_,4.32,1.11,0.019752511403217904,4.300247488596782,clk_core,VALIDATED
35,u_dma_fabric.rbeat_data[25]$_DFFE_PN0P_,4.32,1.11,0.019752511403217904,4.300247488596782,clk_core,VALIDATED
36,u_dma_fabric.rbeat_data[6]$_DFFE_PN0P_,4.32,1.11,0.019752511403217904,4.300247488596782,clk_core,VALIDATED
32,u_dma_fabric.rbeat_data[7]$_DFFE_PN0P_,4.32,1.11,0.019752511403217904,4.300247488596782,clk_core,VALIDATED
31,u_dma_fabric.rbeat_data[31]$_DFFE_PN0P_,4.32,1.11,0.019752511403217904,4.300247488596782,clk_core,VALIDATED
33,u_dma_fabric.rbeat_data[8]$_DFFE_PN0P_,4.32,1.11,0.019752511403217904,4.300247488596782,clk_core,VALIDATED
34,u_dma_fabric.rbeat_data[18]$_DFFE_PN0P_,4.32,1.11,0.019752511403217904,4.300247488596782,clk_core,VALIDATED
27,u_dma_fabric.rbeat_data[12]$_DFFE_PN0P_,4.32,1.11,0.019682221965838867,4.300317778034161,clk_core,VALIDATED
38,u_dma_fabric.rbeat_data[5]$_DFFE_PN0P_,4.32,1.11,0.01967272745929581,4.300327272540705,clk_core,VALIDATED
28,u_dma_fabric.rbeat_data[11]$_DFFE_PN0P_,4.32,1.11,0.019629025983734054,4.300370974016266,clk_core,VALIDATED
30,u_dma_fabric.rbeat_data[21]$_DFFE_PN0P_,4.32,1.11,0.019629025983734054,4.300370974016266,clk_core,VALIDATED
29,u_dma_fabric.rbeat_data[19]$_DFFE_PN0P_,4.32,1.11,0.019629025983734054,4.300370974016266,clk_core,VALIDATED
39,u_dma_fabric.rbeat_data[22]$_DFFE_PN0P_,4.33,1.11,0.019702751809548447,4.310297248190452,clk_core,VALIDATED
40,u_dma_fabric.rbeat_data[27]$_DFFE_PN0P_,4.33,1.11,0.01967272745929581,4.310327272540705,clk_core,VALIDATED
41,u_dma_fabric.rbeat_data[4]$_DFFE_PN0P_,4.33,1.1,0.01949549568038319,4.310504504319617,clk_core,VALIDATED
42,g_chan[0].u_cdc_chr.rd_empty$_DFF_PN1_,4.33,1.1,0.019092461645328927,4.310907538354671,clk_core,VALIDATED
44,g_chan[1].u_cdc_chcmd.wq2_rgray[1]$_DFF_PN0_,4.37,1.05,0.01794659513315637,4.352053404866844,clk_core,VALIDATED
43,g_chan[1].u_cdc_chcmd.wq2_rgray[3]$_DFF_PN0_,4.37,1.05,0.01794659513315637,4.352053404866844,clk_core,VALIDATED
54,g_chan[1].u_cdc_chcmd.wq1_rgray[0]$_DFF_PN0_,4.38,1.05,0.01794659513315637,4.362053404866844,clk_core,VALIDATED
46,g_chan[1].u_cdc_chcmd.wq2_rgray[0]$_DFF_PN0_,4.38,1.05,0.01794659513315637,4.362053404866844,clk_core,VALIDATED
45,g_chan[1].u_cdc_chcmd.wq1_rgray[1]$_DFF_PN0_,4.38,1.05,0.01794659513315637,4.362053404866844,clk_core,VALIDATED
49,g_chan[1].u_cdc_chcmd.wq1_rgray[3]$_DFF_PN0_,4.38,1.05,0.01794659513315637,4.362053404866844,clk_core,VALIDATED
61,g_chan[1].u_cdc_chcmd.wq2_rgray[4]$_DFF_PN0_,4.38,1.05,0.01794659513315637,4.362053404866844,clk_core,VALIDATED
52,g_chan[1].u_cdc_chcmd.wgray[0]$_DFF_PN0_,4.38,1.05,0.01794659513315637,4.362053404866844,clk_core,VALIDATED
48,g_chan[1].u_cdc_chcmd.wbin[0]$_DFF_PN0_,4.38,1.05,0.017857275190055304,4.362142724809945,clk_core,VALIDATED
50,g_chan[1].u_cdc_chcmd.wbin[3]$_DFF_PN0_,4.38,1.05,0.017857275190055304,4.362142724809945,clk_core,VALIDATED
53,g_chan[1].u_cdc_chcmd.wgray[1]$_DFF_PN0_,4.38,1.05,0.017857275190055304,4.362142724809945,clk_core,VALIDATED
57,g_chan[1].u_cdc_chcmd.wr_full$_DFF_PN0_,4.38,1.05,0.017857275190055304,4.362142724809945,clk_core,VALIDATED
51,g_chan[1].u_cdc_chcmd.wbin[2]$_DFF_PN0_,4.38,1.05,0.017857275190055304,4.362142724809945,clk_core,VALIDATED
56,g_chan[1].u_cdc_chcmd.wbin[4]$_DFF_PN0_,4.38,1.05,0.017857275190055304,4.362142724809945,clk_core,VALIDATED
47,g_chan[1].u_cdc_chcmd.wbin[1]$_DFF_PN0_,4.38,1.05,0.017857275190055304,4.362142724809945,clk_core,VALIDATED
55,g_chan[1].u_cdc_chcmd.wq1_rgray[4]$_DFF_PN0_,4.38,1.05,0.017857275190055304,4.362142724809945,clk_core,VALIDATED
59,g_chan[1].u_cdc_chcmd.wgray[3]$_DFF_PN0_,4.38,1.04,0.017687205902530957,4.362312794097469,clk_core,VALIDATED
60,g_chan[1].u_cdc_chcmd.wgray[2]$_DFF_PN0_,4.38,1.04,0.017687205902530957,4.362312794097469,clk_core,VALIDATED
58,g_chan[1].u_cdc_chcmd.wq1_rgray[2]$_DFF_PN0_,4.38,1.04,0.017687205902530957,4.362312794097469,clk_core,VALIDATED
62,g_chan[1].u_cdc_chcmd.wq2_rgray[2]$_DFF_PN0_,4.38,1.04,0.017687205902530957,4.362312794097469,clk_core,VALIDATED
86,u_cdc_rbeat.wr_full$_DFF_PN0_,4.41,1.02,0.01825614976789458,4.391743850232105,clk_core,VALIDATED
83,u_cdc_rbeat.wq1_rgray[4]$_DFF_PN0_,4.41,1.02,0.017863135652672432,4.392136864347328,clk_core,VALIDATED
84,u_cdc_rbeat.wq2_rgray[4]$_DFF_PN0_,4.41,1.02,0.017863135652672432,4.392136864347328,clk_core,VALIDATED
78,u_cdc_rbeat.wq2_rgray[2]$_DFF_PN0_,4.41,1.02,0.01779144009172704,4.392208559908273,clk_core,VALIDATED
77,u_cdc_rbeat.wq2_rgray[0]$_DFF_PN0_,4.41,1.02,0.01779144009172704,4.392208559908273,clk_core,VALIDATED
76,u_cdc_rbeat.wgray[1]$_DFF_PN0_,4.41,1.02,0.01779144009172704,4.392208559908273,clk_core,VALIDATED
79,u_cdc_rbeat.wq2_rgray[1]$_DFF_PN0_,4.41,1.02,0.01779144009172704,4.392208559908273,clk_core,VALIDATED
82,u_cdc_rbeat.wq1_rgray[1]$_DFF_PN0_,4.41,1.02,0.01779144009172704,4.392208559908273,clk_core,VALIDATED
81,u_cdc_rbeat.wbin[1]$_DFF_PN0_,4.41,1.02,0.01779144009172704,4.392208559908273,clk_core,VALIDATED
80,u_cdc_rbeat.wbin[0]$_DFF_PN0_,4.41,1.02,0.01779144009172704,4.392208559908273,clk_core,VALIDATED
70,u_cdc_rbeat.wbin[4]$_DFF_PN0_,4.41,1.02,0.01779144009172704,4.392208559908273,clk_core,VALIDATED
67,u_cdc_rbeat.wq1_rgray[0]$_DFF_PN0_,4.41,1.02,0.01779144009172704,4.392208559908273,clk_core,VALIDATED
68,u_cdc_rbeat.wq1_rgray[3]$_DFF_PN0_,4.41,1.02,0.01779144009172704,4.392208559908273,clk_core,VALIDATED
69,u_cdc_rbeat.wq2_rgray[3]$_DFF_PN0_,4.41,1.02,0.01779144009172704,4.392208559908273,clk_core,VALIDATED
85,u_cdc_rbeat.wq1_rgray[2]$_DFF_PN0_,4.41,1.02,0.01779144009172704,4.392208559908273,clk_core,VALIDATED
74,u_cdc_rbeat.wbin[2]$_DFF_PN0_,4.41,1.02,0.01779144009172704,4.392208559908273,clk_core,VALIDATED
73,u_cdc_rbeat.wbin[3]$_DFF_PN0_,4.41,1.02,0.01779144009172704,4.392208559908273,clk_core,VALIDATED
72,u_cdc_rbeat.wgray[2]$_DFF_PN0_,4.41,1.02,0.01779144009172704,4.392208559908273,clk_core,VALIDATED
71,u_cdc_rbeat.wgray[3]$_DFF_PN0_,4.41,1.02,0.01779144009172704,4.392208559908273,clk_core,VALIDATED
75,u_cdc_rbeat.wgray[0]$_DFF_PN0_,4.41,1.02,0.01779144009172704,4.392208559908273,clk_core,VALIDATED
66,u_dma_fabric.rbeat_data[28]$_DFFE_PN0P_,4.41,1.02,0.017733390988636424,4.392266609011363,clk_core,VALIDATED
65,u_dma_fabric.rbeat_data[30]$_DFFE_PN0P_,4.41,1.02,0.01773070492162967,4.39226929507837,clk_core,VALIDATED
64,u_dma_fabric.rbeat_data[29]$_DFFE_PN0P_,4.41,1.02,0.01773070492162967,4.39226929507837,clk_core,VALIDATED
63,u_dma_fabric.rbeat_data[23]$_DFFE_PN0P_,4.41,1.02,0.01773070492162967,4.39226929507837,clk_core,VALIDATED
87,u_dma_fabric.rbeat_data[1]$_DFFE_PN0P_,4.41,1.02,0.017424173889449085,4.392575826110551,clk_core,VALIDATED
88,u_dma_fabric.rbeat_data[26]$_DFFE_PN0P_,4.41,1.02,0.017424173889449085,4.392575826110551,clk_core,VALIDATED
89,u_dma_fabric.rbeat_data[2]$_DFFE_PN0P_,4.41,1.02,0.017424173889449085,4.392575826110551,clk_core,VALIDATED
90,u_dma_fabric.rbeat_data[3]$_DFFE_PN0P_,4.41,1.02,0.017424173889449085,4.392575826110551,clk_core,VALIDATED
91,u_dma_fabric.rbeat_data[0]$_DFFE_PN0P_,4.41,1.02,0.017424173889449085,4.392575826110551,clk_core,VALIDATED
95,u_seq_core.beats_left[25]$_DFFE_PN0P_,4.49,0.94,0.014241353839819261,4.475758646160181,clk_core,VALIDATED
93,u_seq_core.beats_left[22]$_DFFE_PN0P_,4.49,0.94,0.014241353839819261,4.475758646160181,clk_core,VALIDATED
94,u_seq_core.beats_left[21]$_DFFE_PN0P_,4.49,0.94,0.014241353839819261,4.475758646160181,clk_core,VALIDATED
97,u_seq_core.beats_left[27]$_DFFE_PN0P_,4.49,0.94,0.014241353839819261,4.475758646160181,clk_core,VALIDATED
96,u_seq_core.beats_left[26]$_DFFE_PN0P_,4.49,0.94,0.014241353839819261,4.475758646160181,clk_core,VALIDATED
99,u_seq_core.beats_left[29]$_DFFE_PN0P_,4.49,0.94,0.014241353839819261,4.475758646160181,clk_core,VALIDATED
98,u_seq_core.beats_left[30]$_DFFE_PN0P_,4.49,0.94,0.014227721230566773,4.475772278769433,clk_core,VALIDATED
92,u_seq_core.beats_left[28]$_DFFE_PN0P_,4.49,0.94,0.014212251502793517,4.475787748497207,clk_core,VALIDATED
121,g_chan[1].u_cdc_chw.wq2_rgray[1]$_DFF_PN0_,4.5,0.94,0.014643330032473735,4.485356669967526,clk_core,VALIDATED
122,g_chan[1].u_cdc_chw.wgray[0]$_DFF_PN0_,4.5,0.94,0.01463525636294137,4.485364743637058,clk_core,VALIDATED
113,g_chan[1].u_cdc_chw.wbin[3]$_DFF_PN0_,4.5,0.94,0.01463525636294137,4.485364743637058,clk_core,VALIDATED
119,g_chan[1].u_cdc_chw.wq1_rgray[1]$_DFF_PN0_,4.5,0.94,0.01463525636294137,4.485364743637058,clk_core,VALIDATED
114,g_chan[1].u_cdc_chw.wbin[1]$_DFF_PN0_,4.5,0.94,0.01463525636294137,4.485364743637058,clk_core,VALIDATED
115,g_chan[1].u_cdc_chw.wbin[0]$_DFF_PN0_,4.5,0.94,0.01463525636294137,4.485364743637058,clk_core,VALIDATED
120,g_chan[1].u_cdc_chw.wgray[1]$_DFF_PN0_,4.5,0.94,0.01463525636294137,4.485364743637058,clk_core,VALIDATED
117,g_chan[1].u_cdc_chw.wbin[2]$_DFF_PN0_,4.5,0.94,0.014615885309550207,4.48538411469045,clk_core,VALIDATED
137,g_chan[1].u_cdc_chw.wq2_rgray[0]$_DFF_PN0_,4.5,0.93,0.01448754992574524,4.485512450074255,clk_core,VALIDATED
138,g_chan[1].u_cdc_chw.wq2_rgray[3]$_DFF_PN0_,4.5,0.93,0.01448754992574524,4.485512450074255,clk_core,VALIDATED
127,g_chan[1].u_cdc_chw.wbin[4]$_DFF_PN0_,4.5,0.93,0.014479562146314288,4.485520437853686,clk_core,VALIDATED
118,g_chan[1].u_cdc_chw.wgray[2]$_DFF_PN0_,4.5,0.93,0.014461397157904884,4.485538602842095,clk_core,VALIDATED
129,g_chan[1].u_cdc_chw.wq1_rgray[3]$_DFF_PN0_,4.5,0.93,0.014461397157904884,4.485538602842095,clk_core,VALIDATED
126,g_chan[1].u_cdc_chw.wq2_rgray[2]$_DFF_PN0_,4.5,0.93,0.014461397157904884,4.485538602842095,clk_core,VALIDATED
112,g_chan[1].u_cdc_chw.wgray[3]$_DFF_PN0_,4.5,0.93,0.014461397157904884,4.485538602842095,clk_core,VALIDATED
131,g_chan[1].u_cdc_chw.wq1_rgray[2]$_DFF_PN0_,4.5,0.93,0.014447820779011862,4.4855521792209885,clk_core,VALIDATED
133,c_cmd_addr[23]$_DFFE_PN0N_,4.5,0.94,0.01369898812709424,4.486301011872905,clk_core,VALIDATED
135,c_cmd_len[5]$_DFFE_PN0N_,4.5,0.94,0.01369898812709424,4.486301011872905,clk_core,VALIDATED
136,c_cmd_len[9]$_DFFE_PN0N_,4.5,0.94,0.01369898812709424,4.486301011872905,clk_core,VALIDATED
134,c_cmd_len[8]$_DFFE_PN0N_,4.5,0.94,0.01369898812709424,4.486301011872905,clk_core,VALIDATED
101,c_cmd_len[10]$_DFFE_PN0N_,4.5,0.94,0.013688171616501182,4.486311828383498,clk_core,VALIDATED
107,c_cmd_len[0]$_DFFE_PN0N_,4.5,0.94,0.013672737886047719,4.486327262113952,clk_core,VALIDATED
110,c_cmd_len[3]$_DFFE_PN0N_,4.5,0.94,0.013672737886047719,4.486327262113952,clk_core,VALIDATED
132,c_cmd_len[1]$_DFFE_PN0N_,4.5,0.94,0.013672737886047719,4.486327262113952,clk_core,VALIDATED
102,c_cmd_len[7]$_DFFE_PN0N_,4.5,0.94,0.013652947579659541,4.48634705242034,clk_core,VALIDATED
116,c_cmd_len[6]$_DFFE_PN0N_,4.5,0.94,0.013652947579659541,4.48634705242034,clk_core,VALIDATED
103,c_cmd_len[4]$_DFFE_PN0N_,4.5,0.94,0.013652947579659541,4.48634705242034,clk_core,VALIDATED
100,c_cmd_len[2]$_DFFE_PN0N_,4.5,0.94,0.013652947579659541,4.48634705242034,clk_core,VALIDATED
139,c_cmd_addr[25]$_DFFE_PN0N_,4.5,0.94,0.0136473026489516,4.486352697351048,clk_core,VALIDATED
140,c_cmd_addr[24]$_DFFE_PN0N_,4.5,0.94,0.0136473026489516,4.486352697351048,clk_core,VALIDATED
128,u_cdc_cmd.rgray[2]$_DFF_PN0_,4.5,0.94,0.013646266311942545,4.486353733688057,clk_core,VALIDATED
125,u_cdc_cmd.rbin[1]$_DFF_PN0_,4.5,0.94,0.013646266311942545,4.486353733688057,clk_core,VALIDATED
105,u_cdc_cmd.rq2_wgray[4]$_DFF_PN0_,4.5,0.94,0.013646266311942545,4.486353733688057,clk_core,VALIDATED
106,u_cdc_cmd.rq1_wgray[4]$_DFF_PN0_,4.5,0.94,0.013646266311942545,4.486353733688057,clk_core,VALIDATED
123,u_cdc_cmd.rq2_wgray[3]$_DFF_PN0_,4.5,0.94,0.013646266311942545,4.486353733688057,clk_core,VALIDATED
124,u_cdc_cmd.rbin[3]$_DFF_PN0_,4.5,0.94,0.013646266311942545,4.486353733688057,clk_core,VALIDATED
104,u_cdc_cmd.rbin[4]$_DFF_PN0_,4.5,0.94,0.013646266311942545,4.486353733688057,clk_core,VALIDATED
108,u_cdc_cmd.rq1_wgray[3]$_DFF_PN0_,4.5,0.94,0.013646266311942545,4.486353733688057,clk_core,VALIDATED
109,u_cdc_cmd.rq1_wgray[2]$_DFF_PN0_,4.5,0.94,0.013646266311942545,4.486353733688057,clk_core,VALIDATED
111,u_cdc_cmd.rq2_wgray[2]$_DFF_PN0_,4.5,0.94,0.013646266311942545,4.486353733688057,clk_core,VALIDATED
130,u_cdc_cmd.rgray[3]$_DFF_PN0_,4.5,0.94,0.013646266311942545,4.486353733688057,clk_core,VALIDATED
141,c_cmd_valid$_DFF_PN0_,4.5,0.94,0.013598010158209752,4.486401989841791,clk_core,VALIDATED
153,u_dma_fabric.rbeat_valid$_DFFE_PN0P_,4.51,0.92,0.015808829199880706,4.494191170800119,clk_core,VALIDATED
156,g_chan[1].u_cdc_chr.rq2_wgray[0]$_DFF_PN0_,4.51,0.92,0.015536610097324238,4.494463389902675,clk_core,VALIDATED
155,g_chan[1].u_cdc_chr.rbin[3]$_DFF_PN0_,4.51,0.92,0.015536610097324238,4.494463389902675,clk_core,VALIDATED
154,g_chan[1].u_cdc_chr.rbin[1]$_DFF_PN0_,4.51,0.92,0.015536610097324238,4.494463389902675,clk_core,VALIDATED
143,g_chan[1].u_cdc_chr.rd_empty$_DFF_PN1_,4.51,0.92,0.015536610097324238,4.494463389902675,clk_core,VALIDATED
157,g_chan[1].u_cdc_chr.rq1_wgray[4]$_DFF_PN0_,4.51,0.92,0.015471615120649249,4.4945283848793505,clk_core,VALIDATED
149,u_seq_core.op_q[0]$_DFFE_PN0P_,4.51,0.93,0.014267662399189376,4.495732337600811,clk_core,VALIDATED
150,u_cdc_cmd.rbin[2]$_DFF_PN0_,4.51,0.94,0.01367886397657294,4.496321136023427,clk_core,VALIDATED
148,u_cdc_cmd.rq2_wgray[0]$_DFF_PN0_,4.51,0.94,0.01367886397657294,4.496321136023427,clk_core,VALIDATED
146,u_cdc_cmd.rq1_wgray[1]$_DFF_PN0_,4.51,0.94,0.01367886397657294,4.496321136023427,clk_core,VALIDATED
145,u_cdc_cmd.rq1_wgray[0]$_DFF_PN0_,4.51,0.94,0.01367886397657294,4.496321136023427,clk_core,VALIDATED
147,u_cdc_cmd.rq2_wgray[1]$_DFF_PN0_,4.51,0.94,0.01367886397657294,4.496321136023427,clk_core,VALIDATED
142,u_cdc_cmd.rbin[0]$_DFF_PN0_,4.51,0.94,0.0136473026489516,4.496352697351048,clk_core,VALIDATED
144,u_cdc_cmd.rgray[0]$_DFF_PN0_,4.51,0.94,0.0136473026489516,4.496352697351048,clk_core,VALIDATED
151,u_cdc_cmd.rd_empty$_DFF_PN1_,4.51,0.94,0.013598010158209752,4.49640198984179,clk_core,VALIDATED
152,u_cdc_cmd.rgray[1]$_DFF_PN0_,4.51,0.93,0.013533344147034936,4.496466655852965,clk_core,VALIDATED
165,u_dma_fabric.rr_ptr$_DFFE_PN0P_,4.52,0.92,0.015586971962067687,4.5044130280379315,clk_core,VALIDATED
161,g_chan[1].u_cdc_chr.rbin[2]$_DFF_PN0_,4.52,0.92,0.015536610097324238,4.504463389902675,clk_core,VALIDATED
164,g_chan[1].u_cdc_chr.rq2_wgray[4]$_DFF_PN0_,4.52,0.92,0.015536610097324238,4.504463389902675,clk_core,VALIDATED
163,g_chan[1].u_cdc_chr.rgray[2]$_DFF_PN0_,4.52,0.92,0.015536610097324238,4.504463389902675,clk_core,VALIDATED
162,g_chan[1].u_cdc_chr.rbin[4]$_DFF_PN0_,4.52,0.92,0.015536610097324238,4.504463389902675,clk_core,VALIDATED
169,g_chan[1].u_cdc_chr.rq2_wgray[2]$_DFF_PN0_,4.52,0.92,0.015536610097324238,4.504463389902675,clk_core,VALIDATED
158,g_chan[1].u_cdc_chr.rbin[0]$_DFF_PN0_,4.52,0.92,0.015536610097324238,4.504463389902675,clk_core,VALIDATED
166,g_chan[1].u_cdc_chr.rq2_wgray[3]$_DFF_PN0_,4.52,0.92,0.015536610097324238,4.504463389902675,clk_core,VALIDATED
167,g_chan[1].u_cdc_chr.rq1_wgray[2]$_DFF_PN0_,4.52,0.92,0.015536610097324238,4.504463389902675,clk_core,VALIDATED
168,g_chan[1].u_cdc_chr.rgray[3]$_DFF_PN0_,4.52,0.92,0.015536610097324238,4.504463389902675,clk_core,VALIDATED
160,g_chan[1].u_cdc_chr.rq1_wgray[0]$_DFF_PN0_,4.52,0.92,0.015471615120649249,4.50452838487935,clk_core,VALIDATED
159,g_chan[1].u_cdc_chr.rgray[0]$_DFF_PN0_,4.52,0.92,0.015471615120649249,4.50452838487935,clk_core,VALIDATED
173,g_chan[1].u_cdc_chr.rgray[1]$_DFF_PN0_,4.52,0.91,0.015303445391076878,4.504696554608922,clk_core,VALIDATED
171,g_chan[1].u_cdc_chr.rq2_wgray[1]$_DFF_PN0_,4.52,0.91,0.015303445391076878,4.504696554608922,clk_core,VALIDATED
172,g_chan[1].u_cdc_chr.rq1_wgray[1]$_DFF_PN0_,4.52,0.91,0.015303445391076878,4.504696554608922,clk_core,VALIDATED
170,g_chan[1].u_cdc_chr.rq1_wgray[3]$_DFF_PN0_,4.52,0.91,0.015303445391076878,4.504696554608922,clk_core,VALIDATED
175,u_seq_core.addr_q[7]$_DFFE_PN0P_,4.55,0.88,0.013262576801127447,4.536737423198872,clk_core,VALIDATED
174,u_seq_core.addr_q[26]$_DFFE_PN0P_,4.55,0.88,0.013262576801127447,4.536737423198872,clk_core,VALIDATED
178,u_seq_core.addr_q[9]$_DFFE_PN0P_,4.55,0.88,0.013255106689596147,4.536744893310404,clk_core,VALIDATED
177,u_seq_core.addr_q[8]$_DFFE_PN0P_,4.55,0.88,0.013255106689596147,4.536744893310404,clk_core,VALIDATED
179,u_seq_core.addr_q[31]$_DFFE_PN0P_,4.55,0.88,0.013255106689596147,4.536744893310404,clk_core,VALIDATED
176,u_seq_core.addr_q[6]$_DFFE_PN0P_,4.55,0.88,0.013255106689596147,4.536744893310404,clk_core,VALIDATED
182,u_seq_core.addr_q[21]$_DFFE_PN0P_,4.56,0.88,0.013307947927230557,4.546692052072769,clk_core,VALIDATED
180,u_seq_core.addr_q[20]$_DFFE_PN0P_,4.56,0.88,0.013255106689596147,4.546744893310404,clk_core,VALIDATED
181,u_seq_core.addr_q[2]$_DFFE_PN0P_,4.56,0.88,0.013255106689596147,4.546744893310404,clk_core,VALIDATED
183,c_cmd_addr[7]$_DFFE_PN0N_,4.57,0.88,0.012785331292175545,4.557214668707824,clk_core,VALIDATED
184,c_cmd_addr[6]$_DFFE_PN0N_,4.57,0.88,0.012785331292175545,4.557214668707824,clk_core,VALIDATED
185,c_cmd_addr[9]$_DFFE_PN0N_,4.57,0.88,0.012785331292175545,4.557214668707824,clk_core,VALIDATED
186,c_cmd_addr[8]$_DFFE_PN0N_,4.57,0.88,0.012747923278557532,4.557252076721443,clk_core,VALIDATED
201,g_chan[0].u_cdc_chw.wq1_rgray[4]$_DFF_PN0_,4.59,0.83,0.013611721003409294,4.576388278996591,clk_core,VALIDATED
200,g_chan[0].u_cdc_chw.wq1_rgray[1]$_DFF_PN0_,4.59,0.83,0.013611721003409294,4.576388278996591,clk_core,VALIDATED
199,g_chan[0].u_cdc_chw.wq1_rgray[2]$_DFF_PN0_,4.59,0.83,0.013611721003409294,4.576388278996591,clk_core,VALIDATED
202,g_chan[0].u_cdc_chw.wq2_rgray[4]$_DFF_PN0_,4.59,0.83,0.013611721003409294,4.576388278996591,clk_core,VALIDATED
197,g_chan[0].u_cdc_chw.wq2_rgray[1]$_DFF_PN0_,4.59,0.83,0.013611721003409294,4.576388278996591,clk_core,VALIDATED
196,g_chan[0].u_cdc_chw.wq2_rgray[3]$_DFF_PN0_,4.59,0.83,0.013611721003409294,4.576388278996591,clk_core,VALIDATED
195,g_chan[0].u_cdc_chw.wq2_rgray[2]$_DFF_PN0_,4.59,0.83,0.013611721003409294,4.576388278996591,clk_core,VALIDATED
198,g_chan[0].u_cdc_chw.wq1_rgray[3]$_DFF_PN0_,4.59,0.83,0.013611721003409294,4.576388278996591,clk_core,VALIDATED
187,g_chan[0].u_cdc_chcmd.wr_full$_DFF_PN0_,4.59,0.84,0.012859219469658033,4.577140780530342,clk_core,VALIDATED
189,g_chan[0].u_cdc_chcmd.wgray[0]$_DFF_PN0_,4.59,0.84,0.012859219469658033,4.577140780530342,clk_core,VALIDATED
190,g_chan[0].u_cdc_chcmd.wbin[4]$_DFF_PN0_,4.59,0.84,0.012859219469658033,4.577140780530342,clk_core,VALIDATED
193,g_chan[0].u_cdc_chcmd.wq2_rgray[1]$_DFF_PN0_,4.59,0.84,0.012859219469658033,4.577140780530342,clk_core,VALIDATED
194,g_chan[0].u_cdc_chcmd.wq1_rgray[1]$_DFF_PN0_,4.59,0.84,0.012859219469658033,4.577140780530342,clk_core,VALIDATED
192,g_chan[0].u_cdc_chcmd.wbin[3]$_DFF_PN0_,4.59,0.84,0.01283975909147652,4.5771602409085235,clk_core,VALIDATED
191,g_chan[0].u_cdc_chcmd.wgray[1]$_DFF_PN0_,4.59,0.84,0.01283975909147652,4.5771602409085235,clk_core,VALIDATED
203,u_ecc_engine.vpipe[1]$_DFF_PN0_,4.59,0.84,0.012836314639285279,4.5771636853607145,clk_core,VALIDATED
204,u_ecc_engine.vpipe[0]$_DFF_PN0_,4.59,0.84,0.012836314639285279,4.5771636853607145,clk_core,VALIDATED
206,u_ecc_engine.vpipe[2]$_DFF_PN0_,4.59,0.84,0.012836314639285279,4.5771636853607145,clk_core,VALIDATED
188,u_seq_core.done$_DFFE_PN0P_,4.59,0.84,0.012800684420826686,4.577199315579173,clk_core,VALIDATED
207,u_seq_core.ch_cmd_valid$_DFF_PN0_,4.59,0.84,0.012797389727426375,4.577202610272574,clk_core,VALIDATED
205,u_seq_core.ecc_en_q$_DFFE_PN0P_,4.59,0.84,0.012794095034026065,4.5772059049659735,clk_core,VALIDATED
208,g_chan[0].u_cdc_chw.wgray[3]$_DFF_PN0_,4.6,0.83,0.013591051849189552,4.58640894815081,clk_core,VALIDATED
209,g_chan[0].u_cdc_chw.wgray[2]$_DFF_PN0_,4.6,0.83,0.013591051849189552,4.58640894815081,clk_core,VALIDATED
219,g_chan[0].u_cdc_chw.wq2_rgray[0]$_DFF_PN0_,4.6,0.83,0.013454128404910018,4.5865458715950895,clk_core,VALIDATED
220,g_chan[0].u_cdc_chw.wbin[0]$_DFF_PN0_,4.6,0.83,0.01339359939067352,4.586606400609326,clk_core,VALIDATED
221,g_chan[0].u_cdc_chw.wbin[1]$_DFF_PN0_,4.6,0.83,0.01339359939067352,4.586606400609326,clk_core,VALIDATED
223,g_chan[0].u_cdc_chw.wgray[0]$_DFF_PN0_,4.6,0.83,0.01339359939067352,4.586606400609326,clk_core,VALIDATED
222,g_chan[0].u_cdc_chw.wq1_rgray[0]$_DFF_PN0_,4.6,0.83,0.01339359939067352,4.586606400609326,clk_core,VALIDATED
225,g_chan[0].u_cdc_chw.wbin[4]$_DFF_PN0_,4.6,0.83,0.01339359939067352,4.586606400609326,clk_core,VALIDATED
224,g_chan[0].u_cdc_chw.wgray[1]$_DFF_PN0_,4.6,0.83,0.01339359939067352,4.586606400609326,clk_core,VALIDATED
212,c_cmd_chmask[0]$_DFFE_PN0N_,4.6,0.84,0.012274219666495743,4.587725780333504,clk_core,VALIDATED
218,c_cmd_addr[17]$_DFFE_PN0N_,4.6,0.84,0.012274219666495743,4.587725780333504,clk_core,VALIDATED
216,c_cmd_opcode[2]$_DFFE_PN0N_,4.6,0.84,0.012274219666495743,4.587725780333504,clk_core,VALIDATED
217,c_cmd_opcode[1]$_DFFE_PN0N_,4.6,0.84,0.012274219666495743,4.587725780333504,clk_core,VALIDATED
215,c_cmd_opcode[0]$_DFFE_PN0N_,4.6,0.84,0.012274219666495743,4.587725780333504,clk_core,VALIDATED
210,c_cmd_chmask[1]$_DFFE_PN0N_,4.6,0.84,0.012274219666495743,4.587725780333504,clk_core,VALIDATED
213,c_cmd_opcode[4]$_DFFE_PN0N_,4.6,0.84,0.012274219666495743,4.587725780333504,clk_core,VALIDATED
211,c_cmd_chan$_DFFE_PN0N_,4.6,0.84,0.012258216736412024,4.587741783263588,clk_core,VALIDATED
214,c_cmd_ecc_en$_DFFE_PN0N_,4.6,0.84,0.012250163434250332,4.58774983656575,clk_core,VALIDATED
226,g_chan[0].u_cdc_chw.wbin[2]$_DFF_PN0_,4.61,0.83,0.013294504594591458,4.596705495405409,clk_core,VALIDATED
227,g_chan[0].u_cdc_chw.wbin[3]$_DFF_PN0_,4.61,0.83,0.013294504594591458,4.596705495405409,clk_core,VALIDATED
235,g_chan[1].u_cdc_chw.wq1_rgray[0]$_DFF_PN0_,4.61,0.82,0.012807412943704244,4.597192587056296,clk_core,VALIDATED
233,g_chan[1].u_cdc_chw.wq2_rgray[4]$_DFF_PN0_,4.61,0.82,0.012807412943704244,4.597192587056296,clk_core,VALIDATED
232,u_cdc_wbeat.rbin[4]$_DFF_PN0_,4.61,0.82,0.012791190644895499,4.597208809355105,clk_core,VALIDATED
231,u_cdc_wbeat.rbin[2]$_DFF_PN0_,4.61,0.82,0.012791190644895499,4.597208809355105,clk_core,VALIDATED
230,u_cdc_wbeat.rbin[3]$_DFF_PN0_,4.61,0.82,0.012791190644895499,4.597208809355105,clk_core,VALIDATED
228,u_cdc_wbeat.rbin[0]$_DFF_PN0_,4.61,0.82,0.012791190644895499,4.597208809355105,clk_core,VALIDATED
229,u_cdc_wbeat.rbin[1]$_DFF_PN0_,4.61,0.82,0.012791190644895499,4.597208809355105,clk_core,VALIDATED
234,g_chan[1].u_cdc_chw.wq1_rgray[4]$_DFF_PN0_,4.61,0.82,0.012774295405847742,4.597225704594153,clk_core,VALIDATED
240,u_cdc_wbeat.rgray[1]$_DFF_PN0_,4.62,0.82,0.012599870205233205,4.607400129794767,clk_core,VALIDATED
242,u_cdc_wbeat.rq2_wgray[3]$_DFF_PN0_,4.62,0.82,0.012599870205233205,4.607400129794767,clk_core,VALIDATED
241,u_cdc_wbeat.rq1_wgray[2]$_DFF_PN0_,4.62,0.82,0.012599870205233205,4.607400129794767,clk_core,VALIDATED
236,u_cdc_wbeat.rq1_wgray[1]$_DFF_PN0_,4.62,0.82,0.012599870205233205,4.607400129794767,clk_core,VALIDATED
237,u_cdc_wbeat.rq2_wgray[2]$_DFF_PN0_,4.62,0.82,0.012599870205233205,4.607400129794767,clk_core,VALIDATED
238,u_cdc_wbeat.rgray[2]$_DFF_PN0_,4.62,0.82,0.012599870205233205,4.607400129794767,clk_core,VALIDATED
239,u_cdc_wbeat.rq2_wgray[1]$_DFF_PN0_,4.62,0.82,0.012599870205233205,4.607400129794767,clk_core,VALIDATED
250,u_cdc_wbeat.rq2_wgray[0]$_DFF_PN0_,4.62,0.82,0.012599870205233205,4.607400129794767,clk_core,VALIDATED
251,u_cdc_wbeat.rq2_wgray[4]$_DFF_PN0_,4.62,0.82,0.012599870205233205,4.607400129794767,clk_core,VALIDATED
249,u_cdc_wbeat.rq1_wgray[3]$_DFF_PN0_,4.62,0.82,0.012599870205233205,4.607400129794767,clk_core,VALIDATED
243,u_cdc_wbeat.rgray[3]$_DFF_PN0_,4.62,0.82,0.012599870205233205,4.607400129794767,clk_core,VALIDATED
244,u_cdc_wbeat.rgray[0]$_DFF_PN0_,4.62,0.82,0.012599870205233205,4.607400129794767,clk_core,VALIDATED
246,u_cdc_wbeat.rq1_wgray[0]$_DFF_PN0_,4.62,0.82,0.012599870205233205,4.607400129794767,clk_core,VALIDATED
248,u_cdc_wbeat.rq1_wgray[4]$_DFF_PN0_,4.62,0.82,0.012599870205233205,4.607400129794767,clk_core,VALIDATED
247,u_seq_core.op_q[3]$_DFFE_PN0P_,4.62,0.82,0.012585872697047244,4.6074141273029525,clk_core,VALIDATED
245,u_seq_core.op_q[1]$_DFFE_PN0P_,4.62,0.82,0.012585872697047244,4.6074141273029525,clk_core,VALIDATED
254,g_chan[0].u_cdc_chw.wr_full$_DFF_PN0_,4.63,0.81,0.012615625727232009,4.617384374272768,clk_core,VALIDATED
253,g_chan[1].u_cdc_chw.wr_full$_DFF_PN0_,4.63,0.81,0.01259181213657385,4.617408187863426,clk_core,VALIDATED
252,u_seq_core.chan_q$_DFFE_PN0P_,4.63,0.81,0.012569872082761668,4.617430127917238,clk_core,VALIDATED
255,u_cdc_wbeat.rd_empty$_DFF_PN1_,4.63,0.81,0.012401135357428796,4.617598864642571,clk_core,VALIDATED
258,g_chan[0].u_cdc_chcmd.wq1_rgray[2]$_DFF_PN0_,4.64,0.81,0.012415405560089486,4.62758459443991,clk_core,VALIDATED
257,u_seq_core.mask_q[0]$_DFFE_PN0P_,4.64,0.81,0.012415405560089486,4.62758459443991,clk_core,VALIDATED
256,g_chan[0].u_cdc_chcmd.wq1_rgray[3]$_DFF_PN0_,4.64,0.81,0.012415405560089486,4.62758459443991,clk_core,VALIDATED
260,u_seq_core.op_q[4]$_DFFE_PN0P_,4.64,0.81,0.012415405560089486,4.62758459443991,clk_core,VALIDATED
259,u_seq_core.mask_q[1]$_DFFE_PN0P_,4.64,0.81,0.012415405560089486,4.62758459443991,clk_core,VALIDATED
262,u_seq_core.op_q[2]$_DFFE_PN0P_,4.64,0.8,0.012262128948236556,4.627737871051763,clk_core,VALIDATED
261,u_seq_core.op_q[5]$_DFFE_PN0P_,4.64,0.8,0.012262128948236556,4.627737871051763,clk_core,VALIDATED
283,u_seq_core.beats_left[24]$_DFFE_PN0P_,4.65,0.8,0.012177203642958392,4.6378227963570415,clk_core,VALIDATED
282,u_seq_core.beats_left[23]$_DFFE_PN0P_,4.65,0.8,0.012177203642958392,4.6378227963570415,clk_core,VALIDATED
287,u_seq_core.beats_left[17]$_DFFE_PN0P_,4.65,0.8,0.012177203642958392,4.6378227963570415,clk_core,VALIDATED
285,u_seq_core.beats_left[18]$_DFFE_PN0P_,4.65,0.8,0.012177203642958392,4.6378227963570415,clk_core,VALIDATED
290,u_seq_core.beats_left[16]$_DFFE_PN0P_,4.65,0.8,0.012177203642958392,4.6378227963570415,clk_core,VALIDATED
275,u_seq_core.beats_left[15]$_DFFE_PN0P_,4.65,0.8,0.01216087819998491,4.637839121800015,clk_core,VALIDATED
264,u_seq_core.beats_left[19]$_DFFE_PN0P_,4.65,0.8,0.01215574043665689,4.637844259563344,clk_core,VALIDATED
265,u_seq_core.addr_q[1]$_DFFE_PN0P_,4.65,0.79,0.012036681538966011,4.6379633184610345,clk_core,VALIDATED
267,u_seq_core.beats_left[1]$_DFFE_PN0P_,4.65,0.79,0.012036681538966011,4.6379633184610345,clk_core,VALIDATED
270,u_seq_core.addr_q[17]$_DFFE_PN0P_,4.65,0.79,0.012036681538966011,4.6379633184610345,clk_core,VALIDATED
266,u_seq_core.addr_q[18]$_DFFE_PN0P_,4.65,0.79,0.012036681538966011,4.6379633184610345,clk_core,VALIDATED
263,u_seq_core.addr_q[25]$_DFFE_PN0P_,4.65,0.79,0.012036681538966011,4.6379633184610345,clk_core,VALIDATED
279,u_seq_core.addr_q[4]$_DFFE_PN0P_,4.65,0.79,0.012028217228064006,4.6379717827719364,clk_core,VALIDATED
281,u_seq_core.addr_q[30]$_DFFE_PN0P_,4.65,0.79,0.012028217228064006,4.6379717827719364,clk_core,VALIDATED
288,u_seq_core.addr_q[10]$_DFFE_PN0P_,4.65,0.79,0.012016589429269892,4.6379834105707305,clk_core,VALIDATED
294,u_seq_core.addr_q[11]$_DFFE_PN0P_,4.65,0.79,0.012016589429269892,4.6379834105707305,clk_core,VALIDATED
291,u_seq_core.addr_q[27]$_DFFE_PN0P_,4.65,0.79,0.012016589429269892,4.6379834105707305,clk_core,VALIDATED
286,u_seq_core.addr_q[3]$_DFFE_PN0P_,4.65,0.79,0.012016589429269892,4.6379834105707305,clk_core,VALIDATED
289,u_seq_core.addr_q[5]$_DFFE_PN0P_,4.65,0.79,0.012016589429269892,4.6379834105707305,clk_core,VALIDATED
295,u_seq_core.beats_left[2]$_DFFE_PN0P_,4.65,0.79,0.012010565168308306,4.637989434831692,clk_core,VALIDATED
278,u_seq_core.beats_left[0]$_DFFE_PN0P_,4.65,0.79,0.012008867222485058,4.637991132777516,clk_core,VALIDATED
276,u_seq_core.beats_left[5]$_DFFE_PN0P_,4.65,0.79,0.012008867222485058,4.637991132777516,clk_core,VALIDATED
277,u_seq_core.beats_left[14]$_DFFE_PN0P_,4.65,0.79,0.012008867222485058,4.637991132777516,clk_core,VALIDATED
274,u_seq_core.beats_left[3]$_DFFE_PN0P_,4.65,0.79,0.012007267525475533,4.637992732474525,clk_core,VALIDATED
272,u_seq_core.op_q[6]$_DFFE_PN0P_,4.65,0.79,0.012007267525475533,4.637992732474525,clk_core,VALIDATED
268,u_seq_core.beats_left[4]$_DFFE_PN0P_,4.65,0.79,0.012007267525475533,4.637992732474525,clk_core,VALIDATED
271,u_seq_core.beats_left[6]$_DFFE_PN0P_,4.65,0.79,0.012007267525475533,4.637992732474525,clk_core,VALIDATED
269,u_seq_core.beats_left[7]$_DFFE_PN0P_,4.65,0.79,0.012007267525475533,4.637992732474525,clk_core,VALIDATED
301,u_seq_core.beats_left[8]$_DFFE_PN0P_,4.65,0.79,0.01200421580073529,4.637995784199265,clk_core,VALIDATED
299,u_seq_core.beats_left[10]$_DFFE_PN0P_,4.65,0.79,0.01200421580073529,4.637995784199265,clk_core,VALIDATED
300,u_seq_core.beats_left[9]$_DFFE_PN0P_,4.65,0.79,0.01200421580073529,4.637995784199265,clk_core,VALIDATED
298,u_seq_core.beats_left[11]$_DFFE_PN0P_,4.65,0.79,0.011995697226275089,4.638004302773726,clk_core,VALIDATED
296,u_seq_core.beats_left[12]$_DFFE_PN0P_,4.65,0.79,0.011990623684988669,4.638009376315011,clk_core,VALIDATED
297,u_seq_core.beats_left[31]$_DFFE_PN0P_,4.65,0.79,0.011990623684988669,4.638009376315011,clk_core,VALIDATED
293,u_seq_core.beats_left[13]$_DFFE_PN0P_,4.65,0.79,0.011990623684988669,4.638009376315011,clk_core,VALIDATED
292,u_seq_core.beats_left[20]$_DFFE_PN0P_,4.65,0.79,0.011990623684988669,4.638009376315011,clk_core,VALIDATED
302,u_seq_core.addr_q[19]$_DFFE_PN0P_,4.65,0.79,0.011984225175888367,4.638015774824112,clk_core,VALIDATED
284,u_seq_core.addr_q[23]$_DFFE_PN0P_,4.65,0.79,0.011970515867534968,4.638029484132465,clk_core,VALIDATED
273,u_seq_core.addr_q[22]$_DFFE_PN0P_,4.65,0.79,0.011970515867534968,4.638029484132465,clk_core,VALIDATED
280,u_seq_core.addr_q[14]$_DFFE_PN0P_,4.65,0.79,0.011970515867534968,4.638029484132465,clk_core,VALIDATED
308,c_cmd_addr[16]$_DFFE_PN0N_,4.66,0.79,0.011544329343819826,4.648455670656181,clk_core,VALIDATED
303,c_cmd_addr[12]$_DFFE_PN0N_,4.66,0.79,0.011516146589168594,4.6484838534108315,clk_core,VALIDATED
306,c_cmd_addr[18]$_DFFE_PN0N_,4.66,0.79,0.011516146589168594,4.6484838534108315,clk_core,VALIDATED
304,c_cmd_addr[15]$_DFFE_PN0N_,4.66,0.79,0.011516146589168594,4.6484838534108315,clk_core,VALIDATED
307,c_cmd_addr[13]$_DFFE_PN0N_,4.66,0.79,0.011516146589168594,4.6484838534108315,clk_core,VALIDATED
305,c_cmd_addr[1]$_DFFE_PN0N_,4.66,0.79,0.011516146589168594,4.6484838534108315,clk_core,VALIDATED
313,c_cmd_opcode[6]$_DFFE_PN0N_,4.66,0.79,0.011508548802834757,4.648491451197166,clk_core,VALIDATED
312,c_cmd_addr[0]$_DFFE_PN0N_,4.66,0.79,0.011498037844379881,4.6485019621556205,clk_core,VALIDATED
311,c_cmd_addr[19]$_DFFE_PN0N_,4.66,0.79,0.011498037844379881,4.6485019621556205,clk_core,VALIDATED
309,c_cmd_opcode[7]$_DFFE_PN0N_,4.66,0.79,0.011498037844379881,4.6485019621556205,clk_core,VALIDATED
310,c_cmd_opcode[5]$_DFFE_PN0N_,4.66,0.79,0.011498037844379881,4.6485019621556205,clk_core,VALIDATED
314,c_cmd_addr[14]$_DFFE_PN0N_,4.67,0.79,0.011508548802834757,4.658491451197166,clk_core,VALIDATED
315,c_cmd_addr[2]$_DFFE_PN0N_,4.67,0.79,0.011508548802834757,4.658491451197166,clk_core,VALIDATED
316,c_cmd_opcode[3]$_DFFE_PN0N_,4.67,0.79,0.011508548802834757,4.658491451197166,clk_core,VALIDATED
317,u_seq_core.addr_q[28]$_DFFE_PN0P_,4.69,0.76,0.011597725469572814,4.678402274530428,clk_core,VALIDATED
318,u_seq_core.addr_q[29]$_DFFE_PN0P_,4.73,0.71,0.01089614889616796,4.719103851103832,clk_core,VALIDATED
319,g_chan[0].u_cdc_chcmd.wgray[2]$_DFF_PN0_,4.74,0.7,0.010752451851823296,4.729247548148177,clk_core,VALIDATED
327,g_chan[0].u_cdc_chcmd.wq2_rgray[4]$_DFF_PN0_,4.74,0.7,0.010752451851823296,4.729247548148177,clk_core,VALIDATED
322,g_chan[0].u_cdc_chcmd.wgray[3]$_DFF_PN0_,4.74,0.7,0.010752451851823296,4.729247548148177,clk_core,VALIDATED
324,g_chan[0].u_cdc_chcmd.wq1_rgray[4]$_DFF_PN0_,4.74,0.7,0.010752451851823296,4.729247548148177,clk_core,VALIDATED
337,g_chan[0].u_cdc_chcmd.wq2_rgray[2]$_DFF_PN0_,4.74,0.7,0.010749444790386503,4.729250555209614,clk_core,VALIDATED
340,g_chan[0].u_cdc_chcmd.wq1_rgray[0]$_DFF_PN0_,4.74,0.7,0.010749444790386503,4.729250555209614,clk_core,VALIDATED
341,g_chan[0].u_cdc_chcmd.wq2_rgray[0]$_DFF_PN0_,4.74,0.7,0.010749444790386503,4.729250555209614,clk_core,VALIDATED
338,g_chan[0].u_cdc_chcmd.wq2_rgray[3]$_DFF_PN0_,4.74,0.7,0.010749444790386503,4.729250555209614,clk_core,VALIDATED
329,g_chan[0].u_cdc_chcmd.wbin[2]$_DFF_PN0_,4.74,0.7,0.010735462632775944,4.729264537367224,clk_core,VALIDATED
339,u_seq_core.op_q[7]$_DFFE_PN0P_,4.74,0.7,0.010718606375161005,4.729281393624839,clk_core,VALIDATED
330,g_chan[0].u_cdc_chcmd.wbin[1]$_DFF_PN0_,4.74,0.7,0.010718606375161005,4.729281393624839,clk_core,VALIDATED
331,g_chan[0].u_cdc_chcmd.wbin[0]$_DFF_PN0_,4.74,0.7,0.010718606375161005,4.729281393624839,clk_core,VALIDATED
320,c_cmd_addr[28]$_DFFE_PN0N_,4.74,0.71,0.010503885822132353,4.729496114177868,clk_core,VALIDATED
321,c_cmd_addr[29]$_DFFE_PN0N_,4.74,0.71,0.010503885822132353,4.729496114177868,clk_core,VALIDATED
323,c_cmd_addr[27]$_DFFE_PN0N_,4.74,0.71,0.010503885822132353,4.729496114177868,clk_core,VALIDATED
333,c_cmd_addr[5]$_DFFE_PN0N_,4.74,0.71,0.010477361007881311,4.729522638992119,clk_core,VALIDATED
332,c_cmd_addr[10]$_DFFE_PN0N_,4.74,0.71,0.010477361007881311,4.729522638992119,clk_core,VALIDATED
336,c_cmd_addr[11]$_DFFE_PN0N_,4.74,0.71,0.010477361007881311,4.729522638992119,clk_core,VALIDATED
325,c_cmd_addr[21]$_DFFE_PN0N_,4.74,0.71,0.010477361007881311,4.729522638992119,clk_core,VALIDATED
328,c_cmd_addr[4]$_DFFE_PN0N_,4.74,0.71,0.010477361007881311,4.729522638992119,clk_core,VALIDATED
326,c_cmd_addr[26]$_DFFE_PN0N_,4.74,0.71,0.010477361007881311,4.729522638992119,clk_core,VALIDATED
335,c_cmd_addr[3]$_DFFE_PN0N_,4.74,0.71,0.010477361007881311,4.729522638992119,clk_core,VALIDATED
334,c_cmd_addr[30]$_DFFE_PN0N_,4.74,0.71,0.010477361007881311,4.729522638992119,clk_core,VALIDATED
344,u_seq_core.state[1]$_DFFE_PN0P_,4.75,0.7,0.010732455571339151,4.739267544428661,clk_core,VALIDATED
342,u_seq_core.state[2]$_DFFE_PN0P_,4.75,0.7,0.010732455571339151,4.739267544428661,clk_core,VALIDATED
345,u_seq_core.state[0]$_DFFE_PN0P_,4.75,0.7,0.010732455571339151,4.739267544428661,clk_core,VALIDATED
359,u_seq_core.addr_q[13]$_DFFE_PN0P_,4.75,0.69,0.010538859642081573,4.7394611403579185,clk_core,VALIDATED
361,u_seq_core.addr_q[24]$_DFFE_PN0P_,4.75,0.69,0.010538859642081573,4.7394611403579185,clk_core,VALIDATED
354,u_seq_core.addr_q[15]$_DFFE_PN0P_,4.75,0.69,0.010538569338651244,4.739461430661349,clk_core,VALIDATED
349,c_cmd_len[18]$_DFFE_PN0N_,4.75,0.71,0.010520798439525893,4.739479201560474,clk_core,VALIDATED
346,c_cmd_len[15]$_DFFE_PN0N_,4.75,0.71,0.010520798439525893,4.739479201560474,clk_core,VALIDATED
348,c_cmd_len[17]$_DFFE_PN0N_,4.75,0.71,0.010520798439525893,4.739479201560474,clk_core,VALIDATED
343,c_cmd_len[24]$_DFFE_PN0N_,4.75,0.71,0.010520798439525893,4.739479201560474,clk_core,VALIDATED
347,c_cmd_len[19]$_DFFE_PN0N_,4.75,0.71,0.010520798439525893,4.739479201560474,clk_core,VALIDATED
360,c_cmd_len[26]$_DFFE_PN0N_,4.75,0.7,0.01041340805179762,4.7395865919482025,clk_core,VALIDATED
352,c_cmd_len[12]$_DFFE_PN0N_,4.75,0.7,0.010372618179814129,4.739627381820186,clk_core,VALIDATED
351,c_cmd_len[13]$_DFFE_PN0N_,4.75,0.7,0.010372618179814129,4.739627381820186,clk_core,VALIDATED
353,c_cmd_len[16]$_DFFE_PN0N_,4.75,0.7,0.010372618179814129,4.739627381820186,clk_core,VALIDATED
350,c_cmd_len[14]$_DFFE_PN0N_,4.75,0.7,0.010372618179814129,4.739627381820186,clk_core,VALIDATED
355,c_cmd_len[23]$_DFFE_PN0N_,4.75,0.7,0.010372618179814129,4.739627381820186,clk_core,VALIDATED
356,c_cmd_len[22]$_DFFE_PN0N_,4.75,0.7,0.010372618179814129,4.739627381820186,clk_core,VALIDATED
357,c_cmd_len[25]$_DFFE_PN0N_,4.75,0.7,0.010372618179814129,4.739627381820186,clk_core,VALIDATED
358,c_cmd_len[20]$_DFFE_PN0N_,4.75,0.7,0.010372618179814129,4.739627381820186,clk_core,VALIDATED
365,u_seq_core.addr_q[0]$_DFFE_PN0P_,4.76,0.69,0.010529536046049323,4.7494704639539504,clk_core,VALIDATED
363,u_seq_core.addr_q[12]$_DFFE_PN0P_,4.76,0.69,0.010529536046049323,4.7494704639539504,clk_core,VALIDATED
362,c_cmd_len[21]$_DFFE_PN0N_,4.76,0.7,0.010381747007903307,4.7496182529920965,clk_core,VALIDATED
371,c_cmd_len[28]$_DFFE_PN0N_,4.76,0.7,0.010381747007903307,4.7496182529920965,clk_core,VALIDATED
364,c_cmd_len[31]$_DFFE_PN0N_,4.76,0.7,0.010381747007903307,4.7496182529920965,clk_core,VALIDATED
369,u_seq_core.addr_q[16]$_DFFE_PN0P_,4.76,0.68,0.010376934074367364,4.749623065925633,clk_core,VALIDATED
370,c_cmd_addr[31]$_DFFE_PN0N_,4.76,0.69,0.01026464507962909,4.749735354920371,clk_core,VALIDATED
366,c_cmd_len[29]$_DFFE_PN0N_,4.76,0.69,0.01026464507962909,4.749735354920371,clk_core,VALIDATED
368,c_cmd_len[27]$_DFFE_PN0N_,4.76,0.69,0.01026464507962909,4.749735354920371,clk_core,VALIDATED
367,c_cmd_addr[20]$_DFFE_PN0N_,4.76,0.69,0.01026464507962909,4.749735354920371,clk_core,VALIDATED
372,c_cmd_len[30]$_DFFE_PN0N_,4.76,0.69,0.01023343633636184,4.749766563663638,clk_core,VALIDATED
373,c_cmd_addr[22]$_DFFE_PN0N_,4.77,0.69,0.01023343633636184,4.7597665636636375,clk_core,VALIDATED
374,c_cmd_len[11]$_DFFE_PN0N_,4.77,0.69,0.01023343633636184,4.7597665636636375,clk_core,VALIDATED
804,u_host_if.repack_q[1]$_DFFE_PN0P_,6.54,3.69,0.05771158923942779,6.482288410760572,clk_host,VALIDATED
808,u_host_if.repack_q[2]$_DFFE_PN0P_,6.54,3.69,0.05771158923942779,6.482288410760572,clk_host,VALIDATED
807,u_host_if.repack_q[5]$_DFFE_PN0P_,6.54,3.69,0.05771158923942779,6.482288410760572,clk_host,VALIDATED
806,u_host_if.repack_q[7]$_DFFE_PN0P_,6.54,3.69,0.05771158923942779,6.482288410760572,clk_host,VALIDATED
812,u_host_if.repack_q[11]$_DFFE_PN0P_,6.54,3.69,0.05767674089154948,6.48232325910845,clk_host,VALIDATED
810,u_host_if.repack_q[8]$_DFFE_PN0P_,6.54,3.69,0.05767674089154948,6.48232325910845,clk_host,VALIDATED
805,u_host_if.repack_q[9]$_DFFE_PN0P_,6.54,3.69,0.057641892543671164,6.482358107456329,clk_host,VALIDATED
802,u_host_if.reg_len[11]$_DFFE_PN0P_,6.54,3.7,0.05753590141482515,6.482464098585175,clk_host,VALIDATED
801,u_host_if.reg_len[9]$_DFFE_PN0P_,6.54,3.7,0.05748235685963596,6.482517643140364,clk_host,VALIDATED
811,u_host_if.repack_q[13]$_DFFE_PN0P_,6.54,3.68,0.057404097571540746,6.482595902428459,clk_host,VALIDATED
803,u_host_if.reg_len[3]$_DFFE_PN0P_,6.54,3.7,0.05681029814422425,6.483189701855776,clk_host,VALIDATED
809,u_host_if.reg_len[0]$_DFFE_PN0P_,6.54,3.7,0.05659204484160554,6.483407955158395,clk_host,VALIDATED
830,u_host_if.repack_q[4]$_DFFE_PN0P_,6.55,3.69,0.05769300452747422,6.492306995472526,clk_host,VALIDATED
815,u_host_if.repack_q[6]$_DFFE_PN0P_,6.55,3.69,0.05763583810327161,6.492364161896728,clk_host,VALIDATED
832,u_host_if.repack_q[15]$_DFFE_PN0P_,6.55,3.68,0.05761220077023324,6.492387799229767,clk_host,VALIDATED
833,u_host_if.repack_q[3]$_DFFE_PN0P_,6.55,3.68,0.05746110907318455,6.492538890926816,clk_host,VALIDATED
816,u_host_if.reg_len[5]$_DFFE_PN0P_,6.55,3.7,0.05742511339972986,6.49257488660027,clk_host,VALIDATED
821,u_host_if.reg_len[27]$_DFFE_PN0P_,6.55,3.7,0.05734999407581362,6.492650005924186,clk_host,VALIDATED
823,u_host_if.reg_len[29]$_DFFE_PN0P_,6.55,3.7,0.05734999407581362,6.492650005924186,clk_host,VALIDATED
822,u_host_if.reg_len[26]$_DFFE_PN0P_,6.55,3.7,0.05734999407581362,6.492650005924186,clk_host,VALIDATED
826,u_host_if.reg_len[14]$_DFFE_PN0P_,6.55,3.69,0.05734718363490285,6.492652816365097,clk_host,VALIDATED
827,u_host_if.reg_len[20]$_DFFE_PN0P_,6.55,3.69,0.057346073894775,6.492653926105225,clk_host,VALIDATED
814,u_host_if.reg_len[7]$_DFFE_PN0P_,6.55,3.7,0.0572929145989918,6.492707085401008,clk_host,VALIDATED
825,u_host_if.reg_len[6]$_DFFE_PN0P_,6.55,3.7,0.05727051620275189,6.492729483797248,clk_host,VALIDATED
829,u_host_if.reg_len[21]$_DFFE_PN0P_,6.55,3.69,0.05726896212504337,6.4927310378749565,clk_host,VALIDATED
828,u_host_if.reg_len[31]$_DFFE_PN0P_,6.55,3.69,0.05726896212504337,6.4927310378749565,clk_host,VALIDATED
820,u_host_if.reg_len[4]$_DFFE_PN0P_,6.55,3.7,0.05725900952932714,6.492740990470673,clk_host,VALIDATED
818,u_host_if.reg_len[8]$_DFFE_PN0P_,6.55,3.7,0.05718050017718854,6.4928194998228115,clk_host,VALIDATED
817,u_host_if.reg_len[2]$_DFFE_PN0P_,6.55,3.7,0.05718050017718854,6.4928194998228115,clk_host,VALIDATED
831,u_host_if.reg_len[13]$_DFFE_PN0P_,6.55,3.69,0.05717671037203126,6.492823289627968,clk_host,VALIDATED
819,u_host_if.reg_len[10]$_DFFE_PN0P_,6.55,3.7,0.057114804288490445,6.4928851957115095,clk_host,VALIDATED
824,u_host_if.reg_len[30]$_DFFE_PN0P_,6.55,3.69,0.056974121663585675,6.4930258783364145,clk_host,VALIDATED
813,u_host_if.reg_len[1]$_DFFE_PN0P_,6.55,3.7,0.056665837013884585,6.493334162986115,clk_host,VALIDATED
837,u_host_if.repack_q[16]$_DFFE_PN0P_,6.56,3.68,0.05753073563819169,6.502469264361808,clk_host,VALIDATED
839,u_host_if.reg_addr[10]$_DFFE_PN0P_,6.56,3.68,0.057504357784348314,6.502495642215651,clk_host,VALIDATED
840,u_host_if.reg_addr[30]$_DFFE_PN0P_,6.56,3.68,0.057504357784348314,6.502495642215651,clk_host,VALIDATED
836,u_host_if.repack_q[10]$_DFFE_PN0P_,6.56,3.68,0.05745518978966735,6.502544810210332,clk_host,VALIDATED
835,u_host_if.repack_q[12]$_DFFE_PN0P_,6.56,3.68,0.05745518978966735,6.502544810210332,clk_host,VALIDATED
838,u_host_if.repack_q[19]$_DFFE_PN0P_,6.56,3.68,0.05745467914637936,6.502545320853621,clk_host,VALIDATED
843,u_host_if.reg_addr[11]$_DFFE_PN0P_,6.56,3.68,0.057426413468042836,6.502573586531957,clk_host,VALIDATED
844,u_host_if.reg_addr[28]$_DFFE_PN0P_,6.56,3.68,0.05736527870675506,6.502634721293244,clk_host,VALIDATED
834,u_host_if.reg_len[28]$_DFFE_PN0P_,6.56,3.7,0.05724040925698479,6.502759590743015,clk_host,VALIDATED
841,u_host_if.reg_addr[26]$_DFFE_PN0P_,6.56,3.68,0.05720621765773387,6.502793782342266,clk_host,VALIDATED
842,u_host_if.reg_addr[27]$_DFFE_PN0P_,6.56,3.68,0.05708881904821045,6.502911180951789,clk_host,VALIDATED
845,u_host_if.reg_addr[29]$_DFFE_PN0P_,6.57,3.68,0.05741752515404297,6.512582474845957,clk_host,VALIDATED
846,u_host_if.reg_addr[9]$_DFFE_PN0P_,6.57,3.67,0.05707976999423037,6.51292023000577,clk_host,VALIDATED
847,u_host_if.reg_addr[4]$_DFFE_PN0P_,6.57,3.68,0.05707031077958663,6.512929689220414,clk_host,VALIDATED
848,u_host_if.reg_addr[3]$_DFFE_PN0P_,6.57,3.68,0.05691077733189265,6.513089222668108,clk_host,VALIDATED
850,u_host_if.reg_addr[5]$_DFFE_PN0P_,6.57,3.67,0.0564354704429747,6.5135645295570255,clk_host,VALIDATED
849,u_host_if.reg_addr[7]$_DFFE_PN0P_,6.57,3.67,0.05625084253756868,6.513749157462431,clk_host,VALIDATED
853,u_host_if.reg_addr[2]$_DFFE_PN0P_,6.58,3.67,0.056189953755033994,6.523810046244966,clk_host,VALIDATED
851,u_host_if.reg_addr[6]$_DFFE_PN0P_,6.58,3.67,0.05615959435510798,6.523840405644892,clk_host,VALIDATED
852,u_host_if.reg_addr[8]$_DFFE_PN0P_,6.58,3.67,0.05615959435510798,6.523840405644892,clk_host,VALIDATED
855,u_host_if.reg_addr[0]$_DFFE_PN0P_,6.58,3.66,0.0558735694027645,6.524126430597236,clk_host,VALIDATED
854,u_host_if.reg_addr[1]$_DFFE_PN0P_,6.58,3.66,0.05574253211009955,6.524257467889901,clk_host,VALIDATED
857,u_host_if.reg_addr[13]$_DFFE_PN0P_,6.59,3.65,0.05546342522160147,6.534536574778398,clk_host,VALIDATED
886,u_host_if.repack_emit$_DFF_PN0_,6.6,3.62,0.05661678944355808,6.543383210556442,clk_host,VALIDATED
872,s_rvalid,6.59,0.41,0.01032989012616159,6.579670109873838,clk_host,VALIDATED
871,s_rdata[14],6.59,0.41,0.010176470404401644,6.579823529595598,clk_host,VALIDATED
876,s_rdata[15],6.59,0.41,0.010176470404401644,6.579823529595598,clk_host,VALIDATED
868,s_rdata[17],6.59,0.41,0.010176470404401644,6.579823529595598,clk_host,VALIDATED
862,s_rdata[20],6.59,0.41,0.010044792223133037,6.579955207776867,clk_host,VALIDATED
856,s_rdata[9],6.59,0.41,0.010044792223133037,6.579955207776867,clk_host,VALIDATED
866,s_rdata[13],6.59,0.41,0.010044792223133037,6.579955207776867,clk_host,VALIDATED
861,s_rdata[12],6.59,0.41,0.010044792223133037,6.579955207776867,clk_host,VALIDATED
864,s_rdata[16],6.59,0.41,0.00991711816724905,6.580082881832751,clk_host,VALIDATED
858,s_rdata[10],6.59,0.41,0.00991711816724905,6.580082881832751,clk_host,VALIDATED
863,s_rdata[11],6.59,0.41,0.00991711816724905,6.580082881832751,clk_host,VALIDATED
860,s_rdata[19],6.59,0.41,0.00991711816724905,6.580082881832751,clk_host,VALIDATED
870,s_rdata[8],6.59,0.41,0.00991711816724905,6.580082881832751,clk_host,VALIDATED
859,s_rdata[18],6.59,0.41,0.00991711816724905,6.580082881832751,clk_host,VALIDATED
873,s_rdata[7],6.59,0.41,0.009852298872713758,6.580147701127286,clk_host,VALIDATED
874,s_rdata[4],6.59,0.41,0.009787479578178465,6.580212520421822,clk_host,VALIDATED
867,s_rdata[6],6.59,0.41,0.009787479578178465,6.580212520421822,clk_host,VALIDATED
869,s_rdata[5],6.59,0.41,0.009787479578178465,6.580212520421822,clk_host,VALIDATED
865,s_rdata[3],6.59,0.41,0.009695866163278416,6.580304133836721,clk_host,VALIDATED
878,s_rdata[2],6.59,0.41,0.009695866163278416,6.580304133836721,clk_host,VALIDATED
875,s_rdata[21],6.59,0.41,0.009695866163278416,6.580304133836721,clk_host,VALIDATED
877,s_rdata[31],6.59,0.41,0.009695866163278416,6.580304133836721,clk_host,VALIDATED
891,s_rdata[22],6.6,0.4,0.009365114195126811,6.590634885804873,clk_host,VALIDATED
890,s_rdata[29],6.6,0.4,0.009365114195126811,6.590634885804873,clk_host,VALIDATED
889,s_rdata[24],6.6,0.4,0.009365114195126811,6.590634885804873,clk_host,VALIDATED
887,s_rdata[28],6.6,0.4,0.009305939376631128,6.590694060623369,clk_host,VALIDATED
888,s_rdata[30],6.6,0.4,0.009305939376631128,6.590694060623369,clk_host,VALIDATED
884,s_rdata[23],6.6,0.4,0.009305939376631128,6.590694060623369,clk_host,VALIDATED
879,s_rdata[0],6.6,0.4,0.009305939376631128,6.590694060623369,clk_host,VALIDATED
880,s_rdata[1],6.6,0.4,0.009305939376631128,6.590694060623369,clk_host,VALIDATED
881,s_rdata[25],6.6,0.4,0.009205855417360465,6.590794144582639,clk_host,VALIDATED
885,s_rdata[27],6.6,0.4,0.009183398474410867,6.590816601525589,clk_host,VALIDATED
883,s_rdata[26],6.6,0.4,0.009183398474410867,6.590816601525589,clk_host,VALIDATED
882,s_bvalid,6.6,0.4,0.006204820829439309,6.59379517917056,clk_host,VALIDATED
937,u_host_if.s_rdata[14]$_DFFE_PN0P_,6.7,3.54,0.10327254645355183,6.596727453546448,clk_host,VALIDATED
940,u_host_if.s_rdata[17]$_DFFE_PN0P_,6.71,3.54,0.10327254645355183,6.606727453546448,clk_host,VALIDATED
938,u_host_if.s_rdata[15]$_DFFE_PN0P_,6.71,3.54,0.10327254645355183,6.606727453546448,clk_host,VALIDATED
943,u_host_if.s_rdata[20]$_DFFE_PN0P_,6.71,3.54,0.10256196602414497,6.607438033975855,clk_host,VALIDATED
942,u_host_if.s_rdata[9]$_DFFE_PN0P_,6.71,3.54,0.10256196602414497,6.607438033975855,clk_host,VALIDATED
941,u_host_if.s_rdata[13]$_DFFE_PN0P_,6.71,3.54,0.10256196602414497,6.607438033975855,clk_host,VALIDATED
939,u_host_if.s_rdata[12]$_DFFE_PN0P_,6.71,3.54,0.10256196602414497,6.607438033975855,clk_host,VALIDATED
944,u_host_if.s_rdata[10]$_DFFE_PN0P_,6.71,3.54,0.10233230842362195,6.607667691576378,clk_host,VALIDATED
945,u_host_if.s_rdata[11]$_DFFE_PN0P_,6.71,3.54,0.10187299322257592,6.6081270067774245,clk_host,VALIDATED
946,u_host_if.s_rdata[8]$_DFFE_PN0P_,6.71,3.54,0.10187299322257592,6.6081270067774245,clk_host,VALIDATED
947,u_host_if.s_rdata[7]$_DFFE_PN0P_,6.71,3.54,0.10140661049360256,6.608593389506398,clk_host,VALIDATED
948,u_host_if.s_rdata[5]$_DFFE_PN0P_,6.71,3.54,0.10117341912911587,6.608826580870884,clk_host,VALIDATED
949,u_host_if.s_rdata[6]$_DFFE_PN0P_,6.71,3.54,0.10117341912911587,6.608826580870884,clk_host,VALIDATED
950,u_host_if.s_rdata[4]$_DFFE_PN0P_,6.71,3.54,0.10084383428282911,6.609156165717171,clk_host,VALIDATED
951,u_host_if.s_rdata[3]$_DFFE_PN0P_,6.71,3.53,0.10039463778663571,6.609605362213364,clk_host,VALIDATED
952,u_host_if.s_rdata[2]$_DFFE_PN0P_,6.71,3.53,0.10039463778663571,6.609605362213364,clk_host,VALIDATED
894,s_arready,6.62,0.38,0.009574044507174181,6.6104259554928255,clk_host,VALIDATED
900,u_host_if.reg_len[16]$_DFFE_PN0P_,6.67,3.57,0.05632652487815992,6.61367347512184,clk_host,VALIDATED
899,u_host_if.reg_len[25]$_DFFE_PN0P_,6.67,3.57,0.05632652487815992,6.61367347512184,clk_host,VALIDATED
901,u_host_if.reg_len[23]$_DFFE_PN0P_,6.67,3.57,0.05632652487815992,6.61367347512184,clk_host,VALIDATED
904,u_host_if.reg_len[18]$_DFFE_PN0P_,6.67,3.57,0.05602952419638618,6.6139704758036135,clk_host,VALIDATED
892,s_awready,6.62,0.38,0.005906424766827234,6.614093575233173,clk_host,VALIDATED
893,s_wready,6.62,0.38,0.005906424766827234,6.614093575233173,clk_host,VALIDATED
902,u_host_if.reg_len[17]$_DFFE_PN0P_,6.67,3.57,0.05589682385743172,6.614103176142568,clk_host,VALIDATED
903,u_host_if.reg_len[24]$_DFFE_PN0P_,6.67,3.57,0.05589682385743172,6.614103176142568,clk_host,VALIDATED
898,u_host_if.reg_len[15]$_DFFE_PN0P_,6.67,3.57,0.05585513369420697,6.614144866305793,clk_host,VALIDATED
897,u_host_if.reg_len[19]$_DFFE_PN0P_,6.67,3.57,0.05585513369420697,6.614144866305793,clk_host,VALIDATED
896,u_host_if.reg_len[12]$_DFFE_PN0P_,6.67,3.57,0.05573305340373064,6.61426694659627,clk_host,VALIDATED
905,u_host_if.repack_q[17]$_DFFE_PN0P_,6.67,3.56,0.05565933869847706,6.614340661301523,clk_host,VALIDATED
895,u_host_if.reg_len[22]$_DFFE_PN0P_,6.67,3.57,0.05552958700597971,6.61447041299402,clk_host,VALIDATED
953,u_host_if.s_rdata[16]$_DFFE_PN0P_,6.72,3.53,0.10158521640556295,6.618414783594437,clk_host,VALIDATED
955,u_host_if.s_rdata[18]$_DFFE_PN0P_,6.72,3.53,0.10158521640556295,6.618414783594437,clk_host,VALIDATED
954,u_host_if.s_rdata[19]$_DFFE_PN0P_,6.72,3.53,0.10158521640556295,6.618414783594437,clk_host,VALIDATED
956,u_host_if.s_rdata[31]$_DFFE_PN0P_,6.72,3.53,0.10039463778663571,6.619605362213364,clk_host,VALIDATED
957,u_host_if.s_rdata[21]$_DFFE_PN0P_,6.72,3.52,0.10011023371358607,6.619889766286414,clk_host,VALIDATED
911,u_host_if.repack_q[25]$_DFFE_PN0P_,6.68,3.57,0.05623471790076051,6.623765282099239,clk_host,VALIDATED
909,u_host_if.repack_q[23]$_DFFE_PN0P_,6.68,3.57,0.056218777843305145,6.623781222156695,clk_host,VALIDATED
908,u_host_if.repack_q[20]$_DFFE_PN0P_,6.68,3.57,0.0561654460689231,6.623834553931077,clk_host,VALIDATED
915,u_host_if.repack_q[31]$_DFFE_PN0P_,6.68,3.57,0.0561654460689231,6.623834553931077,clk_host,VALIDATED
910,u_host_if.repack_q[24]$_DFFE_PN0P_,6.68,3.57,0.0561654460689231,6.623834553931077,clk_host,VALIDATED
913,u_host_if.repack_q[21]$_DFFE_PN0P_,6.68,3.57,0.05608621755987364,6.623913782440126,clk_host,VALIDATED
917,u_host_if.repack_q[22]$_DFFE_PN0P_,6.68,3.56,0.05578024853222224,6.624219751467778,clk_host,VALIDATED
918,u_host_if.repack_q[29]$_DFFE_PN0P_,6.68,3.56,0.05568729665811295,6.624312703341887,clk_host,VALIDATED
919,u_host_if.repack_q[18]$_DFFE_PN0P_,6.68,3.56,0.05568729665811295,6.624312703341887,clk_host,VALIDATED
921,u_host_if.repack_q[14]$_DFFE_PN0P_,6.68,3.56,0.05568729665811295,6.624312703341887,clk_host,VALIDATED
925,u_host_if.repack_q[27]$_DFFE_PN0P_,6.68,3.56,0.05568729665811295,6.624312703341887,clk_host,VALIDATED
906,u_host_if.repack_q[28]$_DFFE_PN0P_,6.68,3.56,0.055642802551015114,6.624357197448985,clk_host,VALIDATED
907,u_host_if.repack_q[26]$_DFFE_PN0P_,6.68,3.56,0.055642802551015114,6.624357197448985,clk_host,VALIDATED
914,u_host_if.repack_q[30]$_DFFE_PN0P_,6.68,3.56,0.055642802551015114,6.624357197448985,clk_host,VALIDATED
916,u_host_if.repack_q[0]$_DFFE_PN0P_,6.68,3.56,0.055642472681778576,6.624357527318221,clk_host,VALIDATED
912,u_host_if.reg_addr[23]$_DFFE_PN0P_,6.68,3.56,0.05549266129986363,6.624507338700136,clk_host,VALIDATED
920,u_host_if.reg_addr[20]$_DFFE_PN0P_,6.68,3.56,0.055491322995373404,6.624508677004626,clk_host,VALIDATED
922,u_host_if.reg_addr[21]$_DFFE_PN0P_,6.68,3.56,0.055305335258080235,6.624694664741919,clk_host,VALIDATED
923,u_host_if.reg_addr[31]$_DFFE_PN0P_,6.68,3.56,0.055305335258080235,6.624694664741919,clk_host,VALIDATED
927,u_host_if.reg_addr[22]$_DFFE_PN0P_,6.68,3.56,0.055287077012660724,6.624712922987339,clk_host,VALIDATED
924,u_host_if.reg_addr[14]$_DFFE_PN0P_,6.68,3.56,0.05519565176287555,6.624804348237124,clk_host,VALIDATED
926,u_host_if.reg_addr[19]$_DFFE_PN0P_,6.68,3.56,0.05498110399084055,6.625018896009159,clk_host,VALIDATED
930,u_host_if.reg_addr[17]$_DFFE_PN0P_,6.69,3.54,0.05541497735836187,6.634585022641638,clk_host,VALIDATED
931,u_host_if.reg_addr[15]$_DFFE_PN0P_,6.69,3.54,0.05541497735836187,6.634585022641638,clk_host,VALIDATED
929,u_host_if.reg_chmask[0]$_DFFE_PN0P_,6.69,3.54,0.055356372415140465,6.63464362758486,clk_host,VALIDATED
928,u_host_if.reg_chmask[1]$_DFFE_PN0P_,6.69,3.54,0.055356372415140465,6.63464362758486,clk_host,VALIDATED
932,u_host_if.reg_addr[12]$_DFFE_PN0P_,6.7,3.54,0.055483530590637375,6.644516469409362,clk_host,VALIDATED
934,u_host_if.reg_addr[16]$_DFFE_PN0P_,6.7,3.54,0.05547641297390815,6.644523587026092,clk_host,VALIDATED
933,u_host_if.reg_addr[25]$_DFFE_PN0P_,6.7,3.54,0.05547641297390815,6.644523587026092,clk_host,VALIDATED
936,u_host_if.reg_addr[24]$_DFFE_PN0P_,6.7,3.54,0.05546929535717893,6.644530704642821,clk_host,VALIDATED
935,u_host_if.reg_addr[18]$_DFFE_PN0P_,6.7,3.54,0.05546929535717893,6.644530704642821,clk_host,VALIDATED
958,u_host_if.reg_chan$_DFFE_PN0P_,6.74,3.49,0.05445203024608053,6.6855479697539195,clk_host,VALIDATED
959,u_host_if.reg_opcode[1]$_DFFE_PN0P_,6.74,3.49,0.05410013434174954,6.685899865658251,clk_host,VALIDATED
960,u_host_if.done_sticky$_DFF_PN0_,6.74,3.5,0.05297328240274202,6.687026717597258,clk_host,VALIDATED
962,u_host_if.reg_opcode[4]$_DFFE_PN0P_,6.75,3.5,0.053748959958714426,6.696251040041286,clk_host,VALIDATED
961,u_host_if.reg_opcode[0]$_DFFE_PN0P_,6.75,3.49,0.0536269059958413,6.696373094004159,clk_host,VALIDATED
963,u_host_if.reg_opcode[6]$_DFFE_PN0P_,6.75,3.5,0.05357491756171029,6.69642508243829,clk_host,VALIDATED
967,u_host_if.reg_opcode[2]$_DFFE_PN0P_,6.75,3.49,0.05345648543389303,6.696543514566107,clk_host,VALIDATED
966,u_host_if.reg_opcode[5]$_DFFE_PN0P_,6.75,3.49,0.05345648543389303,6.696543514566107,clk_host,VALIDATED
964,u_host_if.reg_opcode[3]$_DFFE_PN0P_,6.75,3.49,0.05342184636867697,6.696578153631323,clk_host,VALIDATED
965,u_host_if.reg_opcode[7]$_DFFE_PN0P_,6.75,3.49,0.0533998958007183,6.696600104199281,clk_host,VALIDATED
968,u_host_if.reg_ecc_en$_DFFE_PN0P_,6.79,3.44,0.05378124151275149,6.736218758487248,clk_host,VALIDATED
971,u_host_if.s_rdata[29]$_DFFE_PN0P_,6.84,3.4,0.09511911390266314,6.744880886097337,clk_host,VALIDATED
970,u_host_if.s_rdata[24]$_DFFE_PN0P_,6.84,3.4,0.09511911390266314,6.744880886097337,clk_host,VALIDATED
972,u_host_if.s_rdata[22]$_DFFE_PN0P_,6.84,3.4,0.09511911390266314,6.744880886097337,clk_host,VALIDATED
973,u_host_if.s_rdata[1]$_DFFE_PN0P_,6.85,3.39,0.09449741549380108,6.755502584506199,clk_host,VALIDATED
974,u_host_if.s_rdata[0]$_DFFE_PN0P_,6.85,3.39,0.09449741549380108,6.755502584506199,clk_host,VALIDATED
975,u_host_if.s_rdata[28]$_DFFE_PN0P_,6.85,3.39,0.09449741549380108,6.755502584506199,clk_host,VALIDATED
979,u_host_if.s_rdata[23]$_DFFE_PN0P_,6.85,3.39,0.09449741549380108,6.755502584506199,clk_host,VALIDATED
980,u_host_if.s_rdata[30]$_DFFE_PN0P_,6.85,3.39,0.09449741549380108,6.755502584506199,clk_host,VALIDATED
977,u_host_if.s_rdata[25]$_DFFE_PN0P_,6.85,3.39,0.09422321523644983,6.75577678476355,clk_host,VALIDATED
978,u_host_if.s_rdata[26]$_DFFE_PN0P_,6.85,3.39,0.0940253545182026,6.755974645481797,clk_host,VALIDATED
976,u_host_if.s_rdata[27]$_DFFE_PN0P_,6.85,3.39,0.0940253545182026,6.755974645481797,clk_host,VALIDATED
981,u_host_if.rpop_loaded$_DFFE_PN0P_,6.86,3.37,0.09335993914805835,6.766640060851942,clk_host,VALIDATED
969,u_host_if.start_pulse$_DFF_PN0_,6.83,3.42,0.05358898026032566,6.776411019739674,clk_host,VALIDATED
982,u_host_if.s_rvalid$_DFFE_PN0P_,6.98,3.26,0.08993029812798381,6.890069701872017,clk_host,VALIDATED
983,u_host_if.awaddr_q[4]$_DFFE_PN0P_,7.04,3.19,0.04987973628292275,6.990120263717078,clk_host,VALIDATED
985,u_host_if.awaddr_q[3]$_DFFE_PN0P_,7.04,3.19,0.04987973628292275,6.990120263717078,clk_host,VALIDATED
984,u_host_if.awaddr_q[2]$_DFFE_PN0P_,7.04,3.19,0.04987973628292275,6.990120263717078,clk_host,VALIDATED
986,u_host_if.awaddr_q[5]$_DFFE_PN0P_,7.08,3.16,0.04941064785393018,7.03058935214607,clk_host,VALIDATED
988,u_host_if.awaddr_q[7]$_DFFE_PN0P_,7.08,3.16,0.04941064785393018,7.03058935214607,clk_host,VALIDATED
990,u_host_if.awaddr_q[1]$_DFFE_PN0P_,7.08,3.16,0.04941064785393018,7.03058935214607,clk_host,VALIDATED
989,u_host_if.awaddr_q[0]$_DFFE_PN0P_,7.08,3.16,0.04941064785393018,7.03058935214607,clk_host,VALIDATED
987,u_host_if.awaddr_q[6]$_DFFE_PN0P_,7.08,3.16,0.04941064785393018,7.03058935214607,clk_host,VALIDATED
991,u_host_if.s_bvalid$_DFFE_PN0P_,7.17,3.06,0.04798905019011501,7.122010949809885,clk_host,VALIDATED
992,u_host_if.rpop_q[24]$_DFFE_PN0P_,9.1,1.13,0.02968092294202894,9.07031907705797,clk_host,VALIDATED
997,u_host_if.rpop_q[17]$_DFFE_PN0P_,9.11,1.13,0.03094550983103457,9.079054490168964,clk_host,VALIDATED
996,u_host_if.rpop_q[12]$_DFFE_PN0P_,9.11,1.13,0.03085110034428927,9.07914889965571,clk_host,VALIDATED
993,u_host_if.rpop_q[13]$_DFFE_PN0P_,9.11,1.13,0.030573283035301393,9.079426716964697,clk_host,VALIDATED
998,u_host_if.rpop_q[11]$_DFFE_PN0P_,9.11,1.13,0.030363753665735085,9.079636246334264,clk_host,VALIDATED
994,u_host_if.rpop_q[8]$_DFFE_PN0P_,9.11,1.13,0.030200007945047277,9.079799992054951,clk_host,VALIDATED
995,u_host_if.rpop_q[6]$_DFFE_PN0P_,9.11,1.13,0.030120613359426854,9.079879386640572,clk_host,VALIDATED
1035,u_host_if.rpop_q[1]$_DFFE_PN0P_,9.18,1.06,0.027461528703402058,9.152538471296598,clk_host,VALIDATED
1037,u_host_if.rpop_q[3]$_DFFE_PN0P_,9.18,1.06,0.027395976732039293,9.15260402326796,clk_host,VALIDATED
1030,u_host_if.rpop_q[2]$_DFFE_PN0P_,9.18,1.06,0.027347936600674416,9.152652063399325,clk_host,VALIDATED
1034,u_host_if.rpop_q[0]$_DFFE_PN0P_,9.18,1.06,0.02731466454724009,9.152685335452759,clk_host,VALIDATED
1001,u_cdc_cmd.mem[10][37]$_DFFE_PP_,9.17,1.08,0.016009305593577744,9.153990694406422,clk_host,VALIDATED
1000,u_cdc_cmd.mem[10][38]$_DFFE_PP_,9.17,1.08,0.01590363033427157,9.154096369665728,clk_host,VALIDATED
1009,u_cdc_cmd.mem[7][57]$_DFFE_PP_,9.17,1.07,0.01590030428366912,9.154099695716331,clk_host,VALIDATED
1013,u_cdc_cmd.mem[7][53]$_DFFE_PP_,9.17,1.07,0.015890774572288976,9.15410922542771,clk_host,VALIDATED
1002,u_cdc_cmd.mem[10][35]$_DFFE_PP_,9.17,1.08,0.01587941294825855,9.154120587051741,clk_host,VALIDATED
1019,u_cdc_cmd.mem[10][30]$_DFFE_PP_,9.17,1.08,0.015844332645884668,9.154155667354114,clk_host,VALIDATED
1020,u_cdc_cmd.mem[7][64]$_DFFE_PP_,9.17,1.07,0.015840800787641607,9.154159199212359,clk_host,VALIDATED
1021,u_cdc_cmd.mem[7][59]$_DFFE_PP_,9.17,1.07,0.015838120119057844,9.154161879880942,clk_host,VALIDATED
999,u_cdc_cmd.mem[10][36]$_DFFE_PP_,9.17,1.07,0.015831471717967255,9.154168528282034,clk_host,VALIDATED
1016,u_cdc_cmd.mem[7][58]$_DFFE_PP_,9.17,1.07,0.01583043205620234,9.154169567943798,clk_host,VALIDATED
1011,u_cdc_cmd.mem[7][65]$_DFFE_PP_,9.17,1.07,0.01582488634950073,9.1541751136505,clk_host,VALIDATED
1017,u_cdc_cmd.mem[10][40]$_DFFE_PP_,9.17,1.08,0.01582162818359016,9.15417837181641,clk_host,VALIDATED
1008,u_cdc_cmd.mem[7][34]$_DFFE_PP_,9.17,1.07,0.01581232465441293,9.154187675345588,clk_host,VALIDATED
1005,u_cdc_cmd.mem[7][33]$_DFFE_PP_,9.17,1.07,0.015789328289600058,9.1542106717104,clk_host,VALIDATED
1007,u_cdc_cmd.mem[7][60]$_DFFE_PP_,9.17,1.07,0.015785765315840236,9.15421423468416,clk_host,VALIDATED
1003,u_cdc_cmd.mem[10][52]$_DFFE_PP_,9.17,1.07,0.015782840455514216,9.154217159544485,clk_host,VALIDATED
1004,u_cdc_cmd.mem[10][69]$_DFFE_PP_,9.17,1.07,0.01574651687374433,9.154253483126256,clk_host,VALIDATED
1006,u_cdc_cmd.mem[10][72]$_DFFE_PP_,9.17,1.07,0.01573351237258004,9.15426648762742,clk_host,VALIDATED
1014,u_cdc_cmd.mem[7][66]$_DFFE_PP_,9.17,1.06,0.015714700970003978,9.154285299029995,clk_host,VALIDATED
1012,u_cdc_cmd.mem[7][63]$_DFFE_PP_,9.17,1.06,0.01571311220275301,9.154286887797246,clk_host,VALIDATED
1010,u_cdc_cmd.mem[7][56]$_DFFE_PP_,9.17,1.07,0.01570983141487617,9.154290168585124,clk_host,VALIDATED
1015,u_cdc_cmd.mem[10][29]$_DFFE_PP_,9.17,1.07,0.015700314024486794,9.154299685975513,clk_host,VALIDATED
1023,u_cdc_cmd.mem[10][31]$_DFFE_PP_,9.17,1.07,0.015691514484846902,9.154308485515154,clk_host,VALIDATED
1018,u_cdc_cmd.mem[10][71]$_DFFE_PP_,9.17,1.07,0.015581015729607128,9.154418984270393,clk_host,VALIDATED
1022,u_cdc_cmd.mem[10][23]$_DFFE_PP_,9.17,1.07,0.01553937665653711,9.154460623343462,clk_host,VALIDATED
1024,u_cdc_cmd.mem[10][41]$_DFFE_PP_,9.17,1.07,0.01552900676803505,9.154470993231964,clk_host,VALIDATED
1042,u_host_if.rpop_q[26]$_DFFE_PN0P_,9.19,1.05,0.027381837023586014,9.162618162976413,clk_host,VALIDATED
1025,u_cdc_cmd.mem[10][67]$_DFFE_PP_,9.18,1.08,0.015885822318771753,9.164114177681228,clk_host,VALIDATED
1026,u_cdc_cmd.mem[7][61]$_DFFE_PP_,9.18,1.07,0.01584397778018727,9.164156022219812,clk_host,VALIDATED
1027,u_cdc_cmd.mem[7][62]$_DFFE_PP_,9.18,1.07,0.01584397778018727,9.164156022219812,clk_host,VALIDATED
1028,u_cdc_cmd.mem[10][70]$_DFFE_PP_,9.18,1.08,0.01582162818359016,9.16417837181641,clk_host,VALIDATED
1029,u_cdc_cmd.mem[7][72]$_DFFE_PP_,9.18,1.07,0.015796641220093458,9.164203358779906,clk_host,VALIDATED
1036,u_cdc_cmd.mem[10][45]$_DFFE_PP_,9.18,1.07,0.015706332465361836,9.164293667534638,clk_host,VALIDATED
1031,u_cdc_cmd.mem[10][68]$_DFFE_PP_,9.18,1.07,0.015661302263129465,9.16433869773687,clk_host,VALIDATED
1033,u_cdc_cmd.mem[10][51]$_DFFE_PP_,9.18,1.07,0.015661302263129465,9.16433869773687,clk_host,VALIDATED
1032,u_cdc_cmd.mem[10][28]$_DFFE_PP_,9.18,1.07,0.015625612002108547,9.164374387997892,clk_host,VALIDATED
1038,u_cdc_cmd.mem[10][47]$_DFFE_PP_,9.18,1.07,0.015620742971079377,9.164379257028921,clk_host,VALIDATED
1040,u_cdc_cmd.mem[6][63]$_DFFE_PP_,9.18,1.05,0.015612403901489338,9.16438759609851,clk_host,VALIDATED
1039,u_cdc_cmd.mem[6][66]$_DFFE_PP_,9.18,1.05,0.015564373245124316,9.164435626754875,clk_host,VALIDATED
1053,u_cdc_cmd.mem[6][57]$_DFFE_PP_,9.19,1.05,0.01571081355547245,9.174289186444527,clk_host,VALIDATED
1041,u_cdc_cmd.mem[6][62]$_DFFE_PP_,9.19,1.05,0.01561452000240214,9.174385479997598,clk_host,VALIDATED
1044,u_cdc_cmd.mem[6][53]$_DFFE_PP_,9.19,1.05,0.01559167491957178,9.174408325080428,clk_host,VALIDATED
1043,u_cdc_cmd.mem[6][61]$_DFFE_PP_,9.19,1.05,0.015580136418133314,9.174419863581866,clk_host,VALIDATED
1050,u_cdc_cmd.mem[6][65]$_DFFE_PP_,9.19,1.05,0.015540717874292495,9.174459282125706,clk_host,VALIDATED
1052,u_cdc_cmd.mem[6][64]$_DFFE_PP_,9.19,1.05,0.015540004661728127,9.174459995338271,clk_host,VALIDATED
1051,u_cdc_cmd.mem[6][59]$_DFFE_PP_,9.19,1.05,0.01553246030098207,9.174467539699018,clk_host,VALIDATED
1054,u_cdc_cmd.mem[6][58]$_DFFE_PP_,9.19,1.05,0.015524915940236014,9.174475084059763,clk_host,VALIDATED
1045,u_cdc_cmd.mem[6][72]$_DFFE_PP_,9.19,1.05,0.015499301069286445,9.174500698930713,clk_host,VALIDATED
1046,u_cdc_cmd.mem[6][33]$_DFFE_PP_,9.19,1.05,0.015492124829082618,9.174507875170917,clk_host,VALIDATED
1048,u_cdc_cmd.mem[6][34]$_DFFE_PP_,9.19,1.05,0.015492124829082618,9.174507875170917,clk_host,VALIDATED
1049,u_cdc_cmd.mem[6][60]$_DFFE_PP_,9.19,1.05,0.015488628452963185,9.174511371547036,clk_host,VALIDATED
1047,u_cdc_cmd.mem[6][56]$_DFFE_PP_,9.19,1.05,0.015443436858657678,9.174556563141342,clk_host,VALIDATED
1069,u_host_if.rpop_q[22]$_DFFE_PN0P_,9.21,1.02,0.026908651096079234,9.183091348903922,clk_host,VALIDATED
1068,u_host_if.rpop_q[27]$_DFFE_PN0P_,9.21,1.02,0.026566643609086907,9.183433356390914,clk_host,VALIDATED
1055,u_cdc_cmd.mem[9][67]$_DFFE_PP_,9.2,1.04,0.015194781342913577,9.184805218657086,clk_host,VALIDATED
1061,u_cdc_cmd.mem[9][31]$_DFFE_PP_,9.2,1.04,0.015166830135157766,9.184833169864842,clk_host,VALIDATED
1056,u_cdc_cmd.mem[9][29]$_DFFE_PP_,9.2,1.04,0.015144139249560179,9.184855860750439,clk_host,VALIDATED
1059,u_cdc_cmd.mem[9][71]$_DFFE_PP_,9.2,1.04,0.01503392041777088,9.184966079582228,clk_host,VALIDATED
1057,u_cdc_cmd.mem[9][28]$_DFFE_PP_,9.2,1.04,0.014999239350154847,9.185000760649844,clk_host,VALIDATED
1060,u_cdc_cmd.mem[9][25]$_DFFE_PP_,9.2,1.04,0.014999239350154847,9.185000760649844,clk_host,VALIDATED
1058,u_cdc_cmd.mem[9][41]$_DFFE_PP_,9.2,1.04,0.014993624070518366,9.18500637592948,clk_host,VALIDATED
1070,u_host_if.rpop_q[20]$_DFFE_PN0P_,9.22,1.02,0.029674131718134336,9.190325868281866,clk_host,VALIDATED
1071,u_host_if.rpop_q[29]$_DFFE_PN0P_,9.22,1.02,0.02650561818227777,9.193494381817723,clk_host,VALIDATED
1066,u_cdc_cmd.mem[9][69]$_DFFE_PP_,9.21,1.04,0.015153892617109033,9.194846107382892,clk_host,VALIDATED
1064,u_cdc_cmd.mem[9][40]$_DFFE_PP_,9.21,1.04,0.015153892617109033,9.194846107382892,clk_host,VALIDATED
1063,u_cdc_cmd.mem[9][30]$_DFFE_PP_,9.21,1.04,0.015147261107322424,9.194852738892678,clk_host,VALIDATED
1067,u_cdc_cmd.mem[9][70]$_DFFE_PP_,9.21,1.04,0.015125397551038824,9.194874602448962,clk_host,VALIDATED
1065,u_cdc_cmd.mem[9][68]$_DFFE_PP_,9.21,1.04,0.015111955926988857,9.194888044073013,clk_host,VALIDATED
1062,u_cdc_cmd.mem[9][23]$_DFFE_PP_,9.21,1.04,0.01503392041777088,9.19496607958223,clk_host,VALIDATED
1074,u_host_if.rpop_q[15]$_DFFE_PN0P_,9.23,1.02,0.03010698698553528,9.199893013014465,clk_host,VALIDATED
1072,u_host_if.rpop_q[9]$_DFFE_PN0P_,9.23,1.02,0.02961948490885792,9.200380515091142,clk_host,VALIDATED
1076,u_host_if.rpop_q[16]$_DFFE_PN0P_,9.23,1.01,0.029266189830016012,9.200733810169984,clk_host,VALIDATED
1073,u_host_if.rpop_q[18]$_DFFE_PN0P_,9.23,1.02,0.029012710932231747,9.200987289067768,clk_host,VALIDATED
1078,u_host_if.rpop_q[19]$_DFFE_PN0P_,9.23,1.01,0.02888231343505851,9.201117686564942,clk_host,VALIDATED
1075,u_host_if.rpop_q[10]$_DFFE_PN0P_,9.23,1.01,0.028438314213118307,9.201561685786881,clk_host,VALIDATED
1084,u_host_if.rpop_q[14]$_DFFE_PN0P_,9.24,1.01,0.028511319225103623,9.211488680774897,clk_host,VALIDATED
1086,u_host_if.rpop_q[7]$_DFFE_PN0P_,9.24,1.0,0.027862434237008127,9.212137565762992,clk_host,VALIDATED
1081,u_cdc_cmd.mem[3][30]$_DFFE_PP_,9.23,1.01,0.014896231792936726,9.215103768207063,clk_host,VALIDATED
1077,u_cdc_cmd.mem[3][40]$_DFFE_PP_,9.23,1.01,0.014896231792936726,9.215103768207063,clk_host,VALIDATED
1082,u_cdc_cmd.mem[3][68]$_DFFE_PP_,9.23,1.01,0.01486261986399777,9.215137380136003,clk_host,VALIDATED
1083,u_cdc_cmd.mem[3][70]$_DFFE_PP_,9.23,1.01,0.014856834093430873,9.21514316590657,clk_host,VALIDATED
1080,u_cdc_cmd.mem[3][67]$_DFFE_PP_,9.23,1.01,0.014849889091156074,9.215150110908844,clk_host,VALIDATED
1079,u_cdc_cmd.mem[3][44]$_DFFE_PP_,9.23,1.01,0.01467771520043852,9.215322284799562,clk_host,VALIDATED
1093,u_cdc_cmd.mem[3][52]$_DFFE_PP_,9.24,1.01,0.014877339638608003,9.225122660361393,clk_host,VALIDATED
1091,u_cdc_cmd.mem[3][51]$_DFFE_PP_,9.24,1.01,0.014871361904591318,9.22512863809541,clk_host,VALIDATED
1095,u_cdc_cmd.mem[3][46]$_DFFE_PP_,9.24,1.01,0.014837757594135734,9.225162242405865,clk_host,VALIDATED
1092,u_cdc_cmd.mem[3][45]$_DFFE_PP_,9.24,1.01,0.014835138782135632,9.225164861217864,clk_host,VALIDATED
1094,u_cdc_cmd.mem[3][48]$_DFFE_PP_,9.24,1.01,0.01483439867211915,9.22516560132788,clk_host,VALIDATED
1085,u_cdc_cmd.mem[3][69]$_DFFE_PP_,9.24,1.01,0.014833360615877506,9.225166639384122,clk_host,VALIDATED
1088,u_cdc_cmd.mem[3][49]$_DFFE_PP_,9.24,1.01,0.014788358312279051,9.225211641687721,clk_host,VALIDATED
1096,u_cdc_cmd.mem[3][47]$_DFFE_PP_,9.24,1.01,0.014779997177924858,9.225220002822075,clk_host,VALIDATED
1090,u_cdc_cmd.mem[3][43]$_DFFE_PP_,9.24,1.01,0.014754202815588993,9.225245797184412,clk_host,VALIDATED
1087,u_cdc_cmd.mem[3][50]$_DFFE_PP_,9.24,1.0,0.014745510451526472,9.225254489548474,clk_host,VALIDATED
1089,u_cdc_cmd.mem[3][41]$_DFFE_PP_,9.24,1.01,0.014744219803313266,9.225255780196687,clk_host,VALIDATED
1097,u_cdc_cmd.mem[3][37]$_DFFE_PP_,9.25,1.0,0.014833800397006353,9.235166199602993,clk_host,VALIDATED
1104,u_cdc_cmd.mem[3][38]$_DFFE_PP_,9.25,1.0,0.014827780950767033,9.235172219049232,clk_host,VALIDATED
1101,u_cdc_cmd.mem[3][35]$_DFFE_PP_,9.25,1.0,0.014735024474591574,9.235264975525409,clk_host,VALIDATED
1100,u_cdc_cmd.mem[3][13]$_DFFE_PP_,9.25,1.0,0.014697810883282952,9.235302189116718,clk_host,VALIDATED
1098,u_cdc_cmd.mem[3][39]$_DFFE_PP_,9.25,0.99,0.01469375684375536,9.235306243156245,clk_host,VALIDATED
1107,u_cdc_cmd.mem[2][70]$_DFFE_PP_,9.25,0.99,0.014672458933191038,9.235327541066809,clk_host,VALIDATED
1103,u_cdc_cmd.mem[3][36]$_DFFE_PP_,9.25,0.99,0.014671477665399807,9.2353285223346,clk_host,VALIDATED
1099,u_cdc_cmd.mem[3][14]$_DFFE_PP_,9.25,1.0,0.014671415203080768,9.23532858479692,clk_host,VALIDATED
1109,u_cdc_cmd.mem[2][40]$_DFFE_PP_,9.25,0.99,0.014627894388505008,9.235372105611495,clk_host,VALIDATED
1106,u_cdc_cmd.mem[3][12]$_DFFE_PP_,9.25,0.99,0.014610730727805513,9.235389269272195,clk_host,VALIDATED
1102,u_cdc_cmd.mem[3][3]$_DFFE_PP_,9.25,1.0,0.01458704101346478,9.235412958986535,clk_host,VALIDATED
1108,u_cdc_cmd.mem[2][67]$_DFFE_PP_,9.25,0.99,0.01458587310272598,9.235414126897274,clk_host,VALIDATED
1105,u_cdc_cmd.mem[3][18]$_DFFE_PP_,9.25,0.99,0.014550832774450198,9.23544916722555,clk_host,VALIDATED
1115,u_cdc_cmd.mem[2][37]$_DFFE_PP_,9.26,0.99,0.014715503614332145,9.245284496385668,clk_host,VALIDATED
1119,u_cdc_cmd.mem[2][38]$_DFFE_PP_,9.26,0.99,0.014709544362555213,9.245290455637445,clk_host,VALIDATED
1112,u_cdc_cmd.mem[2][30]$_DFFE_PP_,9.26,0.99,0.014631298127243633,9.245368701872756,clk_host,VALIDATED
1113,u_cdc_cmd.mem[2][35]$_DFFE_PP_,9.26,0.99,0.01461771545114153,9.245382284548858,clk_host,VALIDATED
1137,u_cdc_cmd.mem[2][52]$_DFFE_PP_,9.26,0.99,0.014612780074980833,9.24538721992502,clk_host,VALIDATED
1111,u_cdc_cmd.mem[2][68]$_DFFE_PP_,9.26,0.99,0.014598351781055965,9.245401648218945,clk_host,VALIDATED
1140,u_cdc_cmd.mem[2][51]$_DFFE_PP_,9.26,0.99,0.014587975574787193,9.245412024425212,clk_host,VALIDATED
1127,u_cdc_cmd.mem[2][48]$_DFFE_PP_,9.26,0.99,0.014577407963431988,9.245422592036569,clk_host,VALIDATED
1143,u_cdc_cmd.mem[2][39]$_DFFE_PP_,9.26,0.98,0.014575072832070823,9.245424927167928,clk_host,VALIDATED
1133,u_cdc_cmd.mem[2][46]$_DFFE_PP_,9.26,0.99,0.014573981833369401,9.245426018166631,clk_host,VALIDATED
1135,u_cdc_cmd.mem[2][45]$_DFFE_PP_,9.26,0.99,0.014571414879032685,9.245428585120967,clk_host,VALIDATED
1128,u_cdc_cmd.mem[10][39]$_DFFE_PP_,9.26,0.98,0.014549660161790323,9.245450339838209,clk_host,VALIDATED
1121,u_cdc_cmd.mem[2][36]$_DFFE_PP_,9.26,0.98,0.014534903475501168,9.245465096524498,clk_host,VALIDATED
1110,u_cdc_cmd.mem[2][49]$_DFFE_PP_,9.26,0.99,0.01452556075511384,9.245474439244886,clk_host,VALIDATED
1129,u_cdc_cmd.mem[2][47]$_DFFE_PP_,9.26,0.99,0.014517365187776576,9.245482634812223,clk_host,VALIDATED
1118,u_cdc_cmd.mem[2][43]$_DFFE_PP_,9.26,0.99,0.01449208160489289,9.245507918395107,clk_host,VALIDATED
1114,u_cdc_cmd.mem[2][44]$_DFFE_PP_,9.26,0.99,0.014482296276028553,9.245517703723971,clk_host,VALIDATED
1117,u_cdc_cmd.mem[2][41]$_DFFE_PP_,9.26,0.99,0.014482296276028553,9.245517703723971,clk_host,VALIDATED
1116,u_cdc_cmd.mem[2][50]$_DFFE_PP_,9.26,0.98,0.014480338017112043,9.245519661982888,clk_host,VALIDATED
1144,u_cdc_cmd.mem[10][13]$_DFFE_PP_,9.26,0.98,0.014461602160025344,9.245538397839974,clk_host,VALIDATED
1138,u_cdc_cmd.mem[10][50]$_DFFE_PP_,9.26,0.98,0.014448158574334485,9.245551841425666,clk_host,VALIDATED
1122,u_cdc_cmd.mem[11][36]$_DFFE_PP_,9.26,0.98,0.01441539226885169,9.245584607731148,clk_host,VALIDATED
1124,u_cdc_cmd.mem[11][37]$_DFFE_PP_,9.26,0.98,0.01441539226885169,9.245584607731148,clk_host,VALIDATED
1125,u_cdc_cmd.mem[11][52]$_DFFE_PP_,9.26,0.98,0.0143852520374812,9.245614747962518,clk_host,VALIDATED
1142,u_cdc_cmd.mem[10][12]$_DFFE_PP_,9.26,0.98,0.01438270246578538,9.245617297534215,clk_host,VALIDATED
1139,u_cdc_cmd.mem[11][38]$_DFFE_PP_,9.26,0.98,0.014346611637336151,9.245653388362664,clk_host,VALIDATED
1130,u_cdc_cmd.mem[11][35]$_DFFE_PP_,9.26,0.98,0.01433702759860693,9.245662972401393,clk_host,VALIDATED
1141,u_cdc_cmd.mem[11][72]$_DFFE_PP_,9.26,0.98,0.014325672494571826,9.245674327505428,clk_host,VALIDATED
1132,u_cdc_cmd.mem[11][54]$_DFFE_PP_,9.26,0.98,0.014311244521111974,9.245688755478888,clk_host,VALIDATED
1145,u_cdc_cmd.mem[11][31]$_DFFE_PP_,9.26,0.98,0.014311244521111974,9.245688755478888,clk_host,VALIDATED
1146,u_cdc_cmd.mem[11][29]$_DFFE_PP_,9.26,0.98,0.014295266530897632,9.245704733469102,clk_host,VALIDATED
1126,u_cdc_cmd.mem[10][19]$_DFFE_PP_,9.26,0.98,0.01427181434178025,9.24572818565822,clk_host,VALIDATED
1123,u_cdc_cmd.mem[10][20]$_DFFE_PP_,9.26,0.98,0.01427181434178025,9.24572818565822,clk_host,VALIDATED
1134,u_cdc_cmd.mem[10][16]$_DFFE_PP_,9.26,0.98,0.014191234092728933,9.24580876590727,clk_host,VALIDATED
1131,u_cdc_cmd.mem[11][28]$_DFFE_PP_,9.26,0.98,0.01415550818366157,9.245844491816339,clk_host,VALIDATED
1136,u_cdc_cmd.mem[11][23]$_DFFE_PP_,9.26,0.98,0.014147865950906321,9.245852134049093,clk_host,VALIDATED
1120,u_cdc_cmd.mem[11][41]$_DFFE_PP_,9.26,0.98,0.014138368296016585,9.245861631703983,clk_host,VALIDATED
1155,u_cdc_cmd.mem[2][12]$_DFFE_PP_,9.27,0.98,0.014492885363756841,9.255507114636243,clk_host,VALIDATED
1151,u_cdc_cmd.mem[2][13]$_DFFE_PP_,9.27,0.98,0.0144335924402334,9.255566407559765,clk_host,VALIDATED
1150,u_cdc_cmd.mem[2][18]$_DFFE_PP_,9.27,0.98,0.0144335924402334,9.255566407559765,clk_host,VALIDATED
1148,u_cdc_cmd.mem[2][14]$_DFFE_PP_,9.27,0.98,0.014407724673635255,9.255592275326364,clk_host,VALIDATED
1163,u_cdc_cmd.mem[11][67]$_DFFE_PP_,9.27,0.98,0.014330452512160377,9.25566954748784,clk_host,VALIDATED
1153,u_cdc_cmd.mem[2][3]$_DFFE_PP_,9.27,0.98,0.014325037967811566,9.255674962032188,clk_host,VALIDATED
1170,u_cdc_cmd.mem[11][45]$_DFFE_PP_,9.27,0.98,0.014300778747773857,9.255699221252225,clk_host,VALIDATED
1165,u_cdc_cmd.mem[11][69]$_DFFE_PP_,9.27,0.98,0.01429905339833526,9.255700946601664,clk_host,VALIDATED
1152,u_cdc_cmd.mem[10][14]$_DFFE_PP_,9.27,0.98,0.014296863427886497,9.255703136572112,clk_host,VALIDATED
1159,u_cdc_cmd.mem[11][70]$_DFFE_PP_,9.27,0.98,0.014292804475651733,9.255707195524348,clk_host,VALIDATED
1157,u_cdc_cmd.mem[11][30]$_DFFE_PP_,9.27,0.98,0.014292804475651733,9.255707195524348,clk_host,VALIDATED
1161,u_cdc_cmd.mem[11][40]$_DFFE_PP_,9.27,0.98,0.014275326739726257,9.255724673260273,clk_host,VALIDATED
1167,u_cdc_cmd.mem[11][51]$_DFFE_PP_,9.27,0.98,0.014259536132645106,9.255740463867355,clk_host,VALIDATED
1166,u_cdc_cmd.mem[11][68]$_DFFE_PP_,9.27,0.98,0.014259536132645106,9.255740463867355,clk_host,VALIDATED
1149,u_cdc_cmd.mem[10][18]$_DFFE_PP_,9.27,0.98,0.01425108375651879,9.255748916243482,clk_host,VALIDATED
1164,u_cdc_cmd.mem[10][3]$_DFFE_PP_,9.27,0.98,0.014228094184296242,9.255771905815703,clk_host,VALIDATED
1147,u_cdc_cmd.mem[11][71]$_DFFE_PP_,9.27,0.98,0.01418600267203586,9.255813997327964,clk_host,VALIDATED
1169,u_cdc_cmd.mem[10][43]$_DFFE_PP_,9.27,0.97,0.014173748750222523,9.255826251249777,clk_host,VALIDATED
1168,u_cdc_cmd.mem[10][4]$_DFFE_PP_,9.27,0.97,0.014136033361672032,9.255863966638328,clk_host,VALIDATED
1154,u_cdc_cmd.mem[10][7]$_DFFE_PP_,9.27,0.97,0.013975762898616045,9.256024237101384,clk_host,VALIDATED
1156,u_cdc_cmd.mem[10][6]$_DFFE_PP_,9.27,0.97,0.01397407607187455,9.256025923928124,clk_host,VALIDATED
1162,u_cdc_cmd.mem[10][11]$_DFFE_PP_,9.27,0.97,0.01397407607187455,9.256025923928124,clk_host,VALIDATED
1158,u_cdc_cmd.mem[10][15]$_DFFE_PP_,9.27,0.97,0.013958327338631463,9.256041672661368,clk_host,VALIDATED
1160,u_cdc_cmd.mem[10][17]$_DFFE_PP_,9.27,0.97,0.013957606765035865,9.256042393234964,clk_host,VALIDATED
1171,u_cdc_cmd.mem[10][48]$_DFFE_PP_,9.28,0.98,0.01440152365574024,9.265598476344259,clk_host,VALIDATED
1174,u_cdc_cmd.mem[11][47]$_DFFE_PP_,9.28,0.98,0.014222388369832875,9.265777611630167,clk_host,VALIDATED
1172,u_cdc_cmd.mem[10][49]$_DFFE_PP_,9.28,0.97,0.014215940455657425,9.265784059544343,clk_host,VALIDATED
1177,u_cdc_cmd.mem[5][30]$_DFFE_PP_,9.28,0.96,0.014163589718729025,9.26583641028127,clk_host,VALIDATED
1180,u_cdc_cmd.mem[5][70]$_DFFE_PP_,9.28,0.96,0.014163589718729025,9.26583641028127,clk_host,VALIDATED
1178,u_cdc_cmd.mem[5][67]$_DFFE_PP_,9.28,0.96,0.01415651701485654,9.265843482985144,clk_host,VALIDATED
1184,u_cdc_cmd.mem[5][40]$_DFFE_PP_,9.28,0.96,0.01415651701485654,9.265843482985144,clk_host,VALIDATED
1175,u_cdc_cmd.mem[10][9]$_DFFE_PP_,9.28,0.97,0.01414651587327842,9.26585348412672,clk_host,VALIDATED
1181,u_cdc_cmd.mem[1][63]$_DFFE_PP_,9.28,0.95,0.014139398808066903,9.265860601191932,clk_host,VALIDATED
1179,u_cdc_cmd.mem[1][53]$_DFFE_PP_,9.28,0.95,0.014139398808066903,9.265860601191932,clk_host,VALIDATED
1176,u_cdc_cmd.mem[1][66]$_DFFE_PP_,9.28,0.95,0.014139398808066903,9.265860601191932,clk_host,VALIDATED
1173,u_cdc_cmd.mem[10][5]$_DFFE_PP_,9.28,0.97,0.014084056499702444,9.265915943500296,clk_host,VALIDATED
1183,u_cdc_cmd.mem[3][53]$_DFFE_PP_,9.28,0.95,0.014062490207822173,9.265937509792177,clk_host,VALIDATED
1185,u_cdc_cmd.mem[10][22]$_DFFE_PP_,9.28,0.96,0.014040323571156185,9.265959676428842,clk_host,VALIDATED
1182,u_cdc_cmd.mem[10][42]$_DFFE_PP_,9.28,0.96,0.013921829474216232,9.266078170525784,clk_host,VALIDATED
379,u_host_if.s_rdata[14]$_DFFE_PN0P_,9.29,1.03,0.02159561192688704,9.268404388073112,clk_host,VALIDATED
377,u_host_if.rpop_q[17]$_DFFE_PN0P_,9.29,1.03,0.02159561192688704,9.268404388073112,clk_host,VALIDATED
378,u_host_if.rpop_q[15]$_DFFE_PN0P_,9.29,1.03,0.02159561192688704,9.268404388073112,clk_host,VALIDATED
381,u_host_if.rpop_q[13]$_DFFE_PN0P_,9.29,1.03,0.02159561192688704,9.268404388073112,clk_host,VALIDATED
376,u_host_if.s_rdata[15]$_DFFE_PN0P_,9.29,1.03,0.02159561192688704,9.268404388073112,clk_host,VALIDATED
375,u_host_if.s_rdata[17]$_DFFE_PN0P_,9.29,1.03,0.02159561192688704,9.268404388073112,clk_host,VALIDATED
380,u_host_if.rpop_q[14]$_DFFE_PN0P_,9.29,1.03,0.02159561192688704,9.268404388073112,clk_host,VALIDATED
385,u_host_if.rpop_q[16]$_DFFE_PN0P_,9.29,1.03,0.021536540268913745,9.268463459731086,clk_host,VALIDATED
384,u_host_if.s_rdata[20]$_DFFE_PN0P_,9.29,1.03,0.021536540268913745,9.268463459731086,clk_host,VALIDATED
383,u_host_if.s_rdata[13]$_DFFE_PN0P_,9.29,1.03,0.021536540268913745,9.268463459731086,clk_host,VALIDATED
390,u_host_if.s_rdata[9]$_DFFE_PN0P_,9.29,1.03,0.021536540268913745,9.268463459731086,clk_host,VALIDATED
387,u_host_if.rpop_q[12]$_DFFE_PN0P_,9.29,1.03,0.021536540268913745,9.268463459731086,clk_host,VALIDATED
388,u_host_if.rpop_q[9]$_DFFE_PN0P_,9.29,1.03,0.021536540268913745,9.268463459731086,clk_host,VALIDATED
389,u_host_if.s_rdata[12]$_DFFE_PN0P_,9.29,1.03,0.021536540268913745,9.268463459731086,clk_host,VALIDATED
382,u_host_if.rpop_q[20]$_DFFE_PN0P_,9.29,1.03,0.021536540268913745,9.268463459731086,clk_host,VALIDATED
394,u_host_if.rpop_q[19]$_DFFE_PN0P_,9.29,1.03,0.02147926488670099,9.268520735113299,clk_host,VALIDATED
392,u_host_if.s_rdata[16]$_DFFE_PN0P_,9.29,1.03,0.02147926488670099,9.268520735113299,clk_host,VALIDATED
393,u_host_if.s_rdata[19]$_DFFE_PN0P_,9.29,1.03,0.02147926488670099,9.268520735113299,clk_host,VALIDATED
386,u_host_if.rpop_q[10]$_DFFE_PN0P_,9.29,1.03,0.02147926488670099,9.268520735113299,clk_host,VALIDATED
391,u_host_if.s_rdata[10]$_DFFE_PN0P_,9.29,1.03,0.02147926488670099,9.268520735113299,clk_host,VALIDATED
1192,u_cdc_cmd.mem[5][32]$_DFFE_PP_,9.29,0.96,0.01419901832976786,9.275800981670232,clk_host,VALIDATED
1194,u_cdc_cmd.mem[5][29]$_DFFE_PP_,9.29,0.96,0.014162713415868292,9.275837286584132,clk_host,VALIDATED
1186,u_cdc_cmd.mem[1][61]$_DFFE_PP_,9.29,0.95,0.01412614966827945,9.27587385033172,clk_host,VALIDATED
1191,u_cdc_cmd.mem[5][71]$_DFFE_PP_,9.29,0.96,0.014090679225464114,9.275909320774534,clk_host,VALIDATED
1193,u_cdc_cmd.mem[1][62]$_DFFE_PP_,9.29,0.95,0.014062844096377689,9.275937155903621,clk_host,VALIDATED
1188,u_cdc_cmd.mem[3][63]$_DFFE_PP_,9.29,0.95,0.014062490207822173,9.275937509792177,clk_host,VALIDATED
1189,u_cdc_cmd.mem[1][55]$_DFFE_PP_,9.29,0.95,0.014047588347306766,9.275952411652693,clk_host,VALIDATED
1199,u_cdc_cmd.mem[3][62]$_DFFE_PP_,9.29,0.95,0.014043161994274092,9.275956838005724,clk_host,VALIDATED
1187,u_cdc_cmd.mem[3][66]$_DFFE_PP_,9.29,0.95,0.014035862425583842,9.275964137574416,clk_host,VALIDATED
1195,u_cdc_cmd.mem[5][31]$_DFFE_PP_,9.29,0.95,0.013955126423727246,9.276044873576271,clk_host,VALIDATED
1198,u_cdc_cmd.mem[10][2]$_DFFE_PP_,9.29,0.96,0.013950533063728968,9.27604946693627,clk_host,VALIDATED
1190,u_cdc_cmd.mem[1][21]$_DFFE_PP_,9.29,0.94,0.013894749571166154,9.276105250428833,clk_host,VALIDATED
1197,u_cdc_cmd.mem[1][26]$_DFFE_PP_,9.29,0.94,0.013894749571166154,9.276105250428833,clk_host,VALIDATED
1200,u_cdc_cmd.mem[15][19]$_DFFE_PP_,9.29,0.95,0.013867783893843244,9.276132216106156,clk_host,VALIDATED
1196,u_cdc_cmd.mem[1][75]$_DFFE_PP_,9.29,0.94,0.013860842286737313,9.276139157713262,clk_host,VALIDATED
395,u_host_if.s_rdata[18]$_DFFE_PN0P_,9.3,1.03,0.02147926488670099,9.2785207351133,clk_host,VALIDATED
396,u_host_if.rpop_q[18]$_DFFE_PN0P_,9.43,0.9,0.017877727419372103,9.412122272580628,clk_host,VALIDATED
399,u_host_if.s_rdata[8]$_DFFE_PN0P_,9.43,0.9,0.017877727419372103,9.412122272580628,clk_host,VALIDATED
398,u_host_if.rpop_q[8]$_DFFE_PN0P_,9.43,0.9,0.017877727419372103,9.412122272580628,clk_host,VALIDATED
397,u_host_if.rpop_q[7]$_DFFE_PN0P_,9.43,0.9,0.017877727419372103,9.412122272580628,clk_host,VALIDATED
1201,nand_dq_oe[0],11.57,0.43,0.007847511633267967,11.562152488366733,clk_nand,VALIDATED
1202,nand_ale[0],11.58,0.42,0.008840210564353246,11.571159789435647,clk_nand,VALIDATED
1203,nand_dq_o[2],11.59,0.41,0.007482511092185673,11.582517488907815,clk_nand,VALIDATED
1204,nand_cle[0],11.59,0.41,0.006939347342402882,11.583060652657597,clk_nand,VALIDATED
1205,nand_dq_o[1],11.6,0.4,0.007362242430269367,11.59263775756973,clk_nand,VALIDATED
1206,nand_ce_n[0],11.6,0.4,0.006770094968197984,11.593229905031802,clk_nand,VALIDATED
1214,nand_re_n[1],11.62,0.38,0.008905264284940775,11.611094735715058,clk_nand,VALIDATED
1218,nand_dq_o[15],11.62,0.38,0.008418341690627232,11.611581658309373,clk_nand,VALIDATED
1208,nand_dq_o[11],11.62,0.38,0.008366751996991509,11.611633248003008,clk_nand,VALIDATED
1216,nand_dq_o[8],11.62,0.38,0.008366751996991509,11.611633248003008,clk_nand,VALIDATED
1207,nand_dq_o[14],11.62,0.38,0.008366751996991509,11.611633248003008,clk_nand,VALIDATED
1210,nand_dq_o[12],11.62,0.38,0.008300469468989269,11.61169953053101,clk_nand,VALIDATED
1212,nand_dq_o[0],11.62,0.38,0.006253429500915383,11.613746570499083,clk_nand,VALIDATED
1211,nand_dq_o[7],11.62,0.38,0.006253429500915383,11.613746570499083,clk_nand,VALIDATED
1215,nand_dq_o[6],11.62,0.38,0.006253429500915383,11.613746570499083,clk_nand,VALIDATED
1217,nand_dq_o[3],11.62,0.38,0.006253429500915383,11.613746570499083,clk_nand,VALIDATED
1213,nand_dq_o[5],11.62,0.38,0.0062253974679928326,11.613774602532006,clk_nand,VALIDATED
1209,nand_dq_o[4],11.62,0.38,0.006200616738492912,11.613799383261506,clk_nand,VALIDATED
1221,nand_re_n[0],11.63,0.37,0.0091728434730486,11.620827156526952,clk_nand,VALIDATED
1225,nand_ale[1],11.63,0.37,0.00824703845309814,11.621752961546903,clk_nand,VALIDATED
1224,nand_dq_o[13],11.63,0.37,0.00824703845309814,11.621752961546903,clk_nand,VALIDATED
1223,nand_dq_o[9],11.63,0.37,0.00824703845309814,11.621752961546903,clk_nand,VALIDATED
1220,nand_dq_o[10],11.63,0.37,0.00819680638297915,11.621803193617021,clk_nand,VALIDATED
1222,nand_dq_oe[1],11.63,0.37,0.008180091603008255,11.621819908396992,clk_nand,VALIDATED
1219,nand_we_n[0],11.63,0.37,0.007525524461654262,11.622474475538347,clk_nand,VALIDATED
1227,nand_we_n[1],11.64,0.36,0.008070676466669355,11.631929323533331,clk_nand,VALIDATED
1226,nand_cle[1],11.64,0.36,0.008024145521933368,11.631975854478068,clk_nand,VALIDATED
1228,nand_ce_n[1],11.64,0.36,0.008024145521933368,11.631975854478068,clk_nand,VALIDATED
1251,g_chan[1].u_cdc_chr.mem[14][21]$_DFFE_PP_,11.86,8.35,0.19906856021495545,11.660931439785044,clk_nand,VALIDATED
1253,g_chan[1].u_cdc_chr.mem[15][21]$_DFFE_PP_,11.86,8.35,0.19906856021495545,11.660931439785044,clk_nand,VALIDATED
1238,g_chan[1].u_cdc_chr.mem[12][21]$_DFFE_PP_,11.86,8.35,0.19839841488481746,11.661601585115182,clk_nand,VALIDATED
1237,g_chan[1].u_cdc_chr.mem[13][21]$_DFFE_PP_,11.86,8.35,0.19839841488481746,11.661601585115182,clk_nand,VALIDATED
1254,g_chan[1].u_cdc_chr.mem[7][21]$_DFFE_PP_,11.86,8.35,0.19839841488481746,11.661601585115182,clk_nand,VALIDATED
1246,g_chan[1].u_cdc_chr.mem[6][21]$_DFFE_PP_,11.86,8.35,0.19772826955467948,11.66227173044532,clk_nand,VALIDATED
1241,g_chan[1].u_cdc_chr.mem[4][21]$_DFFE_PP_,11.86,8.35,0.19772826955467948,11.66227173044532,clk_nand,VALIDATED
1248,g_chan[1].u_cdc_chr.mem[5][21]$_DFFE_PP_,11.86,8.35,0.19772826955467948,11.66227173044532,clk_nand,VALIDATED
1244,g_chan[1].u_cdc_chr.mem[13][25]$_DFFE_PP_,11.86,8.35,0.19688293800655887,11.663117061993441,clk_nand,VALIDATED
1259,g_chan[1].u_cdc_chr.mem[0][21]$_DFFE_PP_,11.86,8.35,0.1962799280355615,11.663720071964438,clk_nand,VALIDATED
1245,g_chan[1].u_cdc_chr.mem[8][21]$_DFFE_PP_,11.86,8.35,0.1962799280355615,11.663720071964438,clk_nand,VALIDATED
1250,g_chan[1].u_cdc_chr.mem[10][21]$_DFFE_PP_,11.86,8.35,0.1962799280355615,11.663720071964438,clk_nand,VALIDATED
1247,g_chan[1].u_cdc_chr.mem[9][21]$_DFFE_PP_,11.86,8.35,0.1962799280355615,11.663720071964438,clk_nand,VALIDATED
1249,g_chan[1].u_cdc_chr.mem[11][21]$_DFFE_PP_,11.86,8.35,0.1962799280355615,11.663720071964438,clk_nand,VALIDATED
1257,g_chan[1].u_cdc_chr.mem[1][21]$_DFFE_PP_,11.86,8.35,0.1962799280355615,11.663720071964438,clk_nand,VALIDATED
1265,g_chan[1].u_cdc_chr.mem[3][21]$_DFFE_PP_,11.86,8.35,0.19532070762585996,11.664679292374139,clk_nand,VALIDATED
1252,g_chan[1].u_cdc_chr.mem[2][21]$_DFFE_PP_,11.86,8.35,0.19532070762585996,11.664679292374139,clk_nand,VALIDATED
1240,g_chan[1].u_cdc_chr.mem[10][25]$_DFFE_PP_,11.86,8.35,0.1950514461344125,11.664948553865587,clk_nand,VALIDATED
1233,g_chan[1].u_cdc_chr.mem[15][25]$_DFFE_PP_,11.86,8.35,0.1950514461344125,11.664948553865587,clk_nand,VALIDATED
1286,g_chan[1].u_cdc_chr.mem[0][9]$_DFFE_PP_,11.87,8.35,0.20491679554277398,11.665083204457225,clk_nand,VALIDATED
1262,g_chan[1].u_cdc_chr.mem[12][25]$_DFFE_PP_,11.86,8.35,0.19444893934490304,11.665551060655096,clk_nand,VALIDATED
1232,g_chan[1].u_cdc_chr.mem[11][25]$_DFFE_PP_,11.86,8.35,0.1936672898370374,11.666332710162962,clk_nand,VALIDATED
1283,g_chan[1].u_cdc_chr.mem[1][9]$_DFFE_PP_,11.87,8.35,0.20354330817202637,11.666456691827973,clk_nand,VALIDATED
1266,g_chan[1].u_cdc_chr.mem[6][25]$_DFFE_PP_,11.86,8.35,0.19306478304752794,11.66693521695247,clk_nand,VALIDATED
1264,g_chan[1].u_cdc_chr.mem[4][25]$_DFFE_PP_,11.86,8.35,0.19306478304752794,11.66693521695247,clk_nand,VALIDATED
1263,g_chan[1].u_cdc_chr.mem[7][25]$_DFFE_PP_,11.86,8.35,0.19306478304752794,11.66693521695247,clk_nand,VALIDATED
1295,g_chan[1].u_cdc_chr.mem[4][9]$_DFFE_PP_,11.87,8.35,0.2027413076065474,11.667258692393451,clk_nand,VALIDATED
1294,g_chan[1].u_cdc_chr.mem[6][9]$_DFFE_PP_,11.87,8.35,0.2027413076065474,11.667258692393451,clk_nand,VALIDATED
1292,g_chan[1].u_cdc_chr.mem[7][9]$_DFFE_PP_,11.87,8.35,0.2027413076065474,11.667258692393451,clk_nand,VALIDATED
1289,g_chan[1].u_cdc_chr.mem[13][9]$_DFFE_PP_,11.87,8.35,0.2027413076065474,11.667258692393451,clk_nand,VALIDATED
1290,g_chan[1].u_cdc_chr.mem[3][9]$_DFFE_PP_,11.87,8.35,0.2027413076065474,11.667258692393451,clk_nand,VALIDATED
1288,g_chan[1].u_cdc_chr.mem[12][9]$_DFFE_PP_,11.87,8.35,0.2027413076065474,11.667258692393451,clk_nand,VALIDATED
1284,g_chan[1].u_cdc_chr.mem[2][9]$_DFFE_PP_,11.87,8.35,0.2027413076065474,11.667258692393451,clk_nand,VALIDATED
1291,g_chan[1].u_cdc_chr.mem[14][9]$_DFFE_PP_,11.87,8.35,0.2027413076065474,11.667258692393451,clk_nand,VALIDATED
1287,g_chan[1].u_cdc_chr.mem[5][9]$_DFFE_PP_,11.87,8.35,0.2027413076065474,11.667258692393451,clk_nand,VALIDATED
1293,g_chan[1].u_cdc_chr.mem[15][9]$_DFFE_PP_,11.87,8.35,0.2027413076065474,11.667258692393451,clk_nand,VALIDATED
1261,g_chan[1].u_cdc_chr.mem[2][25]$_DFFE_PP_,11.86,8.35,0.1922831335396623,11.667716866460337,clk_nand,VALIDATED
1242,g_chan[1].u_cdc_chr.mem[9][25]$_DFFE_PP_,11.86,8.35,0.1922831335396623,11.667716866460337,clk_nand,VALIDATED
1236,g_chan[1].u_cdc_chr.mem[14][25]$_DFFE_PP_,11.86,8.35,0.1922831335396623,11.667716866460337,clk_nand,VALIDATED
1234,g_chan[1].u_cdc_chr.mem[5][25]$_DFFE_PP_,11.86,8.35,0.1922831335396623,11.667716866460337,clk_nand,VALIDATED
1243,g_chan[1].u_cdc_chr.mem[8][25]$_DFFE_PP_,11.86,8.35,0.1922831335396623,11.667716866460337,clk_nand,VALIDATED
1280,g_chan[1].u_cdc_chr.mem[9][9]$_DFFE_PP_,11.87,8.35,0.20151876072972974,11.66848123927027,clk_nand,VALIDATED
1285,g_chan[1].u_cdc_chr.mem[8][9]$_DFFE_PP_,11.87,8.35,0.20151876072972974,11.66848123927027,clk_nand,VALIDATED
1235,g_chan[1].u_cdc_chr.mem[1][25]$_DFFE_PP_,11.86,8.35,0.191156058878451,11.668843941121548,clk_nand,VALIDATED
1282,g_chan[1].u_cdc_chr.mem[11][9]$_DFFE_PP_,11.87,8.35,0.20009110454846146,11.669908895451538,clk_nand,VALIDATED
1281,g_chan[1].u_cdc_chr.mem[10][9]$_DFFE_PP_,11.87,8.35,0.20009110454846146,11.669908895451538,clk_nand,VALIDATED
1239,g_chan[1].u_cdc_chr.mem[3][25]$_DFFE_PP_,11.86,8.35,0.1898550863227263,11.670144913677273,clk_nand,VALIDATED
1256,g_chan[1].u_cdc_chr.mem[0][25]$_DFFE_PP_,11.86,8.35,0.1898550863227263,11.670144913677273,clk_nand,VALIDATED
1229,g_chan[1].u_cdc_chr.mem[10][1]$_DFFE_PP_,11.85,8.35,0.17469201538640045,11.6753079846136,clk_nand,VALIDATED
1230,g_chan[1].u_cdc_chr.mem[11][1]$_DFFE_PP_,11.85,8.35,0.17469201538640045,11.6753079846136,clk_nand,VALIDATED
1298,g_chan[1].u_cdc_chr.mem[14][18]$_DFFE_PP_,11.87,8.34,0.19444399390024802,11.67555600609975,clk_nand,VALIDATED
1297,g_chan[1].u_cdc_chr.mem[10][18]$_DFFE_PP_,11.87,8.34,0.19056698812774497,11.679433011872254,clk_nand,VALIDATED
1296,g_chan[1].u_cdc_chr.mem[3][18]$_DFFE_PP_,11.87,8.34,0.19056698812774497,11.679433011872254,clk_nand,VALIDATED
1267,g_chan[1].u_cdc_chr.mem[4][1]$_DFFE_PP_,11.86,8.35,0.1759895295963514,11.684010470403647,clk_nand,VALIDATED
1268,g_chan[1].u_cdc_chr.mem[1][1]$_DFFE_PP_,11.86,8.35,0.1759895295963514,11.684010470403647,clk_nand,VALIDATED
1269,g_chan[1].u_cdc_chr.mem[0][1]$_DFFE_PP_,11.86,8.35,0.1759895295963514,11.684010470403647,clk_nand,VALIDATED
1270,g_chan[1].u_cdc_chr.mem[3][1]$_DFFE_PP_,11.86,8.35,0.1759895295963514,11.684010470403647,clk_nand,VALIDATED
1317,g_chan[1].u_cdc_chr.mem[8][13]$_DFFE_PP_,11.88,8.33,0.19473761069391382,11.685262389306088,clk_nand,VALIDATED
1320,g_chan[1].u_cdc_chr.mem[2][13]$_DFFE_PP_,11.88,8.33,0.19473761069391382,11.685262389306088,clk_nand,VALIDATED
1315,g_chan[1].u_cdc_chr.mem[9][13]$_DFFE_PP_,11.88,8.33,0.19473761069391382,11.685262389306088,clk_nand,VALIDATED
1316,g_chan[1].u_cdc_chr.mem[11][13]$_DFFE_PP_,11.88,8.33,0.19473761069391382,11.685262389306088,clk_nand,VALIDATED
1308,g_chan[1].u_cdc_chr.mem[13][18]$_DFFE_PP_,11.88,8.34,0.19444399390024802,11.685556006099752,clk_nand,VALIDATED
1314,g_chan[1].u_cdc_chr.mem[7][18]$_DFFE_PP_,11.88,8.33,0.19421084762458807,11.685789152375413,clk_nand,VALIDATED
1309,g_chan[1].u_cdc_chr.mem[12][18]$_DFFE_PP_,11.88,8.33,0.19421084762458807,11.685789152375413,clk_nand,VALIDATED
1311,g_chan[1].u_cdc_chr.mem[15][18]$_DFFE_PP_,11.88,8.33,0.19421084762458807,11.685789152375413,clk_nand,VALIDATED
1307,g_chan[1].u_cdc_chr.mem[11][18]$_DFFE_PP_,11.88,8.34,0.19411636738725213,11.685883632612748,clk_nand,VALIDATED
1310,g_chan[1].u_cdc_chr.mem[3][13]$_DFFE_PP_,11.88,8.33,0.19376536764910002,11.686234632350901,clk_nand,VALIDATED
1255,g_chan[1].u_cdc_chr.mem[0][24]$_DFFE_PP_,11.86,8.33,0.17309595756899598,11.686904042431003,clk_nand,VALIDATED
1258,g_chan[1].u_cdc_chr.mem[1][24]$_DFFE_PP_,11.86,8.33,0.17309595756899598,11.686904042431003,clk_nand,VALIDATED
1260,g_chan[1].u_cdc_chr.mem[3][24]$_DFFE_PP_,11.86,8.33,0.17309595756899598,11.686904042431003,clk_nand,VALIDATED
1303,g_chan[1].u_cdc_chr.mem[0][13]$_DFFE_PP_,11.88,8.33,0.19279312460428621,11.687206875395715,clk_nand,VALIDATED
1312,g_chan[1].u_cdc_chr.mem[1][13]$_DFFE_PP_,11.88,8.33,0.19279312460428621,11.687206875395715,clk_nand,VALIDATED
1354,g_chan[1].u_cdc_chr.mem[0][17]$_DFFE_PP_,11.88,8.32,0.19277702058280455,11.687222979417196,clk_nand,VALIDATED
1302,g_chan[1].u_cdc_chr.mem[6][18]$_DFFE_PP_,11.88,8.34,0.1925054910139965,11.687494508986005,clk_nand,VALIDATED
1306,g_chan[1].u_cdc_chr.mem[9][18]$_DFFE_PP_,11.88,8.33,0.19227466908232482,11.687725330917676,clk_nand,VALIDATED
1304,g_chan[1].u_cdc_chr.mem[4][18]$_DFFE_PP_,11.88,8.33,0.19227466908232482,11.687725330917676,clk_nand,VALIDATED
1305,g_chan[1].u_cdc_chr.mem[5][18]$_DFFE_PP_,11.88,8.33,0.19227466908232482,11.687725330917676,clk_nand,VALIDATED
1313,g_chan[1].u_cdc_chr.mem[1][18]$_DFFE_PP_,11.88,8.33,0.1916325908067067,11.688367409193294,clk_nand,VALIDATED
1299,g_chan[1].u_cdc_chr.mem[0][18]$_DFFE_PP_,11.88,8.33,0.1916325908067067,11.688367409193294,clk_nand,VALIDATED
1301,g_chan[1].u_cdc_chr.mem[8][18]$_DFFE_PP_,11.88,8.33,0.19033849054006158,11.689661509459938,clk_nand,VALIDATED
1300,g_chan[1].u_cdc_chr.mem[2][18]$_DFFE_PP_,11.88,8.33,0.19033849054006158,11.689661509459938,clk_nand,VALIDATED
1231,g_chan[1].u_cdc_chr.mem[9][1]$_DFFE_PP_,11.86,8.35,0.17013873896050025,11.6898612610395,clk_nand,VALIDATED
1324,g_chan[1].u_cdc_chr.mem[14][13]$_DFFE_PP_,11.88,8.33,0.1879624754389988,11.692037524561002,clk_nand,VALIDATED
1328,g_chan[1].u_cdc_chr.mem[15][13]$_DFFE_PP_,11.88,8.33,0.1879624754389988,11.692037524561002,clk_nand,VALIDATED
1322,g_chan[1].u_cdc_chr.mem[4][13]$_DFFE_PP_,11.88,8.33,0.1879624754389988,11.692037524561002,clk_nand,VALIDATED
1325,g_chan[1].u_cdc_chr.mem[13][13]$_DFFE_PP_,11.88,8.33,0.1879624754389988,11.692037524561002,clk_nand,VALIDATED
1330,g_chan[1].u_cdc_chr.mem[12][13]$_DFFE_PP_,11.88,8.33,0.1879624754389988,11.692037524561002,clk_nand,VALIDATED
1271,g_chan[1].u_cdc_chr.mem[2][1]$_DFFE_PP_,11.87,8.35,0.177690658217027,11.692309341782972,clk_nand,VALIDATED
1276,g_chan[1].u_cdc_chr.mem[5][1]$_DFFE_PP_,11.87,8.35,0.177690658217027,11.692309341782972,clk_nand,VALIDATED
1273,g_chan[1].u_cdc_chr.mem[7][1]$_DFFE_PP_,11.87,8.35,0.177690658217027,11.692309341782972,clk_nand,VALIDATED
1274,g_chan[1].u_cdc_chr.mem[6][1]$_DFFE_PP_,11.87,8.35,0.177690658217027,11.692309341782972,clk_nand,VALIDATED
1357,g_chan[1].u_cdc_chr.mem[10][13]$_DFFE_PP_,11.89,8.33,0.196574531507963,11.693425468492038,clk_nand,VALIDATED
1321,g_chan[1].u_cdc_chr.mem[5][13]$_DFFE_PP_,11.88,8.33,0.18649984576669065,11.69350015423331,clk_nand,VALIDATED
1326,g_chan[1].u_cdc_chr.mem[7][13]$_DFFE_PP_,11.88,8.33,0.1859978435027545,11.694002156497247,clk_nand,VALIDATED
1323,g_chan[1].u_cdc_chr.mem[6][13]$_DFFE_PP_,11.88,8.33,0.1859978435027545,11.694002156497247,clk_nand,VALIDATED
1275,g_chan[1].u_cdc_chr.mem[13][1]$_DFFE_PP_,11.87,8.35,0.1759895295963514,11.694010470403647,clk_nand,VALIDATED
1277,g_chan[1].u_cdc_chr.mem[8][1]$_DFFE_PP_,11.87,8.35,0.1759895295963514,11.694010470403647,clk_nand,VALIDATED
1278,g_chan[1].u_cdc_chr.mem[15][1]$_DFFE_PP_,11.87,8.35,0.1759895295963514,11.694010470403647,clk_nand,VALIDATED
1272,g_chan[1].u_cdc_chr.mem[12][1]$_DFFE_PP_,11.87,8.35,0.1759895295963514,11.694010470403647,clk_nand,VALIDATED
1279,g_chan[1].u_cdc_chr.mem[14][1]$_DFFE_PP_,11.87,8.35,0.1759895295963514,11.694010470403647,clk_nand,VALIDATED
1343,g_chan[1].u_cdc_chr.mem[7][24]$_DFFE_PP_,11.88,8.33,0.18509997080024976,11.69490002919975,clk_nand,VALIDATED
1339,g_chan[1].u_cdc_chr.mem[14][24]$_DFFE_PP_,11.88,8.33,0.18509997080024976,11.69490002919975,clk_nand,VALIDATED
1338,g_chan[1].u_cdc_chr.mem[13][24]$_DFFE_PP_,11.88,8.33,0.18491148796889623,11.695088512031104,clk_nand,VALIDATED
1335,g_chan[1].u_cdc_chr.mem[10][24]$_DFFE_PP_,11.88,8.33,0.1844870815119306,11.69551291848807,clk_nand,VALIDATED
1336,g_chan[1].u_cdc_chr.mem[11][24]$_DFFE_PP_,11.88,8.33,0.1844870815119306,11.69551291848807,clk_nand,VALIDATED
1331,g_chan[1].u_cdc_chr.mem[4][24]$_DFFE_PP_,11.88,8.33,0.18402703813766708,11.695972961862333,clk_nand,VALIDATED
1329,g_chan[1].u_cdc_chr.mem[12][24]$_DFFE_PP_,11.88,8.33,0.18402703813766708,11.695972961862333,clk_nand,VALIDATED
1327,g_chan[1].u_cdc_chr.mem[15][24]$_DFFE_PP_,11.88,8.33,0.18402703813766708,11.695972961862333,clk_nand,VALIDATED
1333,g_chan[1].u_cdc_chr.mem[5][24]$_DFFE_PP_,11.88,8.33,0.18402703813766708,11.695972961862333,clk_nand,VALIDATED
1337,g_chan[1].u_cdc_chr.mem[6][24]$_DFFE_PP_,11.88,8.33,0.18378402247798542,11.696215977522016,clk_nand,VALIDATED
1358,g_chan[1].u_cdc_chr.mem[10][17]$_DFFE_PP_,11.89,8.32,0.19364019914840158,11.6963598008516,clk_nand,VALIDATED
1340,g_chan[1].u_cdc_chr.mem[8][24]$_DFFE_PP_,11.88,8.33,0.18354100681830376,11.696458993181697,clk_nand,VALIDATED
1332,g_chan[1].u_cdc_chr.mem[9][24]$_DFFE_PP_,11.88,8.33,0.18354100681830376,11.696458993181697,clk_nand,VALIDATED
1346,g_chan[1].u_cdc_chr.mem[2][24]$_DFFE_PP_,11.88,8.33,0.18354100681830376,11.696458993181697,clk_nand,VALIDATED
1356,g_chan[1].u_cdc_chr.mem[9][17]$_DFFE_PP_,11.89,8.32,0.1928416848897071,11.697158315110293,clk_nand,VALIDATED
1401,g_chan[1].u_cdc_chr.mem[15][17]$_DFFE_PP_,11.89,8.32,0.19246790080092768,11.697532099199073,clk_nand,VALIDATED
1397,g_chan[1].u_cdc_chr.mem[8][17]$_DFFE_PP_,11.89,8.32,0.19246790080092768,11.697532099199073,clk_nand,VALIDATED
1355,g_chan[1].u_cdc_chr.mem[1][17]$_DFFE_PP_,11.89,8.32,0.1913292290732843,11.698670770926716,clk_nand,VALIDATED
1493,g_chan[1].u_cdc_chr.mem[10][31]$_DFFE_PP_,11.9,8.31,0.19976890834004846,11.700231091659951,clk_nand,VALIDATED
1491,g_chan[1].u_cdc_chr.mem[11][31]$_DFFE_PP_,11.9,8.31,0.19976890834004846,11.700231091659951,clk_nand,VALIDATED
1364,g_chan[1].u_cdc_chr.mem[11][17]$_DFFE_PP_,11.89,8.32,0.1884236006611022,11.701576399338899,clk_nand,VALIDATED
1361,g_chan[1].u_cdc_chr.mem[3][17]$_DFFE_PP_,11.89,8.32,0.1884236006611022,11.701576399338899,clk_nand,VALIDATED
1505,g_chan[1].u_cdc_chr.mem[6][31]$_DFFE_PP_,11.9,8.31,0.1981104281191075,11.701889571880892,clk_nand,VALIDATED
1359,g_chan[1].u_cdc_chr.mem[2][17]$_DFFE_PP_,11.89,8.32,0.18762508640240771,11.702374913597593,clk_nand,VALIDATED
1360,g_chan[1].u_cdc_chr.mem[5][17]$_DFFE_PP_,11.89,8.32,0.18762508640240771,11.702374913597593,clk_nand,VALIDATED
1375,g_chan[1].u_cdc_chr.mem[7][17]$_DFFE_PP_,11.89,8.32,0.18762508640240771,11.702374913597593,clk_nand,VALIDATED
1370,g_chan[1].u_cdc_chr.mem[6][17]$_DFFE_PP_,11.89,8.32,0.18762508640240771,11.702374913597593,clk_nand,VALIDATED
1368,g_chan[1].u_cdc_chr.mem[13][17]$_DFFE_PP_,11.89,8.32,0.18762508640240771,11.702374913597593,clk_nand,VALIDATED
1371,g_chan[1].u_cdc_chr.mem[12][17]$_DFFE_PP_,11.89,8.32,0.18762508640240771,11.702374913597593,clk_nand,VALIDATED
1363,g_chan[1].u_cdc_chr.mem[14][17]$_DFFE_PP_,11.89,8.32,0.18762508640240771,11.702374913597593,clk_nand,VALIDATED
1404,g_chan[1].u_cdc_chr.mem[15][12]$_DFFE_PP_,11.89,8.32,0.1875358953582571,11.702464104641743,clk_nand,VALIDATED
1393,g_chan[1].u_cdc_chr.mem[14][12]$_DFFE_PP_,11.89,8.32,0.1875358953582571,11.702464104641743,clk_nand,VALIDATED
1388,g_chan[1].u_cdc_chr.mem[13][12]$_DFFE_PP_,11.89,8.32,0.1875358953582571,11.702464104641743,clk_nand,VALIDATED
1362,g_chan[1].u_cdc_chr.mem[4][17]$_DFFE_PP_,11.89,8.32,0.18697580915158196,11.703024190848419,clk_nand,VALIDATED
1477,g_chan[1].u_cdc_chr.mem[3][31]$_DFFE_PP_,11.9,8.31,0.1968966874537348,11.703103312546265,clk_nand,VALIDATED
1472,g_chan[1].u_cdc_chr.mem[2][31]$_DFFE_PP_,11.9,8.31,0.1968966874537348,11.703103312546265,clk_nand,VALIDATED
1351,g_chan[1].u_cdc_chr.mem[11][16]$_DFFE_PP_,11.88,8.31,0.17676098823890385,11.703239011761097,clk_nand,VALIDATED
1553,g_chan[1].u_cdc_chr.mem[9][15]$_DFFE_PP_,11.91,8.3,0.20666291653819557,11.703337083461804,clk_nand,VALIDATED
1544,g_chan[1].u_cdc_chr.mem[8][15]$_DFFE_PP_,11.91,8.3,0.20666291653819557,11.703337083461804,clk_nand,VALIDATED
1510,g_chan[1].u_cdc_chr.mem[5][31]$_DFFE_PP_,11.9,8.31,0.19645194789816656,11.703548052101834,clk_nand,VALIDATED
1502,g_chan[1].u_cdc_chr.mem[7][31]$_DFFE_PP_,11.9,8.31,0.19645194789816656,11.703548052101834,clk_nand,VALIDATED
1347,g_chan[1].u_cdc_chr.mem[9][8]$_DFFE_PP_,11.88,8.31,0.17632372876535496,11.703676271234645,clk_nand,VALIDATED
1344,g_chan[1].u_cdc_chr.mem[10][8]$_DFFE_PP_,11.88,8.31,0.17632372876535496,11.703676271234645,clk_nand,VALIDATED
1341,g_chan[1].u_cdc_chr.mem[0][8]$_DFFE_PP_,11.88,8.31,0.17632372876535496,11.703676271234645,clk_nand,VALIDATED
1334,g_chan[1].u_cdc_chr.mem[11][8]$_DFFE_PP_,11.88,8.31,0.17632372876535496,11.703676271234645,clk_nand,VALIDATED
1342,g_chan[1].u_cdc_chr.mem[2][8]$_DFFE_PP_,11.88,8.31,0.17632372876535496,11.703676271234645,clk_nand,VALIDATED
1345,g_chan[1].u_cdc_chr.mem[3][8]$_DFFE_PP_,11.88,8.31,0.17632372876535496,11.703676271234645,clk_nand,VALIDATED
1348,g_chan[1].u_cdc_chr.mem[1][8]$_DFFE_PP_,11.88,8.31,0.17632372876535496,11.703676271234645,clk_nand,VALIDATED
1350,g_chan[1].u_cdc_chr.mem[4][12]$_DFFE_PP_,11.88,8.32,0.1762855995073942,11.703714400492606,clk_nand,VALIDATED
1458,g_chan[1].u_cdc_chr.mem[9][31]$_DFFE_PP_,11.9,8.31,0.1962780327550675,11.703721967244933,clk_nand,VALIDATED
1471,g_chan[1].u_cdc_chr.mem[8][31]$_DFFE_PP_,11.9,8.31,0.1962780327550675,11.703721967244933,clk_nand,VALIDATED
1572,g_chan[1].u_cdc_chr.mem[11][15]$_DFFE_PP_,11.91,8.3,0.20592639433062632,11.704073605669373,clk_nand,VALIDATED
1577,g_chan[1].u_cdc_chr.mem[10][15]$_DFFE_PP_,11.91,8.3,0.20592639433062632,11.704073605669373,clk_nand,VALIDATED
1578,g_chan[1].u_cdc_chr.mem[14][15]$_DFFE_PP_,11.91,8.3,0.20592639433062632,11.704073605669373,clk_nand,VALIDATED
1580,g_chan[1].u_cdc_chr.mem[7][15]$_DFFE_PP_,11.91,8.3,0.20592639433062632,11.704073605669373,clk_nand,VALIDATED
1399,g_chan[1].u_cdc_chr.mem[1][12]$_DFFE_PP_,11.89,8.32,0.18591740985489413,11.704082590145106,clk_nand,VALIDATED
1400,g_chan[1].u_cdc_chr.mem[0][12]$_DFFE_PP_,11.89,8.32,0.18591740985489413,11.704082590145106,clk_nand,VALIDATED
1403,g_chan[1].u_cdc_chr.mem[2][12]$_DFFE_PP_,11.89,8.32,0.18591740985489413,11.704082590145106,clk_nand,VALIDATED
1398,g_chan[1].u_cdc_chr.mem[10][12]$_DFFE_PP_,11.89,8.32,0.18591740985489413,11.704082590145106,clk_nand,VALIDATED
1407,g_chan[1].u_cdc_chr.mem[9][12]$_DFFE_PP_,11.89,8.32,0.18591740985489413,11.704082590145106,clk_nand,VALIDATED
1405,g_chan[1].u_cdc_chr.mem[3][12]$_DFFE_PP_,11.89,8.32,0.18591740985489413,11.704082590145106,clk_nand,VALIDATED
1411,g_chan[1].u_cdc_chr.mem[7][12]$_DFFE_PP_,11.89,8.32,0.18591740985489413,11.704082590145106,clk_nand,VALIDATED
1353,g_chan[1].u_cdc_chr.mem[10][16]$_DFFE_PP_,11.88,8.31,0.17584342322837265,11.704156576771629,clk_nand,VALIDATED
1349,g_chan[1].u_cdc_chr.mem[9][16]$_DFFE_PP_,11.88,8.31,0.17584342322837265,11.704156576771629,clk_nand,VALIDATED
1319,g_chan[1].u_cdc_chr.mem[8][12]$_DFFE_PP_,11.88,8.32,0.17566304084410111,11.7043369591559,clk_nand,VALIDATED
1318,g_chan[1].u_cdc_chr.mem[11][12]$_DFFE_PP_,11.88,8.32,0.17566304084410111,11.7043369591559,clk_nand,VALIDATED
1468,g_chan[1].u_cdc_chr.mem[0][31]$_DFFE_PP_,11.9,8.31,0.19532591945842426,11.704674080541576,clk_nand,VALIDATED
1467,g_chan[1].u_cdc_chr.mem[14][31]$_DFFE_PP_,11.9,8.31,0.19532591945842426,11.704674080541576,clk_nand,VALIDATED
1465,g_chan[1].u_cdc_chr.mem[1][31]$_DFFE_PP_,11.9,8.31,0.19532591945842426,11.704674080541576,clk_nand,VALIDATED
1469,g_chan[1].u_cdc_chr.mem[15][31]$_DFFE_PP_,11.9,8.31,0.19532591945842426,11.704674080541576,clk_nand,VALIDATED
1569,g_chan[1].u_cdc_chr.mem[1][15]$_DFFE_PP_,11.91,8.3,0.20520487907892537,11.704795120921075,clk_nand,VALIDATED
1352,g_chan[1].u_cdc_chr.mem[8][16]$_DFFE_PP_,11.88,8.31,0.17457903905590555,11.705420960944096,clk_nand,VALIDATED
1579,g_chan[1].u_cdc_chr.mem[15][15]$_DFFE_PP_,11.91,8.3,0.2044823076787481,11.705517692321251,clk_nand,VALIDATED
1449,g_chan[1].u_cdc_chr.mem[0][29]$_DFFE_PP_,11.9,8.31,0.1927260117573083,11.707273988242692,clk_nand,VALIDATED
1418,g_chan[1].u_cdc_chr.mem[13][31]$_DFFE_PP_,11.9,8.31,0.19171669690080995,11.70828330309919,clk_nand,VALIDATED
1581,g_chan[1].u_cdc_chr.mem[0][15]$_DFFE_PP_,11.91,8.3,0.2013956365158499,11.70860436348415,clk_nand,VALIDATED
1415,g_chan[1].u_cdc_chr.mem[9][29]$_DFFE_PP_,11.89,8.31,0.1811846454968037,11.708815354503196,clk_nand,VALIDATED
1584,g_chan[1].u_cdc_chr.mem[3][15]$_DFFE_PP_,11.91,8.3,0.20104132621945725,11.708958673780543,clk_nand,VALIDATED
1431,g_chan[1].u_cdc_chr.mem[4][31]$_DFFE_PP_,11.9,8.31,0.19101032997651224,11.708989670023488,clk_nand,VALIDATED
1583,g_chan[1].u_cdc_chr.mem[13][15]$_DFFE_PP_,11.91,8.3,0.2006870159230646,11.709312984076936,clk_nand,VALIDATED
1484,g_chan[1].u_cdc_chr.mem[12][23]$_DFFE_PP_,11.9,8.31,0.1906296539795208,11.70937034602048,clk_nand,VALIDATED
1482,g_chan[1].u_cdc_chr.mem[13][23]$_DFFE_PP_,11.9,8.31,0.1906296539795208,11.70937034602048,clk_nand,VALIDATED
1501,g_chan[1].u_cdc_chr.mem[14][23]$_DFFE_PP_,11.9,8.31,0.1906296539795208,11.70937034602048,clk_nand,VALIDATED
1506,g_chan[1].u_cdc_chr.mem[3][23]$_DFFE_PP_,11.9,8.31,0.1906296539795208,11.70937034602048,clk_nand,VALIDATED
1503,g_chan[1].u_cdc_chr.mem[11][23]$_DFFE_PP_,11.9,8.31,0.1906296539795208,11.70937034602048,clk_nand,VALIDATED
1500,g_chan[1].u_cdc_chr.mem[15][23]$_DFFE_PP_,11.9,8.31,0.19026066840281275,11.709739331597188,clk_nand,VALIDATED
1447,g_chan[1].u_cdc_chr.mem[12][31]$_DFFE_PP_,11.9,8.31,0.1900636052736182,11.709936394726382,clk_nand,VALIDATED
1402,g_chan[1].u_cdc_chr.mem[1][29]$_DFFE_PP_,11.89,8.31,0.18002636976959285,11.709973630230408,clk_nand,VALIDATED
1409,g_chan[1].u_cdc_chr.mem[15][29]$_DFFE_PP_,11.89,8.31,0.17886809404238202,11.711131905957618,clk_nand,VALIDATED
1513,g_chan[1].u_cdc_chr.mem[10][23]$_DFFE_PP_,11.9,8.31,0.18826455703389078,11.71173544296611,clk_nand,VALIDATED
1504,g_chan[1].u_cdc_chr.mem[1][23]$_DFFE_PP_,11.9,8.31,0.18826455703389078,11.71173544296611,clk_nand,VALIDATED
1509,g_chan[1].u_cdc_chr.mem[0][23]$_DFFE_PP_,11.9,8.31,0.18826455703389078,11.71173544296611,clk_nand,VALIDATED
1508,g_chan[1].u_cdc_chr.mem[8][23]$_DFFE_PP_,11.9,8.31,0.18826455703389078,11.71173544296611,clk_nand,VALIDATED
1515,g_chan[1].u_cdc_chr.mem[4][23]$_DFFE_PP_,11.9,8.31,0.18826455703389078,11.71173544296611,clk_nand,VALIDATED
1512,g_chan[1].u_cdc_chr.mem[2][23]$_DFFE_PP_,11.9,8.31,0.18789557145718272,11.712104428542817,clk_nand,VALIDATED
1517,g_chan[1].u_cdc_chr.mem[5][23]$_DFFE_PP_,11.9,8.31,0.18789557145718272,11.712104428542817,clk_nand,VALIDATED
1423,g_chan[1].u_cdc_chr.mem[12][12]$_DFFE_PP_,11.9,8.32,0.1875358953582571,11.712464104641743,clk_nand,VALIDATED
1511,g_chan[1].u_cdc_chr.mem[7][23]$_DFFE_PP_,11.9,8.31,0.18752658588047466,11.712473414119525,clk_nand,VALIDATED
1516,g_chan[1].u_cdc_chr.mem[6][23]$_DFFE_PP_,11.9,8.31,0.18752658588047466,11.712473414119525,clk_nand,VALIDATED
1453,g_chan[1].u_cdc_chr.mem[6][29]$_DFFE_PP_,11.9,8.31,0.18728022914379872,11.712719770856202,clk_nand,VALIDATED
1446,g_chan[1].u_cdc_chr.mem[7][29]$_DFFE_PP_,11.9,8.31,0.18728022914379872,11.712719770856202,clk_nand,VALIDATED
1381,g_chan[1].u_cdc_chr.mem[5][8]$_DFFE_PP_,11.89,8.31,0.17720631680615606,11.712793683193844,clk_nand,VALIDATED
1514,g_chan[1].u_cdc_chr.mem[9][23]$_DFFE_PP_,11.9,8.31,0.1871942004401257,11.712805799559874,clk_nand,VALIDATED
1496,g_chan[1].u_cdc_chr.mem[13][16]$_DFFE_PP_,11.9,8.3,0.18700061813145696,11.712999381868544,clk_nand,VALIDATED
1498,g_chan[1].u_cdc_chr.mem[15][16]$_DFFE_PP_,11.9,8.3,0.18700061813145696,11.712999381868544,clk_nand,VALIDATED
1489,g_chan[1].u_cdc_chr.mem[14][16]$_DFFE_PP_,11.9,8.3,0.18700061813145696,11.712999381868544,clk_nand,VALIDATED
1421,g_chan[1].u_cdc_chr.mem[5][12]$_DFFE_PP_,11.9,8.32,0.18672665260657562,11.713273347393425,clk_nand,VALIDATED
1485,g_chan[1].u_cdc_chr.mem[14][8]$_DFFE_PP_,11.9,8.31,0.18629394670016108,11.71370605329984,clk_nand,VALIDATED
1492,g_chan[1].u_cdc_chr.mem[12][16]$_DFFE_PP_,11.9,8.3,0.1861600977373915,11.71383990226261,clk_nand,VALIDATED
1390,g_chan[1].u_cdc_chr.mem[4][8]$_DFFE_PP_,11.89,8.3,0.17609354237403874,11.713906457625962,clk_nand,VALIDATED
1494,g_chan[1].u_cdc_chr.mem[15][8]$_DFFE_PP_,11.9,8.3,0.18606976625888527,11.713930233741115,clk_nand,VALIDATED
1483,g_chan[1].u_cdc_chr.mem[13][8]$_DFFE_PP_,11.9,8.3,0.18606976625888527,11.713930233741115,clk_nand,VALIDATED
1490,g_chan[1].u_cdc_chr.mem[12][8]$_DFFE_PP_,11.9,8.3,0.18606976625888527,11.713930233741115,clk_nand,VALIDATED
1478,g_chan[1].u_cdc_chr.mem[0][16]$_DFFE_PP_,11.9,8.31,0.18566592469697996,11.71433407530302,clk_nand,VALIDATED
1480,g_chan[1].u_cdc_chr.mem[1][16]$_DFFE_PP_,11.9,8.31,0.18566592469697996,11.71433407530302,clk_nand,VALIDATED
1495,g_chan[1].u_cdc_chr.mem[7][8]$_DFFE_PP_,11.9,8.31,0.18557548438536697,11.714424515614633,clk_nand,VALIDATED
1394,g_chan[1].u_cdc_chr.mem[1][0]$_DFFE_PP_,11.89,8.32,0.17552421854042866,11.714475781459573,clk_nand,VALIDATED
1585,g_chan[1].u_cdc_chr.mem[11][10]$_DFFE_PP_,11.91,8.3,0.1952721835558533,11.714727816444146,clk_nand,VALIDATED
1582,g_chan[1].u_cdc_chr.mem[10][10]$_DFFE_PP_,11.91,8.3,0.1952721835558533,11.714727816444146,clk_nand,VALIDATED
1497,g_chan[1].u_cdc_chr.mem[7][16]$_DFFE_PP_,11.9,8.3,0.18526056797050428,11.714739432029496,clk_nand,VALIDATED
1488,g_chan[1].u_cdc_chr.mem[5][16]$_DFFE_PP_,11.9,8.3,0.18526056797050428,11.714739432029496,clk_nand,VALIDATED
1414,g_chan[1].u_cdc_chr.mem[6][2]$_DFFE_PP_,11.89,8.31,0.1750642738637509,11.71493572613625,clk_nand,VALIDATED
1479,g_chan[1].u_cdc_chr.mem[3][16]$_DFFE_PP_,11.9,8.31,0.18494746238218585,11.715052537617815,clk_nand,VALIDATED
1481,g_chan[1].u_cdc_chr.mem[2][16]$_DFFE_PP_,11.9,8.31,0.18494746238218585,11.715052537617815,clk_nand,VALIDATED
1413,g_chan[1].u_cdc_chr.mem[15][2]$_DFFE_PP_,11.89,8.32,0.17494259752348285,11.715057402476518,clk_nand,VALIDATED
1376,g_chan[1].u_cdc_chr.mem[2][2]$_DFFE_PP_,11.89,8.32,0.17462427089319355,11.715375729106807,clk_nand,VALIDATED
1378,g_chan[1].u_cdc_chr.mem[3][2]$_DFFE_PP_,11.89,8.32,0.17462427089319355,11.715375729106807,clk_nand,VALIDATED
1377,g_chan[1].u_cdc_chr.mem[0][2]$_DFFE_PP_,11.89,8.32,0.17462427089319355,11.715375729106807,clk_nand,VALIDATED
1507,g_chan[1].u_cdc_chr.mem[6][16]$_DFFE_PP_,11.9,8.3,0.1845429702312995,11.7154570297687,clk_nand,VALIDATED
1543,g_chan[1].u_cdc_chr.mem[5][4]$_DFFE_PP_,11.91,8.3,0.19452850288040524,11.715471497119594,clk_nand,VALIDATED
1534,g_chan[1].u_cdc_chr.mem[7][4]$_DFFE_PP_,11.91,8.3,0.19452850288040524,11.715471497119594,clk_nand,VALIDATED
1542,g_chan[1].u_cdc_chr.mem[6][4]$_DFFE_PP_,11.91,8.3,0.19452850288040524,11.715471497119594,clk_nand,VALIDATED
1523,g_chan[1].u_cdc_chr.mem[4][4]$_DFFE_PP_,11.91,8.3,0.19452850288040524,11.715471497119594,clk_nand,VALIDATED
1435,g_chan[1].u_cdc_chr.mem[6][12]$_DFFE_PP_,11.9,8.32,0.18449326594944404,11.715506734050557,clk_nand,VALIDATED
1499,g_chan[1].u_cdc_chr.mem[4][16]$_DFFE_PP_,11.9,8.3,0.18436103820361704,11.715638961796383,clk_nand,VALIDATED
1382,g_chan[1].u_cdc_chr.mem[11][0]$_DFFE_PP_,11.89,8.32,0.17424628669657083,11.71575371330343,clk_nand,VALIDATED
1384,g_chan[1].u_cdc_chr.mem[8][7]$_DFFE_PP_,11.89,8.3,0.17417976524839818,11.715820234751602,clk_nand,VALIDATED
1406,g_chan[1].u_cdc_chr.mem[0][0]$_DFFE_PP_,11.89,8.31,0.17403685606352148,11.715963143936479,clk_nand,VALIDATED
1486,g_chan[1].u_cdc_chr.mem[6][8]$_DFFE_PP_,11.9,8.31,0.18359263789810576,11.716407362101895,clk_nand,VALIDATED
1367,g_chan[1].u_cdc_chr.mem[1][2]$_DFFE_PP_,11.89,8.32,0.17334633904933572,11.716653660950666,clk_nand,VALIDATED
1372,g_chan[1].u_cdc_chr.mem[11][2]$_DFFE_PP_,11.89,8.32,0.17334633904933572,11.716653660950666,clk_nand,VALIDATED
1537,g_chan[1].u_cdc_chr.mem[9][4]$_DFFE_PP_,11.91,8.3,0.19309969164755736,11.716900308352443,clk_nand,VALIDATED
1395,g_chan[1].u_cdc_chr.mem[8][8]$_DFFE_PP_,11.89,8.31,0.17303970744243669,11.716960292557564,clk_nand,VALIDATED
1379,g_chan[1].u_cdc_chr.mem[5][0]$_DFFE_PP_,11.89,8.32,0.172968354852713,11.717031645147287,clk_nand,VALIDATED
1383,g_chan[1].u_cdc_chr.mem[4][0]$_DFFE_PP_,11.89,8.32,0.172968354852713,11.717031645147287,clk_nand,VALIDATED
1385,g_chan[1].u_cdc_chr.mem[9][0]$_DFFE_PP_,11.89,8.31,0.17276046019543756,11.717239539804563,clk_nand,VALIDATED
1392,g_chan[1].u_cdc_chr.mem[10][0]$_DFFE_PP_,11.89,8.31,0.17276046019543756,11.717239539804563,clk_nand,VALIDATED
1391,g_chan[1].u_cdc_chr.mem[15][0]$_DFFE_PP_,11.89,8.31,0.17276046019543756,11.717239539804563,clk_nand,VALIDATED
1386,g_chan[1].u_cdc_chr.mem[8][0]$_DFFE_PP_,11.89,8.31,0.17276046019543756,11.717239539804563,clk_nand,VALIDATED
1586,g_chan[1].u_cdc_chr.mem[2][10]$_DFFE_PP_,11.91,8.3,0.19274496704006971,11.71725503295993,clk_nand,VALIDATED
1374,g_chan[1].u_cdc_chr.mem[5][2]$_DFFE_PP_,11.89,8.32,0.17240075054197224,11.71759924945803,clk_nand,VALIDATED
1366,g_chan[1].u_cdc_chr.mem[4][2]$_DFFE_PP_,11.89,8.32,0.17240075054197224,11.71759924945803,clk_nand,VALIDATED
1373,g_chan[1].u_cdc_chr.mem[8][2]$_DFFE_PP_,11.89,8.32,0.1720684072054779,11.717931592794523,clk_nand,VALIDATED
1369,g_chan[1].u_cdc_chr.mem[10][2]$_DFFE_PP_,11.89,8.32,0.1720684072054779,11.717931592794523,clk_nand,VALIDATED
1365,g_chan[1].u_cdc_chr.mem[9][2]$_DFFE_PP_,11.89,8.32,0.1720684072054779,11.717931592794523,clk_nand,VALIDATED
1410,g_chan[1].u_cdc_chr.mem[6][0]$_DFFE_PP_,11.89,8.32,0.17190403732691917,11.71809596267308,clk_nand,VALIDATED
1396,g_chan[1].u_cdc_chr.mem[12][0]$_DFFE_PP_,11.89,8.32,0.17190403732691917,11.71809596267308,clk_nand,VALIDATED
1387,g_chan[1].u_cdc_chr.mem[14][0]$_DFFE_PP_,11.89,8.32,0.17190403732691917,11.71809596267308,clk_nand,VALIDATED
1412,g_chan[1].u_cdc_chr.mem[13][0]$_DFFE_PP_,11.89,8.32,0.17190403732691917,11.71809596267308,clk_nand,VALIDATED
1408,g_chan[1].u_cdc_chr.mem[7][0]$_DFFE_PP_,11.89,8.31,0.1716974218974392,11.718302578102561,clk_nand,VALIDATED
1564,g_chan[1].u_cdc_chr.mem[1][4]$_DFFE_PP_,11.91,8.3,0.19167088041470948,11.71832911958529,clk_nand,VALIDATED
1550,g_chan[1].u_cdc_chr.mem[10][4]$_DFFE_PP_,11.91,8.3,0.19167088041470948,11.71832911958529,clk_nand,VALIDATED
1560,g_chan[1].u_cdc_chr.mem[0][4]$_DFFE_PP_,11.91,8.3,0.19167088041470948,11.71832911958529,clk_nand,VALIDATED
1545,g_chan[1].u_cdc_chr.mem[3][4]$_DFFE_PP_,11.91,8.3,0.19167088041470948,11.71832911958529,clk_nand,VALIDATED
1533,g_chan[1].u_cdc_chr.mem[8][4]$_DFFE_PP_,11.91,8.3,0.19167088041470948,11.71832911958529,clk_nand,VALIDATED
1538,g_chan[1].u_cdc_chr.mem[11][4]$_DFFE_PP_,11.91,8.3,0.19167088041470948,11.71832911958529,clk_nand,VALIDATED
1541,g_chan[1].u_cdc_chr.mem[2][4]$_DFFE_PP_,11.91,8.3,0.19167088041470948,11.71832911958529,clk_nand,VALIDATED
1380,g_chan[1].u_cdc_chr.mem[12][2]$_DFFE_PP_,11.89,8.32,0.1713364330161784,11.718663566983823,clk_nand,VALIDATED
1429,g_chan[1].u_cdc_chr.mem[2][29]$_DFFE_PP_,11.9,8.31,0.1811846454968037,11.718815354503196,clk_nand,VALIDATED
1419,g_chan[1].u_cdc_chr.mem[11][29]$_DFFE_PP_,11.9,8.31,0.1811846454968037,11.718815354503196,clk_nand,VALIDATED
1420,g_chan[1].u_cdc_chr.mem[8][29]$_DFFE_PP_,11.9,8.31,0.1811846454968037,11.718815354503196,clk_nand,VALIDATED
1422,g_chan[1].u_cdc_chr.mem[10][29]$_DFFE_PP_,11.9,8.31,0.1811846454968037,11.718815354503196,clk_nand,VALIDATED
1389,g_chan[1].u_cdc_chr.mem[13][2]$_DFFE_PP_,11.89,8.31,0.171130499803418,11.718869500196583,clk_nand,VALIDATED
1588,g_chan[1].u_cdc_chr.mem[12][15]$_DFFE_PP_,11.92,8.3,0.2006870159230646,11.719312984076936,clk_nand,VALIDATED
1595,g_chan[1].u_cdc_chr.mem[6][15]$_DFFE_PP_,11.92,8.3,0.2006870159230646,11.719312984076936,clk_nand,VALIDATED
1587,g_chan[1].u_cdc_chr.mem[2][15]$_DFFE_PP_,11.92,8.3,0.2006870159230646,11.719312984076936,clk_nand,VALIDATED
1599,g_chan[1].u_cdc_chr.mem[4][15]$_DFFE_PP_,11.92,8.3,0.2006870159230646,11.719312984076936,clk_nand,VALIDATED
1428,g_chan[1].u_cdc_chr.mem[3][29]$_DFFE_PP_,11.9,8.31,0.18002636976959285,11.719973630230408,clk_nand,VALIDATED
1555,g_chan[1].u_cdc_chr.mem[3][27]$_DFFE_PP_,11.91,8.3,0.18970027236997844,11.720299727630021,clk_nand,VALIDATED
1558,g_chan[1].u_cdc_chr.mem[2][27]$_DFFE_PP_,11.91,8.3,0.18970027236997844,11.720299727630021,clk_nand,VALIDATED
1552,g_chan[1].u_cdc_chr.mem[1][27]$_DFFE_PP_,11.91,8.3,0.18970027236997844,11.720299727630021,clk_nand,VALIDATED
1451,g_chan[1].u_cdc_chr.mem[3][0]$_DFFE_PP_,11.9,8.32,0.17956492206985208,11.720435077930148,clk_nand,VALIDATED
1535,g_chan[1].u_cdc_chr.mem[15][27]$_DFFE_PP_,11.91,8.3,0.18892330339808816,11.721076696601912,clk_nand,VALIDATED
1526,g_chan[1].u_cdc_chr.mem[11][27]$_DFFE_PP_,11.91,8.3,0.18892330339808816,11.721076696601912,clk_nand,VALIDATED
1440,g_chan[1].u_cdc_chr.mem[13][29]$_DFFE_PP_,11.9,8.31,0.17886809404238202,11.721131905957618,clk_nand,VALIDATED
1425,g_chan[1].u_cdc_chr.mem[12][29]$_DFFE_PP_,11.9,8.31,0.17886809404238202,11.721131905957618,clk_nand,VALIDATED
1437,g_chan[1].u_cdc_chr.mem[14][29]$_DFFE_PP_,11.9,8.31,0.17886809404238202,11.721131905957618,clk_nand,VALIDATED
1444,g_chan[1].u_cdc_chr.mem[5][29]$_DFFE_PP_,11.9,8.31,0.17886809404238202,11.721131905957618,clk_nand,VALIDATED
1457,g_chan[1].u_cdc_chr.mem[11][5]$_DFFE_PP_,11.9,8.31,0.1786475088306727,11.721352491169327,clk_nand,VALIDATED
1445,g_chan[1].u_cdc_chr.mem[2][0]$_DFFE_PP_,11.9,8.32,0.1778699052885322,11.722130094711469,clk_nand,VALIDATED
1442,g_chan[1].u_cdc_chr.mem[3][5]$_DFFE_PP_,11.9,8.31,0.17778512205728814,11.722214877942712,clk_nand,VALIDATED
1448,g_chan[1].u_cdc_chr.mem[1][5]$_DFFE_PP_,11.9,8.31,0.17778512205728814,11.722214877942712,clk_nand,VALIDATED
1461,g_chan[1].u_cdc_chr.mem[13][5]$_DFFE_PP_,11.9,8.31,0.17778512205728814,11.722214877942712,clk_nand,VALIDATED
1439,g_chan[1].u_cdc_chr.mem[0][5]$_DFFE_PP_,11.9,8.31,0.17778512205728814,11.722214877942712,clk_nand,VALIDATED
1452,g_chan[1].u_cdc_chr.mem[2][5]$_DFFE_PP_,11.9,8.31,0.17778512205728814,11.722214877942712,clk_nand,VALIDATED
1455,g_chan[1].u_cdc_chr.mem[15][5]$_DFFE_PP_,11.9,8.31,0.17778512205728814,11.722214877942712,clk_nand,VALIDATED
1436,g_chan[1].u_cdc_chr.mem[9][5]$_DFFE_PP_,11.9,8.31,0.17778512205728814,11.722214877942712,clk_nand,VALIDATED
1459,g_chan[1].u_cdc_chr.mem[12][5]$_DFFE_PP_,11.9,8.31,0.17778512205728814,11.722214877942712,clk_nand,VALIDATED
1433,g_chan[1].u_cdc_chr.mem[4][29]$_DFFE_PP_,11.9,8.31,0.17758921621680246,11.722410783783198,clk_nand,VALIDATED
1443,g_chan[1].u_cdc_chr.mem[8][5]$_DFFE_PP_,11.9,8.31,0.17748923310346187,11.722510766896539,clk_nand,VALIDATED
1473,g_chan[1].u_cdc_chr.mem[12][26]$_DFFE_PP_,11.9,8.31,0.17733704631828517,11.722662953681715,clk_nand,VALIDATED
1450,g_chan[1].u_cdc_chr.mem[10][5]$_DFFE_PP_,11.9,8.31,0.1771933441496356,11.722806655850365,clk_nand,VALIDATED
1454,g_chan[1].u_cdc_chr.mem[5][5]$_DFFE_PP_,11.9,8.31,0.1771933441496356,11.722806655850365,clk_nand,VALIDATED
1441,g_chan[1].u_cdc_chr.mem[6][5]$_DFFE_PP_,11.9,8.31,0.1771933441496356,11.722806655850365,clk_nand,VALIDATED
1456,g_chan[1].u_cdc_chr.mem[4][5]$_DFFE_PP_,11.9,8.31,0.1771933441496356,11.722806655850365,clk_nand,VALIDATED
1462,g_chan[1].u_cdc_chr.mem[14][5]$_DFFE_PP_,11.9,8.31,0.1771933441496356,11.722806655850365,clk_nand,VALIDATED
1519,g_chan[1].u_cdc_chr.mem[9][27]$_DFFE_PP_,11.91,8.31,0.18678582489028728,11.723214175109712,clk_nand,VALIDATED
1464,g_chan[1].u_cdc_chr.mem[7][26]$_DFFE_PP_,11.9,8.31,0.176671688523779,11.723328311476221,clk_nand,VALIDATED
1532,g_chan[1].u_cdc_chr.mem[10][27]$_DFFE_PP_,11.91,8.3,0.18656105253783195,11.723438947462169,clk_nand,VALIDATED
1536,g_chan[1].u_cdc_chr.mem[7][27]$_DFFE_PP_,11.91,8.3,0.18656105253783195,11.723438947462169,clk_nand,VALIDATED
1524,g_chan[1].u_cdc_chr.mem[0][27]$_DFFE_PP_,11.91,8.3,0.18656105253783195,11.723438947462169,clk_nand,VALIDATED
1530,g_chan[1].u_cdc_chr.mem[8][27]$_DFFE_PP_,11.91,8.3,0.18656105253783195,11.723438947462169,clk_nand,VALIDATED
1540,g_chan[1].u_cdc_chr.mem[4][27]$_DFFE_PP_,11.91,8.3,0.18656105253783195,11.723438947462169,clk_nand,VALIDATED
1529,g_chan[1].u_cdc_chr.mem[5][27]$_DFFE_PP_,11.91,8.3,0.18656105253783195,11.723438947462169,clk_nand,VALIDATED
1566,g_chan[1].u_cdc_chr.mem[15][7]$_DFFE_PP_,11.91,8.3,0.18647253219719273,11.723527467802807,clk_nand,VALIDATED
1460,g_chan[1].u_cdc_chr.mem[4][26]$_DFFE_PP_,11.9,8.31,0.17637579956995275,11.723624200430047,clk_nand,VALIDATED
1463,g_chan[1].u_cdc_chr.mem[3][26]$_DFFE_PP_,11.9,8.31,0.17637579956995275,11.723624200430047,clk_nand,VALIDATED
1474,g_chan[1].u_cdc_chr.mem[5][26]$_DFFE_PP_,11.9,8.31,0.17637579956995275,11.723624200430047,clk_nand,VALIDATED
1487,g_chan[1].u_cdc_chr.mem[13][26]$_DFFE_PP_,11.9,8.31,0.1760581684927056,11.723941831507295,clk_nand,VALIDATED
1476,g_chan[1].u_cdc_chr.mem[14][26]$_DFFE_PP_,11.9,8.31,0.1760581684927056,11.723941831507295,clk_nand,VALIDATED
1593,g_chan[1].u_cdc_chr.mem[5][10]$_DFFE_PP_,11.92,8.3,0.1956519090639044,11.724348090936095,clk_nand,VALIDATED
1548,g_chan[1].u_cdc_chr.mem[7][7]$_DFFE_PP_,11.91,8.3,0.1855298647353557,11.724470135264644,clk_nand,VALIDATED
1556,g_chan[1].u_cdc_chr.mem[14][7]$_DFFE_PP_,11.91,8.3,0.1855298647353557,11.724470135264644,clk_nand,VALIDATED
1470,g_chan[1].u_cdc_chr.mem[6][26]$_DFFE_PP_,11.9,8.31,0.17539281069819945,11.724607189301802,clk_nand,VALIDATED
1475,g_chan[1].u_cdc_chr.mem[15][26]$_DFFE_PP_,11.9,8.31,0.17539281069819945,11.724607189301802,clk_nand,VALIDATED
1525,g_chan[1].u_cdc_chr.mem[12][27]$_DFFE_PP_,11.91,8.3,0.18535429853180985,11.72464570146819,clk_nand,VALIDATED
1546,g_chan[1].u_cdc_chr.mem[6][27]$_DFFE_PP_,11.91,8.3,0.18535429853180985,11.72464570146819,clk_nand,VALIDATED
1527,g_chan[1].u_cdc_chr.mem[13][27]$_DFFE_PP_,11.91,8.3,0.18535429853180985,11.72464570146819,clk_nand,VALIDATED
1531,g_chan[1].u_cdc_chr.mem[14][27]$_DFFE_PP_,11.91,8.3,0.18535429853180985,11.72464570146819,clk_nand,VALIDATED
1424,g_chan[1].u_cdc_chr.mem[7][2]$_DFFE_PP_,11.9,8.31,0.1750642738637509,11.72493572613625,clk_nand,VALIDATED
1417,g_chan[1].u_cdc_chr.mem[11][26]$_DFFE_PP_,11.9,8.31,0.17505022636799428,11.724949773632005,clk_nand,VALIDATED
1432,g_chan[1].u_cdc_chr.mem[7][5]$_DFFE_PP_,11.9,8.31,0.17493664025899958,11.725063359741,clk_nand,VALIDATED
1596,g_chan[1].u_cdc_chr.mem[9][10]$_DFFE_PP_,11.92,8.3,0.19474479061197736,11.725255209388022,clk_nand,VALIDATED
1426,g_chan[1].u_cdc_chr.mem[14][2]$_DFFE_PP_,11.9,8.31,0.17473232997838206,11.72526767002162,clk_nand,VALIDATED
1466,g_chan[1].u_cdc_chr.mem[2][26]$_DFFE_PP_,11.9,8.31,0.1747274529036933,11.725272547096306,clk_nand,VALIDATED
1567,g_chan[1].u_cdc_chr.mem[11][7]$_DFFE_PP_,11.91,8.3,0.1845871972735187,11.725412802726481,clk_nand,VALIDATED
1568,g_chan[1].u_cdc_chr.mem[10][7]$_DFFE_PP_,11.91,8.3,0.1845871972735187,11.725412802726481,clk_nand,VALIDATED
1561,g_chan[1].u_cdc_chr.mem[6][7]$_DFFE_PP_,11.91,8.3,0.1845871972735187,11.725412802726481,clk_nand,VALIDATED
1576,g_chan[1].u_cdc_chr.mem[9][7]$_DFFE_PP_,11.91,8.3,0.1845871972735187,11.725412802726481,clk_nand,VALIDATED
1592,g_chan[1].u_cdc_chr.mem[15][10]$_DFFE_PP_,11.92,8.3,0.19421739766810142,11.725782602331899,clk_nand,VALIDATED
1594,g_chan[1].u_cdc_chr.mem[4][10]$_DFFE_PP_,11.92,8.3,0.19421739766810142,11.725782602331899,clk_nand,VALIDATED
1598,g_chan[1].u_cdc_chr.mem[13][10]$_DFFE_PP_,11.92,8.3,0.19421739766810142,11.725782602331899,clk_nand,VALIDATED
1597,g_chan[1].u_cdc_chr.mem[7][10]$_DFFE_PP_,11.92,8.3,0.19421739766810142,11.725782602331899,clk_nand,VALIDATED
1591,g_chan[1].u_cdc_chr.mem[12][10]$_DFFE_PP_,11.92,8.3,0.19421739766810142,11.725782602331899,clk_nand,VALIDATED
1522,g_chan[1].u_cdc_chr.mem[14][4]$_DFFE_PP_,11.91,8.3,0.1836186458476281,11.726381354152371,clk_nand,VALIDATED
1521,g_chan[1].u_cdc_chr.mem[13][4]$_DFFE_PP_,11.91,8.3,0.1836186458476281,11.726381354152371,clk_nand,VALIDATED
1518,g_chan[1].u_cdc_chr.mem[15][4]$_DFFE_PP_,11.91,8.3,0.1836186458476281,11.726381354152371,clk_nand,VALIDATED
1600,g_chan[1].u_cdc_chr.mem[8][10]$_DFFE_PP_,11.92,8.3,0.1935415617933346,11.726458438206665,clk_nand,VALIDATED
1430,g_chan[1].u_cdc_chr.mem[10][26]$_DFFE_PP_,11.9,8.31,0.17344801941997545,11.726551980580025,clk_nand,VALIDATED
1590,g_chan[1].u_cdc_chr.mem[1][10]$_DFFE_PP_,11.92,8.3,0.19274496704006971,11.72725503295993,clk_nand,VALIDATED
1589,g_chan[1].u_cdc_chr.mem[0][10]$_DFFE_PP_,11.92,8.3,0.19274496704006971,11.72725503295993,clk_nand,VALIDATED
1427,g_chan[1].u_cdc_chr.mem[8][26]$_DFFE_PP_,11.9,8.31,0.17247074901305726,11.727529250986944,clk_nand,VALIDATED
1434,g_chan[1].u_cdc_chr.mem[1][26]$_DFFE_PP_,11.9,8.31,0.17247074901305726,11.727529250986944,clk_nand,VALIDATED
1416,g_chan[1].u_cdc_chr.mem[0][26]$_DFFE_PP_,11.9,8.31,0.17247074901305726,11.727529250986944,clk_nand,VALIDATED
1438,g_chan[1].u_cdc_chr.mem[9][26]$_DFFE_PP_,11.9,8.31,0.17247074901305726,11.727529250986944,clk_nand,VALIDATED
1520,g_chan[1].u_cdc_chr.mem[12][4]$_DFFE_PP_,11.91,8.3,0.18188102426461117,11.72811897573539,clk_nand,VALIDATED
1547,g_chan[1].u_cdc_chr.mem[13][7]$_DFFE_PP_,11.91,8.3,0.17807052000203516,11.731929479997966,clk_nand,VALIDATED
1528,g_chan[1].u_cdc_chr.mem[12][7]$_DFFE_PP_,11.91,8.3,0.17677867004870684,11.733221329951293,clk_nand,VALIDATED
1559,g_chan[1].u_cdc_chr.mem[5][7]$_DFFE_PP_,11.91,8.3,0.17583600258686982,11.73416399741313,clk_nand,VALIDATED
1562,g_chan[1].u_cdc_chr.mem[2][7]$_DFFE_PP_,11.91,8.3,0.1755158422758476,11.734484157724152,clk_nand,VALIDATED
1565,g_chan[1].u_cdc_chr.mem[1][7]$_DFFE_PP_,11.91,8.3,0.1755158422758476,11.734484157724152,clk_nand,VALIDATED
1554,g_chan[1].u_cdc_chr.mem[3][7]$_DFFE_PP_,11.91,8.3,0.1755158422758476,11.734484157724152,clk_nand,VALIDATED
1549,g_chan[1].u_cdc_chr.mem[4][7]$_DFFE_PP_,11.91,8.3,0.1755158422758476,11.734484157724152,clk_nand,VALIDATED
1539,g_chan[1].u_cdc_chr.mem[0][7]$_DFFE_PP_,11.91,8.3,0.1755158422758476,11.734484157724152,clk_nand,VALIDATED
1575,g_chan[1].u_cdc_chr.mem[10][28]$_DFFE_PP_,11.91,8.28,0.17496359409189866,11.735036405908101,clk_nand,VALIDATED
1573,g_chan[1].u_cdc_chr.mem[8][28]$_DFFE_PP_,11.91,8.28,0.17496359409189866,11.735036405908101,clk_nand,VALIDATED
1551,g_chan[1].u_cdc_chr.mem[11][28]$_DFFE_PP_,11.91,8.28,0.17496359409189866,11.735036405908101,clk_nand,VALIDATED
1571,g_chan[1].u_cdc_chr.mem[9][28]$_DFFE_PP_,11.91,8.28,0.17496359409189866,11.735036405908101,clk_nand,VALIDATED
1557,g_chan[1].u_cdc_chr.mem[1][28]$_DFFE_PP_,11.91,8.28,0.1735587463544097,11.73644125364559,clk_nand,VALIDATED
1563,g_chan[1].u_cdc_chr.mem[0][28]$_DFFE_PP_,11.91,8.28,0.1735587463544097,11.73644125364559,clk_nand,VALIDATED
1570,g_chan[1].u_cdc_chr.mem[7][28]$_DFFE_PP_,11.91,8.28,0.1735587463544097,11.73644125364559,clk_nand,VALIDATED
1574,g_chan[1].u_cdc_chr.mem[6][28]$_DFFE_PP_,11.91,8.28,0.1735587463544097,11.73644125364559,clk_nand,VALIDATED
