path_id,endpoint,slack_ns,delay_ns,droop_penalty_ns,effective_slack_ns,clock_domain,provenance
400,_44521_,2.16,2.89,0.0435238346284548,2.1164761653715454,clk_core,VALIDATED
401,g_clkgate.u_cg_core.en_latched$_DLATCH_N_,2.23,0.58,0.008808578622886285,2.221191421377114,clk_core,VALIDATED
404,c_cmd_addr[30]$_DFFE_PN0N_,3.94,1.34,0.019469924651110006,3.92053007534889,clk_core,VALIDATED
403,c_cmd_addr[28]$_DFFE_PN0N_,3.94,1.34,0.019398663284005385,3.9206013367159946,clk_core,VALIDATED
402,c_cmd_addr[27]$_DFFE_PN0N_,3.94,1.34,0.019345378307579666,3.92065462169242,clk_core,VALIDATED
405,c_cmd_len[9]$_DFFE_PN0N_,3.94,1.34,0.019293869363471418,3.9207061306365287,clk_core,VALIDATED
406,c_cmd_len[16]$_DFFE_PN0N_,3.99,1.28,0.018318062145440572,3.9716819378545596,clk_core,VALIDATED
409,c_cmd_len[23]$_DFFE_PN0N_,3.99,1.28,0.018305908726249508,3.9716940912737506,clk_core,VALIDATED
408,c_cmd_len[22]$_DFFE_PN0N_,3.99,1.28,0.018264834903310212,3.97173516509669,clk_core,VALIDATED
407,c_cmd_len[18]$_DFFE_PN0N_,3.99,1.28,0.01823159690029872,3.9717684030997016,clk_core,VALIDATED
411,c_cmd_len[4]$_DFFE_PN0N_,4.0,1.27,0.018206004129271126,3.9817939958707287,clk_core,VALIDATED
410,c_cmd_len[10]$_DFFE_PN0N_,4.0,1.27,0.018078339328950824,3.9819216606710492,clk_core,VALIDATED
422,u_dma_fabric.rbeat_data[18]$_DFFE_PN0P_,4.01,1.19,0.027865582027728264,3.9821344179722713,clk_core,VALIDATED
418,u_dma_fabric.rbeat_data[20]$_DFFE_PN0P_,4.01,1.19,0.027700197764917833,3.982299802235082,clk_core,VALIDATED
421,u_dma_fabric.rbeat_data[30]$_DFFE_PN0P_,4.01,1.19,0.027041720242984124,3.9829582797570158,clk_core,VALIDATED
420,u_dma_fabric.rbeat_data[29]$_DFFE_PN0P_,4.01,1.19,0.026677851500154087,3.9833221484998456,clk_core,VALIDATED
412,c_cmd_len[7]$_DFFE_PN0N_,4.01,1.27,0.018253605719163936,3.991746394280836,clk_core,VALIDATED
413,c_cmd_len[5]$_DFFE_PN0N_,4.01,1.27,0.018239047298786983,3.991760952701213,clk_core,VALIDATED
415,c_cmd_len[11]$_DFFE_PN0N_,4.01,1.27,0.018195466111495334,3.9918045338885046,clk_core,VALIDATED
414,c_cmd_addr[29]$_DFFE_PN0N_,4.01,1.27,0.018185256358216523,3.9918147436417835,clk_core,VALIDATED
466,u_dma_fabric.rbeat_data[13]$_DFFE_PN0P_,4.02,1.17,0.027797891836687086,3.9922021081633123,clk_core,VALIDATED
417,c_cmd_addr[21]$_DFFE_PN0N_,4.01,1.26,0.01778532789386819,3.992214672106132,clk_core,VALIDATED
416,c_cmd_addr[31]$_DFFE_PN0N_,4.01,1.26,0.017718213625361065,3.992281786374639,clk_core,VALIDATED
465,u_dma_fabric.rbeat_data[12]$_DFFE_PN0P_,4.02,1.17,0.027711196252808726,3.992288803747191,clk_core,VALIDATED
419,c_cmd_len[28]$_DFFE_PN0N_,4.01,1.26,0.017701454444523416,3.9922985455554763,clk_core,VALIDATED
464,u_dma_fabric.rbeat_data[10]$_DFFE_PN0P_,4.02,1.17,0.02741515443611671,3.992584845563883,clk_core,VALIDATED
467,u_dma_fabric.rbeat_data[17]$_DFFE_PN0P_,4.02,1.17,0.027413654847822044,3.9925863451521777,clk_core,VALIDATED
469,u_dma_fabric.rbeat_data[16]$_DFFE_PN0P_,4.02,1.17,0.02702322159583863,3.9929767784041608,clk_core,VALIDATED
482,u_dma_fabric.rbeat_data[19]$_DFFE_PN0P_,4.02,1.17,0.026985079357074053,3.9930149206429255,clk_core,VALIDATED
451,g_chan[0].u_cdc_chw.mem[11][31]$_DFFE_PP_,4.02,1.18,0.020961300679952943,3.999038699320047,clk_core,VALIDATED
453,g_chan[0].u_cdc_chw.mem[5][31]$_DFFE_PP_,4.02,1.18,0.020961300679952943,3.999038699320047,clk_core,VALIDATED
452,g_chan[0].u_cdc_chw.mem[13][31]$_DFFE_PP_,4.02,1.18,0.020961300679952943,3.999038699320047,clk_core,VALIDATED
463,g_chan[0].u_cdc_chw.mem[7][31]$_DFFE_PP_,4.02,1.18,0.020961300679952943,3.999038699320047,clk_core,VALIDATED
460,g_chan[0].u_cdc_chw.mem[3][31]$_DFFE_PP_,4.02,1.18,0.020961300679952943,3.999038699320047,clk_core,VALIDATED
450,g_chan[0].u_cdc_chw.mem[10][31]$_DFFE_PP_,4.02,1.18,0.020961300679952943,3.999038699320047,clk_core,VALIDATED
454,g_chan[0].u_cdc_chw.mem[8][31]$_DFFE_PP_,4.02,1.18,0.020961300679952943,3.999038699320047,clk_core,VALIDATED
455,g_chan[0].u_cdc_chw.mem[9][31]$_DFFE_PP_,4.02,1.18,0.020961300679952943,3.999038699320047,clk_core,VALIDATED
461,g_chan[0].u_cdc_chw.mem[4][31]$_DFFE_PP_,4.02,1.18,0.020961300679952943,3.999038699320047,clk_core,VALIDATED
462,g_chan[0].u_cdc_chw.mem[6][31]$_DFFE_PP_,4.02,1.18,0.020961300679952943,3.999038699320047,clk_core,VALIDATED
459,g_chan[0].u_cdc_chw.mem[2][31]$_DFFE_PP_,4.02,1.18,0.020961300679952943,3.999038699320047,clk_core,VALIDATED
457,g_chan[0].u_cdc_chw.mem[14][31]$_DFFE_PP_,4.02,1.18,0.020961300679952943,3.999038699320047,clk_core,VALIDATED
456,g_chan[0].u_cdc_chw.mem[12][31]$_DFFE_PP_,4.02,1.18,0.020961300679952943,3.999038699320047,clk_core,VALIDATED
458,g_chan[0].u_cdc_chw.mem[15][31]$_DFFE_PP_,4.02,1.18,0.02090850125723656,3.999091498742763,clk_core,VALIDATED
426,g_chan[0].u_cdc_chw.mem[0][31]$_DFFE_PP_,4.02,1.18,0.020902138176746465,3.999097861823253,clk_core,VALIDATED
468,g_chan[0].u_cdc_chw.mem[12][14]$_DFFE_PP_,4.02,1.18,0.020889548826052623,3.999110451173947,clk_core,VALIDATED
427,g_chan[0].u_cdc_chw.mem[1][31]$_DFFE_PP_,4.02,1.18,0.020868723075836065,3.9991312769241634,clk_core,VALIDATED
446,g_chan[0].u_cdc_chw.mem[9][14]$_DFFE_PP_,4.02,1.18,0.020830386322846145,3.9991696136771533,clk_core,VALIDATED
437,g_chan[0].u_cdc_chw.mem[13][14]$_DFFE_PP_,4.02,1.18,0.020830386322846145,3.9991696136771533,clk_core,VALIDATED
445,g_chan[0].u_cdc_chw.mem[8][14]$_DFFE_PP_,4.02,1.18,0.020796971221935745,3.999203028778064,clk_core,VALIDATED
476,g_chan[0].u_cdc_chw.mem[10][17]$_DFFE_PP_,4.02,1.18,0.02077843880482473,3.9992215611951747,clk_core,VALIDATED
477,g_chan[0].u_cdc_chw.mem[11][17]$_DFFE_PP_,4.02,1.18,0.02077843880482473,3.9992215611951747,clk_core,VALIDATED
478,g_chan[0].u_cdc_chw.mem[12][17]$_DFFE_PP_,4.02,1.18,0.02077843880482473,3.9992215611951747,clk_core,VALIDATED
479,g_chan[0].u_cdc_chw.mem[14][17]$_DFFE_PP_,4.02,1.18,0.02077843880482473,3.9992215611951747,clk_core,VALIDATED
481,g_chan[0].u_cdc_chw.mem[13][17]$_DFFE_PP_,4.02,1.18,0.02077843880482473,3.9992215611951747,clk_core,VALIDATED
480,g_chan[0].u_cdc_chw.mem[15][17]$_DFFE_PP_,4.02,1.18,0.02077843880482473,3.9992215611951747,clk_core,VALIDATED
439,g_chan[0].u_cdc_chw.mem[15][14]$_DFFE_PP_,4.02,1.18,0.020777586900129763,3.99922241309987,clk_core,VALIDATED
438,g_chan[0].u_cdc_chw.mem[14][14]$_DFFE_PP_,4.02,1.18,0.020777586900129763,3.99922241309987,clk_core,VALIDATED
448,g_chan[0].u_cdc_chw.mem[1][14]$_DFFE_PP_,4.02,1.18,0.020763556121025345,3.9992364438789743,clk_core,VALIDATED
449,g_chan[0].u_cdc_chw.mem[4][14]$_DFFE_PP_,4.02,1.18,0.020763556121025345,3.9992364438789743,clk_core,VALIDATED
447,g_chan[0].u_cdc_chw.mem[0][14]$_DFFE_PP_,4.02,1.18,0.020763556121025345,3.9992364438789743,clk_core,VALIDATED
442,g_chan[0].u_cdc_chw.mem[5][14]$_DFFE_PP_,4.02,1.18,0.02071556127415941,3.99928443872584,clk_core,VALIDATED
435,g_chan[0].u_cdc_chw.mem[10][14]$_DFFE_PP_,4.02,1.18,0.02069617695235343,3.9993038230476463,clk_core,VALIDATED
436,g_chan[0].u_cdc_chw.mem[11][14]$_DFFE_PP_,4.02,1.18,0.02069617695235343,3.9993038230476463,clk_core,VALIDATED
441,g_chan[0].u_cdc_chw.mem[3][14]$_DFFE_PP_,4.02,1.18,0.020667566427293477,3.999332433572706,clk_core,VALIDATED
444,g_chan[0].u_cdc_chw.mem[7][14]$_DFFE_PP_,4.02,1.18,0.020667566427293477,3.999332433572706,clk_core,VALIDATED
443,g_chan[0].u_cdc_chw.mem[6][14]$_DFFE_PP_,4.02,1.18,0.020667566427293477,3.999332433572706,clk_core,VALIDATED
440,g_chan[0].u_cdc_chw.mem[2][14]$_DFFE_PP_,4.02,1.18,0.020667566427293477,3.999332433572706,clk_core,VALIDATED
432,g_chan[1].u_cdc_chw.mem[1][31]$_DFFE_PP_,4.02,1.18,0.019735308946566416,4.000264691053433,clk_core,VALIDATED
434,g_chan[1].u_cdc_chw.mem[3][31]$_DFFE_PP_,4.02,1.18,0.019735308946566416,4.000264691053433,clk_core,VALIDATED
431,g_chan[1].u_cdc_chw.mem[0][31]$_DFFE_PP_,4.02,1.18,0.019735308946566416,4.000264691053433,clk_core,VALIDATED
433,g_chan[1].u_cdc_chw.mem[2][31]$_DFFE_PP_,4.02,1.18,0.019735308946566416,4.000264691053433,clk_core,VALIDATED
430,g_chan[1].u_cdc_chw.mem[6][31]$_DFFE_PP_,4.02,1.18,0.0197041756466952,4.000295824353304,clk_core,VALIDATED
429,g_chan[1].u_cdc_chw.mem[5][31]$_DFFE_PP_,4.02,1.18,0.01970105985220308,4.000298940147797,clk_core,VALIDATED
428,g_chan[1].u_cdc_chw.mem[4][31]$_DFFE_PP_,4.02,1.18,0.01970105985220308,4.000298940147797,clk_core,VALIDATED
423,g_chan[1].u_cdc_chw.mem[7][31]$_DFFE_PP_,4.02,1.18,0.0196456062705732,4.000354393729427,clk_core,VALIDATED
425,g_chan[1].u_cdc_chw.mem[1][14]$_DFFE_PP_,4.02,1.18,0.019418562980563617,4.000581437019436,clk_core,VALIDATED
424,g_chan[1].u_cdc_chw.mem[0][14]$_DFFE_PP_,4.02,1.18,0.019395903578237894,4.000604096421761,clk_core,VALIDATED
470,g_chan[1].u_cdc_chw.mem[6][14]$_DFFE_PP_,4.02,1.18,0.019347135761741158,4.000652864238258,clk_core,VALIDATED
472,g_chan[1].u_cdc_chw.mem[2][14]$_DFFE_PP_,4.02,1.18,0.019347135761741158,4.000652864238258,clk_core,VALIDATED
471,g_chan[1].u_cdc_chw.mem[7][14]$_DFFE_PP_,4.02,1.18,0.019347135761741158,4.000652864238258,clk_core,VALIDATED
474,g_chan[1].u_cdc_chw.mem[4][14]$_DFFE_PP_,4.02,1.18,0.019347135761741158,4.000652864238258,clk_core,VALIDATED
473,g_chan[1].u_cdc_chw.mem[3][14]$_DFFE_PP_,4.02,1.18,0.019347135761741158,4.000652864238258,clk_core,VALIDATED
475,g_chan[1].u_cdc_chw.mem[5][14]$_DFFE_PP_,4.02,1.18,0.019347135761741158,4.000652864238258,clk_core,VALIDATED
490,g_chan[0].u_cdc_chw.mem[0][17]$_DFFE_PP_,4.03,1.18,0.020934924899516497,4.009065075100484,clk_core,VALIDATED
494,g_chan[0].u_cdc_chw.mem[7][17]$_DFFE_PP_,4.03,1.18,0.020934924899516497,4.009065075100484,clk_core,VALIDATED
493,g_chan[0].u_cdc_chw.mem[5][17]$_DFFE_PP_,4.03,1.18,0.020934924899516497,4.009065075100484,clk_core,VALIDATED
500,g_chan[0].u_cdc_chw.mem[3][17]$_DFFE_PP_,4.03,1.18,0.020934924899516497,4.009065075100484,clk_core,VALIDATED
491,g_chan[0].u_cdc_chw.mem[1][17]$_DFFE_PP_,4.03,1.18,0.020934924899516497,4.009065075100484,clk_core,VALIDATED
499,g_chan[0].u_cdc_chw.mem[2][17]$_DFFE_PP_,4.03,1.18,0.020934924899516497,4.009065075100484,clk_core,VALIDATED
501,g_chan[0].u_cdc_chw.mem[6][17]$_DFFE_PP_,4.03,1.18,0.020934924899516497,4.009065075100484,clk_core,VALIDATED
496,g_chan[0].u_cdc_chw.mem[9][17]$_DFFE_PP_,4.03,1.18,0.020923163071637413,4.0090768369283625,clk_core,VALIDATED
495,g_chan[0].u_cdc_chw.mem[8][17]$_DFFE_PP_,4.03,1.18,0.020923163071637413,4.0090768369283625,clk_core,VALIDATED
492,g_chan[0].u_cdc_chw.mem[4][17]$_DFFE_PP_,4.03,1.18,0.020923163071637413,4.0090768369283625,clk_core,VALIDATED
502,g_chan[1].u_cdc_chw.mem[2][17]$_DFFE_PP_,4.03,1.18,0.0199597805666292,4.010040219433371,clk_core,VALIDATED
503,g_chan[1].u_cdc_chw.mem[3][17]$_DFFE_PP_,4.03,1.18,0.019930533291645,4.010069466708355,clk_core,VALIDATED
485,g_chan[1].u_cdc_chw.mem[1][17]$_DFFE_PP_,4.03,1.18,0.019901286016660802,4.010098713983339,clk_core,VALIDATED
484,g_chan[1].u_cdc_chw.mem[0][17]$_DFFE_PP_,4.03,1.18,0.019901286016660802,4.010098713983339,clk_core,VALIDATED
486,g_chan[1].u_cdc_chw.mem[4][17]$_DFFE_PP_,4.03,1.18,0.019901286016660802,4.010098713983339,clk_core,VALIDATED
489,g_chan[1].u_cdc_chw.mem[7][17]$_DFFE_PP_,4.03,1.18,0.019901286016660802,4.010098713983339,clk_core,VALIDATED
488,g_chan[1].u_cdc_chw.mem[6][17]$_DFFE_PP_,4.03,1.18,0.019901286016660802,4.010098713983339,clk_core,VALIDATED
487,g_chan[1].u_cdc_chw.mem[5][17]$_DFFE_PP_,4.03,1.18,0.019901286016660802,4.010098713983339,clk_core,VALIDATED
498,g_chan[1].u_cdc_chw.mem[11][17]$_DFFE_PP_,4.03,1.18,0.019756885567338206,4.0102431144326625,clk_core,VALIDATED
497,g_chan[1].u_cdc_chw.mem[10][17]$_DFFE_PP_,4.03,1.18,0.01971036799402391,4.010289632005977,clk_core,VALIDATED
507,g_chan[1].u_cdc_chw.mem[9][17]$_DFFE_PP_,4.03,1.18,0.019704536807936823,4.0102954631920635,clk_core,VALIDATED
506,g_chan[1].u_cdc_chw.mem[8][17]$_DFFE_PP_,4.03,1.18,0.019704536807936823,4.0102954631920635,clk_core,VALIDATED
505,g_chan[1].u_cdc_chw.mem[13][17]$_DFFE_PP_,4.03,1.18,0.019663850420709617,4.010336149579291,clk_core,VALIDATED
504,g_chan[1].u_cdc_chw.mem[12][17]$_DFFE_PP_,4.03,1.18,0.019663850420709617,4.010336149579291,clk_core,VALIDATED
483,c_cmd_addr[26]$_DFFE_PN0N_,4.03,1.25,0.017885459718409373,4.0121145402815905,clk_core,VALIDATED
511,c_cmd_addr[23]$_DFFE_PN0N_,4.03,1.25,0.017717222592384854,4.0122827774076155,clk_core,VALIDATED
508,c_cmd_addr[20]$_DFFE_PN0N_,4.03,1.25,0.017646047242911155,4.012353952757089,clk_core,VALIDATED
509,c_cmd_len[26]$_DFFE_PN0N_,4.03,1.25,0.0176169761403012,4.012383023859699,clk_core,VALIDATED
510,c_cmd_len[13]$_DFFE_PN0N_,4.03,1.24,0.017483506946439048,4.012516493053561,clk_core,VALIDATED
512,c_cmd_len[20]$_DFFE_PN0N_,4.04,1.24,0.01763024859876168,4.022369751401238,clk_core,VALIDATED
514,c_cmd_len[21]$_DFFE_PN0N_,4.04,1.24,0.017613552780374304,4.022386447219626,clk_core,VALIDATED
513,c_cmd_len[14]$_DFFE_PN0N_,4.04,1.24,0.017579927636966898,4.022420072363033,clk_core,VALIDATED
515,c_cmd_len[31]$_DFFE_PN0N_,4.04,1.24,0.017522135379605126,4.022477864620395,clk_core,VALIDATED
517,c_cmd_addr[11]$_DFFE_PN0N_,4.05,1.23,0.01790672395303807,4.032093276046962,clk_core,VALIDATED
516,c_cmd_addr[10]$_DFFE_PN0N_,4.05,1.23,0.017872774265410465,4.032127225734589,clk_core,VALIDATED
519,c_cmd_addr[7]$_DFFE_PN0N_,4.05,1.23,0.017841901892563267,4.032158098107437,clk_core,VALIDATED
518,c_cmd_addr[6]$_DFFE_PN0N_,4.05,1.23,0.017828226416186567,4.032171773583813,clk_core,VALIDATED
520,c_cmd_addr[9]$_DFFE_PN0N_,4.05,1.23,0.017800875463433168,4.032199124536566,clk_core,VALIDATED
523,c_cmd_opcode[6]$_DFFE_PN0N_,4.05,1.23,0.017772020358980595,4.03222797964102,clk_core,VALIDATED
521,c_cmd_addr[2]$_DFFE_PN0N_,4.05,1.23,0.017756790557745053,4.032243209442255,clk_core,VALIDATED
522,c_cmd_addr[8]$_DFFE_PN0N_,4.05,1.23,0.017756790557745053,4.032243209442255,clk_core,VALIDATED
539,g_chan[1].u_cdc_chw.mem[8][14]$_DFFE_PP_,4.08,1.12,0.01838022383686673,4.061619776163133,clk_core,VALIDATED
538,g_chan[1].u_cdc_chw.mem[11][14]$_DFFE_PP_,4.08,1.12,0.018373723755342047,4.061626276244658,clk_core,VALIDATED
537,g_chan[1].u_cdc_chw.mem[10][14]$_DFFE_PP_,4.08,1.12,0.018373723755342047,4.061626276244658,clk_core,VALIDATED
526,g_chan[1].u_cdc_chw.mem[13][31]$_DFFE_PP_,4.08,1.12,0.01836781879163188,4.061632181208368,clk_core,VALIDATED
524,g_chan[1].u_cdc_chw.mem[10][31]$_DFFE_PP_,4.08,1.12,0.01836781879163188,4.061632181208368,clk_core,VALIDATED
536,g_chan[1].u_cdc_chw.mem[9][31]$_DFFE_PP_,4.08,1.12,0.01836781879163188,4.061632181208368,clk_core,VALIDATED
534,g_chan[1].u_cdc_chw.mem[11][31]$_DFFE_PP_,4.08,1.12,0.01836781879163188,4.061632181208368,clk_core,VALIDATED
525,g_chan[1].u_cdc_chw.mem[12][31]$_DFFE_PP_,4.08,1.12,0.01836781879163188,4.061632181208368,clk_core,VALIDATED
535,g_chan[1].u_cdc_chw.mem[8][31]$_DFFE_PP_,4.08,1.12,0.01836781879163188,4.061632181208368,clk_core,VALIDATED
528,g_chan[1].u_cdc_chw.mem[15][31]$_DFFE_PP_,4.08,1.12,0.01836781879163188,4.061632181208368,clk_core,VALIDATED
527,g_chan[1].u_cdc_chw.mem[14][31]$_DFFE_PP_,4.08,1.12,0.01836781879163188,4.061632181208368,clk_core,VALIDATED
529,c_cmd_addr[3]$_DFFE_PN0N_,4.08,1.19,0.017327397348459887,4.06267260265154,clk_core,VALIDATED
530,c_cmd_addr[4]$_DFFE_PN0N_,4.08,1.19,0.017269423757500513,4.062730576242499,clk_core,VALIDATED
531,c_cmd_addr[5]$_DFFE_PN0N_,4.08,1.19,0.01720932024983768,4.0627906797501625,clk_core,VALIDATED
532,c_cmd_len[27]$_DFFE_PN0N_,4.08,1.19,0.016886992311840585,4.06311300768816,clk_core,VALIDATED
533,c_cmd_len[29]$_DFFE_PN0N_,4.08,1.19,0.016874785754651907,4.063125214245348,clk_core,VALIDATED
540,c_cmd_len[30]$_DFFE_PN0N_,4.08,1.19,0.016797484276505827,4.063202515723495,clk_core,VALIDATED
552,g_chan[0].u_cdc_chw.mem[14][24]$_DFFE_PP_,4.09,1.11,0.0191695656642472,4.070830434335753,clk_core,VALIDATED
542,g_chan[1].u_cdc_chw.mem[13][14]$_DFFE_PP_,4.09,1.12,0.018334089790921396,4.071665910209078,clk_core,VALIDATED
541,g_chan[1].u_cdc_chw.mem[12][14]$_DFFE_PP_,4.09,1.12,0.018334089790921396,4.071665910209078,clk_core,VALIDATED
543,g_chan[1].u_cdc_chw.mem[14][14]$_DFFE_PP_,4.09,1.12,0.018331364178907655,4.0716686358210925,clk_core,VALIDATED
545,g_chan[1].u_cdc_chw.mem[9][14]$_DFFE_PP_,4.09,1.12,0.018328638566893915,4.071671361433106,clk_core,VALIDATED
544,g_chan[1].u_cdc_chw.mem[15][14]$_DFFE_PP_,4.09,1.12,0.018328638566893915,4.071671361433106,clk_core,VALIDATED
550,c_cmd_len[2]$_DFFE_PN0N_,4.09,1.18,0.01690933247382692,4.073090667526173,clk_core,VALIDATED
551,c_cmd_len[8]$_DFFE_PN0N_,4.09,1.18,0.016872698779083456,4.073127301220916,clk_core,VALIDATED
549,c_cmd_len[19]$_DFFE_PN0N_,4.09,1.18,0.016850203557257956,4.073149796442742,clk_core,VALIDATED
547,c_cmd_len[24]$_DFFE_PN0N_,4.09,1.18,0.01682382548671247,4.0731761745132875,clk_core,VALIDATED
546,c_cmd_len[17]$_DFFE_PN0N_,4.09,1.18,0.01679470387417282,4.073205296125827,clk_core,VALIDATED
548,c_cmd_len[15]$_DFFE_PN0N_,4.09,1.18,0.016794431006744333,4.073205568993256,clk_core,VALIDATED
585,g_chan[0].u_cdc_chw.mem[6][25]$_DFFE_PP_,4.1,1.11,0.01950572482374427,4.080494275176255,clk_core,VALIDATED
564,g_chan[0].u_cdc_chw.mem[7][25]$_DFFE_PP_,4.1,1.11,0.01947402300412479,4.080525976995875,clk_core,VALIDATED
560,g_chan[0].u_cdc_chw.mem[2][25]$_DFFE_PP_,4.1,1.11,0.01947402300412479,4.080525976995875,clk_core,VALIDATED
559,g_chan[0].u_cdc_chw.mem[1][25]$_DFFE_PP_,4.1,1.11,0.01947402300412479,4.080525976995875,clk_core,VALIDATED
561,g_chan[0].u_cdc_chw.mem[3][25]$_DFFE_PP_,4.1,1.11,0.01947402300412479,4.080525976995875,clk_core,VALIDATED
553,g_chan[0].u_cdc_chw.mem[0][25]$_DFFE_PP_,4.1,1.11,0.01947402300412479,4.080525976995875,clk_core,VALIDATED
563,g_chan[0].u_cdc_chw.mem[5][25]$_DFFE_PP_,4.1,1.11,0.01947402300412479,4.080525976995875,clk_core,VALIDATED
562,g_chan[0].u_cdc_chw.mem[4][25]$_DFFE_PP_,4.1,1.11,0.01947402300412479,4.080525976995875,clk_core,VALIDATED
555,g_chan[0].u_cdc_chw.mem[11][25]$_DFFE_PP_,4.1,1.11,0.01941802281254379,4.080581977187456,clk_core,VALIDATED
566,g_chan[0].u_cdc_chw.mem[9][25]$_DFFE_PP_,4.1,1.11,0.01941802281254379,4.080581977187456,clk_core,VALIDATED
554,g_chan[0].u_cdc_chw.mem[10][25]$_DFFE_PP_,4.1,1.11,0.01941802281254379,4.080581977187456,clk_core,VALIDATED
557,g_chan[0].u_cdc_chw.mem[13][25]$_DFFE_PP_,4.1,1.11,0.019362022620962788,4.080637977379037,clk_core,VALIDATED
576,g_chan[0].u_cdc_chw.mem[15][25]$_DFFE_PP_,4.1,1.11,0.019362022620962788,4.080637977379037,clk_core,VALIDATED
558,g_chan[0].u_cdc_chw.mem[14][25]$_DFFE_PP_,4.1,1.11,0.019362022620962788,4.080637977379037,clk_core,VALIDATED
556,g_chan[0].u_cdc_chw.mem[12][25]$_DFFE_PP_,4.1,1.11,0.019362022620962788,4.080637977379037,clk_core,VALIDATED
565,g_chan[0].u_cdc_chw.mem[8][25]$_DFFE_PP_,4.1,1.11,0.019362022620962788,4.080637977379037,clk_core,VALIDATED
569,g_chan[0].u_cdc_chw.mem[3][24]$_DFFE_PP_,4.1,1.11,0.019044370874200883,4.080955629125799,clk_core,VALIDATED
571,g_chan[0].u_cdc_chw.mem[11][24]$_DFFE_PP_,4.1,1.11,0.019044370874200883,4.080955629125799,clk_core,VALIDATED
568,g_chan[0].u_cdc_chw.mem[2][24]$_DFFE_PP_,4.1,1.11,0.019044370874200883,4.080955629125799,clk_core,VALIDATED
572,g_chan[0].u_cdc_chw.mem[12][24]$_DFFE_PP_,4.1,1.11,0.019044370874200883,4.080955629125799,clk_core,VALIDATED
573,g_chan[0].u_cdc_chw.mem[13][24]$_DFFE_PP_,4.1,1.11,0.019044370874200883,4.080955629125799,clk_core,VALIDATED
570,g_chan[0].u_cdc_chw.mem[9][24]$_DFFE_PP_,4.1,1.11,0.019044370874200883,4.080955629125799,clk_core,VALIDATED
575,g_chan[0].u_cdc_chw.mem[8][24]$_DFFE_PP_,4.1,1.11,0.019044370874200883,4.080955629125799,clk_core,VALIDATED
574,g_chan[0].u_cdc_chw.mem[15][24]$_DFFE_PP_,4.1,1.11,0.019033147058100316,4.080966852941899,clk_core,VALIDATED
567,g_chan[0].u_cdc_chw.mem[10][24]$_DFFE_PP_,4.1,1.11,0.018971936561725133,4.081028063438275,clk_core,VALIDATED
579,g_chan[0].u_cdc_chw.mem[4][24]$_DFFE_PP_,4.1,1.11,0.018899502249249384,4.08110049775075,clk_core,VALIDATED
581,g_chan[0].u_cdc_chw.mem[6][24]$_DFFE_PP_,4.1,1.11,0.018899502249249384,4.08110049775075,clk_core,VALIDATED
578,g_chan[0].u_cdc_chw.mem[1][24]$_DFFE_PP_,4.1,1.11,0.018899502249249384,4.08110049775075,clk_core,VALIDATED
580,g_chan[0].u_cdc_chw.mem[5][24]$_DFFE_PP_,4.1,1.11,0.018899502249249384,4.08110049775075,clk_core,VALIDATED
582,g_chan[0].u_cdc_chw.mem[7][24]$_DFFE_PP_,4.1,1.11,0.018899502249249384,4.08110049775075,clk_core,VALIDATED
577,g_chan[0].u_cdc_chw.mem[0][24]$_DFFE_PP_,4.1,1.11,0.018899502249249384,4.08110049775075,clk_core,VALIDATED
583,g_chan[1].u_cdc_chw.mem[14][17]$_DFFE_PP_,4.1,1.11,0.018461528272588207,4.081538471727411,clk_core,VALIDATED
584,g_chan[1].u_cdc_chw.mem[15][17]$_DFFE_PP_,4.1,1.11,0.018461528272588207,4.081538471727411,clk_core,VALIDATED
586,g_chan[1].u_cdc_chw.mem[12][25]$_DFFE_PP_,4.1,1.11,0.01814335227501948,4.0818566477249805,clk_core,VALIDATED
587,g_chan[1].u_cdc_chw.mem[14][25]$_DFFE_PP_,4.1,1.11,0.01814335227501948,4.0818566477249805,clk_core,VALIDATED
588,g_chan[1].u_cdc_chw.mem[15][25]$_DFFE_PP_,4.1,1.11,0.018137470238773948,4.081862529761226,clk_core,VALIDATED
590,g_chan[1].u_cdc_chw.mem[13][25]$_DFFE_PP_,4.1,1.11,0.018092227587814286,4.081907772412185,clk_core,VALIDATED
591,g_chan[1].u_cdc_chw.mem[1][25]$_DFFE_PP_,4.1,1.11,0.018092227587814286,4.081907772412185,clk_core,VALIDATED
589,g_chan[1].u_cdc_chw.mem[8][25]$_DFFE_PP_,4.1,1.11,0.018092227587814286,4.081907772412185,clk_core,VALIDATED
696,g_chan[0].u_cdc_chw.mem[10][16]$_DFFE_PP_,4.11,1.09,0.019793560449828163,4.0902064395501725,clk_core,VALIDATED
690,g_chan[0].u_cdc_chw.mem[9][16]$_DFFE_PP_,4.11,1.09,0.019793560449828163,4.0902064395501725,clk_core,VALIDATED
697,g_chan[0].u_cdc_chw.mem[13][16]$_DFFE_PP_,4.11,1.09,0.019793560449828163,4.0902064395501725,clk_core,VALIDATED
688,g_chan[0].u_cdc_chw.mem[12][16]$_DFFE_PP_,4.11,1.09,0.019793560449828163,4.0902064395501725,clk_core,VALIDATED
689,g_chan[0].u_cdc_chw.mem[8][16]$_DFFE_PP_,4.11,1.09,0.019793560449828163,4.0902064395501725,clk_core,VALIDATED
699,g_chan[0].u_cdc_chw.mem[15][16]$_DFFE_PP_,4.11,1.09,0.019793560449828163,4.0902064395501725,clk_core,VALIDATED
695,g_chan[0].u_cdc_chw.mem[11][16]$_DFFE_PP_,4.11,1.09,0.01976091921031583,4.090239080789685,clk_core,VALIDATED
698,g_chan[0].u_cdc_chw.mem[14][16]$_DFFE_PP_,4.11,1.09,0.01976091921031583,4.090239080789685,clk_core,VALIDATED
678,g_chan[0].u_cdc_chw.mem[7][16]$_DFFE_PP_,4.11,1.09,0.01963801044814527,4.090361989551855,clk_core,VALIDATED
677,g_chan[0].u_cdc_chw.mem[6][16]$_DFFE_PP_,4.11,1.09,0.01963801044814527,4.090361989551855,clk_core,VALIDATED
638,g_chan[0].u_cdc_chw.mem[11][12]$_DFFE_PP_,4.11,1.09,0.0196233098476203,4.09037669015238,clk_core,VALIDATED
646,g_chan[0].u_cdc_chw.mem[14][12]$_DFFE_PP_,4.11,1.09,0.0196233098476203,4.09037669015238,clk_core,VALIDATED
645,g_chan[0].u_cdc_chw.mem[13][12]$_DFFE_PP_,4.11,1.09,0.0196233098476203,4.09037669015238,clk_core,VALIDATED
652,g_chan[0].u_cdc_chw.mem[9][12]$_DFFE_PP_,4.11,1.09,0.0196233098476203,4.09037669015238,clk_core,VALIDATED
651,g_chan[0].u_cdc_chw.mem[8][12]$_DFFE_PP_,4.11,1.09,0.0196233098476203,4.09037669015238,clk_core,VALIDATED
637,g_chan[0].u_cdc_chw.mem[10][12]$_DFFE_PP_,4.11,1.09,0.0196233098476203,4.09037669015238,clk_core,VALIDATED
647,g_chan[0].u_cdc_chw.mem[15][12]$_DFFE_PP_,4.11,1.09,0.0196233098476203,4.09037669015238,clk_core,VALIDATED
673,g_chan[0].u_cdc_chw.mem[1][16]$_DFFE_PP_,4.11,1.09,0.019605429151541946,4.090394570848458,clk_core,VALIDATED
680,g_chan[0].u_cdc_chw.mem[0][16]$_DFFE_PP_,4.11,1.09,0.019605429151541946,4.090394570848458,clk_core,VALIDATED
676,g_chan[0].u_cdc_chw.mem[5][16]$_DFFE_PP_,4.11,1.09,0.019605429151541946,4.090394570848458,clk_core,VALIDATED
681,g_chan[0].u_cdc_chw.mem[2][16]$_DFFE_PP_,4.11,1.09,0.019605429151541946,4.090394570848458,clk_core,VALIDATED
674,g_chan[0].u_cdc_chw.mem[3][16]$_DFFE_PP_,4.11,1.09,0.019605429151541946,4.090394570848458,clk_core,VALIDATED
675,g_chan[0].u_cdc_chw.mem[4][16]$_DFFE_PP_,4.11,1.09,0.019605429151541946,4.090394570848458,clk_core,VALIDATED
649,g_chan[0].u_cdc_chw.mem[5][12]$_DFFE_PP_,4.11,1.09,0.019568976302220875,4.0904310236977794,clk_core,VALIDATED
644,g_chan[0].u_cdc_chw.mem[12][12]$_DFFE_PP_,4.11,1.09,0.019568976302220875,4.0904310236977794,clk_core,VALIDATED
648,g_chan[0].u_cdc_chw.mem[4][12]$_DFFE_PP_,4.11,1.09,0.019568976302220875,4.0904310236977794,clk_core,VALIDATED
650,g_chan[0].u_cdc_chw.mem[6][12]$_DFFE_PP_,4.11,1.09,0.019568976302220875,4.0904310236977794,clk_core,VALIDATED
641,g_chan[0].u_cdc_chw.mem[3][12]$_DFFE_PP_,4.11,1.09,0.01954033710357765,4.090459662896422,clk_core,VALIDATED
640,g_chan[0].u_cdc_chw.mem[2][12]$_DFFE_PP_,4.11,1.09,0.01951464275682145,4.090485357243179,clk_core,VALIDATED
639,g_chan[0].u_cdc_chw.mem[1][12]$_DFFE_PP_,4.11,1.09,0.01951464275682145,4.090485357243179,clk_core,VALIDATED
643,g_chan[0].u_cdc_chw.mem[0][12]$_DFFE_PP_,4.11,1.09,0.01951464275682145,4.090485357243179,clk_core,VALIDATED
642,g_chan[0].u_cdc_chw.mem[7][12]$_DFFE_PP_,4.11,1.09,0.01951464275682145,4.090485357243179,clk_core,VALIDATED
668,g_chan[0].u_cdc_chw.mem[6][19]$_DFFE_PP_,4.11,1.09,0.01942061218648991,4.09057938781351,clk_core,VALIDATED
660,g_chan[0].u_cdc_chw.mem[2][19]$_DFFE_PP_,4.11,1.09,0.01939271557754492,4.090607284422456,clk_core,VALIDATED
661,g_chan[0].u_cdc_chw.mem[3][19]$_DFFE_PP_,4.11,1.09,0.01939271557754492,4.090607284422456,clk_core,VALIDATED
669,g_chan[0].u_cdc_chw.mem[7][19]$_DFFE_PP_,4.11,1.09,0.01939271557754492,4.090607284422456,clk_core,VALIDATED
658,g_chan[0].u_cdc_chw.mem[15][19]$_DFFE_PP_,4.11,1.09,0.01936481896859993,4.0906351810314,clk_core,VALIDATED
663,g_chan[0].u_cdc_chw.mem[5][19]$_DFFE_PP_,4.11,1.09,0.01936481896859993,4.0906351810314,clk_core,VALIDATED
662,g_chan[0].u_cdc_chw.mem[4][19]$_DFFE_PP_,4.11,1.09,0.01936481896859993,4.0906351810314,clk_core,VALIDATED
659,g_chan[0].u_cdc_chw.mem[1][19]$_DFFE_PP_,4.11,1.09,0.01936481896859993,4.0906351810314,clk_core,VALIDATED
665,g_chan[0].u_cdc_chw.mem[9][19]$_DFFE_PP_,4.11,1.09,0.01936481896859993,4.0906351810314,clk_core,VALIDATED
653,g_chan[0].u_cdc_chw.mem[0][19]$_DFFE_PP_,4.11,1.09,0.01936481896859993,4.0906351810314,clk_core,VALIDATED
654,g_chan[0].u_cdc_chw.mem[10][19]$_DFFE_PP_,4.11,1.09,0.01936481896859993,4.0906351810314,clk_core,VALIDATED
655,g_chan[0].u_cdc_chw.mem[11][19]$_DFFE_PP_,4.11,1.09,0.01936481896859993,4.0906351810314,clk_core,VALIDATED
657,g_chan[0].u_cdc_chw.mem[14][19]$_DFFE_PP_,4.11,1.09,0.019345156688878033,4.090654843311122,clk_core,VALIDATED
664,g_chan[0].u_cdc_chw.mem[8][19]$_DFFE_PP_,4.11,1.09,0.019345156688878033,4.090654843311122,clk_core,VALIDATED
656,g_chan[0].u_cdc_chw.mem[13][19]$_DFFE_PP_,4.11,1.09,0.019325494409156138,4.090674505590844,clk_core,VALIDATED
632,g_chan[0].u_cdc_chw.mem[12][19]$_DFFE_PP_,4.11,1.09,0.019305832129434243,4.090694167870566,clk_core,VALIDATED
595,g_chan[1].u_cdc_chw.mem[2][12]$_DFFE_PP_,4.11,1.09,0.01872160374276608,4.091278396257234,clk_core,VALIDATED
598,g_chan[1].u_cdc_chw.mem[5][12]$_DFFE_PP_,4.11,1.09,0.018685064245791375,4.091314935754209,clk_core,VALIDATED
596,g_chan[1].u_cdc_chw.mem[3][12]$_DFFE_PP_,4.11,1.09,0.018685064245791375,4.091314935754209,clk_core,VALIDATED
593,g_chan[1].u_cdc_chw.mem[1][12]$_DFFE_PP_,4.11,1.09,0.018685064245791375,4.091314935754209,clk_core,VALIDATED
599,g_chan[1].u_cdc_chw.mem[7][12]$_DFFE_PP_,4.11,1.09,0.018685064245791375,4.091314935754209,clk_core,VALIDATED
597,g_chan[1].u_cdc_chw.mem[4][12]$_DFFE_PP_,4.11,1.09,0.018685064245791375,4.091314935754209,clk_core,VALIDATED
684,g_chan[1].u_cdc_chw.mem[2][16]$_DFFE_PP_,4.11,1.09,0.0186546175162267,4.091345382483774,clk_core,VALIDATED
592,g_chan[1].u_cdc_chw.mem[0][12]$_DFFE_PP_,4.11,1.09,0.018648524748816668,4.091351475251184,clk_core,VALIDATED
594,g_chan[1].u_cdc_chw.mem[6][12]$_DFFE_PP_,4.11,1.09,0.018648524748816668,4.091351475251184,clk_core,VALIDATED
682,g_chan[1].u_cdc_chw.mem[0][16]$_DFFE_PP_,4.11,1.09,0.01859758257602681,4.091402417423973,clk_core,VALIDATED
685,g_chan[1].u_cdc_chw.mem[3][16]$_DFFE_PP_,4.11,1.09,0.01859758257602681,4.091402417423973,clk_core,VALIDATED
687,g_chan[1].u_cdc_chw.mem[7][16]$_DFFE_PP_,4.11,1.09,0.01859189689505395,4.091408103104946,clk_core,VALIDATED
683,g_chan[1].u_cdc_chw.mem[1][16]$_DFFE_PP_,4.11,1.09,0.01859189689505395,4.091408103104946,clk_core,VALIDATED
686,g_chan[1].u_cdc_chw.mem[6][16]$_DFFE_PP_,4.11,1.09,0.01859189689505395,4.091408103104946,clk_core,VALIDATED
624,g_chan[0].u_cdc_chw.mem[5][23]$_DFFE_PP_,4.11,1.1,0.01849454980832685,4.091505450191674,clk_core,VALIDATED
623,g_chan[0].u_cdc_chw.mem[4][23]$_DFFE_PP_,4.11,1.1,0.01849454980832685,4.091505450191674,clk_core,VALIDATED
607,g_chan[0].u_cdc_chw.mem[7][23]$_DFFE_PP_,4.11,1.1,0.01849454980832685,4.091505450191674,clk_core,VALIDATED
605,g_chan[0].u_cdc_chw.mem[2][23]$_DFFE_PP_,4.11,1.1,0.01849454980832685,4.091505450191674,clk_core,VALIDATED
606,g_chan[0].u_cdc_chw.mem[6][23]$_DFFE_PP_,4.11,1.1,0.01849454980832685,4.091505450191674,clk_core,VALIDATED
672,g_chan[1].u_cdc_chw.mem[7][19]$_DFFE_PP_,4.11,1.09,0.01845056686376214,4.0915494331362385,clk_core,VALIDATED
671,g_chan[1].u_cdc_chw.mem[6][19]$_DFFE_PP_,4.11,1.09,0.01845056686376214,4.0915494331362385,clk_core,VALIDATED
692,g_chan[1].u_cdc_chw.mem[4][16]$_DFFE_PP_,4.11,1.09,0.018445413977477003,4.091554586022523,clk_core,VALIDATED
693,g_chan[1].u_cdc_chw.mem[5][16]$_DFFE_PP_,4.11,1.09,0.018445413977477003,4.091554586022523,clk_core,VALIDATED
670,g_chan[1].u_cdc_chw.mem[3][19]$_DFFE_PP_,4.11,1.09,0.01844488118278928,4.091555118817211,clk_core,VALIDATED
616,g_chan[0].u_cdc_chw.mem[3][23]$_DFFE_PP_,4.11,1.1,0.018413158597168328,4.091586841402832,clk_core,VALIDATED
691,g_chan[1].u_cdc_chw.mem[9][16]$_DFFE_PP_,4.11,1.09,0.0184104672287091,4.091589532771291,clk_core,VALIDATED
694,g_chan[1].u_cdc_chw.mem[8][16]$_DFFE_PP_,4.11,1.09,0.0184104672287091,4.091589532771291,clk_core,VALIDATED
667,g_chan[1].u_cdc_chw.mem[2][19]$_DFFE_PP_,4.11,1.09,0.018385862597595545,4.091614137402405,clk_core,VALIDATED
636,g_chan[1].u_cdc_chw.mem[11][16]$_DFFE_PP_,4.11,1.09,0.018375520479941197,4.091624479520059,clk_core,VALIDATED
602,g_chan[0].u_cdc_chw.mem[13][23]$_DFFE_PP_,4.11,1.1,0.01834245868797023,4.09165754131203,clk_core,VALIDATED
603,g_chan[0].u_cdc_chw.mem[14][23]$_DFFE_PP_,4.11,1.1,0.01834245868797023,4.09165754131203,clk_core,VALIDATED
601,g_chan[0].u_cdc_chw.mem[10][23]$_DFFE_PP_,4.11,1.1,0.01834245868797023,4.09165754131203,clk_core,VALIDATED
604,g_chan[0].u_cdc_chw.mem[15][23]$_DFFE_PP_,4.11,1.1,0.01834245868797023,4.09165754131203,clk_core,VALIDATED
625,g_chan[0].u_cdc_chw.mem[0][23]$_DFFE_PP_,4.11,1.1,0.018337113036990017,4.09166288696301,clk_core,VALIDATED
627,g_chan[0].u_cdc_chw.mem[1][23]$_DFFE_PP_,4.11,1.1,0.018337113036990017,4.09166288696301,clk_core,VALIDATED
633,g_chan[1].u_cdc_chw.mem[0][19]$_DFFE_PP_,4.11,1.09,0.01829839826521233,4.091701601734788,clk_core,VALIDATED
679,g_chan[1].u_cdc_chw.mem[5][19]$_DFFE_PP_,4.11,1.09,0.01829839826521233,4.091701601734788,clk_core,VALIDATED
634,g_chan[1].u_cdc_chw.mem[1][19]$_DFFE_PP_,4.11,1.09,0.01829839826521233,4.091701601734788,clk_core,VALIDATED
635,g_chan[1].u_cdc_chw.mem[4][19]$_DFFE_PP_,4.11,1.09,0.01829839826521233,4.091701601734788,clk_core,VALIDATED
615,g_chan[0].u_cdc_chw.mem[12][23]$_DFFE_PP_,4.11,1.1,0.018261067476811707,4.091738932523189,clk_core,VALIDATED
629,g_chan[0].u_cdc_chw.mem[9][23]$_DFFE_PP_,4.11,1.1,0.018261067476811707,4.091738932523189,clk_core,VALIDATED
628,g_chan[0].u_cdc_chw.mem[8][23]$_DFFE_PP_,4.11,1.1,0.018261067476811707,4.091738932523189,clk_core,VALIDATED
626,g_chan[0].u_cdc_chw.mem[11][23]$_DFFE_PP_,4.11,1.1,0.018261067476811707,4.091738932523189,clk_core,VALIDATED
630,g_chan[1].u_cdc_chw.mem[11][19]$_DFFE_PP_,4.11,1.09,0.018228504767676526,4.091771495232324,clk_core,VALIDATED
631,g_chan[1].u_cdc_chw.mem[8][19]$_DFFE_PP_,4.11,1.09,0.018228504767676526,4.091771495232324,clk_core,VALIDATED
666,g_chan[1].u_cdc_chw.mem[9][19]$_DFFE_PP_,4.11,1.09,0.01822378037334295,4.091776219626658,clk_core,VALIDATED
611,g_chan[1].u_cdc_chw.mem[3][23]$_DFFE_PP_,4.11,1.1,0.01785591191769957,4.092144088082301,clk_core,VALIDATED
612,g_chan[1].u_cdc_chw.mem[4][23]$_DFFE_PP_,4.11,1.1,0.01785591191769957,4.092144088082301,clk_core,VALIDATED
610,g_chan[1].u_cdc_chw.mem[2][23]$_DFFE_PP_,4.11,1.1,0.01785591191769957,4.092144088082301,clk_core,VALIDATED
613,g_chan[1].u_cdc_chw.mem[5][23]$_DFFE_PP_,4.11,1.1,0.01785591191769957,4.092144088082301,clk_core,VALIDATED
600,g_chan[1].u_cdc_chw.mem[6][23]$_DFFE_PP_,4.11,1.1,0.017829364895474584,4.092170635104526,clk_core,VALIDATED
609,g_chan[1].u_cdc_chw.mem[15][23]$_DFFE_PP_,4.11,1.1,0.01782199975447841,4.0921780002455215,clk_core,VALIDATED
608,g_chan[1].u_cdc_chw.mem[14][23]$_DFFE_PP_,4.11,1.1,0.01782199975447841,4.0921780002455215,clk_core,VALIDATED
618,g_chan[1].u_cdc_chw.mem[12][23]$_DFFE_PP_,4.11,1.1,0.017814855652407785,4.092185144347592,clk_core,VALIDATED
621,g_chan[1].u_cdc_chw.mem[8][23]$_DFFE_PP_,4.11,1.1,0.017814855652407785,4.092185144347592,clk_core,VALIDATED
619,g_chan[1].u_cdc_chw.mem[13][23]$_DFFE_PP_,4.11,1.1,0.017814855652407785,4.092185144347592,clk_core,VALIDATED
622,g_chan[1].u_cdc_chw.mem[9][23]$_DFFE_PP_,4.11,1.1,0.017813833355909324,4.092186166644091,clk_core,VALIDATED
620,g_chan[1].u_cdc_chw.mem[7][23]$_DFFE_PP_,4.11,1.1,0.017813833355909324,4.092186166644091,clk_core,VALIDATED
617,g_chan[1].u_cdc_chw.mem[11][23]$_DFFE_PP_,4.11,1.1,0.017813833355909324,4.092186166644091,clk_core,VALIDATED
614,g_chan[1].u_cdc_chw.mem[10][23]$_DFFE_PP_,4.11,1.1,0.017800889121419167,4.092199110878581,clk_core,VALIDATED
701,u_dma_fabric.rbeat_data[11]$_DFFE_PN0P_,4.12,1.08,0.024169638862750017,4.09583036113725,clk_core,VALIDATED
700,u_dma_fabric.rbeat_data[8]$_DFFE_PN0P_,4.12,1.08,0.02409804837586125,4.095901951624139,clk_core,VALIDATED
703,c_cmd_addr[19]$_DFFE_PN0N_,4.12,1.15,0.016231374098770575,4.103768625901229,clk_core,VALIDATED
702,c_cmd_addr[14]$_DFFE_PN0N_,4.12,1.15,0.016164217167094617,4.103835782832905,clk_core,VALIDATED
706,u_dma_fabric.rbeat_data[9]$_DFFE_PN0P_,4.13,1.07,0.02227605015324076,4.1077239498467595,clk_core,VALIDATED
708,u_dma_fabric.rbeat_data[25]$_DFFE_PN0P_,4.13,1.07,0.022259527274675228,4.107740472725324,clk_core,VALIDATED
709,u_dma_fabric.rbeat_data[21]$_DFFE_PN0P_,4.13,1.06,0.02219765144814436,4.107802348551855,clk_core,VALIDATED
707,u_dma_fabric.rbeat_data[15]$_DFFE_PN0P_,4.13,1.06,0.022121933557181277,4.107878066442819,clk_core,VALIDATED
705,c_cmd_len[25]$_DFFE_PN0N_,4.13,1.15,0.016333442131337708,4.113666557868662,clk_core,VALIDATED
704,c_cmd_len[12]$_DFFE_PN0N_,4.13,1.15,0.01629600739781699,4.113703992602183,clk_core,VALIDATED
712,u_dma_fabric.rbeat_data[22]$_DFFE_PN0P_,4.14,1.07,0.024817433135004917,4.115182566864995,clk_core,VALIDATED
713,u_dma_fabric.rbeat_data[31]$_DFFE_PN0P_,4.14,1.06,0.02433458798529141,4.1156654120147085,clk_core,VALIDATED
710,u_dma_fabric.rbeat_data[24]$_DFFE_PN0P_,4.14,1.06,0.023689706057623897,4.116310293942376,clk_core,VALIDATED
711,u_dma_fabric.rbeat_data[6]$_DFFE_PN0P_,4.14,1.06,0.023609606883604792,4.1163903931163945,clk_core,VALIDATED
724,g_chan[1].u_cdc_chw.mem[0][24]$_DFFE_PP_,4.15,1.06,0.017275301605530154,4.13272469839447,clk_core,VALIDATED
725,g_chan[1].u_cdc_chw.mem[1][24]$_DFFE_PP_,4.15,1.06,0.017275301605530154,4.13272469839447,clk_core,VALIDATED
728,g_chan[1].u_cdc_chw.mem[4][24]$_DFFE_PP_,4.15,1.06,0.017263041206694342,4.132736958793306,clk_core,VALIDATED
729,g_chan[1].u_cdc_chw.mem[5][24]$_DFFE_PP_,4.15,1.06,0.017263041206694342,4.132736958793306,clk_core,VALIDATED
727,g_chan[1].u_cdc_chw.mem[3][24]$_DFFE_PP_,4.15,1.06,0.01725078080785853,4.132749219192142,clk_core,VALIDATED
726,g_chan[1].u_cdc_chw.mem[2][24]$_DFFE_PP_,4.15,1.06,0.01725078080785853,4.132749219192142,clk_core,VALIDATED
723,g_chan[1].u_cdc_chw.mem[13][24]$_DFFE_PP_,4.15,1.06,0.017242182420916387,4.132757817579084,clk_core,VALIDATED
722,g_chan[1].u_cdc_chw.mem[12][24]$_DFFE_PP_,4.15,1.06,0.017242182420916387,4.132757817579084,clk_core,VALIDATED
718,g_chan[1].u_cdc_chw.mem[6][24]$_DFFE_PP_,4.15,1.06,0.01723856981063321,4.132761430189367,clk_core,VALIDATED
719,g_chan[1].u_cdc_chw.mem[7][24]$_DFFE_PP_,4.15,1.06,0.01723856981063321,4.132761430189367,clk_core,VALIDATED
715,g_chan[1].u_cdc_chw.mem[11][24]$_DFFE_PP_,4.15,1.06,0.017220695994521466,4.132779304005479,clk_core,VALIDATED
720,g_chan[1].u_cdc_chw.mem[8][24]$_DFFE_PP_,4.15,1.06,0.017220695994521466,4.132779304005479,clk_core,VALIDATED
721,g_chan[1].u_cdc_chw.mem[9][24]$_DFFE_PP_,4.15,1.06,0.017220695994521466,4.132779304005479,clk_core,VALIDATED
714,g_chan[1].u_cdc_chw.mem[10][24]$_DFFE_PP_,4.15,1.06,0.017220695994521466,4.132779304005479,clk_core,VALIDATED
716,g_chan[1].u_cdc_chw.mem[14][24]$_DFFE_PP_,4.15,1.06,0.017203662405130722,4.132796337594869,clk_core,VALIDATED
717,g_chan[1].u_cdc_chw.mem[15][24]$_DFFE_PP_,4.15,1.06,0.017203662405130722,4.132796337594869,clk_core,VALIDATED
734,g_chan[1].u_cdc_chw.mem[7][25]$_DFFE_PP_,4.16,1.05,0.017114097878771495,4.142885902121229,clk_core,VALIDATED
738,g_chan[1].u_cdc_chw.mem[4][25]$_DFFE_PP_,4.16,1.05,0.017114097878771495,4.142885902121229,clk_core,VALIDATED
733,g_chan[1].u_cdc_chw.mem[5][25]$_DFFE_PP_,4.16,1.05,0.017114097878771495,4.142885902121229,clk_core,VALIDATED
739,g_chan[1].u_cdc_chw.mem[6][25]$_DFFE_PP_,4.16,1.05,0.017114097878771495,4.142885902121229,clk_core,VALIDATED
736,g_chan[1].u_cdc_chw.mem[2][25]$_DFFE_PP_,4.16,1.05,0.017108686737273615,4.1428913132627265,clk_core,VALIDATED
735,g_chan[1].u_cdc_chw.mem[0][25]$_DFFE_PP_,4.16,1.05,0.017108686737273615,4.1428913132627265,clk_core,VALIDATED
740,g_chan[1].u_cdc_chw.mem[9][25]$_DFFE_PP_,4.16,1.05,0.017108686737273615,4.1428913132627265,clk_core,VALIDATED
732,g_chan[1].u_cdc_chw.mem[11][25]$_DFFE_PP_,4.16,1.05,0.017108686737273615,4.1428913132627265,clk_core,VALIDATED
737,g_chan[1].u_cdc_chw.mem[3][25]$_DFFE_PP_,4.16,1.05,0.017108686737273615,4.1428913132627265,clk_core,VALIDATED
731,g_chan[1].u_cdc_chw.mem[10][25]$_DFFE_PP_,4.16,1.05,0.017094988938284622,4.142905011061716,clk_core,VALIDATED
730,c_cmd_opcode[5]$_DFFE_PN0N_,4.16,1.12,0.01618479930584211,4.143815200694158,clk_core,VALIDATED
743,g_chan[1].u_cdc_chw.mem[12][12]$_DFFE_PP_,4.17,1.03,0.017524372485685676,4.152475627514314,clk_core,VALIDATED
744,g_chan[1].u_cdc_chw.mem[13][12]$_DFFE_PP_,4.17,1.03,0.01747397086792371,4.152526029132076,clk_core,VALIDATED
741,g_chan[1].u_cdc_chw.mem[10][12]$_DFFE_PP_,4.17,1.03,0.01745916449931808,4.152540835500682,clk_core,VALIDATED
742,g_chan[1].u_cdc_chw.mem[11][12]$_DFFE_PP_,4.17,1.03,0.01745916449931808,4.152540835500682,clk_core,VALIDATED
747,g_chan[1].u_cdc_chw.mem[9][12]$_DFFE_PP_,4.17,1.03,0.01735718703374222,4.152642812966258,clk_core,VALIDATED
748,g_chan[1].u_cdc_chw.mem[8][12]$_DFFE_PP_,4.17,1.03,0.01735718703374222,4.152642812966258,clk_core,VALIDATED
745,g_chan[1].u_cdc_chw.mem[14][12]$_DFFE_PP_,4.17,1.03,0.017252871617024858,4.152747128382975,clk_core,VALIDATED
746,g_chan[1].u_cdc_chw.mem[15][12]$_DFFE_PP_,4.17,1.03,0.017252871617024858,4.152747128382975,clk_core,VALIDATED
764,g_chan[1].u_cdc_chw.mem[12][16]$_DFFE_PP_,4.18,1.03,0.01737082037891228,4.162629179621088,clk_core,VALIDATED
762,g_chan[1].u_cdc_chw.mem[15][16]$_DFFE_PP_,4.18,1.03,0.017335854770592962,4.162664145229407,clk_core,VALIDATED
760,g_chan[1].u_cdc_chw.mem[13][16]$_DFFE_PP_,4.18,1.03,0.017335854770592962,4.162664145229407,clk_core,VALIDATED
761,g_chan[1].u_cdc_chw.mem[14][16]$_DFFE_PP_,4.18,1.03,0.017335854770592962,4.162664145229407,clk_core,VALIDATED
759,g_chan[1].u_cdc_chw.mem[10][16]$_DFFE_PP_,4.18,1.03,0.017335854770592962,4.162664145229407,clk_core,VALIDATED
757,g_chan[1].u_cdc_chw.mem[14][19]$_DFFE_PP_,4.18,1.03,0.01718875971903404,4.162811240280965,clk_core,VALIDATED
755,g_chan[1].u_cdc_chw.mem[12][19]$_DFFE_PP_,4.18,1.03,0.01718875971903404,4.162811240280965,clk_core,VALIDATED
754,g_chan[1].u_cdc_chw.mem[10][19]$_DFFE_PP_,4.18,1.03,0.01718875971903404,4.162811240280965,clk_core,VALIDATED
758,g_chan[1].u_cdc_chw.mem[15][19]$_DFFE_PP_,4.18,1.03,0.01718875971903404,4.162811240280965,clk_core,VALIDATED
756,g_chan[1].u_cdc_chw.mem[13][19]$_DFFE_PP_,4.18,1.03,0.01718875971903404,4.162811240280965,clk_core,VALIDATED
765,g_chan[1].u_cdc_chw.mem[0][23]$_DFFE_PP_,4.18,1.03,0.0167295548394661,4.163270445160534,clk_core,VALIDATED
766,g_chan[1].u_cdc_chw.mem[1][23]$_DFFE_PP_,4.18,1.03,0.0167295548394661,4.163270445160534,clk_core,VALIDATED
750,c_cmd_addr[0]$_DFFE_PN0N_,4.18,1.1,0.01586360316006718,4.1641363968399325,clk_core,VALIDATED
753,c_cmd_len[3]$_DFFE_PN0N_,4.18,1.1,0.015808584997438327,4.164191415002561,clk_core,VALIDATED
763,c_cmd_addr[12]$_DFFE_PN0N_,4.18,1.1,0.01580645103307854,4.164193548966921,clk_core,VALIDATED
752,c_cmd_addr[25]$_DFFE_PN0N_,4.18,1.1,0.01580645103307854,4.164193548966921,clk_core,VALIDATED
751,c_cmd_addr[24]$_DFFE_PN0N_,4.18,1.1,0.015758071806072832,4.164241928193927,clk_core,VALIDATED
749,c_cmd_len[6]$_DFFE_PN0N_,4.18,1.1,0.015756703700694187,4.164243296299306,clk_core,VALIDATED
767,c_cmd_opcode[7]$_DFFE_PN0N_,4.18,1.09,0.015735836543097202,4.164264163456902,clk_core,VALIDATED
772,u_dma_fabric.rbeat_data[28]$_DFFE_PN0P_,4.19,1.01,0.022048920921822077,4.167951079078178,clk_core,VALIDATED
771,u_dma_fabric.rbeat_data[2]$_DFFE_PN0P_,4.19,1.01,0.021794026814449377,4.168205973185551,clk_core,VALIDATED
770,u_dma_fabric.rbeat_data[7]$_DFFE_PN0P_,4.19,1.01,0.021244199242761677,4.168755800757238,clk_core,VALIDATED
768,u_dma_fabric.rbeat_data[0]$_DFFE_PN0P_,4.19,1.01,0.020846031100807322,4.169153968899193,clk_core,VALIDATED
769,u_dma_fabric.rbeat_data[1]$_DFFE_PN0P_,4.19,1.01,0.020288241154091356,4.169711758845909,clk_core,VALIDATED
788,g_chan[0].u_cdc_chw.mem[14][22]$_DFFE_PP_,4.2,1.0,0.017594074612951642,4.182405925387049,clk_core,VALIDATED
789,g_chan[0].u_cdc_chw.mem[15][22]$_DFFE_PP_,4.2,1.0,0.017594074612951642,4.182405925387049,clk_core,VALIDATED
780,g_chan[0].u_cdc_chw.mem[13][22]$_DFFE_PP_,4.2,1.0,0.017587753054329858,4.18241224694567,clk_core,VALIDATED
779,g_chan[0].u_cdc_chw.mem[12][22]$_DFFE_PP_,4.2,1.0,0.017587753054329858,4.18241224694567,clk_core,VALIDATED
785,g_chan[0].u_cdc_chw.mem[9][22]$_DFFE_PP_,4.2,1.0,0.017581431495708073,4.182418568504292,clk_core,VALIDATED
784,g_chan[0].u_cdc_chw.mem[8][22]$_DFFE_PP_,4.2,1.0,0.017581431495708073,4.182418568504292,clk_core,VALIDATED
781,g_chan[0].u_cdc_chw.mem[1][22]$_DFFE_PP_,4.2,1.0,0.017581431495708073,4.182418568504292,clk_core,VALIDATED
782,g_chan[0].u_cdc_chw.mem[2][22]$_DFFE_PP_,4.2,1.0,0.017581431495708073,4.182418568504292,clk_core,VALIDATED
777,g_chan[0].u_cdc_chw.mem[0][22]$_DFFE_PP_,4.2,1.0,0.017581431495708073,4.182418568504292,clk_core,VALIDATED
783,g_chan[0].u_cdc_chw.mem[3][22]$_DFFE_PP_,4.2,1.0,0.017581431495708073,4.182418568504292,clk_core,VALIDATED
778,g_chan[0].u_cdc_chw.mem[10][22]$_DFFE_PP_,4.2,1.0,0.017506222404964016,4.182493777595036,clk_core,VALIDATED
793,g_chan[0].u_cdc_chw.mem[5][18]$_DFFE_PP_,4.2,1.0,0.017322547346866807,4.182677452653134,clk_core,VALIDATED
792,g_chan[0].u_cdc_chw.mem[4][18]$_DFFE_PP_,4.2,1.0,0.017322547346866807,4.182677452653134,clk_core,VALIDATED
797,g_chan[0].u_cdc_chw.mem[7][22]$_DFFE_PP_,4.2,1.0,0.017290177935287587,4.182709822064712,clk_core,VALIDATED
795,g_chan[0].u_cdc_chw.mem[5][22]$_DFFE_PP_,4.2,1.0,0.017290177935287587,4.182709822064712,clk_core,VALIDATED
794,g_chan[0].u_cdc_chw.mem[4][22]$_DFFE_PP_,4.2,1.0,0.017290177935287587,4.182709822064712,clk_core,VALIDATED
798,g_chan[0].u_cdc_chw.mem[11][22]$_DFFE_PP_,4.2,1.0,0.017290177935287587,4.182709822064712,clk_core,VALIDATED
796,g_chan[0].u_cdc_chw.mem[6][22]$_DFFE_PP_,4.2,1.0,0.017290177935287587,4.182709822064712,clk_core,VALIDATED
790,g_chan[1].u_cdc_chw.mem[3][22]$_DFFE_PP_,4.2,1.0,0.01661545564069075,4.18338454435931,clk_core,VALIDATED
791,g_chan[1].u_cdc_chw.mem[7][22]$_DFFE_PP_,4.2,1.0,0.01661545564069075,4.18338454435931,clk_core,VALIDATED
774,g_chan[1].u_cdc_chw.mem[2][22]$_DFFE_PP_,4.2,1.0,0.016580109327148783,4.183419890672852,clk_core,VALIDATED
776,g_chan[1].u_cdc_chw.mem[5][22]$_DFFE_PP_,4.2,1.0,0.016580109327148783,4.183419890672852,clk_core,VALIDATED
773,g_chan[1].u_cdc_chw.mem[0][22]$_DFFE_PP_,4.2,1.0,0.016550665316233948,4.1834493346837665,clk_core,VALIDATED
775,g_chan[1].u_cdc_chw.mem[4][22]$_DFFE_PP_,4.2,1.0,0.016550665316233948,4.1834493346837665,clk_core,VALIDATED
787,g_chan[1].u_cdc_chw.mem[1][22]$_DFFE_PP_,4.2,1.0,0.016509517674721676,4.183490482325278,clk_core,VALIDATED
786,g_chan[1].u_cdc_chw.mem[11][22]$_DFFE_PP_,4.2,1.0,0.016486503598335832,4.183513496401664,clk_core,VALIDATED
800,c_cmd_opcode[4]$_DFFE_PN0N_,4.2,1.07,0.015447631788084844,4.184552368211915,clk_core,VALIDATED
799,c_cmd_opcode[3]$_DFFE_PN0N_,4.2,1.07,0.015387204581383547,4.184612795418617,clk_core,VALIDATED
13,g_chan[0].u_cdc_chr.rq2_wgray[1]$_DFF_PN0_,4.29,0.99,0.016741051710174357,4.2732589482898256,clk_core,VALIDATED
1,g_chan[0].u_cdc_chr.rbin[1]$_DFF_PN0_,4.29,0.99,0.016741051710174357,4.2732589482898256,clk_core,VALIDATED
2,g_chan[0].u_cdc_chr.rbin[2]$_DFF_PN0_,4.29,0.99,0.016741051710174357,4.2732589482898256,clk_core,VALIDATED
3,g_chan[0].u_cdc_chr.rbin[3]$_DFF_PN0_,4.29,0.99,0.016741051710174357,4.2732589482898256,clk_core,VALIDATED
4,u_dma_fabric.rbeat_data[10]$_DFFE_PN0P_,4.29,0.99,0.016741051710174357,4.2732589482898256,clk_core,VALIDATED
5,u_dma_fabric.rbeat_data[15]$_DFFE_PN0P_,4.29,0.99,0.016741051710174357,4.2732589482898256,clk_core,VALIDATED
6,g_chan[0].u_cdc_chr.rgray[0]$_DFF_PN0_,4.29,0.99,0.016741051710174357,4.2732589482898256,clk_core,VALIDATED
7,g_chan[0].u_cdc_chr.rq1_wgray[0]$_DFF_PN0_,4.29,0.99,0.016741051710174357,4.2732589482898256,clk_core,VALIDATED
8,g_chan[0].u_cdc_chr.rq1_wgray[1]$_DFF_PN0_,4.29,0.99,0.016741051710174357,4.2732589482898256,clk_core,VALIDATED
9,g_chan[0].u_cdc_chr.rq1_wgray[2]$_DFF_PN0_,4.29,0.99,0.016741051710174357,4.2732589482898256,clk_core,VALIDATED
10,g_chan[0].u_cdc_chr.rq1_wgray[3]$_DFF_PN0_,4.29,0.99,0.016741051710174357,4.2732589482898256,clk_core,VALIDATED
11,g_chan[0].u_cdc_chr.rq1_wgray[4]$_DFF_PN0_,4.29,0.99,0.016741051710174357,4.2732589482898256,clk_core,VALIDATED
12,g_chan[0].u_cdc_chr.rq2_wgray[0]$_DFF_PN0_,4.29,0.99,0.016741051710174357,4.2732589482898256,clk_core,VALIDATED
0,g_chan[0].u_cdc_chr.rbin[0]$_DFF_PN0_,4.29,0.99,0.016741051710174357,4.2732589482898256,clk_core,VALIDATED
14,g_chan[0].u_cdc_chr.rbin[4]$_DFF_PN0_,4.29,0.99,0.016712509211719052,4.273287490788281,clk_core,VALIDATED
15,g_chan[0].u_cdc_chr.rgray[1]$_DFF_PN0_,4.29,0.99,0.016712509211719052,4.273287490788281,clk_core,VALIDATED
16,g_chan[0].u_cdc_chr.rgray[2]$_DFF_PN0_,4.29,0.99,0.016712509211719052,4.273287490788281,clk_core,VALIDATED
17,g_chan[0].u_cdc_chr.rgray[3]$_DFF_PN0_,4.29,0.99,0.016712509211719052,4.273287490788281,clk_core,VALIDATED
18,g_chan[0].u_cdc_chr.rq2_wgray[2]$_DFF_PN0_,4.29,0.99,0.016712509211719052,4.273287490788281,clk_core,VALIDATED
20,g_chan[0].u_cdc_chr.rq2_wgray[4]$_DFF_PN0_,4.29,0.99,0.016712509211719052,4.273287490788281,clk_core,VALIDATED
19,g_chan[0].u_cdc_chr.rq2_wgray[3]$_DFF_PN0_,4.29,0.99,0.016712509211719052,4.273287490788281,clk_core,VALIDATED
21,g_chan[0].u_cdc_chr.rd_empty$_DFF_PN1_,4.41,0.87,0.014339630172766266,4.395660369827234,clk_core,VALIDATED
40,u_dma_fabric.rbeat_data[7]$_DFFE_PN0P_,4.42,0.87,0.014603668162916549,4.405396331837084,clk_core,VALIDATED
39,u_dma_fabric.rbeat_data[6]$_DFFE_PN0P_,4.42,0.87,0.014603668162916549,4.405396331837084,clk_core,VALIDATED
38,u_dma_fabric.rbeat_data[31]$_DFFE_PN0P_,4.42,0.87,0.014603668162916549,4.405396331837084,clk_core,VALIDATED
37,u_dma_fabric.rbeat_data[25]$_DFFE_PN0P_,4.42,0.87,0.014603668162916549,4.405396331837084,clk_core,VALIDATED
36,u_dma_fabric.rbeat_data[24]$_DFFE_PN0P_,4.42,0.87,0.014603668162916549,4.405396331837084,clk_core,VALIDATED
35,u_dma_fabric.rbeat_data[18]$_DFFE_PN0P_,4.42,0.87,0.014603668162916549,4.405396331837084,clk_core,VALIDATED
41,u_dma_fabric.rbeat_data[8]$_DFFE_PN0P_,4.42,0.87,0.014603668162916549,4.405396331837084,clk_core,VALIDATED
28,u_dma_fabric.rbeat_data[9]$_DFFE_PN0P_,4.42,0.87,0.014573409335130703,4.405426590664869,clk_core,VALIDATED
26,u_dma_fabric.rbeat_data[17]$_DFFE_PN0P_,4.42,0.87,0.014573409335130703,4.405426590664869,clk_core,VALIDATED
25,u_dma_fabric.rbeat_data[16]$_DFFE_PN0P_,4.42,0.87,0.014573409335130703,4.405426590664869,clk_core,VALIDATED
23,u_dma_fabric.rbeat_data[13]$_DFFE_PN0P_,4.42,0.87,0.014573409335130703,4.405426590664869,clk_core,VALIDATED
27,u_dma_fabric.rbeat_data[20]$_DFFE_PN0P_,4.42,0.87,0.014573409335130703,4.405426590664869,clk_core,VALIDATED
24,u_dma_fabric.rbeat_data[14]$_DFFE_PN0P_,4.42,0.87,0.014573409335130703,4.405426590664869,clk_core,VALIDATED
22,u_dma_fabric.rbeat_data[12]$_DFFE_PN0P_,4.42,0.87,0.014573409335130703,4.405426590664869,clk_core,VALIDATED
42,u_dma_fabric.rbeat_data[22]$_DFFE_PN0P_,4.42,0.87,0.014568444363273474,4.405431555636726,clk_core,VALIDATED
32,u_dma_fabric.rbeat_data[27]$_DFFE_PN0P_,4.42,0.87,0.014553385462308853,4.405446614537691,clk_core,VALIDATED
34,u_dma_fabric.rbeat_data[5]$_DFFE_PN0P_,4.42,0.87,0.014553385462308853,4.405446614537691,clk_core,VALIDATED
33,u_dma_fabric.rbeat_data[4]$_DFFE_PN0P_,4.42,0.87,0.014553385462308853,4.405446614537691,clk_core,VALIDATED
30,u_dma_fabric.rbeat_data[19]$_DFFE_PN0P_,4.42,0.87,0.014534809052338955,4.405465190947661,clk_core,VALIDATED
29,u_dma_fabric.rbeat_data[11]$_DFFE_PN0P_,4.42,0.87,0.014534809052338955,4.405465190947661,clk_core,VALIDATED
31,u_dma_fabric.rbeat_data[21]$_DFFE_PN0P_,4.42,0.87,0.014534809052338955,4.405465190947661,clk_core,VALIDATED
62,g_chan[1].u_cdc_chcmd.wq2_rgray[4]$_DFF_PN0_,4.47,0.82,0.013434951420182285,4.456565048579818,clk_core,VALIDATED
59,g_chan[1].u_cdc_chcmd.wgray[0]$_DFF_PN0_,4.47,0.82,0.013434951420182285,4.456565048579818,clk_core,VALIDATED
60,g_chan[1].u_cdc_chcmd.wq1_rgray[0]$_DFF_PN0_,4.47,0.82,0.013434951420182285,4.456565048579818,clk_core,VALIDATED
61,g_chan[1].u_cdc_chcmd.wq1_rgray[3]$_DFF_PN0_,4.47,0.82,0.013434951420182285,4.456565048579818,clk_core,VALIDATED
43,g_chan[1].u_cdc_chcmd.wq1_rgray[1]$_DFF_PN0_,4.47,0.82,0.013434951420182285,4.456565048579818,clk_core,VALIDATED
46,g_chan[1].u_cdc_chcmd.wq2_rgray[3]$_DFF_PN0_,4.47,0.82,0.013434951420182285,4.456565048579818,clk_core,VALIDATED
44,g_chan[1].u_cdc_chcmd.wq2_rgray[0]$_DFF_PN0_,4.47,0.82,0.013434951420182285,4.456565048579818,clk_core,VALIDATED
45,g_chan[1].u_cdc_chcmd.wq2_rgray[1]$_DFF_PN0_,4.47,0.82,0.013434951420182285,4.456565048579818,clk_core,VALIDATED
48,g_chan[1].u_cdc_chcmd.wbin[1]$_DFF_PN0_,4.47,0.82,0.013383057640453604,4.456616942359546,clk_core,VALIDATED
47,g_chan[1].u_cdc_chcmd.wbin[0]$_DFF_PN0_,4.47,0.82,0.013383057640453604,4.456616942359546,clk_core,VALIDATED
53,g_chan[1].u_cdc_chcmd.wq1_rgray[4]$_DFF_PN0_,4.47,0.82,0.013383057640453604,4.456616942359546,clk_core,VALIDATED
54,g_chan[1].u_cdc_chcmd.wgray[2]$_DFF_PN0_,4.47,0.82,0.013383057640453604,4.456616942359546,clk_core,VALIDATED
55,g_chan[1].u_cdc_chcmd.wgray[3]$_DFF_PN0_,4.47,0.82,0.013383057640453604,4.456616942359546,clk_core,VALIDATED
56,g_chan[1].u_cdc_chcmd.wq1_rgray[2]$_DFF_PN0_,4.47,0.82,0.013383057640453604,4.456616942359546,clk_core,VALIDATED
57,g_chan[1].u_cdc_chcmd.wq2_rgray[2]$_DFF_PN0_,4.47,0.82,0.013383057640453604,4.456616942359546,clk_core,VALIDATED
58,g_chan[1].u_cdc_chcmd.wr_full$_DFF_PN0_,4.47,0.82,0.013383057640453604,4.456616942359546,clk_core,VALIDATED
51,g_chan[1].u_cdc_chcmd.wbin[4]$_DFF_PN0_,4.47,0.82,0.013383057640453604,4.456616942359546,clk_core,VALIDATED
52,g_chan[1].u_cdc_chcmd.wgray[1]$_DFF_PN0_,4.47,0.82,0.013383057640453604,4.456616942359546,clk_core,VALIDATED
50,g_chan[1].u_cdc_chcmd.wbin[3]$_DFF_PN0_,4.47,0.82,0.013383057640453604,4.456616942359546,clk_core,VALIDATED
49,g_chan[1].u_cdc_chcmd.wbin[2]$_DFF_PN0_,4.47,0.82,0.013383057640453604,4.456616942359546,clk_core,VALIDATED
78,u_cdc_rbeat.wr_full$_DFF_PN0_,4.49,0.8,0.013557267622976765,4.4764427323770235,clk_core,VALIDATED
90,u_cdc_rbeat.wq1_rgray[4]$_DFF_PN0_,4.49,0.8,0.013347821934846842,4.476652178065153,clk_core,VALIDATED
91,u_cdc_rbeat.wq2_rgray[4]$_DFF_PN0_,4.49,0.8,0.013347821934846842,4.476652178065153,clk_core,VALIDATED
83,u_cdc_rbeat.wq1_rgray[1]$_DFF_PN0_,4.49,0.8,0.01330453226726519,4.476695467732735,clk_core,VALIDATED
82,u_cdc_rbeat.wgray[3]$_DFF_PN0_,4.49,0.8,0.01330453226726519,4.476695467732735,clk_core,VALIDATED
84,u_cdc_rbeat.wq1_rgray[3]$_DFF_PN0_,4.49,0.8,0.01330453226726519,4.476695467732735,clk_core,VALIDATED
81,u_cdc_rbeat.wgray[2]$_DFF_PN0_,4.49,0.8,0.01330453226726519,4.476695467732735,clk_core,VALIDATED
76,u_cdc_rbeat.wq2_rgray[1]$_DFF_PN0_,4.49,0.8,0.01330453226726519,4.476695467732735,clk_core,VALIDATED
75,u_cdc_rbeat.wq1_rgray[2]$_DFF_PN0_,4.49,0.8,0.01330453226726519,4.476695467732735,clk_core,VALIDATED
74,u_cdc_rbeat.wbin[4]$_DFF_PN0_,4.49,0.8,0.01330453226726519,4.476695467732735,clk_core,VALIDATED
77,u_cdc_rbeat.wq2_rgray[2]$_DFF_PN0_,4.49,0.8,0.01330453226726519,4.476695467732735,clk_core,VALIDATED
73,u_cdc_rbeat.wbin[3]$_DFF_PN0_,4.49,0.8,0.01330453226726519,4.476695467732735,clk_core,VALIDATED
72,u_cdc_rbeat.wbin[2]$_DFF_PN0_,4.49,0.8,0.01330453226726519,4.476695467732735,clk_core,VALIDATED
80,u_cdc_rbeat.wgray[1]$_DFF_PN0_,4.49,0.8,0.01330453226726519,4.476695467732735,clk_core,VALIDATED
79,u_cdc_rbeat.wgray[0]$_DFF_PN0_,4.49,0.8,0.01330453226726519,4.476695467732735,clk_core,VALIDATED
85,u_cdc_rbeat.wq2_rgray[0]$_DFF_PN0_,4.49,0.8,0.01330453226726519,4.476695467732735,clk_core,VALIDATED
86,u_cdc_rbeat.wq2_rgray[3]$_DFF_PN0_,4.49,0.8,0.01330453226726519,4.476695467732735,clk_core,VALIDATED
87,u_cdc_rbeat.wbin[0]$_DFF_PN0_,4.49,0.8,0.01330453226726519,4.476695467732735,clk_core,VALIDATED
89,u_cdc_rbeat.wq1_rgray[0]$_DFF_PN0_,4.49,0.8,0.01330453226726519,4.476695467732735,clk_core,VALIDATED
88,u_cdc_rbeat.wbin[1]$_DFF_PN0_,4.49,0.8,0.01330453226726519,4.476695467732735,clk_core,VALIDATED
71,u_dma_fabric.rbeat_data[28]$_DFFE_PN0P_,4.49,0.8,0.013207607644234537,4.476792392355765,clk_core,VALIDATED
69,u_dma_fabric.rbeat_data[29]$_DFFE_PN0P_,4.49,0.8,0.0132072099246245,4.4767927900753754,clk_core,VALIDATED
70,u_dma_fabric.rbeat_data[30]$_DFFE_PN0P_,4.49,0.8,0.0132072099246245,4.4767927900753754,clk_core,VALIDATED
68,u_dma_fabric.rbeat_data[23]$_DFFE_PN0P_,4.49,0.8,0.0132072099246245,4.4767927900753754,clk_core,VALIDATED
66,u_dma_fabric.rbeat_data[2]$_DFFE_PN0P_,4.49,0.8,0.013055289551652832,4.476944710448348,clk_core,VALIDATED
64,u_dma_fabric.rbeat_data[1]$_DFFE_PN0P_,4.49,0.8,0.013055289551652832,4.476944710448348,clk_core,VALIDATED
65,u_dma_fabric.rbeat_data[26]$_DFFE_PN0P_,4.49,0.8,0.013055289551652832,4.476944710448348,clk_core,VALIDATED
63,u_dma_fabric.rbeat_data[0]$_DFFE_PN0P_,4.49,0.8,0.013055289551652832,4.476944710448348,clk_core,VALIDATED
67,u_dma_fabric.rbeat_data[3]$_DFFE_PN0P_,4.49,0.8,0.013055289551652832,4.476944710448348,clk_core,VALIDATED
99,u_seq_core.beats_left[30]$_DFFE_PN0P_,4.54,0.75,0.011377923179961814,4.528622076820038,clk_core,VALIDATED
96,u_seq_core.beats_left[27]$_DFFE_PN0P_,4.54,0.75,0.011371106848309546,4.528628893151691,clk_core,VALIDATED
94,u_seq_core.beats_left[25]$_DFFE_PN0P_,4.54,0.75,0.011371106848309546,4.528628893151691,clk_core,VALIDATED
93,u_seq_core.beats_left[22]$_DFFE_PN0P_,4.54,0.75,0.011371106848309546,4.528628893151691,clk_core,VALIDATED
98,u_seq_core.beats_left[29]$_DFFE_PN0P_,4.54,0.75,0.011371106848309546,4.528628893151691,clk_core,VALIDATED
92,u_seq_core.beats_left[21]$_DFFE_PN0P_,4.54,0.75,0.011371106848309546,4.528628893151691,clk_core,VALIDATED
95,u_seq_core.beats_left[26]$_DFFE_PN0P_,4.54,0.75,0.011371106848309546,4.528628893151691,clk_core,VALIDATED
97,u_seq_core.beats_left[28]$_DFFE_PN0P_,4.54,0.75,0.011367297493082337,4.5286327025069175,clk_core,VALIDATED
108,g_chan[1].u_cdc_chw.wbin[3]$_DFF_PN0_,4.56,0.73,0.011307105746341799,4.548692894253658,clk_core,VALIDATED
111,g_chan[1].u_cdc_chw.wgray[1]$_DFF_PN0_,4.56,0.73,0.011307105746341799,4.548692894253658,clk_core,VALIDATED
106,g_chan[1].u_cdc_chw.wbin[0]$_DFF_PN0_,4.56,0.73,0.011307105746341799,4.548692894253658,clk_core,VALIDATED
107,g_chan[1].u_cdc_chw.wbin[1]$_DFF_PN0_,4.56,0.73,0.011307105746341799,4.548692894253658,clk_core,VALIDATED
110,g_chan[1].u_cdc_chw.wgray[0]$_DFF_PN0_,4.56,0.73,0.011307105746341799,4.548692894253658,clk_core,VALIDATED
109,g_chan[1].u_cdc_chw.wbin[4]$_DFF_PN0_,4.56,0.73,0.011307105746341799,4.548692894253658,clk_core,VALIDATED
112,g_chan[1].u_cdc_chw.wq1_rgray[1]$_DFF_PN0_,4.56,0.73,0.011307105746341799,4.548692894253658,clk_core,VALIDATED
115,g_chan[1].u_cdc_chw.wq2_rgray[3]$_DFF_PN0_,4.56,0.73,0.01130660074860678,4.548693399251393,clk_core,VALIDATED
114,g_chan[1].u_cdc_chw.wq2_rgray[1]$_DFF_PN0_,4.56,0.73,0.01130660074860678,4.548693399251393,clk_core,VALIDATED
113,g_chan[1].u_cdc_chw.wq2_rgray[0]$_DFF_PN0_,4.56,0.73,0.01130660074860678,4.548693399251393,clk_core,VALIDATED
100,g_chan[1].u_cdc_chw.wbin[2]$_DFF_PN0_,4.56,0.73,0.011296478428852792,4.548703521571147,clk_core,VALIDATED
103,g_chan[1].u_cdc_chw.wq1_rgray[3]$_DFF_PN0_,4.56,0.73,0.011295901840294505,4.548704098159705,clk_core,VALIDATED
101,g_chan[1].u_cdc_chw.wgray[2]$_DFF_PN0_,4.56,0.73,0.011295901840294505,4.548704098159705,clk_core,VALIDATED
102,g_chan[1].u_cdc_chw.wgray[3]$_DFF_PN0_,4.56,0.73,0.011295901840294505,4.548704098159705,clk_core,VALIDATED
104,g_chan[1].u_cdc_chw.wq2_rgray[2]$_DFF_PN0_,4.56,0.73,0.011295901840294505,4.548704098159705,clk_core,VALIDATED
105,g_chan[1].u_cdc_chw.wq1_rgray[2]$_DFF_PN0_,4.56,0.73,0.01129084068041751,4.548709159319582,clk_core,VALIDATED
116,u_seq_core.op_q[0]$_DFFE_PN0P_,4.56,0.73,0.011218266828104811,4.548781733171895,clk_core,VALIDATED
117,u_seq_core.addr_q[21]$_DFFE_PN0P_,4.57,0.72,0.010969375927629678,4.559030624072371,clk_core,VALIDATED
118,u_seq_core.addr_q[26]$_DFFE_PN0P_,4.57,0.72,0.010945700105282993,4.559054299894718,clk_core,VALIDATED
120,u_seq_core.addr_q[7]$_DFFE_PN0P_,4.57,0.72,0.010945700105282993,4.559054299894718,clk_core,VALIDATED
119,u_seq_core.addr_q[2]$_DFFE_PN0P_,4.57,0.72,0.010937577218626135,4.559062422781374,clk_core,VALIDATED
123,u_seq_core.addr_q[6]$_DFFE_PN0P_,4.57,0.72,0.010937577218626135,4.559062422781374,clk_core,VALIDATED
124,u_seq_core.addr_q[8]$_DFFE_PN0P_,4.57,0.72,0.010937577218626135,4.559062422781374,clk_core,VALIDATED
122,u_seq_core.addr_q[31]$_DFFE_PN0P_,4.57,0.72,0.010937577218626135,4.559062422781374,clk_core,VALIDATED
121,u_seq_core.addr_q[20]$_DFFE_PN0P_,4.57,0.72,0.010937577218626135,4.559062422781374,clk_core,VALIDATED
125,u_seq_core.addr_q[9]$_DFFE_PN0P_,4.57,0.72,0.010937577218626135,4.559062422781374,clk_core,VALIDATED
126,g_chan[1].u_cdc_chr.rd_empty$_DFF_PN1_,4.58,0.71,0.011528054825361785,4.568471945174639,clk_core,VALIDATED
127,u_dma_fabric.rr_ptr$_DFFE_PN0P_,4.58,0.71,0.011503470370643046,4.568496529629357,clk_core,VALIDATED
131,u_dma_fabric.rbeat_valid$_DFFE_PN0P_,4.59,0.71,0.01165413249430634,4.578345867505694,clk_core,VALIDATED
142,g_chan[1].u_cdc_chr.rbin[3]$_DFF_PN0_,4.59,0.71,0.011528054825361785,4.5784719451746385,clk_core,VALIDATED
147,g_chan[1].u_cdc_chr.rq2_wgray[4]$_DFF_PN0_,4.59,0.71,0.011528054825361785,4.5784719451746385,clk_core,VALIDATED
146,g_chan[1].u_cdc_chr.rq2_wgray[2]$_DFF_PN0_,4.59,0.71,0.011528054825361785,4.5784719451746385,clk_core,VALIDATED
128,g_chan[1].u_cdc_chr.rgray[2]$_DFF_PN0_,4.59,0.71,0.011528054825361785,4.5784719451746385,clk_core,VALIDATED
129,g_chan[1].u_cdc_chr.rgray[3]$_DFF_PN0_,4.59,0.71,0.011528054825361785,4.5784719451746385,clk_core,VALIDATED
144,g_chan[1].u_cdc_chr.rq1_wgray[2]$_DFF_PN0_,4.59,0.71,0.011528054825361785,4.5784719451746385,clk_core,VALIDATED
143,g_chan[1].u_cdc_chr.rbin[4]$_DFF_PN0_,4.59,0.71,0.011528054825361785,4.5784719451746385,clk_core,VALIDATED
130,g_chan[1].u_cdc_chr.rq2_wgray[3]$_DFF_PN0_,4.59,0.71,0.011528054825361785,4.5784719451746385,clk_core,VALIDATED
141,g_chan[1].u_cdc_chr.rbin[2]$_DFF_PN0_,4.59,0.71,0.011528054825361785,4.5784719451746385,clk_core,VALIDATED
140,g_chan[1].u_cdc_chr.rbin[1]$_DFF_PN0_,4.59,0.71,0.011528054825361785,4.5784719451746385,clk_core,VALIDATED
139,g_chan[1].u_cdc_chr.rbin[0]$_DFF_PN0_,4.59,0.71,0.011528054825361785,4.5784719451746385,clk_core,VALIDATED
145,g_chan[1].u_cdc_chr.rq2_wgray[0]$_DFF_PN0_,4.59,0.71,0.011528054825361785,4.5784719451746385,clk_core,VALIDATED
137,g_chan[1].u_cdc_chr.rq1_wgray[4]$_DFF_PN0_,4.59,0.71,0.01149726151910124,4.578502738480899,clk_core,VALIDATED
135,g_chan[1].u_cdc_chr.rq1_wgray[1]$_DFF_PN0_,4.59,0.71,0.01149726151910124,4.578502738480899,clk_core,VALIDATED
136,g_chan[1].u_cdc_chr.rq1_wgray[3]$_DFF_PN0_,4.59,0.71,0.01149726151910124,4.578502738480899,clk_core,VALIDATED
134,g_chan[1].u_cdc_chr.rq1_wgray[0]$_DFF_PN0_,4.59,0.71,0.01149726151910124,4.578502738480899,clk_core,VALIDATED
133,g_chan[1].u_cdc_chr.rgray[1]$_DFF_PN0_,4.59,0.71,0.01149726151910124,4.578502738480899,clk_core,VALIDATED
138,g_chan[1].u_cdc_chr.rq2_wgray[1]$_DFF_PN0_,4.59,0.71,0.01149726151910124,4.578502738480899,clk_core,VALIDATED
132,g_chan[1].u_cdc_chr.rgray[0]$_DFF_PN0_,4.59,0.71,0.01149726151910124,4.578502738480899,clk_core,VALIDATED
158,u_cdc_cmd.rq2_wgray[4]$_DFF_PN0_,4.6,0.76,0.01116134323713297,4.588838656762866,clk_core,VALIDATED
154,u_cdc_cmd.rq1_wgray[3]$_DFF_PN0_,4.6,0.76,0.01116134323713297,4.588838656762866,clk_core,VALIDATED
157,u_cdc_cmd.rq2_wgray[3]$_DFF_PN0_,4.6,0.76,0.01116134323713297,4.588838656762866,clk_core,VALIDATED
155,u_cdc_cmd.rq1_wgray[4]$_DFF_PN0_,4.6,0.76,0.01116134323713297,4.588838656762866,clk_core,VALIDATED
152,u_cdc_cmd.rgray[3]$_DFF_PN0_,4.6,0.76,0.01116134323713297,4.588838656762866,clk_core,VALIDATED
153,u_cdc_cmd.rq1_wgray[2]$_DFF_PN0_,4.6,0.76,0.01116134323713297,4.588838656762866,clk_core,VALIDATED
156,u_cdc_cmd.rq2_wgray[2]$_DFF_PN0_,4.6,0.76,0.01116134323713297,4.588838656762866,clk_core,VALIDATED
148,u_cdc_cmd.rbin[1]$_DFF_PN0_,4.6,0.76,0.01116134323713297,4.588838656762866,clk_core,VALIDATED
150,u_cdc_cmd.rbin[4]$_DFF_PN0_,4.6,0.76,0.01116134323713297,4.588838656762866,clk_core,VALIDATED
149,u_cdc_cmd.rbin[3]$_DFF_PN0_,4.6,0.76,0.01116134323713297,4.588838656762866,clk_core,VALIDATED
151,u_cdc_cmd.rgray[2]$_DFF_PN0_,4.6,0.76,0.01116134323713297,4.588838656762866,clk_core,VALIDATED
161,c_cmd_valid$_DFF_PN0_,4.6,0.76,0.01115959411643945,4.58884040588356,clk_core,VALIDATED
170,u_cdc_cmd.rd_empty$_DFF_PN1_,4.6,0.76,0.01115959411643945,4.58884040588356,clk_core,VALIDATED
159,c_cmd_addr[24]$_DFFE_PN0N_,4.6,0.76,0.011159114820542583,4.588840885179457,clk_core,VALIDATED
160,c_cmd_addr[25]$_DFFE_PN0N_,4.6,0.76,0.011159114820542583,4.588840885179457,clk_core,VALIDATED
163,u_cdc_cmd.rgray[0]$_DFF_PN0_,4.6,0.76,0.011159114820542583,4.588840885179457,clk_core,VALIDATED
162,u_cdc_cmd.rbin[0]$_DFF_PN0_,4.6,0.76,0.011159114820542583,4.588840885179457,clk_core,VALIDATED
169,u_cdc_cmd.rq2_wgray[1]$_DFF_PN0_,4.6,0.76,0.011136239312693225,4.588863760687307,clk_core,VALIDATED
168,u_cdc_cmd.rq2_wgray[0]$_DFF_PN0_,4.6,0.76,0.011136239312693225,4.588863760687307,clk_core,VALIDATED
167,u_cdc_cmd.rq1_wgray[1]$_DFF_PN0_,4.6,0.76,0.011136239312693225,4.588863760687307,clk_core,VALIDATED
166,u_cdc_cmd.rq1_wgray[0]$_DFF_PN0_,4.6,0.76,0.011136239312693225,4.588863760687307,clk_core,VALIDATED
164,u_cdc_cmd.rbin[2]$_DFF_PN0_,4.6,0.76,0.011136239312693225,4.588863760687307,clk_core,VALIDATED
165,u_cdc_cmd.rgray[1]$_DFF_PN0_,4.6,0.76,0.011136239312693225,4.588863760687307,clk_core,VALIDATED
175,c_cmd_len[7]$_DFFE_PN0N_,4.61,0.75,0.010965532687239689,4.5990344673127606,clk_core,VALIDATED
172,c_cmd_len[2]$_DFFE_PN0N_,4.61,0.75,0.010965532687239689,4.5990344673127606,clk_core,VALIDATED
174,c_cmd_len[6]$_DFFE_PN0N_,4.61,0.75,0.010965532687239689,4.5990344673127606,clk_core,VALIDATED
173,c_cmd_len[4]$_DFFE_PN0N_,4.61,0.75,0.010965532687239689,4.5990344673127606,clk_core,VALIDATED
177,c_cmd_len[0]$_DFFE_PN0N_,4.61,0.75,0.010960693486676922,4.5990393065133235,clk_core,VALIDATED
179,c_cmd_len[3]$_DFFE_PN0N_,4.61,0.75,0.010960693486676922,4.5990393065133235,clk_core,VALIDATED
178,c_cmd_len[1]$_DFFE_PN0N_,4.61,0.75,0.010960693486676922,4.5990393065133235,clk_core,VALIDATED
182,c_cmd_len[9]$_DFFE_PN0N_,4.61,0.75,0.01094778822172577,4.599052211778274,clk_core,VALIDATED
181,c_cmd_len[8]$_DFFE_PN0N_,4.61,0.75,0.01094778822172577,4.599052211778274,clk_core,VALIDATED
180,c_cmd_len[5]$_DFFE_PN0N_,4.61,0.75,0.01094778822172577,4.599052211778274,clk_core,VALIDATED
176,c_cmd_addr[23]$_DFFE_PN0N_,4.61,0.75,0.01094778822172577,4.599052211778274,clk_core,VALIDATED
171,c_cmd_len[10]$_DFFE_PN0N_,4.61,0.75,0.010928652007198232,4.599071347992802,clk_core,VALIDATED
188,g_chan[0].u_cdc_chcmd.wgray[0]$_DFF_PN0_,4.62,0.67,0.010279158938408292,4.609720841061592,clk_core,VALIDATED
189,g_chan[0].u_cdc_chcmd.wq1_rgray[1]$_DFF_PN0_,4.62,0.67,0.010279158938408292,4.609720841061592,clk_core,VALIDATED
183,g_chan[0].u_cdc_chcmd.wr_full$_DFF_PN0_,4.62,0.67,0.010279158938408292,4.609720841061592,clk_core,VALIDATED
190,g_chan[0].u_cdc_chcmd.wq2_rgray[1]$_DFF_PN0_,4.62,0.67,0.010279158938408292,4.609720841061592,clk_core,VALIDATED
187,g_chan[0].u_cdc_chcmd.wbin[4]$_DFF_PN0_,4.62,0.67,0.010279158938408292,4.609720841061592,clk_core,VALIDATED
186,u_seq_core.done$_DFFE_PN0P_,4.62,0.67,0.010278329902918222,4.609721670097082,clk_core,VALIDATED
185,g_chan[0].u_cdc_chcmd.wgray[1]$_DFF_PN0_,4.62,0.67,0.01027192467420487,4.609728075325795,clk_core,VALIDATED
184,g_chan[0].u_cdc_chcmd.wbin[3]$_DFF_PN0_,4.62,0.67,0.01027192467420487,4.609728075325795,clk_core,VALIDATED
194,u_seq_core.ch_cmd_valid$_DFF_PN0_,4.62,0.67,0.010265853274913726,4.609734146725087,clk_core,VALIDATED
191,u_ecc_engine.vpipe[0]$_DFF_PN0_,4.62,0.67,0.010258880926745626,4.609741119073255,clk_core,VALIDATED
192,u_ecc_engine.vpipe[1]$_DFF_PN0_,4.62,0.67,0.010258880926745626,4.609741119073255,clk_core,VALIDATED
193,u_ecc_engine.vpipe[2]$_DFF_PN0_,4.62,0.67,0.010258880926745626,4.609741119073255,clk_core,VALIDATED
195,u_seq_core.ecc_en_q$_DFFE_PN0P_,4.62,0.67,0.010253376646909229,4.609746623353091,clk_core,VALIDATED
197,c_cmd_addr[7]$_DFFE_PN0N_,4.65,0.72,0.010550235078403532,4.639449764921597,clk_core,VALIDATED
196,c_cmd_addr[6]$_DFFE_PN0N_,4.65,0.72,0.010550235078403532,4.639449764921597,clk_core,VALIDATED
198,c_cmd_addr[9]$_DFFE_PN0N_,4.65,0.72,0.010550235078403532,4.639449764921597,clk_core,VALIDATED
199,c_cmd_addr[8]$_DFFE_PN0N_,4.65,0.72,0.010532846937792488,4.639467153062208,clk_core,VALIDATED
202,u_cdc_wbeat.rbin[1]$_DFF_PN0_,4.65,0.64,0.00989276622050252,4.6401072337794975,clk_core,VALIDATED
201,u_cdc_wbeat.rbin[0]$_DFF_PN0_,4.65,0.64,0.00989276622050252,4.6401072337794975,clk_core,VALIDATED
205,u_cdc_wbeat.rbin[3]$_DFF_PN0_,4.65,0.64,0.00989276622050252,4.6401072337794975,clk_core,VALIDATED
204,u_cdc_wbeat.rbin[4]$_DFF_PN0_,4.65,0.64,0.00989276622050252,4.6401072337794975,clk_core,VALIDATED
203,u_cdc_wbeat.rbin[2]$_DFF_PN0_,4.65,0.64,0.00989276622050252,4.6401072337794975,clk_core,VALIDATED
207,u_seq_core.chan_q$_DFFE_PN0P_,4.65,0.64,0.009892556053317677,4.6401074439466825,clk_core,VALIDATED
206,g_chan[1].u_cdc_chw.wr_full$_DFF_PN0_,4.65,0.64,0.009884506104352906,4.640115493895648,clk_core,VALIDATED
200,u_cdc_wbeat.rd_empty$_DFF_PN1_,4.65,0.64,0.009824492480986997,4.640175507519014,clk_core,VALIDATED
280,g_chan[0].u_cdc_chw.wq2_rgray[0]$_DFF_PN0_,4.66,0.63,0.01003619793482034,4.64996380206518,clk_core,VALIDATED
246,g_chan[0].u_cdc_chw.wq1_rgray[1]$_DFF_PN0_,4.66,0.63,0.010023433057932456,4.649976566942068,clk_core,VALIDATED
251,g_chan[0].u_cdc_chw.wq2_rgray[4]$_DFF_PN0_,4.66,0.63,0.010023433057932456,4.649976566942068,clk_core,VALIDATED
268,g_chan[0].u_cdc_chw.wq2_rgray[2]$_DFF_PN0_,4.66,0.63,0.010023433057932456,4.649976566942068,clk_core,VALIDATED
247,g_chan[0].u_cdc_chw.wq1_rgray[3]$_DFF_PN0_,4.66,0.63,0.010023433057932456,4.649976566942068,clk_core,VALIDATED
250,g_chan[0].u_cdc_chw.wq2_rgray[3]$_DFF_PN0_,4.66,0.63,0.010023433057932456,4.649976566942068,clk_core,VALIDATED
249,g_chan[0].u_cdc_chw.wq2_rgray[1]$_DFF_PN0_,4.66,0.63,0.010023433057932456,4.649976566942068,clk_core,VALIDATED
248,g_chan[0].u_cdc_chw.wq1_rgray[4]$_DFF_PN0_,4.66,0.63,0.010023433057932456,4.649976566942068,clk_core,VALIDATED
267,g_chan[0].u_cdc_chw.wq1_rgray[2]$_DFF_PN0_,4.66,0.63,0.010023433057932456,4.649976566942068,clk_core,VALIDATED
256,g_chan[0].u_cdc_chw.wgray[3]$_DFF_PN0_,4.66,0.63,0.010012591252853708,4.649987408747147,clk_core,VALIDATED
255,g_chan[0].u_cdc_chw.wgray[2]$_DFF_PN0_,4.66,0.63,0.010012591252853708,4.649987408747147,clk_core,VALIDATED
281,g_chan[0].u_cdc_chw.wbin[0]$_DFF_PN0_,4.66,0.63,0.00999280632811941,4.650007193671881,clk_core,VALIDATED
284,g_chan[0].u_cdc_chw.wgray[0]$_DFF_PN0_,4.66,0.63,0.00999280632811941,4.650007193671881,clk_core,VALIDATED
286,g_chan[0].u_cdc_chw.wq1_rgray[0]$_DFF_PN0_,4.66,0.63,0.00999280632811941,4.650007193671881,clk_core,VALIDATED
282,g_chan[0].u_cdc_chw.wbin[1]$_DFF_PN0_,4.66,0.63,0.00999280632811941,4.650007193671881,clk_core,VALIDATED
283,g_chan[0].u_cdc_chw.wbin[4]$_DFF_PN0_,4.66,0.63,0.00999280632811941,4.650007193671881,clk_core,VALIDATED
285,g_chan[0].u_cdc_chw.wgray[1]$_DFF_PN0_,4.66,0.63,0.00999280632811941,4.650007193671881,clk_core,VALIDATED
208,g_chan[0].u_cdc_chw.wr_full$_DFF_PN0_,4.66,0.64,0.009894312326666523,4.650105687673333,clk_core,VALIDATED
231,g_chan[0].u_cdc_chcmd.wq1_rgray[2]$_DFF_PN0_,4.66,0.64,0.009813348733279922,4.65018665126672,clk_core,VALIDATED
232,g_chan[0].u_cdc_chcmd.wq1_rgray[3]$_DFF_PN0_,4.66,0.64,0.009813348733279922,4.65018665126672,clk_core,VALIDATED
234,u_seq_core.mask_q[1]$_DFFE_PN0P_,4.66,0.64,0.009813348733279922,4.65018665126672,clk_core,VALIDATED
233,u_seq_core.mask_q[0]$_DFFE_PN0P_,4.66,0.64,0.009813348733279922,4.65018665126672,clk_core,VALIDATED
245,u_seq_core.op_q[5]$_DFFE_PN0P_,4.66,0.64,0.009813348733279922,4.65018665126672,clk_core,VALIDATED
243,u_seq_core.op_q[2]$_DFFE_PN0P_,4.66,0.64,0.009813348733279922,4.65018665126672,clk_core,VALIDATED
244,u_seq_core.op_q[4]$_DFFE_PN0P_,4.66,0.64,0.009813348733279922,4.65018665126672,clk_core,VALIDATED
225,u_cdc_wbeat.rq2_wgray[2]$_DFF_PN0_,4.66,0.64,0.009802602122989418,4.650197397877011,clk_core,VALIDATED
221,u_cdc_wbeat.rq1_wgray[3]$_DFF_PN0_,4.66,0.64,0.009802602122989418,4.650197397877011,clk_core,VALIDATED
220,u_cdc_wbeat.rq1_wgray[2]$_DFF_PN0_,4.66,0.64,0.009802602122989418,4.650197397877011,clk_core,VALIDATED
222,u_cdc_wbeat.rq1_wgray[4]$_DFF_PN0_,4.66,0.64,0.009802602122989418,4.650197397877011,clk_core,VALIDATED
223,u_cdc_wbeat.rq2_wgray[0]$_DFF_PN0_,4.66,0.64,0.009802602122989418,4.650197397877011,clk_core,VALIDATED
227,u_cdc_wbeat.rq2_wgray[4]$_DFF_PN0_,4.66,0.64,0.009802602122989418,4.650197397877011,clk_core,VALIDATED
224,u_cdc_wbeat.rq2_wgray[1]$_DFF_PN0_,4.66,0.64,0.009802602122989418,4.650197397877011,clk_core,VALIDATED
214,u_cdc_wbeat.rgray[0]$_DFF_PN0_,4.66,0.64,0.009802602122989418,4.650197397877011,clk_core,VALIDATED
219,u_cdc_wbeat.rq1_wgray[1]$_DFF_PN0_,4.66,0.64,0.009802602122989418,4.650197397877011,clk_core,VALIDATED
215,u_cdc_wbeat.rgray[1]$_DFF_PN0_,4.66,0.64,0.009802602122989418,4.650197397877011,clk_core,VALIDATED
216,u_cdc_wbeat.rgray[2]$_DFF_PN0_,4.66,0.64,0.009802602122989418,4.650197397877011,clk_core,VALIDATED
217,u_cdc_wbeat.rgray[3]$_DFF_PN0_,4.66,0.64,0.009802602122989418,4.650197397877011,clk_core,VALIDATED
218,u_cdc_wbeat.rq1_wgray[0]$_DFF_PN0_,4.66,0.64,0.009802602122989418,4.650197397877011,clk_core,VALIDATED
226,u_cdc_wbeat.rq2_wgray[3]$_DFF_PN0_,4.66,0.64,0.009802602122989418,4.650197397877011,clk_core,VALIDATED
240,u_seq_core.addr_q[30]$_DFFE_PN0P_,4.66,0.63,0.00963730803386494,4.650362691966135,clk_core,VALIDATED
241,u_seq_core.addr_q[4]$_DFFE_PN0P_,4.66,0.63,0.00963730803386494,4.650362691966135,clk_core,VALIDATED
271,u_seq_core.addr_q[18]$_DFFE_PN0P_,4.66,0.63,0.009625922426398079,4.650374077573602,clk_core,VALIDATED
273,u_seq_core.addr_q[25]$_DFFE_PN0P_,4.66,0.63,0.009625922426398079,4.650374077573602,clk_core,VALIDATED
272,u_seq_core.addr_q[1]$_DFFE_PN0P_,4.66,0.63,0.009625922426398079,4.650374077573602,clk_core,VALIDATED
270,u_seq_core.addr_q[17]$_DFFE_PN0P_,4.66,0.63,0.009625922426398079,4.650374077573602,clk_core,VALIDATED
274,u_seq_core.beats_left[1]$_DFFE_PN0P_,4.66,0.63,0.009625922426398079,4.650374077573602,clk_core,VALIDATED
211,u_seq_core.addr_q[5]$_DFFE_PN0P_,4.66,0.63,0.009619772921462114,4.650380227078538,clk_core,VALIDATED
212,u_seq_core.addr_q[11]$_DFFE_PN0P_,4.66,0.63,0.009619772921462114,4.650380227078538,clk_core,VALIDATED
210,u_seq_core.addr_q[3]$_DFFE_PN0P_,4.66,0.63,0.009619772921462114,4.650380227078538,clk_core,VALIDATED
213,u_seq_core.addr_q[27]$_DFFE_PN0P_,4.66,0.63,0.009619772921462114,4.650380227078538,clk_core,VALIDATED
209,u_seq_core.addr_q[10]$_DFFE_PN0P_,4.66,0.63,0.009619772921462114,4.650380227078538,clk_core,VALIDATED
269,u_seq_core.beats_left[2]$_DFFE_PN0P_,4.66,0.63,0.009607766998505973,4.650392233001494,clk_core,VALIDATED
265,u_seq_core.beats_left[7]$_DFFE_PN0P_,4.66,0.63,0.009598981960546465,4.650401018039454,clk_core,VALIDATED
264,u_seq_core.beats_left[6]$_DFFE_PN0P_,4.66,0.63,0.009598981960546465,4.650401018039454,clk_core,VALIDATED
262,u_seq_core.beats_left[3]$_DFFE_PN0P_,4.66,0.63,0.009598981960546465,4.650401018039454,clk_core,VALIDATED
266,u_seq_core.op_q[6]$_DFFE_PN0P_,4.66,0.63,0.009598981960546465,4.650401018039454,clk_core,VALIDATED
263,u_seq_core.beats_left[4]$_DFFE_PN0P_,4.66,0.63,0.009598981960546465,4.650401018039454,clk_core,VALIDATED
259,u_seq_core.beats_left[15]$_DFFE_PN0P_,4.66,0.63,0.009598592343211101,4.650401407656789,clk_core,VALIDATED
260,u_seq_core.beats_left[5]$_DFFE_PN0P_,4.66,0.63,0.009598592343211101,4.650401407656789,clk_core,VALIDATED
258,u_seq_core.beats_left[14]$_DFFE_PN0P_,4.66,0.63,0.009598592343211101,4.650401407656789,clk_core,VALIDATED
257,u_seq_core.beats_left[0]$_DFFE_PN0P_,4.66,0.63,0.009598592343211101,4.650401407656789,clk_core,VALIDATED
242,u_seq_core.addr_q[19]$_DFFE_PN0P_,4.66,0.63,0.00959028717830208,4.650409712821698,clk_core,VALIDATED
276,u_seq_core.beats_left[17]$_DFFE_PN0P_,4.66,0.63,0.009589857948780443,4.65041014205122,clk_core,VALIDATED
277,u_seq_core.beats_left[18]$_DFFE_PN0P_,4.66,0.63,0.009589857948780443,4.65041014205122,clk_core,VALIDATED
278,u_seq_core.beats_left[23]$_DFFE_PN0P_,4.66,0.63,0.009589857948780443,4.65041014205122,clk_core,VALIDATED
275,u_seq_core.beats_left[16]$_DFFE_PN0P_,4.66,0.63,0.009589857948780443,4.65041014205122,clk_core,VALIDATED
279,u_seq_core.beats_left[24]$_DFFE_PN0P_,4.66,0.63,0.009589857948780443,4.65041014205122,clk_core,VALIDATED
235,u_seq_core.beats_left[11]$_DFFE_PN0P_,4.66,0.63,0.009589852433109156,4.650410147566891,clk_core,VALIDATED
228,u_seq_core.addr_q[14]$_DFFE_PN0P_,4.66,0.63,0.00958639111089617,4.650413608889104,clk_core,VALIDATED
230,u_seq_core.addr_q[23]$_DFFE_PN0P_,4.66,0.63,0.00958639111089617,4.650413608889104,clk_core,VALIDATED
229,u_seq_core.addr_q[22]$_DFFE_PN0P_,4.66,0.63,0.00958639111089617,4.650413608889104,clk_core,VALIDATED
252,u_seq_core.beats_left[10]$_DFFE_PN0P_,4.66,0.63,0.009581185499607358,4.650418814500393,clk_core,VALIDATED
254,u_seq_core.beats_left[9]$_DFFE_PN0P_,4.66,0.63,0.009581185499607358,4.650418814500393,clk_core,VALIDATED
253,u_seq_core.beats_left[8]$_DFFE_PN0P_,4.66,0.63,0.009581185499607358,4.650418814500393,clk_core,VALIDATED
261,u_seq_core.beats_left[19]$_DFFE_PN0P_,4.66,0.63,0.009580594124686051,4.650419405875314,clk_core,VALIDATED
237,u_seq_core.beats_left[13]$_DFFE_PN0P_,4.66,0.63,0.009571854214584105,4.650428145785416,clk_core,VALIDATED
236,u_seq_core.beats_left[12]$_DFFE_PN0P_,4.66,0.63,0.009571854214584105,4.650428145785416,clk_core,VALIDATED
238,u_seq_core.beats_left[20]$_DFFE_PN0P_,4.66,0.63,0.009571854214584105,4.650428145785416,clk_core,VALIDATED
239,u_seq_core.beats_left[31]$_DFFE_PN0P_,4.66,0.63,0.009571854214584105,4.650428145785416,clk_core,VALIDATED
290,g_chan[0].u_cdc_chw.wbin[3]$_DFF_PN0_,4.67,0.63,0.009939133953873535,4.660060866046126,clk_core,VALIDATED
289,g_chan[0].u_cdc_chw.wbin[2]$_DFF_PN0_,4.67,0.63,0.009939133953873535,4.660060866046126,clk_core,VALIDATED
288,g_chan[1].u_cdc_chw.wq2_rgray[4]$_DFF_PN0_,4.67,0.63,0.009755582755798624,4.6602444172442015,clk_core,VALIDATED
287,g_chan[1].u_cdc_chw.wq1_rgray[0]$_DFF_PN0_,4.67,0.63,0.009755582755798624,4.6602444172442015,clk_core,VALIDATED
291,g_chan[1].u_cdc_chw.wq1_rgray[4]$_DFF_PN0_,4.67,0.63,0.009741072638114714,4.660258927361885,clk_core,VALIDATED
293,u_seq_core.op_q[3]$_DFFE_PN0P_,4.67,0.63,0.009664736221484952,4.660335263778515,clk_core,VALIDATED
292,u_seq_core.op_q[1]$_DFFE_PN0P_,4.67,0.63,0.009664736221484952,4.660335263778515,clk_core,VALIDATED
295,c_cmd_chan$_DFFE_PN0N_,4.69,0.67,0.009887493968055293,4.6801125060319455,clk_core,VALIDATED
298,c_cmd_ecc_en$_DFFE_PN0N_,4.69,0.67,0.00987959191705532,4.680120408082945,clk_core,VALIDATED
296,c_cmd_chmask[0]$_DFFE_PN0N_,4.69,0.67,0.009863798756214438,4.680136201243786,clk_core,VALIDATED
294,c_cmd_addr[17]$_DFFE_PN0N_,4.69,0.67,0.009863798756214438,4.680136201243786,clk_core,VALIDATED
299,c_cmd_opcode[0]$_DFFE_PN0N_,4.69,0.67,0.009863798756214438,4.680136201243786,clk_core,VALIDATED
300,c_cmd_opcode[1]$_DFFE_PN0N_,4.69,0.67,0.009863798756214438,4.680136201243786,clk_core,VALIDATED
301,c_cmd_opcode[2]$_DFFE_PN0N_,4.69,0.67,0.009863798756214438,4.680136201243786,clk_core,VALIDATED
297,c_cmd_chmask[1]$_DFFE_PN0N_,4.69,0.67,0.009863798756214438,4.680136201243786,clk_core,VALIDATED
302,c_cmd_opcode[4]$_DFFE_PN0N_,4.69,0.67,0.009863798756214438,4.680136201243786,clk_core,VALIDATED
303,u_seq_core.addr_q[28]$_DFFE_PN0P_,4.7,0.6,0.009188688872861298,4.690811311127139,clk_core,VALIDATED
316,c_cmd_addr[1]$_DFFE_PN0N_,4.73,0.63,0.009249871889440708,4.720750128110559,clk_core,VALIDATED
315,c_cmd_addr[18]$_DFFE_PN0N_,4.73,0.63,0.009249871889440708,4.720750128110559,clk_core,VALIDATED
314,c_cmd_addr[15]$_DFFE_PN0N_,4.73,0.63,0.009249871889440708,4.720750128110559,clk_core,VALIDATED
312,c_cmd_addr[12]$_DFFE_PN0N_,4.73,0.63,0.009249871889440708,4.720750128110559,clk_core,VALIDATED
313,c_cmd_addr[13]$_DFFE_PN0N_,4.73,0.63,0.009249871889440708,4.720750128110559,clk_core,VALIDATED
308,c_cmd_addr[0]$_DFFE_PN0N_,4.73,0.63,0.009237854513050536,4.72076214548695,clk_core,VALIDATED
309,c_cmd_addr[19]$_DFFE_PN0N_,4.73,0.63,0.009237854513050536,4.72076214548695,clk_core,VALIDATED
310,c_cmd_opcode[5]$_DFFE_PN0N_,4.73,0.63,0.009237854513050536,4.72076214548695,clk_core,VALIDATED
311,c_cmd_opcode[7]$_DFFE_PN0N_,4.73,0.63,0.009237854513050536,4.72076214548695,clk_core,VALIDATED
317,c_cmd_addr[16]$_DFFE_PN0N_,4.73,0.63,0.009229724135405626,4.720770275864595,clk_core,VALIDATED
304,c_cmd_addr[14]$_DFFE_PN0N_,4.73,0.63,0.009222025745517726,4.720777974254482,clk_core,VALIDATED
306,c_cmd_opcode[3]$_DFFE_PN0N_,4.73,0.63,0.009222025745517726,4.720777974254482,clk_core,VALIDATED
307,c_cmd_opcode[6]$_DFFE_PN0N_,4.73,0.63,0.009222025745517726,4.720777974254482,clk_core,VALIDATED
305,c_cmd_addr[2]$_DFFE_PN0N_,4.73,0.63,0.009222025745517726,4.720777974254482,clk_core,VALIDATED
318,u_seq_core.addr_q[29]$_DFFE_PN0P_,4.74,0.56,0.008594699424627875,4.731405300575372,clk_core,VALIDATED
325,g_chan[0].u_cdc_chcmd.wgray[2]$_DFF_PN0_,4.75,0.55,0.008432639548024371,4.741567360451976,clk_core,VALIDATED
328,g_chan[0].u_cdc_chcmd.wq1_rgray[4]$_DFF_PN0_,4.75,0.55,0.008432639548024371,4.741567360451976,clk_core,VALIDATED
329,g_chan[0].u_cdc_chcmd.wq2_rgray[4]$_DFF_PN0_,4.75,0.55,0.008432639548024371,4.741567360451976,clk_core,VALIDATED
326,g_chan[0].u_cdc_chcmd.wgray[3]$_DFF_PN0_,4.75,0.55,0.008432639548024371,4.741567360451976,clk_core,VALIDATED
327,g_chan[0].u_cdc_chcmd.wbin[2]$_DFF_PN0_,4.75,0.55,0.008426418183641898,4.7415735818163585,clk_core,VALIDATED
339,g_chan[0].u_cdc_chcmd.wq2_rgray[3]$_DFF_PN0_,4.75,0.55,0.00842142211062161,4.741578577889379,clk_core,VALIDATED
338,g_chan[0].u_cdc_chcmd.wq2_rgray[0]$_DFF_PN0_,4.75,0.55,0.00842142211062161,4.741578577889379,clk_core,VALIDATED
337,g_chan[0].u_cdc_chcmd.wq1_rgray[0]$_DFF_PN0_,4.75,0.55,0.00842142211062161,4.741578577889379,clk_core,VALIDATED
336,g_chan[0].u_cdc_chcmd.wq2_rgray[2]$_DFF_PN0_,4.75,0.55,0.00842142211062161,4.741578577889379,clk_core,VALIDATED
335,u_seq_core.state[2]$_DFFE_PN0P_,4.75,0.55,0.008415200746239138,4.7415847992537605,clk_core,VALIDATED
333,u_seq_core.state[0]$_DFFE_PN0P_,4.75,0.55,0.008415200746239138,4.7415847992537605,clk_core,VALIDATED
334,u_seq_core.state[1]$_DFFE_PN0P_,4.75,0.55,0.008415200746239138,4.7415847992537605,clk_core,VALIDATED
331,g_chan[0].u_cdc_chcmd.wbin[0]$_DFF_PN0_,4.75,0.55,0.008411814888129466,4.741588185111871,clk_core,VALIDATED
332,g_chan[0].u_cdc_chcmd.wbin[1]$_DFF_PN0_,4.75,0.55,0.008411814888129466,4.741588185111871,clk_core,VALIDATED
330,u_seq_core.op_q[7]$_DFFE_PN0P_,4.75,0.55,0.008411814888129466,4.741588185111871,clk_core,VALIDATED
323,u_seq_core.addr_q[13]$_DFFE_PN0P_,4.75,0.55,0.008394706556568501,4.741605293443431,clk_core,VALIDATED
324,u_seq_core.addr_q[24]$_DFFE_PN0P_,4.75,0.55,0.008394706556568501,4.741605293443431,clk_core,VALIDATED
321,u_seq_core.addr_q[12]$_DFFE_PN0P_,4.75,0.55,0.008387216733199154,4.741612783266801,clk_core,VALIDATED
320,u_seq_core.addr_q[0]$_DFFE_PN0P_,4.75,0.55,0.008387216733199154,4.741612783266801,clk_core,VALIDATED
322,u_seq_core.addr_q[16]$_DFFE_PN0P_,4.75,0.55,0.008387216733199154,4.741612783266801,clk_core,VALIDATED
319,u_seq_core.addr_q[15]$_DFFE_PN0P_,4.75,0.55,0.00838717545979957,4.7416128245402005,clk_core,VALIDATED
344,c_cmd_addr[11]$_DFFE_PN0N_,4.81,0.56,0.00822911758654437,4.8017708824134555,clk_core,VALIDATED
347,c_cmd_addr[30]$_DFFE_PN0N_,4.81,0.56,0.00822911758654437,4.8017708824134555,clk_core,VALIDATED
348,c_cmd_addr[3]$_DFFE_PN0N_,4.81,0.56,0.00822911758654437,4.8017708824134555,clk_core,VALIDATED
349,c_cmd_addr[4]$_DFFE_PN0N_,4.81,0.56,0.00822911758654437,4.8017708824134555,clk_core,VALIDATED
346,c_cmd_addr[26]$_DFFE_PN0N_,4.81,0.56,0.00822911758654437,4.8017708824134555,clk_core,VALIDATED
343,c_cmd_addr[10]$_DFFE_PN0N_,4.81,0.56,0.00822911758654437,4.8017708824134555,clk_core,VALIDATED
350,c_cmd_addr[5]$_DFFE_PN0N_,4.81,0.56,0.00822911758654437,4.8017708824134555,clk_core,VALIDATED
345,c_cmd_addr[21]$_DFFE_PN0N_,4.81,0.56,0.00822911758654437,4.8017708824134555,clk_core,VALIDATED
342,c_cmd_addr[29]$_DFFE_PN0N_,4.81,0.56,0.008215480823869532,4.80178451917613,clk_core,VALIDATED
341,c_cmd_addr[28]$_DFFE_PN0N_,4.81,0.56,0.008215480823869532,4.80178451917613,clk_core,VALIDATED
340,c_cmd_addr[27]$_DFFE_PN0N_,4.81,0.56,0.008215480823869532,4.80178451917613,clk_core,VALIDATED
355,c_cmd_len[29]$_DFFE_PN0N_,4.82,0.55,0.008037814647470824,4.811962185352529,clk_core,VALIDATED
353,c_cmd_len[26]$_DFFE_PN0N_,4.82,0.55,0.008037814647470824,4.811962185352529,clk_core,VALIDATED
352,c_cmd_addr[31]$_DFFE_PN0N_,4.82,0.55,0.008037814647470824,4.811962185352529,clk_core,VALIDATED
351,c_cmd_addr[20]$_DFFE_PN0N_,4.82,0.55,0.008037814647470824,4.811962185352529,clk_core,VALIDATED
354,c_cmd_len[27]$_DFFE_PN0N_,4.82,0.55,0.008037814647470824,4.811962185352529,clk_core,VALIDATED
372,c_cmd_len[28]$_DFFE_PN0N_,4.82,0.55,0.0080198758719007,4.8119801241281,clk_core,VALIDATED
373,c_cmd_len[30]$_DFFE_PN0N_,4.82,0.55,0.0080198758719007,4.8119801241281,clk_core,VALIDATED
369,c_cmd_addr[22]$_DFFE_PN0N_,4.82,0.55,0.0080198758719007,4.8119801241281,clk_core,VALIDATED
370,c_cmd_len[11]$_DFFE_PN0N_,4.82,0.55,0.0080198758719007,4.8119801241281,clk_core,VALIDATED
371,c_cmd_len[21]$_DFFE_PN0N_,4.82,0.55,0.0080198758719007,4.8119801241281,clk_core,VALIDATED
374,c_cmd_len[31]$_DFFE_PN0N_,4.82,0.55,0.0080198758719007,4.8119801241281,clk_core,VALIDATED
356,c_cmd_len[12]$_DFFE_PN0N_,4.82,0.55,0.008003971551382258,4.811996028448618,clk_core,VALIDATED
365,c_cmd_len[22]$_DFFE_PN0N_,4.82,0.55,0.008003971551382258,4.811996028448618,clk_core,VALIDATED
366,c_cmd_len[23]$_DFFE_PN0N_,4.82,0.55,0.008003971551382258,4.811996028448618,clk_core,VALIDATED
361,c_cmd_len[17]$_DFFE_PN0N_,4.82,0.55,0.008003971551382258,4.811996028448618,clk_core,VALIDATED
368,c_cmd_len[25]$_DFFE_PN0N_,4.82,0.55,0.008003971551382258,4.811996028448618,clk_core,VALIDATED
367,c_cmd_len[24]$_DFFE_PN0N_,4.82,0.55,0.008003971551382258,4.811996028448618,clk_core,VALIDATED
362,c_cmd_len[18]$_DFFE_PN0N_,4.82,0.55,0.008003971551382258,4.811996028448618,clk_core,VALIDATED
363,c_cmd_len[19]$_DFFE_PN0N_,4.82,0.55,0.008003971551382258,4.811996028448618,clk_core,VALIDATED
358,c_cmd_len[14]$_DFFE_PN0N_,4.82,0.55,0.008003971551382258,4.811996028448618,clk_core,VALIDATED
360,c_cmd_len[16]$_DFFE_PN0N_,4.82,0.55,0.008003971551382258,4.811996028448618,clk_core,VALIDATED
364,c_cmd_len[20]$_DFFE_PN0N_,4.82,0.55,0.008003971551382258,4.811996028448618,clk_core,VALIDATED
357,c_cmd_len[13]$_DFFE_PN0N_,4.82,0.55,0.008003971551382258,4.811996028448618,clk_core,VALIDATED
359,c_cmd_len[15]$_DFFE_PN0N_,4.82,0.55,0.008003971551382258,4.811996028448618,clk_core,VALIDATED
803,u_host_if.repack_q[9]$_DFFE_PN0P_,6.49,3.62,0.05433701302485591,6.435662986975144,clk_host,VALIDATED
804,u_host_if.repack_q[11]$_DFFE_PN0P_,6.49,3.62,0.05430868398875019,6.43569131601125,clk_host,VALIDATED
809,u_host_if.repack_q[8]$_DFFE_PN0P_,6.49,3.62,0.05430868398875019,6.43569131601125,clk_host,VALIDATED
806,u_host_if.repack_q[5]$_DFFE_PN0P_,6.49,3.62,0.054280354952644466,6.435719645047356,clk_host,VALIDATED
805,u_host_if.repack_q[2]$_DFFE_PN0P_,6.49,3.62,0.054280354952644466,6.435719645047356,clk_host,VALIDATED
808,u_host_if.repack_q[7]$_DFFE_PN0P_,6.49,3.62,0.054280354952644466,6.435719645047356,clk_host,VALIDATED
802,u_host_if.repack_q[1]$_DFFE_PN0P_,6.49,3.62,0.054280354952644466,6.435719645047356,clk_host,VALIDATED
810,u_host_if.repack_q[15]$_DFFE_PN0P_,6.49,3.62,0.05424040637487931,6.435759593625121,clk_host,VALIDATED
807,u_host_if.repack_q[6]$_DFFE_PN0P_,6.49,3.62,0.05416773206367903,6.435832267936322,clk_host,VALIDATED
812,u_host_if.repack_q[4]$_DFFE_PN0P_,6.49,3.62,0.05412778348591388,6.4358722165140865,clk_host,VALIDATED
811,u_host_if.repack_q[16]$_DFFE_PN0P_,6.49,3.62,0.05407087654399828,6.435929123456002,clk_host,VALIDATED
801,u_host_if.repack_q[13]$_DFFE_PN0P_,6.49,3.62,0.054055109174713595,6.4359448908252865,clk_host,VALIDATED
816,u_host_if.repack_q[3]$_DFFE_PN0P_,6.49,3.62,0.05401516059694844,6.435984839403051,clk_host,VALIDATED
813,u_host_if.repack_q[10]$_DFFE_PN0P_,6.49,3.62,0.053958253655032845,6.4360417463449675,clk_host,VALIDATED
814,u_host_if.repack_q[12]$_DFFE_PN0P_,6.49,3.62,0.053958253655032845,6.4360417463449675,clk_host,VALIDATED
815,u_host_if.repack_q[19]$_DFFE_PN0P_,6.49,3.62,0.053954867624832314,6.436045132375168,clk_host,VALIDATED
827,u_host_if.reg_len[9]$_DFFE_PN0P_,6.53,3.58,0.05277108797512886,6.477228912024872,clk_host,VALIDATED
826,u_host_if.reg_len[11]$_DFFE_PN0P_,6.53,3.58,0.05274132012666277,6.477258679873337,clk_host,VALIDATED
835,u_host_if.reg_len[7]$_DFFE_PN0P_,6.53,3.58,0.05266521087134041,6.47733478912866,clk_host,VALIDATED
838,u_host_if.reg_len[5]$_DFFE_PN0P_,6.53,3.58,0.05262214377232585,6.477377856227674,clk_host,VALIDATED
836,u_host_if.reg_len[2]$_DFFE_PN0P_,6.53,3.58,0.05258578700968522,6.477414212990315,clk_host,VALIDATED
837,u_host_if.reg_len[8]$_DFFE_PN0P_,6.53,3.58,0.05258578700968522,6.477414212990315,clk_host,VALIDATED
834,u_host_if.reg_len[6]$_DFFE_PN0P_,6.53,3.58,0.05235967989451143,6.477640320105489,clk_host,VALIDATED
817,u_host_if.reg_len[14]$_DFFE_PN0P_,6.53,3.58,0.05232672687312495,6.477673273126875,clk_host,VALIDATED
833,u_host_if.reg_len[4]$_DFFE_PN0P_,6.53,3.58,0.052246235541197894,6.477753764458802,clk_host,VALIDATED
828,u_host_if.reg_len[29]$_DFFE_PN0P_,6.53,3.58,0.052245725995422154,6.477754274004578,clk_host,VALIDATED
831,u_host_if.reg_len[27]$_DFFE_PN0P_,6.53,3.58,0.052245725995422154,6.477754274004578,clk_host,VALIDATED
830,u_host_if.reg_len[26]$_DFFE_PN0P_,6.53,3.58,0.052245725995422154,6.477754274004578,clk_host,VALIDATED
820,u_host_if.reg_len[13]$_DFFE_PN0P_,6.53,3.58,0.052203223227290485,6.47779677677271,clk_host,VALIDATED
823,u_host_if.reg_len[20]$_DFFE_PN0P_,6.53,3.58,0.05220288425885783,6.477797115741143,clk_host,VALIDATED
832,u_host_if.reg_len[28]$_DFFE_PN0P_,6.53,3.58,0.05213147757563405,6.477868522424366,clk_host,VALIDATED
825,u_host_if.reg_len[31]$_DFFE_PN0P_,6.53,3.58,0.052125343876144425,6.477874656123856,clk_host,VALIDATED
824,u_host_if.reg_len[21]$_DFFE_PN0P_,6.53,3.58,0.052125343876144425,6.477874656123856,clk_host,VALIDATED
829,u_host_if.reg_len[10]$_DFFE_PN0P_,6.53,3.58,0.05204919223497376,6.477950807765026,clk_host,VALIDATED
819,u_host_if.reg_len[1]$_DFFE_PN0P_,6.53,3.58,0.052014593882120486,6.47798540611788,clk_host,VALIDATED
822,u_host_if.reg_len[3]$_DFFE_PN0P_,6.53,3.58,0.05198817235826539,6.478011827641735,clk_host,VALIDATED
821,u_host_if.reg_len[30]$_DFFE_PN0P_,6.53,3.58,0.05185757418611059,6.47814242581389,clk_host,VALIDATED
818,u_host_if.reg_len[0]$_DFFE_PN0P_,6.53,3.58,0.051823089676069384,6.478176910323931,clk_host,VALIDATED
840,u_host_if.repack_emit$_DFF_PN0_,6.55,3.55,0.0532307348292505,6.496769265170749,clk_host,VALIDATED
854,u_host_if.reg_addr[3]$_DFFE_PN0P_,6.55,3.56,0.05270292745385741,6.497297072546142,clk_host,VALIDATED
855,u_host_if.reg_addr[4]$_DFFE_PN0P_,6.55,3.56,0.05265871557505475,6.497341284424945,clk_host,VALIDATED
844,u_host_if.reg_addr[11]$_DFFE_PN0P_,6.55,3.56,0.05264380680201641,6.497356193197984,clk_host,VALIDATED
843,u_host_if.reg_addr[30]$_DFFE_PN0P_,6.55,3.56,0.05257544667740188,6.497424553322598,clk_host,VALIDATED
842,u_host_if.reg_addr[10]$_DFFE_PN0P_,6.55,3.56,0.05257544667740188,6.497424553322598,clk_host,VALIDATED
845,u_host_if.reg_addr[9]$_DFFE_PN0P_,6.55,3.56,0.05242838629298663,6.497571613707013,clk_host,VALIDATED
857,u_host_if.reg_addr[7]$_DFFE_PN0P_,6.55,3.56,0.05228537766164837,6.497714622338352,clk_host,VALIDATED
853,u_host_if.reg_addr[29]$_DFFE_PN0P_,6.55,3.56,0.05223104783227239,6.4977689521677275,clk_host,VALIDATED
856,u_host_if.reg_addr[5]$_DFFE_PN0P_,6.55,3.56,0.05223080855887674,6.497769191441123,clk_host,VALIDATED
847,u_host_if.reg_addr[28]$_DFFE_PN0P_,6.55,3.56,0.052220370424530205,6.4977796295754695,clk_host,VALIDATED
849,u_host_if.reg_addr[2]$_DFFE_PN0P_,6.55,3.56,0.05214489776261444,6.497855102237385,clk_host,VALIDATED
851,u_host_if.reg_addr[6]$_DFFE_PN0P_,6.55,3.56,0.05212611334144179,6.497873886658558,clk_host,VALIDATED
852,u_host_if.reg_addr[8]$_DFFE_PN0P_,6.55,3.56,0.05212611334144179,6.497873886658558,clk_host,VALIDATED
850,u_host_if.reg_addr[0]$_DFFE_PN0P_,6.55,3.56,0.05203370572437438,6.497966294275625,clk_host,VALIDATED
846,u_host_if.reg_addr[26]$_DFFE_PN0P_,6.55,3.56,0.05203267049191207,6.4979673295080875,clk_host,VALIDATED
848,u_host_if.reg_addr[27]$_DFFE_PN0P_,6.55,3.56,0.0519654359261833,6.498034564073817,clk_host,VALIDATED
839,u_host_if.reg_addr[1]$_DFFE_PN0P_,6.55,3.56,0.0518906621635471,6.4981093378364525,clk_host,VALIDATED
841,u_host_if.reg_addr[13]$_DFFE_PN0P_,6.55,3.56,0.05120602630887683,6.498793973691123,clk_host,VALIDATED
860,u_host_if.repack_q[23]$_DFFE_PN0P_,6.6,3.51,0.05258275604514956,6.54741724395485,clk_host,VALIDATED
861,u_host_if.repack_q[24]$_DFFE_PN0P_,6.6,3.51,0.05255309417294851,6.5474469058270515,clk_host,VALIDATED
863,u_host_if.repack_q[31]$_DFFE_PN0P_,6.6,3.51,0.05255309417294851,6.5474469058270515,clk_host,VALIDATED
858,u_host_if.repack_q[20]$_DFFE_PN0P_,6.6,3.51,0.05255309417294851,6.5474469058270515,clk_host,VALIDATED
862,u_host_if.repack_q[25]$_DFFE_PN0P_,6.6,3.51,0.05254784580302596,6.547452154196973,clk_host,VALIDATED
870,u_host_if.repack_q[22]$_DFFE_PN0P_,6.6,3.51,0.05247302595325892,6.5475269740467406,clk_host,VALIDATED
859,u_host_if.repack_q[21]$_DFFE_PN0P_,6.6,3.51,0.05244757286214291,6.547552427137857,clk_host,VALIDATED
872,u_host_if.repack_q[14]$_DFFE_PN0P_,6.6,3.51,0.05242822042340267,6.547571779576597,clk_host,VALIDATED
871,u_host_if.repack_q[29]$_DFFE_PN0P_,6.6,3.51,0.05242822042340267,6.547571779576597,clk_host,VALIDATED
873,u_host_if.repack_q[27]$_DFFE_PN0P_,6.6,3.51,0.05242822042340267,6.547571779576597,clk_host,VALIDATED
869,u_host_if.repack_q[18]$_DFFE_PN0P_,6.6,3.51,0.05242822042340267,6.547571779576597,clk_host,VALIDATED
864,u_host_if.repack_q[0]$_DFFE_PN0P_,6.6,3.51,0.052391892285145625,6.547608107714854,clk_host,VALIDATED
868,u_host_if.repack_q[30]$_DFFE_PN0P_,6.6,3.51,0.05236498420781743,6.547635015792182,clk_host,VALIDATED
866,u_host_if.repack_q[26]$_DFFE_PN0P_,6.6,3.51,0.05236498420781743,6.547635015792182,clk_host,VALIDATED
867,u_host_if.repack_q[28]$_DFFE_PN0P_,6.6,3.51,0.05236498420781743,6.547635015792182,clk_host,VALIDATED
865,u_host_if.repack_q[17]$_DFFE_PN0P_,6.6,3.51,0.05232862624076229,6.547671373759237,clk_host,VALIDATED
874,u_host_if.reg_len[12]$_DFFE_PN0P_,6.6,3.5,0.051503252336691896,6.548496747663307,clk_host,VALIDATED
875,u_host_if.reg_len[22]$_DFFE_PN0P_,6.6,3.5,0.05126098208548535,6.548739017914515,clk_host,VALIDATED
902,u_host_if.s_rdata[17]$_DFFE_PN0P_,6.64,3.47,0.08673781874235875,6.553262181257641,clk_host,VALIDATED
900,u_host_if.s_rdata[14]$_DFFE_PN0P_,6.64,3.47,0.08673781874235875,6.553262181257641,clk_host,VALIDATED
901,u_host_if.s_rdata[15]$_DFFE_PN0P_,6.64,3.47,0.08673781874235875,6.553262181257641,clk_host,VALIDATED
912,u_host_if.s_rdata[20]$_DFFE_PN0P_,6.64,3.47,0.08600107317781686,6.5539989268221825,clk_host,VALIDATED
913,u_host_if.s_rdata[9]$_DFFE_PN0P_,6.64,3.47,0.08600107317781686,6.5539989268221825,clk_host,VALIDATED
910,u_host_if.s_rdata[12]$_DFFE_PN0P_,6.64,3.47,0.08600107317781686,6.5539989268221825,clk_host,VALIDATED
911,u_host_if.s_rdata[13]$_DFFE_PN0P_,6.64,3.47,0.08600107317781686,6.5539989268221825,clk_host,VALIDATED
908,u_host_if.s_rdata[10]$_DFFE_PN0P_,6.64,3.47,0.08582882218522697,6.554171177814773,clk_host,VALIDATED
907,u_host_if.s_rdata[8]$_DFFE_PN0P_,6.64,3.47,0.0854843202000472,6.554515679799953,clk_host,VALIDATED
909,u_host_if.s_rdata[11]$_DFFE_PN0P_,6.64,3.47,0.0854843202000472,6.554515679799953,clk_host,VALIDATED
916,u_host_if.s_rdata[16]$_DFFE_PN0P_,6.64,3.46,0.08523796769226616,6.554762032307734,clk_host,VALIDATED
918,u_host_if.s_rdata[19]$_DFFE_PN0P_,6.64,3.46,0.08523796769226616,6.554762032307734,clk_host,VALIDATED
917,u_host_if.s_rdata[18]$_DFFE_PN0P_,6.64,3.46,0.08523796769226616,6.554762032307734,clk_host,VALIDATED
906,u_host_if.s_rdata[7]$_DFFE_PN0P_,6.64,3.47,0.08510537219849373,6.554894627801506,clk_host,VALIDATED
904,u_host_if.s_rdata[5]$_DFFE_PN0P_,6.64,3.47,0.084915898197717,6.555084101802283,clk_host,VALIDATED
905,u_host_if.s_rdata[6]$_DFFE_PN0P_,6.64,3.47,0.084915898197717,6.555084101802283,clk_host,VALIDATED
903,u_host_if.s_rdata[4]$_DFFE_PN0P_,6.64,3.47,0.08464941833012035,6.555350581669879,clk_host,VALIDATED
899,u_host_if.s_rdata[3]$_DFFE_PN0P_,6.64,3.47,0.08451617839632203,6.555483821603677,clk_host,VALIDATED
898,u_host_if.s_rdata[2]$_DFFE_PN0P_,6.64,3.47,0.08451617839632203,6.555483821603677,clk_host,VALIDATED
915,u_host_if.s_rdata[31]$_DFFE_PN0P_,6.64,3.46,0.08427261592255747,6.555727384077442,clk_host,VALIDATED
914,u_host_if.s_rdata[21]$_DFFE_PN0P_,6.64,3.46,0.08427261592255747,6.555727384077442,clk_host,VALIDATED
878,u_host_if.reg_len[25]$_DFFE_PN0P_,6.61,3.5,0.052385260557486546,6.5576147394425135,clk_host,VALIDATED
877,u_host_if.reg_len[23]$_DFFE_PN0P_,6.61,3.5,0.052385260557486546,6.5576147394425135,clk_host,VALIDATED
876,u_host_if.reg_len[16]$_DFFE_PN0P_,6.61,3.5,0.052385260557486546,6.5576147394425135,clk_host,VALIDATED
879,u_host_if.reg_len[18]$_DFFE_PN0P_,6.61,3.5,0.052185286031508904,6.557814713968491,clk_host,VALIDATED
883,u_host_if.reg_len[24]$_DFFE_PN0P_,6.61,3.5,0.052174412223592426,6.557825587776408,clk_host,VALIDATED
882,u_host_if.reg_len[17]$_DFFE_PN0P_,6.61,3.5,0.052174412223592426,6.557825587776408,clk_host,VALIDATED
881,u_host_if.reg_len[19]$_DFFE_PN0P_,6.61,3.5,0.052108813170439416,6.557891186829561,clk_host,VALIDATED
880,u_host_if.reg_len[15]$_DFFE_PN0P_,6.61,3.5,0.052108813170439416,6.557891186829561,clk_host,VALIDATED
886,u_host_if.reg_addr[23]$_DFFE_PN0P_,6.61,3.5,0.051285525115383646,6.558714474884617,clk_host,VALIDATED
884,u_host_if.reg_addr[14]$_DFFE_PN0P_,6.61,3.5,0.05116095968671652,6.558839040313284,clk_host,VALIDATED
887,u_host_if.reg_addr[22]$_DFFE_PN0P_,6.61,3.5,0.05113459538059989,6.5588654046194,clk_host,VALIDATED
888,u_host_if.reg_addr[20]$_DFFE_PN0P_,6.61,3.5,0.051134181138450974,6.558865818861549,clk_host,VALIDATED
885,u_host_if.reg_addr[19]$_DFFE_PN0P_,6.61,3.5,0.05097120898586527,6.559028791014135,clk_host,VALIDATED
890,u_host_if.reg_addr[31]$_DFFE_PN0P_,6.61,3.5,0.05094466204662357,6.559055337953377,clk_host,VALIDATED
889,u_host_if.reg_addr[21]$_DFFE_PN0P_,6.61,3.5,0.05094466204662357,6.559055337953377,clk_host,VALIDATED
891,u_host_if.reg_addr[15]$_DFFE_PN0P_,6.62,3.49,0.052339919273310276,6.567660080726689,clk_host,VALIDATED
892,u_host_if.reg_addr[17]$_DFFE_PN0P_,6.62,3.49,0.052339919273310276,6.567660080726689,clk_host,VALIDATED
893,u_host_if.reg_addr[12]$_DFFE_PN0P_,6.62,3.49,0.05229177682289582,6.567708223177104,clk_host,VALIDATED
894,u_host_if.reg_addr[16]$_DFFE_PN0P_,6.62,3.49,0.05222319766982764,6.567776802330172,clk_host,VALIDATED
895,u_host_if.reg_addr[25]$_DFFE_PN0P_,6.62,3.49,0.05222319766982764,6.567776802330172,clk_host,VALIDATED
897,u_host_if.reg_addr[24]$_DFFE_PN0P_,6.62,3.49,0.052154618516759454,6.567845381483241,clk_host,VALIDATED
896,u_host_if.reg_addr[18]$_DFFE_PN0P_,6.62,3.49,0.052154618516759454,6.567845381483241,clk_host,VALIDATED
919,u_host_if.reg_chmask[1]$_DFFE_PN0P_,6.65,3.45,0.05226454455138857,6.597735455448611,clk_host,VALIDATED
920,u_host_if.reg_chmask[0]$_DFFE_PN0P_,6.65,3.45,0.05226454455138857,6.597735455448611,clk_host,VALIDATED
921,u_host_if.reg_chan$_DFFE_PN0P_,6.68,3.43,0.05225488436791176,6.627745115632088,clk_host,VALIDATED
922,u_host_if.reg_opcode[1]$_DFFE_PN0P_,6.68,3.43,0.05189687932990772,6.628103120670092,clk_host,VALIDATED
923,u_host_if.reg_opcode[0]$_DFFE_PN0P_,6.68,3.43,0.050743825854833835,6.629256174145166,clk_host,VALIDATED
929,u_host_if.reg_opcode[7]$_DFFE_PN0P_,6.69,3.43,0.05064123859491276,6.639358761405088,clk_host,VALIDATED
927,u_host_if.reg_opcode[3]$_DFFE_PN0P_,6.69,3.43,0.0506340569600105,6.63936594303999,clk_host,VALIDATED
928,u_host_if.reg_opcode[6]$_DFFE_PN0P_,6.69,3.43,0.0506340569600105,6.63936594303999,clk_host,VALIDATED
924,u_host_if.reg_opcode[4]$_DFFE_PN0P_,6.69,3.43,0.05061535571352993,6.63938464428647,clk_host,VALIDATED
926,u_host_if.reg_opcode[5]$_DFFE_PN0P_,6.69,3.43,0.050590052920976514,6.639409947079024,clk_host,VALIDATED
925,u_host_if.reg_opcode[2]$_DFFE_PN0P_,6.69,3.43,0.050590052920976514,6.639409947079024,clk_host,VALIDATED
930,u_host_if.reg_ecc_en$_DFFE_PN0P_,6.71,3.4,0.05094782926363889,6.659052170736361,clk_host,VALIDATED
969,u_host_if.s_rdata[29]$_DFFE_PN0P_,6.74,3.36,0.08087541150070376,6.659124588499297,clk_host,VALIDATED
967,u_host_if.s_rdata[22]$_DFFE_PN0P_,6.74,3.36,0.08087541150070376,6.659124588499297,clk_host,VALIDATED
968,u_host_if.s_rdata[24]$_DFFE_PN0P_,6.74,3.36,0.08087541150070376,6.659124588499297,clk_host,VALIDATED
931,u_host_if.done_sticky$_DFF_PN0_,6.72,3.4,0.05115584520102867,6.668844154798971,clk_host,VALIDATED
979,u_host_if.s_rdata[30]$_DFFE_PN0P_,6.76,3.35,0.08048856852846065,6.679511431471539,clk_host,VALIDATED
972,u_host_if.s_rdata[0]$_DFFE_PN0P_,6.76,3.35,0.08048856852846065,6.679511431471539,clk_host,VALIDATED
973,u_host_if.s_rdata[1]$_DFFE_PN0P_,6.76,3.35,0.08048856852846065,6.679511431471539,clk_host,VALIDATED
977,u_host_if.s_rdata[23]$_DFFE_PN0P_,6.76,3.35,0.08048856852846065,6.679511431471539,clk_host,VALIDATED
978,u_host_if.s_rdata[28]$_DFFE_PN0P_,6.76,3.35,0.08048856852846065,6.679511431471539,clk_host,VALIDATED
974,u_host_if.s_rdata[25]$_DFFE_PN0P_,6.76,3.35,0.08030499840327787,6.679695001596722,clk_host,VALIDATED
975,u_host_if.s_rdata[26]$_DFFE_PN0P_,6.76,3.35,0.08021453486308305,6.679785465136916,clk_host,VALIDATED
976,u_host_if.s_rdata[27]$_DFFE_PN0P_,6.76,3.35,0.08021453486308305,6.679785465136916,clk_host,VALIDATED
966,u_host_if.start_pulse$_DFF_PN0_,6.74,3.38,0.0505107766723914,6.689489223327609,clk_host,VALIDATED
981,u_host_if.rpop_loaded$_DFFE_PN0P_,6.77,3.33,0.07967932875944422,6.690320671240555,clk_host,VALIDATED
948,s_rvalid,6.73,0.27,0.005993792237155994,6.724006207762844,clk_host,VALIDATED
950,s_rdata[15],6.73,0.27,0.005991934495015748,6.724008065504985,clk_host,VALIDATED
951,s_rdata[17],6.73,0.27,0.005991934495015748,6.724008065504985,clk_host,VALIDATED
949,s_rdata[14],6.73,0.27,0.005991934495015748,6.724008065504985,clk_host,VALIDATED
941,s_rdata[9],6.73,0.27,0.005900212857009389,6.724099787142991,clk_host,VALIDATED
937,s_rdata[20],6.73,0.27,0.005900212857009389,6.724099787142991,clk_host,VALIDATED
936,s_rdata[13],6.73,0.27,0.005900212857009389,6.724099787142991,clk_host,VALIDATED
935,s_rdata[12],6.73,0.27,0.005900212857009389,6.724099787142991,clk_host,VALIDATED
934,s_rdata[11],6.73,0.27,0.005835879345079557,6.724164120654921,clk_host,VALIDATED
945,s_rdata[16],6.73,0.27,0.005835879345079557,6.724164120654921,clk_host,VALIDATED
933,s_rdata[10],6.73,0.27,0.005835879345079557,6.724164120654921,clk_host,VALIDATED
947,s_rdata[19],6.73,0.27,0.005835879345079557,6.724164120654921,clk_host,VALIDATED
946,s_rdata[18],6.73,0.27,0.005835879345079557,6.724164120654921,clk_host,VALIDATED
956,s_rdata[8],6.73,0.27,0.005835879345079557,6.724164120654921,clk_host,VALIDATED
955,s_rdata[7],6.73,0.27,0.0058004963040123245,6.7241995036959885,clk_host,VALIDATED
952,s_rdata[4],6.73,0.27,0.005765113262945092,6.724234886737055,clk_host,VALIDATED
953,s_rdata[5],6.73,0.27,0.005765113262945092,6.724234886737055,clk_host,VALIDATED
954,s_rdata[6],6.73,0.27,0.005765113262945092,6.724234886737055,clk_host,VALIDATED
964,s_rdata[21],6.73,0.27,0.005715349875566787,6.724284650124433,clk_host,VALIDATED
963,s_rdata[3],6.73,0.27,0.005715349875566787,6.724284650124433,clk_host,VALIDATED
965,s_rdata[31],6.73,0.27,0.005715349875566787,6.724284650124433,clk_host,VALIDATED
962,s_rdata[2],6.73,0.27,0.005715349875566787,6.724284650124433,clk_host,VALIDATED
943,s_rdata[24],6.73,0.27,0.005682438081253967,6.724317561918746,clk_host,VALIDATED
942,s_rdata[22],6.73,0.27,0.005682438081253967,6.724317561918746,clk_host,VALIDATED
944,s_rdata[29],6.73,0.27,0.005682438081253967,6.724317561918746,clk_host,VALIDATED
940,s_rdata[30],6.73,0.27,0.005665162747600323,6.7243348372524,clk_host,VALIDATED
957,s_rdata[0],6.73,0.27,0.005665162747600323,6.7243348372524,clk_host,VALIDATED
938,s_rdata[23],6.73,0.27,0.005665162747600323,6.7243348372524,clk_host,VALIDATED
939,s_rdata[28],6.73,0.27,0.005665162747600323,6.7243348372524,clk_host,VALIDATED
958,s_rdata[1],6.73,0.27,0.005665162747600323,6.7243348372524,clk_host,VALIDATED
961,s_rdata[25],6.73,0.27,0.005622568213023531,6.724377431786977,clk_host,VALIDATED
959,s_rdata[26],6.73,0.27,0.005616572897679639,6.724383427102321,clk_host,VALIDATED
960,s_rdata[27],6.73,0.27,0.005616572897679639,6.724383427102321,clk_host,VALIDATED
932,s_bvalid,6.73,0.27,0.003965812571980434,6.72603418742802,clk_host,VALIDATED
970,s_awready,6.75,0.25,0.0036832976714601395,6.7463167023285395,clk_host,VALIDATED
971,s_wready,6.75,0.25,0.0036832976714601395,6.7463167023285395,clk_host,VALIDATED
980,s_arready,6.76,0.24,0.005327815321916465,6.754672184678084,clk_host,VALIDATED
982,u_host_if.s_rvalid$_DFFE_PN0P_,6.87,3.23,0.0767590760057133,6.793240923994286,clk_host,VALIDATED
983,u_host_if.awaddr_q[3]$_DFFE_PN0P_,6.94,3.17,0.04679983830026191,6.893200161699738,clk_host,VALIDATED
985,u_host_if.awaddr_q[2]$_DFFE_PN0P_,6.94,3.17,0.04679983830026191,6.893200161699738,clk_host,VALIDATED
984,u_host_if.awaddr_q[4]$_DFFE_PN0P_,6.94,3.17,0.04679983830026191,6.893200161699738,clk_host,VALIDATED
989,u_host_if.awaddr_q[0]$_DFFE_PN0P_,6.96,3.15,0.04650457118164886,6.913495428818351,clk_host,VALIDATED
986,u_host_if.awaddr_q[5]$_DFFE_PN0P_,6.96,3.15,0.04650457118164886,6.913495428818351,clk_host,VALIDATED
987,u_host_if.awaddr_q[6]$_DFFE_PN0P_,6.96,3.15,0.04650457118164886,6.913495428818351,clk_host,VALIDATED
988,u_host_if.awaddr_q[7]$_DFFE_PN0P_,6.96,3.15,0.04650457118164886,6.913495428818351,clk_host,VALIDATED
990,u_host_if.awaddr_q[1]$_DFFE_PN0P_,6.96,3.15,0.04650457118164886,6.913495428818351,clk_host,VALIDATED
991,u_host_if.s_bvalid$_DFFE_PN0P_,7.05,3.06,0.045141832622628275,7.004858167377371,clk_host,VALIDATED
993,u_host_if.rpop_q[17]$_DFFE_PN0P_,9.22,0.88,0.020800738493827534,9.199199261506173,clk_host,VALIDATED
992,u_host_if.rpop_q[13]$_DFFE_PN0P_,9.22,0.88,0.020776250463794096,9.199223749536207,clk_host,VALIDATED
998,u_host_if.rpop_q[12]$_DFFE_PN0P_,9.22,0.88,0.02068163313108716,9.199318366868914,clk_host,VALIDATED
997,u_host_if.rpop_q[11]$_DFFE_PN0P_,9.22,0.88,0.020491358193716572,9.199508641806284,clk_host,VALIDATED
995,u_host_if.rpop_q[8]$_DFFE_PN0P_,9.22,0.88,0.020454147095097297,9.199545852904903,clk_host,VALIDATED
994,u_host_if.rpop_q[6]$_DFFE_PN0P_,9.22,0.88,0.020300883721000487,9.199699116279,clk_host,VALIDATED
996,u_host_if.rpop_q[24]$_DFFE_PN0P_,9.22,0.88,0.02018134395482024,9.19981865604518,clk_host,VALIDATED
1003,u_host_if.rpop_q[26]$_DFFE_PN0P_,9.29,0.82,0.01865399321869808,9.2713460067813,clk_host,VALIDATED
1002,u_host_if.rpop_q[1]$_DFFE_PN0P_,9.29,0.82,0.018575234896645365,9.271424765103355,clk_host,VALIDATED
1001,u_host_if.rpop_q[0]$_DFFE_PN0P_,9.29,0.82,0.018475849710193115,9.271524150289807,clk_host,VALIDATED
1000,u_host_if.rpop_q[3]$_DFFE_PN0P_,9.29,0.82,0.018359816627007905,9.271640183372991,clk_host,VALIDATED
999,u_host_if.rpop_q[2]$_DFFE_PN0P_,9.29,0.82,0.01834059463887648,9.271659405361122,clk_host,VALIDATED
1004,u_host_if.rpop_q[15]$_DFFE_PN0P_,9.31,0.79,0.01990363861322248,9.290096361386778,clk_host,VALIDATED
1009,u_host_if.rpop_q[9]$_DFFE_PN0P_,9.31,0.79,0.019800419106064317,9.290199580893937,clk_host,VALIDATED
1008,u_host_if.rpop_q[20]$_DFFE_PN0P_,9.31,0.79,0.019651412867828046,9.290348587132172,clk_host,VALIDATED
1006,u_host_if.rpop_q[16]$_DFFE_PN0P_,9.31,0.79,0.019593980091747988,9.290406019908252,clk_host,VALIDATED
1007,u_host_if.rpop_q[19]$_DFFE_PN0P_,9.31,0.79,0.019412984812458234,9.290587015187542,clk_host,VALIDATED
1005,u_host_if.rpop_q[18]$_DFFE_PN0P_,9.31,0.79,0.019334244299905545,9.290665755700095,clk_host,VALIDATED
1013,u_host_if.rpop_q[14]$_DFFE_PN0P_,9.32,0.78,0.01898531101796492,9.301014688982036,clk_host,VALIDATED
1014,u_host_if.rpop_q[10]$_DFFE_PN0P_,9.32,0.78,0.01895097654819894,9.301049023451801,clk_host,VALIDATED
1015,u_host_if.rpop_q[7]$_DFFE_PN0P_,9.32,0.78,0.018683911591385584,9.301316088408615,clk_host,VALIDATED
1011,u_host_if.rpop_q[22]$_DFFE_PN0P_,9.32,0.79,0.018206620952602934,9.301793379047398,clk_host,VALIDATED
1010,u_host_if.rpop_q[27]$_DFFE_PN0P_,9.32,0.79,0.018152540210221266,9.301847459789778,clk_host,VALIDATED
1012,u_host_if.rpop_q[29]$_DFFE_PN0P_,9.32,0.79,0.01798813759401348,9.302011862405987,clk_host,VALIDATED
1050,u_cdc_cmd.mem[7][34]$_DFFE_PP_,9.38,0.73,0.010676464809643647,9.369323535190357,clk_host,VALIDATED
1051,u_cdc_cmd.mem[7][65]$_DFFE_PP_,9.38,0.73,0.010659790196128047,9.369340209803873,clk_host,VALIDATED
1038,u_cdc_cmd.mem[10][37]$_DFFE_PP_,9.38,0.73,0.010647124436699046,9.369352875563301,clk_host,VALIDATED
1037,u_cdc_cmd.mem[10][36]$_DFFE_PP_,9.38,0.73,0.010628749138464733,9.369371250861535,clk_host,VALIDATED
1065,u_cdc_cmd.mem[6][63]$_DFFE_PP_,9.38,0.73,0.010616750284039703,9.36938324971596,clk_host,VALIDATED
1060,u_cdc_cmd.mem[6][33]$_DFFE_PP_,9.38,0.73,0.010600520641809365,9.369399479358192,clk_host,VALIDATED
1061,u_cdc_cmd.mem[6][34]$_DFFE_PP_,9.38,0.73,0.010600520641809365,9.369399479358192,clk_host,VALIDATED
1064,u_cdc_cmd.mem[6][64]$_DFFE_PP_,9.38,0.73,0.010598156453792397,9.369401843546209,clk_host,VALIDATED
1043,u_cdc_cmd.mem[7][57]$_DFFE_PP_,9.38,0.73,0.010586974796353447,9.369413025203647,clk_host,VALIDATED
1062,u_cdc_cmd.mem[6][60]$_DFFE_PP_,9.38,0.73,0.010581629575549645,9.369418370424452,clk_host,VALIDATED
1025,u_cdc_cmd.mem[7][33]$_DFFE_PP_,9.38,0.73,0.010574285194259868,9.369425714805741,clk_host,VALIDATED
1045,u_cdc_cmd.mem[7][59]$_DFFE_PP_,9.38,0.73,0.0105719210062429,9.369428078993758,clk_host,VALIDATED
1063,u_cdc_cmd.mem[6][66]$_DFFE_PP_,9.38,0.73,0.010571490304017807,9.369428509695982,clk_host,VALIDATED
1030,u_cdc_cmd.mem[10][52]$_DFFE_PP_,9.38,0.73,0.01057124232314343,9.369428757676857,clk_host,VALIDATED
1042,u_cdc_cmd.mem[7][53]$_DFFE_PP_,9.38,0.73,0.010566482834761602,9.36943351716524,clk_host,VALIDATED
1044,u_cdc_cmd.mem[7][58]$_DFFE_PP_,9.38,0.73,0.010558072128723048,9.369441927871279,clk_host,VALIDATED
1027,u_cdc_cmd.mem[7][60]$_DFFE_PP_,9.38,0.73,0.010555394128000148,9.369444605872001,clk_host,VALIDATED
1046,u_cdc_cmd.mem[7][64]$_DFFE_PP_,9.38,0.73,0.010554389079964047,9.369445610920037,clk_host,VALIDATED
1066,u_cdc_cmd.mem[6][56]$_DFFE_PP_,9.38,0.73,0.010552984827261337,9.369447015172739,clk_host,VALIDATED
1024,u_cdc_cmd.mem[7][63]$_DFFE_PP_,9.38,0.73,0.010552934383312826,9.369447065616688,clk_host,VALIDATED
1028,u_cdc_cmd.mem[7][66]$_DFFE_PP_,9.38,0.73,0.01054525485646831,9.369454745143532,clk_host,VALIDATED
1039,u_cdc_cmd.mem[10][38]$_DFFE_PP_,9.38,0.73,0.010545142842464633,9.369454857157535,clk_host,VALIDATED
1033,u_cdc_cmd.mem[10][45]$_DFFE_PP_,9.38,0.73,0.010538565175460882,9.36946143482454,clk_host,VALIDATED
1047,u_cdc_cmd.mem[7][61]$_DFFE_PP_,9.38,0.73,0.010529099070259125,9.369470900929741,clk_host,VALIDATED
1048,u_cdc_cmd.mem[7][62]$_DFFE_PP_,9.38,0.73,0.010529099070259125,9.369470900929741,clk_host,VALIDATED
1034,u_cdc_cmd.mem[10][35]$_DFFE_PP_,9.38,0.73,0.010523751473532454,9.369476248526468,clk_host,VALIDATED
1026,u_cdc_cmd.mem[7][56]$_DFFE_PP_,9.38,0.73,0.010514020075251061,9.36948597992475,clk_host,VALIDATED
1041,u_cdc_cmd.mem[10][67]$_DFFE_PP_,9.38,0.73,0.01050251306438716,9.369497486935614,clk_host,VALIDATED
1049,u_cdc_cmd.mem[7][72]$_DFFE_PP_,9.38,0.73,0.01049357384759881,9.369506426152402,clk_host,VALIDATED
1031,u_cdc_cmd.mem[10][30]$_DFFE_PP_,9.38,0.73,0.010492032300382537,9.369507967699619,clk_host,VALIDATED
1032,u_cdc_cmd.mem[10][40]$_DFFE_PP_,9.38,0.73,0.01048014844701673,9.369519851552983,clk_host,VALIDATED
1036,u_cdc_cmd.mem[10][70]$_DFFE_PP_,9.38,0.73,0.01048014844701673,9.369519851552983,clk_host,VALIDATED
1023,u_cdc_cmd.mem[10][72]$_DFFE_PP_,9.38,0.73,0.010479048047737118,9.369520951952264,clk_host,VALIDATED
1018,u_cdc_cmd.mem[10][69]$_DFFE_PP_,9.38,0.73,0.010477662356231827,9.369522337643769,clk_host,VALIDATED
1035,u_cdc_cmd.mem[10][51]$_DFFE_PP_,9.38,0.73,0.010475253446002086,9.369524746554,clk_host,VALIDATED
1040,u_cdc_cmd.mem[10][68]$_DFFE_PP_,9.38,0.73,0.010475253446002086,9.369524746554,clk_host,VALIDATED
1055,u_cdc_cmd.mem[9][31]$_DFFE_PP_,9.38,0.73,0.010466530964390604,9.369533469035611,clk_host,VALIDATED
1017,u_cdc_cmd.mem[10][31]$_DFFE_PP_,9.38,0.73,0.010463277664897006,9.369536722335104,clk_host,VALIDATED
1029,u_cdc_cmd.mem[10][47]$_DFFE_PP_,9.38,0.73,0.010457566126254744,9.369542433873747,clk_host,VALIDATED
1022,u_cdc_cmd.mem[10][29]$_DFFE_PP_,9.38,0.73,0.010454367211169789,9.369545632788832,clk_host,VALIDATED
1056,u_cdc_cmd.mem[9][67]$_DFFE_PP_,9.38,0.73,0.010453818482732705,9.369546181517268,clk_host,VALIDATED
1016,u_cdc_cmd.mem[10][28]$_DFFE_PP_,9.38,0.73,0.010445531565181548,9.369554468434819,clk_host,VALIDATED
1020,u_cdc_cmd.mem[10][41]$_DFFE_PP_,9.38,0.73,0.010436164761646376,9.369563835238354,clk_host,VALIDATED
1059,u_cdc_cmd.mem[9][29]$_DFFE_PP_,9.38,0.73,0.010435348202679016,9.369564651797322,clk_host,VALIDATED
1021,u_cdc_cmd.mem[10][23]$_DFFE_PP_,9.38,0.73,0.010428753951611552,9.36957124604839,clk_host,VALIDATED
1019,u_cdc_cmd.mem[10][71]$_DFFE_PP_,9.38,0.73,0.010417444434777462,9.369582555565223,clk_host,VALIDATED
1052,u_cdc_cmd.mem[9][41]$_DFFE_PP_,9.38,0.73,0.010405630601415548,9.369594369398586,clk_host,VALIDATED
1053,u_cdc_cmd.mem[9][25]$_DFFE_PP_,9.38,0.73,0.010396748230205241,9.369603251769796,clk_host,VALIDATED
1054,u_cdc_cmd.mem[9][28]$_DFFE_PP_,9.38,0.73,0.010396748230205241,9.369603251769796,clk_host,VALIDATED
1058,u_cdc_cmd.mem[9][23]$_DFFE_PP_,9.38,0.73,0.01039360056127834,9.369606399438723,clk_host,VALIDATED
1057,u_cdc_cmd.mem[9][71]$_DFFE_PP_,9.38,0.73,0.01039360056127834,9.369606399438723,clk_host,VALIDATED
1074,u_cdc_cmd.mem[6][57]$_DFFE_PP_,9.39,0.73,0.01075696239574743,9.379243037604253,clk_host,VALIDATED
1070,u_cdc_cmd.mem[6][65]$_DFFE_PP_,9.39,0.73,0.010602884599243474,9.379397115400756,clk_host,VALIDATED
1072,u_cdc_cmd.mem[6][62]$_DFFE_PP_,9.39,0.73,0.010593780856232214,9.379406219143767,clk_host,VALIDATED
1067,u_cdc_cmd.mem[6][53]$_DFFE_PP_,9.39,0.73,0.010592718282311099,9.37940728171769,clk_host,VALIDATED
1069,u_cdc_cmd.mem[6][59]$_DFFE_PP_,9.39,0.73,0.010584307576272545,9.379415692423729,clk_host,VALIDATED
1071,u_cdc_cmd.mem[6][61]$_DFFE_PP_,9.39,0.73,0.010574557687020418,9.37942544231298,clk_host,VALIDATED
1068,u_cdc_cmd.mem[6][58]$_DFFE_PP_,9.39,0.73,0.010570458698752692,9.379429541301247,clk_host,VALIDATED
1073,u_cdc_cmd.mem[6][72]$_DFFE_PP_,9.39,0.73,0.010519809295148307,9.379480190704852,clk_host,VALIDATED
1076,u_cdc_cmd.mem[9][30]$_DFFE_PP_,9.39,0.73,0.010468188426883414,9.379531811573116,clk_host,VALIDATED
1077,u_cdc_cmd.mem[9][70]$_DFFE_PP_,9.39,0.73,0.010456304573517608,9.379543695426483,clk_host,VALIDATED
1078,u_cdc_cmd.mem[9][40]$_DFFE_PP_,9.39,0.73,0.01045497260254815,9.379545027397452,clk_host,VALIDATED
1075,u_cdc_cmd.mem[9][69]$_DFFE_PP_,9.39,0.73,0.01045497260254815,9.379545027397452,clk_host,VALIDATED
1079,u_cdc_cmd.mem[9][68]$_DFFE_PP_,9.39,0.73,0.010451409572502963,9.379548590427497,clk_host,VALIDATED
1080,u_host_if.rpop_q[21]$_DFFE_PN0P_,9.4,0.71,0.01650481866808498,9.383495181331915,clk_host,VALIDATED
1081,u_host_if.rpop_q[31]$_DFFE_PN0P_,9.41,0.7,0.0167719830005379,9.393228016999462,clk_host,VALIDATED
1082,u_host_if.rpop_q[5]$_DFFE_PN0P_,9.41,0.7,0.016616260961144158,9.393383739038857,clk_host,VALIDATED
1086,u_host_if.rpop_q[23]$_DFFE_PN0P_,9.41,0.69,0.01651283919705389,9.393487160802946,clk_host,VALIDATED
1087,u_host_if.rpop_q[30]$_DFFE_PN0P_,9.41,0.69,0.016462670930130388,9.39353732906987,clk_host,VALIDATED
1084,u_host_if.rpop_q[4]$_DFFE_PN0P_,9.41,0.69,0.01639554972920295,9.393604450270796,clk_host,VALIDATED
1085,u_host_if.rpop_q[25]$_DFFE_PN0P_,9.41,0.69,0.01634635463650369,9.393653645363496,clk_host,VALIDATED
1083,u_host_if.rpop_q[28]$_DFFE_PN0P_,9.41,0.7,0.016143291421417322,9.393856708578582,clk_host,VALIDATED
1114,u_cdc_cmd.mem[3][12]$_DFFE_PP_,9.42,0.69,0.010170458744271367,9.409829541255728,clk_host,VALIDATED
1089,u_cdc_cmd.mem[3][39]$_DFFE_PP_,9.42,0.69,0.010167954405429537,9.40983204559457,clk_host,VALIDATED
1101,u_cdc_cmd.mem[3][36]$_DFFE_PP_,9.42,0.69,0.01014986150312619,9.409850138496873,clk_host,VALIDATED
1109,u_cdc_cmd.mem[3][18]$_DFFE_PP_,9.42,0.69,0.010118308594727003,9.409881691405273,clk_host,VALIDATED
1107,u_cdc_cmd.mem[3][13]$_DFFE_PP_,9.42,0.69,0.010118308594727003,9.409881691405273,clk_host,VALIDATED
1090,u_cdc_cmd.mem[3][50]$_DFFE_PP_,9.42,0.69,0.010115785935740022,9.40988421406426,clk_host,VALIDATED
1094,u_cdc_cmd.mem[3][37]$_DFFE_PP_,9.42,0.69,0.010111805832656924,9.409888194167342,clk_host,VALIDATED
1108,u_cdc_cmd.mem[3][14]$_DFFE_PP_,9.42,0.69,0.010108444288084231,9.409891555711916,clk_host,VALIDATED
1110,u_cdc_cmd.mem[3][38]$_DFFE_PP_,9.42,0.69,0.010096826609436067,9.409903173390564,clk_host,VALIDATED
1105,u_cdc_cmd.mem[3][48]$_DFFE_PP_,9.42,0.69,0.010092205339601153,9.409907794660398,clk_host,VALIDATED
1113,u_cdc_cmd.mem[3][52]$_DFFE_PP_,9.42,0.69,0.010087078812853402,9.409912921187146,clk_host,VALIDATED
1106,u_cdc_cmd.mem[3][3]$_DFFE_PP_,9.42,0.69,0.010084148898249087,9.40991585110175,clk_host,VALIDATED
1112,u_cdc_cmd.mem[3][46]$_DFFE_PP_,9.42,0.69,0.010081585752552934,9.409918414247446,clk_host,VALIDATED
1103,u_cdc_cmd.mem[3][43]$_DFFE_PP_,9.42,0.69,0.01007305262624069,9.409926947373759,clk_host,VALIDATED
1104,u_cdc_cmd.mem[3][49]$_DFFE_PP_,9.42,0.69,0.01006915106526899,9.409930848934732,clk_host,VALIDATED
1098,u_cdc_cmd.mem[3][51]$_DFFE_PP_,9.42,0.69,0.010052604846880316,9.40994739515312,clk_host,VALIDATED
1093,u_cdc_cmd.mem[3][35]$_DFFE_PP_,9.42,0.69,0.010042709446425595,9.409957290553574,clk_host,VALIDATED
1099,u_cdc_cmd.mem[3][45]$_DFFE_PP_,9.42,0.69,0.010036492199531628,9.409963507800468,clk_host,VALIDATED
1092,u_cdc_cmd.mem[3][30]$_DFFE_PP_,9.42,0.69,0.010033189947493727,9.409966810052506,clk_host,VALIDATED
1095,u_cdc_cmd.mem[3][40]$_DFFE_PP_,9.42,0.69,0.010033189947493727,9.409966810052506,clk_host,VALIDATED
1091,u_cdc_cmd.mem[3][68]$_DFFE_PP_,9.42,0.69,0.010030451396732247,9.409969548603268,clk_host,VALIDATED
1102,u_cdc_cmd.mem[3][41]$_DFFE_PP_,9.42,0.69,0.010016882769738507,9.409983117230261,clk_host,VALIDATED
1100,u_cdc_cmd.mem[3][70]$_DFFE_PP_,9.42,0.69,0.010014529017863587,9.409985470982136,clk_host,VALIDATED
1097,u_cdc_cmd.mem[3][47]$_DFFE_PP_,9.42,0.69,0.010007594828177098,9.409992405171822,clk_host,VALIDATED
1096,u_cdc_cmd.mem[3][67]$_DFFE_PP_,9.42,0.69,0.010003619824714378,9.409996380175286,clk_host,VALIDATED
1111,u_cdc_cmd.mem[3][69]$_DFFE_PP_,9.42,0.69,0.009980017401455758,9.410019982598545,clk_host,VALIDATED
1088,u_cdc_cmd.mem[3][44]$_DFFE_PP_,9.42,0.69,0.009933379071618086,9.410066620928381,clk_host,VALIDATED
1133,u_cdc_cmd.mem[11][37]$_DFFE_PP_,9.43,0.68,0.00991673612336521,9.420083263876634,clk_host,VALIDATED
1132,u_cdc_cmd.mem[11][36]$_DFFE_PP_,9.43,0.68,0.00991673612336521,9.420083263876634,clk_host,VALIDATED
1123,u_cdc_cmd.mem[11][52]$_DFFE_PP_,9.43,0.68,0.009899565239353876,9.420100434760645,clk_host,VALIDATED
1134,u_cdc_cmd.mem[11][38]$_DFFE_PP_,9.43,0.68,0.009838856285995262,9.420161143714004,clk_host,VALIDATED
1124,u_cdc_cmd.mem[11][35]$_DFFE_PP_,9.43,0.68,0.00983281608759564,9.420167183912405,clk_host,VALIDATED
1128,u_cdc_cmd.mem[11][45]$_DFFE_PP_,9.43,0.68,0.009832729144128749,9.42016727085587,clk_host,VALIDATED
1136,u_cdc_cmd.mem[11][67]$_DFFE_PP_,9.43,0.68,0.009799146355731307,9.420200853644268,clk_host,VALIDATED
1131,u_cdc_cmd.mem[11][70]$_DFFE_PP_,9.43,0.68,0.009789383452274938,9.420210616547724,clk_host,VALIDATED
1127,u_cdc_cmd.mem[11][30]$_DFFE_PP_,9.43,0.68,0.009789383452274938,9.420210616547724,clk_host,VALIDATED
1116,u_cdc_cmd.mem[11][31]$_DFFE_PP_,9.43,0.68,0.00978783951461041,9.42021216048539,clk_host,VALIDATED
1117,u_cdc_cmd.mem[11][54]$_DFFE_PP_,9.43,0.68,0.00978783951461041,9.42021216048539,clk_host,VALIDATED
1122,u_cdc_cmd.mem[11][72]$_DFFE_PP_,9.43,0.68,0.0097772885320025,9.420222711467996,clk_host,VALIDATED
1126,u_cdc_cmd.mem[11][69]$_DFFE_PP_,9.43,0.68,0.009777072821387303,9.420222927178612,clk_host,VALIDATED
1130,u_cdc_cmd.mem[11][68]$_DFFE_PP_,9.43,0.68,0.009773753834495885,9.420226246165504,clk_host,VALIDATED
1129,u_cdc_cmd.mem[11][51]$_DFFE_PP_,9.43,0.68,0.009773753834495885,9.420226246165504,clk_host,VALIDATED
1135,u_cdc_cmd.mem[11][40]$_DFFE_PP_,9.43,0.68,0.00977215824602462,9.420227841753976,clk_host,VALIDATED
1125,u_cdc_cmd.mem[11][47]$_DFFE_PP_,9.43,0.68,0.009757277975005217,9.420242722024994,clk_host,VALIDATED
1121,u_cdc_cmd.mem[11][29]$_DFFE_PP_,9.43,0.68,0.009754298163693206,9.420245701836306,clk_host,VALIDATED
1119,u_cdc_cmd.mem[11][41]$_DFFE_PP_,9.43,0.68,0.009737342457287843,9.420262657542711,clk_host,VALIDATED
1120,u_cdc_cmd.mem[11][23]$_DFFE_PP_,9.43,0.68,0.009730439236981435,9.420269560763018,clk_host,VALIDATED
1115,u_cdc_cmd.mem[11][28]$_DFFE_PP_,9.43,0.68,0.009723857390605863,9.420276142609394,clk_host,VALIDATED
1118,u_cdc_cmd.mem[11][71]$_DFFE_PP_,9.43,0.68,0.009719904344588033,9.420280095655412,clk_host,VALIDATED
1147,u_cdc_cmd.mem[1][57]$_DFFE_PP_,9.44,0.67,0.009892310062393765,9.430107689937605,clk_host,VALIDATED
1148,u_cdc_cmd.mem[1][64]$_DFFE_PP_,9.44,0.67,0.009892310062393765,9.430107689937605,clk_host,VALIDATED
1139,u_cdc_cmd.mem[1][75]$_DFFE_PP_,9.44,0.67,0.009886924045166973,9.430113075954832,clk_host,VALIDATED
1138,u_cdc_cmd.mem[1][26]$_DFFE_PP_,9.44,0.67,0.009871307657448133,9.430128692342551,clk_host,VALIDATED
1137,u_cdc_cmd.mem[1][21]$_DFFE_PP_,9.44,0.67,0.009871307657448133,9.430128692342551,clk_host,VALIDATED
1145,u_cdc_cmd.mem[2][50]$_DFFE_PP_,9.44,0.67,0.009835183365462637,9.430164816634537,clk_host,VALIDATED
1151,u_cdc_cmd.mem[2][68]$_DFFE_PP_,9.44,0.67,0.00975232229135363,9.430247677708646,clk_host,VALIDATED
1149,u_cdc_cmd.mem[2][40]$_DFFE_PP_,9.44,0.67,0.009749684971506106,9.430250315028493,clk_host,VALIDATED
1142,u_cdc_cmd.mem[1][33]$_DFFE_PP_,9.44,0.67,0.009737079028394421,9.430262920971606,clk_host,VALIDATED
1144,u_cdc_cmd.mem[1][56]$_DFFE_PP_,9.44,0.67,0.00973561596550579,9.430264384034494,clk_host,VALIDATED
1140,u_cdc_cmd.mem[1][27]$_DFFE_PP_,9.44,0.67,0.009733630201527364,9.430266369798472,clk_host,VALIDATED
1150,u_cdc_cmd.mem[2][67]$_DFFE_PP_,9.44,0.67,0.00972626844606092,9.430273731553939,clk_host,VALIDATED
1141,u_cdc_cmd.mem[1][2]$_DFFE_PP_,9.44,0.67,0.009719563257621563,9.430280436742377,clk_host,VALIDATED
1143,u_cdc_cmd.mem[1][34]$_DFFE_PP_,9.44,0.67,0.00969781206243446,9.430302187937565,clk_host,VALIDATED
1146,u_cdc_cmd.mem[1][24]$_DFFE_PP_,9.44,0.67,0.009688330694135189,9.430311669305864,clk_host,VALIDATED
381,u_host_if.s_rdata[17]$_DFFE_PN0P_,9.45,0.74,0.014392218367243269,9.435607781632756,clk_core,VALIDATED
378,u_host_if.rpop_q[17]$_DFFE_PN0P_,9.45,0.74,0.014392218367243269,9.435607781632756,clk_core,VALIDATED
377,u_host_if.rpop_q[15]$_DFFE_PN0P_,9.45,0.74,0.014392218367243269,9.435607781632756,clk_core,VALIDATED
380,u_host_if.s_rdata[15]$_DFFE_PN0P_,9.45,0.74,0.014392218367243269,9.435607781632756,clk_core,VALIDATED
379,u_host_if.s_rdata[14]$_DFFE_PN0P_,9.45,0.74,0.014392218367243269,9.435607781632756,clk_core,VALIDATED
376,u_host_if.rpop_q[14]$_DFFE_PN0P_,9.45,0.74,0.014392218367243269,9.435607781632756,clk_core,VALIDATED
375,u_host_if.rpop_q[13]$_DFFE_PN0P_,9.45,0.74,0.014392218367243269,9.435607781632756,clk_core,VALIDATED
389,u_host_if.s_rdata[12]$_DFFE_PN0P_,9.45,0.74,0.01434732814758407,9.435652671852415,clk_core,VALIDATED
387,u_host_if.rpop_q[9]$_DFFE_PN0P_,9.45,0.74,0.01434732814758407,9.435652671852415,clk_core,VALIDATED
395,u_host_if.s_rdata[9]$_DFFE_PN0P_,9.45,0.74,0.01434732814758407,9.435652671852415,clk_core,VALIDATED
386,u_host_if.rpop_q[20]$_DFFE_PN0P_,9.45,0.74,0.01434732814758407,9.435652671852415,clk_core,VALIDATED
390,u_host_if.s_rdata[13]$_DFFE_PN0P_,9.45,0.74,0.01434732814758407,9.435652671852415,clk_core,VALIDATED
394,u_host_if.s_rdata[20]$_DFFE_PN0P_,9.45,0.74,0.01434732814758407,9.435652671852415,clk_core,VALIDATED
384,u_host_if.rpop_q[16]$_DFFE_PN0P_,9.45,0.74,0.01434732814758407,9.435652671852415,clk_core,VALIDATED
383,u_host_if.rpop_q[12]$_DFFE_PN0P_,9.45,0.74,0.01434732814758407,9.435652671852415,clk_core,VALIDATED
393,u_host_if.s_rdata[19]$_DFFE_PN0P_,9.45,0.74,0.014315842169523176,9.435684157830476,clk_core,VALIDATED
388,u_host_if.s_rdata[10]$_DFFE_PN0P_,9.45,0.74,0.014315842169523176,9.435684157830476,clk_core,VALIDATED
391,u_host_if.s_rdata[16]$_DFFE_PN0P_,9.45,0.74,0.014315842169523176,9.435684157830476,clk_core,VALIDATED
382,u_host_if.rpop_q[10]$_DFFE_PN0P_,9.45,0.74,0.014315842169523176,9.435684157830476,clk_core,VALIDATED
385,u_host_if.rpop_q[19]$_DFFE_PN0P_,9.45,0.74,0.014315842169523176,9.435684157830476,clk_core,VALIDATED
392,u_host_if.s_rdata[18]$_DFFE_PN0P_,9.45,0.74,0.014315842169523176,9.435684157830476,clk_core,VALIDATED
1190,u_cdc_cmd.mem[2][12]$_DFFE_PP_,9.45,0.67,0.00988827145490611,9.440111728545093,clk_host,VALIDATED
1162,u_cdc_cmd.mem[2][39]$_DFFE_PP_,9.45,0.67,0.00988583970559593,9.440114160294403,clk_host,VALIDATED
1186,u_cdc_cmd.mem[1][65]$_DFFE_PP_,9.45,0.67,0.009853850018279209,9.44014614998172,clk_host,VALIDATED
1170,u_cdc_cmd.mem[1][58]$_DFFE_PP_,9.45,0.67,0.00985108454473068,9.440148915455268,clk_host,VALIDATED
1171,u_cdc_cmd.mem[1][59]$_DFFE_PP_,9.45,0.67,0.00985108454473068,9.440148915455268,clk_host,VALIDATED
1161,u_cdc_cmd.mem[2][36]$_DFFE_PP_,9.45,0.67,0.009845831172896786,9.440154168827103,clk_host,VALIDATED
1173,u_cdc_cmd.mem[2][13]$_DFFE_PP_,9.45,0.67,0.009837632903899267,9.4401623670961,clk_host,VALIDATED
1175,u_cdc_cmd.mem[2][18]$_DFFE_PP_,9.45,0.67,0.009837632903899267,9.4401623670961,clk_host,VALIDATED
1154,u_cdc_cmd.mem[2][37]$_DFFE_PP_,9.45,0.67,0.009831318627686284,9.440168681372313,clk_host,VALIDATED
1174,u_cdc_cmd.mem[2][14]$_DFFE_PP_,9.45,0.67,0.009828054519188167,9.440171945480811,clk_host,VALIDATED
1172,u_cdc_cmd.mem[1][60]$_DFFE_PP_,9.45,0.67,0.00982741484887599,9.440172585151123,clk_host,VALIDATED
1176,u_cdc_cmd.mem[2][38]$_DFFE_PP_,9.45,0.67,0.009816773584848643,9.44018322641515,clk_host,VALIDATED
1168,u_cdc_cmd.mem[2][48]$_DFFE_PP_,9.45,0.67,0.009815368376764791,9.440184631623234,clk_host,VALIDATED
1189,u_cdc_cmd.mem[2][52]$_DFFE_PP_,9.45,0.67,0.009807308333094462,9.440192691666905,clk_host,VALIDATED
1169,u_cdc_cmd.mem[2][3]$_DFFE_PP_,9.45,0.67,0.009804463343551145,9.440195536656448,clk_host,VALIDATED
1188,u_cdc_cmd.mem[2][46]$_DFFE_PP_,9.45,0.67,0.009801974491933131,9.440198025508066,clk_host,VALIDATED
1166,u_cdc_cmd.mem[2][43]$_DFFE_PP_,9.45,0.67,0.009793688702615454,9.440206311297384,clk_host,VALIDATED
1164,u_cdc_cmd.mem[2][49]$_DFFE_PP_,9.45,0.67,0.00978990023036757,9.440210099769631,clk_host,VALIDATED
1155,u_cdc_cmd.mem[2][70]$_DFFE_PP_,9.45,0.67,0.009786158108947812,9.440213841891051,clk_host,VALIDATED
1153,u_cdc_cmd.mem[2][35]$_DFFE_PP_,9.45,0.67,0.00976422503525877,9.44023577496474,clk_host,VALIDATED
1158,u_cdc_cmd.mem[2][45]$_DFFE_PP_,9.45,0.67,0.009758187998419703,9.44024181200158,clk_host,VALIDATED
1152,u_cdc_cmd.mem[2][30]$_DFFE_PP_,9.45,0.67,0.00975498146383217,9.440245018536167,clk_host,VALIDATED
1157,u_cdc_cmd.mem[2][51]$_DFFE_PP_,9.45,0.67,0.009752387108181645,9.440247612891818,clk_host,VALIDATED
1167,u_cdc_cmd.mem[2][44]$_DFFE_PP_,9.45,0.67,0.00973914695789594,9.440260853042103,clk_host,VALIDATED
1165,u_cdc_cmd.mem[2][41]$_DFFE_PP_,9.45,0.67,0.00973914695789594,9.440260853042103,clk_host,VALIDATED
1197,u_cdc_cmd.mem[10][20]$_DFFE_PP_,9.45,0.66,0.009731903772105595,9.440268096227893,clk_host,VALIDATED
1196,u_cdc_cmd.mem[10][19]$_DFFE_PP_,9.45,0.66,0.009731903772105595,9.440268096227893,clk_host,VALIDATED
1156,u_cdc_cmd.mem[2][47]$_DFFE_PP_,9.45,0.67,0.00973012823203196,9.440269871767967,clk_host,VALIDATED
1195,u_cdc_cmd.mem[10][16]$_DFFE_PP_,9.45,0.66,0.009696243641096947,9.440303756358903,clk_host,VALIDATED
1200,u_cdc_cmd.mem[10][17]$_DFFE_PP_,9.45,0.66,0.00961513321258542,9.440384866787413,clk_host,VALIDATED
1199,u_cdc_cmd.mem[10][7]$_DFFE_PP_,9.45,0.66,0.009614071903043794,9.440385928096955,clk_host,VALIDATED
1198,u_cdc_cmd.mem[10][6]$_DFFE_PP_,9.45,0.66,0.009609388466456453,9.440390611533543,clk_host,VALIDATED
1159,u_cdc_cmd.mem[3][53]$_DFFE_PP_,9.45,0.66,0.009579003242099024,9.4404209967579,clk_host,VALIDATED
1177,u_cdc_cmd.mem[3][63]$_DFFE_PP_,9.45,0.66,0.009579003242099024,9.4404209967579,clk_host,VALIDATED
1160,u_cdc_cmd.mem[3][66]$_DFFE_PP_,9.45,0.66,0.009555092764253752,9.440444907235745,clk_host,VALIDATED
1184,u_cdc_cmd.mem[3][62]$_DFFE_PP_,9.45,0.66,0.009550184851853931,9.440449815148146,clk_host,VALIDATED
1183,u_cdc_cmd.mem[3][61]$_DFFE_PP_,9.45,0.66,0.009540486163023533,9.440459513836975,clk_host,VALIDATED
1163,u_cdc_cmd.mem[3][55]$_DFFE_PP_,9.45,0.66,0.00953503572402125,9.440464964275979,clk_host,VALIDATED
1182,u_cdc_cmd.mem[3][32]$_DFFE_PP_,9.45,0.66,0.009514389037005098,9.440485610962995,clk_host,VALIDATED
1185,u_cdc_cmd.mem[3][54]$_DFFE_PP_,9.45,0.66,0.00951226689545958,9.44048773310454,clk_host,VALIDATED
1193,u_cdc_cmd.mem[3][72]$_DFFE_PP_,9.45,0.66,0.009490987616947374,9.440509012383052,clk_host,VALIDATED
1192,u_cdc_cmd.mem[3][29]$_DFFE_PP_,9.45,0.66,0.009483614095362594,9.440516385904637,clk_host,VALIDATED
1180,u_cdc_cmd.mem[3][28]$_DFFE_PP_,9.45,0.66,0.009477269899315292,9.440522730100684,clk_host,VALIDATED
1194,u_cdc_cmd.mem[10][42]$_DFFE_PP_,9.45,0.66,0.00947409678809618,9.440525903211903,clk_host,VALIDATED
1187,u_cdc_cmd.mem[3][71]$_DFFE_PP_,9.45,0.66,0.009448543887867762,9.440551456112132,clk_host,VALIDATED
1181,u_cdc_cmd.mem[3][31]$_DFFE_PP_,9.45,0.66,0.009448543887867762,9.440551456112132,clk_host,VALIDATED
1191,u_cdc_cmd.mem[3][23]$_DFFE_PP_,9.45,0.66,0.009444301360922072,9.440555698639077,clk_host,VALIDATED
1178,u_cdc_cmd.mem[3][22]$_DFFE_PP_,9.45,0.66,0.009435843150735167,9.440564156849264,clk_host,VALIDATED
1179,u_cdc_cmd.mem[3][25]$_DFFE_PP_,9.45,0.66,0.009434450276618524,9.440565549723381,clk_host,VALIDATED
398,u_host_if.awaddr_q[6]$_DFFE_PN0P_,9.57,0.62,0.009048130568228431,9.560951869431772,clk_core,VALIDATED
397,u_host_if.awaddr_q[5]$_DFFE_PN0P_,9.57,0.62,0.009048130568228431,9.560951869431772,clk_core,VALIDATED
399,u_host_if.awaddr_q[7]$_DFFE_PN0P_,9.57,0.62,0.009048130568228431,9.560951869431772,clk_core,VALIDATED
396,u_host_if.reg_len[12]$_DFFE_PN0P_,9.57,0.62,0.009024480456954614,9.560975519543046,clk_core,VALIDATED
1376,g_chan[0].u_cdc_chr.mem[1][18]$_DFFE_PP_,11.92,8.19,0.20847540388992347,11.711524596110076,clk_nand,VALIDATED
1374,g_chan[0].u_cdc_chr.mem[0][18]$_DFFE_PP_,11.92,8.19,0.20847540388992347,11.711524596110076,clk_nand,VALIDATED
1348,g_chan[0].u_cdc_chr.mem[9][18]$_DFFE_PP_,11.92,8.19,0.20847540388992347,11.711524596110076,clk_nand,VALIDATED
1354,g_chan[0].u_cdc_chr.mem[10][18]$_DFFE_PP_,11.92,8.19,0.20847540388992347,11.711524596110076,clk_nand,VALIDATED
1378,g_chan[0].u_cdc_chr.mem[2][18]$_DFFE_PP_,11.92,8.19,0.20847540388992347,11.711524596110076,clk_nand,VALIDATED
1380,g_chan[0].u_cdc_chr.mem[3][18]$_DFFE_PP_,11.92,8.19,0.20847540388992347,11.711524596110076,clk_nand,VALIDATED
1358,g_chan[0].u_cdc_chr.mem[8][18]$_DFFE_PP_,11.92,8.19,0.20847540388992347,11.711524596110076,clk_nand,VALIDATED
1360,g_chan[0].u_cdc_chr.mem[11][18]$_DFFE_PP_,11.92,8.19,0.20728382940799617,11.712716170592003,clk_nand,VALIDATED
1373,g_chan[0].u_cdc_chr.mem[15][18]$_DFFE_PP_,11.92,8.19,0.20587795003714948,11.71412204996285,clk_nand,VALIDATED
1372,g_chan[0].u_cdc_chr.mem[14][18]$_DFFE_PP_,11.92,8.19,0.20587795003714948,11.71412204996285,clk_nand,VALIDATED
1352,g_chan[0].u_cdc_chr.mem[5][18]$_DFFE_PP_,11.92,8.19,0.20587795003714948,11.71412204996285,clk_nand,VALIDATED
1416,g_chan[0].u_cdc_chr.mem[4][18]$_DFFE_PP_,11.92,8.19,0.2023504554182498,11.71764954458175,clk_nand,VALIDATED
1422,g_chan[0].u_cdc_chr.mem[7][18]$_DFFE_PP_,11.92,8.19,0.2023504554182498,11.71764954458175,clk_nand,VALIDATED
1395,g_chan[0].u_cdc_chr.mem[13][18]$_DFFE_PP_,11.92,8.19,0.2023504554182498,11.71764954458175,clk_nand,VALIDATED
1418,g_chan[0].u_cdc_chr.mem[12][18]$_DFFE_PP_,11.92,8.19,0.2023504554182498,11.71764954458175,clk_nand,VALIDATED
1593,g_chan[0].u_cdc_chr.mem[8][22]$_DFFE_PP_,11.93,8.18,0.2117247352416859,11.718275264758313,clk_nand,VALIDATED
1580,g_chan[0].u_cdc_chr.mem[9][22]$_DFFE_PP_,11.93,8.18,0.2117247352416859,11.718275264758313,clk_nand,VALIDATED
1582,g_chan[0].u_cdc_chr.mem[13][22]$_DFFE_PP_,11.93,8.18,0.2117247352416859,11.718275264758313,clk_nand,VALIDATED
1421,g_chan[0].u_cdc_chr.mem[6][18]$_DFFE_PP_,11.92,8.19,0.20123884046745844,11.71876115953254,clk_nand,VALIDATED
1451,g_chan[0].u_cdc_chr.mem[11][27]$_DFFE_PP_,11.92,8.2,0.20027177480093283,11.719728225199066,clk_nand,VALIDATED
1470,g_chan[0].u_cdc_chr.mem[5][27]$_DFFE_PP_,11.92,8.2,0.20027177480093283,11.719728225199066,clk_nand,VALIDATED
1469,g_chan[0].u_cdc_chr.mem[4][27]$_DFFE_PP_,11.92,8.2,0.20027177480093283,11.719728225199066,clk_nand,VALIDATED
1455,g_chan[0].u_cdc_chr.mem[6][27]$_DFFE_PP_,11.92,8.2,0.20027177480093283,11.719728225199066,clk_nand,VALIDATED
1447,g_chan[0].u_cdc_chr.mem[10][27]$_DFFE_PP_,11.92,8.2,0.19987330298975214,11.720126697010247,clk_nand,VALIDATED
1443,g_chan[0].u_cdc_chr.mem[9][27]$_DFFE_PP_,11.92,8.2,0.19947483117857145,11.720525168821428,clk_nand,VALIDATED
1450,g_chan[0].u_cdc_chr.mem[8][27]$_DFFE_PP_,11.92,8.2,0.19947483117857145,11.720525168821428,clk_nand,VALIDATED
1381,g_chan[0].u_cdc_chr.mem[3][21]$_DFFE_PP_,11.92,8.19,0.19927827363712824,11.720721726362871,clk_nand,VALIDATED
1379,g_chan[0].u_cdc_chr.mem[2][21]$_DFFE_PP_,11.92,8.19,0.19927827363712824,11.720721726362871,clk_nand,VALIDATED
1377,g_chan[0].u_cdc_chr.mem[1][21]$_DFFE_PP_,11.92,8.19,0.19927827363712824,11.720721726362871,clk_nand,VALIDATED
1590,g_chan[0].u_cdc_chr.mem[10][30]$_DFFE_PP_,11.93,8.18,0.20891584225189674,11.721084157748104,clk_nand,VALIDATED
1596,g_chan[0].u_cdc_chr.mem[11][30]$_DFFE_PP_,11.93,8.18,0.20891584225189674,11.721084157748104,clk_nand,VALIDATED
1441,g_chan[0].u_cdc_chr.mem[7][27]$_DFFE_PP_,11.92,8.2,0.1986872763171037,11.721312723682896,clk_nand,VALIDATED
1375,g_chan[0].u_cdc_chr.mem[0][21]$_DFFE_PP_,11.92,8.19,0.19803938255022957,11.72196061744977,clk_nand,VALIDATED
1359,g_chan[0].u_cdc_chr.mem[8][21]$_DFFE_PP_,11.92,8.19,0.19803938255022957,11.72196061744977,clk_nand,VALIDATED
1453,g_chan[0].u_cdc_chr.mem[2][27]$_DFFE_PP_,11.92,8.2,0.19793224866341808,11.722067751336581,clk_nand,VALIDATED
1454,g_chan[0].u_cdc_chr.mem[3][27]$_DFFE_PP_,11.92,8.2,0.19793224866341808,11.722067751336581,clk_nand,VALIDATED
1444,g_chan[0].u_cdc_chr.mem[0][27]$_DFFE_PP_,11.92,8.2,0.19793224866341808,11.722067751336581,clk_nand,VALIDATED
1594,g_chan[0].u_cdc_chr.mem[8][30]$_DFFE_PP_,11.93,8.18,0.20767846385252786,11.722321536147472,clk_nand,VALIDATED
1585,g_chan[0].u_cdc_chr.mem[9][30]$_DFFE_PP_,11.93,8.18,0.20767846385252786,11.722321536147472,clk_nand,VALIDATED
1496,g_chan[0].u_cdc_chr.mem[12][0]$_DFFE_PP_,11.92,8.2,0.1976642625901337,11.722335737409866,clk_nand,VALIDATED
1574,g_chan[0].u_cdc_chr.mem[13][30]$_DFFE_PP_,11.93,8.18,0.20730216528366496,11.722697834716335,clk_nand,VALIDATED
1355,g_chan[0].u_cdc_chr.mem[10][21]$_DFFE_PP_,11.92,8.19,0.19713976680898537,11.722860233191014,clk_nand,VALIDATED
1361,g_chan[0].u_cdc_chr.mem[11][21]$_DFFE_PP_,11.92,8.19,0.19713976680898537,11.722860233191014,clk_nand,VALIDATED
1452,g_chan[0].u_cdc_chr.mem[13][27]$_DFFE_PP_,11.92,8.2,0.19710277783327457,11.722897222166726,clk_nand,VALIDATED
1449,g_chan[0].u_cdc_chr.mem[15][27]$_DFFE_PP_,11.92,8.2,0.19710277783327457,11.722897222166726,clk_nand,VALIDATED
1448,g_chan[0].u_cdc_chr.mem[14][27]$_DFFE_PP_,11.92,8.2,0.19710277783327457,11.722897222166726,clk_nand,VALIDATED
1446,g_chan[0].u_cdc_chr.mem[12][27]$_DFFE_PP_,11.92,8.2,0.19710277783327457,11.722897222166726,clk_nand,VALIDATED
1349,g_chan[0].u_cdc_chr.mem[9][21]$_DFFE_PP_,11.92,8.19,0.19642047383446437,11.723579526165535,clk_nand,VALIDATED
1578,g_chan[0].u_cdc_chr.mem[15][30]$_DFFE_PP_,11.93,8.18,0.20617180849549022,11.72382819150451,clk_nand,VALIDATED
1347,g_chan[0].u_cdc_chr.mem[15][21]$_DFFE_PP_,11.92,8.19,0.19615086768736079,11.723849132312639,clk_nand,VALIDATED
1321,g_chan[0].u_cdc_chr.mem[2][0]$_DFFE_PP_,11.92,8.2,0.19594748195758838,11.724052518042411,clk_nand,VALIDATED
1322,g_chan[0].u_cdc_chr.mem[3][0]$_DFFE_PP_,11.92,8.2,0.19594748195758838,11.724052518042411,clk_nand,VALIDATED
1573,g_chan[0].u_cdc_chr.mem[6][30]$_DFFE_PP_,11.93,8.18,0.20590253153782145,11.724097468462178,clk_nand,VALIDATED
1575,g_chan[0].u_cdc_chr.mem[7][30]$_DFFE_PP_,11.93,8.18,0.20590253153782145,11.724097468462178,clk_nand,VALIDATED
1598,g_chan[0].u_cdc_chr.mem[4][30]$_DFFE_PP_,11.93,8.18,0.20590253153782145,11.724097468462178,clk_nand,VALIDATED
1599,g_chan[0].u_cdc_chr.mem[5][30]$_DFFE_PP_,11.93,8.18,0.20590253153782145,11.724097468462178,clk_nand,VALIDATED
1211,nand_dq_o[9],11.73,0.27,0.005423861946132862,11.724576138053868,clk_nand,VALIDATED
1210,nand_dq_o[13],11.73,0.27,0.005423861946132862,11.724576138053868,clk_nand,VALIDATED
1205,nand_dq_o[15],11.73,0.27,0.005414801924340316,11.72458519807566,clk_nand,VALIDATED
1202,nand_dq_o[10],11.73,0.27,0.005414801924340316,11.72458519807566,clk_nand,VALIDATED
1203,nand_dq_o[11],11.73,0.27,0.005405741902547771,11.724594258097452,clk_nand,VALIDATED
1204,nand_dq_o[14],11.73,0.27,0.005405741902547771,11.724594258097452,clk_nand,VALIDATED
1208,nand_dq_o[8],11.73,0.27,0.005405741902547771,11.724594258097452,clk_nand,VALIDATED
1209,nand_dq_o[12],11.73,0.27,0.005331863690469479,11.72466813630953,clk_nand,VALIDATED
1207,nand_dq_o[2],11.73,0.27,0.00473776338138069,11.72526223661862,clk_nand,VALIDATED
1201,nand_dq_oe[0],11.73,0.27,0.00473776338138069,11.72526223661862,clk_nand,VALIDATED
1206,nand_dq_o[1],11.73,0.27,0.004730023096504193,11.725269976903496,clk_nand,VALIDATED
1576,g_chan[0].u_cdc_chr.mem[14][30]$_DFFE_PP_,11.93,8.18,0.20455487646924364,11.725445123530756,clk_nand,VALIDATED
1584,g_chan[0].u_cdc_chr.mem[9][20]$_DFFE_PP_,11.93,8.18,0.20443144748694753,11.725568552513053,clk_nand,VALIDATED
1592,g_chan[0].u_cdc_chr.mem[8][20]$_DFFE_PP_,11.93,8.18,0.20443144748694753,11.725568552513053,clk_nand,VALIDATED
1589,g_chan[0].u_cdc_chr.mem[10][20]$_DFFE_PP_,11.93,8.18,0.20443144748694753,11.725568552513053,clk_nand,VALIDATED
1595,g_chan[0].u_cdc_chr.mem[11][20]$_DFFE_PP_,11.93,8.18,0.20443144748694753,11.725568552513053,clk_nand,VALIDATED
1587,g_chan[0].u_cdc_chr.mem[4][20]$_DFFE_PP_,11.93,8.18,0.20421740426455925,11.72578259573544,clk_nand,VALIDATED
1600,g_chan[0].u_cdc_chr.mem[12][20]$_DFFE_PP_,11.93,8.18,0.20421740426455925,11.72578259573544,clk_nand,VALIDATED
1581,g_chan[0].u_cdc_chr.mem[13][20]$_DFFE_PP_,11.93,8.18,0.20421740426455925,11.72578259573544,clk_nand,VALIDATED
1588,g_chan[0].u_cdc_chr.mem[5][20]$_DFFE_PP_,11.93,8.18,0.20421740426455925,11.72578259573544,clk_nand,VALIDATED
1324,g_chan[0].u_cdc_chr.mem[9][0]$_DFFE_PP_,11.92,8.2,0.19359341620194281,11.726406583798058,clk_nand,VALIDATED
1326,g_chan[0].u_cdc_chr.mem[8][0]$_DFFE_PP_,11.92,8.2,0.19359341620194281,11.726406583798058,clk_nand,VALIDATED
1327,g_chan[0].u_cdc_chr.mem[11][0]$_DFFE_PP_,11.92,8.2,0.19359341620194281,11.726406583798058,clk_nand,VALIDATED
1325,g_chan[0].u_cdc_chr.mem[10][0]$_DFFE_PP_,11.92,8.2,0.19359341620194281,11.726406583798058,clk_nand,VALIDATED
1339,g_chan[0].u_cdc_chr.mem[13][0]$_DFFE_PP_,11.92,8.2,0.19298191977557844,11.727018080224422,clk_nand,VALIDATED
1342,g_chan[0].u_cdc_chr.mem[5][0]$_DFFE_PP_,11.92,8.2,0.19298191977557844,11.727018080224422,clk_nand,VALIDATED
1341,g_chan[0].u_cdc_chr.mem[4][0]$_DFFE_PP_,11.92,8.2,0.19298191977557844,11.727018080224422,clk_nand,VALIDATED
1343,g_chan[0].u_cdc_chr.mem[6][0]$_DFFE_PP_,11.92,8.2,0.19298191977557844,11.727018080224422,clk_nand,VALIDATED
1336,g_chan[0].u_cdc_chr.mem[7][0]$_DFFE_PP_,11.92,8.2,0.19298191977557844,11.727018080224422,clk_nand,VALIDATED
1485,g_chan[0].u_cdc_chr.mem[10][1]$_DFFE_PP_,11.92,8.2,0.1926253639330735,11.727374636066926,clk_nand,VALIDATED
1486,g_chan[0].u_cdc_chr.mem[11][1]$_DFFE_PP_,11.92,8.2,0.1926253639330735,11.727374636066926,clk_nand,VALIDATED
1419,g_chan[0].u_cdc_chr.mem[2][23]$_DFFE_PP_,11.92,8.19,0.19254284854367743,11.727457151456322,clk_nand,VALIDATED
1393,g_chan[0].u_cdc_chr.mem[0][23]$_DFFE_PP_,11.92,8.19,0.19254284854367743,11.727457151456322,clk_nand,VALIDATED
1420,g_chan[0].u_cdc_chr.mem[3][23]$_DFFE_PP_,11.92,8.19,0.19254284854367743,11.727457151456322,clk_nand,VALIDATED
1487,g_chan[0].u_cdc_chr.mem[8][1]$_DFFE_PP_,11.92,8.2,0.19226880809056857,11.727731191909431,clk_nand,VALIDATED
1483,g_chan[0].u_cdc_chr.mem[9][1]$_DFFE_PP_,11.92,8.2,0.19226880809056857,11.727731191909431,clk_nand,VALIDATED
1407,g_chan[0].u_cdc_chr.mem[12][23]$_DFFE_PP_,11.92,8.19,0.19216342799294417,11.727836572007055,clk_nand,VALIDATED
1390,g_chan[0].u_cdc_chr.mem[15][23]$_DFFE_PP_,11.92,8.19,0.19216342799294417,11.727836572007055,clk_nand,VALIDATED
1323,g_chan[0].u_cdc_chr.mem[1][27]$_DFFE_PP_,11.92,8.2,0.19170732333370943,11.72829267666629,clk_nand,VALIDATED
1337,g_chan[0].u_cdc_chr.mem[0][0]$_DFFE_PP_,11.92,8.2,0.19159144179760057,11.7284085582024,clk_nand,VALIDATED
1340,g_chan[0].u_cdc_chr.mem[14][0]$_DFFE_PP_,11.92,8.2,0.19159144179760057,11.7284085582024,clk_nand,VALIDATED
1335,g_chan[0].u_cdc_chr.mem[1][0]$_DFFE_PP_,11.92,8.2,0.19159144179760057,11.7284085582024,clk_nand,VALIDATED
1338,g_chan[0].u_cdc_chr.mem[15][0]$_DFFE_PP_,11.92,8.2,0.19159144179760057,11.7284085582024,clk_nand,VALIDATED
1389,g_chan[0].u_cdc_chr.mem[14][23]$_DFFE_PP_,11.92,8.19,0.19123543047119052,11.72876456952881,clk_nand,VALIDATED
1401,g_chan[0].u_cdc_chr.mem[5][21]$_DFFE_PP_,11.92,8.19,0.19116254834428592,11.728837451655714,clk_nand,VALIDATED
1404,g_chan[0].u_cdc_chr.mem[12][21]$_DFFE_PP_,11.92,8.19,0.19019162109716992,11.72980837890283,clk_nand,VALIDATED
1403,g_chan[0].u_cdc_chr.mem[4][21]$_DFFE_PP_,11.92,8.19,0.19019162109716992,11.72980837890283,clk_nand,VALIDATED
1387,g_chan[0].u_cdc_chr.mem[13][21]$_DFFE_PP_,11.92,8.19,0.19019162109716992,11.72980837890283,clk_nand,VALIDATED
1383,g_chan[0].u_cdc_chr.mem[7][21]$_DFFE_PP_,11.92,8.19,0.19019162109716992,11.72980837890283,clk_nand,VALIDATED
1385,g_chan[0].u_cdc_chr.mem[14][21]$_DFFE_PP_,11.92,8.19,0.19019162109716992,11.72980837890283,clk_nand,VALIDATED
1391,g_chan[0].u_cdc_chr.mem[6][21]$_DFFE_PP_,11.92,8.19,0.19019162109716992,11.72980837890283,clk_nand,VALIDATED
1396,g_chan[0].u_cdc_chr.mem[1][23]$_DFFE_PP_,11.92,8.19,0.18995131925408826,11.730048680745911,clk_nand,VALIDATED
1399,g_chan[0].u_cdc_chr.mem[8][23]$_DFFE_PP_,11.92,8.19,0.18995131925408826,11.730048680745911,clk_nand,VALIDATED
1494,g_chan[0].u_cdc_chr.mem[2][1]$_DFFE_PP_,11.92,8.2,0.1889794626333785,11.731020537366621,clk_nand,VALIDATED
1491,g_chan[0].u_cdc_chr.mem[1][1]$_DFFE_PP_,11.92,8.2,0.1889794626333785,11.731020537366621,clk_nand,VALIDATED
1484,g_chan[0].u_cdc_chr.mem[0][1]$_DFFE_PP_,11.92,8.2,0.1889794626333785,11.731020537366621,clk_nand,VALIDATED
1495,g_chan[0].u_cdc_chr.mem[3][1]$_DFFE_PP_,11.92,8.2,0.1889794626333785,11.731020537366621,clk_nand,VALIDATED
1350,g_chan[0].u_cdc_chr.mem[10][7]$_DFFE_PP_,11.92,8.2,0.18895324458443907,11.73104675541556,clk_nand,VALIDATED
1351,g_chan[0].u_cdc_chr.mem[11][7]$_DFFE_PP_,11.92,8.2,0.18895324458443907,11.73104675541556,clk_nand,VALIDATED
1394,g_chan[0].u_cdc_chr.mem[9][23]$_DFFE_PP_,11.92,8.19,0.18883361145696798,11.731166388543032,clk_nand,VALIDATED
1397,g_chan[0].u_cdc_chr.mem[10][23]$_DFFE_PP_,11.92,8.19,0.18883361145696798,11.731166388543032,clk_nand,VALIDATED
1398,g_chan[0].u_cdc_chr.mem[11][23]$_DFFE_PP_,11.92,8.19,0.18883361145696798,11.731166388543032,clk_nand,VALIDATED
1597,g_chan[0].u_cdc_chr.mem[11][4]$_DFFE_PP_,11.93,8.18,0.19866866209917855,11.731331337900821,clk_nand,VALIDATED
1591,g_chan[0].u_cdc_chr.mem[10][4]$_DFFE_PP_,11.93,8.18,0.19866866209917855,11.731331337900821,clk_nand,VALIDATED
1386,g_chan[0].u_cdc_chr.mem[6][23]$_DFFE_PP_,11.92,8.19,0.1877159036598477,11.732284096340152,clk_nand,VALIDATED
1402,g_chan[0].u_cdc_chr.mem[5][23]$_DFFE_PP_,11.92,8.19,0.1877159036598477,11.732284096340152,clk_nand,VALIDATED
1400,g_chan[0].u_cdc_chr.mem[4][23]$_DFFE_PP_,11.92,8.19,0.1877159036598477,11.732284096340152,clk_nand,VALIDATED
1388,g_chan[0].u_cdc_chr.mem[13][23]$_DFFE_PP_,11.92,8.19,0.1877159036598477,11.732284096340152,clk_nand,VALIDATED
1382,g_chan[0].u_cdc_chr.mem[7][23]$_DFFE_PP_,11.92,8.19,0.1877159036598477,11.732284096340152,clk_nand,VALIDATED
1586,g_chan[0].u_cdc_chr.mem[9][4]$_DFFE_PP_,11.93,8.18,0.19705173007293197,11.732948269927068,clk_nand,VALIDATED
1492,g_chan[0].u_cdc_chr.mem[4][1]$_DFFE_PP_,11.92,8.2,0.18701267752097395,11.732987322479026,clk_nand,VALIDATED
1488,g_chan[0].u_cdc_chr.mem[14][1]$_DFFE_PP_,11.92,8.2,0.18701267752097395,11.732987322479026,clk_nand,VALIDATED
1365,g_chan[0].u_cdc_chr.mem[0][7]$_DFFE_PP_,11.92,8.2,0.1869520160133391,11.73304798398666,clk_nand,VALIDATED
1368,g_chan[0].u_cdc_chr.mem[5][7]$_DFFE_PP_,11.92,8.2,0.1869520160133391,11.73304798398666,clk_nand,VALIDATED
1366,g_chan[0].u_cdc_chr.mem[12][7]$_DFFE_PP_,11.92,8.2,0.1869520160133391,11.73304798398666,clk_nand,VALIDATED
1367,g_chan[0].u_cdc_chr.mem[4][7]$_DFFE_PP_,11.92,8.2,0.1869520160133391,11.73304798398666,clk_nand,VALIDATED
1363,g_chan[0].u_cdc_chr.mem[1][7]$_DFFE_PP_,11.92,8.2,0.1869520160133391,11.73304798398666,clk_nand,VALIDATED
1370,g_chan[0].u_cdc_chr.mem[2][7]$_DFFE_PP_,11.92,8.2,0.1869520160133391,11.73304798398666,clk_nand,VALIDATED
1371,g_chan[0].u_cdc_chr.mem[3][7]$_DFFE_PP_,11.92,8.2,0.1869520160133391,11.73304798398666,clk_nand,VALIDATED
1369,g_chan[0].u_cdc_chr.mem[8][7]$_DFFE_PP_,11.92,8.2,0.1869520160133391,11.73304798398666,clk_nand,VALIDATED
1357,g_chan[0].u_cdc_chr.mem[15][7]$_DFFE_PP_,11.92,8.2,0.1869520160133391,11.73304798398666,clk_nand,VALIDATED
1364,g_chan[0].u_cdc_chr.mem[9][7]$_DFFE_PP_,11.92,8.2,0.1869520160133391,11.73304798398666,clk_nand,VALIDATED
1356,g_chan[0].u_cdc_chr.mem[14][7]$_DFFE_PP_,11.92,8.2,0.1869520160133391,11.73304798398666,clk_nand,VALIDATED
1362,g_chan[0].u_cdc_chr.mem[6][7]$_DFFE_PP_,11.92,8.2,0.18641918696022208,11.733580813039778,clk_nand,VALIDATED
1353,g_chan[0].u_cdc_chr.mem[7][7]$_DFFE_PP_,11.92,8.2,0.18641918696022208,11.733580813039778,clk_nand,VALIDATED
1577,g_chan[0].u_cdc_chr.mem[14][4]$_DFFE_PP_,11.93,8.18,0.19608198832917023,11.733918011670829,clk_nand,VALIDATED
1583,g_chan[0].u_cdc_chr.mem[13][4]$_DFFE_PP_,11.93,8.18,0.19608198832917023,11.733918011670829,clk_nand,VALIDATED
1579,g_chan[0].u_cdc_chr.mem[15][4]$_DFFE_PP_,11.93,8.18,0.19608198832917023,11.733918011670829,clk_nand,VALIDATED
1224,nand_re_n[0],11.74,0.26,0.005812540886329549,11.73418745911367,clk_nand,VALIDATED
1221,nand_cle[1],11.74,0.26,0.005222978170350161,11.73477702182965,clk_nand,VALIDATED
1219,nand_ale[1],11.74,0.26,0.005222978170350161,11.73477702182965,clk_nand,VALIDATED
1212,nand_dq_oe[1],11.74,0.26,0.005144013625146333,11.734855986374853,clk_nand,VALIDATED
1213,nand_ale[0],11.74,0.26,0.005048210219326277,11.734951789780673,clk_nand,VALIDATED
1489,g_chan[0].u_cdc_chr.mem[15][1]$_DFFE_PP_,11.92,8.2,0.1850458924085694,11.734954107591431,clk_nand,VALIDATED
1493,g_chan[0].u_cdc_chr.mem[5][1]$_DFFE_PP_,11.92,8.2,0.1850458924085694,11.734954107591431,clk_nand,VALIDATED
1223,nand_we_n[0],11.74,0.26,0.0048176439625948475,11.735182356037406,clk_nand,VALIDATED
1490,g_chan[0].u_cdc_chr.mem[6][1]$_DFFE_PP_,11.92,8.2,0.18461358688859208,11.735386413111408,clk_nand,VALIDATED
1384,g_chan[0].u_cdc_chr.mem[13][1]$_DFFE_PP_,11.92,8.2,0.18446099494507706,11.735539005054923,clk_nand,VALIDATED
1392,g_chan[0].u_cdc_chr.mem[12][1]$_DFFE_PP_,11.92,8.2,0.18446099494507706,11.735539005054923,clk_nand,VALIDATED
1220,nand_cle[0],11.74,0.26,0.004422224088902277,11.735577775911098,clk_nand,VALIDATED
1345,g_chan[0].u_cdc_chr.mem[13][7]$_DFFE_PP_,11.92,8.2,0.18440033343744222,11.735599666562557,clk_nand,VALIDATED
1217,nand_dq_o[6],11.74,0.26,0.004371013801076122,11.735628986198924,clk_nand,VALIDATED
1215,nand_dq_o[3],11.74,0.26,0.004371013801076122,11.735628986198924,clk_nand,VALIDATED
1214,nand_dq_o[0],11.74,0.26,0.004371013801076122,11.735628986198924,clk_nand,VALIDATED
1218,nand_dq_o[7],11.74,0.26,0.004371013801076122,11.735628986198924,clk_nand,VALIDATED
1216,nand_dq_o[5],11.74,0.26,0.004352511121358205,11.735647488878643,clk_nand,VALIDATED
1222,nand_dq_o[4],11.74,0.26,0.004334747920133199,11.735665252079867,clk_nand,VALIDATED
1304,g_chan[1].u_cdc_chr.mem[15][21]$_DFFE_PP_,11.91,8.2,0.17419069589211345,11.735809304107887,clk_nand,VALIDATED
1303,g_chan[1].u_cdc_chr.mem[14][21]$_DFFE_PP_,11.91,8.2,0.17419069589211345,11.735809304107887,clk_nand,VALIDATED
1482,g_chan[0].u_cdc_chr.mem[7][1]$_DFFE_PP_,11.92,8.2,0.18418128136861478,11.735818718631386,clk_nand,VALIDATED
1305,g_chan[1].u_cdc_chr.mem[7][21]$_DFFE_PP_,11.91,8.2,0.1738782100303108,11.736121789969689,clk_nand,VALIDATED
1296,g_chan[1].u_cdc_chr.mem[12][21]$_DFFE_PP_,11.91,8.2,0.1738782100303108,11.736121789969689,clk_nand,VALIDATED
1297,g_chan[1].u_cdc_chr.mem[13][21]$_DFFE_PP_,11.91,8.2,0.1738782100303108,11.736121789969689,clk_nand,VALIDATED
1299,g_chan[1].u_cdc_chr.mem[5][21]$_DFFE_PP_,11.91,8.2,0.17356572416850813,11.736434275831492,clk_nand,VALIDATED
1298,g_chan[1].u_cdc_chr.mem[4][21]$_DFFE_PP_,11.91,8.2,0.17356572416850813,11.736434275831492,clk_nand,VALIDATED
1300,g_chan[1].u_cdc_chr.mem[6][21]$_DFFE_PP_,11.91,8.2,0.17356572416850813,11.736434275831492,clk_nand,VALIDATED
1301,g_chan[1].u_cdc_chr.mem[9][21]$_DFFE_PP_,11.91,8.2,0.17218931952308802,11.737810680476912,clk_nand,VALIDATED
1285,g_chan[1].u_cdc_chr.mem[15][25]$_DFFE_PP_,11.91,8.2,0.17122079579513472,11.738779204204866,clk_nand,VALIDATED
1279,g_chan[1].u_cdc_chr.mem[10][25]$_DFFE_PP_,11.91,8.2,0.17122079579513472,11.738779204204866,clk_nand,VALIDATED
1242,g_chan[1].u_cdc_chr.mem[7][4]$_DFFE_PP_,11.91,8.2,0.17117984425168908,11.73882015574831,clk_nand,VALIDATED
1239,g_chan[1].u_cdc_chr.mem[4][4]$_DFFE_PP_,11.91,8.2,0.17117984425168908,11.73882015574831,clk_nand,VALIDATED
1241,g_chan[1].u_cdc_chr.mem[6][4]$_DFFE_PP_,11.91,8.2,0.17117984425168908,11.73882015574831,clk_nand,VALIDATED
1240,g_chan[1].u_cdc_chr.mem[5][4]$_DFFE_PP_,11.91,8.2,0.17117984425168908,11.73882015574831,clk_nand,VALIDATED
1271,g_chan[1].u_cdc_chr.mem[7][18]$_DFFE_PP_,11.91,8.2,0.17093216562129587,11.739067834378705,clk_nand,VALIDATED
1283,g_chan[1].u_cdc_chr.mem[14][18]$_DFFE_PP_,11.91,8.2,0.17093216562129587,11.739067834378705,clk_nand,VALIDATED
1258,g_chan[1].u_cdc_chr.mem[15][18]$_DFFE_PP_,11.91,8.2,0.17093216562129587,11.739067834378705,clk_nand,VALIDATED
1252,g_chan[1].u_cdc_chr.mem[12][18]$_DFFE_PP_,11.91,8.2,0.17093216562129587,11.739067834378705,clk_nand,VALIDATED
1254,g_chan[1].u_cdc_chr.mem[13][18]$_DFFE_PP_,11.91,8.2,0.17093216562129587,11.739067834378705,clk_nand,VALIDATED
1302,g_chan[1].u_cdc_chr.mem[11][18]$_DFFE_PP_,11.91,8.2,0.1708216737573771,11.739178326242623,clk_nand,VALIDATED
1250,g_chan[1].u_cdc_chr.mem[11][25]$_DFFE_PP_,11.91,8.2,0.17017789810769424,11.739822101892306,clk_nand,VALIDATED
1243,g_chan[1].u_cdc_chr.mem[9][4]$_DFFE_PP_,11.91,8.2,0.16988508919243905,11.740114910807561,clk_nand,VALIDATED
1289,g_chan[1].u_cdc_chr.mem[5][18]$_DFFE_PP_,11.91,8.2,0.16957970315125848,11.740420296848741,clk_nand,VALIDATED
1294,g_chan[1].u_cdc_chr.mem[9][18]$_DFFE_PP_,11.91,8.2,0.16957970315125848,11.740420296848741,clk_nand,VALIDATED
1287,g_chan[1].u_cdc_chr.mem[4][18]$_DFFE_PP_,11.91,8.2,0.16957970315125848,11.740420296848741,clk_nand,VALIDATED
1290,g_chan[1].u_cdc_chr.mem[6][18]$_DFFE_PP_,11.91,8.2,0.16957970315125848,11.740420296848741,clk_nand,VALIDATED
1278,g_chan[1].u_cdc_chr.mem[0][18]$_DFFE_PP_,11.91,8.2,0.16923520685055682,11.740764793149443,clk_nand,VALIDATED
1286,g_chan[1].u_cdc_chr.mem[1][18]$_DFFE_PP_,11.91,8.2,0.16923520685055682,11.740764793149443,clk_nand,VALIDATED
1275,g_chan[1].u_cdc_chr.mem[8][25]$_DFFE_PP_,11.91,8.2,0.16913500042025376,11.740864999579747,clk_nand,VALIDATED
1269,g_chan[1].u_cdc_chr.mem[5][25]$_DFFE_PP_,11.91,8.2,0.16913500042025376,11.740864999579747,clk_nand,VALIDATED
1257,g_chan[1].u_cdc_chr.mem[14][25]$_DFFE_PP_,11.91,8.2,0.16913500042025376,11.740864999579747,clk_nand,VALIDATED
1277,g_chan[1].u_cdc_chr.mem[9][25]$_DFFE_PP_,11.91,8.2,0.16913500042025376,11.740864999579747,clk_nand,VALIDATED
1264,g_chan[1].u_cdc_chr.mem[2][25]$_DFFE_PP_,11.91,8.2,0.16913500042025376,11.740864999579747,clk_nand,VALIDATED
1238,g_chan[1].u_cdc_chr.mem[8][4]$_DFFE_PP_,11.91,8.2,0.16859033413318902,11.741409665866811,clk_nand,VALIDATED
1233,g_chan[1].u_cdc_chr.mem[1][4]$_DFFE_PP_,11.91,8.2,0.16859033413318902,11.741409665866811,clk_nand,VALIDATED
1234,g_chan[1].u_cdc_chr.mem[2][4]$_DFFE_PP_,11.91,8.2,0.16859033413318902,11.741409665866811,clk_nand,VALIDATED
1235,g_chan[1].u_cdc_chr.mem[3][4]$_DFFE_PP_,11.91,8.2,0.16859033413318902,11.741409665866811,clk_nand,VALIDATED
1237,g_chan[1].u_cdc_chr.mem[11][4]$_DFFE_PP_,11.91,8.2,0.16859033413318902,11.741409665866811,clk_nand,VALIDATED
1236,g_chan[1].u_cdc_chr.mem[10][4]$_DFFE_PP_,11.91,8.2,0.16859033413318902,11.741409665866811,clk_nand,VALIDATED
1232,g_chan[1].u_cdc_chr.mem[0][4]$_DFFE_PP_,11.91,8.2,0.16859033413318902,11.741409665866811,clk_nand,VALIDATED
1261,g_chan[1].u_cdc_chr.mem[1][25]$_DFFE_PP_,11.91,8.2,0.16824904230974502,11.741750957690256,clk_nand,VALIDATED
1262,g_chan[1].u_cdc_chr.mem[2][18]$_DFFE_PP_,11.91,8.2,0.16822724068122108,11.74177275931878,clk_nand,VALIDATED
1265,g_chan[1].u_cdc_chr.mem[3][18]$_DFFE_PP_,11.91,8.2,0.16822724068122108,11.74177275931878,clk_nand,VALIDATED
1249,g_chan[1].u_cdc_chr.mem[10][18]$_DFFE_PP_,11.91,8.2,0.16822724068122108,11.74177275931878,clk_nand,VALIDATED
1273,g_chan[1].u_cdc_chr.mem[8][18]$_DFFE_PP_,11.91,8.2,0.16822724068122108,11.74177275931878,clk_nand,VALIDATED
1251,g_chan[1].u_cdc_chr.mem[11][27]$_DFFE_PP_,11.91,8.2,0.1675716458201203,11.74242835417988,clk_nand,VALIDATED
1260,g_chan[1].u_cdc_chr.mem[15][27]$_DFFE_PP_,11.91,8.2,0.1675716458201203,11.74242835417988,clk_nand,VALIDATED
1266,g_chan[1].u_cdc_chr.mem[3][25]$_DFFE_PP_,11.91,8.2,0.1672932211630268,11.742706778836974,clk_nand,VALIDATED
1248,g_chan[1].u_cdc_chr.mem[0][25]$_DFFE_PP_,11.91,8.2,0.1672932211630268,11.742706778836974,clk_nand,VALIDATED
1413,g_chan[1].u_cdc_chr.mem[0][9]$_DFFE_PP_,11.92,8.19,0.17700906470041855,11.74299093529958,clk_nand,VALIDATED
1280,g_chan[1].u_cdc_chr.mem[10][27]$_DFFE_PP_,11.91,8.2,0.16595819536945133,11.744041804630548,clk_nand,VALIDATED
1244,g_chan[1].u_cdc_chr.mem[0][27]$_DFFE_PP_,11.91,8.2,0.16595819536945133,11.744041804630548,clk_nand,VALIDATED
1295,g_chan[1].u_cdc_chr.mem[9][27]$_DFFE_PP_,11.91,8.2,0.16595819536945133,11.744041804630548,clk_nand,VALIDATED
1293,g_chan[1].u_cdc_chr.mem[8][27]$_DFFE_PP_,11.91,8.2,0.16595819536945133,11.744041804630548,clk_nand,VALIDATED
1288,g_chan[1].u_cdc_chr.mem[4][27]$_DFFE_PP_,11.91,8.2,0.16595819536945133,11.744041804630548,clk_nand,VALIDATED
1292,g_chan[1].u_cdc_chr.mem[7][27]$_DFFE_PP_,11.91,8.2,0.16595819536945133,11.744041804630548,clk_nand,VALIDATED
1247,g_chan[1].u_cdc_chr.mem[5][27]$_DFFE_PP_,11.91,8.2,0.16595819536945133,11.744041804630548,clk_nand,VALIDATED
1410,g_chan[1].u_cdc_chr.mem[1][9]$_DFFE_PP_,11.92,8.19,0.17561753874088692,11.744382461259113,clk_nand,VALIDATED
1227,nand_re_n[1],11.75,0.25,0.005206367981523602,11.744793632018476,clk_nand,VALIDATED
1440,g_chan[1].u_cdc_chr.mem[6][9]$_DFFE_PP_,11.92,8.19,0.17510680128311096,11.74489319871689,clk_nand,VALIDATED
1433,g_chan[1].u_cdc_chr.mem[3][9]$_DFFE_PP_,11.92,8.19,0.17510680128311096,11.74489319871689,clk_nand,VALIDATED
1434,g_chan[1].u_cdc_chr.mem[14][9]$_DFFE_PP_,11.92,8.19,0.17510680128311096,11.74489319871689,clk_nand,VALIDATED
1465,g_chan[1].u_cdc_chr.mem[5][9]$_DFFE_PP_,11.92,8.19,0.17510680128311096,11.74489319871689,clk_nand,VALIDATED
1466,g_chan[1].u_cdc_chr.mem[15][9]$_DFFE_PP_,11.92,8.19,0.17510680128311096,11.74489319871689,clk_nand,VALIDATED
1472,g_chan[1].u_cdc_chr.mem[13][9]$_DFFE_PP_,11.92,8.19,0.17510680128311096,11.74489319871689,clk_nand,VALIDATED
1476,g_chan[1].u_cdc_chr.mem[4][9]$_DFFE_PP_,11.92,8.19,0.17510680128311096,11.74489319871689,clk_nand,VALIDATED
1467,g_chan[1].u_cdc_chr.mem[2][9]$_DFFE_PP_,11.92,8.19,0.17510680128311096,11.74489319871689,clk_nand,VALIDATED
1471,g_chan[1].u_cdc_chr.mem[12][9]$_DFFE_PP_,11.92,8.19,0.17510680128311096,11.74489319871689,clk_nand,VALIDATED
1474,g_chan[1].u_cdc_chr.mem[7][9]$_DFFE_PP_,11.92,8.19,0.17510680128311096,11.74489319871689,clk_nand,VALIDATED
1281,g_chan[1].u_cdc_chr.mem[12][27]$_DFFE_PP_,11.91,8.2,0.16503730574083786,11.744962694259161,clk_nand,VALIDATED
1291,g_chan[1].u_cdc_chr.mem[6][27]$_DFFE_PP_,11.91,8.2,0.16503730574083786,11.744962694259161,clk_nand,VALIDATED
1282,g_chan[1].u_cdc_chr.mem[13][27]$_DFFE_PP_,11.91,8.2,0.16503730574083786,11.744962694259161,clk_nand,VALIDATED
1284,g_chan[1].u_cdc_chr.mem[14][27]$_DFFE_PP_,11.91,8.2,0.16503730574083786,11.744962694259161,clk_nand,VALIDATED
1228,nand_we_n[1],11.75,0.25,0.005022961608247611,11.744977038391752,clk_nand,VALIDATED
1225,nand_ce_n[1],11.75,0.25,0.005022094394567474,11.744977905605433,clk_nand,VALIDATED
1272,g_chan[1].u_cdc_chr.mem[7][24]$_DFFE_PP_,11.91,8.2,0.16481943244124342,11.745180567558757,clk_nand,VALIDATED
1256,g_chan[1].u_cdc_chr.mem[14][24]$_DFFE_PP_,11.91,8.2,0.16481943244124342,11.745180567558757,clk_nand,VALIDATED
1255,g_chan[1].u_cdc_chr.mem[13][24]$_DFFE_PP_,11.91,8.2,0.16478512663816824,11.745214873361832,clk_nand,VALIDATED
1245,g_chan[1].u_cdc_chr.mem[10][24]$_DFFE_PP_,11.91,8.2,0.1645607453642709,11.745439254635729,clk_nand,VALIDATED
1246,g_chan[1].u_cdc_chr.mem[11][24]$_DFFE_PP_,11.91,8.2,0.1645607453642709,11.745439254635729,clk_nand,VALIDATED
1226,nand_ce_n[0],11.75,0.25,0.004252138547021424,11.745747861452978,clk_nand,VALIDATED
1253,g_chan[1].u_cdc_chr.mem[12][24]$_DFFE_PP_,11.91,8.2,0.16416180313729267,11.745838196862707,clk_nand,VALIDATED
1267,g_chan[1].u_cdc_chr.mem[4][24]$_DFFE_PP_,11.91,8.2,0.16416180313729267,11.745838196862707,clk_nand,VALIDATED
1268,g_chan[1].u_cdc_chr.mem[5][24]$_DFFE_PP_,11.91,8.2,0.16416180313729267,11.745838196862707,clk_nand,VALIDATED
1259,g_chan[1].u_cdc_chr.mem[15][24]$_DFFE_PP_,11.91,8.2,0.16416180313729267,11.745838196862707,clk_nand,VALIDATED
1270,g_chan[1].u_cdc_chr.mem[6][24]$_DFFE_PP_,11.91,8.2,0.1641236613909136,11.745876338609087,clk_nand,VALIDATED
1425,g_chan[1].u_cdc_chr.mem[9][9]$_DFFE_PP_,11.92,8.19,0.17411346511980996,11.74588653488019,clk_nand,VALIDATED
1423,g_chan[1].u_cdc_chr.mem[8][9]$_DFFE_PP_,11.92,8.19,0.17411346511980996,11.74588653488019,clk_nand,VALIDATED
1274,g_chan[1].u_cdc_chr.mem[8][24]$_DFFE_PP_,11.91,8.2,0.16408551964453455,11.745914480355466,clk_nand,VALIDATED
1276,g_chan[1].u_cdc_chr.mem[9][24]$_DFFE_PP_,11.91,8.2,0.16408551964453455,11.745914480355466,clk_nand,VALIDATED
1263,g_chan[1].u_cdc_chr.mem[2][24]$_DFFE_PP_,11.91,8.2,0.16408551964453455,11.745914480355466,clk_nand,VALIDATED
1430,g_chan[1].u_cdc_chr.mem[11][31]$_DFFE_PP_,11.92,8.19,0.17343102053867332,11.746568979461326,clk_nand,VALIDATED
1428,g_chan[1].u_cdc_chr.mem[10][31]$_DFFE_PP_,11.92,8.19,0.17343102053867332,11.746568979461326,clk_nand,VALIDATED
1429,g_chan[1].u_cdc_chr.mem[10][9]$_DFFE_PP_,11.92,8.19,0.17307359692482627,11.746926403075173,clk_nand,VALIDATED
1431,g_chan[1].u_cdc_chr.mem[11][9]$_DFFE_PP_,11.92,8.19,0.17307359692482627,11.746926403075173,clk_nand,VALIDATED
1439,g_chan[1].u_cdc_chr.mem[6][31]$_DFFE_PP_,11.92,8.19,0.1725033989555893,11.74749660104441,clk_nand,VALIDATED
1309,g_chan[1].u_cdc_chr.mem[13][25]$_DFFE_PP_,11.92,8.2,0.17234286575199909,11.747657134248001,clk_nand,VALIDATED
1310,g_chan[1].u_cdc_chr.mem[1][21]$_DFFE_PP_,11.92,8.2,0.17218931952308802,11.747810680476912,clk_nand,VALIDATED
1313,g_chan[1].u_cdc_chr.mem[8][21]$_DFFE_PP_,11.92,8.2,0.17218931952308802,11.747810680476912,clk_nand,VALIDATED
1308,g_chan[1].u_cdc_chr.mem[11][21]$_DFFE_PP_,11.92,8.2,0.17218931952308802,11.747810680476912,clk_nand,VALIDATED
1306,g_chan[1].u_cdc_chr.mem[0][21]$_DFFE_PP_,11.92,8.2,0.17218931952308802,11.747810680476912,clk_nand,VALIDATED
1307,g_chan[1].u_cdc_chr.mem[10][21]$_DFFE_PP_,11.92,8.2,0.17218931952308802,11.747810680476912,clk_nand,VALIDATED
1311,g_chan[1].u_cdc_chr.mem[2][21]$_DFFE_PP_,11.92,8.2,0.17161081878560347,11.748389181214396,clk_nand,VALIDATED
1312,g_chan[1].u_cdc_chr.mem[3][21]$_DFFE_PP_,11.92,8.2,0.17161081878560347,11.748389181214396,clk_nand,VALIDATED
1501,g_chan[1].u_cdc_chr.mem[2][13]$_DFFE_PP_,11.92,8.19,0.17159990897607846,11.748400091023921,clk_nand,VALIDATED
1498,g_chan[1].u_cdc_chr.mem[9][13]$_DFFE_PP_,11.92,8.19,0.17159990897607846,11.748400091023921,clk_nand,VALIDATED
1497,g_chan[1].u_cdc_chr.mem[8][13]$_DFFE_PP_,11.92,8.19,0.17159990897607846,11.748400091023921,clk_nand,VALIDATED
1502,g_chan[1].u_cdc_chr.mem[11][13]$_DFFE_PP_,11.92,8.19,0.17159990897607846,11.748400091023921,clk_nand,VALIDATED
1435,g_chan[1].u_cdc_chr.mem[7][31]$_DFFE_PP_,11.92,8.19,0.1715757773725053,11.748424222627495,clk_nand,VALIDATED
1426,g_chan[1].u_cdc_chr.mem[5][31]$_DFFE_PP_,11.92,8.19,0.1715757773725053,11.748424222627495,clk_nand,VALIDATED
1412,g_chan[1].u_cdc_chr.mem[2][31]$_DFFE_PP_,11.92,8.19,0.17152023150093343,11.748479768499067,clk_nand,VALIDATED
1414,g_chan[1].u_cdc_chr.mem[3][31]$_DFFE_PP_,11.92,8.19,0.17152023150093343,11.748479768499067,clk_nand,VALIDATED
1503,g_chan[1].u_cdc_chr.mem[3][13]$_DFFE_PP_,11.92,8.19,0.17116813065795466,11.748831869342045,clk_nand,VALIDATED
1405,g_chan[1].u_cdc_chr.mem[8][31]$_DFFE_PP_,11.92,8.19,0.17105344186239146,11.74894655813761,clk_nand,VALIDATED
1406,g_chan[1].u_cdc_chr.mem[9][31]$_DFFE_PP_,11.92,8.19,0.17105344186239146,11.74894655813761,clk_nand,VALIDATED
1417,g_chan[1].u_cdc_chr.mem[10][13]$_DFFE_PP_,11.92,8.19,0.1710157248021753,11.748984275197824,clk_nand,VALIDATED
1314,g_chan[1].u_cdc_chr.mem[12][25]$_DFFE_PP_,11.92,8.2,0.17083655112767948,11.74916344887232,clk_nand,VALIDATED
1499,g_chan[1].u_cdc_chr.mem[0][13]$_DFFE_PP_,11.92,8.19,0.17073635233983087,11.749263647660168,clk_nand,VALIDATED
1500,g_chan[1].u_cdc_chr.mem[1][13]$_DFFE_PP_,11.92,8.19,0.17073635233983087,11.749263647660168,clk_nand,VALIDATED
1408,g_chan[1].u_cdc_chr.mem[0][31]$_DFFE_PP_,11.92,8.19,0.17044694712182107,11.749553052878179,clk_nand,VALIDATED
1411,g_chan[1].u_cdc_chr.mem[15][31]$_DFFE_PP_,11.92,8.19,0.17044694712182107,11.749553052878179,clk_nand,VALIDATED
1415,g_chan[1].u_cdc_chr.mem[14][31]$_DFFE_PP_,11.92,8.19,0.17044694712182107,11.749553052878179,clk_nand,VALIDATED
1409,g_chan[1].u_cdc_chr.mem[1][31]$_DFFE_PP_,11.92,8.19,0.17044694712182107,11.749553052878179,clk_nand,VALIDATED
1318,g_chan[1].u_cdc_chr.mem[6][25]$_DFFE_PP_,11.92,8.2,0.169793653440239,11.75020634655976,clk_nand,VALIDATED
1319,g_chan[1].u_cdc_chr.mem[7][25]$_DFFE_PP_,11.92,8.2,0.169793653440239,11.75020634655976,clk_nand,VALIDATED
1317,g_chan[1].u_cdc_chr.mem[4][25]$_DFFE_PP_,11.92,8.2,0.169793653440239,11.75020634655976,clk_nand,VALIDATED
1437,g_chan[1].u_cdc_chr.mem[13][31]$_DFFE_PP_,11.92,8.19,0.16960326357937072,11.75039673642063,clk_nand,VALIDATED
1445,g_chan[1].u_cdc_chr.mem[4][31]$_DFFE_PP_,11.92,8.19,0.1692821367368571,11.750717863263143,clk_nand,VALIDATED
1436,g_chan[1].u_cdc_chr.mem[12][31]$_DFFE_PP_,11.92,8.19,0.16843139335140367,11.751568606648597,clk_nand,VALIDATED
1316,g_chan[1].u_cdc_chr.mem[3][27]$_DFFE_PP_,11.92,8.2,0.16823029884010554,11.751769701159894,clk_nand,VALIDATED
1320,g_chan[1].u_cdc_chr.mem[1][27]$_DFFE_PP_,11.92,8.2,0.16823029884010554,11.751769701159894,clk_nand,VALIDATED
1315,g_chan[1].u_cdc_chr.mem[2][27]$_DFFE_PP_,11.92,8.2,0.16823029884010554,11.751769701159894,clk_nand,VALIDATED
1229,g_chan[1].u_cdc_chr.mem[0][24]$_DFFE_PP_,11.91,8.2,0.15811229851624475,11.751887701483755,clk_nand,VALIDATED
1231,g_chan[1].u_cdc_chr.mem[3][24]$_DFFE_PP_,11.91,8.2,0.15811229851624475,11.751887701483755,clk_nand,VALIDATED
1230,g_chan[1].u_cdc_chr.mem[1][24]$_DFFE_PP_,11.91,8.2,0.15811229851624475,11.751887701483755,clk_nand,VALIDATED
1458,g_chan[1].u_cdc_chr.mem[15][12]$_DFFE_PP_,11.92,8.19,0.16674781256854843,11.753252187431452,clk_nand,VALIDATED
1478,g_chan[1].u_cdc_chr.mem[13][12]$_DFFE_PP_,11.92,8.19,0.16674781256854843,11.753252187431452,clk_nand,VALIDATED
1477,g_chan[1].u_cdc_chr.mem[12][12]$_DFFE_PP_,11.92,8.19,0.16674781256854843,11.753252187431452,clk_nand,VALIDATED
1479,g_chan[1].u_cdc_chr.mem[14][12]$_DFFE_PP_,11.92,8.19,0.16674781256854843,11.753252187431452,clk_nand,VALIDATED
1438,g_chan[1].u_cdc_chr.mem[14][13]$_DFFE_PP_,11.92,8.19,0.16670583414073192,11.753294165859268,clk_nand,VALIDATED
1442,g_chan[1].u_cdc_chr.mem[4][13]$_DFFE_PP_,11.92,8.19,0.16670583414073192,11.753294165859268,clk_nand,VALIDATED
1432,g_chan[1].u_cdc_chr.mem[15][13]$_DFFE_PP_,11.92,8.19,0.16670583414073192,11.753294165859268,clk_nand,VALIDATED
1460,g_chan[1].u_cdc_chr.mem[12][13]$_DFFE_PP_,11.92,8.19,0.16670583414073192,11.753294165859268,clk_nand,VALIDATED
1461,g_chan[1].u_cdc_chr.mem[13][13]$_DFFE_PP_,11.92,8.19,0.16670583414073192,11.753294165859268,clk_nand,VALIDATED
1473,g_chan[1].u_cdc_chr.mem[5][12]$_DFFE_PP_,11.92,8.19,0.1663682490120506,11.75363175098795,clk_nand,VALIDATED
1427,g_chan[1].u_cdc_chr.mem[5][13]$_DFFE_PP_,11.92,8.19,0.1662362538375768,11.753763746162424,clk_nand,VALIDATED
1459,g_chan[1].u_cdc_chr.mem[2][12]$_DFFE_PP_,11.92,8.19,0.1659886854555528,11.754011314544448,clk_nand,VALIDATED
1457,g_chan[1].u_cdc_chr.mem[1][12]$_DFFE_PP_,11.92,8.19,0.1659886854555528,11.754011314544448,clk_nand,VALIDATED
1462,g_chan[1].u_cdc_chr.mem[3][12]$_DFFE_PP_,11.92,8.19,0.1659886854555528,11.754011314544448,clk_nand,VALIDATED
1481,g_chan[1].u_cdc_chr.mem[7][12]$_DFFE_PP_,11.92,8.19,0.1659886854555528,11.754011314544448,clk_nand,VALIDATED
1475,g_chan[1].u_cdc_chr.mem[10][12]$_DFFE_PP_,11.92,8.19,0.1659886854555528,11.754011314544448,clk_nand,VALIDATED
1468,g_chan[1].u_cdc_chr.mem[9][12]$_DFFE_PP_,11.92,8.19,0.1659886854555528,11.754011314544448,clk_nand,VALIDATED
1456,g_chan[1].u_cdc_chr.mem[0][12]$_DFFE_PP_,11.92,8.19,0.1659886854555528,11.754011314544448,clk_nand,VALIDATED
1464,g_chan[1].u_cdc_chr.mem[6][13]$_DFFE_PP_,11.92,8.19,0.16564941494921404,11.754350585050785,clk_nand,VALIDATED
1463,g_chan[1].u_cdc_chr.mem[7][13]$_DFFE_PP_,11.92,8.19,0.16564941494921404,11.754350585050785,clk_nand,VALIDATED
1480,g_chan[1].u_cdc_chr.mem[6][12]$_DFFE_PP_,11.92,8.19,0.16535314728929973,11.7546468527107,clk_nand,VALIDATED
1330,g_chan[1].u_cdc_chr.mem[15][4]$_DFFE_PP_,11.92,8.2,0.16446663809952722,11.755533361900472,clk_nand,VALIDATED
1328,g_chan[1].u_cdc_chr.mem[13][4]$_DFFE_PP_,11.92,8.2,0.16446663809952722,11.755533361900472,clk_nand,VALIDATED
1329,g_chan[1].u_cdc_chr.mem[14][4]$_DFFE_PP_,11.92,8.2,0.16446663809952722,11.755533361900472,clk_nand,VALIDATED
1331,g_chan[1].u_cdc_chr.mem[12][4]$_DFFE_PP_,11.92,8.2,0.16303359644155846,11.756966403558442,clk_nand,VALIDATED
1506,g_chan[1].u_cdc_chr.mem[3][0]$_DFFE_PP_,11.92,8.19,0.1608648020087875,11.759135197991213,clk_nand,VALIDATED
1346,g_chan[1].u_cdc_chr.mem[4][12]$_DFFE_PP_,11.92,8.19,0.16036937025523024,11.75963062974477,clk_nand,VALIDATED
1508,g_chan[1].u_cdc_chr.mem[2][0]$_DFFE_PP_,11.92,8.19,0.1599779494334852,11.760022050566516,clk_nand,VALIDATED
1509,g_chan[1].u_cdc_chr.mem[2][1]$_DFFE_PP_,11.92,8.19,0.1597469452925091,11.76025305470749,clk_nand,VALIDATED
1344,g_chan[1].u_cdc_chr.mem[11][12]$_DFFE_PP_,11.92,8.19,0.15916402518792183,11.760835974812078,clk_nand,VALIDATED
1334,g_chan[1].u_cdc_chr.mem[8][12]$_DFFE_PP_,11.92,8.19,0.15916402518792183,11.760835974812078,clk_nand,VALIDATED
1507,g_chan[1].u_cdc_chr.mem[3][1]$_DFFE_PP_,11.92,8.19,0.1588600927172068,11.761139907282793,clk_nand,VALIDATED
1333,g_chan[1].u_cdc_chr.mem[11][1]$_DFFE_PP_,11.92,8.19,0.1583388584017278,11.761661141598273,clk_nand,VALIDATED
1332,g_chan[1].u_cdc_chr.mem[10][1]$_DFFE_PP_,11.92,8.19,0.1583388584017278,11.761661141598273,clk_nand,VALIDATED
1424,g_chan[1].u_cdc_chr.mem[9][1]$_DFFE_PP_,11.92,8.19,0.1559628769391419,11.764037123060858,clk_nand,VALIDATED
1505,g_chan[1].u_cdc_chr.mem[9][3]$_DFFE_PP_,11.92,8.18,0.15520393288791434,11.764796067112085,clk_nand,VALIDATED
1504,g_chan[1].u_cdc_chr.mem[8][3]$_DFFE_PP_,11.92,8.18,0.1551996722926472,11.764800327707352,clk_nand,VALIDATED
1572,g_chan[1].u_cdc_chr.mem[5][8]$_DFFE_PP_,11.93,8.18,0.1599693906966032,11.770030609303397,clk_nand,VALIDATED
1571,g_chan[1].u_cdc_chr.mem[4][8]$_DFFE_PP_,11.93,8.18,0.1597867909849109,11.77021320901509,clk_nand,VALIDATED
1528,g_chan[1].u_cdc_chr.mem[5][1]$_DFFE_PP_,11.93,8.19,0.1597469452925091,11.77025305470749,clk_nand,VALIDATED
1522,g_chan[1].u_cdc_chr.mem[6][1]$_DFFE_PP_,11.93,8.19,0.1597469452925091,11.77025305470749,clk_nand,VALIDATED
1529,g_chan[1].u_cdc_chr.mem[7][1]$_DFFE_PP_,11.93,8.19,0.1597469452925091,11.77025305470749,clk_nand,VALIDATED
1554,g_chan[1].u_cdc_chr.mem[11][16]$_DFFE_PP_,11.93,8.18,0.15972827917196353,11.770271720828037,clk_nand,VALIDATED
1564,g_chan[1].u_cdc_chr.mem[9][16]$_DFFE_PP_,11.93,8.18,0.15921673905193456,11.770783260948065,clk_nand,VALIDATED
1560,g_chan[1].u_cdc_chr.mem[10][16]$_DFFE_PP_,11.93,8.18,0.15921673905193456,11.770783260948065,clk_nand,VALIDATED
1559,g_chan[1].u_cdc_chr.mem[0][8]$_DFFE_PP_,11.93,8.18,0.1591755285468479,11.770824471453151,clk_nand,VALIDATED
1562,g_chan[1].u_cdc_chr.mem[3][8]$_DFFE_PP_,11.93,8.18,0.1591755285468479,11.770824471453151,clk_nand,VALIDATED
1561,g_chan[1].u_cdc_chr.mem[1][8]$_DFFE_PP_,11.93,8.18,0.1591755285468479,11.770824471453151,clk_nand,VALIDATED
1556,g_chan[1].u_cdc_chr.mem[2][8]$_DFFE_PP_,11.93,8.18,0.1591755285468479,11.770824471453151,clk_nand,VALIDATED
1553,g_chan[1].u_cdc_chr.mem[10][8]$_DFFE_PP_,11.93,8.18,0.1591755285468479,11.770824471453151,clk_nand,VALIDATED
1558,g_chan[1].u_cdc_chr.mem[9][8]$_DFFE_PP_,11.93,8.18,0.1591755285468479,11.770824471453151,clk_nand,VALIDATED
1555,g_chan[1].u_cdc_chr.mem[11][8]$_DFFE_PP_,11.93,8.18,0.1591755285468479,11.770824471453151,clk_nand,VALIDATED
1510,g_chan[1].u_cdc_chr.mem[12][1]$_DFFE_PP_,11.93,8.19,0.1588600927172068,11.771139907282793,clk_nand,VALIDATED
1523,g_chan[1].u_cdc_chr.mem[0][1]$_DFFE_PP_,11.93,8.19,0.1588600927172068,11.771139907282793,clk_nand,VALIDATED
1512,g_chan[1].u_cdc_chr.mem[14][1]$_DFFE_PP_,11.93,8.19,0.1588600927172068,11.771139907282793,clk_nand,VALIDATED
1532,g_chan[1].u_cdc_chr.mem[15][1]$_DFFE_PP_,11.93,8.19,0.1588600927172068,11.771139907282793,clk_nand,VALIDATED
1526,g_chan[1].u_cdc_chr.mem[1][1]$_DFFE_PP_,11.93,8.19,0.1588600927172068,11.771139907282793,clk_nand,VALIDATED
1511,g_chan[1].u_cdc_chr.mem[13][1]$_DFFE_PP_,11.93,8.19,0.1588600927172068,11.771139907282793,clk_nand,VALIDATED
1527,g_chan[1].u_cdc_chr.mem[4][1]$_DFFE_PP_,11.93,8.19,0.1588600927172068,11.771139907282793,clk_nand,VALIDATED
1530,g_chan[1].u_cdc_chr.mem[8][1]$_DFFE_PP_,11.93,8.19,0.1588600927172068,11.771139907282793,clk_nand,VALIDATED
1568,g_chan[1].u_cdc_chr.mem[1][0]$_DFFE_PP_,11.93,8.19,0.1588084724876857,11.771191527512315,clk_nand,VALIDATED
1563,g_chan[1].u_cdc_chr.mem[8][16]$_DFFE_PP_,11.93,8.18,0.15865250600893366,11.771347493991065,clk_nand,VALIDATED
1514,g_chan[1].u_cdc_chr.mem[10][28]$_DFFE_PP_,11.93,8.18,0.1586316752097049,11.771368324790295,clk_nand,VALIDATED
1515,g_chan[1].u_cdc_chr.mem[8][28]$_DFFE_PP_,11.93,8.18,0.1586316752097049,11.771368324790295,clk_nand,VALIDATED
1516,g_chan[1].u_cdc_chr.mem[9][28]$_DFFE_PP_,11.93,8.18,0.1586316752097049,11.771368324790295,clk_nand,VALIDATED
1518,g_chan[1].u_cdc_chr.mem[11][28]$_DFFE_PP_,11.93,8.18,0.1586316752097049,11.771368324790295,clk_nand,VALIDATED
1531,g_chan[1].u_cdc_chr.mem[6][2]$_DFFE_PP_,11.93,8.19,0.15822038196803856,11.77177961803196,clk_nand,VALIDATED
1536,g_chan[1].u_cdc_chr.mem[7][2]$_DFFE_PP_,11.93,8.19,0.15822038196803856,11.77177961803196,clk_nand,VALIDATED
1524,g_chan[1].u_cdc_chr.mem[11][0]$_DFFE_PP_,11.93,8.19,0.15818589076644418,11.771814109233556,clk_nand,VALIDATED
1566,g_chan[1].u_cdc_chr.mem[0][0]$_DFFE_PP_,11.93,8.19,0.15818589076644418,11.771814109233556,clk_nand,VALIDATED
1557,g_chan[1].u_cdc_chr.mem[8][7]$_DFFE_PP_,11.93,8.18,0.15805465112342276,11.771945348876576,clk_nand,VALIDATED
1533,g_chan[1].u_cdc_chr.mem[15][2]$_DFFE_PP_,11.93,8.19,0.15803983541610456,11.771960164583895,clk_nand,VALIDATED
1513,g_chan[1].u_cdc_chr.mem[14][2]$_DFFE_PP_,11.93,8.19,0.15803983541610456,11.771960164583895,clk_nand,VALIDATED
1567,g_chan[1].u_cdc_chr.mem[0][2]$_DFFE_PP_,11.93,8.19,0.15793775759754136,11.772062242402459,clk_nand,VALIDATED
1552,g_chan[1].u_cdc_chr.mem[2][2]$_DFFE_PP_,11.93,8.19,0.15793775759754136,11.772062242402459,clk_nand,VALIDATED
1551,g_chan[1].u_cdc_chr.mem[3][2]$_DFFE_PP_,11.93,8.19,0.15793775759754136,11.772062242402459,clk_nand,VALIDATED
1517,g_chan[1].u_cdc_chr.mem[0][28]$_DFFE_PP_,11.93,8.18,0.157861465775743,11.772138534224256,clk_nand,VALIDATED
1520,g_chan[1].u_cdc_chr.mem[6][28]$_DFFE_PP_,11.93,8.18,0.157861465775743,11.772138534224256,clk_nand,VALIDATED
1521,g_chan[1].u_cdc_chr.mem[7][28]$_DFFE_PP_,11.93,8.18,0.157861465775743,11.772138534224256,clk_nand,VALIDATED
1519,g_chan[1].u_cdc_chr.mem[1][28]$_DFFE_PP_,11.93,8.18,0.157861465775743,11.772138534224256,clk_nand,VALIDATED
1547,g_chan[1].u_cdc_chr.mem[8][0]$_DFFE_PP_,11.93,8.19,0.15756330904520266,11.772436690954796,clk_nand,VALIDATED
1545,g_chan[1].u_cdc_chr.mem[5][0]$_DFFE_PP_,11.93,8.19,0.15756330904520266,11.772436690954796,clk_nand,VALIDATED
1543,g_chan[1].u_cdc_chr.mem[15][0]$_DFFE_PP_,11.93,8.19,0.15756330904520266,11.772436690954796,clk_nand,VALIDATED
1534,g_chan[1].u_cdc_chr.mem[4][0]$_DFFE_PP_,11.93,8.19,0.15756330904520266,11.772436690954796,clk_nand,VALIDATED
1549,g_chan[1].u_cdc_chr.mem[9][0]$_DFFE_PP_,11.93,8.19,0.15756330904520266,11.772436690954796,clk_nand,VALIDATED
1541,g_chan[1].u_cdc_chr.mem[10][0]$_DFFE_PP_,11.93,8.19,0.15756330904520266,11.772436690954796,clk_nand,VALIDATED
1525,g_chan[1].u_cdc_chr.mem[11][2]$_DFFE_PP_,11.93,8.19,0.15731517587629984,11.7726848241237,clk_nand,VALIDATED
1544,g_chan[1].u_cdc_chr.mem[1][2]$_DFFE_PP_,11.93,8.19,0.15731517587629984,11.7726848241237,clk_nand,VALIDATED
1569,g_chan[1].u_cdc_chr.mem[14][0]$_DFFE_PP_,11.93,8.19,0.15708119265800313,11.772918807341997,clk_nand,VALIDATED
1570,g_chan[1].u_cdc_chr.mem[7][0]$_DFFE_PP_,11.93,8.19,0.15708119265800313,11.772918807341997,clk_nand,VALIDATED
1565,g_chan[1].u_cdc_chr.mem[6][0]$_DFFE_PP_,11.93,8.19,0.15708119265800313,11.772918807341997,clk_nand,VALIDATED
1537,g_chan[1].u_cdc_chr.mem[12][0]$_DFFE_PP_,11.93,8.19,0.15708119265800313,11.772918807341997,clk_nand,VALIDATED
1539,g_chan[1].u_cdc_chr.mem[13][0]$_DFFE_PP_,11.93,8.19,0.15708119265800313,11.772918807341997,clk_nand,VALIDATED
1535,g_chan[1].u_cdc_chr.mem[4][2]$_DFFE_PP_,11.93,8.19,0.15687314070699232,11.773126859293008,clk_nand,VALIDATED
1546,g_chan[1].u_cdc_chr.mem[5][2]$_DFFE_PP_,11.93,8.19,0.15687314070699232,11.773126859293008,clk_nand,VALIDATED
1550,g_chan[1].u_cdc_chr.mem[9][2]$_DFFE_PP_,11.93,8.19,0.15669259415505832,11.77330740584494,clk_nand,VALIDATED
1548,g_chan[1].u_cdc_chr.mem[8][2]$_DFFE_PP_,11.93,8.19,0.15669259415505832,11.77330740584494,clk_nand,VALIDATED
1542,g_chan[1].u_cdc_chr.mem[10][2]$_DFFE_PP_,11.93,8.19,0.15669259415505832,11.77330740584494,clk_nand,VALIDATED
1540,g_chan[1].u_cdc_chr.mem[13][2]$_DFFE_PP_,11.93,8.19,0.1563910243197928,11.773608975680206,clk_nand,VALIDATED
1538,g_chan[1].u_cdc_chr.mem[12][2]$_DFFE_PP_,11.93,8.19,0.1563910243197928,11.773608975680206,clk_nand,VALIDATED
