path_id,endpoint,clock_domain,slack_ns,delay_ns,droop_penalty_ns,effective_slack_ns,check_type,droop_source,droop_design,droop_file,vdd_v,includes_vss,provenance
400,_44521_,clk_core,2.1,3.0,0.036453656512181964,2.0635463434878183,clock_gating,roleB_syn_corpus_whatif,Role B synthetic corpus — 14-design mean over 6 scenarios (NOT this chip),predictions.csv,1.1,False,VALIDATED
401,g_clkgate.u_cg_core.en_latched$_DLATCH_N_,clk_core,2.15,0.74,0.008982752704490511,2.1410172472955096,setup,roleB_syn_corpus_whatif,Role B synthetic corpus — 14-design mean over 6 scenarios (NOT this chip),predictions.csv,1.1,False,VALIDATED
402,c_cmd_addr[30]$_DFFE_PN0N_,clk_core,3.76,1.6,0.018628501053338894,3.741371498946661,setup,roleB_syn_corpus_whatif,Role B synthetic corpus — 14-design mean over 6 scenarios (NOT this chip),predictions.csv,1.1,False,VALIDATED
403,c_cmd_len[9]$_DFFE_PN0N_,clk_core,3.77,1.6,0.01848713878322597,3.751512861216774,setup,roleB_syn_corpus_whatif,Role B synthetic corpus — 14-design mean over 6 scenarios (NOT this chip),predictions.csv,1.1,False,VALIDATED
404,c_cmd_addr[27]$_DFFE_PN0N_,clk_core,3.78,1.59,0.018492327466129582,3.7615076725338703,setup,roleB_syn_corpus_whatif,Role B synthetic corpus — 14-design mean over 6 scenarios (NOT this chip),predictions.csv,1.1,False,VALIDATED
405,c_cmd_addr[28]$_DFFE_PN0N_,clk_core,3.78,1.59,0.01847512016595533,3.7615248798340444,setup,roleB_syn_corpus_whatif,Role B synthetic corpus — 14-design mean over 6 scenarios (NOT this chip),predictions.csv,1.1,False,VALIDATED
406,c_cmd_addr[29]$_DFFE_PN0N_,clk_core,3.8,1.57,0.01810081289358635,3.7818991871064136,setup,roleB_syn_corpus_whatif,Role B synthetic corpus — 14-design mean over 6 scenarios (NOT this chip),predictions.csv,1.1,False,VALIDATED
407,c_cmd_len[7]$_DFFE_PN0N_,clk_core,3.8,1.57,0.01802640942419788,3.781973590575802,setup,roleB_syn_corpus_whatif,Role B synthetic corpus — 14-design mean over 6 scenarios (NOT this chip),predictions.csv,1.1,False,VALIDATED
408,c_cmd_len[11]$_DFFE_PN0N_,clk_core,3.81,1.56,0.01795798062930508,3.792042019370695,setup,roleB_syn_corpus_whatif,Role B synthetic corpus — 14-design mean over 6 scenarios (NOT this chip),predictions.csv,1.1,False,VALIDATED
411,u_dma_fabric.rbeat_data[12]$_DFFE_PN0P_,clk_core,3.84,1.5,0.030672635399846798,3.809327364600153,setup,roleB_syn_corpus_whatif,Role B synthetic corpus — 14-design mean over 6 scenarios (NOT this chip),predictions.csv,1.1,False,VALIDATED
428,u_dma_fabric.rbeat_data[13]$_DFFE_PN0P_,clk_core,3.85,1.49,0.030564026154406496,3.8194359738455934,setup,roleB_syn_corpus_whatif,Role B synthetic corpus — 14-design mean over 6 scenarios (NOT this chip),predictions.csv,1.1,False,VALIDATED
416,u_dma_fabric.rbeat_data[10]$_DFFE_PN0P_,clk_core,3.85,1.5,0.03030814655981655,3.8196918534401836,setup,roleB_syn_corpus_whatif,Role B synthetic corpus — 14-design mean over 6 scenarios (NOT this chip),predictions.csv,1.1,False,VALIDATED
417,u_dma_fabric.rbeat_data[17]$_DFFE_PN0P_,clk_core,3.85,1.49,0.030113837646498415,3.8198861623535016,setup,roleB_syn_corpus_whatif,Role B synthetic corpus — 14-design mean over 6 scenarios (NOT this chip),predictions.csv,1.1,False,VALIDATED
443,u_dma_fabric.rbeat_data[30]$_DFFE_PN0P_,clk_core,3.85,1.49,0.02922138365049569,3.8207786163495046,setup,roleB_syn_corpus_whatif,Role B synthetic corpus — 14-design mean over 6 scenarios (NOT this chip),predictions.csv,1.1,False,VALIDATED
409,c_cmd_len[16]$_DFFE_PN0N_,clk_core,3.84,1.53,0.017750321890752305,3.8222496781092477,setup,roleB_syn_corpus_whatif,Role B synthetic corpus — 14-design mean over 6 scenarios (NOT this chip),predictions.csv,1.1,False,VALIDATED
410,c_cmd_len[23]$_DFFE_PN0N_,clk_core,3.84,1.53,0.017688785714755295,3.8223112142852447,setup,roleB_syn_corpus_whatif,Role B synthetic corpus — 14-design mean over 6 scenarios (NOT this chip),predictions.csv,1.1,False,VALIDATED
413,c_cmd_len[18]$_DFFE_PN0N_,clk_core,3.84,1.52,0.01751658337795231,3.8224834166220476,setup,roleB_syn_corpus_whatif,Role B synthetic corpus — 14-design mean over 6 scenarios (NOT this chip),predictions.csv,1.1,False,VALIDATED
412,c_cmd_addr[21]$_DFFE_PN0N_,clk_core,3.84,1.52,0.017288966606217704,3.822711033393782,setup,roleB_syn_corpus_whatif,Role B synthetic corpus — 14-design mean over 6 scenarios (NOT this chip),predictions.csv,1.1,False,VALIDATED
430,g_chan[0].u_cdc_chw.mem[6][31]$_DFFE_PP_,clk_core,3.85,1.51,0.02180602608094609,3.828193973919054,setup,roleB_syn_corpus_whatif,Role B synthetic corpus — 14-design mean over 6 scenarios (NOT this chip),predictions.csv,1.1,False,VALIDATED
429,g_chan[0].u_cdc_chw.mem[13][31]$_DFFE_PP_,clk_core,3.85,1.51,0.02180602608094609,3.828193973919054,setup,roleB_syn_corpus_whatif,Role B synthetic corpus — 14-design mean over 6 scenarios (NOT this chip),predictions.csv,1.1,False,VALIDATED
425,g_chan[0].u_cdc_chw.mem[7][31]$_DFFE_PP_,clk_core,3.85,1.51,0.02180602608094609,3.828193973919054,setup,roleB_syn_corpus_whatif,Role B synthetic corpus — 14-design mean over 6 scenarios (NOT this chip),predictions.csv,1.1,False,VALIDATED
421,g_chan[0].u_cdc_chw.mem[11][31]$_DFFE_PP_,clk_core,3.85,1.51,0.02180602608094609,3.828193973919054,setup,roleB_syn_corpus_whatif,Role B synthetic corpus — 14-design mean over 6 scenarios (NOT this chip),predictions.csv,1.1,False,VALIDATED
424,g_chan[0].u_cdc_chw.mem[4][31]$_DFFE_PP_,clk_core,3.85,1.51,0.02180602608094609,3.828193973919054,setup,roleB_syn_corpus_whatif,Role B synthetic corpus — 14-design mean over 6 scenarios (NOT this chip),predictions.csv,1.1,False,VALIDATED
423,g_chan[0].u_cdc_chw.mem[10][31]$_DFFE_PP_,clk_core,3.85,1.51,0.02180602608094609,3.828193973919054,setup,roleB_syn_corpus_whatif,Role B synthetic corpus — 14-design mean over 6 scenarios (NOT this chip),predictions.csv,1.1,False,VALIDATED
422,g_chan[0].u_cdc_chw.mem[8][31]$_DFFE_PP_,clk_core,3.85,1.51,0.02180602608094609,3.828193973919054,setup,roleB_syn_corpus_whatif,Role B synthetic corpus — 14-design mean over 6 scenarios (NOT this chip),predictions.csv,1.1,False,VALIDATED
426,g_chan[0].u_cdc_chw.mem[5][31]$_DFFE_PP_,clk_core,3.85,1.51,0.02180602608094609,3.828193973919054,setup,roleB_syn_corpus_whatif,Role B synthetic corpus — 14-design mean over 6 scenarios (NOT this chip),predictions.csv,1.1,False,VALIDATED
433,g_chan[0].u_cdc_chw.mem[3][31]$_DFFE_PP_,clk_core,3.85,1.51,0.02180602608094609,3.828193973919054,setup,roleB_syn_corpus_whatif,Role B synthetic corpus — 14-design mean over 6 scenarios (NOT this chip),predictions.csv,1.1,False,VALIDATED
432,g_chan[0].u_cdc_chw.mem[2][31]$_DFFE_PP_,clk_core,3.85,1.51,0.02180602608094609,3.828193973919054,setup,roleB_syn_corpus_whatif,Role B synthetic corpus — 14-design mean over 6 scenarios (NOT this chip),predictions.csv,1.1,False,VALIDATED
435,g_chan[0].u_cdc_chw.mem[12][31]$_DFFE_PP_,clk_core,3.85,1.51,0.02180602608094609,3.828193973919054,setup,roleB_syn_corpus_whatif,Role B synthetic corpus — 14-design mean over 6 scenarios (NOT this chip),predictions.csv,1.1,False,VALIDATED
434,g_chan[0].u_cdc_chw.mem[14][31]$_DFFE_PP_,clk_core,3.85,1.51,0.02180602608094609,3.828193973919054,setup,roleB_syn_corpus_whatif,Role B synthetic corpus — 14-design mean over 6 scenarios (NOT this chip),predictions.csv,1.1,False,VALIDATED
427,g_chan[0].u_cdc_chw.mem[9][31]$_DFFE_PP_,clk_core,3.85,1.51,0.02180602608094609,3.828193973919054,setup,roleB_syn_corpus_whatif,Role B synthetic corpus — 14-design mean over 6 scenarios (NOT this chip),predictions.csv,1.1,False,VALIDATED
431,g_chan[0].u_cdc_chw.mem[15][31]$_DFFE_PP_,clk_core,3.85,1.51,0.021739274258156804,3.8282607257418433,setup,roleB_syn_corpus_whatif,Role B synthetic corpus — 14-design mean over 6 scenarios (NOT this chip),predictions.csv,1.1,False,VALIDATED
418,g_chan[0].u_cdc_chw.mem[0][31]$_DFFE_PP_,clk_core,3.85,1.51,0.021735487850908272,3.828264512149092,setup,roleB_syn_corpus_whatif,Role B synthetic corpus — 14-design mean over 6 scenarios (NOT this chip),predictions.csv,1.1,False,VALIDATED
420,g_chan[0].u_cdc_chw.mem[1][31]$_DFFE_PP_,clk_core,3.85,1.51,0.021692565029255734,3.8283074349707444,setup,roleB_syn_corpus_whatif,Role B synthetic corpus — 14-design mean over 6 scenarios (NOT this chip),predictions.csv,1.1,False,VALIDATED
445,g_chan[0].u_cdc_chw.mem[9][14]$_DFFE_PP_,clk_core,3.85,1.5,0.021503492874395777,3.8284965071256045,setup,roleB_syn_corpus_whatif,Role B synthetic corpus — 14-design mean over 6 scenarios (NOT this chip),predictions.csv,1.1,False,VALIDATED
442,g_chan[0].u_cdc_chw.mem[13][14]$_DFFE_PP_,clk_core,3.85,1.5,0.021503492874395777,3.8284965071256045,setup,roleB_syn_corpus_whatif,Role B synthetic corpus — 14-design mean over 6 scenarios (NOT this chip),predictions.csv,1.1,False,VALIDATED
446,g_chan[0].u_cdc_chw.mem[8][14]$_DFFE_PP_,clk_core,3.85,1.5,0.02146085430984028,3.8285391456901596,setup,roleB_syn_corpus_whatif,Role B synthetic corpus — 14-design mean over 6 scenarios (NOT this chip),predictions.csv,1.1,False,VALIDATED
440,g_chan[0].u_cdc_chw.mem[15][14]$_DFFE_PP_,clk_core,3.85,1.5,0.021437183116658085,3.828562816883342,setup,roleB_syn_corpus_whatif,Role B synthetic corpus — 14-design mean over 6 scenarios (NOT this chip),predictions.csv,1.1,False,VALIDATED
441,g_chan[0].u_cdc_chw.mem[14][14]$_DFFE_PP_,clk_core,3.85,1.5,0.021437183116658085,3.828562816883342,setup,roleB_syn_corpus_whatif,Role B synthetic corpus — 14-design mean over 6 scenarios (NOT this chip),predictions.csv,1.1,False,VALIDATED
439,g_chan[0].u_cdc_chw.mem[4][14]$_DFFE_PP_,clk_core,3.85,1.5,0.021418215745284783,3.828581784254715,setup,roleB_syn_corpus_whatif,Role B synthetic corpus — 14-design mean over 6 scenarios (NOT this chip),predictions.csv,1.1,False,VALIDATED
448,g_chan[0].u_cdc_chw.mem[5][14]$_DFFE_PP_,clk_core,3.85,1.5,0.021358675505427194,3.8286413244945727,setup,roleB_syn_corpus_whatif,Role B synthetic corpus — 14-design mean over 6 scenarios (NOT this chip),predictions.csv,1.1,False,VALIDATED
438,g_chan[0].u_cdc_chw.mem[10][14]$_DFFE_PP_,clk_core,3.85,1.5,0.021335004312245,3.828664995687755,setup,roleB_syn_corpus_whatif,Role B synthetic corpus — 14-design mean over 6 scenarios (NOT this chip),predictions.csv,1.1,False,VALIDATED
437,g_chan[0].u_cdc_chw.mem[11][14]$_DFFE_PP_,clk_core,3.85,1.5,0.021335004312245,3.828664995687755,setup,roleB_syn_corpus_whatif,Role B synthetic corpus — 14-design mean over 6 scenarios (NOT this chip),predictions.csv,1.1,False,VALIDATED
449,g_chan[0].u_cdc_chw.mem[6][14]$_DFFE_PP_,clk_core,3.85,1.5,0.021299135265569605,3.8287008647344303,setup,roleB_syn_corpus_whatif,Role B synthetic corpus — 14-design mean over 6 scenarios (NOT this chip),predictions.csv,1.1,False,VALIDATED
497,u_dma_fabric.rbeat_data[18]$_DFFE_PN0P_,clk_core,3.86,1.48,0.02984532643705494,3.830154673562945,setup,roleB_syn_corpus_whatif,Role B synthetic corpus — 14-design mean over 6 scenarios (NOT this chip),predictions.csv,1.1,False,VALIDATED
444,g_chan[1].u_cdc_chw.mem[0][14]$_DFFE_PP_,clk_core,3.85,1.49,0.019648631418910295,3.83035136858109,setup,roleB_syn_corpus_whatif,Role B synthetic corpus — 14-design mean over 6 scenarios (NOT this chip),predictions.csv,1.1,False,VALIDATED
451,u_dma_fabric.rbeat_data[19]$_DFFE_PN0P_,clk_core,3.86,1.49,0.029588920173961752,3.830411079826038,setup,roleB_syn_corpus_whatif,Role B synthetic corpus — 14-design mean over 6 scenarios (NOT this chip),predictions.csv,1.1,False,VALIDATED
468,u_dma_fabric.rbeat_data[16]$_DFFE_PN0P_,clk_core,3.86,1.48,0.029407074580148726,3.830592925419851,setup,roleB_syn_corpus_whatif,Role B synthetic corpus — 14-design mean over 6 scenarios (NOT this chip),predictions.csv,1.1,False,VALIDATED
469,u_dma_fabric.rbeat_data[29]$_DFFE_PN0P_,clk_core,3.86,1.48,0.028608284043233914,3.831391715956766,setup,roleB_syn_corpus_whatif,Role B synthetic corpus — 14-design mean over 6 scenarios (NOT this chip),predictions.csv,1.1,False,VALIDATED
414,c_cmd_len[22]$_DFFE_PN0N_,clk_core,3.85,1.52,0.017512025581799193,3.8324879744182008,setup,roleB_syn_corpus_whatif,Role B synthetic corpus — 14-design mean over 6 scenarios (NOT this chip),predictions.csv,1.1,False,VALIDATED
419,c_cmd_len[4]$_DFFE_PN0N_,clk_core,3.85,1.52,0.017471562680064737,3.8325284373199353,setup,roleB_syn_corpus_whatif,Role B synthetic corpus — 14-design mean over 6 scenarios (NOT this chip),predictions.csv,1.1,False,VALIDATED
415,c_cmd_len[10]$_DFFE_PN0N_,clk_core,3.85,1.52,0.01741022021203205,3.832589779787968,setup,roleB_syn_corpus_whatif,Role B synthetic corpus — 14-design mean over 6 scenarios (NOT this chip),predictions.csv,1.1,False,VALIDATED
447,c_cmd_addr[9]$_DFFE_PN0N_,clk_core,3.85,1.51,0.017379714755382747,3.832620285244617,setup,roleB_syn_corpus_whatif,Role B synthetic corpus — 14-design mean over 6 scenarios (NOT this chip),predictions.csv,1.1,False,VALIDATED
450,c_cmd_opcode[6]$_DFFE_PN0N_,clk_core,3.85,1.51,0.017325896182252692,3.832674103817747,setup,roleB_syn_corpus_whatif,Role B synthetic corpus — 14-design mean over 6 scenarios (NOT this chip),predictions.csv,1.1,False,VALIDATED
436,c_cmd_addr[31]$_DFFE_PN0N_,clk_core,3.85,1.51,0.01721087756761573,3.8327891224323842,setup,roleB_syn_corpus_whatif,Role B synthetic corpus — 14-design mean over 6 scenarios (NOT this chip),predictions.csv,1.1,False,VALIDATED
462,g_chan[0].u_cdc_chw.mem[12][14]$_DFFE_PP_,clk_core,3.86,1.5,0.021573563963837306,3.8384264360361624,setup,roleB_syn_corpus_whatif,Role B synthetic corpus — 14-design mean over 6 scenarios (NOT this chip),predictions.csv,1.1,False,VALIDATED
453,g_chan[0].u_cdc_chw.mem[1][14]$_DFFE_PP_,clk_core,3.86,1.5,0.021418215745284783,3.838581784254715,setup,roleB_syn_corpus_whatif,Role B synthetic corpus — 14-design mean over 6 scenarios (NOT this chip),predictions.csv,1.1,False,VALIDATED
458,g_chan[0].u_cdc_chw.mem[0][14]$_DFFE_PP_,clk_core,3.86,1.5,0.021418215745284783,3.838581784254715,setup,roleB_syn_corpus_whatif,Role B synthetic corpus — 14-design mean over 6 scenarios (NOT this chip),predictions.csv,1.1,False,VALIDATED
488,g_chan[0].u_cdc_chw.mem[7][17]$_DFFE_PP_,clk_core,3.86,1.49,0.021400574788274868,3.838599425211725,setup,roleB_syn_corpus_whatif,Role B synthetic corpus — 14-design mean over 6 scenarios (NOT this chip),predictions.csv,1.1,False,VALIDATED
483,g_chan[0].u_cdc_chw.mem[1][17]$_DFFE_PP_,clk_core,3.86,1.49,0.021400574788274868,3.838599425211725,setup,roleB_syn_corpus_whatif,Role B synthetic corpus — 14-design mean over 6 scenarios (NOT this chip),predictions.csv,1.1,False,VALIDATED
492,g_chan[0].u_cdc_chw.mem[6][17]$_DFFE_PP_,clk_core,3.86,1.49,0.021400574788274868,3.838599425211725,setup,roleB_syn_corpus_whatif,Role B synthetic corpus — 14-design mean over 6 scenarios (NOT this chip),predictions.csv,1.1,False,VALIDATED
494,g_chan[0].u_cdc_chw.mem[2][17]$_DFFE_PP_,clk_core,3.86,1.49,0.021400574788274868,3.838599425211725,setup,roleB_syn_corpus_whatif,Role B synthetic corpus — 14-design mean over 6 scenarios (NOT this chip),predictions.csv,1.1,False,VALIDATED
479,g_chan[0].u_cdc_chw.mem[5][17]$_DFFE_PP_,clk_core,3.86,1.49,0.021400574788274868,3.838599425211725,setup,roleB_syn_corpus_whatif,Role B synthetic corpus — 14-design mean over 6 scenarios (NOT this chip),predictions.csv,1.1,False,VALIDATED
485,g_chan[0].u_cdc_chw.mem[0][17]$_DFFE_PP_,clk_core,3.86,1.49,0.021400574788274868,3.838599425211725,setup,roleB_syn_corpus_whatif,Role B synthetic corpus — 14-design mean over 6 scenarios (NOT this chip),predictions.csv,1.1,False,VALIDATED
496,g_chan[0].u_cdc_chw.mem[3][17]$_DFFE_PP_,clk_core,3.86,1.49,0.021400574788274868,3.838599425211725,setup,roleB_syn_corpus_whatif,Role B synthetic corpus — 14-design mean over 6 scenarios (NOT this chip),predictions.csv,1.1,False,VALIDATED
478,g_chan[0].u_cdc_chw.mem[4][17]$_DFFE_PP_,clk_core,3.86,1.49,0.02139135451489617,3.838608645485104,setup,roleB_syn_corpus_whatif,Role B synthetic corpus — 14-design mean over 6 scenarios (NOT this chip),predictions.csv,1.1,False,VALIDATED
495,g_chan[0].u_cdc_chw.mem[9][17]$_DFFE_PP_,clk_core,3.86,1.49,0.02139135451489617,3.838608645485104,setup,roleB_syn_corpus_whatif,Role B synthetic corpus — 14-design mean over 6 scenarios (NOT this chip),predictions.csv,1.1,False,VALIDATED
490,g_chan[0].u_cdc_chw.mem[8][17]$_DFFE_PP_,clk_core,3.86,1.49,0.02139135451489617,3.838608645485104,setup,roleB_syn_corpus_whatif,Role B synthetic corpus — 14-design mean over 6 scenarios (NOT this chip),predictions.csv,1.1,False,VALIDATED
452,g_chan[0].u_cdc_chw.mem[7][14]$_DFFE_PP_,clk_core,3.86,1.5,0.021299135265569605,3.83870086473443,setup,roleB_syn_corpus_whatif,Role B synthetic corpus — 14-design mean over 6 scenarios (NOT this chip),predictions.csv,1.1,False,VALIDATED
456,g_chan[0].u_cdc_chw.mem[3][14]$_DFFE_PP_,clk_core,3.86,1.5,0.021299135265569605,3.83870086473443,setup,roleB_syn_corpus_whatif,Role B synthetic corpus — 14-design mean over 6 scenarios (NOT this chip),predictions.csv,1.1,False,VALIDATED
454,g_chan[0].u_cdc_chw.mem[2][14]$_DFFE_PP_,clk_core,3.86,1.5,0.021299135265569605,3.83870086473443,setup,roleB_syn_corpus_whatif,Role B synthetic corpus — 14-design mean over 6 scenarios (NOT this chip),predictions.csv,1.1,False,VALIDATED
464,g_chan[0].u_cdc_chw.mem[11][17]$_DFFE_PP_,clk_core,3.86,1.49,0.021223245006428734,3.838776754993571,setup,roleB_syn_corpus_whatif,Role B synthetic corpus — 14-design mean over 6 scenarios (NOT this chip),predictions.csv,1.1,False,VALIDATED
465,g_chan[0].u_cdc_chw.mem[10][17]$_DFFE_PP_,clk_core,3.86,1.49,0.021223245006428734,3.838776754993571,setup,roleB_syn_corpus_whatif,Role B synthetic corpus — 14-design mean over 6 scenarios (NOT this chip),predictions.csv,1.1,False,VALIDATED
463,g_chan[0].u_cdc_chw.mem[13][17]$_DFFE_PP_,clk_core,3.86,1.49,0.021223245006428734,3.838776754993571,setup,roleB_syn_corpus_whatif,Role B synthetic corpus — 14-design mean over 6 scenarios (NOT this chip),predictions.csv,1.1,False,VALIDATED
460,g_chan[0].u_cdc_chw.mem[15][17]$_DFFE_PP_,clk_core,3.86,1.49,0.021223245006428734,3.838776754993571,setup,roleB_syn_corpus_whatif,Role B synthetic corpus — 14-design mean over 6 scenarios (NOT this chip),predictions.csv,1.1,False,VALIDATED
466,g_chan[0].u_cdc_chw.mem[12][17]$_DFFE_PP_,clk_core,3.86,1.49,0.021223245006428734,3.838776754993571,setup,roleB_syn_corpus_whatif,Role B synthetic corpus — 14-design mean over 6 scenarios (NOT this chip),predictions.csv,1.1,False,VALIDATED
471,g_chan[0].u_cdc_chw.mem[14][17]$_DFFE_PP_,clk_core,3.86,1.49,0.021223245006428734,3.838776754993571,setup,roleB_syn_corpus_whatif,Role B synthetic corpus — 14-design mean over 6 scenarios (NOT this chip),predictions.csv,1.1,False,VALIDATED
476,g_chan[1].u_cdc_chw.mem[0][31]$_DFFE_PP_,clk_core,3.86,1.49,0.02007862975224993,3.83992137024775,setup,roleB_syn_corpus_whatif,Role B synthetic corpus — 14-design mean over 6 scenarios (NOT this chip),predictions.csv,1.1,False,VALIDATED
482,g_chan[1].u_cdc_chw.mem[3][31]$_DFFE_PP_,clk_core,3.86,1.49,0.02007862975224993,3.83992137024775,setup,roleB_syn_corpus_whatif,Role B synthetic corpus — 14-design mean over 6 scenarios (NOT this chip),predictions.csv,1.1,False,VALIDATED
486,g_chan[1].u_cdc_chw.mem[2][31]$_DFFE_PP_,clk_core,3.86,1.49,0.02007862975224993,3.83992137024775,setup,roleB_syn_corpus_whatif,Role B synthetic corpus — 14-design mean over 6 scenarios (NOT this chip),predictions.csv,1.1,False,VALIDATED
473,g_chan[1].u_cdc_chw.mem[1][31]$_DFFE_PP_,clk_core,3.86,1.49,0.02007862975224993,3.83992137024775,setup,roleB_syn_corpus_whatif,Role B synthetic corpus — 14-design mean over 6 scenarios (NOT this chip),predictions.csv,1.1,False,VALIDATED
484,g_chan[1].u_cdc_chw.mem[6][31]$_DFFE_PP_,clk_core,3.86,1.49,0.020038236415297894,3.839961763584702,setup,roleB_syn_corpus_whatif,Role B synthetic corpus — 14-design mean over 6 scenarios (NOT this chip),predictions.csv,1.1,False,VALIDATED
491,g_chan[1].u_cdc_chw.mem[5][31]$_DFFE_PP_,clk_core,3.86,1.49,0.02003437697644786,3.839965623023552,setup,roleB_syn_corpus_whatif,Role B synthetic corpus — 14-design mean over 6 scenarios (NOT this chip),predictions.csv,1.1,False,VALIDATED
493,g_chan[1].u_cdc_chw.mem[4][31]$_DFFE_PP_,clk_core,3.86,1.49,0.02003437697644786,3.839965623023552,setup,roleB_syn_corpus_whatif,Role B synthetic corpus — 14-design mean over 6 scenarios (NOT this chip),predictions.csv,1.1,False,VALIDATED
455,g_chan[1].u_cdc_chw.mem[7][31]$_DFFE_PP_,clk_core,3.86,1.49,0.019952376938910374,3.8400476230610896,setup,roleB_syn_corpus_whatif,Role B synthetic corpus — 14-design mean over 6 scenarios (NOT this chip),predictions.csv,1.1,False,VALIDATED
459,g_chan[1].u_cdc_chw.mem[1][14]$_DFFE_PP_,clk_core,3.86,1.49,0.019674337979950635,3.8403256620200494,setup,roleB_syn_corpus_whatif,Role B synthetic corpus — 14-design mean over 6 scenarios (NOT this chip),predictions.csv,1.1,False,VALIDATED
489,g_chan[1].u_cdc_chw.mem[7][14]$_DFFE_PP_,clk_core,3.86,1.49,0.019577838469314296,3.8404221615306855,setup,roleB_syn_corpus_whatif,Role B synthetic corpus — 14-design mean over 6 scenarios (NOT this chip),predictions.csv,1.1,False,VALIDATED
487,g_chan[1].u_cdc_chw.mem[4][14]$_DFFE_PP_,clk_core,3.86,1.49,0.019577838469314296,3.8404221615306855,setup,roleB_syn_corpus_whatif,Role B synthetic corpus — 14-design mean over 6 scenarios (NOT this chip),predictions.csv,1.1,False,VALIDATED
481,g_chan[1].u_cdc_chw.mem[3][14]$_DFFE_PP_,clk_core,3.86,1.49,0.019577838469314296,3.8404221615306855,setup,roleB_syn_corpus_whatif,Role B synthetic corpus — 14-design mean over 6 scenarios (NOT this chip),predictions.csv,1.1,False,VALIDATED
480,g_chan[1].u_cdc_chw.mem[6][14]$_DFFE_PP_,clk_core,3.86,1.49,0.019577838469314296,3.8404221615306855,setup,roleB_syn_corpus_whatif,Role B synthetic corpus — 14-design mean over 6 scenarios (NOT this chip),predictions.csv,1.1,False,VALIDATED
477,g_chan[1].u_cdc_chw.mem[5][14]$_DFFE_PP_,clk_core,3.86,1.49,0.019577838469314296,3.8404221615306855,setup,roleB_syn_corpus_whatif,Role B synthetic corpus — 14-design mean over 6 scenarios (NOT this chip),predictions.csv,1.1,False,VALIDATED
475,g_chan[1].u_cdc_chw.mem[2][14]$_DFFE_PP_,clk_core,3.86,1.49,0.019577838469314296,3.8404221615306855,setup,roleB_syn_corpus_whatif,Role B synthetic corpus — 14-design mean over 6 scenarios (NOT this chip),predictions.csv,1.1,False,VALIDATED
500,u_dma_fabric.rbeat_data[20]$_DFFE_PN0P_,clk_core,3.87,1.47,0.029478796129036353,3.840521203870964,setup,roleB_syn_corpus_whatif,Role B synthetic corpus — 14-design mean over 6 scenarios (NOT this chip),predictions.csv,1.1,False,VALIDATED
457,c_cmd_addr[11]$_DFFE_PN0N_,clk_core,3.86,1.51,0.017484892028462234,3.8425151079715376,setup,roleB_syn_corpus_whatif,Role B synthetic corpus — 14-design mean over 6 scenarios (NOT this chip),predictions.csv,1.1,False,VALIDATED
474,c_cmd_addr[10]$_DFFE_PN0N_,clk_core,3.86,1.51,0.01746993526996292,3.842530064730037,setup,roleB_syn_corpus_whatif,Role B synthetic corpus — 14-design mean over 6 scenarios (NOT this chip),predictions.csv,1.1,False,VALIDATED
472,c_cmd_addr[7]$_DFFE_PN0N_,clk_core,3.86,1.51,0.01736098984288474,3.8426390101571153,setup,roleB_syn_corpus_whatif,Role B synthetic corpus — 14-design mean over 6 scenarios (NOT this chip),predictions.csv,1.1,False,VALIDATED
461,c_cmd_addr[6]$_DFFE_PN0N_,clk_core,3.86,1.51,0.01735657659735676,3.842643423402643,setup,roleB_syn_corpus_whatif,Role B synthetic corpus — 14-design mean over 6 scenarios (NOT this chip),predictions.csv,1.1,False,VALIDATED
467,c_cmd_addr[8]$_DFFE_PN0N_,clk_core,3.86,1.51,0.017309613488099618,3.8426903865119004,setup,roleB_syn_corpus_whatif,Role B synthetic corpus — 14-design mean over 6 scenarios (NOT this chip),predictions.csv,1.1,False,VALIDATED
470,c_cmd_addr[2]$_DFFE_PN0N_,clk_core,3.86,1.51,0.017309613488099618,3.8426903865119004,setup,roleB_syn_corpus_whatif,Role B synthetic corpus — 14-design mean over 6 scenarios (NOT this chip),predictions.csv,1.1,False,VALIDATED
498,c_cmd_len[28]$_DFFE_PN0N_,clk_core,3.86,1.51,0.017149864625733077,3.842850135374267,setup,roleB_syn_corpus_whatif,Role B synthetic corpus — 14-design mean over 6 scenarios (NOT this chip),predictions.csv,1.1,False,VALIDATED
503,g_chan[1].u_cdc_chw.mem[2][17]$_DFFE_PP_,clk_core,3.87,1.48,0.020108922006988827,3.849891077993011,setup,roleB_syn_corpus_whatif,Role B synthetic corpus — 14-design mean over 6 scenarios (NOT this chip),predictions.csv,1.1,False,VALIDATED
505,g_chan[1].u_cdc_chw.mem[3][17]$_DFFE_PP_,clk_core,3.87,1.48,0.020071692011837824,3.8499283079881623,setup,roleB_syn_corpus_whatif,Role B synthetic corpus — 14-design mean over 6 scenarios (NOT this chip),predictions.csv,1.1,False,VALIDATED
504,g_chan[1].u_cdc_chw.mem[0][17]$_DFFE_PP_,clk_core,3.87,1.48,0.02003446201668682,3.849965537983313,setup,roleB_syn_corpus_whatif,Role B synthetic corpus — 14-design mean over 6 scenarios (NOT this chip),predictions.csv,1.1,False,VALIDATED
502,g_chan[1].u_cdc_chw.mem[1][17]$_DFFE_PP_,clk_core,3.87,1.48,0.02003446201668682,3.849965537983313,setup,roleB_syn_corpus_whatif,Role B synthetic corpus — 14-design mean over 6 scenarios (NOT this chip),predictions.csv,1.1,False,VALIDATED
499,c_cmd_len[5]$_DFFE_PN0N_,clk_core,3.87,1.5,0.017274121161050454,3.8527258788389496,setup,roleB_syn_corpus_whatif,Role B synthetic corpus — 14-design mean over 6 scenarios (NOT this chip),predictions.csv,1.1,False,VALIDATED
501,c_cmd_addr[26]$_DFFE_PN0N_,clk_core,3.87,1.49,0.017121293432855414,3.852878706567145,setup,roleB_syn_corpus_whatif,Role B synthetic corpus — 14-design mean over 6 scenarios (NOT this chip),predictions.csv,1.1,False,VALIDATED
509,g_chan[1].u_cdc_chw.mem[4][17]$_DFFE_PP_,clk_core,3.88,1.48,0.02003446201668682,3.859965537983313,setup,roleB_syn_corpus_whatif,Role B synthetic corpus — 14-design mean over 6 scenarios (NOT this chip),predictions.csv,1.1,False,VALIDATED
511,g_chan[1].u_cdc_chw.mem[7][17]$_DFFE_PP_,clk_core,3.88,1.48,0.02003446201668682,3.859965537983313,setup,roleB_syn_corpus_whatif,Role B synthetic corpus — 14-design mean over 6 scenarios (NOT this chip),predictions.csv,1.1,False,VALIDATED
507,g_chan[1].u_cdc_chw.mem[5][17]$_DFFE_PP_,clk_core,3.88,1.48,0.02003446201668682,3.859965537983313,setup,roleB_syn_corpus_whatif,Role B synthetic corpus — 14-design mean over 6 scenarios (NOT this chip),predictions.csv,1.1,False,VALIDATED
512,g_chan[1].u_cdc_chw.mem[6][17]$_DFFE_PP_,clk_core,3.88,1.48,0.02003446201668682,3.859965537983313,setup,roleB_syn_corpus_whatif,Role B synthetic corpus — 14-design mean over 6 scenarios (NOT this chip),predictions.csv,1.1,False,VALIDATED
506,g_chan[1].u_cdc_chw.mem[11][17]$_DFFE_PP_,clk_core,3.88,1.48,0.019862987335411655,3.8601370126645884,setup,roleB_syn_corpus_whatif,Role B synthetic corpus — 14-design mean over 6 scenarios (NOT this chip),predictions.csv,1.1,False,VALIDATED
508,g_chan[1].u_cdc_chw.mem[10][17]$_DFFE_PP_,clk_core,3.88,1.48,0.01980367349605973,3.86019632650394,setup,roleB_syn_corpus_whatif,Role B synthetic corpus — 14-design mean over 6 scenarios (NOT this chip),predictions.csv,1.1,False,VALIDATED
513,g_chan[1].u_cdc_chw.mem[12][17]$_DFFE_PP_,clk_core,3.88,1.48,0.019744359656707802,3.860255640343292,setup,roleB_syn_corpus_whatif,Role B synthetic corpus — 14-design mean over 6 scenarios (NOT this chip),predictions.csv,1.1,False,VALIDATED
510,g_chan[1].u_cdc_chw.mem[13][17]$_DFFE_PP_,clk_core,3.88,1.48,0.019744359656707802,3.860255640343292,setup,roleB_syn_corpus_whatif,Role B synthetic corpus — 14-design mean over 6 scenarios (NOT this chip),predictions.csv,1.1,False,VALIDATED
514,g_chan[1].u_cdc_chw.mem[9][17]$_DFFE_PP_,clk_core,3.88,1.47,0.019666344309527947,3.860333655690472,setup,roleB_syn_corpus_whatif,Role B synthetic corpus — 14-design mean over 6 scenarios (NOT this chip),predictions.csv,1.1,False,VALIDATED
515,g_chan[1].u_cdc_chw.mem[8][17]$_DFFE_PP_,clk_core,3.88,1.47,0.019666344309527947,3.860333655690472,setup,roleB_syn_corpus_whatif,Role B synthetic corpus — 14-design mean over 6 scenarios (NOT this chip),predictions.csv,1.1,False,VALIDATED
516,c_cmd_len[26]$_DFFE_PN0N_,clk_core,3.88,1.48,0.01686220245251871,3.863137797547481,setup,roleB_syn_corpus_whatif,Role B synthetic corpus — 14-design mean over 6 scenarios (NOT this chip),predictions.csv,1.1,False,VALIDATED
517,c_cmd_addr[20]$_DFFE_PN0N_,clk_core,3.88,1.48,0.016832189493898447,3.8631678105061016,setup,roleB_syn_corpus_whatif,Role B synthetic corpus — 14-design mean over 6 scenarios (NOT this chip),predictions.csv,1.1,False,VALIDATED
519,c_cmd_len[20]$_DFFE_PN0N_,clk_core,3.89,1.47,0.016917481702198603,3.8730825182978017,setup,roleB_syn_corpus_whatif,Role B synthetic corpus — 14-design mean over 6 scenarios (NOT this chip),predictions.csv,1.1,False,VALIDATED
518,c_cmd_addr[23]$_DFFE_PN0N_,clk_core,3.89,1.48,0.016912509448076804,3.8730874905519235,setup,roleB_syn_corpus_whatif,Role B synthetic corpus — 14-design mean over 6 scenarios (NOT this chip),predictions.csv,1.1,False,VALIDATED
521,c_cmd_len[21]$_DFFE_PN0N_,clk_core,3.9,1.47,0.016904507735258006,3.883095492264742,setup,roleB_syn_corpus_whatif,Role B synthetic corpus — 14-design mean over 6 scenarios (NOT this chip),predictions.csv,1.1,False,VALIDATED
520,c_cmd_len[14]$_DFFE_PN0N_,clk_core,3.9,1.47,0.016827795251910138,3.8831722047480897,setup,roleB_syn_corpus_whatif,Role B synthetic corpus — 14-design mean over 6 scenarios (NOT this chip),predictions.csv,1.1,False,VALIDATED
523,c_cmd_len[31]$_DFFE_PN0N_,clk_core,3.9,1.47,0.01679117762284746,3.8832088223771524,setup,roleB_syn_corpus_whatif,Role B synthetic corpus — 14-design mean over 6 scenarios (NOT this chip),predictions.csv,1.1,False,VALIDATED
522,c_cmd_len[29]$_DFFE_PN0N_,clk_core,3.9,1.46,0.01670588536922947,3.8832941146307705,setup,roleB_syn_corpus_whatif,Role B synthetic corpus — 14-design mean over 6 scenarios (NOT this chip),predictions.csv,1.1,False,VALIDATED
524,c_cmd_len[27]$_DFFE_PN0N_,clk_core,3.91,1.46,0.016724561352655626,3.8932754386473447,setup,roleB_syn_corpus_whatif,Role B synthetic corpus — 14-design mean over 6 scenarios (NOT this chip),predictions.csv,1.1,False,VALIDATED
526,c_cmd_len[2]$_DFFE_PN0N_,clk_core,3.91,1.45,0.016619512852684218,3.893380487147316,setup,roleB_syn_corpus_whatif,Role B synthetic corpus — 14-design mean over 6 scenarios (NOT this chip),predictions.csv,1.1,False,VALIDATED
525,c_cmd_len[13]$_DFFE_PN0N_,clk_core,3.91,1.46,0.01659680336990517,3.893403196630095,setup,roleB_syn_corpus_whatif,Role B synthetic corpus — 14-design mean over 6 scenarios (NOT this chip),predictions.csv,1.1,False,VALIDATED
528,c_cmd_len[8]$_DFFE_PN0N_,clk_core,3.92,1.45,0.016622392019651072,3.903377607980349,setup,roleB_syn_corpus_whatif,Role B synthetic corpus — 14-design mean over 6 scenarios (NOT this chip),predictions.csv,1.1,False,VALIDATED
527,c_cmd_len[30]$_DFFE_PN0N_,clk_core,3.92,1.45,0.01646647510716985,3.90353352489283,setup,roleB_syn_corpus_whatif,Role B synthetic corpus — 14-design mean over 6 scenarios (NOT this chip),predictions.csv,1.1,False,VALIDATED
533,g_chan[0].u_cdc_chw.mem[5][25]$_DFFE_PP_,clk_core,3.93,1.42,0.020203492086799807,3.9097965079132004,setup,roleB_syn_corpus_whatif,Role B synthetic corpus — 14-design mean over 6 scenarios (NOT this chip),predictions.csv,1.1,False,VALIDATED
536,g_chan[0].u_cdc_chw.mem[1][25]$_DFFE_PP_,clk_core,3.93,1.42,0.020203492086799807,3.9097965079132004,setup,roleB_syn_corpus_whatif,Role B synthetic corpus — 14-design mean over 6 scenarios (NOT this chip),predictions.csv,1.1,False,VALIDATED
537,g_chan[0].u_cdc_chw.mem[2][25]$_DFFE_PP_,clk_core,3.93,1.42,0.020203492086799807,3.9097965079132004,setup,roleB_syn_corpus_whatif,Role B synthetic corpus — 14-design mean over 6 scenarios (NOT this chip),predictions.csv,1.1,False,VALIDATED
535,g_chan[0].u_cdc_chw.mem[7][25]$_DFFE_PP_,clk_core,3.93,1.42,0.020203492086799807,3.9097965079132004,setup,roleB_syn_corpus_whatif,Role B synthetic corpus — 14-design mean over 6 scenarios (NOT this chip),predictions.csv,1.1,False,VALIDATED
531,g_chan[0].u_cdc_chw.mem[4][25]$_DFFE_PP_,clk_core,3.93,1.42,0.020203492086799807,3.9097965079132004,setup,roleB_syn_corpus_whatif,Role B synthetic corpus — 14-design mean over 6 scenarios (NOT this chip),predictions.csv,1.1,False,VALIDATED
534,g_chan[0].u_cdc_chw.mem[3][25]$_DFFE_PP_,clk_core,3.93,1.42,0.020203492086799807,3.9097965079132004,setup,roleB_syn_corpus_whatif,Role B synthetic corpus — 14-design mean over 6 scenarios (NOT this chip),predictions.csv,1.1,False,VALIDATED
541,g_chan[0].u_cdc_chw.mem[0][25]$_DFFE_PP_,clk_core,3.93,1.42,0.020203492086799807,3.9097965079132004,setup,roleB_syn_corpus_whatif,Role B synthetic corpus — 14-design mean over 6 scenarios (NOT this chip),predictions.csv,1.1,False,VALIDATED
529,g_chan[0].u_cdc_chw.mem[9][25]$_DFFE_PP_,clk_core,3.93,1.42,0.0201334727610004,3.9098665272389996,setup,roleB_syn_corpus_whatif,Role B synthetic corpus — 14-design mean over 6 scenarios (NOT this chip),predictions.csv,1.1,False,VALIDATED
538,g_chan[0].u_cdc_chw.mem[11][25]$_DFFE_PP_,clk_core,3.93,1.42,0.0201334727610004,3.9098665272389996,setup,roleB_syn_corpus_whatif,Role B synthetic corpus — 14-design mean over 6 scenarios (NOT this chip),predictions.csv,1.1,False,VALIDATED
532,g_chan[0].u_cdc_chw.mem[10][25]$_DFFE_PP_,clk_core,3.93,1.42,0.0201334727610004,3.9098665272389996,setup,roleB_syn_corpus_whatif,Role B synthetic corpus — 14-design mean over 6 scenarios (NOT this chip),predictions.csv,1.1,False,VALIDATED
530,g_chan[0].u_cdc_chw.mem[8][25]$_DFFE_PP_,clk_core,3.93,1.42,0.020063453435200995,3.9099365465647993,setup,roleB_syn_corpus_whatif,Role B synthetic corpus — 14-design mean over 6 scenarios (NOT this chip),predictions.csv,1.1,False,VALIDATED
542,g_chan[0].u_cdc_chw.mem[14][25]$_DFFE_PP_,clk_core,3.93,1.42,0.020063453435200995,3.9099365465647993,setup,roleB_syn_corpus_whatif,Role B synthetic corpus — 14-design mean over 6 scenarios (NOT this chip),predictions.csv,1.1,False,VALIDATED
540,g_chan[0].u_cdc_chw.mem[12][25]$_DFFE_PP_,clk_core,3.93,1.41,0.019922161509600994,3.910077838490399,setup,roleB_syn_corpus_whatif,Role B synthetic corpus — 14-design mean over 6 scenarios (NOT this chip),predictions.csv,1.1,False,VALIDATED
539,g_chan[0].u_cdc_chw.mem[13][25]$_DFFE_PP_,clk_core,3.93,1.41,0.019922161509600994,3.910077838490399,setup,roleB_syn_corpus_whatif,Role B synthetic corpus — 14-design mean over 6 scenarios (NOT this chip),predictions.csv,1.1,False,VALIDATED
544,g_chan[0].u_cdc_chw.mem[15][25]$_DFFE_PP_,clk_core,3.93,1.41,0.019922161509600994,3.910077838490399,setup,roleB_syn_corpus_whatif,Role B synthetic corpus — 14-design mean over 6 scenarios (NOT this chip),predictions.csv,1.1,False,VALIDATED
543,c_cmd_addr[5]$_DFFE_PN0N_,clk_core,3.93,1.43,0.016508005781601776,3.9134919942183983,setup,roleB_syn_corpus_whatif,Role B synthetic corpus — 14-design mean over 6 scenarios (NOT this chip),predictions.csv,1.1,False,VALIDATED
549,g_chan[0].u_cdc_chw.mem[6][25]$_DFFE_PP_,clk_core,3.94,1.42,0.020232565834099284,3.919767434165901,setup,roleB_syn_corpus_whatif,Role B synthetic corpus — 14-design mean over 6 scenarios (NOT this chip),predictions.csv,1.1,False,VALIDATED
552,g_chan[0].u_cdc_chw.mem[14][24]$_DFFE_PP_,clk_core,3.94,1.41,0.01970156489283173,3.9202984351071684,setup,roleB_syn_corpus_whatif,Role B synthetic corpus — 14-design mean over 6 scenarios (NOT this chip),predictions.csv,1.1,False,VALIDATED
559,g_chan[0].u_cdc_chw.mem[3][24]$_DFFE_PP_,clk_core,3.94,1.41,0.01954430182490932,3.9204556981750907,setup,roleB_syn_corpus_whatif,Role B synthetic corpus — 14-design mean over 6 scenarios (NOT this chip),predictions.csv,1.1,False,VALIDATED
573,g_chan[0].u_cdc_chw.mem[11][24]$_DFFE_PP_,clk_core,3.94,1.41,0.01954430182490932,3.9204556981750907,setup,roleB_syn_corpus_whatif,Role B synthetic corpus — 14-design mean over 6 scenarios (NOT this chip),predictions.csv,1.1,False,VALIDATED
567,g_chan[0].u_cdc_chw.mem[12][24]$_DFFE_PP_,clk_core,3.94,1.41,0.01954430182490932,3.9204556981750907,setup,roleB_syn_corpus_whatif,Role B synthetic corpus — 14-design mean over 6 scenarios (NOT this chip),predictions.csv,1.1,False,VALIDATED
562,g_chan[0].u_cdc_chw.mem[13][24]$_DFFE_PP_,clk_core,3.94,1.41,0.01954430182490932,3.9204556981750907,setup,roleB_syn_corpus_whatif,Role B synthetic corpus — 14-design mean over 6 scenarios (NOT this chip),predictions.csv,1.1,False,VALIDATED
571,g_chan[0].u_cdc_chw.mem[8][24]$_DFFE_PP_,clk_core,3.94,1.41,0.01954430182490932,3.9204556981750907,setup,roleB_syn_corpus_whatif,Role B synthetic corpus — 14-design mean over 6 scenarios (NOT this chip),predictions.csv,1.1,False,VALIDATED
555,g_chan[0].u_cdc_chw.mem[2][24]$_DFFE_PP_,clk_core,3.94,1.41,0.01954430182490932,3.9204556981750907,setup,roleB_syn_corpus_whatif,Role B synthetic corpus — 14-design mean over 6 scenarios (NOT this chip),predictions.csv,1.1,False,VALIDATED
554,g_chan[0].u_cdc_chw.mem[9][24]$_DFFE_PP_,clk_core,3.94,1.41,0.01954430182490932,3.9204556981750907,setup,roleB_syn_corpus_whatif,Role B synthetic corpus — 14-design mean over 6 scenarios (NOT this chip),predictions.csv,1.1,False,VALIDATED
560,g_chan[0].u_cdc_chw.mem[15][24]$_DFFE_PP_,clk_core,3.94,1.41,0.01953438193739175,3.9204656180626083,setup,roleB_syn_corpus_whatif,Role B synthetic corpus — 14-design mean over 6 scenarios (NOT this chip),predictions.csv,1.1,False,VALIDATED
561,g_chan[0].u_cdc_chw.mem[10][24]$_DFFE_PP_,clk_core,3.94,1.41,0.01945716864946137,3.9205428313505384,setup,roleB_syn_corpus_whatif,Role B synthetic corpus — 14-design mean over 6 scenarios (NOT this chip),predictions.csv,1.1,False,VALIDATED
557,g_chan[0].u_cdc_chw.mem[0][24]$_DFFE_PP_,clk_core,3.94,1.41,0.01937003547401342,3.9206299645259866,setup,roleB_syn_corpus_whatif,Role B synthetic corpus — 14-design mean over 6 scenarios (NOT this chip),predictions.csv,1.1,False,VALIDATED
566,g_chan[0].u_cdc_chw.mem[6][24]$_DFFE_PP_,clk_core,3.94,1.41,0.01937003547401342,3.9206299645259866,setup,roleB_syn_corpus_whatif,Role B synthetic corpus — 14-design mean over 6 scenarios (NOT this chip),predictions.csv,1.1,False,VALIDATED
565,g_chan[0].u_cdc_chw.mem[5][24]$_DFFE_PP_,clk_core,3.94,1.41,0.01937003547401342,3.9206299645259866,setup,roleB_syn_corpus_whatif,Role B synthetic corpus — 14-design mean over 6 scenarios (NOT this chip),predictions.csv,1.1,False,VALIDATED
563,g_chan[0].u_cdc_chw.mem[1][24]$_DFFE_PP_,clk_core,3.94,1.41,0.01937003547401342,3.9206299645259866,setup,roleB_syn_corpus_whatif,Role B synthetic corpus — 14-design mean over 6 scenarios (NOT this chip),predictions.csv,1.1,False,VALIDATED
556,g_chan[0].u_cdc_chw.mem[7][24]$_DFFE_PP_,clk_core,3.94,1.41,0.01937003547401342,3.9206299645259866,setup,roleB_syn_corpus_whatif,Role B synthetic corpus — 14-design mean over 6 scenarios (NOT this chip),predictions.csv,1.1,False,VALIDATED
568,g_chan[0].u_cdc_chw.mem[4][24]$_DFFE_PP_,clk_core,3.94,1.41,0.01937003547401342,3.9206299645259866,setup,roleB_syn_corpus_whatif,Role B synthetic corpus — 14-design mean over 6 scenarios (NOT this chip),predictions.csv,1.1,False,VALIDATED
558,g_chan[0].u_cdc_chw.mem[6][23]$_DFFE_PP_,clk_core,3.94,1.41,0.019097458935639328,3.9209025410643608,setup,roleB_syn_corpus_whatif,Role B synthetic corpus — 14-design mean over 6 scenarios (NOT this chip),predictions.csv,1.1,False,VALIDATED
564,g_chan[0].u_cdc_chw.mem[7][23]$_DFFE_PP_,clk_core,3.94,1.41,0.019097458935639328,3.9209025410643608,setup,roleB_syn_corpus_whatif,Role B synthetic corpus — 14-design mean over 6 scenarios (NOT this chip),predictions.csv,1.1,False,VALIDATED
575,g_chan[0].u_cdc_chw.mem[5][23]$_DFFE_PP_,clk_core,3.94,1.41,0.019097458935639328,3.9209025410643608,setup,roleB_syn_corpus_whatif,Role B synthetic corpus — 14-design mean over 6 scenarios (NOT this chip),predictions.csv,1.1,False,VALIDATED
569,g_chan[0].u_cdc_chw.mem[2][23]$_DFFE_PP_,clk_core,3.94,1.41,0.019097458935639328,3.9209025410643608,setup,roleB_syn_corpus_whatif,Role B synthetic corpus — 14-design mean over 6 scenarios (NOT this chip),predictions.csv,1.1,False,VALIDATED
574,g_chan[0].u_cdc_chw.mem[4][23]$_DFFE_PP_,clk_core,3.94,1.41,0.019097458935639328,3.9209025410643608,setup,roleB_syn_corpus_whatif,Role B synthetic corpus — 14-design mean over 6 scenarios (NOT this chip),predictions.csv,1.1,False,VALIDATED
572,g_chan[0].u_cdc_chw.mem[3][23]$_DFFE_PP_,clk_core,3.94,1.41,0.019014637302280493,3.9209853626977194,setup,roleB_syn_corpus_whatif,Role B synthetic corpus — 14-design mean over 6 scenarios (NOT this chip),predictions.csv,1.1,False,VALIDATED
576,g_chan[0].u_cdc_chw.mem[1][23]$_DFFE_PP_,clk_core,3.94,1.41,0.018928590494202535,3.9210714095057972,setup,roleB_syn_corpus_whatif,Role B synthetic corpus — 14-design mean over 6 scenarios (NOT this chip),predictions.csv,1.1,False,VALIDATED
578,g_chan[0].u_cdc_chw.mem[0][23]$_DFFE_PP_,clk_core,3.94,1.41,0.018928590494202535,3.9210714095057972,setup,roleB_syn_corpus_whatif,Role B synthetic corpus — 14-design mean over 6 scenarios (NOT this chip),predictions.csv,1.1,False,VALIDATED
579,g_chan[0].u_cdc_chw.mem[8][23]$_DFFE_PP_,clk_core,3.94,1.41,0.018842543686124577,3.9211574563138756,setup,roleB_syn_corpus_whatif,Role B synthetic corpus — 14-design mean over 6 scenarios (NOT this chip),predictions.csv,1.1,False,VALIDATED
570,g_chan[0].u_cdc_chw.mem[9][23]$_DFFE_PP_,clk_core,3.94,1.41,0.018842543686124577,3.9211574563138756,setup,roleB_syn_corpus_whatif,Role B synthetic corpus — 14-design mean over 6 scenarios (NOT this chip),predictions.csv,1.1,False,VALIDATED
550,g_chan[1].u_cdc_chw.mem[13][31]$_DFFE_PP_,clk_core,3.94,1.41,0.018553624296971286,3.9214463757030287,setup,roleB_syn_corpus_whatif,Role B synthetic corpus — 14-design mean over 6 scenarios (NOT this chip),predictions.csv,1.1,False,VALIDATED
551,g_chan[1].u_cdc_chw.mem[14][31]$_DFFE_PP_,clk_core,3.94,1.41,0.018553624296971286,3.9214463757030287,setup,roleB_syn_corpus_whatif,Role B synthetic corpus — 14-design mean over 6 scenarios (NOT this chip),predictions.csv,1.1,False,VALIDATED
546,g_chan[1].u_cdc_chw.mem[10][31]$_DFFE_PP_,clk_core,3.94,1.41,0.018553624296971286,3.9214463757030287,setup,roleB_syn_corpus_whatif,Role B synthetic corpus — 14-design mean over 6 scenarios (NOT this chip),predictions.csv,1.1,False,VALIDATED
548,g_chan[1].u_cdc_chw.mem[12][31]$_DFFE_PP_,clk_core,3.94,1.41,0.018553624296971286,3.9214463757030287,setup,roleB_syn_corpus_whatif,Role B synthetic corpus — 14-design mean over 6 scenarios (NOT this chip),predictions.csv,1.1,False,VALIDATED
547,g_chan[1].u_cdc_chw.mem[15][31]$_DFFE_PP_,clk_core,3.94,1.41,0.018553624296971286,3.9214463757030287,setup,roleB_syn_corpus_whatif,Role B synthetic corpus — 14-design mean over 6 scenarios (NOT this chip),predictions.csv,1.1,False,VALIDATED
577,g_chan[1].u_cdc_chw.mem[8][31]$_DFFE_PP_,clk_core,3.94,1.41,0.018553624296971286,3.9214463757030287,setup,roleB_syn_corpus_whatif,Role B synthetic corpus — 14-design mean over 6 scenarios (NOT this chip),predictions.csv,1.1,False,VALIDATED
545,c_cmd_addr[3]$_DFFE_PN0N_,clk_core,3.94,1.43,0.016545736901995456,3.9234542630980043,setup,roleB_syn_corpus_whatif,Role B synthetic corpus — 14-design mean over 6 scenarios (NOT this chip),predictions.csv,1.1,False,VALIDATED
553,c_cmd_addr[4]$_DFFE_PN0N_,clk_core,3.94,1.42,0.016387038292240974,3.923612961707759,setup,roleB_syn_corpus_whatif,Role B synthetic corpus — 14-design mean over 6 scenarios (NOT this chip),predictions.csv,1.1,False,VALIDATED
586,g_chan[0].u_cdc_chw.mem[14][23]$_DFFE_PP_,clk_core,3.95,1.41,0.01892536531948341,3.9310746346805168,setup,roleB_syn_corpus_whatif,Role B synthetic corpus — 14-design mean over 6 scenarios (NOT this chip),predictions.csv,1.1,False,VALIDATED
585,g_chan[0].u_cdc_chw.mem[15][23]$_DFFE_PP_,clk_core,3.95,1.41,0.01892536531948341,3.9310746346805168,setup,roleB_syn_corpus_whatif,Role B synthetic corpus — 14-design mean over 6 scenarios (NOT this chip),predictions.csv,1.1,False,VALIDATED
587,g_chan[0].u_cdc_chw.mem[13][23]$_DFFE_PP_,clk_core,3.95,1.41,0.01892536531948341,3.9310746346805168,setup,roleB_syn_corpus_whatif,Role B synthetic corpus — 14-design mean over 6 scenarios (NOT this chip),predictions.csv,1.1,False,VALIDATED
584,g_chan[0].u_cdc_chw.mem[10][23]$_DFFE_PP_,clk_core,3.95,1.41,0.01892536531948341,3.9310746346805168,setup,roleB_syn_corpus_whatif,Role B synthetic corpus — 14-design mean over 6 scenarios (NOT this chip),predictions.csv,1.1,False,VALIDATED
581,g_chan[0].u_cdc_chw.mem[12][23]$_DFFE_PP_,clk_core,3.95,1.41,0.018842543686124577,3.931157456313876,setup,roleB_syn_corpus_whatif,Role B synthetic corpus — 14-design mean over 6 scenarios (NOT this chip),predictions.csv,1.1,False,VALIDATED
580,g_chan[0].u_cdc_chw.mem[11][23]$_DFFE_PP_,clk_core,3.95,1.41,0.018842543686124577,3.931157456313876,setup,roleB_syn_corpus_whatif,Role B synthetic corpus — 14-design mean over 6 scenarios (NOT this chip),predictions.csv,1.1,False,VALIDATED
583,g_chan[1].u_cdc_chw.mem[9][31]$_DFFE_PP_,clk_core,3.95,1.41,0.018553624296971286,3.931446375703029,setup,roleB_syn_corpus_whatif,Role B synthetic corpus — 14-design mean over 6 scenarios (NOT this chip),predictions.csv,1.1,False,VALIDATED
582,g_chan[1].u_cdc_chw.mem[11][31]$_DFFE_PP_,clk_core,3.95,1.41,0.018553624296971286,3.931446375703029,setup,roleB_syn_corpus_whatif,Role B synthetic corpus — 14-design mean over 6 scenarios (NOT this chip),predictions.csv,1.1,False,VALIDATED
595,g_chan[1].u_cdc_chw.mem[10][14]$_DFFE_PP_,clk_core,3.95,1.4,0.018429797108946364,3.931570202891054,setup,roleB_syn_corpus_whatif,Role B synthetic corpus — 14-design mean over 6 scenarios (NOT this chip),predictions.csv,1.1,False,VALIDATED
603,g_chan[1].u_cdc_chw.mem[11][14]$_DFFE_PP_,clk_core,3.95,1.4,0.018429797108946364,3.931570202891054,setup,roleB_syn_corpus_whatif,Role B synthetic corpus — 14-design mean over 6 scenarios (NOT this chip),predictions.csv,1.1,False,VALIDATED
602,g_chan[1].u_cdc_chw.mem[8][14]$_DFFE_PP_,clk_core,3.95,1.4,0.01842536385106136,3.9315746361489388,setup,roleB_syn_corpus_whatif,Role B synthetic corpus — 14-design mean over 6 scenarios (NOT this chip),predictions.csv,1.1,False,VALIDATED
597,g_chan[1].u_cdc_chw.mem[13][14]$_DFFE_PP_,clk_core,3.95,1.4,0.018362327095318917,3.931637672904681,setup,roleB_syn_corpus_whatif,Role B synthetic corpus — 14-design mean over 6 scenarios (NOT this chip),predictions.csv,1.1,False,VALIDATED
599,g_chan[1].u_cdc_chw.mem[12][14]$_DFFE_PP_,clk_core,3.95,1.4,0.018362327095318917,3.931637672904681,setup,roleB_syn_corpus_whatif,Role B synthetic corpus — 14-design mean over 6 scenarios (NOT this chip),predictions.csv,1.1,False,VALIDATED
589,g_chan[1].u_cdc_chw.mem[14][14]$_DFFE_PP_,clk_core,3.95,1.4,0.01835515160425845,3.9316448483957416,setup,roleB_syn_corpus_whatif,Role B synthetic corpus — 14-design mean over 6 scenarios (NOT this chip),predictions.csv,1.1,False,VALIDATED
592,g_chan[1].u_cdc_chw.mem[9][14]$_DFFE_PP_,clk_core,3.95,1.4,0.01834797611319798,3.931652023886802,setup,roleB_syn_corpus_whatif,Role B synthetic corpus — 14-design mean over 6 scenarios (NOT this chip),predictions.csv,1.1,False,VALIDATED
590,g_chan[1].u_cdc_chw.mem[15][14]$_DFFE_PP_,clk_core,3.95,1.4,0.01834797611319798,3.931652023886802,setup,roleB_syn_corpus_whatif,Role B synthetic corpus — 14-design mean over 6 scenarios (NOT this chip),predictions.csv,1.1,False,VALIDATED
605,g_chan[1].u_cdc_chw.mem[14][25]$_DFFE_PP_,clk_core,3.95,1.4,0.018313363924327614,3.9316866360756726,setup,roleB_syn_corpus_whatif,Role B synthetic corpus — 14-design mean over 6 scenarios (NOT this chip),predictions.csv,1.1,False,VALIDATED
607,g_chan[1].u_cdc_chw.mem[12][25]$_DFFE_PP_,clk_core,3.95,1.4,0.018313363924327614,3.9316866360756726,setup,roleB_syn_corpus_whatif,Role B synthetic corpus — 14-design mean over 6 scenarios (NOT this chip),predictions.csv,1.1,False,VALIDATED
600,g_chan[1].u_cdc_chw.mem[15][25]$_DFFE_PP_,clk_core,3.95,1.4,0.01829746532003089,3.931702534679969,setup,roleB_syn_corpus_whatif,Role B synthetic corpus — 14-design mean over 6 scenarios (NOT this chip),predictions.csv,1.1,False,VALIDATED
601,g_chan[1].u_cdc_chw.mem[1][25]$_DFFE_PP_,clk_core,3.95,1.4,0.018235976186464234,3.931764023813536,setup,roleB_syn_corpus_whatif,Role B synthetic corpus — 14-design mean over 6 scenarios (NOT this chip),predictions.csv,1.1,False,VALIDATED
598,g_chan[1].u_cdc_chw.mem[8][25]$_DFFE_PP_,clk_core,3.95,1.4,0.018235976186464234,3.931764023813536,setup,roleB_syn_corpus_whatif,Role B synthetic corpus — 14-design mean over 6 scenarios (NOT this chip),predictions.csv,1.1,False,VALIDATED
596,g_chan[1].u_cdc_chw.mem[13][25]$_DFFE_PP_,clk_core,3.95,1.4,0.018235976186464234,3.931764023813536,setup,roleB_syn_corpus_whatif,Role B synthetic corpus — 14-design mean over 6 scenarios (NOT this chip),predictions.csv,1.1,False,VALIDATED
588,g_chan[1].u_cdc_chw.mem[14][23]$_DFFE_PP_,clk_core,3.95,1.4,0.01813917957356445,3.9318608204264356,setup,roleB_syn_corpus_whatif,Role B synthetic corpus — 14-design mean over 6 scenarios (NOT this chip),predictions.csv,1.1,False,VALIDATED
591,g_chan[1].u_cdc_chw.mem[15][23]$_DFFE_PP_,clk_core,3.95,1.4,0.01813917957356445,3.9318608204264356,setup,roleB_syn_corpus_whatif,Role B synthetic corpus — 14-design mean over 6 scenarios (NOT this chip),predictions.csv,1.1,False,VALIDATED
606,g_chan[1].u_cdc_chw.mem[6][23]$_DFFE_PP_,clk_core,3.95,1.39,0.018042524771289162,3.931957475228711,setup,roleB_syn_corpus_whatif,Role B synthetic corpus — 14-design mean over 6 scenarios (NOT this chip),predictions.csv,1.1,False,VALIDATED
660,u_dma_fabric.rbeat_data[8]$_DFFE_PN0P_,clk_core,3.96,1.38,0.026447978086326207,3.9335520219136737,setup,roleB_syn_corpus_whatif,Role B synthetic corpus — 14-design mean over 6 scenarios (NOT this chip),predictions.csv,1.1,False,VALIDATED
593,c_cmd_len[24]$_DFFE_PN0N_,clk_core,3.95,1.42,0.01637027323480833,3.933629726765192,setup,roleB_syn_corpus_whatif,Role B synthetic corpus — 14-design mean over 6 scenarios (NOT this chip),predictions.csv,1.1,False,VALIDATED
594,c_cmd_len[17]$_DFFE_PN0N_,clk_core,3.95,1.42,0.01633604226588388,3.933663957734116,setup,roleB_syn_corpus_whatif,Role B synthetic corpus — 14-design mean over 6 scenarios (NOT this chip),predictions.csv,1.1,False,VALIDATED
604,c_cmd_len[19]$_DFFE_PN0N_,clk_core,3.95,1.41,0.016243973469435055,3.933756026530565,setup,roleB_syn_corpus_whatif,Role B synthetic corpus — 14-design mean over 6 scenarios (NOT this chip),predictions.csv,1.1,False,VALIDATED
647,g_chan[0].u_cdc_chw.mem[8][16]$_DFFE_PP_,clk_core,3.96,1.4,0.02071197894450058,3.9392880210554995,setup,roleB_syn_corpus_whatif,Role B synthetic corpus — 14-design mean over 6 scenarios (NOT this chip),predictions.csv,1.1,False,VALIDATED
646,g_chan[0].u_cdc_chw.mem[12][16]$_DFFE_PP_,clk_core,3.96,1.4,0.02071197894450058,3.9392880210554995,setup,roleB_syn_corpus_whatif,Role B synthetic corpus — 14-design mean over 6 scenarios (NOT this chip),predictions.csv,1.1,False,VALIDATED
656,g_chan[0].u_cdc_chw.mem[13][16]$_DFFE_PP_,clk_core,3.96,1.4,0.02071197894450058,3.9392880210554995,setup,roleB_syn_corpus_whatif,Role B synthetic corpus — 14-design mean over 6 scenarios (NOT this chip),predictions.csv,1.1,False,VALIDATED
654,g_chan[0].u_cdc_chw.mem[15][16]$_DFFE_PP_,clk_core,3.96,1.4,0.02071197894450058,3.9392880210554995,setup,roleB_syn_corpus_whatif,Role B synthetic corpus — 14-design mean over 6 scenarios (NOT this chip),predictions.csv,1.1,False,VALIDATED
655,g_chan[0].u_cdc_chw.mem[14][16]$_DFFE_PP_,clk_core,3.96,1.4,0.020668356051826944,3.939331643948173,setup,roleB_syn_corpus_whatif,Role B synthetic corpus — 14-design mean over 6 scenarios (NOT this chip),predictions.csv,1.1,False,VALIDATED
651,g_chan[0].u_cdc_chw.mem[11][16]$_DFFE_PP_,clk_core,3.96,1.4,0.020668356051826944,3.939331643948173,setup,roleB_syn_corpus_whatif,Role B synthetic corpus — 14-design mean over 6 scenarios (NOT this chip),predictions.csv,1.1,False,VALIDATED
657,g_chan[0].u_cdc_chw.mem[10][16]$_DFFE_PP_,clk_core,3.96,1.39,0.02056403623775413,3.939435963762246,setup,roleB_syn_corpus_whatif,Role B synthetic corpus — 14-design mean over 6 scenarios (NOT this chip),predictions.csv,1.1,False,VALIDATED
648,g_chan[0].u_cdc_chw.mem[9][16]$_DFFE_PP_,clk_core,3.96,1.39,0.02056403623775413,3.939435963762246,setup,roleB_syn_corpus_whatif,Role B synthetic corpus — 14-design mean over 6 scenarios (NOT this chip),predictions.csv,1.1,False,VALIDATED
622,g_chan[0].u_cdc_chw.mem[9][12]$_DFFE_PP_,clk_core,3.96,1.4,0.020477298205581834,3.9395227017944183,setup,roleB_syn_corpus_whatif,Role B synthetic corpus — 14-design mean over 6 scenarios (NOT this chip),predictions.csv,1.1,False,VALIDATED
628,g_chan[0].u_cdc_chw.mem[13][12]$_DFFE_PP_,clk_core,3.96,1.4,0.020477298205581834,3.9395227017944183,setup,roleB_syn_corpus_whatif,Role B synthetic corpus — 14-design mean over 6 scenarios (NOT this chip),predictions.csv,1.1,False,VALIDATED
615,g_chan[0].u_cdc_chw.mem[10][12]$_DFFE_PP_,clk_core,3.96,1.4,0.020477298205581834,3.9395227017944183,setup,roleB_syn_corpus_whatif,Role B synthetic corpus — 14-design mean over 6 scenarios (NOT this chip),predictions.csv,1.1,False,VALIDATED
623,g_chan[0].u_cdc_chw.mem[8][12]$_DFFE_PP_,clk_core,3.96,1.4,0.020477298205581834,3.9395227017944183,setup,roleB_syn_corpus_whatif,Role B synthetic corpus — 14-design mean over 6 scenarios (NOT this chip),predictions.csv,1.1,False,VALIDATED
625,g_chan[0].u_cdc_chw.mem[15][12]$_DFFE_PP_,clk_core,3.96,1.4,0.020477298205581834,3.9395227017944183,setup,roleB_syn_corpus_whatif,Role B synthetic corpus — 14-design mean over 6 scenarios (NOT this chip),predictions.csv,1.1,False,VALIDATED
614,g_chan[0].u_cdc_chw.mem[11][12]$_DFFE_PP_,clk_core,3.96,1.4,0.020477298205581834,3.9395227017944183,setup,roleB_syn_corpus_whatif,Role B synthetic corpus — 14-design mean over 6 scenarios (NOT this chip),predictions.csv,1.1,False,VALIDATED
624,g_chan[0].u_cdc_chw.mem[14][12]$_DFFE_PP_,clk_core,3.96,1.4,0.020477298205581834,3.9395227017944183,setup,roleB_syn_corpus_whatif,Role B synthetic corpus — 14-design mean over 6 scenarios (NOT this chip),predictions.csv,1.1,False,VALIDATED
626,g_chan[0].u_cdc_chw.mem[4][12]$_DFFE_PP_,clk_core,3.96,1.4,0.020402043267788064,3.9395979567322117,setup,roleB_syn_corpus_whatif,Role B synthetic corpus — 14-design mean over 6 scenarios (NOT this chip),predictions.csv,1.1,False,VALIDATED
631,g_chan[0].u_cdc_chw.mem[5][12]$_DFFE_PP_,clk_core,3.96,1.4,0.020402043267788064,3.9395979567322117,setup,roleB_syn_corpus_whatif,Role B synthetic corpus — 14-design mean over 6 scenarios (NOT this chip),predictions.csv,1.1,False,VALIDATED
630,g_chan[0].u_cdc_chw.mem[6][12]$_DFFE_PP_,clk_core,3.96,1.4,0.020402043267788064,3.9395979567322117,setup,roleB_syn_corpus_whatif,Role B synthetic corpus — 14-design mean over 6 scenarios (NOT this chip),predictions.csv,1.1,False,VALIDATED
627,g_chan[0].u_cdc_chw.mem[12][12]$_DFFE_PP_,clk_core,3.96,1.4,0.020402043267788064,3.9395979567322117,setup,roleB_syn_corpus_whatif,Role B synthetic corpus — 14-design mean over 6 scenarios (NOT this chip),predictions.csv,1.1,False,VALIDATED
645,g_chan[0].u_cdc_chw.mem[6][16]$_DFFE_PP_,clk_core,3.96,1.39,0.02036716689725228,3.9396328331027477,setup,roleB_syn_corpus_whatif,Role B synthetic corpus — 14-design mean over 6 scenarios (NOT this chip),predictions.csv,1.1,False,VALIDATED
644,g_chan[0].u_cdc_chw.mem[7][16]$_DFFE_PP_,clk_core,3.96,1.39,0.02036716689725228,3.9396328331027477,setup,roleB_syn_corpus_whatif,Role B synthetic corpus — 14-design mean over 6 scenarios (NOT this chip),predictions.csv,1.1,False,VALIDATED
639,g_chan[0].u_cdc_chw.mem[3][12]$_DFFE_PP_,clk_core,3.96,1.4,0.02036672772298545,3.9396332722770144,setup,roleB_syn_corpus_whatif,Role B synthetic corpus — 14-design mean over 6 scenarios (NOT this chip),predictions.csv,1.1,False,VALIDATED
635,g_chan[0].u_cdc_chw.mem[0][12]$_DFFE_PP_,clk_core,3.96,1.4,0.020326788329994294,3.9396732116700055,setup,roleB_syn_corpus_whatif,Role B synthetic corpus — 14-design mean over 6 scenarios (NOT this chip),predictions.csv,1.1,False,VALIDATED
636,g_chan[0].u_cdc_chw.mem[7][12]$_DFFE_PP_,clk_core,3.96,1.4,0.020326788329994294,3.9396732116700055,setup,roleB_syn_corpus_whatif,Role B synthetic corpus — 14-design mean over 6 scenarios (NOT this chip),predictions.csv,1.1,False,VALIDATED
641,g_chan[0].u_cdc_chw.mem[1][12]$_DFFE_PP_,clk_core,3.96,1.4,0.020326788329994294,3.9396732116700055,setup,roleB_syn_corpus_whatif,Role B synthetic corpus — 14-design mean over 6 scenarios (NOT this chip),predictions.csv,1.1,False,VALIDATED
638,g_chan[0].u_cdc_chw.mem[2][12]$_DFFE_PP_,clk_core,3.96,1.4,0.020326788329994294,3.9396732116700055,setup,roleB_syn_corpus_whatif,Role B synthetic corpus — 14-design mean over 6 scenarios (NOT this chip),predictions.csv,1.1,False,VALIDATED
637,g_chan[0].u_cdc_chw.mem[4][16]$_DFFE_PP_,clk_core,3.96,1.39,0.02032546006429263,3.9396745399357074,setup,roleB_syn_corpus_whatif,Role B synthetic corpus — 14-design mean over 6 scenarios (NOT this chip),predictions.csv,1.1,False,VALIDATED
653,g_chan[0].u_cdc_chw.mem[2][16]$_DFFE_PP_,clk_core,3.96,1.39,0.02032546006429263,3.9396745399357074,setup,roleB_syn_corpus_whatif,Role B synthetic corpus — 14-design mean over 6 scenarios (NOT this chip),predictions.csv,1.1,False,VALIDATED
649,g_chan[0].u_cdc_chw.mem[3][16]$_DFFE_PP_,clk_core,3.96,1.39,0.02032546006429263,3.9396745399357074,setup,roleB_syn_corpus_whatif,Role B synthetic corpus — 14-design mean over 6 scenarios (NOT this chip),predictions.csv,1.1,False,VALIDATED
652,g_chan[0].u_cdc_chw.mem[1][16]$_DFFE_PP_,clk_core,3.96,1.39,0.02032546006429263,3.9396745399357074,setup,roleB_syn_corpus_whatif,Role B synthetic corpus — 14-design mean over 6 scenarios (NOT this chip),predictions.csv,1.1,False,VALIDATED
658,g_chan[0].u_cdc_chw.mem[0][16]$_DFFE_PP_,clk_core,3.96,1.39,0.02032546006429263,3.9396745399357074,setup,roleB_syn_corpus_whatif,Role B synthetic corpus — 14-design mean over 6 scenarios (NOT this chip),predictions.csv,1.1,False,VALIDATED
643,g_chan[0].u_cdc_chw.mem[5][16]$_DFFE_PP_,clk_core,3.96,1.39,0.02032546006429263,3.9396745399357074,setup,roleB_syn_corpus_whatif,Role B synthetic corpus — 14-design mean over 6 scenarios (NOT this chip),predictions.csv,1.1,False,VALIDATED
659,g_chan[0].u_cdc_chw.mem[12][19]$_DFFE_PP_,clk_core,3.96,1.39,0.020064292640519357,3.9399357073594805,setup,roleB_syn_corpus_whatif,Role B synthetic corpus — 14-design mean over 6 scenarios (NOT this chip),predictions.csv,1.1,False,VALIDATED
611,g_chan[1].u_cdc_chw.mem[2][12]$_DFFE_PP_,clk_core,3.96,1.39,0.01938103677747692,3.9406189632225233,setup,roleB_syn_corpus_whatif,Role B synthetic corpus — 14-design mean over 6 scenarios (NOT this chip),predictions.csv,1.1,False,VALIDATED
610,g_chan[1].u_cdc_chw.mem[7][12]$_DFFE_PP_,clk_core,3.96,1.39,0.019332931626971778,3.940667068373028,setup,roleB_syn_corpus_whatif,Role B synthetic corpus — 14-design mean over 6 scenarios (NOT this chip),predictions.csv,1.1,False,VALIDATED
612,g_chan[1].u_cdc_chw.mem[3][12]$_DFFE_PP_,clk_core,3.96,1.39,0.019332931626971778,3.940667068373028,setup,roleB_syn_corpus_whatif,Role B synthetic corpus — 14-design mean over 6 scenarios (NOT this chip),predictions.csv,1.1,False,VALIDATED
613,g_chan[1].u_cdc_chw.mem[5][12]$_DFFE_PP_,clk_core,3.96,1.39,0.019332931626971778,3.940667068373028,setup,roleB_syn_corpus_whatif,Role B synthetic corpus — 14-design mean over 6 scenarios (NOT this chip),predictions.csv,1.1,False,VALIDATED
616,g_chan[1].u_cdc_chw.mem[1][12]$_DFFE_PP_,clk_core,3.96,1.39,0.019332931626971778,3.940667068373028,setup,roleB_syn_corpus_whatif,Role B synthetic corpus — 14-design mean over 6 scenarios (NOT this chip),predictions.csv,1.1,False,VALIDATED
609,g_chan[1].u_cdc_chw.mem[4][12]$_DFFE_PP_,clk_core,3.96,1.39,0.019332931626971778,3.940667068373028,setup,roleB_syn_corpus_whatif,Role B synthetic corpus — 14-design mean over 6 scenarios (NOT this chip),predictions.csv,1.1,False,VALIDATED
619,g_chan[1].u_cdc_chw.mem[0][12]$_DFFE_PP_,clk_core,3.96,1.39,0.019284826476466635,3.9407151735235333,setup,roleB_syn_corpus_whatif,Role B synthetic corpus — 14-design mean over 6 scenarios (NOT this chip),predictions.csv,1.1,False,VALIDATED
608,g_chan[1].u_cdc_chw.mem[6][12]$_DFFE_PP_,clk_core,3.96,1.39,0.019284826476466635,3.9407151735235333,setup,roleB_syn_corpus_whatif,Role B synthetic corpus — 14-design mean over 6 scenarios (NOT this chip),predictions.csv,1.1,False,VALIDATED
634,g_chan[1].u_cdc_chw.mem[9][23]$_DFFE_PP_,clk_core,3.96,1.4,0.0181271324591631,3.941872867540837,setup,roleB_syn_corpus_whatif,Role B synthetic corpus — 14-design mean over 6 scenarios (NOT this chip),predictions.csv,1.1,False,VALIDATED
618,g_chan[1].u_cdc_chw.mem[8][23]$_DFFE_PP_,clk_core,3.96,1.4,0.01812554987832568,3.9418744501216745,setup,roleB_syn_corpus_whatif,Role B synthetic corpus — 14-design mean over 6 scenarios (NOT this chip),predictions.csv,1.1,False,VALIDATED
617,g_chan[1].u_cdc_chw.mem[13][23]$_DFFE_PP_,clk_core,3.96,1.4,0.01812554987832568,3.9418744501216745,setup,roleB_syn_corpus_whatif,Role B synthetic corpus — 14-design mean over 6 scenarios (NOT this chip),predictions.csv,1.1,False,VALIDATED
620,g_chan[1].u_cdc_chw.mem[12][23]$_DFFE_PP_,clk_core,3.96,1.4,0.01812554987832568,3.9418744501216745,setup,roleB_syn_corpus_whatif,Role B synthetic corpus — 14-design mean over 6 scenarios (NOT this chip),predictions.csv,1.1,False,VALIDATED
621,g_chan[1].u_cdc_chw.mem[5][23]$_DFFE_PP_,clk_core,3.96,1.39,0.018064138122805995,3.941935861877194,setup,roleB_syn_corpus_whatif,Role B synthetic corpus — 14-design mean over 6 scenarios (NOT this chip),predictions.csv,1.1,False,VALIDATED
633,g_chan[1].u_cdc_chw.mem[2][23]$_DFFE_PP_,clk_core,3.96,1.39,0.018064138122805995,3.941935861877194,setup,roleB_syn_corpus_whatif,Role B synthetic corpus — 14-design mean over 6 scenarios (NOT this chip),predictions.csv,1.1,False,VALIDATED
629,g_chan[1].u_cdc_chw.mem[4][23]$_DFFE_PP_,clk_core,3.96,1.39,0.018064138122805995,3.941935861877194,setup,roleB_syn_corpus_whatif,Role B synthetic corpus — 14-design mean over 6 scenarios (NOT this chip),predictions.csv,1.1,False,VALIDATED
632,g_chan[1].u_cdc_chw.mem[3][23]$_DFFE_PP_,clk_core,3.96,1.39,0.018064138122805995,3.941935861877194,setup,roleB_syn_corpus_whatif,Role B synthetic corpus — 14-design mean over 6 scenarios (NOT this chip),predictions.csv,1.1,False,VALIDATED
642,g_chan[1].u_cdc_chw.mem[11][23]$_DFFE_PP_,clk_core,3.96,1.39,0.017997652941597622,3.9420023470584025,setup,roleB_syn_corpus_whatif,Role B synthetic corpus — 14-design mean over 6 scenarios (NOT this chip),predictions.csv,1.1,False,VALIDATED
650,g_chan[1].u_cdc_chw.mem[7][23]$_DFFE_PP_,clk_core,3.96,1.39,0.017997652941597622,3.9420023470584025,setup,roleB_syn_corpus_whatif,Role B synthetic corpus — 14-design mean over 6 scenarios (NOT this chip),predictions.csv,1.1,False,VALIDATED
640,g_chan[1].u_cdc_chw.mem[10][23]$_DFFE_PP_,clk_core,3.96,1.39,0.017987357663541717,3.9420126423364583,setup,roleB_syn_corpus_whatif,Role B synthetic corpus — 14-design mean over 6 scenarios (NOT this chip),predictions.csv,1.1,False,VALIDATED
685,u_dma_fabric.rbeat_data[11]$_DFFE_PN0P_,clk_core,3.97,1.37,0.026308848335461363,3.943691151664539,setup,roleB_syn_corpus_whatif,Role B synthetic corpus — 14-design mean over 6 scenarios (NOT this chip),predictions.csv,1.1,False,VALIDATED
671,g_chan[0].u_cdc_chw.mem[6][19]$_DFFE_PP_,clk_core,3.97,1.39,0.020192603696851635,3.9498073963031484,setup,roleB_syn_corpus_whatif,Role B synthetic corpus — 14-design mean over 6 scenarios (NOT this chip),predictions.csv,1.1,False,VALIDATED
661,g_chan[0].u_cdc_chw.mem[2][19]$_DFFE_PP_,clk_core,3.97,1.39,0.02015751845527025,3.9498424815447297,setup,roleB_syn_corpus_whatif,Role B synthetic corpus — 14-design mean over 6 scenarios (NOT this chip),predictions.csv,1.1,False,VALIDATED
672,g_chan[0].u_cdc_chw.mem[7][19]$_DFFE_PP_,clk_core,3.97,1.39,0.02015751845527025,3.9498424815447297,setup,roleB_syn_corpus_whatif,Role B synthetic corpus — 14-design mean over 6 scenarios (NOT this chip),predictions.csv,1.1,False,VALIDATED
666,g_chan[0].u_cdc_chw.mem[3][19]$_DFFE_PP_,clk_core,3.97,1.39,0.02015751845527025,3.9498424815447297,setup,roleB_syn_corpus_whatif,Role B synthetic corpus — 14-design mean over 6 scenarios (NOT this chip),predictions.csv,1.1,False,VALIDATED
663,g_chan[0].u_cdc_chw.mem[1][19]$_DFFE_PP_,clk_core,3.97,1.39,0.020122433213688867,3.9498775667863115,setup,roleB_syn_corpus_whatif,Role B synthetic corpus — 14-design mean over 6 scenarios (NOT this chip),predictions.csv,1.1,False,VALIDATED
667,g_chan[0].u_cdc_chw.mem[10][19]$_DFFE_PP_,clk_core,3.97,1.39,0.020122433213688867,3.9498775667863115,setup,roleB_syn_corpus_whatif,Role B synthetic corpus — 14-design mean over 6 scenarios (NOT this chip),predictions.csv,1.1,False,VALIDATED
677,g_chan[0].u_cdc_chw.mem[15][19]$_DFFE_PP_,clk_core,3.97,1.39,0.020122433213688867,3.9498775667863115,setup,roleB_syn_corpus_whatif,Role B synthetic corpus — 14-design mean over 6 scenarios (NOT this chip),predictions.csv,1.1,False,VALIDATED
664,g_chan[0].u_cdc_chw.mem[0][19]$_DFFE_PP_,clk_core,3.97,1.39,0.020122433213688867,3.9498775667863115,setup,roleB_syn_corpus_whatif,Role B synthetic corpus — 14-design mean over 6 scenarios (NOT this chip),predictions.csv,1.1,False,VALIDATED
662,g_chan[0].u_cdc_chw.mem[11][19]$_DFFE_PP_,clk_core,3.97,1.39,0.020122433213688867,3.9498775667863115,setup,roleB_syn_corpus_whatif,Role B synthetic corpus — 14-design mean over 6 scenarios (NOT this chip),predictions.csv,1.1,False,VALIDATED
669,g_chan[0].u_cdc_chw.mem[5][19]$_DFFE_PP_,clk_core,3.97,1.39,0.020122433213688867,3.9498775667863115,setup,roleB_syn_corpus_whatif,Role B synthetic corpus — 14-design mean over 6 scenarios (NOT this chip),predictions.csv,1.1,False,VALIDATED
668,g_chan[0].u_cdc_chw.mem[4][19]$_DFFE_PP_,clk_core,3.97,1.39,0.020122433213688867,3.9498775667863115,setup,roleB_syn_corpus_whatif,Role B synthetic corpus — 14-design mean over 6 scenarios (NOT this chip),predictions.csv,1.1,False,VALIDATED
670,g_chan[0].u_cdc_chw.mem[9][19]$_DFFE_PP_,clk_core,3.97,1.39,0.020122433213688867,3.9498775667863115,setup,roleB_syn_corpus_whatif,Role B synthetic corpus — 14-design mean over 6 scenarios (NOT this chip),predictions.csv,1.1,False,VALIDATED
665,g_chan[0].u_cdc_chw.mem[8][19]$_DFFE_PP_,clk_core,3.97,1.39,0.020103053022632364,3.949896946977368,setup,roleB_syn_corpus_whatif,Role B synthetic corpus — 14-design mean over 6 scenarios (NOT this chip),predictions.csv,1.1,False,VALIDATED
676,g_chan[0].u_cdc_chw.mem[14][19]$_DFFE_PP_,clk_core,3.97,1.39,0.020103053022632364,3.949896946977368,setup,roleB_syn_corpus_whatif,Role B synthetic corpus — 14-design mean over 6 scenarios (NOT this chip),predictions.csv,1.1,False,VALIDATED
678,g_chan[0].u_cdc_chw.mem[13][19]$_DFFE_PP_,clk_core,3.97,1.39,0.02008367283157586,3.9499163271684243,setup,roleB_syn_corpus_whatif,Role B synthetic corpus — 14-design mean over 6 scenarios (NOT this chip),predictions.csv,1.1,False,VALIDATED
680,g_chan[1].u_cdc_chw.mem[0][19]$_DFFE_PP_,clk_core,3.97,1.38,0.018714347989632063,3.9512856520103683,setup,roleB_syn_corpus_whatif,Role B synthetic corpus — 14-design mean over 6 scenarios (NOT this chip),predictions.csv,1.1,False,VALIDATED
679,g_chan[1].u_cdc_chw.mem[1][19]$_DFFE_PP_,clk_core,3.97,1.38,0.018714347989632063,3.9512856520103683,setup,roleB_syn_corpus_whatif,Role B synthetic corpus — 14-design mean over 6 scenarios (NOT this chip),predictions.csv,1.1,False,VALIDATED
682,g_chan[1].u_cdc_chw.mem[4][19]$_DFFE_PP_,clk_core,3.97,1.37,0.01857873677231585,3.9514212632276844,setup,roleB_syn_corpus_whatif,Role B synthetic corpus — 14-design mean over 6 scenarios (NOT this chip),predictions.csv,1.1,False,VALIDATED
681,g_chan[1].u_cdc_chw.mem[11][16]$_DFFE_PP_,clk_core,3.97,1.37,0.01856328595017674,3.9514367140498234,setup,roleB_syn_corpus_whatif,Role B synthetic corpus — 14-design mean over 6 scenarios (NOT this chip),predictions.csv,1.1,False,VALIDATED
684,g_chan[1].u_cdc_chw.mem[8][19]$_DFFE_PP_,clk_core,3.97,1.37,0.01847798275244368,3.9515220172475565,setup,roleB_syn_corpus_whatif,Role B synthetic corpus — 14-design mean over 6 scenarios (NOT this chip),predictions.csv,1.1,False,VALIDATED
683,g_chan[1].u_cdc_chw.mem[11][19]$_DFFE_PP_,clk_core,3.97,1.37,0.01847798275244368,3.9515220172475565,setup,roleB_syn_corpus_whatif,Role B synthetic corpus — 14-design mean over 6 scenarios (NOT this chip),predictions.csv,1.1,False,VALIDATED
674,g_chan[1].u_cdc_chw.mem[14][17]$_DFFE_PP_,clk_core,3.97,1.38,0.018377390209458694,3.9516226097905416,setup,roleB_syn_corpus_whatif,Role B synthetic corpus — 14-design mean over 6 scenarios (NOT this chip),predictions.csv,1.1,False,VALIDATED
675,g_chan[1].u_cdc_chw.mem[15][17]$_DFFE_PP_,clk_core,3.97,1.38,0.018377390209458694,3.9516226097905416,setup,roleB_syn_corpus_whatif,Role B synthetic corpus — 14-design mean over 6 scenarios (NOT this chip),predictions.csv,1.1,False,VALIDATED
673,c_cmd_len[15]$_DFFE_PN0N_,clk_core,3.97,1.4,0.016053474691257258,3.953946525308743,setup,roleB_syn_corpus_whatif,Role B synthetic corpus — 14-design mean over 6 scenarios (NOT this chip),predictions.csv,1.1,False,VALIDATED
688,g_chan[1].u_cdc_chw.mem[2][16]$_DFFE_PP_,clk_core,3.98,1.38,0.01904930845982214,3.960950691540178,setup,roleB_syn_corpus_whatif,Role B synthetic corpus — 14-design mean over 6 scenarios (NOT this chip),predictions.csv,1.1,False,VALIDATED
691,g_chan[1].u_cdc_chw.mem[0][16]$_DFFE_PP_,clk_core,3.98,1.38,0.018976022388286162,3.9610239776117138,setup,roleB_syn_corpus_whatif,Role B synthetic corpus — 14-design mean over 6 scenarios (NOT this chip),predictions.csv,1.1,False,VALIDATED
687,g_chan[1].u_cdc_chw.mem[3][16]$_DFFE_PP_,clk_core,3.98,1.38,0.018976022388286162,3.9610239776117138,setup,roleB_syn_corpus_whatif,Role B synthetic corpus — 14-design mean over 6 scenarios (NOT this chip),predictions.csv,1.1,False,VALIDATED
702,g_chan[1].u_cdc_chw.mem[7][16]$_DFFE_PP_,clk_core,3.98,1.38,0.018972533739172515,3.9610274662608274,setup,roleB_syn_corpus_whatif,Role B synthetic corpus — 14-design mean over 6 scenarios (NOT this chip),predictions.csv,1.1,False,VALIDATED
695,g_chan[1].u_cdc_chw.mem[1][16]$_DFFE_PP_,clk_core,3.98,1.38,0.018972533739172515,3.9610274662608274,setup,roleB_syn_corpus_whatif,Role B synthetic corpus — 14-design mean over 6 scenarios (NOT this chip),predictions.csv,1.1,False,VALIDATED
700,g_chan[1].u_cdc_chw.mem[6][16]$_DFFE_PP_,clk_core,3.98,1.38,0.018972533739172515,3.9610274662608274,setup,roleB_syn_corpus_whatif,Role B synthetic corpus — 14-design mean over 6 scenarios (NOT this chip),predictions.csv,1.1,False,VALIDATED
701,g_chan[1].u_cdc_chw.mem[7][19]$_DFFE_PP_,clk_core,3.98,1.38,0.01889009653947478,3.961109903460525,setup,roleB_syn_corpus_whatif,Role B synthetic corpus — 14-design mean over 6 scenarios (NOT this chip),predictions.csv,1.1,False,VALIDATED
698,g_chan[1].u_cdc_chw.mem[6][19]$_DFFE_PP_,clk_core,3.98,1.38,0.01889009653947478,3.961109903460525,setup,roleB_syn_corpus_whatif,Role B synthetic corpus — 14-design mean over 6 scenarios (NOT this chip),predictions.csv,1.1,False,VALIDATED
696,g_chan[1].u_cdc_chw.mem[3][19]$_DFFE_PP_,clk_core,3.98,1.38,0.018886607890361132,3.9611133921096386,setup,roleB_syn_corpus_whatif,Role B synthetic corpus — 14-design mean over 6 scenarios (NOT this chip),predictions.csv,1.1,False,VALIDATED
693,g_chan[1].u_cdc_chw.mem[2][19]$_DFFE_PP_,clk_core,3.98,1.38,0.018837776355245903,3.961162223644754,setup,roleB_syn_corpus_whatif,Role B synthetic corpus — 14-design mean over 6 scenarios (NOT this chip),predictions.csv,1.1,False,VALIDATED
686,g_chan[1].u_cdc_chw.mem[4][16]$_DFFE_PP_,clk_core,3.98,1.38,0.018800273838443446,3.9611997261615564,setup,roleB_syn_corpus_whatif,Role B synthetic corpus — 14-design mean over 6 scenarios (NOT this chip),predictions.csv,1.1,False,VALIDATED
689,g_chan[1].u_cdc_chw.mem[5][16]$_DFFE_PP_,clk_core,3.98,1.38,0.018800273838443446,3.9611997261615564,setup,roleB_syn_corpus_whatif,Role B synthetic corpus — 14-design mean over 6 scenarios (NOT this chip),predictions.csv,1.1,False,VALIDATED
694,g_chan[1].u_cdc_chw.mem[8][16]$_DFFE_PP_,clk_core,3.98,1.38,0.018749529113106372,3.9612504708868936,setup,roleB_syn_corpus_whatif,Role B synthetic corpus — 14-design mean over 6 scenarios (NOT this chip),predictions.csv,1.1,False,VALIDATED
690,g_chan[1].u_cdc_chw.mem[9][16]$_DFFE_PP_,clk_core,3.98,1.38,0.018749529113106372,3.9612504708868936,setup,roleB_syn_corpus_whatif,Role B synthetic corpus — 14-design mean over 6 scenarios (NOT this chip),predictions.csv,1.1,False,VALIDATED
692,g_chan[1].u_cdc_chw.mem[5][19]$_DFFE_PP_,clk_core,3.98,1.38,0.018714347989632063,3.961285652010368,setup,roleB_syn_corpus_whatif,Role B synthetic corpus — 14-design mean over 6 scenarios (NOT this chip),predictions.csv,1.1,False,VALIDATED
699,g_chan[1].u_cdc_chw.mem[9][19]$_DFFE_PP_,clk_core,3.98,1.37,0.018473867454312842,3.961526132545687,setup,roleB_syn_corpus_whatif,Role B synthetic corpus — 14-design mean over 6 scenarios (NOT this chip),predictions.csv,1.1,False,VALIDATED
705,u_dma_fabric.rbeat_data[25]$_DFFE_PN0P_,clk_core,3.99,1.35,0.02625860012965113,3.963741399870349,setup,roleB_syn_corpus_whatif,Role B synthetic corpus — 14-design mean over 6 scenarios (NOT this chip),predictions.csv,1.1,False,VALIDATED
697,c_cmd_opcode[5]$_DFFE_PN0N_,clk_core,3.98,1.39,0.015982576120043626,3.964017423879956,setup,roleB_syn_corpus_whatif,Role B synthetic corpus — 14-design mean over 6 scenarios (NOT this chip),predictions.csv,1.1,False,VALIDATED
703,c_cmd_addr[14]$_DFFE_PN0N_,clk_core,3.98,1.38,0.015568758787480805,3.964431241212519,setup,roleB_syn_corpus_whatif,Role B synthetic corpus — 14-design mean over 6 scenarios (NOT this chip),predictions.csv,1.1,False,VALIDATED
709,u_dma_fabric.rbeat_data[9]$_DFFE_PN0P_,clk_core,4.0,1.34,0.02729039509455433,3.972709604905446,setup,roleB_syn_corpus_whatif,Role B synthetic corpus — 14-design mean over 6 scenarios (NOT this chip),predictions.csv,1.1,False,VALIDATED
707,u_dma_fabric.rbeat_data[31]$_DFFE_PN0P_,clk_core,4.0,1.35,0.026825406414046016,3.973174593585954,setup,roleB_syn_corpus_whatif,Role B synthetic corpus — 14-design mean over 6 scenarios (NOT this chip),predictions.csv,1.1,False,VALIDATED
704,c_cmd_addr[19]$_DFFE_PN0N_,clk_core,3.99,1.38,0.01565397774932316,3.974346022250677,setup,roleB_syn_corpus_whatif,Role B synthetic corpus — 14-design mean over 6 scenarios (NOT this chip),predictions.csv,1.1,False,VALIDATED
710,u_dma_fabric.rbeat_data[22]$_DFFE_PN0P_,clk_core,4.01,1.34,0.026787806812842985,3.983212193187157,setup,roleB_syn_corpus_whatif,Role B synthetic corpus — 14-design mean over 6 scenarios (NOT this chip),predictions.csv,1.1,False,VALIDATED
711,u_dma_fabric.rbeat_data[15]$_DFFE_PN0P_,clk_core,4.01,1.33,0.026736094447811914,3.983263905552188,setup,roleB_syn_corpus_whatif,Role B synthetic corpus — 14-design mean over 6 scenarios (NOT this chip),predictions.csv,1.1,False,VALIDATED
708,c_cmd_len[25]$_DFFE_PN0N_,clk_core,4.0,1.37,0.0157400124545079,3.9842599875454923,setup,roleB_syn_corpus_whatif,Role B synthetic corpus — 14-design mean over 6 scenarios (NOT this chip),predictions.csv,1.1,False,VALIDATED
706,c_cmd_len[12]$_DFFE_PN0N_,clk_core,4.0,1.37,0.01570754372548404,3.984292456274516,setup,roleB_syn_corpus_whatif,Role B synthetic corpus — 14-design mean over 6 scenarios (NOT this chip),predictions.csv,1.1,False,VALIDATED
714,u_dma_fabric.rbeat_data[24]$_DFFE_PN0P_,clk_core,4.01,1.33,0.02564518224755044,3.9843548177524495,setup,roleB_syn_corpus_whatif,Role B synthetic corpus — 14-design mean over 6 scenarios (NOT this chip),predictions.csv,1.1,False,VALIDATED
712,u_dma_fabric.rbeat_data[6]$_DFFE_PN0P_,clk_core,4.01,1.33,0.025526454587025585,3.9844735454129743,setup,roleB_syn_corpus_whatif,Role B synthetic corpus — 14-design mean over 6 scenarios (NOT this chip),predictions.csv,1.1,False,VALIDATED
713,c_cmd_len[6]$_DFFE_PN0N_,clk_core,4.01,1.35,0.015485494790587737,3.994514505209412,setup,roleB_syn_corpus_whatif,Role B synthetic corpus — 14-design mean over 6 scenarios (NOT this chip),predictions.csv,1.1,False,VALIDATED
732,g_chan[0].u_cdc_chw.mem[13][22]$_DFFE_PP_,clk_core,4.02,1.32,0.01883237607622487,4.001167623923775,setup,roleB_syn_corpus_whatif,Role B synthetic corpus — 14-design mean over 6 scenarios (NOT this chip),predictions.csv,1.1,False,VALIDATED
734,g_chan[0].u_cdc_chw.mem[12][22]$_DFFE_PP_,clk_core,4.02,1.32,0.01883237607622487,4.001167623923775,setup,roleB_syn_corpus_whatif,Role B synthetic corpus — 14-design mean over 6 scenarios (NOT this chip),predictions.csv,1.1,False,VALIDATED
733,g_chan[0].u_cdc_chw.mem[0][22]$_DFFE_PP_,clk_core,4.02,1.32,0.018827685170654362,4.001172314829345,setup,roleB_syn_corpus_whatif,Role B synthetic corpus — 14-design mean over 6 scenarios (NOT this chip),predictions.csv,1.1,False,VALIDATED
735,g_chan[0].u_cdc_chw.mem[9][22]$_DFFE_PP_,clk_core,4.02,1.32,0.018827685170654362,4.001172314829345,setup,roleB_syn_corpus_whatif,Role B synthetic corpus — 14-design mean over 6 scenarios (NOT this chip),predictions.csv,1.1,False,VALIDATED
736,g_chan[0].u_cdc_chw.mem[8][22]$_DFFE_PP_,clk_core,4.02,1.32,0.018827685170654362,4.001172314829345,setup,roleB_syn_corpus_whatif,Role B synthetic corpus — 14-design mean over 6 scenarios (NOT this chip),predictions.csv,1.1,False,VALIDATED
739,g_chan[0].u_cdc_chw.mem[2][22]$_DFFE_PP_,clk_core,4.02,1.32,0.018827685170654362,4.001172314829345,setup,roleB_syn_corpus_whatif,Role B synthetic corpus — 14-design mean over 6 scenarios (NOT this chip),predictions.csv,1.1,False,VALIDATED
738,g_chan[0].u_cdc_chw.mem[3][22]$_DFFE_PP_,clk_core,4.02,1.32,0.018827685170654362,4.001172314829345,setup,roleB_syn_corpus_whatif,Role B synthetic corpus — 14-design mean over 6 scenarios (NOT this chip),predictions.csv,1.1,False,VALIDATED
737,g_chan[0].u_cdc_chw.mem[1][22]$_DFFE_PP_,clk_core,4.02,1.32,0.018827685170654362,4.001172314829345,setup,roleB_syn_corpus_whatif,Role B synthetic corpus — 14-design mean over 6 scenarios (NOT this chip),predictions.csv,1.1,False,VALIDATED
740,g_chan[0].u_cdc_chw.mem[10][22]$_DFFE_PP_,clk_core,4.02,1.32,0.01873473812443116,4.001265261875568,setup,roleB_syn_corpus_whatif,Role B synthetic corpus — 14-design mean over 6 scenarios (NOT this chip),predictions.csv,1.1,False,VALIDATED
727,g_chan[1].u_cdc_chw.mem[1][24]$_DFFE_PP_,clk_core,4.02,1.33,0.017338583310913563,4.002661416689086,setup,roleB_syn_corpus_whatif,Role B synthetic corpus — 14-design mean over 6 scenarios (NOT this chip),predictions.csv,1.1,False,VALIDATED
731,g_chan[1].u_cdc_chw.mem[0][24]$_DFFE_PP_,clk_core,4.02,1.33,0.017338583310913563,4.002661416689086,setup,roleB_syn_corpus_whatif,Role B synthetic corpus — 14-design mean over 6 scenarios (NOT this chip),predictions.csv,1.1,False,VALIDATED
730,g_chan[1].u_cdc_chw.mem[5][24]$_DFFE_PP_,clk_core,4.02,1.33,0.01732083656608195,4.002679163433918,setup,roleB_syn_corpus_whatif,Role B synthetic corpus — 14-design mean over 6 scenarios (NOT this chip),predictions.csv,1.1,False,VALIDATED
725,g_chan[1].u_cdc_chw.mem[4][24]$_DFFE_PP_,clk_core,4.02,1.33,0.01732083656608195,4.002679163433918,setup,roleB_syn_corpus_whatif,Role B synthetic corpus — 14-design mean over 6 scenarios (NOT this chip),predictions.csv,1.1,False,VALIDATED
720,g_chan[1].u_cdc_chw.mem[7][24]$_DFFE_PP_,clk_core,4.02,1.33,0.017309894088403652,4.002690105911596,setup,roleB_syn_corpus_whatif,Role B synthetic corpus — 14-design mean over 6 scenarios (NOT this chip),predictions.csv,1.1,False,VALIDATED
722,g_chan[1].u_cdc_chw.mem[6][24]$_DFFE_PP_,clk_core,4.02,1.33,0.017309894088403652,4.002690105911596,setup,roleB_syn_corpus_whatif,Role B synthetic corpus — 14-design mean over 6 scenarios (NOT this chip),predictions.csv,1.1,False,VALIDATED
728,g_chan[1].u_cdc_chw.mem[2][24]$_DFFE_PP_,clk_core,4.02,1.33,0.01730308982125034,4.0026969101787495,setup,roleB_syn_corpus_whatif,Role B synthetic corpus — 14-design mean over 6 scenarios (NOT this chip),predictions.csv,1.1,False,VALIDATED
726,g_chan[1].u_cdc_chw.mem[3][24]$_DFFE_PP_,clk_core,4.02,1.33,0.01730308982125034,4.0026969101787495,setup,roleB_syn_corpus_whatif,Role B synthetic corpus — 14-design mean over 6 scenarios (NOT this chip),predictions.csv,1.1,False,VALIDATED
723,g_chan[1].u_cdc_chw.mem[12][24]$_DFFE_PP_,clk_core,4.02,1.33,0.017296501644358142,4.0027034983556415,setup,roleB_syn_corpus_whatif,Role B synthetic corpus — 14-design mean over 6 scenarios (NOT this chip),predictions.csv,1.1,False,VALIDATED
724,g_chan[1].u_cdc_chw.mem[13][24]$_DFFE_PP_,clk_core,4.02,1.33,0.017296501644358142,4.0027034983556415,setup,roleB_syn_corpus_whatif,Role B synthetic corpus — 14-design mean over 6 scenarios (NOT this chip),predictions.csv,1.1,False,VALIDATED
717,g_chan[1].u_cdc_chw.mem[10][24]$_DFFE_PP_,clk_core,4.02,1.33,0.017274531553461994,4.002725468446537,setup,roleB_syn_corpus_whatif,Role B synthetic corpus — 14-design mean over 6 scenarios (NOT this chip),predictions.csv,1.1,False,VALIDATED
715,g_chan[1].u_cdc_chw.mem[11][24]$_DFFE_PP_,clk_core,4.02,1.33,0.017274531553461994,4.002725468446537,setup,roleB_syn_corpus_whatif,Role B synthetic corpus — 14-design mean over 6 scenarios (NOT this chip),predictions.csv,1.1,False,VALIDATED
719,g_chan[1].u_cdc_chw.mem[8][24]$_DFFE_PP_,clk_core,4.02,1.33,0.017274531553461994,4.002725468446537,setup,roleB_syn_corpus_whatif,Role B synthetic corpus — 14-design mean over 6 scenarios (NOT this chip),predictions.csv,1.1,False,VALIDATED
716,g_chan[1].u_cdc_chw.mem[9][24]$_DFFE_PP_,clk_core,4.02,1.33,0.017274531553461994,4.002725468446537,setup,roleB_syn_corpus_whatif,Role B synthetic corpus — 14-design mean over 6 scenarios (NOT this chip),predictions.csv,1.1,False,VALIDATED
721,g_chan[1].u_cdc_chw.mem[14][24]$_DFFE_PP_,clk_core,4.02,1.33,0.017255858506368432,4.002744141493631,setup,roleB_syn_corpus_whatif,Role B synthetic corpus — 14-design mean over 6 scenarios (NOT this chip),predictions.csv,1.1,False,VALIDATED
718,g_chan[1].u_cdc_chw.mem[15][24]$_DFFE_PP_,clk_core,4.02,1.33,0.017255858506368432,4.002744141493631,setup,roleB_syn_corpus_whatif,Role B synthetic corpus — 14-design mean over 6 scenarios (NOT this chip),predictions.csv,1.1,False,VALIDATED
729,c_cmd_addr[0]$_DFFE_PN0N_,clk_core,4.02,1.34,0.015417630434842386,4.004582369565157,setup,roleB_syn_corpus_whatif,Role B synthetic corpus — 14-design mean over 6 scenarios (NOT this chip),predictions.csv,1.1,False,VALIDATED
752,u_dma_fabric.rbeat_data[28]$_DFFE_PN0P_,clk_core,4.03,1.31,0.02451931486057886,4.005480685139421,setup,roleB_syn_corpus_whatif,Role B synthetic corpus — 14-design mean over 6 scenarios (NOT this chip),predictions.csv,1.1,False,VALIDATED
741,g_chan[0].u_cdc_chw.mem[14][22]$_DFFE_PP_,clk_core,4.03,1.32,0.01883706698179538,4.011162933018205,setup,roleB_syn_corpus_whatif,Role B synthetic corpus — 14-design mean over 6 scenarios (NOT this chip),predictions.csv,1.1,False,VALIDATED
742,g_chan[0].u_cdc_chw.mem[15][22]$_DFFE_PP_,clk_core,4.03,1.32,0.01883706698179538,4.011162933018205,setup,roleB_syn_corpus_whatif,Role B synthetic corpus — 14-design mean over 6 scenarios (NOT this chip),predictions.csv,1.1,False,VALIDATED
746,g_chan[0].u_cdc_chw.mem[7][22]$_DFFE_PP_,clk_core,4.03,1.32,0.018466239824612984,4.0115337601753875,setup,roleB_syn_corpus_whatif,Role B synthetic corpus — 14-design mean over 6 scenarios (NOT this chip),predictions.csv,1.1,False,VALIDATED
747,g_chan[0].u_cdc_chw.mem[5][22]$_DFFE_PP_,clk_core,4.03,1.32,0.018466239824612984,4.0115337601753875,setup,roleB_syn_corpus_whatif,Role B synthetic corpus — 14-design mean over 6 scenarios (NOT this chip),predictions.csv,1.1,False,VALIDATED
745,g_chan[0].u_cdc_chw.mem[6][22]$_DFFE_PP_,clk_core,4.03,1.32,0.018466239824612984,4.0115337601753875,setup,roleB_syn_corpus_whatif,Role B synthetic corpus — 14-design mean over 6 scenarios (NOT this chip),predictions.csv,1.1,False,VALIDATED
743,g_chan[0].u_cdc_chw.mem[11][22]$_DFFE_PP_,clk_core,4.03,1.32,0.018466239824612984,4.0115337601753875,setup,roleB_syn_corpus_whatif,Role B synthetic corpus — 14-design mean over 6 scenarios (NOT this chip),predictions.csv,1.1,False,VALIDATED
744,g_chan[0].u_cdc_chw.mem[4][22]$_DFFE_PP_,clk_core,4.03,1.32,0.018466239824612984,4.0115337601753875,setup,roleB_syn_corpus_whatif,Role B synthetic corpus — 14-design mean over 6 scenarios (NOT this chip),predictions.csv,1.1,False,VALIDATED
753,g_chan[1].u_cdc_chw.mem[7][22]$_DFFE_PP_,clk_core,4.03,1.31,0.017482597969376526,4.012517402030624,setup,roleB_syn_corpus_whatif,Role B synthetic corpus — 14-design mean over 6 scenarios (NOT this chip),predictions.csv,1.1,False,VALIDATED
754,g_chan[1].u_cdc_chw.mem[3][22]$_DFFE_PP_,clk_core,4.03,1.31,0.017482597969376526,4.012517402030624,setup,roleB_syn_corpus_whatif,Role B synthetic corpus — 14-design mean over 6 scenarios (NOT this chip),predictions.csv,1.1,False,VALIDATED
749,g_chan[1].u_cdc_chw.mem[5][22]$_DFFE_PP_,clk_core,4.03,1.31,0.017430783368311886,4.012569216631689,setup,roleB_syn_corpus_whatif,Role B synthetic corpus — 14-design mean over 6 scenarios (NOT this chip),predictions.csv,1.1,False,VALIDATED
750,g_chan[1].u_cdc_chw.mem[2][22]$_DFFE_PP_,clk_core,4.03,1.31,0.017430783368311886,4.012569216631689,setup,roleB_syn_corpus_whatif,Role B synthetic corpus — 14-design mean over 6 scenarios (NOT this chip),predictions.csv,1.1,False,VALIDATED
751,g_chan[1].u_cdc_chw.mem[4][22]$_DFFE_PP_,clk_core,4.03,1.31,0.017386553562586962,4.012613446437413,setup,roleB_syn_corpus_whatif,Role B synthetic corpus — 14-design mean over 6 scenarios (NOT this chip),predictions.csv,1.1,False,VALIDATED
748,c_cmd_len[3]$_DFFE_PN0N_,clk_core,4.03,1.34,0.015403411561858482,4.014596588438142,setup,roleB_syn_corpus_whatif,Role B synthetic corpus — 14-design mean over 6 scenarios (NOT this chip),predictions.csv,1.1,False,VALIDATED
761,u_dma_fabric.rbeat_data[2]$_DFFE_PN0P_,clk_core,4.04,1.31,0.024164384286269297,4.015835615713731,setup,roleB_syn_corpus_whatif,Role B synthetic corpus — 14-design mean over 6 scenarios (NOT this chip),predictions.csv,1.1,False,VALIDATED
760,u_dma_fabric.rbeat_data[21]$_DFFE_PN0P_,clk_core,4.04,1.3,0.02340693039563843,4.016593069604362,setup,roleB_syn_corpus_whatif,Role B synthetic corpus — 14-design mean over 6 scenarios (NOT this chip),predictions.csv,1.1,False,VALIDATED
757,g_chan[0].u_cdc_chw.mem[4][18]$_DFFE_PP_,clk_core,4.04,1.31,0.018373649033258083,4.021626350966742,setup,roleB_syn_corpus_whatif,Role B synthetic corpus — 14-design mean over 6 scenarios (NOT this chip),predictions.csv,1.1,False,VALIDATED
755,g_chan[0].u_cdc_chw.mem[5][18]$_DFFE_PP_,clk_core,4.04,1.31,0.018373649033258083,4.021626350966742,setup,roleB_syn_corpus_whatif,Role B synthetic corpus — 14-design mean over 6 scenarios (NOT this chip),predictions.csv,1.1,False,VALIDATED
771,g_chan[0].u_cdc_chw.mem[6][18]$_DFFE_PP_,clk_core,4.04,1.31,0.018199427713402466,4.0218005722865975,setup,roleB_syn_corpus_whatif,Role B synthetic corpus — 14-design mean over 6 scenarios (NOT this chip),predictions.csv,1.1,False,VALIDATED
772,g_chan[0].u_cdc_chw.mem[7][18]$_DFFE_PP_,clk_core,4.04,1.31,0.018199427713402466,4.0218005722865975,setup,roleB_syn_corpus_whatif,Role B synthetic corpus — 14-design mean over 6 scenarios (NOT this chip),predictions.csv,1.1,False,VALIDATED
778,g_chan[0].u_cdc_chw.mem[15][18]$_DFFE_PP_,clk_core,4.04,1.31,0.018131863151483088,4.021868136848517,setup,roleB_syn_corpus_whatif,Role B synthetic corpus — 14-design mean over 6 scenarios (NOT this chip),predictions.csv,1.1,False,VALIDATED
776,g_chan[0].u_cdc_chw.mem[11][18]$_DFFE_PP_,clk_core,4.04,1.31,0.018131863151483088,4.021868136848517,setup,roleB_syn_corpus_whatif,Role B synthetic corpus — 14-design mean over 6 scenarios (NOT this chip),predictions.csv,1.1,False,VALIDATED
780,g_chan[0].u_cdc_chw.mem[12][18]$_DFFE_PP_,clk_core,4.04,1.31,0.01806429858956371,4.021935701410436,setup,roleB_syn_corpus_whatif,Role B synthetic corpus — 14-design mean over 6 scenarios (NOT this chip),predictions.csv,1.1,False,VALIDATED
768,g_chan[0].u_cdc_chw.mem[3][18]$_DFFE_PP_,clk_core,4.04,1.31,0.01806429858956371,4.021935701410436,setup,roleB_syn_corpus_whatif,Role B synthetic corpus — 14-design mean over 6 scenarios (NOT this chip),predictions.csv,1.1,False,VALIDATED
779,g_chan[0].u_cdc_chw.mem[13][18]$_DFFE_PP_,clk_core,4.04,1.31,0.01806429858956371,4.021935701410436,setup,roleB_syn_corpus_whatif,Role B synthetic corpus — 14-design mean over 6 scenarios (NOT this chip),predictions.csv,1.1,False,VALIDATED
767,g_chan[0].u_cdc_chw.mem[14][18]$_DFFE_PP_,clk_core,4.04,1.31,0.01806429858956371,4.021935701410436,setup,roleB_syn_corpus_whatif,Role B synthetic corpus — 14-design mean over 6 scenarios (NOT this chip),predictions.csv,1.1,False,VALIDATED
781,g_chan[0].u_cdc_chw.mem[2][18]$_DFFE_PP_,clk_core,4.04,1.31,0.01806429858956371,4.021935701410436,setup,roleB_syn_corpus_whatif,Role B synthetic corpus — 14-design mean over 6 scenarios (NOT this chip),predictions.csv,1.1,False,VALIDATED
784,g_chan[1].u_cdc_chw.mem[12][12]$_DFFE_PP_,clk_core,4.04,1.31,0.018057089728812814,4.021942910271187,setup,roleB_syn_corpus_whatif,Role B synthetic corpus — 14-design mean over 6 scenarios (NOT this chip),predictions.csv,1.1,False,VALIDATED
788,g_chan[0].u_cdc_chw.mem[0][18]$_DFFE_PP_,clk_core,4.04,1.31,0.018055906149839443,4.021944093850161,setup,roleB_syn_corpus_whatif,Role B synthetic corpus — 14-design mean over 6 scenarios (NOT this chip),predictions.csv,1.1,False,VALIDATED
789,g_chan[0].u_cdc_chw.mem[8][18]$_DFFE_PP_,clk_core,4.04,1.31,0.018055906149839443,4.021944093850161,setup,roleB_syn_corpus_whatif,Role B synthetic corpus — 14-design mean over 6 scenarios (NOT this chip),predictions.csv,1.1,False,VALIDATED
777,g_chan[0].u_cdc_chw.mem[9][18]$_DFFE_PP_,clk_core,4.04,1.31,0.018047513710115176,4.0219524862898846,setup,roleB_syn_corpus_whatif,Role B synthetic corpus — 14-design mean over 6 scenarios (NOT this chip),predictions.csv,1.1,False,VALIDATED
786,g_chan[0].u_cdc_chw.mem[10][18]$_DFFE_PP_,clk_core,4.04,1.31,0.018047513710115176,4.0219524862898846,setup,roleB_syn_corpus_whatif,Role B synthetic corpus — 14-design mean over 6 scenarios (NOT this chip),predictions.csv,1.1,False,VALIDATED
790,g_chan[0].u_cdc_chw.mem[1][18]$_DFFE_PP_,clk_core,4.04,1.31,0.018047513710115176,4.0219524862898846,setup,roleB_syn_corpus_whatif,Role B synthetic corpus — 14-design mean over 6 scenarios (NOT this chip),predictions.csv,1.1,False,VALIDATED
787,g_chan[1].u_cdc_chw.mem[13][12]$_DFFE_PP_,clk_core,4.04,1.31,0.017984866522722312,4.022015133477278,setup,roleB_syn_corpus_whatif,Role B synthetic corpus — 14-design mean over 6 scenarios (NOT this chip),predictions.csv,1.1,False,VALIDATED
785,g_chan[1].u_cdc_chw.mem[11][12]$_DFFE_PP_,clk_core,4.04,1.31,0.017963583014296264,4.022036416985704,setup,roleB_syn_corpus_whatif,Role B synthetic corpus — 14-design mean over 6 scenarios (NOT this chip),predictions.csv,1.1,False,VALIDATED
783,g_chan[1].u_cdc_chw.mem[10][12]$_DFFE_PP_,clk_core,4.04,1.31,0.017963583014296264,4.022036416985704,setup,roleB_syn_corpus_whatif,Role B synthetic corpus — 14-design mean over 6 scenarios (NOT this chip),predictions.csv,1.1,False,VALIDATED
791,g_chan[1].u_cdc_chw.mem[14][12]$_DFFE_PP_,clk_core,4.04,1.31,0.01766384034747634,4.022336159652523,setup,roleB_syn_corpus_whatif,Role B synthetic corpus — 14-design mean over 6 scenarios (NOT this chip),predictions.csv,1.1,False,VALIDATED
782,g_chan[1].u_cdc_chw.mem[6][22]$_DFFE_PP_,clk_core,4.04,1.31,0.017566966005984716,4.022433033994015,setup,roleB_syn_corpus_whatif,Role B synthetic corpus — 14-design mean over 6 scenarios (NOT this chip),predictions.csv,1.1,False,VALIDATED
792,g_chan[1].u_cdc_chw.mem[15][12]$_DFFE_PP_,clk_core,4.04,1.3,0.017529001871541314,4.022470998128458,setup,roleB_syn_corpus_whatif,Role B synthetic corpus — 14-design mean over 6 scenarios (NOT this chip),predictions.csv,1.1,False,VALIDATED
759,g_chan[1].u_cdc_chw.mem[0][22]$_DFFE_PP_,clk_core,4.04,1.31,0.017386553562586962,4.022613446437413,setup,roleB_syn_corpus_whatif,Role B synthetic corpus — 14-design mean over 6 scenarios (NOT this chip),predictions.csv,1.1,False,VALIDATED
758,g_chan[1].u_cdc_chw.mem[1][22]$_DFFE_PP_,clk_core,4.04,1.31,0.01734094366409572,4.022659056335904,setup,roleB_syn_corpus_whatif,Role B synthetic corpus — 14-design mean over 6 scenarios (NOT this chip),predictions.csv,1.1,False,VALIDATED
756,g_chan[1].u_cdc_chw.mem[11][22]$_DFFE_PP_,clk_core,4.04,1.31,0.017312701558431995,4.022687298441568,setup,roleB_syn_corpus_whatif,Role B synthetic corpus — 14-design mean over 6 scenarios (NOT this chip),predictions.csv,1.1,False,VALIDATED
766,g_chan[1].u_cdc_chw.mem[7][25]$_DFFE_PP_,clk_core,4.04,1.31,0.017088655817198803,4.022911344182801,setup,roleB_syn_corpus_whatif,Role B synthetic corpus — 14-design mean over 6 scenarios (NOT this chip),predictions.csv,1.1,False,VALIDATED
775,g_chan[1].u_cdc_chw.mem[6][25]$_DFFE_PP_,clk_core,4.04,1.31,0.017088655817198803,4.022911344182801,setup,roleB_syn_corpus_whatif,Role B synthetic corpus — 14-design mean over 6 scenarios (NOT this chip),predictions.csv,1.1,False,VALIDATED
774,g_chan[1].u_cdc_chw.mem[5][25]$_DFFE_PP_,clk_core,4.04,1.31,0.017088655817198803,4.022911344182801,setup,roleB_syn_corpus_whatif,Role B synthetic corpus — 14-design mean over 6 scenarios (NOT this chip),predictions.csv,1.1,False,VALIDATED
769,g_chan[1].u_cdc_chw.mem[4][25]$_DFFE_PP_,clk_core,4.04,1.31,0.017088655817198803,4.022911344182801,setup,roleB_syn_corpus_whatif,Role B synthetic corpus — 14-design mean over 6 scenarios (NOT this chip),predictions.csv,1.1,False,VALIDATED
770,g_chan[1].u_cdc_chw.mem[9][25]$_DFFE_PP_,clk_core,4.04,1.31,0.017074437491215108,4.022925562508785,setup,roleB_syn_corpus_whatif,Role B synthetic corpus — 14-design mean over 6 scenarios (NOT this chip),predictions.csv,1.1,False,VALIDATED
773,g_chan[1].u_cdc_chw.mem[11][25]$_DFFE_PP_,clk_core,4.04,1.31,0.017074437491215108,4.022925562508785,setup,roleB_syn_corpus_whatif,Role B synthetic corpus — 14-design mean over 6 scenarios (NOT this chip),predictions.csv,1.1,False,VALIDATED
762,g_chan[1].u_cdc_chw.mem[3][25]$_DFFE_PP_,clk_core,4.04,1.31,0.017074437491215108,4.022925562508785,setup,roleB_syn_corpus_whatif,Role B synthetic corpus — 14-design mean over 6 scenarios (NOT this chip),predictions.csv,1.1,False,VALIDATED
765,g_chan[1].u_cdc_chw.mem[0][25]$_DFFE_PP_,clk_core,4.04,1.31,0.017074437491215108,4.022925562508785,setup,roleB_syn_corpus_whatif,Role B synthetic corpus — 14-design mean over 6 scenarios (NOT this chip),predictions.csv,1.1,False,VALIDATED
764,g_chan[1].u_cdc_chw.mem[2][25]$_DFFE_PP_,clk_core,4.04,1.31,0.017074437491215108,4.022925562508785,setup,roleB_syn_corpus_whatif,Role B synthetic corpus — 14-design mean over 6 scenarios (NOT this chip),predictions.csv,1.1,False,VALIDATED
763,g_chan[1].u_cdc_chw.mem[10][25]$_DFFE_PP_,clk_core,4.04,1.31,0.01706082222443718,4.022939177775563,setup,roleB_syn_corpus_whatif,Role B synthetic corpus — 14-design mean over 6 scenarios (NOT this chip),predictions.csv,1.1,False,VALIDATED
793,c_cmd_addr[25]$_DFFE_PN0N_,clk_core,4.04,1.32,0.015215659966484857,4.0247843400335155,setup,roleB_syn_corpus_whatif,Role B synthetic corpus — 14-design mean over 6 scenarios (NOT this chip),predictions.csv,1.1,False,VALIDATED
797,u_dma_fabric.rbeat_data[1]$_DFFE_PN0P_,clk_core,4.05,1.3,0.0228706411069583,4.027129358893042,setup,roleB_syn_corpus_whatif,Role B synthetic corpus — 14-design mean over 6 scenarios (NOT this chip),predictions.csv,1.1,False,VALIDATED
799,g_chan[1].u_cdc_chw.mem[9][12]$_DFFE_PP_,clk_core,4.05,1.31,0.01774565851426632,4.032254341485734,setup,roleB_syn_corpus_whatif,Role B synthetic corpus — 14-design mean over 6 scenarios (NOT this chip),predictions.csv,1.1,False,VALIDATED
794,g_chan[1].u_cdc_chw.mem[9][18]$_DFFE_PP_,clk_core,4.05,1.3,0.016908343385772878,4.033091656614227,setup,roleB_syn_corpus_whatif,Role B synthetic corpus — 14-design mean over 6 scenarios (NOT this chip),predictions.csv,1.1,False,VALIDATED
800,g_chan[1].u_cdc_chw.mem[12][18]$_DFFE_PP_,clk_core,4.05,1.3,0.016899125869324308,4.0331008741306755,setup,roleB_syn_corpus_whatif,Role B synthetic corpus — 14-design mean over 6 scenarios (NOT this chip),predictions.csv,1.1,False,VALIDATED
798,g_chan[1].u_cdc_chw.mem[10][18]$_DFFE_PP_,clk_core,4.05,1.3,0.016899125869324308,4.0331008741306755,setup,roleB_syn_corpus_whatif,Role B synthetic corpus — 14-design mean over 6 scenarios (NOT this chip),predictions.csv,1.1,False,VALIDATED
796,g_chan[1].u_cdc_chw.mem[13][18]$_DFFE_PP_,clk_core,4.05,1.3,0.01687765134438822,4.033122348655612,setup,roleB_syn_corpus_whatif,Role B synthetic corpus — 14-design mean over 6 scenarios (NOT this chip),predictions.csv,1.1,False,VALIDATED
795,g_chan[1].u_cdc_chw.mem[8][18]$_DFFE_PP_,clk_core,4.05,1.3,0.01687765134438822,4.033122348655612,setup,roleB_syn_corpus_whatif,Role B synthetic corpus — 14-design mean over 6 scenarios (NOT this chip),predictions.csv,1.1,False,VALIDATED
7,g_chan[0].u_cdc_chr.rq1_wgray[1]$_DFF_PN0_,clk_core,4.17,1.25,0.017392695680505846,4.152607304319494,recovery,roleB_syn_corpus_whatif,Role B synthetic corpus — 14-design mean over 6 scenarios (NOT this chip),predictions.csv,1.1,False,VALIDATED
6,g_chan[0].u_cdc_chr.rq1_wgray[4]$_DFF_PN0_,clk_core,4.17,1.25,0.017392695680505846,4.152607304319494,recovery,roleB_syn_corpus_whatif,Role B synthetic corpus — 14-design mean over 6 scenarios (NOT this chip),predictions.csv,1.1,False,VALIDATED
18,g_chan[0].u_cdc_chr.rbin[0]$_DFF_PN0_,clk_core,4.17,1.25,0.017392695680505846,4.152607304319494,recovery,roleB_syn_corpus_whatif,Role B synthetic corpus — 14-design mean over 6 scenarios (NOT this chip),predictions.csv,1.1,False,VALIDATED
0,g_chan[0].u_cdc_chr.rq1_wgray[0]$_DFF_PN0_,clk_core,4.17,1.25,0.017392695680505846,4.152607304319494,recovery,roleB_syn_corpus_whatif,Role B synthetic corpus — 14-design mean over 6 scenarios (NOT this chip),predictions.csv,1.1,False,VALIDATED
17,g_chan[0].u_cdc_chr.rbin[2]$_DFF_PN0_,clk_core,4.17,1.25,0.017392695680505846,4.152607304319494,recovery,roleB_syn_corpus_whatif,Role B synthetic corpus — 14-design mean over 6 scenarios (NOT this chip),predictions.csv,1.1,False,VALIDATED
20,u_dma_fabric.rbeat_data[10]$_DFFE_PN0P_,clk_core,4.17,1.25,0.017392695680505846,4.152607304319494,recovery,roleB_syn_corpus_whatif,Role B synthetic corpus — 14-design mean over 6 scenarios (NOT this chip),predictions.csv,1.1,False,VALIDATED
19,u_dma_fabric.rbeat_data[15]$_DFFE_PN0P_,clk_core,4.17,1.25,0.017392695680505846,4.152607304319494,recovery,roleB_syn_corpus_whatif,Role B synthetic corpus — 14-design mean over 6 scenarios (NOT this chip),predictions.csv,1.1,False,VALIDATED
1,g_chan[0].u_cdc_chr.rq2_wgray[0]$_DFF_PN0_,clk_core,4.17,1.25,0.017392695680505846,4.152607304319494,recovery,roleB_syn_corpus_whatif,Role B synthetic corpus — 14-design mean over 6 scenarios (NOT this chip),predictions.csv,1.1,False,VALIDATED
4,g_chan[0].u_cdc_chr.rq1_wgray[2]$_DFF_PN0_,clk_core,4.17,1.25,0.017392695680505846,4.152607304319494,recovery,roleB_syn_corpus_whatif,Role B synthetic corpus — 14-design mean over 6 scenarios (NOT this chip),predictions.csv,1.1,False,VALIDATED
15,g_chan[0].u_cdc_chr.rbin[3]$_DFF_PN0_,clk_core,4.17,1.25,0.017392695680505846,4.152607304319494,recovery,roleB_syn_corpus_whatif,Role B synthetic corpus — 14-design mean over 6 scenarios (NOT this chip),predictions.csv,1.1,False,VALIDATED
16,g_chan[0].u_cdc_chr.rbin[1]$_DFF_PN0_,clk_core,4.17,1.25,0.017392695680505846,4.152607304319494,recovery,roleB_syn_corpus_whatif,Role B synthetic corpus — 14-design mean over 6 scenarios (NOT this chip),predictions.csv,1.1,False,VALIDATED
3,g_chan[0].u_cdc_chr.rq2_wgray[1]$_DFF_PN0_,clk_core,4.17,1.25,0.017392695680505846,4.152607304319494,recovery,roleB_syn_corpus_whatif,Role B synthetic corpus — 14-design mean over 6 scenarios (NOT this chip),predictions.csv,1.1,False,VALIDATED
5,g_chan[0].u_cdc_chr.rq1_wgray[3]$_DFF_PN0_,clk_core,4.17,1.25,0.017392695680505846,4.152607304319494,recovery,roleB_syn_corpus_whatif,Role B synthetic corpus — 14-design mean over 6 scenarios (NOT this chip),predictions.csv,1.1,False,VALIDATED
2,g_chan[0].u_cdc_chr.rgray[0]$_DFF_PN0_,clk_core,4.17,1.25,0.017392695680505846,4.152607304319494,recovery,roleB_syn_corpus_whatif,Role B synthetic corpus — 14-design mean over 6 scenarios (NOT this chip),predictions.csv,1.1,False,VALIDATED
8,g_chan[0].u_cdc_chr.rgray[1]$_DFF_PN0_,clk_core,4.17,1.25,0.017353820557426895,4.152646179442573,recovery,roleB_syn_corpus_whatif,Role B synthetic corpus — 14-design mean over 6 scenarios (NOT this chip),predictions.csv,1.1,False,VALIDATED
9,g_chan[0].u_cdc_chr.rq2_wgray[2]$_DFF_PN0_,clk_core,4.17,1.25,0.017353820557426895,4.152646179442573,recovery,roleB_syn_corpus_whatif,Role B synthetic corpus — 14-design mean over 6 scenarios (NOT this chip),predictions.csv,1.1,False,VALIDATED
14,g_chan[0].u_cdc_chr.rbin[4]$_DFF_PN0_,clk_core,4.17,1.25,0.017353820557426895,4.152646179442573,recovery,roleB_syn_corpus_whatif,Role B synthetic corpus — 14-design mean over 6 scenarios (NOT this chip),predictions.csv,1.1,False,VALIDATED
11,g_chan[0].u_cdc_chr.rgray[2]$_DFF_PN0_,clk_core,4.17,1.25,0.017353820557426895,4.152646179442573,recovery,roleB_syn_corpus_whatif,Role B synthetic corpus — 14-design mean over 6 scenarios (NOT this chip),predictions.csv,1.1,False,VALIDATED
10,g_chan[0].u_cdc_chr.rgray[3]$_DFF_PN0_,clk_core,4.17,1.25,0.017353820557426895,4.152646179442573,recovery,roleB_syn_corpus_whatif,Role B synthetic corpus — 14-design mean over 6 scenarios (NOT this chip),predictions.csv,1.1,False,VALIDATED
12,g_chan[0].u_cdc_chr.rq2_wgray[3]$_DFF_PN0_,clk_core,4.17,1.25,0.017353820557426895,4.152646179442573,recovery,roleB_syn_corpus_whatif,Role B synthetic corpus — 14-design mean over 6 scenarios (NOT this chip),predictions.csv,1.1,False,VALIDATED
13,g_chan[0].u_cdc_chr.rq2_wgray[4]$_DFF_PN0_,clk_core,4.17,1.25,0.017353820557426895,4.152646179442573,recovery,roleB_syn_corpus_whatif,Role B synthetic corpus — 14-design mean over 6 scenarios (NOT this chip),predictions.csv,1.1,False,VALIDATED
22,u_dma_fabric.rbeat_data[13]$_DFFE_PN0P_,clk_core,4.31,1.12,0.01538911893664776,4.294610881063352,recovery,roleB_syn_corpus_whatif,Role B synthetic corpus — 14-design mean over 6 scenarios (NOT this chip),predictions.csv,1.1,False,VALIDATED
25,u_dma_fabric.rbeat_data[14]$_DFFE_PN0P_,clk_core,4.31,1.12,0.01538911893664776,4.294610881063352,recovery,roleB_syn_corpus_whatif,Role B synthetic corpus — 14-design mean over 6 scenarios (NOT this chip),predictions.csv,1.1,False,VALIDATED
23,u_dma_fabric.rbeat_data[9]$_DFFE_PN0P_,clk_core,4.31,1.12,0.01538911893664776,4.294610881063352,recovery,roleB_syn_corpus_whatif,Role B synthetic corpus — 14-design mean over 6 scenarios (NOT this chip),predictions.csv,1.1,False,VALIDATED
24,u_dma_fabric.rbeat_data[20]$_DFFE_PN0P_,clk_core,4.31,1.12,0.01538911893664776,4.294610881063352,recovery,roleB_syn_corpus_whatif,Role B synthetic corpus — 14-design mean over 6 scenarios (NOT this chip),predictions.csv,1.1,False,VALIDATED
21,u_dma_fabric.rbeat_data[17]$_DFFE_PN0P_,clk_core,4.31,1.12,0.01538911893664776,4.294610881063352,recovery,roleB_syn_corpus_whatif,Role B synthetic corpus — 14-design mean over 6 scenarios (NOT this chip),predictions.csv,1.1,False,VALIDATED
26,u_dma_fabric.rbeat_data[16]$_DFFE_PN0P_,clk_core,4.31,1.11,0.015251716088999105,4.294748283911001,recovery,roleB_syn_corpus_whatif,Role B synthetic corpus — 14-design mean over 6 scenarios (NOT this chip),predictions.csv,1.1,False,VALIDATED
35,u_dma_fabric.rbeat_data[25]$_DFFE_PN0P_,clk_core,4.32,1.11,0.015294359999045798,4.304705640000955,recovery,roleB_syn_corpus_whatif,Role B synthetic corpus — 14-design mean over 6 scenarios (NOT this chip),predictions.csv,1.1,False,VALIDATED
37,u_dma_fabric.rbeat_data[24]$_DFFE_PN0P_,clk_core,4.32,1.11,0.015294359999045798,4.304705640000955,recovery,roleB_syn_corpus_whatif,Role B synthetic corpus — 14-design mean over 6 scenarios (NOT this chip),predictions.csv,1.1,False,VALIDATED
36,u_dma_fabric.rbeat_data[6]$_DFFE_PN0P_,clk_core,4.32,1.11,0.015294359999045798,4.304705640000955,recovery,roleB_syn_corpus_whatif,Role B synthetic corpus — 14-design mean over 6 scenarios (NOT this chip),predictions.csv,1.1,False,VALIDATED
33,u_dma_fabric.rbeat_data[8]$_DFFE_PN0P_,clk_core,4.32,1.11,0.015294359999045798,4.304705640000955,recovery,roleB_syn_corpus_whatif,Role B synthetic corpus — 14-design mean over 6 scenarios (NOT this chip),predictions.csv,1.1,False,VALIDATED
34,u_dma_fabric.rbeat_data[18]$_DFFE_PN0P_,clk_core,4.32,1.11,0.015294359999045798,4.304705640000955,recovery,roleB_syn_corpus_whatif,Role B synthetic corpus — 14-design mean over 6 scenarios (NOT this chip),predictions.csv,1.1,False,VALIDATED
32,u_dma_fabric.rbeat_data[7]$_DFFE_PN0P_,clk_core,4.32,1.11,0.015294359999045798,4.304705640000955,recovery,roleB_syn_corpus_whatif,Role B synthetic corpus — 14-design mean over 6 scenarios (NOT this chip),predictions.csv,1.1,False,VALIDATED
31,u_dma_fabric.rbeat_data[31]$_DFFE_PN0P_,clk_core,4.32,1.11,0.015294359999045798,4.304705640000955,recovery,roleB_syn_corpus_whatif,Role B synthetic corpus — 14-design mean over 6 scenarios (NOT this chip),predictions.csv,1.1,False,VALIDATED
27,u_dma_fabric.rbeat_data[12]$_DFFE_PN0P_,clk_core,4.32,1.11,0.015251716088999105,4.304748283911001,recovery,roleB_syn_corpus_whatif,Role B synthetic corpus — 14-design mean over 6 scenarios (NOT this chip),predictions.csv,1.1,False,VALIDATED
38,u_dma_fabric.rbeat_data[5]$_DFFE_PN0P_,clk_core,4.32,1.11,0.015233798254914943,4.304766201745085,recovery,roleB_syn_corpus_whatif,Role B synthetic corpus — 14-design mean over 6 scenarios (NOT this chip),predictions.csv,1.1,False,VALIDATED
28,u_dma_fabric.rbeat_data[11]$_DFFE_PN0P_,clk_core,4.32,1.11,0.015210337012565696,4.304789662987434,recovery,roleB_syn_corpus_whatif,Role B synthetic corpus — 14-design mean over 6 scenarios (NOT this chip),predictions.csv,1.1,False,VALIDATED
30,u_dma_fabric.rbeat_data[21]$_DFFE_PN0P_,clk_core,4.32,1.11,0.015210337012565696,4.304789662987434,recovery,roleB_syn_corpus_whatif,Role B synthetic corpus — 14-design mean over 6 scenarios (NOT this chip),predictions.csv,1.1,False,VALIDATED
29,u_dma_fabric.rbeat_data[19]$_DFFE_PN0P_,clk_core,4.32,1.11,0.015210337012565696,4.304789662987434,recovery,roleB_syn_corpus_whatif,Role B synthetic corpus — 14-design mean over 6 scenarios (NOT this chip),predictions.csv,1.1,False,VALIDATED
39,u_dma_fabric.rbeat_data[22]$_DFFE_PN0P_,clk_core,4.33,1.11,0.015254609746703937,4.314745390253296,recovery,roleB_syn_corpus_whatif,Role B synthetic corpus — 14-design mean over 6 scenarios (NOT this chip),predictions.csv,1.1,False,VALIDATED
40,u_dma_fabric.rbeat_data[27]$_DFFE_PN0P_,clk_core,4.33,1.11,0.015233798254914943,4.314766201745085,recovery,roleB_syn_corpus_whatif,Role B synthetic corpus — 14-design mean over 6 scenarios (NOT this chip),predictions.csv,1.1,False,VALIDATED
41,u_dma_fabric.rbeat_data[4]$_DFFE_PN0P_,clk_core,4.33,1.1,0.015096556829194946,4.314903443170805,recovery,roleB_syn_corpus_whatif,Role B synthetic corpus — 14-design mean over 6 scenarios (NOT this chip),predictions.csv,1.1,False,VALIDATED
42,g_chan[0].u_cdc_chr.rd_empty$_DFF_PN1_,clk_core,4.33,1.1,0.014830674627356107,4.3151693253726435,recovery,roleB_syn_corpus_whatif,Role B synthetic corpus — 14-design mean over 6 scenarios (NOT this chip),predictions.csv,1.1,False,VALIDATED
44,g_chan[1].u_cdc_chcmd.wq2_rgray[1]$_DFF_PN0_,clk_core,4.37,1.05,0.013975585509732026,4.3560244144902684,recovery,roleB_syn_corpus_whatif,Role B synthetic corpus — 14-design mean over 6 scenarios (NOT this chip),predictions.csv,1.1,False,VALIDATED
43,g_chan[1].u_cdc_chcmd.wq2_rgray[3]$_DFF_PN0_,clk_core,4.37,1.05,0.013975585509732026,4.3560244144902684,recovery,roleB_syn_corpus_whatif,Role B synthetic corpus — 14-design mean over 6 scenarios (NOT this chip),predictions.csv,1.1,False,VALIDATED
45,g_chan[1].u_cdc_chcmd.wq1_rgray[1]$_DFF_PN0_,clk_core,4.38,1.05,0.013975585509732026,4.366024414490268,recovery,roleB_syn_corpus_whatif,Role B synthetic corpus — 14-design mean over 6 scenarios (NOT this chip),predictions.csv,1.1,False,VALIDATED
52,g_chan[1].u_cdc_chcmd.wgray[0]$_DFF_PN0_,clk_core,4.38,1.05,0.013975585509732026,4.366024414490268,recovery,roleB_syn_corpus_whatif,Role B synthetic corpus — 14-design mean over 6 scenarios (NOT this chip),predictions.csv,1.1,False,VALIDATED
46,g_chan[1].u_cdc_chcmd.wq2_rgray[0]$_DFF_PN0_,clk_core,4.38,1.05,0.013975585509732026,4.366024414490268,recovery,roleB_syn_corpus_whatif,Role B synthetic corpus — 14-design mean over 6 scenarios (NOT this chip),predictions.csv,1.1,False,VALIDATED
49,g_chan[1].u_cdc_chcmd.wq1_rgray[3]$_DFF_PN0_,clk_core,4.38,1.05,0.013975585509732026,4.366024414490268,recovery,roleB_syn_corpus_whatif,Role B synthetic corpus — 14-design mean over 6 scenarios (NOT this chip),predictions.csv,1.1,False,VALIDATED
54,g_chan[1].u_cdc_chcmd.wq1_rgray[0]$_DFF_PN0_,clk_core,4.38,1.05,0.013975585509732026,4.366024414490268,recovery,roleB_syn_corpus_whatif,Role B synthetic corpus — 14-design mean over 6 scenarios (NOT this chip),predictions.csv,1.1,False,VALIDATED
61,g_chan[1].u_cdc_chcmd.wq2_rgray[4]$_DFF_PN0_,clk_core,4.38,1.05,0.013975585509732026,4.366024414490268,recovery,roleB_syn_corpus_whatif,Role B synthetic corpus — 14-design mean over 6 scenarios (NOT this chip),predictions.csv,1.1,False,VALIDATED
56,g_chan[1].u_cdc_chcmd.wbin[4]$_DFF_PN0_,clk_core,4.38,1.05,0.013915784405326606,4.3660842155946735,recovery,roleB_syn_corpus_whatif,Role B synthetic corpus — 14-design mean over 6 scenarios (NOT this chip),predictions.csv,1.1,False,VALIDATED
47,g_chan[1].u_cdc_chcmd.wbin[1]$_DFF_PN0_,clk_core,4.38,1.05,0.013915784405326606,4.3660842155946735,recovery,roleB_syn_corpus_whatif,Role B synthetic corpus — 14-design mean over 6 scenarios (NOT this chip),predictions.csv,1.1,False,VALIDATED
55,g_chan[1].u_cdc_chcmd.wq1_rgray[4]$_DFF_PN0_,clk_core,4.38,1.05,0.013915784405326606,4.3660842155946735,recovery,roleB_syn_corpus_whatif,Role B synthetic corpus — 14-design mean over 6 scenarios (NOT this chip),predictions.csv,1.1,False,VALIDATED
57,g_chan[1].u_cdc_chcmd.wr_full$_DFF_PN0_,clk_core,4.38,1.05,0.013915784405326606,4.3660842155946735,recovery,roleB_syn_corpus_whatif,Role B synthetic corpus — 14-design mean over 6 scenarios (NOT this chip),predictions.csv,1.1,False,VALIDATED
48,g_chan[1].u_cdc_chcmd.wbin[0]$_DFF_PN0_,clk_core,4.38,1.05,0.013915784405326606,4.3660842155946735,recovery,roleB_syn_corpus_whatif,Role B synthetic corpus — 14-design mean over 6 scenarios (NOT this chip),predictions.csv,1.1,False,VALIDATED
50,g_chan[1].u_cdc_chcmd.wbin[3]$_DFF_PN0_,clk_core,4.38,1.05,0.013915784405326606,4.3660842155946735,recovery,roleB_syn_corpus_whatif,Role B synthetic corpus — 14-design mean over 6 scenarios (NOT this chip),predictions.csv,1.1,False,VALIDATED
51,g_chan[1].u_cdc_chcmd.wbin[2]$_DFF_PN0_,clk_core,4.38,1.05,0.013915784405326606,4.3660842155946735,recovery,roleB_syn_corpus_whatif,Role B synthetic corpus — 14-design mean over 6 scenarios (NOT this chip),predictions.csv,1.1,False,VALIDATED
53,g_chan[1].u_cdc_chcmd.wgray[1]$_DFF_PN0_,clk_core,4.38,1.05,0.013915784405326606,4.3660842155946735,recovery,roleB_syn_corpus_whatif,Role B synthetic corpus — 14-design mean over 6 scenarios (NOT this chip),predictions.csv,1.1,False,VALIDATED
62,g_chan[1].u_cdc_chcmd.wq2_rgray[2]$_DFF_PN0_,clk_core,4.38,1.04,0.013783253125275875,4.366216746874724,recovery,roleB_syn_corpus_whatif,Role B synthetic corpus — 14-design mean over 6 scenarios (NOT this chip),predictions.csv,1.1,False,VALIDATED
59,g_chan[1].u_cdc_chcmd.wgray[3]$_DFF_PN0_,clk_core,4.38,1.04,0.013783253125275875,4.366216746874724,recovery,roleB_syn_corpus_whatif,Role B synthetic corpus — 14-design mean over 6 scenarios (NOT this chip),predictions.csv,1.1,False,VALIDATED
60,g_chan[1].u_cdc_chcmd.wgray[2]$_DFF_PN0_,clk_core,4.38,1.04,0.013783253125275875,4.366216746874724,recovery,roleB_syn_corpus_whatif,Role B synthetic corpus — 14-design mean over 6 scenarios (NOT this chip),predictions.csv,1.1,False,VALIDATED
58,g_chan[1].u_cdc_chcmd.wq1_rgray[2]$_DFF_PN0_,clk_core,4.38,1.04,0.013783253125275875,4.366216746874724,recovery,roleB_syn_corpus_whatif,Role B synthetic corpus — 14-design mean over 6 scenarios (NOT this chip),predictions.csv,1.1,False,VALIDATED
86,u_cdc_rbeat.wr_full$_DFF_PN0_,clk_core,4.41,1.02,0.01413402852753936,4.39586597147246,recovery,roleB_syn_corpus_whatif,Role B synthetic corpus — 14-design mean over 6 scenarios (NOT this chip),predictions.csv,1.1,False,VALIDATED
83,u_cdc_rbeat.wq1_rgray[4]$_DFF_PN0_,clk_core,4.41,1.02,0.013876521313870842,4.396123478686129,recovery,roleB_syn_corpus_whatif,Role B synthetic corpus — 14-design mean over 6 scenarios (NOT this chip),predictions.csv,1.1,False,VALIDATED
84,u_cdc_rbeat.wq2_rgray[4]$_DFF_PN0_,clk_core,4.41,1.02,0.013876521313870842,4.396123478686129,recovery,roleB_syn_corpus_whatif,Role B synthetic corpus — 14-design mean over 6 scenarios (NOT this chip),predictions.csv,1.1,False,VALIDATED
82,u_cdc_rbeat.wq1_rgray[1]$_DFF_PN0_,clk_core,4.41,1.02,0.013824248285080741,4.396175751714919,recovery,roleB_syn_corpus_whatif,Role B synthetic corpus — 14-design mean over 6 scenarios (NOT this chip),predictions.csv,1.1,False,VALIDATED
79,u_cdc_rbeat.wq2_rgray[1]$_DFF_PN0_,clk_core,4.41,1.02,0.013824248285080741,4.396175751714919,recovery,roleB_syn_corpus_whatif,Role B synthetic corpus — 14-design mean over 6 scenarios (NOT this chip),predictions.csv,1.1,False,VALIDATED
75,u_cdc_rbeat.wgray[0]$_DFF_PN0_,clk_core,4.41,1.02,0.013824248285080741,4.396175751714919,recovery,roleB_syn_corpus_whatif,Role B synthetic corpus — 14-design mean over 6 scenarios (NOT this chip),predictions.csv,1.1,False,VALIDATED
78,u_cdc_rbeat.wq2_rgray[2]$_DFF_PN0_,clk_core,4.41,1.02,0.013824248285080741,4.396175751714919,recovery,roleB_syn_corpus_whatif,Role B synthetic corpus — 14-design mean over 6 scenarios (NOT this chip),predictions.csv,1.1,False,VALIDATED
77,u_cdc_rbeat.wq2_rgray[0]$_DFF_PN0_,clk_core,4.41,1.02,0.013824248285080741,4.396175751714919,recovery,roleB_syn_corpus_whatif,Role B synthetic corpus — 14-design mean over 6 scenarios (NOT this chip),predictions.csv,1.1,False,VALIDATED
76,u_cdc_rbeat.wgray[1]$_DFF_PN0_,clk_core,4.41,1.02,0.013824248285080741,4.396175751714919,recovery,roleB_syn_corpus_whatif,Role B synthetic corpus — 14-design mean over 6 scenarios (NOT this chip),predictions.csv,1.1,False,VALIDATED
71,u_cdc_rbeat.wgray[3]$_DFF_PN0_,clk_core,4.41,1.02,0.013824248285080741,4.396175751714919,recovery,roleB_syn_corpus_whatif,Role B synthetic corpus — 14-design mean over 6 scenarios (NOT this chip),predictions.csv,1.1,False,VALIDATED
70,u_cdc_rbeat.wbin[4]$_DFF_PN0_,clk_core,4.41,1.02,0.013824248285080741,4.396175751714919,recovery,roleB_syn_corpus_whatif,Role B synthetic corpus — 14-design mean over 6 scenarios (NOT this chip),predictions.csv,1.1,False,VALIDATED
69,u_cdc_rbeat.wq2_rgray[3]$_DFF_PN0_,clk_core,4.41,1.02,0.013824248285080741,4.396175751714919,recovery,roleB_syn_corpus_whatif,Role B synthetic corpus — 14-design mean over 6 scenarios (NOT this chip),predictions.csv,1.1,False,VALIDATED
68,u_cdc_rbeat.wq1_rgray[3]$_DFF_PN0_,clk_core,4.41,1.02,0.013824248285080741,4.396175751714919,recovery,roleB_syn_corpus_whatif,Role B synthetic corpus — 14-design mean over 6 scenarios (NOT this chip),predictions.csv,1.1,False,VALIDATED
67,u_cdc_rbeat.wq1_rgray[0]$_DFF_PN0_,clk_core,4.41,1.02,0.013824248285080741,4.396175751714919,recovery,roleB_syn_corpus_whatif,Role B synthetic corpus — 14-design mean over 6 scenarios (NOT this chip),predictions.csv,1.1,False,VALIDATED
74,u_cdc_rbeat.wbin[2]$_DFF_PN0_,clk_core,4.41,1.02,0.013824248285080741,4.396175751714919,recovery,roleB_syn_corpus_whatif,Role B synthetic corpus — 14-design mean over 6 scenarios (NOT this chip),predictions.csv,1.1,False,VALIDATED
73,u_cdc_rbeat.wbin[3]$_DFF_PN0_,clk_core,4.41,1.02,0.013824248285080741,4.396175751714919,recovery,roleB_syn_corpus_whatif,Role B synthetic corpus — 14-design mean over 6 scenarios (NOT this chip),predictions.csv,1.1,False,VALIDATED
72,u_cdc_rbeat.wgray[2]$_DFF_PN0_,clk_core,4.41,1.02,0.013824248285080741,4.396175751714919,recovery,roleB_syn_corpus_whatif,Role B synthetic corpus — 14-design mean over 6 scenarios (NOT this chip),predictions.csv,1.1,False,VALIDATED
81,u_cdc_rbeat.wbin[1]$_DFF_PN0_,clk_core,4.41,1.02,0.013824248285080741,4.396175751714919,recovery,roleB_syn_corpus_whatif,Role B synthetic corpus — 14-design mean over 6 scenarios (NOT this chip),predictions.csv,1.1,False,VALIDATED
80,u_cdc_rbeat.wbin[0]$_DFF_PN0_,clk_core,4.41,1.02,0.013824248285080741,4.396175751714919,recovery,roleB_syn_corpus_whatif,Role B synthetic corpus — 14-design mean over 6 scenarios (NOT this chip),predictions.csv,1.1,False,VALIDATED
85,u_cdc_rbeat.wq1_rgray[2]$_DFF_PN0_,clk_core,4.41,1.02,0.013824248285080741,4.396175751714919,recovery,roleB_syn_corpus_whatif,Role B synthetic corpus — 14-design mean over 6 scenarios (NOT this chip),predictions.csv,1.1,False,VALIDATED
66,u_dma_fabric.rbeat_data[28]$_DFFE_PN0P_,clk_core,4.41,1.02,0.013773618647306439,4.396226381352694,recovery,roleB_syn_corpus_whatif,Role B synthetic corpus — 14-design mean over 6 scenarios (NOT this chip),predictions.csv,1.1,False,VALIDATED
63,u_dma_fabric.rbeat_data[23]$_DFFE_PN0P_,clk_core,4.41,1.02,0.013770273277228268,4.396229726722772,recovery,roleB_syn_corpus_whatif,Role B synthetic corpus — 14-design mean over 6 scenarios (NOT this chip),predictions.csv,1.1,False,VALIDATED
65,u_dma_fabric.rbeat_data[30]$_DFFE_PN0P_,clk_core,4.41,1.02,0.013770273277228268,4.396229726722772,recovery,roleB_syn_corpus_whatif,Role B synthetic corpus — 14-design mean over 6 scenarios (NOT this chip),predictions.csv,1.1,False,VALIDATED
64,u_dma_fabric.rbeat_data[29]$_DFFE_PN0P_,clk_core,4.41,1.02,0.013770273277228268,4.396229726722772,recovery,roleB_syn_corpus_whatif,Role B synthetic corpus — 14-design mean over 6 scenarios (NOT this chip),predictions.csv,1.1,False,VALIDATED
88,u_dma_fabric.rbeat_data[26]$_DFFE_PN0P_,clk_core,4.41,1.02,0.013574105071103584,4.396425894928896,recovery,roleB_syn_corpus_whatif,Role B synthetic corpus — 14-design mean over 6 scenarios (NOT this chip),predictions.csv,1.1,False,VALIDATED
91,u_dma_fabric.rbeat_data[0]$_DFFE_PN0P_,clk_core,4.41,1.02,0.013574105071103584,4.396425894928896,recovery,roleB_syn_corpus_whatif,Role B synthetic corpus — 14-design mean over 6 scenarios (NOT this chip),predictions.csv,1.1,False,VALIDATED
90,u_dma_fabric.rbeat_data[3]$_DFFE_PN0P_,clk_core,4.41,1.02,0.013574105071103584,4.396425894928896,recovery,roleB_syn_corpus_whatif,Role B synthetic corpus — 14-design mean over 6 scenarios (NOT this chip),predictions.csv,1.1,False,VALIDATED
89,u_dma_fabric.rbeat_data[2]$_DFFE_PN0P_,clk_core,4.41,1.02,0.013574105071103584,4.396425894928896,recovery,roleB_syn_corpus_whatif,Role B synthetic corpus — 14-design mean over 6 scenarios (NOT this chip),predictions.csv,1.1,False,VALIDATED
87,u_dma_fabric.rbeat_data[1]$_DFFE_PN0P_,clk_core,4.41,1.02,0.013574105071103584,4.396425894928896,recovery,roleB_syn_corpus_whatif,Role B synthetic corpus — 14-design mean over 6 scenarios (NOT this chip),predictions.csv,1.1,False,VALIDATED
93,u_seq_core.beats_left[22]$_DFFE_PN0P_,clk_core,4.49,0.94,0.011362383496247443,4.478637616503753,recovery,roleB_syn_corpus_whatif,Role B synthetic corpus — 14-design mean over 6 scenarios (NOT this chip),predictions.csv,1.1,False,VALIDATED
95,u_seq_core.beats_left[25]$_DFFE_PN0P_,clk_core,4.49,0.94,0.011362383496247443,4.478637616503753,recovery,roleB_syn_corpus_whatif,Role B synthetic corpus — 14-design mean over 6 scenarios (NOT this chip),predictions.csv,1.1,False,VALIDATED
94,u_seq_core.beats_left[21]$_DFFE_PN0P_,clk_core,4.49,0.94,0.011362383496247443,4.478637616503753,recovery,roleB_syn_corpus_whatif,Role B synthetic corpus — 14-design mean over 6 scenarios (NOT this chip),predictions.csv,1.1,False,VALIDATED
96,u_seq_core.beats_left[26]$_DFFE_PN0P_,clk_core,4.49,0.94,0.011362383496247443,4.478637616503753,recovery,roleB_syn_corpus_whatif,Role B synthetic corpus — 14-design mean over 6 scenarios (NOT this chip),predictions.csv,1.1,False,VALIDATED
97,u_seq_core.beats_left[27]$_DFFE_PN0P_,clk_core,4.49,0.94,0.011362383496247443,4.478637616503753,recovery,roleB_syn_corpus_whatif,Role B synthetic corpus — 14-design mean over 6 scenarios (NOT this chip),predictions.csv,1.1,False,VALIDATED
99,u_seq_core.beats_left[29]$_DFFE_PN0P_,clk_core,4.49,0.94,0.011362383496247443,4.478637616503753,recovery,roleB_syn_corpus_whatif,Role B synthetic corpus — 14-design mean over 6 scenarios (NOT this chip),predictions.csv,1.1,False,VALIDATED
98,u_seq_core.beats_left[30]$_DFFE_PN0P_,clk_core,4.49,0.94,0.011361951072976224,4.478638048927024,recovery,roleB_syn_corpus_whatif,Role B synthetic corpus — 14-design mean over 6 scenarios (NOT this chip),predictions.csv,1.1,False,VALIDATED
92,u_seq_core.beats_left[28]$_DFFE_PN0P_,clk_core,4.49,0.94,0.011352015156838056,4.478647984843162,recovery,roleB_syn_corpus_whatif,Role B synthetic corpus — 14-design mean over 6 scenarios (NOT this chip),predictions.csv,1.1,False,VALIDATED
121,g_chan[1].u_cdc_chw.wq2_rgray[1]$_DFF_PN0_,clk_core,4.5,0.94,0.01164511839900867,4.4883548816009915,recovery,roleB_syn_corpus_whatif,Role B synthetic corpus — 14-design mean over 6 scenarios (NOT this chip),predictions.csv,1.1,False,VALIDATED
119,g_chan[1].u_cdc_chw.wq1_rgray[1]$_DFF_PN0_,clk_core,4.5,0.94,0.011641453482296081,4.488358546517704,recovery,roleB_syn_corpus_whatif,Role B synthetic corpus — 14-design mean over 6 scenarios (NOT this chip),predictions.csv,1.1,False,VALIDATED
122,g_chan[1].u_cdc_chw.wgray[0]$_DFF_PN0_,clk_core,4.5,0.94,0.011641453482296081,4.488358546517704,recovery,roleB_syn_corpus_whatif,Role B synthetic corpus — 14-design mean over 6 scenarios (NOT this chip),predictions.csv,1.1,False,VALIDATED
120,g_chan[1].u_cdc_chw.wgray[1]$_DFF_PN0_,clk_core,4.5,0.94,0.011641453482296081,4.488358546517704,recovery,roleB_syn_corpus_whatif,Role B synthetic corpus — 14-design mean over 6 scenarios (NOT this chip),predictions.csv,1.1,False,VALIDATED
114,g_chan[1].u_cdc_chw.wbin[1]$_DFF_PN0_,clk_core,4.5,0.94,0.011641453482296081,4.488358546517704,recovery,roleB_syn_corpus_whatif,Role B synthetic corpus — 14-design mean over 6 scenarios (NOT this chip),predictions.csv,1.1,False,VALIDATED
113,g_chan[1].u_cdc_chw.wbin[3]$_DFF_PN0_,clk_core,4.5,0.94,0.011641453482296081,4.488358546517704,recovery,roleB_syn_corpus_whatif,Role B synthetic corpus — 14-design mean over 6 scenarios (NOT this chip),predictions.csv,1.1,False,VALIDATED
115,g_chan[1].u_cdc_chw.wbin[0]$_DFF_PN0_,clk_core,4.5,0.94,0.011641453482296081,4.488358546517704,recovery,roleB_syn_corpus_whatif,Role B synthetic corpus — 14-design mean over 6 scenarios (NOT this chip),predictions.csv,1.1,False,VALIDATED
117,g_chan[1].u_cdc_chw.wbin[2]$_DFF_PN0_,clk_core,4.5,0.94,0.011626335307992244,4.488373664692007,recovery,roleB_syn_corpus_whatif,Role B synthetic corpus — 14-design mean over 6 scenarios (NOT this chip),predictions.csv,1.1,False,VALIDATED
138,g_chan[1].u_cdc_chw.wq2_rgray[3]$_DFF_PN0_,clk_core,4.5,0.93,0.011521234160721289,4.488478765839279,recovery,roleB_syn_corpus_whatif,Role B synthetic corpus — 14-design mean over 6 scenarios (NOT this chip),predictions.csv,1.1,False,VALIDATED
137,g_chan[1].u_cdc_chw.wq2_rgray[0]$_DFF_PN0_,clk_core,4.5,0.93,0.011521234160721289,4.488478765839279,recovery,roleB_syn_corpus_whatif,Role B synthetic corpus — 14-design mean over 6 scenarios (NOT this chip),predictions.csv,1.1,False,VALIDATED
127,g_chan[1].u_cdc_chw.wbin[4]$_DFF_PN0_,clk_core,4.5,0.93,0.01151760823248437,4.488482391767516,recovery,roleB_syn_corpus_whatif,Role B synthetic corpus — 14-design mean over 6 scenarios (NOT this chip),predictions.csv,1.1,False,VALIDATED
126,g_chan[1].u_cdc_chw.wq2_rgray[2]$_DFF_PN0_,clk_core,4.5,0.93,0.011505574699377255,4.4884944253006225,recovery,roleB_syn_corpus_whatif,Role B synthetic corpus — 14-design mean over 6 scenarios (NOT this chip),predictions.csv,1.1,False,VALIDATED
118,g_chan[1].u_cdc_chw.wgray[2]$_DFF_PN0_,clk_core,4.5,0.93,0.011505574699377255,4.4884944253006225,recovery,roleB_syn_corpus_whatif,Role B synthetic corpus — 14-design mean over 6 scenarios (NOT this chip),predictions.csv,1.1,False,VALIDATED
129,g_chan[1].u_cdc_chw.wq1_rgray[3]$_DFF_PN0_,clk_core,4.5,0.93,0.011505574699377255,4.4884944253006225,recovery,roleB_syn_corpus_whatif,Role B synthetic corpus — 14-design mean over 6 scenarios (NOT this chip),predictions.csv,1.1,False,VALIDATED
112,g_chan[1].u_cdc_chw.wgray[3]$_DFF_PN0_,clk_core,4.5,0.93,0.011505574699377255,4.4884944253006225,recovery,roleB_syn_corpus_whatif,Role B synthetic corpus — 14-design mean over 6 scenarios (NOT this chip),predictions.csv,1.1,False,VALIDATED
131,g_chan[1].u_cdc_chw.wq1_rgray[2]$_DFF_PN0_,clk_core,4.5,0.93,0.011496283063927637,4.488503716936072,recovery,roleB_syn_corpus_whatif,Role B synthetic corpus — 14-design mean over 6 scenarios (NOT this chip),predictions.csv,1.1,False,VALIDATED
106,u_cdc_cmd.rq1_wgray[4]$_DFF_PN0_,clk_core,4.5,0.94,0.010914407160325414,4.4890855928396745,recovery,roleB_syn_corpus_whatif,Role B synthetic corpus — 14-design mean over 6 scenarios (NOT this chip),predictions.csv,1.1,False,VALIDATED
108,u_cdc_cmd.rq1_wgray[3]$_DFF_PN0_,clk_core,4.5,0.94,0.010914407160325414,4.4890855928396745,recovery,roleB_syn_corpus_whatif,Role B synthetic corpus — 14-design mean over 6 scenarios (NOT this chip),predictions.csv,1.1,False,VALIDATED
109,u_cdc_cmd.rq1_wgray[2]$_DFF_PN0_,clk_core,4.5,0.94,0.010914407160325414,4.4890855928396745,recovery,roleB_syn_corpus_whatif,Role B synthetic corpus — 14-design mean over 6 scenarios (NOT this chip),predictions.csv,1.1,False,VALIDATED
111,u_cdc_cmd.rq2_wgray[2]$_DFF_PN0_,clk_core,4.5,0.94,0.010914407160325414,4.4890855928396745,recovery,roleB_syn_corpus_whatif,Role B synthetic corpus — 14-design mean over 6 scenarios (NOT this chip),predictions.csv,1.1,False,VALIDATED
125,u_cdc_cmd.rbin[1]$_DFF_PN0_,clk_core,4.5,0.94,0.010914407160325414,4.4890855928396745,recovery,roleB_syn_corpus_whatif,Role B synthetic corpus — 14-design mean over 6 scenarios (NOT this chip),predictions.csv,1.1,False,VALIDATED
124,u_cdc_cmd.rbin[3]$_DFF_PN0_,clk_core,4.5,0.94,0.010914407160325414,4.4890855928396745,recovery,roleB_syn_corpus_whatif,Role B synthetic corpus — 14-design mean over 6 scenarios (NOT this chip),predictions.csv,1.1,False,VALIDATED
128,u_cdc_cmd.rgray[2]$_DFF_PN0_,clk_core,4.5,0.94,0.010914407160325414,4.4890855928396745,recovery,roleB_syn_corpus_whatif,Role B synthetic corpus — 14-design mean over 6 scenarios (NOT this chip),predictions.csv,1.1,False,VALIDATED
130,u_cdc_cmd.rgray[3]$_DFF_PN0_,clk_core,4.5,0.94,0.010914407160325414,4.4890855928396745,recovery,roleB_syn_corpus_whatif,Role B synthetic corpus — 14-design mean over 6 scenarios (NOT this chip),predictions.csv,1.1,False,VALIDATED
123,u_cdc_cmd.rq2_wgray[3]$_DFF_PN0_,clk_core,4.5,0.94,0.010914407160325414,4.4890855928396745,recovery,roleB_syn_corpus_whatif,Role B synthetic corpus — 14-design mean over 6 scenarios (NOT this chip),predictions.csv,1.1,False,VALIDATED
105,u_cdc_cmd.rq2_wgray[4]$_DFF_PN0_,clk_core,4.5,0.94,0.010914407160325414,4.4890855928396745,recovery,roleB_syn_corpus_whatif,Role B synthetic corpus — 14-design mean over 6 scenarios (NOT this chip),predictions.csv,1.1,False,VALIDATED
104,u_cdc_cmd.rbin[4]$_DFF_PN0_,clk_core,4.5,0.94,0.010914407160325414,4.4890855928396745,recovery,roleB_syn_corpus_whatif,Role B synthetic corpus — 14-design mean over 6 scenarios (NOT this chip),predictions.csv,1.1,False,VALIDATED
140,c_cmd_addr[24]$_DFFE_PN0N_,clk_core,4.5,0.94,0.010913826441806995,4.489086173558193,recovery,roleB_syn_corpus_whatif,Role B synthetic corpus — 14-design mean over 6 scenarios (NOT this chip),predictions.csv,1.1,False,VALIDATED
139,c_cmd_addr[25]$_DFFE_PN0N_,clk_core,4.5,0.94,0.010913826441806995,4.489086173558193,recovery,roleB_syn_corpus_whatif,Role B synthetic corpus — 14-design mean over 6 scenarios (NOT this chip),predictions.csv,1.1,False,VALIDATED
141,c_cmd_valid$_DFF_PN0_,clk_core,4.5,0.94,0.010902614712021488,4.4890973852879785,recovery,roleB_syn_corpus_whatif,Role B synthetic corpus — 14-design mean over 6 scenarios (NOT this chip),predictions.csv,1.1,False,VALIDATED
132,c_cmd_len[1]$_DFFE_PN0N_,clk_core,4.5,0.94,0.010878667012800797,4.4891213329871995,recovery,roleB_syn_corpus_whatif,Role B synthetic corpus — 14-design mean over 6 scenarios (NOT this chip),predictions.csv,1.1,False,VALIDATED
107,c_cmd_len[0]$_DFFE_PN0N_,clk_core,4.5,0.94,0.010878667012800797,4.4891213329871995,recovery,roleB_syn_corpus_whatif,Role B synthetic corpus — 14-design mean over 6 scenarios (NOT this chip),predictions.csv,1.1,False,VALIDATED
110,c_cmd_len[3]$_DFFE_PN0N_,clk_core,4.5,0.94,0.010878667012800797,4.4891213329871995,recovery,roleB_syn_corpus_whatif,Role B synthetic corpus — 14-design mean over 6 scenarios (NOT this chip),predictions.csv,1.1,False,VALIDATED
100,c_cmd_len[2]$_DFFE_PN0N_,clk_core,4.5,0.94,0.010875460503468076,4.489124539496532,recovery,roleB_syn_corpus_whatif,Role B synthetic corpus — 14-design mean over 6 scenarios (NOT this chip),predictions.csv,1.1,False,VALIDATED
102,c_cmd_len[7]$_DFFE_PN0N_,clk_core,4.5,0.94,0.010875460503468076,4.489124539496532,recovery,roleB_syn_corpus_whatif,Role B synthetic corpus — 14-design mean over 6 scenarios (NOT this chip),predictions.csv,1.1,False,VALIDATED
103,c_cmd_len[4]$_DFFE_PN0N_,clk_core,4.5,0.94,0.010875460503468076,4.489124539496532,recovery,roleB_syn_corpus_whatif,Role B synthetic corpus — 14-design mean over 6 scenarios (NOT this chip),predictions.csv,1.1,False,VALIDATED
116,c_cmd_len[6]$_DFFE_PN0N_,clk_core,4.5,0.94,0.010875460503468076,4.489124539496532,recovery,roleB_syn_corpus_whatif,Role B synthetic corpus — 14-design mean over 6 scenarios (NOT this chip),predictions.csv,1.1,False,VALIDATED
133,c_cmd_addr[23]$_DFFE_PN0N_,clk_core,4.5,0.94,0.010873960870472855,4.489126039129527,recovery,roleB_syn_corpus_whatif,Role B synthetic corpus — 14-design mean over 6 scenarios (NOT this chip),predictions.csv,1.1,False,VALIDATED
135,c_cmd_len[5]$_DFFE_PN0N_,clk_core,4.5,0.94,0.010873960870472855,4.489126039129527,recovery,roleB_syn_corpus_whatif,Role B synthetic corpus — 14-design mean over 6 scenarios (NOT this chip),predictions.csv,1.1,False,VALIDATED
136,c_cmd_len[9]$_DFFE_PN0N_,clk_core,4.5,0.94,0.010873960870472855,4.489126039129527,recovery,roleB_syn_corpus_whatif,Role B synthetic corpus — 14-design mean over 6 scenarios (NOT this chip),predictions.csv,1.1,False,VALIDATED
134,c_cmd_len[8]$_DFFE_PN0N_,clk_core,4.5,0.94,0.010873960870472855,4.489126039129527,recovery,roleB_syn_corpus_whatif,Role B synthetic corpus — 14-design mean over 6 scenarios (NOT this chip),predictions.csv,1.1,False,VALIDATED
101,c_cmd_len[10]$_DFFE_PN0N_,clk_core,4.5,0.94,0.010858756878731252,4.489141243121269,recovery,roleB_syn_corpus_whatif,Role B synthetic corpus — 14-design mean over 6 scenarios (NOT this chip),predictions.csv,1.1,False,VALIDATED
153,u_dma_fabric.rbeat_valid$_DFFE_PN0P_,clk_core,4.51,0.92,0.012302086658845988,4.497697913341153,recovery,roleB_syn_corpus_whatif,Role B synthetic corpus — 14-design mean over 6 scenarios (NOT this chip),predictions.csv,1.1,False,VALIDATED
143,g_chan[1].u_cdc_chr.rd_empty$_DFF_PN1_,clk_core,4.51,0.92,0.01212741523641856,4.497872584763582,recovery,roleB_syn_corpus_whatif,Role B synthetic corpus — 14-design mean over 6 scenarios (NOT this chip),predictions.csv,1.1,False,VALIDATED
156,g_chan[1].u_cdc_chr.rq2_wgray[0]$_DFF_PN0_,clk_core,4.51,0.92,0.01212741523641856,4.497872584763582,recovery,roleB_syn_corpus_whatif,Role B synthetic corpus — 14-design mean over 6 scenarios (NOT this chip),predictions.csv,1.1,False,VALIDATED
154,g_chan[1].u_cdc_chr.rbin[1]$_DFF_PN0_,clk_core,4.51,0.92,0.01212741523641856,4.497872584763582,recovery,roleB_syn_corpus_whatif,Role B synthetic corpus — 14-design mean over 6 scenarios (NOT this chip),predictions.csv,1.1,False,VALIDATED
155,g_chan[1].u_cdc_chr.rbin[3]$_DFF_PN0_,clk_core,4.51,0.92,0.01212741523641856,4.497872584763582,recovery,roleB_syn_corpus_whatif,Role B synthetic corpus — 14-design mean over 6 scenarios (NOT this chip),predictions.csv,1.1,False,VALIDATED
157,g_chan[1].u_cdc_chr.rq1_wgray[4]$_DFF_PN0_,clk_core,4.51,0.92,0.012085950807209804,4.49791404919279,recovery,roleB_syn_corpus_whatif,Role B synthetic corpus — 14-design mean over 6 scenarios (NOT this chip),predictions.csv,1.1,False,VALIDATED
149,u_seq_core.op_q[0]$_DFFE_PN0P_,clk_core,4.51,0.93,0.011398867500922345,4.498601132499077,recovery,roleB_syn_corpus_whatif,Role B synthetic corpus — 14-design mean over 6 scenarios (NOT this chip),predictions.csv,1.1,False,VALIDATED
142,u_cdc_cmd.rbin[0]$_DFF_PN0_,clk_core,4.51,0.94,0.010913826441806995,4.499086173558193,recovery,roleB_syn_corpus_whatif,Role B synthetic corpus — 14-design mean over 6 scenarios (NOT this chip),predictions.csv,1.1,False,VALIDATED
144,u_cdc_cmd.rgray[0]$_DFF_PN0_,clk_core,4.51,0.94,0.010913826441806995,4.499086173558193,recovery,roleB_syn_corpus_whatif,Role B synthetic corpus — 14-design mean over 6 scenarios (NOT this chip),predictions.csv,1.1,False,VALIDATED
148,u_cdc_cmd.rq2_wgray[0]$_DFF_PN0_,clk_core,4.51,0.94,0.010906232647197714,4.499093767352802,recovery,roleB_syn_corpus_whatif,Role B synthetic corpus — 14-design mean over 6 scenarios (NOT this chip),predictions.csv,1.1,False,VALIDATED
150,u_cdc_cmd.rbin[2]$_DFF_PN0_,clk_core,4.51,0.94,0.010906232647197714,4.499093767352802,recovery,roleB_syn_corpus_whatif,Role B synthetic corpus — 14-design mean over 6 scenarios (NOT this chip),predictions.csv,1.1,False,VALIDATED
145,u_cdc_cmd.rq1_wgray[0]$_DFF_PN0_,clk_core,4.51,0.94,0.010906232647197714,4.499093767352802,recovery,roleB_syn_corpus_whatif,Role B synthetic corpus — 14-design mean over 6 scenarios (NOT this chip),predictions.csv,1.1,False,VALIDATED
147,u_cdc_cmd.rq2_wgray[1]$_DFF_PN0_,clk_core,4.51,0.94,0.010906232647197714,4.499093767352802,recovery,roleB_syn_corpus_whatif,Role B synthetic corpus — 14-design mean over 6 scenarios (NOT this chip),predictions.csv,1.1,False,VALIDATED
146,u_cdc_cmd.rq1_wgray[1]$_DFF_PN0_,clk_core,4.51,0.94,0.010906232647197714,4.499093767352802,recovery,roleB_syn_corpus_whatif,Role B synthetic corpus — 14-design mean over 6 scenarios (NOT this chip),predictions.csv,1.1,False,VALIDATED
151,u_cdc_cmd.rd_empty$_DFF_PN1_,clk_core,4.51,0.94,0.010902614712021488,4.499097385287978,recovery,roleB_syn_corpus_whatif,Role B synthetic corpus — 14-design mean over 6 scenarios (NOT this chip),predictions.csv,1.1,False,VALIDATED
152,u_cdc_cmd.rgray[1]$_DFF_PN0_,clk_core,4.51,0.93,0.010790208895631821,4.499209791104368,recovery,roleB_syn_corpus_whatif,Role B synthetic corpus — 14-design mean over 6 scenarios (NOT this chip),predictions.csv,1.1,False,VALIDATED
165,u_dma_fabric.rr_ptr$_DFFE_PN0P_,clk_core,4.52,0.92,0.01215243816528603,4.507847561834714,recovery,roleB_syn_corpus_whatif,Role B synthetic corpus — 14-design mean over 6 scenarios (NOT this chip),predictions.csv,1.1,False,VALIDATED
158,g_chan[1].u_cdc_chr.rbin[0]$_DFF_PN0_,clk_core,4.52,0.92,0.01212741523641856,4.507872584763581,recovery,roleB_syn_corpus_whatif,Role B synthetic corpus — 14-design mean over 6 scenarios (NOT this chip),predictions.csv,1.1,False,VALIDATED
167,g_chan[1].u_cdc_chr.rq1_wgray[2]$_DFF_PN0_,clk_core,4.52,0.92,0.01212741523641856,4.507872584763581,recovery,roleB_syn_corpus_whatif,Role B synthetic corpus — 14-design mean over 6 scenarios (NOT this chip),predictions.csv,1.1,False,VALIDATED
169,g_chan[1].u_cdc_chr.rq2_wgray[2]$_DFF_PN0_,clk_core,4.52,0.92,0.01212741523641856,4.507872584763581,recovery,roleB_syn_corpus_whatif,Role B synthetic corpus — 14-design mean over 6 scenarios (NOT this chip),predictions.csv,1.1,False,VALIDATED
163,g_chan[1].u_cdc_chr.rgray[2]$_DFF_PN0_,clk_core,4.52,0.92,0.01212741523641856,4.507872584763581,recovery,roleB_syn_corpus_whatif,Role B synthetic corpus — 14-design mean over 6 scenarios (NOT this chip),predictions.csv,1.1,False,VALIDATED
164,g_chan[1].u_cdc_chr.rq2_wgray[4]$_DFF_PN0_,clk_core,4.52,0.92,0.01212741523641856,4.507872584763581,recovery,roleB_syn_corpus_whatif,Role B synthetic corpus — 14-design mean over 6 scenarios (NOT this chip),predictions.csv,1.1,False,VALIDATED
168,g_chan[1].u_cdc_chr.rgray[3]$_DFF_PN0_,clk_core,4.52,0.92,0.01212741523641856,4.507872584763581,recovery,roleB_syn_corpus_whatif,Role B synthetic corpus — 14-design mean over 6 scenarios (NOT this chip),predictions.csv,1.1,False,VALIDATED
162,g_chan[1].u_cdc_chr.rbin[4]$_DFF_PN0_,clk_core,4.52,0.92,0.01212741523641856,4.507872584763581,recovery,roleB_syn_corpus_whatif,Role B synthetic corpus — 14-design mean over 6 scenarios (NOT this chip),predictions.csv,1.1,False,VALIDATED
166,g_chan[1].u_cdc_chr.rq2_wgray[3]$_DFF_PN0_,clk_core,4.52,0.92,0.01212741523641856,4.507872584763581,recovery,roleB_syn_corpus_whatif,Role B synthetic corpus — 14-design mean over 6 scenarios (NOT this chip),predictions.csv,1.1,False,VALIDATED
161,g_chan[1].u_cdc_chr.rbin[2]$_DFF_PN0_,clk_core,4.52,0.92,0.01212741523641856,4.507872584763581,recovery,roleB_syn_corpus_whatif,Role B synthetic corpus — 14-design mean over 6 scenarios (NOT this chip),predictions.csv,1.1,False,VALIDATED
159,g_chan[1].u_cdc_chr.rgray[0]$_DFF_PN0_,clk_core,4.52,0.92,0.012085950807209804,4.50791404919279,recovery,roleB_syn_corpus_whatif,Role B synthetic corpus — 14-design mean over 6 scenarios (NOT this chip),predictions.csv,1.1,False,VALIDATED
160,g_chan[1].u_cdc_chr.rq1_wgray[0]$_DFF_PN0_,clk_core,4.52,0.92,0.012085950807209804,4.50791404919279,recovery,roleB_syn_corpus_whatif,Role B synthetic corpus — 14-design mean over 6 scenarios (NOT this chip),predictions.csv,1.1,False,VALIDATED
173,g_chan[1].u_cdc_chr.rgray[1]$_DFF_PN0_,clk_core,4.52,0.91,0.011954581776696643,4.508045418223303,recovery,roleB_syn_corpus_whatif,Role B synthetic corpus — 14-design mean over 6 scenarios (NOT this chip),predictions.csv,1.1,False,VALIDATED
172,g_chan[1].u_cdc_chr.rq1_wgray[1]$_DFF_PN0_,clk_core,4.52,0.91,0.011954581776696643,4.508045418223303,recovery,roleB_syn_corpus_whatif,Role B synthetic corpus — 14-design mean over 6 scenarios (NOT this chip),predictions.csv,1.1,False,VALIDATED
171,g_chan[1].u_cdc_chr.rq2_wgray[1]$_DFF_PN0_,clk_core,4.52,0.91,0.011954581776696643,4.508045418223303,recovery,roleB_syn_corpus_whatif,Role B synthetic corpus — 14-design mean over 6 scenarios (NOT this chip),predictions.csv,1.1,False,VALIDATED
170,g_chan[1].u_cdc_chr.rq1_wgray[3]$_DFF_PN0_,clk_core,4.52,0.91,0.011954581776696643,4.508045418223303,recovery,roleB_syn_corpus_whatif,Role B synthetic corpus — 14-design mean over 6 scenarios (NOT this chip),predictions.csv,1.1,False,VALIDATED
174,u_seq_core.addr_q[26]$_DFFE_PN0P_,clk_core,4.55,0.88,0.01063460914157896,4.539365390858421,recovery,roleB_syn_corpus_whatif,Role B synthetic corpus — 14-design mean over 6 scenarios (NOT this chip),predictions.csv,1.1,False,VALIDATED
175,u_seq_core.addr_q[7]$_DFFE_PN0P_,clk_core,4.55,0.88,0.01063460914157896,4.539365390858421,recovery,roleB_syn_corpus_whatif,Role B synthetic corpus — 14-design mean over 6 scenarios (NOT this chip),predictions.csv,1.1,False,VALIDATED
178,u_seq_core.addr_q[9]$_DFFE_PN0P_,clk_core,4.55,0.88,0.010628344821254215,4.539371655178746,recovery,roleB_syn_corpus_whatif,Role B synthetic corpus — 14-design mean over 6 scenarios (NOT this chip),predictions.csv,1.1,False,VALIDATED
179,u_seq_core.addr_q[31]$_DFFE_PN0P_,clk_core,4.55,0.88,0.010628344821254215,4.539371655178746,recovery,roleB_syn_corpus_whatif,Role B synthetic corpus — 14-design mean over 6 scenarios (NOT this chip),predictions.csv,1.1,False,VALIDATED
176,u_seq_core.addr_q[6]$_DFFE_PN0P_,clk_core,4.55,0.88,0.010628344821254215,4.539371655178746,recovery,roleB_syn_corpus_whatif,Role B synthetic corpus — 14-design mean over 6 scenarios (NOT this chip),predictions.csv,1.1,False,VALIDATED
177,u_seq_core.addr_q[8]$_DFFE_PN0P_,clk_core,4.55,0.88,0.010628344821254215,4.539371655178746,recovery,roleB_syn_corpus_whatif,Role B synthetic corpus — 14-design mean over 6 scenarios (NOT this chip),predictions.csv,1.1,False,VALIDATED
182,u_seq_core.addr_q[21]$_DFFE_PN0P_,clk_core,4.56,0.88,0.01066226746796023,4.549337732532039,recovery,roleB_syn_corpus_whatif,Role B synthetic corpus — 14-design mean over 6 scenarios (NOT this chip),predictions.csv,1.1,False,VALIDATED
180,u_seq_core.addr_q[20]$_DFFE_PN0P_,clk_core,4.56,0.88,0.010628344821254215,4.549371655178746,recovery,roleB_syn_corpus_whatif,Role B synthetic corpus — 14-design mean over 6 scenarios (NOT this chip),predictions.csv,1.1,False,VALIDATED
181,u_seq_core.addr_q[2]$_DFFE_PN0P_,clk_core,4.56,0.88,0.010628344821254215,4.549371655178746,recovery,roleB_syn_corpus_whatif,Role B synthetic corpus — 14-design mean over 6 scenarios (NOT this chip),predictions.csv,1.1,False,VALIDATED
184,c_cmd_addr[6]$_DFFE_PN0N_,clk_core,4.57,0.88,0.010196960211415688,4.5598030397885845,recovery,roleB_syn_corpus_whatif,Role B synthetic corpus — 14-design mean over 6 scenarios (NOT this chip),predictions.csv,1.1,False,VALIDATED
185,c_cmd_addr[9]$_DFFE_PN0N_,clk_core,4.57,0.88,0.010196960211415688,4.5598030397885845,recovery,roleB_syn_corpus_whatif,Role B synthetic corpus — 14-design mean over 6 scenarios (NOT this chip),predictions.csv,1.1,False,VALIDATED
183,c_cmd_addr[7]$_DFFE_PN0N_,clk_core,4.57,0.88,0.010196960211415688,4.5598030397885845,recovery,roleB_syn_corpus_whatif,Role B synthetic corpus — 14-design mean over 6 scenarios (NOT this chip),predictions.csv,1.1,False,VALIDATED
186,c_cmd_addr[8]$_DFFE_PN0N_,clk_core,4.57,0.88,0.010176382662870527,4.55982361733713,recovery,roleB_syn_corpus_whatif,Role B synthetic corpus — 14-design mean over 6 scenarios (NOT this chip),predictions.csv,1.1,False,VALIDATED
201,g_chan[0].u_cdc_chw.wq1_rgray[4]$_DFF_PN0_,clk_core,4.59,0.83,0.010695350160464613,4.579304649839536,recovery,roleB_syn_corpus_whatif,Role B synthetic corpus — 14-design mean over 6 scenarios (NOT this chip),predictions.csv,1.1,False,VALIDATED
199,g_chan[0].u_cdc_chw.wq1_rgray[2]$_DFF_PN0_,clk_core,4.59,0.83,0.010695350160464613,4.579304649839536,recovery,roleB_syn_corpus_whatif,Role B synthetic corpus — 14-design mean over 6 scenarios (NOT this chip),predictions.csv,1.1,False,VALIDATED
200,g_chan[0].u_cdc_chw.wq1_rgray[1]$_DFF_PN0_,clk_core,4.59,0.83,0.010695350160464613,4.579304649839536,recovery,roleB_syn_corpus_whatif,Role B synthetic corpus — 14-design mean over 6 scenarios (NOT this chip),predictions.csv,1.1,False,VALIDATED
198,g_chan[0].u_cdc_chw.wq1_rgray[3]$_DFF_PN0_,clk_core,4.59,0.83,0.010695350160464613,4.579304649839536,recovery,roleB_syn_corpus_whatif,Role B synthetic corpus — 14-design mean over 6 scenarios (NOT this chip),predictions.csv,1.1,False,VALIDATED
197,g_chan[0].u_cdc_chw.wq2_rgray[1]$_DFF_PN0_,clk_core,4.59,0.83,0.010695350160464613,4.579304649839536,recovery,roleB_syn_corpus_whatif,Role B synthetic corpus — 14-design mean over 6 scenarios (NOT this chip),predictions.csv,1.1,False,VALIDATED
196,g_chan[0].u_cdc_chw.wq2_rgray[3]$_DFF_PN0_,clk_core,4.59,0.83,0.010695350160464613,4.579304649839536,recovery,roleB_syn_corpus_whatif,Role B synthetic corpus — 14-design mean over 6 scenarios (NOT this chip),predictions.csv,1.1,False,VALIDATED
195,g_chan[0].u_cdc_chw.wq2_rgray[2]$_DFF_PN0_,clk_core,4.59,0.83,0.010695350160464613,4.579304649839536,recovery,roleB_syn_corpus_whatif,Role B synthetic corpus — 14-design mean over 6 scenarios (NOT this chip),predictions.csv,1.1,False,VALIDATED
202,g_chan[0].u_cdc_chw.wq2_rgray[4]$_DFF_PN0_,clk_core,4.59,0.83,0.010695350160464613,4.579304649839536,recovery,roleB_syn_corpus_whatif,Role B synthetic corpus — 14-design mean over 6 scenarios (NOT this chip),predictions.csv,1.1,False,VALIDATED
190,g_chan[0].u_cdc_chcmd.wbin[4]$_DFF_PN0_,clk_core,4.59,0.84,0.01027795571973121,4.579722044280269,recovery,roleB_syn_corpus_whatif,Role B synthetic corpus — 14-design mean over 6 scenarios (NOT this chip),predictions.csv,1.1,False,VALIDATED
187,g_chan[0].u_cdc_chcmd.wr_full$_DFF_PN0_,clk_core,4.59,0.84,0.01027795571973121,4.579722044280269,recovery,roleB_syn_corpus_whatif,Role B synthetic corpus — 14-design mean over 6 scenarios (NOT this chip),predictions.csv,1.1,False,VALIDATED
189,g_chan[0].u_cdc_chcmd.wgray[0]$_DFF_PN0_,clk_core,4.59,0.84,0.01027795571973121,4.579722044280269,recovery,roleB_syn_corpus_whatif,Role B synthetic corpus — 14-design mean over 6 scenarios (NOT this chip),predictions.csv,1.1,False,VALIDATED
194,g_chan[0].u_cdc_chcmd.wq1_rgray[1]$_DFF_PN0_,clk_core,4.59,0.84,0.01027795571973121,4.579722044280269,recovery,roleB_syn_corpus_whatif,Role B synthetic corpus — 14-design mean over 6 scenarios (NOT this chip),predictions.csv,1.1,False,VALIDATED
193,g_chan[0].u_cdc_chcmd.wq2_rgray[1]$_DFF_PN0_,clk_core,4.59,0.84,0.01027795571973121,4.579722044280269,recovery,roleB_syn_corpus_whatif,Role B synthetic corpus — 14-design mean over 6 scenarios (NOT this chip),predictions.csv,1.1,False,VALIDATED
192,g_chan[0].u_cdc_chcmd.wbin[3]$_DFF_PN0_,clk_core,4.59,0.84,0.010267854935778822,4.579732145064221,recovery,roleB_syn_corpus_whatif,Role B synthetic corpus — 14-design mean over 6 scenarios (NOT this chip),predictions.csv,1.1,False,VALIDATED
191,g_chan[0].u_cdc_chcmd.wgray[1]$_DFF_PN0_,clk_core,4.59,0.84,0.010267854935778822,4.579732145064221,recovery,roleB_syn_corpus_whatif,Role B synthetic corpus — 14-design mean over 6 scenarios (NOT this chip),predictions.csv,1.1,False,VALIDATED
188,u_seq_core.done$_DFFE_PN0P_,clk_core,4.59,0.84,0.01026144327797738,4.579738556722022,recovery,roleB_syn_corpus_whatif,Role B synthetic corpus — 14-design mean over 6 scenarios (NOT this chip),predictions.csv,1.1,False,VALIDATED
203,u_ecc_engine.vpipe[1]$_DFF_PN0_,clk_core,4.59,0.84,0.010257118143022485,4.579742881856977,recovery,roleB_syn_corpus_whatif,Role B synthetic corpus — 14-design mean over 6 scenarios (NOT this chip),predictions.csv,1.1,False,VALIDATED
204,u_ecc_engine.vpipe[0]$_DFF_PN0_,clk_core,4.59,0.84,0.010257118143022485,4.579742881856977,recovery,roleB_syn_corpus_whatif,Role B synthetic corpus — 14-design mean over 6 scenarios (NOT this chip),predictions.csv,1.1,False,VALIDATED
206,u_ecc_engine.vpipe[2]$_DFF_PN0_,clk_core,4.59,0.84,0.010257118143022485,4.579742881856977,recovery,roleB_syn_corpus_whatif,Role B synthetic corpus — 14-design mean over 6 scenarios (NOT this chip),predictions.csv,1.1,False,VALIDATED
207,u_seq_core.ch_cmd_valid$_DFF_PN0_,clk_core,4.59,0.84,0.010251173302297405,4.579748826697703,recovery,roleB_syn_corpus_whatif,Role B synthetic corpus — 14-design mean over 6 scenarios (NOT this chip),predictions.csv,1.1,False,VALIDATED
205,u_seq_core.ecc_en_q$_DFFE_PN0P_,clk_core,4.59,0.84,0.01024090332661743,4.579759096673382,recovery,roleB_syn_corpus_whatif,Role B synthetic corpus — 14-design mean over 6 scenarios (NOT this chip),predictions.csv,1.1,False,VALIDATED
208,g_chan[0].u_cdc_chw.wgray[3]$_DFF_PN0_,clk_core,4.6,0.83,0.010680364609318621,4.589319635390681,recovery,roleB_syn_corpus_whatif,Role B synthetic corpus — 14-design mean over 6 scenarios (NOT this chip),predictions.csv,1.1,False,VALIDATED
209,g_chan[0].u_cdc_chw.wgray[2]$_DFF_PN0_,clk_core,4.6,0.83,0.010680364609318621,4.589319635390681,recovery,roleB_syn_corpus_whatif,Role B synthetic corpus — 14-design mean over 6 scenarios (NOT this chip),predictions.csv,1.1,False,VALIDATED
219,g_chan[0].u_cdc_chw.wq2_rgray[0]$_DFF_PN0_,clk_core,4.6,0.83,0.010643614702570137,4.58935638529743,recovery,roleB_syn_corpus_whatif,Role B synthetic corpus — 14-design mean over 6 scenarios (NOT this chip),predictions.csv,1.1,False,VALIDATED
222,g_chan[0].u_cdc_chw.wq1_rgray[0]$_DFF_PN0_,clk_core,4.6,0.83,0.010594933470223729,4.589405066529776,recovery,roleB_syn_corpus_whatif,Role B synthetic corpus — 14-design mean over 6 scenarios (NOT this chip),predictions.csv,1.1,False,VALIDATED
223,g_chan[0].u_cdc_chw.wgray[0]$_DFF_PN0_,clk_core,4.6,0.83,0.010594933470223729,4.589405066529776,recovery,roleB_syn_corpus_whatif,Role B synthetic corpus — 14-design mean over 6 scenarios (NOT this chip),predictions.csv,1.1,False,VALIDATED
225,g_chan[0].u_cdc_chw.wbin[4]$_DFF_PN0_,clk_core,4.6,0.83,0.010594933470223729,4.589405066529776,recovery,roleB_syn_corpus_whatif,Role B synthetic corpus — 14-design mean over 6 scenarios (NOT this chip),predictions.csv,1.1,False,VALIDATED
220,g_chan[0].u_cdc_chw.wbin[0]$_DFF_PN0_,clk_core,4.6,0.83,0.010594933470223729,4.589405066529776,recovery,roleB_syn_corpus_whatif,Role B synthetic corpus — 14-design mean over 6 scenarios (NOT this chip),predictions.csv,1.1,False,VALIDATED
221,g_chan[0].u_cdc_chw.wbin[1]$_DFF_PN0_,clk_core,4.6,0.83,0.010594933470223729,4.589405066529776,recovery,roleB_syn_corpus_whatif,Role B synthetic corpus — 14-design mean over 6 scenarios (NOT this chip),predictions.csv,1.1,False,VALIDATED
224,g_chan[0].u_cdc_chw.wgray[1]$_DFF_PN0_,clk_core,4.6,0.83,0.010594933470223729,4.589405066529776,recovery,roleB_syn_corpus_whatif,Role B synthetic corpus — 14-design mean over 6 scenarios (NOT this chip),predictions.csv,1.1,False,VALIDATED
211,c_cmd_chan$_DFFE_PN0N_,clk_core,4.6,0.84,0.00980126761955502,4.590198732380444,recovery,roleB_syn_corpus_whatif,Role B synthetic corpus — 14-design mean over 6 scenarios (NOT this chip),predictions.csv,1.1,False,VALIDATED
214,c_cmd_ecc_en$_DFFE_PN0N_,clk_core,4.6,0.84,0.009794700421672221,4.590205299578328,recovery,roleB_syn_corpus_whatif,Role B synthetic corpus — 14-design mean over 6 scenarios (NOT this chip),predictions.csv,1.1,False,VALIDATED
216,c_cmd_opcode[2]$_DFFE_PN0N_,clk_core,4.6,0.84,0.009789108112670128,4.590210891887329,recovery,roleB_syn_corpus_whatif,Role B synthetic corpus — 14-design mean over 6 scenarios (NOT this chip),predictions.csv,1.1,False,VALIDATED
217,c_cmd_opcode[1]$_DFFE_PN0N_,clk_core,4.6,0.84,0.009789108112670128,4.590210891887329,recovery,roleB_syn_corpus_whatif,Role B synthetic corpus — 14-design mean over 6 scenarios (NOT this chip),predictions.csv,1.1,False,VALIDATED
213,c_cmd_opcode[4]$_DFFE_PN0N_,clk_core,4.6,0.84,0.009789108112670128,4.590210891887329,recovery,roleB_syn_corpus_whatif,Role B synthetic corpus — 14-design mean over 6 scenarios (NOT this chip),predictions.csv,1.1,False,VALIDATED
210,c_cmd_chmask[1]$_DFFE_PN0N_,clk_core,4.6,0.84,0.009789108112670128,4.590210891887329,recovery,roleB_syn_corpus_whatif,Role B synthetic corpus — 14-design mean over 6 scenarios (NOT this chip),predictions.csv,1.1,False,VALIDATED
212,c_cmd_chmask[0]$_DFFE_PN0N_,clk_core,4.6,0.84,0.009789108112670128,4.590210891887329,recovery,roleB_syn_corpus_whatif,Role B synthetic corpus — 14-design mean over 6 scenarios (NOT this chip),predictions.csv,1.1,False,VALIDATED
215,c_cmd_opcode[0]$_DFFE_PN0N_,clk_core,4.6,0.84,0.009789108112670128,4.590210891887329,recovery,roleB_syn_corpus_whatif,Role B synthetic corpus — 14-design mean over 6 scenarios (NOT this chip),predictions.csv,1.1,False,VALIDATED
218,c_cmd_addr[17]$_DFFE_PN0N_,clk_core,4.6,0.84,0.009789108112670128,4.590210891887329,recovery,roleB_syn_corpus_whatif,Role B synthetic corpus — 14-design mean over 6 scenarios (NOT this chip),predictions.csv,1.1,False,VALIDATED
226,g_chan[0].u_cdc_chw.wbin[2]$_DFF_PN0_,clk_core,4.61,0.83,0.01052601871847745,4.599473981281523,recovery,roleB_syn_corpus_whatif,Role B synthetic corpus — 14-design mean over 6 scenarios (NOT this chip),predictions.csv,1.1,False,VALIDATED
227,g_chan[0].u_cdc_chw.wbin[3]$_DFF_PN0_,clk_core,4.61,0.83,0.01052601871847745,4.599473981281523,recovery,roleB_syn_corpus_whatif,Role B synthetic corpus — 14-design mean over 6 scenarios (NOT this chip),predictions.csv,1.1,False,VALIDATED
233,g_chan[1].u_cdc_chw.wq2_rgray[4]$_DFF_PN0_,clk_core,4.61,0.82,0.010168450080008946,4.599831549919991,recovery,roleB_syn_corpus_whatif,Role B synthetic corpus — 14-design mean over 6 scenarios (NOT this chip),predictions.csv,1.1,False,VALIDATED
235,g_chan[1].u_cdc_chw.wq1_rgray[0]$_DFF_PN0_,clk_core,4.61,0.82,0.010168450080008946,4.599831549919991,recovery,roleB_syn_corpus_whatif,Role B synthetic corpus — 14-design mean over 6 scenarios (NOT this chip),predictions.csv,1.1,False,VALIDATED
234,g_chan[1].u_cdc_chw.wq1_rgray[4]$_DFF_PN0_,clk_core,4.61,0.82,0.010147641109780128,4.59985235889022,recovery,roleB_syn_corpus_whatif,Role B synthetic corpus — 14-design mean over 6 scenarios (NOT this chip),predictions.csv,1.1,False,VALIDATED
230,u_cdc_wbeat.rbin[3]$_DFF_PN0_,clk_core,4.61,0.82,0.010142172627106677,4.599857827372894,recovery,roleB_syn_corpus_whatif,Role B synthetic corpus — 14-design mean over 6 scenarios (NOT this chip),predictions.csv,1.1,False,VALIDATED
229,u_cdc_wbeat.rbin[1]$_DFF_PN0_,clk_core,4.61,0.82,0.010142172627106677,4.599857827372894,recovery,roleB_syn_corpus_whatif,Role B synthetic corpus — 14-design mean over 6 scenarios (NOT this chip),predictions.csv,1.1,False,VALIDATED
228,u_cdc_wbeat.rbin[0]$_DFF_PN0_,clk_core,4.61,0.82,0.010142172627106677,4.599857827372894,recovery,roleB_syn_corpus_whatif,Role B synthetic corpus — 14-design mean over 6 scenarios (NOT this chip),predictions.csv,1.1,False,VALIDATED
232,u_cdc_wbeat.rbin[4]$_DFF_PN0_,clk_core,4.61,0.82,0.010142172627106677,4.599857827372894,recovery,roleB_syn_corpus_whatif,Role B synthetic corpus — 14-design mean over 6 scenarios (NOT this chip),predictions.csv,1.1,False,VALIDATED
231,u_cdc_wbeat.rbin[2]$_DFF_PN0_,clk_core,4.61,0.82,0.010142172627106677,4.599857827372894,recovery,roleB_syn_corpus_whatif,Role B synthetic corpus — 14-design mean over 6 scenarios (NOT this chip),predictions.csv,1.1,False,VALIDATED
247,u_seq_core.op_q[3]$_DFFE_PN0P_,clk_core,4.62,0.82,0.010040578506834943,4.609959421493165,recovery,roleB_syn_corpus_whatif,Role B synthetic corpus — 14-design mean over 6 scenarios (NOT this chip),predictions.csv,1.1,False,VALIDATED
245,u_seq_core.op_q[1]$_DFFE_PN0P_,clk_core,4.62,0.82,0.010040578506834943,4.609959421493165,recovery,roleB_syn_corpus_whatif,Role B synthetic corpus — 14-design mean over 6 scenarios (NOT this chip),predictions.csv,1.1,False,VALIDATED
238,u_cdc_wbeat.rgray[2]$_DFF_PN0_,clk_core,4.62,0.82,0.01003046130949159,4.609969538690509,recovery,roleB_syn_corpus_whatif,Role B synthetic corpus — 14-design mean over 6 scenarios (NOT this chip),predictions.csv,1.1,False,VALIDATED
239,u_cdc_wbeat.rq2_wgray[1]$_DFF_PN0_,clk_core,4.62,0.82,0.01003046130949159,4.609969538690509,recovery,roleB_syn_corpus_whatif,Role B synthetic corpus — 14-design mean over 6 scenarios (NOT this chip),predictions.csv,1.1,False,VALIDATED
236,u_cdc_wbeat.rq1_wgray[1]$_DFF_PN0_,clk_core,4.62,0.82,0.01003046130949159,4.609969538690509,recovery,roleB_syn_corpus_whatif,Role B synthetic corpus — 14-design mean over 6 scenarios (NOT this chip),predictions.csv,1.1,False,VALIDATED
237,u_cdc_wbeat.rq2_wgray[2]$_DFF_PN0_,clk_core,4.62,0.82,0.01003046130949159,4.609969538690509,recovery,roleB_syn_corpus_whatif,Role B synthetic corpus — 14-design mean over 6 scenarios (NOT this chip),predictions.csv,1.1,False,VALIDATED
241,u_cdc_wbeat.rq1_wgray[2]$_DFF_PN0_,clk_core,4.62,0.82,0.01003046130949159,4.609969538690509,recovery,roleB_syn_corpus_whatif,Role B synthetic corpus — 14-design mean over 6 scenarios (NOT this chip),predictions.csv,1.1,False,VALIDATED
240,u_cdc_wbeat.rgray[1]$_DFF_PN0_,clk_core,4.62,0.82,0.01003046130949159,4.609969538690509,recovery,roleB_syn_corpus_whatif,Role B synthetic corpus — 14-design mean over 6 scenarios (NOT this chip),predictions.csv,1.1,False,VALIDATED
243,u_cdc_wbeat.rgray[3]$_DFF_PN0_,clk_core,4.62,0.82,0.01003046130949159,4.609969538690509,recovery,roleB_syn_corpus_whatif,Role B synthetic corpus — 14-design mean over 6 scenarios (NOT this chip),predictions.csv,1.1,False,VALIDATED
242,u_cdc_wbeat.rq2_wgray[3]$_DFF_PN0_,clk_core,4.62,0.82,0.01003046130949159,4.609969538690509,recovery,roleB_syn_corpus_whatif,Role B synthetic corpus — 14-design mean over 6 scenarios (NOT this chip),predictions.csv,1.1,False,VALIDATED
244,u_cdc_wbeat.rgray[0]$_DFF_PN0_,clk_core,4.62,0.82,0.01003046130949159,4.609969538690509,recovery,roleB_syn_corpus_whatif,Role B synthetic corpus — 14-design mean over 6 scenarios (NOT this chip),predictions.csv,1.1,False,VALIDATED
246,u_cdc_wbeat.rq1_wgray[0]$_DFF_PN0_,clk_core,4.62,0.82,0.01003046130949159,4.609969538690509,recovery,roleB_syn_corpus_whatif,Role B synthetic corpus — 14-design mean over 6 scenarios (NOT this chip),predictions.csv,1.1,False,VALIDATED
248,u_cdc_wbeat.rq1_wgray[4]$_DFF_PN0_,clk_core,4.62,0.82,0.01003046130949159,4.609969538690509,recovery,roleB_syn_corpus_whatif,Role B synthetic corpus — 14-design mean over 6 scenarios (NOT this chip),predictions.csv,1.1,False,VALIDATED
249,u_cdc_wbeat.rq1_wgray[3]$_DFF_PN0_,clk_core,4.62,0.82,0.01003046130949159,4.609969538690509,recovery,roleB_syn_corpus_whatif,Role B synthetic corpus — 14-design mean over 6 scenarios (NOT this chip),predictions.csv,1.1,False,VALIDATED
250,u_cdc_wbeat.rq2_wgray[0]$_DFF_PN0_,clk_core,4.62,0.82,0.01003046130949159,4.609969538690509,recovery,roleB_syn_corpus_whatif,Role B synthetic corpus — 14-design mean over 6 scenarios (NOT this chip),predictions.csv,1.1,False,VALIDATED
251,u_cdc_wbeat.rq2_wgray[4]$_DFF_PN0_,clk_core,4.62,0.82,0.01003046130949159,4.609969538690509,recovery,roleB_syn_corpus_whatif,Role B synthetic corpus — 14-design mean over 6 scenarios (NOT this chip),predictions.csv,1.1,False,VALIDATED
254,g_chan[0].u_cdc_chw.wr_full$_DFF_PN0_,clk_core,4.63,0.81,0.010021694419648036,4.619978305580352,recovery,roleB_syn_corpus_whatif,Role B synthetic corpus — 14-design mean over 6 scenarios (NOT this chip),predictions.csv,1.1,False,VALIDATED
253,g_chan[1].u_cdc_chw.wr_full$_DFF_PN0_,clk_core,4.63,0.81,0.010007435584611903,4.619992564415388,recovery,roleB_syn_corpus_whatif,Role B synthetic corpus — 14-design mean over 6 scenarios (NOT this chip),predictions.csv,1.1,False,VALIDATED
252,u_seq_core.chan_q$_DFFE_PN0P_,clk_core,4.63,0.81,0.010005245994065742,4.619994754005934,recovery,roleB_syn_corpus_whatif,Role B synthetic corpus — 14-design mean over 6 scenarios (NOT this chip),predictions.csv,1.1,False,VALIDATED
255,u_cdc_wbeat.rd_empty$_DFF_PN1_,clk_core,4.63,0.81,0.009912307466379208,4.6200876925336205,recovery,roleB_syn_corpus_whatif,Role B synthetic corpus — 14-design mean over 6 scenarios (NOT this chip),predictions.csv,1.1,False,VALIDATED
256,g_chan[0].u_cdc_chcmd.wq1_rgray[3]$_DFF_PN0_,clk_core,4.64,0.81,0.009910272578394164,4.6300897274216055,recovery,roleB_syn_corpus_whatif,Role B synthetic corpus — 14-design mean over 6 scenarios (NOT this chip),predictions.csv,1.1,False,VALIDATED
257,u_seq_core.mask_q[0]$_DFFE_PN0P_,clk_core,4.64,0.81,0.009910272578394164,4.6300897274216055,recovery,roleB_syn_corpus_whatif,Role B synthetic corpus — 14-design mean over 6 scenarios (NOT this chip),predictions.csv,1.1,False,VALIDATED
258,g_chan[0].u_cdc_chcmd.wq1_rgray[2]$_DFF_PN0_,clk_core,4.64,0.81,0.009910272578394164,4.6300897274216055,recovery,roleB_syn_corpus_whatif,Role B synthetic corpus — 14-design mean over 6 scenarios (NOT this chip),predictions.csv,1.1,False,VALIDATED
259,u_seq_core.mask_q[1]$_DFFE_PN0P_,clk_core,4.64,0.81,0.009910272578394164,4.6300897274216055,recovery,roleB_syn_corpus_whatif,Role B synthetic corpus — 14-design mean over 6 scenarios (NOT this chip),predictions.csv,1.1,False,VALIDATED
260,u_seq_core.op_q[4]$_DFFE_PN0P_,clk_core,4.64,0.81,0.009910272578394164,4.6300897274216055,recovery,roleB_syn_corpus_whatif,Role B synthetic corpus — 14-design mean over 6 scenarios (NOT this chip),predictions.csv,1.1,False,VALIDATED
261,u_seq_core.op_q[5]$_DFFE_PN0P_,clk_core,4.64,0.8,0.009787923534216515,4.630212076465783,recovery,roleB_syn_corpus_whatif,Role B synthetic corpus — 14-design mean over 6 scenarios (NOT this chip),predictions.csv,1.1,False,VALIDATED
262,u_seq_core.op_q[2]$_DFFE_PN0P_,clk_core,4.64,0.8,0.009787923534216515,4.630212076465783,recovery,roleB_syn_corpus_whatif,Role B synthetic corpus — 14-design mean over 6 scenarios (NOT this chip),predictions.csv,1.1,False,VALIDATED
275,u_seq_core.beats_left[15]$_DFFE_PN0P_,clk_core,4.65,0.8,0.00971839517992757,4.640281604820073,recovery,roleB_syn_corpus_whatif,Role B synthetic corpus — 14-design mean over 6 scenarios (NOT this chip),predictions.csv,1.1,False,VALIDATED
283,u_seq_core.beats_left[24]$_DFFE_PN0P_,clk_core,4.65,0.8,0.009716780924753789,4.640283219075247,recovery,roleB_syn_corpus_whatif,Role B synthetic corpus — 14-design mean over 6 scenarios (NOT this chip),predictions.csv,1.1,False,VALIDATED
282,u_seq_core.beats_left[23]$_DFFE_PN0P_,clk_core,4.65,0.8,0.009716780924753789,4.640283219075247,recovery,roleB_syn_corpus_whatif,Role B synthetic corpus — 14-design mean over 6 scenarios (NOT this chip),predictions.csv,1.1,False,VALIDATED
287,u_seq_core.beats_left[17]$_DFFE_PN0P_,clk_core,4.65,0.8,0.009716780924753789,4.640283219075247,recovery,roleB_syn_corpus_whatif,Role B synthetic corpus — 14-design mean over 6 scenarios (NOT this chip),predictions.csv,1.1,False,VALIDATED
285,u_seq_core.beats_left[18]$_DFFE_PN0P_,clk_core,4.65,0.8,0.009716780924753789,4.640283219075247,recovery,roleB_syn_corpus_whatif,Role B synthetic corpus — 14-design mean over 6 scenarios (NOT this chip),predictions.csv,1.1,False,VALIDATED
290,u_seq_core.beats_left[16]$_DFFE_PN0P_,clk_core,4.65,0.8,0.009716780924753789,4.640283219075247,recovery,roleB_syn_corpus_whatif,Role B synthetic corpus — 14-design mean over 6 scenarios (NOT this chip),predictions.csv,1.1,False,VALIDATED
264,u_seq_core.beats_left[19]$_DFFE_PN0P_,clk_core,4.65,0.8,0.009704175980129744,4.64029582401987,recovery,roleB_syn_corpus_whatif,Role B synthetic corpus — 14-design mean over 6 scenarios (NOT this chip),predictions.csv,1.1,False,VALIDATED
265,u_seq_core.addr_q[1]$_DFFE_PN0P_,clk_core,4.65,0.79,0.009624478437123968,4.640375521562876,recovery,roleB_syn_corpus_whatif,Role B synthetic corpus — 14-design mean over 6 scenarios (NOT this chip),predictions.csv,1.1,False,VALIDATED
266,u_seq_core.addr_q[18]$_DFFE_PN0P_,clk_core,4.65,0.79,0.009624478437123968,4.640375521562876,recovery,roleB_syn_corpus_whatif,Role B synthetic corpus — 14-design mean over 6 scenarios (NOT this chip),predictions.csv,1.1,False,VALIDATED
270,u_seq_core.addr_q[17]$_DFFE_PN0P_,clk_core,4.65,0.79,0.009624478437123968,4.640375521562876,recovery,roleB_syn_corpus_whatif,Role B synthetic corpus — 14-design mean over 6 scenarios (NOT this chip),predictions.csv,1.1,False,VALIDATED
263,u_seq_core.addr_q[25]$_DFFE_PN0P_,clk_core,4.65,0.79,0.009624478437123968,4.640375521562876,recovery,roleB_syn_corpus_whatif,Role B synthetic corpus — 14-design mean over 6 scenarios (NOT this chip),predictions.csv,1.1,False,VALIDATED
267,u_seq_core.beats_left[1]$_DFFE_PN0P_,clk_core,4.65,0.79,0.009624478437123968,4.640375521562876,recovery,roleB_syn_corpus_whatif,Role B synthetic corpus — 14-design mean over 6 scenarios (NOT this chip),predictions.csv,1.1,False,VALIDATED
279,u_seq_core.addr_q[4]$_DFFE_PN0P_,clk_core,4.65,0.79,0.0096206711711729,4.6403793288288275,recovery,roleB_syn_corpus_whatif,Role B synthetic corpus — 14-design mean over 6 scenarios (NOT this chip),predictions.csv,1.1,False,VALIDATED
281,u_seq_core.addr_q[30]$_DFFE_PN0P_,clk_core,4.65,0.79,0.0096206711711729,4.6403793288288275,recovery,roleB_syn_corpus_whatif,Role B synthetic corpus — 14-design mean over 6 scenarios (NOT this chip),predictions.csv,1.1,False,VALIDATED
288,u_seq_core.addr_q[10]$_DFFE_PN0P_,clk_core,4.65,0.79,0.009606766485044237,4.640393233514956,recovery,roleB_syn_corpus_whatif,Role B synthetic corpus — 14-design mean over 6 scenarios (NOT this chip),predictions.csv,1.1,False,VALIDATED
286,u_seq_core.addr_q[3]$_DFFE_PN0P_,clk_core,4.65,0.79,0.009606766485044237,4.640393233514956,recovery,roleB_syn_corpus_whatif,Role B synthetic corpus — 14-design mean over 6 scenarios (NOT this chip),predictions.csv,1.1,False,VALIDATED
289,u_seq_core.addr_q[5]$_DFFE_PN0P_,clk_core,4.65,0.79,0.009606766485044237,4.640393233514956,recovery,roleB_syn_corpus_whatif,Role B synthetic corpus — 14-design mean over 6 scenarios (NOT this chip),predictions.csv,1.1,False,VALIDATED
291,u_seq_core.addr_q[27]$_DFFE_PN0P_,clk_core,4.65,0.79,0.009606766485044237,4.640393233514956,recovery,roleB_syn_corpus_whatif,Role B synthetic corpus — 14-design mean over 6 scenarios (NOT this chip),predictions.csv,1.1,False,VALIDATED
294,u_seq_core.addr_q[11]$_DFFE_PN0P_,clk_core,4.65,0.79,0.009606766485044237,4.640393233514956,recovery,roleB_syn_corpus_whatif,Role B synthetic corpus — 14-design mean over 6 scenarios (NOT this chip),predictions.csv,1.1,False,VALIDATED
295,u_seq_core.beats_left[2]$_DFFE_PN0P_,clk_core,4.65,0.79,0.009603956022393785,4.640396043977606,recovery,roleB_syn_corpus_whatif,Role B synthetic corpus — 14-design mean over 6 scenarios (NOT this chip),predictions.csv,1.1,False,VALIDATED
276,u_seq_core.beats_left[5]$_DFFE_PN0P_,clk_core,4.65,0.79,0.009596915240178451,4.640403084759822,recovery,roleB_syn_corpus_whatif,Role B synthetic corpus — 14-design mean over 6 scenarios (NOT this chip),predictions.csv,1.1,False,VALIDATED
278,u_seq_core.beats_left[0]$_DFFE_PN0P_,clk_core,4.65,0.79,0.009596915240178451,4.640403084759822,recovery,roleB_syn_corpus_whatif,Role B synthetic corpus — 14-design mean over 6 scenarios (NOT this chip),predictions.csv,1.1,False,VALIDATED
277,u_seq_core.beats_left[14]$_DFFE_PN0P_,clk_core,4.65,0.79,0.009596915240178451,4.640403084759822,recovery,roleB_syn_corpus_whatif,Role B synthetic corpus — 14-design mean over 6 scenarios (NOT this chip),predictions.csv,1.1,False,VALIDATED
269,u_seq_core.beats_left[7]$_DFFE_PN0P_,clk_core,4.65,0.79,0.009595960662258499,4.640404039337742,recovery,roleB_syn_corpus_whatif,Role B synthetic corpus — 14-design mean over 6 scenarios (NOT this chip),predictions.csv,1.1,False,VALIDATED
271,u_seq_core.beats_left[6]$_DFFE_PN0P_,clk_core,4.65,0.79,0.009595960662258499,4.640404039337742,recovery,roleB_syn_corpus_whatif,Role B synthetic corpus — 14-design mean over 6 scenarios (NOT this chip),predictions.csv,1.1,False,VALIDATED
268,u_seq_core.beats_left[4]$_DFFE_PN0P_,clk_core,4.65,0.79,0.009595960662258499,4.640404039337742,recovery,roleB_syn_corpus_whatif,Role B synthetic corpus — 14-design mean over 6 scenarios (NOT this chip),predictions.csv,1.1,False,VALIDATED
274,u_seq_core.beats_left[3]$_DFFE_PN0P_,clk_core,4.65,0.79,0.009595960662258499,4.640404039337742,recovery,roleB_syn_corpus_whatif,Role B synthetic corpus — 14-design mean over 6 scenarios (NOT this chip),predictions.csv,1.1,False,VALIDATED
272,u_seq_core.op_q[6]$_DFFE_PN0P_,clk_core,4.65,0.79,0.009595960662258499,4.640404039337742,recovery,roleB_syn_corpus_whatif,Role B synthetic corpus — 14-design mean over 6 scenarios (NOT this chip),predictions.csv,1.1,False,VALIDATED
298,u_seq_core.beats_left[11]$_DFFE_PN0P_,clk_core,4.65,0.79,0.009584702202083309,4.640415297797917,recovery,roleB_syn_corpus_whatif,Role B synthetic corpus — 14-design mean over 6 scenarios (NOT this chip),predictions.csv,1.1,False,VALIDATED
302,u_seq_core.addr_q[19]$_DFFE_PN0P_,clk_core,4.65,0.79,0.0095795299462035,4.6404204700537965,recovery,roleB_syn_corpus_whatif,Role B synthetic corpus — 14-design mean over 6 scenarios (NOT this chip),predictions.csv,1.1,False,VALIDATED
300,u_seq_core.beats_left[9]$_DFFE_PN0P_,clk_core,4.65,0.79,0.009579390703415958,4.6404206092965845,recovery,roleB_syn_corpus_whatif,Role B synthetic corpus — 14-design mean over 6 scenarios (NOT this chip),predictions.csv,1.1,False,VALIDATED
299,u_seq_core.beats_left[10]$_DFFE_PN0P_,clk_core,4.65,0.79,0.009579390703415958,4.6404206092965845,recovery,roleB_syn_corpus_whatif,Role B synthetic corpus — 14-design mean over 6 scenarios (NOT this chip),predictions.csv,1.1,False,VALIDATED
301,u_seq_core.beats_left[8]$_DFFE_PN0P_,clk_core,4.65,0.79,0.009579390703415958,4.6404206092965845,recovery,roleB_syn_corpus_whatif,Role B synthetic corpus — 14-design mean over 6 scenarios (NOT this chip),predictions.csv,1.1,False,VALIDATED
280,u_seq_core.addr_q[14]$_DFFE_PN0P_,clk_core,4.65,0.79,0.009572340697984197,4.640427659302016,recovery,roleB_syn_corpus_whatif,Role B synthetic corpus — 14-design mean over 6 scenarios (NOT this chip),predictions.csv,1.1,False,VALIDATED
273,u_seq_core.addr_q[22]$_DFFE_PN0P_,clk_core,4.65,0.79,0.009572340697984197,4.640427659302016,recovery,roleB_syn_corpus_whatif,Role B synthetic corpus — 14-design mean over 6 scenarios (NOT this chip),predictions.csv,1.1,False,VALIDATED
284,u_seq_core.addr_q[23]$_DFFE_PN0P_,clk_core,4.65,0.79,0.009572340697984197,4.640427659302016,recovery,roleB_syn_corpus_whatif,Role B synthetic corpus — 14-design mean over 6 scenarios (NOT this chip),predictions.csv,1.1,False,VALIDATED
296,u_seq_core.beats_left[12]$_DFFE_PN0P_,clk_core,4.65,0.79,0.009570660742282959,4.640429339257717,recovery,roleB_syn_corpus_whatif,Role B synthetic corpus — 14-design mean over 6 scenarios (NOT this chip),predictions.csv,1.1,False,VALIDATED
292,u_seq_core.beats_left[20]$_DFFE_PN0P_,clk_core,4.65,0.79,0.009570660742282959,4.640429339257717,recovery,roleB_syn_corpus_whatif,Role B synthetic corpus — 14-design mean over 6 scenarios (NOT this chip),predictions.csv,1.1,False,VALIDATED
293,u_seq_core.beats_left[13]$_DFFE_PN0P_,clk_core,4.65,0.79,0.009570660742282959,4.640429339257717,recovery,roleB_syn_corpus_whatif,Role B synthetic corpus — 14-design mean over 6 scenarios (NOT this chip),predictions.csv,1.1,False,VALIDATED
297,u_seq_core.beats_left[31]$_DFFE_PN0P_,clk_core,4.65,0.79,0.009570660742282959,4.640429339257717,recovery,roleB_syn_corpus_whatif,Role B synthetic corpus — 14-design mean over 6 scenarios (NOT this chip),predictions.csv,1.1,False,VALIDATED
303,c_cmd_addr[12]$_DFFE_PN0N_,clk_core,4.66,0.79,0.009182858844547163,4.650817141155453,recovery,roleB_syn_corpus_whatif,Role B synthetic corpus — 14-design mean over 6 scenarios (NOT this chip),predictions.csv,1.1,False,VALIDATED
304,c_cmd_addr[15]$_DFFE_PN0N_,clk_core,4.66,0.79,0.009182858844547163,4.650817141155453,recovery,roleB_syn_corpus_whatif,Role B synthetic corpus — 14-design mean over 6 scenarios (NOT this chip),predictions.csv,1.1,False,VALIDATED
305,c_cmd_addr[1]$_DFFE_PN0N_,clk_core,4.66,0.79,0.009182858844547163,4.650817141155453,recovery,roleB_syn_corpus_whatif,Role B synthetic corpus — 14-design mean over 6 scenarios (NOT this chip),predictions.csv,1.1,False,VALIDATED
306,c_cmd_addr[18]$_DFFE_PN0N_,clk_core,4.66,0.79,0.009182858844547163,4.650817141155453,recovery,roleB_syn_corpus_whatif,Role B synthetic corpus — 14-design mean over 6 scenarios (NOT this chip),predictions.csv,1.1,False,VALIDATED
307,c_cmd_addr[13]$_DFFE_PN0N_,clk_core,4.66,0.79,0.009182858844547163,4.650817141155453,recovery,roleB_syn_corpus_whatif,Role B synthetic corpus — 14-design mean over 6 scenarios (NOT this chip),predictions.csv,1.1,False,VALIDATED
308,c_cmd_addr[16]$_DFFE_PN0N_,clk_core,4.66,0.79,0.009176077949493794,4.650823922050506,recovery,roleB_syn_corpus_whatif,Role B synthetic corpus — 14-design mean over 6 scenarios (NOT this chip),predictions.csv,1.1,False,VALIDATED
309,c_cmd_opcode[7]$_DFFE_PN0N_,clk_core,4.66,0.79,0.009166065917166344,4.650833934082834,recovery,roleB_syn_corpus_whatif,Role B synthetic corpus — 14-design mean over 6 scenarios (NOT this chip),predictions.csv,1.1,False,VALIDATED
310,c_cmd_opcode[5]$_DFFE_PN0N_,clk_core,4.66,0.79,0.009166065917166344,4.650833934082834,recovery,roleB_syn_corpus_whatif,Role B synthetic corpus — 14-design mean over 6 scenarios (NOT this chip),predictions.csv,1.1,False,VALIDATED
311,c_cmd_addr[19]$_DFFE_PN0N_,clk_core,4.66,0.79,0.009166065917166344,4.650833934082834,recovery,roleB_syn_corpus_whatif,Role B synthetic corpus — 14-design mean over 6 scenarios (NOT this chip),predictions.csv,1.1,False,VALIDATED
312,c_cmd_addr[0]$_DFFE_PN0N_,clk_core,4.66,0.79,0.009166065917166344,4.650833934082834,recovery,roleB_syn_corpus_whatif,Role B synthetic corpus — 14-design mean over 6 scenarios (NOT this chip),predictions.csv,1.1,False,VALIDATED
313,c_cmd_opcode[6]$_DFFE_PN0N_,clk_core,4.66,0.79,0.00915642176278196,4.650843578237218,recovery,roleB_syn_corpus_whatif,Role B synthetic corpus — 14-design mean over 6 scenarios (NOT this chip),predictions.csv,1.1,False,VALIDATED
314,c_cmd_addr[14]$_DFFE_PN0N_,clk_core,4.67,0.79,0.00915642176278196,4.660843578237218,recovery,roleB_syn_corpus_whatif,Role B synthetic corpus — 14-design mean over 6 scenarios (NOT this chip),predictions.csv,1.1,False,VALIDATED
315,c_cmd_addr[2]$_DFFE_PN0N_,clk_core,4.67,0.79,0.00915642176278196,4.660843578237218,recovery,roleB_syn_corpus_whatif,Role B synthetic corpus — 14-design mean over 6 scenarios (NOT this chip),predictions.csv,1.1,False,VALIDATED
316,c_cmd_opcode[3]$_DFFE_PN0N_,clk_core,4.67,0.79,0.00915642176278196,4.660843578237218,recovery,roleB_syn_corpus_whatif,Role B synthetic corpus — 14-design mean over 6 scenarios (NOT this chip),predictions.csv,1.1,False,VALIDATED
317,u_seq_core.addr_q[28]$_DFFE_PN0P_,clk_core,4.69,0.76,0.009270597030182702,4.680729402969818,recovery,roleB_syn_corpus_whatif,Role B synthetic corpus — 14-design mean over 6 scenarios (NOT this chip),predictions.csv,1.1,False,VALIDATED
318,u_seq_core.addr_q[29]$_DFFE_PN0P_,clk_core,4.73,0.71,0.00869089888429353,4.721309101115707,recovery,roleB_syn_corpus_whatif,Role B synthetic corpus — 14-design mean over 6 scenarios (NOT this chip),predictions.csv,1.1,False,VALIDATED
319,g_chan[0].u_cdc_chcmd.wgray[2]$_DFF_PN0_,clk_core,4.74,0.7,0.00857121583443423,4.731428784165566,recovery,roleB_syn_corpus_whatif,Role B synthetic corpus — 14-design mean over 6 scenarios (NOT this chip),predictions.csv,1.1,False,VALIDATED
324,g_chan[0].u_cdc_chcmd.wq1_rgray[4]$_DFF_PN0_,clk_core,4.74,0.7,0.00857121583443423,4.731428784165566,recovery,roleB_syn_corpus_whatif,Role B synthetic corpus — 14-design mean over 6 scenarios (NOT this chip),predictions.csv,1.1,False,VALIDATED
322,g_chan[0].u_cdc_chcmd.wgray[3]$_DFF_PN0_,clk_core,4.74,0.7,0.00857121583443423,4.731428784165566,recovery,roleB_syn_corpus_whatif,Role B synthetic corpus — 14-design mean over 6 scenarios (NOT this chip),predictions.csv,1.1,False,VALIDATED
327,g_chan[0].u_cdc_chcmd.wq2_rgray[4]$_DFF_PN0_,clk_core,4.74,0.7,0.00857121583443423,4.731428784165566,recovery,roleB_syn_corpus_whatif,Role B synthetic corpus — 14-design mean over 6 scenarios (NOT this chip),predictions.csv,1.1,False,VALIDATED
329,g_chan[0].u_cdc_chcmd.wbin[2]$_DFF_PN0_,clk_core,4.74,0.7,0.00856239768971389,4.731437602310287,recovery,roleB_syn_corpus_whatif,Role B synthetic corpus — 14-design mean over 6 scenarios (NOT this chip),predictions.csv,1.1,False,VALIDATED
337,g_chan[0].u_cdc_chcmd.wq2_rgray[2]$_DFF_PN0_,clk_core,4.74,0.7,0.008561842443932668,4.731438157556068,recovery,roleB_syn_corpus_whatif,Role B synthetic corpus — 14-design mean over 6 scenarios (NOT this chip),predictions.csv,1.1,False,VALIDATED
338,g_chan[0].u_cdc_chcmd.wq2_rgray[3]$_DFF_PN0_,clk_core,4.74,0.7,0.008561842443932668,4.731438157556068,recovery,roleB_syn_corpus_whatif,Role B synthetic corpus — 14-design mean over 6 scenarios (NOT this chip),predictions.csv,1.1,False,VALIDATED
341,g_chan[0].u_cdc_chcmd.wq2_rgray[0]$_DFF_PN0_,clk_core,4.74,0.7,0.008561842443932668,4.731438157556068,recovery,roleB_syn_corpus_whatif,Role B synthetic corpus — 14-design mean over 6 scenarios (NOT this chip),predictions.csv,1.1,False,VALIDATED
340,g_chan[0].u_cdc_chcmd.wq1_rgray[0]$_DFF_PN0_,clk_core,4.74,0.7,0.008561842443932668,4.731438157556068,recovery,roleB_syn_corpus_whatif,Role B synthetic corpus — 14-design mean over 6 scenarios (NOT this chip),predictions.csv,1.1,False,VALIDATED
331,g_chan[0].u_cdc_chcmd.wbin[0]$_DFF_PN0_,clk_core,4.74,0.7,0.008548070637477936,4.731451929362522,recovery,roleB_syn_corpus_whatif,Role B synthetic corpus — 14-design mean over 6 scenarios (NOT this chip),predictions.csv,1.1,False,VALIDATED
330,g_chan[0].u_cdc_chcmd.wbin[1]$_DFF_PN0_,clk_core,4.74,0.7,0.008548070637477936,4.731451929362522,recovery,roleB_syn_corpus_whatif,Role B synthetic corpus — 14-design mean over 6 scenarios (NOT this chip),predictions.csv,1.1,False,VALIDATED
339,u_seq_core.op_q[7]$_DFFE_PN0P_,clk_core,4.74,0.7,0.008548070637477936,4.731451929362522,recovery,roleB_syn_corpus_whatif,Role B synthetic corpus — 14-design mean over 6 scenarios (NOT this chip),predictions.csv,1.1,False,VALIDATED
335,c_cmd_addr[3]$_DFFE_PN0N_,clk_core,4.74,0.71,0.008286405611472758,4.731713594388528,recovery,roleB_syn_corpus_whatif,Role B synthetic corpus — 14-design mean over 6 scenarios (NOT this chip),predictions.csv,1.1,False,VALIDATED
334,c_cmd_addr[30]$_DFFE_PN0N_,clk_core,4.74,0.71,0.008286405611472758,4.731713594388528,recovery,roleB_syn_corpus_whatif,Role B synthetic corpus — 14-design mean over 6 scenarios (NOT this chip),predictions.csv,1.1,False,VALIDATED
332,c_cmd_addr[10]$_DFFE_PN0N_,clk_core,4.74,0.71,0.008286405611472758,4.731713594388528,recovery,roleB_syn_corpus_whatif,Role B synthetic corpus — 14-design mean over 6 scenarios (NOT this chip),predictions.csv,1.1,False,VALIDATED
326,c_cmd_addr[26]$_DFFE_PN0N_,clk_core,4.74,0.71,0.008286405611472758,4.731713594388528,recovery,roleB_syn_corpus_whatif,Role B synthetic corpus — 14-design mean over 6 scenarios (NOT this chip),predictions.csv,1.1,False,VALIDATED
336,c_cmd_addr[11]$_DFFE_PN0N_,clk_core,4.74,0.71,0.008286405611472758,4.731713594388528,recovery,roleB_syn_corpus_whatif,Role B synthetic corpus — 14-design mean over 6 scenarios (NOT this chip),predictions.csv,1.1,False,VALIDATED
333,c_cmd_addr[5]$_DFFE_PN0N_,clk_core,4.74,0.71,0.008286405611472758,4.731713594388528,recovery,roleB_syn_corpus_whatif,Role B synthetic corpus — 14-design mean over 6 scenarios (NOT this chip),predictions.csv,1.1,False,VALIDATED
328,c_cmd_addr[4]$_DFFE_PN0N_,clk_core,4.74,0.71,0.008286405611472758,4.731713594388528,recovery,roleB_syn_corpus_whatif,Role B synthetic corpus — 14-design mean over 6 scenarios (NOT this chip),predictions.csv,1.1,False,VALIDATED
325,c_cmd_addr[21]$_DFFE_PN0N_,clk_core,4.74,0.71,0.008286405611472758,4.731713594388528,recovery,roleB_syn_corpus_whatif,Role B synthetic corpus — 14-design mean over 6 scenarios (NOT this chip),predictions.csv,1.1,False,VALIDATED
323,c_cmd_addr[27]$_DFFE_PN0N_,clk_core,4.74,0.71,0.00828558035483759,4.731714419645162,recovery,roleB_syn_corpus_whatif,Role B synthetic corpus — 14-design mean over 6 scenarios (NOT this chip),predictions.csv,1.1,False,VALIDATED
321,c_cmd_addr[29]$_DFFE_PN0N_,clk_core,4.74,0.71,0.00828558035483759,4.731714419645162,recovery,roleB_syn_corpus_whatif,Role B synthetic corpus — 14-design mean over 6 scenarios (NOT this chip),predictions.csv,1.1,False,VALIDATED
320,c_cmd_addr[28]$_DFFE_PN0N_,clk_core,4.74,0.71,0.00828558035483759,4.731714419645162,recovery,roleB_syn_corpus_whatif,Role B synthetic corpus — 14-design mean over 6 scenarios (NOT this chip),predictions.csv,1.1,False,VALIDATED
342,u_seq_core.state[2]$_DFFE_PN0P_,clk_core,4.75,0.7,0.008553024299212328,4.7414469757007875,recovery,roleB_syn_corpus_whatif,Role B synthetic corpus — 14-design mean over 6 scenarios (NOT this chip),predictions.csv,1.1,False,VALIDATED
345,u_seq_core.state[0]$_DFFE_PN0P_,clk_core,4.75,0.7,0.008553024299212328,4.7414469757007875,recovery,roleB_syn_corpus_whatif,Role B synthetic corpus — 14-design mean over 6 scenarios (NOT this chip),predictions.csv,1.1,False,VALIDATED
344,u_seq_core.state[1]$_DFFE_PN0P_,clk_core,4.75,0.7,0.008553024299212328,4.7414469757007875,recovery,roleB_syn_corpus_whatif,Role B synthetic corpus — 14-design mean over 6 scenarios (NOT this chip),predictions.csv,1.1,False,VALIDATED
361,u_seq_core.addr_q[24]$_DFFE_PN0P_,clk_core,4.75,0.69,0.008404948617336795,4.741595051382663,recovery,roleB_syn_corpus_whatif,Role B synthetic corpus — 14-design mean over 6 scenarios (NOT this chip),predictions.csv,1.1,False,VALIDATED
359,u_seq_core.addr_q[13]$_DFFE_PN0P_,clk_core,4.75,0.69,0.008404948617336795,4.741595051382663,recovery,roleB_syn_corpus_whatif,Role B synthetic corpus — 14-design mean over 6 scenarios (NOT this chip),predictions.csv,1.1,False,VALIDATED
354,u_seq_core.addr_q[15]$_DFFE_PN0P_,clk_core,4.75,0.69,0.008399861320808936,4.741600138679191,recovery,roleB_syn_corpus_whatif,Role B synthetic corpus — 14-design mean over 6 scenarios (NOT this chip),predictions.csv,1.1,False,VALIDATED
348,c_cmd_len[17]$_DFFE_PN0N_,clk_core,4.75,0.71,0.008243442468813048,4.741756557531187,recovery,roleB_syn_corpus_whatif,Role B synthetic corpus — 14-design mean over 6 scenarios (NOT this chip),predictions.csv,1.1,False,VALIDATED
346,c_cmd_len[15]$_DFFE_PN0N_,clk_core,4.75,0.71,0.008243442468813048,4.741756557531187,recovery,roleB_syn_corpus_whatif,Role B synthetic corpus — 14-design mean over 6 scenarios (NOT this chip),predictions.csv,1.1,False,VALIDATED
343,c_cmd_len[24]$_DFFE_PN0N_,clk_core,4.75,0.71,0.008243442468813048,4.741756557531187,recovery,roleB_syn_corpus_whatif,Role B synthetic corpus — 14-design mean over 6 scenarios (NOT this chip),predictions.csv,1.1,False,VALIDATED
347,c_cmd_len[19]$_DFFE_PN0N_,clk_core,4.75,0.71,0.008243442468813048,4.741756557531187,recovery,roleB_syn_corpus_whatif,Role B synthetic corpus — 14-design mean over 6 scenarios (NOT this chip),predictions.csv,1.1,False,VALIDATED
349,c_cmd_len[18]$_DFFE_PN0N_,clk_core,4.75,0.71,0.008243442468813048,4.741756557531187,recovery,roleB_syn_corpus_whatif,Role B synthetic corpus — 14-design mean over 6 scenarios (NOT this chip),predictions.csv,1.1,False,VALIDATED
360,c_cmd_len[26]$_DFFE_PN0N_,clk_core,4.75,0.7,0.008163070857436318,4.741836929142564,recovery,roleB_syn_corpus_whatif,Role B synthetic corpus — 14-design mean over 6 scenarios (NOT this chip),predictions.csv,1.1,False,VALIDATED
353,c_cmd_len[16]$_DFFE_PN0N_,clk_core,4.75,0.7,0.0081273376453085,4.741872662354692,recovery,roleB_syn_corpus_whatif,Role B synthetic corpus — 14-design mean over 6 scenarios (NOT this chip),predictions.csv,1.1,False,VALIDATED
350,c_cmd_len[14]$_DFFE_PN0N_,clk_core,4.75,0.7,0.0081273376453085,4.741872662354692,recovery,roleB_syn_corpus_whatif,Role B synthetic corpus — 14-design mean over 6 scenarios (NOT this chip),predictions.csv,1.1,False,VALIDATED
358,c_cmd_len[20]$_DFFE_PN0N_,clk_core,4.75,0.7,0.0081273376453085,4.741872662354692,recovery,roleB_syn_corpus_whatif,Role B synthetic corpus — 14-design mean over 6 scenarios (NOT this chip),predictions.csv,1.1,False,VALIDATED
357,c_cmd_len[25]$_DFFE_PN0N_,clk_core,4.75,0.7,0.0081273376453085,4.741872662354692,recovery,roleB_syn_corpus_whatif,Role B synthetic corpus — 14-design mean over 6 scenarios (NOT this chip),predictions.csv,1.1,False,VALIDATED
351,c_cmd_len[13]$_DFFE_PN0N_,clk_core,4.75,0.7,0.0081273376453085,4.741872662354692,recovery,roleB_syn_corpus_whatif,Role B synthetic corpus — 14-design mean over 6 scenarios (NOT this chip),predictions.csv,1.1,False,VALIDATED
352,c_cmd_len[12]$_DFFE_PN0N_,clk_core,4.75,0.7,0.0081273376453085,4.741872662354692,recovery,roleB_syn_corpus_whatif,Role B synthetic corpus — 14-design mean over 6 scenarios (NOT this chip),predictions.csv,1.1,False,VALIDATED
355,c_cmd_len[23]$_DFFE_PN0N_,clk_core,4.75,0.7,0.0081273376453085,4.741872662354692,recovery,roleB_syn_corpus_whatif,Role B synthetic corpus — 14-design mean over 6 scenarios (NOT this chip),predictions.csv,1.1,False,VALIDATED
356,c_cmd_len[22]$_DFFE_PN0N_,clk_core,4.75,0.7,0.0081273376453085,4.741872662354692,recovery,roleB_syn_corpus_whatif,Role B synthetic corpus — 14-design mean over 6 scenarios (NOT this chip),predictions.csv,1.1,False,VALIDATED
363,u_seq_core.addr_q[12]$_DFFE_PN0P_,clk_core,4.76,0.69,0.00839600210734115,4.7516039978926585,recovery,roleB_syn_corpus_whatif,Role B synthetic corpus — 14-design mean over 6 scenarios (NOT this chip),predictions.csv,1.1,False,VALIDATED
365,u_seq_core.addr_q[0]$_DFFE_PN0P_,clk_core,4.76,0.69,0.00839600210734115,4.7516039978926585,recovery,roleB_syn_corpus_whatif,Role B synthetic corpus — 14-design mean over 6 scenarios (NOT this chip),predictions.csv,1.1,False,VALIDATED
369,u_seq_core.addr_q[16]$_DFFE_PN0P_,clk_core,4.76,0.68,0.008274320917379618,4.75172567908262,recovery,roleB_syn_corpus_whatif,Role B synthetic corpus — 14-design mean over 6 scenarios (NOT this chip),predictions.csv,1.1,False,VALIDATED
364,c_cmd_len[31]$_DFFE_PN0N_,clk_core,4.76,0.7,0.0081401693830195,4.75185983061698,recovery,roleB_syn_corpus_whatif,Role B synthetic corpus — 14-design mean over 6 scenarios (NOT this chip),predictions.csv,1.1,False,VALIDATED
371,c_cmd_len[28]$_DFFE_PN0N_,clk_core,4.76,0.7,0.0081401693830195,4.75185983061698,recovery,roleB_syn_corpus_whatif,Role B synthetic corpus — 14-design mean over 6 scenarios (NOT this chip),predictions.csv,1.1,False,VALIDATED
362,c_cmd_len[21]$_DFFE_PN0N_,clk_core,4.76,0.7,0.0081401693830195,4.75185983061698,recovery,roleB_syn_corpus_whatif,Role B synthetic corpus — 14-design mean over 6 scenarios (NOT this chip),predictions.csv,1.1,False,VALIDATED
370,c_cmd_addr[31]$_DFFE_PN0N_,clk_core,4.76,0.69,0.008046455559472983,4.751953544440527,recovery,roleB_syn_corpus_whatif,Role B synthetic corpus — 14-design mean over 6 scenarios (NOT this chip),predictions.csv,1.1,False,VALIDATED
368,c_cmd_len[27]$_DFFE_PN0N_,clk_core,4.76,0.69,0.008046455559472983,4.751953544440527,recovery,roleB_syn_corpus_whatif,Role B synthetic corpus — 14-design mean over 6 scenarios (NOT this chip),predictions.csv,1.1,False,VALIDATED
367,c_cmd_addr[20]$_DFFE_PN0N_,clk_core,4.76,0.69,0.008046455559472983,4.751953544440527,recovery,roleB_syn_corpus_whatif,Role B synthetic corpus — 14-design mean over 6 scenarios (NOT this chip),predictions.csv,1.1,False,VALIDATED
366,c_cmd_len[29]$_DFFE_PN0N_,clk_core,4.76,0.69,0.008046455559472983,4.751953544440527,recovery,roleB_syn_corpus_whatif,Role B synthetic corpus — 14-design mean over 6 scenarios (NOT this chip),predictions.csv,1.1,False,VALIDATED
372,c_cmd_len[30]$_DFFE_PN0N_,clk_core,4.76,0.69,0.008023881248976406,4.751976118751023,recovery,roleB_syn_corpus_whatif,Role B synthetic corpus — 14-design mean over 6 scenarios (NOT this chip),predictions.csv,1.1,False,VALIDATED
374,c_cmd_len[11]$_DFFE_PN0N_,clk_core,4.77,0.69,0.008023881248976406,4.761976118751023,recovery,roleB_syn_corpus_whatif,Role B synthetic corpus — 14-design mean over 6 scenarios (NOT this chip),predictions.csv,1.1,False,VALIDATED
373,c_cmd_addr[22]$_DFFE_PN0N_,clk_core,4.77,0.69,0.008023881248976406,4.761976118751023,recovery,roleB_syn_corpus_whatif,Role B synthetic corpus — 14-design mean over 6 scenarios (NOT this chip),predictions.csv,1.1,False,VALIDATED
805,u_host_if.repack_q[9]$_DFFE_PN0P_,clk_host,6.54,3.69,0.04456550162746825,6.495434498372532,setup,roleB_syn_corpus_whatif,Role B synthetic corpus — 14-design mean over 6 scenarios (NOT this chip),predictions.csv,1.1,False,VALIDATED
812,u_host_if.repack_q[11]$_DFFE_PN0P_,clk_host,6.54,3.69,0.04455614090580956,6.49544385909419,setup,roleB_syn_corpus_whatif,Role B synthetic corpus — 14-design mean over 6 scenarios (NOT this chip),predictions.csv,1.1,False,VALIDATED
810,u_host_if.repack_q[8]$_DFFE_PN0P_,clk_host,6.54,3.69,0.04455614090580956,6.49544385909419,setup,roleB_syn_corpus_whatif,Role B synthetic corpus — 14-design mean over 6 scenarios (NOT this chip),predictions.csv,1.1,False,VALIDATED
806,u_host_if.repack_q[7]$_DFFE_PN0P_,clk_host,6.54,3.69,0.04454678018415087,6.495453219815849,setup,roleB_syn_corpus_whatif,Role B synthetic corpus — 14-design mean over 6 scenarios (NOT this chip),predictions.csv,1.1,False,VALIDATED
807,u_host_if.repack_q[5]$_DFFE_PN0P_,clk_host,6.54,3.69,0.04454678018415087,6.495453219815849,setup,roleB_syn_corpus_whatif,Role B synthetic corpus — 14-design mean over 6 scenarios (NOT this chip),predictions.csv,1.1,False,VALIDATED
808,u_host_if.repack_q[2]$_DFFE_PN0P_,clk_host,6.54,3.69,0.04454678018415087,6.495453219815849,setup,roleB_syn_corpus_whatif,Role B synthetic corpus — 14-design mean over 6 scenarios (NOT this chip),predictions.csv,1.1,False,VALIDATED
804,u_host_if.repack_q[1]$_DFFE_PN0P_,clk_host,6.54,3.69,0.04454678018415087,6.495453219815849,setup,roleB_syn_corpus_whatif,Role B synthetic corpus — 14-design mean over 6 scenarios (NOT this chip),predictions.csv,1.1,False,VALIDATED
811,u_host_if.repack_q[13]$_DFFE_PN0P_,clk_host,6.54,3.68,0.04428756417248794,6.495712435827512,setup,roleB_syn_corpus_whatif,Role B synthetic corpus — 14-design mean over 6 scenarios (NOT this chip),predictions.csv,1.1,False,VALIDATED
802,u_host_if.reg_len[11]$_DFFE_PN0P_,clk_host,6.54,3.7,0.04412780981175787,6.495872190188242,setup,roleB_syn_corpus_whatif,Role B synthetic corpus — 14-design mean over 6 scenarios (NOT this chip),predictions.csv,1.1,False,VALIDATED
801,u_host_if.reg_len[9]$_DFFE_PN0P_,clk_host,6.54,3.7,0.0441210520720737,6.495878947927927,setup,roleB_syn_corpus_whatif,Role B synthetic corpus — 14-design mean over 6 scenarios (NOT this chip),predictions.csv,1.1,False,VALIDATED
803,u_host_if.reg_len[3]$_DFFE_PN0P_,clk_host,6.54,3.7,0.043491830093334155,6.496508169906666,setup,roleB_syn_corpus_whatif,Role B synthetic corpus — 14-design mean over 6 scenarios (NOT this chip),predictions.csv,1.1,False,VALIDATED
809,u_host_if.reg_len[0]$_DFFE_PN0P_,clk_host,6.54,3.7,0.043349716631445656,6.496650283368554,setup,roleB_syn_corpus_whatif,Role B synthetic corpus — 14-design mean over 6 scenarios (NOT this chip),predictions.csv,1.1,False,VALIDATED
815,u_host_if.repack_q[6]$_DFFE_PN0P_,clk_host,6.55,3.69,0.04447734549920593,6.505522654500794,setup,roleB_syn_corpus_whatif,Role B synthetic corpus — 14-design mean over 6 scenarios (NOT this chip),predictions.csv,1.1,False,VALIDATED
830,u_host_if.repack_q[4]$_DFFE_PN0P_,clk_host,6.55,3.69,0.04446494299391601,6.5055350570060835,setup,roleB_syn_corpus_whatif,Role B synthetic corpus — 14-design mean over 6 scenarios (NOT this chip),predictions.csv,1.1,False,VALIDATED
832,u_host_if.repack_q[15]$_DFFE_PN0P_,clk_host,6.55,3.68,0.04441368830845757,6.505586311691542,setup,roleB_syn_corpus_whatif,Role B synthetic corpus — 14-design mean over 6 scenarios (NOT this chip),predictions.csv,1.1,False,VALIDATED
833,u_host_if.repack_q[3]$_DFFE_PN0P_,clk_host,6.55,3.68,0.04427519527832349,6.505724804721677,setup,roleB_syn_corpus_whatif,Role B synthetic corpus — 14-design mean over 6 scenarios (NOT this chip),predictions.csv,1.1,False,VALIDATED
816,u_host_if.reg_len[5]$_DFFE_PN0P_,clk_host,6.55,3.7,0.044020288592498596,6.505979711407501,setup,roleB_syn_corpus_whatif,Role B synthetic corpus — 14-design mean over 6 scenarios (NOT this chip),predictions.csv,1.1,False,VALIDATED
814,u_host_if.reg_len[7]$_DFFE_PN0P_,clk_host,6.55,3.7,0.043992260029052266,6.506007739970948,setup,roleB_syn_corpus_whatif,Role B synthetic corpus — 14-design mean over 6 scenarios (NOT this chip),predictions.csv,1.1,False,VALIDATED
818,u_host_if.reg_len[8]$_DFFE_PN0P_,clk_host,6.55,3.7,0.043908523865277355,6.506091476134722,setup,roleB_syn_corpus_whatif,Role B synthetic corpus — 14-design mean over 6 scenarios (NOT this chip),predictions.csv,1.1,False,VALIDATED
817,u_host_if.reg_len[2]$_DFFE_PN0P_,clk_host,6.55,3.7,0.043908523865277355,6.506091476134722,setup,roleB_syn_corpus_whatif,Role B synthetic corpus — 14-design mean over 6 scenarios (NOT this chip),predictions.csv,1.1,False,VALIDATED
825,u_host_if.reg_len[6]$_DFFE_PN0P_,clk_host,6.55,3.7,0.043843104655245824,6.506156895344754,setup,roleB_syn_corpus_whatif,Role B synthetic corpus — 14-design mean over 6 scenarios (NOT this chip),predictions.csv,1.1,False,VALIDATED
822,u_host_if.reg_len[26]$_DFFE_PN0P_,clk_host,6.55,3.7,0.04382691304363717,6.5061730869563625,setup,roleB_syn_corpus_whatif,Role B synthetic corpus — 14-design mean over 6 scenarios (NOT this chip),predictions.csv,1.1,False,VALIDATED
821,u_host_if.reg_len[27]$_DFFE_PN0P_,clk_host,6.55,3.7,0.04382691304363717,6.5061730869563625,setup,roleB_syn_corpus_whatif,Role B synthetic corpus — 14-design mean over 6 scenarios (NOT this chip),predictions.csv,1.1,False,VALIDATED
823,u_host_if.reg_len[29]$_DFFE_PN0P_,clk_host,6.55,3.7,0.04382691304363717,6.5061730869563625,setup,roleB_syn_corpus_whatif,Role B synthetic corpus — 14-design mean over 6 scenarios (NOT this chip),predictions.csv,1.1,False,VALIDATED
820,u_host_if.reg_len[4]$_DFFE_PN0P_,clk_host,6.55,3.7,0.0437920129467117,6.506207987053288,setup,roleB_syn_corpus_whatif,Role B synthetic corpus — 14-design mean over 6 scenarios (NOT this chip),predictions.csv,1.1,False,VALIDATED
826,u_host_if.reg_len[14]$_DFFE_PN0P_,clk_host,6.55,3.69,0.043757675453583056,6.506242324546417,setup,roleB_syn_corpus_whatif,Role B synthetic corpus — 14-design mean over 6 scenarios (NOT this chip),predictions.csv,1.1,False,VALIDATED
827,u_host_if.reg_len[20]$_DFFE_PN0P_,clk_host,6.55,3.69,0.04368404511596502,6.506315954884035,setup,roleB_syn_corpus_whatif,Role B synthetic corpus — 14-design mean over 6 scenarios (NOT this chip),predictions.csv,1.1,False,VALIDATED
819,u_host_if.reg_len[10]$_DFFE_PN0P_,clk_host,6.55,3.7,0.04364993394201294,6.506350066057987,setup,roleB_syn_corpus_whatif,Role B synthetic corpus — 14-design mean over 6 scenarios (NOT this chip),predictions.csv,1.1,False,VALIDATED
829,u_host_if.reg_len[21]$_DFFE_PN0P_,clk_host,6.55,3.69,0.04362246092757105,6.506377539072429,setup,roleB_syn_corpus_whatif,Role B synthetic corpus — 14-design mean over 6 scenarios (NOT this chip),predictions.csv,1.1,False,VALIDATED
828,u_host_if.reg_len[31]$_DFFE_PN0P_,clk_host,6.55,3.69,0.04362246092757105,6.506377539072429,setup,roleB_syn_corpus_whatif,Role B synthetic corpus — 14-design mean over 6 scenarios (NOT this chip),predictions.csv,1.1,False,VALIDATED
831,u_host_if.reg_len[13]$_DFFE_PN0P_,clk_host,6.55,3.69,0.04362107846372418,6.5063789215362755,setup,roleB_syn_corpus_whatif,Role B synthetic corpus — 14-design mean over 6 scenarios (NOT this chip),predictions.csv,1.1,False,VALIDATED
813,u_host_if.reg_len[1]$_DFFE_PN0P_,clk_host,6.55,3.7,0.043479416341934696,6.506520583658065,setup,roleB_syn_corpus_whatif,Role B synthetic corpus — 14-design mean over 6 scenarios (NOT this chip),predictions.csv,1.1,False,VALIDATED
824,u_host_if.reg_len[30]$_DFFE_PN0P_,clk_host,6.55,3.69,0.04337997694412196,6.506620023055878,setup,roleB_syn_corpus_whatif,Role B synthetic corpus — 14-design mean over 6 scenarios (NOT this chip),predictions.csv,1.1,False,VALIDATED
837,u_host_if.repack_q[16]$_DFFE_PN0P_,clk_host,6.56,3.68,0.04431635834323244,6.515683641656767,setup,roleB_syn_corpus_whatif,Role B synthetic corpus — 14-design mean over 6 scenarios (NOT this chip),predictions.csv,1.1,False,VALIDATED
835,u_host_if.repack_q[12]$_DFFE_PN0P_,clk_host,6.56,3.68,0.0442471118281654,6.515752888171834,setup,roleB_syn_corpus_whatif,Role B synthetic corpus — 14-design mean over 6 scenarios (NOT this chip),predictions.csv,1.1,False,VALIDATED
836,u_host_if.repack_q[10]$_DFFE_PN0P_,clk_host,6.56,3.68,0.0442471118281654,6.515752888171834,setup,roleB_syn_corpus_whatif,Role B synthetic corpus — 14-design mean over 6 scenarios (NOT this chip),predictions.csv,1.1,False,VALIDATED
838,u_host_if.repack_q[19]$_DFFE_PN0P_,clk_host,6.56,3.68,0.044234755342591775,6.515765244657408,setup,roleB_syn_corpus_whatif,Role B synthetic corpus — 14-design mean over 6 scenarios (NOT this chip),predictions.csv,1.1,False,VALIDATED
843,u_host_if.reg_addr[11]$_DFFE_PN0P_,clk_host,6.56,3.68,0.04405232622681399,6.515947673773185,setup,roleB_syn_corpus_whatif,Role B synthetic corpus — 14-design mean over 6 scenarios (NOT this chip),predictions.csv,1.1,False,VALIDATED
839,u_host_if.reg_addr[10]$_DFFE_PN0P_,clk_host,6.56,3.68,0.04403961326310579,6.515960386736894,setup,roleB_syn_corpus_whatif,Role B synthetic corpus — 14-design mean over 6 scenarios (NOT this chip),predictions.csv,1.1,False,VALIDATED
840,u_host_if.reg_addr[30]$_DFFE_PN0P_,clk_host,6.56,3.68,0.04403961326310579,6.515960386736894,setup,roleB_syn_corpus_whatif,Role B synthetic corpus — 14-design mean over 6 scenarios (NOT this chip),predictions.csv,1.1,False,VALIDATED
844,u_host_if.reg_addr[28]$_DFFE_PN0P_,clk_host,6.56,3.68,0.04381926299765332,6.516180737002347,setup,roleB_syn_corpus_whatif,Role B synthetic corpus — 14-design mean over 6 scenarios (NOT this chip),predictions.csv,1.1,False,VALIDATED
834,u_host_if.reg_len[28]$_DFFE_PN0P_,clk_host,6.56,3.7,0.04373134285974212,6.516268657140257,setup,roleB_syn_corpus_whatif,Role B synthetic corpus — 14-design mean over 6 scenarios (NOT this chip),predictions.csv,1.1,False,VALIDATED
841,u_host_if.reg_addr[26]$_DFFE_PN0P_,clk_host,6.56,3.68,0.04366686097129885,6.516333139028701,setup,roleB_syn_corpus_whatif,Role B synthetic corpus — 14-design mean over 6 scenarios (NOT this chip),predictions.csv,1.1,False,VALIDATED
842,u_host_if.reg_addr[27]$_DFFE_PN0P_,clk_host,6.56,3.68,0.04359713967067658,6.516402860329323,setup,roleB_syn_corpus_whatif,Role B synthetic corpus — 14-design mean over 6 scenarios (NOT this chip),predictions.csv,1.1,False,VALIDATED
847,u_host_if.reg_addr[4]$_DFFE_PN0P_,clk_host,6.57,3.68,0.043960689909316786,6.526039310090684,setup,roleB_syn_corpus_whatif,Role B synthetic corpus — 14-design mean over 6 scenarios (NOT this chip),predictions.csv,1.1,False,VALIDATED
848,u_host_if.reg_addr[3]$_DFFE_PN0P_,clk_host,6.57,3.68,0.043939728138357226,6.526060271861643,setup,roleB_syn_corpus_whatif,Role B synthetic corpus — 14-design mean over 6 scenarios (NOT this chip),predictions.csv,1.1,False,VALIDATED
845,u_host_if.reg_addr[29]$_DFFE_PN0P_,clk_host,6.57,3.68,0.043836540482407704,6.526163459517592,setup,roleB_syn_corpus_whatif,Role B synthetic corpus — 14-design mean over 6 scenarios (NOT this chip),predictions.csv,1.1,False,VALIDATED
846,u_host_if.reg_addr[9]$_DFFE_PN0P_,clk_host,6.57,3.67,0.043769327143848624,6.526230672856151,setup,roleB_syn_corpus_whatif,Role B synthetic corpus — 14-design mean over 6 scenarios (NOT this chip),predictions.csv,1.1,False,VALIDATED
850,u_host_if.reg_addr[5]$_DFFE_PN0P_,clk_host,6.57,3.67,0.04347846989535231,6.526521530104648,setup,roleB_syn_corpus_whatif,Role B synthetic corpus — 14-design mean over 6 scenarios (NOT this chip),predictions.csv,1.1,False,VALIDATED
849,u_host_if.reg_addr[7]$_DFFE_PN0P_,clk_host,6.57,3.67,0.04344759432115253,6.5265524056788475,setup,roleB_syn_corpus_whatif,Role B synthetic corpus — 14-design mean over 6 scenarios (NOT this chip),predictions.csv,1.1,False,VALIDATED
853,u_host_if.reg_addr[2]$_DFFE_PN0P_,clk_host,6.58,3.67,0.04333315825380901,6.536666841746191,setup,roleB_syn_corpus_whatif,Role B synthetic corpus — 14-design mean over 6 scenarios (NOT this chip),predictions.csv,1.1,False,VALIDATED
851,u_host_if.reg_addr[6]$_DFFE_PN0P_,clk_host,6.58,3.67,0.043323006466452096,6.536676993533548,setup,roleB_syn_corpus_whatif,Role B synthetic corpus — 14-design mean over 6 scenarios (NOT this chip),predictions.csv,1.1,False,VALIDATED
852,u_host_if.reg_addr[8]$_DFFE_PN0P_,clk_host,6.58,3.67,0.043323006466452096,6.536676993533548,setup,roleB_syn_corpus_whatif,Role B synthetic corpus — 14-design mean over 6 scenarios (NOT this chip),predictions.csv,1.1,False,VALIDATED
855,u_host_if.reg_addr[0]$_DFFE_PN0P_,clk_host,6.58,3.66,0.04312319263664205,6.536876807363358,setup,roleB_syn_corpus_whatif,Role B synthetic corpus — 14-design mean over 6 scenarios (NOT this chip),predictions.csv,1.1,False,VALIDATED
854,u_host_if.reg_addr[1]$_DFFE_PN0P_,clk_host,6.58,3.66,0.04300208389367488,6.536997916106325,setup,roleB_syn_corpus_whatif,Role B synthetic corpus — 14-design mean over 6 scenarios (NOT this chip),predictions.csv,1.1,False,VALIDATED
857,u_host_if.reg_addr[13]$_DFFE_PN0P_,clk_host,6.59,3.65,0.04246548546600537,6.547534514533995,setup,roleB_syn_corpus_whatif,Role B synthetic corpus — 14-design mean over 6 scenarios (NOT this chip),predictions.csv,1.1,False,VALIDATED
886,u_host_if.repack_emit$_DFF_PN0_,clk_host,6.6,3.62,0.043701719313448906,6.55629828068655,setup,roleB_syn_corpus_whatif,Role B synthetic corpus — 14-design mean over 6 scenarios (NOT this chip),predictions.csv,1.1,False,VALIDATED
872,s_rvalid,clk_host,6.59,0.41,0.007770700371138001,6.582229299628862,setup,roleB_syn_corpus_whatif,Role B synthetic corpus — 14-design mean over 6 scenarios (NOT this chip),predictions.csv,1.1,False,VALIDATED
871,s_rdata[14],clk_host,6.59,0.41,0.007734090260196239,6.582265909739804,setup,roleB_syn_corpus_whatif,Role B synthetic corpus — 14-design mean over 6 scenarios (NOT this chip),predictions.csv,1.1,False,VALIDATED
876,s_rdata[15],clk_host,6.59,0.41,0.007734090260196239,6.582265909739804,setup,roleB_syn_corpus_whatif,Role B synthetic corpus — 14-design mean over 6 scenarios (NOT this chip),predictions.csv,1.1,False,VALIDATED
868,s_rdata[17],clk_host,6.59,0.41,0.007734090260196239,6.582265909739804,setup,roleB_syn_corpus_whatif,Role B synthetic corpus — 14-design mean over 6 scenarios (NOT this chip),predictions.csv,1.1,False,VALIDATED
856,s_rdata[9],clk_host,6.59,0.41,0.007618975539697995,6.582381024460302,setup,roleB_syn_corpus_whatif,Role B synthetic corpus — 14-design mean over 6 scenarios (NOT this chip),predictions.csv,1.1,False,VALIDATED
862,s_rdata[20],clk_host,6.59,0.41,0.007618975539697995,6.582381024460302,setup,roleB_syn_corpus_whatif,Role B synthetic corpus — 14-design mean over 6 scenarios (NOT this chip),predictions.csv,1.1,False,VALIDATED
861,s_rdata[12],clk_host,6.59,0.41,0.007618975539697995,6.582381024460302,setup,roleB_syn_corpus_whatif,Role B synthetic corpus — 14-design mean over 6 scenarios (NOT this chip),predictions.csv,1.1,False,VALIDATED
866,s_rdata[13],clk_host,6.59,0.41,0.007618975539697995,6.582381024460302,setup,roleB_syn_corpus_whatif,Role B synthetic corpus — 14-design mean over 6 scenarios (NOT this chip),predictions.csv,1.1,False,VALIDATED
858,s_rdata[10],clk_host,6.59,0.41,0.007528516466004706,6.582471483533995,setup,roleB_syn_corpus_whatif,Role B synthetic corpus — 14-design mean over 6 scenarios (NOT this chip),predictions.csv,1.1,False,VALIDATED
860,s_rdata[19],clk_host,6.59,0.41,0.007528516466004706,6.582471483533995,setup,roleB_syn_corpus_whatif,Role B synthetic corpus — 14-design mean over 6 scenarios (NOT this chip),predictions.csv,1.1,False,VALIDATED
859,s_rdata[18],clk_host,6.59,0.41,0.007528516466004706,6.582471483533995,setup,roleB_syn_corpus_whatif,Role B synthetic corpus — 14-design mean over 6 scenarios (NOT this chip),predictions.csv,1.1,False,VALIDATED
864,s_rdata[16],clk_host,6.59,0.41,0.007528516466004706,6.582471483533995,setup,roleB_syn_corpus_whatif,Role B synthetic corpus — 14-design mean over 6 scenarios (NOT this chip),predictions.csv,1.1,False,VALIDATED
863,s_rdata[11],clk_host,6.59,0.41,0.007528516466004706,6.582471483533995,setup,roleB_syn_corpus_whatif,Role B synthetic corpus — 14-design mean over 6 scenarios (NOT this chip),predictions.csv,1.1,False,VALIDATED
870,s_rdata[8],clk_host,6.59,0.41,0.007528516466004706,6.582471483533995,setup,roleB_syn_corpus_whatif,Role B synthetic corpus — 14-design mean over 6 scenarios (NOT this chip),predictions.csv,1.1,False,VALIDATED
873,s_rdata[7],clk_host,6.59,0.41,0.00747707603380976,6.58252292396619,setup,roleB_syn_corpus_whatif,Role B synthetic corpus — 14-design mean over 6 scenarios (NOT this chip),predictions.csv,1.1,False,VALIDATED
867,s_rdata[6],clk_host,6.59,0.41,0.007425635601614813,6.582574364398385,setup,roleB_syn_corpus_whatif,Role B synthetic corpus — 14-design mean over 6 scenarios (NOT this chip),predictions.csv,1.1,False,VALIDATED
869,s_rdata[5],clk_host,6.59,0.41,0.007425635601614813,6.582574364398385,setup,roleB_syn_corpus_whatif,Role B synthetic corpus — 14-design mean over 6 scenarios (NOT this chip),predictions.csv,1.1,False,VALIDATED
874,s_rdata[4],clk_host,6.59,0.41,0.007425635601614813,6.582574364398385,setup,roleB_syn_corpus_whatif,Role B synthetic corpus — 14-design mean over 6 scenarios (NOT this chip),predictions.csv,1.1,False,VALIDATED
875,s_rdata[21],clk_host,6.59,0.41,0.007350713601179795,6.58264928639882,setup,roleB_syn_corpus_whatif,Role B synthetic corpus — 14-design mean over 6 scenarios (NOT this chip),predictions.csv,1.1,False,VALIDATED
865,s_rdata[3],clk_host,6.59,0.41,0.007350713601179795,6.58264928639882,setup,roleB_syn_corpus_whatif,Role B synthetic corpus — 14-design mean over 6 scenarios (NOT this chip),predictions.csv,1.1,False,VALIDATED
877,s_rdata[31],clk_host,6.59,0.41,0.007350713601179795,6.58264928639882,setup,roleB_syn_corpus_whatif,Role B synthetic corpus — 14-design mean over 6 scenarios (NOT this chip),predictions.csv,1.1,False,VALIDATED
878,s_rdata[2],clk_host,6.59,0.41,0.007350713601179795,6.58264928639882,setup,roleB_syn_corpus_whatif,Role B synthetic corpus — 14-design mean over 6 scenarios (NOT this chip),predictions.csv,1.1,False,VALIDATED
889,s_rdata[24],clk_host,6.6,0.4,0.007108307065035596,6.592891692934964,setup,roleB_syn_corpus_whatif,Role B synthetic corpus — 14-design mean over 6 scenarios (NOT this chip),predictions.csv,1.1,False,VALIDATED
891,s_rdata[22],clk_host,6.6,0.4,0.007108307065035596,6.592891692934964,setup,roleB_syn_corpus_whatif,Role B synthetic corpus — 14-design mean over 6 scenarios (NOT this chip),predictions.csv,1.1,False,VALIDATED
890,s_rdata[29],clk_host,6.6,0.4,0.007108307065035596,6.592891692934964,setup,roleB_syn_corpus_whatif,Role B synthetic corpus — 14-design mean over 6 scenarios (NOT this chip),predictions.csv,1.1,False,VALIDATED
887,s_rdata[28],clk_host,6.6,0.4,0.007063015099725262,6.592936984900274,setup,roleB_syn_corpus_whatif,Role B synthetic corpus — 14-design mean over 6 scenarios (NOT this chip),predictions.csv,1.1,False,VALIDATED
888,s_rdata[30],clk_host,6.6,0.4,0.007063015099725262,6.592936984900274,setup,roleB_syn_corpus_whatif,Role B synthetic corpus — 14-design mean over 6 scenarios (NOT this chip),predictions.csv,1.1,False,VALIDATED
880,s_rdata[1],clk_host,6.6,0.4,0.007063015099725262,6.592936984900274,setup,roleB_syn_corpus_whatif,Role B synthetic corpus — 14-design mean over 6 scenarios (NOT this chip),predictions.csv,1.1,False,VALIDATED
879,s_rdata[0],clk_host,6.6,0.4,0.007063015099725262,6.592936984900274,setup,roleB_syn_corpus_whatif,Role B synthetic corpus — 14-design mean over 6 scenarios (NOT this chip),predictions.csv,1.1,False,VALIDATED
884,s_rdata[23],clk_host,6.6,0.4,0.007063015099725262,6.592936984900274,setup,roleB_syn_corpus_whatif,Role B synthetic corpus — 14-design mean over 6 scenarios (NOT this chip),predictions.csv,1.1,False,VALIDATED
881,s_rdata[25],clk_host,6.6,0.4,0.006993487679148189,6.593006512320851,setup,roleB_syn_corpus_whatif,Role B synthetic corpus — 14-design mean over 6 scenarios (NOT this chip),predictions.csv,1.1,False,VALIDATED
883,s_rdata[26],clk_host,6.6,0.4,0.00697508180593924,6.59302491819406,setup,roleB_syn_corpus_whatif,Role B synthetic corpus — 14-design mean over 6 scenarios (NOT this chip),predictions.csv,1.1,False,VALIDATED
885,s_rdata[27],clk_host,6.6,0.4,0.00697508180593924,6.59302491819406,setup,roleB_syn_corpus_whatif,Role B synthetic corpus — 14-design mean over 6 scenarios (NOT this chip),predictions.csv,1.1,False,VALIDATED
882,s_bvalid,clk_host,6.6,0.4,0.004748822239874856,6.595251177760125,setup,roleB_syn_corpus_whatif,Role B synthetic corpus — 14-design mean over 6 scenarios (NOT this chip),predictions.csv,1.1,False,VALIDATED
894,s_arready,clk_host,6.62,0.38,0.007202112539103495,6.612797887460896,setup,roleB_syn_corpus_whatif,Role B synthetic corpus — 14-design mean over 6 scenarios (NOT this chip),predictions.csv,1.1,False,VALIDATED
893,s_wready,clk_host,6.62,0.38,0.004525615233247987,6.6154743847667525,setup,roleB_syn_corpus_whatif,Role B synthetic corpus — 14-design mean over 6 scenarios (NOT this chip),predictions.csv,1.1,False,VALIDATED
892,s_awready,clk_host,6.62,0.38,0.004525615233247987,6.6154743847667525,setup,roleB_syn_corpus_whatif,Role B synthetic corpus — 14-design mean over 6 scenarios (NOT this chip),predictions.csv,1.1,False,VALIDATED
937,u_host_if.s_rdata[14]$_DFFE_PN0P_,clk_host,6.7,3.54,0.07658611172053104,6.623413888279469,setup,roleB_syn_corpus_whatif,Role B synthetic corpus — 14-design mean over 6 scenarios (NOT this chip),predictions.csv,1.1,False,VALIDATED
899,u_host_if.reg_len[25]$_DFFE_PN0P_,clk_host,6.67,3.57,0.04321096387595297,6.626789036124047,setup,roleB_syn_corpus_whatif,Role B synthetic corpus — 14-design mean over 6 scenarios (NOT this chip),predictions.csv,1.1,False,VALIDATED
901,u_host_if.reg_len[23]$_DFFE_PN0P_,clk_host,6.67,3.57,0.04321096387595297,6.626789036124047,setup,roleB_syn_corpus_whatif,Role B synthetic corpus — 14-design mean over 6 scenarios (NOT this chip),predictions.csv,1.1,False,VALIDATED
900,u_host_if.reg_len[16]$_DFFE_PN0P_,clk_host,6.67,3.57,0.04321096387595297,6.626789036124047,setup,roleB_syn_corpus_whatif,Role B synthetic corpus — 14-design mean over 6 scenarios (NOT this chip),predictions.csv,1.1,False,VALIDATED
904,u_host_if.reg_len[18]$_DFFE_PN0P_,clk_host,6.67,3.57,0.043042880193225164,6.626957119806775,setup,roleB_syn_corpus_whatif,Role B synthetic corpus — 14-design mean over 6 scenarios (NOT this chip),predictions.csv,1.1,False,VALIDATED
902,u_host_if.reg_len[17]$_DFFE_PN0P_,clk_host,6.67,3.57,0.042991721256321835,6.627008278743678,setup,roleB_syn_corpus_whatif,Role B synthetic corpus — 14-design mean over 6 scenarios (NOT this chip),predictions.csv,1.1,False,VALIDATED
903,u_host_if.reg_len[24]$_DFFE_PN0P_,clk_host,6.67,3.57,0.042991721256321835,6.627008278743678,setup,roleB_syn_corpus_whatif,Role B synthetic corpus — 14-design mean over 6 scenarios (NOT this chip),predictions.csv,1.1,False,VALIDATED
897,u_host_if.reg_len[19]$_DFFE_PN0P_,clk_host,6.67,3.57,0.04294739463588704,6.627052605364113,setup,roleB_syn_corpus_whatif,Role B synthetic corpus — 14-design mean over 6 scenarios (NOT this chip),predictions.csv,1.1,False,VALIDATED
898,u_host_if.reg_len[15]$_DFFE_PN0P_,clk_host,6.67,3.57,0.04294739463588704,6.627052605364113,setup,roleB_syn_corpus_whatif,Role B synthetic corpus — 14-design mean over 6 scenarios (NOT this chip),predictions.csv,1.1,False,VALIDATED
905,u_host_if.repack_q[17]$_DFFE_PN0P_,clk_host,6.67,3.56,0.04283245321536677,6.627167546784634,setup,roleB_syn_corpus_whatif,Role B synthetic corpus — 14-design mean over 6 scenarios (NOT this chip),predictions.csv,1.1,False,VALIDATED
896,u_host_if.reg_len[12]$_DFFE_PN0P_,clk_host,6.67,3.57,0.04261463223942952,6.627385367760571,setup,roleB_syn_corpus_whatif,Role B synthetic corpus — 14-design mean over 6 scenarios (NOT this chip),predictions.csv,1.1,False,VALIDATED
895,u_host_if.reg_len[22]$_DFFE_PN0P_,clk_host,6.67,3.57,0.04241549247287668,6.627584507527123,setup,roleB_syn_corpus_whatif,Role B synthetic corpus — 14-design mean over 6 scenarios (NOT this chip),predictions.csv,1.1,False,VALIDATED
940,u_host_if.s_rdata[17]$_DFFE_PN0P_,clk_host,6.71,3.54,0.07658611172053104,6.633413888279469,setup,roleB_syn_corpus_whatif,Role B synthetic corpus — 14-design mean over 6 scenarios (NOT this chip),predictions.csv,1.1,False,VALIDATED
938,u_host_if.s_rdata[15]$_DFFE_PN0P_,clk_host,6.71,3.54,0.07658611172053104,6.633413888279469,setup,roleB_syn_corpus_whatif,Role B synthetic corpus — 14-design mean over 6 scenarios (NOT this chip),predictions.csv,1.1,False,VALIDATED
941,u_host_if.s_rdata[13]$_DFFE_PN0P_,clk_host,6.71,3.54,0.075964913381257,6.634035086618743,setup,roleB_syn_corpus_whatif,Role B synthetic corpus — 14-design mean over 6 scenarios (NOT this chip),predictions.csv,1.1,False,VALIDATED
943,u_host_if.s_rdata[20]$_DFFE_PN0P_,clk_host,6.71,3.54,0.075964913381257,6.634035086618743,setup,roleB_syn_corpus_whatif,Role B synthetic corpus — 14-design mean over 6 scenarios (NOT this chip),predictions.csv,1.1,False,VALIDATED
942,u_host_if.s_rdata[9]$_DFFE_PN0P_,clk_host,6.71,3.54,0.075964913381257,6.634035086618743,setup,roleB_syn_corpus_whatif,Role B synthetic corpus — 14-design mean over 6 scenarios (NOT this chip),predictions.csv,1.1,False,VALIDATED
939,u_host_if.s_rdata[12]$_DFFE_PN0P_,clk_host,6.71,3.54,0.075964913381257,6.634035086618743,setup,roleB_syn_corpus_whatif,Role B synthetic corpus — 14-design mean over 6 scenarios (NOT this chip),predictions.csv,1.1,False,VALIDATED
944,u_host_if.s_rdata[10]$_DFFE_PN0P_,clk_host,6.71,3.54,0.07580219736455257,6.634197802635447,setup,roleB_syn_corpus_whatif,Role B synthetic corpus — 14-design mean over 6 scenarios (NOT this chip),predictions.csv,1.1,False,VALIDATED
945,u_host_if.s_rdata[11]$_DFFE_PN0P_,clk_host,6.71,3.54,0.07547676533114372,6.6345232346688565,setup,roleB_syn_corpus_whatif,Role B synthetic corpus — 14-design mean over 6 scenarios (NOT this chip),predictions.csv,1.1,False,VALIDATED
946,u_host_if.s_rdata[8]$_DFFE_PN0P_,clk_host,6.71,3.54,0.07547676533114372,6.6345232346688565,setup,roleB_syn_corpus_whatif,Role B synthetic corpus — 14-design mean over 6 scenarios (NOT this chip),predictions.csv,1.1,False,VALIDATED
947,u_host_if.s_rdata[7]$_DFFE_PN0P_,clk_host,6.71,3.54,0.07510664514827764,6.634893354851722,setup,roleB_syn_corpus_whatif,Role B synthetic corpus — 14-design mean over 6 scenarios (NOT this chip),predictions.csv,1.1,False,VALIDATED
949,u_host_if.s_rdata[6]$_DFFE_PN0P_,clk_host,6.71,3.54,0.0749215850568446,6.635078414943155,setup,roleB_syn_corpus_whatif,Role B synthetic corpus — 14-design mean over 6 scenarios (NOT this chip),predictions.csv,1.1,False,VALIDATED
948,u_host_if.s_rdata[5]$_DFFE_PN0P_,clk_host,6.71,3.54,0.0749215850568446,6.635078414943155,setup,roleB_syn_corpus_whatif,Role B synthetic corpus — 14-design mean over 6 scenarios (NOT this chip),predictions.csv,1.1,False,VALIDATED
950,u_host_if.s_rdata[4]$_DFFE_PN0P_,clk_host,6.71,3.54,0.07465204859186497,6.635347951408135,setup,roleB_syn_corpus_whatif,Role B synthetic corpus — 14-design mean over 6 scenarios (NOT this chip),predictions.csv,1.1,False,VALIDATED
951,u_host_if.s_rdata[3]$_DFFE_PN0P_,clk_host,6.71,3.53,0.07430677956739962,6.6356932204326,setup,roleB_syn_corpus_whatif,Role B synthetic corpus — 14-design mean over 6 scenarios (NOT this chip),predictions.csv,1.1,False,VALIDATED
952,u_host_if.s_rdata[2]$_DFFE_PN0P_,clk_host,6.71,3.53,0.07430677956739962,6.6356932204326,setup,roleB_syn_corpus_whatif,Role B synthetic corpus — 14-design mean over 6 scenarios (NOT this chip),predictions.csv,1.1,False,VALIDATED
909,u_host_if.repack_q[23]$_DFFE_PN0P_,clk_host,6.68,3.57,0.04320291409583449,6.636797085904165,setup,roleB_syn_corpus_whatif,Role B synthetic corpus — 14-design mean over 6 scenarios (NOT this chip),predictions.csv,1.1,False,VALIDATED
911,u_host_if.repack_q[25]$_DFFE_PN0P_,clk_host,6.68,3.57,0.04318927473289219,6.636810725267107,setup,roleB_syn_corpus_whatif,Role B synthetic corpus — 14-design mean over 6 scenarios (NOT this chip),predictions.csv,1.1,False,VALIDATED
910,u_host_if.repack_q[24]$_DFFE_PN0P_,clk_host,6.68,3.57,0.04317307168077139,6.636826928319229,setup,roleB_syn_corpus_whatif,Role B synthetic corpus — 14-design mean over 6 scenarios (NOT this chip),predictions.csv,1.1,False,VALIDATED
908,u_host_if.repack_q[20]$_DFFE_PN0P_,clk_host,6.68,3.57,0.04317307168077139,6.636826928319229,setup,roleB_syn_corpus_whatif,Role B synthetic corpus — 14-design mean over 6 scenarios (NOT this chip),predictions.csv,1.1,False,VALIDATED
915,u_host_if.repack_q[31]$_DFFE_PN0P_,clk_host,6.68,3.57,0.04317307168077139,6.636826928319229,setup,roleB_syn_corpus_whatif,Role B synthetic corpus — 14-design mean over 6 scenarios (NOT this chip),predictions.csv,1.1,False,VALIDATED
913,u_host_if.repack_q[21]$_DFFE_PN0P_,clk_host,6.68,3.57,0.04310523289152829,6.636894767108472,setup,roleB_syn_corpus_whatif,Role B synthetic corpus — 14-design mean over 6 scenarios (NOT this chip),predictions.csv,1.1,False,VALIDATED
917,u_host_if.repack_q[22]$_DFFE_PN0P_,clk_host,6.68,3.56,0.04294052240454438,6.6370594775954554,setup,roleB_syn_corpus_whatif,Role B synthetic corpus — 14-design mean over 6 scenarios (NOT this chip),predictions.csv,1.1,False,VALIDATED
918,u_host_if.repack_q[29]$_DFFE_PN0P_,clk_host,6.68,3.56,0.042889794811751925,6.637110205188248,setup,roleB_syn_corpus_whatif,Role B synthetic corpus — 14-design mean over 6 scenarios (NOT this chip),predictions.csv,1.1,False,VALIDATED
919,u_host_if.repack_q[18]$_DFFE_PN0P_,clk_host,6.68,3.56,0.042889794811751925,6.637110205188248,setup,roleB_syn_corpus_whatif,Role B synthetic corpus — 14-design mean over 6 scenarios (NOT this chip),predictions.csv,1.1,False,VALIDATED
921,u_host_if.repack_q[14]$_DFFE_PN0P_,clk_host,6.68,3.56,0.042889794811751925,6.637110205188248,setup,roleB_syn_corpus_whatif,Role B synthetic corpus — 14-design mean over 6 scenarios (NOT this chip),predictions.csv,1.1,False,VALIDATED
925,u_host_if.repack_q[27]$_DFFE_PN0P_,clk_host,6.68,3.56,0.042889794811751925,6.637110205188248,setup,roleB_syn_corpus_whatif,Role B synthetic corpus — 14-design mean over 6 scenarios (NOT this chip),predictions.csv,1.1,False,VALIDATED
916,u_host_if.repack_q[0]$_DFFE_PN0P_,clk_host,6.68,3.56,0.04284328334389553,6.637156716656104,setup,roleB_syn_corpus_whatif,Role B synthetic corpus — 14-design mean over 6 scenarios (NOT this chip),predictions.csv,1.1,False,VALIDATED
907,u_host_if.repack_q[26]$_DFFE_PN0P_,clk_host,6.68,3.56,0.042839501312217865,6.6371604986877815,setup,roleB_syn_corpus_whatif,Role B synthetic corpus — 14-design mean over 6 scenarios (NOT this chip),predictions.csv,1.1,False,VALIDATED
914,u_host_if.repack_q[30]$_DFFE_PN0P_,clk_host,6.68,3.56,0.042839501312217865,6.6371604986877815,setup,roleB_syn_corpus_whatif,Role B synthetic corpus — 14-design mean over 6 scenarios (NOT this chip),predictions.csv,1.1,False,VALIDATED
906,u_host_if.repack_q[28]$_DFFE_PN0P_,clk_host,6.68,3.56,0.042839501312217865,6.6371604986877815,setup,roleB_syn_corpus_whatif,Role B synthetic corpus — 14-design mean over 6 scenarios (NOT this chip),predictions.csv,1.1,False,VALIDATED
912,u_host_if.reg_addr[23]$_DFFE_PN0P_,clk_host,6.68,3.56,0.042314363886261086,6.637685636113739,setup,roleB_syn_corpus_whatif,Role B synthetic corpus — 14-design mean over 6 scenarios (NOT this chip),predictions.csv,1.1,False,VALIDATED
920,u_host_if.reg_addr[20]$_DFFE_PN0P_,clk_host,6.68,3.56,0.042225568492656684,6.637774431507343,setup,roleB_syn_corpus_whatif,Role B synthetic corpus — 14-design mean over 6 scenarios (NOT this chip),predictions.csv,1.1,False,VALIDATED
924,u_host_if.reg_addr[14]$_DFFE_PN0P_,clk_host,6.68,3.56,0.0421577147330931,6.637842285266907,setup,roleB_syn_corpus_whatif,Role B synthetic corpus — 14-design mean over 6 scenarios (NOT this chip),predictions.csv,1.1,False,VALIDATED
927,u_host_if.reg_addr[22]$_DFFE_PN0P_,clk_host,6.68,3.56,0.04214963309903291,6.637850366900967,setup,roleB_syn_corpus_whatif,Role B synthetic corpus — 14-design mean over 6 scenarios (NOT this chip),predictions.csv,1.1,False,VALIDATED
922,u_host_if.reg_addr[21]$_DFFE_PN0P_,clk_host,6.68,3.56,0.04207703210330538,6.637922967896694,setup,roleB_syn_corpus_whatif,Role B synthetic corpus — 14-design mean over 6 scenarios (NOT this chip),predictions.csv,1.1,False,VALIDATED
923,u_host_if.reg_addr[31]$_DFFE_PN0P_,clk_host,6.68,3.56,0.04207703210330538,6.637922967896694,setup,roleB_syn_corpus_whatif,Role B synthetic corpus — 14-design mean over 6 scenarios (NOT this chip),predictions.csv,1.1,False,VALIDATED
926,u_host_if.reg_addr[19]$_DFFE_PN0P_,clk_host,6.68,3.56,0.0420002332662332,6.637999766733767,setup,roleB_syn_corpus_whatif,Role B synthetic corpus — 14-design mean over 6 scenarios (NOT this chip),predictions.csv,1.1,False,VALIDATED
954,u_host_if.s_rdata[19]$_DFFE_PN0P_,clk_host,6.72,3.53,0.07526355412964336,6.644736445870357,setup,roleB_syn_corpus_whatif,Role B synthetic corpus — 14-design mean over 6 scenarios (NOT this chip),predictions.csv,1.1,False,VALIDATED
953,u_host_if.s_rdata[16]$_DFFE_PN0P_,clk_host,6.72,3.53,0.07526355412964336,6.644736445870357,setup,roleB_syn_corpus_whatif,Role B synthetic corpus — 14-design mean over 6 scenarios (NOT this chip),predictions.csv,1.1,False,VALIDATED
955,u_host_if.s_rdata[18]$_DFFE_PN0P_,clk_host,6.72,3.53,0.07526355412964336,6.644736445870357,setup,roleB_syn_corpus_whatif,Role B synthetic corpus — 14-design mean over 6 scenarios (NOT this chip),predictions.csv,1.1,False,VALIDATED
956,u_host_if.s_rdata[31]$_DFFE_PN0P_,clk_host,6.72,3.53,0.07430677956739962,6.6456932204326,setup,roleB_syn_corpus_whatif,Role B synthetic corpus — 14-design mean over 6 scenarios (NOT this chip),predictions.csv,1.1,False,VALIDATED
957,u_host_if.s_rdata[21]$_DFFE_PN0P_,clk_host,6.72,3.52,0.07409627877542446,6.645903721224576,setup,roleB_syn_corpus_whatif,Role B synthetic corpus — 14-design mean over 6 scenarios (NOT this chip),predictions.csv,1.1,False,VALIDATED
929,u_host_if.reg_chmask[0]$_DFFE_PN0P_,clk_host,6.69,3.54,0.04307151321802705,6.646928486781974,setup,roleB_syn_corpus_whatif,Role B synthetic corpus — 14-design mean over 6 scenarios (NOT this chip),predictions.csv,1.1,False,VALIDATED
928,u_host_if.reg_chmask[1]$_DFFE_PN0P_,clk_host,6.69,3.54,0.04307151321802705,6.646928486781974,setup,roleB_syn_corpus_whatif,Role B synthetic corpus — 14-design mean over 6 scenarios (NOT this chip),predictions.csv,1.1,False,VALIDATED
931,u_host_if.reg_addr[15]$_DFFE_PN0P_,clk_host,6.69,3.54,0.042773878047305924,6.647226121952695,setup,roleB_syn_corpus_whatif,Role B synthetic corpus — 14-design mean over 6 scenarios (NOT this chip),predictions.csv,1.1,False,VALIDATED
930,u_host_if.reg_addr[17]$_DFFE_PN0P_,clk_host,6.69,3.54,0.042773878047305924,6.647226121952695,setup,roleB_syn_corpus_whatif,Role B synthetic corpus — 14-design mean over 6 scenarios (NOT this chip),predictions.csv,1.1,False,VALIDATED
932,u_host_if.reg_addr[12]$_DFFE_PN0P_,clk_host,6.7,3.54,0.042759005124295646,6.657240994875704,setup,roleB_syn_corpus_whatif,Role B synthetic corpus — 14-design mean over 6 scenarios (NOT this chip),predictions.csv,1.1,False,VALIDATED
933,u_host_if.reg_addr[25]$_DFFE_PN0P_,clk_host,6.7,3.54,0.04272523630175501,6.657274763698245,setup,roleB_syn_corpus_whatif,Role B synthetic corpus — 14-design mean over 6 scenarios (NOT this chip),predictions.csv,1.1,False,VALIDATED
934,u_host_if.reg_addr[16]$_DFFE_PN0P_,clk_host,6.7,3.54,0.04272523630175501,6.657274763698245,setup,roleB_syn_corpus_whatif,Role B synthetic corpus — 14-design mean over 6 scenarios (NOT this chip),predictions.csv,1.1,False,VALIDATED
935,u_host_if.reg_addr[18]$_DFFE_PN0P_,clk_host,6.7,3.54,0.04269146747921437,6.657308532520786,setup,roleB_syn_corpus_whatif,Role B synthetic corpus — 14-design mean over 6 scenarios (NOT this chip),predictions.csv,1.1,False,VALIDATED
936,u_host_if.reg_addr[24]$_DFFE_PN0P_,clk_host,6.7,3.54,0.04269146747921437,6.657308532520786,setup,roleB_syn_corpus_whatif,Role B synthetic corpus — 14-design mean over 6 scenarios (NOT this chip),predictions.csv,1.1,False,VALIDATED
958,u_host_if.reg_chan$_DFFE_PN0P_,clk_host,6.74,3.49,0.04256127187506059,6.69743872812494,setup,roleB_syn_corpus_whatif,Role B synthetic corpus — 14-design mean over 6 scenarios (NOT this chip),predictions.csv,1.1,False,VALIDATED
959,u_host_if.reg_opcode[1]$_DFFE_PN0P_,clk_host,6.74,3.49,0.042313317358532,6.697686682641468,setup,roleB_syn_corpus_whatif,Role B synthetic corpus — 14-design mean over 6 scenarios (NOT this chip),predictions.csv,1.1,False,VALIDATED
960,u_host_if.done_sticky$_DFF_PN0_,clk_host,6.74,3.5,0.04197562380996944,6.69802437619003,setup,roleB_syn_corpus_whatif,Role B synthetic corpus — 14-design mean over 6 scenarios (NOT this chip),predictions.csv,1.1,False,VALIDATED
962,u_host_if.reg_opcode[4]$_DFFE_PN0P_,clk_host,6.75,3.5,0.04156481689304109,6.708435183106959,setup,roleB_syn_corpus_whatif,Role B synthetic corpus — 14-design mean over 6 scenarios (NOT this chip),predictions.csv,1.1,False,VALIDATED
961,u_host_if.reg_opcode[0]$_DFFE_PN0P_,clk_host,6.75,3.49,0.041542122916540136,6.70845787708346,setup,roleB_syn_corpus_whatif,Role B synthetic corpus — 14-design mean over 6 scenarios (NOT this chip),predictions.csv,1.1,False,VALIDATED
963,u_host_if.reg_opcode[6]$_DFFE_PN0P_,clk_host,6.75,3.5,0.041531648586785985,6.708468351413214,setup,roleB_syn_corpus_whatif,Role B synthetic corpus — 14-design mean over 6 scenarios (NOT this chip),predictions.csv,1.1,False,VALIDATED
965,u_host_if.reg_opcode[7]$_DFFE_PN0P_,clk_host,6.75,3.49,0.041416808350404455,6.708583191649596,setup,roleB_syn_corpus_whatif,Role B synthetic corpus — 14-design mean over 6 scenarios (NOT this chip),predictions.csv,1.1,False,VALIDATED
967,u_host_if.reg_opcode[2]$_DFFE_PN0P_,clk_host,6.75,3.49,0.04141364408031123,6.708586355919689,setup,roleB_syn_corpus_whatif,Role B synthetic corpus — 14-design mean over 6 scenarios (NOT this chip),predictions.csv,1.1,False,VALIDATED
966,u_host_if.reg_opcode[5]$_DFFE_PN0P_,clk_host,6.75,3.49,0.04141364408031123,6.708586355919689,setup,roleB_syn_corpus_whatif,Role B synthetic corpus — 14-design mean over 6 scenarios (NOT this chip),predictions.csv,1.1,False,VALIDATED
964,u_host_if.reg_opcode[3]$_DFFE_PN0P_,clk_host,6.75,3.49,0.04141298673368088,6.708587013266319,setup,roleB_syn_corpus_whatif,Role B synthetic corpus — 14-design mean over 6 scenarios (NOT this chip),predictions.csv,1.1,False,VALIDATED
968,u_host_if.reg_ecc_en$_DFFE_PN0P_,clk_host,6.79,3.44,0.0415262390351675,6.748473760964832,setup,roleB_syn_corpus_whatif,Role B synthetic corpus — 14-design mean over 6 scenarios (NOT this chip),predictions.csv,1.1,False,VALIDATED
971,u_host_if.s_rdata[29]$_DFFE_PN0P_,clk_host,6.84,3.4,0.07053271061143535,6.769467289388564,setup,roleB_syn_corpus_whatif,Role B synthetic corpus — 14-design mean over 6 scenarios (NOT this chip),predictions.csv,1.1,False,VALIDATED
972,u_host_if.s_rdata[22]$_DFFE_PN0P_,clk_host,6.84,3.4,0.07053271061143535,6.769467289388564,setup,roleB_syn_corpus_whatif,Role B synthetic corpus — 14-design mean over 6 scenarios (NOT this chip),predictions.csv,1.1,False,VALIDATED
970,u_host_if.s_rdata[24]$_DFFE_PN0P_,clk_host,6.84,3.4,0.07053271061143535,6.769467289388564,setup,roleB_syn_corpus_whatif,Role B synthetic corpus — 14-design mean over 6 scenarios (NOT this chip),predictions.csv,1.1,False,VALIDATED
974,u_host_if.s_rdata[0]$_DFFE_PN0P_,clk_host,6.85,3.39,0.07006354595848363,6.779936454041516,setup,roleB_syn_corpus_whatif,Role B synthetic corpus — 14-design mean over 6 scenarios (NOT this chip),predictions.csv,1.1,False,VALIDATED
979,u_host_if.s_rdata[23]$_DFFE_PN0P_,clk_host,6.85,3.39,0.07006354595848363,6.779936454041516,setup,roleB_syn_corpus_whatif,Role B synthetic corpus — 14-design mean over 6 scenarios (NOT this chip),predictions.csv,1.1,False,VALIDATED
980,u_host_if.s_rdata[30]$_DFFE_PN0P_,clk_host,6.85,3.39,0.07006354595848363,6.779936454041516,setup,roleB_syn_corpus_whatif,Role B synthetic corpus — 14-design mean over 6 scenarios (NOT this chip),predictions.csv,1.1,False,VALIDATED
975,u_host_if.s_rdata[28]$_DFFE_PN0P_,clk_host,6.85,3.39,0.07006354595848363,6.779936454041516,setup,roleB_syn_corpus_whatif,Role B synthetic corpus — 14-design mean over 6 scenarios (NOT this chip),predictions.csv,1.1,False,VALIDATED
973,u_host_if.s_rdata[1]$_DFFE_PN0P_,clk_host,6.85,3.39,0.07006354595848363,6.779936454041516,setup,roleB_syn_corpus_whatif,Role B synthetic corpus — 14-design mean over 6 scenarios (NOT this chip),predictions.csv,1.1,False,VALIDATED
977,u_host_if.s_rdata[25]$_DFFE_PN0P_,clk_host,6.85,3.39,0.0698895758093927,6.780110424190607,setup,roleB_syn_corpus_whatif,Role B synthetic corpus — 14-design mean over 6 scenarios (NOT this chip),predictions.csv,1.1,False,VALIDATED
978,u_host_if.s_rdata[26]$_DFFE_PN0P_,clk_host,6.85,3.39,0.06972480292901251,6.780275197070987,setup,roleB_syn_corpus_whatif,Role B synthetic corpus — 14-design mean over 6 scenarios (NOT this chip),predictions.csv,1.1,False,VALIDATED
976,u_host_if.s_rdata[27]$_DFFE_PN0P_,clk_host,6.85,3.39,0.06972480292901251,6.780275197070987,setup,roleB_syn_corpus_whatif,Role B synthetic corpus — 14-design mean over 6 scenarios (NOT this chip),predictions.csv,1.1,False,VALIDATED
969,u_host_if.start_pulse$_DFF_PN0_,clk_host,6.83,3.42,0.041244299090088865,6.7887557009099115,setup,roleB_syn_corpus_whatif,Role B synthetic corpus — 14-design mean over 6 scenarios (NOT this chip),predictions.csv,1.1,False,VALIDATED
981,u_host_if.rpop_loaded$_DFFE_PN0P_,clk_host,6.86,3.37,0.06922013251861281,6.790779867481388,setup,roleB_syn_corpus_whatif,Role B synthetic corpus — 14-design mean over 6 scenarios (NOT this chip),predictions.csv,1.1,False,VALIDATED
982,u_host_if.s_rvalid$_DFFE_PN0P_,clk_host,6.98,3.26,0.06685578835488015,6.91314421164512,setup,roleB_syn_corpus_whatif,Role B synthetic corpus — 14-design mean over 6 scenarios (NOT this chip),predictions.csv,1.1,False,VALIDATED
985,u_host_if.awaddr_q[3]$_DFFE_PN0P_,clk_host,7.04,3.19,0.03811953845236282,7.001880461547637,setup,roleB_syn_corpus_whatif,Role B synthetic corpus — 14-design mean over 6 scenarios (NOT this chip),predictions.csv,1.1,False,VALIDATED
983,u_host_if.awaddr_q[4]$_DFFE_PN0P_,clk_host,7.04,3.19,0.03811953845236282,7.001880461547637,setup,roleB_syn_corpus_whatif,Role B synthetic corpus — 14-design mean over 6 scenarios (NOT this chip),predictions.csv,1.1,False,VALIDATED
984,u_host_if.awaddr_q[2]$_DFFE_PN0P_,clk_host,7.04,3.19,0.03811953845236282,7.001880461547637,setup,roleB_syn_corpus_whatif,Role B synthetic corpus — 14-design mean over 6 scenarios (NOT this chip),predictions.csv,1.1,False,VALIDATED
986,u_host_if.awaddr_q[5]$_DFFE_PN0P_,clk_host,7.08,3.16,0.03776104749513082,7.042238952504869,setup,roleB_syn_corpus_whatif,Role B synthetic corpus — 14-design mean over 6 scenarios (NOT this chip),predictions.csv,1.1,False,VALIDATED
990,u_host_if.awaddr_q[1]$_DFFE_PN0P_,clk_host,7.08,3.16,0.03776104749513082,7.042238952504869,setup,roleB_syn_corpus_whatif,Role B synthetic corpus — 14-design mean over 6 scenarios (NOT this chip),predictions.csv,1.1,False,VALIDATED
989,u_host_if.awaddr_q[0]$_DFFE_PN0P_,clk_host,7.08,3.16,0.03776104749513082,7.042238952504869,setup,roleB_syn_corpus_whatif,Role B synthetic corpus — 14-design mean over 6 scenarios (NOT this chip),predictions.csv,1.1,False,VALIDATED
987,u_host_if.awaddr_q[6]$_DFFE_PN0P_,clk_host,7.08,3.16,0.03776104749513082,7.042238952504869,setup,roleB_syn_corpus_whatif,Role B synthetic corpus — 14-design mean over 6 scenarios (NOT this chip),predictions.csv,1.1,False,VALIDATED
988,u_host_if.awaddr_q[7]$_DFFE_PN0P_,clk_host,7.08,3.16,0.03776104749513082,7.042238952504869,setup,roleB_syn_corpus_whatif,Role B synthetic corpus — 14-design mean over 6 scenarios (NOT this chip),predictions.csv,1.1,False,VALIDATED
991,u_host_if.s_bvalid$_DFFE_PN0P_,clk_host,7.17,3.06,0.036572335255112276,7.133427664744888,setup,roleB_syn_corpus_whatif,Role B synthetic corpus — 14-design mean over 6 scenarios (NOT this chip),predictions.csv,1.1,False,VALIDATED
992,u_host_if.rpop_q[24]$_DFFE_PN0P_,clk_host,9.1,1.13,0.022077671167844773,9.077922328832155,setup,roleB_syn_corpus_whatif,Role B synthetic corpus — 14-design mean over 6 scenarios (NOT this chip),predictions.csv,1.1,False,VALIDATED
997,u_host_if.rpop_q[17]$_DFFE_PN0P_,clk_host,9.11,1.13,0.023051132473907485,9.086948867526091,setup,roleB_syn_corpus_whatif,Role B synthetic corpus — 14-design mean over 6 scenarios (NOT this chip),predictions.csv,1.1,False,VALIDATED
996,u_host_if.rpop_q[12]$_DFFE_PN0P_,clk_host,9.11,1.13,0.022950154050084895,9.087049845949915,setup,roleB_syn_corpus_whatif,Role B synthetic corpus — 14-design mean over 6 scenarios (NOT this chip),predictions.csv,1.1,False,VALIDATED
993,u_host_if.rpop_q[13]$_DFFE_PN0P_,clk_host,9.11,1.13,0.02277822004971801,9.087221779950282,setup,roleB_syn_corpus_whatif,Role B synthetic corpus — 14-design mean over 6 scenarios (NOT this chip),predictions.csv,1.1,False,VALIDATED
998,u_host_if.rpop_q[11]$_DFFE_PN0P_,clk_host,9.11,1.13,0.022585619457087175,9.087414380542912,setup,roleB_syn_corpus_whatif,Role B synthetic corpus — 14-design mean over 6 scenarios (NOT this chip),predictions.csv,1.1,False,VALIDATED
994,u_host_if.rpop_q[8]$_DFFE_PN0P_,clk_host,9.11,1.13,0.022471378633689518,9.08752862136631,setup,roleB_syn_corpus_whatif,Role B synthetic corpus — 14-design mean over 6 scenarios (NOT this chip),predictions.csv,1.1,False,VALIDATED
995,u_host_if.rpop_q[6]$_DFFE_PN0P_,clk_host,9.11,1.13,0.022404491390176265,9.087595508609823,setup,roleB_syn_corpus_whatif,Role B synthetic corpus — 14-design mean over 6 scenarios (NOT this chip),predictions.csv,1.1,False,VALIDATED
1001,u_cdc_cmd.mem[10][37]$_DFFE_PP_,clk_host,9.17,1.08,0.012581690402096696,9.157418309597903,setup,roleB_syn_corpus_whatif,Role B synthetic corpus — 14-design mean over 6 scenarios (NOT this chip),predictions.csv,1.1,False,VALIDATED
1000,u_cdc_cmd.mem[10][38]$_DFFE_PP_,clk_host,9.17,1.08,0.012474205325820678,9.157525794674179,setup,roleB_syn_corpus_whatif,Role B synthetic corpus — 14-design mean over 6 scenarios (NOT this chip),predictions.csv,1.1,False,VALIDATED
1008,u_cdc_cmd.mem[7][34]$_DFFE_PP_,clk_host,9.17,1.07,0.012469621972445083,9.157530378027555,setup,roleB_syn_corpus_whatif,Role B synthetic corpus — 14-design mean over 6 scenarios (NOT this chip),predictions.csv,1.1,False,VALIDATED
1011,u_cdc_cmd.mem[7][65]$_DFFE_PP_,clk_host,9.17,1.07,0.012463741711668655,9.157536258288332,setup,roleB_syn_corpus_whatif,Role B synthetic corpus — 14-design mean over 6 scenarios (NOT this chip),predictions.csv,1.1,False,VALIDATED
1002,u_cdc_cmd.mem[10][35]$_DFFE_PP_,clk_host,9.17,1.08,0.012448943622767425,9.157551056377233,setup,roleB_syn_corpus_whatif,Role B synthetic corpus — 14-design mean over 6 scenarios (NOT this chip),predictions.csv,1.1,False,VALIDATED
999,u_cdc_cmd.mem[10][36]$_DFFE_PP_,clk_host,9.17,1.07,0.012442613711340464,9.15755738628866,setup,roleB_syn_corpus_whatif,Role B synthetic corpus — 14-design mean over 6 scenarios (NOT this chip),predictions.csv,1.1,False,VALIDATED
1009,u_cdc_cmd.mem[7][57]$_DFFE_PP_,clk_host,9.17,1.07,0.012416438633660196,9.157583561366339,setup,roleB_syn_corpus_whatif,Role B synthetic corpus — 14-design mean over 6 scenarios (NOT this chip),predictions.csv,1.1,False,VALIDATED
1019,u_cdc_cmd.mem[10][30]$_DFFE_PP_,clk_host,9.17,1.08,0.012414279443476756,9.157585720556524,setup,roleB_syn_corpus_whatif,Role B synthetic corpus — 14-design mean over 6 scenarios (NOT this chip),predictions.csv,1.1,False,VALIDATED
1021,u_cdc_cmd.mem[7][59]$_DFFE_PP_,clk_host,9.17,1.07,0.01239885495479362,9.157601145045206,setup,roleB_syn_corpus_whatif,Role B synthetic corpus — 14-design mean over 6 scenarios (NOT this chip),predictions.csv,1.1,False,VALIDATED
1017,u_cdc_cmd.mem[10][40]$_DFFE_PP_,clk_host,9.17,1.08,0.012396593021541863,9.157603406978458,setup,roleB_syn_corpus_whatif,Role B synthetic corpus — 14-design mean over 6 scenarios (NOT this chip),predictions.csv,1.1,False,VALIDATED
1013,u_cdc_cmd.mem[7][53]$_DFFE_PP_,clk_host,9.17,1.07,0.01238846609518543,9.157611533904815,setup,roleB_syn_corpus_whatif,Role B synthetic corpus — 14-design mean over 6 scenarios (NOT this chip),predictions.csv,1.1,False,VALIDATED
1003,u_cdc_cmd.mem[10][52]$_DFFE_PP_,clk_host,9.17,1.07,0.01238548981188102,9.157614510188118,setup,roleB_syn_corpus_whatif,Role B synthetic corpus — 14-design mean over 6 scenarios (NOT this chip),predictions.csv,1.1,False,VALIDATED
1005,u_cdc_cmd.mem[7][33]$_DFFE_PP_,clk_host,9.17,1.07,0.012383284525435814,9.157616715474564,setup,roleB_syn_corpus_whatif,Role B synthetic corpus — 14-design mean over 6 scenarios (NOT this chip),predictions.csv,1.1,False,VALIDATED
1016,u_cdc_cmd.mem[7][58]$_DFFE_PP_,clk_host,9.17,1.07,0.012382756290747601,9.157617243709252,setup,roleB_syn_corpus_whatif,Role B synthetic corpus — 14-design mean over 6 scenarios (NOT this chip),predictions.csv,1.1,False,VALIDATED
1020,u_cdc_cmd.mem[7][64]$_DFFE_PP_,clk_host,9.17,1.07,0.012379806247085068,9.157620193752916,setup,roleB_syn_corpus_whatif,Role B synthetic corpus — 14-design mean over 6 scenarios (NOT this chip),predictions.csv,1.1,False,VALIDATED
1007,u_cdc_cmd.mem[7][60]$_DFFE_PP_,clk_host,9.17,1.07,0.012367903690252771,9.157632096309747,setup,roleB_syn_corpus_whatif,Role B synthetic corpus — 14-design mean over 6 scenarios (NOT this chip),predictions.csv,1.1,False,VALIDATED
1010,u_cdc_cmd.mem[7][56]$_DFFE_PP_,clk_host,9.17,1.07,0.012312536538448812,9.157687463461551,setup,roleB_syn_corpus_whatif,Role B synthetic corpus — 14-design mean over 6 scenarios (NOT this chip),predictions.csv,1.1,False,VALIDATED
1004,u_cdc_cmd.mem[10][69]$_DFFE_PP_,clk_host,9.17,1.07,0.012294406260775104,9.157705593739225,setup,roleB_syn_corpus_whatif,Role B synthetic corpus — 14-design mean over 6 scenarios (NOT this chip),predictions.csv,1.1,False,VALIDATED
1006,u_cdc_cmd.mem[10][72]$_DFFE_PP_,clk_host,9.17,1.07,0.01228810769541619,9.157711892304583,setup,roleB_syn_corpus_whatif,Role B synthetic corpus — 14-design mean over 6 scenarios (NOT this chip),predictions.csv,1.1,False,VALIDATED
1015,u_cdc_cmd.mem[10][29]$_DFFE_PP_,clk_host,9.17,1.07,0.012259247457588648,9.157740752542411,setup,roleB_syn_corpus_whatif,Role B synthetic corpus — 14-design mean over 6 scenarios (NOT this chip),predictions.csv,1.1,False,VALIDATED
1012,u_cdc_cmd.mem[7][63]$_DFFE_PP_,clk_host,9.17,1.06,0.012258210707188369,9.157741789292812,setup,roleB_syn_corpus_whatif,Role B synthetic corpus — 14-design mean over 6 scenarios (NOT this chip),predictions.csv,1.1,False,VALIDATED
1023,u_cdc_cmd.mem[10][31]$_DFFE_PP_,clk_host,9.17,1.07,0.01225797695826357,9.157742023041736,setup,roleB_syn_corpus_whatif,Role B synthetic corpus — 14-design mean over 6 scenarios (NOT this chip),predictions.csv,1.1,False,VALIDATED
1014,u_cdc_cmd.mem[7][66]$_DFFE_PP_,clk_host,9.17,1.06,0.012252037862946319,9.157747962137053,setup,roleB_syn_corpus_whatif,Role B synthetic corpus — 14-design mean over 6 scenarios (NOT this chip),predictions.csv,1.1,False,VALIDATED
1024,u_cdc_cmd.mem[10][41]$_DFFE_PP_,clk_host,9.17,1.07,0.012198883055705462,9.157801116944295,setup,roleB_syn_corpus_whatif,Role B synthetic corpus — 14-design mean over 6 scenarios (NOT this chip),predictions.csv,1.1,False,VALIDATED
1022,u_cdc_cmd.mem[10][23]$_DFFE_PP_,clk_host,9.17,1.07,0.01219401094932765,9.157805989050672,setup,roleB_syn_corpus_whatif,Role B synthetic corpus — 14-design mean over 6 scenarios (NOT this chip),predictions.csv,1.1,False,VALIDATED
1018,u_cdc_cmd.mem[10][71]$_DFFE_PP_,clk_host,9.17,1.07,0.01219301331498801,9.157806986685012,setup,roleB_syn_corpus_whatif,Role B synthetic corpus — 14-design mean over 6 scenarios (NOT this chip),predictions.csv,1.1,False,VALIDATED
1035,u_host_if.rpop_q[1]$_DFFE_PN0P_,clk_host,9.18,1.06,0.020427668801057702,9.159572331198943,setup,roleB_syn_corpus_whatif,Role B synthetic corpus — 14-design mean over 6 scenarios (NOT this chip),predictions.csv,1.1,False,VALIDATED
1037,u_host_if.rpop_q[3]$_DFFE_PN0P_,clk_host,9.18,1.06,0.02037143111833363,9.159628568881667,setup,roleB_syn_corpus_whatif,Role B synthetic corpus — 14-design mean over 6 scenarios (NOT this chip),predictions.csv,1.1,False,VALIDATED
1030,u_host_if.rpop_q[2]$_DFFE_PN0P_,clk_host,9.18,1.06,0.020339263767916435,9.159660736232084,setup,roleB_syn_corpus_whatif,Role B synthetic corpus — 14-design mean over 6 scenarios (NOT this chip),predictions.csv,1.1,False,VALIDATED
1034,u_host_if.rpop_q[0]$_DFFE_PN0P_,clk_host,9.18,1.06,0.020318371956490916,9.15968162804351,setup,roleB_syn_corpus_whatif,Role B synthetic corpus — 14-design mean over 6 scenarios (NOT this chip),predictions.csv,1.1,False,VALIDATED
1025,u_cdc_cmd.mem[10][67]$_DFFE_PP_,clk_host,9.18,1.08,0.012429719387049579,9.16757028061295,setup,roleB_syn_corpus_whatif,Role B synthetic corpus — 14-design mean over 6 scenarios (NOT this chip),predictions.csv,1.1,False,VALIDATED
1028,u_cdc_cmd.mem[10][70]$_DFFE_PP_,clk_host,9.18,1.08,0.012396593021541863,9.167603406978458,setup,roleB_syn_corpus_whatif,Role B synthetic corpus — 14-design mean over 6 scenarios (NOT this chip),predictions.csv,1.1,False,VALIDATED
1026,u_cdc_cmd.mem[7][61]$_DFFE_PP_,clk_host,9.18,1.07,0.01235321737207093,9.167646782627928,setup,roleB_syn_corpus_whatif,Role B synthetic corpus — 14-design mean over 6 scenarios (NOT this chip),predictions.csv,1.1,False,VALIDATED
1027,u_cdc_cmd.mem[7][62]$_DFFE_PP_,clk_host,9.18,1.07,0.01235321737207093,9.167646782627928,setup,roleB_syn_corpus_whatif,Role B synthetic corpus — 14-design mean over 6 scenarios (NOT this chip),predictions.csv,1.1,False,VALIDATED
1036,u_cdc_cmd.mem[10][45]$_DFFE_PP_,clk_host,9.18,1.07,0.012331652714616753,9.167668347285383,setup,roleB_syn_corpus_whatif,Role B synthetic corpus — 14-design mean over 6 scenarios (NOT this chip),predictions.csv,1.1,False,VALIDATED
1029,u_cdc_cmd.mem[7][72]$_DFFE_PP_,clk_host,9.18,1.07,0.012314512301512925,9.167685487698487,setup,roleB_syn_corpus_whatif,Role B synthetic corpus — 14-design mean over 6 scenarios (NOT this chip),predictions.csv,1.1,False,VALIDATED
1033,u_cdc_cmd.mem[10][51]$_DFFE_PP_,clk_host,9.18,1.07,0.012275789832681822,9.167724210167318,setup,roleB_syn_corpus_whatif,Role B synthetic corpus — 14-design mean over 6 scenarios (NOT this chip),predictions.csv,1.1,False,VALIDATED
1031,u_cdc_cmd.mem[10][68]$_DFFE_PP_,clk_host,9.18,1.07,0.012275789832681822,9.167724210167318,setup,roleB_syn_corpus_whatif,Role B synthetic corpus — 14-design mean over 6 scenarios (NOT this chip),predictions.csv,1.1,False,VALIDATED
1038,u_cdc_cmd.mem[10][47]$_DFFE_PP_,clk_host,9.18,1.07,0.012245814045838674,9.167754185954161,setup,roleB_syn_corpus_whatif,Role B synthetic corpus — 14-design mean over 6 scenarios (NOT this chip),predictions.csv,1.1,False,VALIDATED
1032,u_cdc_cmd.mem[10][28]$_DFFE_PP_,clk_host,9.18,1.07,0.01222899113101067,9.16777100886899,setup,roleB_syn_corpus_whatif,Role B synthetic corpus — 14-design mean over 6 scenarios (NOT this chip),predictions.csv,1.1,False,VALIDATED
1040,u_cdc_cmd.mem[6][63]$_DFFE_PP_,clk_host,9.18,1.05,0.012213384354383558,9.167786615645616,setup,roleB_syn_corpus_whatif,Role B synthetic corpus — 14-design mean over 6 scenarios (NOT this chip),predictions.csv,1.1,False,VALIDATED
1039,u_cdc_cmd.mem[6][66]$_DFFE_PP_,clk_host,9.18,1.05,0.012161375294426652,9.167838624705572,setup,roleB_syn_corpus_whatif,Role B synthetic corpus — 14-design mean over 6 scenarios (NOT this chip),predictions.csv,1.1,False,VALIDATED
1042,u_host_if.rpop_q[26]$_DFFE_PN0P_,clk_host,9.19,1.05,0.020409016785409267,9.16959098321459,setup,roleB_syn_corpus_whatif,Role B synthetic corpus — 14-design mean over 6 scenarios (NOT this chip),predictions.csv,1.1,False,VALIDATED
1053,u_cdc_cmd.mem[6][57]$_DFFE_PP_,clk_host,9.19,1.05,0.01235267044388369,9.177647329556116,setup,roleB_syn_corpus_whatif,Role B synthetic corpus — 14-design mean over 6 scenarios (NOT this chip),predictions.csv,1.1,False,VALIDATED
1050,u_cdc_cmd.mem[6][65]$_DFFE_PP_,clk_host,9.19,1.05,0.012194741219866703,9.177805258780133,setup,roleB_syn_corpus_whatif,Role B synthetic corpus — 14-design mean over 6 scenarios (NOT this chip),predictions.csv,1.1,False,VALIDATED
1041,u_cdc_cmd.mem[6][62]$_DFFE_PP_,clk_host,9.19,1.05,0.012193214527902327,9.177806785472097,setup,roleB_syn_corpus_whatif,Role B synthetic corpus — 14-design mean over 6 scenarios (NOT this chip),predictions.csv,1.1,False,VALIDATED
1052,u_cdc_cmd.mem[6][64]$_DFFE_PP_,clk_host,9.19,1.05,0.012192023350911574,9.177807976649088,setup,roleB_syn_corpus_whatif,Role B synthetic corpus — 14-design mean over 6 scenarios (NOT this chip),predictions.csv,1.1,False,VALIDATED
1044,u_cdc_cmd.mem[6][53]$_DFFE_PP_,clk_host,9.19,1.05,0.0121818286755951,9.177818171324404,setup,roleB_syn_corpus_whatif,Role B synthetic corpus — 14-design mean over 6 scenarios (NOT this chip),predictions.csv,1.1,False,VALIDATED
1048,u_cdc_cmd.mem[6][34]$_DFFE_PP_,clk_host,9.19,1.05,0.012176743957616518,9.177823256042384,setup,roleB_syn_corpus_whatif,Role B synthetic corpus — 14-design mean over 6 scenarios (NOT this chip),predictions.csv,1.1,False,VALIDATED
1046,u_cdc_cmd.mem[6][33]$_DFFE_PP_,clk_host,9.19,1.05,0.012176743957616518,9.177823256042384,setup,roleB_syn_corpus_whatif,Role B synthetic corpus — 14-design mean over 6 scenarios (NOT this chip),predictions.csv,1.1,False,VALIDATED
1051,u_cdc_cmd.mem[6][59]$_DFFE_PP_,clk_host,9.19,1.05,0.012176225596473883,9.177823774403526,setup,roleB_syn_corpus_whatif,Role B synthetic corpus — 14-design mean over 6 scenarios (NOT this chip),predictions.csv,1.1,False,VALIDATED
1043,u_cdc_cmd.mem[6][61]$_DFFE_PP_,clk_host,9.19,1.05,0.01217022666751029,9.177829773332489,setup,roleB_syn_corpus_whatif,Role B synthetic corpus — 14-design mean over 6 scenarios (NOT this chip),predictions.csv,1.1,False,VALIDATED
1049,u_cdc_cmd.mem[6][60]$_DFFE_PP_,clk_host,9.19,1.05,0.012161650614679886,9.17783834938532,setup,roleB_syn_corpus_whatif,Role B synthetic corpus — 14-design mean over 6 scenarios (NOT this chip),predictions.csv,1.1,False,VALIDATED
1054,u_cdc_cmd.mem[6][58]$_DFFE_PP_,clk_host,9.19,1.05,0.012160427842036192,9.177839572157964,setup,roleB_syn_corpus_whatif,Role B synthetic corpus — 14-design mean over 6 scenarios (NOT this chip),predictions.csv,1.1,False,VALIDATED
1047,u_cdc_cmd.mem[6][56]$_DFFE_PP_,clk_host,9.19,1.05,0.012125431831578215,9.177874568168422,setup,roleB_syn_corpus_whatif,Role B synthetic corpus — 14-design mean over 6 scenarios (NOT this chip),predictions.csv,1.1,False,VALIDATED
1045,u_cdc_cmd.mem[6][72]$_DFFE_PP_,clk_host,9.19,1.05,0.012109257195823023,9.177890742804177,setup,roleB_syn_corpus_whatif,Role B synthetic corpus — 14-design mean over 6 scenarios (NOT this chip),predictions.csv,1.1,False,VALIDATED
1055,u_cdc_cmd.mem[9][67]$_DFFE_PP_,clk_host,9.2,1.04,0.011903998506230543,9.188096001493768,setup,roleB_syn_corpus_whatif,Role B synthetic corpus — 14-design mean over 6 scenarios (NOT this chip),predictions.csv,1.1,False,VALIDATED
1061,u_cdc_cmd.mem[9][31]$_DFFE_PP_,clk_host,9.2,1.04,0.011894112794257436,9.188105887205742,setup,roleB_syn_corpus_whatif,Role B synthetic corpus — 14-design mean over 6 scenarios (NOT this chip),predictions.csv,1.1,False,VALIDATED
1056,u_cdc_cmd.mem[9][29]$_DFFE_PP_,clk_host,9.2,1.04,0.011874560679888596,9.18812543932011,setup,roleB_syn_corpus_whatif,Role B synthetic corpus — 14-design mean over 6 scenarios (NOT this chip),predictions.csv,1.1,False,VALIDATED
1058,u_cdc_cmd.mem[9][41]$_DFFE_PP_,clk_host,9.2,1.04,0.011808747306958023,9.188191252693041,setup,roleB_syn_corpus_whatif,Role B synthetic corpus — 14-design mean over 6 scenarios (NOT this chip),predictions.csv,1.1,False,VALIDATED
1059,u_cdc_cmd.mem[9][71]$_DFFE_PP_,clk_host,9.2,1.04,0.011805448353315998,9.188194551646683,setup,roleB_syn_corpus_whatif,Role B synthetic corpus — 14-design mean over 6 scenarios (NOT this chip),predictions.csv,1.1,False,VALIDATED
1060,u_cdc_cmd.mem[9][25]$_DFFE_PP_,clk_host,9.2,1.04,0.011803335441299856,9.1881966645587,setup,roleB_syn_corpus_whatif,Role B synthetic corpus — 14-design mean over 6 scenarios (NOT this chip),predictions.csv,1.1,False,VALIDATED
1057,u_cdc_cmd.mem[9][28]$_DFFE_PP_,clk_host,9.2,1.04,0.011803335441299856,9.1881966645587,setup,roleB_syn_corpus_whatif,Role B synthetic corpus — 14-design mean over 6 scenarios (NOT this chip),predictions.csv,1.1,False,VALIDATED
1069,u_host_if.rpop_q[22]$_DFFE_PN0P_,clk_host,9.21,1.02,0.02002726669831245,9.189972733301689,setup,roleB_syn_corpus_whatif,Role B synthetic corpus — 14-design mean over 6 scenarios (NOT this chip),predictions.csv,1.1,False,VALIDATED
1068,u_host_if.rpop_q[27]$_DFFE_PN0P_,clk_host,9.21,1.02,0.01978290268048631,9.190217097319515,setup,roleB_syn_corpus_whatif,Role B synthetic corpus — 14-design mean over 6 scenarios (NOT this chip),predictions.csv,1.1,False,VALIDATED
1070,u_host_if.rpop_q[20]$_DFFE_PN0P_,clk_host,9.22,1.02,0.02208032520585,9.19791967479415,setup,roleB_syn_corpus_whatif,Role B synthetic corpus — 14-design mean over 6 scenarios (NOT this chip),predictions.csv,1.1,False,VALIDATED
1063,u_cdc_cmd.mem[9][30]$_DFFE_PP_,clk_host,9.21,1.04,0.011908786540670069,9.19809121345933,setup,roleB_syn_corpus_whatif,Role B synthetic corpus — 14-design mean over 6 scenarios (NOT this chip),predictions.csv,1.1,False,VALIDATED
1066,u_cdc_cmd.mem[9][69]$_DFFE_PP_,clk_host,9.21,1.04,0.011897439214028666,9.198102560785973,setup,roleB_syn_corpus_whatif,Role B synthetic corpus — 14-design mean over 6 scenarios (NOT this chip),predictions.csv,1.1,False,VALIDATED
1064,u_cdc_cmd.mem[9][40]$_DFFE_PP_,clk_host,9.21,1.04,0.011897439214028666,9.198102560785973,setup,roleB_syn_corpus_whatif,Role B synthetic corpus — 14-design mean over 6 scenarios (NOT this chip),predictions.csv,1.1,False,VALIDATED
1067,u_cdc_cmd.mem[9][70]$_DFFE_PP_,clk_host,9.21,1.04,0.01189175517139944,9.198108244828601,setup,roleB_syn_corpus_whatif,Role B synthetic corpus — 14-design mean over 6 scenarios (NOT this chip),predictions.csv,1.1,False,VALIDATED
1065,u_cdc_cmd.mem[9][68]$_DFFE_PP_,clk_host,9.21,1.04,0.011885904034065115,9.198114095965936,setup,roleB_syn_corpus_whatif,Role B synthetic corpus — 14-design mean over 6 scenarios (NOT this chip),predictions.csv,1.1,False,VALIDATED
1062,u_cdc_cmd.mem[9][23]$_DFFE_PP_,clk_host,9.21,1.04,0.011805448353315998,9.198194551646685,setup,roleB_syn_corpus_whatif,Role B synthetic corpus — 14-design mean over 6 scenarios (NOT this chip),predictions.csv,1.1,False,VALIDATED
1071,u_host_if.rpop_q[29]$_DFFE_PN0P_,clk_host,9.22,1.02,0.019728809401838895,9.200271190598162,setup,roleB_syn_corpus_whatif,Role B synthetic corpus — 14-design mean over 6 scenarios (NOT this chip),predictions.csv,1.1,False,VALIDATED
1074,u_host_if.rpop_q[15]$_DFFE_PN0P_,clk_host,9.23,1.02,0.022400707574892945,9.207599292425108,setup,roleB_syn_corpus_whatif,Role B synthetic corpus — 14-design mean over 6 scenarios (NOT this chip),predictions.csv,1.1,False,VALIDATED
1072,u_host_if.rpop_q[9]$_DFFE_PN0P_,clk_host,9.23,1.02,0.02201767887814042,9.20798232112186,setup,roleB_syn_corpus_whatif,Role B synthetic corpus — 14-design mean over 6 scenarios (NOT this chip),predictions.csv,1.1,False,VALIDATED
1076,u_host_if.rpop_q[16]$_DFFE_PN0P_,clk_host,9.23,1.01,0.021707527376942787,9.208292472623057,setup,roleB_syn_corpus_whatif,Role B synthetic corpus — 14-design mean over 6 scenarios (NOT this chip),predictions.csv,1.1,False,VALIDATED
1073,u_host_if.rpop_q[18]$_DFFE_PN0P_,clk_host,9.23,1.02,0.021552749185480904,9.208447250814519,setup,roleB_syn_corpus_whatif,Role B synthetic corpus — 14-design mean over 6 scenarios (NOT this chip),predictions.csv,1.1,False,VALIDATED
1078,u_host_if.rpop_q[19]$_DFFE_PN0P_,clk_host,9.23,1.01,0.021440610107571978,9.208559389892429,setup,roleB_syn_corpus_whatif,Role B synthetic corpus — 14-design mean over 6 scenarios (NOT this chip),predictions.csv,1.1,False,VALIDATED
1075,u_host_if.rpop_q[10]$_DFFE_PN0P_,clk_host,9.23,1.01,0.021194987485833733,9.208805012514167,setup,roleB_syn_corpus_whatif,Role B synthetic corpus — 14-design mean over 6 scenarios (NOT this chip),predictions.csv,1.1,False,VALIDATED
1077,u_cdc_cmd.mem[3][40]$_DFFE_PP_,clk_host,9.23,1.01,0.011729674894175937,9.218270325105825,setup,roleB_syn_corpus_whatif,Role B synthetic corpus — 14-design mean over 6 scenarios (NOT this chip),predictions.csv,1.1,False,VALIDATED
1081,u_cdc_cmd.mem[3][30]$_DFFE_PP_,clk_host,9.23,1.01,0.011729674894175937,9.218270325105825,setup,roleB_syn_corpus_whatif,Role B synthetic corpus — 14-design mean over 6 scenarios (NOT this chip),predictions.csv,1.1,False,VALIDATED
1082,u_cdc_cmd.mem[3][68]$_DFFE_PP_,clk_host,9.23,1.01,0.011716603500590173,9.21828339649941,setup,roleB_syn_corpus_whatif,Role B synthetic corpus — 14-design mean over 6 scenarios (NOT this chip),predictions.csv,1.1,False,VALIDATED
1083,u_cdc_cmd.mem[3][70]$_DFFE_PP_,clk_host,9.23,1.01,0.011703944801182559,9.218296055198818,setup,roleB_syn_corpus_whatif,Role B synthetic corpus — 14-design mean over 6 scenarios (NOT this chip),predictions.csv,1.1,False,VALIDATED
1080,u_cdc_cmd.mem[3][67]$_DFFE_PP_,clk_host,9.23,1.01,0.01169058038708673,9.218309419612913,setup,roleB_syn_corpus_whatif,Role B synthetic corpus — 14-design mean over 6 scenarios (NOT this chip),predictions.csv,1.1,False,VALIDATED
1079,u_cdc_cmd.mem[3][44]$_DFFE_PP_,clk_host,9.23,1.01,0.011580703237371384,9.21841929676263,setup,roleB_syn_corpus_whatif,Role B synthetic corpus — 14-design mean over 6 scenarios (NOT this chip),predictions.csv,1.1,False,VALIDATED
1084,u_host_if.rpop_q[14]$_DFFE_PN0P_,clk_host,9.24,1.01,0.0212419587965242,9.218758041203476,setup,roleB_syn_corpus_whatif,Role B synthetic corpus — 14-design mean over 6 scenarios (NOT this chip),predictions.csv,1.1,False,VALIDATED
1086,u_host_if.rpop_q[7]$_DFFE_PN0P_,clk_host,9.24,1.0,0.020721696142184262,9.219278303857816,setup,roleB_syn_corpus_whatif,Role B synthetic corpus — 14-design mean over 6 scenarios (NOT this chip),predictions.csv,1.1,False,VALIDATED
1093,u_cdc_cmd.mem[3][52]$_DFFE_PP_,clk_host,9.24,1.01,0.01175673109965554,9.228243268900345,setup,roleB_syn_corpus_whatif,Role B synthetic corpus — 14-design mean over 6 scenarios (NOT this chip),predictions.csv,1.1,False,VALIDATED
1094,u_cdc_cmd.mem[3][48]$_DFFE_PP_,clk_host,9.24,1.01,0.011745118379655653,9.228254881620344,setup,roleB_syn_corpus_whatif,Role B synthetic corpus — 14-design mean over 6 scenarios (NOT this chip),predictions.csv,1.1,False,VALIDATED
1095,u_cdc_cmd.mem[3][46]$_DFFE_PP_,clk_host,9.24,1.01,0.011738506203287175,9.228261493796714,setup,roleB_syn_corpus_whatif,Role B synthetic corpus — 14-design mean over 6 scenarios (NOT this chip),predictions.csv,1.1,False,VALIDATED
1091,u_cdc_cmd.mem[3][51]$_DFFE_PP_,clk_host,9.24,1.01,0.011733201746277427,9.228266798253722,setup,roleB_syn_corpus_whatif,Role B synthetic corpus — 14-design mean over 6 scenarios (NOT this chip),predictions.csv,1.1,False,VALIDATED
1088,u_cdc_cmd.mem[3][49]$_DFFE_PP_,clk_host,9.24,1.01,0.011712104656492348,9.228287895343508,setup,roleB_syn_corpus_whatif,Role B synthetic corpus — 14-design mean over 6 scenarios (NOT this chip),predictions.csv,1.1,False,VALIDATED
1090,u_cdc_cmd.mem[3][43]$_DFFE_PP_,clk_host,9.24,1.01,0.01170961056626145,9.228290389433738,setup,roleB_syn_corpus_whatif,Role B synthetic corpus — 14-design mean over 6 scenarios (NOT this chip),predictions.csv,1.1,False,VALIDATED
1092,u_cdc_cmd.mem[3][45]$_DFFE_PP_,clk_host,9.24,1.01,0.011708364673540583,9.22829163532646,setup,roleB_syn_corpus_whatif,Role B synthetic corpus — 14-design mean over 6 scenarios (NOT this chip),predictions.csv,1.1,False,VALIDATED
1087,u_cdc_cmd.mem[3][50]$_DFFE_PP_,clk_host,9.24,1.0,0.011667561194299209,9.228332438805701,setup,roleB_syn_corpus_whatif,Role B synthetic corpus — 14-design mean over 6 scenarios (NOT this chip),predictions.csv,1.1,False,VALIDATED
1096,u_cdc_cmd.mem[3][47]$_DFFE_PP_,clk_host,9.24,1.01,0.011667114634388881,9.228332885365612,setup,roleB_syn_corpus_whatif,Role B synthetic corpus — 14-design mean over 6 scenarios (NOT this chip),predictions.csv,1.1,False,VALIDATED
1085,u_cdc_cmd.mem[3][69]$_DFFE_PP_,clk_host,9.24,1.01,0.011666836724045754,9.228333163275954,setup,roleB_syn_corpus_whatif,Role B synthetic corpus — 14-design mean over 6 scenarios (NOT this chip),predictions.csv,1.1,False,VALIDATED
1089,u_cdc_cmd.mem[3][41]$_DFFE_PP_,clk_host,9.24,1.01,0.011661207817953032,9.228338792182047,setup,roleB_syn_corpus_whatif,Role B synthetic corpus — 14-design mean over 6 scenarios (NOT this chip),predictions.csv,1.1,False,VALIDATED
1097,u_cdc_cmd.mem[3][37]$_DFFE_PP_,clk_host,9.25,1.0,0.011698223467408994,9.238301776532591,setup,roleB_syn_corpus_whatif,Role B synthetic corpus — 14-design mean over 6 scenarios (NOT this chip),predictions.csv,1.1,False,VALIDATED
1104,u_cdc_cmd.mem[3][38]$_DFFE_PP_,clk_host,9.25,1.0,0.01168645283286747,9.238313547167133,setup,roleB_syn_corpus_whatif,Role B synthetic corpus — 14-design mean over 6 scenarios (NOT this chip),predictions.csv,1.1,False,VALIDATED
1100,u_cdc_cmd.mem[3][13]$_DFFE_PP_,clk_host,9.25,1.0,0.011665984042299099,9.238334015957701,setup,roleB_syn_corpus_whatif,Role B synthetic corpus — 14-design mean over 6 scenarios (NOT this chip),predictions.csv,1.1,False,VALIDATED
1099,u_cdc_cmd.mem[3][14]$_DFFE_PP_,clk_host,9.25,1.0,0.011650039080318197,9.238349960919681,setup,roleB_syn_corpus_whatif,Role B synthetic corpus — 14-design mean over 6 scenarios (NOT this chip),predictions.csv,1.1,False,VALIDATED
1098,u_cdc_cmd.mem[3][39]$_DFFE_PP_,clk_host,9.25,0.99,0.011623927503076864,9.238376072496923,setup,roleB_syn_corpus_whatif,Role B synthetic corpus — 14-design mean over 6 scenarios (NOT this chip),predictions.csv,1.1,False,VALIDATED
1101,u_cdc_cmd.mem[3][35]$_DFFE_PP_,clk_host,9.25,1.0,0.011617721308251741,9.238382278691748,setup,roleB_syn_corpus_whatif,Role B synthetic corpus — 14-design mean over 6 scenarios (NOT this chip),predictions.csv,1.1,False,VALIDATED
1103,u_cdc_cmd.mem[3][36]$_DFFE_PP_,clk_host,9.25,0.99,0.011604839729653565,9.238395160270347,setup,roleB_syn_corpus_whatif,Role B synthetic corpus — 14-design mean over 6 scenarios (NOT this chip),predictions.csv,1.1,False,VALIDATED
1106,u_cdc_cmd.mem[3][12]$_DFFE_PP_,clk_host,9.25,0.99,0.01160256229644302,9.238397437703558,setup,roleB_syn_corpus_whatif,Role B synthetic corpus — 14-design mean over 6 scenarios (NOT this chip),predictions.csv,1.1,False,VALIDATED
1102,u_cdc_cmd.mem[3][3]$_DFFE_PP_,clk_host,9.25,1.0,0.011599778925965587,9.238400221074034,setup,roleB_syn_corpus_whatif,Role B synthetic corpus — 14-design mean over 6 scenarios (NOT this chip),predictions.csv,1.1,False,VALIDATED
1107,u_cdc_cmd.mem[2][70]$_DFFE_PP_,clk_host,9.25,0.99,0.011552928926600967,9.238447071073399,setup,roleB_syn_corpus_whatif,Role B synthetic corpus — 14-design mean over 6 scenarios (NOT this chip),predictions.csv,1.1,False,VALIDATED
1105,u_cdc_cmd.mem[3][18]$_DFFE_PP_,clk_host,9.25,0.99,0.01154932420187621,9.238450675798124,setup,roleB_syn_corpus_whatif,Role B synthetic corpus — 14-design mean over 6 scenarios (NOT this chip),predictions.csv,1.1,False,VALIDATED
1109,u_cdc_cmd.mem[2][40]$_DFFE_PP_,clk_host,9.25,0.99,0.011509727703891429,9.238490272296108,setup,roleB_syn_corpus_whatif,Role B synthetic corpus — 14-design mean over 6 scenarios (NOT this chip),predictions.csv,1.1,False,VALIDATED
1108,u_cdc_cmd.mem[2][67]$_DFFE_PP_,clk_host,9.25,0.99,0.01147795723157373,9.238522042768427,setup,roleB_syn_corpus_whatif,Role B synthetic corpus — 14-design mean over 6 scenarios (NOT this chip),predictions.csv,1.1,False,VALIDATED
1115,u_cdc_cmd.mem[2][37]$_DFFE_PP_,clk_host,9.26,0.99,0.011600114718550394,9.248399885281449,setup,roleB_syn_corpus_whatif,Role B synthetic corpus — 14-design mean over 6 scenarios (NOT this chip),predictions.csv,1.1,False,VALIDATED
1119,u_cdc_cmd.mem[2][38]$_DFFE_PP_,clk_host,9.26,0.99,0.011588461790354262,9.248411538209645,setup,roleB_syn_corpus_whatif,Role B synthetic corpus — 14-design mean over 6 scenarios (NOT this chip),predictions.csv,1.1,False,VALIDATED
1137,u_cdc_cmd.mem[2][52]$_DFFE_PP_,clk_host,9.26,0.99,0.011542798029042137,9.248457201970957,setup,roleB_syn_corpus_whatif,Role B synthetic corpus — 14-design mean over 6 scenarios (NOT this chip),predictions.csv,1.1,False,VALIDATED
1127,u_cdc_cmd.mem[2][48]$_DFFE_PP_,clk_host,9.26,0.99,0.0115352984944984,9.248464701505501,setup,roleB_syn_corpus_whatif,Role B synthetic corpus — 14-design mean over 6 scenarios (NOT this chip),predictions.csv,1.1,False,VALIDATED
1143,u_cdc_cmd.mem[2][39]$_DFFE_PP_,clk_host,9.26,0.98,0.01152519693849946,9.2484748030615,setup,roleB_syn_corpus_whatif,Role B synthetic corpus — 14-design mean over 6 scenarios (NOT this chip),predictions.csv,1.1,False,VALIDATED
1133,u_cdc_cmd.mem[2][46]$_DFFE_PP_,clk_host,9.26,0.99,0.011524934021710787,9.248475065978289,setup,roleB_syn_corpus_whatif,Role B synthetic corpus — 14-design mean over 6 scenarios (NOT this chip),predictions.csv,1.1,False,VALIDATED
1113,u_cdc_cmd.mem[2][35]$_DFFE_PP_,clk_host,9.26,0.99,0.011520417580984724,9.248479582419016,setup,roleB_syn_corpus_whatif,Role B synthetic corpus — 14-design mean over 6 scenarios (NOT this chip),predictions.csv,1.1,False,VALIDATED
1112,u_cdc_cmd.mem[2][30]$_DFFE_PP_,clk_host,9.26,0.99,0.0115162775900077,9.248483722409992,setup,roleB_syn_corpus_whatif,Role B synthetic corpus — 14-design mean over 6 scenarios (NOT this chip),predictions.csv,1.1,False,VALIDATED
1111,u_cdc_cmd.mem[2][68]$_DFFE_PP_,clk_host,9.26,0.99,0.0115034650358989,9.2484965349641,setup,roleB_syn_corpus_whatif,Role B synthetic corpus — 14-design mean over 6 scenarios (NOT this chip),predictions.csv,1.1,False,VALIDATED
1110,u_cdc_cmd.mem[2][49]$_DFFE_PP_,clk_host,9.26,0.99,0.011499055277822787,9.248500944722178,setup,roleB_syn_corpus_whatif,Role B synthetic corpus — 14-design mean over 6 scenarios (NOT this chip),predictions.csv,1.1,False,VALIDATED
1140,u_cdc_cmd.mem[2][51]$_DFFE_PP_,clk_host,9.26,0.99,0.011498814078857902,9.248501185921143,setup,roleB_syn_corpus_whatif,Role B synthetic corpus — 14-design mean over 6 scenarios (NOT this chip),predictions.csv,1.1,False,VALIDATED
1118,u_cdc_cmd.mem[2][43]$_DFFE_PP_,clk_host,9.26,0.99,0.011496610575517277,9.248503389424483,setup,roleB_syn_corpus_whatif,Role B synthetic corpus — 14-design mean over 6 scenarios (NOT this chip),predictions.csv,1.1,False,VALIDATED
1135,u_cdc_cmd.mem[2][45]$_DFFE_PP_,clk_host,9.26,0.99,0.011495389353939386,9.24850461064606,setup,roleB_syn_corpus_whatif,Role B synthetic corpus — 14-design mean over 6 scenarios (NOT this chip),predictions.csv,1.1,False,VALIDATED
1121,u_cdc_cmd.mem[2][36]$_DFFE_PP_,clk_host,9.26,0.98,0.0114841545709862,9.248515845429013,setup,roleB_syn_corpus_whatif,Role B synthetic corpus — 14-design mean over 6 scenarios (NOT this chip),predictions.csv,1.1,False,VALIDATED
1128,u_cdc_cmd.mem[10][39]$_DFFE_PP_,clk_host,9.26,0.98,0.01147610330072052,9.248523896699279,setup,roleB_syn_corpus_whatif,Role B synthetic corpus — 14-design mean over 6 scenarios (NOT this chip),predictions.csv,1.1,False,VALIDATED
1129,u_cdc_cmd.mem[2][47]$_DFFE_PP_,clk_host,9.26,0.99,0.011454956147246134,9.248545043852754,setup,roleB_syn_corpus_whatif,Role B synthetic corpus — 14-design mean over 6 scenarios (NOT this chip),predictions.csv,1.1,False,VALIDATED
1144,u_cdc_cmd.mem[10][13]$_DFFE_PP_,clk_host,9.26,0.98,0.011453443233078564,9.248546556766922,setup,roleB_syn_corpus_whatif,Role B synthetic corpus — 14-design mean over 6 scenarios (NOT this chip),predictions.csv,1.1,False,VALIDATED
1116,u_cdc_cmd.mem[2][50]$_DFFE_PP_,clk_host,9.26,0.98,0.011452892814957899,9.248547107185042,setup,roleB_syn_corpus_whatif,Role B synthetic corpus — 14-design mean over 6 scenarios (NOT this chip),predictions.csv,1.1,False,VALIDATED
1117,u_cdc_cmd.mem[2][41]$_DFFE_PP_,clk_host,9.26,0.99,0.011449166297472349,9.248550833702527,setup,roleB_syn_corpus_whatif,Role B synthetic corpus — 14-design mean over 6 scenarios (NOT this chip),predictions.csv,1.1,False,VALIDATED
1114,u_cdc_cmd.mem[2][44]$_DFFE_PP_,clk_host,9.26,0.99,0.011449166297472349,9.248550833702527,setup,roleB_syn_corpus_whatif,Role B synthetic corpus — 14-design mean over 6 scenarios (NOT this chip),predictions.csv,1.1,False,VALIDATED
1142,u_cdc_cmd.mem[10][12]$_DFFE_PP_,clk_host,9.26,0.98,0.011443076270267027,9.248556923729733,setup,roleB_syn_corpus_whatif,Role B synthetic corpus — 14-design mean over 6 scenarios (NOT this chip),predictions.csv,1.1,False,VALIDATED
1126,u_cdc_cmd.mem[10][19]$_DFFE_PP_,clk_host,9.26,0.98,0.01142948002002013,9.24857051997998,setup,roleB_syn_corpus_whatif,Role B synthetic corpus — 14-design mean over 6 scenarios (NOT this chip),predictions.csv,1.1,False,VALIDATED
1123,u_cdc_cmd.mem[10][20]$_DFFE_PP_,clk_host,9.26,0.98,0.01142948002002013,9.24857051997998,setup,roleB_syn_corpus_whatif,Role B synthetic corpus — 14-design mean over 6 scenarios (NOT this chip),predictions.csv,1.1,False,VALIDATED
1138,u_cdc_cmd.mem[10][50]$_DFFE_PP_,clk_host,9.26,0.98,0.011398634596926,9.248601365403074,setup,roleB_syn_corpus_whatif,Role B synthetic corpus — 14-design mean over 6 scenarios (NOT this chip),predictions.csv,1.1,False,VALIDATED
1124,u_cdc_cmd.mem[11][37]$_DFFE_PP_,clk_host,9.26,0.98,0.011387178352304475,9.248612821647695,setup,roleB_syn_corpus_whatif,Role B synthetic corpus — 14-design mean over 6 scenarios (NOT this chip),predictions.csv,1.1,False,VALIDATED
1122,u_cdc_cmd.mem[11][36]$_DFFE_PP_,clk_host,9.26,0.98,0.011387178352304475,9.248612821647695,setup,roleB_syn_corpus_whatif,Role B synthetic corpus — 14-design mean over 6 scenarios (NOT this chip),predictions.csv,1.1,False,VALIDATED
1134,u_cdc_cmd.mem[10][16]$_DFFE_PP_,clk_host,9.26,0.98,0.011380264780651225,9.248619735219348,setup,roleB_syn_corpus_whatif,Role B synthetic corpus — 14-design mean over 6 scenarios (NOT this chip),predictions.csv,1.1,False,VALIDATED
1125,u_cdc_cmd.mem[11][52]$_DFFE_PP_,clk_host,9.26,0.98,0.011362748804143605,9.248637251195856,setup,roleB_syn_corpus_whatif,Role B synthetic corpus — 14-design mean over 6 scenarios (NOT this chip),predictions.csv,1.1,False,VALIDATED
1139,u_cdc_cmd.mem[11][38]$_DFFE_PP_,clk_host,9.26,0.98,0.011310325940200622,9.248689674059799,setup,roleB_syn_corpus_whatif,Role B synthetic corpus — 14-design mean over 6 scenarios (NOT this chip),predictions.csv,1.1,False,VALIDATED
1130,u_cdc_cmd.mem[11][35]$_DFFE_PP_,clk_host,9.26,0.98,0.011301935286572279,9.248698064713427,setup,roleB_syn_corpus_whatif,Role B synthetic corpus — 14-design mean over 6 scenarios (NOT this chip),predictions.csv,1.1,False,VALIDATED
1141,u_cdc_cmd.mem[11][72]$_DFFE_PP_,clk_host,9.26,0.98,0.011245668169495321,9.248754331830504,setup,roleB_syn_corpus_whatif,Role B synthetic corpus — 14-design mean over 6 scenarios (NOT this chip),predictions.csv,1.1,False,VALIDATED
1145,u_cdc_cmd.mem[11][31]$_DFFE_PP_,clk_host,9.26,0.98,0.01124212156654672,9.248757878433453,setup,roleB_syn_corpus_whatif,Role B synthetic corpus — 14-design mean over 6 scenarios (NOT this chip),predictions.csv,1.1,False,VALIDATED
1132,u_cdc_cmd.mem[11][54]$_DFFE_PP_,clk_host,9.26,0.98,0.01124212156654672,9.248757878433453,setup,roleB_syn_corpus_whatif,Role B synthetic corpus — 14-design mean over 6 scenarios (NOT this chip),predictions.csv,1.1,False,VALIDATED
1146,u_cdc_cmd.mem[11][29]$_DFFE_PP_,clk_host,9.26,0.98,0.01121923542830748,9.248780764571693,setup,roleB_syn_corpus_whatif,Role B synthetic corpus — 14-design mean over 6 scenarios (NOT this chip),predictions.csv,1.1,False,VALIDATED
1120,u_cdc_cmd.mem[11][41]$_DFFE_PP_,clk_host,9.26,0.98,0.011163948406021945,9.248836051593978,setup,roleB_syn_corpus_whatif,Role B synthetic corpus — 14-design mean over 6 scenarios (NOT this chip),predictions.csv,1.1,False,VALIDATED
1136,u_cdc_cmd.mem[11][23]$_DFFE_PP_,clk_host,9.26,0.98,0.011159486102984312,9.248840513897015,setup,roleB_syn_corpus_whatif,Role B synthetic corpus — 14-design mean over 6 scenarios (NOT this chip),predictions.csv,1.1,False,VALIDATED
1131,u_cdc_cmd.mem[11][28]$_DFFE_PP_,clk_host,9.26,0.98,0.011157997492479657,9.24884200250752,setup,roleB_syn_corpus_whatif,Role B synthetic corpus — 14-design mean over 6 scenarios (NOT this chip),predictions.csv,1.1,False,VALIDATED
1155,u_cdc_cmd.mem[2][12]$_DFFE_PP_,clk_host,9.27,0.98,0.01150404754203363,9.258495952457967,setup,roleB_syn_corpus_whatif,Role B synthetic corpus — 14-design mean over 6 scenarios (NOT this chip),predictions.csv,1.1,False,VALIDATED
1151,u_cdc_cmd.mem[2][13]$_DFFE_PP_,clk_host,9.27,0.98,0.011451347205997803,9.258548652794001,setup,roleB_syn_corpus_whatif,Role B synthetic corpus — 14-design mean over 6 scenarios (NOT this chip),predictions.csv,1.1,False,VALIDATED
1150,u_cdc_cmd.mem[2][18]$_DFFE_PP_,clk_host,9.27,0.98,0.011451347205997803,9.258548652794001,setup,roleB_syn_corpus_whatif,Role B synthetic corpus — 14-design mean over 6 scenarios (NOT this chip),predictions.csv,1.1,False,VALIDATED
1148,u_cdc_cmd.mem[2][14]$_DFFE_PP_,clk_host,9.27,0.98,0.011435721143256514,9.258564278856744,setup,roleB_syn_corpus_whatif,Role B synthetic corpus — 14-design mean over 6 scenarios (NOT this chip),predictions.csv,1.1,False,VALIDATED
1153,u_cdc_cmd.mem[2][3]$_DFFE_PP_,clk_host,9.27,0.98,0.011386466191990921,9.258613533808008,setup,roleB_syn_corpus_whatif,Role B synthetic corpus — 14-design mean over 6 scenarios (NOT this chip),predictions.csv,1.1,False,VALIDATED
1152,u_cdc_cmd.mem[10][14]$_DFFE_PP_,clk_host,9.27,0.98,0.01135583837083852,9.258644161629162,setup,roleB_syn_corpus_whatif,Role B synthetic corpus — 14-design mean over 6 scenarios (NOT this chip),predictions.csv,1.1,False,VALIDATED
1149,u_cdc_cmd.mem[10][18]$_DFFE_PP_,clk_host,9.27,0.98,0.011348182574511062,9.258651817425488,setup,roleB_syn_corpus_whatif,Role B synthetic corpus — 14-design mean over 6 scenarios (NOT this chip),predictions.csv,1.1,False,VALIDATED
1164,u_cdc_cmd.mem[10][3]$_DFFE_PP_,clk_host,9.27,0.98,0.011312146996939887,9.25868785300306,setup,roleB_syn_corpus_whatif,Role B synthetic corpus — 14-design mean over 6 scenarios (NOT this chip),predictions.csv,1.1,False,VALIDATED
1170,u_cdc_cmd.mem[11][45]$_DFFE_PP_,clk_host,9.27,0.98,0.011285550523529461,9.25871444947647,setup,roleB_syn_corpus_whatif,Role B synthetic corpus — 14-design mean over 6 scenarios (NOT this chip),predictions.csv,1.1,False,VALIDATED
1163,u_cdc_cmd.mem[11][67]$_DFFE_PP_,clk_host,9.27,0.98,0.01126995906983426,9.258730040930166,setup,roleB_syn_corpus_whatif,Role B synthetic corpus — 14-design mean over 6 scenarios (NOT this chip),predictions.csv,1.1,False,VALIDATED
1159,u_cdc_cmd.mem[11][70]$_DFFE_PP_,clk_host,9.27,0.98,0.011255948750666336,9.258744051249334,setup,roleB_syn_corpus_whatif,Role B synthetic corpus — 14-design mean over 6 scenarios (NOT this chip),predictions.csv,1.1,False,VALIDATED
1157,u_cdc_cmd.mem[11][30]$_DFFE_PP_,clk_host,9.27,0.98,0.011255948750666336,9.258744051249334,setup,roleB_syn_corpus_whatif,Role B synthetic corpus — 14-design mean over 6 scenarios (NOT this chip),predictions.csv,1.1,False,VALIDATED
1165,u_cdc_cmd.mem[11][69]$_DFFE_PP_,clk_host,9.27,0.98,0.011245256077484986,9.258754743922514,setup,roleB_syn_corpus_whatif,Role B synthetic corpus — 14-design mean over 6 scenarios (NOT this chip),predictions.csv,1.1,False,VALIDATED
1161,u_cdc_cmd.mem[11][40]$_DFFE_PP_,clk_host,9.27,0.98,0.011234553623801408,9.258765446376199,setup,roleB_syn_corpus_whatif,Role B synthetic corpus — 14-design mean over 6 scenarios (NOT this chip),predictions.csv,1.1,False,VALIDATED
1166,u_cdc_cmd.mem[11][68]$_DFFE_PP_,clk_host,9.27,0.98,0.011234386388673176,9.258765613611326,setup,roleB_syn_corpus_whatif,Role B synthetic corpus — 14-design mean over 6 scenarios (NOT this chip),predictions.csv,1.1,False,VALIDATED
1167,u_cdc_cmd.mem[11][51]$_DFFE_PP_,clk_host,9.27,0.98,0.011234386388673176,9.258765613611326,setup,roleB_syn_corpus_whatif,Role B synthetic corpus — 14-design mean over 6 scenarios (NOT this chip),predictions.csv,1.1,False,VALIDATED
1169,u_cdc_cmd.mem[10][43]$_DFFE_PP_,clk_host,9.27,0.97,0.011222699716242832,9.258777300283757,setup,roleB_syn_corpus_whatif,Role B synthetic corpus — 14-design mean over 6 scenarios (NOT this chip),predictions.csv,1.1,False,VALIDATED
1168,u_cdc_cmd.mem[10][4]$_DFFE_PP_,clk_host,9.27,0.97,0.011211876855837105,9.258788123144162,setup,roleB_syn_corpus_whatif,Role B synthetic corpus — 14-design mean over 6 scenarios (NOT this chip),predictions.csv,1.1,False,VALIDATED
1158,u_cdc_cmd.mem[10][15]$_DFFE_PP_,clk_host,9.27,0.97,0.011186227713920319,9.258813772286079,setup,roleB_syn_corpus_whatif,Role B synthetic corpus — 14-design mean over 6 scenarios (NOT this chip),predictions.csv,1.1,False,VALIDATED
1154,u_cdc_cmd.mem[10][7]$_DFFE_PP_,clk_host,9.27,0.97,0.011179000897843544,9.258820999102156,setup,roleB_syn_corpus_whatif,Role B synthetic corpus — 14-design mean over 6 scenarios (NOT this chip),predictions.csv,1.1,False,VALIDATED
1160,u_cdc_cmd.mem[10][17]$_DFFE_PP_,clk_host,9.27,0.97,0.01117604623516176,9.258823953764837,setup,roleB_syn_corpus_whatif,Role B synthetic corpus — 14-design mean over 6 scenarios (NOT this chip),predictions.csv,1.1,False,VALIDATED
1162,u_cdc_cmd.mem[10][11]$_DFFE_PP_,clk_host,9.27,0.97,0.011175716097257246,9.258824283902742,setup,roleB_syn_corpus_whatif,Role B synthetic corpus — 14-design mean over 6 scenarios (NOT this chip),predictions.csv,1.1,False,VALIDATED
1156,u_cdc_cmd.mem[10][6]$_DFFE_PP_,clk_host,9.27,0.97,0.011175716097257246,9.258824283902742,setup,roleB_syn_corpus_whatif,Role B synthetic corpus — 14-design mean over 6 scenarios (NOT this chip),predictions.csv,1.1,False,VALIDATED
1147,u_cdc_cmd.mem[11][71]$_DFFE_PP_,clk_host,9.27,0.98,0.011158572381813447,9.258841427618187,setup,roleB_syn_corpus_whatif,Role B synthetic corpus — 14-design mean over 6 scenarios (NOT this chip),predictions.csv,1.1,False,VALIDATED
1171,u_cdc_cmd.mem[10][48]$_DFFE_PP_,clk_host,9.28,0.98,0.011366204081550146,9.268633795918449,setup,roleB_syn_corpus_whatif,Role B synthetic corpus — 14-design mean over 6 scenarios (NOT this chip),predictions.csv,1.1,False,VALIDATED
1172,u_cdc_cmd.mem[10][49]$_DFFE_PP_,clk_host,9.28,0.97,0.011222625369482944,9.268777374630517,setup,roleB_syn_corpus_whatif,Role B synthetic corpus — 14-design mean over 6 scenarios (NOT this chip),predictions.csv,1.1,False,VALIDATED
1174,u_cdc_cmd.mem[11][47]$_DFFE_PP_,clk_host,9.28,0.98,0.011206931929695352,9.268793068070304,setup,roleB_syn_corpus_whatif,Role B synthetic corpus — 14-design mean over 6 scenarios (NOT this chip),predictions.csv,1.1,False,VALIDATED
1175,u_cdc_cmd.mem[10][9]$_DFFE_PP_,clk_host,9.28,0.97,0.011198268391467842,9.268801731608532,setup,roleB_syn_corpus_whatif,Role B synthetic corpus — 14-design mean over 6 scenarios (NOT this chip),predictions.csv,1.1,False,VALIDATED
1173,u_cdc_cmd.mem[10][5]$_DFFE_PP_,clk_host,9.28,0.97,0.011193301253107177,9.268806698746893,setup,roleB_syn_corpus_whatif,Role B synthetic corpus — 14-design mean over 6 scenarios (NOT this chip),predictions.csv,1.1,False,VALIDATED
1177,u_cdc_cmd.mem[5][30]$_DFFE_PP_,clk_host,9.28,0.96,0.011106989944469597,9.26889301005553,setup,roleB_syn_corpus_whatif,Role B synthetic corpus — 14-design mean over 6 scenarios (NOT this chip),predictions.csv,1.1,False,VALIDATED
1180,u_cdc_cmd.mem[5][70]$_DFFE_PP_,clk_host,9.28,0.96,0.011106989944469597,9.26889301005553,setup,roleB_syn_corpus_whatif,Role B synthetic corpus — 14-design mean over 6 scenarios (NOT this chip),predictions.csv,1.1,False,VALIDATED
1184,u_cdc_cmd.mem[5][40]$_DFFE_PP_,clk_host,9.28,0.96,0.011093379791500713,9.268906620208499,setup,roleB_syn_corpus_whatif,Role B synthetic corpus — 14-design mean over 6 scenarios (NOT this chip),predictions.csv,1.1,False,VALIDATED
1178,u_cdc_cmd.mem[5][67]$_DFFE_PP_,clk_host,9.28,0.96,0.011093379791500713,9.268906620208499,setup,roleB_syn_corpus_whatif,Role B synthetic corpus — 14-design mean over 6 scenarios (NOT this chip),predictions.csv,1.1,False,VALIDATED
1185,u_cdc_cmd.mem[10][22]$_DFFE_PP_,clk_host,9.28,0.96,0.011089146372949957,9.26891085362705,setup,roleB_syn_corpus_whatif,Role B synthetic corpus — 14-design mean over 6 scenarios (NOT this chip),predictions.csv,1.1,False,VALIDATED
1179,u_cdc_cmd.mem[1][53]$_DFFE_PP_,clk_host,9.28,0.95,0.011038909018773108,9.268961090981227,setup,roleB_syn_corpus_whatif,Role B synthetic corpus — 14-design mean over 6 scenarios (NOT this chip),predictions.csv,1.1,False,VALIDATED
1181,u_cdc_cmd.mem[1][63]$_DFFE_PP_,clk_host,9.28,0.95,0.011038909018773108,9.268961090981227,setup,roleB_syn_corpus_whatif,Role B synthetic corpus — 14-design mean over 6 scenarios (NOT this chip),predictions.csv,1.1,False,VALIDATED
1176,u_cdc_cmd.mem[1][66]$_DFFE_PP_,clk_host,9.28,0.95,0.011038909018773108,9.268961090981227,setup,roleB_syn_corpus_whatif,Role B synthetic corpus — 14-design mean over 6 scenarios (NOT this chip),predictions.csv,1.1,False,VALIDATED
1183,u_cdc_cmd.mem[3][53]$_DFFE_PP_,clk_host,9.28,0.95,0.011009988655035274,9.268990011344965,setup,roleB_syn_corpus_whatif,Role B synthetic corpus — 14-design mean over 6 scenarios (NOT this chip),predictions.csv,1.1,False,VALIDATED
1182,u_cdc_cmd.mem[10][42]$_DFFE_PP_,clk_host,9.28,0.96,0.01097409591362175,9.269025904086378,setup,roleB_syn_corpus_whatif,Role B synthetic corpus — 14-design mean over 6 scenarios (NOT this chip),predictions.csv,1.1,False,VALIDATED
378,u_host_if.rpop_q[15]$_DFFE_PN0P_,clk_host,9.29,1.03,0.01662465849265557,9.273375341507343,recovery,roleB_syn_corpus_whatif,Role B synthetic corpus — 14-design mean over 6 scenarios (NOT this chip),predictions.csv,1.1,False,VALIDATED
381,u_host_if.rpop_q[13]$_DFFE_PN0P_,clk_host,9.29,1.03,0.01662465849265557,9.273375341507343,recovery,roleB_syn_corpus_whatif,Role B synthetic corpus — 14-design mean over 6 scenarios (NOT this chip),predictions.csv,1.1,False,VALIDATED
379,u_host_if.s_rdata[14]$_DFFE_PN0P_,clk_host,9.29,1.03,0.01662465849265557,9.273375341507343,recovery,roleB_syn_corpus_whatif,Role B synthetic corpus — 14-design mean over 6 scenarios (NOT this chip),predictions.csv,1.1,False,VALIDATED
377,u_host_if.rpop_q[17]$_DFFE_PN0P_,clk_host,9.29,1.03,0.01662465849265557,9.273375341507343,recovery,roleB_syn_corpus_whatif,Role B synthetic corpus — 14-design mean over 6 scenarios (NOT this chip),predictions.csv,1.1,False,VALIDATED
376,u_host_if.s_rdata[15]$_DFFE_PN0P_,clk_host,9.29,1.03,0.01662465849265557,9.273375341507343,recovery,roleB_syn_corpus_whatif,Role B synthetic corpus — 14-design mean over 6 scenarios (NOT this chip),predictions.csv,1.1,False,VALIDATED
380,u_host_if.rpop_q[14]$_DFFE_PN0P_,clk_host,9.29,1.03,0.01662465849265557,9.273375341507343,recovery,roleB_syn_corpus_whatif,Role B synthetic corpus — 14-design mean over 6 scenarios (NOT this chip),predictions.csv,1.1,False,VALIDATED
375,u_host_if.s_rdata[17]$_DFFE_PN0P_,clk_host,9.29,1.03,0.01662465849265557,9.273375341507343,recovery,roleB_syn_corpus_whatif,Role B synthetic corpus — 14-design mean over 6 scenarios (NOT this chip),predictions.csv,1.1,False,VALIDATED
383,u_host_if.s_rdata[13]$_DFFE_PN0P_,clk_host,9.29,1.03,0.016573017307066187,9.273426982692932,recovery,roleB_syn_corpus_whatif,Role B synthetic corpus — 14-design mean over 6 scenarios (NOT this chip),predictions.csv,1.1,False,VALIDATED
382,u_host_if.rpop_q[20]$_DFFE_PN0P_,clk_host,9.29,1.03,0.016573017307066187,9.273426982692932,recovery,roleB_syn_corpus_whatif,Role B synthetic corpus — 14-design mean over 6 scenarios (NOT this chip),predictions.csv,1.1,False,VALIDATED
384,u_host_if.s_rdata[20]$_DFFE_PN0P_,clk_host,9.29,1.03,0.016573017307066187,9.273426982692932,recovery,roleB_syn_corpus_whatif,Role B synthetic corpus — 14-design mean over 6 scenarios (NOT this chip),predictions.csv,1.1,False,VALIDATED
390,u_host_if.s_rdata[9]$_DFFE_PN0P_,clk_host,9.29,1.03,0.016573017307066187,9.273426982692932,recovery,roleB_syn_corpus_whatif,Role B synthetic corpus — 14-design mean over 6 scenarios (NOT this chip),predictions.csv,1.1,False,VALIDATED
385,u_host_if.rpop_q[16]$_DFFE_PN0P_,clk_host,9.29,1.03,0.016573017307066187,9.273426982692932,recovery,roleB_syn_corpus_whatif,Role B synthetic corpus — 14-design mean over 6 scenarios (NOT this chip),predictions.csv,1.1,False,VALIDATED
388,u_host_if.rpop_q[9]$_DFFE_PN0P_,clk_host,9.29,1.03,0.016573017307066187,9.273426982692932,recovery,roleB_syn_corpus_whatif,Role B synthetic corpus — 14-design mean over 6 scenarios (NOT this chip),predictions.csv,1.1,False,VALIDATED
387,u_host_if.rpop_q[12]$_DFFE_PN0P_,clk_host,9.29,1.03,0.016573017307066187,9.273426982692932,recovery,roleB_syn_corpus_whatif,Role B synthetic corpus — 14-design mean over 6 scenarios (NOT this chip),predictions.csv,1.1,False,VALIDATED
389,u_host_if.s_rdata[12]$_DFFE_PN0P_,clk_host,9.29,1.03,0.016573017307066187,9.273426982692932,recovery,roleB_syn_corpus_whatif,Role B synthetic corpus — 14-design mean over 6 scenarios (NOT this chip),predictions.csv,1.1,False,VALIDATED
393,u_host_if.s_rdata[19]$_DFFE_PN0P_,clk_host,9.29,1.03,0.016532436799268246,9.27346756320073,recovery,roleB_syn_corpus_whatif,Role B synthetic corpus — 14-design mean over 6 scenarios (NOT this chip),predictions.csv,1.1,False,VALIDATED
391,u_host_if.s_rdata[10]$_DFFE_PN0P_,clk_host,9.29,1.03,0.016532436799268246,9.27346756320073,recovery,roleB_syn_corpus_whatif,Role B synthetic corpus — 14-design mean over 6 scenarios (NOT this chip),predictions.csv,1.1,False,VALIDATED
386,u_host_if.rpop_q[10]$_DFFE_PN0P_,clk_host,9.29,1.03,0.016532436799268246,9.27346756320073,recovery,roleB_syn_corpus_whatif,Role B synthetic corpus — 14-design mean over 6 scenarios (NOT this chip),predictions.csv,1.1,False,VALIDATED
394,u_host_if.rpop_q[19]$_DFFE_PN0P_,clk_host,9.29,1.03,0.016532436799268246,9.27346756320073,recovery,roleB_syn_corpus_whatif,Role B synthetic corpus — 14-design mean over 6 scenarios (NOT this chip),predictions.csv,1.1,False,VALIDATED
392,u_host_if.s_rdata[16]$_DFFE_PN0P_,clk_host,9.29,1.03,0.016532436799268246,9.27346756320073,recovery,roleB_syn_corpus_whatif,Role B synthetic corpus — 14-design mean over 6 scenarios (NOT this chip),predictions.csv,1.1,False,VALIDATED
1192,u_cdc_cmd.mem[5][32]$_DFFE_PP_,clk_host,9.29,0.96,0.011097682790313132,9.278902317209687,setup,roleB_syn_corpus_whatif,Role B synthetic corpus — 14-design mean over 6 scenarios (NOT this chip),predictions.csv,1.1,False,VALIDATED
1198,u_cdc_cmd.mem[10][2]$_DFFE_PP_,clk_host,9.29,0.96,0.01107390940021423,9.278926090599786,setup,roleB_syn_corpus_whatif,Role B synthetic corpus — 14-design mean over 6 scenarios (NOT this chip),predictions.csv,1.1,False,VALIDATED
1194,u_cdc_cmd.mem[5][29]$_DFFE_PP_,clk_host,9.29,0.96,0.011065851216072176,9.278934148783927,setup,roleB_syn_corpus_whatif,Role B synthetic corpus — 14-design mean over 6 scenarios (NOT this chip),predictions.csv,1.1,False,VALIDATED
1200,u_cdc_cmd.mem[15][19]$_DFFE_PP_,clk_host,9.29,0.95,0.011051790371481449,9.278948209628517,setup,roleB_syn_corpus_whatif,Role B synthetic corpus — 14-design mean over 6 scenarios (NOT this chip),predictions.csv,1.1,False,VALIDATED
1191,u_cdc_cmd.mem[5][71]$_DFFE_PP_,clk_host,9.29,0.96,0.011024792547425208,9.278975207452573,setup,roleB_syn_corpus_whatif,Role B synthetic corpus — 14-design mean over 6 scenarios (NOT this chip),predictions.csv,1.1,False,VALIDATED
1186,u_cdc_cmd.mem[1][61]$_DFFE_PP_,clk_host,9.29,0.95,0.011020707633811203,9.278979292366188,setup,roleB_syn_corpus_whatif,Role B synthetic corpus — 14-design mean over 6 scenarios (NOT this chip),predictions.csv,1.1,False,VALIDATED
1196,u_cdc_cmd.mem[1][75]$_DFFE_PP_,clk_host,9.29,0.94,0.011011436015698761,9.278988563984301,setup,roleB_syn_corpus_whatif,Role B synthetic corpus — 14-design mean over 6 scenarios (NOT this chip),predictions.csv,1.1,False,VALIDATED
1190,u_cdc_cmd.mem[1][21]$_DFFE_PP_,clk_host,9.29,0.94,0.011011428701270198,9.27898857129873,setup,roleB_syn_corpus_whatif,Role B synthetic corpus — 14-design mean over 6 scenarios (NOT this chip),predictions.csv,1.1,False,VALIDATED
1197,u_cdc_cmd.mem[1][26]$_DFFE_PP_,clk_host,9.29,0.94,0.011011428701270198,9.27898857129873,setup,roleB_syn_corpus_whatif,Role B synthetic corpus — 14-design mean over 6 scenarios (NOT this chip),predictions.csv,1.1,False,VALIDATED
1188,u_cdc_cmd.mem[3][63]$_DFFE_PP_,clk_host,9.29,0.95,0.011009988655035274,9.278990011344964,setup,roleB_syn_corpus_whatif,Role B synthetic corpus — 14-design mean over 6 scenarios (NOT this chip),predictions.csv,1.1,False,VALIDATED
1199,u_cdc_cmd.mem[3][62]$_DFFE_PP_,clk_host,9.29,0.95,0.010986735863823899,9.279013264136175,setup,roleB_syn_corpus_whatif,Role B synthetic corpus — 14-design mean over 6 scenarios (NOT this chip),predictions.csv,1.1,False,VALIDATED
1189,u_cdc_cmd.mem[1][55]$_DFFE_PP_,clk_host,9.29,0.95,0.01098612286948708,9.279013877130511,setup,roleB_syn_corpus_whatif,Role B synthetic corpus — 14-design mean over 6 scenarios (NOT this chip),predictions.csv,1.1,False,VALIDATED
1187,u_cdc_cmd.mem[3][66]$_DFFE_PP_,clk_host,9.29,0.95,0.010984992310566585,9.279015007689432,setup,roleB_syn_corpus_whatif,Role B synthetic corpus — 14-design mean over 6 scenarios (NOT this chip),predictions.csv,1.1,False,VALIDATED
1193,u_cdc_cmd.mem[1][62]$_DFFE_PP_,clk_host,9.29,0.95,0.010973301709069391,9.279026698290929,setup,roleB_syn_corpus_whatif,Role B synthetic corpus — 14-design mean over 6 scenarios (NOT this chip),predictions.csv,1.1,False,VALIDATED
1195,u_cdc_cmd.mem[5][31]$_DFFE_PP_,clk_host,9.29,0.95,0.010900682163319908,9.27909931783668,setup,roleB_syn_corpus_whatif,Role B synthetic corpus — 14-design mean over 6 scenarios (NOT this chip),predictions.csv,1.1,False,VALIDATED
395,u_host_if.s_rdata[18]$_DFFE_PN0P_,clk_host,9.3,1.03,0.016532436799268246,9.283467563200732,recovery,roleB_syn_corpus_whatif,Role B synthetic corpus — 14-design mean over 6 scenarios (NOT this chip),predictions.csv,1.1,False,VALIDATED
399,u_host_if.s_rdata[8]$_DFFE_PN0P_,clk_host,9.43,0.9,0.013846894147251348,9.416153105852748,recovery,roleB_syn_corpus_whatif,Role B synthetic corpus — 14-design mean over 6 scenarios (NOT this chip),predictions.csv,1.1,False,VALIDATED
398,u_host_if.rpop_q[8]$_DFFE_PN0P_,clk_host,9.43,0.9,0.013846894147251348,9.416153105852748,recovery,roleB_syn_corpus_whatif,Role B synthetic corpus — 14-design mean over 6 scenarios (NOT this chip),predictions.csv,1.1,False,VALIDATED
397,u_host_if.rpop_q[7]$_DFFE_PN0P_,clk_host,9.43,0.9,0.013846894147251348,9.416153105852748,recovery,roleB_syn_corpus_whatif,Role B synthetic corpus — 14-design mean over 6 scenarios (NOT this chip),predictions.csv,1.1,False,VALIDATED
396,u_host_if.rpop_q[18]$_DFFE_PN0P_,clk_host,9.43,0.9,0.013846894147251348,9.416153105852748,recovery,roleB_syn_corpus_whatif,Role B synthetic corpus — 14-design mean over 6 scenarios (NOT this chip),predictions.csv,1.1,False,VALIDATED
1201,nand_dq_oe[0],clk_nand,11.57,0.43,0.006198969129112414,11.563801030870888,setup,roleB_syn_corpus_whatif,Role B synthetic corpus — 14-design mean over 6 scenarios (NOT this chip),predictions.csv,1.1,False,VALIDATED
1202,nand_ale[0],clk_nand,11.58,0.42,0.006795952917303727,11.573204047082696,setup,roleB_syn_corpus_whatif,Role B synthetic corpus — 14-design mean over 6 scenarios (NOT this chip),predictions.csv,1.1,False,VALIDATED
1203,nand_dq_o[2],clk_nand,11.59,0.41,0.005910644983572244,11.584089355016427,setup,roleB_syn_corpus_whatif,Role B synthetic corpus — 14-design mean over 6 scenarios (NOT this chip),predictions.csv,1.1,False,VALIDATED
1204,nand_cle[0],clk_nand,11.59,0.41,0.005605267830974495,11.584394732169025,setup,roleB_syn_corpus_whatif,Role B synthetic corpus — 14-design mean over 6 scenarios (NOT this chip),predictions.csv,1.1,False,VALIDATED
1205,nand_dq_o[1],clk_nand,11.6,0.4,0.005782228226101013,11.594217771773899,setup,roleB_syn_corpus_whatif,Role B synthetic corpus — 14-design mean over 6 scenarios (NOT this chip),predictions.csv,1.1,False,VALIDATED
1206,nand_ce_n[0],clk_nand,11.6,0.4,0.005468553981438584,11.59453144601856,setup,roleB_syn_corpus_whatif,Role B synthetic corpus — 14-design mean over 6 scenarios (NOT this chip),predictions.csv,1.1,False,VALIDATED
1214,nand_re_n[1],clk_nand,11.62,0.38,0.006718636088076602,11.613281363911923,setup,roleB_syn_corpus_whatif,Role B synthetic corpus — 14-design mean over 6 scenarios (NOT this chip),predictions.csv,1.1,False,VALIDATED
1218,nand_dq_o[15],clk_nand,11.62,0.38,0.006392407550985357,11.613607592449014,setup,roleB_syn_corpus_whatif,Role B synthetic corpus — 14-design mean over 6 scenarios (NOT this chip),predictions.csv,1.1,False,VALIDATED
1208,nand_dq_o[11],clk_nand,11.62,0.38,0.0063592592189104374,11.613640740781088,setup,roleB_syn_corpus_whatif,Role B synthetic corpus — 14-design mean over 6 scenarios (NOT this chip),predictions.csv,1.1,False,VALIDATED
1216,nand_dq_o[8],clk_nand,11.62,0.38,0.0063592592189104374,11.613640740781088,setup,roleB_syn_corpus_whatif,Role B synthetic corpus — 14-design mean over 6 scenarios (NOT this chip),predictions.csv,1.1,False,VALIDATED
1207,nand_dq_o[14],clk_nand,11.62,0.38,0.0063592592189104374,11.613640740781088,setup,roleB_syn_corpus_whatif,Role B synthetic corpus — 14-design mean over 6 scenarios (NOT this chip),predictions.csv,1.1,False,VALIDATED
1210,nand_dq_o[12],clk_nand,11.62,0.38,0.006298009075350636,11.613701990924648,setup,roleB_syn_corpus_whatif,Role B synthetic corpus — 14-design mean over 6 scenarios (NOT this chip),predictions.csv,1.1,False,VALIDATED
1211,nand_dq_o[7],clk_nand,11.62,0.38,0.005089358342199396,11.614910641657799,setup,roleB_syn_corpus_whatif,Role B synthetic corpus — 14-design mean over 6 scenarios (NOT this chip),predictions.csv,1.1,False,VALIDATED
1217,nand_dq_o[3],clk_nand,11.62,0.38,0.005089358342199396,11.614910641657799,setup,roleB_syn_corpus_whatif,Role B synthetic corpus — 14-design mean over 6 scenarios (NOT this chip),predictions.csv,1.1,False,VALIDATED
1212,nand_dq_o[0],clk_nand,11.62,0.38,0.005089358342199396,11.614910641657799,setup,roleB_syn_corpus_whatif,Role B synthetic corpus — 14-design mean over 6 scenarios (NOT this chip),predictions.csv,1.1,False,VALIDATED
1215,nand_dq_o[6],clk_nand,11.62,0.38,0.005089358342199396,11.614910641657799,setup,roleB_syn_corpus_whatif,Role B synthetic corpus — 14-design mean over 6 scenarios (NOT this chip),predictions.csv,1.1,False,VALIDATED
1213,nand_dq_o[5],clk_nand,11.62,0.38,0.0050692264595733755,11.614930773540426,setup,roleB_syn_corpus_whatif,Role B synthetic corpus — 14-design mean over 6 scenarios (NOT this chip),predictions.csv,1.1,False,VALIDATED
1209,nand_dq_o[4],clk_nand,11.62,0.38,0.005050782493185885,11.614949217506814,setup,roleB_syn_corpus_whatif,Role B synthetic corpus — 14-design mean over 6 scenarios (NOT this chip),predictions.csv,1.1,False,VALIDATED
1221,nand_re_n[0],clk_nand,11.63,0.37,0.007012375108355215,11.622987624891646,setup,roleB_syn_corpus_whatif,Role B synthetic corpus — 14-design mean over 6 scenarios (NOT this chip),predictions.csv,1.1,False,VALIDATED
1224,nand_dq_o[13],clk_nand,11.63,0.37,0.006256462307190264,11.62374353769281,setup,roleB_syn_corpus_whatif,Role B synthetic corpus — 14-design mean over 6 scenarios (NOT this chip),predictions.csv,1.1,False,VALIDATED
1223,nand_dq_o[9],clk_nand,11.63,0.37,0.006256462307190264,11.62374353769281,setup,roleB_syn_corpus_whatif,Role B synthetic corpus — 14-design mean over 6 scenarios (NOT this chip),predictions.csv,1.1,False,VALIDATED
1225,nand_ale[1],clk_nand,11.63,0.37,0.006256462307190264,11.62374353769281,setup,roleB_syn_corpus_whatif,Role B synthetic corpus — 14-design mean over 6 scenarios (NOT this chip),predictions.csv,1.1,False,VALIDATED
1220,nand_dq_o[10],clk_nand,11.63,0.37,0.006224186299643636,11.623775813700357,setup,roleB_syn_corpus_whatif,Role B synthetic corpus — 14-design mean over 6 scenarios (NOT this chip),predictions.csv,1.1,False,VALIDATED
1222,nand_dq_oe[1],clk_nand,11.63,0.37,0.006186907970514827,11.623813092029486,setup,roleB_syn_corpus_whatif,Role B synthetic corpus — 14-design mean over 6 scenarios (NOT this chip),predictions.csv,1.1,False,VALIDATED
1219,nand_we_n[0],clk_nand,11.63,0.37,0.00574350778571131,11.62425649221429,setup,roleB_syn_corpus_whatif,Role B synthetic corpus — 14-design mean over 6 scenarios (NOT this chip),predictions.csv,1.1,False,VALIDATED
1227,nand_we_n[1],clk_nand,11.64,0.36,0.006109124376393868,11.633890875623607,setup,roleB_syn_corpus_whatif,Role B synthetic corpus — 14-design mean over 6 scenarios (NOT this chip),predictions.csv,1.1,False,VALIDATED
1228,nand_ce_n[1],clk_nand,11.64,0.36,0.006087368731320292,11.63391263126868,setup,roleB_syn_corpus_whatif,Role B synthetic corpus — 14-design mean over 6 scenarios (NOT this chip),predictions.csv,1.1,False,VALIDATED
1226,nand_cle[1],clk_nand,11.64,0.36,0.006087368731320292,11.63391263126868,setup,roleB_syn_corpus_whatif,Role B synthetic corpus — 14-design mean over 6 scenarios (NOT this chip),predictions.csv,1.1,False,VALIDATED
1251,g_chan[1].u_cdc_chr.mem[14][21]$_DFFE_PP_,clk_nand,11.86,8.35,0.1511831642250826,11.708816835774916,setup,roleB_syn_corpus_whatif,Role B synthetic corpus — 14-design mean over 6 scenarios (NOT this chip),predictions.csv,1.1,False,VALIDATED
1253,g_chan[1].u_cdc_chr.mem[15][21]$_DFFE_PP_,clk_nand,11.86,8.35,0.1511831642250826,11.708816835774916,setup,roleB_syn_corpus_whatif,Role B synthetic corpus — 14-design mean over 6 scenarios (NOT this chip),predictions.csv,1.1,False,VALIDATED
1237,g_chan[1].u_cdc_chr.mem[13][21]$_DFFE_PP_,clk_nand,11.86,8.35,0.15078426714049076,11.709215732859509,setup,roleB_syn_corpus_whatif,Role B synthetic corpus — 14-design mean over 6 scenarios (NOT this chip),predictions.csv,1.1,False,VALIDATED
1254,g_chan[1].u_cdc_chr.mem[7][21]$_DFFE_PP_,clk_nand,11.86,8.35,0.15078426714049076,11.709215732859509,setup,roleB_syn_corpus_whatif,Role B synthetic corpus — 14-design mean over 6 scenarios (NOT this chip),predictions.csv,1.1,False,VALIDATED
1238,g_chan[1].u_cdc_chr.mem[12][21]$_DFFE_PP_,clk_nand,11.86,8.35,0.15078426714049076,11.709215732859509,setup,roleB_syn_corpus_whatif,Role B synthetic corpus — 14-design mean over 6 scenarios (NOT this chip),predictions.csv,1.1,False,VALIDATED
1248,g_chan[1].u_cdc_chr.mem[5][21]$_DFFE_PP_,clk_nand,11.86,8.35,0.15038537005589891,11.7096146299441,setup,roleB_syn_corpus_whatif,Role B synthetic corpus — 14-design mean over 6 scenarios (NOT this chip),predictions.csv,1.1,False,VALIDATED
1241,g_chan[1].u_cdc_chr.mem[4][21]$_DFFE_PP_,clk_nand,11.86,8.35,0.15038537005589891,11.7096146299441,setup,roleB_syn_corpus_whatif,Role B synthetic corpus — 14-design mean over 6 scenarios (NOT this chip),predictions.csv,1.1,False,VALIDATED
1246,g_chan[1].u_cdc_chr.mem[6][21]$_DFFE_PP_,clk_nand,11.86,8.35,0.15038537005589891,11.7096146299441,setup,roleB_syn_corpus_whatif,Role B synthetic corpus — 14-design mean over 6 scenarios (NOT this chip),predictions.csv,1.1,False,VALIDATED
1244,g_chan[1].u_cdc_chr.mem[13][25]$_DFFE_PP_,clk_nand,11.86,8.35,0.14935685335231974,11.71064314664768,setup,roleB_syn_corpus_whatif,Role B synthetic corpus — 14-design mean over 6 scenarios (NOT this chip),predictions.csv,1.1,False,VALIDATED
1249,g_chan[1].u_cdc_chr.mem[11][21]$_DFFE_PP_,clk_nand,11.86,8.35,0.1492079472318696,11.710792052768129,setup,roleB_syn_corpus_whatif,Role B synthetic corpus — 14-design mean over 6 scenarios (NOT this chip),predictions.csv,1.1,False,VALIDATED
1259,g_chan[1].u_cdc_chr.mem[0][21]$_DFFE_PP_,clk_nand,11.86,8.35,0.1492079472318696,11.710792052768129,setup,roleB_syn_corpus_whatif,Role B synthetic corpus — 14-design mean over 6 scenarios (NOT this chip),predictions.csv,1.1,False,VALIDATED
1245,g_chan[1].u_cdc_chr.mem[8][21]$_DFFE_PP_,clk_nand,11.86,8.35,0.1492079472318696,11.710792052768129,setup,roleB_syn_corpus_whatif,Role B synthetic corpus — 14-design mean over 6 scenarios (NOT this chip),predictions.csv,1.1,False,VALIDATED
1257,g_chan[1].u_cdc_chr.mem[1][21]$_DFFE_PP_,clk_nand,11.86,8.35,0.1492079472318696,11.710792052768129,setup,roleB_syn_corpus_whatif,Role B synthetic corpus — 14-design mean over 6 scenarios (NOT this chip),predictions.csv,1.1,False,VALIDATED
1247,g_chan[1].u_cdc_chr.mem[9][21]$_DFFE_PP_,clk_nand,11.86,8.35,0.1492079472318696,11.710792052768129,setup,roleB_syn_corpus_whatif,Role B synthetic corpus — 14-design mean over 6 scenarios (NOT this chip),predictions.csv,1.1,False,VALIDATED
1250,g_chan[1].u_cdc_chr.mem[10][21]$_DFFE_PP_,clk_nand,11.86,8.35,0.1492079472318696,11.710792052768129,setup,roleB_syn_corpus_whatif,Role B synthetic corpus — 14-design mean over 6 scenarios (NOT this chip),predictions.csv,1.1,False,VALIDATED
1265,g_chan[1].u_cdc_chr.mem[3][21]$_DFFE_PP_,clk_nand,11.86,8.35,0.14857807299025672,11.711421927009743,setup,roleB_syn_corpus_whatif,Role B synthetic corpus — 14-design mean over 6 scenarios (NOT this chip),predictions.csv,1.1,False,VALIDATED
1252,g_chan[1].u_cdc_chr.mem[2][21]$_DFFE_PP_,clk_nand,11.86,8.35,0.14857807299025672,11.711421927009743,setup,roleB_syn_corpus_whatif,Role B synthetic corpus — 14-design mean over 6 scenarios (NOT this chip),predictions.csv,1.1,False,VALIDATED
1233,g_chan[1].u_cdc_chr.mem[15][25]$_DFFE_PP_,clk_nand,11.86,8.35,0.14823310060369732,11.711766899396302,setup,roleB_syn_corpus_whatif,Role B synthetic corpus — 14-design mean over 6 scenarios (NOT this chip),predictions.csv,1.1,False,VALIDATED
1240,g_chan[1].u_cdc_chr.mem[10][25]$_DFFE_PP_,clk_nand,11.86,8.35,0.14823310060369732,11.711766899396302,setup,roleB_syn_corpus_whatif,Role B synthetic corpus — 14-design mean over 6 scenarios (NOT this chip),predictions.csv,1.1,False,VALIDATED
1262,g_chan[1].u_cdc_chr.mem[12][25]$_DFFE_PP_,clk_nand,11.86,8.35,0.14784227614968914,11.71215772385031,setup,roleB_syn_corpus_whatif,Role B synthetic corpus — 14-design mean over 6 scenarios (NOT this chip),predictions.csv,1.1,False,VALIDATED
1232,g_chan[1].u_cdc_chr.mem[11][25]$_DFFE_PP_,clk_nand,11.86,8.35,0.14716601413303876,11.712833985866961,setup,roleB_syn_corpus_whatif,Role B synthetic corpus — 14-design mean over 6 scenarios (NOT this chip),predictions.csv,1.1,False,VALIDATED
1266,g_chan[1].u_cdc_chr.mem[6][25]$_DFFE_PP_,clk_nand,11.86,8.35,0.14677518967903058,11.71322481032097,setup,roleB_syn_corpus_whatif,Role B synthetic corpus — 14-design mean over 6 scenarios (NOT this chip),predictions.csv,1.1,False,VALIDATED
1263,g_chan[1].u_cdc_chr.mem[7][25]$_DFFE_PP_,clk_nand,11.86,8.35,0.14677518967903058,11.71322481032097,setup,roleB_syn_corpus_whatif,Role B synthetic corpus — 14-design mean over 6 scenarios (NOT this chip),predictions.csv,1.1,False,VALIDATED
1264,g_chan[1].u_cdc_chr.mem[4][25]$_DFFE_PP_,clk_nand,11.86,8.35,0.14677518967903058,11.71322481032097,setup,roleB_syn_corpus_whatif,Role B synthetic corpus — 14-design mean over 6 scenarios (NOT this chip),predictions.csv,1.1,False,VALIDATED
1236,g_chan[1].u_cdc_chr.mem[14][25]$_DFFE_PP_,clk_nand,11.86,8.35,0.1460989276623802,11.713901072337618,setup,roleB_syn_corpus_whatif,Role B synthetic corpus — 14-design mean over 6 scenarios (NOT this chip),predictions.csv,1.1,False,VALIDATED
1234,g_chan[1].u_cdc_chr.mem[5][25]$_DFFE_PP_,clk_nand,11.86,8.35,0.1460989276623802,11.713901072337618,setup,roleB_syn_corpus_whatif,Role B synthetic corpus — 14-design mean over 6 scenarios (NOT this chip),predictions.csv,1.1,False,VALIDATED
1243,g_chan[1].u_cdc_chr.mem[8][25]$_DFFE_PP_,clk_nand,11.86,8.35,0.1460989276623802,11.713901072337618,setup,roleB_syn_corpus_whatif,Role B synthetic corpus — 14-design mean over 6 scenarios (NOT this chip),predictions.csv,1.1,False,VALIDATED
1242,g_chan[1].u_cdc_chr.mem[9][25]$_DFFE_PP_,clk_nand,11.86,8.35,0.1460989276623802,11.713901072337618,setup,roleB_syn_corpus_whatif,Role B synthetic corpus — 14-design mean over 6 scenarios (NOT this chip),predictions.csv,1.1,False,VALIDATED
1261,g_chan[1].u_cdc_chr.mem[2][25]$_DFFE_PP_,clk_nand,11.86,8.35,0.1460989276623802,11.713901072337618,setup,roleB_syn_corpus_whatif,Role B synthetic corpus — 14-design mean over 6 scenarios (NOT this chip),predictions.csv,1.1,False,VALIDATED
1235,g_chan[1].u_cdc_chr.mem[1][25]$_DFFE_PP_,clk_nand,11.86,8.35,0.1453661626270467,11.714633837372952,setup,roleB_syn_corpus_whatif,Role B synthetic corpus — 14-design mean over 6 scenarios (NOT this chip),predictions.csv,1.1,False,VALIDATED
1229,g_chan[1].u_cdc_chr.mem[10][1]$_DFFE_PP_,clk_nand,11.85,8.35,0.13521785114168616,11.714782148858314,setup,roleB_syn_corpus_whatif,Role B synthetic corpus — 14-design mean over 6 scenarios (NOT this chip),predictions.csv,1.1,False,VALIDATED
1230,g_chan[1].u_cdc_chr.mem[11][1]$_DFFE_PP_,clk_nand,11.85,8.35,0.13521785114168616,11.714782148858314,setup,roleB_syn_corpus_whatif,Role B synthetic corpus — 14-design mean over 6 scenarios (NOT this chip),predictions.csv,1.1,False,VALIDATED
1286,g_chan[1].u_cdc_chr.mem[0][9]$_DFFE_PP_,clk_nand,11.87,8.35,0.15476292234181477,11.715237077658184,setup,roleB_syn_corpus_whatif,Role B synthetic corpus — 14-design mean over 6 scenarios (NOT this chip),predictions.csv,1.1,False,VALIDATED
1256,g_chan[1].u_cdc_chr.mem[0][25]$_DFFE_PP_,clk_nand,11.86,8.35,0.14436140612250659,11.715638593877493,setup,roleB_syn_corpus_whatif,Role B synthetic corpus — 14-design mean over 6 scenarios (NOT this chip),predictions.csv,1.1,False,VALIDATED
1239,g_chan[1].u_cdc_chr.mem[3][25]$_DFFE_PP_,clk_nand,11.86,8.35,0.14436140612250659,11.715638593877493,setup,roleB_syn_corpus_whatif,Role B synthetic corpus — 14-design mean over 6 scenarios (NOT this chip),predictions.csv,1.1,False,VALIDATED
1283,g_chan[1].u_cdc_chr.mem[1][9]$_DFFE_PP_,clk_nand,11.87,8.35,0.15368604380880568,11.716313956191193,setup,roleB_syn_corpus_whatif,Role B synthetic corpus — 14-design mean over 6 scenarios (NOT this chip),predictions.csv,1.1,False,VALIDATED
1292,g_chan[1].u_cdc_chr.mem[7][9]$_DFFE_PP_,clk_nand,11.87,8.35,0.15302359804793997,11.71697640195206,setup,roleB_syn_corpus_whatif,Role B synthetic corpus — 14-design mean over 6 scenarios (NOT this chip),predictions.csv,1.1,False,VALIDATED
1288,g_chan[1].u_cdc_chr.mem[12][9]$_DFFE_PP_,clk_nand,11.87,8.35,0.15302359804793997,11.71697640195206,setup,roleB_syn_corpus_whatif,Role B synthetic corpus — 14-design mean over 6 scenarios (NOT this chip),predictions.csv,1.1,False,VALIDATED
1287,g_chan[1].u_cdc_chr.mem[5][9]$_DFFE_PP_,clk_nand,11.87,8.35,0.15302359804793997,11.71697640195206,setup,roleB_syn_corpus_whatif,Role B synthetic corpus — 14-design mean over 6 scenarios (NOT this chip),predictions.csv,1.1,False,VALIDATED
1284,g_chan[1].u_cdc_chr.mem[2][9]$_DFFE_PP_,clk_nand,11.87,8.35,0.15302359804793997,11.71697640195206,setup,roleB_syn_corpus_whatif,Role B synthetic corpus — 14-design mean over 6 scenarios (NOT this chip),predictions.csv,1.1,False,VALIDATED
1290,g_chan[1].u_cdc_chr.mem[3][9]$_DFFE_PP_,clk_nand,11.87,8.35,0.15302359804793997,11.71697640195206,setup,roleB_syn_corpus_whatif,Role B synthetic corpus — 14-design mean over 6 scenarios (NOT this chip),predictions.csv,1.1,False,VALIDATED
1294,g_chan[1].u_cdc_chr.mem[6][9]$_DFFE_PP_,clk_nand,11.87,8.35,0.15302359804793997,11.71697640195206,setup,roleB_syn_corpus_whatif,Role B synthetic corpus — 14-design mean over 6 scenarios (NOT this chip),predictions.csv,1.1,False,VALIDATED
1295,g_chan[1].u_cdc_chr.mem[4][9]$_DFFE_PP_,clk_nand,11.87,8.35,0.15302359804793997,11.71697640195206,setup,roleB_syn_corpus_whatif,Role B synthetic corpus — 14-design mean over 6 scenarios (NOT this chip),predictions.csv,1.1,False,VALIDATED
1291,g_chan[1].u_cdc_chr.mem[14][9]$_DFFE_PP_,clk_nand,11.87,8.35,0.15302359804793997,11.71697640195206,setup,roleB_syn_corpus_whatif,Role B synthetic corpus — 14-design mean over 6 scenarios (NOT this chip),predictions.csv,1.1,False,VALIDATED
1293,g_chan[1].u_cdc_chr.mem[15][9]$_DFFE_PP_,clk_nand,11.87,8.35,0.15302359804793997,11.71697640195206,setup,roleB_syn_corpus_whatif,Role B synthetic corpus — 14-design mean over 6 scenarios (NOT this chip),predictions.csv,1.1,False,VALIDATED
1289,g_chan[1].u_cdc_chr.mem[13][9]$_DFFE_PP_,clk_nand,11.87,8.35,0.15302359804793997,11.71697640195206,setup,roleB_syn_corpus_whatif,Role B synthetic corpus — 14-design mean over 6 scenarios (NOT this chip),predictions.csv,1.1,False,VALIDATED
1280,g_chan[1].u_cdc_chr.mem[9][9]$_DFFE_PP_,clk_nand,11.87,8.35,0.15224262526086463,11.717757374739135,setup,roleB_syn_corpus_whatif,Role B synthetic corpus — 14-design mean over 6 scenarios (NOT this chip),predictions.csv,1.1,False,VALIDATED
1285,g_chan[1].u_cdc_chr.mem[8][9]$_DFFE_PP_,clk_nand,11.87,8.35,0.15224262526086463,11.717757374739135,setup,roleB_syn_corpus_whatif,Role B synthetic corpus — 14-design mean over 6 scenarios (NOT this chip),predictions.csv,1.1,False,VALIDATED
1281,g_chan[1].u_cdc_chr.mem[10][9]$_DFFE_PP_,clk_nand,11.87,8.35,0.1512773323404557,11.718722667659543,setup,roleB_syn_corpus_whatif,Role B synthetic corpus — 14-design mean over 6 scenarios (NOT this chip),predictions.csv,1.1,False,VALIDATED
1282,g_chan[1].u_cdc_chr.mem[11][9]$_DFFE_PP_,clk_nand,11.87,8.35,0.1512773323404557,11.718722667659543,setup,roleB_syn_corpus_whatif,Role B synthetic corpus — 14-design mean over 6 scenarios (NOT this chip),predictions.csv,1.1,False,VALIDATED
1298,g_chan[1].u_cdc_chr.mem[14][18]$_DFFE_PP_,clk_nand,11.87,8.34,0.1478474146133283,11.72215258538667,setup,roleB_syn_corpus_whatif,Role B synthetic corpus — 14-design mean over 6 scenarios (NOT this chip),predictions.csv,1.1,False,VALIDATED
1267,g_chan[1].u_cdc_chr.mem[4][1]$_DFFE_PP_,clk_nand,11.86,8.35,0.13596566354073247,11.724034336459267,setup,roleB_syn_corpus_whatif,Role B synthetic corpus — 14-design mean over 6 scenarios (NOT this chip),predictions.csv,1.1,False,VALIDATED
1269,g_chan[1].u_cdc_chr.mem[0][1]$_DFFE_PP_,clk_nand,11.86,8.35,0.13596566354073247,11.724034336459267,setup,roleB_syn_corpus_whatif,Role B synthetic corpus — 14-design mean over 6 scenarios (NOT this chip),predictions.csv,1.1,False,VALIDATED
1270,g_chan[1].u_cdc_chr.mem[3][1]$_DFFE_PP_,clk_nand,11.86,8.35,0.13596566354073247,11.724034336459267,setup,roleB_syn_corpus_whatif,Role B synthetic corpus — 14-design mean over 6 scenarios (NOT this chip),predictions.csv,1.1,False,VALIDATED
1268,g_chan[1].u_cdc_chr.mem[1][1]$_DFFE_PP_,clk_nand,11.86,8.35,0.13596566354073247,11.724034336459267,setup,roleB_syn_corpus_whatif,Role B synthetic corpus — 14-design mean over 6 scenarios (NOT this chip),predictions.csv,1.1,False,VALIDATED
1297,g_chan[1].u_cdc_chr.mem[10][18]$_DFFE_PP_,clk_nand,11.87,8.34,0.1452124555268698,11.724787544473129,setup,roleB_syn_corpus_whatif,Role B synthetic corpus — 14-design mean over 6 scenarios (NOT this chip),predictions.csv,1.1,False,VALIDATED
1296,g_chan[1].u_cdc_chr.mem[3][18]$_DFFE_PP_,clk_nand,11.87,8.34,0.1452124555268698,11.724787544473129,setup,roleB_syn_corpus_whatif,Role B synthetic corpus — 14-design mean over 6 scenarios (NOT this chip),predictions.csv,1.1,False,VALIDATED
1260,g_chan[1].u_cdc_chr.mem[3][24]$_DFFE_PP_,clk_nand,11.86,8.33,0.13408857589744871,11.72591142410255,setup,roleB_syn_corpus_whatif,Role B synthetic corpus — 14-design mean over 6 scenarios (NOT this chip),predictions.csv,1.1,False,VALIDATED
1255,g_chan[1].u_cdc_chr.mem[0][24]$_DFFE_PP_,clk_nand,11.86,8.33,0.13408857589744871,11.72591142410255,setup,roleB_syn_corpus_whatif,Role B synthetic corpus — 14-design mean over 6 scenarios (NOT this chip),predictions.csv,1.1,False,VALIDATED
1258,g_chan[1].u_cdc_chr.mem[1][24]$_DFFE_PP_,clk_nand,11.86,8.33,0.13408857589744871,11.72591142410255,setup,roleB_syn_corpus_whatif,Role B synthetic corpus — 14-design mean over 6 scenarios (NOT this chip),predictions.csv,1.1,False,VALIDATED
1231,g_chan[1].u_cdc_chr.mem[9][1]$_DFFE_PP_,clk_nand,11.86,8.35,0.1327324896106774,11.727267510389321,setup,roleB_syn_corpus_whatif,Role B synthetic corpus — 14-design mean over 6 scenarios (NOT this chip),predictions.csv,1.1,False,VALIDATED
1317,g_chan[1].u_cdc_chr.mem[8][13]$_DFFE_PP_,clk_nand,11.88,8.33,0.14836182895474126,11.73163817104526,setup,roleB_syn_corpus_whatif,Role B synthetic corpus — 14-design mean over 6 scenarios (NOT this chip),predictions.csv,1.1,False,VALIDATED
1315,g_chan[1].u_cdc_chr.mem[9][13]$_DFFE_PP_,clk_nand,11.88,8.33,0.14836182895474126,11.73163817104526,setup,roleB_syn_corpus_whatif,Role B synthetic corpus — 14-design mean over 6 scenarios (NOT this chip),predictions.csv,1.1,False,VALIDATED
1320,g_chan[1].u_cdc_chr.mem[2][13]$_DFFE_PP_,clk_nand,11.88,8.33,0.14836182895474126,11.73163817104526,setup,roleB_syn_corpus_whatif,Role B synthetic corpus — 14-design mean over 6 scenarios (NOT this chip),predictions.csv,1.1,False,VALIDATED
1316,g_chan[1].u_cdc_chr.mem[11][13]$_DFFE_PP_,clk_nand,11.88,8.33,0.14836182895474126,11.73163817104526,setup,roleB_syn_corpus_whatif,Role B synthetic corpus — 14-design mean over 6 scenarios (NOT this chip),predictions.csv,1.1,False,VALIDATED
1310,g_chan[1].u_cdc_chr.mem[3][13]$_DFFE_PP_,clk_nand,11.88,8.33,0.14791581132749743,11.732084188672504,setup,roleB_syn_corpus_whatif,Role B synthetic corpus — 14-design mean over 6 scenarios (NOT this chip),predictions.csv,1.1,False,VALIDATED
1308,g_chan[1].u_cdc_chr.mem[13][18]$_DFFE_PP_,clk_nand,11.88,8.34,0.1478474146133283,11.732152585386672,setup,roleB_syn_corpus_whatif,Role B synthetic corpus — 14-design mean over 6 scenarios (NOT this chip),predictions.csv,1.1,False,VALIDATED
1307,g_chan[1].u_cdc_chr.mem[11][18]$_DFFE_PP_,clk_nand,11.88,8.34,0.1477015267427324,11.732298473257268,setup,roleB_syn_corpus_whatif,Role B synthetic corpus — 14-design mean over 6 scenarios (NOT this chip),predictions.csv,1.1,False,VALIDATED
1309,g_chan[1].u_cdc_chr.mem[12][18]$_DFFE_PP_,clk_nand,11.88,8.33,0.14767013953585417,11.732329860464146,setup,roleB_syn_corpus_whatif,Role B synthetic corpus — 14-design mean over 6 scenarios (NOT this chip),predictions.csv,1.1,False,VALIDATED
1314,g_chan[1].u_cdc_chr.mem[7][18]$_DFFE_PP_,clk_nand,11.88,8.33,0.14767013953585417,11.732329860464146,setup,roleB_syn_corpus_whatif,Role B synthetic corpus — 14-design mean over 6 scenarios (NOT this chip),predictions.csv,1.1,False,VALIDATED
1311,g_chan[1].u_cdc_chr.mem[15][18]$_DFFE_PP_,clk_nand,11.88,8.33,0.14767013953585417,11.732329860464146,setup,roleB_syn_corpus_whatif,Role B synthetic corpus — 14-design mean over 6 scenarios (NOT this chip),predictions.csv,1.1,False,VALIDATED
1354,g_chan[1].u_cdc_chr.mem[0][17]$_DFFE_PP_,clk_nand,11.88,8.32,0.14753581740244048,11.73246418259756,setup,roleB_syn_corpus_whatif,Role B synthetic corpus — 14-design mean over 6 scenarios (NOT this chip),predictions.csv,1.1,False,VALIDATED
1303,g_chan[1].u_cdc_chr.mem[0][13]$_DFFE_PP_,clk_nand,11.88,8.33,0.1474697937002536,11.732530206299748,setup,roleB_syn_corpus_whatif,Role B synthetic corpus — 14-design mean over 6 scenarios (NOT this chip),predictions.csv,1.1,False,VALIDATED
1312,g_chan[1].u_cdc_chr.mem[1][13]$_DFFE_PP_,clk_nand,11.88,8.33,0.1474697937002536,11.732530206299748,setup,roleB_syn_corpus_whatif,Role B synthetic corpus — 14-design mean over 6 scenarios (NOT this chip),predictions.csv,1.1,False,VALIDATED
1274,g_chan[1].u_cdc_chr.mem[6][1]$_DFFE_PP_,clk_nand,11.87,8.35,0.13692907164401213,11.733070928355987,setup,roleB_syn_corpus_whatif,Role B synthetic corpus — 14-design mean over 6 scenarios (NOT this chip),predictions.csv,1.1,False,VALIDATED
1271,g_chan[1].u_cdc_chr.mem[2][1]$_DFFE_PP_,clk_nand,11.87,8.35,0.13692907164401213,11.733070928355987,setup,roleB_syn_corpus_whatif,Role B synthetic corpus — 14-design mean over 6 scenarios (NOT this chip),predictions.csv,1.1,False,VALIDATED
1276,g_chan[1].u_cdc_chr.mem[5][1]$_DFFE_PP_,clk_nand,11.87,8.35,0.13692907164401213,11.733070928355987,setup,roleB_syn_corpus_whatif,Role B synthetic corpus — 14-design mean over 6 scenarios (NOT this chip),predictions.csv,1.1,False,VALIDATED
1273,g_chan[1].u_cdc_chr.mem[7][1]$_DFFE_PP_,clk_nand,11.87,8.35,0.13692907164401213,11.733070928355987,setup,roleB_syn_corpus_whatif,Role B synthetic corpus — 14-design mean over 6 scenarios (NOT this chip),predictions.csv,1.1,False,VALIDATED
1302,g_chan[1].u_cdc_chr.mem[6][18]$_DFFE_PP_,clk_nand,11.88,8.34,0.14652993507009904,11.733470064929902,setup,roleB_syn_corpus_whatif,Role B synthetic corpus — 14-design mean over 6 scenarios (NOT this chip),predictions.csv,1.1,False,VALIDATED
1305,g_chan[1].u_cdc_chr.mem[5][18]$_DFFE_PP_,clk_nand,11.88,8.33,0.1463542397043075,11.733645760295694,setup,roleB_syn_corpus_whatif,Role B synthetic corpus — 14-design mean over 6 scenarios (NOT this chip),predictions.csv,1.1,False,VALIDATED
1304,g_chan[1].u_cdc_chr.mem[4][18]$_DFFE_PP_,clk_nand,11.88,8.33,0.1463542397043075,11.733645760295694,setup,roleB_syn_corpus_whatif,Role B synthetic corpus — 14-design mean over 6 scenarios (NOT this chip),predictions.csv,1.1,False,VALIDATED
1306,g_chan[1].u_cdc_chr.mem[9][18]$_DFFE_PP_,clk_nand,11.88,8.33,0.1463542397043075,11.733645760295694,setup,roleB_syn_corpus_whatif,Role B synthetic corpus — 14-design mean over 6 scenarios (NOT this chip),predictions.csv,1.1,False,VALIDATED
1299,g_chan[1].u_cdc_chr.mem[0][18]$_DFFE_PP_,clk_nand,11.88,8.33,0.14596720045136446,11.734032799548636,setup,roleB_syn_corpus_whatif,Role B synthetic corpus — 14-design mean over 6 scenarios (NOT this chip),predictions.csv,1.1,False,VALIDATED
1313,g_chan[1].u_cdc_chr.mem[1][18]$_DFFE_PP_,clk_nand,11.88,8.33,0.14596720045136446,11.734032799548636,setup,roleB_syn_corpus_whatif,Role B synthetic corpus — 14-design mean over 6 scenarios (NOT this chip),predictions.csv,1.1,False,VALIDATED
1277,g_chan[1].u_cdc_chr.mem[8][1]$_DFFE_PP_,clk_nand,11.87,8.35,0.13596566354073247,11.734034336459267,setup,roleB_syn_corpus_whatif,Role B synthetic corpus — 14-design mean over 6 scenarios (NOT this chip),predictions.csv,1.1,False,VALIDATED
1279,g_chan[1].u_cdc_chr.mem[14][1]$_DFFE_PP_,clk_nand,11.87,8.35,0.13596566354073247,11.734034336459267,setup,roleB_syn_corpus_whatif,Role B synthetic corpus — 14-design mean over 6 scenarios (NOT this chip),predictions.csv,1.1,False,VALIDATED
1278,g_chan[1].u_cdc_chr.mem[15][1]$_DFFE_PP_,clk_nand,11.87,8.35,0.13596566354073247,11.734034336459267,setup,roleB_syn_corpus_whatif,Role B synthetic corpus — 14-design mean over 6 scenarios (NOT this chip),predictions.csv,1.1,False,VALIDATED
1272,g_chan[1].u_cdc_chr.mem[12][1]$_DFFE_PP_,clk_nand,11.87,8.35,0.13596566354073247,11.734034336459267,setup,roleB_syn_corpus_whatif,Role B synthetic corpus — 14-design mean over 6 scenarios (NOT this chip),predictions.csv,1.1,False,VALIDATED
1275,g_chan[1].u_cdc_chr.mem[13][1]$_DFFE_PP_,clk_nand,11.87,8.35,0.13596566354073247,11.734034336459267,setup,roleB_syn_corpus_whatif,Role B synthetic corpus — 14-design mean over 6 scenarios (NOT this chip),predictions.csv,1.1,False,VALIDATED
1300,g_chan[1].u_cdc_chr.mem[2][18]$_DFFE_PP_,clk_nand,11.88,8.33,0.14503833987276082,11.73496166012724,setup,roleB_syn_corpus_whatif,Role B synthetic corpus — 14-design mean over 6 scenarios (NOT this chip),predictions.csv,1.1,False,VALIDATED
1301,g_chan[1].u_cdc_chr.mem[8][18]$_DFFE_PP_,clk_nand,11.88,8.33,0.14503833987276082,11.73496166012724,setup,roleB_syn_corpus_whatif,Role B synthetic corpus — 14-design mean over 6 scenarios (NOT this chip),predictions.csv,1.1,False,VALIDATED
1330,g_chan[1].u_cdc_chr.mem[12][13]$_DFFE_PP_,clk_nand,11.88,8.33,0.1438378814999821,11.736162118500019,setup,roleB_syn_corpus_whatif,Role B synthetic corpus — 14-design mean over 6 scenarios (NOT this chip),predictions.csv,1.1,False,VALIDATED
1322,g_chan[1].u_cdc_chr.mem[4][13]$_DFFE_PP_,clk_nand,11.88,8.33,0.1438378814999821,11.736162118500019,setup,roleB_syn_corpus_whatif,Role B synthetic corpus — 14-design mean over 6 scenarios (NOT this chip),predictions.csv,1.1,False,VALIDATED
1325,g_chan[1].u_cdc_chr.mem[13][13]$_DFFE_PP_,clk_nand,11.88,8.33,0.1438378814999821,11.736162118500019,setup,roleB_syn_corpus_whatif,Role B synthetic corpus — 14-design mean over 6 scenarios (NOT this chip),predictions.csv,1.1,False,VALIDATED
1328,g_chan[1].u_cdc_chr.mem[15][13]$_DFFE_PP_,clk_nand,11.88,8.33,0.1438378814999821,11.736162118500019,setup,roleB_syn_corpus_whatif,Role B synthetic corpus — 14-design mean over 6 scenarios (NOT this chip),predictions.csv,1.1,False,VALIDATED
1324,g_chan[1].u_cdc_chr.mem[14][13]$_DFFE_PP_,clk_nand,11.88,8.33,0.1438378814999821,11.736162118500019,setup,roleB_syn_corpus_whatif,Role B synthetic corpus — 14-design mean over 6 scenarios (NOT this chip),predictions.csv,1.1,False,VALIDATED
1321,g_chan[1].u_cdc_chr.mem[5][13]$_DFFE_PP_,clk_nand,11.88,8.33,0.14315885940144946,11.736841140598552,setup,roleB_syn_corpus_whatif,Role B synthetic corpus — 14-design mean over 6 scenarios (NOT this chip),predictions.csv,1.1,False,VALIDATED
1323,g_chan[1].u_cdc_chr.mem[6][13]$_DFFE_PP_,clk_nand,11.88,8.33,0.14268340308354022,11.737316596916461,setup,roleB_syn_corpus_whatif,Role B synthetic corpus — 14-design mean over 6 scenarios (NOT this chip),predictions.csv,1.1,False,VALIDATED
1326,g_chan[1].u_cdc_chr.mem[7][13]$_DFFE_PP_,clk_nand,11.88,8.33,0.14268340308354022,11.737316596916461,setup,roleB_syn_corpus_whatif,Role B synthetic corpus — 14-design mean over 6 scenarios (NOT this chip),predictions.csv,1.1,False,VALIDATED
1338,g_chan[1].u_cdc_chr.mem[13][24]$_DFFE_PP_,clk_nand,11.88,8.33,0.14148347940491868,11.738516520595082,setup,roleB_syn_corpus_whatif,Role B synthetic corpus — 14-design mean over 6 scenarios (NOT this chip),predictions.csv,1.1,False,VALIDATED
1343,g_chan[1].u_cdc_chr.mem[7][24]$_DFFE_PP_,clk_nand,11.88,8.33,0.14147212916361296,11.738527870836387,setup,roleB_syn_corpus_whatif,Role B synthetic corpus — 14-design mean over 6 scenarios (NOT this chip),predictions.csv,1.1,False,VALIDATED
1339,g_chan[1].u_cdc_chr.mem[14][24]$_DFFE_PP_,clk_nand,11.88,8.33,0.14147212916361296,11.738527870836387,setup,roleB_syn_corpus_whatif,Role B synthetic corpus — 14-design mean over 6 scenarios (NOT this chip),predictions.csv,1.1,False,VALIDATED
1335,g_chan[1].u_cdc_chr.mem[10][24]$_DFFE_PP_,clk_nand,11.88,8.33,0.1411390038192889,11.738860996180712,setup,roleB_syn_corpus_whatif,Role B synthetic corpus — 14-design mean over 6 scenarios (NOT this chip),predictions.csv,1.1,False,VALIDATED
1336,g_chan[1].u_cdc_chr.mem[11][24]$_DFFE_PP_,clk_nand,11.88,8.33,0.1411390038192889,11.738860996180712,setup,roleB_syn_corpus_whatif,Role B synthetic corpus — 14-design mean over 6 scenarios (NOT this chip),predictions.csv,1.1,False,VALIDATED
1327,g_chan[1].u_cdc_chr.mem[15][24]$_DFFE_PP_,clk_nand,11.88,8.33,0.14086674040743474,11.739133259592567,setup,roleB_syn_corpus_whatif,Role B synthetic corpus — 14-design mean over 6 scenarios (NOT this chip),predictions.csv,1.1,False,VALIDATED
1331,g_chan[1].u_cdc_chr.mem[4][24]$_DFFE_PP_,clk_nand,11.88,8.33,0.14086674040743474,11.739133259592567,setup,roleB_syn_corpus_whatif,Role B synthetic corpus — 14-design mean over 6 scenarios (NOT this chip),predictions.csv,1.1,False,VALIDATED
1333,g_chan[1].u_cdc_chr.mem[5][24]$_DFFE_PP_,clk_nand,11.88,8.33,0.14086674040743474,11.739133259592567,setup,roleB_syn_corpus_whatif,Role B synthetic corpus — 14-design mean over 6 scenarios (NOT this chip),predictions.csv,1.1,False,VALIDATED
1329,g_chan[1].u_cdc_chr.mem[12][24]$_DFFE_PP_,clk_nand,11.88,8.33,0.14086674040743474,11.739133259592567,setup,roleB_syn_corpus_whatif,Role B synthetic corpus — 14-design mean over 6 scenarios (NOT this chip),predictions.csv,1.1,False,VALIDATED
1337,g_chan[1].u_cdc_chr.mem[6][24]$_DFFE_PP_,clk_nand,11.88,8.33,0.14073624139873475,11.739263758601266,setup,roleB_syn_corpus_whatif,Role B synthetic corpus — 14-design mean over 6 scenarios (NOT this chip),predictions.csv,1.1,False,VALIDATED
1332,g_chan[1].u_cdc_chr.mem[9][24]$_DFFE_PP_,clk_nand,11.88,8.33,0.14060574239003476,11.739394257609966,setup,roleB_syn_corpus_whatif,Role B synthetic corpus — 14-design mean over 6 scenarios (NOT this chip),predictions.csv,1.1,False,VALIDATED
1346,g_chan[1].u_cdc_chr.mem[2][24]$_DFFE_PP_,clk_nand,11.88,8.33,0.14060574239003476,11.739394257609966,setup,roleB_syn_corpus_whatif,Role B synthetic corpus — 14-design mean over 6 scenarios (NOT this chip),predictions.csv,1.1,False,VALIDATED
1340,g_chan[1].u_cdc_chr.mem[8][24]$_DFFE_PP_,clk_nand,11.88,8.33,0.14060574239003476,11.739394257609966,setup,roleB_syn_corpus_whatif,Role B synthetic corpus — 14-design mean over 6 scenarios (NOT this chip),predictions.csv,1.1,False,VALIDATED
1357,g_chan[1].u_cdc_chr.mem[10][13]$_DFFE_PP_,clk_nand,11.89,8.33,0.14892208563044096,11.74107791436956,setup,roleB_syn_corpus_whatif,Role B synthetic corpus — 14-design mean over 6 scenarios (NOT this chip),predictions.csv,1.1,False,VALIDATED
1358,g_chan[1].u_cdc_chr.mem[10][17]$_DFFE_PP_,clk_nand,11.89,8.32,0.14793180157303354,11.742068198426967,setup,roleB_syn_corpus_whatif,Role B synthetic corpus — 14-design mean over 6 scenarios (NOT this chip),predictions.csv,1.1,False,VALIDATED
1356,g_chan[1].u_cdc_chr.mem[9][17]$_DFFE_PP_,clk_nand,11.89,8.32,0.14738416819580524,11.742615831804196,setup,roleB_syn_corpus_whatif,Role B synthetic corpus — 14-design mean over 6 scenarios (NOT this chip),predictions.csv,1.1,False,VALIDATED
1350,g_chan[1].u_cdc_chr.mem[4][12]$_DFFE_PP_,clk_nand,11.88,8.32,0.13670085939439858,11.743299140605602,setup,roleB_syn_corpus_whatif,Role B synthetic corpus — 14-design mean over 6 scenarios (NOT this chip),predictions.csv,1.1,False,VALIDATED
1355,g_chan[1].u_cdc_chr.mem[1][17]$_DFFE_PP_,clk_nand,11.89,8.32,0.14668675871589953,11.7433132412841,setup,roleB_syn_corpus_whatif,Role B synthetic corpus — 14-design mean over 6 scenarios (NOT this chip),predictions.csv,1.1,False,VALIDATED
1397,g_chan[1].u_cdc_chr.mem[8][17]$_DFFE_PP_,clk_nand,11.89,8.32,0.14658643476187838,11.743413565238122,setup,roleB_syn_corpus_whatif,Role B synthetic corpus — 14-design mean over 6 scenarios (NOT this chip),predictions.csv,1.1,False,VALIDATED
1401,g_chan[1].u_cdc_chr.mem[15][17]$_DFFE_PP_,clk_nand,11.89,8.32,0.14658643476187838,11.743413565238122,setup,roleB_syn_corpus_whatif,Role B synthetic corpus — 14-design mean over 6 scenarios (NOT this chip),predictions.csv,1.1,False,VALIDATED
1351,g_chan[1].u_cdc_chr.mem[11][16]$_DFFE_PP_,clk_nand,11.88,8.31,0.1363612288820868,11.743638771117913,setup,roleB_syn_corpus_whatif,Role B synthetic corpus — 14-design mean over 6 scenarios (NOT this chip),predictions.csv,1.1,False,VALIDATED
1341,g_chan[1].u_cdc_chr.mem[0][8]$_DFFE_PP_,clk_nand,11.88,8.31,0.13595667496681252,11.744043325033187,setup,roleB_syn_corpus_whatif,Role B synthetic corpus — 14-design mean over 6 scenarios (NOT this chip),predictions.csv,1.1,False,VALIDATED
1334,g_chan[1].u_cdc_chr.mem[11][8]$_DFFE_PP_,clk_nand,11.88,8.31,0.13595667496681252,11.744043325033187,setup,roleB_syn_corpus_whatif,Role B synthetic corpus — 14-design mean over 6 scenarios (NOT this chip),predictions.csv,1.1,False,VALIDATED
1344,g_chan[1].u_cdc_chr.mem[10][8]$_DFFE_PP_,clk_nand,11.88,8.31,0.13595667496681252,11.744043325033187,setup,roleB_syn_corpus_whatif,Role B synthetic corpus — 14-design mean over 6 scenarios (NOT this chip),predictions.csv,1.1,False,VALIDATED
1342,g_chan[1].u_cdc_chr.mem[2][8]$_DFFE_PP_,clk_nand,11.88,8.31,0.13595667496681252,11.744043325033187,setup,roleB_syn_corpus_whatif,Role B synthetic corpus — 14-design mean over 6 scenarios (NOT this chip),predictions.csv,1.1,False,VALIDATED
1345,g_chan[1].u_cdc_chr.mem[3][8]$_DFFE_PP_,clk_nand,11.88,8.31,0.13595667496681252,11.744043325033187,setup,roleB_syn_corpus_whatif,Role B synthetic corpus — 14-design mean over 6 scenarios (NOT this chip),predictions.csv,1.1,False,VALIDATED
1348,g_chan[1].u_cdc_chr.mem[1][8]$_DFFE_PP_,clk_nand,11.88,8.31,0.13595667496681252,11.744043325033187,setup,roleB_syn_corpus_whatif,Role B synthetic corpus — 14-design mean over 6 scenarios (NOT this chip),predictions.csv,1.1,False,VALIDATED
1347,g_chan[1].u_cdc_chr.mem[9][8]$_DFFE_PP_,clk_nand,11.88,8.31,0.13595667496681252,11.744043325033187,setup,roleB_syn_corpus_whatif,Role B synthetic corpus — 14-design mean over 6 scenarios (NOT this chip),predictions.csv,1.1,False,VALIDATED
1353,g_chan[1].u_cdc_chr.mem[10][16]$_DFFE_PP_,clk_nand,11.88,8.31,0.13585377004549692,11.744146229954504,setup,roleB_syn_corpus_whatif,Role B synthetic corpus — 14-design mean over 6 scenarios (NOT this chip),predictions.csv,1.1,False,VALIDATED
1349,g_chan[1].u_cdc_chr.mem[9][16]$_DFFE_PP_,clk_nand,11.88,8.31,0.13585377004549692,11.744146229954504,setup,roleB_syn_corpus_whatif,Role B synthetic corpus — 14-design mean over 6 scenarios (NOT this chip),predictions.csv,1.1,False,VALIDATED
1318,g_chan[1].u_cdc_chr.mem[11][12]$_DFFE_PP_,clk_nand,11.88,8.32,0.13574527899565392,11.744254721004348,setup,roleB_syn_corpus_whatif,Role B synthetic corpus — 14-design mean over 6 scenarios (NOT this chip),predictions.csv,1.1,False,VALIDATED
1319,g_chan[1].u_cdc_chr.mem[8][12]$_DFFE_PP_,clk_nand,11.88,8.32,0.13574527899565392,11.744254721004348,setup,roleB_syn_corpus_whatif,Role B synthetic corpus — 14-design mean over 6 scenarios (NOT this chip),predictions.csv,1.1,False,VALIDATED
1352,g_chan[1].u_cdc_chr.mem[8][16]$_DFFE_PP_,clk_nand,11.88,8.31,0.13519195083632207,11.744808049163678,setup,roleB_syn_corpus_whatif,Role B synthetic corpus — 14-design mean over 6 scenarios (NOT this chip),predictions.csv,1.1,False,VALIDATED
1364,g_chan[1].u_cdc_chr.mem[11][17]$_DFFE_PP_,clk_nand,11.89,8.32,0.14446297579875078,11.74553702420125,setup,roleB_syn_corpus_whatif,Role B synthetic corpus — 14-design mean over 6 scenarios (NOT this chip),predictions.csv,1.1,False,VALIDATED
1361,g_chan[1].u_cdc_chr.mem[3][17]$_DFFE_PP_,clk_nand,11.89,8.32,0.14446297579875078,11.74553702420125,setup,roleB_syn_corpus_whatif,Role B synthetic corpus — 14-design mean over 6 scenarios (NOT this chip),predictions.csv,1.1,False,VALIDATED
1359,g_chan[1].u_cdc_chr.mem[2][17]$_DFFE_PP_,clk_nand,11.89,8.32,0.14391534242152249,11.746084657578479,setup,roleB_syn_corpus_whatif,Role B synthetic corpus — 14-design mean over 6 scenarios (NOT this chip),predictions.csv,1.1,False,VALIDATED
1360,g_chan[1].u_cdc_chr.mem[5][17]$_DFFE_PP_,clk_nand,11.89,8.32,0.14391534242152249,11.746084657578479,setup,roleB_syn_corpus_whatif,Role B synthetic corpus — 14-design mean over 6 scenarios (NOT this chip),predictions.csv,1.1,False,VALIDATED
1375,g_chan[1].u_cdc_chr.mem[7][17]$_DFFE_PP_,clk_nand,11.89,8.32,0.14391534242152249,11.746084657578479,setup,roleB_syn_corpus_whatif,Role B synthetic corpus — 14-design mean over 6 scenarios (NOT this chip),predictions.csv,1.1,False,VALIDATED
1371,g_chan[1].u_cdc_chr.mem[12][17]$_DFFE_PP_,clk_nand,11.89,8.32,0.14391534242152249,11.746084657578479,setup,roleB_syn_corpus_whatif,Role B synthetic corpus — 14-design mean over 6 scenarios (NOT this chip),predictions.csv,1.1,False,VALIDATED
1363,g_chan[1].u_cdc_chr.mem[14][17]$_DFFE_PP_,clk_nand,11.89,8.32,0.14391534242152249,11.746084657578479,setup,roleB_syn_corpus_whatif,Role B synthetic corpus — 14-design mean over 6 scenarios (NOT this chip),predictions.csv,1.1,False,VALIDATED
1368,g_chan[1].u_cdc_chr.mem[13][17]$_DFFE_PP_,clk_nand,11.89,8.32,0.14391534242152249,11.746084657578479,setup,roleB_syn_corpus_whatif,Role B synthetic corpus — 14-design mean over 6 scenarios (NOT this chip),predictions.csv,1.1,False,VALIDATED
1370,g_chan[1].u_cdc_chr.mem[6][17]$_DFFE_PP_,clk_nand,11.89,8.32,0.14391534242152249,11.746084657578479,setup,roleB_syn_corpus_whatif,Role B synthetic corpus — 14-design mean over 6 scenarios (NOT this chip),predictions.csv,1.1,False,VALIDATED
1388,g_chan[1].u_cdc_chr.mem[13][12]$_DFFE_PP_,clk_nand,11.89,8.32,0.14367422564564403,11.746325774354357,setup,roleB_syn_corpus_whatif,Role B synthetic corpus — 14-design mean over 6 scenarios (NOT this chip),predictions.csv,1.1,False,VALIDATED
1393,g_chan[1].u_cdc_chr.mem[14][12]$_DFFE_PP_,clk_nand,11.89,8.32,0.14367422564564403,11.746325774354357,setup,roleB_syn_corpus_whatif,Role B synthetic corpus — 14-design mean over 6 scenarios (NOT this chip),predictions.csv,1.1,False,VALIDATED
1404,g_chan[1].u_cdc_chr.mem[15][12]$_DFFE_PP_,clk_nand,11.89,8.32,0.14367422564564403,11.746325774354357,setup,roleB_syn_corpus_whatif,Role B synthetic corpus — 14-design mean over 6 scenarios (NOT this chip),predictions.csv,1.1,False,VALIDATED
1362,g_chan[1].u_cdc_chr.mem[4][17]$_DFFE_PP_,clk_nand,11.89,8.32,0.14361391711220983,11.74638608288779,setup,roleB_syn_corpus_whatif,Role B synthetic corpus — 14-design mean over 6 scenarios (NOT this chip),predictions.csv,1.1,False,VALIDATED
1405,g_chan[1].u_cdc_chr.mem[3][12]$_DFFE_PP_,clk_nand,11.89,8.32,0.14260219992744072,11.74739780007256,setup,roleB_syn_corpus_whatif,Role B synthetic corpus — 14-design mean over 6 scenarios (NOT this chip),predictions.csv,1.1,False,VALIDATED
1407,g_chan[1].u_cdc_chr.mem[9][12]$_DFFE_PP_,clk_nand,11.89,8.32,0.14260219992744072,11.74739780007256,setup,roleB_syn_corpus_whatif,Role B synthetic corpus — 14-design mean over 6 scenarios (NOT this chip),predictions.csv,1.1,False,VALIDATED
1400,g_chan[1].u_cdc_chr.mem[0][12]$_DFFE_PP_,clk_nand,11.89,8.32,0.14260219992744072,11.74739780007256,setup,roleB_syn_corpus_whatif,Role B synthetic corpus — 14-design mean over 6 scenarios (NOT this chip),predictions.csv,1.1,False,VALIDATED
1398,g_chan[1].u_cdc_chr.mem[10][12]$_DFFE_PP_,clk_nand,11.89,8.32,0.14260219992744072,11.74739780007256,setup,roleB_syn_corpus_whatif,Role B synthetic corpus — 14-design mean over 6 scenarios (NOT this chip),predictions.csv,1.1,False,VALIDATED
1403,g_chan[1].u_cdc_chr.mem[2][12]$_DFFE_PP_,clk_nand,11.89,8.32,0.14260219992744072,11.74739780007256,setup,roleB_syn_corpus_whatif,Role B synthetic corpus — 14-design mean over 6 scenarios (NOT this chip),predictions.csv,1.1,False,VALIDATED
1411,g_chan[1].u_cdc_chr.mem[7][12]$_DFFE_PP_,clk_nand,11.89,8.32,0.14260219992744072,11.74739780007256,setup,roleB_syn_corpus_whatif,Role B synthetic corpus — 14-design mean over 6 scenarios (NOT this chip),predictions.csv,1.1,False,VALIDATED
1399,g_chan[1].u_cdc_chr.mem[1][12]$_DFFE_PP_,clk_nand,11.89,8.32,0.14260219992744072,11.74739780007256,setup,roleB_syn_corpus_whatif,Role B synthetic corpus — 14-design mean over 6 scenarios (NOT this chip),predictions.csv,1.1,False,VALIDATED
1491,g_chan[1].u_cdc_chr.mem[11][31]$_DFFE_PP_,clk_nand,11.9,8.31,0.15088982596633183,11.74911017403367,setup,roleB_syn_corpus_whatif,Role B synthetic corpus — 14-design mean over 6 scenarios (NOT this chip),predictions.csv,1.1,False,VALIDATED
1493,g_chan[1].u_cdc_chr.mem[10][31]$_DFFE_PP_,clk_nand,11.9,8.31,0.15088982596633183,11.74911017403367,setup,roleB_syn_corpus_whatif,Role B synthetic corpus — 14-design mean over 6 scenarios (NOT this chip),predictions.csv,1.1,False,VALIDATED
1505,g_chan[1].u_cdc_chr.mem[6][31]$_DFFE_PP_,clk_nand,11.9,8.31,0.14991037820291364,11.750089621797088,setup,roleB_syn_corpus_whatif,Role B synthetic corpus — 14-design mean over 6 scenarios (NOT this chip),predictions.csv,1.1,False,VALIDATED
1502,g_chan[1].u_cdc_chr.mem[7][31]$_DFFE_PP_,clk_nand,11.9,8.31,0.14893093043949546,11.751069069560504,setup,roleB_syn_corpus_whatif,Role B synthetic corpus — 14-design mean over 6 scenarios (NOT this chip),predictions.csv,1.1,False,VALIDATED
1510,g_chan[1].u_cdc_chr.mem[5][31]$_DFFE_PP_,clk_nand,11.9,8.31,0.14893093043949546,11.751069069560504,setup,roleB_syn_corpus_whatif,Role B synthetic corpus — 14-design mean over 6 scenarios (NOT this chip),predictions.csv,1.1,False,VALIDATED
1477,g_chan[1].u_cdc_chr.mem[3][31]$_DFFE_PP_,clk_nand,11.9,8.31,0.14881188981811144,11.75118811018189,setup,roleB_syn_corpus_whatif,Role B synthetic corpus — 14-design mean over 6 scenarios (NOT this chip),predictions.csv,1.1,False,VALIDATED
1472,g_chan[1].u_cdc_chr.mem[2][31]$_DFFE_PP_,clk_nand,11.9,8.31,0.14881188981811144,11.75118811018189,setup,roleB_syn_corpus_whatif,Role B synthetic corpus — 14-design mean over 6 scenarios (NOT this chip),predictions.csv,1.1,False,VALIDATED
1458,g_chan[1].u_cdc_chr.mem[9][31]$_DFFE_PP_,clk_nand,11.9,8.31,0.1484752445899824,11.751524755410017,setup,roleB_syn_corpus_whatif,Role B synthetic corpus — 14-design mean over 6 scenarios (NOT this chip),predictions.csv,1.1,False,VALIDATED
1471,g_chan[1].u_cdc_chr.mem[8][31]$_DFFE_PP_,clk_nand,11.9,8.31,0.1484752445899824,11.751524755410017,setup,roleB_syn_corpus_whatif,Role B synthetic corpus — 14-design mean over 6 scenarios (NOT this chip),predictions.csv,1.1,False,VALIDATED
1415,g_chan[1].u_cdc_chr.mem[9][29]$_DFFE_PP_,clk_nand,11.89,8.31,0.1381782207675799,11.75182177923242,setup,roleB_syn_corpus_whatif,Role B synthetic corpus — 14-design mean over 6 scenarios (NOT this chip),predictions.csv,1.1,False,VALIDATED
1468,g_chan[1].u_cdc_chr.mem[0][31]$_DFFE_PP_,clk_nand,11.9,8.31,0.1478519542597556,11.752148045740245,setup,roleB_syn_corpus_whatif,Role B synthetic corpus — 14-design mean over 6 scenarios (NOT this chip),predictions.csv,1.1,False,VALIDATED
1465,g_chan[1].u_cdc_chr.mem[1][31]$_DFFE_PP_,clk_nand,11.9,8.31,0.1478519542597556,11.752148045740245,setup,roleB_syn_corpus_whatif,Role B synthetic corpus — 14-design mean over 6 scenarios (NOT this chip),predictions.csv,1.1,False,VALIDATED
1469,g_chan[1].u_cdc_chr.mem[15][31]$_DFFE_PP_,clk_nand,11.9,8.31,0.1478519542597556,11.752148045740245,setup,roleB_syn_corpus_whatif,Role B synthetic corpus — 14-design mean over 6 scenarios (NOT this chip),predictions.csv,1.1,False,VALIDATED
1467,g_chan[1].u_cdc_chr.mem[14][31]$_DFFE_PP_,clk_nand,11.9,8.31,0.1478519542597556,11.752148045740245,setup,roleB_syn_corpus_whatif,Role B synthetic corpus — 14-design mean over 6 scenarios (NOT this chip),predictions.csv,1.1,False,VALIDATED
1402,g_chan[1].u_cdc_chr.mem[1][29]$_DFFE_PP_,clk_nand,11.89,8.31,0.1374312306519092,11.752568769348091,setup,roleB_syn_corpus_whatif,Role B synthetic corpus — 14-design mean over 6 scenarios (NOT this chip),predictions.csv,1.1,False,VALIDATED
1381,g_chan[1].u_cdc_chr.mem[5][8]$_DFFE_PP_,clk_nand,11.89,8.31,0.13685343180531206,11.753146568194689,setup,roleB_syn_corpus_whatif,Role B synthetic corpus — 14-design mean over 6 scenarios (NOT this chip),predictions.csv,1.1,False,VALIDATED
1409,g_chan[1].u_cdc_chr.mem[15][29]$_DFFE_PP_,clk_nand,11.89,8.31,0.1366842405362385,11.753315759463762,setup,roleB_syn_corpus_whatif,Role B synthetic corpus — 14-design mean over 6 scenarios (NOT this chip),predictions.csv,1.1,False,VALIDATED
1390,g_chan[1].u_cdc_chr.mem[4][8]$_DFFE_PP_,clk_nand,11.89,8.3,0.1362877582640717,11.75371224173593,setup,roleB_syn_corpus_whatif,Role B synthetic corpus — 14-design mean over 6 scenarios (NOT this chip),predictions.csv,1.1,False,VALIDATED
1418,g_chan[1].u_cdc_chr.mem[13][31]$_DFFE_PP_,clk_nand,11.9,8.31,0.1462857207432513,11.75371427925675,setup,roleB_syn_corpus_whatif,Role B synthetic corpus — 14-design mean over 6 scenarios (NOT this chip),predictions.csv,1.1,False,VALIDATED
1431,g_chan[1].u_cdc_chr.mem[4][31]$_DFFE_PP_,clk_nand,11.9,8.31,0.1459295633100599,11.75407043668994,setup,roleB_syn_corpus_whatif,Role B synthetic corpus — 14-design mean over 6 scenarios (NOT this chip),predictions.csv,1.1,False,VALIDATED
1394,g_chan[1].u_cdc_chr.mem[1][0]$_DFFE_PP_,clk_nand,11.89,8.32,0.13552922891127084,11.75447077108873,setup,roleB_syn_corpus_whatif,Role B synthetic corpus — 14-design mean over 6 scenarios (NOT this chip),predictions.csv,1.1,False,VALIDATED
1449,g_chan[1].u_cdc_chr.mem[0][29]$_DFFE_PP_,clk_nand,11.9,8.31,0.1455246049087121,11.754475395091289,setup,roleB_syn_corpus_whatif,Role B synthetic corpus — 14-design mean over 6 scenarios (NOT this chip),predictions.csv,1.1,False,VALIDATED
1553,g_chan[1].u_cdc_chr.mem[9][15]$_DFFE_PP_,clk_nand,11.91,8.3,0.15550405820990432,11.754495941790095,setup,roleB_syn_corpus_whatif,Role B synthetic corpus — 14-design mean over 6 scenarios (NOT this chip),predictions.csv,1.1,False,VALIDATED
1544,g_chan[1].u_cdc_chr.mem[8][15]$_DFFE_PP_,clk_nand,11.91,8.3,0.15550405820990432,11.754495941790095,setup,roleB_syn_corpus_whatif,Role B synthetic corpus — 14-design mean over 6 scenarios (NOT this chip),predictions.csv,1.1,False,VALIDATED
1447,g_chan[1].u_cdc_chr.mem[12][31]$_DFFE_PP_,clk_nand,11.9,8.31,0.14522951210126656,11.754770487898734,setup,roleB_syn_corpus_whatif,Role B synthetic corpus — 14-design mean over 6 scenarios (NOT this chip),predictions.csv,1.1,False,VALIDATED
1414,g_chan[1].u_cdc_chr.mem[6][2]$_DFFE_PP_,clk_nand,11.89,8.31,0.13498378128313182,11.755016218716868,setup,roleB_syn_corpus_whatif,Role B synthetic corpus — 14-design mean over 6 scenarios (NOT this chip),predictions.csv,1.1,False,VALIDATED
1413,g_chan[1].u_cdc_chr.mem[15][2]$_DFFE_PP_,clk_nand,11.89,8.32,0.13496473237216877,11.755035267627832,setup,roleB_syn_corpus_whatif,Role B synthetic corpus — 14-design mean over 6 scenarios (NOT this chip),predictions.csv,1.1,False,VALIDATED
1578,g_chan[1].u_cdc_chr.mem[14][15]$_DFFE_PP_,clk_nand,11.91,8.3,0.15492674872540135,11.755073251274599,setup,roleB_syn_corpus_whatif,Role B synthetic corpus — 14-design mean over 6 scenarios (NOT this chip),predictions.csv,1.1,False,VALIDATED
1577,g_chan[1].u_cdc_chr.mem[10][15]$_DFFE_PP_,clk_nand,11.91,8.3,0.15492674872540135,11.755073251274599,setup,roleB_syn_corpus_whatif,Role B synthetic corpus — 14-design mean over 6 scenarios (NOT this chip),predictions.csv,1.1,False,VALIDATED
1580,g_chan[1].u_cdc_chr.mem[7][15]$_DFFE_PP_,clk_nand,11.91,8.3,0.15492674872540135,11.755073251274599,setup,roleB_syn_corpus_whatif,Role B synthetic corpus — 14-design mean over 6 scenarios (NOT this chip),predictions.csv,1.1,False,VALIDATED
1572,g_chan[1].u_cdc_chr.mem[11][15]$_DFFE_PP_,clk_nand,11.91,8.3,0.15492674872540135,11.755073251274599,setup,roleB_syn_corpus_whatif,Role B synthetic corpus — 14-design mean over 6 scenarios (NOT this chip),predictions.csv,1.1,False,VALIDATED
1382,g_chan[1].u_cdc_chr.mem[11][0]$_DFFE_PP_,clk_nand,11.89,8.32,0.13480676383496637,11.755193236165034,setup,roleB_syn_corpus_whatif,Role B synthetic corpus — 14-design mean over 6 scenarios (NOT this chip),predictions.csv,1.1,False,VALIDATED
1377,g_chan[1].u_cdc_chr.mem[0][2]$_DFFE_PP_,clk_nand,11.89,8.32,0.13479704037226026,11.75520295962774,setup,roleB_syn_corpus_whatif,Role B synthetic corpus — 14-design mean over 6 scenarios (NOT this chip),predictions.csv,1.1,False,VALIDATED
1378,g_chan[1].u_cdc_chr.mem[3][2]$_DFFE_PP_,clk_nand,11.89,8.32,0.13479704037226026,11.75520295962774,setup,roleB_syn_corpus_whatif,Role B synthetic corpus — 14-design mean over 6 scenarios (NOT this chip),predictions.csv,1.1,False,VALIDATED
1376,g_chan[1].u_cdc_chr.mem[2][2]$_DFFE_PP_,clk_nand,11.89,8.32,0.13479704037226026,11.75520295962774,setup,roleB_syn_corpus_whatif,Role B synthetic corpus — 14-design mean over 6 scenarios (NOT this chip),predictions.csv,1.1,False,VALIDATED
1406,g_chan[1].u_cdc_chr.mem[0][0]$_DFFE_PP_,clk_nand,11.89,8.31,0.13464473647458686,11.755355263525413,setup,roleB_syn_corpus_whatif,Role B synthetic corpus — 14-design mean over 6 scenarios (NOT this chip),predictions.csv,1.1,False,VALIDATED
1484,g_chan[1].u_cdc_chr.mem[12][23]$_DFFE_PP_,clk_nand,11.9,8.31,0.14459416477324627,11.755405835226753,setup,roleB_syn_corpus_whatif,Role B synthetic corpus — 14-design mean over 6 scenarios (NOT this chip),predictions.csv,1.1,False,VALIDATED
1501,g_chan[1].u_cdc_chr.mem[14][23]$_DFFE_PP_,clk_nand,11.9,8.31,0.14459416477324627,11.755405835226753,setup,roleB_syn_corpus_whatif,Role B synthetic corpus — 14-design mean over 6 scenarios (NOT this chip),predictions.csv,1.1,False,VALIDATED
1503,g_chan[1].u_cdc_chr.mem[11][23]$_DFFE_PP_,clk_nand,11.9,8.31,0.14459416477324627,11.755405835226753,setup,roleB_syn_corpus_whatif,Role B synthetic corpus — 14-design mean over 6 scenarios (NOT this chip),predictions.csv,1.1,False,VALIDATED
1482,g_chan[1].u_cdc_chr.mem[13][23]$_DFFE_PP_,clk_nand,11.9,8.31,0.14459416477324627,11.755405835226753,setup,roleB_syn_corpus_whatif,Role B synthetic corpus — 14-design mean over 6 scenarios (NOT this chip),predictions.csv,1.1,False,VALIDATED
1506,g_chan[1].u_cdc_chr.mem[3][23]$_DFFE_PP_,clk_nand,11.9,8.31,0.14459416477324627,11.755405835226753,setup,roleB_syn_corpus_whatif,Role B synthetic corpus — 14-design mean over 6 scenarios (NOT this chip),predictions.csv,1.1,False,VALIDATED
1569,g_chan[1].u_cdc_chr.mem[1][15]$_DFFE_PP_,clk_nand,11.91,8.3,0.154505079933263,11.755494920066738,setup,roleB_syn_corpus_whatif,Role B synthetic corpus — 14-design mean over 6 scenarios (NOT this chip),predictions.csv,1.1,False,VALIDATED
1384,g_chan[1].u_cdc_chr.mem[8][7]$_DFFE_PP_,clk_nand,11.89,8.3,0.1344556213034076,11.755544378696593,setup,roleB_syn_corpus_whatif,Role B synthetic corpus — 14-design mean over 6 scenarios (NOT this chip),predictions.csv,1.1,False,VALIDATED
1500,g_chan[1].u_cdc_chr.mem[15][23]$_DFFE_PP_,clk_nand,11.9,8.31,0.1443920249354268,11.755607975064574,setup,roleB_syn_corpus_whatif,Role B synthetic corpus — 14-design mean over 6 scenarios (NOT this chip),predictions.csv,1.1,False,VALIDATED
1383,g_chan[1].u_cdc_chr.mem[4][0]$_DFFE_PP_,clk_nand,11.89,8.32,0.1340842987586619,11.755915701241339,setup,roleB_syn_corpus_whatif,Role B synthetic corpus — 14-design mean over 6 scenarios (NOT this chip),predictions.csv,1.1,False,VALIDATED
1379,g_chan[1].u_cdc_chr.mem[5][0]$_DFFE_PP_,clk_nand,11.89,8.32,0.1340842987586619,11.755915701241339,setup,roleB_syn_corpus_whatif,Role B synthetic corpus — 14-design mean over 6 scenarios (NOT this chip),predictions.csv,1.1,False,VALIDATED
1395,g_chan[1].u_cdc_chr.mem[8][8]$_DFFE_PP_,clk_nand,11.89,8.31,0.13407854716512557,11.755921452834874,setup,roleB_syn_corpus_whatif,Role B synthetic corpus — 14-design mean over 6 scenarios (NOT this chip),predictions.csv,1.1,False,VALIDATED
1372,g_chan[1].u_cdc_chr.mem[11][2]$_DFFE_PP_,clk_nand,11.89,8.32,0.1340745752959558,11.755925424704046,setup,roleB_syn_corpus_whatif,Role B synthetic corpus — 14-design mean over 6 scenarios (NOT this chip),predictions.csv,1.1,False,VALIDATED
1367,g_chan[1].u_cdc_chr.mem[1][2]$_DFFE_PP_,clk_nand,11.89,8.32,0.1340745752959558,11.755925424704046,setup,roleB_syn_corpus_whatif,Role B synthetic corpus — 14-design mean over 6 scenarios (NOT this chip),predictions.csv,1.1,False,VALIDATED
1579,g_chan[1].u_cdc_chr.mem[15][15]$_DFFE_PP_,clk_nand,11.91,8.3,0.15392376784888584,11.756076232151115,setup,roleB_syn_corpus_whatif,Role B synthetic corpus — 14-design mean over 6 scenarios (NOT this chip),predictions.csv,1.1,False,VALIDATED
1385,g_chan[1].u_cdc_chr.mem[9][0]$_DFFE_PP_,clk_nand,11.89,8.31,0.1339231397457299,11.756076860254272,setup,roleB_syn_corpus_whatif,Role B synthetic corpus — 14-design mean over 6 scenarios (NOT this chip),predictions.csv,1.1,False,VALIDATED
1386,g_chan[1].u_cdc_chr.mem[8][0]$_DFFE_PP_,clk_nand,11.89,8.31,0.1339231397457299,11.756076860254272,setup,roleB_syn_corpus_whatif,Role B synthetic corpus — 14-design mean over 6 scenarios (NOT this chip),predictions.csv,1.1,False,VALIDATED
1391,g_chan[1].u_cdc_chr.mem[15][0]$_DFFE_PP_,clk_nand,11.89,8.31,0.1339231397457299,11.756076860254272,setup,roleB_syn_corpus_whatif,Role B synthetic corpus — 14-design mean over 6 scenarios (NOT this chip),predictions.csv,1.1,False,VALIDATED
1392,g_chan[1].u_cdc_chr.mem[10][0]$_DFFE_PP_,clk_nand,11.89,8.31,0.1339231397457299,11.756076860254272,setup,roleB_syn_corpus_whatif,Role B synthetic corpus — 14-design mean over 6 scenarios (NOT this chip),predictions.csv,1.1,False,VALIDATED
1423,g_chan[1].u_cdc_chr.mem[12][12]$_DFFE_PP_,clk_nand,11.9,8.32,0.14367422564564403,11.756325774354357,setup,roleB_syn_corpus_whatif,Role B synthetic corpus — 14-design mean over 6 scenarios (NOT this chip),predictions.csv,1.1,False,VALIDATED
1374,g_chan[1].u_cdc_chr.mem[5][2]$_DFFE_PP_,clk_nand,11.89,8.32,0.13353359448715274,11.756466405512848,setup,roleB_syn_corpus_whatif,Role B synthetic corpus — 14-design mean over 6 scenarios (NOT this chip),predictions.csv,1.1,False,VALIDATED
1366,g_chan[1].u_cdc_chr.mem[4][2]$_DFFE_PP_,clk_nand,11.89,8.32,0.13353359448715274,11.756466405512848,setup,roleB_syn_corpus_whatif,Role B synthetic corpus — 14-design mean over 6 scenarios (NOT this chip),predictions.csv,1.1,False,VALIDATED
1412,g_chan[1].u_cdc_chr.mem[13][0]$_DFFE_PP_,clk_nand,11.89,8.32,0.13351167909716466,11.756488320902836,setup,roleB_syn_corpus_whatif,Role B synthetic corpus — 14-design mean over 6 scenarios (NOT this chip),predictions.csv,1.1,False,VALIDATED
1410,g_chan[1].u_cdc_chr.mem[6][0]$_DFFE_PP_,clk_nand,11.89,8.32,0.13351167909716466,11.756488320902836,setup,roleB_syn_corpus_whatif,Role B synthetic corpus — 14-design mean over 6 scenarios (NOT this chip),predictions.csv,1.1,False,VALIDATED
1396,g_chan[1].u_cdc_chr.mem[12][0]$_DFFE_PP_,clk_nand,11.89,8.32,0.13351167909716466,11.756488320902836,setup,roleB_syn_corpus_whatif,Role B synthetic corpus — 14-design mean over 6 scenarios (NOT this chip),predictions.csv,1.1,False,VALIDATED
1387,g_chan[1].u_cdc_chr.mem[14][0]$_DFFE_PP_,clk_nand,11.89,8.32,0.13351167909716466,11.756488320902836,setup,roleB_syn_corpus_whatif,Role B synthetic corpus — 14-design mean over 6 scenarios (NOT this chip),predictions.csv,1.1,False,VALIDATED
1369,g_chan[1].u_cdc_chr.mem[10][2]$_DFFE_PP_,clk_nand,11.89,8.32,0.13335211021965132,11.75664788978035,setup,roleB_syn_corpus_whatif,Role B synthetic corpus — 14-design mean over 6 scenarios (NOT this chip),predictions.csv,1.1,False,VALIDATED
1373,g_chan[1].u_cdc_chr.mem[8][2]$_DFFE_PP_,clk_nand,11.89,8.32,0.13335211021965132,11.75664788978035,setup,roleB_syn_corpus_whatif,Role B synthetic corpus — 14-design mean over 6 scenarios (NOT this chip),predictions.csv,1.1,False,VALIDATED
1365,g_chan[1].u_cdc_chr.mem[9][2]$_DFFE_PP_,clk_nand,11.89,8.32,0.13335211021965132,11.75664788978035,setup,roleB_syn_corpus_whatif,Role B synthetic corpus — 14-design mean over 6 scenarios (NOT this chip),predictions.csv,1.1,False,VALIDATED
1408,g_chan[1].u_cdc_chr.mem[7][0]$_DFFE_PP_,clk_nand,11.89,8.31,0.13335120832901803,11.756648791670983,setup,roleB_syn_corpus_whatif,Role B synthetic corpus — 14-design mean over 6 scenarios (NOT this chip),predictions.csv,1.1,False,VALIDATED
1496,g_chan[1].u_cdc_chr.mem[13][16]$_DFFE_PP_,clk_nand,11.9,8.3,0.1433428170783161,11.756657182921684,setup,roleB_syn_corpus_whatif,Role B synthetic corpus — 14-design mean over 6 scenarios (NOT this chip),predictions.csv,1.1,False,VALIDATED
1498,g_chan[1].u_cdc_chr.mem[15][16]$_DFFE_PP_,clk_nand,11.9,8.3,0.1433428170783161,11.756657182921684,setup,roleB_syn_corpus_whatif,Role B synthetic corpus — 14-design mean over 6 scenarios (NOT this chip),predictions.csv,1.1,False,VALIDATED
1489,g_chan[1].u_cdc_chr.mem[14][16]$_DFFE_PP_,clk_nand,11.9,8.3,0.1433428170783161,11.756657182921684,setup,roleB_syn_corpus_whatif,Role B synthetic corpus — 14-design mean over 6 scenarios (NOT this chip),predictions.csv,1.1,False,VALIDATED
1421,g_chan[1].u_cdc_chr.mem[5][12]$_DFFE_PP_,clk_nand,11.9,8.32,0.14313821278654237,11.756861787213458,setup,roleB_syn_corpus_whatif,Role B synthetic corpus — 14-design mean over 6 scenarios (NOT this chip),predictions.csv,1.1,False,VALIDATED
1513,g_chan[1].u_cdc_chr.mem[10][23]$_DFFE_PP_,clk_nand,11.9,8.31,0.14299028623176058,11.75700971376824,setup,roleB_syn_corpus_whatif,Role B synthetic corpus — 14-design mean over 6 scenarios (NOT this chip),predictions.csv,1.1,False,VALIDATED
1509,g_chan[1].u_cdc_chr.mem[0][23]$_DFFE_PP_,clk_nand,11.9,8.31,0.14299028623176058,11.75700971376824,setup,roleB_syn_corpus_whatif,Role B synthetic corpus — 14-design mean over 6 scenarios (NOT this chip),predictions.csv,1.1,False,VALIDATED
1515,g_chan[1].u_cdc_chr.mem[4][23]$_DFFE_PP_,clk_nand,11.9,8.31,0.14299028623176058,11.75700971376824,setup,roleB_syn_corpus_whatif,Role B synthetic corpus — 14-design mean over 6 scenarios (NOT this chip),predictions.csv,1.1,False,VALIDATED
1504,g_chan[1].u_cdc_chr.mem[1][23]$_DFFE_PP_,clk_nand,11.9,8.31,0.14299028623176058,11.75700971376824,setup,roleB_syn_corpus_whatif,Role B synthetic corpus — 14-design mean over 6 scenarios (NOT this chip),predictions.csv,1.1,False,VALIDATED
1508,g_chan[1].u_cdc_chr.mem[8][23]$_DFFE_PP_,clk_nand,11.9,8.31,0.14299028623176058,11.75700971376824,setup,roleB_syn_corpus_whatif,Role B synthetic corpus — 14-design mean over 6 scenarios (NOT this chip),predictions.csv,1.1,False,VALIDATED
1380,g_chan[1].u_cdc_chr.mem[12][2]$_DFFE_PP_,clk_nand,11.89,8.32,0.1329609748256555,11.757039025174345,setup,roleB_syn_corpus_whatif,Role B synthetic corpus — 14-design mean over 6 scenarios (NOT this chip),predictions.csv,1.1,False,VALIDATED
1389,g_chan[1].u_cdc_chr.mem[13][2]$_DFFE_PP_,clk_nand,11.89,8.31,0.13280116596168168,11.757198834038318,setup,roleB_syn_corpus_whatif,Role B synthetic corpus — 14-design mean over 6 scenarios (NOT this chip),predictions.csv,1.1,False,VALIDATED
1512,g_chan[1].u_cdc_chr.mem[2][23]$_DFFE_PP_,clk_nand,11.9,8.31,0.1427881463939411,11.757211853606059,setup,roleB_syn_corpus_whatif,Role B synthetic corpus — 14-design mean over 6 scenarios (NOT this chip),predictions.csv,1.1,False,VALIDATED
1517,g_chan[1].u_cdc_chr.mem[5][23]$_DFFE_PP_,clk_nand,11.9,8.31,0.1427881463939411,11.757211853606059,setup,roleB_syn_corpus_whatif,Role B synthetic corpus — 14-design mean over 6 scenarios (NOT this chip),predictions.csv,1.1,False,VALIDATED
1492,g_chan[1].u_cdc_chr.mem[12][16]$_DFFE_PP_,clk_nand,11.9,8.3,0.14272129815514611,11.757278701844854,setup,roleB_syn_corpus_whatif,Role B synthetic corpus — 14-design mean over 6 scenarios (NOT this chip),predictions.csv,1.1,False,VALIDATED
1485,g_chan[1].u_cdc_chr.mem[14][8]$_DFFE_PP_,clk_nand,11.9,8.31,0.1426430579837279,11.757356942016273,setup,roleB_syn_corpus_whatif,Role B synthetic corpus — 14-design mean over 6 scenarios (NOT this chip),predictions.csv,1.1,False,VALIDATED
1511,g_chan[1].u_cdc_chr.mem[7][23]$_DFFE_PP_,clk_nand,11.9,8.31,0.14258600655612164,11.757413993443878,setup,roleB_syn_corpus_whatif,Role B synthetic corpus — 14-design mean over 6 scenarios (NOT this chip),predictions.csv,1.1,False,VALIDATED
1516,g_chan[1].u_cdc_chr.mem[6][23]$_DFFE_PP_,clk_nand,11.9,8.31,0.14258600655612164,11.757413993443878,setup,roleB_syn_corpus_whatif,Role B synthetic corpus — 14-design mean over 6 scenarios (NOT this chip),predictions.csv,1.1,False,VALIDATED
1490,g_chan[1].u_cdc_chr.mem[12][8]$_DFFE_PP_,clk_nand,11.9,8.3,0.14247140568771877,11.757528594312282,setup,roleB_syn_corpus_whatif,Role B synthetic corpus — 14-design mean over 6 scenarios (NOT this chip),predictions.csv,1.1,False,VALIDATED
1494,g_chan[1].u_cdc_chr.mem[15][8]$_DFFE_PP_,clk_nand,11.9,8.3,0.14247140568771877,11.757528594312282,setup,roleB_syn_corpus_whatif,Role B synthetic corpus — 14-design mean over 6 scenarios (NOT this chip),predictions.csv,1.1,False,VALIDATED
1483,g_chan[1].u_cdc_chr.mem[13][8]$_DFFE_PP_,clk_nand,11.9,8.3,0.14247140568771877,11.757528594312282,setup,roleB_syn_corpus_whatif,Role B synthetic corpus — 14-design mean over 6 scenarios (NOT this chip),predictions.csv,1.1,False,VALIDATED
1478,g_chan[1].u_cdc_chr.mem[0][16]$_DFFE_PP_,clk_nand,11.9,8.31,0.1424173683149712,11.757582631685029,setup,roleB_syn_corpus_whatif,Role B synthetic corpus — 14-design mean over 6 scenarios (NOT this chip),predictions.csv,1.1,False,VALIDATED
1480,g_chan[1].u_cdc_chr.mem[1][16]$_DFFE_PP_,clk_nand,11.9,8.31,0.1424173683149712,11.757582631685029,setup,roleB_syn_corpus_whatif,Role B synthetic corpus — 14-design mean over 6 scenarios (NOT this chip),predictions.csv,1.1,False,VALIDATED
1514,g_chan[1].u_cdc_chr.mem[9][23]$_DFFE_PP_,clk_nand,11.9,8.31,0.14238635099000285,11.757613649009997,setup,roleB_syn_corpus_whatif,Role B synthetic corpus — 14-design mean over 6 scenarios (NOT this chip),predictions.csv,1.1,False,VALIDATED
1497,g_chan[1].u_cdc_chr.mem[7][16]$_DFFE_PP_,clk_nand,11.9,8.3,0.14232030985073518,11.757679690149265,setup,roleB_syn_corpus_whatif,Role B synthetic corpus — 14-design mean over 6 scenarios (NOT this chip),predictions.csv,1.1,False,VALIDATED
1488,g_chan[1].u_cdc_chr.mem[5][16]$_DFFE_PP_,clk_nand,11.9,8.3,0.14232030985073518,11.757679690149265,setup,roleB_syn_corpus_whatif,Role B synthetic corpus — 14-design mean over 6 scenarios (NOT this chip),predictions.csv,1.1,False,VALIDATED
1495,g_chan[1].u_cdc_chr.mem[7][8]$_DFFE_PP_,clk_nand,11.9,8.31,0.1421671747722819,11.757832825227718,setup,roleB_syn_corpus_whatif,Role B synthetic corpus — 14-design mean over 6 scenarios (NOT this chip),predictions.csv,1.1,False,VALIDATED
1453,g_chan[1].u_cdc_chr.mem[6][29]$_DFFE_PP_,clk_nand,11.9,8.31,0.14202889539476282,11.757971104605238,setup,roleB_syn_corpus_whatif,Role B synthetic corpus — 14-design mean over 6 scenarios (NOT this chip),predictions.csv,1.1,False,VALIDATED
1446,g_chan[1].u_cdc_chr.mem[7][29]$_DFFE_PP_,clk_nand,11.9,8.31,0.14202889539476282,11.757971104605238,setup,roleB_syn_corpus_whatif,Role B synthetic corpus — 14-design mean over 6 scenarios (NOT this chip),predictions.csv,1.1,False,VALIDATED
1581,g_chan[1].u_cdc_chr.mem[0][15]$_DFFE_PP_,clk_nand,11.91,8.3,0.15194287792376004,11.75805712207624,setup,roleB_syn_corpus_whatif,Role B synthetic corpus — 14-design mean over 6 scenarios (NOT this chip),predictions.csv,1.1,False,VALIDATED
1479,g_chan[1].u_cdc_chr.mem[3][16]$_DFFE_PP_,clk_nand,11.9,8.31,0.14194148510352522,11.758058514896476,setup,roleB_syn_corpus_whatif,Role B synthetic corpus — 14-design mean over 6 scenarios (NOT this chip),predictions.csv,1.1,False,VALIDATED
1481,g_chan[1].u_cdc_chr.mem[2][16]$_DFFE_PP_,clk_nand,11.9,8.31,0.14194148510352522,11.758058514896476,setup,roleB_syn_corpus_whatif,Role B synthetic corpus — 14-design mean over 6 scenarios (NOT this chip),predictions.csv,1.1,False,VALIDATED
1499,g_chan[1].u_cdc_chr.mem[4][16]$_DFFE_PP_,clk_nand,11.9,8.3,0.14191932154632425,11.758080678453677,setup,roleB_syn_corpus_whatif,Role B synthetic corpus — 14-design mean over 6 scenarios (NOT this chip),predictions.csv,1.1,False,VALIDATED
1435,g_chan[1].u_cdc_chr.mem[6][12]$_DFFE_PP_,clk_nand,11.9,8.32,0.1418567573524856,11.758143242647515,setup,roleB_syn_corpus_whatif,Role B synthetic corpus — 14-design mean over 6 scenarios (NOT this chip),predictions.csv,1.1,False,VALIDATED
1507,g_chan[1].u_cdc_chr.mem[6][16]$_DFFE_PP_,clk_nand,11.9,8.3,0.14184499930260008,11.7581550006974,setup,roleB_syn_corpus_whatif,Role B synthetic corpus — 14-design mean over 6 scenarios (NOT this chip),predictions.csv,1.1,False,VALIDATED
1584,g_chan[1].u_cdc_chr.mem[3][15]$_DFFE_PP_,clk_nand,11.91,8.3,0.15165022058163435,11.758349779418365,setup,roleB_syn_corpus_whatif,Role B synthetic corpus — 14-design mean over 6 scenarios (NOT this chip),predictions.csv,1.1,False,VALIDATED
1583,g_chan[1].u_cdc_chr.mem[13][15]$_DFFE_PP_,clk_nand,11.91,8.3,0.15135756323950866,11.758642436760491,setup,roleB_syn_corpus_whatif,Role B synthetic corpus — 14-design mean over 6 scenarios (NOT this chip),predictions.csv,1.1,False,VALIDATED
1486,g_chan[1].u_cdc_chr.mem[6][8]$_DFFE_PP_,clk_nand,11.9,8.31,0.14102947235166108,11.758970527648339,setup,roleB_syn_corpus_whatif,Role B synthetic corpus — 14-design mean over 6 scenarios (NOT this chip),predictions.csv,1.1,False,VALIDATED
1422,g_chan[1].u_cdc_chr.mem[10][29]$_DFFE_PP_,clk_nand,11.9,8.31,0.1381782207675799,11.76182177923242,setup,roleB_syn_corpus_whatif,Role B synthetic corpus — 14-design mean over 6 scenarios (NOT this chip),predictions.csv,1.1,False,VALIDATED
1420,g_chan[1].u_cdc_chr.mem[8][29]$_DFFE_PP_,clk_nand,11.9,8.31,0.1381782207675799,11.76182177923242,setup,roleB_syn_corpus_whatif,Role B synthetic corpus — 14-design mean over 6 scenarios (NOT this chip),predictions.csv,1.1,False,VALIDATED
1419,g_chan[1].u_cdc_chr.mem[11][29]$_DFFE_PP_,clk_nand,11.9,8.31,0.1381782207675799,11.76182177923242,setup,roleB_syn_corpus_whatif,Role B synthetic corpus — 14-design mean over 6 scenarios (NOT this chip),predictions.csv,1.1,False,VALIDATED
1429,g_chan[1].u_cdc_chr.mem[2][29]$_DFFE_PP_,clk_nand,11.9,8.31,0.1381782207675799,11.76182177923242,setup,roleB_syn_corpus_whatif,Role B synthetic corpus — 14-design mean over 6 scenarios (NOT this chip),predictions.csv,1.1,False,VALIDATED
1582,g_chan[1].u_cdc_chr.mem[10][10]$_DFFE_PP_,clk_nand,11.91,8.3,0.14812310044226196,11.761876899557738,setup,roleB_syn_corpus_whatif,Role B synthetic corpus — 14-design mean over 6 scenarios (NOT this chip),predictions.csv,1.1,False,VALIDATED
1585,g_chan[1].u_cdc_chr.mem[11][10]$_DFFE_PP_,clk_nand,11.91,8.3,0.14812310044226196,11.761876899557738,setup,roleB_syn_corpus_whatif,Role B synthetic corpus — 14-design mean over 6 scenarios (NOT this chip),predictions.csv,1.1,False,VALIDATED
1451,g_chan[1].u_cdc_chr.mem[3][0]$_DFFE_PP_,clk_nand,11.9,8.32,0.13779829869228255,11.762201701307717,setup,roleB_syn_corpus_whatif,Role B synthetic corpus — 14-design mean over 6 scenarios (NOT this chip),predictions.csv,1.1,False,VALIDATED
1534,g_chan[1].u_cdc_chr.mem[7][4]$_DFFE_PP_,clk_nand,11.91,8.3,0.14769170575894175,11.762308294241059,setup,roleB_syn_corpus_whatif,Role B synthetic corpus — 14-design mean over 6 scenarios (NOT this chip),predictions.csv,1.1,False,VALIDATED
1543,g_chan[1].u_cdc_chr.mem[5][4]$_DFFE_PP_,clk_nand,11.91,8.3,0.14769170575894175,11.762308294241059,setup,roleB_syn_corpus_whatif,Role B synthetic corpus — 14-design mean over 6 scenarios (NOT this chip),predictions.csv,1.1,False,VALIDATED
1542,g_chan[1].u_cdc_chr.mem[6][4]$_DFFE_PP_,clk_nand,11.91,8.3,0.14769170575894175,11.762308294241059,setup,roleB_syn_corpus_whatif,Role B synthetic corpus — 14-design mean over 6 scenarios (NOT this chip),predictions.csv,1.1,False,VALIDATED
1523,g_chan[1].u_cdc_chr.mem[4][4]$_DFFE_PP_,clk_nand,11.91,8.3,0.14769170575894175,11.762308294241059,setup,roleB_syn_corpus_whatif,Role B synthetic corpus — 14-design mean over 6 scenarios (NOT this chip),predictions.csv,1.1,False,VALIDATED
1428,g_chan[1].u_cdc_chr.mem[3][29]$_DFFE_PP_,clk_nand,11.9,8.31,0.1374312306519092,11.762568769348091,setup,roleB_syn_corpus_whatif,Role B synthetic corpus — 14-design mean over 6 scenarios (NOT this chip),predictions.csv,1.1,False,VALIDATED
1445,g_chan[1].u_cdc_chr.mem[2][0]$_DFFE_PP_,clk_nand,11.9,8.32,0.13683835193548166,11.763161648064518,setup,roleB_syn_corpus_whatif,Role B synthetic corpus — 14-design mean over 6 scenarios (NOT this chip),predictions.csv,1.1,False,VALIDATED
1457,g_chan[1].u_cdc_chr.mem[11][5]$_DFFE_PP_,clk_nand,11.9,8.31,0.13676166898752584,11.763238331012474,setup,roleB_syn_corpus_whatif,Role B synthetic corpus — 14-design mean over 6 scenarios (NOT this chip),predictions.csv,1.1,False,VALIDATED
1425,g_chan[1].u_cdc_chr.mem[12][29]$_DFFE_PP_,clk_nand,11.9,8.31,0.1366842405362385,11.763315759463762,setup,roleB_syn_corpus_whatif,Role B synthetic corpus — 14-design mean over 6 scenarios (NOT this chip),predictions.csv,1.1,False,VALIDATED
1437,g_chan[1].u_cdc_chr.mem[14][29]$_DFFE_PP_,clk_nand,11.9,8.31,0.1366842405362385,11.763315759463762,setup,roleB_syn_corpus_whatif,Role B synthetic corpus — 14-design mean over 6 scenarios (NOT this chip),predictions.csv,1.1,False,VALIDATED
1444,g_chan[1].u_cdc_chr.mem[5][29]$_DFFE_PP_,clk_nand,11.9,8.31,0.1366842405362385,11.763315759463762,setup,roleB_syn_corpus_whatif,Role B synthetic corpus — 14-design mean over 6 scenarios (NOT this chip),predictions.csv,1.1,False,VALIDATED
1440,g_chan[1].u_cdc_chr.mem[13][29]$_DFFE_PP_,clk_nand,11.9,8.31,0.1366842405362385,11.763315759463762,setup,roleB_syn_corpus_whatif,Role B synthetic corpus — 14-design mean over 6 scenarios (NOT this chip),predictions.csv,1.1,False,VALIDATED
1537,g_chan[1].u_cdc_chr.mem[9][4]$_DFFE_PP_,clk_nand,11.91,8.3,0.1465569564007959,11.763443043599205,setup,roleB_syn_corpus_whatif,Role B synthetic corpus — 14-design mean over 6 scenarios (NOT this chip),predictions.csv,1.1,False,VALIDATED
1586,g_chan[1].u_cdc_chr.mem[2][10]$_DFFE_PP_,clk_nand,11.91,8.3,0.14640861659731808,11.763591383402682,setup,roleB_syn_corpus_whatif,Role B synthetic corpus — 14-design mean over 6 scenarios (NOT this chip),predictions.csv,1.1,False,VALIDATED
1439,g_chan[1].u_cdc_chr.mem[0][5]$_DFFE_PP_,clk_nand,11.9,8.31,0.13616154123314606,11.763838458766854,setup,roleB_syn_corpus_whatif,Role B synthetic corpus — 14-design mean over 6 scenarios (NOT this chip),predictions.csv,1.1,False,VALIDATED
1448,g_chan[1].u_cdc_chr.mem[1][5]$_DFFE_PP_,clk_nand,11.9,8.31,0.13616154123314606,11.763838458766854,setup,roleB_syn_corpus_whatif,Role B synthetic corpus — 14-design mean over 6 scenarios (NOT this chip),predictions.csv,1.1,False,VALIDATED
1436,g_chan[1].u_cdc_chr.mem[9][5]$_DFFE_PP_,clk_nand,11.9,8.31,0.13616154123314606,11.763838458766854,setup,roleB_syn_corpus_whatif,Role B synthetic corpus — 14-design mean over 6 scenarios (NOT this chip),predictions.csv,1.1,False,VALIDATED
1452,g_chan[1].u_cdc_chr.mem[2][5]$_DFFE_PP_,clk_nand,11.9,8.31,0.13616154123314606,11.763838458766854,setup,roleB_syn_corpus_whatif,Role B synthetic corpus — 14-design mean over 6 scenarios (NOT this chip),predictions.csv,1.1,False,VALIDATED
1442,g_chan[1].u_cdc_chr.mem[3][5]$_DFFE_PP_,clk_nand,11.9,8.31,0.13616154123314606,11.763838458766854,setup,roleB_syn_corpus_whatif,Role B synthetic corpus — 14-design mean over 6 scenarios (NOT this chip),predictions.csv,1.1,False,VALIDATED
1459,g_chan[1].u_cdc_chr.mem[12][5]$_DFFE_PP_,clk_nand,11.9,8.31,0.13616154123314606,11.763838458766854,setup,roleB_syn_corpus_whatif,Role B synthetic corpus — 14-design mean over 6 scenarios (NOT this chip),predictions.csv,1.1,False,VALIDATED
1461,g_chan[1].u_cdc_chr.mem[13][5]$_DFFE_PP_,clk_nand,11.9,8.31,0.13616154123314606,11.763838458766854,setup,roleB_syn_corpus_whatif,Role B synthetic corpus — 14-design mean over 6 scenarios (NOT this chip),predictions.csv,1.1,False,VALIDATED
1455,g_chan[1].u_cdc_chr.mem[15][5]$_DFFE_PP_,clk_nand,11.9,8.31,0.13616154123314606,11.763838458766854,setup,roleB_syn_corpus_whatif,Role B synthetic corpus — 14-design mean over 6 scenarios (NOT this chip),predictions.csv,1.1,False,VALIDATED
1473,g_chan[1].u_cdc_chr.mem[12][26]$_DFFE_PP_,clk_nand,11.9,8.31,0.13604999699420484,11.763950003005796,setup,roleB_syn_corpus_whatif,Role B synthetic corpus — 14-design mean over 6 scenarios (NOT this chip),predictions.csv,1.1,False,VALIDATED
1443,g_chan[1].u_cdc_chr.mem[8][5]$_DFFE_PP_,clk_nand,11.9,8.31,0.13601467887185514,11.763985321128144,setup,roleB_syn_corpus_whatif,Role B synthetic corpus — 14-design mean over 6 scenarios (NOT this chip),predictions.csv,1.1,False,VALIDATED
1433,g_chan[1].u_cdc_chr.mem[4][29]$_DFFE_PP_,clk_nand,11.9,8.31,0.13593320490522187,11.764066795094779,setup,roleB_syn_corpus_whatif,Role B synthetic corpus — 14-design mean over 6 scenarios (NOT this chip),predictions.csv,1.1,False,VALIDATED
1454,g_chan[1].u_cdc_chr.mem[5][5]$_DFFE_PP_,clk_nand,11.9,8.31,0.13586781651056423,11.764132183489437,setup,roleB_syn_corpus_whatif,Role B synthetic corpus — 14-design mean over 6 scenarios (NOT this chip),predictions.csv,1.1,False,VALIDATED
1456,g_chan[1].u_cdc_chr.mem[4][5]$_DFFE_PP_,clk_nand,11.9,8.31,0.13586781651056423,11.764132183489437,setup,roleB_syn_corpus_whatif,Role B synthetic corpus — 14-design mean over 6 scenarios (NOT this chip),predictions.csv,1.1,False,VALIDATED
1450,g_chan[1].u_cdc_chr.mem[10][5]$_DFFE_PP_,clk_nand,11.9,8.31,0.13586781651056423,11.764132183489437,setup,roleB_syn_corpus_whatif,Role B synthetic corpus — 14-design mean over 6 scenarios (NOT this chip),predictions.csv,1.1,False,VALIDATED
1462,g_chan[1].u_cdc_chr.mem[14][5]$_DFFE_PP_,clk_nand,11.9,8.31,0.13586781651056423,11.764132183489437,setup,roleB_syn_corpus_whatif,Role B synthetic corpus — 14-design mean over 6 scenarios (NOT this chip),predictions.csv,1.1,False,VALIDATED
1441,g_chan[1].u_cdc_chr.mem[6][5]$_DFFE_PP_,clk_nand,11.9,8.31,0.13586781651056423,11.764132183489437,setup,roleB_syn_corpus_whatif,Role B synthetic corpus — 14-design mean over 6 scenarios (NOT this chip),predictions.csv,1.1,False,VALIDATED
1464,g_chan[1].u_cdc_chr.mem[7][26]$_DFFE_PP_,clk_nand,11.9,8.31,0.13567803043139914,11.764321969568602,setup,roleB_syn_corpus_whatif,Role B synthetic corpus — 14-design mean over 6 scenarios (NOT this chip),predictions.csv,1.1,False,VALIDATED
1474,g_chan[1].u_cdc_chr.mem[5][26]$_DFFE_PP_,clk_nand,11.9,8.31,0.13553116807010823,11.764468831929893,setup,roleB_syn_corpus_whatif,Role B synthetic corpus — 14-design mean over 6 scenarios (NOT this chip),predictions.csv,1.1,False,VALIDATED
1463,g_chan[1].u_cdc_chr.mem[3][26]$_DFFE_PP_,clk_nand,11.9,8.31,0.13553116807010823,11.764468831929893,setup,roleB_syn_corpus_whatif,Role B synthetic corpus — 14-design mean over 6 scenarios (NOT this chip),predictions.csv,1.1,False,VALIDATED
1460,g_chan[1].u_cdc_chr.mem[4][26]$_DFFE_PP_,clk_nand,11.9,8.31,0.13553116807010823,11.764468831929893,setup,roleB_syn_corpus_whatif,Role B synthetic corpus — 14-design mean over 6 scenarios (NOT this chip),predictions.csv,1.1,False,VALIDATED
1560,g_chan[1].u_cdc_chr.mem[0][4]$_DFFE_PP_,clk_nand,11.91,8.3,0.14542220704265008,11.76457779295735,setup,roleB_syn_corpus_whatif,Role B synthetic corpus — 14-design mean over 6 scenarios (NOT this chip),predictions.csv,1.1,False,VALIDATED
1541,g_chan[1].u_cdc_chr.mem[2][4]$_DFFE_PP_,clk_nand,11.91,8.3,0.14542220704265008,11.76457779295735,setup,roleB_syn_corpus_whatif,Role B synthetic corpus — 14-design mean over 6 scenarios (NOT this chip),predictions.csv,1.1,False,VALIDATED
1550,g_chan[1].u_cdc_chr.mem[10][4]$_DFFE_PP_,clk_nand,11.91,8.3,0.14542220704265008,11.76457779295735,setup,roleB_syn_corpus_whatif,Role B synthetic corpus — 14-design mean over 6 scenarios (NOT this chip),predictions.csv,1.1,False,VALIDATED
1533,g_chan[1].u_cdc_chr.mem[8][4]$_DFFE_PP_,clk_nand,11.91,8.3,0.14542220704265008,11.76457779295735,setup,roleB_syn_corpus_whatif,Role B synthetic corpus — 14-design mean over 6 scenarios (NOT this chip),predictions.csv,1.1,False,VALIDATED
1564,g_chan[1].u_cdc_chr.mem[1][4]$_DFFE_PP_,clk_nand,11.91,8.3,0.14542220704265008,11.76457779295735,setup,roleB_syn_corpus_whatif,Role B synthetic corpus — 14-design mean over 6 scenarios (NOT this chip),predictions.csv,1.1,False,VALIDATED
1538,g_chan[1].u_cdc_chr.mem[11][4]$_DFFE_PP_,clk_nand,11.91,8.3,0.14542220704265008,11.76457779295735,setup,roleB_syn_corpus_whatif,Role B synthetic corpus — 14-design mean over 6 scenarios (NOT this chip),predictions.csv,1.1,False,VALIDATED
1545,g_chan[1].u_cdc_chr.mem[3][4]$_DFFE_PP_,clk_nand,11.91,8.3,0.14542220704265008,11.76457779295735,setup,roleB_syn_corpus_whatif,Role B synthetic corpus — 14-design mean over 6 scenarios (NOT this chip),predictions.csv,1.1,False,VALIDATED
1476,g_chan[1].u_cdc_chr.mem[14][26]$_DFFE_PP_,clk_nand,11.9,8.31,0.1352989613631882,11.764701038636812,setup,roleB_syn_corpus_whatif,Role B synthetic corpus — 14-design mean over 6 scenarios (NOT this chip),predictions.csv,1.1,False,VALIDATED
1487,g_chan[1].u_cdc_chr.mem[13][26]$_DFFE_PP_,clk_nand,11.9,8.31,0.1352989613631882,11.764701038636812,setup,roleB_syn_corpus_whatif,Role B synthetic corpus — 14-design mean over 6 scenarios (NOT this chip),predictions.csv,1.1,False,VALIDATED
1424,g_chan[1].u_cdc_chr.mem[7][2]$_DFFE_PP_,clk_nand,11.9,8.31,0.13498378128313182,11.765016218716868,setup,roleB_syn_corpus_whatif,Role B synthetic corpus — 14-design mean over 6 scenarios (NOT this chip),predictions.csv,1.1,False,VALIDATED
1470,g_chan[1].u_cdc_chr.mem[6][26]$_DFFE_PP_,clk_nand,11.9,8.31,0.1349269948003825,11.765073005199618,setup,roleB_syn_corpus_whatif,Role B synthetic corpus — 14-design mean over 6 scenarios (NOT this chip),predictions.csv,1.1,False,VALIDATED
1475,g_chan[1].u_cdc_chr.mem[15][26]$_DFFE_PP_,clk_nand,11.9,8.31,0.1349269948003825,11.765073005199618,setup,roleB_syn_corpus_whatif,Role B synthetic corpus — 14-design mean over 6 scenarios (NOT this chip),predictions.csv,1.1,False,VALIDATED
1426,g_chan[1].u_cdc_chr.mem[14][2]$_DFFE_PP_,clk_nand,11.9,8.31,0.13480251514575947,11.76519748485424,setup,roleB_syn_corpus_whatif,Role B synthetic corpus — 14-design mean over 6 scenarios (NOT this chip),predictions.csv,1.1,False,VALIDATED
1417,g_chan[1].u_cdc_chr.mem[11][26]$_DFFE_PP_,clk_nand,11.9,8.31,0.13476808880279034,11.76523191119721,setup,roleB_syn_corpus_whatif,Role B synthetic corpus — 14-design mean over 6 scenarios (NOT this chip),predictions.csv,1.1,False,VALIDATED
1432,g_chan[1].u_cdc_chr.mem[7][5]$_DFFE_PP_,clk_nand,11.9,8.31,0.13459722293957244,11.765402777060428,setup,roleB_syn_corpus_whatif,Role B synthetic corpus — 14-design mean over 6 scenarios (NOT this chip),predictions.csv,1.1,False,VALIDATED
1466,g_chan[1].u_cdc_chr.mem[2][26]$_DFFE_PP_,clk_nand,11.9,8.31,0.1345550282375768,11.765444971762424,setup,roleB_syn_corpus_whatif,Role B synthetic corpus — 14-design mean over 6 scenarios (NOT this chip),predictions.csv,1.1,False,VALIDATED
1555,g_chan[1].u_cdc_chr.mem[3][27]$_DFFE_PP_,clk_nand,11.91,8.3,0.14443184367074968,11.76556815632925,setup,roleB_syn_corpus_whatif,Role B synthetic corpus — 14-design mean over 6 scenarios (NOT this chip),predictions.csv,1.1,False,VALIDATED
1558,g_chan[1].u_cdc_chr.mem[2][27]$_DFFE_PP_,clk_nand,11.91,8.3,0.14443184367074968,11.76556815632925,setup,roleB_syn_corpus_whatif,Role B synthetic corpus — 14-design mean over 6 scenarios (NOT this chip),predictions.csv,1.1,False,VALIDATED
1552,g_chan[1].u_cdc_chr.mem[1][27]$_DFFE_PP_,clk_nand,11.91,8.3,0.14443184367074968,11.76556815632925,setup,roleB_syn_corpus_whatif,Role B synthetic corpus — 14-design mean over 6 scenarios (NOT this chip),predictions.csv,1.1,False,VALIDATED
1430,g_chan[1].u_cdc_chr.mem[10][26]$_DFFE_PP_,clk_nand,11.9,8.31,0.13387867035751821,11.766121329642482,setup,roleB_syn_corpus_whatif,Role B synthetic corpus — 14-design mean over 6 scenarios (NOT this chip),predictions.csv,1.1,False,VALIDATED
1526,g_chan[1].u_cdc_chr.mem[11][27]$_DFFE_PP_,clk_nand,11.91,8.3,0.14375963112725287,11.766240368872747,setup,roleB_syn_corpus_whatif,Role B synthetic corpus — 14-design mean over 6 scenarios (NOT this chip),predictions.csv,1.1,False,VALIDATED
1535,g_chan[1].u_cdc_chr.mem[15][27]$_DFFE_PP_,clk_nand,11.91,8.3,0.14375963112725287,11.766240368872747,setup,roleB_syn_corpus_whatif,Role B synthetic corpus — 14-design mean over 6 scenarios (NOT this chip),predictions.csv,1.1,False,VALIDATED
1427,g_chan[1].u_cdc_chr.mem[8][26]$_DFFE_PP_,clk_nand,11.9,8.31,0.13328443466658502,11.766715565333415,setup,roleB_syn_corpus_whatif,Role B synthetic corpus — 14-design mean over 6 scenarios (NOT this chip),predictions.csv,1.1,False,VALIDATED
1416,g_chan[1].u_cdc_chr.mem[0][26]$_DFFE_PP_,clk_nand,11.9,8.31,0.13328443466658502,11.766715565333415,setup,roleB_syn_corpus_whatif,Role B synthetic corpus — 14-design mean over 6 scenarios (NOT this chip),predictions.csv,1.1,False,VALIDATED
1438,g_chan[1].u_cdc_chr.mem[9][26]$_DFFE_PP_,clk_nand,11.9,8.31,0.13328443466658502,11.766715565333415,setup,roleB_syn_corpus_whatif,Role B synthetic corpus — 14-design mean over 6 scenarios (NOT this chip),predictions.csv,1.1,False,VALIDATED
1434,g_chan[1].u_cdc_chr.mem[1][26]$_DFFE_PP_,clk_nand,11.9,8.31,0.13328443466658502,11.766715565333415,setup,roleB_syn_corpus_whatif,Role B synthetic corpus — 14-design mean over 6 scenarios (NOT this chip),predictions.csv,1.1,False,VALIDATED
1519,g_chan[1].u_cdc_chr.mem[9][27]$_DFFE_PP_,clk_nand,11.91,8.31,0.14232895696061965,11.76767104303938,setup,roleB_syn_corpus_whatif,Role B synthetic corpus — 14-design mean over 6 scenarios (NOT this chip),predictions.csv,1.1,False,VALIDATED
1532,g_chan[1].u_cdc_chr.mem[10][27]$_DFFE_PP_,clk_nand,11.91,8.3,0.1421576826441805,11.76784231735582,setup,roleB_syn_corpus_whatif,Role B synthetic corpus — 14-design mean over 6 scenarios (NOT this chip),predictions.csv,1.1,False,VALIDATED
1536,g_chan[1].u_cdc_chr.mem[7][27]$_DFFE_PP_,clk_nand,11.91,8.3,0.1421576826441805,11.76784231735582,setup,roleB_syn_corpus_whatif,Role B synthetic corpus — 14-design mean over 6 scenarios (NOT this chip),predictions.csv,1.1,False,VALIDATED
1529,g_chan[1].u_cdc_chr.mem[5][27]$_DFFE_PP_,clk_nand,11.91,8.3,0.1421576826441805,11.76784231735582,setup,roleB_syn_corpus_whatif,Role B synthetic corpus — 14-design mean over 6 scenarios (NOT this chip),predictions.csv,1.1,False,VALIDATED
1530,g_chan[1].u_cdc_chr.mem[8][27]$_DFFE_PP_,clk_nand,11.91,8.3,0.1421576826441805,11.76784231735582,setup,roleB_syn_corpus_whatif,Role B synthetic corpus — 14-design mean over 6 scenarios (NOT this chip),predictions.csv,1.1,False,VALIDATED
1540,g_chan[1].u_cdc_chr.mem[4][27]$_DFFE_PP_,clk_nand,11.91,8.3,0.1421576826441805,11.76784231735582,setup,roleB_syn_corpus_whatif,Role B synthetic corpus — 14-design mean over 6 scenarios (NOT this chip),predictions.csv,1.1,False,VALIDATED
1524,g_chan[1].u_cdc_chr.mem[0][27]$_DFFE_PP_,clk_nand,11.91,8.3,0.1421576826441805,11.76784231735582,setup,roleB_syn_corpus_whatif,Role B synthetic corpus — 14-design mean over 6 scenarios (NOT this chip),predictions.csv,1.1,False,VALIDATED
1566,g_chan[1].u_cdc_chr.mem[15][7]$_DFFE_PP_,clk_nand,11.91,8.3,0.14201199844795542,11.767988001552045,setup,roleB_syn_corpus_whatif,Role B synthetic corpus — 14-design mean over 6 scenarios (NOT this chip),predictions.csv,1.1,False,VALIDATED
1556,g_chan[1].u_cdc_chr.mem[14][7]$_DFFE_PP_,clk_nand,11.91,8.3,0.14148065752805028,11.76851934247195,setup,roleB_syn_corpus_whatif,Role B synthetic corpus — 14-design mean over 6 scenarios (NOT this chip),predictions.csv,1.1,False,VALIDATED
1548,g_chan[1].u_cdc_chr.mem[7][7]$_DFFE_PP_,clk_nand,11.91,8.3,0.14148065752805028,11.76851934247195,setup,roleB_syn_corpus_whatif,Role B synthetic corpus — 14-design mean over 6 scenarios (NOT this chip),predictions.csv,1.1,False,VALIDATED
1587,g_chan[1].u_cdc_chr.mem[2][15]$_DFFE_PP_,clk_nand,11.92,8.3,0.15135756323950866,11.76864243676049,setup,roleB_syn_corpus_whatif,Role B synthetic corpus — 14-design mean over 6 scenarios (NOT this chip),predictions.csv,1.1,False,VALIDATED
1595,g_chan[1].u_cdc_chr.mem[6][15]$_DFFE_PP_,clk_nand,11.92,8.3,0.15135756323950866,11.76864243676049,setup,roleB_syn_corpus_whatif,Role B synthetic corpus — 14-design mean over 6 scenarios (NOT this chip),predictions.csv,1.1,False,VALIDATED
1588,g_chan[1].u_cdc_chr.mem[12][15]$_DFFE_PP_,clk_nand,11.92,8.3,0.15135756323950866,11.76864243676049,setup,roleB_syn_corpus_whatif,Role B synthetic corpus — 14-design mean over 6 scenarios (NOT this chip),predictions.csv,1.1,False,VALIDATED
1599,g_chan[1].u_cdc_chr.mem[4][15]$_DFFE_PP_,clk_nand,11.92,8.3,0.15135756323950866,11.76864243676049,setup,roleB_syn_corpus_whatif,Role B synthetic corpus — 14-design mean over 6 scenarios (NOT this chip),predictions.csv,1.1,False,VALIDATED
1527,g_chan[1].u_cdc_chr.mem[13][27]$_DFFE_PP_,clk_nand,11.91,8.3,0.14129412403454267,11.768705875965457,setup,roleB_syn_corpus_whatif,Role B synthetic corpus — 14-design mean over 6 scenarios (NOT this chip),predictions.csv,1.1,False,VALIDATED
1546,g_chan[1].u_cdc_chr.mem[6][27]$_DFFE_PP_,clk_nand,11.91,8.3,0.14129412403454267,11.768705875965457,setup,roleB_syn_corpus_whatif,Role B synthetic corpus — 14-design mean over 6 scenarios (NOT this chip),predictions.csv,1.1,False,VALIDATED
1531,g_chan[1].u_cdc_chr.mem[14][27]$_DFFE_PP_,clk_nand,11.91,8.3,0.14129412403454267,11.768705875965457,setup,roleB_syn_corpus_whatif,Role B synthetic corpus — 14-design mean over 6 scenarios (NOT this chip),predictions.csv,1.1,False,VALIDATED
1525,g_chan[1].u_cdc_chr.mem[12][27]$_DFFE_PP_,clk_nand,11.91,8.3,0.14129412403454267,11.768705875965457,setup,roleB_syn_corpus_whatif,Role B synthetic corpus — 14-design mean over 6 scenarios (NOT this chip),predictions.csv,1.1,False,VALIDATED
1568,g_chan[1].u_cdc_chr.mem[10][7]$_DFFE_PP_,clk_nand,11.91,8.3,0.14094931660814514,11.769050683391855,setup,roleB_syn_corpus_whatif,Role B synthetic corpus — 14-design mean over 6 scenarios (NOT this chip),predictions.csv,1.1,False,VALIDATED
1567,g_chan[1].u_cdc_chr.mem[11][7]$_DFFE_PP_,clk_nand,11.91,8.3,0.14094931660814514,11.769050683391855,setup,roleB_syn_corpus_whatif,Role B synthetic corpus — 14-design mean over 6 scenarios (NOT this chip),predictions.csv,1.1,False,VALIDATED
1561,g_chan[1].u_cdc_chr.mem[6][7]$_DFFE_PP_,clk_nand,11.91,8.3,0.14094931660814514,11.769050683391855,setup,roleB_syn_corpus_whatif,Role B synthetic corpus — 14-design mean over 6 scenarios (NOT this chip),predictions.csv,1.1,False,VALIDATED
1576,g_chan[1].u_cdc_chr.mem[9][7]$_DFFE_PP_,clk_nand,11.91,8.3,0.14094931660814514,11.769050683391855,setup,roleB_syn_corpus_whatif,Role B synthetic corpus — 14-design mean over 6 scenarios (NOT this chip),predictions.csv,1.1,False,VALIDATED
1522,g_chan[1].u_cdc_chr.mem[14][4]$_DFFE_PP_,clk_nand,11.91,8.3,0.14057160195728247,11.769428398042718,setup,roleB_syn_corpus_whatif,Role B synthetic corpus — 14-design mean over 6 scenarios (NOT this chip),predictions.csv,1.1,False,VALIDATED
1521,g_chan[1].u_cdc_chr.mem[13][4]$_DFFE_PP_,clk_nand,11.91,8.3,0.14057160195728247,11.769428398042718,setup,roleB_syn_corpus_whatif,Role B synthetic corpus — 14-design mean over 6 scenarios (NOT this chip),predictions.csv,1.1,False,VALIDATED
1518,g_chan[1].u_cdc_chr.mem[15][4]$_DFFE_PP_,clk_nand,11.91,8.3,0.14057160195728247,11.769428398042718,setup,roleB_syn_corpus_whatif,Role B synthetic corpus — 14-design mean over 6 scenarios (NOT this chip),predictions.csv,1.1,False,VALIDATED
1520,g_chan[1].u_cdc_chr.mem[12][4]$_DFFE_PP_,clk_nand,11.91,8.3,0.13932813263646449,11.770671867363536,setup,roleB_syn_corpus_whatif,Role B synthetic corpus — 14-design mean over 6 scenarios (NOT this chip),predictions.csv,1.1,False,VALIDATED
1593,g_chan[1].u_cdc_chr.mem[5][10]$_DFFE_PP_,clk_nand,11.92,8.3,0.14826088765432155,11.771739112345678,setup,roleB_syn_corpus_whatif,Role B synthetic corpus — 14-design mean over 6 scenarios (NOT this chip),predictions.csv,1.1,False,VALIDATED
1596,g_chan[1].u_cdc_chr.mem[9][10]$_DFFE_PP_,clk_nand,11.92,8.3,0.1477006447979754,11.772299355202025,setup,roleB_syn_corpus_whatif,Role B synthetic corpus — 14-design mean over 6 scenarios (NOT this chip),predictions.csv,1.1,False,VALIDATED
1597,g_chan[1].u_cdc_chr.mem[7][10]$_DFFE_PP_,clk_nand,11.92,8.3,0.14727818915368884,11.772721810846312,setup,roleB_syn_corpus_whatif,Role B synthetic corpus — 14-design mean over 6 scenarios (NOT this chip),predictions.csv,1.1,False,VALIDATED
1591,g_chan[1].u_cdc_chr.mem[12][10]$_DFFE_PP_,clk_nand,11.92,8.3,0.14727818915368884,11.772721810846312,setup,roleB_syn_corpus_whatif,Role B synthetic corpus — 14-design mean over 6 scenarios (NOT this chip),predictions.csv,1.1,False,VALIDATED
1594,g_chan[1].u_cdc_chr.mem[4][10]$_DFFE_PP_,clk_nand,11.92,8.3,0.14727818915368884,11.772721810846312,setup,roleB_syn_corpus_whatif,Role B synthetic corpus — 14-design mean over 6 scenarios (NOT this chip),predictions.csv,1.1,False,VALIDATED
1592,g_chan[1].u_cdc_chr.mem[15][10]$_DFFE_PP_,clk_nand,11.92,8.3,0.14727818915368884,11.772721810846312,setup,roleB_syn_corpus_whatif,Role B synthetic corpus — 14-design mean over 6 scenarios (NOT this chip),predictions.csv,1.1,False,VALIDATED
1598,g_chan[1].u_cdc_chr.mem[13][10]$_DFFE_PP_,clk_nand,11.92,8.3,0.14727818915368884,11.772721810846312,setup,roleB_syn_corpus_whatif,Role B synthetic corpus — 14-design mean over 6 scenarios (NOT this chip),predictions.csv,1.1,False,VALIDATED
1600,g_chan[1].u_cdc_chr.mem[8][10]$_DFFE_PP_,clk_nand,11.92,8.3,0.1469549335481587,11.773045066451841,setup,roleB_syn_corpus_whatif,Role B synthetic corpus — 14-design mean over 6 scenarios (NOT this chip),predictions.csv,1.1,False,VALIDATED
1547,g_chan[1].u_cdc_chr.mem[13][7]$_DFFE_PP_,clk_nand,11.91,8.3,0.13667377518372525,11.773326224816275,setup,roleB_syn_corpus_whatif,Role B synthetic corpus — 14-design mean over 6 scenarios (NOT this chip),predictions.csv,1.1,False,VALIDATED
1590,g_chan[1].u_cdc_chr.mem[1][10]$_DFFE_PP_,clk_nand,11.92,8.3,0.14640861659731808,11.773591383402682,setup,roleB_syn_corpus_whatif,Role B synthetic corpus — 14-design mean over 6 scenarios (NOT this chip),predictions.csv,1.1,False,VALIDATED
1589,g_chan[1].u_cdc_chr.mem[0][10]$_DFFE_PP_,clk_nand,11.92,8.3,0.14640861659731808,11.773591383402682,setup,roleB_syn_corpus_whatif,Role B synthetic corpus — 14-design mean over 6 scenarios (NOT this chip),predictions.csv,1.1,False,VALIDATED
1528,g_chan[1].u_cdc_chr.mem[12][7]$_DFFE_PP_,clk_nand,11.91,8.3,0.13590626964303265,11.774093730356967,setup,roleB_syn_corpus_whatif,Role B synthetic corpus — 14-design mean over 6 scenarios (NOT this chip),predictions.csv,1.1,False,VALIDATED
1559,g_chan[1].u_cdc_chr.mem[5][7]$_DFFE_PP_,clk_nand,11.91,8.3,0.1353749287231275,11.774625071276873,setup,roleB_syn_corpus_whatif,Role B synthetic corpus — 14-design mean over 6 scenarios (NOT this chip),predictions.csv,1.1,False,VALIDATED
1562,g_chan[1].u_cdc_chr.mem[2][7]$_DFFE_PP_,clk_nand,11.91,8.3,0.135173511468337,11.774826488531662,setup,roleB_syn_corpus_whatif,Role B synthetic corpus — 14-design mean over 6 scenarios (NOT this chip),predictions.csv,1.1,False,VALIDATED
1539,g_chan[1].u_cdc_chr.mem[0][7]$_DFFE_PP_,clk_nand,11.91,8.3,0.135173511468337,11.774826488531662,setup,roleB_syn_corpus_whatif,Role B synthetic corpus — 14-design mean over 6 scenarios (NOT this chip),predictions.csv,1.1,False,VALIDATED
1565,g_chan[1].u_cdc_chr.mem[1][7]$_DFFE_PP_,clk_nand,11.91,8.3,0.135173511468337,11.774826488531662,setup,roleB_syn_corpus_whatif,Role B synthetic corpus — 14-design mean over 6 scenarios (NOT this chip),predictions.csv,1.1,False,VALIDATED
1554,g_chan[1].u_cdc_chr.mem[3][7]$_DFFE_PP_,clk_nand,11.91,8.3,0.135173511468337,11.774826488531662,setup,roleB_syn_corpus_whatif,Role B synthetic corpus — 14-design mean over 6 scenarios (NOT this chip),predictions.csv,1.1,False,VALIDATED
1549,g_chan[1].u_cdc_chr.mem[4][7]$_DFFE_PP_,clk_nand,11.91,8.3,0.135173511468337,11.774826488531662,setup,roleB_syn_corpus_whatif,Role B synthetic corpus — 14-design mean over 6 scenarios (NOT this chip),predictions.csv,1.1,False,VALIDATED
1571,g_chan[1].u_cdc_chr.mem[9][28]$_DFFE_PP_,clk_nand,11.91,8.28,0.1348933463496378,11.775106653650361,setup,roleB_syn_corpus_whatif,Role B synthetic corpus — 14-design mean over 6 scenarios (NOT this chip),predictions.csv,1.1,False,VALIDATED
1551,g_chan[1].u_cdc_chr.mem[11][28]$_DFFE_PP_,clk_nand,11.91,8.28,0.1348933463496378,11.775106653650361,setup,roleB_syn_corpus_whatif,Role B synthetic corpus — 14-design mean over 6 scenarios (NOT this chip),predictions.csv,1.1,False,VALIDATED
1575,g_chan[1].u_cdc_chr.mem[10][28]$_DFFE_PP_,clk_nand,11.91,8.28,0.1348933463496378,11.775106653650361,setup,roleB_syn_corpus_whatif,Role B synthetic corpus — 14-design mean over 6 scenarios (NOT this chip),predictions.csv,1.1,False,VALIDATED
1573,g_chan[1].u_cdc_chr.mem[8][28]$_DFFE_PP_,clk_nand,11.91,8.28,0.1348933463496378,11.775106653650361,setup,roleB_syn_corpus_whatif,Role B synthetic corpus — 14-design mean over 6 scenarios (NOT this chip),predictions.csv,1.1,False,VALIDATED
1570,g_chan[1].u_cdc_chr.mem[7][28]$_DFFE_PP_,clk_nand,11.91,8.28,0.13407266802890794,11.775927331971092,setup,roleB_syn_corpus_whatif,Role B synthetic corpus — 14-design mean over 6 scenarios (NOT this chip),predictions.csv,1.1,False,VALIDATED
1574,g_chan[1].u_cdc_chr.mem[6][28]$_DFFE_PP_,clk_nand,11.91,8.28,0.13407266802890794,11.775927331971092,setup,roleB_syn_corpus_whatif,Role B synthetic corpus — 14-design mean over 6 scenarios (NOT this chip),predictions.csv,1.1,False,VALIDATED
1557,g_chan[1].u_cdc_chr.mem[1][28]$_DFFE_PP_,clk_nand,11.91,8.28,0.13407266802890794,11.775927331971092,setup,roleB_syn_corpus_whatif,Role B synthetic corpus — 14-design mean over 6 scenarios (NOT this chip),predictions.csv,1.1,False,VALIDATED
1563,g_chan[1].u_cdc_chr.mem[0][28]$_DFFE_PP_,clk_nand,11.91,8.28,0.13407266802890794,11.775927331971092,setup,roleB_syn_corpus_whatif,Role B synthetic corpus — 14-design mean over 6 scenarios (NOT this chip),predictions.csv,1.1,False,VALIDATED
