path_id,endpoint,clock_domain,slack_ns,delay_ns,droop_penalty_ns,effective_slack_ns,check_type,droop_source,droop_design,droop_file,vdd_v,includes_vss,provenance
400,_44521_,clk_core,2.1,3.0,0.27247945958980935,1.8275205404101906,clock_gating,guardband_10pct,hypothetical_guardband_10pct,uniform_10pct_vdd_budget,1.1,False,VALIDATED
401,g_clkgate.u_cg_core.en_latched$_DLATCH_N_,clk_core,2.15,0.74,0.06721160003215296,2.082788399967847,setup,guardband_10pct,hypothetical_guardband_10pct,uniform_10pct_vdd_budget,1.1,False,VALIDATED
402,c_cmd_addr[30]$_DFFE_PN0N_,clk_core,3.76,1.6,0.1453223784478984,3.6146776215521013,setup,guardband_10pct,hypothetical_guardband_10pct,uniform_10pct_vdd_budget,1.1,False,VALIDATED
403,c_cmd_len[9]$_DFFE_PN0N_,clk_core,3.77,1.6,0.1453223784478984,3.6246776215521015,setup,guardband_10pct,hypothetical_guardband_10pct,uniform_10pct_vdd_budget,1.1,False,VALIDATED
405,c_cmd_addr[28]$_DFFE_PN0N_,clk_core,3.78,1.59,0.14441411358259892,3.6355858864174007,setup,guardband_10pct,hypothetical_guardband_10pct,uniform_10pct_vdd_budget,1.1,False,VALIDATED
404,c_cmd_addr[27]$_DFFE_PN0N_,clk_core,3.78,1.59,0.14441411358259892,3.6355858864174007,setup,guardband_10pct,hypothetical_guardband_10pct,uniform_10pct_vdd_budget,1.1,False,VALIDATED
407,c_cmd_len[7]$_DFFE_PN0N_,clk_core,3.8,1.57,0.14259758385199994,3.657402416148,setup,guardband_10pct,hypothetical_guardband_10pct,uniform_10pct_vdd_budget,1.1,False,VALIDATED
406,c_cmd_addr[29]$_DFFE_PN0N_,clk_core,3.8,1.57,0.14259758385199994,3.657402416148,setup,guardband_10pct,hypothetical_guardband_10pct,uniform_10pct_vdd_budget,1.1,False,VALIDATED
408,c_cmd_len[11]$_DFFE_PN0N_,clk_core,3.81,1.56,0.14168931898670084,3.668310681013299,setup,guardband_10pct,hypothetical_guardband_10pct,uniform_10pct_vdd_budget,1.1,False,VALIDATED
409,c_cmd_len[16]$_DFFE_PN0N_,clk_core,3.84,1.53,0.1389645243908026,3.7010354756091974,setup,guardband_10pct,hypothetical_guardband_10pct,uniform_10pct_vdd_budget,1.1,False,VALIDATED
410,c_cmd_len[23]$_DFFE_PN0N_,clk_core,3.84,1.53,0.1389645243908026,3.7010354756091974,setup,guardband_10pct,hypothetical_guardband_10pct,uniform_10pct_vdd_budget,1.1,False,VALIDATED
412,c_cmd_addr[21]$_DFFE_PN0N_,clk_core,3.84,1.52,0.13805625952550354,3.7019437404744964,setup,guardband_10pct,hypothetical_guardband_10pct,uniform_10pct_vdd_budget,1.1,False,VALIDATED
413,c_cmd_len[18]$_DFFE_PN0N_,clk_core,3.84,1.52,0.13805625952550354,3.7019437404744964,setup,guardband_10pct,hypothetical_guardband_10pct,uniform_10pct_vdd_budget,1.1,False,VALIDATED
411,u_dma_fabric.rbeat_data[12]$_DFFE_PN0P_,clk_core,3.84,1.5,0.13623972979490473,3.703760270205095,setup,guardband_10pct,hypothetical_guardband_10pct,uniform_10pct_vdd_budget,1.1,False,VALIDATED
414,c_cmd_len[22]$_DFFE_PN0N_,clk_core,3.85,1.52,0.13805625952550354,3.7119437404744966,setup,guardband_10pct,hypothetical_guardband_10pct,uniform_10pct_vdd_budget,1.1,False,VALIDATED
415,c_cmd_len[10]$_DFFE_PN0N_,clk_core,3.85,1.52,0.13805625952550354,3.7119437404744966,setup,guardband_10pct,hypothetical_guardband_10pct,uniform_10pct_vdd_budget,1.1,False,VALIDATED
419,c_cmd_len[4]$_DFFE_PN0N_,clk_core,3.85,1.52,0.13805625952550354,3.7119437404744966,setup,guardband_10pct,hypothetical_guardband_10pct,uniform_10pct_vdd_budget,1.1,False,VALIDATED
433,g_chan[0].u_cdc_chw.mem[3][31]$_DFFE_PP_,clk_core,3.85,1.51,0.13714799466020394,3.712852005339796,setup,guardband_10pct,hypothetical_guardband_10pct,uniform_10pct_vdd_budget,1.1,False,VALIDATED
435,g_chan[0].u_cdc_chw.mem[12][31]$_DFFE_PP_,clk_core,3.85,1.51,0.13714799466020394,3.712852005339796,setup,guardband_10pct,hypothetical_guardband_10pct,uniform_10pct_vdd_budget,1.1,False,VALIDATED
434,g_chan[0].u_cdc_chw.mem[14][31]$_DFFE_PP_,clk_core,3.85,1.51,0.13714799466020394,3.712852005339796,setup,guardband_10pct,hypothetical_guardband_10pct,uniform_10pct_vdd_budget,1.1,False,VALIDATED
447,c_cmd_addr[9]$_DFFE_PN0N_,clk_core,3.85,1.51,0.13714799466020394,3.712852005339796,setup,guardband_10pct,hypothetical_guardband_10pct,uniform_10pct_vdd_budget,1.1,False,VALIDATED
450,c_cmd_opcode[6]$_DFFE_PN0N_,clk_core,3.85,1.51,0.13714799466020394,3.712852005339796,setup,guardband_10pct,hypothetical_guardband_10pct,uniform_10pct_vdd_budget,1.1,False,VALIDATED
423,g_chan[0].u_cdc_chw.mem[10][31]$_DFFE_PP_,clk_core,3.85,1.51,0.13714799466020394,3.712852005339796,setup,guardband_10pct,hypothetical_guardband_10pct,uniform_10pct_vdd_budget,1.1,False,VALIDATED
436,c_cmd_addr[31]$_DFFE_PN0N_,clk_core,3.85,1.51,0.1371479946602041,3.712852005339796,setup,guardband_10pct,hypothetical_guardband_10pct,uniform_10pct_vdd_budget,1.1,False,VALIDATED
430,g_chan[0].u_cdc_chw.mem[6][31]$_DFFE_PP_,clk_core,3.85,1.51,0.13714799466020394,3.712852005339796,setup,guardband_10pct,hypothetical_guardband_10pct,uniform_10pct_vdd_budget,1.1,False,VALIDATED
429,g_chan[0].u_cdc_chw.mem[13][31]$_DFFE_PP_,clk_core,3.85,1.51,0.13714799466020394,3.712852005339796,setup,guardband_10pct,hypothetical_guardband_10pct,uniform_10pct_vdd_budget,1.1,False,VALIDATED
427,g_chan[0].u_cdc_chw.mem[9][31]$_DFFE_PP_,clk_core,3.85,1.51,0.13714799466020394,3.712852005339796,setup,guardband_10pct,hypothetical_guardband_10pct,uniform_10pct_vdd_budget,1.1,False,VALIDATED
431,g_chan[0].u_cdc_chw.mem[15][31]$_DFFE_PP_,clk_core,3.85,1.51,0.13714799466020394,3.712852005339796,setup,guardband_10pct,hypothetical_guardband_10pct,uniform_10pct_vdd_budget,1.1,False,VALIDATED
418,g_chan[0].u_cdc_chw.mem[0][31]$_DFFE_PP_,clk_core,3.85,1.51,0.13714799466020394,3.712852005339796,setup,guardband_10pct,hypothetical_guardband_10pct,uniform_10pct_vdd_budget,1.1,False,VALIDATED
426,g_chan[0].u_cdc_chw.mem[5][31]$_DFFE_PP_,clk_core,3.85,1.51,0.13714799466020394,3.712852005339796,setup,guardband_10pct,hypothetical_guardband_10pct,uniform_10pct_vdd_budget,1.1,False,VALIDATED
422,g_chan[0].u_cdc_chw.mem[8][31]$_DFFE_PP_,clk_core,3.85,1.51,0.13714799466020394,3.712852005339796,setup,guardband_10pct,hypothetical_guardband_10pct,uniform_10pct_vdd_budget,1.1,False,VALIDATED
424,g_chan[0].u_cdc_chw.mem[4][31]$_DFFE_PP_,clk_core,3.85,1.51,0.13714799466020394,3.712852005339796,setup,guardband_10pct,hypothetical_guardband_10pct,uniform_10pct_vdd_budget,1.1,False,VALIDATED
421,g_chan[0].u_cdc_chw.mem[11][31]$_DFFE_PP_,clk_core,3.85,1.51,0.13714799466020394,3.712852005339796,setup,guardband_10pct,hypothetical_guardband_10pct,uniform_10pct_vdd_budget,1.1,False,VALIDATED
420,g_chan[0].u_cdc_chw.mem[1][31]$_DFFE_PP_,clk_core,3.85,1.51,0.13714799466020394,3.712852005339796,setup,guardband_10pct,hypothetical_guardband_10pct,uniform_10pct_vdd_budget,1.1,False,VALIDATED
425,g_chan[0].u_cdc_chw.mem[7][31]$_DFFE_PP_,clk_core,3.85,1.51,0.13714799466020394,3.712852005339796,setup,guardband_10pct,hypothetical_guardband_10pct,uniform_10pct_vdd_budget,1.1,False,VALIDATED
432,g_chan[0].u_cdc_chw.mem[2][31]$_DFFE_PP_,clk_core,3.85,1.51,0.13714799466020394,3.712852005339796,setup,guardband_10pct,hypothetical_guardband_10pct,uniform_10pct_vdd_budget,1.1,False,VALIDATED
439,g_chan[0].u_cdc_chw.mem[4][14]$_DFFE_PP_,clk_core,3.85,1.5,0.1362397297949045,3.7137602702050954,setup,guardband_10pct,hypothetical_guardband_10pct,uniform_10pct_vdd_budget,1.1,False,VALIDATED
416,u_dma_fabric.rbeat_data[10]$_DFFE_PN0P_,clk_core,3.85,1.5,0.13623972979490478,3.7137602702050954,setup,guardband_10pct,hypothetical_guardband_10pct,uniform_10pct_vdd_budget,1.1,False,VALIDATED
438,g_chan[0].u_cdc_chw.mem[10][14]$_DFFE_PP_,clk_core,3.85,1.5,0.1362397297949045,3.7137602702050954,setup,guardband_10pct,hypothetical_guardband_10pct,uniform_10pct_vdd_budget,1.1,False,VALIDATED
448,g_chan[0].u_cdc_chw.mem[5][14]$_DFFE_PP_,clk_core,3.85,1.5,0.1362397297949045,3.7137602702050954,setup,guardband_10pct,hypothetical_guardband_10pct,uniform_10pct_vdd_budget,1.1,False,VALIDATED
446,g_chan[0].u_cdc_chw.mem[8][14]$_DFFE_PP_,clk_core,3.85,1.5,0.1362397297949045,3.7137602702050954,setup,guardband_10pct,hypothetical_guardband_10pct,uniform_10pct_vdd_budget,1.1,False,VALIDATED
440,g_chan[0].u_cdc_chw.mem[15][14]$_DFFE_PP_,clk_core,3.85,1.5,0.1362397297949045,3.7137602702050954,setup,guardband_10pct,hypothetical_guardband_10pct,uniform_10pct_vdd_budget,1.1,False,VALIDATED
442,g_chan[0].u_cdc_chw.mem[13][14]$_DFFE_PP_,clk_core,3.85,1.5,0.1362397297949045,3.7137602702050954,setup,guardband_10pct,hypothetical_guardband_10pct,uniform_10pct_vdd_budget,1.1,False,VALIDATED
441,g_chan[0].u_cdc_chw.mem[14][14]$_DFFE_PP_,clk_core,3.85,1.5,0.1362397297949045,3.7137602702050954,setup,guardband_10pct,hypothetical_guardband_10pct,uniform_10pct_vdd_budget,1.1,False,VALIDATED
449,g_chan[0].u_cdc_chw.mem[6][14]$_DFFE_PP_,clk_core,3.85,1.5,0.1362397297949045,3.7137602702050954,setup,guardband_10pct,hypothetical_guardband_10pct,uniform_10pct_vdd_budget,1.1,False,VALIDATED
445,g_chan[0].u_cdc_chw.mem[9][14]$_DFFE_PP_,clk_core,3.85,1.5,0.1362397297949045,3.7137602702050954,setup,guardband_10pct,hypothetical_guardband_10pct,uniform_10pct_vdd_budget,1.1,False,VALIDATED
437,g_chan[0].u_cdc_chw.mem[11][14]$_DFFE_PP_,clk_core,3.85,1.5,0.1362397297949045,3.7137602702050954,setup,guardband_10pct,hypothetical_guardband_10pct,uniform_10pct_vdd_budget,1.1,False,VALIDATED
444,g_chan[1].u_cdc_chw.mem[0][14]$_DFFE_PP_,clk_core,3.85,1.49,0.13533146492960513,3.7146685350703947,setup,guardband_10pct,hypothetical_guardband_10pct,uniform_10pct_vdd_budget,1.1,False,VALIDATED
417,u_dma_fabric.rbeat_data[17]$_DFFE_PN0P_,clk_core,3.85,1.49,0.13533146492960513,3.7146685350703947,setup,guardband_10pct,hypothetical_guardband_10pct,uniform_10pct_vdd_budget,1.1,False,VALIDATED
443,u_dma_fabric.rbeat_data[30]$_DFFE_PN0P_,clk_core,3.85,1.49,0.13533146492960513,3.7146685350703947,setup,guardband_10pct,hypothetical_guardband_10pct,uniform_10pct_vdd_budget,1.1,False,VALIDATED
428,u_dma_fabric.rbeat_data[13]$_DFFE_PN0P_,clk_core,3.85,1.49,0.13533146492960513,3.7146685350703947,setup,guardband_10pct,hypothetical_guardband_10pct,uniform_10pct_vdd_budget,1.1,False,VALIDATED
461,c_cmd_addr[6]$_DFFE_PN0N_,clk_core,3.86,1.51,0.13714799466020394,3.7228520053397958,setup,guardband_10pct,hypothetical_guardband_10pct,uniform_10pct_vdd_budget,1.1,False,VALIDATED
474,c_cmd_addr[10]$_DFFE_PN0N_,clk_core,3.86,1.51,0.13714799466020394,3.7228520053397958,setup,guardband_10pct,hypothetical_guardband_10pct,uniform_10pct_vdd_budget,1.1,False,VALIDATED
472,c_cmd_addr[7]$_DFFE_PN0N_,clk_core,3.86,1.51,0.13714799466020394,3.7228520053397958,setup,guardband_10pct,hypothetical_guardband_10pct,uniform_10pct_vdd_budget,1.1,False,VALIDATED
470,c_cmd_addr[2]$_DFFE_PN0N_,clk_core,3.86,1.51,0.13714799466020394,3.7228520053397958,setup,guardband_10pct,hypothetical_guardband_10pct,uniform_10pct_vdd_budget,1.1,False,VALIDATED
457,c_cmd_addr[11]$_DFFE_PN0N_,clk_core,3.86,1.51,0.13714799466020394,3.7228520053397958,setup,guardband_10pct,hypothetical_guardband_10pct,uniform_10pct_vdd_budget,1.1,False,VALIDATED
498,c_cmd_len[28]$_DFFE_PN0N_,clk_core,3.86,1.51,0.1371479946602041,3.7228520053397958,setup,guardband_10pct,hypothetical_guardband_10pct,uniform_10pct_vdd_budget,1.1,False,VALIDATED
467,c_cmd_addr[8]$_DFFE_PN0N_,clk_core,3.86,1.51,0.13714799466020394,3.7228520053397958,setup,guardband_10pct,hypothetical_guardband_10pct,uniform_10pct_vdd_budget,1.1,False,VALIDATED
452,g_chan[0].u_cdc_chw.mem[7][14]$_DFFE_PP_,clk_core,3.86,1.5,0.1362397297949045,3.723760270205095,setup,guardband_10pct,hypothetical_guardband_10pct,uniform_10pct_vdd_budget,1.1,False,VALIDATED
462,g_chan[0].u_cdc_chw.mem[12][14]$_DFFE_PP_,clk_core,3.86,1.5,0.1362397297949045,3.723760270205095,setup,guardband_10pct,hypothetical_guardband_10pct,uniform_10pct_vdd_budget,1.1,False,VALIDATED
456,g_chan[0].u_cdc_chw.mem[3][14]$_DFFE_PP_,clk_core,3.86,1.5,0.1362397297949045,3.723760270205095,setup,guardband_10pct,hypothetical_guardband_10pct,uniform_10pct_vdd_budget,1.1,False,VALIDATED
454,g_chan[0].u_cdc_chw.mem[2][14]$_DFFE_PP_,clk_core,3.86,1.5,0.1362397297949045,3.723760270205095,setup,guardband_10pct,hypothetical_guardband_10pct,uniform_10pct_vdd_budget,1.1,False,VALIDATED
453,g_chan[0].u_cdc_chw.mem[1][14]$_DFFE_PP_,clk_core,3.86,1.5,0.1362397297949045,3.723760270205095,setup,guardband_10pct,hypothetical_guardband_10pct,uniform_10pct_vdd_budget,1.1,False,VALIDATED
458,g_chan[0].u_cdc_chw.mem[0][14]$_DFFE_PP_,clk_core,3.86,1.5,0.1362397297949045,3.723760270205095,setup,guardband_10pct,hypothetical_guardband_10pct,uniform_10pct_vdd_budget,1.1,False,VALIDATED
496,g_chan[0].u_cdc_chw.mem[3][17]$_DFFE_PP_,clk_core,3.86,1.49,0.13533146492960513,3.7246685350703945,setup,guardband_10pct,hypothetical_guardband_10pct,uniform_10pct_vdd_budget,1.1,False,VALIDATED
492,g_chan[0].u_cdc_chw.mem[6][17]$_DFFE_PP_,clk_core,3.86,1.49,0.13533146492960513,3.7246685350703945,setup,guardband_10pct,hypothetical_guardband_10pct,uniform_10pct_vdd_budget,1.1,False,VALIDATED
484,g_chan[1].u_cdc_chw.mem[6][31]$_DFFE_PP_,clk_core,3.86,1.49,0.13533146492960513,3.7246685350703945,setup,guardband_10pct,hypothetical_guardband_10pct,uniform_10pct_vdd_budget,1.1,False,VALIDATED
481,g_chan[1].u_cdc_chw.mem[3][14]$_DFFE_PP_,clk_core,3.86,1.49,0.13533146492960513,3.7246685350703945,setup,guardband_10pct,hypothetical_guardband_10pct,uniform_10pct_vdd_budget,1.1,False,VALIDATED
485,g_chan[0].u_cdc_chw.mem[0][17]$_DFFE_PP_,clk_core,3.86,1.49,0.13533146492960513,3.7246685350703945,setup,guardband_10pct,hypothetical_guardband_10pct,uniform_10pct_vdd_budget,1.1,False,VALIDATED
486,g_chan[1].u_cdc_chw.mem[2][31]$_DFFE_PP_,clk_core,3.86,1.49,0.13533146492960513,3.7246685350703945,setup,guardband_10pct,hypothetical_guardband_10pct,uniform_10pct_vdd_budget,1.1,False,VALIDATED
488,g_chan[0].u_cdc_chw.mem[7][17]$_DFFE_PP_,clk_core,3.86,1.49,0.13533146492960513,3.7246685350703945,setup,guardband_10pct,hypothetical_guardband_10pct,uniform_10pct_vdd_budget,1.1,False,VALIDATED
483,g_chan[0].u_cdc_chw.mem[1][17]$_DFFE_PP_,clk_core,3.86,1.49,0.13533146492960513,3.7246685350703945,setup,guardband_10pct,hypothetical_guardband_10pct,uniform_10pct_vdd_budget,1.1,False,VALIDATED
491,g_chan[1].u_cdc_chw.mem[5][31]$_DFFE_PP_,clk_core,3.86,1.49,0.13533146492960513,3.7246685350703945,setup,guardband_10pct,hypothetical_guardband_10pct,uniform_10pct_vdd_budget,1.1,False,VALIDATED
494,g_chan[0].u_cdc_chw.mem[2][17]$_DFFE_PP_,clk_core,3.86,1.49,0.13533146492960513,3.7246685350703945,setup,guardband_10pct,hypothetical_guardband_10pct,uniform_10pct_vdd_budget,1.1,False,VALIDATED
489,g_chan[1].u_cdc_chw.mem[7][14]$_DFFE_PP_,clk_core,3.86,1.49,0.13533146492960513,3.7246685350703945,setup,guardband_10pct,hypothetical_guardband_10pct,uniform_10pct_vdd_budget,1.1,False,VALIDATED
490,g_chan[0].u_cdc_chw.mem[8][17]$_DFFE_PP_,clk_core,3.86,1.49,0.13533146492960513,3.7246685350703945,setup,guardband_10pct,hypothetical_guardband_10pct,uniform_10pct_vdd_budget,1.1,False,VALIDATED
493,g_chan[1].u_cdc_chw.mem[4][31]$_DFFE_PP_,clk_core,3.86,1.49,0.13533146492960513,3.7246685350703945,setup,guardband_10pct,hypothetical_guardband_10pct,uniform_10pct_vdd_budget,1.1,False,VALIDATED
487,g_chan[1].u_cdc_chw.mem[4][14]$_DFFE_PP_,clk_core,3.86,1.49,0.13533146492960513,3.7246685350703945,setup,guardband_10pct,hypothetical_guardband_10pct,uniform_10pct_vdd_budget,1.1,False,VALIDATED
495,g_chan[0].u_cdc_chw.mem[9][17]$_DFFE_PP_,clk_core,3.86,1.49,0.13533146492960513,3.7246685350703945,setup,guardband_10pct,hypothetical_guardband_10pct,uniform_10pct_vdd_budget,1.1,False,VALIDATED
455,g_chan[1].u_cdc_chw.mem[7][31]$_DFFE_PP_,clk_core,3.86,1.49,0.13533146492960513,3.7246685350703945,setup,guardband_10pct,hypothetical_guardband_10pct,uniform_10pct_vdd_budget,1.1,False,VALIDATED
464,g_chan[0].u_cdc_chw.mem[11][17]$_DFFE_PP_,clk_core,3.86,1.49,0.13533146492960513,3.7246685350703945,setup,guardband_10pct,hypothetical_guardband_10pct,uniform_10pct_vdd_budget,1.1,False,VALIDATED
463,g_chan[0].u_cdc_chw.mem[13][17]$_DFFE_PP_,clk_core,3.86,1.49,0.13533146492960513,3.7246685350703945,setup,guardband_10pct,hypothetical_guardband_10pct,uniform_10pct_vdd_budget,1.1,False,VALIDATED
459,g_chan[1].u_cdc_chw.mem[1][14]$_DFFE_PP_,clk_core,3.86,1.49,0.13533146492960513,3.7246685350703945,setup,guardband_10pct,hypothetical_guardband_10pct,uniform_10pct_vdd_budget,1.1,False,VALIDATED
460,g_chan[0].u_cdc_chw.mem[15][17]$_DFFE_PP_,clk_core,3.86,1.49,0.13533146492960513,3.7246685350703945,setup,guardband_10pct,hypothetical_guardband_10pct,uniform_10pct_vdd_budget,1.1,False,VALIDATED
471,g_chan[0].u_cdc_chw.mem[14][17]$_DFFE_PP_,clk_core,3.86,1.49,0.13533146492960513,3.7246685350703945,setup,guardband_10pct,hypothetical_guardband_10pct,uniform_10pct_vdd_budget,1.1,False,VALIDATED
466,g_chan[0].u_cdc_chw.mem[12][17]$_DFFE_PP_,clk_core,3.86,1.49,0.13533146492960513,3.7246685350703945,setup,guardband_10pct,hypothetical_guardband_10pct,uniform_10pct_vdd_budget,1.1,False,VALIDATED
473,g_chan[1].u_cdc_chw.mem[1][31]$_DFFE_PP_,clk_core,3.86,1.49,0.13533146492960513,3.7246685350703945,setup,guardband_10pct,hypothetical_guardband_10pct,uniform_10pct_vdd_budget,1.1,False,VALIDATED
465,g_chan[0].u_cdc_chw.mem[10][17]$_DFFE_PP_,clk_core,3.86,1.49,0.13533146492960513,3.7246685350703945,setup,guardband_10pct,hypothetical_guardband_10pct,uniform_10pct_vdd_budget,1.1,False,VALIDATED
477,g_chan[1].u_cdc_chw.mem[5][14]$_DFFE_PP_,clk_core,3.86,1.49,0.13533146492960513,3.7246685350703945,setup,guardband_10pct,hypothetical_guardband_10pct,uniform_10pct_vdd_budget,1.1,False,VALIDATED
478,g_chan[0].u_cdc_chw.mem[4][17]$_DFFE_PP_,clk_core,3.86,1.49,0.13533146492960513,3.7246685350703945,setup,guardband_10pct,hypothetical_guardband_10pct,uniform_10pct_vdd_budget,1.1,False,VALIDATED
475,g_chan[1].u_cdc_chw.mem[2][14]$_DFFE_PP_,clk_core,3.86,1.49,0.13533146492960513,3.7246685350703945,setup,guardband_10pct,hypothetical_guardband_10pct,uniform_10pct_vdd_budget,1.1,False,VALIDATED
476,g_chan[1].u_cdc_chw.mem[0][31]$_DFFE_PP_,clk_core,3.86,1.49,0.13533146492960513,3.7246685350703945,setup,guardband_10pct,hypothetical_guardband_10pct,uniform_10pct_vdd_budget,1.1,False,VALIDATED
479,g_chan[0].u_cdc_chw.mem[5][17]$_DFFE_PP_,clk_core,3.86,1.49,0.13533146492960513,3.7246685350703945,setup,guardband_10pct,hypothetical_guardband_10pct,uniform_10pct_vdd_budget,1.1,False,VALIDATED
480,g_chan[1].u_cdc_chw.mem[6][14]$_DFFE_PP_,clk_core,3.86,1.49,0.13533146492960513,3.7246685350703945,setup,guardband_10pct,hypothetical_guardband_10pct,uniform_10pct_vdd_budget,1.1,False,VALIDATED
482,g_chan[1].u_cdc_chw.mem[3][31]$_DFFE_PP_,clk_core,3.86,1.49,0.13533146492960513,3.7246685350703945,setup,guardband_10pct,hypothetical_guardband_10pct,uniform_10pct_vdd_budget,1.1,False,VALIDATED
451,u_dma_fabric.rbeat_data[19]$_DFFE_PN0P_,clk_core,3.86,1.49,0.13533146492960513,3.7246685350703945,setup,guardband_10pct,hypothetical_guardband_10pct,uniform_10pct_vdd_budget,1.1,False,VALIDATED
468,u_dma_fabric.rbeat_data[16]$_DFFE_PN0P_,clk_core,3.86,1.48,0.13442320006430586,3.725576799935694,setup,guardband_10pct,hypothetical_guardband_10pct,uniform_10pct_vdd_budget,1.1,False,VALIDATED
469,u_dma_fabric.rbeat_data[29]$_DFFE_PN0P_,clk_core,3.86,1.48,0.1344232000643057,3.7255767999356943,setup,guardband_10pct,hypothetical_guardband_10pct,uniform_10pct_vdd_budget,1.1,False,VALIDATED
497,u_dma_fabric.rbeat_data[18]$_DFFE_PN0P_,clk_core,3.86,1.48,0.1344232000643057,3.7255767999356943,setup,guardband_10pct,hypothetical_guardband_10pct,uniform_10pct_vdd_budget,1.1,False,VALIDATED
499,c_cmd_len[5]$_DFFE_PN0N_,clk_core,3.87,1.5,0.13623972979490467,3.7337602702050954,setup,guardband_10pct,hypothetical_guardband_10pct,uniform_10pct_vdd_budget,1.1,False,VALIDATED
501,c_cmd_addr[26]$_DFFE_PN0N_,clk_core,3.87,1.49,0.13533146492960496,3.734668535070395,setup,guardband_10pct,hypothetical_guardband_10pct,uniform_10pct_vdd_budget,1.1,False,VALIDATED
505,g_chan[1].u_cdc_chw.mem[3][17]$_DFFE_PP_,clk_core,3.87,1.48,0.1344232000643057,3.7355767999356946,setup,guardband_10pct,hypothetical_guardband_10pct,uniform_10pct_vdd_budget,1.1,False,VALIDATED
502,g_chan[1].u_cdc_chw.mem[1][17]$_DFFE_PP_,clk_core,3.87,1.48,0.1344232000643057,3.7355767999356946,setup,guardband_10pct,hypothetical_guardband_10pct,uniform_10pct_vdd_budget,1.1,False,VALIDATED
504,g_chan[1].u_cdc_chw.mem[0][17]$_DFFE_PP_,clk_core,3.87,1.48,0.1344232000643057,3.7355767999356946,setup,guardband_10pct,hypothetical_guardband_10pct,uniform_10pct_vdd_budget,1.1,False,VALIDATED
503,g_chan[1].u_cdc_chw.mem[2][17]$_DFFE_PP_,clk_core,3.87,1.48,0.1344232000643057,3.7355767999356946,setup,guardband_10pct,hypothetical_guardband_10pct,uniform_10pct_vdd_budget,1.1,False,VALIDATED
500,u_dma_fabric.rbeat_data[20]$_DFFE_PN0P_,clk_core,3.87,1.47,0.1335149351990063,3.736485064800994,setup,guardband_10pct,hypothetical_guardband_10pct,uniform_10pct_vdd_budget,1.1,False,VALIDATED
516,c_cmd_len[26]$_DFFE_PN0N_,clk_core,3.88,1.48,0.13442320006430591,3.745576799935694,setup,guardband_10pct,hypothetical_guardband_10pct,uniform_10pct_vdd_budget,1.1,False,VALIDATED
517,c_cmd_addr[20]$_DFFE_PN0N_,clk_core,3.88,1.48,0.13442320006430591,3.745576799935694,setup,guardband_10pct,hypothetical_guardband_10pct,uniform_10pct_vdd_budget,1.1,False,VALIDATED
513,g_chan[1].u_cdc_chw.mem[12][17]$_DFFE_PP_,clk_core,3.88,1.48,0.1344232000643057,3.7455767999356944,setup,guardband_10pct,hypothetical_guardband_10pct,uniform_10pct_vdd_budget,1.1,False,VALIDATED
506,g_chan[1].u_cdc_chw.mem[11][17]$_DFFE_PP_,clk_core,3.88,1.48,0.1344232000643057,3.7455767999356944,setup,guardband_10pct,hypothetical_guardband_10pct,uniform_10pct_vdd_budget,1.1,False,VALIDATED
507,g_chan[1].u_cdc_chw.mem[5][17]$_DFFE_PP_,clk_core,3.88,1.48,0.1344232000643057,3.7455767999356944,setup,guardband_10pct,hypothetical_guardband_10pct,uniform_10pct_vdd_budget,1.1,False,VALIDATED
512,g_chan[1].u_cdc_chw.mem[6][17]$_DFFE_PP_,clk_core,3.88,1.48,0.1344232000643057,3.7455767999356944,setup,guardband_10pct,hypothetical_guardband_10pct,uniform_10pct_vdd_budget,1.1,False,VALIDATED
511,g_chan[1].u_cdc_chw.mem[7][17]$_DFFE_PP_,clk_core,3.88,1.48,0.1344232000643057,3.7455767999356944,setup,guardband_10pct,hypothetical_guardband_10pct,uniform_10pct_vdd_budget,1.1,False,VALIDATED
510,g_chan[1].u_cdc_chw.mem[13][17]$_DFFE_PP_,clk_core,3.88,1.48,0.1344232000643057,3.7455767999356944,setup,guardband_10pct,hypothetical_guardband_10pct,uniform_10pct_vdd_budget,1.1,False,VALIDATED
509,g_chan[1].u_cdc_chw.mem[4][17]$_DFFE_PP_,clk_core,3.88,1.48,0.1344232000643057,3.7455767999356944,setup,guardband_10pct,hypothetical_guardband_10pct,uniform_10pct_vdd_budget,1.1,False,VALIDATED
508,g_chan[1].u_cdc_chw.mem[10][17]$_DFFE_PP_,clk_core,3.88,1.48,0.1344232000643057,3.7455767999356944,setup,guardband_10pct,hypothetical_guardband_10pct,uniform_10pct_vdd_budget,1.1,False,VALIDATED
514,g_chan[1].u_cdc_chw.mem[9][17]$_DFFE_PP_,clk_core,3.88,1.47,0.1335149351990063,3.7464850648009937,setup,guardband_10pct,hypothetical_guardband_10pct,uniform_10pct_vdd_budget,1.1,False,VALIDATED
515,g_chan[1].u_cdc_chw.mem[8][17]$_DFFE_PP_,clk_core,3.88,1.47,0.1335149351990063,3.7464850648009937,setup,guardband_10pct,hypothetical_guardband_10pct,uniform_10pct_vdd_budget,1.1,False,VALIDATED
518,c_cmd_addr[23]$_DFFE_PN0N_,clk_core,3.89,1.48,0.13442320006430591,3.755576799935694,setup,guardband_10pct,hypothetical_guardband_10pct,uniform_10pct_vdd_budget,1.1,False,VALIDATED
519,c_cmd_len[20]$_DFFE_PN0N_,clk_core,3.89,1.47,0.13351493519900648,3.7564850648009935,setup,guardband_10pct,hypothetical_guardband_10pct,uniform_10pct_vdd_budget,1.1,False,VALIDATED
523,c_cmd_len[31]$_DFFE_PN0N_,clk_core,3.9,1.47,0.13351493519900648,3.7664850648009933,setup,guardband_10pct,hypothetical_guardband_10pct,uniform_10pct_vdd_budget,1.1,False,VALIDATED
520,c_cmd_len[14]$_DFFE_PN0N_,clk_core,3.9,1.47,0.13351493519900648,3.7664850648009933,setup,guardband_10pct,hypothetical_guardband_10pct,uniform_10pct_vdd_budget,1.1,False,VALIDATED
521,c_cmd_len[21]$_DFFE_PN0N_,clk_core,3.9,1.47,0.13351493519900648,3.7664850648009933,setup,guardband_10pct,hypothetical_guardband_10pct,uniform_10pct_vdd_budget,1.1,False,VALIDATED
522,c_cmd_len[29]$_DFFE_PN0N_,clk_core,3.9,1.46,0.13260667033370688,3.767393329666293,setup,guardband_10pct,hypothetical_guardband_10pct,uniform_10pct_vdd_budget,1.1,False,VALIDATED
525,c_cmd_len[13]$_DFFE_PN0N_,clk_core,3.91,1.46,0.13260667033370704,3.777393329666293,setup,guardband_10pct,hypothetical_guardband_10pct,uniform_10pct_vdd_budget,1.1,False,VALIDATED
524,c_cmd_len[27]$_DFFE_PN0N_,clk_core,3.91,1.46,0.13260667033370688,3.7773933296662934,setup,guardband_10pct,hypothetical_guardband_10pct,uniform_10pct_vdd_budget,1.1,False,VALIDATED
526,c_cmd_len[2]$_DFFE_PN0N_,clk_core,3.91,1.45,0.1316984054684076,3.7783015945315928,setup,guardband_10pct,hypothetical_guardband_10pct,uniform_10pct_vdd_budget,1.1,False,VALIDATED
527,c_cmd_len[30]$_DFFE_PN0N_,clk_core,3.92,1.45,0.1316984054684076,3.7883015945315925,setup,guardband_10pct,hypothetical_guardband_10pct,uniform_10pct_vdd_budget,1.1,False,VALIDATED
528,c_cmd_len[8]$_DFFE_PN0N_,clk_core,3.92,1.45,0.1316984054684076,3.7883015945315925,setup,guardband_10pct,hypothetical_guardband_10pct,uniform_10pct_vdd_budget,1.1,False,VALIDATED
543,c_cmd_addr[5]$_DFFE_PN0N_,clk_core,3.93,1.43,0.12988187573780902,3.800118124262191,setup,guardband_10pct,hypothetical_guardband_10pct,uniform_10pct_vdd_budget,1.1,False,VALIDATED
531,g_chan[0].u_cdc_chw.mem[4][25]$_DFFE_PP_,clk_core,3.93,1.42,0.12897361087250983,3.8010263891274905,setup,guardband_10pct,hypothetical_guardband_10pct,uniform_10pct_vdd_budget,1.1,False,VALIDATED
530,g_chan[0].u_cdc_chw.mem[8][25]$_DFFE_PP_,clk_core,3.93,1.42,0.12897361087250983,3.8010263891274905,setup,guardband_10pct,hypothetical_guardband_10pct,uniform_10pct_vdd_budget,1.1,False,VALIDATED
536,g_chan[0].u_cdc_chw.mem[1][25]$_DFFE_PP_,clk_core,3.93,1.42,0.12897361087250983,3.8010263891274905,setup,guardband_10pct,hypothetical_guardband_10pct,uniform_10pct_vdd_budget,1.1,False,VALIDATED
529,g_chan[0].u_cdc_chw.mem[9][25]$_DFFE_PP_,clk_core,3.93,1.42,0.12897361087250983,3.8010263891274905,setup,guardband_10pct,hypothetical_guardband_10pct,uniform_10pct_vdd_budget,1.1,False,VALIDATED
533,g_chan[0].u_cdc_chw.mem[5][25]$_DFFE_PP_,clk_core,3.93,1.42,0.12897361087250983,3.8010263891274905,setup,guardband_10pct,hypothetical_guardband_10pct,uniform_10pct_vdd_budget,1.1,False,VALIDATED
532,g_chan[0].u_cdc_chw.mem[10][25]$_DFFE_PP_,clk_core,3.93,1.42,0.12897361087250983,3.8010263891274905,setup,guardband_10pct,hypothetical_guardband_10pct,uniform_10pct_vdd_budget,1.1,False,VALIDATED
538,g_chan[0].u_cdc_chw.mem[11][25]$_DFFE_PP_,clk_core,3.93,1.42,0.12897361087250983,3.8010263891274905,setup,guardband_10pct,hypothetical_guardband_10pct,uniform_10pct_vdd_budget,1.1,False,VALIDATED
537,g_chan[0].u_cdc_chw.mem[2][25]$_DFFE_PP_,clk_core,3.93,1.42,0.12897361087250983,3.8010263891274905,setup,guardband_10pct,hypothetical_guardband_10pct,uniform_10pct_vdd_budget,1.1,False,VALIDATED
541,g_chan[0].u_cdc_chw.mem[0][25]$_DFFE_PP_,clk_core,3.93,1.42,0.12897361087250983,3.8010263891274905,setup,guardband_10pct,hypothetical_guardband_10pct,uniform_10pct_vdd_budget,1.1,False,VALIDATED
542,g_chan[0].u_cdc_chw.mem[14][25]$_DFFE_PP_,clk_core,3.93,1.42,0.12897361087250983,3.8010263891274905,setup,guardband_10pct,hypothetical_guardband_10pct,uniform_10pct_vdd_budget,1.1,False,VALIDATED
535,g_chan[0].u_cdc_chw.mem[7][25]$_DFFE_PP_,clk_core,3.93,1.42,0.12897361087250983,3.8010263891274905,setup,guardband_10pct,hypothetical_guardband_10pct,uniform_10pct_vdd_budget,1.1,False,VALIDATED
534,g_chan[0].u_cdc_chw.mem[3][25]$_DFFE_PP_,clk_core,3.93,1.42,0.12897361087250983,3.8010263891274905,setup,guardband_10pct,hypothetical_guardband_10pct,uniform_10pct_vdd_budget,1.1,False,VALIDATED
539,g_chan[0].u_cdc_chw.mem[13][25]$_DFFE_PP_,clk_core,3.93,1.41,0.12806534600721028,3.80193465399279,setup,guardband_10pct,hypothetical_guardband_10pct,uniform_10pct_vdd_budget,1.1,False,VALIDATED
544,g_chan[0].u_cdc_chw.mem[15][25]$_DFFE_PP_,clk_core,3.93,1.41,0.12806534600721028,3.80193465399279,setup,guardband_10pct,hypothetical_guardband_10pct,uniform_10pct_vdd_budget,1.1,False,VALIDATED
540,g_chan[0].u_cdc_chw.mem[12][25]$_DFFE_PP_,clk_core,3.93,1.41,0.12806534600721028,3.80193465399279,setup,guardband_10pct,hypothetical_guardband_10pct,uniform_10pct_vdd_budget,1.1,False,VALIDATED
545,c_cmd_addr[3]$_DFFE_PN0N_,clk_core,3.94,1.43,0.12988187573780902,3.810118124262191,setup,guardband_10pct,hypothetical_guardband_10pct,uniform_10pct_vdd_budget,1.1,False,VALIDATED
549,g_chan[0].u_cdc_chw.mem[6][25]$_DFFE_PP_,clk_core,3.94,1.42,0.12897361087250983,3.8110263891274903,setup,guardband_10pct,hypothetical_guardband_10pct,uniform_10pct_vdd_budget,1.1,False,VALIDATED
553,c_cmd_addr[4]$_DFFE_PN0N_,clk_core,3.94,1.42,0.1289736108725097,3.8110263891274903,setup,guardband_10pct,hypothetical_guardband_10pct,uniform_10pct_vdd_budget,1.1,False,VALIDATED
567,g_chan[0].u_cdc_chw.mem[12][24]$_DFFE_PP_,clk_core,3.94,1.41,0.12806534600721028,3.8119346539927896,setup,guardband_10pct,hypothetical_guardband_10pct,uniform_10pct_vdd_budget,1.1,False,VALIDATED
562,g_chan[0].u_cdc_chw.mem[13][24]$_DFFE_PP_,clk_core,3.94,1.41,0.12806534600721028,3.8119346539927896,setup,guardband_10pct,hypothetical_guardband_10pct,uniform_10pct_vdd_budget,1.1,False,VALIDATED
561,g_chan[0].u_cdc_chw.mem[10][24]$_DFFE_PP_,clk_core,3.94,1.41,0.12806534600721028,3.8119346539927896,setup,guardband_10pct,hypothetical_guardband_10pct,uniform_10pct_vdd_budget,1.1,False,VALIDATED
568,g_chan[0].u_cdc_chw.mem[4][24]$_DFFE_PP_,clk_core,3.94,1.41,0.12806534600721028,3.8119346539927896,setup,guardband_10pct,hypothetical_guardband_10pct,uniform_10pct_vdd_budget,1.1,False,VALIDATED
577,g_chan[1].u_cdc_chw.mem[8][31]$_DFFE_PP_,clk_core,3.94,1.41,0.12806534600721028,3.8119346539927896,setup,guardband_10pct,hypothetical_guardband_10pct,uniform_10pct_vdd_budget,1.1,False,VALIDATED
578,g_chan[0].u_cdc_chw.mem[0][23]$_DFFE_PP_,clk_core,3.94,1.41,0.12806534600721028,3.8119346539927896,setup,guardband_10pct,hypothetical_guardband_10pct,uniform_10pct_vdd_budget,1.1,False,VALIDATED
570,g_chan[0].u_cdc_chw.mem[9][23]$_DFFE_PP_,clk_core,3.94,1.41,0.12806534600721028,3.8119346539927896,setup,guardband_10pct,hypothetical_guardband_10pct,uniform_10pct_vdd_budget,1.1,False,VALIDATED
579,g_chan[0].u_cdc_chw.mem[8][23]$_DFFE_PP_,clk_core,3.94,1.41,0.12806534600721028,3.8119346539927896,setup,guardband_10pct,hypothetical_guardband_10pct,uniform_10pct_vdd_budget,1.1,False,VALIDATED
571,g_chan[0].u_cdc_chw.mem[8][24]$_DFFE_PP_,clk_core,3.94,1.41,0.12806534600721028,3.8119346539927896,setup,guardband_10pct,hypothetical_guardband_10pct,uniform_10pct_vdd_budget,1.1,False,VALIDATED
566,g_chan[0].u_cdc_chw.mem[6][24]$_DFFE_PP_,clk_core,3.94,1.41,0.12806534600721028,3.8119346539927896,setup,guardband_10pct,hypothetical_guardband_10pct,uniform_10pct_vdd_budget,1.1,False,VALIDATED
565,g_chan[0].u_cdc_chw.mem[5][24]$_DFFE_PP_,clk_core,3.94,1.41,0.12806534600721028,3.8119346539927896,setup,guardband_10pct,hypothetical_guardband_10pct,uniform_10pct_vdd_budget,1.1,False,VALIDATED
564,g_chan[0].u_cdc_chw.mem[7][23]$_DFFE_PP_,clk_core,3.94,1.41,0.12806534600721028,3.8119346539927896,setup,guardband_10pct,hypothetical_guardband_10pct,uniform_10pct_vdd_budget,1.1,False,VALIDATED
563,g_chan[0].u_cdc_chw.mem[1][24]$_DFFE_PP_,clk_core,3.94,1.41,0.12806534600721028,3.8119346539927896,setup,guardband_10pct,hypothetical_guardband_10pct,uniform_10pct_vdd_budget,1.1,False,VALIDATED
556,g_chan[0].u_cdc_chw.mem[7][24]$_DFFE_PP_,clk_core,3.94,1.41,0.12806534600721028,3.8119346539927896,setup,guardband_10pct,hypothetical_guardband_10pct,uniform_10pct_vdd_budget,1.1,False,VALIDATED
555,g_chan[0].u_cdc_chw.mem[2][24]$_DFFE_PP_,clk_core,3.94,1.41,0.12806534600721028,3.8119346539927896,setup,guardband_10pct,hypothetical_guardband_10pct,uniform_10pct_vdd_budget,1.1,False,VALIDATED
554,g_chan[0].u_cdc_chw.mem[9][24]$_DFFE_PP_,clk_core,3.94,1.41,0.12806534600721028,3.8119346539927896,setup,guardband_10pct,hypothetical_guardband_10pct,uniform_10pct_vdd_budget,1.1,False,VALIDATED
548,g_chan[1].u_cdc_chw.mem[12][31]$_DFFE_PP_,clk_core,3.94,1.41,0.12806534600721028,3.8119346539927896,setup,guardband_10pct,hypothetical_guardband_10pct,uniform_10pct_vdd_budget,1.1,False,VALIDATED
550,g_chan[1].u_cdc_chw.mem[13][31]$_DFFE_PP_,clk_core,3.94,1.41,0.12806534600721028,3.8119346539927896,setup,guardband_10pct,hypothetical_guardband_10pct,uniform_10pct_vdd_budget,1.1,False,VALIDATED
552,g_chan[0].u_cdc_chw.mem[14][24]$_DFFE_PP_,clk_core,3.94,1.41,0.12806534600721028,3.8119346539927896,setup,guardband_10pct,hypothetical_guardband_10pct,uniform_10pct_vdd_budget,1.1,False,VALIDATED
551,g_chan[1].u_cdc_chw.mem[14][31]$_DFFE_PP_,clk_core,3.94,1.41,0.12806534600721028,3.8119346539927896,setup,guardband_10pct,hypothetical_guardband_10pct,uniform_10pct_vdd_budget,1.1,False,VALIDATED
573,g_chan[0].u_cdc_chw.mem[11][24]$_DFFE_PP_,clk_core,3.94,1.41,0.12806534600721028,3.8119346539927896,setup,guardband_10pct,hypothetical_guardband_10pct,uniform_10pct_vdd_budget,1.1,False,VALIDATED
574,g_chan[0].u_cdc_chw.mem[4][23]$_DFFE_PP_,clk_core,3.94,1.41,0.12806534600721028,3.8119346539927896,setup,guardband_10pct,hypothetical_guardband_10pct,uniform_10pct_vdd_budget,1.1,False,VALIDATED
576,g_chan[0].u_cdc_chw.mem[1][23]$_DFFE_PP_,clk_core,3.94,1.41,0.12806534600721028,3.8119346539927896,setup,guardband_10pct,hypothetical_guardband_10pct,uniform_10pct_vdd_budget,1.1,False,VALIDATED
575,g_chan[0].u_cdc_chw.mem[5][23]$_DFFE_PP_,clk_core,3.94,1.41,0.12806534600721028,3.8119346539927896,setup,guardband_10pct,hypothetical_guardband_10pct,uniform_10pct_vdd_budget,1.1,False,VALIDATED
572,g_chan[0].u_cdc_chw.mem[3][23]$_DFFE_PP_,clk_core,3.94,1.41,0.12806534600721028,3.8119346539927896,setup,guardband_10pct,hypothetical_guardband_10pct,uniform_10pct_vdd_budget,1.1,False,VALIDATED
569,g_chan[0].u_cdc_chw.mem[2][23]$_DFFE_PP_,clk_core,3.94,1.41,0.12806534600721028,3.8119346539927896,setup,guardband_10pct,hypothetical_guardband_10pct,uniform_10pct_vdd_budget,1.1,False,VALIDATED
546,g_chan[1].u_cdc_chw.mem[10][31]$_DFFE_PP_,clk_core,3.94,1.41,0.12806534600721028,3.8119346539927896,setup,guardband_10pct,hypothetical_guardband_10pct,uniform_10pct_vdd_budget,1.1,False,VALIDATED
547,g_chan[1].u_cdc_chw.mem[15][31]$_DFFE_PP_,clk_core,3.94,1.41,0.12806534600721028,3.8119346539927896,setup,guardband_10pct,hypothetical_guardband_10pct,uniform_10pct_vdd_budget,1.1,False,VALIDATED
559,g_chan[0].u_cdc_chw.mem[3][24]$_DFFE_PP_,clk_core,3.94,1.41,0.12806534600721028,3.8119346539927896,setup,guardband_10pct,hypothetical_guardband_10pct,uniform_10pct_vdd_budget,1.1,False,VALIDATED
557,g_chan[0].u_cdc_chw.mem[0][24]$_DFFE_PP_,clk_core,3.94,1.41,0.12806534600721028,3.8119346539927896,setup,guardband_10pct,hypothetical_guardband_10pct,uniform_10pct_vdd_budget,1.1,False,VALIDATED
558,g_chan[0].u_cdc_chw.mem[6][23]$_DFFE_PP_,clk_core,3.94,1.41,0.12806534600721028,3.8119346539927896,setup,guardband_10pct,hypothetical_guardband_10pct,uniform_10pct_vdd_budget,1.1,False,VALIDATED
560,g_chan[0].u_cdc_chw.mem[15][24]$_DFFE_PP_,clk_core,3.94,1.41,0.12806534600721028,3.8119346539927896,setup,guardband_10pct,hypothetical_guardband_10pct,uniform_10pct_vdd_budget,1.1,False,VALIDATED
593,c_cmd_len[24]$_DFFE_PN0N_,clk_core,3.95,1.42,0.1289736108725097,3.8210263891274905,setup,guardband_10pct,hypothetical_guardband_10pct,uniform_10pct_vdd_budget,1.1,False,VALIDATED
594,c_cmd_len[17]$_DFFE_PN0N_,clk_core,3.95,1.42,0.1289736108725097,3.8210263891274905,setup,guardband_10pct,hypothetical_guardband_10pct,uniform_10pct_vdd_budget,1.1,False,VALIDATED
583,g_chan[1].u_cdc_chw.mem[9][31]$_DFFE_PP_,clk_core,3.95,1.41,0.12806534600721028,3.82193465399279,setup,guardband_10pct,hypothetical_guardband_10pct,uniform_10pct_vdd_budget,1.1,False,VALIDATED
582,g_chan[1].u_cdc_chw.mem[11][31]$_DFFE_PP_,clk_core,3.95,1.41,0.12806534600721028,3.82193465399279,setup,guardband_10pct,hypothetical_guardband_10pct,uniform_10pct_vdd_budget,1.1,False,VALIDATED
581,g_chan[0].u_cdc_chw.mem[12][23]$_DFFE_PP_,clk_core,3.95,1.41,0.12806534600721028,3.82193465399279,setup,guardband_10pct,hypothetical_guardband_10pct,uniform_10pct_vdd_budget,1.1,False,VALIDATED
580,g_chan[0].u_cdc_chw.mem[11][23]$_DFFE_PP_,clk_core,3.95,1.41,0.12806534600721028,3.82193465399279,setup,guardband_10pct,hypothetical_guardband_10pct,uniform_10pct_vdd_budget,1.1,False,VALIDATED
587,g_chan[0].u_cdc_chw.mem[13][23]$_DFFE_PP_,clk_core,3.95,1.41,0.12806534600721028,3.82193465399279,setup,guardband_10pct,hypothetical_guardband_10pct,uniform_10pct_vdd_budget,1.1,False,VALIDATED
586,g_chan[0].u_cdc_chw.mem[14][23]$_DFFE_PP_,clk_core,3.95,1.41,0.12806534600721028,3.82193465399279,setup,guardband_10pct,hypothetical_guardband_10pct,uniform_10pct_vdd_budget,1.1,False,VALIDATED
585,g_chan[0].u_cdc_chw.mem[15][23]$_DFFE_PP_,clk_core,3.95,1.41,0.12806534600721028,3.82193465399279,setup,guardband_10pct,hypothetical_guardband_10pct,uniform_10pct_vdd_budget,1.1,False,VALIDATED
584,g_chan[0].u_cdc_chw.mem[10][23]$_DFFE_PP_,clk_core,3.95,1.41,0.12806534600721028,3.82193465399279,setup,guardband_10pct,hypothetical_guardband_10pct,uniform_10pct_vdd_budget,1.1,False,VALIDATED
604,c_cmd_len[19]$_DFFE_PN0N_,clk_core,3.95,1.41,0.12806534600721042,3.82193465399279,setup,guardband_10pct,hypothetical_guardband_10pct,uniform_10pct_vdd_budget,1.1,False,VALIDATED
592,g_chan[1].u_cdc_chw.mem[9][14]$_DFFE_PP_,clk_core,3.95,1.4,0.127157081141911,3.8228429188580892,setup,guardband_10pct,hypothetical_guardband_10pct,uniform_10pct_vdd_budget,1.1,False,VALIDATED
605,g_chan[1].u_cdc_chw.mem[14][25]$_DFFE_PP_,clk_core,3.95,1.4,0.127157081141911,3.8228429188580892,setup,guardband_10pct,hypothetical_guardband_10pct,uniform_10pct_vdd_budget,1.1,False,VALIDATED
589,g_chan[1].u_cdc_chw.mem[14][14]$_DFFE_PP_,clk_core,3.95,1.4,0.127157081141911,3.8228429188580892,setup,guardband_10pct,hypothetical_guardband_10pct,uniform_10pct_vdd_budget,1.1,False,VALIDATED
588,g_chan[1].u_cdc_chw.mem[14][23]$_DFFE_PP_,clk_core,3.95,1.4,0.127157081141911,3.8228429188580892,setup,guardband_10pct,hypothetical_guardband_10pct,uniform_10pct_vdd_budget,1.1,False,VALIDATED
591,g_chan[1].u_cdc_chw.mem[15][23]$_DFFE_PP_,clk_core,3.95,1.4,0.127157081141911,3.8228429188580892,setup,guardband_10pct,hypothetical_guardband_10pct,uniform_10pct_vdd_budget,1.1,False,VALIDATED
590,g_chan[1].u_cdc_chw.mem[15][14]$_DFFE_PP_,clk_core,3.95,1.4,0.127157081141911,3.8228429188580892,setup,guardband_10pct,hypothetical_guardband_10pct,uniform_10pct_vdd_budget,1.1,False,VALIDATED
607,g_chan[1].u_cdc_chw.mem[12][25]$_DFFE_PP_,clk_core,3.95,1.4,0.127157081141911,3.8228429188580892,setup,guardband_10pct,hypothetical_guardband_10pct,uniform_10pct_vdd_budget,1.1,False,VALIDATED
597,g_chan[1].u_cdc_chw.mem[13][14]$_DFFE_PP_,clk_core,3.95,1.4,0.127157081141911,3.8228429188580892,setup,guardband_10pct,hypothetical_guardband_10pct,uniform_10pct_vdd_budget,1.1,False,VALIDATED
598,g_chan[1].u_cdc_chw.mem[8][25]$_DFFE_PP_,clk_core,3.95,1.4,0.127157081141911,3.8228429188580892,setup,guardband_10pct,hypothetical_guardband_10pct,uniform_10pct_vdd_budget,1.1,False,VALIDATED
599,g_chan[1].u_cdc_chw.mem[12][14]$_DFFE_PP_,clk_core,3.95,1.4,0.127157081141911,3.8228429188580892,setup,guardband_10pct,hypothetical_guardband_10pct,uniform_10pct_vdd_budget,1.1,False,VALIDATED
600,g_chan[1].u_cdc_chw.mem[15][25]$_DFFE_PP_,clk_core,3.95,1.4,0.127157081141911,3.8228429188580892,setup,guardband_10pct,hypothetical_guardband_10pct,uniform_10pct_vdd_budget,1.1,False,VALIDATED
601,g_chan[1].u_cdc_chw.mem[1][25]$_DFFE_PP_,clk_core,3.95,1.4,0.127157081141911,3.8228429188580892,setup,guardband_10pct,hypothetical_guardband_10pct,uniform_10pct_vdd_budget,1.1,False,VALIDATED
602,g_chan[1].u_cdc_chw.mem[8][14]$_DFFE_PP_,clk_core,3.95,1.4,0.127157081141911,3.8228429188580892,setup,guardband_10pct,hypothetical_guardband_10pct,uniform_10pct_vdd_budget,1.1,False,VALIDATED
595,g_chan[1].u_cdc_chw.mem[10][14]$_DFFE_PP_,clk_core,3.95,1.4,0.127157081141911,3.8228429188580892,setup,guardband_10pct,hypothetical_guardband_10pct,uniform_10pct_vdd_budget,1.1,False,VALIDATED
596,g_chan[1].u_cdc_chw.mem[13][25]$_DFFE_PP_,clk_core,3.95,1.4,0.127157081141911,3.8228429188580892,setup,guardband_10pct,hypothetical_guardband_10pct,uniform_10pct_vdd_budget,1.1,False,VALIDATED
603,g_chan[1].u_cdc_chw.mem[11][14]$_DFFE_PP_,clk_core,3.95,1.4,0.127157081141911,3.8228429188580892,setup,guardband_10pct,hypothetical_guardband_10pct,uniform_10pct_vdd_budget,1.1,False,VALIDATED
606,g_chan[1].u_cdc_chw.mem[6][23]$_DFFE_PP_,clk_core,3.95,1.39,0.12624881627661144,3.8237511837233886,setup,guardband_10pct,hypothetical_guardband_10pct,uniform_10pct_vdd_budget,1.1,False,VALIDATED
618,g_chan[1].u_cdc_chw.mem[8][23]$_DFFE_PP_,clk_core,3.96,1.4,0.127157081141911,3.832842918858089,setup,guardband_10pct,hypothetical_guardband_10pct,uniform_10pct_vdd_budget,1.1,False,VALIDATED
617,g_chan[1].u_cdc_chw.mem[13][23]$_DFFE_PP_,clk_core,3.96,1.4,0.127157081141911,3.832842918858089,setup,guardband_10pct,hypothetical_guardband_10pct,uniform_10pct_vdd_budget,1.1,False,VALIDATED
623,g_chan[0].u_cdc_chw.mem[8][12]$_DFFE_PP_,clk_core,3.96,1.4,0.127157081141911,3.832842918858089,setup,guardband_10pct,hypothetical_guardband_10pct,uniform_10pct_vdd_budget,1.1,False,VALIDATED
624,g_chan[0].u_cdc_chw.mem[14][12]$_DFFE_PP_,clk_core,3.96,1.4,0.127157081141911,3.832842918858089,setup,guardband_10pct,hypothetical_guardband_10pct,uniform_10pct_vdd_budget,1.1,False,VALIDATED
620,g_chan[1].u_cdc_chw.mem[12][23]$_DFFE_PP_,clk_core,3.96,1.4,0.127157081141911,3.832842918858089,setup,guardband_10pct,hypothetical_guardband_10pct,uniform_10pct_vdd_budget,1.1,False,VALIDATED
622,g_chan[0].u_cdc_chw.mem[9][12]$_DFFE_PP_,clk_core,3.96,1.4,0.127157081141911,3.832842918858089,setup,guardband_10pct,hypothetical_guardband_10pct,uniform_10pct_vdd_budget,1.1,False,VALIDATED
638,g_chan[0].u_cdc_chw.mem[2][12]$_DFFE_PP_,clk_core,3.96,1.4,0.127157081141911,3.832842918858089,setup,guardband_10pct,hypothetical_guardband_10pct,uniform_10pct_vdd_budget,1.1,False,VALIDATED
636,g_chan[0].u_cdc_chw.mem[7][12]$_DFFE_PP_,clk_core,3.96,1.4,0.127157081141911,3.832842918858089,setup,guardband_10pct,hypothetical_guardband_10pct,uniform_10pct_vdd_budget,1.1,False,VALIDATED
615,g_chan[0].u_cdc_chw.mem[10][12]$_DFFE_PP_,clk_core,3.96,1.4,0.127157081141911,3.832842918858089,setup,guardband_10pct,hypothetical_guardband_10pct,uniform_10pct_vdd_budget,1.1,False,VALIDATED
614,g_chan[0].u_cdc_chw.mem[11][12]$_DFFE_PP_,clk_core,3.96,1.4,0.127157081141911,3.832842918858089,setup,guardband_10pct,hypothetical_guardband_10pct,uniform_10pct_vdd_budget,1.1,False,VALIDATED
635,g_chan[0].u_cdc_chw.mem[0][12]$_DFFE_PP_,clk_core,3.96,1.4,0.127157081141911,3.832842918858089,setup,guardband_10pct,hypothetical_guardband_10pct,uniform_10pct_vdd_budget,1.1,False,VALIDATED
639,g_chan[0].u_cdc_chw.mem[3][12]$_DFFE_PP_,clk_core,3.96,1.4,0.127157081141911,3.832842918858089,setup,guardband_10pct,hypothetical_guardband_10pct,uniform_10pct_vdd_budget,1.1,False,VALIDATED
631,g_chan[0].u_cdc_chw.mem[5][12]$_DFFE_PP_,clk_core,3.96,1.4,0.127157081141911,3.832842918858089,setup,guardband_10pct,hypothetical_guardband_10pct,uniform_10pct_vdd_budget,1.1,False,VALIDATED
634,g_chan[1].u_cdc_chw.mem[9][23]$_DFFE_PP_,clk_core,3.96,1.4,0.127157081141911,3.832842918858089,setup,guardband_10pct,hypothetical_guardband_10pct,uniform_10pct_vdd_budget,1.1,False,VALIDATED
630,g_chan[0].u_cdc_chw.mem[6][12]$_DFFE_PP_,clk_core,3.96,1.4,0.127157081141911,3.832842918858089,setup,guardband_10pct,hypothetical_guardband_10pct,uniform_10pct_vdd_budget,1.1,False,VALIDATED
625,g_chan[0].u_cdc_chw.mem[15][12]$_DFFE_PP_,clk_core,3.96,1.4,0.127157081141911,3.832842918858089,setup,guardband_10pct,hypothetical_guardband_10pct,uniform_10pct_vdd_budget,1.1,False,VALIDATED
626,g_chan[0].u_cdc_chw.mem[4][12]$_DFFE_PP_,clk_core,3.96,1.4,0.127157081141911,3.832842918858089,setup,guardband_10pct,hypothetical_guardband_10pct,uniform_10pct_vdd_budget,1.1,False,VALIDATED
627,g_chan[0].u_cdc_chw.mem[12][12]$_DFFE_PP_,clk_core,3.96,1.4,0.127157081141911,3.832842918858089,setup,guardband_10pct,hypothetical_guardband_10pct,uniform_10pct_vdd_budget,1.1,False,VALIDATED
628,g_chan[0].u_cdc_chw.mem[13][12]$_DFFE_PP_,clk_core,3.96,1.4,0.127157081141911,3.832842918858089,setup,guardband_10pct,hypothetical_guardband_10pct,uniform_10pct_vdd_budget,1.1,False,VALIDATED
641,g_chan[0].u_cdc_chw.mem[1][12]$_DFFE_PP_,clk_core,3.96,1.4,0.127157081141911,3.832842918858089,setup,guardband_10pct,hypothetical_guardband_10pct,uniform_10pct_vdd_budget,1.1,False,VALIDATED
647,g_chan[0].u_cdc_chw.mem[8][16]$_DFFE_PP_,clk_core,3.96,1.4,0.127157081141911,3.832842918858089,setup,guardband_10pct,hypothetical_guardband_10pct,uniform_10pct_vdd_budget,1.1,False,VALIDATED
655,g_chan[0].u_cdc_chw.mem[14][16]$_DFFE_PP_,clk_core,3.96,1.4,0.127157081141911,3.832842918858089,setup,guardband_10pct,hypothetical_guardband_10pct,uniform_10pct_vdd_budget,1.1,False,VALIDATED
646,g_chan[0].u_cdc_chw.mem[12][16]$_DFFE_PP_,clk_core,3.96,1.4,0.127157081141911,3.832842918858089,setup,guardband_10pct,hypothetical_guardband_10pct,uniform_10pct_vdd_budget,1.1,False,VALIDATED
654,g_chan[0].u_cdc_chw.mem[15][16]$_DFFE_PP_,clk_core,3.96,1.4,0.127157081141911,3.832842918858089,setup,guardband_10pct,hypothetical_guardband_10pct,uniform_10pct_vdd_budget,1.1,False,VALIDATED
656,g_chan[0].u_cdc_chw.mem[13][16]$_DFFE_PP_,clk_core,3.96,1.4,0.127157081141911,3.832842918858089,setup,guardband_10pct,hypothetical_guardband_10pct,uniform_10pct_vdd_budget,1.1,False,VALIDATED
651,g_chan[0].u_cdc_chw.mem[11][16]$_DFFE_PP_,clk_core,3.96,1.4,0.127157081141911,3.832842918858089,setup,guardband_10pct,hypothetical_guardband_10pct,uniform_10pct_vdd_budget,1.1,False,VALIDATED
637,g_chan[0].u_cdc_chw.mem[4][16]$_DFFE_PP_,clk_core,3.96,1.39,0.1262488162766117,3.8337511837233884,setup,guardband_10pct,hypothetical_guardband_10pct,uniform_10pct_vdd_budget,1.1,False,VALIDATED
609,g_chan[1].u_cdc_chw.mem[4][12]$_DFFE_PP_,clk_core,3.96,1.39,0.12624881627661155,3.8337511837233884,setup,guardband_10pct,hypothetical_guardband_10pct,uniform_10pct_vdd_budget,1.1,False,VALIDATED
632,g_chan[1].u_cdc_chw.mem[3][23]$_DFFE_PP_,clk_core,3.96,1.39,0.12624881627661144,3.8337511837233884,setup,guardband_10pct,hypothetical_guardband_10pct,uniform_10pct_vdd_budget,1.1,False,VALIDATED
629,g_chan[1].u_cdc_chw.mem[4][23]$_DFFE_PP_,clk_core,3.96,1.39,0.12624881627661144,3.8337511837233884,setup,guardband_10pct,hypothetical_guardband_10pct,uniform_10pct_vdd_budget,1.1,False,VALIDATED
633,g_chan[1].u_cdc_chw.mem[2][23]$_DFFE_PP_,clk_core,3.96,1.39,0.12624881627661144,3.8337511837233884,setup,guardband_10pct,hypothetical_guardband_10pct,uniform_10pct_vdd_budget,1.1,False,VALIDATED
612,g_chan[1].u_cdc_chw.mem[3][12]$_DFFE_PP_,clk_core,3.96,1.39,0.12624881627661155,3.8337511837233884,setup,guardband_10pct,hypothetical_guardband_10pct,uniform_10pct_vdd_budget,1.1,False,VALIDATED
613,g_chan[1].u_cdc_chw.mem[5][12]$_DFFE_PP_,clk_core,3.96,1.39,0.12624881627661155,3.8337511837233884,setup,guardband_10pct,hypothetical_guardband_10pct,uniform_10pct_vdd_budget,1.1,False,VALIDATED
616,g_chan[1].u_cdc_chw.mem[1][12]$_DFFE_PP_,clk_core,3.96,1.39,0.12624881627661155,3.8337511837233884,setup,guardband_10pct,hypothetical_guardband_10pct,uniform_10pct_vdd_budget,1.1,False,VALIDATED
640,g_chan[1].u_cdc_chw.mem[10][23]$_DFFE_PP_,clk_core,3.96,1.39,0.1262488162766117,3.8337511837233884,setup,guardband_10pct,hypothetical_guardband_10pct,uniform_10pct_vdd_budget,1.1,False,VALIDATED
611,g_chan[1].u_cdc_chw.mem[2][12]$_DFFE_PP_,clk_core,3.96,1.39,0.12624881627661155,3.8337511837233884,setup,guardband_10pct,hypothetical_guardband_10pct,uniform_10pct_vdd_budget,1.1,False,VALIDATED
619,g_chan[1].u_cdc_chw.mem[0][12]$_DFFE_PP_,clk_core,3.96,1.39,0.12624881627661155,3.8337511837233884,setup,guardband_10pct,hypothetical_guardband_10pct,uniform_10pct_vdd_budget,1.1,False,VALIDATED
621,g_chan[1].u_cdc_chw.mem[5][23]$_DFFE_PP_,clk_core,3.96,1.39,0.12624881627661144,3.8337511837233884,setup,guardband_10pct,hypothetical_guardband_10pct,uniform_10pct_vdd_budget,1.1,False,VALIDATED
650,g_chan[1].u_cdc_chw.mem[7][23]$_DFFE_PP_,clk_core,3.96,1.39,0.1262488162766117,3.8337511837233884,setup,guardband_10pct,hypothetical_guardband_10pct,uniform_10pct_vdd_budget,1.1,False,VALIDATED
644,g_chan[0].u_cdc_chw.mem[7][16]$_DFFE_PP_,clk_core,3.96,1.39,0.1262488162766117,3.8337511837233884,setup,guardband_10pct,hypothetical_guardband_10pct,uniform_10pct_vdd_budget,1.1,False,VALIDATED
645,g_chan[0].u_cdc_chw.mem[6][16]$_DFFE_PP_,clk_core,3.96,1.39,0.1262488162766117,3.8337511837233884,setup,guardband_10pct,hypothetical_guardband_10pct,uniform_10pct_vdd_budget,1.1,False,VALIDATED
648,g_chan[0].u_cdc_chw.mem[9][16]$_DFFE_PP_,clk_core,3.96,1.39,0.1262488162766117,3.8337511837233884,setup,guardband_10pct,hypothetical_guardband_10pct,uniform_10pct_vdd_budget,1.1,False,VALIDATED
649,g_chan[0].u_cdc_chw.mem[3][16]$_DFFE_PP_,clk_core,3.96,1.39,0.1262488162766117,3.8337511837233884,setup,guardband_10pct,hypothetical_guardband_10pct,uniform_10pct_vdd_budget,1.1,False,VALIDATED
653,g_chan[0].u_cdc_chw.mem[2][16]$_DFFE_PP_,clk_core,3.96,1.39,0.1262488162766117,3.8337511837233884,setup,guardband_10pct,hypothetical_guardband_10pct,uniform_10pct_vdd_budget,1.1,False,VALIDATED
642,g_chan[1].u_cdc_chw.mem[11][23]$_DFFE_PP_,clk_core,3.96,1.39,0.1262488162766117,3.8337511837233884,setup,guardband_10pct,hypothetical_guardband_10pct,uniform_10pct_vdd_budget,1.1,False,VALIDATED
652,g_chan[0].u_cdc_chw.mem[1][16]$_DFFE_PP_,clk_core,3.96,1.39,0.1262488162766117,3.8337511837233884,setup,guardband_10pct,hypothetical_guardband_10pct,uniform_10pct_vdd_budget,1.1,False,VALIDATED
643,g_chan[0].u_cdc_chw.mem[5][16]$_DFFE_PP_,clk_core,3.96,1.39,0.1262488162766117,3.8337511837233884,setup,guardband_10pct,hypothetical_guardband_10pct,uniform_10pct_vdd_budget,1.1,False,VALIDATED
608,g_chan[1].u_cdc_chw.mem[6][12]$_DFFE_PP_,clk_core,3.96,1.39,0.12624881627661155,3.8337511837233884,setup,guardband_10pct,hypothetical_guardband_10pct,uniform_10pct_vdd_budget,1.1,False,VALIDATED
610,g_chan[1].u_cdc_chw.mem[7][12]$_DFFE_PP_,clk_core,3.96,1.39,0.12624881627661155,3.8337511837233884,setup,guardband_10pct,hypothetical_guardband_10pct,uniform_10pct_vdd_budget,1.1,False,VALIDATED
657,g_chan[0].u_cdc_chw.mem[10][16]$_DFFE_PP_,clk_core,3.96,1.39,0.1262488162766117,3.8337511837233884,setup,guardband_10pct,hypothetical_guardband_10pct,uniform_10pct_vdd_budget,1.1,False,VALIDATED
659,g_chan[0].u_cdc_chw.mem[12][19]$_DFFE_PP_,clk_core,3.96,1.39,0.1262488162766117,3.8337511837233884,setup,guardband_10pct,hypothetical_guardband_10pct,uniform_10pct_vdd_budget,1.1,False,VALIDATED
658,g_chan[0].u_cdc_chw.mem[0][16]$_DFFE_PP_,clk_core,3.96,1.39,0.1262488162766117,3.8337511837233884,setup,guardband_10pct,hypothetical_guardband_10pct,uniform_10pct_vdd_budget,1.1,False,VALIDATED
660,u_dma_fabric.rbeat_data[8]$_DFFE_PN0P_,clk_core,3.96,1.38,0.12534055141131215,3.834659448588688,setup,guardband_10pct,hypothetical_guardband_10pct,uniform_10pct_vdd_budget,1.1,False,VALIDATED
673,c_cmd_len[15]$_DFFE_PN0N_,clk_core,3.97,1.4,0.12715708114191082,3.8428429188580893,setup,guardband_10pct,hypothetical_guardband_10pct,uniform_10pct_vdd_budget,1.1,False,VALIDATED
665,g_chan[0].u_cdc_chw.mem[8][19]$_DFFE_PP_,clk_core,3.97,1.39,0.1262488162766117,3.8437511837233886,setup,guardband_10pct,hypothetical_guardband_10pct,uniform_10pct_vdd_budget,1.1,False,VALIDATED
666,g_chan[0].u_cdc_chw.mem[3][19]$_DFFE_PP_,clk_core,3.97,1.39,0.1262488162766117,3.8437511837233886,setup,guardband_10pct,hypothetical_guardband_10pct,uniform_10pct_vdd_budget,1.1,False,VALIDATED
663,g_chan[0].u_cdc_chw.mem[1][19]$_DFFE_PP_,clk_core,3.97,1.39,0.1262488162766117,3.8437511837233886,setup,guardband_10pct,hypothetical_guardband_10pct,uniform_10pct_vdd_budget,1.1,False,VALIDATED
668,g_chan[0].u_cdc_chw.mem[4][19]$_DFFE_PP_,clk_core,3.97,1.39,0.1262488162766117,3.8437511837233886,setup,guardband_10pct,hypothetical_guardband_10pct,uniform_10pct_vdd_budget,1.1,False,VALIDATED
672,g_chan[0].u_cdc_chw.mem[7][19]$_DFFE_PP_,clk_core,3.97,1.39,0.1262488162766117,3.8437511837233886,setup,guardband_10pct,hypothetical_guardband_10pct,uniform_10pct_vdd_budget,1.1,False,VALIDATED
670,g_chan[0].u_cdc_chw.mem[9][19]$_DFFE_PP_,clk_core,3.97,1.39,0.1262488162766117,3.8437511837233886,setup,guardband_10pct,hypothetical_guardband_10pct,uniform_10pct_vdd_budget,1.1,False,VALIDATED
667,g_chan[0].u_cdc_chw.mem[10][19]$_DFFE_PP_,clk_core,3.97,1.39,0.1262488162766117,3.8437511837233886,setup,guardband_10pct,hypothetical_guardband_10pct,uniform_10pct_vdd_budget,1.1,False,VALIDATED
669,g_chan[0].u_cdc_chw.mem[5][19]$_DFFE_PP_,clk_core,3.97,1.39,0.1262488162766117,3.8437511837233886,setup,guardband_10pct,hypothetical_guardband_10pct,uniform_10pct_vdd_budget,1.1,False,VALIDATED
661,g_chan[0].u_cdc_chw.mem[2][19]$_DFFE_PP_,clk_core,3.97,1.39,0.1262488162766117,3.8437511837233886,setup,guardband_10pct,hypothetical_guardband_10pct,uniform_10pct_vdd_budget,1.1,False,VALIDATED
671,g_chan[0].u_cdc_chw.mem[6][19]$_DFFE_PP_,clk_core,3.97,1.39,0.1262488162766117,3.8437511837233886,setup,guardband_10pct,hypothetical_guardband_10pct,uniform_10pct_vdd_budget,1.1,False,VALIDATED
662,g_chan[0].u_cdc_chw.mem[11][19]$_DFFE_PP_,clk_core,3.97,1.39,0.1262488162766117,3.8437511837233886,setup,guardband_10pct,hypothetical_guardband_10pct,uniform_10pct_vdd_budget,1.1,False,VALIDATED
677,g_chan[0].u_cdc_chw.mem[15][19]$_DFFE_PP_,clk_core,3.97,1.39,0.1262488162766117,3.8437511837233886,setup,guardband_10pct,hypothetical_guardband_10pct,uniform_10pct_vdd_budget,1.1,False,VALIDATED
676,g_chan[0].u_cdc_chw.mem[14][19]$_DFFE_PP_,clk_core,3.97,1.39,0.1262488162766117,3.8437511837233886,setup,guardband_10pct,hypothetical_guardband_10pct,uniform_10pct_vdd_budget,1.1,False,VALIDATED
678,g_chan[0].u_cdc_chw.mem[13][19]$_DFFE_PP_,clk_core,3.97,1.39,0.1262488162766117,3.8437511837233886,setup,guardband_10pct,hypothetical_guardband_10pct,uniform_10pct_vdd_budget,1.1,False,VALIDATED
664,g_chan[0].u_cdc_chw.mem[0][19]$_DFFE_PP_,clk_core,3.97,1.39,0.1262488162766117,3.8437511837233886,setup,guardband_10pct,hypothetical_guardband_10pct,uniform_10pct_vdd_budget,1.1,False,VALIDATED
674,g_chan[1].u_cdc_chw.mem[14][17]$_DFFE_PP_,clk_core,3.97,1.38,0.12534055141131215,3.844659448588688,setup,guardband_10pct,hypothetical_guardband_10pct,uniform_10pct_vdd_budget,1.1,False,VALIDATED
680,g_chan[1].u_cdc_chw.mem[0][19]$_DFFE_PP_,clk_core,3.97,1.38,0.12534055141131215,3.844659448588688,setup,guardband_10pct,hypothetical_guardband_10pct,uniform_10pct_vdd_budget,1.1,False,VALIDATED
679,g_chan[1].u_cdc_chw.mem[1][19]$_DFFE_PP_,clk_core,3.97,1.38,0.12534055141131215,3.844659448588688,setup,guardband_10pct,hypothetical_guardband_10pct,uniform_10pct_vdd_budget,1.1,False,VALIDATED
675,g_chan[1].u_cdc_chw.mem[15][17]$_DFFE_PP_,clk_core,3.97,1.38,0.12534055141131215,3.844659448588688,setup,guardband_10pct,hypothetical_guardband_10pct,uniform_10pct_vdd_budget,1.1,False,VALIDATED
683,g_chan[1].u_cdc_chw.mem[11][19]$_DFFE_PP_,clk_core,3.97,1.37,0.12443228654601285,3.8455677134539874,setup,guardband_10pct,hypothetical_guardband_10pct,uniform_10pct_vdd_budget,1.1,False,VALIDATED
684,g_chan[1].u_cdc_chw.mem[8][19]$_DFFE_PP_,clk_core,3.97,1.37,0.12443228654601285,3.8455677134539874,setup,guardband_10pct,hypothetical_guardband_10pct,uniform_10pct_vdd_budget,1.1,False,VALIDATED
682,g_chan[1].u_cdc_chw.mem[4][19]$_DFFE_PP_,clk_core,3.97,1.37,0.12443228654601285,3.8455677134539874,setup,guardband_10pct,hypothetical_guardband_10pct,uniform_10pct_vdd_budget,1.1,False,VALIDATED
685,u_dma_fabric.rbeat_data[11]$_DFFE_PN0P_,clk_core,3.97,1.37,0.12443228654601285,3.8455677134539874,setup,guardband_10pct,hypothetical_guardband_10pct,uniform_10pct_vdd_budget,1.1,False,VALIDATED
681,g_chan[1].u_cdc_chw.mem[11][16]$_DFFE_PP_,clk_core,3.97,1.37,0.12443228654601285,3.8455677134539874,setup,guardband_10pct,hypothetical_guardband_10pct,uniform_10pct_vdd_budget,1.1,False,VALIDATED
697,c_cmd_opcode[5]$_DFFE_PN0N_,clk_core,3.98,1.39,0.1262488162766115,3.8537511837233884,setup,guardband_10pct,hypothetical_guardband_10pct,uniform_10pct_vdd_budget,1.1,False,VALIDATED
688,g_chan[1].u_cdc_chw.mem[2][16]$_DFFE_PP_,clk_core,3.98,1.38,0.12534055141131215,3.854659448588688,setup,guardband_10pct,hypothetical_guardband_10pct,uniform_10pct_vdd_budget,1.1,False,VALIDATED
687,g_chan[1].u_cdc_chw.mem[3][16]$_DFFE_PP_,clk_core,3.98,1.38,0.12534055141131215,3.854659448588688,setup,guardband_10pct,hypothetical_guardband_10pct,uniform_10pct_vdd_budget,1.1,False,VALIDATED
701,g_chan[1].u_cdc_chw.mem[7][19]$_DFFE_PP_,clk_core,3.98,1.38,0.12534055141131215,3.854659448588688,setup,guardband_10pct,hypothetical_guardband_10pct,uniform_10pct_vdd_budget,1.1,False,VALIDATED
703,c_cmd_addr[14]$_DFFE_PN0N_,clk_core,3.98,1.38,0.12534055141131223,3.854659448588688,setup,guardband_10pct,hypothetical_guardband_10pct,uniform_10pct_vdd_budget,1.1,False,VALIDATED
702,g_chan[1].u_cdc_chw.mem[7][16]$_DFFE_PP_,clk_core,3.98,1.38,0.12534055141131215,3.854659448588688,setup,guardband_10pct,hypothetical_guardband_10pct,uniform_10pct_vdd_budget,1.1,False,VALIDATED
696,g_chan[1].u_cdc_chw.mem[3][19]$_DFFE_PP_,clk_core,3.98,1.38,0.12534055141131215,3.854659448588688,setup,guardband_10pct,hypothetical_guardband_10pct,uniform_10pct_vdd_budget,1.1,False,VALIDATED
686,g_chan[1].u_cdc_chw.mem[4][16]$_DFFE_PP_,clk_core,3.98,1.38,0.12534055141131215,3.854659448588688,setup,guardband_10pct,hypothetical_guardband_10pct,uniform_10pct_vdd_budget,1.1,False,VALIDATED
698,g_chan[1].u_cdc_chw.mem[6][19]$_DFFE_PP_,clk_core,3.98,1.38,0.12534055141131215,3.854659448588688,setup,guardband_10pct,hypothetical_guardband_10pct,uniform_10pct_vdd_budget,1.1,False,VALIDATED
689,g_chan[1].u_cdc_chw.mem[5][16]$_DFFE_PP_,clk_core,3.98,1.38,0.12534055141131215,3.854659448588688,setup,guardband_10pct,hypothetical_guardband_10pct,uniform_10pct_vdd_budget,1.1,False,VALIDATED
695,g_chan[1].u_cdc_chw.mem[1][16]$_DFFE_PP_,clk_core,3.98,1.38,0.12534055141131215,3.854659448588688,setup,guardband_10pct,hypothetical_guardband_10pct,uniform_10pct_vdd_budget,1.1,False,VALIDATED
694,g_chan[1].u_cdc_chw.mem[8][16]$_DFFE_PP_,clk_core,3.98,1.38,0.12534055141131215,3.854659448588688,setup,guardband_10pct,hypothetical_guardband_10pct,uniform_10pct_vdd_budget,1.1,False,VALIDATED
693,g_chan[1].u_cdc_chw.mem[2][19]$_DFFE_PP_,clk_core,3.98,1.38,0.12534055141131215,3.854659448588688,setup,guardband_10pct,hypothetical_guardband_10pct,uniform_10pct_vdd_budget,1.1,False,VALIDATED
692,g_chan[1].u_cdc_chw.mem[5][19]$_DFFE_PP_,clk_core,3.98,1.38,0.12534055141131215,3.854659448588688,setup,guardband_10pct,hypothetical_guardband_10pct,uniform_10pct_vdd_budget,1.1,False,VALIDATED
691,g_chan[1].u_cdc_chw.mem[0][16]$_DFFE_PP_,clk_core,3.98,1.38,0.12534055141131215,3.854659448588688,setup,guardband_10pct,hypothetical_guardband_10pct,uniform_10pct_vdd_budget,1.1,False,VALIDATED
690,g_chan[1].u_cdc_chw.mem[9][16]$_DFFE_PP_,clk_core,3.98,1.38,0.12534055141131215,3.854659448588688,setup,guardband_10pct,hypothetical_guardband_10pct,uniform_10pct_vdd_budget,1.1,False,VALIDATED
700,g_chan[1].u_cdc_chw.mem[6][16]$_DFFE_PP_,clk_core,3.98,1.38,0.12534055141131215,3.854659448588688,setup,guardband_10pct,hypothetical_guardband_10pct,uniform_10pct_vdd_budget,1.1,False,VALIDATED
699,g_chan[1].u_cdc_chw.mem[9][19]$_DFFE_PP_,clk_core,3.98,1.37,0.12443228654601285,3.855567713453987,setup,guardband_10pct,hypothetical_guardband_10pct,uniform_10pct_vdd_budget,1.1,False,VALIDATED
704,c_cmd_addr[19]$_DFFE_PN0N_,clk_core,3.99,1.38,0.12534055141131234,3.864659448588688,setup,guardband_10pct,hypothetical_guardband_10pct,uniform_10pct_vdd_budget,1.1,False,VALIDATED
705,u_dma_fabric.rbeat_data[25]$_DFFE_PN0P_,clk_core,3.99,1.35,0.12261575681541426,3.8673842431845857,setup,guardband_10pct,hypothetical_guardband_10pct,uniform_10pct_vdd_budget,1.1,False,VALIDATED
708,c_cmd_len[25]$_DFFE_PN0N_,clk_core,4.0,1.37,0.12443228654601293,3.875567713453987,setup,guardband_10pct,hypothetical_guardband_10pct,uniform_10pct_vdd_budget,1.1,False,VALIDATED
706,c_cmd_len[12]$_DFFE_PN0N_,clk_core,4.0,1.37,0.12443228654601293,3.875567713453987,setup,guardband_10pct,hypothetical_guardband_10pct,uniform_10pct_vdd_budget,1.1,False,VALIDATED
707,u_dma_fabric.rbeat_data[31]$_DFFE_PN0P_,clk_core,4.0,1.35,0.12261575681541426,3.8773842431845855,setup,guardband_10pct,hypothetical_guardband_10pct,uniform_10pct_vdd_budget,1.1,False,VALIDATED
709,u_dma_fabric.rbeat_data[9]$_DFFE_PN0P_,clk_core,4.0,1.34,0.12170749195011465,3.8782925080498853,setup,guardband_10pct,hypothetical_guardband_10pct,uniform_10pct_vdd_budget,1.1,False,VALIDATED
713,c_cmd_len[6]$_DFFE_PN0N_,clk_core,4.01,1.35,0.12261575681541431,3.8873842431845853,setup,guardband_10pct,hypothetical_guardband_10pct,uniform_10pct_vdd_budget,1.1,False,VALIDATED
710,u_dma_fabric.rbeat_data[22]$_DFFE_PN0P_,clk_core,4.01,1.34,0.12170749195011496,3.8882925080498847,setup,guardband_10pct,hypothetical_guardband_10pct,uniform_10pct_vdd_budget,1.1,False,VALIDATED
714,u_dma_fabric.rbeat_data[24]$_DFFE_PN0P_,clk_core,4.01,1.33,0.12079922708481541,3.8892007729151845,setup,guardband_10pct,hypothetical_guardband_10pct,uniform_10pct_vdd_budget,1.1,False,VALIDATED
711,u_dma_fabric.rbeat_data[15]$_DFFE_PN0P_,clk_core,4.01,1.33,0.12079922708481527,3.8892007729151845,setup,guardband_10pct,hypothetical_guardband_10pct,uniform_10pct_vdd_budget,1.1,False,VALIDATED
712,u_dma_fabric.rbeat_data[6]$_DFFE_PN0P_,clk_core,4.01,1.33,0.12079922708481541,3.8892007729151845,setup,guardband_10pct,hypothetical_guardband_10pct,uniform_10pct_vdd_budget,1.1,False,VALIDATED
729,c_cmd_addr[0]$_DFFE_PN0N_,clk_core,4.02,1.34,0.12170749195011488,3.8982925080498845,setup,guardband_10pct,hypothetical_guardband_10pct,uniform_10pct_vdd_budget,1.1,False,VALIDATED
719,g_chan[1].u_cdc_chw.mem[8][24]$_DFFE_PP_,clk_core,4.02,1.33,0.12079922708481534,3.8992007729151843,setup,guardband_10pct,hypothetical_guardband_10pct,uniform_10pct_vdd_budget,1.1,False,VALIDATED
720,g_chan[1].u_cdc_chw.mem[7][24]$_DFFE_PP_,clk_core,4.02,1.33,0.12079922708481527,3.8992007729151843,setup,guardband_10pct,hypothetical_guardband_10pct,uniform_10pct_vdd_budget,1.1,False,VALIDATED
723,g_chan[1].u_cdc_chw.mem[12][24]$_DFFE_PP_,clk_core,4.02,1.33,0.12079922708481534,3.8992007729151843,setup,guardband_10pct,hypothetical_guardband_10pct,uniform_10pct_vdd_budget,1.1,False,VALIDATED
731,g_chan[1].u_cdc_chw.mem[0][24]$_DFFE_PP_,clk_core,4.02,1.33,0.12079922708481534,3.8992007729151843,setup,guardband_10pct,hypothetical_guardband_10pct,uniform_10pct_vdd_budget,1.1,False,VALIDATED
717,g_chan[1].u_cdc_chw.mem[10][24]$_DFFE_PP_,clk_core,4.02,1.33,0.12079922708481534,3.8992007729151843,setup,guardband_10pct,hypothetical_guardband_10pct,uniform_10pct_vdd_budget,1.1,False,VALIDATED
716,g_chan[1].u_cdc_chw.mem[9][24]$_DFFE_PP_,clk_core,4.02,1.33,0.12079922708481534,3.8992007729151843,setup,guardband_10pct,hypothetical_guardband_10pct,uniform_10pct_vdd_budget,1.1,False,VALIDATED
726,g_chan[1].u_cdc_chw.mem[3][24]$_DFFE_PP_,clk_core,4.02,1.33,0.12079922708481534,3.8992007729151843,setup,guardband_10pct,hypothetical_guardband_10pct,uniform_10pct_vdd_budget,1.1,False,VALIDATED
722,g_chan[1].u_cdc_chw.mem[6][24]$_DFFE_PP_,clk_core,4.02,1.33,0.12079922708481527,3.8992007729151843,setup,guardband_10pct,hypothetical_guardband_10pct,uniform_10pct_vdd_budget,1.1,False,VALIDATED
728,g_chan[1].u_cdc_chw.mem[2][24]$_DFFE_PP_,clk_core,4.02,1.33,0.12079922708481534,3.8992007729151843,setup,guardband_10pct,hypothetical_guardband_10pct,uniform_10pct_vdd_budget,1.1,False,VALIDATED
730,g_chan[1].u_cdc_chw.mem[5][24]$_DFFE_PP_,clk_core,4.02,1.33,0.12079922708481534,3.8992007729151843,setup,guardband_10pct,hypothetical_guardband_10pct,uniform_10pct_vdd_budget,1.1,False,VALIDATED
727,g_chan[1].u_cdc_chw.mem[1][24]$_DFFE_PP_,clk_core,4.02,1.33,0.12079922708481534,3.8992007729151843,setup,guardband_10pct,hypothetical_guardband_10pct,uniform_10pct_vdd_budget,1.1,False,VALIDATED
724,g_chan[1].u_cdc_chw.mem[13][24]$_DFFE_PP_,clk_core,4.02,1.33,0.12079922708481534,3.8992007729151843,setup,guardband_10pct,hypothetical_guardband_10pct,uniform_10pct_vdd_budget,1.1,False,VALIDATED
725,g_chan[1].u_cdc_chw.mem[4][24]$_DFFE_PP_,clk_core,4.02,1.33,0.12079922708481534,3.8992007729151843,setup,guardband_10pct,hypothetical_guardband_10pct,uniform_10pct_vdd_budget,1.1,False,VALIDATED
715,g_chan[1].u_cdc_chw.mem[11][24]$_DFFE_PP_,clk_core,4.02,1.33,0.12079922708481534,3.8992007729151843,setup,guardband_10pct,hypothetical_guardband_10pct,uniform_10pct_vdd_budget,1.1,False,VALIDATED
721,g_chan[1].u_cdc_chw.mem[14][24]$_DFFE_PP_,clk_core,4.02,1.33,0.12079922708481534,3.8992007729151843,setup,guardband_10pct,hypothetical_guardband_10pct,uniform_10pct_vdd_budget,1.1,False,VALIDATED
718,g_chan[1].u_cdc_chw.mem[15][24]$_DFFE_PP_,clk_core,4.02,1.33,0.12079922708481534,3.8992007729151843,setup,guardband_10pct,hypothetical_guardband_10pct,uniform_10pct_vdd_budget,1.1,False,VALIDATED
740,g_chan[0].u_cdc_chw.mem[10][22]$_DFFE_PP_,clk_core,4.02,1.32,0.11989096221951603,3.9001090377804837,setup,guardband_10pct,hypothetical_guardband_10pct,uniform_10pct_vdd_budget,1.1,False,VALIDATED
734,g_chan[0].u_cdc_chw.mem[12][22]$_DFFE_PP_,clk_core,4.02,1.32,0.11989096221951603,3.9001090377804837,setup,guardband_10pct,hypothetical_guardband_10pct,uniform_10pct_vdd_budget,1.1,False,VALIDATED
739,g_chan[0].u_cdc_chw.mem[2][22]$_DFFE_PP_,clk_core,4.02,1.32,0.11989096221951603,3.9001090377804837,setup,guardband_10pct,hypothetical_guardband_10pct,uniform_10pct_vdd_budget,1.1,False,VALIDATED
733,g_chan[0].u_cdc_chw.mem[0][22]$_DFFE_PP_,clk_core,4.02,1.32,0.11989096221951603,3.9001090377804837,setup,guardband_10pct,hypothetical_guardband_10pct,uniform_10pct_vdd_budget,1.1,False,VALIDATED
736,g_chan[0].u_cdc_chw.mem[8][22]$_DFFE_PP_,clk_core,4.02,1.32,0.11989096221951603,3.9001090377804837,setup,guardband_10pct,hypothetical_guardband_10pct,uniform_10pct_vdd_budget,1.1,False,VALIDATED
735,g_chan[0].u_cdc_chw.mem[9][22]$_DFFE_PP_,clk_core,4.02,1.32,0.11989096221951603,3.9001090377804837,setup,guardband_10pct,hypothetical_guardband_10pct,uniform_10pct_vdd_budget,1.1,False,VALIDATED
732,g_chan[0].u_cdc_chw.mem[13][22]$_DFFE_PP_,clk_core,4.02,1.32,0.11989096221951603,3.9001090377804837,setup,guardband_10pct,hypothetical_guardband_10pct,uniform_10pct_vdd_budget,1.1,False,VALIDATED
738,g_chan[0].u_cdc_chw.mem[3][22]$_DFFE_PP_,clk_core,4.02,1.32,0.11989096221951603,3.9001090377804837,setup,guardband_10pct,hypothetical_guardband_10pct,uniform_10pct_vdd_budget,1.1,False,VALIDATED
737,g_chan[0].u_cdc_chw.mem[1][22]$_DFFE_PP_,clk_core,4.02,1.32,0.11989096221951603,3.9001090377804837,setup,guardband_10pct,hypothetical_guardband_10pct,uniform_10pct_vdd_budget,1.1,False,VALIDATED
748,c_cmd_len[3]$_DFFE_PN0N_,clk_core,4.03,1.34,0.12170749195011488,3.908292508049885,setup,guardband_10pct,hypothetical_guardband_10pct,uniform_10pct_vdd_budget,1.1,False,VALIDATED
741,g_chan[0].u_cdc_chw.mem[14][22]$_DFFE_PP_,clk_core,4.03,1.32,0.11989096221951603,3.9101090377804844,setup,guardband_10pct,hypothetical_guardband_10pct,uniform_10pct_vdd_budget,1.1,False,VALIDATED
742,g_chan[0].u_cdc_chw.mem[15][22]$_DFFE_PP_,clk_core,4.03,1.32,0.11989096221951603,3.9101090377804844,setup,guardband_10pct,hypothetical_guardband_10pct,uniform_10pct_vdd_budget,1.1,False,VALIDATED
743,g_chan[0].u_cdc_chw.mem[11][22]$_DFFE_PP_,clk_core,4.03,1.32,0.11989096221951603,3.9101090377804844,setup,guardband_10pct,hypothetical_guardband_10pct,uniform_10pct_vdd_budget,1.1,False,VALIDATED
744,g_chan[0].u_cdc_chw.mem[4][22]$_DFFE_PP_,clk_core,4.03,1.32,0.11989096221951603,3.9101090377804844,setup,guardband_10pct,hypothetical_guardband_10pct,uniform_10pct_vdd_budget,1.1,False,VALIDATED
747,g_chan[0].u_cdc_chw.mem[5][22]$_DFFE_PP_,clk_core,4.03,1.32,0.11989096221951603,3.9101090377804844,setup,guardband_10pct,hypothetical_guardband_10pct,uniform_10pct_vdd_budget,1.1,False,VALIDATED
745,g_chan[0].u_cdc_chw.mem[6][22]$_DFFE_PP_,clk_core,4.03,1.32,0.11989096221951603,3.9101090377804844,setup,guardband_10pct,hypothetical_guardband_10pct,uniform_10pct_vdd_budget,1.1,False,VALIDATED
746,g_chan[0].u_cdc_chw.mem[7][22]$_DFFE_PP_,clk_core,4.03,1.32,0.11989096221951603,3.9101090377804844,setup,guardband_10pct,hypothetical_guardband_10pct,uniform_10pct_vdd_budget,1.1,False,VALIDATED
752,u_dma_fabric.rbeat_data[28]$_DFFE_PN0P_,clk_core,4.03,1.31,0.11898269735421672,3.9110173026457837,setup,guardband_10pct,hypothetical_guardband_10pct,uniform_10pct_vdd_budget,1.1,False,VALIDATED
749,g_chan[1].u_cdc_chw.mem[5][22]$_DFFE_PP_,clk_core,4.03,1.31,0.11898269735421672,3.9110173026457837,setup,guardband_10pct,hypothetical_guardband_10pct,uniform_10pct_vdd_budget,1.1,False,VALIDATED
750,g_chan[1].u_cdc_chw.mem[2][22]$_DFFE_PP_,clk_core,4.03,1.31,0.11898269735421672,3.9110173026457837,setup,guardband_10pct,hypothetical_guardband_10pct,uniform_10pct_vdd_budget,1.1,False,VALIDATED
751,g_chan[1].u_cdc_chw.mem[4][22]$_DFFE_PP_,clk_core,4.03,1.31,0.11898269735421672,3.9110173026457837,setup,guardband_10pct,hypothetical_guardband_10pct,uniform_10pct_vdd_budget,1.1,False,VALIDATED
753,g_chan[1].u_cdc_chw.mem[7][22]$_DFFE_PP_,clk_core,4.03,1.31,0.11898269735421672,3.9110173026457837,setup,guardband_10pct,hypothetical_guardband_10pct,uniform_10pct_vdd_budget,1.1,False,VALIDATED
754,g_chan[1].u_cdc_chw.mem[3][22]$_DFFE_PP_,clk_core,4.03,1.31,0.11898269735421672,3.9110173026457837,setup,guardband_10pct,hypothetical_guardband_10pct,uniform_10pct_vdd_budget,1.1,False,VALIDATED
793,c_cmd_addr[25]$_DFFE_PN0N_,clk_core,4.04,1.32,0.11989096221951598,3.920109037780484,setup,guardband_10pct,hypothetical_guardband_10pct,uniform_10pct_vdd_budget,1.1,False,VALIDATED
785,g_chan[1].u_cdc_chw.mem[11][12]$_DFFE_PP_,clk_core,4.04,1.31,0.11898269735421682,3.921017302645783,setup,guardband_10pct,hypothetical_guardband_10pct,uniform_10pct_vdd_budget,1.1,False,VALIDATED
787,g_chan[1].u_cdc_chw.mem[13][12]$_DFFE_PP_,clk_core,4.04,1.31,0.11898269735421682,3.921017302645783,setup,guardband_10pct,hypothetical_guardband_10pct,uniform_10pct_vdd_budget,1.1,False,VALIDATED
783,g_chan[1].u_cdc_chw.mem[10][12]$_DFFE_PP_,clk_core,4.04,1.31,0.11898269735421682,3.921017302645783,setup,guardband_10pct,hypothetical_guardband_10pct,uniform_10pct_vdd_budget,1.1,False,VALIDATED
791,g_chan[1].u_cdc_chw.mem[14][12]$_DFFE_PP_,clk_core,4.04,1.31,0.11898269735421682,3.921017302645783,setup,guardband_10pct,hypothetical_guardband_10pct,uniform_10pct_vdd_budget,1.1,False,VALIDATED
784,g_chan[1].u_cdc_chw.mem[12][12]$_DFFE_PP_,clk_core,4.04,1.31,0.11898269735421682,3.921017302645783,setup,guardband_10pct,hypothetical_guardband_10pct,uniform_10pct_vdd_budget,1.1,False,VALIDATED
779,g_chan[0].u_cdc_chw.mem[13][18]$_DFFE_PP_,clk_core,4.04,1.31,0.11898269735421672,3.9210173026457835,setup,guardband_10pct,hypothetical_guardband_10pct,uniform_10pct_vdd_budget,1.1,False,VALIDATED
786,g_chan[0].u_cdc_chw.mem[10][18]$_DFFE_PP_,clk_core,4.04,1.31,0.11898269735421672,3.9210173026457835,setup,guardband_10pct,hypothetical_guardband_10pct,uniform_10pct_vdd_budget,1.1,False,VALIDATED
780,g_chan[0].u_cdc_chw.mem[12][18]$_DFFE_PP_,clk_core,4.04,1.31,0.11898269735421672,3.9210173026457835,setup,guardband_10pct,hypothetical_guardband_10pct,uniform_10pct_vdd_budget,1.1,False,VALIDATED
781,g_chan[0].u_cdc_chw.mem[2][18]$_DFFE_PP_,clk_core,4.04,1.31,0.11898269735421672,3.9210173026457835,setup,guardband_10pct,hypothetical_guardband_10pct,uniform_10pct_vdd_budget,1.1,False,VALIDATED
782,g_chan[1].u_cdc_chw.mem[6][22]$_DFFE_PP_,clk_core,4.04,1.31,0.11898269735421672,3.9210173026457835,setup,guardband_10pct,hypothetical_guardband_10pct,uniform_10pct_vdd_budget,1.1,False,VALIDATED
789,g_chan[0].u_cdc_chw.mem[8][18]$_DFFE_PP_,clk_core,4.04,1.31,0.11898269735421672,3.9210173026457835,setup,guardband_10pct,hypothetical_guardband_10pct,uniform_10pct_vdd_budget,1.1,False,VALIDATED
790,g_chan[0].u_cdc_chw.mem[1][18]$_DFFE_PP_,clk_core,4.04,1.31,0.11898269735421672,3.9210173026457835,setup,guardband_10pct,hypothetical_guardband_10pct,uniform_10pct_vdd_budget,1.1,False,VALIDATED
788,g_chan[0].u_cdc_chw.mem[0][18]$_DFFE_PP_,clk_core,4.04,1.31,0.11898269735421672,3.9210173026457835,setup,guardband_10pct,hypothetical_guardband_10pct,uniform_10pct_vdd_budget,1.1,False,VALIDATED
767,g_chan[0].u_cdc_chw.mem[14][18]$_DFFE_PP_,clk_core,4.04,1.31,0.11898269735421672,3.9210173026457835,setup,guardband_10pct,hypothetical_guardband_10pct,uniform_10pct_vdd_budget,1.1,False,VALIDATED
766,g_chan[1].u_cdc_chw.mem[7][25]$_DFFE_PP_,clk_core,4.04,1.31,0.11898269735421672,3.9210173026457835,setup,guardband_10pct,hypothetical_guardband_10pct,uniform_10pct_vdd_budget,1.1,False,VALIDATED
765,g_chan[1].u_cdc_chw.mem[0][25]$_DFFE_PP_,clk_core,4.04,1.31,0.11898269735421672,3.9210173026457835,setup,guardband_10pct,hypothetical_guardband_10pct,uniform_10pct_vdd_budget,1.1,False,VALIDATED
764,g_chan[1].u_cdc_chw.mem[2][25]$_DFFE_PP_,clk_core,4.04,1.31,0.11898269735421672,3.9210173026457835,setup,guardband_10pct,hypothetical_guardband_10pct,uniform_10pct_vdd_budget,1.1,False,VALIDATED
763,g_chan[1].u_cdc_chw.mem[10][25]$_DFFE_PP_,clk_core,4.04,1.31,0.11898269735421672,3.9210173026457835,setup,guardband_10pct,hypothetical_guardband_10pct,uniform_10pct_vdd_budget,1.1,False,VALIDATED
771,g_chan[0].u_cdc_chw.mem[6][18]$_DFFE_PP_,clk_core,4.04,1.31,0.11898269735421672,3.9210173026457835,setup,guardband_10pct,hypothetical_guardband_10pct,uniform_10pct_vdd_budget,1.1,False,VALIDATED
772,g_chan[0].u_cdc_chw.mem[7][18]$_DFFE_PP_,clk_core,4.04,1.31,0.11898269735421672,3.9210173026457835,setup,guardband_10pct,hypothetical_guardband_10pct,uniform_10pct_vdd_budget,1.1,False,VALIDATED
773,g_chan[1].u_cdc_chw.mem[11][25]$_DFFE_PP_,clk_core,4.04,1.31,0.11898269735421672,3.9210173026457835,setup,guardband_10pct,hypothetical_guardband_10pct,uniform_10pct_vdd_budget,1.1,False,VALIDATED
774,g_chan[1].u_cdc_chw.mem[5][25]$_DFFE_PP_,clk_core,4.04,1.31,0.11898269735421672,3.9210173026457835,setup,guardband_10pct,hypothetical_guardband_10pct,uniform_10pct_vdd_budget,1.1,False,VALIDATED
775,g_chan[1].u_cdc_chw.mem[6][25]$_DFFE_PP_,clk_core,4.04,1.31,0.11898269735421672,3.9210173026457835,setup,guardband_10pct,hypothetical_guardband_10pct,uniform_10pct_vdd_budget,1.1,False,VALIDATED
776,g_chan[0].u_cdc_chw.mem[11][18]$_DFFE_PP_,clk_core,4.04,1.31,0.11898269735421672,3.9210173026457835,setup,guardband_10pct,hypothetical_guardband_10pct,uniform_10pct_vdd_budget,1.1,False,VALIDATED
777,g_chan[0].u_cdc_chw.mem[9][18]$_DFFE_PP_,clk_core,4.04,1.31,0.11898269735421672,3.9210173026457835,setup,guardband_10pct,hypothetical_guardband_10pct,uniform_10pct_vdd_budget,1.1,False,VALIDATED
778,g_chan[0].u_cdc_chw.mem[15][18]$_DFFE_PP_,clk_core,4.04,1.31,0.11898269735421672,3.9210173026457835,setup,guardband_10pct,hypothetical_guardband_10pct,uniform_10pct_vdd_budget,1.1,False,VALIDATED
770,g_chan[1].u_cdc_chw.mem[9][25]$_DFFE_PP_,clk_core,4.04,1.31,0.11898269735421672,3.9210173026457835,setup,guardband_10pct,hypothetical_guardband_10pct,uniform_10pct_vdd_budget,1.1,False,VALIDATED
762,g_chan[1].u_cdc_chw.mem[3][25]$_DFFE_PP_,clk_core,4.04,1.31,0.11898269735421672,3.9210173026457835,setup,guardband_10pct,hypothetical_guardband_10pct,uniform_10pct_vdd_budget,1.1,False,VALIDATED
759,g_chan[1].u_cdc_chw.mem[0][22]$_DFFE_PP_,clk_core,4.04,1.31,0.11898269735421672,3.9210173026457835,setup,guardband_10pct,hypothetical_guardband_10pct,uniform_10pct_vdd_budget,1.1,False,VALIDATED
761,u_dma_fabric.rbeat_data[2]$_DFFE_PN0P_,clk_core,4.04,1.31,0.11898269735421672,3.9210173026457835,setup,guardband_10pct,hypothetical_guardband_10pct,uniform_10pct_vdd_budget,1.1,False,VALIDATED
756,g_chan[1].u_cdc_chw.mem[11][22]$_DFFE_PP_,clk_core,4.04,1.31,0.11898269735421672,3.9210173026457835,setup,guardband_10pct,hypothetical_guardband_10pct,uniform_10pct_vdd_budget,1.1,False,VALIDATED
757,g_chan[0].u_cdc_chw.mem[4][18]$_DFFE_PP_,clk_core,4.04,1.31,0.11898269735421672,3.9210173026457835,setup,guardband_10pct,hypothetical_guardband_10pct,uniform_10pct_vdd_budget,1.1,False,VALIDATED
755,g_chan[0].u_cdc_chw.mem[5][18]$_DFFE_PP_,clk_core,4.04,1.31,0.11898269735421672,3.9210173026457835,setup,guardband_10pct,hypothetical_guardband_10pct,uniform_10pct_vdd_budget,1.1,False,VALIDATED
758,g_chan[1].u_cdc_chw.mem[1][22]$_DFFE_PP_,clk_core,4.04,1.31,0.11898269735421672,3.9210173026457835,setup,guardband_10pct,hypothetical_guardband_10pct,uniform_10pct_vdd_budget,1.1,False,VALIDATED
768,g_chan[0].u_cdc_chw.mem[3][18]$_DFFE_PP_,clk_core,4.04,1.31,0.11898269735421672,3.9210173026457835,setup,guardband_10pct,hypothetical_guardband_10pct,uniform_10pct_vdd_budget,1.1,False,VALIDATED
769,g_chan[1].u_cdc_chw.mem[4][25]$_DFFE_PP_,clk_core,4.04,1.31,0.11898269735421672,3.9210173026457835,setup,guardband_10pct,hypothetical_guardband_10pct,uniform_10pct_vdd_budget,1.1,False,VALIDATED
760,u_dma_fabric.rbeat_data[21]$_DFFE_PN0P_,clk_core,4.04,1.3,0.11807443248891741,3.9219255675110825,setup,guardband_10pct,hypothetical_guardband_10pct,uniform_10pct_vdd_budget,1.1,False,VALIDATED
792,g_chan[1].u_cdc_chw.mem[15][12]$_DFFE_PP_,clk_core,4.04,1.3,0.11807443248891727,3.921925567511083,setup,guardband_10pct,hypothetical_guardband_10pct,uniform_10pct_vdd_budget,1.1,False,VALIDATED
799,g_chan[1].u_cdc_chw.mem[9][12]$_DFFE_PP_,clk_core,4.05,1.31,0.11898269735421672,3.9310173026457833,setup,guardband_10pct,hypothetical_guardband_10pct,uniform_10pct_vdd_budget,1.1,False,VALIDATED
795,g_chan[1].u_cdc_chw.mem[8][18]$_DFFE_PP_,clk_core,4.05,1.3,0.11807443248891741,3.9319255675110822,setup,guardband_10pct,hypothetical_guardband_10pct,uniform_10pct_vdd_budget,1.1,False,VALIDATED
794,g_chan[1].u_cdc_chw.mem[9][18]$_DFFE_PP_,clk_core,4.05,1.3,0.11807443248891736,3.9319255675110822,setup,guardband_10pct,hypothetical_guardband_10pct,uniform_10pct_vdd_budget,1.1,False,VALIDATED
800,g_chan[1].u_cdc_chw.mem[12][18]$_DFFE_PP_,clk_core,4.05,1.3,0.11807443248891741,3.9319255675110822,setup,guardband_10pct,hypothetical_guardband_10pct,uniform_10pct_vdd_budget,1.1,False,VALIDATED
796,g_chan[1].u_cdc_chw.mem[13][18]$_DFFE_PP_,clk_core,4.05,1.3,0.11807443248891741,3.9319255675110822,setup,guardband_10pct,hypothetical_guardband_10pct,uniform_10pct_vdd_budget,1.1,False,VALIDATED
797,u_dma_fabric.rbeat_data[1]$_DFFE_PN0P_,clk_core,4.05,1.3,0.11807443248891741,3.9319255675110822,setup,guardband_10pct,hypothetical_guardband_10pct,uniform_10pct_vdd_budget,1.1,False,VALIDATED
798,g_chan[1].u_cdc_chw.mem[10][18]$_DFFE_PP_,clk_core,4.05,1.3,0.11807443248891741,3.9319255675110822,setup,guardband_10pct,hypothetical_guardband_10pct,uniform_10pct_vdd_budget,1.1,False,VALIDATED
16,g_chan[0].u_cdc_chr.rbin[1]$_DFF_PN0_,clk_core,4.17,1.25,0.11353310816242052,4.056466891837579,recovery,guardband_10pct,hypothetical_guardband_10pct,uniform_10pct_vdd_budget,1.1,False,VALIDATED
15,g_chan[0].u_cdc_chr.rbin[3]$_DFF_PN0_,clk_core,4.17,1.25,0.11353310816242052,4.056466891837579,recovery,guardband_10pct,hypothetical_guardband_10pct,uniform_10pct_vdd_budget,1.1,False,VALIDATED
14,g_chan[0].u_cdc_chr.rbin[4]$_DFF_PN0_,clk_core,4.17,1.25,0.11353310816242052,4.056466891837579,recovery,guardband_10pct,hypothetical_guardband_10pct,uniform_10pct_vdd_budget,1.1,False,VALIDATED
13,g_chan[0].u_cdc_chr.rq2_wgray[4]$_DFF_PN0_,clk_core,4.17,1.25,0.11353310816242052,4.056466891837579,recovery,guardband_10pct,hypothetical_guardband_10pct,uniform_10pct_vdd_budget,1.1,False,VALIDATED
12,g_chan[0].u_cdc_chr.rq2_wgray[3]$_DFF_PN0_,clk_core,4.17,1.25,0.11353310816242052,4.056466891837579,recovery,guardband_10pct,hypothetical_guardband_10pct,uniform_10pct_vdd_budget,1.1,False,VALIDATED
11,g_chan[0].u_cdc_chr.rgray[2]$_DFF_PN0_,clk_core,4.17,1.25,0.11353310816242052,4.056466891837579,recovery,guardband_10pct,hypothetical_guardband_10pct,uniform_10pct_vdd_budget,1.1,False,VALIDATED
10,g_chan[0].u_cdc_chr.rgray[3]$_DFF_PN0_,clk_core,4.17,1.25,0.11353310816242052,4.056466891837579,recovery,guardband_10pct,hypothetical_guardband_10pct,uniform_10pct_vdd_budget,1.1,False,VALIDATED
9,g_chan[0].u_cdc_chr.rq2_wgray[2]$_DFF_PN0_,clk_core,4.17,1.25,0.11353310816242052,4.056466891837579,recovery,guardband_10pct,hypothetical_guardband_10pct,uniform_10pct_vdd_budget,1.1,False,VALIDATED
8,g_chan[0].u_cdc_chr.rgray[1]$_DFF_PN0_,clk_core,4.17,1.25,0.11353310816242052,4.056466891837579,recovery,guardband_10pct,hypothetical_guardband_10pct,uniform_10pct_vdd_budget,1.1,False,VALIDATED
7,g_chan[0].u_cdc_chr.rq1_wgray[1]$_DFF_PN0_,clk_core,4.17,1.25,0.11353310816242052,4.056466891837579,recovery,guardband_10pct,hypothetical_guardband_10pct,uniform_10pct_vdd_budget,1.1,False,VALIDATED
6,g_chan[0].u_cdc_chr.rq1_wgray[4]$_DFF_PN0_,clk_core,4.17,1.25,0.11353310816242052,4.056466891837579,recovery,guardband_10pct,hypothetical_guardband_10pct,uniform_10pct_vdd_budget,1.1,False,VALIDATED
5,g_chan[0].u_cdc_chr.rq1_wgray[3]$_DFF_PN0_,clk_core,4.17,1.25,0.11353310816242052,4.056466891837579,recovery,guardband_10pct,hypothetical_guardband_10pct,uniform_10pct_vdd_budget,1.1,False,VALIDATED
4,g_chan[0].u_cdc_chr.rq1_wgray[2]$_DFF_PN0_,clk_core,4.17,1.25,0.11353310816242052,4.056466891837579,recovery,guardband_10pct,hypothetical_guardband_10pct,uniform_10pct_vdd_budget,1.1,False,VALIDATED
3,g_chan[0].u_cdc_chr.rq2_wgray[1]$_DFF_PN0_,clk_core,4.17,1.25,0.11353310816242052,4.056466891837579,recovery,guardband_10pct,hypothetical_guardband_10pct,uniform_10pct_vdd_budget,1.1,False,VALIDATED
2,g_chan[0].u_cdc_chr.rgray[0]$_DFF_PN0_,clk_core,4.17,1.25,0.11353310816242052,4.056466891837579,recovery,guardband_10pct,hypothetical_guardband_10pct,uniform_10pct_vdd_budget,1.1,False,VALIDATED
0,g_chan[0].u_cdc_chr.rq1_wgray[0]$_DFF_PN0_,clk_core,4.17,1.25,0.11353310816242052,4.056466891837579,recovery,guardband_10pct,hypothetical_guardband_10pct,uniform_10pct_vdd_budget,1.1,False,VALIDATED
20,u_dma_fabric.rbeat_data[10]$_DFFE_PN0P_,clk_core,4.17,1.25,0.11353310816242052,4.056466891837579,recovery,guardband_10pct,hypothetical_guardband_10pct,uniform_10pct_vdd_budget,1.1,False,VALIDATED
19,u_dma_fabric.rbeat_data[15]$_DFFE_PN0P_,clk_core,4.17,1.25,0.11353310816242052,4.056466891837579,recovery,guardband_10pct,hypothetical_guardband_10pct,uniform_10pct_vdd_budget,1.1,False,VALIDATED
18,g_chan[0].u_cdc_chr.rbin[0]$_DFF_PN0_,clk_core,4.17,1.25,0.11353310816242052,4.056466891837579,recovery,guardband_10pct,hypothetical_guardband_10pct,uniform_10pct_vdd_budget,1.1,False,VALIDATED
17,g_chan[0].u_cdc_chr.rbin[2]$_DFF_PN0_,clk_core,4.17,1.25,0.11353310816242052,4.056466891837579,recovery,guardband_10pct,hypothetical_guardband_10pct,uniform_10pct_vdd_budget,1.1,False,VALIDATED
1,g_chan[0].u_cdc_chr.rq2_wgray[0]$_DFF_PN0_,clk_core,4.17,1.25,0.11353310816242052,4.056466891837579,recovery,guardband_10pct,hypothetical_guardband_10pct,uniform_10pct_vdd_budget,1.1,False,VALIDATED
25,u_dma_fabric.rbeat_data[14]$_DFFE_PN0P_,clk_core,4.31,1.12,0.10172566491352883,4.208274335086471,recovery,guardband_10pct,hypothetical_guardband_10pct,uniform_10pct_vdd_budget,1.1,False,VALIDATED
22,u_dma_fabric.rbeat_data[13]$_DFFE_PN0P_,clk_core,4.31,1.12,0.10172566491352883,4.208274335086471,recovery,guardband_10pct,hypothetical_guardband_10pct,uniform_10pct_vdd_budget,1.1,False,VALIDATED
23,u_dma_fabric.rbeat_data[9]$_DFFE_PN0P_,clk_core,4.31,1.12,0.10172566491352883,4.208274335086471,recovery,guardband_10pct,hypothetical_guardband_10pct,uniform_10pct_vdd_budget,1.1,False,VALIDATED
24,u_dma_fabric.rbeat_data[20]$_DFFE_PN0P_,clk_core,4.31,1.12,0.10172566491352883,4.208274335086471,recovery,guardband_10pct,hypothetical_guardband_10pct,uniform_10pct_vdd_budget,1.1,False,VALIDATED
21,u_dma_fabric.rbeat_data[17]$_DFFE_PN0P_,clk_core,4.31,1.12,0.10172566491352883,4.208274335086471,recovery,guardband_10pct,hypothetical_guardband_10pct,uniform_10pct_vdd_budget,1.1,False,VALIDATED
26,u_dma_fabric.rbeat_data[16]$_DFFE_PN0P_,clk_core,4.31,1.11,0.10081740004822942,4.20918259995177,recovery,guardband_10pct,hypothetical_guardband_10pct,uniform_10pct_vdd_budget,1.1,False,VALIDATED
28,u_dma_fabric.rbeat_data[11]$_DFFE_PN0P_,clk_core,4.32,1.11,0.10081740004822942,4.219182599951771,recovery,guardband_10pct,hypothetical_guardband_10pct,uniform_10pct_vdd_budget,1.1,False,VALIDATED
31,u_dma_fabric.rbeat_data[31]$_DFFE_PN0P_,clk_core,4.32,1.11,0.10081740004822942,4.219182599951771,recovery,guardband_10pct,hypothetical_guardband_10pct,uniform_10pct_vdd_budget,1.1,False,VALIDATED
32,u_dma_fabric.rbeat_data[7]$_DFFE_PN0P_,clk_core,4.32,1.11,0.10081740004822942,4.219182599951771,recovery,guardband_10pct,hypothetical_guardband_10pct,uniform_10pct_vdd_budget,1.1,False,VALIDATED
30,u_dma_fabric.rbeat_data[21]$_DFFE_PN0P_,clk_core,4.32,1.11,0.10081740004822942,4.219182599951771,recovery,guardband_10pct,hypothetical_guardband_10pct,uniform_10pct_vdd_budget,1.1,False,VALIDATED
27,u_dma_fabric.rbeat_data[12]$_DFFE_PN0P_,clk_core,4.32,1.11,0.10081740004822942,4.219182599951771,recovery,guardband_10pct,hypothetical_guardband_10pct,uniform_10pct_vdd_budget,1.1,False,VALIDATED
33,u_dma_fabric.rbeat_data[8]$_DFFE_PN0P_,clk_core,4.32,1.11,0.10081740004822942,4.219182599951771,recovery,guardband_10pct,hypothetical_guardband_10pct,uniform_10pct_vdd_budget,1.1,False,VALIDATED
37,u_dma_fabric.rbeat_data[24]$_DFFE_PN0P_,clk_core,4.32,1.11,0.10081740004822942,4.219182599951771,recovery,guardband_10pct,hypothetical_guardband_10pct,uniform_10pct_vdd_budget,1.1,False,VALIDATED
38,u_dma_fabric.rbeat_data[5]$_DFFE_PN0P_,clk_core,4.32,1.11,0.10081740004822942,4.219182599951771,recovery,guardband_10pct,hypothetical_guardband_10pct,uniform_10pct_vdd_budget,1.1,False,VALIDATED
35,u_dma_fabric.rbeat_data[25]$_DFFE_PN0P_,clk_core,4.32,1.11,0.10081740004822942,4.219182599951771,recovery,guardband_10pct,hypothetical_guardband_10pct,uniform_10pct_vdd_budget,1.1,False,VALIDATED
36,u_dma_fabric.rbeat_data[6]$_DFFE_PN0P_,clk_core,4.32,1.11,0.10081740004822942,4.219182599951771,recovery,guardband_10pct,hypothetical_guardband_10pct,uniform_10pct_vdd_budget,1.1,False,VALIDATED
34,u_dma_fabric.rbeat_data[18]$_DFFE_PN0P_,clk_core,4.32,1.11,0.10081740004822942,4.219182599951771,recovery,guardband_10pct,hypothetical_guardband_10pct,uniform_10pct_vdd_budget,1.1,False,VALIDATED
29,u_dma_fabric.rbeat_data[19]$_DFFE_PN0P_,clk_core,4.32,1.11,0.10081740004822942,4.219182599951771,recovery,guardband_10pct,hypothetical_guardband_10pct,uniform_10pct_vdd_budget,1.1,False,VALIDATED
40,u_dma_fabric.rbeat_data[27]$_DFFE_PN0P_,clk_core,4.33,1.11,0.10081740004822942,4.229182599951771,recovery,guardband_10pct,hypothetical_guardband_10pct,uniform_10pct_vdd_budget,1.1,False,VALIDATED
39,u_dma_fabric.rbeat_data[22]$_DFFE_PN0P_,clk_core,4.33,1.11,0.10081740004822942,4.229182599951771,recovery,guardband_10pct,hypothetical_guardband_10pct,uniform_10pct_vdd_budget,1.1,False,VALIDATED
41,u_dma_fabric.rbeat_data[4]$_DFFE_PN0P_,clk_core,4.33,1.1,0.09990913518293013,4.23009086481707,recovery,guardband_10pct,hypothetical_guardband_10pct,uniform_10pct_vdd_budget,1.1,False,VALIDATED
42,g_chan[0].u_cdc_chr.rd_empty$_DFF_PN1_,clk_core,4.33,1.1,0.09990913518293013,4.23009086481707,recovery,guardband_10pct,hypothetical_guardband_10pct,uniform_10pct_vdd_budget,1.1,False,VALIDATED
43,g_chan[1].u_cdc_chcmd.wq2_rgray[3]$_DFF_PN0_,clk_core,4.37,1.05,0.0953678108564332,4.274632189143567,recovery,guardband_10pct,hypothetical_guardband_10pct,uniform_10pct_vdd_budget,1.1,False,VALIDATED
44,g_chan[1].u_cdc_chcmd.wq2_rgray[1]$_DFF_PN0_,clk_core,4.37,1.05,0.0953678108564332,4.274632189143567,recovery,guardband_10pct,hypothetical_guardband_10pct,uniform_10pct_vdd_budget,1.1,False,VALIDATED
45,g_chan[1].u_cdc_chcmd.wq1_rgray[1]$_DFF_PN0_,clk_core,4.38,1.05,0.0953678108564332,4.284632189143567,recovery,guardband_10pct,hypothetical_guardband_10pct,uniform_10pct_vdd_budget,1.1,False,VALIDATED
46,g_chan[1].u_cdc_chcmd.wq2_rgray[0]$_DFF_PN0_,clk_core,4.38,1.05,0.0953678108564332,4.284632189143567,recovery,guardband_10pct,hypothetical_guardband_10pct,uniform_10pct_vdd_budget,1.1,False,VALIDATED
47,g_chan[1].u_cdc_chcmd.wbin[1]$_DFF_PN0_,clk_core,4.38,1.05,0.0953678108564332,4.284632189143567,recovery,guardband_10pct,hypothetical_guardband_10pct,uniform_10pct_vdd_budget,1.1,False,VALIDATED
56,g_chan[1].u_cdc_chcmd.wbin[4]$_DFF_PN0_,clk_core,4.38,1.05,0.0953678108564332,4.284632189143567,recovery,guardband_10pct,hypothetical_guardband_10pct,uniform_10pct_vdd_budget,1.1,False,VALIDATED
55,g_chan[1].u_cdc_chcmd.wq1_rgray[4]$_DFF_PN0_,clk_core,4.38,1.05,0.0953678108564332,4.284632189143567,recovery,guardband_10pct,hypothetical_guardband_10pct,uniform_10pct_vdd_budget,1.1,False,VALIDATED
57,g_chan[1].u_cdc_chcmd.wr_full$_DFF_PN0_,clk_core,4.38,1.05,0.0953678108564332,4.284632189143567,recovery,guardband_10pct,hypothetical_guardband_10pct,uniform_10pct_vdd_budget,1.1,False,VALIDATED
50,g_chan[1].u_cdc_chcmd.wbin[3]$_DFF_PN0_,clk_core,4.38,1.05,0.0953678108564332,4.284632189143567,recovery,guardband_10pct,hypothetical_guardband_10pct,uniform_10pct_vdd_budget,1.1,False,VALIDATED
51,g_chan[1].u_cdc_chcmd.wbin[2]$_DFF_PN0_,clk_core,4.38,1.05,0.0953678108564332,4.284632189143567,recovery,guardband_10pct,hypothetical_guardband_10pct,uniform_10pct_vdd_budget,1.1,False,VALIDATED
49,g_chan[1].u_cdc_chcmd.wq1_rgray[3]$_DFF_PN0_,clk_core,4.38,1.05,0.0953678108564332,4.284632189143567,recovery,guardband_10pct,hypothetical_guardband_10pct,uniform_10pct_vdd_budget,1.1,False,VALIDATED
48,g_chan[1].u_cdc_chcmd.wbin[0]$_DFF_PN0_,clk_core,4.38,1.05,0.0953678108564332,4.284632189143567,recovery,guardband_10pct,hypothetical_guardband_10pct,uniform_10pct_vdd_budget,1.1,False,VALIDATED
61,g_chan[1].u_cdc_chcmd.wq2_rgray[4]$_DFF_PN0_,clk_core,4.38,1.05,0.0953678108564332,4.284632189143567,recovery,guardband_10pct,hypothetical_guardband_10pct,uniform_10pct_vdd_budget,1.1,False,VALIDATED
53,g_chan[1].u_cdc_chcmd.wgray[1]$_DFF_PN0_,clk_core,4.38,1.05,0.0953678108564332,4.284632189143567,recovery,guardband_10pct,hypothetical_guardband_10pct,uniform_10pct_vdd_budget,1.1,False,VALIDATED
52,g_chan[1].u_cdc_chcmd.wgray[0]$_DFF_PN0_,clk_core,4.38,1.05,0.0953678108564332,4.284632189143567,recovery,guardband_10pct,hypothetical_guardband_10pct,uniform_10pct_vdd_budget,1.1,False,VALIDATED
54,g_chan[1].u_cdc_chcmd.wq1_rgray[0]$_DFF_PN0_,clk_core,4.38,1.05,0.0953678108564332,4.284632189143567,recovery,guardband_10pct,hypothetical_guardband_10pct,uniform_10pct_vdd_budget,1.1,False,VALIDATED
59,g_chan[1].u_cdc_chcmd.wgray[3]$_DFF_PN0_,clk_core,4.38,1.04,0.09445954599113382,4.285540454008866,recovery,guardband_10pct,hypothetical_guardband_10pct,uniform_10pct_vdd_budget,1.1,False,VALIDATED
60,g_chan[1].u_cdc_chcmd.wgray[2]$_DFF_PN0_,clk_core,4.38,1.04,0.09445954599113382,4.285540454008866,recovery,guardband_10pct,hypothetical_guardband_10pct,uniform_10pct_vdd_budget,1.1,False,VALIDATED
58,g_chan[1].u_cdc_chcmd.wq1_rgray[2]$_DFF_PN0_,clk_core,4.38,1.04,0.09445954599113382,4.285540454008866,recovery,guardband_10pct,hypothetical_guardband_10pct,uniform_10pct_vdd_budget,1.1,False,VALIDATED
62,g_chan[1].u_cdc_chcmd.wq2_rgray[2]$_DFF_PN0_,clk_core,4.38,1.04,0.09445954599113382,4.285540454008866,recovery,guardband_10pct,hypothetical_guardband_10pct,uniform_10pct_vdd_budget,1.1,False,VALIDATED
79,u_cdc_rbeat.wq2_rgray[1]$_DFF_PN0_,clk_core,4.41,1.02,0.09264301626053506,4.317356983739465,recovery,guardband_10pct,hypothetical_guardband_10pct,uniform_10pct_vdd_budget,1.1,False,VALIDATED
63,u_dma_fabric.rbeat_data[23]$_DFFE_PN0P_,clk_core,4.41,1.02,0.09264301626053506,4.317356983739465,recovery,guardband_10pct,hypothetical_guardband_10pct,uniform_10pct_vdd_budget,1.1,False,VALIDATED
78,u_cdc_rbeat.wq2_rgray[2]$_DFF_PN0_,clk_core,4.41,1.02,0.09264301626053506,4.317356983739465,recovery,guardband_10pct,hypothetical_guardband_10pct,uniform_10pct_vdd_budget,1.1,False,VALIDATED
77,u_cdc_rbeat.wq2_rgray[0]$_DFF_PN0_,clk_core,4.41,1.02,0.09264301626053506,4.317356983739465,recovery,guardband_10pct,hypothetical_guardband_10pct,uniform_10pct_vdd_budget,1.1,False,VALIDATED
76,u_cdc_rbeat.wgray[1]$_DFF_PN0_,clk_core,4.41,1.02,0.09264301626053506,4.317356983739465,recovery,guardband_10pct,hypothetical_guardband_10pct,uniform_10pct_vdd_budget,1.1,False,VALIDATED
75,u_cdc_rbeat.wgray[0]$_DFF_PN0_,clk_core,4.41,1.02,0.09264301626053506,4.317356983739465,recovery,guardband_10pct,hypothetical_guardband_10pct,uniform_10pct_vdd_budget,1.1,False,VALIDATED
74,u_cdc_rbeat.wbin[2]$_DFF_PN0_,clk_core,4.41,1.02,0.09264301626053506,4.317356983739465,recovery,guardband_10pct,hypothetical_guardband_10pct,uniform_10pct_vdd_budget,1.1,False,VALIDATED
73,u_cdc_rbeat.wbin[3]$_DFF_PN0_,clk_core,4.41,1.02,0.09264301626053506,4.317356983739465,recovery,guardband_10pct,hypothetical_guardband_10pct,uniform_10pct_vdd_budget,1.1,False,VALIDATED
72,u_cdc_rbeat.wgray[2]$_DFF_PN0_,clk_core,4.41,1.02,0.09264301626053506,4.317356983739465,recovery,guardband_10pct,hypothetical_guardband_10pct,uniform_10pct_vdd_budget,1.1,False,VALIDATED
71,u_cdc_rbeat.wgray[3]$_DFF_PN0_,clk_core,4.41,1.02,0.09264301626053506,4.317356983739465,recovery,guardband_10pct,hypothetical_guardband_10pct,uniform_10pct_vdd_budget,1.1,False,VALIDATED
70,u_cdc_rbeat.wbin[4]$_DFF_PN0_,clk_core,4.41,1.02,0.09264301626053506,4.317356983739465,recovery,guardband_10pct,hypothetical_guardband_10pct,uniform_10pct_vdd_budget,1.1,False,VALIDATED
69,u_cdc_rbeat.wq2_rgray[3]$_DFF_PN0_,clk_core,4.41,1.02,0.09264301626053506,4.317356983739465,recovery,guardband_10pct,hypothetical_guardband_10pct,uniform_10pct_vdd_budget,1.1,False,VALIDATED
68,u_cdc_rbeat.wq1_rgray[3]$_DFF_PN0_,clk_core,4.41,1.02,0.09264301626053506,4.317356983739465,recovery,guardband_10pct,hypothetical_guardband_10pct,uniform_10pct_vdd_budget,1.1,False,VALIDATED
67,u_cdc_rbeat.wq1_rgray[0]$_DFF_PN0_,clk_core,4.41,1.02,0.09264301626053506,4.317356983739465,recovery,guardband_10pct,hypothetical_guardband_10pct,uniform_10pct_vdd_budget,1.1,False,VALIDATED
66,u_dma_fabric.rbeat_data[28]$_DFFE_PN0P_,clk_core,4.41,1.02,0.09264301626053506,4.317356983739465,recovery,guardband_10pct,hypothetical_guardband_10pct,uniform_10pct_vdd_budget,1.1,False,VALIDATED
65,u_dma_fabric.rbeat_data[30]$_DFFE_PN0P_,clk_core,4.41,1.02,0.09264301626053506,4.317356983739465,recovery,guardband_10pct,hypothetical_guardband_10pct,uniform_10pct_vdd_budget,1.1,False,VALIDATED
64,u_dma_fabric.rbeat_data[29]$_DFFE_PN0P_,clk_core,4.41,1.02,0.09264301626053506,4.317356983739465,recovery,guardband_10pct,hypothetical_guardband_10pct,uniform_10pct_vdd_budget,1.1,False,VALIDATED
88,u_dma_fabric.rbeat_data[26]$_DFFE_PN0P_,clk_core,4.41,1.02,0.09264301626053506,4.317356983739465,recovery,guardband_10pct,hypothetical_guardband_10pct,uniform_10pct_vdd_budget,1.1,False,VALIDATED
89,u_dma_fabric.rbeat_data[2]$_DFFE_PN0P_,clk_core,4.41,1.02,0.09264301626053506,4.317356983739465,recovery,guardband_10pct,hypothetical_guardband_10pct,uniform_10pct_vdd_budget,1.1,False,VALIDATED
90,u_dma_fabric.rbeat_data[3]$_DFFE_PN0P_,clk_core,4.41,1.02,0.09264301626053506,4.317356983739465,recovery,guardband_10pct,hypothetical_guardband_10pct,uniform_10pct_vdd_budget,1.1,False,VALIDATED
91,u_dma_fabric.rbeat_data[0]$_DFFE_PN0P_,clk_core,4.41,1.02,0.09264301626053506,4.317356983739465,recovery,guardband_10pct,hypothetical_guardband_10pct,uniform_10pct_vdd_budget,1.1,False,VALIDATED
84,u_cdc_rbeat.wq2_rgray[4]$_DFF_PN0_,clk_core,4.41,1.02,0.09264301626053506,4.317356983739465,recovery,guardband_10pct,hypothetical_guardband_10pct,uniform_10pct_vdd_budget,1.1,False,VALIDATED
85,u_cdc_rbeat.wq1_rgray[2]$_DFF_PN0_,clk_core,4.41,1.02,0.09264301626053506,4.317356983739465,recovery,guardband_10pct,hypothetical_guardband_10pct,uniform_10pct_vdd_budget,1.1,False,VALIDATED
86,u_cdc_rbeat.wr_full$_DFF_PN0_,clk_core,4.41,1.02,0.09264301626053506,4.317356983739465,recovery,guardband_10pct,hypothetical_guardband_10pct,uniform_10pct_vdd_budget,1.1,False,VALIDATED
87,u_dma_fabric.rbeat_data[1]$_DFFE_PN0P_,clk_core,4.41,1.02,0.09264301626053506,4.317356983739465,recovery,guardband_10pct,hypothetical_guardband_10pct,uniform_10pct_vdd_budget,1.1,False,VALIDATED
83,u_cdc_rbeat.wq1_rgray[4]$_DFF_PN0_,clk_core,4.41,1.02,0.09264301626053506,4.317356983739465,recovery,guardband_10pct,hypothetical_guardband_10pct,uniform_10pct_vdd_budget,1.1,False,VALIDATED
82,u_cdc_rbeat.wq1_rgray[1]$_DFF_PN0_,clk_core,4.41,1.02,0.09264301626053506,4.317356983739465,recovery,guardband_10pct,hypothetical_guardband_10pct,uniform_10pct_vdd_budget,1.1,False,VALIDATED
81,u_cdc_rbeat.wbin[1]$_DFF_PN0_,clk_core,4.41,1.02,0.09264301626053506,4.317356983739465,recovery,guardband_10pct,hypothetical_guardband_10pct,uniform_10pct_vdd_budget,1.1,False,VALIDATED
80,u_cdc_rbeat.wbin[0]$_DFF_PN0_,clk_core,4.41,1.02,0.09264301626053506,4.317356983739465,recovery,guardband_10pct,hypothetical_guardband_10pct,uniform_10pct_vdd_budget,1.1,False,VALIDATED
95,u_seq_core.beats_left[25]$_DFFE_PN0P_,clk_core,4.49,0.94,0.08537689733814013,4.40462310266186,recovery,guardband_10pct,hypothetical_guardband_10pct,uniform_10pct_vdd_budget,1.1,False,VALIDATED
94,u_seq_core.beats_left[21]$_DFFE_PN0P_,clk_core,4.49,0.94,0.08537689733814013,4.40462310266186,recovery,guardband_10pct,hypothetical_guardband_10pct,uniform_10pct_vdd_budget,1.1,False,VALIDATED
93,u_seq_core.beats_left[22]$_DFFE_PN0P_,clk_core,4.49,0.94,0.08537689733814013,4.40462310266186,recovery,guardband_10pct,hypothetical_guardband_10pct,uniform_10pct_vdd_budget,1.1,False,VALIDATED
92,u_seq_core.beats_left[28]$_DFFE_PN0P_,clk_core,4.49,0.94,0.08537689733814013,4.40462310266186,recovery,guardband_10pct,hypothetical_guardband_10pct,uniform_10pct_vdd_budget,1.1,False,VALIDATED
99,u_seq_core.beats_left[29]$_DFFE_PN0P_,clk_core,4.49,0.94,0.08537689733814013,4.40462310266186,recovery,guardband_10pct,hypothetical_guardband_10pct,uniform_10pct_vdd_budget,1.1,False,VALIDATED
98,u_seq_core.beats_left[30]$_DFFE_PN0P_,clk_core,4.49,0.94,0.08537689733814013,4.40462310266186,recovery,guardband_10pct,hypothetical_guardband_10pct,uniform_10pct_vdd_budget,1.1,False,VALIDATED
97,u_seq_core.beats_left[27]$_DFFE_PN0P_,clk_core,4.49,0.94,0.08537689733814013,4.40462310266186,recovery,guardband_10pct,hypothetical_guardband_10pct,uniform_10pct_vdd_budget,1.1,False,VALIDATED
96,u_seq_core.beats_left[26]$_DFFE_PN0P_,clk_core,4.49,0.94,0.08537689733814013,4.40462310266186,recovery,guardband_10pct,hypothetical_guardband_10pct,uniform_10pct_vdd_budget,1.1,False,VALIDATED
111,u_cdc_cmd.rq2_wgray[2]$_DFF_PN0_,clk_core,4.5,0.94,0.08537689733814027,4.41462310266186,recovery,guardband_10pct,hypothetical_guardband_10pct,uniform_10pct_vdd_budget,1.1,False,VALIDATED
110,c_cmd_len[3]$_DFFE_PN0N_,clk_core,4.5,0.94,0.08537689733814027,4.41462310266186,recovery,guardband_10pct,hypothetical_guardband_10pct,uniform_10pct_vdd_budget,1.1,False,VALIDATED
109,u_cdc_cmd.rq1_wgray[2]$_DFF_PN0_,clk_core,4.5,0.94,0.08537689733814027,4.41462310266186,recovery,guardband_10pct,hypothetical_guardband_10pct,uniform_10pct_vdd_budget,1.1,False,VALIDATED
108,u_cdc_cmd.rq1_wgray[3]$_DFF_PN0_,clk_core,4.5,0.94,0.08537689733814027,4.41462310266186,recovery,guardband_10pct,hypothetical_guardband_10pct,uniform_10pct_vdd_budget,1.1,False,VALIDATED
104,u_cdc_cmd.rbin[4]$_DFF_PN0_,clk_core,4.5,0.94,0.08537689733814027,4.41462310266186,recovery,guardband_10pct,hypothetical_guardband_10pct,uniform_10pct_vdd_budget,1.1,False,VALIDATED
105,u_cdc_cmd.rq2_wgray[4]$_DFF_PN0_,clk_core,4.5,0.94,0.08537689733814027,4.41462310266186,recovery,guardband_10pct,hypothetical_guardband_10pct,uniform_10pct_vdd_budget,1.1,False,VALIDATED
106,u_cdc_cmd.rq1_wgray[4]$_DFF_PN0_,clk_core,4.5,0.94,0.08537689733814027,4.41462310266186,recovery,guardband_10pct,hypothetical_guardband_10pct,uniform_10pct_vdd_budget,1.1,False,VALIDATED
107,c_cmd_len[0]$_DFFE_PN0N_,clk_core,4.5,0.94,0.08537689733814027,4.41462310266186,recovery,guardband_10pct,hypothetical_guardband_10pct,uniform_10pct_vdd_budget,1.1,False,VALIDATED
100,c_cmd_len[2]$_DFFE_PN0N_,clk_core,4.5,0.94,0.08537689733814027,4.41462310266186,recovery,guardband_10pct,hypothetical_guardband_10pct,uniform_10pct_vdd_budget,1.1,False,VALIDATED
101,c_cmd_len[10]$_DFFE_PN0N_,clk_core,4.5,0.94,0.08537689733814027,4.41462310266186,recovery,guardband_10pct,hypothetical_guardband_10pct,uniform_10pct_vdd_budget,1.1,False,VALIDATED
102,c_cmd_len[7]$_DFFE_PN0N_,clk_core,4.5,0.94,0.08537689733814027,4.41462310266186,recovery,guardband_10pct,hypothetical_guardband_10pct,uniform_10pct_vdd_budget,1.1,False,VALIDATED
103,c_cmd_len[4]$_DFFE_PN0N_,clk_core,4.5,0.94,0.08537689733814027,4.41462310266186,recovery,guardband_10pct,hypothetical_guardband_10pct,uniform_10pct_vdd_budget,1.1,False,VALIDATED
124,u_cdc_cmd.rbin[3]$_DFF_PN0_,clk_core,4.5,0.94,0.08537689733814027,4.41462310266186,recovery,guardband_10pct,hypothetical_guardband_10pct,uniform_10pct_vdd_budget,1.1,False,VALIDATED
125,u_cdc_cmd.rbin[1]$_DFF_PN0_,clk_core,4.5,0.94,0.08537689733814027,4.41462310266186,recovery,guardband_10pct,hypothetical_guardband_10pct,uniform_10pct_vdd_budget,1.1,False,VALIDATED
122,g_chan[1].u_cdc_chw.wgray[0]$_DFF_PN0_,clk_core,4.5,0.94,0.08537689733814013,4.41462310266186,recovery,guardband_10pct,hypothetical_guardband_10pct,uniform_10pct_vdd_budget,1.1,False,VALIDATED
123,u_cdc_cmd.rq2_wgray[3]$_DFF_PN0_,clk_core,4.5,0.94,0.08537689733814027,4.41462310266186,recovery,guardband_10pct,hypothetical_guardband_10pct,uniform_10pct_vdd_budget,1.1,False,VALIDATED
121,g_chan[1].u_cdc_chw.wq2_rgray[1]$_DFF_PN0_,clk_core,4.5,0.94,0.08537689733814013,4.41462310266186,recovery,guardband_10pct,hypothetical_guardband_10pct,uniform_10pct_vdd_budget,1.1,False,VALIDATED
120,g_chan[1].u_cdc_chw.wgray[1]$_DFF_PN0_,clk_core,4.5,0.94,0.08537689733814013,4.41462310266186,recovery,guardband_10pct,hypothetical_guardband_10pct,uniform_10pct_vdd_budget,1.1,False,VALIDATED
117,g_chan[1].u_cdc_chw.wbin[2]$_DFF_PN0_,clk_core,4.5,0.94,0.08537689733814013,4.41462310266186,recovery,guardband_10pct,hypothetical_guardband_10pct,uniform_10pct_vdd_budget,1.1,False,VALIDATED
119,g_chan[1].u_cdc_chw.wq1_rgray[1]$_DFF_PN0_,clk_core,4.5,0.94,0.08537689733814013,4.41462310266186,recovery,guardband_10pct,hypothetical_guardband_10pct,uniform_10pct_vdd_budget,1.1,False,VALIDATED
113,g_chan[1].u_cdc_chw.wbin[3]$_DFF_PN0_,clk_core,4.5,0.94,0.08537689733814013,4.41462310266186,recovery,guardband_10pct,hypothetical_guardband_10pct,uniform_10pct_vdd_budget,1.1,False,VALIDATED
114,g_chan[1].u_cdc_chw.wbin[1]$_DFF_PN0_,clk_core,4.5,0.94,0.08537689733814013,4.41462310266186,recovery,guardband_10pct,hypothetical_guardband_10pct,uniform_10pct_vdd_budget,1.1,False,VALIDATED
116,c_cmd_len[6]$_DFFE_PN0N_,clk_core,4.5,0.94,0.08537689733814027,4.41462310266186,recovery,guardband_10pct,hypothetical_guardband_10pct,uniform_10pct_vdd_budget,1.1,False,VALIDATED
115,g_chan[1].u_cdc_chw.wbin[0]$_DFF_PN0_,clk_core,4.5,0.94,0.08537689733814013,4.41462310266186,recovery,guardband_10pct,hypothetical_guardband_10pct,uniform_10pct_vdd_budget,1.1,False,VALIDATED
139,c_cmd_addr[25]$_DFFE_PN0N_,clk_core,4.5,0.94,0.08537689733814027,4.41462310266186,recovery,guardband_10pct,hypothetical_guardband_10pct,uniform_10pct_vdd_budget,1.1,False,VALIDATED
136,c_cmd_len[9]$_DFFE_PN0N_,clk_core,4.5,0.94,0.08537689733814027,4.41462310266186,recovery,guardband_10pct,hypothetical_guardband_10pct,uniform_10pct_vdd_budget,1.1,False,VALIDATED
141,c_cmd_valid$_DFF_PN0_,clk_core,4.5,0.94,0.08537689733814025,4.41462310266186,recovery,guardband_10pct,hypothetical_guardband_10pct,uniform_10pct_vdd_budget,1.1,False,VALIDATED
140,c_cmd_addr[24]$_DFFE_PN0N_,clk_core,4.5,0.94,0.08537689733814027,4.41462310266186,recovery,guardband_10pct,hypothetical_guardband_10pct,uniform_10pct_vdd_budget,1.1,False,VALIDATED
135,c_cmd_len[5]$_DFFE_PN0N_,clk_core,4.5,0.94,0.08537689733814027,4.41462310266186,recovery,guardband_10pct,hypothetical_guardband_10pct,uniform_10pct_vdd_budget,1.1,False,VALIDATED
134,c_cmd_len[8]$_DFFE_PN0N_,clk_core,4.5,0.94,0.08537689733814027,4.41462310266186,recovery,guardband_10pct,hypothetical_guardband_10pct,uniform_10pct_vdd_budget,1.1,False,VALIDATED
133,c_cmd_addr[23]$_DFFE_PN0N_,clk_core,4.5,0.94,0.08537689733814027,4.41462310266186,recovery,guardband_10pct,hypothetical_guardband_10pct,uniform_10pct_vdd_budget,1.1,False,VALIDATED
132,c_cmd_len[1]$_DFFE_PN0N_,clk_core,4.5,0.94,0.08537689733814027,4.41462310266186,recovery,guardband_10pct,hypothetical_guardband_10pct,uniform_10pct_vdd_budget,1.1,False,VALIDATED
128,u_cdc_cmd.rgray[2]$_DFF_PN0_,clk_core,4.5,0.94,0.08537689733814027,4.41462310266186,recovery,guardband_10pct,hypothetical_guardband_10pct,uniform_10pct_vdd_budget,1.1,False,VALIDATED
130,u_cdc_cmd.rgray[3]$_DFF_PN0_,clk_core,4.5,0.94,0.08537689733814027,4.41462310266186,recovery,guardband_10pct,hypothetical_guardband_10pct,uniform_10pct_vdd_budget,1.1,False,VALIDATED
126,g_chan[1].u_cdc_chw.wq2_rgray[2]$_DFF_PN0_,clk_core,4.5,0.93,0.08446863247284084,4.4155313675271595,recovery,guardband_10pct,hypothetical_guardband_10pct,uniform_10pct_vdd_budget,1.1,False,VALIDATED
127,g_chan[1].u_cdc_chw.wbin[4]$_DFF_PN0_,clk_core,4.5,0.93,0.08446863247284084,4.4155313675271595,recovery,guardband_10pct,hypothetical_guardband_10pct,uniform_10pct_vdd_budget,1.1,False,VALIDATED
138,g_chan[1].u_cdc_chw.wq2_rgray[3]$_DFF_PN0_,clk_core,4.5,0.93,0.08446863247284084,4.4155313675271595,recovery,guardband_10pct,hypothetical_guardband_10pct,uniform_10pct_vdd_budget,1.1,False,VALIDATED
137,g_chan[1].u_cdc_chw.wq2_rgray[0]$_DFF_PN0_,clk_core,4.5,0.93,0.08446863247284084,4.4155313675271595,recovery,guardband_10pct,hypothetical_guardband_10pct,uniform_10pct_vdd_budget,1.1,False,VALIDATED
129,g_chan[1].u_cdc_chw.wq1_rgray[3]$_DFF_PN0_,clk_core,4.5,0.93,0.08446863247284084,4.4155313675271595,recovery,guardband_10pct,hypothetical_guardband_10pct,uniform_10pct_vdd_budget,1.1,False,VALIDATED
131,g_chan[1].u_cdc_chw.wq1_rgray[2]$_DFF_PN0_,clk_core,4.5,0.93,0.08446863247284084,4.4155313675271595,recovery,guardband_10pct,hypothetical_guardband_10pct,uniform_10pct_vdd_budget,1.1,False,VALIDATED
118,g_chan[1].u_cdc_chw.wgray[2]$_DFF_PN0_,clk_core,4.5,0.93,0.08446863247284084,4.4155313675271595,recovery,guardband_10pct,hypothetical_guardband_10pct,uniform_10pct_vdd_budget,1.1,False,VALIDATED
112,g_chan[1].u_cdc_chw.wgray[3]$_DFF_PN0_,clk_core,4.5,0.93,0.08446863247284084,4.4155313675271595,recovery,guardband_10pct,hypothetical_guardband_10pct,uniform_10pct_vdd_budget,1.1,False,VALIDATED
147,u_cdc_cmd.rq2_wgray[1]$_DFF_PN0_,clk_core,4.51,0.94,0.08537689733814027,4.42462310266186,recovery,guardband_10pct,hypothetical_guardband_10pct,uniform_10pct_vdd_budget,1.1,False,VALIDATED
142,u_cdc_cmd.rbin[0]$_DFF_PN0_,clk_core,4.51,0.94,0.08537689733814027,4.42462310266186,recovery,guardband_10pct,hypothetical_guardband_10pct,uniform_10pct_vdd_budget,1.1,False,VALIDATED
145,u_cdc_cmd.rq1_wgray[0]$_DFF_PN0_,clk_core,4.51,0.94,0.08537689733814027,4.42462310266186,recovery,guardband_10pct,hypothetical_guardband_10pct,uniform_10pct_vdd_budget,1.1,False,VALIDATED
146,u_cdc_cmd.rq1_wgray[1]$_DFF_PN0_,clk_core,4.51,0.94,0.08537689733814027,4.42462310266186,recovery,guardband_10pct,hypothetical_guardband_10pct,uniform_10pct_vdd_budget,1.1,False,VALIDATED
148,u_cdc_cmd.rq2_wgray[0]$_DFF_PN0_,clk_core,4.51,0.94,0.08537689733814027,4.42462310266186,recovery,guardband_10pct,hypothetical_guardband_10pct,uniform_10pct_vdd_budget,1.1,False,VALIDATED
151,u_cdc_cmd.rd_empty$_DFF_PN1_,clk_core,4.51,0.94,0.08537689733814025,4.42462310266186,recovery,guardband_10pct,hypothetical_guardband_10pct,uniform_10pct_vdd_budget,1.1,False,VALIDATED
144,u_cdc_cmd.rgray[0]$_DFF_PN0_,clk_core,4.51,0.94,0.08537689733814027,4.42462310266186,recovery,guardband_10pct,hypothetical_guardband_10pct,uniform_10pct_vdd_budget,1.1,False,VALIDATED
150,u_cdc_cmd.rbin[2]$_DFF_PN0_,clk_core,4.51,0.94,0.08537689733814027,4.42462310266186,recovery,guardband_10pct,hypothetical_guardband_10pct,uniform_10pct_vdd_budget,1.1,False,VALIDATED
152,u_cdc_cmd.rgray[1]$_DFF_PN0_,clk_core,4.51,0.93,0.0844686324728409,4.425531367527159,recovery,guardband_10pct,hypothetical_guardband_10pct,uniform_10pct_vdd_budget,1.1,False,VALIDATED
149,u_seq_core.op_q[0]$_DFFE_PN0P_,clk_core,4.51,0.93,0.08446863247284084,4.425531367527159,recovery,guardband_10pct,hypothetical_guardband_10pct,uniform_10pct_vdd_budget,1.1,False,VALIDATED
155,g_chan[1].u_cdc_chr.rbin[3]$_DFF_PN0_,clk_core,4.51,0.92,0.08356036760754151,4.426439632392459,recovery,guardband_10pct,hypothetical_guardband_10pct,uniform_10pct_vdd_budget,1.1,False,VALIDATED
153,u_dma_fabric.rbeat_valid$_DFFE_PN0P_,clk_core,4.51,0.92,0.08356036760754146,4.426439632392459,recovery,guardband_10pct,hypothetical_guardband_10pct,uniform_10pct_vdd_budget,1.1,False,VALIDATED
154,g_chan[1].u_cdc_chr.rbin[1]$_DFF_PN0_,clk_core,4.51,0.92,0.08356036760754151,4.426439632392459,recovery,guardband_10pct,hypothetical_guardband_10pct,uniform_10pct_vdd_budget,1.1,False,VALIDATED
156,g_chan[1].u_cdc_chr.rq2_wgray[0]$_DFF_PN0_,clk_core,4.51,0.92,0.08356036760754151,4.426439632392459,recovery,guardband_10pct,hypothetical_guardband_10pct,uniform_10pct_vdd_budget,1.1,False,VALIDATED
157,g_chan[1].u_cdc_chr.rq1_wgray[4]$_DFF_PN0_,clk_core,4.51,0.92,0.08356036760754151,4.426439632392459,recovery,guardband_10pct,hypothetical_guardband_10pct,uniform_10pct_vdd_budget,1.1,False,VALIDATED
143,g_chan[1].u_cdc_chr.rd_empty$_DFF_PN1_,clk_core,4.51,0.92,0.08356036760754151,4.426439632392459,recovery,guardband_10pct,hypothetical_guardband_10pct,uniform_10pct_vdd_budget,1.1,False,VALIDATED
159,g_chan[1].u_cdc_chr.rgray[0]$_DFF_PN0_,clk_core,4.52,0.92,0.08356036760754151,4.436439632392458,recovery,guardband_10pct,hypothetical_guardband_10pct,uniform_10pct_vdd_budget,1.1,False,VALIDATED
158,g_chan[1].u_cdc_chr.rbin[0]$_DFF_PN0_,clk_core,4.52,0.92,0.08356036760754151,4.436439632392458,recovery,guardband_10pct,hypothetical_guardband_10pct,uniform_10pct_vdd_budget,1.1,False,VALIDATED
165,u_dma_fabric.rr_ptr$_DFFE_PN0P_,clk_core,4.52,0.92,0.08356036760754146,4.436439632392458,recovery,guardband_10pct,hypothetical_guardband_10pct,uniform_10pct_vdd_budget,1.1,False,VALIDATED
160,g_chan[1].u_cdc_chr.rq1_wgray[0]$_DFF_PN0_,clk_core,4.52,0.92,0.08356036760754151,4.436439632392458,recovery,guardband_10pct,hypothetical_guardband_10pct,uniform_10pct_vdd_budget,1.1,False,VALIDATED
162,g_chan[1].u_cdc_chr.rbin[4]$_DFF_PN0_,clk_core,4.52,0.92,0.08356036760754151,4.436439632392458,recovery,guardband_10pct,hypothetical_guardband_10pct,uniform_10pct_vdd_budget,1.1,False,VALIDATED
161,g_chan[1].u_cdc_chr.rbin[2]$_DFF_PN0_,clk_core,4.52,0.92,0.08356036760754151,4.436439632392458,recovery,guardband_10pct,hypothetical_guardband_10pct,uniform_10pct_vdd_budget,1.1,False,VALIDATED
169,g_chan[1].u_cdc_chr.rq2_wgray[2]$_DFF_PN0_,clk_core,4.52,0.92,0.08356036760754151,4.436439632392458,recovery,guardband_10pct,hypothetical_guardband_10pct,uniform_10pct_vdd_budget,1.1,False,VALIDATED
168,g_chan[1].u_cdc_chr.rgray[3]$_DFF_PN0_,clk_core,4.52,0.92,0.08356036760754151,4.436439632392458,recovery,guardband_10pct,hypothetical_guardband_10pct,uniform_10pct_vdd_budget,1.1,False,VALIDATED
167,g_chan[1].u_cdc_chr.rq1_wgray[2]$_DFF_PN0_,clk_core,4.52,0.92,0.08356036760754151,4.436439632392458,recovery,guardband_10pct,hypothetical_guardband_10pct,uniform_10pct_vdd_budget,1.1,False,VALIDATED
166,g_chan[1].u_cdc_chr.rq2_wgray[3]$_DFF_PN0_,clk_core,4.52,0.92,0.08356036760754151,4.436439632392458,recovery,guardband_10pct,hypothetical_guardband_10pct,uniform_10pct_vdd_budget,1.1,False,VALIDATED
164,g_chan[1].u_cdc_chr.rq2_wgray[4]$_DFF_PN0_,clk_core,4.52,0.92,0.08356036760754151,4.436439632392458,recovery,guardband_10pct,hypothetical_guardband_10pct,uniform_10pct_vdd_budget,1.1,False,VALIDATED
163,g_chan[1].u_cdc_chr.rgray[2]$_DFF_PN0_,clk_core,4.52,0.92,0.08356036760754151,4.436439632392458,recovery,guardband_10pct,hypothetical_guardband_10pct,uniform_10pct_vdd_budget,1.1,False,VALIDATED
173,g_chan[1].u_cdc_chr.rgray[1]$_DFF_PN0_,clk_core,4.52,0.91,0.08265210274224215,4.437347897257758,recovery,guardband_10pct,hypothetical_guardband_10pct,uniform_10pct_vdd_budget,1.1,False,VALIDATED
170,g_chan[1].u_cdc_chr.rq1_wgray[3]$_DFF_PN0_,clk_core,4.52,0.91,0.08265210274224215,4.437347897257758,recovery,guardband_10pct,hypothetical_guardband_10pct,uniform_10pct_vdd_budget,1.1,False,VALIDATED
172,g_chan[1].u_cdc_chr.rq1_wgray[1]$_DFF_PN0_,clk_core,4.52,0.91,0.08265210274224215,4.437347897257758,recovery,guardband_10pct,hypothetical_guardband_10pct,uniform_10pct_vdd_budget,1.1,False,VALIDATED
171,g_chan[1].u_cdc_chr.rq2_wgray[1]$_DFF_PN0_,clk_core,4.52,0.91,0.08265210274224215,4.437347897257758,recovery,guardband_10pct,hypothetical_guardband_10pct,uniform_10pct_vdd_budget,1.1,False,VALIDATED
179,u_seq_core.addr_q[31]$_DFFE_PN0P_,clk_core,4.55,0.88,0.07992730814634395,4.470072691853656,recovery,guardband_10pct,hypothetical_guardband_10pct,uniform_10pct_vdd_budget,1.1,False,VALIDATED
175,u_seq_core.addr_q[7]$_DFFE_PN0P_,clk_core,4.55,0.88,0.07992730814634395,4.470072691853656,recovery,guardband_10pct,hypothetical_guardband_10pct,uniform_10pct_vdd_budget,1.1,False,VALIDATED
174,u_seq_core.addr_q[26]$_DFFE_PN0P_,clk_core,4.55,0.88,0.07992730814634395,4.470072691853656,recovery,guardband_10pct,hypothetical_guardband_10pct,uniform_10pct_vdd_budget,1.1,False,VALIDATED
177,u_seq_core.addr_q[8]$_DFFE_PN0P_,clk_core,4.55,0.88,0.07992730814634395,4.470072691853656,recovery,guardband_10pct,hypothetical_guardband_10pct,uniform_10pct_vdd_budget,1.1,False,VALIDATED
176,u_seq_core.addr_q[6]$_DFFE_PN0P_,clk_core,4.55,0.88,0.07992730814634395,4.470072691853656,recovery,guardband_10pct,hypothetical_guardband_10pct,uniform_10pct_vdd_budget,1.1,False,VALIDATED
178,u_seq_core.addr_q[9]$_DFFE_PN0P_,clk_core,4.55,0.88,0.07992730814634395,4.470072691853656,recovery,guardband_10pct,hypothetical_guardband_10pct,uniform_10pct_vdd_budget,1.1,False,VALIDATED
180,u_seq_core.addr_q[20]$_DFFE_PN0P_,clk_core,4.56,0.88,0.07992730814634395,4.480072691853656,recovery,guardband_10pct,hypothetical_guardband_10pct,uniform_10pct_vdd_budget,1.1,False,VALIDATED
181,u_seq_core.addr_q[2]$_DFFE_PN0P_,clk_core,4.56,0.88,0.07992730814634395,4.480072691853656,recovery,guardband_10pct,hypothetical_guardband_10pct,uniform_10pct_vdd_budget,1.1,False,VALIDATED
182,u_seq_core.addr_q[21]$_DFFE_PN0P_,clk_core,4.56,0.88,0.07992730814634395,4.480072691853656,recovery,guardband_10pct,hypothetical_guardband_10pct,uniform_10pct_vdd_budget,1.1,False,VALIDATED
183,c_cmd_addr[7]$_DFFE_PN0N_,clk_core,4.57,0.88,0.07992730814634408,4.490072691853657,recovery,guardband_10pct,hypothetical_guardband_10pct,uniform_10pct_vdd_budget,1.1,False,VALIDATED
184,c_cmd_addr[6]$_DFFE_PN0N_,clk_core,4.57,0.88,0.07992730814634408,4.490072691853657,recovery,guardband_10pct,hypothetical_guardband_10pct,uniform_10pct_vdd_budget,1.1,False,VALIDATED
185,c_cmd_addr[9]$_DFFE_PN0N_,clk_core,4.57,0.88,0.07992730814634408,4.490072691853657,recovery,guardband_10pct,hypothetical_guardband_10pct,uniform_10pct_vdd_budget,1.1,False,VALIDATED
186,c_cmd_addr[8]$_DFFE_PN0N_,clk_core,4.57,0.88,0.07992730814634402,4.490072691853657,recovery,guardband_10pct,hypothetical_guardband_10pct,uniform_10pct_vdd_budget,1.1,False,VALIDATED
188,u_seq_core.done$_DFFE_PN0P_,clk_core,4.59,0.84,0.07629424868514657,4.513705751314853,recovery,guardband_10pct,hypothetical_guardband_10pct,uniform_10pct_vdd_budget,1.1,False,VALIDATED
205,u_seq_core.ecc_en_q$_DFFE_PN0P_,clk_core,4.59,0.84,0.07629424868514657,4.513705751314853,recovery,guardband_10pct,hypothetical_guardband_10pct,uniform_10pct_vdd_budget,1.1,False,VALIDATED
207,u_seq_core.ch_cmd_valid$_DFF_PN0_,clk_core,4.59,0.84,0.07629424868514657,4.513705751314853,recovery,guardband_10pct,hypothetical_guardband_10pct,uniform_10pct_vdd_budget,1.1,False,VALIDATED
187,g_chan[0].u_cdc_chcmd.wr_full$_DFF_PN0_,clk_core,4.59,0.84,0.07629424868514656,4.513705751314854,recovery,guardband_10pct,hypothetical_guardband_10pct,uniform_10pct_vdd_budget,1.1,False,VALIDATED
191,g_chan[0].u_cdc_chcmd.wgray[1]$_DFF_PN0_,clk_core,4.59,0.84,0.07629424868514656,4.513705751314854,recovery,guardband_10pct,hypothetical_guardband_10pct,uniform_10pct_vdd_budget,1.1,False,VALIDATED
192,g_chan[0].u_cdc_chcmd.wbin[3]$_DFF_PN0_,clk_core,4.59,0.84,0.07629424868514656,4.513705751314854,recovery,guardband_10pct,hypothetical_guardband_10pct,uniform_10pct_vdd_budget,1.1,False,VALIDATED
193,g_chan[0].u_cdc_chcmd.wq2_rgray[1]$_DFF_PN0_,clk_core,4.59,0.84,0.07629424868514656,4.513705751314854,recovery,guardband_10pct,hypothetical_guardband_10pct,uniform_10pct_vdd_budget,1.1,False,VALIDATED
194,g_chan[0].u_cdc_chcmd.wq1_rgray[1]$_DFF_PN0_,clk_core,4.59,0.84,0.07629424868514656,4.513705751314854,recovery,guardband_10pct,hypothetical_guardband_10pct,uniform_10pct_vdd_budget,1.1,False,VALIDATED
206,u_ecc_engine.vpipe[2]$_DFF_PN0_,clk_core,4.59,0.84,0.07629424868514656,4.513705751314854,recovery,guardband_10pct,hypothetical_guardband_10pct,uniform_10pct_vdd_budget,1.1,False,VALIDATED
203,u_ecc_engine.vpipe[1]$_DFF_PN0_,clk_core,4.59,0.84,0.07629424868514656,4.513705751314854,recovery,guardband_10pct,hypothetical_guardband_10pct,uniform_10pct_vdd_budget,1.1,False,VALIDATED
189,g_chan[0].u_cdc_chcmd.wgray[0]$_DFF_PN0_,clk_core,4.59,0.84,0.07629424868514656,4.513705751314854,recovery,guardband_10pct,hypothetical_guardband_10pct,uniform_10pct_vdd_budget,1.1,False,VALIDATED
190,g_chan[0].u_cdc_chcmd.wbin[4]$_DFF_PN0_,clk_core,4.59,0.84,0.07629424868514656,4.513705751314854,recovery,guardband_10pct,hypothetical_guardband_10pct,uniform_10pct_vdd_budget,1.1,False,VALIDATED
204,u_ecc_engine.vpipe[0]$_DFF_PN0_,clk_core,4.59,0.84,0.07629424868514656,4.513705751314854,recovery,guardband_10pct,hypothetical_guardband_10pct,uniform_10pct_vdd_budget,1.1,False,VALIDATED
197,g_chan[0].u_cdc_chw.wq2_rgray[1]$_DFF_PN0_,clk_core,4.59,0.83,0.07538598381984715,4.514614016180153,recovery,guardband_10pct,hypothetical_guardband_10pct,uniform_10pct_vdd_budget,1.1,False,VALIDATED
196,g_chan[0].u_cdc_chw.wq2_rgray[3]$_DFF_PN0_,clk_core,4.59,0.83,0.07538598381984715,4.514614016180153,recovery,guardband_10pct,hypothetical_guardband_10pct,uniform_10pct_vdd_budget,1.1,False,VALIDATED
195,g_chan[0].u_cdc_chw.wq2_rgray[2]$_DFF_PN0_,clk_core,4.59,0.83,0.07538598381984715,4.514614016180153,recovery,guardband_10pct,hypothetical_guardband_10pct,uniform_10pct_vdd_budget,1.1,False,VALIDATED
198,g_chan[0].u_cdc_chw.wq1_rgray[3]$_DFF_PN0_,clk_core,4.59,0.83,0.07538598381984715,4.514614016180153,recovery,guardband_10pct,hypothetical_guardband_10pct,uniform_10pct_vdd_budget,1.1,False,VALIDATED
202,g_chan[0].u_cdc_chw.wq2_rgray[4]$_DFF_PN0_,clk_core,4.59,0.83,0.07538598381984715,4.514614016180153,recovery,guardband_10pct,hypothetical_guardband_10pct,uniform_10pct_vdd_budget,1.1,False,VALIDATED
200,g_chan[0].u_cdc_chw.wq1_rgray[1]$_DFF_PN0_,clk_core,4.59,0.83,0.07538598381984715,4.514614016180153,recovery,guardband_10pct,hypothetical_guardband_10pct,uniform_10pct_vdd_budget,1.1,False,VALIDATED
201,g_chan[0].u_cdc_chw.wq1_rgray[4]$_DFF_PN0_,clk_core,4.59,0.83,0.07538598381984715,4.514614016180153,recovery,guardband_10pct,hypothetical_guardband_10pct,uniform_10pct_vdd_budget,1.1,False,VALIDATED
199,g_chan[0].u_cdc_chw.wq1_rgray[2]$_DFF_PN0_,clk_core,4.59,0.83,0.07538598381984715,4.514614016180153,recovery,guardband_10pct,hypothetical_guardband_10pct,uniform_10pct_vdd_budget,1.1,False,VALIDATED
211,c_cmd_chan$_DFFE_PN0N_,clk_core,4.6,0.84,0.07629424868514667,4.523705751314853,recovery,guardband_10pct,hypothetical_guardband_10pct,uniform_10pct_vdd_budget,1.1,False,VALIDATED
214,c_cmd_ecc_en$_DFFE_PN0N_,clk_core,4.6,0.84,0.07629424868514667,4.523705751314853,recovery,guardband_10pct,hypothetical_guardband_10pct,uniform_10pct_vdd_budget,1.1,False,VALIDATED
210,c_cmd_chmask[1]$_DFFE_PN0N_,clk_core,4.6,0.84,0.07629424868514656,4.5237057513148535,recovery,guardband_10pct,hypothetical_guardband_10pct,uniform_10pct_vdd_budget,1.1,False,VALIDATED
212,c_cmd_chmask[0]$_DFFE_PN0N_,clk_core,4.6,0.84,0.07629424868514656,4.5237057513148535,recovery,guardband_10pct,hypothetical_guardband_10pct,uniform_10pct_vdd_budget,1.1,False,VALIDATED
213,c_cmd_opcode[4]$_DFFE_PN0N_,clk_core,4.6,0.84,0.07629424868514656,4.5237057513148535,recovery,guardband_10pct,hypothetical_guardband_10pct,uniform_10pct_vdd_budget,1.1,False,VALIDATED
216,c_cmd_opcode[2]$_DFFE_PN0N_,clk_core,4.6,0.84,0.07629424868514656,4.5237057513148535,recovery,guardband_10pct,hypothetical_guardband_10pct,uniform_10pct_vdd_budget,1.1,False,VALIDATED
215,c_cmd_opcode[0]$_DFFE_PN0N_,clk_core,4.6,0.84,0.07629424868514656,4.5237057513148535,recovery,guardband_10pct,hypothetical_guardband_10pct,uniform_10pct_vdd_budget,1.1,False,VALIDATED
217,c_cmd_opcode[1]$_DFFE_PN0N_,clk_core,4.6,0.84,0.07629424868514656,4.5237057513148535,recovery,guardband_10pct,hypothetical_guardband_10pct,uniform_10pct_vdd_budget,1.1,False,VALIDATED
218,c_cmd_addr[17]$_DFFE_PN0N_,clk_core,4.6,0.84,0.07629424868514656,4.5237057513148535,recovery,guardband_10pct,hypothetical_guardband_10pct,uniform_10pct_vdd_budget,1.1,False,VALIDATED
208,g_chan[0].u_cdc_chw.wgray[3]$_DFF_PN0_,clk_core,4.6,0.83,0.07538598381984715,4.524614016180153,recovery,guardband_10pct,hypothetical_guardband_10pct,uniform_10pct_vdd_budget,1.1,False,VALIDATED
209,g_chan[0].u_cdc_chw.wgray[2]$_DFF_PN0_,clk_core,4.6,0.83,0.07538598381984715,4.524614016180153,recovery,guardband_10pct,hypothetical_guardband_10pct,uniform_10pct_vdd_budget,1.1,False,VALIDATED
219,g_chan[0].u_cdc_chw.wq2_rgray[0]$_DFF_PN0_,clk_core,4.6,0.83,0.07538598381984715,4.524614016180153,recovery,guardband_10pct,hypothetical_guardband_10pct,uniform_10pct_vdd_budget,1.1,False,VALIDATED
220,g_chan[0].u_cdc_chw.wbin[0]$_DFF_PN0_,clk_core,4.6,0.83,0.07538598381984715,4.524614016180153,recovery,guardband_10pct,hypothetical_guardband_10pct,uniform_10pct_vdd_budget,1.1,False,VALIDATED
221,g_chan[0].u_cdc_chw.wbin[1]$_DFF_PN0_,clk_core,4.6,0.83,0.07538598381984715,4.524614016180153,recovery,guardband_10pct,hypothetical_guardband_10pct,uniform_10pct_vdd_budget,1.1,False,VALIDATED
222,g_chan[0].u_cdc_chw.wq1_rgray[0]$_DFF_PN0_,clk_core,4.6,0.83,0.07538598381984715,4.524614016180153,recovery,guardband_10pct,hypothetical_guardband_10pct,uniform_10pct_vdd_budget,1.1,False,VALIDATED
223,g_chan[0].u_cdc_chw.wgray[0]$_DFF_PN0_,clk_core,4.6,0.83,0.07538598381984715,4.524614016180153,recovery,guardband_10pct,hypothetical_guardband_10pct,uniform_10pct_vdd_budget,1.1,False,VALIDATED
224,g_chan[0].u_cdc_chw.wgray[1]$_DFF_PN0_,clk_core,4.6,0.83,0.07538598381984715,4.524614016180153,recovery,guardband_10pct,hypothetical_guardband_10pct,uniform_10pct_vdd_budget,1.1,False,VALIDATED
225,g_chan[0].u_cdc_chw.wbin[4]$_DFF_PN0_,clk_core,4.6,0.83,0.07538598381984715,4.524614016180153,recovery,guardband_10pct,hypothetical_guardband_10pct,uniform_10pct_vdd_budget,1.1,False,VALIDATED
226,g_chan[0].u_cdc_chw.wbin[2]$_DFF_PN0_,clk_core,4.61,0.83,0.07538598381984715,4.534614016180154,recovery,guardband_10pct,hypothetical_guardband_10pct,uniform_10pct_vdd_budget,1.1,False,VALIDATED
227,g_chan[0].u_cdc_chw.wbin[3]$_DFF_PN0_,clk_core,4.61,0.83,0.07538598381984715,4.534614016180154,recovery,guardband_10pct,hypothetical_guardband_10pct,uniform_10pct_vdd_budget,1.1,False,VALIDATED
228,u_cdc_wbeat.rbin[0]$_DFF_PN0_,clk_core,4.61,0.82,0.07447771895454774,4.535522281045453,recovery,guardband_10pct,hypothetical_guardband_10pct,uniform_10pct_vdd_budget,1.1,False,VALIDATED
229,u_cdc_wbeat.rbin[1]$_DFF_PN0_,clk_core,4.61,0.82,0.07447771895454774,4.535522281045453,recovery,guardband_10pct,hypothetical_guardband_10pct,uniform_10pct_vdd_budget,1.1,False,VALIDATED
230,u_cdc_wbeat.rbin[3]$_DFF_PN0_,clk_core,4.61,0.82,0.07447771895454774,4.535522281045453,recovery,guardband_10pct,hypothetical_guardband_10pct,uniform_10pct_vdd_budget,1.1,False,VALIDATED
231,u_cdc_wbeat.rbin[2]$_DFF_PN0_,clk_core,4.61,0.82,0.07447771895454774,4.535522281045453,recovery,guardband_10pct,hypothetical_guardband_10pct,uniform_10pct_vdd_budget,1.1,False,VALIDATED
232,u_cdc_wbeat.rbin[4]$_DFF_PN0_,clk_core,4.61,0.82,0.07447771895454774,4.535522281045453,recovery,guardband_10pct,hypothetical_guardband_10pct,uniform_10pct_vdd_budget,1.1,False,VALIDATED
233,g_chan[1].u_cdc_chw.wq2_rgray[4]$_DFF_PN0_,clk_core,4.61,0.82,0.07447771895454774,4.535522281045453,recovery,guardband_10pct,hypothetical_guardband_10pct,uniform_10pct_vdd_budget,1.1,False,VALIDATED
234,g_chan[1].u_cdc_chw.wq1_rgray[4]$_DFF_PN0_,clk_core,4.61,0.82,0.07447771895454774,4.535522281045453,recovery,guardband_10pct,hypothetical_guardband_10pct,uniform_10pct_vdd_budget,1.1,False,VALIDATED
235,g_chan[1].u_cdc_chw.wq1_rgray[0]$_DFF_PN0_,clk_core,4.61,0.82,0.07447771895454774,4.535522281045453,recovery,guardband_10pct,hypothetical_guardband_10pct,uniform_10pct_vdd_budget,1.1,False,VALIDATED
236,u_cdc_wbeat.rq1_wgray[1]$_DFF_PN0_,clk_core,4.62,0.82,0.07447771895454774,4.545522281045453,recovery,guardband_10pct,hypothetical_guardband_10pct,uniform_10pct_vdd_budget,1.1,False,VALIDATED
237,u_cdc_wbeat.rq2_wgray[2]$_DFF_PN0_,clk_core,4.62,0.82,0.07447771895454774,4.545522281045453,recovery,guardband_10pct,hypothetical_guardband_10pct,uniform_10pct_vdd_budget,1.1,False,VALIDATED
238,u_cdc_wbeat.rgray[2]$_DFF_PN0_,clk_core,4.62,0.82,0.07447771895454774,4.545522281045453,recovery,guardband_10pct,hypothetical_guardband_10pct,uniform_10pct_vdd_budget,1.1,False,VALIDATED
239,u_cdc_wbeat.rq2_wgray[1]$_DFF_PN0_,clk_core,4.62,0.82,0.07447771895454774,4.545522281045453,recovery,guardband_10pct,hypothetical_guardband_10pct,uniform_10pct_vdd_budget,1.1,False,VALIDATED
240,u_cdc_wbeat.rgray[1]$_DFF_PN0_,clk_core,4.62,0.82,0.07447771895454774,4.545522281045453,recovery,guardband_10pct,hypothetical_guardband_10pct,uniform_10pct_vdd_budget,1.1,False,VALIDATED
241,u_cdc_wbeat.rq1_wgray[2]$_DFF_PN0_,clk_core,4.62,0.82,0.07447771895454774,4.545522281045453,recovery,guardband_10pct,hypothetical_guardband_10pct,uniform_10pct_vdd_budget,1.1,False,VALIDATED
242,u_cdc_wbeat.rq2_wgray[3]$_DFF_PN0_,clk_core,4.62,0.82,0.07447771895454774,4.545522281045453,recovery,guardband_10pct,hypothetical_guardband_10pct,uniform_10pct_vdd_budget,1.1,False,VALIDATED
243,u_cdc_wbeat.rgray[3]$_DFF_PN0_,clk_core,4.62,0.82,0.07447771895454774,4.545522281045453,recovery,guardband_10pct,hypothetical_guardband_10pct,uniform_10pct_vdd_budget,1.1,False,VALIDATED
244,u_cdc_wbeat.rgray[0]$_DFF_PN0_,clk_core,4.62,0.82,0.07447771895454774,4.545522281045453,recovery,guardband_10pct,hypothetical_guardband_10pct,uniform_10pct_vdd_budget,1.1,False,VALIDATED
245,u_seq_core.op_q[1]$_DFFE_PN0P_,clk_core,4.62,0.82,0.07447771895454774,4.545522281045453,recovery,guardband_10pct,hypothetical_guardband_10pct,uniform_10pct_vdd_budget,1.1,False,VALIDATED
246,u_cdc_wbeat.rq1_wgray[0]$_DFF_PN0_,clk_core,4.62,0.82,0.07447771895454774,4.545522281045453,recovery,guardband_10pct,hypothetical_guardband_10pct,uniform_10pct_vdd_budget,1.1,False,VALIDATED
247,u_seq_core.op_q[3]$_DFFE_PN0P_,clk_core,4.62,0.82,0.07447771895454774,4.545522281045453,recovery,guardband_10pct,hypothetical_guardband_10pct,uniform_10pct_vdd_budget,1.1,False,VALIDATED
248,u_cdc_wbeat.rq1_wgray[4]$_DFF_PN0_,clk_core,4.62,0.82,0.07447771895454774,4.545522281045453,recovery,guardband_10pct,hypothetical_guardband_10pct,uniform_10pct_vdd_budget,1.1,False,VALIDATED
249,u_cdc_wbeat.rq1_wgray[3]$_DFF_PN0_,clk_core,4.62,0.82,0.07447771895454774,4.545522281045453,recovery,guardband_10pct,hypothetical_guardband_10pct,uniform_10pct_vdd_budget,1.1,False,VALIDATED
250,u_cdc_wbeat.rq2_wgray[0]$_DFF_PN0_,clk_core,4.62,0.82,0.07447771895454774,4.545522281045453,recovery,guardband_10pct,hypothetical_guardband_10pct,uniform_10pct_vdd_budget,1.1,False,VALIDATED
251,u_cdc_wbeat.rq2_wgray[4]$_DFF_PN0_,clk_core,4.62,0.82,0.07447771895454774,4.545522281045453,recovery,guardband_10pct,hypothetical_guardband_10pct,uniform_10pct_vdd_budget,1.1,False,VALIDATED
253,g_chan[1].u_cdc_chw.wr_full$_DFF_PN0_,clk_core,4.63,0.81,0.0735694540892485,4.556430545910751,recovery,guardband_10pct,hypothetical_guardband_10pct,uniform_10pct_vdd_budget,1.1,False,VALIDATED
254,g_chan[0].u_cdc_chw.wr_full$_DFF_PN0_,clk_core,4.63,0.81,0.0735694540892485,4.556430545910751,recovery,guardband_10pct,hypothetical_guardband_10pct,uniform_10pct_vdd_budget,1.1,False,VALIDATED
252,u_seq_core.chan_q$_DFFE_PN0P_,clk_core,4.63,0.81,0.07356945408924838,4.556430545910752,recovery,guardband_10pct,hypothetical_guardband_10pct,uniform_10pct_vdd_budget,1.1,False,VALIDATED
255,u_cdc_wbeat.rd_empty$_DFF_PN1_,clk_core,4.63,0.81,0.07356945408924838,4.556430545910752,recovery,guardband_10pct,hypothetical_guardband_10pct,uniform_10pct_vdd_budget,1.1,False,VALIDATED
256,g_chan[0].u_cdc_chcmd.wq1_rgray[3]$_DFF_PN0_,clk_core,4.64,0.81,0.0735694540892485,4.566430545910751,recovery,guardband_10pct,hypothetical_guardband_10pct,uniform_10pct_vdd_budget,1.1,False,VALIDATED
257,u_seq_core.mask_q[0]$_DFFE_PN0P_,clk_core,4.64,0.81,0.0735694540892485,4.566430545910751,recovery,guardband_10pct,hypothetical_guardband_10pct,uniform_10pct_vdd_budget,1.1,False,VALIDATED
258,g_chan[0].u_cdc_chcmd.wq1_rgray[2]$_DFF_PN0_,clk_core,4.64,0.81,0.0735694540892485,4.566430545910751,recovery,guardband_10pct,hypothetical_guardband_10pct,uniform_10pct_vdd_budget,1.1,False,VALIDATED
259,u_seq_core.mask_q[1]$_DFFE_PN0P_,clk_core,4.64,0.81,0.0735694540892485,4.566430545910751,recovery,guardband_10pct,hypothetical_guardband_10pct,uniform_10pct_vdd_budget,1.1,False,VALIDATED
260,u_seq_core.op_q[4]$_DFFE_PN0P_,clk_core,4.64,0.81,0.0735694540892485,4.566430545910751,recovery,guardband_10pct,hypothetical_guardband_10pct,uniform_10pct_vdd_budget,1.1,False,VALIDATED
261,u_seq_core.op_q[5]$_DFFE_PN0P_,clk_core,4.64,0.8,0.07266118922394907,4.56733881077605,recovery,guardband_10pct,hypothetical_guardband_10pct,uniform_10pct_vdd_budget,1.1,False,VALIDATED
262,u_seq_core.op_q[2]$_DFFE_PN0P_,clk_core,4.64,0.8,0.07266118922394907,4.56733881077605,recovery,guardband_10pct,hypothetical_guardband_10pct,uniform_10pct_vdd_budget,1.1,False,VALIDATED
264,u_seq_core.beats_left[19]$_DFFE_PN0P_,clk_core,4.65,0.8,0.07266118922394907,4.577338810776051,recovery,guardband_10pct,hypothetical_guardband_10pct,uniform_10pct_vdd_budget,1.1,False,VALIDATED
275,u_seq_core.beats_left[15]$_DFFE_PN0P_,clk_core,4.65,0.8,0.07266118922394907,4.577338810776051,recovery,guardband_10pct,hypothetical_guardband_10pct,uniform_10pct_vdd_budget,1.1,False,VALIDATED
283,u_seq_core.beats_left[24]$_DFFE_PN0P_,clk_core,4.65,0.8,0.07266118922394907,4.577338810776051,recovery,guardband_10pct,hypothetical_guardband_10pct,uniform_10pct_vdd_budget,1.1,False,VALIDATED
290,u_seq_core.beats_left[16]$_DFFE_PN0P_,clk_core,4.65,0.8,0.07266118922394907,4.577338810776051,recovery,guardband_10pct,hypothetical_guardband_10pct,uniform_10pct_vdd_budget,1.1,False,VALIDATED
287,u_seq_core.beats_left[17]$_DFFE_PN0P_,clk_core,4.65,0.8,0.07266118922394907,4.577338810776051,recovery,guardband_10pct,hypothetical_guardband_10pct,uniform_10pct_vdd_budget,1.1,False,VALIDATED
285,u_seq_core.beats_left[18]$_DFFE_PN0P_,clk_core,4.65,0.8,0.07266118922394907,4.577338810776051,recovery,guardband_10pct,hypothetical_guardband_10pct,uniform_10pct_vdd_budget,1.1,False,VALIDATED
282,u_seq_core.beats_left[23]$_DFFE_PN0P_,clk_core,4.65,0.8,0.07266118922394907,4.577338810776051,recovery,guardband_10pct,hypothetical_guardband_10pct,uniform_10pct_vdd_budget,1.1,False,VALIDATED
265,u_seq_core.addr_q[1]$_DFFE_PN0P_,clk_core,4.65,0.79,0.07175292435864969,4.57824707564135,recovery,guardband_10pct,hypothetical_guardband_10pct,uniform_10pct_vdd_budget,1.1,False,VALIDATED
270,u_seq_core.addr_q[17]$_DFFE_PN0P_,clk_core,4.65,0.79,0.07175292435864969,4.57824707564135,recovery,guardband_10pct,hypothetical_guardband_10pct,uniform_10pct_vdd_budget,1.1,False,VALIDATED
271,u_seq_core.beats_left[6]$_DFFE_PN0P_,clk_core,4.65,0.79,0.07175292435864969,4.57824707564135,recovery,guardband_10pct,hypothetical_guardband_10pct,uniform_10pct_vdd_budget,1.1,False,VALIDATED
273,u_seq_core.addr_q[22]$_DFFE_PN0P_,clk_core,4.65,0.79,0.07175292435864969,4.57824707564135,recovery,guardband_10pct,hypothetical_guardband_10pct,uniform_10pct_vdd_budget,1.1,False,VALIDATED
263,u_seq_core.addr_q[25]$_DFFE_PN0P_,clk_core,4.65,0.79,0.07175292435864969,4.57824707564135,recovery,guardband_10pct,hypothetical_guardband_10pct,uniform_10pct_vdd_budget,1.1,False,VALIDATED
267,u_seq_core.beats_left[1]$_DFFE_PN0P_,clk_core,4.65,0.79,0.07175292435864969,4.57824707564135,recovery,guardband_10pct,hypothetical_guardband_10pct,uniform_10pct_vdd_budget,1.1,False,VALIDATED
268,u_seq_core.beats_left[4]$_DFFE_PN0P_,clk_core,4.65,0.79,0.07175292435864969,4.57824707564135,recovery,guardband_10pct,hypothetical_guardband_10pct,uniform_10pct_vdd_budget,1.1,False,VALIDATED
269,u_seq_core.beats_left[7]$_DFFE_PN0P_,clk_core,4.65,0.79,0.07175292435864969,4.57824707564135,recovery,guardband_10pct,hypothetical_guardband_10pct,uniform_10pct_vdd_budget,1.1,False,VALIDATED
266,u_seq_core.addr_q[18]$_DFFE_PN0P_,clk_core,4.65,0.79,0.07175292435864969,4.57824707564135,recovery,guardband_10pct,hypothetical_guardband_10pct,uniform_10pct_vdd_budget,1.1,False,VALIDATED
278,u_seq_core.beats_left[0]$_DFFE_PN0P_,clk_core,4.65,0.79,0.07175292435864969,4.57824707564135,recovery,guardband_10pct,hypothetical_guardband_10pct,uniform_10pct_vdd_budget,1.1,False,VALIDATED
277,u_seq_core.beats_left[14]$_DFFE_PN0P_,clk_core,4.65,0.79,0.07175292435864969,4.57824707564135,recovery,guardband_10pct,hypothetical_guardband_10pct,uniform_10pct_vdd_budget,1.1,False,VALIDATED
276,u_seq_core.beats_left[5]$_DFFE_PN0P_,clk_core,4.65,0.79,0.07175292435864969,4.57824707564135,recovery,guardband_10pct,hypothetical_guardband_10pct,uniform_10pct_vdd_budget,1.1,False,VALIDATED
274,u_seq_core.beats_left[3]$_DFFE_PN0P_,clk_core,4.65,0.79,0.07175292435864969,4.57824707564135,recovery,guardband_10pct,hypothetical_guardband_10pct,uniform_10pct_vdd_budget,1.1,False,VALIDATED
272,u_seq_core.op_q[6]$_DFFE_PN0P_,clk_core,4.65,0.79,0.07175292435864969,4.57824707564135,recovery,guardband_10pct,hypothetical_guardband_10pct,uniform_10pct_vdd_budget,1.1,False,VALIDATED
280,u_seq_core.addr_q[14]$_DFFE_PN0P_,clk_core,4.65,0.79,0.07175292435864969,4.57824707564135,recovery,guardband_10pct,hypothetical_guardband_10pct,uniform_10pct_vdd_budget,1.1,False,VALIDATED
281,u_seq_core.addr_q[30]$_DFFE_PN0P_,clk_core,4.65,0.79,0.07175292435864969,4.57824707564135,recovery,guardband_10pct,hypothetical_guardband_10pct,uniform_10pct_vdd_budget,1.1,False,VALIDATED
279,u_seq_core.addr_q[4]$_DFFE_PN0P_,clk_core,4.65,0.79,0.07175292435864969,4.57824707564135,recovery,guardband_10pct,hypothetical_guardband_10pct,uniform_10pct_vdd_budget,1.1,False,VALIDATED
286,u_seq_core.addr_q[3]$_DFFE_PN0P_,clk_core,4.65,0.79,0.07175292435864969,4.57824707564135,recovery,guardband_10pct,hypothetical_guardband_10pct,uniform_10pct_vdd_budget,1.1,False,VALIDATED
284,u_seq_core.addr_q[23]$_DFFE_PN0P_,clk_core,4.65,0.79,0.07175292435864969,4.57824707564135,recovery,guardband_10pct,hypothetical_guardband_10pct,uniform_10pct_vdd_budget,1.1,False,VALIDATED
288,u_seq_core.addr_q[10]$_DFFE_PN0P_,clk_core,4.65,0.79,0.07175292435864969,4.57824707564135,recovery,guardband_10pct,hypothetical_guardband_10pct,uniform_10pct_vdd_budget,1.1,False,VALIDATED
289,u_seq_core.addr_q[5]$_DFFE_PN0P_,clk_core,4.65,0.79,0.07175292435864969,4.57824707564135,recovery,guardband_10pct,hypothetical_guardband_10pct,uniform_10pct_vdd_budget,1.1,False,VALIDATED
291,u_seq_core.addr_q[27]$_DFFE_PN0P_,clk_core,4.65,0.79,0.07175292435864969,4.57824707564135,recovery,guardband_10pct,hypothetical_guardband_10pct,uniform_10pct_vdd_budget,1.1,False,VALIDATED
292,u_seq_core.beats_left[20]$_DFFE_PN0P_,clk_core,4.65,0.79,0.07175292435864969,4.57824707564135,recovery,guardband_10pct,hypothetical_guardband_10pct,uniform_10pct_vdd_budget,1.1,False,VALIDATED
293,u_seq_core.beats_left[13]$_DFFE_PN0P_,clk_core,4.65,0.79,0.07175292435864969,4.57824707564135,recovery,guardband_10pct,hypothetical_guardband_10pct,uniform_10pct_vdd_budget,1.1,False,VALIDATED
294,u_seq_core.addr_q[11]$_DFFE_PN0P_,clk_core,4.65,0.79,0.07175292435864969,4.57824707564135,recovery,guardband_10pct,hypothetical_guardband_10pct,uniform_10pct_vdd_budget,1.1,False,VALIDATED
295,u_seq_core.beats_left[2]$_DFFE_PN0P_,clk_core,4.65,0.79,0.07175292435864969,4.57824707564135,recovery,guardband_10pct,hypothetical_guardband_10pct,uniform_10pct_vdd_budget,1.1,False,VALIDATED
296,u_seq_core.beats_left[12]$_DFFE_PN0P_,clk_core,4.65,0.79,0.07175292435864969,4.57824707564135,recovery,guardband_10pct,hypothetical_guardband_10pct,uniform_10pct_vdd_budget,1.1,False,VALIDATED
297,u_seq_core.beats_left[31]$_DFFE_PN0P_,clk_core,4.65,0.79,0.07175292435864969,4.57824707564135,recovery,guardband_10pct,hypothetical_guardband_10pct,uniform_10pct_vdd_budget,1.1,False,VALIDATED
298,u_seq_core.beats_left[11]$_DFFE_PN0P_,clk_core,4.65,0.79,0.07175292435864969,4.57824707564135,recovery,guardband_10pct,hypothetical_guardband_10pct,uniform_10pct_vdd_budget,1.1,False,VALIDATED
299,u_seq_core.beats_left[10]$_DFFE_PN0P_,clk_core,4.65,0.79,0.07175292435864969,4.57824707564135,recovery,guardband_10pct,hypothetical_guardband_10pct,uniform_10pct_vdd_budget,1.1,False,VALIDATED
300,u_seq_core.beats_left[9]$_DFFE_PN0P_,clk_core,4.65,0.79,0.07175292435864969,4.57824707564135,recovery,guardband_10pct,hypothetical_guardband_10pct,uniform_10pct_vdd_budget,1.1,False,VALIDATED
301,u_seq_core.beats_left[8]$_DFFE_PN0P_,clk_core,4.65,0.79,0.07175292435864969,4.57824707564135,recovery,guardband_10pct,hypothetical_guardband_10pct,uniform_10pct_vdd_budget,1.1,False,VALIDATED
302,u_seq_core.addr_q[19]$_DFFE_PN0P_,clk_core,4.65,0.79,0.07175292435864969,4.57824707564135,recovery,guardband_10pct,hypothetical_guardband_10pct,uniform_10pct_vdd_budget,1.1,False,VALIDATED
307,c_cmd_addr[13]$_DFFE_PN0N_,clk_core,4.66,0.79,0.07175292435864977,4.58824707564135,recovery,guardband_10pct,hypothetical_guardband_10pct,uniform_10pct_vdd_budget,1.1,False,VALIDATED
306,c_cmd_addr[18]$_DFFE_PN0N_,clk_core,4.66,0.79,0.07175292435864977,4.58824707564135,recovery,guardband_10pct,hypothetical_guardband_10pct,uniform_10pct_vdd_budget,1.1,False,VALIDATED
312,c_cmd_addr[0]$_DFFE_PN0N_,clk_core,4.66,0.79,0.07175292435864977,4.58824707564135,recovery,guardband_10pct,hypothetical_guardband_10pct,uniform_10pct_vdd_budget,1.1,False,VALIDATED
313,c_cmd_opcode[6]$_DFFE_PN0N_,clk_core,4.66,0.79,0.07175292435864977,4.58824707564135,recovery,guardband_10pct,hypothetical_guardband_10pct,uniform_10pct_vdd_budget,1.1,False,VALIDATED
309,c_cmd_opcode[7]$_DFFE_PN0N_,clk_core,4.66,0.79,0.07175292435864977,4.58824707564135,recovery,guardband_10pct,hypothetical_guardband_10pct,uniform_10pct_vdd_budget,1.1,False,VALIDATED
308,c_cmd_addr[16]$_DFFE_PN0N_,clk_core,4.66,0.79,0.07175292435864977,4.58824707564135,recovery,guardband_10pct,hypothetical_guardband_10pct,uniform_10pct_vdd_budget,1.1,False,VALIDATED
310,c_cmd_opcode[5]$_DFFE_PN0N_,clk_core,4.66,0.79,0.07175292435864977,4.58824707564135,recovery,guardband_10pct,hypothetical_guardband_10pct,uniform_10pct_vdd_budget,1.1,False,VALIDATED
305,c_cmd_addr[1]$_DFFE_PN0N_,clk_core,4.66,0.79,0.07175292435864977,4.58824707564135,recovery,guardband_10pct,hypothetical_guardband_10pct,uniform_10pct_vdd_budget,1.1,False,VALIDATED
311,c_cmd_addr[19]$_DFFE_PN0N_,clk_core,4.66,0.79,0.07175292435864977,4.58824707564135,recovery,guardband_10pct,hypothetical_guardband_10pct,uniform_10pct_vdd_budget,1.1,False,VALIDATED
303,c_cmd_addr[12]$_DFFE_PN0N_,clk_core,4.66,0.79,0.07175292435864977,4.58824707564135,recovery,guardband_10pct,hypothetical_guardband_10pct,uniform_10pct_vdd_budget,1.1,False,VALIDATED
304,c_cmd_addr[15]$_DFFE_PN0N_,clk_core,4.66,0.79,0.07175292435864977,4.58824707564135,recovery,guardband_10pct,hypothetical_guardband_10pct,uniform_10pct_vdd_budget,1.1,False,VALIDATED
315,c_cmd_addr[2]$_DFFE_PN0N_,clk_core,4.67,0.79,0.07175292435864977,4.59824707564135,recovery,guardband_10pct,hypothetical_guardband_10pct,uniform_10pct_vdd_budget,1.1,False,VALIDATED
314,c_cmd_addr[14]$_DFFE_PN0N_,clk_core,4.67,0.79,0.07175292435864977,4.59824707564135,recovery,guardband_10pct,hypothetical_guardband_10pct,uniform_10pct_vdd_budget,1.1,False,VALIDATED
316,c_cmd_opcode[3]$_DFFE_PN0N_,clk_core,4.67,0.79,0.07175292435864977,4.59824707564135,recovery,guardband_10pct,hypothetical_guardband_10pct,uniform_10pct_vdd_budget,1.1,False,VALIDATED
317,u_seq_core.addr_q[28]$_DFFE_PN0P_,clk_core,4.69,0.76,0.06902812976275177,4.620971870237248,recovery,guardband_10pct,hypothetical_guardband_10pct,uniform_10pct_vdd_budget,1.1,False,VALIDATED
318,u_seq_core.addr_q[29]$_DFFE_PN0P_,clk_core,4.73,0.71,0.06448680543625485,4.665513194563745,recovery,guardband_10pct,hypothetical_guardband_10pct,uniform_10pct_vdd_budget,1.1,False,VALIDATED
323,c_cmd_addr[27]$_DFFE_PN0N_,clk_core,4.74,0.71,0.06448680543625493,4.675513194563745,recovery,guardband_10pct,hypothetical_guardband_10pct,uniform_10pct_vdd_budget,1.1,False,VALIDATED
320,c_cmd_addr[28]$_DFFE_PN0N_,clk_core,4.74,0.71,0.06448680543625493,4.675513194563745,recovery,guardband_10pct,hypothetical_guardband_10pct,uniform_10pct_vdd_budget,1.1,False,VALIDATED
334,c_cmd_addr[30]$_DFFE_PN0N_,clk_core,4.74,0.71,0.0644868054362549,4.675513194563745,recovery,guardband_10pct,hypothetical_guardband_10pct,uniform_10pct_vdd_budget,1.1,False,VALIDATED
335,c_cmd_addr[3]$_DFFE_PN0N_,clk_core,4.74,0.71,0.0644868054362549,4.675513194563745,recovery,guardband_10pct,hypothetical_guardband_10pct,uniform_10pct_vdd_budget,1.1,False,VALIDATED
332,c_cmd_addr[10]$_DFFE_PN0N_,clk_core,4.74,0.71,0.0644868054362549,4.675513194563745,recovery,guardband_10pct,hypothetical_guardband_10pct,uniform_10pct_vdd_budget,1.1,False,VALIDATED
325,c_cmd_addr[21]$_DFFE_PN0N_,clk_core,4.74,0.71,0.0644868054362549,4.675513194563745,recovery,guardband_10pct,hypothetical_guardband_10pct,uniform_10pct_vdd_budget,1.1,False,VALIDATED
326,c_cmd_addr[26]$_DFFE_PN0N_,clk_core,4.74,0.71,0.0644868054362549,4.675513194563745,recovery,guardband_10pct,hypothetical_guardband_10pct,uniform_10pct_vdd_budget,1.1,False,VALIDATED
328,c_cmd_addr[4]$_DFFE_PN0N_,clk_core,4.74,0.71,0.0644868054362549,4.675513194563745,recovery,guardband_10pct,hypothetical_guardband_10pct,uniform_10pct_vdd_budget,1.1,False,VALIDATED
321,c_cmd_addr[29]$_DFFE_PN0N_,clk_core,4.74,0.71,0.06448680543625493,4.675513194563745,recovery,guardband_10pct,hypothetical_guardband_10pct,uniform_10pct_vdd_budget,1.1,False,VALIDATED
333,c_cmd_addr[5]$_DFFE_PN0N_,clk_core,4.74,0.71,0.0644868054362549,4.675513194563745,recovery,guardband_10pct,hypothetical_guardband_10pct,uniform_10pct_vdd_budget,1.1,False,VALIDATED
336,c_cmd_addr[11]$_DFFE_PN0N_,clk_core,4.74,0.71,0.0644868054362549,4.675513194563745,recovery,guardband_10pct,hypothetical_guardband_10pct,uniform_10pct_vdd_budget,1.1,False,VALIDATED
338,g_chan[0].u_cdc_chcmd.wq2_rgray[3]$_DFF_PN0_,clk_core,4.74,0.7,0.06357854057095541,4.6764214594290445,recovery,guardband_10pct,hypothetical_guardband_10pct,uniform_10pct_vdd_budget,1.1,False,VALIDATED
329,g_chan[0].u_cdc_chcmd.wbin[2]$_DFF_PN0_,clk_core,4.74,0.7,0.06357854057095541,4.6764214594290445,recovery,guardband_10pct,hypothetical_guardband_10pct,uniform_10pct_vdd_budget,1.1,False,VALIDATED
330,g_chan[0].u_cdc_chcmd.wbin[1]$_DFF_PN0_,clk_core,4.74,0.7,0.06357854057095541,4.6764214594290445,recovery,guardband_10pct,hypothetical_guardband_10pct,uniform_10pct_vdd_budget,1.1,False,VALIDATED
337,g_chan[0].u_cdc_chcmd.wq2_rgray[2]$_DFF_PN0_,clk_core,4.74,0.7,0.06357854057095541,4.6764214594290445,recovery,guardband_10pct,hypothetical_guardband_10pct,uniform_10pct_vdd_budget,1.1,False,VALIDATED
339,u_seq_core.op_q[7]$_DFFE_PN0P_,clk_core,4.74,0.7,0.06357854057095541,4.6764214594290445,recovery,guardband_10pct,hypothetical_guardband_10pct,uniform_10pct_vdd_budget,1.1,False,VALIDATED
324,g_chan[0].u_cdc_chcmd.wq1_rgray[4]$_DFF_PN0_,clk_core,4.74,0.7,0.06357854057095541,4.6764214594290445,recovery,guardband_10pct,hypothetical_guardband_10pct,uniform_10pct_vdd_budget,1.1,False,VALIDATED
327,g_chan[0].u_cdc_chcmd.wq2_rgray[4]$_DFF_PN0_,clk_core,4.74,0.7,0.06357854057095541,4.6764214594290445,recovery,guardband_10pct,hypothetical_guardband_10pct,uniform_10pct_vdd_budget,1.1,False,VALIDATED
319,g_chan[0].u_cdc_chcmd.wgray[2]$_DFF_PN0_,clk_core,4.74,0.7,0.06357854057095541,4.6764214594290445,recovery,guardband_10pct,hypothetical_guardband_10pct,uniform_10pct_vdd_budget,1.1,False,VALIDATED
340,g_chan[0].u_cdc_chcmd.wq1_rgray[0]$_DFF_PN0_,clk_core,4.74,0.7,0.06357854057095541,4.6764214594290445,recovery,guardband_10pct,hypothetical_guardband_10pct,uniform_10pct_vdd_budget,1.1,False,VALIDATED
322,g_chan[0].u_cdc_chcmd.wgray[3]$_DFF_PN0_,clk_core,4.74,0.7,0.06357854057095541,4.6764214594290445,recovery,guardband_10pct,hypothetical_guardband_10pct,uniform_10pct_vdd_budget,1.1,False,VALIDATED
331,g_chan[0].u_cdc_chcmd.wbin[0]$_DFF_PN0_,clk_core,4.74,0.7,0.06357854057095541,4.6764214594290445,recovery,guardband_10pct,hypothetical_guardband_10pct,uniform_10pct_vdd_budget,1.1,False,VALIDATED
341,g_chan[0].u_cdc_chcmd.wq2_rgray[0]$_DFF_PN0_,clk_core,4.74,0.7,0.06357854057095541,4.6764214594290445,recovery,guardband_10pct,hypothetical_guardband_10pct,uniform_10pct_vdd_budget,1.1,False,VALIDATED
349,c_cmd_len[18]$_DFFE_PN0N_,clk_core,4.75,0.71,0.06448680543625493,4.685513194563745,recovery,guardband_10pct,hypothetical_guardband_10pct,uniform_10pct_vdd_budget,1.1,False,VALIDATED
347,c_cmd_len[19]$_DFFE_PN0N_,clk_core,4.75,0.71,0.06448680543625493,4.685513194563745,recovery,guardband_10pct,hypothetical_guardband_10pct,uniform_10pct_vdd_budget,1.1,False,VALIDATED
348,c_cmd_len[17]$_DFFE_PN0N_,clk_core,4.75,0.71,0.06448680543625493,4.685513194563745,recovery,guardband_10pct,hypothetical_guardband_10pct,uniform_10pct_vdd_budget,1.1,False,VALIDATED
343,c_cmd_len[24]$_DFFE_PN0N_,clk_core,4.75,0.71,0.06448680543625493,4.685513194563745,recovery,guardband_10pct,hypothetical_guardband_10pct,uniform_10pct_vdd_budget,1.1,False,VALIDATED
346,c_cmd_len[15]$_DFFE_PN0N_,clk_core,4.75,0.71,0.06448680543625493,4.685513194563745,recovery,guardband_10pct,hypothetical_guardband_10pct,uniform_10pct_vdd_budget,1.1,False,VALIDATED
344,u_seq_core.state[1]$_DFFE_PN0P_,clk_core,4.75,0.7,0.06357854057095541,4.686421459429044,recovery,guardband_10pct,hypothetical_guardband_10pct,uniform_10pct_vdd_budget,1.1,False,VALIDATED
356,c_cmd_len[22]$_DFFE_PN0N_,clk_core,4.75,0.7,0.06357854057095544,4.686421459429044,recovery,guardband_10pct,hypothetical_guardband_10pct,uniform_10pct_vdd_budget,1.1,False,VALIDATED
355,c_cmd_len[23]$_DFFE_PN0N_,clk_core,4.75,0.7,0.06357854057095544,4.686421459429044,recovery,guardband_10pct,hypothetical_guardband_10pct,uniform_10pct_vdd_budget,1.1,False,VALIDATED
358,c_cmd_len[20]$_DFFE_PN0N_,clk_core,4.75,0.7,0.06357854057095544,4.686421459429044,recovery,guardband_10pct,hypothetical_guardband_10pct,uniform_10pct_vdd_budget,1.1,False,VALIDATED
351,c_cmd_len[13]$_DFFE_PN0N_,clk_core,4.75,0.7,0.06357854057095544,4.686421459429044,recovery,guardband_10pct,hypothetical_guardband_10pct,uniform_10pct_vdd_budget,1.1,False,VALIDATED
352,c_cmd_len[12]$_DFFE_PN0N_,clk_core,4.75,0.7,0.06357854057095544,4.686421459429044,recovery,guardband_10pct,hypothetical_guardband_10pct,uniform_10pct_vdd_budget,1.1,False,VALIDATED
353,c_cmd_len[16]$_DFFE_PN0N_,clk_core,4.75,0.7,0.06357854057095544,4.686421459429044,recovery,guardband_10pct,hypothetical_guardband_10pct,uniform_10pct_vdd_budget,1.1,False,VALIDATED
350,c_cmd_len[14]$_DFFE_PN0N_,clk_core,4.75,0.7,0.06357854057095544,4.686421459429044,recovery,guardband_10pct,hypothetical_guardband_10pct,uniform_10pct_vdd_budget,1.1,False,VALIDATED
342,u_seq_core.state[2]$_DFFE_PN0P_,clk_core,4.75,0.7,0.06357854057095541,4.686421459429044,recovery,guardband_10pct,hypothetical_guardband_10pct,uniform_10pct_vdd_budget,1.1,False,VALIDATED
345,u_seq_core.state[0]$_DFFE_PN0P_,clk_core,4.75,0.7,0.06357854057095541,4.686421459429044,recovery,guardband_10pct,hypothetical_guardband_10pct,uniform_10pct_vdd_budget,1.1,False,VALIDATED
357,c_cmd_len[25]$_DFFE_PN0N_,clk_core,4.75,0.7,0.06357854057095544,4.686421459429044,recovery,guardband_10pct,hypothetical_guardband_10pct,uniform_10pct_vdd_budget,1.1,False,VALIDATED
360,c_cmd_len[26]$_DFFE_PN0N_,clk_core,4.75,0.7,0.06357854057095544,4.686421459429044,recovery,guardband_10pct,hypothetical_guardband_10pct,uniform_10pct_vdd_budget,1.1,False,VALIDATED
354,u_seq_core.addr_q[15]$_DFFE_PN0P_,clk_core,4.75,0.69,0.06267027570565611,4.687329724294344,recovery,guardband_10pct,hypothetical_guardband_10pct,uniform_10pct_vdd_budget,1.1,False,VALIDATED
361,u_seq_core.addr_q[24]$_DFFE_PN0P_,clk_core,4.75,0.69,0.06267027570565611,4.687329724294344,recovery,guardband_10pct,hypothetical_guardband_10pct,uniform_10pct_vdd_budget,1.1,False,VALIDATED
359,u_seq_core.addr_q[13]$_DFFE_PN0P_,clk_core,4.75,0.69,0.06267027570565611,4.687329724294344,recovery,guardband_10pct,hypothetical_guardband_10pct,uniform_10pct_vdd_budget,1.1,False,VALIDATED
362,c_cmd_len[21]$_DFFE_PN0N_,clk_core,4.76,0.7,0.06357854057095544,4.696421459429044,recovery,guardband_10pct,hypothetical_guardband_10pct,uniform_10pct_vdd_budget,1.1,False,VALIDATED
364,c_cmd_len[31]$_DFFE_PN0N_,clk_core,4.76,0.7,0.06357854057095544,4.696421459429044,recovery,guardband_10pct,hypothetical_guardband_10pct,uniform_10pct_vdd_budget,1.1,False,VALIDATED
371,c_cmd_len[28]$_DFFE_PN0N_,clk_core,4.76,0.7,0.06357854057095544,4.696421459429044,recovery,guardband_10pct,hypothetical_guardband_10pct,uniform_10pct_vdd_budget,1.1,False,VALIDATED
370,c_cmd_addr[31]$_DFFE_PN0N_,clk_core,4.76,0.69,0.06267027570565614,4.6973297242943435,recovery,guardband_10pct,hypothetical_guardband_10pct,uniform_10pct_vdd_budget,1.1,False,VALIDATED
366,c_cmd_len[29]$_DFFE_PN0N_,clk_core,4.76,0.69,0.06267027570565614,4.6973297242943435,recovery,guardband_10pct,hypothetical_guardband_10pct,uniform_10pct_vdd_budget,1.1,False,VALIDATED
363,u_seq_core.addr_q[12]$_DFFE_PN0P_,clk_core,4.76,0.69,0.06267027570565611,4.6973297242943435,recovery,guardband_10pct,hypothetical_guardband_10pct,uniform_10pct_vdd_budget,1.1,False,VALIDATED
372,c_cmd_len[30]$_DFFE_PN0N_,clk_core,4.76,0.69,0.06267027570565614,4.6973297242943435,recovery,guardband_10pct,hypothetical_guardband_10pct,uniform_10pct_vdd_budget,1.1,False,VALIDATED
368,c_cmd_len[27]$_DFFE_PN0N_,clk_core,4.76,0.69,0.06267027570565614,4.6973297242943435,recovery,guardband_10pct,hypothetical_guardband_10pct,uniform_10pct_vdd_budget,1.1,False,VALIDATED
367,c_cmd_addr[20]$_DFFE_PN0N_,clk_core,4.76,0.69,0.06267027570565614,4.6973297242943435,recovery,guardband_10pct,hypothetical_guardband_10pct,uniform_10pct_vdd_budget,1.1,False,VALIDATED
365,u_seq_core.addr_q[0]$_DFFE_PN0P_,clk_core,4.76,0.69,0.06267027570565611,4.6973297242943435,recovery,guardband_10pct,hypothetical_guardband_10pct,uniform_10pct_vdd_budget,1.1,False,VALIDATED
369,u_seq_core.addr_q[16]$_DFFE_PN0P_,clk_core,4.76,0.68,0.06176201084035667,4.698237989159643,recovery,guardband_10pct,hypothetical_guardband_10pct,uniform_10pct_vdd_budget,1.1,False,VALIDATED
373,c_cmd_addr[22]$_DFFE_PN0N_,clk_core,4.77,0.69,0.06267027570565614,4.707329724294343,recovery,guardband_10pct,hypothetical_guardband_10pct,uniform_10pct_vdd_budget,1.1,False,VALIDATED
374,c_cmd_len[11]$_DFFE_PN0N_,clk_core,4.77,0.69,0.06267027570565614,4.707329724294343,recovery,guardband_10pct,hypothetical_guardband_10pct,uniform_10pct_vdd_budget,1.1,False,VALIDATED
803,u_host_if.reg_len[3]$_DFFE_PN0P_,clk_host,6.54,3.7,0.33605800016076515,6.203941999839235,setup,guardband_10pct,hypothetical_guardband_10pct,uniform_10pct_vdd_budget,1.1,False,VALIDATED
801,u_host_if.reg_len[9]$_DFFE_PN0P_,clk_host,6.54,3.7,0.33605800016076515,6.203941999839235,setup,guardband_10pct,hypothetical_guardband_10pct,uniform_10pct_vdd_budget,1.1,False,VALIDATED
802,u_host_if.reg_len[11]$_DFFE_PN0P_,clk_host,6.54,3.7,0.33605800016076515,6.203941999839235,setup,guardband_10pct,hypothetical_guardband_10pct,uniform_10pct_vdd_budget,1.1,False,VALIDATED
809,u_host_if.reg_len[0]$_DFFE_PN0P_,clk_host,6.54,3.7,0.33605800016076515,6.203941999839235,setup,guardband_10pct,hypothetical_guardband_10pct,uniform_10pct_vdd_budget,1.1,False,VALIDATED
810,u_host_if.repack_q[8]$_DFFE_PN0P_,clk_host,6.54,3.69,0.33514973529546493,6.204850264704535,setup,guardband_10pct,hypothetical_guardband_10pct,uniform_10pct_vdd_budget,1.1,False,VALIDATED
806,u_host_if.repack_q[7]$_DFFE_PN0P_,clk_host,6.54,3.69,0.33514973529546493,6.204850264704535,setup,guardband_10pct,hypothetical_guardband_10pct,uniform_10pct_vdd_budget,1.1,False,VALIDATED
805,u_host_if.repack_q[9]$_DFFE_PN0P_,clk_host,6.54,3.69,0.33514973529546493,6.204850264704535,setup,guardband_10pct,hypothetical_guardband_10pct,uniform_10pct_vdd_budget,1.1,False,VALIDATED
812,u_host_if.repack_q[11]$_DFFE_PN0P_,clk_host,6.54,3.69,0.33514973529546493,6.204850264704535,setup,guardband_10pct,hypothetical_guardband_10pct,uniform_10pct_vdd_budget,1.1,False,VALIDATED
808,u_host_if.repack_q[2]$_DFFE_PN0P_,clk_host,6.54,3.69,0.33514973529546493,6.204850264704535,setup,guardband_10pct,hypothetical_guardband_10pct,uniform_10pct_vdd_budget,1.1,False,VALIDATED
807,u_host_if.repack_q[5]$_DFFE_PN0P_,clk_host,6.54,3.69,0.33514973529546493,6.204850264704535,setup,guardband_10pct,hypothetical_guardband_10pct,uniform_10pct_vdd_budget,1.1,False,VALIDATED
804,u_host_if.repack_q[1]$_DFFE_PN0P_,clk_host,6.54,3.69,0.33514973529546493,6.204850264704535,setup,guardband_10pct,hypothetical_guardband_10pct,uniform_10pct_vdd_budget,1.1,False,VALIDATED
811,u_host_if.repack_q[13]$_DFFE_PN0P_,clk_host,6.54,3.68,0.33424147043016605,6.205758529569834,setup,guardband_10pct,hypothetical_guardband_10pct,uniform_10pct_vdd_budget,1.1,False,VALIDATED
823,u_host_if.reg_len[29]$_DFFE_PN0P_,clk_host,6.55,3.7,0.33605800016076515,6.213941999839235,setup,guardband_10pct,hypothetical_guardband_10pct,uniform_10pct_vdd_budget,1.1,False,VALIDATED
816,u_host_if.reg_len[5]$_DFFE_PN0P_,clk_host,6.55,3.7,0.33605800016076515,6.213941999839235,setup,guardband_10pct,hypothetical_guardband_10pct,uniform_10pct_vdd_budget,1.1,False,VALIDATED
818,u_host_if.reg_len[8]$_DFFE_PN0P_,clk_host,6.55,3.7,0.33605800016076515,6.213941999839235,setup,guardband_10pct,hypothetical_guardband_10pct,uniform_10pct_vdd_budget,1.1,False,VALIDATED
820,u_host_if.reg_len[4]$_DFFE_PN0P_,clk_host,6.55,3.7,0.33605800016076515,6.213941999839235,setup,guardband_10pct,hypothetical_guardband_10pct,uniform_10pct_vdd_budget,1.1,False,VALIDATED
819,u_host_if.reg_len[10]$_DFFE_PN0P_,clk_host,6.55,3.7,0.33605800016076515,6.213941999839235,setup,guardband_10pct,hypothetical_guardband_10pct,uniform_10pct_vdd_budget,1.1,False,VALIDATED
817,u_host_if.reg_len[2]$_DFFE_PN0P_,clk_host,6.55,3.7,0.33605800016076515,6.213941999839235,setup,guardband_10pct,hypothetical_guardband_10pct,uniform_10pct_vdd_budget,1.1,False,VALIDATED
821,u_host_if.reg_len[27]$_DFFE_PN0P_,clk_host,6.55,3.7,0.33605800016076515,6.213941999839235,setup,guardband_10pct,hypothetical_guardband_10pct,uniform_10pct_vdd_budget,1.1,False,VALIDATED
814,u_host_if.reg_len[7]$_DFFE_PN0P_,clk_host,6.55,3.7,0.33605800016076515,6.213941999839235,setup,guardband_10pct,hypothetical_guardband_10pct,uniform_10pct_vdd_budget,1.1,False,VALIDATED
822,u_host_if.reg_len[26]$_DFFE_PN0P_,clk_host,6.55,3.7,0.33605800016076515,6.213941999839235,setup,guardband_10pct,hypothetical_guardband_10pct,uniform_10pct_vdd_budget,1.1,False,VALIDATED
825,u_host_if.reg_len[6]$_DFFE_PN0P_,clk_host,6.55,3.7,0.33605800016076515,6.213941999839235,setup,guardband_10pct,hypothetical_guardband_10pct,uniform_10pct_vdd_budget,1.1,False,VALIDATED
813,u_host_if.reg_len[1]$_DFFE_PN0P_,clk_host,6.55,3.7,0.33605800016076515,6.213941999839235,setup,guardband_10pct,hypothetical_guardband_10pct,uniform_10pct_vdd_budget,1.1,False,VALIDATED
827,u_host_if.reg_len[20]$_DFFE_PN0P_,clk_host,6.55,3.69,0.33514973529546493,6.214850264704535,setup,guardband_10pct,hypothetical_guardband_10pct,uniform_10pct_vdd_budget,1.1,False,VALIDATED
824,u_host_if.reg_len[30]$_DFFE_PN0P_,clk_host,6.55,3.69,0.33514973529546493,6.214850264704535,setup,guardband_10pct,hypothetical_guardband_10pct,uniform_10pct_vdd_budget,1.1,False,VALIDATED
826,u_host_if.reg_len[14]$_DFFE_PN0P_,clk_host,6.55,3.69,0.33514973529546493,6.214850264704535,setup,guardband_10pct,hypothetical_guardband_10pct,uniform_10pct_vdd_budget,1.1,False,VALIDATED
830,u_host_if.repack_q[4]$_DFFE_PN0P_,clk_host,6.55,3.69,0.33514973529546493,6.214850264704535,setup,guardband_10pct,hypothetical_guardband_10pct,uniform_10pct_vdd_budget,1.1,False,VALIDATED
829,u_host_if.reg_len[21]$_DFFE_PN0P_,clk_host,6.55,3.69,0.33514973529546493,6.214850264704535,setup,guardband_10pct,hypothetical_guardband_10pct,uniform_10pct_vdd_budget,1.1,False,VALIDATED
828,u_host_if.reg_len[31]$_DFFE_PN0P_,clk_host,6.55,3.69,0.33514973529546493,6.214850264704535,setup,guardband_10pct,hypothetical_guardband_10pct,uniform_10pct_vdd_budget,1.1,False,VALIDATED
831,u_host_if.reg_len[13]$_DFFE_PN0P_,clk_host,6.55,3.69,0.33514973529546493,6.214850264704535,setup,guardband_10pct,hypothetical_guardband_10pct,uniform_10pct_vdd_budget,1.1,False,VALIDATED
815,u_host_if.repack_q[6]$_DFFE_PN0P_,clk_host,6.55,3.69,0.33514973529546493,6.214850264704535,setup,guardband_10pct,hypothetical_guardband_10pct,uniform_10pct_vdd_budget,1.1,False,VALIDATED
832,u_host_if.repack_q[15]$_DFFE_PN0P_,clk_host,6.55,3.68,0.33424147043016605,6.215758529569833,setup,guardband_10pct,hypothetical_guardband_10pct,uniform_10pct_vdd_budget,1.1,False,VALIDATED
833,u_host_if.repack_q[3]$_DFFE_PN0P_,clk_host,6.55,3.68,0.33424147043016605,6.215758529569833,setup,guardband_10pct,hypothetical_guardband_10pct,uniform_10pct_vdd_budget,1.1,False,VALIDATED
834,u_host_if.reg_len[28]$_DFFE_PN0P_,clk_host,6.56,3.7,0.33605800016076515,6.2239419998392345,setup,guardband_10pct,hypothetical_guardband_10pct,uniform_10pct_vdd_budget,1.1,False,VALIDATED
837,u_host_if.repack_q[16]$_DFFE_PN0P_,clk_host,6.56,3.68,0.33424147043016605,6.225758529569833,setup,guardband_10pct,hypothetical_guardband_10pct,uniform_10pct_vdd_budget,1.1,False,VALIDATED
836,u_host_if.repack_q[10]$_DFFE_PN0P_,clk_host,6.56,3.68,0.33424147043016605,6.225758529569833,setup,guardband_10pct,hypothetical_guardband_10pct,uniform_10pct_vdd_budget,1.1,False,VALIDATED
839,u_host_if.reg_addr[10]$_DFFE_PN0P_,clk_host,6.56,3.68,0.33424147043016605,6.225758529569833,setup,guardband_10pct,hypothetical_guardband_10pct,uniform_10pct_vdd_budget,1.1,False,VALIDATED
838,u_host_if.repack_q[19]$_DFFE_PN0P_,clk_host,6.56,3.68,0.33424147043016605,6.225758529569833,setup,guardband_10pct,hypothetical_guardband_10pct,uniform_10pct_vdd_budget,1.1,False,VALIDATED
840,u_host_if.reg_addr[30]$_DFFE_PN0P_,clk_host,6.56,3.68,0.33424147043016605,6.225758529569833,setup,guardband_10pct,hypothetical_guardband_10pct,uniform_10pct_vdd_budget,1.1,False,VALIDATED
844,u_host_if.reg_addr[28]$_DFFE_PN0P_,clk_host,6.56,3.68,0.33424147043016605,6.225758529569833,setup,guardband_10pct,hypothetical_guardband_10pct,uniform_10pct_vdd_budget,1.1,False,VALIDATED
842,u_host_if.reg_addr[27]$_DFFE_PN0P_,clk_host,6.56,3.68,0.33424147043016605,6.225758529569833,setup,guardband_10pct,hypothetical_guardband_10pct,uniform_10pct_vdd_budget,1.1,False,VALIDATED
841,u_host_if.reg_addr[26]$_DFFE_PN0P_,clk_host,6.56,3.68,0.33424147043016605,6.225758529569833,setup,guardband_10pct,hypothetical_guardband_10pct,uniform_10pct_vdd_budget,1.1,False,VALIDATED
843,u_host_if.reg_addr[11]$_DFFE_PN0P_,clk_host,6.56,3.68,0.33424147043016605,6.225758529569833,setup,guardband_10pct,hypothetical_guardband_10pct,uniform_10pct_vdd_budget,1.1,False,VALIDATED
835,u_host_if.repack_q[12]$_DFFE_PN0P_,clk_host,6.56,3.68,0.33424147043016605,6.225758529569833,setup,guardband_10pct,hypothetical_guardband_10pct,uniform_10pct_vdd_budget,1.1,False,VALIDATED
848,u_host_if.reg_addr[3]$_DFFE_PN0P_,clk_host,6.57,3.68,0.33424147043016605,6.235758529569834,setup,guardband_10pct,hypothetical_guardband_10pct,uniform_10pct_vdd_budget,1.1,False,VALIDATED
845,u_host_if.reg_addr[29]$_DFFE_PN0P_,clk_host,6.57,3.68,0.33424147043016605,6.235758529569834,setup,guardband_10pct,hypothetical_guardband_10pct,uniform_10pct_vdd_budget,1.1,False,VALIDATED
847,u_host_if.reg_addr[4]$_DFFE_PN0P_,clk_host,6.57,3.68,0.33424147043016605,6.235758529569834,setup,guardband_10pct,hypothetical_guardband_10pct,uniform_10pct_vdd_budget,1.1,False,VALIDATED
846,u_host_if.reg_addr[9]$_DFFE_PN0P_,clk_host,6.57,3.67,0.3333332055648663,6.236666794435134,setup,guardband_10pct,hypothetical_guardband_10pct,uniform_10pct_vdd_budget,1.1,False,VALIDATED
849,u_host_if.reg_addr[7]$_DFFE_PN0P_,clk_host,6.57,3.67,0.3333332055648663,6.236666794435134,setup,guardband_10pct,hypothetical_guardband_10pct,uniform_10pct_vdd_budget,1.1,False,VALIDATED
850,u_host_if.reg_addr[5]$_DFFE_PN0P_,clk_host,6.57,3.67,0.3333332055648663,6.236666794435134,setup,guardband_10pct,hypothetical_guardband_10pct,uniform_10pct_vdd_budget,1.1,False,VALIDATED
853,u_host_if.reg_addr[2]$_DFFE_PN0P_,clk_host,6.58,3.67,0.3333332055648663,6.246666794435134,setup,guardband_10pct,hypothetical_guardband_10pct,uniform_10pct_vdd_budget,1.1,False,VALIDATED
852,u_host_if.reg_addr[8]$_DFFE_PN0P_,clk_host,6.58,3.67,0.3333332055648663,6.246666794435134,setup,guardband_10pct,hypothetical_guardband_10pct,uniform_10pct_vdd_budget,1.1,False,VALIDATED
851,u_host_if.reg_addr[6]$_DFFE_PN0P_,clk_host,6.58,3.67,0.3333332055648663,6.246666794435134,setup,guardband_10pct,hypothetical_guardband_10pct,uniform_10pct_vdd_budget,1.1,False,VALIDATED
855,u_host_if.reg_addr[0]$_DFFE_PN0P_,clk_host,6.58,3.66,0.33242494069956724,6.247575059300432,setup,guardband_10pct,hypothetical_guardband_10pct,uniform_10pct_vdd_budget,1.1,False,VALIDATED
854,u_host_if.reg_addr[1]$_DFFE_PN0P_,clk_host,6.58,3.66,0.33242494069956724,6.247575059300432,setup,guardband_10pct,hypothetical_guardband_10pct,uniform_10pct_vdd_budget,1.1,False,VALIDATED
857,u_host_if.reg_addr[13]$_DFFE_PN0P_,clk_host,6.59,3.65,0.33151667583426747,6.2584833241657325,setup,guardband_10pct,hypothetical_guardband_10pct,uniform_10pct_vdd_budget,1.1,False,VALIDATED
886,u_host_if.repack_emit$_DFF_PN0_,clk_host,6.6,3.62,0.32879188123836944,6.27120811876163,setup,guardband_10pct,hypothetical_guardband_10pct,uniform_10pct_vdd_budget,1.1,False,VALIDATED
901,u_host_if.reg_len[23]$_DFFE_PN0P_,clk_host,6.67,3.57,0.3242505569118731,6.345749443088127,setup,guardband_10pct,hypothetical_guardband_10pct,uniform_10pct_vdd_budget,1.1,False,VALIDATED
898,u_host_if.reg_len[15]$_DFFE_PN0P_,clk_host,6.67,3.57,0.3242505569118731,6.345749443088127,setup,guardband_10pct,hypothetical_guardband_10pct,uniform_10pct_vdd_budget,1.1,False,VALIDATED
903,u_host_if.reg_len[24]$_DFFE_PN0P_,clk_host,6.67,3.57,0.3242505569118731,6.345749443088127,setup,guardband_10pct,hypothetical_guardband_10pct,uniform_10pct_vdd_budget,1.1,False,VALIDATED
902,u_host_if.reg_len[17]$_DFFE_PN0P_,clk_host,6.67,3.57,0.3242505569118731,6.345749443088127,setup,guardband_10pct,hypothetical_guardband_10pct,uniform_10pct_vdd_budget,1.1,False,VALIDATED
904,u_host_if.reg_len[18]$_DFFE_PN0P_,clk_host,6.67,3.57,0.3242505569118731,6.345749443088127,setup,guardband_10pct,hypothetical_guardband_10pct,uniform_10pct_vdd_budget,1.1,False,VALIDATED
899,u_host_if.reg_len[25]$_DFFE_PN0P_,clk_host,6.67,3.57,0.3242505569118731,6.345749443088127,setup,guardband_10pct,hypothetical_guardband_10pct,uniform_10pct_vdd_budget,1.1,False,VALIDATED
896,u_host_if.reg_len[12]$_DFFE_PN0P_,clk_host,6.67,3.57,0.3242505569118731,6.345749443088127,setup,guardband_10pct,hypothetical_guardband_10pct,uniform_10pct_vdd_budget,1.1,False,VALIDATED
895,u_host_if.reg_len[22]$_DFFE_PN0P_,clk_host,6.67,3.57,0.3242505569118731,6.345749443088127,setup,guardband_10pct,hypothetical_guardband_10pct,uniform_10pct_vdd_budget,1.1,False,VALIDATED
897,u_host_if.reg_len[19]$_DFFE_PN0P_,clk_host,6.67,3.57,0.3242505569118731,6.345749443088127,setup,guardband_10pct,hypothetical_guardband_10pct,uniform_10pct_vdd_budget,1.1,False,VALIDATED
900,u_host_if.reg_len[16]$_DFFE_PN0P_,clk_host,6.67,3.57,0.3242505569118731,6.345749443088127,setup,guardband_10pct,hypothetical_guardband_10pct,uniform_10pct_vdd_budget,1.1,False,VALIDATED
905,u_host_if.repack_q[17]$_DFFE_PN0P_,clk_host,6.67,3.56,0.3233422920465736,6.346657707953426,setup,guardband_10pct,hypothetical_guardband_10pct,uniform_10pct_vdd_budget,1.1,False,VALIDATED
909,u_host_if.repack_q[23]$_DFFE_PN0P_,clk_host,6.68,3.57,0.3242505569118731,6.3557494430881265,setup,guardband_10pct,hypothetical_guardband_10pct,uniform_10pct_vdd_budget,1.1,False,VALIDATED
915,u_host_if.repack_q[31]$_DFFE_PN0P_,clk_host,6.68,3.57,0.3242505569118731,6.3557494430881265,setup,guardband_10pct,hypothetical_guardband_10pct,uniform_10pct_vdd_budget,1.1,False,VALIDATED
910,u_host_if.repack_q[24]$_DFFE_PN0P_,clk_host,6.68,3.57,0.3242505569118731,6.3557494430881265,setup,guardband_10pct,hypothetical_guardband_10pct,uniform_10pct_vdd_budget,1.1,False,VALIDATED
913,u_host_if.repack_q[21]$_DFFE_PN0P_,clk_host,6.68,3.57,0.3242505569118731,6.3557494430881265,setup,guardband_10pct,hypothetical_guardband_10pct,uniform_10pct_vdd_budget,1.1,False,VALIDATED
911,u_host_if.repack_q[25]$_DFFE_PN0P_,clk_host,6.68,3.57,0.3242505569118731,6.3557494430881265,setup,guardband_10pct,hypothetical_guardband_10pct,uniform_10pct_vdd_budget,1.1,False,VALIDATED
908,u_host_if.repack_q[20]$_DFFE_PN0P_,clk_host,6.68,3.57,0.3242505569118731,6.3557494430881265,setup,guardband_10pct,hypothetical_guardband_10pct,uniform_10pct_vdd_budget,1.1,False,VALIDATED
924,u_host_if.reg_addr[14]$_DFFE_PN0P_,clk_host,6.68,3.56,0.32334229204657383,6.356657707953426,setup,guardband_10pct,hypothetical_guardband_10pct,uniform_10pct_vdd_budget,1.1,False,VALIDATED
912,u_host_if.reg_addr[23]$_DFFE_PN0P_,clk_host,6.68,3.56,0.32334229204657383,6.356657707953426,setup,guardband_10pct,hypothetical_guardband_10pct,uniform_10pct_vdd_budget,1.1,False,VALIDATED
922,u_host_if.reg_addr[21]$_DFFE_PN0P_,clk_host,6.68,3.56,0.32334229204657383,6.356657707953426,setup,guardband_10pct,hypothetical_guardband_10pct,uniform_10pct_vdd_budget,1.1,False,VALIDATED
927,u_host_if.reg_addr[22]$_DFFE_PN0P_,clk_host,6.68,3.56,0.32334229204657383,6.356657707953426,setup,guardband_10pct,hypothetical_guardband_10pct,uniform_10pct_vdd_budget,1.1,False,VALIDATED
914,u_host_if.repack_q[30]$_DFFE_PN0P_,clk_host,6.68,3.56,0.3233422920465736,6.356657707953426,setup,guardband_10pct,hypothetical_guardband_10pct,uniform_10pct_vdd_budget,1.1,False,VALIDATED
916,u_host_if.repack_q[0]$_DFFE_PN0P_,clk_host,6.68,3.56,0.3233422920465736,6.356657707953426,setup,guardband_10pct,hypothetical_guardband_10pct,uniform_10pct_vdd_budget,1.1,False,VALIDATED
919,u_host_if.repack_q[18]$_DFFE_PN0P_,clk_host,6.68,3.56,0.3233422920465736,6.356657707953426,setup,guardband_10pct,hypothetical_guardband_10pct,uniform_10pct_vdd_budget,1.1,False,VALIDATED
921,u_host_if.repack_q[14]$_DFFE_PN0P_,clk_host,6.68,3.56,0.3233422920465736,6.356657707953426,setup,guardband_10pct,hypothetical_guardband_10pct,uniform_10pct_vdd_budget,1.1,False,VALIDATED
923,u_host_if.reg_addr[31]$_DFFE_PN0P_,clk_host,6.68,3.56,0.32334229204657383,6.356657707953426,setup,guardband_10pct,hypothetical_guardband_10pct,uniform_10pct_vdd_budget,1.1,False,VALIDATED
920,u_host_if.reg_addr[20]$_DFFE_PN0P_,clk_host,6.68,3.56,0.32334229204657383,6.356657707953426,setup,guardband_10pct,hypothetical_guardband_10pct,uniform_10pct_vdd_budget,1.1,False,VALIDATED
906,u_host_if.repack_q[28]$_DFFE_PN0P_,clk_host,6.68,3.56,0.3233422920465736,6.356657707953426,setup,guardband_10pct,hypothetical_guardband_10pct,uniform_10pct_vdd_budget,1.1,False,VALIDATED
918,u_host_if.repack_q[29]$_DFFE_PN0P_,clk_host,6.68,3.56,0.3233422920465736,6.356657707953426,setup,guardband_10pct,hypothetical_guardband_10pct,uniform_10pct_vdd_budget,1.1,False,VALIDATED
917,u_host_if.repack_q[22]$_DFFE_PN0P_,clk_host,6.68,3.56,0.3233422920465736,6.356657707953426,setup,guardband_10pct,hypothetical_guardband_10pct,uniform_10pct_vdd_budget,1.1,False,VALIDATED
926,u_host_if.reg_addr[19]$_DFFE_PN0P_,clk_host,6.68,3.56,0.32334229204657383,6.356657707953426,setup,guardband_10pct,hypothetical_guardband_10pct,uniform_10pct_vdd_budget,1.1,False,VALIDATED
925,u_host_if.repack_q[27]$_DFFE_PN0P_,clk_host,6.68,3.56,0.3233422920465736,6.356657707953426,setup,guardband_10pct,hypothetical_guardband_10pct,uniform_10pct_vdd_budget,1.1,False,VALIDATED
907,u_host_if.repack_q[26]$_DFFE_PN0P_,clk_host,6.68,3.56,0.3233422920465736,6.356657707953426,setup,guardband_10pct,hypothetical_guardband_10pct,uniform_10pct_vdd_budget,1.1,False,VALIDATED
929,u_host_if.reg_chmask[0]$_DFFE_PN0P_,clk_host,6.69,3.54,0.32152576231597507,6.368474237684025,setup,guardband_10pct,hypothetical_guardband_10pct,uniform_10pct_vdd_budget,1.1,False,VALIDATED
928,u_host_if.reg_chmask[1]$_DFFE_PN0P_,clk_host,6.69,3.54,0.32152576231597507,6.368474237684025,setup,guardband_10pct,hypothetical_guardband_10pct,uniform_10pct_vdd_budget,1.1,False,VALIDATED
930,u_host_if.reg_addr[17]$_DFFE_PN0P_,clk_host,6.69,3.54,0.3215257623159744,6.368474237684026,setup,guardband_10pct,hypothetical_guardband_10pct,uniform_10pct_vdd_budget,1.1,False,VALIDATED
931,u_host_if.reg_addr[15]$_DFFE_PN0P_,clk_host,6.69,3.54,0.3215257623159744,6.368474237684026,setup,guardband_10pct,hypothetical_guardband_10pct,uniform_10pct_vdd_budget,1.1,False,VALIDATED
936,u_host_if.reg_addr[24]$_DFFE_PN0P_,clk_host,6.7,3.54,0.3215257623159744,6.378474237684026,setup,guardband_10pct,hypothetical_guardband_10pct,uniform_10pct_vdd_budget,1.1,False,VALIDATED
933,u_host_if.reg_addr[25]$_DFFE_PN0P_,clk_host,6.7,3.54,0.3215257623159744,6.378474237684026,setup,guardband_10pct,hypothetical_guardband_10pct,uniform_10pct_vdd_budget,1.1,False,VALIDATED
935,u_host_if.reg_addr[18]$_DFFE_PN0P_,clk_host,6.7,3.54,0.3215257623159744,6.378474237684026,setup,guardband_10pct,hypothetical_guardband_10pct,uniform_10pct_vdd_budget,1.1,False,VALIDATED
934,u_host_if.reg_addr[16]$_DFFE_PN0P_,clk_host,6.7,3.54,0.3215257623159744,6.378474237684026,setup,guardband_10pct,hypothetical_guardband_10pct,uniform_10pct_vdd_budget,1.1,False,VALIDATED
932,u_host_if.reg_addr[12]$_DFFE_PN0P_,clk_host,6.7,3.54,0.3215257623159744,6.378474237684026,setup,guardband_10pct,hypothetical_guardband_10pct,uniform_10pct_vdd_budget,1.1,False,VALIDATED
937,u_host_if.s_rdata[14]$_DFFE_PN0P_,clk_host,6.7,3.54,0.3215257623159744,6.378474237684026,setup,guardband_10pct,hypothetical_guardband_10pct,uniform_10pct_vdd_budget,1.1,False,VALIDATED
948,u_host_if.s_rdata[5]$_DFFE_PN0P_,clk_host,6.71,3.54,0.3215257623159744,6.388474237684026,setup,guardband_10pct,hypothetical_guardband_10pct,uniform_10pct_vdd_budget,1.1,False,VALIDATED
946,u_host_if.s_rdata[8]$_DFFE_PN0P_,clk_host,6.71,3.54,0.3215257623159744,6.388474237684026,setup,guardband_10pct,hypothetical_guardband_10pct,uniform_10pct_vdd_budget,1.1,False,VALIDATED
947,u_host_if.s_rdata[7]$_DFFE_PN0P_,clk_host,6.71,3.54,0.3215257623159744,6.388474237684026,setup,guardband_10pct,hypothetical_guardband_10pct,uniform_10pct_vdd_budget,1.1,False,VALIDATED
949,u_host_if.s_rdata[6]$_DFFE_PN0P_,clk_host,6.71,3.54,0.3215257623159744,6.388474237684026,setup,guardband_10pct,hypothetical_guardband_10pct,uniform_10pct_vdd_budget,1.1,False,VALIDATED
950,u_host_if.s_rdata[4]$_DFFE_PN0P_,clk_host,6.71,3.54,0.3215257623159744,6.388474237684026,setup,guardband_10pct,hypothetical_guardband_10pct,uniform_10pct_vdd_budget,1.1,False,VALIDATED
942,u_host_if.s_rdata[9]$_DFFE_PN0P_,clk_host,6.71,3.54,0.3215257623159744,6.388474237684026,setup,guardband_10pct,hypothetical_guardband_10pct,uniform_10pct_vdd_budget,1.1,False,VALIDATED
940,u_host_if.s_rdata[17]$_DFFE_PN0P_,clk_host,6.71,3.54,0.3215257623159744,6.388474237684026,setup,guardband_10pct,hypothetical_guardband_10pct,uniform_10pct_vdd_budget,1.1,False,VALIDATED
938,u_host_if.s_rdata[15]$_DFFE_PN0P_,clk_host,6.71,3.54,0.3215257623159744,6.388474237684026,setup,guardband_10pct,hypothetical_guardband_10pct,uniform_10pct_vdd_budget,1.1,False,VALIDATED
939,u_host_if.s_rdata[12]$_DFFE_PN0P_,clk_host,6.71,3.54,0.3215257623159744,6.388474237684026,setup,guardband_10pct,hypothetical_guardband_10pct,uniform_10pct_vdd_budget,1.1,False,VALIDATED
941,u_host_if.s_rdata[13]$_DFFE_PN0P_,clk_host,6.71,3.54,0.3215257623159744,6.388474237684026,setup,guardband_10pct,hypothetical_guardband_10pct,uniform_10pct_vdd_budget,1.1,False,VALIDATED
944,u_host_if.s_rdata[10]$_DFFE_PN0P_,clk_host,6.71,3.54,0.3215257623159744,6.388474237684026,setup,guardband_10pct,hypothetical_guardband_10pct,uniform_10pct_vdd_budget,1.1,False,VALIDATED
945,u_host_if.s_rdata[11]$_DFFE_PN0P_,clk_host,6.71,3.54,0.3215257623159744,6.388474237684026,setup,guardband_10pct,hypothetical_guardband_10pct,uniform_10pct_vdd_budget,1.1,False,VALIDATED
943,u_host_if.s_rdata[20]$_DFFE_PN0P_,clk_host,6.71,3.54,0.3215257623159744,6.388474237684026,setup,guardband_10pct,hypothetical_guardband_10pct,uniform_10pct_vdd_budget,1.1,False,VALIDATED
952,u_host_if.s_rdata[2]$_DFFE_PN0P_,clk_host,6.71,3.53,0.320617497450675,6.389382502549325,setup,guardband_10pct,hypothetical_guardband_10pct,uniform_10pct_vdd_budget,1.1,False,VALIDATED
951,u_host_if.s_rdata[3]$_DFFE_PN0P_,clk_host,6.71,3.53,0.320617497450675,6.389382502549325,setup,guardband_10pct,hypothetical_guardband_10pct,uniform_10pct_vdd_budget,1.1,False,VALIDATED
953,u_host_if.s_rdata[16]$_DFFE_PN0P_,clk_host,6.72,3.53,0.320617497450675,6.399382502549325,setup,guardband_10pct,hypothetical_guardband_10pct,uniform_10pct_vdd_budget,1.1,False,VALIDATED
954,u_host_if.s_rdata[19]$_DFFE_PN0P_,clk_host,6.72,3.53,0.320617497450675,6.399382502549325,setup,guardband_10pct,hypothetical_guardband_10pct,uniform_10pct_vdd_budget,1.1,False,VALIDATED
956,u_host_if.s_rdata[31]$_DFFE_PN0P_,clk_host,6.72,3.53,0.320617497450675,6.399382502549325,setup,guardband_10pct,hypothetical_guardband_10pct,uniform_10pct_vdd_budget,1.1,False,VALIDATED
955,u_host_if.s_rdata[18]$_DFFE_PN0P_,clk_host,6.72,3.53,0.320617497450675,6.399382502549325,setup,guardband_10pct,hypothetical_guardband_10pct,uniform_10pct_vdd_budget,1.1,False,VALIDATED
957,u_host_if.s_rdata[21]$_DFFE_PN0P_,clk_host,6.72,3.52,0.3197092325853763,6.400290767414623,setup,guardband_10pct,hypothetical_guardband_10pct,uniform_10pct_vdd_budget,1.1,False,VALIDATED
960,u_host_if.done_sticky$_DFF_PN0_,clk_host,6.74,3.5,0.31789270285477744,6.422107297145223,setup,guardband_10pct,hypothetical_guardband_10pct,uniform_10pct_vdd_budget,1.1,False,VALIDATED
959,u_host_if.reg_opcode[1]$_DFFE_PN0P_,clk_host,6.74,3.49,0.3169844379894782,6.423015562010522,setup,guardband_10pct,hypothetical_guardband_10pct,uniform_10pct_vdd_budget,1.1,False,VALIDATED
958,u_host_if.reg_chan$_DFFE_PN0P_,clk_host,6.74,3.49,0.3169844379894784,6.423015562010522,setup,guardband_10pct,hypothetical_guardband_10pct,uniform_10pct_vdd_budget,1.1,False,VALIDATED
962,u_host_if.reg_opcode[4]$_DFFE_PN0P_,clk_host,6.75,3.5,0.31789270285477755,6.4321072971452224,setup,guardband_10pct,hypothetical_guardband_10pct,uniform_10pct_vdd_budget,1.1,False,VALIDATED
963,u_host_if.reg_opcode[6]$_DFFE_PN0P_,clk_host,6.75,3.5,0.31789270285477755,6.4321072971452224,setup,guardband_10pct,hypothetical_guardband_10pct,uniform_10pct_vdd_budget,1.1,False,VALIDATED
964,u_host_if.reg_opcode[3]$_DFFE_PN0P_,clk_host,6.75,3.49,0.3169844379894782,6.433015562010522,setup,guardband_10pct,hypothetical_guardband_10pct,uniform_10pct_vdd_budget,1.1,False,VALIDATED
961,u_host_if.reg_opcode[0]$_DFFE_PN0P_,clk_host,6.75,3.49,0.3169844379894782,6.433015562010522,setup,guardband_10pct,hypothetical_guardband_10pct,uniform_10pct_vdd_budget,1.1,False,VALIDATED
966,u_host_if.reg_opcode[5]$_DFFE_PN0P_,clk_host,6.75,3.49,0.3169844379894782,6.433015562010522,setup,guardband_10pct,hypothetical_guardband_10pct,uniform_10pct_vdd_budget,1.1,False,VALIDATED
965,u_host_if.reg_opcode[7]$_DFFE_PN0P_,clk_host,6.75,3.49,0.3169844379894782,6.433015562010522,setup,guardband_10pct,hypothetical_guardband_10pct,uniform_10pct_vdd_budget,1.1,False,VALIDATED
967,u_host_if.reg_opcode[2]$_DFFE_PN0P_,clk_host,6.75,3.49,0.3169844379894782,6.433015562010522,setup,guardband_10pct,hypothetical_guardband_10pct,uniform_10pct_vdd_budget,1.1,False,VALIDATED
968,u_host_if.reg_ecc_en$_DFFE_PN0P_,clk_host,6.79,3.44,0.312443113662981,6.477556886337019,setup,guardband_10pct,hypothetical_guardband_10pct,uniform_10pct_vdd_budget,1.1,False,VALIDATED
969,u_host_if.start_pulse$_DFF_PN0_,clk_host,6.83,3.42,0.3106265839323825,6.5193734160676176,setup,guardband_10pct,hypothetical_guardband_10pct,uniform_10pct_vdd_budget,1.1,False,VALIDATED
970,u_host_if.s_rdata[24]$_DFFE_PN0P_,clk_host,6.84,3.4,0.30881005420178387,6.531189945798216,setup,guardband_10pct,hypothetical_guardband_10pct,uniform_10pct_vdd_budget,1.1,False,VALIDATED
972,u_host_if.s_rdata[22]$_DFFE_PN0P_,clk_host,6.84,3.4,0.30881005420178387,6.531189945798216,setup,guardband_10pct,hypothetical_guardband_10pct,uniform_10pct_vdd_budget,1.1,False,VALIDATED
971,u_host_if.s_rdata[29]$_DFFE_PN0P_,clk_host,6.84,3.4,0.30881005420178387,6.531189945798216,setup,guardband_10pct,hypothetical_guardband_10pct,uniform_10pct_vdd_budget,1.1,False,VALIDATED
976,u_host_if.s_rdata[27]$_DFFE_PN0P_,clk_host,6.85,3.39,0.30790178933648416,6.542098210663515,setup,guardband_10pct,hypothetical_guardband_10pct,uniform_10pct_vdd_budget,1.1,False,VALIDATED
973,u_host_if.s_rdata[1]$_DFFE_PN0P_,clk_host,6.85,3.39,0.30790178933648416,6.542098210663515,setup,guardband_10pct,hypothetical_guardband_10pct,uniform_10pct_vdd_budget,1.1,False,VALIDATED
977,u_host_if.s_rdata[25]$_DFFE_PN0P_,clk_host,6.85,3.39,0.30790178933648416,6.542098210663515,setup,guardband_10pct,hypothetical_guardband_10pct,uniform_10pct_vdd_budget,1.1,False,VALIDATED
980,u_host_if.s_rdata[30]$_DFFE_PN0P_,clk_host,6.85,3.39,0.30790178933648416,6.542098210663515,setup,guardband_10pct,hypothetical_guardband_10pct,uniform_10pct_vdd_budget,1.1,False,VALIDATED
978,u_host_if.s_rdata[26]$_DFFE_PN0P_,clk_host,6.85,3.39,0.30790178933648416,6.542098210663515,setup,guardband_10pct,hypothetical_guardband_10pct,uniform_10pct_vdd_budget,1.1,False,VALIDATED
979,u_host_if.s_rdata[23]$_DFFE_PN0P_,clk_host,6.85,3.39,0.30790178933648416,6.542098210663515,setup,guardband_10pct,hypothetical_guardband_10pct,uniform_10pct_vdd_budget,1.1,False,VALIDATED
974,u_host_if.s_rdata[0]$_DFFE_PN0P_,clk_host,6.85,3.39,0.30790178933648416,6.542098210663515,setup,guardband_10pct,hypothetical_guardband_10pct,uniform_10pct_vdd_budget,1.1,False,VALIDATED
975,u_host_if.s_rdata[28]$_DFFE_PN0P_,clk_host,6.85,3.39,0.30790178933648416,6.542098210663515,setup,guardband_10pct,hypothetical_guardband_10pct,uniform_10pct_vdd_budget,1.1,False,VALIDATED
865,s_rdata[3],clk_host,6.59,0.41,0.03723885947727386,6.552761140522726,setup,guardband_10pct,hypothetical_guardband_10pct,uniform_10pct_vdd_budget,1.1,False,VALIDATED
872,s_rvalid,clk_host,6.59,0.41,0.0372388594772739,6.552761140522726,setup,guardband_10pct,hypothetical_guardband_10pct,uniform_10pct_vdd_budget,1.1,False,VALIDATED
856,s_rdata[9],clk_host,6.59,0.41,0.03723885947727386,6.552761140522726,setup,guardband_10pct,hypothetical_guardband_10pct,uniform_10pct_vdd_budget,1.1,False,VALIDATED
871,s_rdata[14],clk_host,6.59,0.41,0.03723885947727386,6.552761140522726,setup,guardband_10pct,hypothetical_guardband_10pct,uniform_10pct_vdd_budget,1.1,False,VALIDATED
870,s_rdata[8],clk_host,6.59,0.41,0.03723885947727386,6.552761140522726,setup,guardband_10pct,hypothetical_guardband_10pct,uniform_10pct_vdd_budget,1.1,False,VALIDATED
858,s_rdata[10],clk_host,6.59,0.41,0.03723885947727386,6.552761140522726,setup,guardband_10pct,hypothetical_guardband_10pct,uniform_10pct_vdd_budget,1.1,False,VALIDATED
861,s_rdata[12],clk_host,6.59,0.41,0.03723885947727386,6.552761140522726,setup,guardband_10pct,hypothetical_guardband_10pct,uniform_10pct_vdd_budget,1.1,False,VALIDATED
862,s_rdata[20],clk_host,6.59,0.41,0.03723885947727386,6.552761140522726,setup,guardband_10pct,hypothetical_guardband_10pct,uniform_10pct_vdd_budget,1.1,False,VALIDATED
859,s_rdata[18],clk_host,6.59,0.41,0.03723885947727386,6.552761140522726,setup,guardband_10pct,hypothetical_guardband_10pct,uniform_10pct_vdd_budget,1.1,False,VALIDATED
860,s_rdata[19],clk_host,6.59,0.41,0.03723885947727386,6.552761140522726,setup,guardband_10pct,hypothetical_guardband_10pct,uniform_10pct_vdd_budget,1.1,False,VALIDATED
877,s_rdata[31],clk_host,6.59,0.41,0.03723885947727386,6.552761140522726,setup,guardband_10pct,hypothetical_guardband_10pct,uniform_10pct_vdd_budget,1.1,False,VALIDATED
874,s_rdata[4],clk_host,6.59,0.41,0.03723885947727386,6.552761140522726,setup,guardband_10pct,hypothetical_guardband_10pct,uniform_10pct_vdd_budget,1.1,False,VALIDATED
875,s_rdata[21],clk_host,6.59,0.41,0.03723885947727386,6.552761140522726,setup,guardband_10pct,hypothetical_guardband_10pct,uniform_10pct_vdd_budget,1.1,False,VALIDATED
869,s_rdata[5],clk_host,6.59,0.41,0.03723885947727386,6.552761140522726,setup,guardband_10pct,hypothetical_guardband_10pct,uniform_10pct_vdd_budget,1.1,False,VALIDATED
868,s_rdata[17],clk_host,6.59,0.41,0.03723885947727386,6.552761140522726,setup,guardband_10pct,hypothetical_guardband_10pct,uniform_10pct_vdd_budget,1.1,False,VALIDATED
867,s_rdata[6],clk_host,6.59,0.41,0.03723885947727386,6.552761140522726,setup,guardband_10pct,hypothetical_guardband_10pct,uniform_10pct_vdd_budget,1.1,False,VALIDATED
866,s_rdata[13],clk_host,6.59,0.41,0.03723885947727386,6.552761140522726,setup,guardband_10pct,hypothetical_guardband_10pct,uniform_10pct_vdd_budget,1.1,False,VALIDATED
873,s_rdata[7],clk_host,6.59,0.41,0.03723885947727386,6.552761140522726,setup,guardband_10pct,hypothetical_guardband_10pct,uniform_10pct_vdd_budget,1.1,False,VALIDATED
864,s_rdata[16],clk_host,6.59,0.41,0.03723885947727386,6.552761140522726,setup,guardband_10pct,hypothetical_guardband_10pct,uniform_10pct_vdd_budget,1.1,False,VALIDATED
878,s_rdata[2],clk_host,6.59,0.41,0.03723885947727386,6.552761140522726,setup,guardband_10pct,hypothetical_guardband_10pct,uniform_10pct_vdd_budget,1.1,False,VALIDATED
863,s_rdata[11],clk_host,6.59,0.41,0.03723885947727386,6.552761140522726,setup,guardband_10pct,hypothetical_guardband_10pct,uniform_10pct_vdd_budget,1.1,False,VALIDATED
876,s_rdata[15],clk_host,6.59,0.41,0.03723885947727386,6.552761140522726,setup,guardband_10pct,hypothetical_guardband_10pct,uniform_10pct_vdd_budget,1.1,False,VALIDATED
981,u_host_if.rpop_loaded$_DFFE_PN0P_,clk_host,6.86,3.37,0.30608525960588595,6.553914740394115,setup,guardband_10pct,hypothetical_guardband_10pct,uniform_10pct_vdd_budget,1.1,False,VALIDATED
881,s_rdata[25],clk_host,6.6,0.4,0.03633059461197456,6.563669405388025,setup,guardband_10pct,hypothetical_guardband_10pct,uniform_10pct_vdd_budget,1.1,False,VALIDATED
889,s_rdata[24],clk_host,6.6,0.4,0.03633059461197456,6.563669405388025,setup,guardband_10pct,hypothetical_guardband_10pct,uniform_10pct_vdd_budget,1.1,False,VALIDATED
882,s_bvalid,clk_host,6.6,0.4,0.03633059461197452,6.563669405388025,setup,guardband_10pct,hypothetical_guardband_10pct,uniform_10pct_vdd_budget,1.1,False,VALIDATED
884,s_rdata[23],clk_host,6.6,0.4,0.03633059461197456,6.563669405388025,setup,guardband_10pct,hypothetical_guardband_10pct,uniform_10pct_vdd_budget,1.1,False,VALIDATED
885,s_rdata[27],clk_host,6.6,0.4,0.03633059461197456,6.563669405388025,setup,guardband_10pct,hypothetical_guardband_10pct,uniform_10pct_vdd_budget,1.1,False,VALIDATED
883,s_rdata[26],clk_host,6.6,0.4,0.03633059461197456,6.563669405388025,setup,guardband_10pct,hypothetical_guardband_10pct,uniform_10pct_vdd_budget,1.1,False,VALIDATED
891,s_rdata[22],clk_host,6.6,0.4,0.03633059461197456,6.563669405388025,setup,guardband_10pct,hypothetical_guardband_10pct,uniform_10pct_vdd_budget,1.1,False,VALIDATED
890,s_rdata[29],clk_host,6.6,0.4,0.03633059461197456,6.563669405388025,setup,guardband_10pct,hypothetical_guardband_10pct,uniform_10pct_vdd_budget,1.1,False,VALIDATED
879,s_rdata[0],clk_host,6.6,0.4,0.03633059461197456,6.563669405388025,setup,guardband_10pct,hypothetical_guardband_10pct,uniform_10pct_vdd_budget,1.1,False,VALIDATED
888,s_rdata[30],clk_host,6.6,0.4,0.03633059461197456,6.563669405388025,setup,guardband_10pct,hypothetical_guardband_10pct,uniform_10pct_vdd_budget,1.1,False,VALIDATED
887,s_rdata[28],clk_host,6.6,0.4,0.03633059461197456,6.563669405388025,setup,guardband_10pct,hypothetical_guardband_10pct,uniform_10pct_vdd_budget,1.1,False,VALIDATED
880,s_rdata[1],clk_host,6.6,0.4,0.03633059461197456,6.563669405388025,setup,guardband_10pct,hypothetical_guardband_10pct,uniform_10pct_vdd_budget,1.1,False,VALIDATED
892,s_awready,clk_host,6.62,0.38,0.034514064881375844,6.585485935118625,setup,guardband_10pct,hypothetical_guardband_10pct,uniform_10pct_vdd_budget,1.1,False,VALIDATED
893,s_wready,clk_host,6.62,0.38,0.034514064881375844,6.585485935118625,setup,guardband_10pct,hypothetical_guardband_10pct,uniform_10pct_vdd_budget,1.1,False,VALIDATED
894,s_arready,clk_host,6.62,0.38,0.034514064881375844,6.585485935118625,setup,guardband_10pct,hypothetical_guardband_10pct,uniform_10pct_vdd_budget,1.1,False,VALIDATED
982,u_host_if.s_rvalid$_DFFE_PN0P_,clk_host,6.98,3.26,0.2960943460875926,6.683905653912408,setup,guardband_10pct,hypothetical_guardband_10pct,uniform_10pct_vdd_budget,1.1,False,VALIDATED
984,u_host_if.awaddr_q[2]$_DFFE_PN0P_,clk_host,7.04,3.19,0.28973649203049673,6.750263507969503,setup,guardband_10pct,hypothetical_guardband_10pct,uniform_10pct_vdd_budget,1.1,False,VALIDATED
985,u_host_if.awaddr_q[3]$_DFFE_PN0P_,clk_host,7.04,3.19,0.28973649203049673,6.750263507969503,setup,guardband_10pct,hypothetical_guardband_10pct,uniform_10pct_vdd_budget,1.1,False,VALIDATED
983,u_host_if.awaddr_q[4]$_DFFE_PN0P_,clk_host,7.04,3.19,0.28973649203049673,6.750263507969503,setup,guardband_10pct,hypothetical_guardband_10pct,uniform_10pct_vdd_budget,1.1,False,VALIDATED
990,u_host_if.awaddr_q[1]$_DFFE_PN0P_,clk_host,7.08,3.16,0.28701169743459903,6.792988302565401,setup,guardband_10pct,hypothetical_guardband_10pct,uniform_10pct_vdd_budget,1.1,False,VALIDATED
986,u_host_if.awaddr_q[5]$_DFFE_PN0P_,clk_host,7.08,3.16,0.28701169743459903,6.792988302565401,setup,guardband_10pct,hypothetical_guardband_10pct,uniform_10pct_vdd_budget,1.1,False,VALIDATED
987,u_host_if.awaddr_q[6]$_DFFE_PN0P_,clk_host,7.08,3.16,0.28701169743459903,6.792988302565401,setup,guardband_10pct,hypothetical_guardband_10pct,uniform_10pct_vdd_budget,1.1,False,VALIDATED
988,u_host_if.awaddr_q[7]$_DFFE_PN0P_,clk_host,7.08,3.16,0.28701169743459903,6.792988302565401,setup,guardband_10pct,hypothetical_guardband_10pct,uniform_10pct_vdd_budget,1.1,False,VALIDATED
989,u_host_if.awaddr_q[0]$_DFFE_PN0P_,clk_host,7.08,3.16,0.28701169743459903,6.792988302565401,setup,guardband_10pct,hypothetical_guardband_10pct,uniform_10pct_vdd_budget,1.1,False,VALIDATED
991,u_host_if.s_bvalid$_DFFE_PN0P_,clk_host,7.17,3.06,0.2779290487816053,6.892070951218395,setup,guardband_10pct,hypothetical_guardband_10pct,uniform_10pct_vdd_budget,1.1,False,VALIDATED
992,u_host_if.rpop_q[24]$_DFFE_PN0P_,clk_host,9.1,1.13,0.10263392977882817,8.99736607022117,setup,guardband_10pct,hypothetical_guardband_10pct,uniform_10pct_vdd_budget,1.1,False,VALIDATED
995,u_host_if.rpop_q[6]$_DFFE_PN0P_,clk_host,9.11,1.13,0.10263392977882826,9.00736607022117,setup,guardband_10pct,hypothetical_guardband_10pct,uniform_10pct_vdd_budget,1.1,False,VALIDATED
996,u_host_if.rpop_q[12]$_DFFE_PN0P_,clk_host,9.11,1.13,0.10263392977882826,9.00736607022117,setup,guardband_10pct,hypothetical_guardband_10pct,uniform_10pct_vdd_budget,1.1,False,VALIDATED
994,u_host_if.rpop_q[8]$_DFFE_PN0P_,clk_host,9.11,1.13,0.10263392977882826,9.00736607022117,setup,guardband_10pct,hypothetical_guardband_10pct,uniform_10pct_vdd_budget,1.1,False,VALIDATED
998,u_host_if.rpop_q[11]$_DFFE_PN0P_,clk_host,9.11,1.13,0.10263392977882826,9.00736607022117,setup,guardband_10pct,hypothetical_guardband_10pct,uniform_10pct_vdd_budget,1.1,False,VALIDATED
993,u_host_if.rpop_q[13]$_DFFE_PN0P_,clk_host,9.11,1.13,0.10263392977882826,9.00736607022117,setup,guardband_10pct,hypothetical_guardband_10pct,uniform_10pct_vdd_budget,1.1,False,VALIDATED
997,u_host_if.rpop_q[17]$_DFFE_PN0P_,clk_host,9.11,1.13,0.10263392977882826,9.00736607022117,setup,guardband_10pct,hypothetical_guardband_10pct,uniform_10pct_vdd_budget,1.1,False,VALIDATED
1002,u_cdc_cmd.mem[10][35]$_DFFE_PP_,clk_host,9.17,1.08,0.0980926054523313,9.071907394547669,setup,guardband_10pct,hypothetical_guardband_10pct,uniform_10pct_vdd_budget,1.1,False,VALIDATED
1000,u_cdc_cmd.mem[10][38]$_DFFE_PP_,clk_host,9.17,1.08,0.0980926054523313,9.071907394547669,setup,guardband_10pct,hypothetical_guardband_10pct,uniform_10pct_vdd_budget,1.1,False,VALIDATED
1019,u_cdc_cmd.mem[10][30]$_DFFE_PP_,clk_host,9.17,1.08,0.0980926054523313,9.071907394547669,setup,guardband_10pct,hypothetical_guardband_10pct,uniform_10pct_vdd_budget,1.1,False,VALIDATED
1017,u_cdc_cmd.mem[10][40]$_DFFE_PP_,clk_host,9.17,1.08,0.0980926054523313,9.071907394547669,setup,guardband_10pct,hypothetical_guardband_10pct,uniform_10pct_vdd_budget,1.1,False,VALIDATED
1001,u_cdc_cmd.mem[10][37]$_DFFE_PP_,clk_host,9.17,1.08,0.0980926054523313,9.071907394547669,setup,guardband_10pct,hypothetical_guardband_10pct,uniform_10pct_vdd_budget,1.1,False,VALIDATED
1011,u_cdc_cmd.mem[7][65]$_DFFE_PP_,clk_host,9.17,1.07,0.0971843405870319,9.072815659412967,setup,guardband_10pct,hypothetical_guardband_10pct,uniform_10pct_vdd_budget,1.1,False,VALIDATED
1008,u_cdc_cmd.mem[7][34]$_DFFE_PP_,clk_host,9.17,1.07,0.0971843405870319,9.072815659412967,setup,guardband_10pct,hypothetical_guardband_10pct,uniform_10pct_vdd_budget,1.1,False,VALIDATED
1023,u_cdc_cmd.mem[10][31]$_DFFE_PP_,clk_host,9.17,1.07,0.09718434058703179,9.072815659412969,setup,guardband_10pct,hypothetical_guardband_10pct,uniform_10pct_vdd_budget,1.1,False,VALIDATED
1022,u_cdc_cmd.mem[10][23]$_DFFE_PP_,clk_host,9.17,1.07,0.09718434058703179,9.072815659412969,setup,guardband_10pct,hypothetical_guardband_10pct,uniform_10pct_vdd_budget,1.1,False,VALIDATED
1013,u_cdc_cmd.mem[7][53]$_DFFE_PP_,clk_host,9.17,1.07,0.09718434058703179,9.072815659412969,setup,guardband_10pct,hypothetical_guardband_10pct,uniform_10pct_vdd_budget,1.1,False,VALIDATED
1024,u_cdc_cmd.mem[10][41]$_DFFE_PP_,clk_host,9.17,1.07,0.09718434058703179,9.072815659412969,setup,guardband_10pct,hypothetical_guardband_10pct,uniform_10pct_vdd_budget,1.1,False,VALIDATED
1004,u_cdc_cmd.mem[10][69]$_DFFE_PP_,clk_host,9.17,1.07,0.09718434058703179,9.072815659412969,setup,guardband_10pct,hypothetical_guardband_10pct,uniform_10pct_vdd_budget,1.1,False,VALIDATED
1005,u_cdc_cmd.mem[7][33]$_DFFE_PP_,clk_host,9.17,1.07,0.09718434058703179,9.072815659412969,setup,guardband_10pct,hypothetical_guardband_10pct,uniform_10pct_vdd_budget,1.1,False,VALIDATED
1007,u_cdc_cmd.mem[7][60]$_DFFE_PP_,clk_host,9.17,1.07,0.09718434058703179,9.072815659412969,setup,guardband_10pct,hypothetical_guardband_10pct,uniform_10pct_vdd_budget,1.1,False,VALIDATED
1006,u_cdc_cmd.mem[10][72]$_DFFE_PP_,clk_host,9.17,1.07,0.09718434058703179,9.072815659412969,setup,guardband_10pct,hypothetical_guardband_10pct,uniform_10pct_vdd_budget,1.1,False,VALIDATED
1010,u_cdc_cmd.mem[7][56]$_DFFE_PP_,clk_host,9.17,1.07,0.09718434058703179,9.072815659412969,setup,guardband_10pct,hypothetical_guardband_10pct,uniform_10pct_vdd_budget,1.1,False,VALIDATED
1009,u_cdc_cmd.mem[7][57]$_DFFE_PP_,clk_host,9.17,1.07,0.09718434058703179,9.072815659412969,setup,guardband_10pct,hypothetical_guardband_10pct,uniform_10pct_vdd_budget,1.1,False,VALIDATED
1003,u_cdc_cmd.mem[10][52]$_DFFE_PP_,clk_host,9.17,1.07,0.09718434058703179,9.072815659412969,setup,guardband_10pct,hypothetical_guardband_10pct,uniform_10pct_vdd_budget,1.1,False,VALIDATED
999,u_cdc_cmd.mem[10][36]$_DFFE_PP_,clk_host,9.17,1.07,0.09718434058703179,9.072815659412969,setup,guardband_10pct,hypothetical_guardband_10pct,uniform_10pct_vdd_budget,1.1,False,VALIDATED
1018,u_cdc_cmd.mem[10][71]$_DFFE_PP_,clk_host,9.17,1.07,0.09718434058703179,9.072815659412969,setup,guardband_10pct,hypothetical_guardband_10pct,uniform_10pct_vdd_budget,1.1,False,VALIDATED
1016,u_cdc_cmd.mem[7][58]$_DFFE_PP_,clk_host,9.17,1.07,0.09718434058703179,9.072815659412969,setup,guardband_10pct,hypothetical_guardband_10pct,uniform_10pct_vdd_budget,1.1,False,VALIDATED
1020,u_cdc_cmd.mem[7][64]$_DFFE_PP_,clk_host,9.17,1.07,0.09718434058703179,9.072815659412969,setup,guardband_10pct,hypothetical_guardband_10pct,uniform_10pct_vdd_budget,1.1,False,VALIDATED
1015,u_cdc_cmd.mem[10][29]$_DFFE_PP_,clk_host,9.17,1.07,0.09718434058703179,9.072815659412969,setup,guardband_10pct,hypothetical_guardband_10pct,uniform_10pct_vdd_budget,1.1,False,VALIDATED
1021,u_cdc_cmd.mem[7][59]$_DFFE_PP_,clk_host,9.17,1.07,0.09718434058703179,9.072815659412969,setup,guardband_10pct,hypothetical_guardband_10pct,uniform_10pct_vdd_budget,1.1,False,VALIDATED
1014,u_cdc_cmd.mem[7][66]$_DFFE_PP_,clk_host,9.17,1.06,0.0962760757217327,9.073723924278267,setup,guardband_10pct,hypothetical_guardband_10pct,uniform_10pct_vdd_budget,1.1,False,VALIDATED
1012,u_cdc_cmd.mem[7][63]$_DFFE_PP_,clk_host,9.17,1.06,0.0962760757217327,9.073723924278267,setup,guardband_10pct,hypothetical_guardband_10pct,uniform_10pct_vdd_budget,1.1,False,VALIDATED
1028,u_cdc_cmd.mem[10][70]$_DFFE_PP_,clk_host,9.18,1.08,0.0980926054523313,9.081907394547668,setup,guardband_10pct,hypothetical_guardband_10pct,uniform_10pct_vdd_budget,1.1,False,VALIDATED
1025,u_cdc_cmd.mem[10][67]$_DFFE_PP_,clk_host,9.18,1.08,0.0980926054523313,9.081907394547668,setup,guardband_10pct,hypothetical_guardband_10pct,uniform_10pct_vdd_budget,1.1,False,VALIDATED
1027,u_cdc_cmd.mem[7][62]$_DFFE_PP_,clk_host,9.18,1.07,0.09718434058703179,9.082815659412969,setup,guardband_10pct,hypothetical_guardband_10pct,uniform_10pct_vdd_budget,1.1,False,VALIDATED
1026,u_cdc_cmd.mem[7][61]$_DFFE_PP_,clk_host,9.18,1.07,0.09718434058703179,9.082815659412969,setup,guardband_10pct,hypothetical_guardband_10pct,uniform_10pct_vdd_budget,1.1,False,VALIDATED
1036,u_cdc_cmd.mem[10][45]$_DFFE_PP_,clk_host,9.18,1.07,0.09718434058703179,9.082815659412969,setup,guardband_10pct,hypothetical_guardband_10pct,uniform_10pct_vdd_budget,1.1,False,VALIDATED
1033,u_cdc_cmd.mem[10][51]$_DFFE_PP_,clk_host,9.18,1.07,0.09718434058703179,9.082815659412969,setup,guardband_10pct,hypothetical_guardband_10pct,uniform_10pct_vdd_budget,1.1,False,VALIDATED
1032,u_cdc_cmd.mem[10][28]$_DFFE_PP_,clk_host,9.18,1.07,0.09718434058703179,9.082815659412969,setup,guardband_10pct,hypothetical_guardband_10pct,uniform_10pct_vdd_budget,1.1,False,VALIDATED
1031,u_cdc_cmd.mem[10][68]$_DFFE_PP_,clk_host,9.18,1.07,0.09718434058703179,9.082815659412969,setup,guardband_10pct,hypothetical_guardband_10pct,uniform_10pct_vdd_budget,1.1,False,VALIDATED
1029,u_cdc_cmd.mem[7][72]$_DFFE_PP_,clk_host,9.18,1.07,0.09718434058703179,9.082815659412969,setup,guardband_10pct,hypothetical_guardband_10pct,uniform_10pct_vdd_budget,1.1,False,VALIDATED
1038,u_cdc_cmd.mem[10][47]$_DFFE_PP_,clk_host,9.18,1.07,0.09718434058703179,9.082815659412969,setup,guardband_10pct,hypothetical_guardband_10pct,uniform_10pct_vdd_budget,1.1,False,VALIDATED
1034,u_host_if.rpop_q[0]$_DFFE_PN0P_,clk_host,9.18,1.06,0.09627607572173258,9.083723924278267,setup,guardband_10pct,hypothetical_guardband_10pct,uniform_10pct_vdd_budget,1.1,False,VALIDATED
1030,u_host_if.rpop_q[2]$_DFFE_PN0P_,clk_host,9.18,1.06,0.0962760757217325,9.083723924278267,setup,guardband_10pct,hypothetical_guardband_10pct,uniform_10pct_vdd_budget,1.1,False,VALIDATED
1035,u_host_if.rpop_q[1]$_DFFE_PN0P_,clk_host,9.18,1.06,0.09627607572173258,9.083723924278267,setup,guardband_10pct,hypothetical_guardband_10pct,uniform_10pct_vdd_budget,1.1,False,VALIDATED
1037,u_host_if.rpop_q[3]$_DFFE_PN0P_,clk_host,9.18,1.06,0.0962760757217325,9.083723924278267,setup,guardband_10pct,hypothetical_guardband_10pct,uniform_10pct_vdd_budget,1.1,False,VALIDATED
1039,u_cdc_cmd.mem[6][66]$_DFFE_PP_,clk_host,9.18,1.05,0.0953678108564332,9.084632189143566,setup,guardband_10pct,hypothetical_guardband_10pct,uniform_10pct_vdd_budget,1.1,False,VALIDATED
1040,u_cdc_cmd.mem[6][63]$_DFFE_PP_,clk_host,9.18,1.05,0.0953678108564332,9.084632189143566,setup,guardband_10pct,hypothetical_guardband_10pct,uniform_10pct_vdd_budget,1.1,False,VALIDATED
1041,u_cdc_cmd.mem[6][62]$_DFFE_PP_,clk_host,9.19,1.05,0.0953678108564332,9.094632189143566,setup,guardband_10pct,hypothetical_guardband_10pct,uniform_10pct_vdd_budget,1.1,False,VALIDATED
1045,u_cdc_cmd.mem[6][72]$_DFFE_PP_,clk_host,9.19,1.05,0.0953678108564332,9.094632189143566,setup,guardband_10pct,hypothetical_guardband_10pct,uniform_10pct_vdd_budget,1.1,False,VALIDATED
1044,u_cdc_cmd.mem[6][53]$_DFFE_PP_,clk_host,9.19,1.05,0.0953678108564332,9.094632189143566,setup,guardband_10pct,hypothetical_guardband_10pct,uniform_10pct_vdd_budget,1.1,False,VALIDATED
1042,u_host_if.rpop_q[26]$_DFFE_PN0P_,clk_host,9.19,1.05,0.0953678108564332,9.094632189143566,setup,guardband_10pct,hypothetical_guardband_10pct,uniform_10pct_vdd_budget,1.1,False,VALIDATED
1043,u_cdc_cmd.mem[6][61]$_DFFE_PP_,clk_host,9.19,1.05,0.0953678108564332,9.094632189143566,setup,guardband_10pct,hypothetical_guardband_10pct,uniform_10pct_vdd_budget,1.1,False,VALIDATED
1048,u_cdc_cmd.mem[6][34]$_DFFE_PP_,clk_host,9.19,1.05,0.0953678108564332,9.094632189143566,setup,guardband_10pct,hypothetical_guardband_10pct,uniform_10pct_vdd_budget,1.1,False,VALIDATED
1047,u_cdc_cmd.mem[6][56]$_DFFE_PP_,clk_host,9.19,1.05,0.0953678108564332,9.094632189143566,setup,guardband_10pct,hypothetical_guardband_10pct,uniform_10pct_vdd_budget,1.1,False,VALIDATED
1046,u_cdc_cmd.mem[6][33]$_DFFE_PP_,clk_host,9.19,1.05,0.0953678108564332,9.094632189143566,setup,guardband_10pct,hypothetical_guardband_10pct,uniform_10pct_vdd_budget,1.1,False,VALIDATED
1053,u_cdc_cmd.mem[6][57]$_DFFE_PP_,clk_host,9.19,1.05,0.09536781085643312,9.094632189143566,setup,guardband_10pct,hypothetical_guardband_10pct,uniform_10pct_vdd_budget,1.1,False,VALIDATED
1054,u_cdc_cmd.mem[6][58]$_DFFE_PP_,clk_host,9.19,1.05,0.0953678108564332,9.094632189143566,setup,guardband_10pct,hypothetical_guardband_10pct,uniform_10pct_vdd_budget,1.1,False,VALIDATED
1050,u_cdc_cmd.mem[6][65]$_DFFE_PP_,clk_host,9.19,1.05,0.0953678108564332,9.094632189143566,setup,guardband_10pct,hypothetical_guardband_10pct,uniform_10pct_vdd_budget,1.1,False,VALIDATED
1051,u_cdc_cmd.mem[6][59]$_DFFE_PP_,clk_host,9.19,1.05,0.0953678108564332,9.094632189143566,setup,guardband_10pct,hypothetical_guardband_10pct,uniform_10pct_vdd_budget,1.1,False,VALIDATED
1052,u_cdc_cmd.mem[6][64]$_DFFE_PP_,clk_host,9.19,1.05,0.0953678108564332,9.094632189143566,setup,guardband_10pct,hypothetical_guardband_10pct,uniform_10pct_vdd_budget,1.1,False,VALIDATED
1049,u_cdc_cmd.mem[6][60]$_DFFE_PP_,clk_host,9.19,1.05,0.0953678108564332,9.094632189143566,setup,guardband_10pct,hypothetical_guardband_10pct,uniform_10pct_vdd_budget,1.1,False,VALIDATED
1059,u_cdc_cmd.mem[9][71]$_DFFE_PP_,clk_host,9.2,1.04,0.0944595459911339,9.105540454008866,setup,guardband_10pct,hypothetical_guardband_10pct,uniform_10pct_vdd_budget,1.1,False,VALIDATED
1055,u_cdc_cmd.mem[9][67]$_DFFE_PP_,clk_host,9.2,1.04,0.0944595459911339,9.105540454008866,setup,guardband_10pct,hypothetical_guardband_10pct,uniform_10pct_vdd_budget,1.1,False,VALIDATED
1056,u_cdc_cmd.mem[9][29]$_DFFE_PP_,clk_host,9.2,1.04,0.0944595459911339,9.105540454008866,setup,guardband_10pct,hypothetical_guardband_10pct,uniform_10pct_vdd_budget,1.1,False,VALIDATED
1060,u_cdc_cmd.mem[9][25]$_DFFE_PP_,clk_host,9.2,1.04,0.0944595459911339,9.105540454008866,setup,guardband_10pct,hypothetical_guardband_10pct,uniform_10pct_vdd_budget,1.1,False,VALIDATED
1058,u_cdc_cmd.mem[9][41]$_DFFE_PP_,clk_host,9.2,1.04,0.0944595459911339,9.105540454008866,setup,guardband_10pct,hypothetical_guardband_10pct,uniform_10pct_vdd_budget,1.1,False,VALIDATED
1061,u_cdc_cmd.mem[9][31]$_DFFE_PP_,clk_host,9.2,1.04,0.0944595459911339,9.105540454008866,setup,guardband_10pct,hypothetical_guardband_10pct,uniform_10pct_vdd_budget,1.1,False,VALIDATED
1057,u_cdc_cmd.mem[9][28]$_DFFE_PP_,clk_host,9.2,1.04,0.0944595459911339,9.105540454008866,setup,guardband_10pct,hypothetical_guardband_10pct,uniform_10pct_vdd_budget,1.1,False,VALIDATED
1065,u_cdc_cmd.mem[9][68]$_DFFE_PP_,clk_host,9.21,1.04,0.0944595459911339,9.115540454008867,setup,guardband_10pct,hypothetical_guardband_10pct,uniform_10pct_vdd_budget,1.1,False,VALIDATED
1066,u_cdc_cmd.mem[9][69]$_DFFE_PP_,clk_host,9.21,1.04,0.0944595459911339,9.115540454008867,setup,guardband_10pct,hypothetical_guardband_10pct,uniform_10pct_vdd_budget,1.1,False,VALIDATED
1063,u_cdc_cmd.mem[9][30]$_DFFE_PP_,clk_host,9.21,1.04,0.0944595459911339,9.115540454008867,setup,guardband_10pct,hypothetical_guardband_10pct,uniform_10pct_vdd_budget,1.1,False,VALIDATED
1062,u_cdc_cmd.mem[9][23]$_DFFE_PP_,clk_host,9.21,1.04,0.0944595459911339,9.115540454008867,setup,guardband_10pct,hypothetical_guardband_10pct,uniform_10pct_vdd_budget,1.1,False,VALIDATED
1067,u_cdc_cmd.mem[9][70]$_DFFE_PP_,clk_host,9.21,1.04,0.0944595459911339,9.115540454008867,setup,guardband_10pct,hypothetical_guardband_10pct,uniform_10pct_vdd_budget,1.1,False,VALIDATED
1064,u_cdc_cmd.mem[9][40]$_DFFE_PP_,clk_host,9.21,1.04,0.0944595459911339,9.115540454008867,setup,guardband_10pct,hypothetical_guardband_10pct,uniform_10pct_vdd_budget,1.1,False,VALIDATED
1069,u_host_if.rpop_q[22]$_DFFE_PN0P_,clk_host,9.21,1.02,0.09264301626053506,9.117356983739466,setup,guardband_10pct,hypothetical_guardband_10pct,uniform_10pct_vdd_budget,1.1,False,VALIDATED
1068,u_host_if.rpop_q[27]$_DFFE_PN0P_,clk_host,9.21,1.02,0.09264301626053506,9.117356983739466,setup,guardband_10pct,hypothetical_guardband_10pct,uniform_10pct_vdd_budget,1.1,False,VALIDATED
1071,u_host_if.rpop_q[29]$_DFFE_PN0P_,clk_host,9.22,1.02,0.09264301626053506,9.127356983739466,setup,guardband_10pct,hypothetical_guardband_10pct,uniform_10pct_vdd_budget,1.1,False,VALIDATED
1070,u_host_if.rpop_q[20]$_DFFE_PN0P_,clk_host,9.22,1.02,0.09264301626053505,9.127356983739466,setup,guardband_10pct,hypothetical_guardband_10pct,uniform_10pct_vdd_budget,1.1,False,VALIDATED
1074,u_host_if.rpop_q[15]$_DFFE_PN0P_,clk_host,9.23,1.02,0.09264301626053505,9.137356983739465,setup,guardband_10pct,hypothetical_guardband_10pct,uniform_10pct_vdd_budget,1.1,False,VALIDATED
1072,u_host_if.rpop_q[9]$_DFFE_PN0P_,clk_host,9.23,1.02,0.09264301626053505,9.137356983739465,setup,guardband_10pct,hypothetical_guardband_10pct,uniform_10pct_vdd_budget,1.1,False,VALIDATED
1073,u_host_if.rpop_q[18]$_DFFE_PN0P_,clk_host,9.23,1.02,0.09264301626053505,9.137356983739465,setup,guardband_10pct,hypothetical_guardband_10pct,uniform_10pct_vdd_budget,1.1,False,VALIDATED
1079,u_cdc_cmd.mem[3][44]$_DFFE_PP_,clk_host,9.23,1.01,0.0917347513952358,9.138265248604764,setup,guardband_10pct,hypothetical_guardband_10pct,uniform_10pct_vdd_budget,1.1,False,VALIDATED
1082,u_cdc_cmd.mem[3][68]$_DFFE_PP_,clk_host,9.23,1.01,0.0917347513952358,9.138265248604764,setup,guardband_10pct,hypothetical_guardband_10pct,uniform_10pct_vdd_budget,1.1,False,VALIDATED
1083,u_cdc_cmd.mem[3][70]$_DFFE_PP_,clk_host,9.23,1.01,0.0917347513952358,9.138265248604764,setup,guardband_10pct,hypothetical_guardband_10pct,uniform_10pct_vdd_budget,1.1,False,VALIDATED
1081,u_cdc_cmd.mem[3][30]$_DFFE_PP_,clk_host,9.23,1.01,0.0917347513952358,9.138265248604764,setup,guardband_10pct,hypothetical_guardband_10pct,uniform_10pct_vdd_budget,1.1,False,VALIDATED
1075,u_host_if.rpop_q[10]$_DFFE_PN0P_,clk_host,9.23,1.01,0.09173475139523582,9.138265248604764,setup,guardband_10pct,hypothetical_guardband_10pct,uniform_10pct_vdd_budget,1.1,False,VALIDATED
1076,u_host_if.rpop_q[16]$_DFFE_PN0P_,clk_host,9.23,1.01,0.09173475139523582,9.138265248604764,setup,guardband_10pct,hypothetical_guardband_10pct,uniform_10pct_vdd_budget,1.1,False,VALIDATED
1077,u_cdc_cmd.mem[3][40]$_DFFE_PP_,clk_host,9.23,1.01,0.0917347513952358,9.138265248604764,setup,guardband_10pct,hypothetical_guardband_10pct,uniform_10pct_vdd_budget,1.1,False,VALIDATED
1080,u_cdc_cmd.mem[3][67]$_DFFE_PP_,clk_host,9.23,1.01,0.0917347513952358,9.138265248604764,setup,guardband_10pct,hypothetical_guardband_10pct,uniform_10pct_vdd_budget,1.1,False,VALIDATED
1078,u_host_if.rpop_q[19]$_DFFE_PN0P_,clk_host,9.23,1.01,0.09173475139523582,9.138265248604764,setup,guardband_10pct,hypothetical_guardband_10pct,uniform_10pct_vdd_budget,1.1,False,VALIDATED
1089,u_cdc_cmd.mem[3][41]$_DFFE_PP_,clk_host,9.24,1.01,0.0917347513952358,9.148265248604764,setup,guardband_10pct,hypothetical_guardband_10pct,uniform_10pct_vdd_budget,1.1,False,VALIDATED
1088,u_cdc_cmd.mem[3][49]$_DFFE_PP_,clk_host,9.24,1.01,0.0917347513952358,9.148265248604764,setup,guardband_10pct,hypothetical_guardband_10pct,uniform_10pct_vdd_budget,1.1,False,VALIDATED
1093,u_cdc_cmd.mem[3][52]$_DFFE_PP_,clk_host,9.24,1.01,0.0917347513952358,9.148265248604764,setup,guardband_10pct,hypothetical_guardband_10pct,uniform_10pct_vdd_budget,1.1,False,VALIDATED
1090,u_cdc_cmd.mem[3][43]$_DFFE_PP_,clk_host,9.24,1.01,0.0917347513952358,9.148265248604764,setup,guardband_10pct,hypothetical_guardband_10pct,uniform_10pct_vdd_budget,1.1,False,VALIDATED
1085,u_cdc_cmd.mem[3][69]$_DFFE_PP_,clk_host,9.24,1.01,0.0917347513952358,9.148265248604764,setup,guardband_10pct,hypothetical_guardband_10pct,uniform_10pct_vdd_budget,1.1,False,VALIDATED
1091,u_cdc_cmd.mem[3][51]$_DFFE_PP_,clk_host,9.24,1.01,0.0917347513952358,9.148265248604764,setup,guardband_10pct,hypothetical_guardband_10pct,uniform_10pct_vdd_budget,1.1,False,VALIDATED
1084,u_host_if.rpop_q[14]$_DFFE_PN0P_,clk_host,9.24,1.01,0.09173475139523582,9.148265248604764,setup,guardband_10pct,hypothetical_guardband_10pct,uniform_10pct_vdd_budget,1.1,False,VALIDATED
1092,u_cdc_cmd.mem[3][45]$_DFFE_PP_,clk_host,9.24,1.01,0.0917347513952358,9.148265248604764,setup,guardband_10pct,hypothetical_guardband_10pct,uniform_10pct_vdd_budget,1.1,False,VALIDATED
1094,u_cdc_cmd.mem[3][48]$_DFFE_PP_,clk_host,9.24,1.01,0.0917347513952358,9.148265248604764,setup,guardband_10pct,hypothetical_guardband_10pct,uniform_10pct_vdd_budget,1.1,False,VALIDATED
1095,u_cdc_cmd.mem[3][46]$_DFFE_PP_,clk_host,9.24,1.01,0.0917347513952358,9.148265248604764,setup,guardband_10pct,hypothetical_guardband_10pct,uniform_10pct_vdd_budget,1.1,False,VALIDATED
1096,u_cdc_cmd.mem[3][47]$_DFFE_PP_,clk_host,9.24,1.01,0.0917347513952358,9.148265248604764,setup,guardband_10pct,hypothetical_guardband_10pct,uniform_10pct_vdd_budget,1.1,False,VALIDATED
1087,u_cdc_cmd.mem[3][50]$_DFFE_PP_,clk_host,9.24,1.0,0.0908264865299363,9.149173513470064,setup,guardband_10pct,hypothetical_guardband_10pct,uniform_10pct_vdd_budget,1.1,False,VALIDATED
1086,u_host_if.rpop_q[7]$_DFFE_PN0P_,clk_host,9.24,1.0,0.09082648652993641,9.149173513470064,setup,guardband_10pct,hypothetical_guardband_10pct,uniform_10pct_vdd_budget,1.1,False,VALIDATED
1100,u_cdc_cmd.mem[3][13]$_DFFE_PP_,clk_host,9.25,1.0,0.0908264865299363,9.159173513470064,setup,guardband_10pct,hypothetical_guardband_10pct,uniform_10pct_vdd_budget,1.1,False,VALIDATED
1101,u_cdc_cmd.mem[3][35]$_DFFE_PP_,clk_host,9.25,1.0,0.0908264865299363,9.159173513470064,setup,guardband_10pct,hypothetical_guardband_10pct,uniform_10pct_vdd_budget,1.1,False,VALIDATED
1102,u_cdc_cmd.mem[3][3]$_DFFE_PP_,clk_host,9.25,1.0,0.0908264865299363,9.159173513470064,setup,guardband_10pct,hypothetical_guardband_10pct,uniform_10pct_vdd_budget,1.1,False,VALIDATED
1099,u_cdc_cmd.mem[3][14]$_DFFE_PP_,clk_host,9.25,1.0,0.0908264865299363,9.159173513470064,setup,guardband_10pct,hypothetical_guardband_10pct,uniform_10pct_vdd_budget,1.1,False,VALIDATED
1097,u_cdc_cmd.mem[3][37]$_DFFE_PP_,clk_host,9.25,1.0,0.0908264865299363,9.159173513470064,setup,guardband_10pct,hypothetical_guardband_10pct,uniform_10pct_vdd_budget,1.1,False,VALIDATED
1104,u_cdc_cmd.mem[3][38]$_DFFE_PP_,clk_host,9.25,1.0,0.0908264865299363,9.159173513470064,setup,guardband_10pct,hypothetical_guardband_10pct,uniform_10pct_vdd_budget,1.1,False,VALIDATED
1106,u_cdc_cmd.mem[3][12]$_DFFE_PP_,clk_host,9.25,0.99,0.089918221664637,9.160081778335362,setup,guardband_10pct,hypothetical_guardband_10pct,uniform_10pct_vdd_budget,1.1,False,VALIDATED
1105,u_cdc_cmd.mem[3][18]$_DFFE_PP_,clk_host,9.25,0.99,0.089918221664637,9.160081778335362,setup,guardband_10pct,hypothetical_guardband_10pct,uniform_10pct_vdd_budget,1.1,False,VALIDATED
1103,u_cdc_cmd.mem[3][36]$_DFFE_PP_,clk_host,9.25,0.99,0.089918221664637,9.160081778335362,setup,guardband_10pct,hypothetical_guardband_10pct,uniform_10pct_vdd_budget,1.1,False,VALIDATED
1098,u_cdc_cmd.mem[3][39]$_DFFE_PP_,clk_host,9.25,0.99,0.089918221664637,9.160081778335362,setup,guardband_10pct,hypothetical_guardband_10pct,uniform_10pct_vdd_budget,1.1,False,VALIDATED
1107,u_cdc_cmd.mem[2][70]$_DFFE_PP_,clk_host,9.25,0.99,0.089918221664637,9.160081778335362,setup,guardband_10pct,hypothetical_guardband_10pct,uniform_10pct_vdd_budget,1.1,False,VALIDATED
1109,u_cdc_cmd.mem[2][40]$_DFFE_PP_,clk_host,9.25,0.99,0.089918221664637,9.160081778335362,setup,guardband_10pct,hypothetical_guardband_10pct,uniform_10pct_vdd_budget,1.1,False,VALIDATED
1108,u_cdc_cmd.mem[2][67]$_DFFE_PP_,clk_host,9.25,0.99,0.089918221664637,9.160081778335362,setup,guardband_10pct,hypothetical_guardband_10pct,uniform_10pct_vdd_budget,1.1,False,VALIDATED
1119,u_cdc_cmd.mem[2][38]$_DFFE_PP_,clk_host,9.26,0.99,0.089918221664637,9.170081778335362,setup,guardband_10pct,hypothetical_guardband_10pct,uniform_10pct_vdd_budget,1.1,False,VALIDATED
1113,u_cdc_cmd.mem[2][35]$_DFFE_PP_,clk_host,9.26,0.99,0.089918221664637,9.170081778335362,setup,guardband_10pct,hypothetical_guardband_10pct,uniform_10pct_vdd_budget,1.1,False,VALIDATED
1115,u_cdc_cmd.mem[2][37]$_DFFE_PP_,clk_host,9.26,0.99,0.089918221664637,9.170081778335362,setup,guardband_10pct,hypothetical_guardband_10pct,uniform_10pct_vdd_budget,1.1,False,VALIDATED
1117,u_cdc_cmd.mem[2][41]$_DFFE_PP_,clk_host,9.26,0.99,0.089918221664637,9.170081778335362,setup,guardband_10pct,hypothetical_guardband_10pct,uniform_10pct_vdd_budget,1.1,False,VALIDATED
1129,u_cdc_cmd.mem[2][47]$_DFFE_PP_,clk_host,9.26,0.99,0.089918221664637,9.170081778335362,setup,guardband_10pct,hypothetical_guardband_10pct,uniform_10pct_vdd_budget,1.1,False,VALIDATED
1112,u_cdc_cmd.mem[2][30]$_DFFE_PP_,clk_host,9.26,0.99,0.089918221664637,9.170081778335362,setup,guardband_10pct,hypothetical_guardband_10pct,uniform_10pct_vdd_budget,1.1,False,VALIDATED
1111,u_cdc_cmd.mem[2][68]$_DFFE_PP_,clk_host,9.26,0.99,0.089918221664637,9.170081778335362,setup,guardband_10pct,hypothetical_guardband_10pct,uniform_10pct_vdd_budget,1.1,False,VALIDATED
1110,u_cdc_cmd.mem[2][49]$_DFFE_PP_,clk_host,9.26,0.99,0.089918221664637,9.170081778335362,setup,guardband_10pct,hypothetical_guardband_10pct,uniform_10pct_vdd_budget,1.1,False,VALIDATED
1127,u_cdc_cmd.mem[2][48]$_DFFE_PP_,clk_host,9.26,0.99,0.089918221664637,9.170081778335362,setup,guardband_10pct,hypothetical_guardband_10pct,uniform_10pct_vdd_budget,1.1,False,VALIDATED
1118,u_cdc_cmd.mem[2][43]$_DFFE_PP_,clk_host,9.26,0.99,0.089918221664637,9.170081778335362,setup,guardband_10pct,hypothetical_guardband_10pct,uniform_10pct_vdd_budget,1.1,False,VALIDATED
1114,u_cdc_cmd.mem[2][44]$_DFFE_PP_,clk_host,9.26,0.99,0.089918221664637,9.170081778335362,setup,guardband_10pct,hypothetical_guardband_10pct,uniform_10pct_vdd_budget,1.1,False,VALIDATED
1137,u_cdc_cmd.mem[2][52]$_DFFE_PP_,clk_host,9.26,0.99,0.089918221664637,9.170081778335362,setup,guardband_10pct,hypothetical_guardband_10pct,uniform_10pct_vdd_budget,1.1,False,VALIDATED
1140,u_cdc_cmd.mem[2][51]$_DFFE_PP_,clk_host,9.26,0.99,0.089918221664637,9.170081778335362,setup,guardband_10pct,hypothetical_guardband_10pct,uniform_10pct_vdd_budget,1.1,False,VALIDATED
1133,u_cdc_cmd.mem[2][46]$_DFFE_PP_,clk_host,9.26,0.99,0.089918221664637,9.170081778335362,setup,guardband_10pct,hypothetical_guardband_10pct,uniform_10pct_vdd_budget,1.1,False,VALIDATED
1135,u_cdc_cmd.mem[2][45]$_DFFE_PP_,clk_host,9.26,0.99,0.089918221664637,9.170081778335362,setup,guardband_10pct,hypothetical_guardband_10pct,uniform_10pct_vdd_budget,1.1,False,VALIDATED
1125,u_cdc_cmd.mem[11][52]$_DFFE_PP_,clk_host,9.26,0.98,0.08900995679933771,9.170990043200662,setup,guardband_10pct,hypothetical_guardband_10pct,uniform_10pct_vdd_budget,1.1,False,VALIDATED
1143,u_cdc_cmd.mem[2][39]$_DFFE_PP_,clk_host,9.26,0.98,0.08900995679933771,9.170990043200662,setup,guardband_10pct,hypothetical_guardband_10pct,uniform_10pct_vdd_budget,1.1,False,VALIDATED
1136,u_cdc_cmd.mem[11][23]$_DFFE_PP_,clk_host,9.26,0.98,0.08900995679933771,9.170990043200662,setup,guardband_10pct,hypothetical_guardband_10pct,uniform_10pct_vdd_budget,1.1,False,VALIDATED
1124,u_cdc_cmd.mem[11][37]$_DFFE_PP_,clk_host,9.26,0.98,0.08900995679933771,9.170990043200662,setup,guardband_10pct,hypothetical_guardband_10pct,uniform_10pct_vdd_budget,1.1,False,VALIDATED
1126,u_cdc_cmd.mem[10][19]$_DFFE_PP_,clk_host,9.26,0.98,0.08900995679933765,9.170990043200662,setup,guardband_10pct,hypothetical_guardband_10pct,uniform_10pct_vdd_budget,1.1,False,VALIDATED
1128,u_cdc_cmd.mem[10][39]$_DFFE_PP_,clk_host,9.26,0.98,0.08900995679933765,9.170990043200662,setup,guardband_10pct,hypothetical_guardband_10pct,uniform_10pct_vdd_budget,1.1,False,VALIDATED
1123,u_cdc_cmd.mem[10][20]$_DFFE_PP_,clk_host,9.26,0.98,0.08900995679933765,9.170990043200662,setup,guardband_10pct,hypothetical_guardband_10pct,uniform_10pct_vdd_budget,1.1,False,VALIDATED
1122,u_cdc_cmd.mem[11][36]$_DFFE_PP_,clk_host,9.26,0.98,0.08900995679933771,9.170990043200662,setup,guardband_10pct,hypothetical_guardband_10pct,uniform_10pct_vdd_budget,1.1,False,VALIDATED
1145,u_cdc_cmd.mem[11][31]$_DFFE_PP_,clk_host,9.26,0.98,0.08900995679933771,9.170990043200662,setup,guardband_10pct,hypothetical_guardband_10pct,uniform_10pct_vdd_budget,1.1,False,VALIDATED
1144,u_cdc_cmd.mem[10][13]$_DFFE_PP_,clk_host,9.26,0.98,0.08900995679933765,9.170990043200662,setup,guardband_10pct,hypothetical_guardband_10pct,uniform_10pct_vdd_budget,1.1,False,VALIDATED
1142,u_cdc_cmd.mem[10][12]$_DFFE_PP_,clk_host,9.26,0.98,0.08900995679933765,9.170990043200662,setup,guardband_10pct,hypothetical_guardband_10pct,uniform_10pct_vdd_budget,1.1,False,VALIDATED
1138,u_cdc_cmd.mem[10][50]$_DFFE_PP_,clk_host,9.26,0.98,0.08900995679933765,9.170990043200662,setup,guardband_10pct,hypothetical_guardband_10pct,uniform_10pct_vdd_budget,1.1,False,VALIDATED
1141,u_cdc_cmd.mem[11][72]$_DFFE_PP_,clk_host,9.26,0.98,0.08900995679933771,9.170990043200662,setup,guardband_10pct,hypothetical_guardband_10pct,uniform_10pct_vdd_budget,1.1,False,VALIDATED
1146,u_cdc_cmd.mem[11][29]$_DFFE_PP_,clk_host,9.26,0.98,0.08900995679933771,9.170990043200662,setup,guardband_10pct,hypothetical_guardband_10pct,uniform_10pct_vdd_budget,1.1,False,VALIDATED
1131,u_cdc_cmd.mem[11][28]$_DFFE_PP_,clk_host,9.26,0.98,0.08900995679933771,9.170990043200662,setup,guardband_10pct,hypothetical_guardband_10pct,uniform_10pct_vdd_budget,1.1,False,VALIDATED
1132,u_cdc_cmd.mem[11][54]$_DFFE_PP_,clk_host,9.26,0.98,0.08900995679933771,9.170990043200662,setup,guardband_10pct,hypothetical_guardband_10pct,uniform_10pct_vdd_budget,1.1,False,VALIDATED
1134,u_cdc_cmd.mem[10][16]$_DFFE_PP_,clk_host,9.26,0.98,0.08900995679933765,9.170990043200662,setup,guardband_10pct,hypothetical_guardband_10pct,uniform_10pct_vdd_budget,1.1,False,VALIDATED
1130,u_cdc_cmd.mem[11][35]$_DFFE_PP_,clk_host,9.26,0.98,0.08900995679933771,9.170990043200662,setup,guardband_10pct,hypothetical_guardband_10pct,uniform_10pct_vdd_budget,1.1,False,VALIDATED
1121,u_cdc_cmd.mem[2][36]$_DFFE_PP_,clk_host,9.26,0.98,0.08900995679933771,9.170990043200662,setup,guardband_10pct,hypothetical_guardband_10pct,uniform_10pct_vdd_budget,1.1,False,VALIDATED
1120,u_cdc_cmd.mem[11][41]$_DFFE_PP_,clk_host,9.26,0.98,0.08900995679933771,9.170990043200662,setup,guardband_10pct,hypothetical_guardband_10pct,uniform_10pct_vdd_budget,1.1,False,VALIDATED
1116,u_cdc_cmd.mem[2][50]$_DFFE_PP_,clk_host,9.26,0.98,0.08900995679933771,9.170990043200662,setup,guardband_10pct,hypothetical_guardband_10pct,uniform_10pct_vdd_budget,1.1,False,VALIDATED
1139,u_cdc_cmd.mem[11][38]$_DFFE_PP_,clk_host,9.26,0.98,0.08900995679933771,9.170990043200662,setup,guardband_10pct,hypothetical_guardband_10pct,uniform_10pct_vdd_budget,1.1,False,VALIDATED
1163,u_cdc_cmd.mem[11][67]$_DFFE_PP_,clk_host,9.27,0.98,0.08900995679933771,9.180990043200662,setup,guardband_10pct,hypothetical_guardband_10pct,uniform_10pct_vdd_budget,1.1,False,VALIDATED
1167,u_cdc_cmd.mem[11][51]$_DFFE_PP_,clk_host,9.27,0.98,0.08900995679933771,9.180990043200662,setup,guardband_10pct,hypothetical_guardband_10pct,uniform_10pct_vdd_budget,1.1,False,VALIDATED
1170,u_cdc_cmd.mem[11][45]$_DFFE_PP_,clk_host,9.27,0.98,0.08900995679933771,9.180990043200662,setup,guardband_10pct,hypothetical_guardband_10pct,uniform_10pct_vdd_budget,1.1,False,VALIDATED
1147,u_cdc_cmd.mem[11][71]$_DFFE_PP_,clk_host,9.27,0.98,0.08900995679933771,9.180990043200662,setup,guardband_10pct,hypothetical_guardband_10pct,uniform_10pct_vdd_budget,1.1,False,VALIDATED
1161,u_cdc_cmd.mem[11][40]$_DFFE_PP_,clk_host,9.27,0.98,0.08900995679933771,9.180990043200662,setup,guardband_10pct,hypothetical_guardband_10pct,uniform_10pct_vdd_budget,1.1,False,VALIDATED
1157,u_cdc_cmd.mem[11][30]$_DFFE_PP_,clk_host,9.27,0.98,0.08900995679933771,9.180990043200662,setup,guardband_10pct,hypothetical_guardband_10pct,uniform_10pct_vdd_budget,1.1,False,VALIDATED
1159,u_cdc_cmd.mem[11][70]$_DFFE_PP_,clk_host,9.27,0.98,0.08900995679933771,9.180990043200662,setup,guardband_10pct,hypothetical_guardband_10pct,uniform_10pct_vdd_budget,1.1,False,VALIDATED
1166,u_cdc_cmd.mem[11][68]$_DFFE_PP_,clk_host,9.27,0.98,0.08900995679933771,9.180990043200662,setup,guardband_10pct,hypothetical_guardband_10pct,uniform_10pct_vdd_budget,1.1,False,VALIDATED
1164,u_cdc_cmd.mem[10][3]$_DFFE_PP_,clk_host,9.27,0.98,0.08900995679933765,9.180990043200662,setup,guardband_10pct,hypothetical_guardband_10pct,uniform_10pct_vdd_budget,1.1,False,VALIDATED
1152,u_cdc_cmd.mem[10][14]$_DFFE_PP_,clk_host,9.27,0.98,0.08900995679933765,9.180990043200662,setup,guardband_10pct,hypothetical_guardband_10pct,uniform_10pct_vdd_budget,1.1,False,VALIDATED
1148,u_cdc_cmd.mem[2][14]$_DFFE_PP_,clk_host,9.27,0.98,0.08900995679933771,9.180990043200662,setup,guardband_10pct,hypothetical_guardband_10pct,uniform_10pct_vdd_budget,1.1,False,VALIDATED
1165,u_cdc_cmd.mem[11][69]$_DFFE_PP_,clk_host,9.27,0.98,0.08900995679933771,9.180990043200662,setup,guardband_10pct,hypothetical_guardband_10pct,uniform_10pct_vdd_budget,1.1,False,VALIDATED
1155,u_cdc_cmd.mem[2][12]$_DFFE_PP_,clk_host,9.27,0.98,0.08900995679933771,9.180990043200662,setup,guardband_10pct,hypothetical_guardband_10pct,uniform_10pct_vdd_budget,1.1,False,VALIDATED
1150,u_cdc_cmd.mem[2][18]$_DFFE_PP_,clk_host,9.27,0.98,0.08900995679933771,9.180990043200662,setup,guardband_10pct,hypothetical_guardband_10pct,uniform_10pct_vdd_budget,1.1,False,VALIDATED
1153,u_cdc_cmd.mem[2][3]$_DFFE_PP_,clk_host,9.27,0.98,0.08900995679933771,9.180990043200662,setup,guardband_10pct,hypothetical_guardband_10pct,uniform_10pct_vdd_budget,1.1,False,VALIDATED
1149,u_cdc_cmd.mem[10][18]$_DFFE_PP_,clk_host,9.27,0.98,0.08900995679933765,9.180990043200662,setup,guardband_10pct,hypothetical_guardband_10pct,uniform_10pct_vdd_budget,1.1,False,VALIDATED
1151,u_cdc_cmd.mem[2][13]$_DFFE_PP_,clk_host,9.27,0.98,0.08900995679933771,9.180990043200662,setup,guardband_10pct,hypothetical_guardband_10pct,uniform_10pct_vdd_budget,1.1,False,VALIDATED
1168,u_cdc_cmd.mem[10][4]$_DFFE_PP_,clk_host,9.27,0.97,0.08810169193403836,9.18189830806596,setup,guardband_10pct,hypothetical_guardband_10pct,uniform_10pct_vdd_budget,1.1,False,VALIDATED
1162,u_cdc_cmd.mem[10][11]$_DFFE_PP_,clk_host,9.27,0.97,0.08810169193403836,9.18189830806596,setup,guardband_10pct,hypothetical_guardband_10pct,uniform_10pct_vdd_budget,1.1,False,VALIDATED
1169,u_cdc_cmd.mem[10][43]$_DFFE_PP_,clk_host,9.27,0.97,0.08810169193403836,9.18189830806596,setup,guardband_10pct,hypothetical_guardband_10pct,uniform_10pct_vdd_budget,1.1,False,VALIDATED
1160,u_cdc_cmd.mem[10][17]$_DFFE_PP_,clk_host,9.27,0.97,0.08810169193403836,9.18189830806596,setup,guardband_10pct,hypothetical_guardband_10pct,uniform_10pct_vdd_budget,1.1,False,VALIDATED
1154,u_cdc_cmd.mem[10][7]$_DFFE_PP_,clk_host,9.27,0.97,0.08810169193403836,9.18189830806596,setup,guardband_10pct,hypothetical_guardband_10pct,uniform_10pct_vdd_budget,1.1,False,VALIDATED
1158,u_cdc_cmd.mem[10][15]$_DFFE_PP_,clk_host,9.27,0.97,0.08810169193403836,9.18189830806596,setup,guardband_10pct,hypothetical_guardband_10pct,uniform_10pct_vdd_budget,1.1,False,VALIDATED
1156,u_cdc_cmd.mem[10][6]$_DFFE_PP_,clk_host,9.27,0.97,0.08810169193403836,9.18189830806596,setup,guardband_10pct,hypothetical_guardband_10pct,uniform_10pct_vdd_budget,1.1,False,VALIDATED
1174,u_cdc_cmd.mem[11][47]$_DFFE_PP_,clk_host,9.28,0.98,0.08900995679933771,9.190990043200662,setup,guardband_10pct,hypothetical_guardband_10pct,uniform_10pct_vdd_budget,1.1,False,VALIDATED
1171,u_cdc_cmd.mem[10][48]$_DFFE_PP_,clk_host,9.28,0.98,0.08900995679933765,9.190990043200662,setup,guardband_10pct,hypothetical_guardband_10pct,uniform_10pct_vdd_budget,1.1,False,VALIDATED
1172,u_cdc_cmd.mem[10][49]$_DFFE_PP_,clk_host,9.28,0.97,0.08810169193403836,9.19189830806596,setup,guardband_10pct,hypothetical_guardband_10pct,uniform_10pct_vdd_budget,1.1,False,VALIDATED
1173,u_cdc_cmd.mem[10][5]$_DFFE_PP_,clk_host,9.28,0.97,0.08810169193403836,9.19189830806596,setup,guardband_10pct,hypothetical_guardband_10pct,uniform_10pct_vdd_budget,1.1,False,VALIDATED
1175,u_cdc_cmd.mem[10][9]$_DFFE_PP_,clk_host,9.28,0.97,0.08810169193403836,9.19189830806596,setup,guardband_10pct,hypothetical_guardband_10pct,uniform_10pct_vdd_budget,1.1,False,VALIDATED
1178,u_cdc_cmd.mem[5][67]$_DFFE_PP_,clk_host,9.28,0.96,0.08719342706873887,9.19280657293126,setup,guardband_10pct,hypothetical_guardband_10pct,uniform_10pct_vdd_budget,1.1,False,VALIDATED
1180,u_cdc_cmd.mem[5][70]$_DFFE_PP_,clk_host,9.28,0.96,0.08719342706873887,9.19280657293126,setup,guardband_10pct,hypothetical_guardband_10pct,uniform_10pct_vdd_budget,1.1,False,VALIDATED
1182,u_cdc_cmd.mem[10][42]$_DFFE_PP_,clk_host,9.28,0.96,0.08719342706873887,9.19280657293126,setup,guardband_10pct,hypothetical_guardband_10pct,uniform_10pct_vdd_budget,1.1,False,VALIDATED
1184,u_cdc_cmd.mem[5][40]$_DFFE_PP_,clk_host,9.28,0.96,0.08719342706873887,9.19280657293126,setup,guardband_10pct,hypothetical_guardband_10pct,uniform_10pct_vdd_budget,1.1,False,VALIDATED
1185,u_cdc_cmd.mem[10][22]$_DFFE_PP_,clk_host,9.28,0.96,0.08719342706873887,9.19280657293126,setup,guardband_10pct,hypothetical_guardband_10pct,uniform_10pct_vdd_budget,1.1,False,VALIDATED
1177,u_cdc_cmd.mem[5][30]$_DFFE_PP_,clk_host,9.28,0.96,0.08719342706873887,9.19280657293126,setup,guardband_10pct,hypothetical_guardband_10pct,uniform_10pct_vdd_budget,1.1,False,VALIDATED
1183,u_cdc_cmd.mem[3][53]$_DFFE_PP_,clk_host,9.28,0.95,0.08628516220343961,9.19371483779656,setup,guardband_10pct,hypothetical_guardband_10pct,uniform_10pct_vdd_budget,1.1,False,VALIDATED
1181,u_cdc_cmd.mem[1][63]$_DFFE_PP_,clk_host,9.28,0.95,0.08628516220343957,9.19371483779656,setup,guardband_10pct,hypothetical_guardband_10pct,uniform_10pct_vdd_budget,1.1,False,VALIDATED
1179,u_cdc_cmd.mem[1][53]$_DFFE_PP_,clk_host,9.28,0.95,0.08628516220343957,9.19371483779656,setup,guardband_10pct,hypothetical_guardband_10pct,uniform_10pct_vdd_budget,1.1,False,VALIDATED
1176,u_cdc_cmd.mem[1][66]$_DFFE_PP_,clk_host,9.28,0.95,0.08628516220343957,9.19371483779656,setup,guardband_10pct,hypothetical_guardband_10pct,uniform_10pct_vdd_budget,1.1,False,VALIDATED
381,u_host_if.rpop_q[13]$_DFFE_PN0P_,clk_host,9.29,1.03,0.09355128112583452,9.196448718874164,recovery,guardband_10pct,hypothetical_guardband_10pct,uniform_10pct_vdd_budget,1.1,False,VALIDATED
387,u_host_if.rpop_q[12]$_DFFE_PN0P_,clk_host,9.29,1.03,0.09355128112583452,9.196448718874164,recovery,guardband_10pct,hypothetical_guardband_10pct,uniform_10pct_vdd_budget,1.1,False,VALIDATED
378,u_host_if.rpop_q[15]$_DFFE_PN0P_,clk_host,9.29,1.03,0.09355128112583452,9.196448718874164,recovery,guardband_10pct,hypothetical_guardband_10pct,uniform_10pct_vdd_budget,1.1,False,VALIDATED
382,u_host_if.rpop_q[20]$_DFFE_PN0P_,clk_host,9.29,1.03,0.09355128112583452,9.196448718874164,recovery,guardband_10pct,hypothetical_guardband_10pct,uniform_10pct_vdd_budget,1.1,False,VALIDATED
376,u_host_if.s_rdata[15]$_DFFE_PN0P_,clk_host,9.29,1.03,0.09355128112583452,9.196448718874164,recovery,guardband_10pct,hypothetical_guardband_10pct,uniform_10pct_vdd_budget,1.1,False,VALIDATED
384,u_host_if.s_rdata[20]$_DFFE_PN0P_,clk_host,9.29,1.03,0.09355128112583452,9.196448718874164,recovery,guardband_10pct,hypothetical_guardband_10pct,uniform_10pct_vdd_budget,1.1,False,VALIDATED
379,u_host_if.s_rdata[14]$_DFFE_PN0P_,clk_host,9.29,1.03,0.09355128112583452,9.196448718874164,recovery,guardband_10pct,hypothetical_guardband_10pct,uniform_10pct_vdd_budget,1.1,False,VALIDATED
380,u_host_if.rpop_q[14]$_DFFE_PN0P_,clk_host,9.29,1.03,0.09355128112583452,9.196448718874164,recovery,guardband_10pct,hypothetical_guardband_10pct,uniform_10pct_vdd_budget,1.1,False,VALIDATED
383,u_host_if.s_rdata[13]$_DFFE_PN0P_,clk_host,9.29,1.03,0.09355128112583452,9.196448718874164,recovery,guardband_10pct,hypothetical_guardband_10pct,uniform_10pct_vdd_budget,1.1,False,VALIDATED
377,u_host_if.rpop_q[17]$_DFFE_PN0P_,clk_host,9.29,1.03,0.09355128112583452,9.196448718874164,recovery,guardband_10pct,hypothetical_guardband_10pct,uniform_10pct_vdd_budget,1.1,False,VALIDATED
375,u_host_if.s_rdata[17]$_DFFE_PN0P_,clk_host,9.29,1.03,0.09355128112583452,9.196448718874164,recovery,guardband_10pct,hypothetical_guardband_10pct,uniform_10pct_vdd_budget,1.1,False,VALIDATED
394,u_host_if.rpop_q[19]$_DFFE_PN0P_,clk_host,9.29,1.03,0.09355128112583452,9.196448718874164,recovery,guardband_10pct,hypothetical_guardband_10pct,uniform_10pct_vdd_budget,1.1,False,VALIDATED
393,u_host_if.s_rdata[19]$_DFFE_PN0P_,clk_host,9.29,1.03,0.09355128112583452,9.196448718874164,recovery,guardband_10pct,hypothetical_guardband_10pct,uniform_10pct_vdd_budget,1.1,False,VALIDATED
391,u_host_if.s_rdata[10]$_DFFE_PN0P_,clk_host,9.29,1.03,0.09355128112583452,9.196448718874164,recovery,guardband_10pct,hypothetical_guardband_10pct,uniform_10pct_vdd_budget,1.1,False,VALIDATED
386,u_host_if.rpop_q[10]$_DFFE_PN0P_,clk_host,9.29,1.03,0.09355128112583452,9.196448718874164,recovery,guardband_10pct,hypothetical_guardband_10pct,uniform_10pct_vdd_budget,1.1,False,VALIDATED
385,u_host_if.rpop_q[16]$_DFFE_PN0P_,clk_host,9.29,1.03,0.09355128112583452,9.196448718874164,recovery,guardband_10pct,hypothetical_guardband_10pct,uniform_10pct_vdd_budget,1.1,False,VALIDATED
392,u_host_if.s_rdata[16]$_DFFE_PN0P_,clk_host,9.29,1.03,0.09355128112583452,9.196448718874164,recovery,guardband_10pct,hypothetical_guardband_10pct,uniform_10pct_vdd_budget,1.1,False,VALIDATED
389,u_host_if.s_rdata[12]$_DFFE_PN0P_,clk_host,9.29,1.03,0.09355128112583452,9.196448718874164,recovery,guardband_10pct,hypothetical_guardband_10pct,uniform_10pct_vdd_budget,1.1,False,VALIDATED
390,u_host_if.s_rdata[9]$_DFFE_PN0P_,clk_host,9.29,1.03,0.09355128112583452,9.196448718874164,recovery,guardband_10pct,hypothetical_guardband_10pct,uniform_10pct_vdd_budget,1.1,False,VALIDATED
388,u_host_if.rpop_q[9]$_DFFE_PN0P_,clk_host,9.29,1.03,0.09355128112583452,9.196448718874164,recovery,guardband_10pct,hypothetical_guardband_10pct,uniform_10pct_vdd_budget,1.1,False,VALIDATED
1198,u_cdc_cmd.mem[10][2]$_DFFE_PP_,clk_host,9.29,0.96,0.08719342706873887,9.20280657293126,setup,guardband_10pct,hypothetical_guardband_10pct,uniform_10pct_vdd_budget,1.1,False,VALIDATED
1191,u_cdc_cmd.mem[5][71]$_DFFE_PP_,clk_host,9.29,0.96,0.08719342706873887,9.20280657293126,setup,guardband_10pct,hypothetical_guardband_10pct,uniform_10pct_vdd_budget,1.1,False,VALIDATED
1192,u_cdc_cmd.mem[5][32]$_DFFE_PP_,clk_host,9.29,0.96,0.08719342706873887,9.20280657293126,setup,guardband_10pct,hypothetical_guardband_10pct,uniform_10pct_vdd_budget,1.1,False,VALIDATED
1194,u_cdc_cmd.mem[5][29]$_DFFE_PP_,clk_host,9.29,0.96,0.08719342706873887,9.20280657293126,setup,guardband_10pct,hypothetical_guardband_10pct,uniform_10pct_vdd_budget,1.1,False,VALIDATED
1200,u_cdc_cmd.mem[15][19]$_DFFE_PP_,clk_host,9.29,0.95,0.08628516220343957,9.203714837796559,setup,guardband_10pct,hypothetical_guardband_10pct,uniform_10pct_vdd_budget,1.1,False,VALIDATED
1199,u_cdc_cmd.mem[3][62]$_DFFE_PP_,clk_host,9.29,0.95,0.08628516220343961,9.203714837796559,setup,guardband_10pct,hypothetical_guardband_10pct,uniform_10pct_vdd_budget,1.1,False,VALIDATED
1193,u_cdc_cmd.mem[1][62]$_DFFE_PP_,clk_host,9.29,0.95,0.08628516220343957,9.203714837796559,setup,guardband_10pct,hypothetical_guardband_10pct,uniform_10pct_vdd_budget,1.1,False,VALIDATED
1195,u_cdc_cmd.mem[5][31]$_DFFE_PP_,clk_host,9.29,0.95,0.08628516220343957,9.203714837796559,setup,guardband_10pct,hypothetical_guardband_10pct,uniform_10pct_vdd_budget,1.1,False,VALIDATED
1189,u_cdc_cmd.mem[1][55]$_DFFE_PP_,clk_host,9.29,0.95,0.08628516220343957,9.203714837796559,setup,guardband_10pct,hypothetical_guardband_10pct,uniform_10pct_vdd_budget,1.1,False,VALIDATED
1186,u_cdc_cmd.mem[1][61]$_DFFE_PP_,clk_host,9.29,0.95,0.08628516220343957,9.203714837796559,setup,guardband_10pct,hypothetical_guardband_10pct,uniform_10pct_vdd_budget,1.1,False,VALIDATED
1187,u_cdc_cmd.mem[3][66]$_DFFE_PP_,clk_host,9.29,0.95,0.08628516220343961,9.203714837796559,setup,guardband_10pct,hypothetical_guardband_10pct,uniform_10pct_vdd_budget,1.1,False,VALIDATED
1188,u_cdc_cmd.mem[3][63]$_DFFE_PP_,clk_host,9.29,0.95,0.08628516220343961,9.203714837796559,setup,guardband_10pct,hypothetical_guardband_10pct,uniform_10pct_vdd_budget,1.1,False,VALIDATED
1190,u_cdc_cmd.mem[1][21]$_DFFE_PP_,clk_host,9.29,0.94,0.08537689733814015,9.20462310266186,setup,guardband_10pct,hypothetical_guardband_10pct,uniform_10pct_vdd_budget,1.1,False,VALIDATED
1196,u_cdc_cmd.mem[1][75]$_DFFE_PP_,clk_host,9.29,0.94,0.08537689733814015,9.20462310266186,setup,guardband_10pct,hypothetical_guardband_10pct,uniform_10pct_vdd_budget,1.1,False,VALIDATED
1197,u_cdc_cmd.mem[1][26]$_DFFE_PP_,clk_host,9.29,0.94,0.08537689733814015,9.20462310266186,setup,guardband_10pct,hypothetical_guardband_10pct,uniform_10pct_vdd_budget,1.1,False,VALIDATED
395,u_host_if.s_rdata[18]$_DFFE_PN0P_,clk_host,9.3,1.03,0.09355128112583452,9.206448718874165,recovery,guardband_10pct,hypothetical_guardband_10pct,uniform_10pct_vdd_budget,1.1,False,VALIDATED
398,u_host_if.rpop_q[8]$_DFFE_PN0P_,clk_host,9.43,0.9,0.0817438378769427,9.348256162123057,recovery,guardband_10pct,hypothetical_guardband_10pct,uniform_10pct_vdd_budget,1.1,False,VALIDATED
397,u_host_if.rpop_q[7]$_DFFE_PN0P_,clk_host,9.43,0.9,0.0817438378769427,9.348256162123057,recovery,guardband_10pct,hypothetical_guardband_10pct,uniform_10pct_vdd_budget,1.1,False,VALIDATED
399,u_host_if.s_rdata[8]$_DFFE_PN0P_,clk_host,9.43,0.9,0.0817438378769427,9.348256162123057,recovery,guardband_10pct,hypothetical_guardband_10pct,uniform_10pct_vdd_budget,1.1,False,VALIDATED
396,u_host_if.rpop_q[18]$_DFFE_PN0P_,clk_host,9.43,0.9,0.0817438378769427,9.348256162123057,recovery,guardband_10pct,hypothetical_guardband_10pct,uniform_10pct_vdd_budget,1.1,False,VALIDATED
1229,g_chan[1].u_cdc_chr.mem[10][1]$_DFFE_PP_,clk_nand,11.85,8.35,0.7584011625249687,11.091598837475031,setup,guardband_10pct,hypothetical_guardband_10pct,uniform_10pct_vdd_budget,1.1,False,VALIDATED
1230,g_chan[1].u_cdc_chr.mem[11][1]$_DFFE_PP_,clk_nand,11.85,8.35,0.7584011625249687,11.091598837475031,setup,guardband_10pct,hypothetical_guardband_10pct,uniform_10pct_vdd_budget,1.1,False,VALIDATED
1270,g_chan[1].u_cdc_chr.mem[3][1]$_DFFE_PP_,clk_nand,11.86,8.35,0.7584011625249687,11.10159883747503,setup,guardband_10pct,hypothetical_guardband_10pct,uniform_10pct_vdd_budget,1.1,False,VALIDATED
1268,g_chan[1].u_cdc_chr.mem[1][1]$_DFFE_PP_,clk_nand,11.86,8.35,0.7584011625249687,11.10159883747503,setup,guardband_10pct,hypothetical_guardband_10pct,uniform_10pct_vdd_budget,1.1,False,VALIDATED
1269,g_chan[1].u_cdc_chr.mem[0][1]$_DFFE_PP_,clk_nand,11.86,8.35,0.7584011625249687,11.10159883747503,setup,guardband_10pct,hypothetical_guardband_10pct,uniform_10pct_vdd_budget,1.1,False,VALIDATED
1231,g_chan[1].u_cdc_chr.mem[9][1]$_DFFE_PP_,clk_nand,11.86,8.35,0.7584011625249687,11.10159883747503,setup,guardband_10pct,hypothetical_guardband_10pct,uniform_10pct_vdd_budget,1.1,False,VALIDATED
1267,g_chan[1].u_cdc_chr.mem[4][1]$_DFFE_PP_,clk_nand,11.86,8.35,0.7584011625249687,11.10159883747503,setup,guardband_10pct,hypothetical_guardband_10pct,uniform_10pct_vdd_budget,1.1,False,VALIDATED
1241,g_chan[1].u_cdc_chr.mem[4][21]$_DFFE_PP_,clk_nand,11.86,8.35,0.7584011625249677,11.101598837475033,setup,guardband_10pct,hypothetical_guardband_10pct,uniform_10pct_vdd_budget,1.1,False,VALIDATED
1235,g_chan[1].u_cdc_chr.mem[1][25]$_DFFE_PP_,clk_nand,11.86,8.35,0.7584011625249677,11.101598837475033,setup,guardband_10pct,hypothetical_guardband_10pct,uniform_10pct_vdd_budget,1.1,False,VALIDATED
1234,g_chan[1].u_cdc_chr.mem[5][25]$_DFFE_PP_,clk_nand,11.86,8.35,0.7584011625249677,11.101598837475033,setup,guardband_10pct,hypothetical_guardband_10pct,uniform_10pct_vdd_budget,1.1,False,VALIDATED
1233,g_chan[1].u_cdc_chr.mem[15][25]$_DFFE_PP_,clk_nand,11.86,8.35,0.7584011625249677,11.101598837475033,setup,guardband_10pct,hypothetical_guardband_10pct,uniform_10pct_vdd_budget,1.1,False,VALIDATED
1240,g_chan[1].u_cdc_chr.mem[10][25]$_DFFE_PP_,clk_nand,11.86,8.35,0.7584011625249677,11.101598837475033,setup,guardband_10pct,hypothetical_guardband_10pct,uniform_10pct_vdd_budget,1.1,False,VALIDATED
1243,g_chan[1].u_cdc_chr.mem[8][25]$_DFFE_PP_,clk_nand,11.86,8.35,0.7584011625249677,11.101598837475033,setup,guardband_10pct,hypothetical_guardband_10pct,uniform_10pct_vdd_budget,1.1,False,VALIDATED
1242,g_chan[1].u_cdc_chr.mem[9][25]$_DFFE_PP_,clk_nand,11.86,8.35,0.7584011625249677,11.101598837475033,setup,guardband_10pct,hypothetical_guardband_10pct,uniform_10pct_vdd_budget,1.1,False,VALIDATED
1237,g_chan[1].u_cdc_chr.mem[13][21]$_DFFE_PP_,clk_nand,11.86,8.35,0.7584011625249677,11.101598837475033,setup,guardband_10pct,hypothetical_guardband_10pct,uniform_10pct_vdd_budget,1.1,False,VALIDATED
1236,g_chan[1].u_cdc_chr.mem[14][25]$_DFFE_PP_,clk_nand,11.86,8.35,0.7584011625249677,11.101598837475033,setup,guardband_10pct,hypothetical_guardband_10pct,uniform_10pct_vdd_budget,1.1,False,VALIDATED
1261,g_chan[1].u_cdc_chr.mem[2][25]$_DFFE_PP_,clk_nand,11.86,8.35,0.7584011625249677,11.101598837475033,setup,guardband_10pct,hypothetical_guardband_10pct,uniform_10pct_vdd_budget,1.1,False,VALIDATED
1262,g_chan[1].u_cdc_chr.mem[12][25]$_DFFE_PP_,clk_nand,11.86,8.35,0.7584011625249677,11.101598837475033,setup,guardband_10pct,hypothetical_guardband_10pct,uniform_10pct_vdd_budget,1.1,False,VALIDATED
1264,g_chan[1].u_cdc_chr.mem[4][25]$_DFFE_PP_,clk_nand,11.86,8.35,0.7584011625249677,11.101598837475033,setup,guardband_10pct,hypothetical_guardband_10pct,uniform_10pct_vdd_budget,1.1,False,VALIDATED
1252,g_chan[1].u_cdc_chr.mem[2][21]$_DFFE_PP_,clk_nand,11.86,8.35,0.7584011625249677,11.101598837475033,setup,guardband_10pct,hypothetical_guardband_10pct,uniform_10pct_vdd_budget,1.1,False,VALIDATED
1266,g_chan[1].u_cdc_chr.mem[6][25]$_DFFE_PP_,clk_nand,11.86,8.35,0.7584011625249677,11.101598837475033,setup,guardband_10pct,hypothetical_guardband_10pct,uniform_10pct_vdd_budget,1.1,False,VALIDATED
1265,g_chan[1].u_cdc_chr.mem[3][21]$_DFFE_PP_,clk_nand,11.86,8.35,0.7584011625249677,11.101598837475033,setup,guardband_10pct,hypothetical_guardband_10pct,uniform_10pct_vdd_budget,1.1,False,VALIDATED
1253,g_chan[1].u_cdc_chr.mem[15][21]$_DFFE_PP_,clk_nand,11.86,8.35,0.7584011625249677,11.101598837475033,setup,guardband_10pct,hypothetical_guardband_10pct,uniform_10pct_vdd_budget,1.1,False,VALIDATED
1249,g_chan[1].u_cdc_chr.mem[11][21]$_DFFE_PP_,clk_nand,11.86,8.35,0.7584011625249677,11.101598837475033,setup,guardband_10pct,hypothetical_guardband_10pct,uniform_10pct_vdd_budget,1.1,False,VALIDATED
1254,g_chan[1].u_cdc_chr.mem[7][21]$_DFFE_PP_,clk_nand,11.86,8.35,0.7584011625249677,11.101598837475033,setup,guardband_10pct,hypothetical_guardband_10pct,uniform_10pct_vdd_budget,1.1,False,VALIDATED
1256,g_chan[1].u_cdc_chr.mem[0][25]$_DFFE_PP_,clk_nand,11.86,8.35,0.7584011625249677,11.101598837475033,setup,guardband_10pct,hypothetical_guardband_10pct,uniform_10pct_vdd_budget,1.1,False,VALIDATED
1257,g_chan[1].u_cdc_chr.mem[1][21]$_DFFE_PP_,clk_nand,11.86,8.35,0.7584011625249677,11.101598837475033,setup,guardband_10pct,hypothetical_guardband_10pct,uniform_10pct_vdd_budget,1.1,False,VALIDATED
1259,g_chan[1].u_cdc_chr.mem[0][21]$_DFFE_PP_,clk_nand,11.86,8.35,0.7584011625249677,11.101598837475033,setup,guardband_10pct,hypothetical_guardband_10pct,uniform_10pct_vdd_budget,1.1,False,VALIDATED
1245,g_chan[1].u_cdc_chr.mem[8][21]$_DFFE_PP_,clk_nand,11.86,8.35,0.7584011625249677,11.101598837475033,setup,guardband_10pct,hypothetical_guardband_10pct,uniform_10pct_vdd_budget,1.1,False,VALIDATED
1246,g_chan[1].u_cdc_chr.mem[6][21]$_DFFE_PP_,clk_nand,11.86,8.35,0.7584011625249677,11.101598837475033,setup,guardband_10pct,hypothetical_guardband_10pct,uniform_10pct_vdd_budget,1.1,False,VALIDATED
1247,g_chan[1].u_cdc_chr.mem[9][21]$_DFFE_PP_,clk_nand,11.86,8.35,0.7584011625249677,11.101598837475033,setup,guardband_10pct,hypothetical_guardband_10pct,uniform_10pct_vdd_budget,1.1,False,VALIDATED
1248,g_chan[1].u_cdc_chr.mem[5][21]$_DFFE_PP_,clk_nand,11.86,8.35,0.7584011625249677,11.101598837475033,setup,guardband_10pct,hypothetical_guardband_10pct,uniform_10pct_vdd_budget,1.1,False,VALIDATED
1251,g_chan[1].u_cdc_chr.mem[14][21]$_DFFE_PP_,clk_nand,11.86,8.35,0.7584011625249677,11.101598837475033,setup,guardband_10pct,hypothetical_guardband_10pct,uniform_10pct_vdd_budget,1.1,False,VALIDATED
1250,g_chan[1].u_cdc_chr.mem[10][21]$_DFFE_PP_,clk_nand,11.86,8.35,0.7584011625249677,11.101598837475033,setup,guardband_10pct,hypothetical_guardband_10pct,uniform_10pct_vdd_budget,1.1,False,VALIDATED
1232,g_chan[1].u_cdc_chr.mem[11][25]$_DFFE_PP_,clk_nand,11.86,8.35,0.7584011625249677,11.101598837475033,setup,guardband_10pct,hypothetical_guardband_10pct,uniform_10pct_vdd_budget,1.1,False,VALIDATED
1244,g_chan[1].u_cdc_chr.mem[13][25]$_DFFE_PP_,clk_nand,11.86,8.35,0.7584011625249677,11.101598837475033,setup,guardband_10pct,hypothetical_guardband_10pct,uniform_10pct_vdd_budget,1.1,False,VALIDATED
1239,g_chan[1].u_cdc_chr.mem[3][25]$_DFFE_PP_,clk_nand,11.86,8.35,0.7584011625249677,11.101598837475033,setup,guardband_10pct,hypothetical_guardband_10pct,uniform_10pct_vdd_budget,1.1,False,VALIDATED
1238,g_chan[1].u_cdc_chr.mem[12][21]$_DFFE_PP_,clk_nand,11.86,8.35,0.7584011625249677,11.101598837475033,setup,guardband_10pct,hypothetical_guardband_10pct,uniform_10pct_vdd_budget,1.1,False,VALIDATED
1263,g_chan[1].u_cdc_chr.mem[7][25]$_DFFE_PP_,clk_nand,11.86,8.35,0.7584011625249677,11.101598837475033,setup,guardband_10pct,hypothetical_guardband_10pct,uniform_10pct_vdd_budget,1.1,False,VALIDATED
1258,g_chan[1].u_cdc_chr.mem[1][24]$_DFFE_PP_,clk_nand,11.86,8.33,0.7565846327943696,11.10341536720563,setup,guardband_10pct,hypothetical_guardband_10pct,uniform_10pct_vdd_budget,1.1,False,VALIDATED
1255,g_chan[1].u_cdc_chr.mem[0][24]$_DFFE_PP_,clk_nand,11.86,8.33,0.7565846327943696,11.10341536720563,setup,guardband_10pct,hypothetical_guardband_10pct,uniform_10pct_vdd_budget,1.1,False,VALIDATED
1260,g_chan[1].u_cdc_chr.mem[3][24]$_DFFE_PP_,clk_nand,11.86,8.33,0.7565846327943696,11.10341536720563,setup,guardband_10pct,hypothetical_guardband_10pct,uniform_10pct_vdd_budget,1.1,False,VALIDATED
1277,g_chan[1].u_cdc_chr.mem[8][1]$_DFFE_PP_,clk_nand,11.87,8.35,0.7584011625249687,11.11159883747503,setup,guardband_10pct,hypothetical_guardband_10pct,uniform_10pct_vdd_budget,1.1,False,VALIDATED
1272,g_chan[1].u_cdc_chr.mem[12][1]$_DFFE_PP_,clk_nand,11.87,8.35,0.7584011625249687,11.11159883747503,setup,guardband_10pct,hypothetical_guardband_10pct,uniform_10pct_vdd_budget,1.1,False,VALIDATED
1275,g_chan[1].u_cdc_chr.mem[13][1]$_DFFE_PP_,clk_nand,11.87,8.35,0.7584011625249687,11.11159883747503,setup,guardband_10pct,hypothetical_guardband_10pct,uniform_10pct_vdd_budget,1.1,False,VALIDATED
1295,g_chan[1].u_cdc_chr.mem[4][9]$_DFFE_PP_,clk_nand,11.87,8.35,0.7584011625249687,11.11159883747503,setup,guardband_10pct,hypothetical_guardband_10pct,uniform_10pct_vdd_budget,1.1,False,VALIDATED
1274,g_chan[1].u_cdc_chr.mem[6][1]$_DFFE_PP_,clk_nand,11.87,8.35,0.7584011625249687,11.11159883747503,setup,guardband_10pct,hypothetical_guardband_10pct,uniform_10pct_vdd_budget,1.1,False,VALIDATED
1273,g_chan[1].u_cdc_chr.mem[7][1]$_DFFE_PP_,clk_nand,11.87,8.35,0.7584011625249687,11.11159883747503,setup,guardband_10pct,hypothetical_guardband_10pct,uniform_10pct_vdd_budget,1.1,False,VALIDATED
1283,g_chan[1].u_cdc_chr.mem[1][9]$_DFFE_PP_,clk_nand,11.87,8.35,0.7584011625249687,11.11159883747503,setup,guardband_10pct,hypothetical_guardband_10pct,uniform_10pct_vdd_budget,1.1,False,VALIDATED
1290,g_chan[1].u_cdc_chr.mem[3][9]$_DFFE_PP_,clk_nand,11.87,8.35,0.7584011625249687,11.11159883747503,setup,guardband_10pct,hypothetical_guardband_10pct,uniform_10pct_vdd_budget,1.1,False,VALIDATED
1289,g_chan[1].u_cdc_chr.mem[13][9]$_DFFE_PP_,clk_nand,11.87,8.35,0.7584011625249687,11.11159883747503,setup,guardband_10pct,hypothetical_guardband_10pct,uniform_10pct_vdd_budget,1.1,False,VALIDATED
1288,g_chan[1].u_cdc_chr.mem[12][9]$_DFFE_PP_,clk_nand,11.87,8.35,0.7584011625249687,11.11159883747503,setup,guardband_10pct,hypothetical_guardband_10pct,uniform_10pct_vdd_budget,1.1,False,VALIDATED
1287,g_chan[1].u_cdc_chr.mem[5][9]$_DFFE_PP_,clk_nand,11.87,8.35,0.7584011625249687,11.11159883747503,setup,guardband_10pct,hypothetical_guardband_10pct,uniform_10pct_vdd_budget,1.1,False,VALIDATED
1286,g_chan[1].u_cdc_chr.mem[0][9]$_DFFE_PP_,clk_nand,11.87,8.35,0.7584011625249687,11.11159883747503,setup,guardband_10pct,hypothetical_guardband_10pct,uniform_10pct_vdd_budget,1.1,False,VALIDATED
1285,g_chan[1].u_cdc_chr.mem[8][9]$_DFFE_PP_,clk_nand,11.87,8.35,0.7584011625249687,11.11159883747503,setup,guardband_10pct,hypothetical_guardband_10pct,uniform_10pct_vdd_budget,1.1,False,VALIDATED
1284,g_chan[1].u_cdc_chr.mem[2][9]$_DFFE_PP_,clk_nand,11.87,8.35,0.7584011625249687,11.11159883747503,setup,guardband_10pct,hypothetical_guardband_10pct,uniform_10pct_vdd_budget,1.1,False,VALIDATED
1281,g_chan[1].u_cdc_chr.mem[10][9]$_DFFE_PP_,clk_nand,11.87,8.35,0.7584011625249687,11.11159883747503,setup,guardband_10pct,hypothetical_guardband_10pct,uniform_10pct_vdd_budget,1.1,False,VALIDATED
1282,g_chan[1].u_cdc_chr.mem[11][9]$_DFFE_PP_,clk_nand,11.87,8.35,0.7584011625249687,11.11159883747503,setup,guardband_10pct,hypothetical_guardband_10pct,uniform_10pct_vdd_budget,1.1,False,VALIDATED
1292,g_chan[1].u_cdc_chr.mem[7][9]$_DFFE_PP_,clk_nand,11.87,8.35,0.7584011625249687,11.11159883747503,setup,guardband_10pct,hypothetical_guardband_10pct,uniform_10pct_vdd_budget,1.1,False,VALIDATED
1291,g_chan[1].u_cdc_chr.mem[14][9]$_DFFE_PP_,clk_nand,11.87,8.35,0.7584011625249687,11.11159883747503,setup,guardband_10pct,hypothetical_guardband_10pct,uniform_10pct_vdd_budget,1.1,False,VALIDATED
1293,g_chan[1].u_cdc_chr.mem[15][9]$_DFFE_PP_,clk_nand,11.87,8.35,0.7584011625249687,11.11159883747503,setup,guardband_10pct,hypothetical_guardband_10pct,uniform_10pct_vdd_budget,1.1,False,VALIDATED
1294,g_chan[1].u_cdc_chr.mem[6][9]$_DFFE_PP_,clk_nand,11.87,8.35,0.7584011625249687,11.11159883747503,setup,guardband_10pct,hypothetical_guardband_10pct,uniform_10pct_vdd_budget,1.1,False,VALIDATED
1276,g_chan[1].u_cdc_chr.mem[5][1]$_DFFE_PP_,clk_nand,11.87,8.35,0.7584011625249687,11.11159883747503,setup,guardband_10pct,hypothetical_guardband_10pct,uniform_10pct_vdd_budget,1.1,False,VALIDATED
1271,g_chan[1].u_cdc_chr.mem[2][1]$_DFFE_PP_,clk_nand,11.87,8.35,0.7584011625249687,11.11159883747503,setup,guardband_10pct,hypothetical_guardband_10pct,uniform_10pct_vdd_budget,1.1,False,VALIDATED
1279,g_chan[1].u_cdc_chr.mem[14][1]$_DFFE_PP_,clk_nand,11.87,8.35,0.7584011625249687,11.11159883747503,setup,guardband_10pct,hypothetical_guardband_10pct,uniform_10pct_vdd_budget,1.1,False,VALIDATED
1278,g_chan[1].u_cdc_chr.mem[15][1]$_DFFE_PP_,clk_nand,11.87,8.35,0.7584011625249687,11.11159883747503,setup,guardband_10pct,hypothetical_guardband_10pct,uniform_10pct_vdd_budget,1.1,False,VALIDATED
1280,g_chan[1].u_cdc_chr.mem[9][9]$_DFFE_PP_,clk_nand,11.87,8.35,0.7584011625249687,11.11159883747503,setup,guardband_10pct,hypothetical_guardband_10pct,uniform_10pct_vdd_budget,1.1,False,VALIDATED
1296,g_chan[1].u_cdc_chr.mem[3][18]$_DFFE_PP_,clk_nand,11.87,8.34,0.7574928976596697,11.112507102340329,setup,guardband_10pct,hypothetical_guardband_10pct,uniform_10pct_vdd_budget,1.1,False,VALIDATED
1298,g_chan[1].u_cdc_chr.mem[14][18]$_DFFE_PP_,clk_nand,11.87,8.34,0.7574928976596697,11.112507102340329,setup,guardband_10pct,hypothetical_guardband_10pct,uniform_10pct_vdd_budget,1.1,False,VALIDATED
1297,g_chan[1].u_cdc_chr.mem[10][18]$_DFFE_PP_,clk_nand,11.87,8.34,0.7574928976596697,11.112507102340329,setup,guardband_10pct,hypothetical_guardband_10pct,uniform_10pct_vdd_budget,1.1,False,VALIDATED
1302,g_chan[1].u_cdc_chr.mem[6][18]$_DFFE_PP_,clk_nand,11.88,8.34,0.7574928976596697,11.12250710234033,setup,guardband_10pct,hypothetical_guardband_10pct,uniform_10pct_vdd_budget,1.1,False,VALIDATED
1307,g_chan[1].u_cdc_chr.mem[11][18]$_DFFE_PP_,clk_nand,11.88,8.34,0.7574928976596697,11.12250710234033,setup,guardband_10pct,hypothetical_guardband_10pct,uniform_10pct_vdd_budget,1.1,False,VALIDATED
1308,g_chan[1].u_cdc_chr.mem[13][18]$_DFFE_PP_,clk_nand,11.88,8.34,0.7574928976596697,11.12250710234033,setup,guardband_10pct,hypothetical_guardband_10pct,uniform_10pct_vdd_budget,1.1,False,VALIDATED
1300,g_chan[1].u_cdc_chr.mem[2][18]$_DFFE_PP_,clk_nand,11.88,8.33,0.7565846327943696,11.12341536720563,setup,guardband_10pct,hypothetical_guardband_10pct,uniform_10pct_vdd_budget,1.1,False,VALIDATED
1299,g_chan[1].u_cdc_chr.mem[0][18]$_DFFE_PP_,clk_nand,11.88,8.33,0.7565846327943696,11.12341536720563,setup,guardband_10pct,hypothetical_guardband_10pct,uniform_10pct_vdd_budget,1.1,False,VALIDATED
1301,g_chan[1].u_cdc_chr.mem[8][18]$_DFFE_PP_,clk_nand,11.88,8.33,0.7565846327943696,11.12341536720563,setup,guardband_10pct,hypothetical_guardband_10pct,uniform_10pct_vdd_budget,1.1,False,VALIDATED
1309,g_chan[1].u_cdc_chr.mem[12][18]$_DFFE_PP_,clk_nand,11.88,8.33,0.7565846327943696,11.12341536720563,setup,guardband_10pct,hypothetical_guardband_10pct,uniform_10pct_vdd_budget,1.1,False,VALIDATED
1310,g_chan[1].u_cdc_chr.mem[3][13]$_DFFE_PP_,clk_nand,11.88,8.33,0.7565846327943699,11.12341536720563,setup,guardband_10pct,hypothetical_guardband_10pct,uniform_10pct_vdd_budget,1.1,False,VALIDATED
1311,g_chan[1].u_cdc_chr.mem[15][18]$_DFFE_PP_,clk_nand,11.88,8.33,0.7565846327943696,11.12341536720563,setup,guardband_10pct,hypothetical_guardband_10pct,uniform_10pct_vdd_budget,1.1,False,VALIDATED
1312,g_chan[1].u_cdc_chr.mem[1][13]$_DFFE_PP_,clk_nand,11.88,8.33,0.7565846327943699,11.12341536720563,setup,guardband_10pct,hypothetical_guardband_10pct,uniform_10pct_vdd_budget,1.1,False,VALIDATED
1327,g_chan[1].u_cdc_chr.mem[15][24]$_DFFE_PP_,clk_nand,11.88,8.33,0.7565846327943696,11.12341536720563,setup,guardband_10pct,hypothetical_guardband_10pct,uniform_10pct_vdd_budget,1.1,False,VALIDATED
1326,g_chan[1].u_cdc_chr.mem[7][13]$_DFFE_PP_,clk_nand,11.88,8.33,0.7565846327943699,11.12341536720563,setup,guardband_10pct,hypothetical_guardband_10pct,uniform_10pct_vdd_budget,1.1,False,VALIDATED
1325,g_chan[1].u_cdc_chr.mem[13][13]$_DFFE_PP_,clk_nand,11.88,8.33,0.7565846327943699,11.12341536720563,setup,guardband_10pct,hypothetical_guardband_10pct,uniform_10pct_vdd_budget,1.1,False,VALIDATED
1324,g_chan[1].u_cdc_chr.mem[14][13]$_DFFE_PP_,clk_nand,11.88,8.33,0.7565846327943699,11.12341536720563,setup,guardband_10pct,hypothetical_guardband_10pct,uniform_10pct_vdd_budget,1.1,False,VALIDATED
1335,g_chan[1].u_cdc_chr.mem[10][24]$_DFFE_PP_,clk_nand,11.88,8.33,0.7565846327943696,11.12341536720563,setup,guardband_10pct,hypothetical_guardband_10pct,uniform_10pct_vdd_budget,1.1,False,VALIDATED
1315,g_chan[1].u_cdc_chr.mem[9][13]$_DFFE_PP_,clk_nand,11.88,8.33,0.7565846327943699,11.12341536720563,setup,guardband_10pct,hypothetical_guardband_10pct,uniform_10pct_vdd_budget,1.1,False,VALIDATED
1346,g_chan[1].u_cdc_chr.mem[2][24]$_DFFE_PP_,clk_nand,11.88,8.33,0.7565846327943696,11.12341536720563,setup,guardband_10pct,hypothetical_guardband_10pct,uniform_10pct_vdd_budget,1.1,False,VALIDATED
1336,g_chan[1].u_cdc_chr.mem[11][24]$_DFFE_PP_,clk_nand,11.88,8.33,0.7565846327943696,11.12341536720563,setup,guardband_10pct,hypothetical_guardband_10pct,uniform_10pct_vdd_budget,1.1,False,VALIDATED
1339,g_chan[1].u_cdc_chr.mem[14][24]$_DFFE_PP_,clk_nand,11.88,8.33,0.7565846327943696,11.12341536720563,setup,guardband_10pct,hypothetical_guardband_10pct,uniform_10pct_vdd_budget,1.1,False,VALIDATED
1338,g_chan[1].u_cdc_chr.mem[13][24]$_DFFE_PP_,clk_nand,11.88,8.33,0.7565846327943696,11.12341536720563,setup,guardband_10pct,hypothetical_guardband_10pct,uniform_10pct_vdd_budget,1.1,False,VALIDATED
1337,g_chan[1].u_cdc_chr.mem[6][24]$_DFFE_PP_,clk_nand,11.88,8.33,0.7565846327943696,11.12341536720563,setup,guardband_10pct,hypothetical_guardband_10pct,uniform_10pct_vdd_budget,1.1,False,VALIDATED
1333,g_chan[1].u_cdc_chr.mem[5][24]$_DFFE_PP_,clk_nand,11.88,8.33,0.7565846327943696,11.12341536720563,setup,guardband_10pct,hypothetical_guardband_10pct,uniform_10pct_vdd_budget,1.1,False,VALIDATED
1331,g_chan[1].u_cdc_chr.mem[4][24]$_DFFE_PP_,clk_nand,11.88,8.33,0.7565846327943696,11.12341536720563,setup,guardband_10pct,hypothetical_guardband_10pct,uniform_10pct_vdd_budget,1.1,False,VALIDATED
1332,g_chan[1].u_cdc_chr.mem[9][24]$_DFFE_PP_,clk_nand,11.88,8.33,0.7565846327943696,11.12341536720563,setup,guardband_10pct,hypothetical_guardband_10pct,uniform_10pct_vdd_budget,1.1,False,VALIDATED
1330,g_chan[1].u_cdc_chr.mem[12][13]$_DFFE_PP_,clk_nand,11.88,8.33,0.7565846327943699,11.12341536720563,setup,guardband_10pct,hypothetical_guardband_10pct,uniform_10pct_vdd_budget,1.1,False,VALIDATED
1329,g_chan[1].u_cdc_chr.mem[12][24]$_DFFE_PP_,clk_nand,11.88,8.33,0.7565846327943696,11.12341536720563,setup,guardband_10pct,hypothetical_guardband_10pct,uniform_10pct_vdd_budget,1.1,False,VALIDATED
1320,g_chan[1].u_cdc_chr.mem[2][13]$_DFFE_PP_,clk_nand,11.88,8.33,0.7565846327943699,11.12341536720563,setup,guardband_10pct,hypothetical_guardband_10pct,uniform_10pct_vdd_budget,1.1,False,VALIDATED
1314,g_chan[1].u_cdc_chr.mem[7][18]$_DFFE_PP_,clk_nand,11.88,8.33,0.7565846327943696,11.12341536720563,setup,guardband_10pct,hypothetical_guardband_10pct,uniform_10pct_vdd_budget,1.1,False,VALIDATED
1317,g_chan[1].u_cdc_chr.mem[8][13]$_DFFE_PP_,clk_nand,11.88,8.33,0.7565846327943699,11.12341536720563,setup,guardband_10pct,hypothetical_guardband_10pct,uniform_10pct_vdd_budget,1.1,False,VALIDATED
1316,g_chan[1].u_cdc_chr.mem[11][13]$_DFFE_PP_,clk_nand,11.88,8.33,0.7565846327943699,11.12341536720563,setup,guardband_10pct,hypothetical_guardband_10pct,uniform_10pct_vdd_budget,1.1,False,VALIDATED
1304,g_chan[1].u_cdc_chr.mem[4][18]$_DFFE_PP_,clk_nand,11.88,8.33,0.7565846327943696,11.12341536720563,setup,guardband_10pct,hypothetical_guardband_10pct,uniform_10pct_vdd_budget,1.1,False,VALIDATED
1313,g_chan[1].u_cdc_chr.mem[1][18]$_DFFE_PP_,clk_nand,11.88,8.33,0.7565846327943696,11.12341536720563,setup,guardband_10pct,hypothetical_guardband_10pct,uniform_10pct_vdd_budget,1.1,False,VALIDATED
1343,g_chan[1].u_cdc_chr.mem[7][24]$_DFFE_PP_,clk_nand,11.88,8.33,0.7565846327943696,11.12341536720563,setup,guardband_10pct,hypothetical_guardband_10pct,uniform_10pct_vdd_budget,1.1,False,VALIDATED
1340,g_chan[1].u_cdc_chr.mem[8][24]$_DFFE_PP_,clk_nand,11.88,8.33,0.7565846327943696,11.12341536720563,setup,guardband_10pct,hypothetical_guardband_10pct,uniform_10pct_vdd_budget,1.1,False,VALIDATED
1322,g_chan[1].u_cdc_chr.mem[4][13]$_DFFE_PP_,clk_nand,11.88,8.33,0.7565846327943699,11.12341536720563,setup,guardband_10pct,hypothetical_guardband_10pct,uniform_10pct_vdd_budget,1.1,False,VALIDATED
1321,g_chan[1].u_cdc_chr.mem[5][13]$_DFFE_PP_,clk_nand,11.88,8.33,0.7565846327943699,11.12341536720563,setup,guardband_10pct,hypothetical_guardband_10pct,uniform_10pct_vdd_budget,1.1,False,VALIDATED
1323,g_chan[1].u_cdc_chr.mem[6][13]$_DFFE_PP_,clk_nand,11.88,8.33,0.7565846327943699,11.12341536720563,setup,guardband_10pct,hypothetical_guardband_10pct,uniform_10pct_vdd_budget,1.1,False,VALIDATED
1328,g_chan[1].u_cdc_chr.mem[15][13]$_DFFE_PP_,clk_nand,11.88,8.33,0.7565846327943699,11.12341536720563,setup,guardband_10pct,hypothetical_guardband_10pct,uniform_10pct_vdd_budget,1.1,False,VALIDATED
1305,g_chan[1].u_cdc_chr.mem[5][18]$_DFFE_PP_,clk_nand,11.88,8.33,0.7565846327943696,11.12341536720563,setup,guardband_10pct,hypothetical_guardband_10pct,uniform_10pct_vdd_budget,1.1,False,VALIDATED
1303,g_chan[1].u_cdc_chr.mem[0][13]$_DFFE_PP_,clk_nand,11.88,8.33,0.7565846327943699,11.12341536720563,setup,guardband_10pct,hypothetical_guardband_10pct,uniform_10pct_vdd_budget,1.1,False,VALIDATED
1306,g_chan[1].u_cdc_chr.mem[9][18]$_DFFE_PP_,clk_nand,11.88,8.33,0.7565846327943696,11.12341536720563,setup,guardband_10pct,hypothetical_guardband_10pct,uniform_10pct_vdd_budget,1.1,False,VALIDATED
1350,g_chan[1].u_cdc_chr.mem[4][12]$_DFFE_PP_,clk_nand,11.88,8.32,0.7556763679290714,11.12432363207093,setup,guardband_10pct,hypothetical_guardband_10pct,uniform_10pct_vdd_budget,1.1,False,VALIDATED
1319,g_chan[1].u_cdc_chr.mem[8][12]$_DFFE_PP_,clk_nand,11.88,8.32,0.7556763679290714,11.12432363207093,setup,guardband_10pct,hypothetical_guardband_10pct,uniform_10pct_vdd_budget,1.1,False,VALIDATED
1318,g_chan[1].u_cdc_chr.mem[11][12]$_DFFE_PP_,clk_nand,11.88,8.32,0.7556763679290714,11.12432363207093,setup,guardband_10pct,hypothetical_guardband_10pct,uniform_10pct_vdd_budget,1.1,False,VALIDATED
1354,g_chan[1].u_cdc_chr.mem[0][17]$_DFFE_PP_,clk_nand,11.88,8.32,0.7556763679290696,11.124323632070931,setup,guardband_10pct,hypothetical_guardband_10pct,uniform_10pct_vdd_budget,1.1,False,VALIDATED
1353,g_chan[1].u_cdc_chr.mem[10][16]$_DFFE_PP_,clk_nand,11.88,8.31,0.7547681030637725,11.125231896936228,setup,guardband_10pct,hypothetical_guardband_10pct,uniform_10pct_vdd_budget,1.1,False,VALIDATED
1345,g_chan[1].u_cdc_chr.mem[3][8]$_DFFE_PP_,clk_nand,11.88,8.31,0.7547681030637725,11.125231896936228,setup,guardband_10pct,hypothetical_guardband_10pct,uniform_10pct_vdd_budget,1.1,False,VALIDATED
1347,g_chan[1].u_cdc_chr.mem[9][8]$_DFFE_PP_,clk_nand,11.88,8.31,0.7547681030637725,11.125231896936228,setup,guardband_10pct,hypothetical_guardband_10pct,uniform_10pct_vdd_budget,1.1,False,VALIDATED
1348,g_chan[1].u_cdc_chr.mem[1][8]$_DFFE_PP_,clk_nand,11.88,8.31,0.7547681030637725,11.125231896936228,setup,guardband_10pct,hypothetical_guardband_10pct,uniform_10pct_vdd_budget,1.1,False,VALIDATED
1352,g_chan[1].u_cdc_chr.mem[8][16]$_DFFE_PP_,clk_nand,11.88,8.31,0.7547681030637725,11.125231896936228,setup,guardband_10pct,hypothetical_guardband_10pct,uniform_10pct_vdd_budget,1.1,False,VALIDATED
1351,g_chan[1].u_cdc_chr.mem[11][16]$_DFFE_PP_,clk_nand,11.88,8.31,0.7547681030637725,11.125231896936228,setup,guardband_10pct,hypothetical_guardband_10pct,uniform_10pct_vdd_budget,1.1,False,VALIDATED
1344,g_chan[1].u_cdc_chr.mem[10][8]$_DFFE_PP_,clk_nand,11.88,8.31,0.7547681030637725,11.125231896936228,setup,guardband_10pct,hypothetical_guardband_10pct,uniform_10pct_vdd_budget,1.1,False,VALIDATED
1342,g_chan[1].u_cdc_chr.mem[2][8]$_DFFE_PP_,clk_nand,11.88,8.31,0.7547681030637725,11.125231896936228,setup,guardband_10pct,hypothetical_guardband_10pct,uniform_10pct_vdd_budget,1.1,False,VALIDATED
1341,g_chan[1].u_cdc_chr.mem[0][8]$_DFFE_PP_,clk_nand,11.88,8.31,0.7547681030637725,11.125231896936228,setup,guardband_10pct,hypothetical_guardband_10pct,uniform_10pct_vdd_budget,1.1,False,VALIDATED
1349,g_chan[1].u_cdc_chr.mem[9][16]$_DFFE_PP_,clk_nand,11.88,8.31,0.7547681030637725,11.125231896936228,setup,guardband_10pct,hypothetical_guardband_10pct,uniform_10pct_vdd_budget,1.1,False,VALIDATED
1334,g_chan[1].u_cdc_chr.mem[11][8]$_DFFE_PP_,clk_nand,11.88,8.31,0.7547681030637725,11.125231896936228,setup,guardband_10pct,hypothetical_guardband_10pct,uniform_10pct_vdd_budget,1.1,False,VALIDATED
1357,g_chan[1].u_cdc_chr.mem[10][13]$_DFFE_PP_,clk_nand,11.89,8.33,0.7565846327943699,11.13341536720563,setup,guardband_10pct,hypothetical_guardband_10pct,uniform_10pct_vdd_budget,1.1,False,VALIDATED
1405,g_chan[1].u_cdc_chr.mem[3][12]$_DFFE_PP_,clk_nand,11.89,8.32,0.7556763679290714,11.13432363207093,setup,guardband_10pct,hypothetical_guardband_10pct,uniform_10pct_vdd_budget,1.1,False,VALIDATED
1380,g_chan[1].u_cdc_chr.mem[12][2]$_DFFE_PP_,clk_nand,11.89,8.32,0.7556763679290714,11.13432363207093,setup,guardband_10pct,hypothetical_guardband_10pct,uniform_10pct_vdd_budget,1.1,False,VALIDATED
1399,g_chan[1].u_cdc_chr.mem[1][12]$_DFFE_PP_,clk_nand,11.89,8.32,0.7556763679290714,11.13432363207093,setup,guardband_10pct,hypothetical_guardband_10pct,uniform_10pct_vdd_budget,1.1,False,VALIDATED
1398,g_chan[1].u_cdc_chr.mem[10][12]$_DFFE_PP_,clk_nand,11.89,8.32,0.7556763679290714,11.13432363207093,setup,guardband_10pct,hypothetical_guardband_10pct,uniform_10pct_vdd_budget,1.1,False,VALIDATED
1403,g_chan[1].u_cdc_chr.mem[2][12]$_DFFE_PP_,clk_nand,11.89,8.32,0.7556763679290714,11.13432363207093,setup,guardband_10pct,hypothetical_guardband_10pct,uniform_10pct_vdd_budget,1.1,False,VALIDATED
1379,g_chan[1].u_cdc_chr.mem[5][0]$_DFFE_PP_,clk_nand,11.89,8.32,0.7556763679290714,11.13432363207093,setup,guardband_10pct,hypothetical_guardband_10pct,uniform_10pct_vdd_budget,1.1,False,VALIDATED
1378,g_chan[1].u_cdc_chr.mem[3][2]$_DFFE_PP_,clk_nand,11.89,8.32,0.7556763679290714,11.13432363207093,setup,guardband_10pct,hypothetical_guardband_10pct,uniform_10pct_vdd_budget,1.1,False,VALIDATED
1407,g_chan[1].u_cdc_chr.mem[9][12]$_DFFE_PP_,clk_nand,11.89,8.32,0.7556763679290714,11.13432363207093,setup,guardband_10pct,hypothetical_guardband_10pct,uniform_10pct_vdd_budget,1.1,False,VALIDATED
1404,g_chan[1].u_cdc_chr.mem[15][12]$_DFFE_PP_,clk_nand,11.89,8.32,0.7556763679290714,11.13432363207093,setup,guardband_10pct,hypothetical_guardband_10pct,uniform_10pct_vdd_budget,1.1,False,VALIDATED
1411,g_chan[1].u_cdc_chr.mem[7][12]$_DFFE_PP_,clk_nand,11.89,8.32,0.7556763679290714,11.13432363207093,setup,guardband_10pct,hypothetical_guardband_10pct,uniform_10pct_vdd_budget,1.1,False,VALIDATED
1412,g_chan[1].u_cdc_chr.mem[13][0]$_DFFE_PP_,clk_nand,11.89,8.32,0.7556763679290714,11.13432363207093,setup,guardband_10pct,hypothetical_guardband_10pct,uniform_10pct_vdd_budget,1.1,False,VALIDATED
1410,g_chan[1].u_cdc_chr.mem[6][0]$_DFFE_PP_,clk_nand,11.89,8.32,0.7556763679290714,11.13432363207093,setup,guardband_10pct,hypothetical_guardband_10pct,uniform_10pct_vdd_budget,1.1,False,VALIDATED
1393,g_chan[1].u_cdc_chr.mem[14][12]$_DFFE_PP_,clk_nand,11.89,8.32,0.7556763679290714,11.13432363207093,setup,guardband_10pct,hypothetical_guardband_10pct,uniform_10pct_vdd_budget,1.1,False,VALIDATED
1413,g_chan[1].u_cdc_chr.mem[15][2]$_DFFE_PP_,clk_nand,11.89,8.32,0.7556763679290714,11.13432363207093,setup,guardband_10pct,hypothetical_guardband_10pct,uniform_10pct_vdd_budget,1.1,False,VALIDATED
1382,g_chan[1].u_cdc_chr.mem[11][0]$_DFFE_PP_,clk_nand,11.89,8.32,0.7556763679290714,11.13432363207093,setup,guardband_10pct,hypothetical_guardband_10pct,uniform_10pct_vdd_budget,1.1,False,VALIDATED
1394,g_chan[1].u_cdc_chr.mem[1][0]$_DFFE_PP_,clk_nand,11.89,8.32,0.7556763679290714,11.13432363207093,setup,guardband_10pct,hypothetical_guardband_10pct,uniform_10pct_vdd_budget,1.1,False,VALIDATED
1396,g_chan[1].u_cdc_chr.mem[12][0]$_DFFE_PP_,clk_nand,11.89,8.32,0.7556763679290714,11.13432363207093,setup,guardband_10pct,hypothetical_guardband_10pct,uniform_10pct_vdd_budget,1.1,False,VALIDATED
1369,g_chan[1].u_cdc_chr.mem[10][2]$_DFFE_PP_,clk_nand,11.89,8.32,0.7556763679290714,11.13432363207093,setup,guardband_10pct,hypothetical_guardband_10pct,uniform_10pct_vdd_budget,1.1,False,VALIDATED
1367,g_chan[1].u_cdc_chr.mem[1][2]$_DFFE_PP_,clk_nand,11.89,8.32,0.7556763679290714,11.13432363207093,setup,guardband_10pct,hypothetical_guardband_10pct,uniform_10pct_vdd_budget,1.1,False,VALIDATED
1366,g_chan[1].u_cdc_chr.mem[4][2]$_DFFE_PP_,clk_nand,11.89,8.32,0.7556763679290714,11.13432363207093,setup,guardband_10pct,hypothetical_guardband_10pct,uniform_10pct_vdd_budget,1.1,False,VALIDATED
1376,g_chan[1].u_cdc_chr.mem[2][2]$_DFFE_PP_,clk_nand,11.89,8.32,0.7556763679290714,11.13432363207093,setup,guardband_10pct,hypothetical_guardband_10pct,uniform_10pct_vdd_budget,1.1,False,VALIDATED
1388,g_chan[1].u_cdc_chr.mem[13][12]$_DFFE_PP_,clk_nand,11.89,8.32,0.7556763679290714,11.13432363207093,setup,guardband_10pct,hypothetical_guardband_10pct,uniform_10pct_vdd_budget,1.1,False,VALIDATED
1365,g_chan[1].u_cdc_chr.mem[9][2]$_DFFE_PP_,clk_nand,11.89,8.32,0.7556763679290714,11.13432363207093,setup,guardband_10pct,hypothetical_guardband_10pct,uniform_10pct_vdd_budget,1.1,False,VALIDATED
1374,g_chan[1].u_cdc_chr.mem[5][2]$_DFFE_PP_,clk_nand,11.89,8.32,0.7556763679290714,11.13432363207093,setup,guardband_10pct,hypothetical_guardband_10pct,uniform_10pct_vdd_budget,1.1,False,VALIDATED
1377,g_chan[1].u_cdc_chr.mem[0][2]$_DFFE_PP_,clk_nand,11.89,8.32,0.7556763679290714,11.13432363207093,setup,guardband_10pct,hypothetical_guardband_10pct,uniform_10pct_vdd_budget,1.1,False,VALIDATED
1400,g_chan[1].u_cdc_chr.mem[0][12]$_DFFE_PP_,clk_nand,11.89,8.32,0.7556763679290714,11.13432363207093,setup,guardband_10pct,hypothetical_guardband_10pct,uniform_10pct_vdd_budget,1.1,False,VALIDATED
1383,g_chan[1].u_cdc_chr.mem[4][0]$_DFFE_PP_,clk_nand,11.89,8.32,0.7556763679290714,11.13432363207093,setup,guardband_10pct,hypothetical_guardband_10pct,uniform_10pct_vdd_budget,1.1,False,VALIDATED
1387,g_chan[1].u_cdc_chr.mem[14][0]$_DFFE_PP_,clk_nand,11.89,8.32,0.7556763679290714,11.13432363207093,setup,guardband_10pct,hypothetical_guardband_10pct,uniform_10pct_vdd_budget,1.1,False,VALIDATED
1373,g_chan[1].u_cdc_chr.mem[8][2]$_DFFE_PP_,clk_nand,11.89,8.32,0.7556763679290714,11.13432363207093,setup,guardband_10pct,hypothetical_guardband_10pct,uniform_10pct_vdd_budget,1.1,False,VALIDATED
1372,g_chan[1].u_cdc_chr.mem[11][2]$_DFFE_PP_,clk_nand,11.89,8.32,0.7556763679290714,11.13432363207093,setup,guardband_10pct,hypothetical_guardband_10pct,uniform_10pct_vdd_budget,1.1,False,VALIDATED
1356,g_chan[1].u_cdc_chr.mem[9][17]$_DFFE_PP_,clk_nand,11.89,8.32,0.7556763679290696,11.134323632070931,setup,guardband_10pct,hypothetical_guardband_10pct,uniform_10pct_vdd_budget,1.1,False,VALIDATED
1397,g_chan[1].u_cdc_chr.mem[8][17]$_DFFE_PP_,clk_nand,11.89,8.32,0.7556763679290696,11.134323632070931,setup,guardband_10pct,hypothetical_guardband_10pct,uniform_10pct_vdd_budget,1.1,False,VALIDATED
1401,g_chan[1].u_cdc_chr.mem[15][17]$_DFFE_PP_,clk_nand,11.89,8.32,0.7556763679290696,11.134323632070931,setup,guardband_10pct,hypothetical_guardband_10pct,uniform_10pct_vdd_budget,1.1,False,VALIDATED
1362,g_chan[1].u_cdc_chr.mem[4][17]$_DFFE_PP_,clk_nand,11.89,8.32,0.7556763679290696,11.134323632070931,setup,guardband_10pct,hypothetical_guardband_10pct,uniform_10pct_vdd_budget,1.1,False,VALIDATED
1371,g_chan[1].u_cdc_chr.mem[12][17]$_DFFE_PP_,clk_nand,11.89,8.32,0.7556763679290696,11.134323632070931,setup,guardband_10pct,hypothetical_guardband_10pct,uniform_10pct_vdd_budget,1.1,False,VALIDATED
1370,g_chan[1].u_cdc_chr.mem[6][17]$_DFFE_PP_,clk_nand,11.89,8.32,0.7556763679290696,11.134323632070931,setup,guardband_10pct,hypothetical_guardband_10pct,uniform_10pct_vdd_budget,1.1,False,VALIDATED
1368,g_chan[1].u_cdc_chr.mem[13][17]$_DFFE_PP_,clk_nand,11.89,8.32,0.7556763679290696,11.134323632070931,setup,guardband_10pct,hypothetical_guardband_10pct,uniform_10pct_vdd_budget,1.1,False,VALIDATED
1364,g_chan[1].u_cdc_chr.mem[11][17]$_DFFE_PP_,clk_nand,11.89,8.32,0.7556763679290696,11.134323632070931,setup,guardband_10pct,hypothetical_guardband_10pct,uniform_10pct_vdd_budget,1.1,False,VALIDATED
1358,g_chan[1].u_cdc_chr.mem[10][17]$_DFFE_PP_,clk_nand,11.89,8.32,0.7556763679290696,11.134323632070931,setup,guardband_10pct,hypothetical_guardband_10pct,uniform_10pct_vdd_budget,1.1,False,VALIDATED
1359,g_chan[1].u_cdc_chr.mem[2][17]$_DFFE_PP_,clk_nand,11.89,8.32,0.7556763679290696,11.134323632070931,setup,guardband_10pct,hypothetical_guardband_10pct,uniform_10pct_vdd_budget,1.1,False,VALIDATED
1360,g_chan[1].u_cdc_chr.mem[5][17]$_DFFE_PP_,clk_nand,11.89,8.32,0.7556763679290696,11.134323632070931,setup,guardband_10pct,hypothetical_guardband_10pct,uniform_10pct_vdd_budget,1.1,False,VALIDATED
1375,g_chan[1].u_cdc_chr.mem[7][17]$_DFFE_PP_,clk_nand,11.89,8.32,0.7556763679290696,11.134323632070931,setup,guardband_10pct,hypothetical_guardband_10pct,uniform_10pct_vdd_budget,1.1,False,VALIDATED
1361,g_chan[1].u_cdc_chr.mem[3][17]$_DFFE_PP_,clk_nand,11.89,8.32,0.7556763679290696,11.134323632070931,setup,guardband_10pct,hypothetical_guardband_10pct,uniform_10pct_vdd_budget,1.1,False,VALIDATED
1363,g_chan[1].u_cdc_chr.mem[14][17]$_DFFE_PP_,clk_nand,11.89,8.32,0.7556763679290696,11.134323632070931,setup,guardband_10pct,hypothetical_guardband_10pct,uniform_10pct_vdd_budget,1.1,False,VALIDATED
1355,g_chan[1].u_cdc_chr.mem[1][17]$_DFFE_PP_,clk_nand,11.89,8.32,0.7556763679290696,11.134323632070931,setup,guardband_10pct,hypothetical_guardband_10pct,uniform_10pct_vdd_budget,1.1,False,VALIDATED
1381,g_chan[1].u_cdc_chr.mem[5][8]$_DFFE_PP_,clk_nand,11.89,8.31,0.7547681030637725,11.135231896936228,setup,guardband_10pct,hypothetical_guardband_10pct,uniform_10pct_vdd_budget,1.1,False,VALIDATED
1402,g_chan[1].u_cdc_chr.mem[1][29]$_DFFE_PP_,clk_nand,11.89,8.31,0.7547681030637725,11.135231896936228,setup,guardband_10pct,hypothetical_guardband_10pct,uniform_10pct_vdd_budget,1.1,False,VALIDATED
1409,g_chan[1].u_cdc_chr.mem[15][29]$_DFFE_PP_,clk_nand,11.89,8.31,0.7547681030637725,11.135231896936228,setup,guardband_10pct,hypothetical_guardband_10pct,uniform_10pct_vdd_budget,1.1,False,VALIDATED
1415,g_chan[1].u_cdc_chr.mem[9][29]$_DFFE_PP_,clk_nand,11.89,8.31,0.7547681030637725,11.135231896936228,setup,guardband_10pct,hypothetical_guardband_10pct,uniform_10pct_vdd_budget,1.1,False,VALIDATED
1395,g_chan[1].u_cdc_chr.mem[8][8]$_DFFE_PP_,clk_nand,11.89,8.31,0.7547681030637725,11.135231896936228,setup,guardband_10pct,hypothetical_guardband_10pct,uniform_10pct_vdd_budget,1.1,False,VALIDATED
1389,g_chan[1].u_cdc_chr.mem[13][2]$_DFFE_PP_,clk_nand,11.89,8.31,0.7547681030637712,11.13523189693623,setup,guardband_10pct,hypothetical_guardband_10pct,uniform_10pct_vdd_budget,1.1,False,VALIDATED
1406,g_chan[1].u_cdc_chr.mem[0][0]$_DFFE_PP_,clk_nand,11.89,8.31,0.7547681030637712,11.13523189693623,setup,guardband_10pct,hypothetical_guardband_10pct,uniform_10pct_vdd_budget,1.1,False,VALIDATED
1392,g_chan[1].u_cdc_chr.mem[10][0]$_DFFE_PP_,clk_nand,11.89,8.31,0.7547681030637712,11.13523189693623,setup,guardband_10pct,hypothetical_guardband_10pct,uniform_10pct_vdd_budget,1.1,False,VALIDATED
1391,g_chan[1].u_cdc_chr.mem[15][0]$_DFFE_PP_,clk_nand,11.89,8.31,0.7547681030637712,11.13523189693623,setup,guardband_10pct,hypothetical_guardband_10pct,uniform_10pct_vdd_budget,1.1,False,VALIDATED
1385,g_chan[1].u_cdc_chr.mem[9][0]$_DFFE_PP_,clk_nand,11.89,8.31,0.7547681030637712,11.13523189693623,setup,guardband_10pct,hypothetical_guardband_10pct,uniform_10pct_vdd_budget,1.1,False,VALIDATED
1386,g_chan[1].u_cdc_chr.mem[8][0]$_DFFE_PP_,clk_nand,11.89,8.31,0.7547681030637712,11.13523189693623,setup,guardband_10pct,hypothetical_guardband_10pct,uniform_10pct_vdd_budget,1.1,False,VALIDATED
1408,g_chan[1].u_cdc_chr.mem[7][0]$_DFFE_PP_,clk_nand,11.89,8.31,0.7547681030637712,11.13523189693623,setup,guardband_10pct,hypothetical_guardband_10pct,uniform_10pct_vdd_budget,1.1,False,VALIDATED
1414,g_chan[1].u_cdc_chr.mem[6][2]$_DFFE_PP_,clk_nand,11.89,8.31,0.7547681030637712,11.13523189693623,setup,guardband_10pct,hypothetical_guardband_10pct,uniform_10pct_vdd_budget,1.1,False,VALIDATED
1384,g_chan[1].u_cdc_chr.mem[8][7]$_DFFE_PP_,clk_nand,11.89,8.3,0.7538598381984725,11.136140161801528,setup,guardband_10pct,hypothetical_guardband_10pct,uniform_10pct_vdd_budget,1.1,False,VALIDATED
1390,g_chan[1].u_cdc_chr.mem[4][8]$_DFFE_PP_,clk_nand,11.89,8.3,0.7538598381984725,11.136140161801528,setup,guardband_10pct,hypothetical_guardband_10pct,uniform_10pct_vdd_budget,1.1,False,VALIDATED
1421,g_chan[1].u_cdc_chr.mem[5][12]$_DFFE_PP_,clk_nand,11.9,8.32,0.7556763679290714,11.144323632070929,setup,guardband_10pct,hypothetical_guardband_10pct,uniform_10pct_vdd_budget,1.1,False,VALIDATED
1423,g_chan[1].u_cdc_chr.mem[12][12]$_DFFE_PP_,clk_nand,11.9,8.32,0.7556763679290714,11.144323632070929,setup,guardband_10pct,hypothetical_guardband_10pct,uniform_10pct_vdd_budget,1.1,False,VALIDATED
1445,g_chan[1].u_cdc_chr.mem[2][0]$_DFFE_PP_,clk_nand,11.9,8.32,0.7556763679290714,11.144323632070929,setup,guardband_10pct,hypothetical_guardband_10pct,uniform_10pct_vdd_budget,1.1,False,VALIDATED
1451,g_chan[1].u_cdc_chr.mem[3][0]$_DFFE_PP_,clk_nand,11.9,8.32,0.7556763679290714,11.144323632070929,setup,guardband_10pct,hypothetical_guardband_10pct,uniform_10pct_vdd_budget,1.1,False,VALIDATED
1435,g_chan[1].u_cdc_chr.mem[6][12]$_DFFE_PP_,clk_nand,11.9,8.32,0.7556763679290714,11.144323632070929,setup,guardband_10pct,hypothetical_guardband_10pct,uniform_10pct_vdd_budget,1.1,False,VALIDATED
1420,g_chan[1].u_cdc_chr.mem[8][29]$_DFFE_PP_,clk_nand,11.9,8.31,0.7547681030637725,11.145231896936227,setup,guardband_10pct,hypothetical_guardband_10pct,uniform_10pct_vdd_budget,1.1,False,VALIDATED
1459,g_chan[1].u_cdc_chr.mem[12][5]$_DFFE_PP_,clk_nand,11.9,8.31,0.7547681030637725,11.145231896936227,setup,guardband_10pct,hypothetical_guardband_10pct,uniform_10pct_vdd_budget,1.1,False,VALIDATED
1460,g_chan[1].u_cdc_chr.mem[4][26]$_DFFE_PP_,clk_nand,11.9,8.31,0.7547681030637725,11.145231896936227,setup,guardband_10pct,hypothetical_guardband_10pct,uniform_10pct_vdd_budget,1.1,False,VALIDATED
1487,g_chan[1].u_cdc_chr.mem[13][26]$_DFFE_PP_,clk_nand,11.9,8.31,0.7547681030637725,11.145231896936227,setup,guardband_10pct,hypothetical_guardband_10pct,uniform_10pct_vdd_budget,1.1,False,VALIDATED
1457,g_chan[1].u_cdc_chr.mem[11][5]$_DFFE_PP_,clk_nand,11.9,8.31,0.7547681030637725,11.145231896936227,setup,guardband_10pct,hypothetical_guardband_10pct,uniform_10pct_vdd_budget,1.1,False,VALIDATED
1485,g_chan[1].u_cdc_chr.mem[14][8]$_DFFE_PP_,clk_nand,11.9,8.31,0.7547681030637725,11.145231896936227,setup,guardband_10pct,hypothetical_guardband_10pct,uniform_10pct_vdd_budget,1.1,False,VALIDATED
1484,g_chan[1].u_cdc_chr.mem[12][23]$_DFFE_PP_,clk_nand,11.9,8.31,0.7547681030637725,11.145231896936227,setup,guardband_10pct,hypothetical_guardband_10pct,uniform_10pct_vdd_budget,1.1,False,VALIDATED
1450,g_chan[1].u_cdc_chr.mem[10][5]$_DFFE_PP_,clk_nand,11.9,8.31,0.7547681030637725,11.145231896936227,setup,guardband_10pct,hypothetical_guardband_10pct,uniform_10pct_vdd_budget,1.1,False,VALIDATED
1486,g_chan[1].u_cdc_chr.mem[6][8]$_DFFE_PP_,clk_nand,11.9,8.31,0.7547681030637725,11.145231896936227,setup,guardband_10pct,hypothetical_guardband_10pct,uniform_10pct_vdd_budget,1.1,False,VALIDATED
1444,g_chan[1].u_cdc_chr.mem[5][29]$_DFFE_PP_,clk_nand,11.9,8.31,0.7547681030637725,11.145231896936227,setup,guardband_10pct,hypothetical_guardband_10pct,uniform_10pct_vdd_budget,1.1,False,VALIDATED
1500,g_chan[1].u_cdc_chr.mem[15][23]$_DFFE_PP_,clk_nand,11.9,8.31,0.7547681030637725,11.145231896936227,setup,guardband_10pct,hypothetical_guardband_10pct,uniform_10pct_vdd_budget,1.1,False,VALIDATED
1463,g_chan[1].u_cdc_chr.mem[3][26]$_DFFE_PP_,clk_nand,11.9,8.31,0.7547681030637725,11.145231896936227,setup,guardband_10pct,hypothetical_guardband_10pct,uniform_10pct_vdd_budget,1.1,False,VALIDATED
1464,g_chan[1].u_cdc_chr.mem[7][26]$_DFFE_PP_,clk_nand,11.9,8.31,0.7547681030637725,11.145231896936227,setup,guardband_10pct,hypothetical_guardband_10pct,uniform_10pct_vdd_budget,1.1,False,VALIDATED
1422,g_chan[1].u_cdc_chr.mem[10][29]$_DFFE_PP_,clk_nand,11.9,8.31,0.7547681030637725,11.145231896936227,setup,guardband_10pct,hypothetical_guardband_10pct,uniform_10pct_vdd_budget,1.1,False,VALIDATED
1466,g_chan[1].u_cdc_chr.mem[2][26]$_DFFE_PP_,clk_nand,11.9,8.31,0.7547681030637725,11.145231896936227,setup,guardband_10pct,hypothetical_guardband_10pct,uniform_10pct_vdd_budget,1.1,False,VALIDATED
1503,g_chan[1].u_cdc_chr.mem[11][23]$_DFFE_PP_,clk_nand,11.9,8.31,0.7547681030637725,11.145231896936227,setup,guardband_10pct,hypothetical_guardband_10pct,uniform_10pct_vdd_budget,1.1,False,VALIDATED
1501,g_chan[1].u_cdc_chr.mem[14][23]$_DFFE_PP_,clk_nand,11.9,8.31,0.7547681030637725,11.145231896936227,setup,guardband_10pct,hypothetical_guardband_10pct,uniform_10pct_vdd_budget,1.1,False,VALIDATED
1417,g_chan[1].u_cdc_chr.mem[11][26]$_DFFE_PP_,clk_nand,11.9,8.31,0.7547681030637725,11.145231896936227,setup,guardband_10pct,hypothetical_guardband_10pct,uniform_10pct_vdd_budget,1.1,False,VALIDATED
1425,g_chan[1].u_cdc_chr.mem[12][29]$_DFFE_PP_,clk_nand,11.9,8.31,0.7547681030637725,11.145231896936227,setup,guardband_10pct,hypothetical_guardband_10pct,uniform_10pct_vdd_budget,1.1,False,VALIDATED
1443,g_chan[1].u_cdc_chr.mem[8][5]$_DFFE_PP_,clk_nand,11.9,8.31,0.7547681030637725,11.145231896936227,setup,guardband_10pct,hypothetical_guardband_10pct,uniform_10pct_vdd_budget,1.1,False,VALIDATED
1442,g_chan[1].u_cdc_chr.mem[3][5]$_DFFE_PP_,clk_nand,11.9,8.31,0.7547681030637725,11.145231896936227,setup,guardband_10pct,hypothetical_guardband_10pct,uniform_10pct_vdd_budget,1.1,False,VALIDATED
1446,g_chan[1].u_cdc_chr.mem[7][29]$_DFFE_PP_,clk_nand,11.9,8.31,0.7547681030637725,11.145231896936227,setup,guardband_10pct,hypothetical_guardband_10pct,uniform_10pct_vdd_budget,1.1,False,VALIDATED
1448,g_chan[1].u_cdc_chr.mem[1][5]$_DFFE_PP_,clk_nand,11.9,8.31,0.7547681030637725,11.145231896936227,setup,guardband_10pct,hypothetical_guardband_10pct,uniform_10pct_vdd_budget,1.1,False,VALIDATED
1449,g_chan[1].u_cdc_chr.mem[0][29]$_DFFE_PP_,clk_nand,11.9,8.31,0.7547681030637725,11.145231896936227,setup,guardband_10pct,hypothetical_guardband_10pct,uniform_10pct_vdd_budget,1.1,False,VALIDATED
1470,g_chan[1].u_cdc_chr.mem[6][26]$_DFFE_PP_,clk_nand,11.9,8.31,0.7547681030637725,11.145231896936227,setup,guardband_10pct,hypothetical_guardband_10pct,uniform_10pct_vdd_budget,1.1,False,VALIDATED
1430,g_chan[1].u_cdc_chr.mem[10][26]$_DFFE_PP_,clk_nand,11.9,8.31,0.7547681030637725,11.145231896936227,setup,guardband_10pct,hypothetical_guardband_10pct,uniform_10pct_vdd_budget,1.1,False,VALIDATED
1434,g_chan[1].u_cdc_chr.mem[1][26]$_DFFE_PP_,clk_nand,11.9,8.31,0.7547681030637725,11.145231896936227,setup,guardband_10pct,hypothetical_guardband_10pct,uniform_10pct_vdd_budget,1.1,False,VALIDATED
1432,g_chan[1].u_cdc_chr.mem[7][5]$_DFFE_PP_,clk_nand,11.9,8.31,0.7547681030637725,11.145231896936227,setup,guardband_10pct,hypothetical_guardband_10pct,uniform_10pct_vdd_budget,1.1,False,VALIDATED
1433,g_chan[1].u_cdc_chr.mem[4][29]$_DFFE_PP_,clk_nand,11.9,8.31,0.7547681030637725,11.145231896936227,setup,guardband_10pct,hypothetical_guardband_10pct,uniform_10pct_vdd_budget,1.1,False,VALIDATED
1428,g_chan[1].u_cdc_chr.mem[3][29]$_DFFE_PP_,clk_nand,11.9,8.31,0.7547681030637725,11.145231896936227,setup,guardband_10pct,hypothetical_guardband_10pct,uniform_10pct_vdd_budget,1.1,False,VALIDATED
1429,g_chan[1].u_cdc_chr.mem[2][29]$_DFFE_PP_,clk_nand,11.9,8.31,0.7547681030637725,11.145231896936227,setup,guardband_10pct,hypothetical_guardband_10pct,uniform_10pct_vdd_budget,1.1,False,VALIDATED
1427,g_chan[1].u_cdc_chr.mem[8][26]$_DFFE_PP_,clk_nand,11.9,8.31,0.7547681030637725,11.145231896936227,setup,guardband_10pct,hypothetical_guardband_10pct,uniform_10pct_vdd_budget,1.1,False,VALIDATED
1441,g_chan[1].u_cdc_chr.mem[6][5]$_DFFE_PP_,clk_nand,11.9,8.31,0.7547681030637725,11.145231896936227,setup,guardband_10pct,hypothetical_guardband_10pct,uniform_10pct_vdd_budget,1.1,False,VALIDATED
1437,g_chan[1].u_cdc_chr.mem[14][29]$_DFFE_PP_,clk_nand,11.9,8.31,0.7547681030637725,11.145231896936227,setup,guardband_10pct,hypothetical_guardband_10pct,uniform_10pct_vdd_budget,1.1,False,VALIDATED
1416,g_chan[1].u_cdc_chr.mem[0][26]$_DFFE_PP_,clk_nand,11.9,8.31,0.7547681030637725,11.145231896936227,setup,guardband_10pct,hypothetical_guardband_10pct,uniform_10pct_vdd_budget,1.1,False,VALIDATED
1455,g_chan[1].u_cdc_chr.mem[15][5]$_DFFE_PP_,clk_nand,11.9,8.31,0.7547681030637725,11.145231896936227,setup,guardband_10pct,hypothetical_guardband_10pct,uniform_10pct_vdd_budget,1.1,False,VALIDATED
1456,g_chan[1].u_cdc_chr.mem[4][5]$_DFFE_PP_,clk_nand,11.9,8.31,0.7547681030637725,11.145231896936227,setup,guardband_10pct,hypothetical_guardband_10pct,uniform_10pct_vdd_budget,1.1,False,VALIDATED
1454,g_chan[1].u_cdc_chr.mem[5][5]$_DFFE_PP_,clk_nand,11.9,8.31,0.7547681030637725,11.145231896936227,setup,guardband_10pct,hypothetical_guardband_10pct,uniform_10pct_vdd_budget,1.1,False,VALIDATED
1453,g_chan[1].u_cdc_chr.mem[6][29]$_DFFE_PP_,clk_nand,11.9,8.31,0.7547681030637725,11.145231896936227,setup,guardband_10pct,hypothetical_guardband_10pct,uniform_10pct_vdd_budget,1.1,False,VALIDATED
1452,g_chan[1].u_cdc_chr.mem[2][5]$_DFFE_PP_,clk_nand,11.9,8.31,0.7547681030637725,11.145231896936227,setup,guardband_10pct,hypothetical_guardband_10pct,uniform_10pct_vdd_budget,1.1,False,VALIDATED
1419,g_chan[1].u_cdc_chr.mem[11][29]$_DFFE_PP_,clk_nand,11.9,8.31,0.7547681030637725,11.145231896936227,setup,guardband_10pct,hypothetical_guardband_10pct,uniform_10pct_vdd_budget,1.1,False,VALIDATED
1436,g_chan[1].u_cdc_chr.mem[9][5]$_DFFE_PP_,clk_nand,11.9,8.31,0.7547681030637725,11.145231896936227,setup,guardband_10pct,hypothetical_guardband_10pct,uniform_10pct_vdd_budget,1.1,False,VALIDATED
1438,g_chan[1].u_cdc_chr.mem[9][26]$_DFFE_PP_,clk_nand,11.9,8.31,0.7547681030637725,11.145231896936227,setup,guardband_10pct,hypothetical_guardband_10pct,uniform_10pct_vdd_budget,1.1,False,VALIDATED
1440,g_chan[1].u_cdc_chr.mem[13][29]$_DFFE_PP_,clk_nand,11.9,8.31,0.7547681030637725,11.145231896936227,setup,guardband_10pct,hypothetical_guardband_10pct,uniform_10pct_vdd_budget,1.1,False,VALIDATED
1439,g_chan[1].u_cdc_chr.mem[0][5]$_DFFE_PP_,clk_nand,11.9,8.31,0.7547681030637725,11.145231896936227,setup,guardband_10pct,hypothetical_guardband_10pct,uniform_10pct_vdd_budget,1.1,False,VALIDATED
1462,g_chan[1].u_cdc_chr.mem[14][5]$_DFFE_PP_,clk_nand,11.9,8.31,0.7547681030637725,11.145231896936227,setup,guardband_10pct,hypothetical_guardband_10pct,uniform_10pct_vdd_budget,1.1,False,VALIDATED
1461,g_chan[1].u_cdc_chr.mem[13][5]$_DFFE_PP_,clk_nand,11.9,8.31,0.7547681030637725,11.145231896936227,setup,guardband_10pct,hypothetical_guardband_10pct,uniform_10pct_vdd_budget,1.1,False,VALIDATED
1504,g_chan[1].u_cdc_chr.mem[1][23]$_DFFE_PP_,clk_nand,11.9,8.31,0.7547681030637725,11.145231896936227,setup,guardband_10pct,hypothetical_guardband_10pct,uniform_10pct_vdd_budget,1.1,False,VALIDATED
1473,g_chan[1].u_cdc_chr.mem[12][26]$_DFFE_PP_,clk_nand,11.9,8.31,0.7547681030637725,11.145231896936227,setup,guardband_10pct,hypothetical_guardband_10pct,uniform_10pct_vdd_budget,1.1,False,VALIDATED
1506,g_chan[1].u_cdc_chr.mem[3][23]$_DFFE_PP_,clk_nand,11.9,8.31,0.7547681030637725,11.145231896936227,setup,guardband_10pct,hypothetical_guardband_10pct,uniform_10pct_vdd_budget,1.1,False,VALIDATED
1508,g_chan[1].u_cdc_chr.mem[8][23]$_DFFE_PP_,clk_nand,11.9,8.31,0.7547681030637725,11.145231896936227,setup,guardband_10pct,hypothetical_guardband_10pct,uniform_10pct_vdd_budget,1.1,False,VALIDATED
1509,g_chan[1].u_cdc_chr.mem[0][23]$_DFFE_PP_,clk_nand,11.9,8.31,0.7547681030637725,11.145231896936227,setup,guardband_10pct,hypothetical_guardband_10pct,uniform_10pct_vdd_budget,1.1,False,VALIDATED
1511,g_chan[1].u_cdc_chr.mem[7][23]$_DFFE_PP_,clk_nand,11.9,8.31,0.7547681030637725,11.145231896936227,setup,guardband_10pct,hypothetical_guardband_10pct,uniform_10pct_vdd_budget,1.1,False,VALIDATED
1513,g_chan[1].u_cdc_chr.mem[10][23]$_DFFE_PP_,clk_nand,11.9,8.31,0.7547681030637725,11.145231896936227,setup,guardband_10pct,hypothetical_guardband_10pct,uniform_10pct_vdd_budget,1.1,False,VALIDATED
1495,g_chan[1].u_cdc_chr.mem[7][8]$_DFFE_PP_,clk_nand,11.9,8.31,0.7547681030637725,11.145231896936227,setup,guardband_10pct,hypothetical_guardband_10pct,uniform_10pct_vdd_budget,1.1,False,VALIDATED
1516,g_chan[1].u_cdc_chr.mem[6][23]$_DFFE_PP_,clk_nand,11.9,8.31,0.7547681030637725,11.145231896936227,setup,guardband_10pct,hypothetical_guardband_10pct,uniform_10pct_vdd_budget,1.1,False,VALIDATED
1517,g_chan[1].u_cdc_chr.mem[5][23]$_DFFE_PP_,clk_nand,11.9,8.31,0.7547681030637725,11.145231896936227,setup,guardband_10pct,hypothetical_guardband_10pct,uniform_10pct_vdd_budget,1.1,False,VALIDATED
1482,g_chan[1].u_cdc_chr.mem[13][23]$_DFFE_PP_,clk_nand,11.9,8.31,0.7547681030637725,11.145231896936227,setup,guardband_10pct,hypothetical_guardband_10pct,uniform_10pct_vdd_budget,1.1,False,VALIDATED
1481,g_chan[1].u_cdc_chr.mem[2][16]$_DFFE_PP_,clk_nand,11.9,8.31,0.7547681030637725,11.145231896936227,setup,guardband_10pct,hypothetical_guardband_10pct,uniform_10pct_vdd_budget,1.1,False,VALIDATED
1479,g_chan[1].u_cdc_chr.mem[3][16]$_DFFE_PP_,clk_nand,11.9,8.31,0.7547681030637725,11.145231896936227,setup,guardband_10pct,hypothetical_guardband_10pct,uniform_10pct_vdd_budget,1.1,False,VALIDATED
1480,g_chan[1].u_cdc_chr.mem[1][16]$_DFFE_PP_,clk_nand,11.9,8.31,0.7547681030637725,11.145231896936227,setup,guardband_10pct,hypothetical_guardband_10pct,uniform_10pct_vdd_budget,1.1,False,VALIDATED
1478,g_chan[1].u_cdc_chr.mem[0][16]$_DFFE_PP_,clk_nand,11.9,8.31,0.7547681030637725,11.145231896936227,setup,guardband_10pct,hypothetical_guardband_10pct,uniform_10pct_vdd_budget,1.1,False,VALIDATED
1512,g_chan[1].u_cdc_chr.mem[2][23]$_DFFE_PP_,clk_nand,11.9,8.31,0.7547681030637725,11.145231896936227,setup,guardband_10pct,hypothetical_guardband_10pct,uniform_10pct_vdd_budget,1.1,False,VALIDATED
1515,g_chan[1].u_cdc_chr.mem[4][23]$_DFFE_PP_,clk_nand,11.9,8.31,0.7547681030637725,11.145231896936227,setup,guardband_10pct,hypothetical_guardband_10pct,uniform_10pct_vdd_budget,1.1,False,VALIDATED
1514,g_chan[1].u_cdc_chr.mem[9][23]$_DFFE_PP_,clk_nand,11.9,8.31,0.7547681030637725,11.145231896936227,setup,guardband_10pct,hypothetical_guardband_10pct,uniform_10pct_vdd_budget,1.1,False,VALIDATED
1475,g_chan[1].u_cdc_chr.mem[15][26]$_DFFE_PP_,clk_nand,11.9,8.31,0.7547681030637725,11.145231896936227,setup,guardband_10pct,hypothetical_guardband_10pct,uniform_10pct_vdd_budget,1.1,False,VALIDATED
1476,g_chan[1].u_cdc_chr.mem[14][26]$_DFFE_PP_,clk_nand,11.9,8.31,0.7547681030637725,11.145231896936227,setup,guardband_10pct,hypothetical_guardband_10pct,uniform_10pct_vdd_budget,1.1,False,VALIDATED
1474,g_chan[1].u_cdc_chr.mem[5][26]$_DFFE_PP_,clk_nand,11.9,8.31,0.7547681030637725,11.145231896936227,setup,guardband_10pct,hypothetical_guardband_10pct,uniform_10pct_vdd_budget,1.1,False,VALIDATED
1472,g_chan[1].u_cdc_chr.mem[2][31]$_DFFE_PP_,clk_nand,11.9,8.31,0.7547681030637712,11.14523189693623,setup,guardband_10pct,hypothetical_guardband_10pct,uniform_10pct_vdd_budget,1.1,False,VALIDATED
1426,g_chan[1].u_cdc_chr.mem[14][2]$_DFFE_PP_,clk_nand,11.9,8.31,0.7547681030637712,11.14523189693623,setup,guardband_10pct,hypothetical_guardband_10pct,uniform_10pct_vdd_budget,1.1,False,VALIDATED
1471,g_chan[1].u_cdc_chr.mem[8][31]$_DFFE_PP_,clk_nand,11.9,8.31,0.7547681030637712,11.14523189693623,setup,guardband_10pct,hypothetical_guardband_10pct,uniform_10pct_vdd_budget,1.1,False,VALIDATED
1424,g_chan[1].u_cdc_chr.mem[7][2]$_DFFE_PP_,clk_nand,11.9,8.31,0.7547681030637712,11.14523189693623,setup,guardband_10pct,hypothetical_guardband_10pct,uniform_10pct_vdd_budget,1.1,False,VALIDATED
1468,g_chan[1].u_cdc_chr.mem[0][31]$_DFFE_PP_,clk_nand,11.9,8.31,0.7547681030637712,11.14523189693623,setup,guardband_10pct,hypothetical_guardband_10pct,uniform_10pct_vdd_budget,1.1,False,VALIDATED
1467,g_chan[1].u_cdc_chr.mem[14][31]$_DFFE_PP_,clk_nand,11.9,8.31,0.7547681030637712,11.14523189693623,setup,guardband_10pct,hypothetical_guardband_10pct,uniform_10pct_vdd_budget,1.1,False,VALIDATED
1458,g_chan[1].u_cdc_chr.mem[9][31]$_DFFE_PP_,clk_nand,11.9,8.31,0.7547681030637712,11.14523189693623,setup,guardband_10pct,hypothetical_guardband_10pct,uniform_10pct_vdd_budget,1.1,False,VALIDATED
1465,g_chan[1].u_cdc_chr.mem[1][31]$_DFFE_PP_,clk_nand,11.9,8.31,0.7547681030637712,11.14523189693623,setup,guardband_10pct,hypothetical_guardband_10pct,uniform_10pct_vdd_budget,1.1,False,VALIDATED
1447,g_chan[1].u_cdc_chr.mem[12][31]$_DFFE_PP_,clk_nand,11.9,8.31,0.7547681030637712,11.14523189693623,setup,guardband_10pct,hypothetical_guardband_10pct,uniform_10pct_vdd_budget,1.1,False,VALIDATED
1502,g_chan[1].u_cdc_chr.mem[7][31]$_DFFE_PP_,clk_nand,11.9,8.31,0.7547681030637712,11.14523189693623,setup,guardband_10pct,hypothetical_guardband_10pct,uniform_10pct_vdd_budget,1.1,False,VALIDATED
1431,g_chan[1].u_cdc_chr.mem[4][31]$_DFFE_PP_,clk_nand,11.9,8.31,0.7547681030637712,11.14523189693623,setup,guardband_10pct,hypothetical_guardband_10pct,uniform_10pct_vdd_budget,1.1,False,VALIDATED
1418,g_chan[1].u_cdc_chr.mem[13][31]$_DFFE_PP_,clk_nand,11.9,8.31,0.7547681030637712,11.14523189693623,setup,guardband_10pct,hypothetical_guardband_10pct,uniform_10pct_vdd_budget,1.1,False,VALIDATED
1469,g_chan[1].u_cdc_chr.mem[15][31]$_DFFE_PP_,clk_nand,11.9,8.31,0.7547681030637712,11.14523189693623,setup,guardband_10pct,hypothetical_guardband_10pct,uniform_10pct_vdd_budget,1.1,False,VALIDATED
1510,g_chan[1].u_cdc_chr.mem[5][31]$_DFFE_PP_,clk_nand,11.9,8.31,0.7547681030637712,11.14523189693623,setup,guardband_10pct,hypothetical_guardband_10pct,uniform_10pct_vdd_budget,1.1,False,VALIDATED
1491,g_chan[1].u_cdc_chr.mem[11][31]$_DFFE_PP_,clk_nand,11.9,8.31,0.7547681030637712,11.14523189693623,setup,guardband_10pct,hypothetical_guardband_10pct,uniform_10pct_vdd_budget,1.1,False,VALIDATED
1493,g_chan[1].u_cdc_chr.mem[10][31]$_DFFE_PP_,clk_nand,11.9,8.31,0.7547681030637712,11.14523189693623,setup,guardband_10pct,hypothetical_guardband_10pct,uniform_10pct_vdd_budget,1.1,False,VALIDATED
1505,g_chan[1].u_cdc_chr.mem[6][31]$_DFFE_PP_,clk_nand,11.9,8.31,0.7547681030637712,11.14523189693623,setup,guardband_10pct,hypothetical_guardband_10pct,uniform_10pct_vdd_budget,1.1,False,VALIDATED
1477,g_chan[1].u_cdc_chr.mem[3][31]$_DFFE_PP_,clk_nand,11.9,8.31,0.7547681030637712,11.14523189693623,setup,guardband_10pct,hypothetical_guardband_10pct,uniform_10pct_vdd_budget,1.1,False,VALIDATED
1499,g_chan[1].u_cdc_chr.mem[4][16]$_DFFE_PP_,clk_nand,11.9,8.3,0.7538598381984725,11.146140161801528,setup,guardband_10pct,hypothetical_guardband_10pct,uniform_10pct_vdd_budget,1.1,False,VALIDATED
1498,g_chan[1].u_cdc_chr.mem[15][16]$_DFFE_PP_,clk_nand,11.9,8.3,0.7538598381984725,11.146140161801528,setup,guardband_10pct,hypothetical_guardband_10pct,uniform_10pct_vdd_budget,1.1,False,VALIDATED
1497,g_chan[1].u_cdc_chr.mem[7][16]$_DFFE_PP_,clk_nand,11.9,8.3,0.7538598381984725,11.146140161801528,setup,guardband_10pct,hypothetical_guardband_10pct,uniform_10pct_vdd_budget,1.1,False,VALIDATED
1483,g_chan[1].u_cdc_chr.mem[13][8]$_DFFE_PP_,clk_nand,11.9,8.3,0.7538598381984725,11.146140161801528,setup,guardband_10pct,hypothetical_guardband_10pct,uniform_10pct_vdd_budget,1.1,False,VALIDATED
1496,g_chan[1].u_cdc_chr.mem[13][16]$_DFFE_PP_,clk_nand,11.9,8.3,0.7538598381984725,11.146140161801528,setup,guardband_10pct,hypothetical_guardband_10pct,uniform_10pct_vdd_budget,1.1,False,VALIDATED
1494,g_chan[1].u_cdc_chr.mem[15][8]$_DFFE_PP_,clk_nand,11.9,8.3,0.7538598381984725,11.146140161801528,setup,guardband_10pct,hypothetical_guardband_10pct,uniform_10pct_vdd_budget,1.1,False,VALIDATED
1492,g_chan[1].u_cdc_chr.mem[12][16]$_DFFE_PP_,clk_nand,11.9,8.3,0.7538598381984725,11.146140161801528,setup,guardband_10pct,hypothetical_guardband_10pct,uniform_10pct_vdd_budget,1.1,False,VALIDATED
1489,g_chan[1].u_cdc_chr.mem[14][16]$_DFFE_PP_,clk_nand,11.9,8.3,0.7538598381984725,11.146140161801528,setup,guardband_10pct,hypothetical_guardband_10pct,uniform_10pct_vdd_budget,1.1,False,VALIDATED
1488,g_chan[1].u_cdc_chr.mem[5][16]$_DFFE_PP_,clk_nand,11.9,8.3,0.7538598381984725,11.146140161801528,setup,guardband_10pct,hypothetical_guardband_10pct,uniform_10pct_vdd_budget,1.1,False,VALIDATED
1507,g_chan[1].u_cdc_chr.mem[6][16]$_DFFE_PP_,clk_nand,11.9,8.3,0.7538598381984725,11.146140161801528,setup,guardband_10pct,hypothetical_guardband_10pct,uniform_10pct_vdd_budget,1.1,False,VALIDATED
1490,g_chan[1].u_cdc_chr.mem[12][8]$_DFFE_PP_,clk_nand,11.9,8.3,0.7538598381984725,11.146140161801528,setup,guardband_10pct,hypothetical_guardband_10pct,uniform_10pct_vdd_budget,1.1,False,VALIDATED
1519,g_chan[1].u_cdc_chr.mem[9][27]$_DFFE_PP_,clk_nand,11.91,8.31,0.7547681030637725,11.155231896936227,setup,guardband_10pct,hypothetical_guardband_10pct,uniform_10pct_vdd_budget,1.1,False,VALIDATED
1586,g_chan[1].u_cdc_chr.mem[2][10]$_DFFE_PP_,clk_nand,11.91,8.3,0.7538598381984725,11.156140161801527,setup,guardband_10pct,hypothetical_guardband_10pct,uniform_10pct_vdd_budget,1.1,False,VALIDATED
1572,g_chan[1].u_cdc_chr.mem[11][15]$_DFFE_PP_,clk_nand,11.91,8.3,0.7538598381984725,11.156140161801527,setup,guardband_10pct,hypothetical_guardband_10pct,uniform_10pct_vdd_budget,1.1,False,VALIDATED
1577,g_chan[1].u_cdc_chr.mem[10][15]$_DFFE_PP_,clk_nand,11.91,8.3,0.7538598381984725,11.156140161801527,setup,guardband_10pct,hypothetical_guardband_10pct,uniform_10pct_vdd_budget,1.1,False,VALIDATED
1579,g_chan[1].u_cdc_chr.mem[15][15]$_DFFE_PP_,clk_nand,11.91,8.3,0.7538598381984725,11.156140161801527,setup,guardband_10pct,hypothetical_guardband_10pct,uniform_10pct_vdd_budget,1.1,False,VALIDATED
1578,g_chan[1].u_cdc_chr.mem[14][15]$_DFFE_PP_,clk_nand,11.91,8.3,0.7538598381984725,11.156140161801527,setup,guardband_10pct,hypothetical_guardband_10pct,uniform_10pct_vdd_budget,1.1,False,VALIDATED
1535,g_chan[1].u_cdc_chr.mem[15][27]$_DFFE_PP_,clk_nand,11.91,8.3,0.7538598381984725,11.156140161801527,setup,guardband_10pct,hypothetical_guardband_10pct,uniform_10pct_vdd_budget,1.1,False,VALIDATED
1536,g_chan[1].u_cdc_chr.mem[7][27]$_DFFE_PP_,clk_nand,11.91,8.3,0.7538598381984725,11.156140161801527,setup,guardband_10pct,hypothetical_guardband_10pct,uniform_10pct_vdd_budget,1.1,False,VALIDATED
1533,g_chan[1].u_cdc_chr.mem[8][4]$_DFFE_PP_,clk_nand,11.91,8.3,0.7538598381984725,11.156140161801527,setup,guardband_10pct,hypothetical_guardband_10pct,uniform_10pct_vdd_budget,1.1,False,VALIDATED
1518,g_chan[1].u_cdc_chr.mem[15][4]$_DFFE_PP_,clk_nand,11.91,8.3,0.7538598381984725,11.156140161801527,setup,guardband_10pct,hypothetical_guardband_10pct,uniform_10pct_vdd_budget,1.1,False,VALIDATED
1520,g_chan[1].u_cdc_chr.mem[12][4]$_DFFE_PP_,clk_nand,11.91,8.3,0.7538598381984725,11.156140161801527,setup,guardband_10pct,hypothetical_guardband_10pct,uniform_10pct_vdd_budget,1.1,False,VALIDATED
1532,g_chan[1].u_cdc_chr.mem[10][27]$_DFFE_PP_,clk_nand,11.91,8.3,0.7538598381984725,11.156140161801527,setup,guardband_10pct,hypothetical_guardband_10pct,uniform_10pct_vdd_budget,1.1,False,VALIDATED
1534,g_chan[1].u_cdc_chr.mem[7][4]$_DFFE_PP_,clk_nand,11.91,8.3,0.7538598381984725,11.156140161801527,setup,guardband_10pct,hypothetical_guardband_10pct,uniform_10pct_vdd_budget,1.1,False,VALIDATED
1585,g_chan[1].u_cdc_chr.mem[11][10]$_DFFE_PP_,clk_nand,11.91,8.3,0.7538598381984725,11.156140161801527,setup,guardband_10pct,hypothetical_guardband_10pct,uniform_10pct_vdd_budget,1.1,False,VALIDATED
1569,g_chan[1].u_cdc_chr.mem[1][15]$_DFFE_PP_,clk_nand,11.91,8.3,0.7538598381984725,11.156140161801527,setup,guardband_10pct,hypothetical_guardband_10pct,uniform_10pct_vdd_budget,1.1,False,VALIDATED
1576,g_chan[1].u_cdc_chr.mem[9][7]$_DFFE_PP_,clk_nand,11.91,8.3,0.7538598381984725,11.156140161801527,setup,guardband_10pct,hypothetical_guardband_10pct,uniform_10pct_vdd_budget,1.1,False,VALIDATED
1554,g_chan[1].u_cdc_chr.mem[3][7]$_DFFE_PP_,clk_nand,11.91,8.3,0.7538598381984725,11.156140161801527,setup,guardband_10pct,hypothetical_guardband_10pct,uniform_10pct_vdd_budget,1.1,False,VALIDATED
1539,g_chan[1].u_cdc_chr.mem[0][7]$_DFFE_PP_,clk_nand,11.91,8.3,0.7538598381984725,11.156140161801527,setup,guardband_10pct,hypothetical_guardband_10pct,uniform_10pct_vdd_budget,1.1,False,VALIDATED
1540,g_chan[1].u_cdc_chr.mem[4][27]$_DFFE_PP_,clk_nand,11.91,8.3,0.7538598381984725,11.156140161801527,setup,guardband_10pct,hypothetical_guardband_10pct,uniform_10pct_vdd_budget,1.1,False,VALIDATED
1541,g_chan[1].u_cdc_chr.mem[2][4]$_DFFE_PP_,clk_nand,11.91,8.3,0.7538598381984725,11.156140161801527,setup,guardband_10pct,hypothetical_guardband_10pct,uniform_10pct_vdd_budget,1.1,False,VALIDATED
1542,g_chan[1].u_cdc_chr.mem[6][4]$_DFFE_PP_,clk_nand,11.91,8.3,0.7538598381984725,11.156140161801527,setup,guardband_10pct,hypothetical_guardband_10pct,uniform_10pct_vdd_budget,1.1,False,VALIDATED
1543,g_chan[1].u_cdc_chr.mem[5][4]$_DFFE_PP_,clk_nand,11.91,8.3,0.7538598381984725,11.156140161801527,setup,guardband_10pct,hypothetical_guardband_10pct,uniform_10pct_vdd_budget,1.1,False,VALIDATED
1544,g_chan[1].u_cdc_chr.mem[8][15]$_DFFE_PP_,clk_nand,11.91,8.3,0.7538598381984725,11.156140161801527,setup,guardband_10pct,hypothetical_guardband_10pct,uniform_10pct_vdd_budget,1.1,False,VALIDATED
1545,g_chan[1].u_cdc_chr.mem[3][4]$_DFFE_PP_,clk_nand,11.91,8.3,0.7538598381984725,11.156140161801527,setup,guardband_10pct,hypothetical_guardband_10pct,uniform_10pct_vdd_budget,1.1,False,VALIDATED
1546,g_chan[1].u_cdc_chr.mem[6][27]$_DFFE_PP_,clk_nand,11.91,8.3,0.7538598381984725,11.156140161801527,setup,guardband_10pct,hypothetical_guardband_10pct,uniform_10pct_vdd_budget,1.1,False,VALIDATED
1547,g_chan[1].u_cdc_chr.mem[13][7]$_DFFE_PP_,clk_nand,11.91,8.3,0.7538598381984725,11.156140161801527,setup,guardband_10pct,hypothetical_guardband_10pct,uniform_10pct_vdd_budget,1.1,False,VALIDATED
1580,g_chan[1].u_cdc_chr.mem[7][15]$_DFFE_PP_,clk_nand,11.91,8.3,0.7538598381984725,11.156140161801527,setup,guardband_10pct,hypothetical_guardband_10pct,uniform_10pct_vdd_budget,1.1,False,VALIDATED
1581,g_chan[1].u_cdc_chr.mem[0][15]$_DFFE_PP_,clk_nand,11.91,8.3,0.7538598381984725,11.156140161801527,setup,guardband_10pct,hypothetical_guardband_10pct,uniform_10pct_vdd_budget,1.1,False,VALIDATED
1582,g_chan[1].u_cdc_chr.mem[10][10]$_DFFE_PP_,clk_nand,11.91,8.3,0.7538598381984725,11.156140161801527,setup,guardband_10pct,hypothetical_guardband_10pct,uniform_10pct_vdd_budget,1.1,False,VALIDATED
1583,g_chan[1].u_cdc_chr.mem[13][15]$_DFFE_PP_,clk_nand,11.91,8.3,0.7538598381984725,11.156140161801527,setup,guardband_10pct,hypothetical_guardband_10pct,uniform_10pct_vdd_budget,1.1,False,VALIDATED
1584,g_chan[1].u_cdc_chr.mem[3][15]$_DFFE_PP_,clk_nand,11.91,8.3,0.7538598381984725,11.156140161801527,setup,guardband_10pct,hypothetical_guardband_10pct,uniform_10pct_vdd_budget,1.1,False,VALIDATED
1553,g_chan[1].u_cdc_chr.mem[9][15]$_DFFE_PP_,clk_nand,11.91,8.3,0.7538598381984725,11.156140161801527,setup,guardband_10pct,hypothetical_guardband_10pct,uniform_10pct_vdd_budget,1.1,False,VALIDATED
1560,g_chan[1].u_cdc_chr.mem[0][4]$_DFFE_PP_,clk_nand,11.91,8.3,0.7538598381984725,11.156140161801527,setup,guardband_10pct,hypothetical_guardband_10pct,uniform_10pct_vdd_budget,1.1,False,VALIDATED
1555,g_chan[1].u_cdc_chr.mem[3][27]$_DFFE_PP_,clk_nand,11.91,8.3,0.7538598381984725,11.156140161801527,setup,guardband_10pct,hypothetical_guardband_10pct,uniform_10pct_vdd_budget,1.1,False,VALIDATED
1556,g_chan[1].u_cdc_chr.mem[14][7]$_DFFE_PP_,clk_nand,11.91,8.3,0.7538598381984725,11.156140161801527,setup,guardband_10pct,hypothetical_guardband_10pct,uniform_10pct_vdd_budget,1.1,False,VALIDATED
1558,g_chan[1].u_cdc_chr.mem[2][27]$_DFFE_PP_,clk_nand,11.91,8.3,0.7538598381984725,11.156140161801527,setup,guardband_10pct,hypothetical_guardband_10pct,uniform_10pct_vdd_budget,1.1,False,VALIDATED
1561,g_chan[1].u_cdc_chr.mem[6][7]$_DFFE_PP_,clk_nand,11.91,8.3,0.7538598381984725,11.156140161801527,setup,guardband_10pct,hypothetical_guardband_10pct,uniform_10pct_vdd_budget,1.1,False,VALIDATED
1559,g_chan[1].u_cdc_chr.mem[5][7]$_DFFE_PP_,clk_nand,11.91,8.3,0.7538598381984725,11.156140161801527,setup,guardband_10pct,hypothetical_guardband_10pct,uniform_10pct_vdd_budget,1.1,False,VALIDATED
1562,g_chan[1].u_cdc_chr.mem[2][7]$_DFFE_PP_,clk_nand,11.91,8.3,0.7538598381984725,11.156140161801527,setup,guardband_10pct,hypothetical_guardband_10pct,uniform_10pct_vdd_budget,1.1,False,VALIDATED
1529,g_chan[1].u_cdc_chr.mem[5][27]$_DFFE_PP_,clk_nand,11.91,8.3,0.7538598381984725,11.156140161801527,setup,guardband_10pct,hypothetical_guardband_10pct,uniform_10pct_vdd_budget,1.1,False,VALIDATED
1566,g_chan[1].u_cdc_chr.mem[15][7]$_DFFE_PP_,clk_nand,11.91,8.3,0.7538598381984725,11.156140161801527,setup,guardband_10pct,hypothetical_guardband_10pct,uniform_10pct_vdd_budget,1.1,False,VALIDATED
1531,g_chan[1].u_cdc_chr.mem[14][27]$_DFFE_PP_,clk_nand,11.91,8.3,0.7538598381984725,11.156140161801527,setup,guardband_10pct,hypothetical_guardband_10pct,uniform_10pct_vdd_budget,1.1,False,VALIDATED
1564,g_chan[1].u_cdc_chr.mem[1][4]$_DFFE_PP_,clk_nand,11.91,8.3,0.7538598381984725,11.156140161801527,setup,guardband_10pct,hypothetical_guardband_10pct,uniform_10pct_vdd_budget,1.1,False,VALIDATED
1565,g_chan[1].u_cdc_chr.mem[1][7]$_DFFE_PP_,clk_nand,11.91,8.3,0.7538598381984725,11.156140161801527,setup,guardband_10pct,hypothetical_guardband_10pct,uniform_10pct_vdd_budget,1.1,False,VALIDATED
1568,g_chan[1].u_cdc_chr.mem[10][7]$_DFFE_PP_,clk_nand,11.91,8.3,0.7538598381984725,11.156140161801527,setup,guardband_10pct,hypothetical_guardband_10pct,uniform_10pct_vdd_budget,1.1,False,VALIDATED
1567,g_chan[1].u_cdc_chr.mem[11][7]$_DFFE_PP_,clk_nand,11.91,8.3,0.7538598381984725,11.156140161801527,setup,guardband_10pct,hypothetical_guardband_10pct,uniform_10pct_vdd_budget,1.1,False,VALIDATED
1537,g_chan[1].u_cdc_chr.mem[9][4]$_DFFE_PP_,clk_nand,11.91,8.3,0.7538598381984725,11.156140161801527,setup,guardband_10pct,hypothetical_guardband_10pct,uniform_10pct_vdd_budget,1.1,False,VALIDATED
1538,g_chan[1].u_cdc_chr.mem[11][4]$_DFFE_PP_,clk_nand,11.91,8.3,0.7538598381984725,11.156140161801527,setup,guardband_10pct,hypothetical_guardband_10pct,uniform_10pct_vdd_budget,1.1,False,VALIDATED
1530,g_chan[1].u_cdc_chr.mem[8][27]$_DFFE_PP_,clk_nand,11.91,8.3,0.7538598381984725,11.156140161801527,setup,guardband_10pct,hypothetical_guardband_10pct,uniform_10pct_vdd_budget,1.1,False,VALIDATED
1523,g_chan[1].u_cdc_chr.mem[4][4]$_DFFE_PP_,clk_nand,11.91,8.3,0.7538598381984725,11.156140161801527,setup,guardband_10pct,hypothetical_guardband_10pct,uniform_10pct_vdd_budget,1.1,False,VALIDATED
1524,g_chan[1].u_cdc_chr.mem[0][27]$_DFFE_PP_,clk_nand,11.91,8.3,0.7538598381984725,11.156140161801527,setup,guardband_10pct,hypothetical_guardband_10pct,uniform_10pct_vdd_budget,1.1,False,VALIDATED
1525,g_chan[1].u_cdc_chr.mem[12][27]$_DFFE_PP_,clk_nand,11.91,8.3,0.7538598381984725,11.156140161801527,setup,guardband_10pct,hypothetical_guardband_10pct,uniform_10pct_vdd_budget,1.1,False,VALIDATED
1526,g_chan[1].u_cdc_chr.mem[11][27]$_DFFE_PP_,clk_nand,11.91,8.3,0.7538598381984725,11.156140161801527,setup,guardband_10pct,hypothetical_guardband_10pct,uniform_10pct_vdd_budget,1.1,False,VALIDATED
1527,g_chan[1].u_cdc_chr.mem[13][27]$_DFFE_PP_,clk_nand,11.91,8.3,0.7538598381984725,11.156140161801527,setup,guardband_10pct,hypothetical_guardband_10pct,uniform_10pct_vdd_budget,1.1,False,VALIDATED
1528,g_chan[1].u_cdc_chr.mem[12][7]$_DFFE_PP_,clk_nand,11.91,8.3,0.7538598381984725,11.156140161801527,setup,guardband_10pct,hypothetical_guardband_10pct,uniform_10pct_vdd_budget,1.1,False,VALIDATED
1522,g_chan[1].u_cdc_chr.mem[14][4]$_DFFE_PP_,clk_nand,11.91,8.3,0.7538598381984725,11.156140161801527,setup,guardband_10pct,hypothetical_guardband_10pct,uniform_10pct_vdd_budget,1.1,False,VALIDATED
1550,g_chan[1].u_cdc_chr.mem[10][4]$_DFFE_PP_,clk_nand,11.91,8.3,0.7538598381984725,11.156140161801527,setup,guardband_10pct,hypothetical_guardband_10pct,uniform_10pct_vdd_budget,1.1,False,VALIDATED
1552,g_chan[1].u_cdc_chr.mem[1][27]$_DFFE_PP_,clk_nand,11.91,8.3,0.7538598381984725,11.156140161801527,setup,guardband_10pct,hypothetical_guardband_10pct,uniform_10pct_vdd_budget,1.1,False,VALIDATED
1548,g_chan[1].u_cdc_chr.mem[7][7]$_DFFE_PP_,clk_nand,11.91,8.3,0.7538598381984725,11.156140161801527,setup,guardband_10pct,hypothetical_guardband_10pct,uniform_10pct_vdd_budget,1.1,False,VALIDATED
1549,g_chan[1].u_cdc_chr.mem[4][7]$_DFFE_PP_,clk_nand,11.91,8.3,0.7538598381984725,11.156140161801527,setup,guardband_10pct,hypothetical_guardband_10pct,uniform_10pct_vdd_budget,1.1,False,VALIDATED
1521,g_chan[1].u_cdc_chr.mem[13][4]$_DFFE_PP_,clk_nand,11.91,8.3,0.7538598381984725,11.156140161801527,setup,guardband_10pct,hypothetical_guardband_10pct,uniform_10pct_vdd_budget,1.1,False,VALIDATED
1575,g_chan[1].u_cdc_chr.mem[10][28]$_DFFE_PP_,clk_nand,11.91,8.28,0.7520433084678744,11.157956691532126,setup,guardband_10pct,hypothetical_guardband_10pct,uniform_10pct_vdd_budget,1.1,False,VALIDATED
1573,g_chan[1].u_cdc_chr.mem[8][28]$_DFFE_PP_,clk_nand,11.91,8.28,0.7520433084678744,11.157956691532126,setup,guardband_10pct,hypothetical_guardband_10pct,uniform_10pct_vdd_budget,1.1,False,VALIDATED
1570,g_chan[1].u_cdc_chr.mem[7][28]$_DFFE_PP_,clk_nand,11.91,8.28,0.7520433084678744,11.157956691532126,setup,guardband_10pct,hypothetical_guardband_10pct,uniform_10pct_vdd_budget,1.1,False,VALIDATED
1557,g_chan[1].u_cdc_chr.mem[1][28]$_DFFE_PP_,clk_nand,11.91,8.28,0.7520433084678744,11.157956691532126,setup,guardband_10pct,hypothetical_guardband_10pct,uniform_10pct_vdd_budget,1.1,False,VALIDATED
1563,g_chan[1].u_cdc_chr.mem[0][28]$_DFFE_PP_,clk_nand,11.91,8.28,0.7520433084678744,11.157956691532126,setup,guardband_10pct,hypothetical_guardband_10pct,uniform_10pct_vdd_budget,1.1,False,VALIDATED
1574,g_chan[1].u_cdc_chr.mem[6][28]$_DFFE_PP_,clk_nand,11.91,8.28,0.7520433084678744,11.157956691532126,setup,guardband_10pct,hypothetical_guardband_10pct,uniform_10pct_vdd_budget,1.1,False,VALIDATED
1551,g_chan[1].u_cdc_chr.mem[11][28]$_DFFE_PP_,clk_nand,11.91,8.28,0.7520433084678744,11.157956691532126,setup,guardband_10pct,hypothetical_guardband_10pct,uniform_10pct_vdd_budget,1.1,False,VALIDATED
1571,g_chan[1].u_cdc_chr.mem[9][28]$_DFFE_PP_,clk_nand,11.91,8.28,0.7520433084678744,11.157956691532126,setup,guardband_10pct,hypothetical_guardband_10pct,uniform_10pct_vdd_budget,1.1,False,VALIDATED
1588,g_chan[1].u_cdc_chr.mem[12][15]$_DFFE_PP_,clk_nand,11.92,8.3,0.7538598381984725,11.166140161801527,setup,guardband_10pct,hypothetical_guardband_10pct,uniform_10pct_vdd_budget,1.1,False,VALIDATED
1592,g_chan[1].u_cdc_chr.mem[15][10]$_DFFE_PP_,clk_nand,11.92,8.3,0.7538598381984725,11.166140161801527,setup,guardband_10pct,hypothetical_guardband_10pct,uniform_10pct_vdd_budget,1.1,False,VALIDATED
1587,g_chan[1].u_cdc_chr.mem[2][15]$_DFFE_PP_,clk_nand,11.92,8.3,0.7538598381984725,11.166140161801527,setup,guardband_10pct,hypothetical_guardband_10pct,uniform_10pct_vdd_budget,1.1,False,VALIDATED
1589,g_chan[1].u_cdc_chr.mem[0][10]$_DFFE_PP_,clk_nand,11.92,8.3,0.7538598381984725,11.166140161801527,setup,guardband_10pct,hypothetical_guardband_10pct,uniform_10pct_vdd_budget,1.1,False,VALIDATED
1590,g_chan[1].u_cdc_chr.mem[1][10]$_DFFE_PP_,clk_nand,11.92,8.3,0.7538598381984725,11.166140161801527,setup,guardband_10pct,hypothetical_guardband_10pct,uniform_10pct_vdd_budget,1.1,False,VALIDATED
1600,g_chan[1].u_cdc_chr.mem[8][10]$_DFFE_PP_,clk_nand,11.92,8.3,0.7538598381984725,11.166140161801527,setup,guardband_10pct,hypothetical_guardband_10pct,uniform_10pct_vdd_budget,1.1,False,VALIDATED
1593,g_chan[1].u_cdc_chr.mem[5][10]$_DFFE_PP_,clk_nand,11.92,8.3,0.7538598381984725,11.166140161801527,setup,guardband_10pct,hypothetical_guardband_10pct,uniform_10pct_vdd_budget,1.1,False,VALIDATED
1594,g_chan[1].u_cdc_chr.mem[4][10]$_DFFE_PP_,clk_nand,11.92,8.3,0.7538598381984725,11.166140161801527,setup,guardband_10pct,hypothetical_guardband_10pct,uniform_10pct_vdd_budget,1.1,False,VALIDATED
1595,g_chan[1].u_cdc_chr.mem[6][15]$_DFFE_PP_,clk_nand,11.92,8.3,0.7538598381984725,11.166140161801527,setup,guardband_10pct,hypothetical_guardband_10pct,uniform_10pct_vdd_budget,1.1,False,VALIDATED
1596,g_chan[1].u_cdc_chr.mem[9][10]$_DFFE_PP_,clk_nand,11.92,8.3,0.7538598381984725,11.166140161801527,setup,guardband_10pct,hypothetical_guardband_10pct,uniform_10pct_vdd_budget,1.1,False,VALIDATED
1597,g_chan[1].u_cdc_chr.mem[7][10]$_DFFE_PP_,clk_nand,11.92,8.3,0.7538598381984725,11.166140161801527,setup,guardband_10pct,hypothetical_guardband_10pct,uniform_10pct_vdd_budget,1.1,False,VALIDATED
1591,g_chan[1].u_cdc_chr.mem[12][10]$_DFFE_PP_,clk_nand,11.92,8.3,0.7538598381984725,11.166140161801527,setup,guardband_10pct,hypothetical_guardband_10pct,uniform_10pct_vdd_budget,1.1,False,VALIDATED
1598,g_chan[1].u_cdc_chr.mem[13][10]$_DFFE_PP_,clk_nand,11.92,8.3,0.7538598381984725,11.166140161801527,setup,guardband_10pct,hypothetical_guardband_10pct,uniform_10pct_vdd_budget,1.1,False,VALIDATED
1599,g_chan[1].u_cdc_chr.mem[4][15]$_DFFE_PP_,clk_nand,11.92,8.3,0.7538598381984725,11.166140161801527,setup,guardband_10pct,hypothetical_guardband_10pct,uniform_10pct_vdd_budget,1.1,False,VALIDATED
1201,nand_dq_oe[0],clk_nand,11.57,0.43,0.03905538920787266,11.530944610792128,setup,guardband_10pct,hypothetical_guardband_10pct,uniform_10pct_vdd_budget,1.1,False,VALIDATED
1202,nand_ale[0],clk_nand,11.58,0.42,0.038147124342573294,11.541852875657426,setup,guardband_10pct,hypothetical_guardband_10pct,uniform_10pct_vdd_budget,1.1,False,VALIDATED
1203,nand_dq_o[2],clk_nand,11.59,0.41,0.03723885947727386,11.552761140522726,setup,guardband_10pct,hypothetical_guardband_10pct,uniform_10pct_vdd_budget,1.1,False,VALIDATED
1204,nand_cle[0],clk_nand,11.59,0.41,0.03723885947727386,11.552761140522726,setup,guardband_10pct,hypothetical_guardband_10pct,uniform_10pct_vdd_budget,1.1,False,VALIDATED
1206,nand_ce_n[0],clk_nand,11.6,0.4,0.03633059461197456,11.563669405388024,setup,guardband_10pct,hypothetical_guardband_10pct,uniform_10pct_vdd_budget,1.1,False,VALIDATED
1205,nand_dq_o[1],clk_nand,11.6,0.4,0.03633059461197456,11.563669405388024,setup,guardband_10pct,hypothetical_guardband_10pct,uniform_10pct_vdd_budget,1.1,False,VALIDATED
1217,nand_dq_o[3],clk_nand,11.62,0.38,0.03451406488137583,11.585485935118623,setup,guardband_10pct,hypothetical_guardband_10pct,uniform_10pct_vdd_budget,1.1,False,VALIDATED
1210,nand_dq_o[12],clk_nand,11.62,0.38,0.03451406488137583,11.585485935118623,setup,guardband_10pct,hypothetical_guardband_10pct,uniform_10pct_vdd_budget,1.1,False,VALIDATED
1218,nand_dq_o[15],clk_nand,11.62,0.38,0.03451406488137583,11.585485935118623,setup,guardband_10pct,hypothetical_guardband_10pct,uniform_10pct_vdd_budget,1.1,False,VALIDATED
1211,nand_dq_o[7],clk_nand,11.62,0.38,0.03451406488137583,11.585485935118623,setup,guardband_10pct,hypothetical_guardband_10pct,uniform_10pct_vdd_budget,1.1,False,VALIDATED
1209,nand_dq_o[4],clk_nand,11.62,0.38,0.03451406488137583,11.585485935118623,setup,guardband_10pct,hypothetical_guardband_10pct,uniform_10pct_vdd_budget,1.1,False,VALIDATED
1208,nand_dq_o[11],clk_nand,11.62,0.38,0.03451406488137583,11.585485935118623,setup,guardband_10pct,hypothetical_guardband_10pct,uniform_10pct_vdd_budget,1.1,False,VALIDATED
1207,nand_dq_o[14],clk_nand,11.62,0.38,0.03451406488137583,11.585485935118623,setup,guardband_10pct,hypothetical_guardband_10pct,uniform_10pct_vdd_budget,1.1,False,VALIDATED
1214,nand_re_n[1],clk_nand,11.62,0.38,0.03451406488137583,11.585485935118623,setup,guardband_10pct,hypothetical_guardband_10pct,uniform_10pct_vdd_budget,1.1,False,VALIDATED
1215,nand_dq_o[6],clk_nand,11.62,0.38,0.03451406488137583,11.585485935118623,setup,guardband_10pct,hypothetical_guardband_10pct,uniform_10pct_vdd_budget,1.1,False,VALIDATED
1212,nand_dq_o[0],clk_nand,11.62,0.38,0.03451406488137583,11.585485935118623,setup,guardband_10pct,hypothetical_guardband_10pct,uniform_10pct_vdd_budget,1.1,False,VALIDATED
1213,nand_dq_o[5],clk_nand,11.62,0.38,0.03451406488137583,11.585485935118623,setup,guardband_10pct,hypothetical_guardband_10pct,uniform_10pct_vdd_budget,1.1,False,VALIDATED
1216,nand_dq_o[8],clk_nand,11.62,0.38,0.03451406488137583,11.585485935118623,setup,guardband_10pct,hypothetical_guardband_10pct,uniform_10pct_vdd_budget,1.1,False,VALIDATED
1220,nand_dq_o[10],clk_nand,11.63,0.37,0.033605800016076465,11.596394199983925,setup,guardband_10pct,hypothetical_guardband_10pct,uniform_10pct_vdd_budget,1.1,False,VALIDATED
1219,nand_we_n[0],clk_nand,11.63,0.37,0.033605800016076465,11.596394199983925,setup,guardband_10pct,hypothetical_guardband_10pct,uniform_10pct_vdd_budget,1.1,False,VALIDATED
1224,nand_dq_o[13],clk_nand,11.63,0.37,0.033605800016076465,11.596394199983925,setup,guardband_10pct,hypothetical_guardband_10pct,uniform_10pct_vdd_budget,1.1,False,VALIDATED
1221,nand_re_n[0],clk_nand,11.63,0.37,0.033605800016076465,11.596394199983925,setup,guardband_10pct,hypothetical_guardband_10pct,uniform_10pct_vdd_budget,1.1,False,VALIDATED
1223,nand_dq_o[9],clk_nand,11.63,0.37,0.033605800016076465,11.596394199983925,setup,guardband_10pct,hypothetical_guardband_10pct,uniform_10pct_vdd_budget,1.1,False,VALIDATED
1225,nand_ale[1],clk_nand,11.63,0.37,0.033605800016076465,11.596394199983925,setup,guardband_10pct,hypothetical_guardband_10pct,uniform_10pct_vdd_budget,1.1,False,VALIDATED
1222,nand_dq_oe[1],clk_nand,11.63,0.37,0.033605800016076465,11.596394199983925,setup,guardband_10pct,hypothetical_guardband_10pct,uniform_10pct_vdd_budget,1.1,False,VALIDATED
1227,nand_we_n[1],clk_nand,11.64,0.36,0.0326975351507771,11.607302464849223,setup,guardband_10pct,hypothetical_guardband_10pct,uniform_10pct_vdd_budget,1.1,False,VALIDATED
1226,nand_cle[1],clk_nand,11.64,0.36,0.0326975351507771,11.607302464849223,setup,guardband_10pct,hypothetical_guardband_10pct,uniform_10pct_vdd_budget,1.1,False,VALIDATED
1228,nand_ce_n[1],clk_nand,11.64,0.36,0.0326975351507771,11.607302464849223,setup,guardband_10pct,hypothetical_guardband_10pct,uniform_10pct_vdd_budget,1.1,False,VALIDATED
