path_id,endpoint,slack_ns,delay_ns,droop_penalty_ns,effective_slack_ns,clock_domain,provenance
400,_44521_,2.16,2.89,0.0032235717320338586,2.1567764282679662,clk_core,VALIDATED
401,g_clkgate.u_cg_core.en_latched$_DLATCH_N_,2.23,0.58,0.0006466903884507526,2.2293533096115494,clk_core,VALIDATED
404,c_cmd_addr[30]$_DFFE_PN0N_,3.94,1.34,0.0015128638911326917,3.938487136108867,clk_core,VALIDATED
403,c_cmd_addr[28]$_DFFE_PN0N_,3.94,1.34,0.0015098884428644752,3.9384901115571354,clk_core,VALIDATED
402,c_cmd_addr[27]$_DFFE_PN0N_,3.94,1.34,0.0015057766654068827,3.938494223334593,clk_core,VALIDATED
405,c_cmd_len[9]$_DFFE_PN0N_,3.94,1.34,0.001491270105750682,3.938508729894249,clk_core,VALIDATED
406,c_cmd_len[16]$_DFFE_PN0N_,3.99,1.28,0.0014027586828531044,3.988597241317147,clk_core,VALIDATED
409,c_cmd_len[23]$_DFFE_PN0N_,3.99,1.28,0.0014022702463187056,3.9885977297536814,clk_core,VALIDATED
407,c_cmd_len[18]$_DFFE_PN0N_,3.99,1.28,0.00139772407966985,3.9886022759203303,clk_core,VALIDATED
408,c_cmd_len[22]$_DFFE_PN0N_,3.99,1.28,0.0013939555947241541,3.988606044405276,clk_core,VALIDATED
411,c_cmd_len[4]$_DFFE_PN0N_,4.0,1.27,0.0014071087625821752,3.998592891237418,clk_core,VALIDATED
410,c_cmd_len[10]$_DFFE_PN0N_,4.0,1.27,0.001398864357134065,3.998601135642866,clk_core,VALIDATED
422,u_dma_fabric.rbeat_data[18]$_DFFE_PN0P_,4.01,1.19,0.0016192328807669298,4.008380767119233,clk_core,VALIDATED
418,u_dma_fabric.rbeat_data[20]$_DFFE_PN0P_,4.01,1.19,0.0015854602807839902,4.008414539719216,clk_core,VALIDATED
421,u_dma_fabric.rbeat_data[30]$_DFFE_PN0P_,4.01,1.19,0.0015565595250798259,4.00844344047492,clk_core,VALIDATED
420,u_dma_fabric.rbeat_data[29]$_DFFE_PN0P_,4.01,1.19,0.0015210491743022914,4.0084789508256975,clk_core,VALIDATED
412,c_cmd_len[7]$_DFFE_PN0N_,4.01,1.27,0.0014104555496964669,4.008589544450303,clk_core,VALIDATED
413,c_cmd_len[5]$_DFFE_PN0N_,4.01,1.27,0.0014076802563741247,4.0085923197436255,clk_core,VALIDATED
414,c_cmd_addr[29]$_DFFE_PN0N_,4.01,1.27,0.0014070830244659743,4.008592916975534,clk_core,VALIDATED
415,c_cmd_len[11]$_DFFE_PN0N_,4.01,1.27,0.0013987792199954066,4.008601220780005,clk_core,VALIDATED
417,c_cmd_addr[21]$_DFFE_PN0N_,4.01,1.26,0.001381567028743022,4.008618432971256,clk_core,VALIDATED
416,c_cmd_addr[31]$_DFFE_PN0N_,4.01,1.26,0.0013788503004449754,4.008621149699555,clk_core,VALIDATED
419,c_cmd_len[28]$_DFFE_PN0N_,4.01,1.26,0.001369372922916924,4.008630627077083,clk_core,VALIDATED
464,u_dma_fabric.rbeat_data[10]$_DFFE_PN0P_,4.02,1.17,0.0017375346378394885,4.01826246536216,clk_core,VALIDATED
466,u_dma_fabric.rbeat_data[13]$_DFFE_PN0P_,4.02,1.17,0.0017311020933224314,4.018268897906677,clk_core,VALIDATED
465,u_dma_fabric.rbeat_data[12]$_DFFE_PN0P_,4.02,1.17,0.0017275755568216256,4.018272424443178,clk_core,VALIDATED
467,u_dma_fabric.rbeat_data[17]$_DFFE_PN0P_,4.02,1.17,0.0017090254342485012,4.018290974565751,clk_core,VALIDATED
469,u_dma_fabric.rbeat_data[16]$_DFFE_PN0P_,4.02,1.17,0.0016630928926803235,4.01833690710732,clk_core,VALIDATED
482,u_dma_fabric.rbeat_data[19]$_DFFE_PN0P_,4.02,1.17,0.0016543167206348602,4.018345683279365,clk_core,VALIDATED
427,g_chan[0].u_cdc_chw.mem[1][31]$_DFFE_PP_,4.02,1.18,0.0015405040556595861,4.01845949594434,clk_core,VALIDATED
426,g_chan[0].u_cdc_chw.mem[0][31]$_DFFE_PP_,4.02,1.18,0.0015403376668153765,4.018459662333184,clk_core,VALIDATED
453,g_chan[0].u_cdc_chw.mem[5][31]$_DFFE_PP_,4.02,1.18,0.0015398219936974891,4.018460178006302,clk_core,VALIDATED
463,g_chan[0].u_cdc_chw.mem[7][31]$_DFFE_PP_,4.02,1.18,0.0015398219936974891,4.018460178006302,clk_core,VALIDATED
460,g_chan[0].u_cdc_chw.mem[3][31]$_DFFE_PP_,4.02,1.18,0.0015398219936974891,4.018460178006302,clk_core,VALIDATED
451,g_chan[0].u_cdc_chw.mem[11][31]$_DFFE_PP_,4.02,1.18,0.0015398219936974891,4.018460178006302,clk_core,VALIDATED
454,g_chan[0].u_cdc_chw.mem[8][31]$_DFFE_PP_,4.02,1.18,0.0015398219936974891,4.018460178006302,clk_core,VALIDATED
455,g_chan[0].u_cdc_chw.mem[9][31]$_DFFE_PP_,4.02,1.18,0.0015398219936974891,4.018460178006302,clk_core,VALIDATED
461,g_chan[0].u_cdc_chw.mem[4][31]$_DFFE_PP_,4.02,1.18,0.0015398219936974891,4.018460178006302,clk_core,VALIDATED
462,g_chan[0].u_cdc_chw.mem[6][31]$_DFFE_PP_,4.02,1.18,0.0015398219936974891,4.018460178006302,clk_core,VALIDATED
452,g_chan[0].u_cdc_chw.mem[13][31]$_DFFE_PP_,4.02,1.18,0.0015398219936974891,4.018460178006302,clk_core,VALIDATED
457,g_chan[0].u_cdc_chw.mem[14][31]$_DFFE_PP_,4.02,1.18,0.0015398219936974891,4.018460178006302,clk_core,VALIDATED
456,g_chan[0].u_cdc_chw.mem[12][31]$_DFFE_PP_,4.02,1.18,0.0015398219936974891,4.018460178006302,clk_core,VALIDATED
450,g_chan[0].u_cdc_chw.mem[10][31]$_DFFE_PP_,4.02,1.18,0.0015398219936974891,4.018460178006302,clk_core,VALIDATED
459,g_chan[0].u_cdc_chw.mem[2][31]$_DFFE_PP_,4.02,1.18,0.0015398219936974891,4.018460178006302,clk_core,VALIDATED
476,g_chan[0].u_cdc_chw.mem[10][17]$_DFFE_PP_,4.02,1.18,0.0015336291685007428,4.018466370831499,clk_core,VALIDATED
481,g_chan[0].u_cdc_chw.mem[13][17]$_DFFE_PP_,4.02,1.18,0.0015336291685007428,4.018466370831499,clk_core,VALIDATED
479,g_chan[0].u_cdc_chw.mem[14][17]$_DFFE_PP_,4.02,1.18,0.0015336291685007428,4.018466370831499,clk_core,VALIDATED
480,g_chan[0].u_cdc_chw.mem[15][17]$_DFFE_PP_,4.02,1.18,0.0015336291685007428,4.018466370831499,clk_core,VALIDATED
477,g_chan[0].u_cdc_chw.mem[11][17]$_DFFE_PP_,4.02,1.18,0.0015336291685007428,4.018466370831499,clk_core,VALIDATED
478,g_chan[0].u_cdc_chw.mem[12][17]$_DFFE_PP_,4.02,1.18,0.0015336291685007428,4.018466370831499,clk_core,VALIDATED
458,g_chan[0].u_cdc_chw.mem[15][31]$_DFFE_PP_,4.02,1.18,0.001532169531945335,4.018467830468055,clk_core,VALIDATED
448,g_chan[0].u_cdc_chw.mem[1][14]$_DFFE_PP_,4.02,1.18,0.0015309610873815924,4.018469038912618,clk_core,VALIDATED
447,g_chan[0].u_cdc_chw.mem[0][14]$_DFFE_PP_,4.02,1.18,0.0015309610873815924,4.018469038912618,clk_core,VALIDATED
449,g_chan[0].u_cdc_chw.mem[4][14]$_DFFE_PP_,4.02,1.18,0.0015309610873815924,4.018469038912618,clk_core,VALIDATED
445,g_chan[0].u_cdc_chw.mem[8][14]$_DFFE_PP_,4.02,1.18,0.0015307946985373827,4.018469205301463,clk_core,VALIDATED
446,g_chan[0].u_cdc_chw.mem[9][14]$_DFFE_PP_,4.02,1.18,0.001530628309693173,4.018469371690307,clk_core,VALIDATED
437,g_chan[0].u_cdc_chw.mem[13][14]$_DFFE_PP_,4.02,1.18,0.001530628309693173,4.018469371690307,clk_core,VALIDATED
468,g_chan[0].u_cdc_chw.mem[12][14]$_DFFE_PP_,4.02,1.18,0.0015301126365752857,4.018469887363424,clk_core,VALIDATED
439,g_chan[0].u_cdc_chw.mem[15][14]$_DFFE_PP_,4.02,1.18,0.0015229758479410188,4.018477024152059,clk_core,VALIDATED
438,g_chan[0].u_cdc_chw.mem[14][14]$_DFFE_PP_,4.02,1.18,0.0015229758479410188,4.018477024152059,clk_core,VALIDATED
442,g_chan[0].u_cdc_chw.mem[5][14]$_DFFE_PP_,4.02,1.18,0.0015227800044047626,4.018477219995595,clk_core,VALIDATED
435,g_chan[0].u_cdc_chw.mem[10][14]$_DFFE_PP_,4.02,1.18,0.0015149611538083987,4.018485038846191,clk_core,VALIDATED
436,g_chan[0].u_cdc_chw.mem[11][14]$_DFFE_PP_,4.02,1.18,0.0015149611538083987,4.018485038846191,clk_core,VALIDATED
441,g_chan[0].u_cdc_chw.mem[3][14]$_DFFE_PP_,4.02,1.18,0.001514598921427933,4.018485401078571,clk_core,VALIDATED
444,g_chan[0].u_cdc_chw.mem[7][14]$_DFFE_PP_,4.02,1.18,0.001514598921427933,4.018485401078571,clk_core,VALIDATED
443,g_chan[0].u_cdc_chw.mem[6][14]$_DFFE_PP_,4.02,1.18,0.001514598921427933,4.018485401078571,clk_core,VALIDATED
440,g_chan[0].u_cdc_chw.mem[2][14]$_DFFE_PP_,4.02,1.18,0.001514598921427933,4.018485401078571,clk_core,VALIDATED
432,g_chan[1].u_cdc_chw.mem[1][31]$_DFFE_PP_,4.02,1.18,0.001447974502053244,4.0185520254979465,clk_core,VALIDATED
434,g_chan[1].u_cdc_chw.mem[3][31]$_DFFE_PP_,4.02,1.18,0.001447974502053244,4.0185520254979465,clk_core,VALIDATED
431,g_chan[1].u_cdc_chw.mem[0][31]$_DFFE_PP_,4.02,1.18,0.001447974502053244,4.0185520254979465,clk_core,VALIDATED
433,g_chan[1].u_cdc_chw.mem[2][31]$_DFFE_PP_,4.02,1.18,0.001447974502053244,4.0185520254979465,clk_core,VALIDATED
430,g_chan[1].u_cdc_chw.mem[6][31]$_DFFE_PP_,4.02,1.18,0.0014452909475708917,4.018554709052428,clk_core,VALIDATED
429,g_chan[1].u_cdc_chw.mem[5][31]$_DFFE_PP_,4.02,1.18,0.0014452464907354495,4.018554753509264,clk_core,VALIDATED
428,g_chan[1].u_cdc_chw.mem[4][31]$_DFFE_PP_,4.02,1.18,0.0014452464907354495,4.018554753509264,clk_core,VALIDATED
423,g_chan[1].u_cdc_chw.mem[7][31]$_DFFE_PP_,4.02,1.18,0.0014373501246423281,4.018562649875357,clk_core,VALIDATED
425,g_chan[1].u_cdc_chw.mem[1][14]$_DFFE_PP_,4.02,1.18,0.0014098461300932758,4.018590153869907,clk_core,VALIDATED
424,g_chan[1].u_cdc_chw.mem[0][14]$_DFFE_PP_,4.02,1.18,0.0014076178450047466,4.018592382154995,clk_core,VALIDATED
470,g_chan[1].u_cdc_chw.mem[6][14]$_DFFE_PP_,4.02,1.18,0.001403563214237409,4.018596436785762,clk_core,VALIDATED
472,g_chan[1].u_cdc_chw.mem[2][14]$_DFFE_PP_,4.02,1.18,0.001403563214237409,4.018596436785762,clk_core,VALIDATED
471,g_chan[1].u_cdc_chw.mem[7][14]$_DFFE_PP_,4.02,1.18,0.001403563214237409,4.018596436785762,clk_core,VALIDATED
474,g_chan[1].u_cdc_chw.mem[4][14]$_DFFE_PP_,4.02,1.18,0.001403563214237409,4.018596436785762,clk_core,VALIDATED
473,g_chan[1].u_cdc_chw.mem[3][14]$_DFFE_PP_,4.02,1.18,0.001403563214237409,4.018596436785762,clk_core,VALIDATED
475,g_chan[1].u_cdc_chw.mem[5][14]$_DFFE_PP_,4.02,1.18,0.001403563214237409,4.018596436785762,clk_core,VALIDATED
495,g_chan[0].u_cdc_chw.mem[8][17]$_DFFE_PP_,4.03,1.18,0.0015488431111464612,4.0284511568888535,clk_core,VALIDATED
496,g_chan[0].u_cdc_chw.mem[9][17]$_DFFE_PP_,4.03,1.18,0.0015488431111464612,4.0284511568888535,clk_core,VALIDATED
492,g_chan[0].u_cdc_chw.mem[4][17]$_DFFE_PP_,4.03,1.18,0.0015488431111464612,4.0284511568888535,clk_core,VALIDATED
499,g_chan[0].u_cdc_chw.mem[2][17]$_DFFE_PP_,4.03,1.18,0.0015458469871203404,4.02845415301288,clk_core,VALIDATED
490,g_chan[0].u_cdc_chw.mem[0][17]$_DFFE_PP_,4.03,1.18,0.0015458469871203404,4.02845415301288,clk_core,VALIDATED
500,g_chan[0].u_cdc_chw.mem[3][17]$_DFFE_PP_,4.03,1.18,0.0015458469871203404,4.02845415301288,clk_core,VALIDATED
501,g_chan[0].u_cdc_chw.mem[6][17]$_DFFE_PP_,4.03,1.18,0.0015458469871203404,4.02845415301288,clk_core,VALIDATED
494,g_chan[0].u_cdc_chw.mem[7][17]$_DFFE_PP_,4.03,1.18,0.0015458469871203404,4.02845415301288,clk_core,VALIDATED
493,g_chan[0].u_cdc_chw.mem[5][17]$_DFFE_PP_,4.03,1.18,0.0015458469871203404,4.02845415301288,clk_core,VALIDATED
491,g_chan[0].u_cdc_chw.mem[1][17]$_DFFE_PP_,4.03,1.18,0.0015458469871203404,4.02845415301288,clk_core,VALIDATED
502,g_chan[1].u_cdc_chw.mem[2][17]$_DFFE_PP_,4.03,1.18,0.0014573995386552435,4.028542600461345,clk_core,VALIDATED
503,g_chan[1].u_cdc_chw.mem[3][17]$_DFFE_PP_,4.03,1.18,0.0014565037482512574,4.028543496251749,clk_core,VALIDATED
485,g_chan[1].u_cdc_chw.mem[1][17]$_DFFE_PP_,4.03,1.18,0.0014556079578472714,4.028544392042153,clk_core,VALIDATED
484,g_chan[1].u_cdc_chw.mem[0][17]$_DFFE_PP_,4.03,1.18,0.0014556079578472714,4.028544392042153,clk_core,VALIDATED
486,g_chan[1].u_cdc_chw.mem[4][17]$_DFFE_PP_,4.03,1.18,0.0014556079578472714,4.028544392042153,clk_core,VALIDATED
489,g_chan[1].u_cdc_chw.mem[7][17]$_DFFE_PP_,4.03,1.18,0.0014556079578472714,4.028544392042153,clk_core,VALIDATED
488,g_chan[1].u_cdc_chw.mem[6][17]$_DFFE_PP_,4.03,1.18,0.0014556079578472714,4.028544392042153,clk_core,VALIDATED
487,g_chan[1].u_cdc_chw.mem[5][17]$_DFFE_PP_,4.03,1.18,0.0014556079578472714,4.028544392042153,clk_core,VALIDATED
498,g_chan[1].u_cdc_chw.mem[11][17]$_DFFE_PP_,4.03,1.18,0.0014430802666570153,4.028556919733343,clk_core,VALIDATED
497,g_chan[1].u_cdc_chw.mem[10][17]$_DFFE_PP_,4.03,1.18,0.0014368783882649852,4.028563121611735,clk_core,VALIDATED
507,g_chan[1].u_cdc_chw.mem[9][17]$_DFFE_PP_,4.03,1.18,0.001436601588565914,4.028563398411435,clk_core,VALIDATED
506,g_chan[1].u_cdc_chw.mem[8][17]$_DFFE_PP_,4.03,1.18,0.001436601588565914,4.028563398411435,clk_core,VALIDATED
505,g_chan[1].u_cdc_chw.mem[13][17]$_DFFE_PP_,4.03,1.18,0.0014306765098729551,4.028569323490127,clk_core,VALIDATED
504,g_chan[1].u_cdc_chw.mem[12][17]$_DFFE_PP_,4.03,1.18,0.0014306765098729551,4.028569323490127,clk_core,VALIDATED
483,c_cmd_addr[26]$_DFFE_PN0N_,4.03,1.25,0.0013894819804656303,4.028610518019534,clk_core,VALIDATED
509,c_cmd_len[26]$_DFFE_PN0N_,4.03,1.25,0.0013662042930845456,4.028633795706916,clk_core,VALIDATED
508,c_cmd_addr[20]$_DFFE_PN0N_,4.03,1.25,0.0013564252969721982,4.028643574703028,clk_core,VALIDATED
511,c_cmd_addr[23]$_DFFE_PN0N_,4.03,1.25,0.0013501910404518022,4.028649808959549,clk_core,VALIDATED
510,c_cmd_len[13]$_DFFE_PN0N_,4.03,1.24,0.001331098751782639,4.028668901248218,clk_core,VALIDATED
514,c_cmd_len[21]$_DFFE_PN0N_,4.04,1.24,0.0013457742301312553,4.038654225769869,clk_core,VALIDATED
512,c_cmd_len[20]$_DFFE_PN0N_,4.04,1.24,0.001345266781590429,4.03865473321841,clk_core,VALIDATED
515,c_cmd_len[31]$_DFFE_PN0N_,4.04,1.24,0.0013417512347571325,4.038658248765243,clk_core,VALIDATED
513,c_cmd_len[14]$_DFFE_PN0N_,4.04,1.24,0.001340930318196508,4.038659069681803,clk_core,VALIDATED
517,c_cmd_addr[11]$_DFFE_PN0N_,4.05,1.23,0.0013846238935990157,4.048615376106401,clk_core,VALIDATED
516,c_cmd_addr[10]$_DFFE_PN0N_,4.05,1.23,0.0013823921321795482,4.04861760786782,clk_core,VALIDATED
519,c_cmd_addr[7]$_DFFE_PN0N_,4.05,1.23,0.0013796661074780073,4.048620333892522,clk_core,VALIDATED
518,c_cmd_addr[6]$_DFFE_PN0N_,4.05,1.23,0.0013782816621817767,4.048621718337818,clk_core,VALIDATED
520,c_cmd_addr[9]$_DFFE_PN0N_,4.05,1.23,0.0013755127715893156,4.048624487228411,clk_core,VALIDATED
521,c_cmd_addr[2]$_DFFE_PN0N_,4.05,1.23,0.0013722168442785593,4.048627783155721,clk_core,VALIDATED
522,c_cmd_addr[8]$_DFFE_PN0N_,4.05,1.23,0.0013722168442785593,4.048627783155721,clk_core,VALIDATED
523,c_cmd_opcode[6]$_DFFE_PN0N_,4.05,1.23,0.0013636881538291734,4.04863631184617,clk_core,VALIDATED
529,c_cmd_addr[3]$_DFFE_PN0N_,4.08,1.19,0.0013517446454403073,4.07864825535456,clk_core,VALIDATED
530,c_cmd_addr[4]$_DFFE_PN0N_,4.08,1.19,0.0013441865301175304,4.078655813469883,clk_core,VALIDATED
531,c_cmd_addr[5]$_DFFE_PN0N_,4.08,1.19,0.0013394644623091478,4.078660535537691,clk_core,VALIDATED
534,g_chan[1].u_cdc_chw.mem[11][31]$_DFFE_PP_,4.08,1.12,0.0013321726373993967,4.078667827362601,clk_core,VALIDATED
524,g_chan[1].u_cdc_chw.mem[10][31]$_DFFE_PP_,4.08,1.12,0.0013321726373993967,4.078667827362601,clk_core,VALIDATED
526,g_chan[1].u_cdc_chw.mem[13][31]$_DFFE_PP_,4.08,1.12,0.0013321726373993967,4.078667827362601,clk_core,VALIDATED
525,g_chan[1].u_cdc_chw.mem[12][31]$_DFFE_PP_,4.08,1.12,0.0013321726373993967,4.078667827362601,clk_core,VALIDATED
527,g_chan[1].u_cdc_chw.mem[14][31]$_DFFE_PP_,4.08,1.12,0.0013321726373993967,4.078667827362601,clk_core,VALIDATED
528,g_chan[1].u_cdc_chw.mem[15][31]$_DFFE_PP_,4.08,1.12,0.0013321726373993967,4.078667827362601,clk_core,VALIDATED
536,g_chan[1].u_cdc_chw.mem[9][31]$_DFFE_PP_,4.08,1.12,0.0013321726373993967,4.078667827362601,clk_core,VALIDATED
535,g_chan[1].u_cdc_chw.mem[8][31]$_DFFE_PP_,4.08,1.12,0.0013321726373993967,4.078667827362601,clk_core,VALIDATED
539,g_chan[1].u_cdc_chw.mem[8][14]$_DFFE_PP_,4.08,1.12,0.0013319880538140566,4.078668011946186,clk_core,VALIDATED
537,g_chan[1].u_cdc_chw.mem[10][14]$_DFFE_PP_,4.08,1.12,0.0013313590697280817,4.078668640930272,clk_core,VALIDATED
538,g_chan[1].u_cdc_chw.mem[11][14]$_DFFE_PP_,4.08,1.12,0.0013313590697280817,4.078668640930272,clk_core,VALIDATED
532,c_cmd_len[27]$_DFFE_PN0N_,4.08,1.19,0.0013073649310982108,4.078692635068902,clk_core,VALIDATED
533,c_cmd_len[29]$_DFFE_PN0N_,4.08,1.19,0.0013065516299928942,4.078693448370007,clk_core,VALIDATED
540,c_cmd_len[30]$_DFFE_PN0N_,4.08,1.19,0.0012870056506791433,4.0787129943493206,clk_core,VALIDATED
552,g_chan[0].u_cdc_chw.mem[14][24]$_DFFE_PP_,4.09,1.11,0.001392075366291462,4.088607924633709,clk_core,VALIDATED
542,g_chan[1].u_cdc_chw.mem[13][14]$_DFFE_PP_,4.09,1.12,0.0013282052459203456,4.088671794754079,clk_core,VALIDATED
541,g_chan[1].u_cdc_chw.mem[12][14]$_DFFE_PP_,4.09,1.12,0.0013282052459203456,4.088671794754079,clk_core,VALIDATED
543,g_chan[1].u_cdc_chw.mem[14][14]$_DFFE_PP_,4.09,1.12,0.0013279257872072445,4.088672074212792,clk_core,VALIDATED
545,g_chan[1].u_cdc_chw.mem[9][14]$_DFFE_PP_,4.09,1.12,0.0013276463284941434,4.088672353671505,clk_core,VALIDATED
544,g_chan[1].u_cdc_chw.mem[15][14]$_DFFE_PP_,4.09,1.12,0.0013276463284941434,4.088672353671505,clk_core,VALIDATED
550,c_cmd_len[2]$_DFFE_PN0N_,4.09,1.18,0.001297144083235037,4.088702855916765,clk_core,VALIDATED
547,c_cmd_len[24]$_DFFE_PN0N_,4.09,1.18,0.0012920931341716332,4.088707906865828,clk_core,VALIDATED
549,c_cmd_len[19]$_DFFE_PN0N_,4.09,1.18,0.001290743350211461,4.088709256649788,clk_core,VALIDATED
548,c_cmd_len[15]$_DFFE_PN0N_,4.09,1.18,0.0012888092906491802,4.0887111907093505,clk_core,VALIDATED
551,c_cmd_len[8]$_DFFE_PN0N_,4.09,1.18,0.0012867605432040144,4.088713239456796,clk_core,VALIDATED
546,c_cmd_len[17]$_DFFE_PN0N_,4.09,1.18,0.0012820223772996228,4.0887179776227,clk_core,VALIDATED
563,g_chan[0].u_cdc_chw.mem[5][25]$_DFFE_PP_,4.1,1.11,0.0014380771012553542,4.098561922898744,clk_core,VALIDATED
564,g_chan[0].u_cdc_chw.mem[7][25]$_DFFE_PP_,4.1,1.11,0.0014380771012553542,4.098561922898744,clk_core,VALIDATED
560,g_chan[0].u_cdc_chw.mem[2][25]$_DFFE_PP_,4.1,1.11,0.0014380771012553542,4.098561922898744,clk_core,VALIDATED
559,g_chan[0].u_cdc_chw.mem[1][25]$_DFFE_PP_,4.1,1.11,0.0014380771012553542,4.098561922898744,clk_core,VALIDATED
561,g_chan[0].u_cdc_chw.mem[3][25]$_DFFE_PP_,4.1,1.11,0.0014380771012553542,4.098561922898744,clk_core,VALIDATED
553,g_chan[0].u_cdc_chw.mem[0][25]$_DFFE_PP_,4.1,1.11,0.0014380771012553542,4.098561922898744,clk_core,VALIDATED
562,g_chan[0].u_cdc_chw.mem[4][25]$_DFFE_PP_,4.1,1.11,0.0014380771012553542,4.098561922898744,clk_core,VALIDATED
585,g_chan[0].u_cdc_chw.mem[6][25]$_DFFE_PP_,4.1,1.11,0.0014337304431824016,4.098566269556818,clk_core,VALIDATED
555,g_chan[0].u_cdc_chw.mem[11][25]$_DFFE_PP_,4.1,1.11,0.0014283505224449086,4.098571649477555,clk_core,VALIDATED
566,g_chan[0].u_cdc_chw.mem[9][25]$_DFFE_PP_,4.1,1.11,0.0014283505224449086,4.098571649477555,clk_core,VALIDATED
554,g_chan[0].u_cdc_chw.mem[10][25]$_DFFE_PP_,4.1,1.11,0.0014283505224449086,4.098571649477555,clk_core,VALIDATED
557,g_chan[0].u_cdc_chw.mem[13][25]$_DFFE_PP_,4.1,1.11,0.001418623943634463,4.098581376056365,clk_core,VALIDATED
576,g_chan[0].u_cdc_chw.mem[15][25]$_DFFE_PP_,4.1,1.11,0.001418623943634463,4.098581376056365,clk_core,VALIDATED
558,g_chan[0].u_cdc_chw.mem[14][25]$_DFFE_PP_,4.1,1.11,0.001418623943634463,4.098581376056365,clk_core,VALIDATED
556,g_chan[0].u_cdc_chw.mem[12][25]$_DFFE_PP_,4.1,1.11,0.001418623943634463,4.098581376056365,clk_core,VALIDATED
565,g_chan[0].u_cdc_chw.mem[8][25]$_DFFE_PP_,4.1,1.11,0.001418623943634463,4.098581376056365,clk_core,VALIDATED
569,g_chan[0].u_cdc_chw.mem[3][24]$_DFFE_PP_,4.1,1.11,0.0013881521574584457,4.098611847842541,clk_core,VALIDATED
571,g_chan[0].u_cdc_chw.mem[11][24]$_DFFE_PP_,4.1,1.11,0.0013881521574584457,4.098611847842541,clk_core,VALIDATED
568,g_chan[0].u_cdc_chw.mem[2][24]$_DFFE_PP_,4.1,1.11,0.0013881521574584457,4.098611847842541,clk_core,VALIDATED
572,g_chan[0].u_cdc_chw.mem[12][24]$_DFFE_PP_,4.1,1.11,0.0013881521574584457,4.098611847842541,clk_core,VALIDATED
573,g_chan[0].u_cdc_chw.mem[13][24]$_DFFE_PP_,4.1,1.11,0.0013881521574584457,4.098611847842541,clk_core,VALIDATED
570,g_chan[0].u_cdc_chw.mem[9][24]$_DFFE_PP_,4.1,1.11,0.0013881521574584457,4.098611847842541,clk_core,VALIDATED
575,g_chan[0].u_cdc_chw.mem[8][24]$_DFFE_PP_,4.1,1.11,0.0013881521574584457,4.098611847842541,clk_core,VALIDATED
574,g_chan[0].u_cdc_chw.mem[15][24]$_DFFE_PP_,4.1,1.11,0.0013828935161255829,4.098617106483874,clk_core,VALIDATED
567,g_chan[0].u_cdc_chw.mem[10][24]$_DFFE_PP_,4.1,1.11,0.0013822042307098659,4.0986177957692895,clk_core,VALIDATED
579,g_chan[0].u_cdc_chw.mem[4][24]$_DFFE_PP_,4.1,1.11,0.001376256303961286,4.098623743696038,clk_core,VALIDATED
581,g_chan[0].u_cdc_chw.mem[6][24]$_DFFE_PP_,4.1,1.11,0.001376256303961286,4.098623743696038,clk_core,VALIDATED
578,g_chan[0].u_cdc_chw.mem[1][24]$_DFFE_PP_,4.1,1.11,0.001376256303961286,4.098623743696038,clk_core,VALIDATED
580,g_chan[0].u_cdc_chw.mem[5][24]$_DFFE_PP_,4.1,1.11,0.001376256303961286,4.098623743696038,clk_core,VALIDATED
582,g_chan[0].u_cdc_chw.mem[7][24]$_DFFE_PP_,4.1,1.11,0.001376256303961286,4.098623743696038,clk_core,VALIDATED
577,g_chan[0].u_cdc_chw.mem[0][24]$_DFFE_PP_,4.1,1.11,0.001376256303961286,4.098623743696038,clk_core,VALIDATED
583,g_chan[1].u_cdc_chw.mem[14][17]$_DFFE_PP_,4.1,1.11,0.0013416290553536353,4.098658370944646,clk_core,VALIDATED
584,g_chan[1].u_cdc_chw.mem[15][17]$_DFFE_PP_,4.1,1.11,0.0013416290553536353,4.098658370944646,clk_core,VALIDATED
586,g_chan[1].u_cdc_chw.mem[12][25]$_DFFE_PP_,4.1,1.11,0.0013066941234880086,4.098693305876512,clk_core,VALIDATED
587,g_chan[1].u_cdc_chw.mem[14][25]$_DFFE_PP_,4.1,1.11,0.0013066941234880086,4.098693305876512,clk_core,VALIDATED
588,g_chan[1].u_cdc_chw.mem[15][25]$_DFFE_PP_,4.1,1.11,0.0013064010659367686,4.098693598934063,clk_core,VALIDATED
590,g_chan[1].u_cdc_chw.mem[13][25]$_DFFE_PP_,4.1,1.11,0.0013023911635727387,4.098697608836427,clk_core,VALIDATED
591,g_chan[1].u_cdc_chw.mem[1][25]$_DFFE_PP_,4.1,1.11,0.0013023911635727387,4.098697608836427,clk_core,VALIDATED
589,g_chan[1].u_cdc_chw.mem[8][25]$_DFFE_PP_,4.1,1.11,0.0013023911635727387,4.098697608836427,clk_core,VALIDATED
681,g_chan[0].u_cdc_chw.mem[2][16]$_DFFE_PP_,4.11,1.09,0.0014465173990572538,4.108553482600943,clk_core,VALIDATED
673,g_chan[0].u_cdc_chw.mem[1][16]$_DFFE_PP_,4.11,1.09,0.0014465173990572538,4.108553482600943,clk_core,VALIDATED
680,g_chan[0].u_cdc_chw.mem[0][16]$_DFFE_PP_,4.11,1.09,0.0014465173990572538,4.108553482600943,clk_core,VALIDATED
676,g_chan[0].u_cdc_chw.mem[5][16]$_DFFE_PP_,4.11,1.09,0.0014465173990572538,4.108553482600943,clk_core,VALIDATED
674,g_chan[0].u_cdc_chw.mem[3][16]$_DFFE_PP_,4.11,1.09,0.0014465173990572538,4.108553482600943,clk_core,VALIDATED
675,g_chan[0].u_cdc_chw.mem[4][16]$_DFFE_PP_,4.11,1.09,0.0014465173990572538,4.108553482600943,clk_core,VALIDATED
678,g_chan[0].u_cdc_chw.mem[7][16]$_DFFE_PP_,4.11,1.09,0.0014463551621004059,4.1085536448379,clk_core,VALIDATED
677,g_chan[0].u_cdc_chw.mem[6][16]$_DFFE_PP_,4.11,1.09,0.0014463551621004059,4.1085536448379,clk_core,VALIDATED
698,g_chan[0].u_cdc_chw.mem[14][16]$_DFFE_PP_,4.11,1.09,0.0014454112479399886,4.10855458875206,clk_core,VALIDATED
695,g_chan[0].u_cdc_chw.mem[11][16]$_DFFE_PP_,4.11,1.09,0.0014454112479399886,4.10855458875206,clk_core,VALIDATED
697,g_chan[0].u_cdc_chw.mem[13][16]$_DFFE_PP_,4.11,1.09,0.001445132376304753,4.108554867623695,clk_core,VALIDATED
688,g_chan[0].u_cdc_chw.mem[12][16]$_DFFE_PP_,4.11,1.09,0.001445132376304753,4.108554867623695,clk_core,VALIDATED
696,g_chan[0].u_cdc_chw.mem[10][16]$_DFFE_PP_,4.11,1.09,0.001445132376304753,4.108554867623695,clk_core,VALIDATED
699,g_chan[0].u_cdc_chw.mem[15][16]$_DFFE_PP_,4.11,1.09,0.001445132376304753,4.108554867623695,clk_core,VALIDATED
690,g_chan[0].u_cdc_chw.mem[9][16]$_DFFE_PP_,4.11,1.09,0.001445132376304753,4.108554867623695,clk_core,VALIDATED
689,g_chan[0].u_cdc_chw.mem[8][16]$_DFFE_PP_,4.11,1.09,0.001445132376304753,4.108554867623695,clk_core,VALIDATED
637,g_chan[0].u_cdc_chw.mem[10][12]$_DFFE_PP_,4.11,1.09,0.0014221556862175286,4.108577844313783,clk_core,VALIDATED
652,g_chan[0].u_cdc_chw.mem[9][12]$_DFFE_PP_,4.11,1.09,0.0014221556862175286,4.108577844313783,clk_core,VALIDATED
638,g_chan[0].u_cdc_chw.mem[11][12]$_DFFE_PP_,4.11,1.09,0.0014221556862175286,4.108577844313783,clk_core,VALIDATED
646,g_chan[0].u_cdc_chw.mem[14][12]$_DFFE_PP_,4.11,1.09,0.0014221556862175286,4.108577844313783,clk_core,VALIDATED
645,g_chan[0].u_cdc_chw.mem[13][12]$_DFFE_PP_,4.11,1.09,0.0014221556862175286,4.108577844313783,clk_core,VALIDATED
651,g_chan[0].u_cdc_chw.mem[8][12]$_DFFE_PP_,4.11,1.09,0.0014221556862175286,4.108577844313783,clk_core,VALIDATED
647,g_chan[0].u_cdc_chw.mem[15][12]$_DFFE_PP_,4.11,1.09,0.0014221556862175286,4.108577844313783,clk_core,VALIDATED
632,g_chan[0].u_cdc_chw.mem[12][19]$_DFFE_PP_,4.11,1.09,0.0014205669059670842,4.108579433094033,clk_core,VALIDATED
656,g_chan[0].u_cdc_chw.mem[13][19]$_DFFE_PP_,4.11,1.09,0.0014192199280435372,4.108580780071957,clk_core,VALIDATED
664,g_chan[0].u_cdc_chw.mem[8][19]$_DFFE_PP_,4.11,1.09,0.0014178729501199902,4.10858212704988,clk_core,VALIDATED
657,g_chan[0].u_cdc_chw.mem[14][19]$_DFFE_PP_,4.11,1.09,0.0014178729501199902,4.10858212704988,clk_core,VALIDATED
668,g_chan[0].u_cdc_chw.mem[6][19]$_DFFE_PP_,4.11,1.09,0.0014172323594468725,4.108582767640553,clk_core,VALIDATED
669,g_chan[0].u_cdc_chw.mem[7][19]$_DFFE_PP_,4.11,1.09,0.0014168791658216578,4.1085831208341785,clk_core,VALIDATED
661,g_chan[0].u_cdc_chw.mem[3][19]$_DFFE_PP_,4.11,1.09,0.0014168791658216578,4.1085831208341785,clk_core,VALIDATED
660,g_chan[0].u_cdc_chw.mem[2][19]$_DFFE_PP_,4.11,1.09,0.0014168791658216578,4.1085831208341785,clk_core,VALIDATED
663,g_chan[0].u_cdc_chw.mem[5][19]$_DFFE_PP_,4.11,1.09,0.0014165259721964432,4.108583474027804,clk_core,VALIDATED
654,g_chan[0].u_cdc_chw.mem[10][19]$_DFFE_PP_,4.11,1.09,0.0014165259721964432,4.108583474027804,clk_core,VALIDATED
655,g_chan[0].u_cdc_chw.mem[11][19]$_DFFE_PP_,4.11,1.09,0.0014165259721964432,4.108583474027804,clk_core,VALIDATED
658,g_chan[0].u_cdc_chw.mem[15][19]$_DFFE_PP_,4.11,1.09,0.0014165259721964432,4.108583474027804,clk_core,VALIDATED
662,g_chan[0].u_cdc_chw.mem[4][19]$_DFFE_PP_,4.11,1.09,0.0014165259721964432,4.108583474027804,clk_core,VALIDATED
665,g_chan[0].u_cdc_chw.mem[9][19]$_DFFE_PP_,4.11,1.09,0.0014165259721964432,4.108583474027804,clk_core,VALIDATED
653,g_chan[0].u_cdc_chw.mem[0][19]$_DFFE_PP_,4.11,1.09,0.0014165259721964432,4.108583474027804,clk_core,VALIDATED
659,g_chan[0].u_cdc_chw.mem[1][19]$_DFFE_PP_,4.11,1.09,0.0014165259721964432,4.108583474027804,clk_core,VALIDATED
648,g_chan[0].u_cdc_chw.mem[4][12]$_DFFE_PP_,4.11,1.09,0.001414117048165471,4.108585882951835,clk_core,VALIDATED
650,g_chan[0].u_cdc_chw.mem[6][12]$_DFFE_PP_,4.11,1.09,0.001414117048165471,4.108585882951835,clk_core,VALIDATED
644,g_chan[0].u_cdc_chw.mem[12][12]$_DFFE_PP_,4.11,1.09,0.001414117048165471,4.108585882951835,clk_core,VALIDATED
649,g_chan[0].u_cdc_chw.mem[5][12]$_DFFE_PP_,4.11,1.09,0.001414117048165471,4.108585882951835,clk_core,VALIDATED
639,g_chan[0].u_cdc_chw.mem[1][12]$_DFFE_PP_,4.11,1.09,0.0014060784101134136,4.108593921589887,clk_core,VALIDATED
640,g_chan[0].u_cdc_chw.mem[2][12]$_DFFE_PP_,4.11,1.09,0.0014060784101134136,4.108593921589887,clk_core,VALIDATED
642,g_chan[0].u_cdc_chw.mem[7][12]$_DFFE_PP_,4.11,1.09,0.0014060784101134136,4.108593921589887,clk_core,VALIDATED
643,g_chan[0].u_cdc_chw.mem[0][12]$_DFFE_PP_,4.11,1.09,0.0014060784101134136,4.108593921589887,clk_core,VALIDATED
641,g_chan[0].u_cdc_chw.mem[3][12]$_DFFE_PP_,4.11,1.09,0.0014049700068128612,4.108595029993188,clk_core,VALIDATED
684,g_chan[1].u_cdc_chw.mem[2][16]$_DFFE_PP_,4.11,1.09,0.0013602769726113045,4.108639723027389,clk_core,VALIDATED
682,g_chan[1].u_cdc_chw.mem[0][16]$_DFFE_PP_,4.11,1.09,0.0013585300969741615,4.108641469903026,clk_core,VALIDATED
685,g_chan[1].u_cdc_chw.mem[3][16]$_DFFE_PP_,4.11,1.09,0.0013585300969741615,4.108641469903026,clk_core,VALIDATED
687,g_chan[1].u_cdc_chw.mem[7][16]$_DFFE_PP_,4.11,1.09,0.001358260204235559,4.108641739795765,clk_core,VALIDATED
683,g_chan[1].u_cdc_chw.mem[1][16]$_DFFE_PP_,4.11,1.09,0.001358260204235559,4.108641739795765,clk_core,VALIDATED
686,g_chan[1].u_cdc_chw.mem[6][16]$_DFFE_PP_,4.11,1.09,0.001358260204235559,4.108641739795765,clk_core,VALIDATED
693,g_chan[1].u_cdc_chw.mem[5][16]$_DFFE_PP_,4.11,1.09,0.001345775222770483,4.10865422477723,clk_core,VALIDATED
692,g_chan[1].u_cdc_chw.mem[4][16]$_DFFE_PP_,4.11,1.09,0.001345775222770483,4.10865422477723,clk_core,VALIDATED
672,g_chan[1].u_cdc_chw.mem[7][19]$_DFFE_PP_,4.11,1.09,0.0013444925522649656,4.108655507447735,clk_core,VALIDATED
671,g_chan[1].u_cdc_chw.mem[6][19]$_DFFE_PP_,4.11,1.09,0.0013444925522649656,4.108655507447735,clk_core,VALIDATED
670,g_chan[1].u_cdc_chw.mem[3][19]$_DFFE_PP_,4.11,1.09,0.0013442226595263632,4.108655777340474,clk_core,VALIDATED
623,g_chan[0].u_cdc_chw.mem[4][23]$_DFFE_PP_,4.11,1.1,0.0013434160960954233,4.108656583903905,clk_core,VALIDATED
605,g_chan[0].u_cdc_chw.mem[2][23]$_DFFE_PP_,4.11,1.1,0.0013434160960954233,4.108656583903905,clk_core,VALIDATED
624,g_chan[0].u_cdc_chw.mem[5][23]$_DFFE_PP_,4.11,1.1,0.0013434160960954233,4.108656583903905,clk_core,VALIDATED
606,g_chan[0].u_cdc_chw.mem[6][23]$_DFFE_PP_,4.11,1.1,0.0013434160960954233,4.108656583903905,clk_core,VALIDATED
607,g_chan[0].u_cdc_chw.mem[7][23]$_DFFE_PP_,4.11,1.1,0.0013434160960954233,4.108656583903905,clk_core,VALIDATED
667,g_chan[1].u_cdc_chw.mem[2][19]$_DFFE_PP_,4.11,1.09,0.0013420969462430293,4.108657903053757,clk_core,VALIDATED
691,g_chan[1].u_cdc_chw.mem[9][16]$_DFFE_PP_,4.11,1.09,0.0013403769369611587,4.108659623063039,clk_core,VALIDATED
694,g_chan[1].u_cdc_chw.mem[8][16]$_DFFE_PP_,4.11,1.09,0.0013403769369611587,4.108659623063039,clk_core,VALIDATED
616,g_chan[0].u_cdc_chw.mem[3][23]$_DFFE_PP_,4.11,1.1,0.00133894639746978,4.108661053602531,clk_core,VALIDATED
636,g_chan[1].u_cdc_chw.mem[11][16]$_DFFE_PP_,4.11,1.09,0.0013349786511518344,4.108665021348848,clk_core,VALIDATED
625,g_chan[0].u_cdc_chw.mem[0][23]$_DFFE_PP_,4.11,1.1,0.0013332293172947582,4.108666770682706,clk_core,VALIDATED
627,g_chan[0].u_cdc_chw.mem[1][23]$_DFFE_PP_,4.11,1.1,0.0013332293172947582,4.108666770682706,clk_core,VALIDATED
604,g_chan[0].u_cdc_chw.mem[15][23]$_DFFE_PP_,4.11,1.1,0.00133198193574538,4.108668018064255,clk_core,VALIDATED
603,g_chan[0].u_cdc_chw.mem[14][23]$_DFFE_PP_,4.11,1.1,0.00133198193574538,4.108668018064255,clk_core,VALIDATED
602,g_chan[0].u_cdc_chw.mem[13][23]$_DFFE_PP_,4.11,1.1,0.00133198193574538,4.108668018064255,clk_core,VALIDATED
601,g_chan[0].u_cdc_chw.mem[10][23]$_DFFE_PP_,4.11,1.1,0.00133198193574538,4.108668018064255,clk_core,VALIDATED
633,g_chan[1].u_cdc_chw.mem[0][19]$_DFFE_PP_,4.11,1.09,0.0013317376780612872,4.108668262321939,clk_core,VALIDATED
679,g_chan[1].u_cdc_chw.mem[5][19]$_DFFE_PP_,4.11,1.09,0.0013317376780612872,4.108668262321939,clk_core,VALIDATED
634,g_chan[1].u_cdc_chw.mem[1][19]$_DFFE_PP_,4.11,1.09,0.0013317376780612872,4.108668262321939,clk_core,VALIDATED
635,g_chan[1].u_cdc_chw.mem[4][19]$_DFFE_PP_,4.11,1.09,0.0013317376780612872,4.108668262321939,clk_core,VALIDATED
615,g_chan[0].u_cdc_chw.mem[12][23]$_DFFE_PP_,4.11,1.1,0.0013275122371197365,4.10867248776288,clk_core,VALIDATED
629,g_chan[0].u_cdc_chw.mem[9][23]$_DFFE_PP_,4.11,1.1,0.0013275122371197365,4.10867248776288,clk_core,VALIDATED
628,g_chan[0].u_cdc_chw.mem[8][23]$_DFFE_PP_,4.11,1.1,0.0013275122371197365,4.10867248776288,clk_core,VALIDATED
626,g_chan[0].u_cdc_chw.mem[11][23]$_DFFE_PP_,4.11,1.1,0.0013275122371197365,4.10867248776288,clk_core,VALIDATED
630,g_chan[1].u_cdc_chw.mem[11][19]$_DFFE_PP_,4.11,1.09,0.0013209411064426385,4.108679058893558,clk_core,VALIDATED
631,g_chan[1].u_cdc_chw.mem[8][19]$_DFFE_PP_,4.11,1.09,0.0013209411064426385,4.108679058893558,clk_core,VALIDATED
666,g_chan[1].u_cdc_chw.mem[9][19]$_DFFE_PP_,4.11,1.09,0.001320562161567819,4.108679437838433,clk_core,VALIDATED
595,g_chan[1].u_cdc_chw.mem[2][12]$_DFFE_PP_,4.11,1.09,0.0013164025552285866,4.108683597444772,clk_core,VALIDATED
593,g_chan[1].u_cdc_chw.mem[1][12]$_DFFE_PP_,4.11,1.09,0.0013158701898612,4.108684129810139,clk_core,VALIDATED
598,g_chan[1].u_cdc_chw.mem[5][12]$_DFFE_PP_,4.11,1.09,0.0013158701898612,4.108684129810139,clk_core,VALIDATED
597,g_chan[1].u_cdc_chw.mem[4][12]$_DFFE_PP_,4.11,1.09,0.0013158701898612,4.108684129810139,clk_core,VALIDATED
599,g_chan[1].u_cdc_chw.mem[7][12]$_DFFE_PP_,4.11,1.09,0.0013158701898612,4.108684129810139,clk_core,VALIDATED
596,g_chan[1].u_cdc_chw.mem[3][12]$_DFFE_PP_,4.11,1.09,0.0013158701898612,4.108684129810139,clk_core,VALIDATED
592,g_chan[1].u_cdc_chw.mem[0][12]$_DFFE_PP_,4.11,1.09,0.0013153378244938133,4.108684662175507,clk_core,VALIDATED
594,g_chan[1].u_cdc_chw.mem[6][12]$_DFFE_PP_,4.11,1.09,0.0013153378244938133,4.108684662175507,clk_core,VALIDATED
611,g_chan[1].u_cdc_chw.mem[3][23]$_DFFE_PP_,4.11,1.1,0.0012833806713637846,4.108716619328637,clk_core,VALIDATED
612,g_chan[1].u_cdc_chw.mem[4][23]$_DFFE_PP_,4.11,1.1,0.0012833806713637846,4.108716619328637,clk_core,VALIDATED
610,g_chan[1].u_cdc_chw.mem[2][23]$_DFFE_PP_,4.11,1.1,0.0012833806713637846,4.108716619328637,clk_core,VALIDATED
613,g_chan[1].u_cdc_chw.mem[5][23]$_DFFE_PP_,4.11,1.1,0.0012833806713637846,4.108716619328637,clk_core,VALIDATED
609,g_chan[1].u_cdc_chw.mem[15][23]$_DFFE_PP_,4.11,1.1,0.0012823244853211874,4.108717675514679,clk_core,VALIDATED
608,g_chan[1].u_cdc_chw.mem[14][23]$_DFFE_PP_,4.11,1.1,0.0012823244853211874,4.108717675514679,clk_core,VALIDATED
618,g_chan[1].u_cdc_chw.mem[12][23]$_DFFE_PP_,4.11,1.1,0.0012817742079668376,4.108718225792034,clk_core,VALIDATED
619,g_chan[1].u_cdc_chw.mem[13][23]$_DFFE_PP_,4.11,1.1,0.0012817742079668376,4.108718225792034,clk_core,VALIDATED
621,g_chan[1].u_cdc_chw.mem[8][23]$_DFFE_PP_,4.11,1.1,0.0012817742079668376,4.108718225792034,clk_core,VALIDATED
600,g_chan[1].u_cdc_chw.mem[6][23]$_DFFE_PP_,4.11,1.1,0.0012816453188354143,4.108718354681165,clk_core,VALIDATED
622,g_chan[1].u_cdc_chw.mem[9][23]$_DFFE_PP_,4.11,1.1,0.0012814012899777238,4.1087185987100225,clk_core,VALIDATED
620,g_chan[1].u_cdc_chw.mem[7][23]$_DFFE_PP_,4.11,1.1,0.0012814012899777238,4.1087185987100225,clk_core,VALIDATED
617,g_chan[1].u_cdc_chw.mem[11][23]$_DFFE_PP_,4.11,1.1,0.0012814012899777238,4.1087185987100225,clk_core,VALIDATED
614,g_chan[1].u_cdc_chw.mem[10][23]$_DFFE_PP_,4.11,1.1,0.0012812089632202664,4.10871879103678,clk_core,VALIDATED
701,u_dma_fabric.rbeat_data[11]$_DFFE_PN0P_,4.12,1.08,0.0014595738565524943,4.118540426143448,clk_core,VALIDATED
700,u_dma_fabric.rbeat_data[8]$_DFFE_PN0P_,4.12,1.08,0.0014517640895748973,4.118548235910425,clk_core,VALIDATED
703,c_cmd_addr[19]$_DFFE_PN0N_,4.12,1.15,0.0012406123978005862,4.1187593876022,clk_core,VALIDATED
702,c_cmd_addr[14]$_DFFE_PN0N_,4.12,1.15,0.001235632413024726,4.118764367586976,clk_core,VALIDATED
706,u_dma_fabric.rbeat_data[9]$_DFFE_PN0P_,4.13,1.07,0.001289577715332349,4.128710422284668,clk_core,VALIDATED
707,u_dma_fabric.rbeat_data[15]$_DFFE_PN0P_,4.13,1.06,0.0012777026929863683,4.1287222973070135,clk_core,VALIDATED
708,u_dma_fabric.rbeat_data[25]$_DFFE_PN0P_,4.13,1.07,0.0012715435782255022,4.128728456421775,clk_core,VALIDATED
709,u_dma_fabric.rbeat_data[21]$_DFFE_PN0P_,4.13,1.06,0.0012702938306339284,4.128729706169366,clk_core,VALIDATED
705,c_cmd_len[25]$_DFFE_PN0N_,4.13,1.15,0.0012424980149942158,4.128757501985006,clk_core,VALIDATED
704,c_cmd_len[12]$_DFFE_PN0N_,4.13,1.15,0.0012381730154328863,4.128761826984567,clk_core,VALIDATED
712,u_dma_fabric.rbeat_data[22]$_DFFE_PN0P_,4.14,1.07,0.0014549502858830915,4.138545049714117,clk_core,VALIDATED
713,u_dma_fabric.rbeat_data[31]$_DFFE_PN0P_,4.14,1.06,0.0014475645298623885,4.138552435470137,clk_core,VALIDATED
710,u_dma_fabric.rbeat_data[24]$_DFFE_PN0P_,4.14,1.06,0.0013617041799168922,4.1386382958200825,clk_core,VALIDATED
711,u_dma_fabric.rbeat_data[6]$_DFFE_PN0P_,4.14,1.06,0.0013599425638568668,4.138640057436143,clk_core,VALIDATED
724,g_chan[1].u_cdc_chw.mem[0][24]$_DFFE_PP_,4.15,1.06,0.001240003781937643,4.148759996218063,clk_core,VALIDATED
725,g_chan[1].u_cdc_chw.mem[1][24]$_DFFE_PP_,4.15,1.06,0.001240003781937643,4.148759996218063,clk_core,VALIDATED
728,g_chan[1].u_cdc_chw.mem[4][24]$_DFFE_PP_,4.15,1.06,0.0012386480390215102,4.148761351960979,clk_core,VALIDATED
729,g_chan[1].u_cdc_chw.mem[5][24]$_DFFE_PP_,4.15,1.06,0.0012386480390215102,4.148761351960979,clk_core,VALIDATED
723,g_chan[1].u_cdc_chw.mem[13][24]$_DFFE_PP_,4.15,1.06,0.001237397526035619,4.1487626024739646,clk_core,VALIDATED
722,g_chan[1].u_cdc_chw.mem[12][24]$_DFFE_PP_,4.15,1.06,0.001237397526035619,4.1487626024739646,clk_core,VALIDATED
727,g_chan[1].u_cdc_chw.mem[3][24]$_DFFE_PP_,4.15,1.06,0.0012372922961053773,4.148762707703895,clk_core,VALIDATED
726,g_chan[1].u_cdc_chw.mem[2][24]$_DFFE_PP_,4.15,1.06,0.0012372922961053773,4.148762707703895,clk_core,VALIDATED
721,g_chan[1].u_cdc_chw.mem[9][24]$_DFFE_PP_,4.15,1.06,0.0012360361110195853,4.148763963888981,clk_core,VALIDATED
720,g_chan[1].u_cdc_chw.mem[8][24]$_DFFE_PP_,4.15,1.06,0.0012360361110195853,4.148763963888981,clk_core,VALIDATED
715,g_chan[1].u_cdc_chw.mem[11][24]$_DFFE_PP_,4.15,1.06,0.0012360361110195853,4.148763963888981,clk_core,VALIDATED
714,g_chan[1].u_cdc_chw.mem[10][24]$_DFFE_PP_,4.15,1.06,0.0012360361110195853,4.148763963888981,clk_core,VALIDATED
718,g_chan[1].u_cdc_chw.mem[6][24]$_DFFE_PP_,4.15,1.06,0.001234745610536117,4.148765254389464,clk_core,VALIDATED
719,g_chan[1].u_cdc_chw.mem[7][24]$_DFFE_PP_,4.15,1.06,0.001234745610536117,4.148765254389464,clk_core,VALIDATED
716,g_chan[1].u_cdc_chw.mem[14][24]$_DFFE_PP_,4.15,1.06,0.0012343753266788604,4.148765624673321,clk_core,VALIDATED
717,g_chan[1].u_cdc_chw.mem[15][24]$_DFFE_PP_,4.15,1.06,0.0012343753266788604,4.148765624673321,clk_core,VALIDATED
730,c_cmd_opcode[5]$_DFFE_PN0N_,4.16,1.12,0.0012381281116976284,4.158761871888302,clk_core,VALIDATED
738,g_chan[1].u_cdc_chw.mem[4][25]$_DFFE_PP_,4.16,1.05,0.0012304948803711427,4.158769505119629,clk_core,VALIDATED
733,g_chan[1].u_cdc_chw.mem[5][25]$_DFFE_PP_,4.16,1.05,0.0012304948803711427,4.158769505119629,clk_core,VALIDATED
734,g_chan[1].u_cdc_chw.mem[7][25]$_DFFE_PP_,4.16,1.05,0.0012304948803711427,4.158769505119629,clk_core,VALIDATED
739,g_chan[1].u_cdc_chw.mem[6][25]$_DFFE_PP_,4.16,1.05,0.0012304948803711427,4.158769505119629,clk_core,VALIDATED
735,g_chan[1].u_cdc_chw.mem[0][25]$_DFFE_PP_,4.16,1.05,0.0012299400726318924,4.1587700599273685,clk_core,VALIDATED
736,g_chan[1].u_cdc_chw.mem[2][25]$_DFFE_PP_,4.16,1.05,0.0012299400726318924,4.1587700599273685,clk_core,VALIDATED
740,g_chan[1].u_cdc_chw.mem[9][25]$_DFFE_PP_,4.16,1.05,0.0012299400726318924,4.1587700599273685,clk_core,VALIDATED
732,g_chan[1].u_cdc_chw.mem[11][25]$_DFFE_PP_,4.16,1.05,0.0012299400726318924,4.1587700599273685,clk_core,VALIDATED
737,g_chan[1].u_cdc_chw.mem[3][25]$_DFFE_PP_,4.16,1.05,0.0012299400726318924,4.1587700599273685,clk_core,VALIDATED
731,g_chan[1].u_cdc_chw.mem[10][25]$_DFFE_PP_,4.16,1.05,0.001228926642210415,4.15877107335779,clk_core,VALIDATED
747,g_chan[1].u_cdc_chw.mem[9][12]$_DFFE_PP_,4.17,1.03,0.0012514099414053029,4.168748590058595,clk_core,VALIDATED
748,g_chan[1].u_cdc_chw.mem[8][12]$_DFFE_PP_,4.17,1.03,0.0012514099414053029,4.168748590058595,clk_core,VALIDATED
743,g_chan[1].u_cdc_chw.mem[12][12]$_DFFE_PP_,4.17,1.03,0.0012325649501632105,4.168767435049837,clk_core,VALIDATED
744,g_chan[1].u_cdc_chw.mem[13][12]$_DFFE_PP_,4.17,1.03,0.0012280771685668906,4.168771922831433,clk_core,VALIDATED
741,g_chan[1].u_cdc_chw.mem[10][12]$_DFFE_PP_,4.17,1.03,0.001227852222858164,4.168772147777141,clk_core,VALIDATED
742,g_chan[1].u_cdc_chw.mem[11][12]$_DFFE_PP_,4.17,1.03,0.001227852222858164,4.168772147777141,clk_core,VALIDATED
745,g_chan[1].u_cdc_chw.mem[14][12]$_DFFE_PP_,4.17,1.03,0.0012133950342426147,4.168786604965757,clk_core,VALIDATED
746,g_chan[1].u_cdc_chw.mem[15][12]$_DFFE_PP_,4.17,1.03,0.0012133950342426147,4.168786604965757,clk_core,VALIDATED
764,g_chan[1].u_cdc_chw.mem[12][16]$_DFFE_PP_,4.18,1.03,0.0012631579111167662,4.178736842088883,clk_core,VALIDATED
762,g_chan[1].u_cdc_chw.mem[15][16]$_DFFE_PP_,4.18,1.03,0.001257756712039329,4.17874224328796,clk_core,VALIDATED
760,g_chan[1].u_cdc_chw.mem[13][16]$_DFFE_PP_,4.18,1.03,0.001257756712039329,4.17874224328796,clk_core,VALIDATED
761,g_chan[1].u_cdc_chw.mem[14][16]$_DFFE_PP_,4.18,1.03,0.001257756712039329,4.17874224328796,clk_core,VALIDATED
759,g_chan[1].u_cdc_chw.mem[10][16]$_DFFE_PP_,4.18,1.03,0.001257756712039329,4.17874224328796,clk_core,VALIDATED
757,g_chan[1].u_cdc_chw.mem[14][19]$_DFFE_PP_,4.18,1.03,0.0012437115917528496,4.1787562884082465,clk_core,VALIDATED
755,g_chan[1].u_cdc_chw.mem[12][19]$_DFFE_PP_,4.18,1.03,0.0012437115917528496,4.1787562884082465,clk_core,VALIDATED
754,g_chan[1].u_cdc_chw.mem[10][19]$_DFFE_PP_,4.18,1.03,0.0012437115917528496,4.1787562884082465,clk_core,VALIDATED
758,g_chan[1].u_cdc_chw.mem[15][19]$_DFFE_PP_,4.18,1.03,0.0012437115917528496,4.1787562884082465,clk_core,VALIDATED
756,g_chan[1].u_cdc_chw.mem[13][19]$_DFFE_PP_,4.18,1.03,0.0012437115917528496,4.1787562884082465,clk_core,VALIDATED
752,c_cmd_addr[25]$_DFFE_PN0N_,4.18,1.1,0.0012130014541363032,4.178786998545863,clk_core,VALIDATED
763,c_cmd_addr[12]$_DFFE_PN0N_,4.18,1.1,0.0012130014541363032,4.178786998545863,clk_core,VALIDATED
750,c_cmd_addr[0]$_DFFE_PN0N_,4.18,1.1,0.001211749682723355,4.178788250317276,clk_core,VALIDATED
751,c_cmd_addr[24]$_DFFE_PN0N_,4.18,1.1,0.001210088272778409,4.178789911727221,clk_core,VALIDATED
753,c_cmd_len[3]$_DFFE_PN0N_,4.18,1.1,0.0012055025214711204,4.1787944974785285,clk_core,VALIDATED
749,c_cmd_len[6]$_DFFE_PN0N_,4.18,1.1,0.001204184033408183,4.178795815966591,clk_core,VALIDATED
767,c_cmd_opcode[7]$_DFFE_PN0N_,4.18,1.09,0.0012038119165800193,4.17879618808342,clk_core,VALIDATED
766,g_chan[1].u_cdc_chw.mem[1][23]$_DFFE_PP_,4.18,1.03,0.0012007821454339956,4.178799217854566,clk_core,VALIDATED
765,g_chan[1].u_cdc_chw.mem[0][23]$_DFFE_PP_,4.18,1.03,0.0012007821454339956,4.178799217854566,clk_core,VALIDATED
772,u_dma_fabric.rbeat_data[28]$_DFFE_PN0P_,4.19,1.01,0.0013213182349308128,4.18867868176507,clk_core,VALIDATED
771,u_dma_fabric.rbeat_data[2]$_DFFE_PN0P_,4.19,1.01,0.001320528718638879,4.188679471281361,clk_core,VALIDATED
770,u_dma_fabric.rbeat_data[7]$_DFFE_PN0P_,4.19,1.01,0.0012796564558732806,4.188720343544127,clk_core,VALIDATED
768,u_dma_fabric.rbeat_data[0]$_DFFE_PN0P_,4.19,1.01,0.0012665350465609487,4.188733464953439,clk_core,VALIDATED
769,u_dma_fabric.rbeat_data[1]$_DFFE_PN0P_,4.19,1.01,0.0012412937043039945,4.188758706295697,clk_core,VALIDATED
785,g_chan[0].u_cdc_chw.mem[9][22]$_DFFE_PP_,4.2,1.0,0.0012926145293400554,4.1987073854706605,clk_core,VALIDATED
777,g_chan[0].u_cdc_chw.mem[0][22]$_DFFE_PP_,4.2,1.0,0.0012926145293400554,4.1987073854706605,clk_core,VALIDATED
781,g_chan[0].u_cdc_chw.mem[1][22]$_DFFE_PP_,4.2,1.0,0.0012926145293400554,4.1987073854706605,clk_core,VALIDATED
782,g_chan[0].u_cdc_chw.mem[2][22]$_DFFE_PP_,4.2,1.0,0.0012926145293400554,4.1987073854706605,clk_core,VALIDATED
783,g_chan[0].u_cdc_chw.mem[3][22]$_DFFE_PP_,4.2,1.0,0.0012926145293400554,4.1987073854706605,clk_core,VALIDATED
784,g_chan[0].u_cdc_chw.mem[8][22]$_DFFE_PP_,4.2,1.0,0.0012926145293400554,4.1987073854706605,clk_core,VALIDATED
779,g_chan[0].u_cdc_chw.mem[12][22]$_DFFE_PP_,4.2,1.0,0.0012906383310270775,4.198709361668973,clk_core,VALIDATED
780,g_chan[0].u_cdc_chw.mem[13][22]$_DFFE_PP_,4.2,1.0,0.0012906383310270775,4.198709361668973,clk_core,VALIDATED
789,g_chan[0].u_cdc_chw.mem[15][22]$_DFFE_PP_,4.2,1.0,0.0012886621327140996,4.1987113378672865,clk_core,VALIDATED
788,g_chan[0].u_cdc_chw.mem[14][22]$_DFFE_PP_,4.2,1.0,0.0012886621327140996,4.1987113378672865,clk_core,VALIDATED
778,g_chan[0].u_cdc_chw.mem[10][22]$_DFFE_PP_,4.2,1.0,0.0012839026461784336,4.198716097353822,clk_core,VALIDATED
797,g_chan[0].u_cdc_chw.mem[7][22]$_DFFE_PP_,4.2,1.0,0.001261416049345515,4.198738583950655,clk_core,VALIDATED
798,g_chan[0].u_cdc_chw.mem[11][22]$_DFFE_PP_,4.2,1.0,0.001261416049345515,4.198738583950655,clk_core,VALIDATED
796,g_chan[0].u_cdc_chw.mem[6][22]$_DFFE_PP_,4.2,1.0,0.001261416049345515,4.198738583950655,clk_core,VALIDATED
794,g_chan[0].u_cdc_chw.mem[4][22]$_DFFE_PP_,4.2,1.0,0.001261416049345515,4.198738583950655,clk_core,VALIDATED
795,g_chan[0].u_cdc_chw.mem[5][22]$_DFFE_PP_,4.2,1.0,0.001261416049345515,4.198738583950655,clk_core,VALIDATED
792,g_chan[0].u_cdc_chw.mem[4][18]$_DFFE_PP_,4.2,1.0,0.0012542096250705154,4.19874579037493,clk_core,VALIDATED
793,g_chan[0].u_cdc_chw.mem[5][18]$_DFFE_PP_,4.2,1.0,0.0012542096250705154,4.19874579037493,clk_core,VALIDATED
790,g_chan[1].u_cdc_chw.mem[3][22]$_DFFE_PP_,4.2,1.0,0.0012023736220662662,4.198797626377934,clk_core,VALIDATED
791,g_chan[1].u_cdc_chw.mem[7][22]$_DFFE_PP_,4.2,1.0,0.0012023736220662662,4.198797626377934,clk_core,VALIDATED
774,g_chan[1].u_cdc_chw.mem[2][22]$_DFFE_PP_,4.2,1.0,0.0012000077878185841,4.198799992212182,clk_core,VALIDATED
776,g_chan[1].u_cdc_chw.mem[5][22]$_DFFE_PP_,4.2,1.0,0.0012000077878185841,4.198799992212182,clk_core,VALIDATED
773,g_chan[1].u_cdc_chw.mem[0][22]$_DFFE_PP_,4.2,1.0,0.0011977261689122137,4.198802273831088,clk_core,VALIDATED
775,g_chan[1].u_cdc_chw.mem[4][22]$_DFFE_PP_,4.2,1.0,0.0011977261689122137,4.198802273831088,clk_core,VALIDATED
799,c_cmd_opcode[3]$_DFFE_PN0N_,4.2,1.07,0.0011923991444240528,4.198807600855576,clk_core,VALIDATED
787,g_chan[1].u_cdc_chw.mem[1][22]$_DFFE_PP_,4.2,1.0,0.0011916227242252872,4.198808377275775,clk_core,VALIDATED
800,c_cmd_opcode[4]$_DFFE_PN0N_,4.2,1.07,0.0011876526436648271,4.198812347356335,clk_core,VALIDATED
786,g_chan[1].u_cdc_chw.mem[11][22]$_DFFE_PP_,4.2,1.0,0.0011865920289863968,4.198813407971014,clk_core,VALIDATED
13,g_chan[0].u_cdc_chr.rq2_wgray[1]$_DFF_PN0_,4.29,0.99,0.0011481762930643999,4.288851823706936,clk_core,VALIDATED
1,g_chan[0].u_cdc_chr.rbin[1]$_DFF_PN0_,4.29,0.99,0.0011481762930643999,4.288851823706936,clk_core,VALIDATED
2,g_chan[0].u_cdc_chr.rbin[2]$_DFF_PN0_,4.29,0.99,0.0011481762930643999,4.288851823706936,clk_core,VALIDATED
3,g_chan[0].u_cdc_chr.rbin[3]$_DFF_PN0_,4.29,0.99,0.0011481762930643999,4.288851823706936,clk_core,VALIDATED
4,u_dma_fabric.rbeat_data[10]$_DFFE_PN0P_,4.29,0.99,0.0011481762930643999,4.288851823706936,clk_core,VALIDATED
5,u_dma_fabric.rbeat_data[15]$_DFFE_PN0P_,4.29,0.99,0.0011481762930643999,4.288851823706936,clk_core,VALIDATED
6,g_chan[0].u_cdc_chr.rgray[0]$_DFF_PN0_,4.29,0.99,0.0011481762930643999,4.288851823706936,clk_core,VALIDATED
7,g_chan[0].u_cdc_chr.rq1_wgray[0]$_DFF_PN0_,4.29,0.99,0.0011481762930643999,4.288851823706936,clk_core,VALIDATED
8,g_chan[0].u_cdc_chr.rq1_wgray[1]$_DFF_PN0_,4.29,0.99,0.0011481762930643999,4.288851823706936,clk_core,VALIDATED
9,g_chan[0].u_cdc_chr.rq1_wgray[2]$_DFF_PN0_,4.29,0.99,0.0011481762930643999,4.288851823706936,clk_core,VALIDATED
10,g_chan[0].u_cdc_chr.rq1_wgray[3]$_DFF_PN0_,4.29,0.99,0.0011481762930643999,4.288851823706936,clk_core,VALIDATED
11,g_chan[0].u_cdc_chr.rq1_wgray[4]$_DFF_PN0_,4.29,0.99,0.0011481762930643999,4.288851823706936,clk_core,VALIDATED
12,g_chan[0].u_cdc_chr.rq2_wgray[0]$_DFF_PN0_,4.29,0.99,0.0011481762930643999,4.288851823706936,clk_core,VALIDATED
0,g_chan[0].u_cdc_chr.rbin[0]$_DFF_PN0_,4.29,0.99,0.0011481762930643999,4.288851823706936,clk_core,VALIDATED
14,g_chan[0].u_cdc_chr.rbin[4]$_DFF_PN0_,4.29,0.99,0.0011476448088793,4.28885235519112,clk_core,VALIDATED
15,g_chan[0].u_cdc_chr.rgray[1]$_DFF_PN0_,4.29,0.99,0.0011476448088793,4.28885235519112,clk_core,VALIDATED
16,g_chan[0].u_cdc_chr.rgray[2]$_DFF_PN0_,4.29,0.99,0.0011476448088793,4.28885235519112,clk_core,VALIDATED
17,g_chan[0].u_cdc_chr.rgray[3]$_DFF_PN0_,4.29,0.99,0.0011476448088793,4.28885235519112,clk_core,VALIDATED
18,g_chan[0].u_cdc_chr.rq2_wgray[2]$_DFF_PN0_,4.29,0.99,0.0011476448088793,4.28885235519112,clk_core,VALIDATED
20,g_chan[0].u_cdc_chr.rq2_wgray[4]$_DFF_PN0_,4.29,0.99,0.0011476448088793,4.28885235519112,clk_core,VALIDATED
19,g_chan[0].u_cdc_chr.rq2_wgray[3]$_DFF_PN0_,4.29,0.99,0.0011476448088793,4.28885235519112,clk_core,VALIDATED
21,g_chan[0].u_cdc_chr.rd_empty$_DFF_PN1_,4.41,0.87,0.0009975461062726246,4.409002453893727,clk_core,VALIDATED
28,u_dma_fabric.rbeat_data[9]$_DFFE_PN0P_,4.42,0.87,0.001005736159554127,4.418994263840446,clk_core,VALIDATED
25,u_dma_fabric.rbeat_data[16]$_DFFE_PN0P_,4.42,0.87,0.001005736159554127,4.418994263840446,clk_core,VALIDATED
26,u_dma_fabric.rbeat_data[17]$_DFFE_PN0P_,4.42,0.87,0.001005736159554127,4.418994263840446,clk_core,VALIDATED
27,u_dma_fabric.rbeat_data[20]$_DFFE_PN0P_,4.42,0.87,0.001005736159554127,4.418994263840446,clk_core,VALIDATED
24,u_dma_fabric.rbeat_data[14]$_DFFE_PN0P_,4.42,0.87,0.001005736159554127,4.418994263840446,clk_core,VALIDATED
23,u_dma_fabric.rbeat_data[13]$_DFFE_PN0P_,4.42,0.87,0.001005736159554127,4.418994263840446,clk_core,VALIDATED
22,u_dma_fabric.rbeat_data[12]$_DFFE_PN0P_,4.42,0.87,0.001005736159554127,4.418994263840446,clk_core,VALIDATED
29,u_dma_fabric.rbeat_data[11]$_DFFE_PN0P_,4.42,0.87,0.0010031915691921384,4.4189968084308076,clk_core,VALIDATED
31,u_dma_fabric.rbeat_data[21]$_DFFE_PN0P_,4.42,0.87,0.0010031915691921384,4.4189968084308076,clk_core,VALIDATED
30,u_dma_fabric.rbeat_data[19]$_DFFE_PN0P_,4.42,0.87,0.0010031915691921384,4.4189968084308076,clk_core,VALIDATED
35,u_dma_fabric.rbeat_data[18]$_DFFE_PN0P_,4.42,0.87,0.0010024873649842822,4.418997512635015,clk_core,VALIDATED
37,u_dma_fabric.rbeat_data[25]$_DFFE_PN0P_,4.42,0.87,0.0010024873649842822,4.418997512635015,clk_core,VALIDATED
41,u_dma_fabric.rbeat_data[8]$_DFFE_PN0P_,4.42,0.87,0.0010024873649842822,4.418997512635015,clk_core,VALIDATED
36,u_dma_fabric.rbeat_data[24]$_DFFE_PN0P_,4.42,0.87,0.0010024873649842822,4.418997512635015,clk_core,VALIDATED
38,u_dma_fabric.rbeat_data[31]$_DFFE_PN0P_,4.42,0.87,0.0010024873649842822,4.418997512635015,clk_core,VALIDATED
40,u_dma_fabric.rbeat_data[7]$_DFFE_PN0P_,4.42,0.87,0.0010024873649842822,4.418997512635015,clk_core,VALIDATED
39,u_dma_fabric.rbeat_data[6]$_DFFE_PN0P_,4.42,0.87,0.0010024873649842822,4.418997512635015,clk_core,VALIDATED
42,u_dma_fabric.rbeat_data[22]$_DFFE_PN0P_,4.42,0.87,0.0010009426849762956,4.418999057315023,clk_core,VALIDATED
34,u_dma_fabric.rbeat_data[5]$_DFFE_PN0P_,4.42,0.87,0.0009999703562825757,4.419000029643717,clk_core,VALIDATED
33,u_dma_fabric.rbeat_data[4]$_DFFE_PN0P_,4.42,0.87,0.0009999703562825757,4.419000029643717,clk_core,VALIDATED
32,u_dma_fabric.rbeat_data[27]$_DFFE_PN0P_,4.42,0.87,0.0009999703562825757,4.419000029643717,clk_core,VALIDATED
62,g_chan[1].u_cdc_chcmd.wq2_rgray[4]$_DFF_PN0_,4.47,0.82,0.0009417772313522754,4.4690582227686475,clk_core,VALIDATED
59,g_chan[1].u_cdc_chcmd.wgray[0]$_DFF_PN0_,4.47,0.82,0.0009417772313522754,4.4690582227686475,clk_core,VALIDATED
60,g_chan[1].u_cdc_chcmd.wq1_rgray[0]$_DFF_PN0_,4.47,0.82,0.0009417772313522754,4.4690582227686475,clk_core,VALIDATED
61,g_chan[1].u_cdc_chcmd.wq1_rgray[3]$_DFF_PN0_,4.47,0.82,0.0009417772313522754,4.4690582227686475,clk_core,VALIDATED
43,g_chan[1].u_cdc_chcmd.wq1_rgray[1]$_DFF_PN0_,4.47,0.82,0.0009417772313522754,4.4690582227686475,clk_core,VALIDATED
46,g_chan[1].u_cdc_chcmd.wq2_rgray[3]$_DFF_PN0_,4.47,0.82,0.0009417772313522754,4.4690582227686475,clk_core,VALIDATED
44,g_chan[1].u_cdc_chcmd.wq2_rgray[0]$_DFF_PN0_,4.47,0.82,0.0009417772313522754,4.4690582227686475,clk_core,VALIDATED
45,g_chan[1].u_cdc_chcmd.wq2_rgray[1]$_DFF_PN0_,4.47,0.82,0.0009417772313522754,4.4690582227686475,clk_core,VALIDATED
48,g_chan[1].u_cdc_chcmd.wbin[1]$_DFF_PN0_,4.47,0.82,0.0009397620406123158,4.469060237959387,clk_core,VALIDATED
47,g_chan[1].u_cdc_chcmd.wbin[0]$_DFF_PN0_,4.47,0.82,0.0009397620406123158,4.469060237959387,clk_core,VALIDATED
53,g_chan[1].u_cdc_chcmd.wq1_rgray[4]$_DFF_PN0_,4.47,0.82,0.0009397620406123158,4.469060237959387,clk_core,VALIDATED
54,g_chan[1].u_cdc_chcmd.wgray[2]$_DFF_PN0_,4.47,0.82,0.0009397620406123158,4.469060237959387,clk_core,VALIDATED
55,g_chan[1].u_cdc_chcmd.wgray[3]$_DFF_PN0_,4.47,0.82,0.0009397620406123158,4.469060237959387,clk_core,VALIDATED
56,g_chan[1].u_cdc_chcmd.wq1_rgray[2]$_DFF_PN0_,4.47,0.82,0.0009397620406123158,4.469060237959387,clk_core,VALIDATED
57,g_chan[1].u_cdc_chcmd.wq2_rgray[2]$_DFF_PN0_,4.47,0.82,0.0009397620406123158,4.469060237959387,clk_core,VALIDATED
58,g_chan[1].u_cdc_chcmd.wr_full$_DFF_PN0_,4.47,0.82,0.0009397620406123158,4.469060237959387,clk_core,VALIDATED
51,g_chan[1].u_cdc_chcmd.wbin[4]$_DFF_PN0_,4.47,0.82,0.0009397620406123158,4.469060237959387,clk_core,VALIDATED
52,g_chan[1].u_cdc_chcmd.wgray[1]$_DFF_PN0_,4.47,0.82,0.0009397620406123158,4.469060237959387,clk_core,VALIDATED
50,g_chan[1].u_cdc_chcmd.wbin[3]$_DFF_PN0_,4.47,0.82,0.0009397620406123158,4.469060237959387,clk_core,VALIDATED
49,g_chan[1].u_cdc_chcmd.wbin[2]$_DFF_PN0_,4.47,0.82,0.0009397620406123158,4.469060237959387,clk_core,VALIDATED
78,u_cdc_rbeat.wr_full$_DFF_PN0_,4.49,0.8,0.0009289390710641929,4.489071060928936,clk_core,VALIDATED
90,u_cdc_rbeat.wq1_rgray[4]$_DFF_PN0_,4.49,0.8,0.0009259479611416419,4.489074052038859,clk_core,VALIDATED
91,u_cdc_rbeat.wq2_rgray[4]$_DFF_PN0_,4.49,0.8,0.0009259479611416419,4.489074052038859,clk_core,VALIDATED
83,u_cdc_rbeat.wq1_rgray[1]$_DFF_PN0_,4.49,0.8,0.000924417738193968,4.4890755822618065,clk_core,VALIDATED
82,u_cdc_rbeat.wgray[3]$_DFF_PN0_,4.49,0.8,0.000924417738193968,4.4890755822618065,clk_core,VALIDATED
84,u_cdc_rbeat.wq1_rgray[3]$_DFF_PN0_,4.49,0.8,0.000924417738193968,4.4890755822618065,clk_core,VALIDATED
81,u_cdc_rbeat.wgray[2]$_DFF_PN0_,4.49,0.8,0.000924417738193968,4.4890755822618065,clk_core,VALIDATED
76,u_cdc_rbeat.wq2_rgray[1]$_DFF_PN0_,4.49,0.8,0.000924417738193968,4.4890755822618065,clk_core,VALIDATED
75,u_cdc_rbeat.wq1_rgray[2]$_DFF_PN0_,4.49,0.8,0.000924417738193968,4.4890755822618065,clk_core,VALIDATED
74,u_cdc_rbeat.wbin[4]$_DFF_PN0_,4.49,0.8,0.000924417738193968,4.4890755822618065,clk_core,VALIDATED
77,u_cdc_rbeat.wq2_rgray[2]$_DFF_PN0_,4.49,0.8,0.000924417738193968,4.4890755822618065,clk_core,VALIDATED
73,u_cdc_rbeat.wbin[3]$_DFF_PN0_,4.49,0.8,0.000924417738193968,4.4890755822618065,clk_core,VALIDATED
72,u_cdc_rbeat.wbin[2]$_DFF_PN0_,4.49,0.8,0.000924417738193968,4.4890755822618065,clk_core,VALIDATED
80,u_cdc_rbeat.wgray[1]$_DFF_PN0_,4.49,0.8,0.000924417738193968,4.4890755822618065,clk_core,VALIDATED
79,u_cdc_rbeat.wgray[0]$_DFF_PN0_,4.49,0.8,0.000924417738193968,4.4890755822618065,clk_core,VALIDATED
85,u_cdc_rbeat.wq2_rgray[0]$_DFF_PN0_,4.49,0.8,0.000924417738193968,4.4890755822618065,clk_core,VALIDATED
86,u_cdc_rbeat.wq2_rgray[3]$_DFF_PN0_,4.49,0.8,0.000924417738193968,4.4890755822618065,clk_core,VALIDATED
87,u_cdc_rbeat.wbin[0]$_DFF_PN0_,4.49,0.8,0.000924417738193968,4.4890755822618065,clk_core,VALIDATED
89,u_cdc_rbeat.wq1_rgray[0]$_DFF_PN0_,4.49,0.8,0.000924417738193968,4.4890755822618065,clk_core,VALIDATED
88,u_cdc_rbeat.wbin[1]$_DFF_PN0_,4.49,0.8,0.000924417738193968,4.4890755822618065,clk_core,VALIDATED
68,u_dma_fabric.rbeat_data[23]$_DFFE_PN0P_,4.49,0.8,0.0009187721224692205,4.489081227877531,clk_core,VALIDATED
69,u_dma_fabric.rbeat_data[29]$_DFFE_PN0P_,4.49,0.8,0.0009187721224692205,4.489081227877531,clk_core,VALIDATED
70,u_dma_fabric.rbeat_data[30]$_DFFE_PN0P_,4.49,0.8,0.0009187721224692205,4.489081227877531,clk_core,VALIDATED
71,u_dma_fabric.rbeat_data[28]$_DFFE_PN0P_,4.49,0.8,0.0009179581411082188,4.489082041858892,clk_core,VALIDATED
66,u_dma_fabric.rbeat_data[2]$_DFFE_PN0P_,4.49,0.8,0.0009169471011701916,4.48908305289883,clk_core,VALIDATED
64,u_dma_fabric.rbeat_data[1]$_DFFE_PN0P_,4.49,0.8,0.0009169471011701916,4.48908305289883,clk_core,VALIDATED
65,u_dma_fabric.rbeat_data[26]$_DFFE_PN0P_,4.49,0.8,0.0009169471011701916,4.48908305289883,clk_core,VALIDATED
63,u_dma_fabric.rbeat_data[0]$_DFFE_PN0P_,4.49,0.8,0.0009169471011701916,4.48908305289883,clk_core,VALIDATED
67,u_dma_fabric.rbeat_data[3]$_DFFE_PN0P_,4.49,0.8,0.0009169471011701916,4.48908305289883,clk_core,VALIDATED
99,u_seq_core.beats_left[30]$_DFFE_PN0P_,4.54,0.75,0.0008476145733806242,4.539152385426619,clk_core,VALIDATED
96,u_seq_core.beats_left[27]$_DFFE_PN0P_,4.54,0.75,0.0008469496669846546,4.539153050333016,clk_core,VALIDATED
94,u_seq_core.beats_left[25]$_DFFE_PN0P_,4.54,0.75,0.0008469496669846546,4.539153050333016,clk_core,VALIDATED
93,u_seq_core.beats_left[22]$_DFFE_PN0P_,4.54,0.75,0.0008469496669846546,4.539153050333016,clk_core,VALIDATED
98,u_seq_core.beats_left[29]$_DFFE_PN0P_,4.54,0.75,0.0008469496669846546,4.539153050333016,clk_core,VALIDATED
92,u_seq_core.beats_left[21]$_DFFE_PN0P_,4.54,0.75,0.0008469496669846546,4.539153050333016,clk_core,VALIDATED
95,u_seq_core.beats_left[26]$_DFFE_PN0P_,4.54,0.75,0.0008469496669846546,4.539153050333016,clk_core,VALIDATED
97,u_seq_core.beats_left[28]$_DFFE_PN0P_,4.54,0.75,0.0008464512608496455,4.539153548739151,clk_core,VALIDATED
100,g_chan[1].u_cdc_chw.wbin[2]$_DFF_PN0_,4.56,0.73,0.0008378169445247968,4.5591621830554745,clk_core,VALIDATED
108,g_chan[1].u_cdc_chw.wbin[3]$_DFF_PN0_,4.56,0.73,0.0008377061332563024,4.559162293866743,clk_core,VALIDATED
107,g_chan[1].u_cdc_chw.wbin[1]$_DFF_PN0_,4.56,0.73,0.0008377061332563024,4.559162293866743,clk_core,VALIDATED
111,g_chan[1].u_cdc_chw.wgray[1]$_DFF_PN0_,4.56,0.73,0.0008377061332563024,4.559162293866743,clk_core,VALIDATED
110,g_chan[1].u_cdc_chw.wgray[0]$_DFF_PN0_,4.56,0.73,0.0008377061332563024,4.559162293866743,clk_core,VALIDATED
109,g_chan[1].u_cdc_chw.wbin[4]$_DFF_PN0_,4.56,0.73,0.0008377061332563024,4.559162293866743,clk_core,VALIDATED
106,g_chan[1].u_cdc_chw.wbin[0]$_DFF_PN0_,4.56,0.73,0.0008377061332563024,4.559162293866743,clk_core,VALIDATED
112,g_chan[1].u_cdc_chw.wq1_rgray[1]$_DFF_PN0_,4.56,0.73,0.0008377061332563024,4.559162293866743,clk_core,VALIDATED
115,g_chan[1].u_cdc_chw.wq2_rgray[3]$_DFF_PN0_,4.56,0.73,0.0008373836820249059,4.559162616317975,clk_core,VALIDATED
113,g_chan[1].u_cdc_chw.wq2_rgray[0]$_DFF_PN0_,4.56,0.73,0.0008373836820249059,4.559162616317975,clk_core,VALIDATED
114,g_chan[1].u_cdc_chw.wq2_rgray[1]$_DFF_PN0_,4.56,0.73,0.0008373836820249059,4.559162616317975,clk_core,VALIDATED
105,g_chan[1].u_cdc_chw.wq1_rgray[2]$_DFF_PN0_,4.56,0.73,0.0008373308351249803,4.559162669164874,clk_core,VALIDATED
101,g_chan[1].u_cdc_chw.wgray[2]$_DFF_PN0_,4.56,0.73,0.0008371142038750348,4.559162885796124,clk_core,VALIDATED
102,g_chan[1].u_cdc_chw.wgray[3]$_DFF_PN0_,4.56,0.73,0.0008371142038750348,4.559162885796124,clk_core,VALIDATED
103,g_chan[1].u_cdc_chw.wq1_rgray[3]$_DFF_PN0_,4.56,0.73,0.0008371142038750348,4.559162885796124,clk_core,VALIDATED
104,g_chan[1].u_cdc_chw.wq2_rgray[2]$_DFF_PN0_,4.56,0.73,0.0008371142038750348,4.559162885796124,clk_core,VALIDATED
116,u_seq_core.op_q[0]$_DFFE_PN0P_,4.56,0.73,0.0008322615539208059,4.559167738446079,clk_core,VALIDATED
117,u_seq_core.addr_q[21]$_DFFE_PN0P_,4.57,0.72,0.0008209943186902116,4.56917900568131,clk_core,VALIDATED
119,u_seq_core.addr_q[2]$_DFFE_PN0P_,4.57,0.72,0.000818973013763824,4.569181026986237,clk_core,VALIDATED
122,u_seq_core.addr_q[31]$_DFFE_PN0P_,4.57,0.72,0.000818973013763824,4.569181026986237,clk_core,VALIDATED
123,u_seq_core.addr_q[6]$_DFFE_PN0P_,4.57,0.72,0.000818973013763824,4.569181026986237,clk_core,VALIDATED
124,u_seq_core.addr_q[8]$_DFFE_PN0P_,4.57,0.72,0.000818973013763824,4.569181026986237,clk_core,VALIDATED
121,u_seq_core.addr_q[20]$_DFFE_PN0P_,4.57,0.72,0.000818973013763824,4.569181026986237,clk_core,VALIDATED
125,u_seq_core.addr_q[9]$_DFFE_PN0P_,4.57,0.72,0.000818973013763824,4.569181026986237,clk_core,VALIDATED
118,u_seq_core.addr_q[26]$_DFFE_PN0P_,4.57,0.72,0.0008188177439981403,4.569181182256002,clk_core,VALIDATED
120,u_seq_core.addr_q[7]$_DFFE_PN0P_,4.57,0.72,0.0008188177439981403,4.569181182256002,clk_core,VALIDATED
126,g_chan[1].u_cdc_chr.rd_empty$_DFF_PN1_,4.58,0.71,0.0008144839332374226,4.5791855160667625,clk_core,VALIDATED
127,u_dma_fabric.rr_ptr$_DFFE_PN0P_,4.58,0.71,0.0008112419484178068,4.579188758051583,clk_core,VALIDATED
131,u_dma_fabric.rbeat_valid$_DFFE_PN0P_,4.59,0.71,0.0008153835359463631,4.5891846164640535,clk_core,VALIDATED
142,g_chan[1].u_cdc_chr.rbin[3]$_DFF_PN0_,4.59,0.71,0.0008144839332374226,4.589185516066762,clk_core,VALIDATED
147,g_chan[1].u_cdc_chr.rq2_wgray[4]$_DFF_PN0_,4.59,0.71,0.0008144839332374226,4.589185516066762,clk_core,VALIDATED
146,g_chan[1].u_cdc_chr.rq2_wgray[2]$_DFF_PN0_,4.59,0.71,0.0008144839332374226,4.589185516066762,clk_core,VALIDATED
128,g_chan[1].u_cdc_chr.rgray[2]$_DFF_PN0_,4.59,0.71,0.0008144839332374226,4.589185516066762,clk_core,VALIDATED
129,g_chan[1].u_cdc_chr.rgray[3]$_DFF_PN0_,4.59,0.71,0.0008144839332374226,4.589185516066762,clk_core,VALIDATED
144,g_chan[1].u_cdc_chr.rq1_wgray[2]$_DFF_PN0_,4.59,0.71,0.0008144839332374226,4.589185516066762,clk_core,VALIDATED
143,g_chan[1].u_cdc_chr.rbin[4]$_DFF_PN0_,4.59,0.71,0.0008144839332374226,4.589185516066762,clk_core,VALIDATED
130,g_chan[1].u_cdc_chr.rq2_wgray[3]$_DFF_PN0_,4.59,0.71,0.0008144839332374226,4.589185516066762,clk_core,VALIDATED
141,g_chan[1].u_cdc_chr.rbin[2]$_DFF_PN0_,4.59,0.71,0.0008144839332374226,4.589185516066762,clk_core,VALIDATED
140,g_chan[1].u_cdc_chr.rbin[1]$_DFF_PN0_,4.59,0.71,0.0008144839332374226,4.589185516066762,clk_core,VALIDATED
139,g_chan[1].u_cdc_chr.rbin[0]$_DFF_PN0_,4.59,0.71,0.0008144839332374226,4.589185516066762,clk_core,VALIDATED
145,g_chan[1].u_cdc_chr.rq2_wgray[0]$_DFF_PN0_,4.59,0.71,0.0008144839332374226,4.589185516066762,clk_core,VALIDATED
137,g_chan[1].u_cdc_chr.rq1_wgray[4]$_DFF_PN0_,4.59,0.71,0.0008135218493215378,4.589186478150678,clk_core,VALIDATED
135,g_chan[1].u_cdc_chr.rq1_wgray[1]$_DFF_PN0_,4.59,0.71,0.0008135218493215378,4.589186478150678,clk_core,VALIDATED
136,g_chan[1].u_cdc_chr.rq1_wgray[3]$_DFF_PN0_,4.59,0.71,0.0008135218493215378,4.589186478150678,clk_core,VALIDATED
134,g_chan[1].u_cdc_chr.rq1_wgray[0]$_DFF_PN0_,4.59,0.71,0.0008135218493215378,4.589186478150678,clk_core,VALIDATED
133,g_chan[1].u_cdc_chr.rgray[1]$_DFF_PN0_,4.59,0.71,0.0008135218493215378,4.589186478150678,clk_core,VALIDATED
138,g_chan[1].u_cdc_chr.rq2_wgray[1]$_DFF_PN0_,4.59,0.71,0.0008135218493215378,4.589186478150678,clk_core,VALIDATED
132,g_chan[1].u_cdc_chr.rgray[0]$_DFF_PN0_,4.59,0.71,0.0008135218493215378,4.589186478150678,clk_core,VALIDATED
160,c_cmd_addr[25]$_DFFE_PN0N_,4.6,0.76,0.0008583507563940385,4.599141649243606,clk_core,VALIDATED
159,c_cmd_addr[24]$_DFFE_PN0N_,4.6,0.76,0.0008583507563940385,4.599141649243606,clk_core,VALIDATED
162,u_cdc_cmd.rbin[0]$_DFF_PN0_,4.6,0.76,0.0008583507563940385,4.599141649243606,clk_core,VALIDATED
163,u_cdc_cmd.rgray[0]$_DFF_PN0_,4.6,0.76,0.0008583507563940385,4.599141649243606,clk_core,VALIDATED
157,u_cdc_cmd.rq2_wgray[3]$_DFF_PN0_,4.6,0.76,0.0008577319820351967,4.599142268017965,clk_core,VALIDATED
154,u_cdc_cmd.rq1_wgray[3]$_DFF_PN0_,4.6,0.76,0.0008577319820351967,4.599142268017965,clk_core,VALIDATED
156,u_cdc_cmd.rq2_wgray[2]$_DFF_PN0_,4.6,0.76,0.0008577319820351967,4.599142268017965,clk_core,VALIDATED
158,u_cdc_cmd.rq2_wgray[4]$_DFF_PN0_,4.6,0.76,0.0008577319820351967,4.599142268017965,clk_core,VALIDATED
155,u_cdc_cmd.rq1_wgray[4]$_DFF_PN0_,4.6,0.76,0.0008577319820351967,4.599142268017965,clk_core,VALIDATED
149,u_cdc_cmd.rbin[3]$_DFF_PN0_,4.6,0.76,0.0008577319820351967,4.599142268017965,clk_core,VALIDATED
151,u_cdc_cmd.rgray[2]$_DFF_PN0_,4.6,0.76,0.0008577319820351967,4.599142268017965,clk_core,VALIDATED
152,u_cdc_cmd.rgray[3]$_DFF_PN0_,4.6,0.76,0.0008577319820351967,4.599142268017965,clk_core,VALIDATED
150,u_cdc_cmd.rbin[4]$_DFF_PN0_,4.6,0.76,0.0008577319820351967,4.599142268017965,clk_core,VALIDATED
148,u_cdc_cmd.rbin[1]$_DFF_PN0_,4.6,0.76,0.0008577319820351967,4.599142268017965,clk_core,VALIDATED
153,u_cdc_cmd.rq1_wgray[2]$_DFF_PN0_,4.6,0.76,0.0008577319820351967,4.599142268017965,clk_core,VALIDATED
167,u_cdc_cmd.rq1_wgray[1]$_DFF_PN0_,4.6,0.76,0.0008568630701201521,4.59914313692988,clk_core,VALIDATED
168,u_cdc_cmd.rq2_wgray[0]$_DFF_PN0_,4.6,0.76,0.0008568630701201521,4.59914313692988,clk_core,VALIDATED
165,u_cdc_cmd.rgray[1]$_DFF_PN0_,4.6,0.76,0.0008568630701201521,4.59914313692988,clk_core,VALIDATED
166,u_cdc_cmd.rq1_wgray[0]$_DFF_PN0_,4.6,0.76,0.0008568630701201521,4.59914313692988,clk_core,VALIDATED
169,u_cdc_cmd.rq2_wgray[1]$_DFF_PN0_,4.6,0.76,0.0008568630701201521,4.59914313692988,clk_core,VALIDATED
164,u_cdc_cmd.rbin[2]$_DFF_PN0_,4.6,0.76,0.0008568630701201521,4.59914313692988,clk_core,VALIDATED
161,c_cmd_valid$_DFF_PN0_,4.6,0.76,0.000856412943676943,4.599143587056322,clk_core,VALIDATED
170,u_cdc_cmd.rd_empty$_DFF_PN1_,4.6,0.76,0.000856412943676943,4.599143587056322,clk_core,VALIDATED
175,c_cmd_len[7]$_DFFE_PN0N_,4.61,0.75,0.0008460781254438082,4.609153921874556,clk_core,VALIDATED
172,c_cmd_len[2]$_DFFE_PN0N_,4.61,0.75,0.0008460781254438082,4.609153921874556,clk_core,VALIDATED
174,c_cmd_len[6]$_DFFE_PN0N_,4.61,0.75,0.0008460781254438082,4.609153921874556,clk_core,VALIDATED
173,c_cmd_len[4]$_DFFE_PN0N_,4.61,0.75,0.0008460781254438082,4.609153921874556,clk_core,VALIDATED
177,c_cmd_len[0]$_DFFE_PN0N_,4.61,0.75,0.000845319165893546,4.609154680834107,clk_core,VALIDATED
179,c_cmd_len[3]$_DFFE_PN0N_,4.61,0.75,0.000845319165893546,4.609154680834107,clk_core,VALIDATED
178,c_cmd_len[1]$_DFFE_PN0N_,4.61,0.75,0.000845319165893546,4.609154680834107,clk_core,VALIDATED
182,c_cmd_len[9]$_DFFE_PN0N_,4.61,0.75,0.0008446410055775525,4.609155358994423,clk_core,VALIDATED
181,c_cmd_len[8]$_DFFE_PN0N_,4.61,0.75,0.0008446410055775525,4.609155358994423,clk_core,VALIDATED
180,c_cmd_len[5]$_DFFE_PN0N_,4.61,0.75,0.0008446410055775525,4.609155358994423,clk_core,VALIDATED
176,c_cmd_addr[23]$_DFFE_PN0N_,4.61,0.75,0.0008446410055775525,4.609155358994423,clk_core,VALIDATED
171,c_cmd_len[10]$_DFFE_PN0N_,4.61,0.75,0.0008425956396408488,4.609157404360359,clk_core,VALIDATED
195,u_seq_core.ecc_en_q$_DFFE_PN0P_,4.62,0.67,0.0007612395251790499,4.619238760474821,clk_core,VALIDATED
191,u_ecc_engine.vpipe[0]$_DFF_PN0_,4.62,0.67,0.0007609703764147706,4.619239029623586,clk_core,VALIDATED
193,u_ecc_engine.vpipe[2]$_DFF_PN0_,4.62,0.67,0.0007609703764147706,4.619239029623586,clk_core,VALIDATED
192,u_ecc_engine.vpipe[1]$_DFF_PN0_,4.62,0.67,0.0007609703764147706,4.619239029623586,clk_core,VALIDATED
187,g_chan[0].u_cdc_chcmd.wbin[4]$_DFF_PN0_,4.62,0.67,0.0007605675603526568,4.619239432439647,clk_core,VALIDATED
189,g_chan[0].u_cdc_chcmd.wq1_rgray[1]$_DFF_PN0_,4.62,0.67,0.0007605675603526568,4.619239432439647,clk_core,VALIDATED
183,g_chan[0].u_cdc_chcmd.wr_full$_DFF_PN0_,4.62,0.67,0.0007605675603526568,4.619239432439647,clk_core,VALIDATED
190,g_chan[0].u_cdc_chcmd.wq2_rgray[1]$_DFF_PN0_,4.62,0.67,0.0007605675603526568,4.619239432439647,clk_core,VALIDATED
188,g_chan[0].u_cdc_chcmd.wgray[0]$_DFF_PN0_,4.62,0.67,0.0007605675603526568,4.619239432439647,clk_core,VALIDATED
194,u_seq_core.ch_cmd_valid$_DFF_PN0_,4.62,0.67,0.0007605211422171063,4.619239478857783,clk_core,VALIDATED
185,g_chan[0].u_cdc_chcmd.wgray[1]$_DFF_PN0_,4.62,0.67,0.0007602193396818273,4.619239780660318,clk_core,VALIDATED
184,g_chan[0].u_cdc_chcmd.wbin[3]$_DFF_PN0_,4.62,0.67,0.0007602193396818273,4.619239780660318,clk_core,VALIDATED
186,u_seq_core.done$_DFFE_PN0P_,4.62,0.67,0.0007598027592551626,4.619240197240745,clk_core,VALIDATED
197,c_cmd_addr[7]$_DFFE_PN0N_,4.65,0.72,0.0008168054821119305,4.649183194517889,clk_core,VALIDATED
196,c_cmd_addr[6]$_DFFE_PN0N_,4.65,0.72,0.0008168054821119305,4.649183194517889,clk_core,VALIDATED
198,c_cmd_addr[9]$_DFFE_PN0N_,4.65,0.72,0.0008168054821119305,4.649183194517889,clk_core,VALIDATED
199,c_cmd_addr[8]$_DFFE_PN0N_,4.65,0.72,0.0008145534984152977,4.649185446501585,clk_core,VALIDATED
202,u_cdc_wbeat.rbin[1]$_DFF_PN0_,4.65,0.64,0.0007332956032159894,4.649266704396784,clk_core,VALIDATED
201,u_cdc_wbeat.rbin[0]$_DFF_PN0_,4.65,0.64,0.0007332956032159894,4.649266704396784,clk_core,VALIDATED
205,u_cdc_wbeat.rbin[3]$_DFF_PN0_,4.65,0.64,0.0007332956032159894,4.649266704396784,clk_core,VALIDATED
204,u_cdc_wbeat.rbin[4]$_DFF_PN0_,4.65,0.64,0.0007332956032159894,4.649266704396784,clk_core,VALIDATED
203,u_cdc_wbeat.rbin[2]$_DFF_PN0_,4.65,0.64,0.0007332956032159894,4.649266704396784,clk_core,VALIDATED
207,u_seq_core.chan_q$_DFFE_PN0P_,4.65,0.64,0.0007323027907565408,4.649267697209244,clk_core,VALIDATED
206,g_chan[1].u_cdc_chw.wr_full$_DFF_PN0_,4.65,0.64,0.0007320100922413898,4.649267989907759,clk_core,VALIDATED
200,u_cdc_wbeat.rd_empty$_DFF_PN1_,4.65,0.64,0.0007280484127144791,4.649271951587286,clk_core,VALIDATED
280,g_chan[0].u_cdc_chw.wq2_rgray[0]$_DFF_PN0_,4.66,0.63,0.000745185432785702,4.659254814567214,clk_core,VALIDATED
286,g_chan[0].u_cdc_chw.wq1_rgray[0]$_DFF_PN0_,4.66,0.63,0.0007402197614480091,4.6592597802385525,clk_core,VALIDATED
285,g_chan[0].u_cdc_chw.wgray[1]$_DFF_PN0_,4.66,0.63,0.0007402197614480091,4.6592597802385525,clk_core,VALIDATED
281,g_chan[0].u_cdc_chw.wbin[0]$_DFF_PN0_,4.66,0.63,0.0007402197614480091,4.6592597802385525,clk_core,VALIDATED
284,g_chan[0].u_cdc_chw.wgray[0]$_DFF_PN0_,4.66,0.63,0.0007402197614480091,4.6592597802385525,clk_core,VALIDATED
283,g_chan[0].u_cdc_chw.wbin[4]$_DFF_PN0_,4.66,0.63,0.0007402197614480091,4.6592597802385525,clk_core,VALIDATED
282,g_chan[0].u_cdc_chw.wbin[1]$_DFF_PN0_,4.66,0.63,0.0007402197614480091,4.6592597802385525,clk_core,VALIDATED
208,g_chan[0].u_cdc_chw.wr_full$_DFF_PN0_,4.66,0.64,0.0007322570859130025,4.659267742914087,clk_core,VALIDATED
246,g_chan[0].u_cdc_chw.wq1_rgray[1]$_DFF_PN0_,4.66,0.63,0.0007287610517305483,4.6592712389482696,clk_core,VALIDATED
250,g_chan[0].u_cdc_chw.wq2_rgray[3]$_DFF_PN0_,4.66,0.63,0.0007287610517305483,4.6592712389482696,clk_core,VALIDATED
251,g_chan[0].u_cdc_chw.wq2_rgray[4]$_DFF_PN0_,4.66,0.63,0.0007287610517305483,4.6592712389482696,clk_core,VALIDATED
267,g_chan[0].u_cdc_chw.wq1_rgray[2]$_DFF_PN0_,4.66,0.63,0.0007287610517305483,4.6592712389482696,clk_core,VALIDATED
247,g_chan[0].u_cdc_chw.wq1_rgray[3]$_DFF_PN0_,4.66,0.63,0.0007287610517305483,4.6592712389482696,clk_core,VALIDATED
268,g_chan[0].u_cdc_chw.wq2_rgray[2]$_DFF_PN0_,4.66,0.63,0.0007287610517305483,4.6592712389482696,clk_core,VALIDATED
249,g_chan[0].u_cdc_chw.wq2_rgray[1]$_DFF_PN0_,4.66,0.63,0.0007287610517305483,4.6592712389482696,clk_core,VALIDATED
248,g_chan[0].u_cdc_chw.wq1_rgray[4]$_DFF_PN0_,4.66,0.63,0.0007287610517305483,4.6592712389482696,clk_core,VALIDATED
221,u_cdc_wbeat.rq1_wgray[3]$_DFF_PN0_,4.66,0.64,0.0007282219381721453,4.659271778061828,clk_core,VALIDATED
214,u_cdc_wbeat.rgray[0]$_DFF_PN0_,4.66,0.64,0.0007282219381721453,4.659271778061828,clk_core,VALIDATED
226,u_cdc_wbeat.rq2_wgray[3]$_DFF_PN0_,4.66,0.64,0.0007282219381721453,4.659271778061828,clk_core,VALIDATED
220,u_cdc_wbeat.rq1_wgray[2]$_DFF_PN0_,4.66,0.64,0.0007282219381721453,4.659271778061828,clk_core,VALIDATED
222,u_cdc_wbeat.rq1_wgray[4]$_DFF_PN0_,4.66,0.64,0.0007282219381721453,4.659271778061828,clk_core,VALIDATED
219,u_cdc_wbeat.rq1_wgray[1]$_DFF_PN0_,4.66,0.64,0.0007282219381721453,4.659271778061828,clk_core,VALIDATED
218,u_cdc_wbeat.rq1_wgray[0]$_DFF_PN0_,4.66,0.64,0.0007282219381721453,4.659271778061828,clk_core,VALIDATED
217,u_cdc_wbeat.rgray[3]$_DFF_PN0_,4.66,0.64,0.0007282219381721453,4.659271778061828,clk_core,VALIDATED
216,u_cdc_wbeat.rgray[2]$_DFF_PN0_,4.66,0.64,0.0007282219381721453,4.659271778061828,clk_core,VALIDATED
215,u_cdc_wbeat.rgray[1]$_DFF_PN0_,4.66,0.64,0.0007282219381721453,4.659271778061828,clk_core,VALIDATED
223,u_cdc_wbeat.rq2_wgray[0]$_DFF_PN0_,4.66,0.64,0.0007282219381721453,4.659271778061828,clk_core,VALIDATED
225,u_cdc_wbeat.rq2_wgray[2]$_DFF_PN0_,4.66,0.64,0.0007282219381721453,4.659271778061828,clk_core,VALIDATED
224,u_cdc_wbeat.rq2_wgray[1]$_DFF_PN0_,4.66,0.64,0.0007282219381721453,4.659271778061828,clk_core,VALIDATED
227,u_cdc_wbeat.rq2_wgray[4]$_DFF_PN0_,4.66,0.64,0.0007282219381721453,4.659271778061828,clk_core,VALIDATED
256,g_chan[0].u_cdc_chw.wgray[3]$_DFF_PN0_,4.66,0.63,0.0007278648294430957,4.659272135170557,clk_core,VALIDATED
255,g_chan[0].u_cdc_chw.wgray[2]$_DFF_PN0_,4.66,0.63,0.0007278648294430957,4.659272135170557,clk_core,VALIDATED
232,g_chan[0].u_cdc_chcmd.wq1_rgray[3]$_DFF_PN0_,4.66,0.64,0.0007275623333792315,4.659272437666621,clk_core,VALIDATED
234,u_seq_core.mask_q[1]$_DFFE_PN0P_,4.66,0.64,0.0007275623333792315,4.659272437666621,clk_core,VALIDATED
233,u_seq_core.mask_q[0]$_DFFE_PN0P_,4.66,0.64,0.0007275623333792315,4.659272437666621,clk_core,VALIDATED
244,u_seq_core.op_q[4]$_DFFE_PN0P_,4.66,0.64,0.0007275623333792315,4.659272437666621,clk_core,VALIDATED
243,u_seq_core.op_q[2]$_DFFE_PN0P_,4.66,0.64,0.0007275623333792315,4.659272437666621,clk_core,VALIDATED
245,u_seq_core.op_q[5]$_DFFE_PN0P_,4.66,0.64,0.0007275623333792315,4.659272437666621,clk_core,VALIDATED
231,g_chan[0].u_cdc_chcmd.wq1_rgray[2]$_DFF_PN0_,4.66,0.64,0.0007275623333792315,4.659272437666621,clk_core,VALIDATED
240,u_seq_core.addr_q[30]$_DFFE_PN0P_,4.66,0.63,0.000719593659874989,4.659280406340125,clk_core,VALIDATED
241,u_seq_core.addr_q[4]$_DFFE_PN0P_,4.66,0.63,0.000719593659874989,4.659280406340125,clk_core,VALIDATED
210,u_seq_core.addr_q[3]$_DFFE_PN0P_,4.66,0.63,0.0007184003826134905,4.659281599617387,clk_core,VALIDATED
211,u_seq_core.addr_q[5]$_DFFE_PN0P_,4.66,0.63,0.0007184003826134905,4.659281599617387,clk_core,VALIDATED
212,u_seq_core.addr_q[11]$_DFFE_PN0P_,4.66,0.63,0.0007184003826134905,4.659281599617387,clk_core,VALIDATED
209,u_seq_core.addr_q[10]$_DFFE_PN0P_,4.66,0.63,0.0007184003826134905,4.659281599617387,clk_core,VALIDATED
213,u_seq_core.addr_q[27]$_DFFE_PN0P_,4.66,0.63,0.0007184003826134905,4.659281599617387,clk_core,VALIDATED
230,u_seq_core.addr_q[23]$_DFFE_PN0P_,4.66,0.63,0.0007149543163000802,4.6592850456837,clk_core,VALIDATED
228,u_seq_core.addr_q[14]$_DFFE_PN0P_,4.66,0.63,0.0007149543163000802,4.6592850456837,clk_core,VALIDATED
229,u_seq_core.addr_q[22]$_DFFE_PN0P_,4.66,0.63,0.0007149543163000802,4.6592850456837,clk_core,VALIDATED
269,u_seq_core.beats_left[2]$_DFFE_PN0P_,4.66,0.63,0.0007142446185759224,4.659285755381425,clk_core,VALIDATED
279,u_seq_core.beats_left[24]$_DFFE_PN0P_,4.66,0.63,0.000714148427693375,4.659285851572307,clk_core,VALIDATED
277,u_seq_core.beats_left[18]$_DFFE_PN0P_,4.66,0.63,0.000714148427693375,4.659285851572307,clk_core,VALIDATED
276,u_seq_core.beats_left[17]$_DFFE_PN0P_,4.66,0.63,0.000714148427693375,4.659285851572307,clk_core,VALIDATED
275,u_seq_core.beats_left[16]$_DFFE_PN0P_,4.66,0.63,0.000714148427693375,4.659285851572307,clk_core,VALIDATED
278,u_seq_core.beats_left[23]$_DFFE_PN0P_,4.66,0.63,0.000714148427693375,4.659285851572307,clk_core,VALIDATED
264,u_seq_core.beats_left[6]$_DFFE_PN0P_,4.66,0.63,0.0007141463388268196,4.659285853661173,clk_core,VALIDATED
262,u_seq_core.beats_left[3]$_DFFE_PN0P_,4.66,0.63,0.0007141463388268196,4.659285853661173,clk_core,VALIDATED
265,u_seq_core.beats_left[7]$_DFFE_PN0P_,4.66,0.63,0.0007141463388268196,4.659285853661173,clk_core,VALIDATED
263,u_seq_core.beats_left[4]$_DFFE_PN0P_,4.66,0.63,0.0007141463388268196,4.659285853661173,clk_core,VALIDATED
266,u_seq_core.op_q[6]$_DFFE_PN0P_,4.66,0.63,0.0007141463388268196,4.659285853661173,clk_core,VALIDATED
259,u_seq_core.beats_left[15]$_DFFE_PN0P_,4.66,0.63,0.0007138757133566299,4.659286124286644,clk_core,VALIDATED
258,u_seq_core.beats_left[14]$_DFFE_PN0P_,4.66,0.63,0.0007138757133566299,4.659286124286644,clk_core,VALIDATED
260,u_seq_core.beats_left[5]$_DFFE_PN0P_,4.66,0.63,0.0007138757133566299,4.659286124286644,clk_core,VALIDATED
257,u_seq_core.beats_left[0]$_DFFE_PN0P_,4.66,0.63,0.0007138757133566299,4.659286124286644,clk_core,VALIDATED
242,u_seq_core.addr_q[19]$_DFFE_PN0P_,4.66,0.63,0.00071384024724086,4.659286159752759,clk_core,VALIDATED
235,u_seq_core.beats_left[11]$_DFFE_PN0P_,4.66,0.63,0.0007136735276890988,4.659286326472311,clk_core,VALIDATED
273,u_seq_core.addr_q[25]$_DFFE_PN0P_,4.66,0.63,0.000713448417088005,4.6592865515829125,clk_core,VALIDATED
272,u_seq_core.addr_q[1]$_DFFE_PN0P_,4.66,0.63,0.000713448417088005,4.6592865515829125,clk_core,VALIDATED
274,u_seq_core.beats_left[1]$_DFFE_PN0P_,4.66,0.63,0.000713448417088005,4.6592865515829125,clk_core,VALIDATED
270,u_seq_core.addr_q[17]$_DFFE_PN0P_,4.66,0.63,0.000713448417088005,4.6592865515829125,clk_core,VALIDATED
271,u_seq_core.addr_q[18]$_DFFE_PN0P_,4.66,0.63,0.000713448417088005,4.6592865515829125,clk_core,VALIDATED
252,u_seq_core.beats_left[10]$_DFFE_PN0P_,4.66,0.63,0.0007133044985981885,4.659286695501402,clk_core,VALIDATED
254,u_seq_core.beats_left[9]$_DFFE_PN0P_,4.66,0.63,0.0007133044985981885,4.659286695501402,clk_core,VALIDATED
253,u_seq_core.beats_left[8]$_DFFE_PN0P_,4.66,0.63,0.0007133044985981885,4.659286695501402,clk_core,VALIDATED
261,u_seq_core.beats_left[19]$_DFFE_PN0P_,4.66,0.63,0.0007124850843521525,4.659287514915648,clk_core,VALIDATED
237,u_seq_core.beats_left[13]$_DFFE_PN0P_,4.66,0.63,0.0007122828986846214,4.659287717101315,clk_core,VALIDATED
236,u_seq_core.beats_left[12]$_DFFE_PN0P_,4.66,0.63,0.0007122828986846214,4.659287717101315,clk_core,VALIDATED
238,u_seq_core.beats_left[20]$_DFFE_PN0P_,4.66,0.63,0.0007122828986846214,4.659287717101315,clk_core,VALIDATED
239,u_seq_core.beats_left[31]$_DFFE_PN0P_,4.66,0.63,0.0007122828986846214,4.659287717101315,clk_core,VALIDATED
290,g_chan[0].u_cdc_chw.wbin[3]$_DFF_PN0_,4.67,0.63,0.0007390699090800319,4.66926093009092,clk_core,VALIDATED
289,g_chan[0].u_cdc_chw.wbin[2]$_DFF_PN0_,4.67,0.63,0.0007390699090800319,4.66926093009092,clk_core,VALIDATED
291,g_chan[1].u_cdc_chw.wq1_rgray[4]$_DFF_PN0_,4.67,0.63,0.0007222247395070568,4.669277775260493,clk_core,VALIDATED
287,g_chan[1].u_cdc_chw.wq1_rgray[0]$_DFF_PN0_,4.67,0.63,0.0007213899869012684,4.669278610013099,clk_core,VALIDATED
288,g_chan[1].u_cdc_chw.wq2_rgray[4]$_DFF_PN0_,4.67,0.63,0.0007213899869012684,4.669278610013099,clk_core,VALIDATED
293,u_seq_core.op_q[3]$_DFFE_PN0P_,4.67,0.63,0.0007173424162180767,4.669282657583782,clk_core,VALIDATED
292,u_seq_core.op_q[1]$_DFFE_PN0P_,4.67,0.63,0.0007173424162180767,4.669282657583782,clk_core,VALIDATED
298,c_cmd_ecc_en$_DFFE_PN0N_,4.69,0.67,0.0007589811782519607,4.689241018821749,clk_core,VALIDATED
295,c_cmd_chan$_DFFE_PN0N_,4.69,0.67,0.0007589508363572972,4.689241049163643,clk_core,VALIDATED
296,c_cmd_chmask[0]$_DFFE_PN0N_,4.69,0.67,0.0007584699520180524,4.689241530047982,clk_core,VALIDATED
294,c_cmd_addr[17]$_DFFE_PN0N_,4.69,0.67,0.0007584699520180524,4.689241530047982,clk_core,VALIDATED
299,c_cmd_opcode[0]$_DFFE_PN0N_,4.69,0.67,0.0007584699520180524,4.689241530047982,clk_core,VALIDATED
300,c_cmd_opcode[1]$_DFFE_PN0N_,4.69,0.67,0.0007584699520180524,4.689241530047982,clk_core,VALIDATED
301,c_cmd_opcode[2]$_DFFE_PN0N_,4.69,0.67,0.0007584699520180524,4.689241530047982,clk_core,VALIDATED
297,c_cmd_chmask[1]$_DFFE_PN0N_,4.69,0.67,0.0007584699520180524,4.689241530047982,clk_core,VALIDATED
302,c_cmd_opcode[4]$_DFFE_PN0N_,4.69,0.67,0.0007584699520180524,4.689241530047982,clk_core,VALIDATED
303,u_seq_core.addr_q[28]$_DFFE_PN0P_,4.7,0.6,0.000687330314674231,4.699312669685326,clk_core,VALIDATED
316,c_cmd_addr[1]$_DFFE_PN0N_,4.73,0.63,0.0007133347385414462,4.729286665261459,clk_core,VALIDATED
315,c_cmd_addr[18]$_DFFE_PN0N_,4.73,0.63,0.0007133347385414462,4.729286665261459,clk_core,VALIDATED
314,c_cmd_addr[15]$_DFFE_PN0N_,4.73,0.63,0.0007133347385414462,4.729286665261459,clk_core,VALIDATED
312,c_cmd_addr[12]$_DFFE_PN0N_,4.73,0.63,0.0007133347385414462,4.729286665261459,clk_core,VALIDATED
313,c_cmd_addr[13]$_DFFE_PN0N_,4.73,0.63,0.0007133347385414462,4.729286665261459,clk_core,VALIDATED
310,c_cmd_opcode[5]$_DFFE_PN0N_,4.73,0.63,0.0007130567332485904,4.729286943266752,clk_core,VALIDATED
311,c_cmd_opcode[7]$_DFFE_PN0N_,4.73,0.63,0.0007130567332485904,4.729286943266752,clk_core,VALIDATED
308,c_cmd_addr[0]$_DFFE_PN0N_,4.73,0.63,0.0007130567332485904,4.729286943266752,clk_core,VALIDATED
309,c_cmd_addr[19]$_DFFE_PN0N_,4.73,0.63,0.0007130567332485904,4.729286943266752,clk_core,VALIDATED
304,c_cmd_addr[14]$_DFFE_PN0N_,4.73,0.63,0.0007124238151740639,4.729287576184826,clk_core,VALIDATED
307,c_cmd_opcode[6]$_DFFE_PN0N_,4.73,0.63,0.0007124238151740639,4.729287576184826,clk_core,VALIDATED
306,c_cmd_opcode[3]$_DFFE_PN0N_,4.73,0.63,0.0007124238151740639,4.729287576184826,clk_core,VALIDATED
305,c_cmd_addr[2]$_DFFE_PN0N_,4.73,0.63,0.0007124238151740639,4.729287576184826,clk_core,VALIDATED
317,c_cmd_addr[16]$_DFFE_PN0N_,4.73,0.63,0.0007120244490683089,4.729287975550932,clk_core,VALIDATED
318,u_seq_core.addr_q[29]$_DFFE_PN0P_,4.74,0.56,0.0006414710279649648,4.739358528972035,clk_core,VALIDATED
339,g_chan[0].u_cdc_chcmd.wq2_rgray[3]$_DFF_PN0_,4.75,0.55,0.000625380535203085,4.749374619464797,clk_core,VALIDATED
338,g_chan[0].u_cdc_chcmd.wq2_rgray[0]$_DFF_PN0_,4.75,0.55,0.000625380535203085,4.749374619464797,clk_core,VALIDATED
337,g_chan[0].u_cdc_chcmd.wq1_rgray[0]$_DFF_PN0_,4.75,0.55,0.000625380535203085,4.749374619464797,clk_core,VALIDATED
336,g_chan[0].u_cdc_chcmd.wq2_rgray[2]$_DFF_PN0_,4.75,0.55,0.000625380535203085,4.749374619464797,clk_core,VALIDATED
333,u_seq_core.state[0]$_DFFE_PN0P_,4.75,0.55,0.0006250810703760032,4.749374918929624,clk_core,VALIDATED
334,u_seq_core.state[1]$_DFFE_PN0P_,4.75,0.55,0.0006250810703760032,4.749374918929624,clk_core,VALIDATED
335,u_seq_core.state[2]$_DFFE_PN0P_,4.75,0.55,0.0006250810703760032,4.749374918929624,clk_core,VALIDATED
328,g_chan[0].u_cdc_chcmd.wq1_rgray[4]$_DFF_PN0_,4.75,0.55,0.0006247346542884689,4.749375265345711,clk_core,VALIDATED
329,g_chan[0].u_cdc_chcmd.wq2_rgray[4]$_DFF_PN0_,4.75,0.55,0.0006247346542884689,4.749375265345711,clk_core,VALIDATED
326,g_chan[0].u_cdc_chcmd.wgray[3]$_DFF_PN0_,4.75,0.55,0.0006247346542884689,4.749375265345711,clk_core,VALIDATED
325,g_chan[0].u_cdc_chcmd.wgray[2]$_DFF_PN0_,4.75,0.55,0.0006247346542884689,4.749375265345711,clk_core,VALIDATED
327,g_chan[0].u_cdc_chcmd.wbin[2]$_DFF_PN0_,4.75,0.55,0.0006244351894613871,4.7493755648105385,clk_core,VALIDATED
323,u_seq_core.addr_q[13]$_DFFE_PN0P_,4.75,0.55,0.0006244187647170586,4.749375581235283,clk_core,VALIDATED
324,u_seq_core.addr_q[24]$_DFFE_PN0P_,4.75,0.55,0.0006244187647170586,4.749375581235283,clk_core,VALIDATED
319,u_seq_core.addr_q[15]$_DFFE_PN0P_,4.75,0.55,0.0006240720839718779,4.749375927916028,clk_core,VALIDATED
320,u_seq_core.addr_q[0]$_DFFE_PN0P_,4.75,0.55,0.0006239770528597872,4.74937602294714,clk_core,VALIDATED
322,u_seq_core.addr_q[16]$_DFFE_PN0P_,4.75,0.55,0.0006239770528597872,4.74937602294714,clk_core,VALIDATED
321,u_seq_core.addr_q[12]$_DFFE_PN0P_,4.75,0.55,0.0006239770528597872,4.74937602294714,clk_core,VALIDATED
331,g_chan[0].u_cdc_chcmd.wbin[0]$_DFF_PN0_,4.75,0.55,0.0006234337730845266,4.749376566226916,clk_core,VALIDATED
332,g_chan[0].u_cdc_chcmd.wbin[1]$_DFF_PN0_,4.75,0.55,0.0006234337730845266,4.749376566226916,clk_core,VALIDATED
330,u_seq_core.op_q[7]$_DFFE_PN0P_,4.75,0.55,0.0006234337730845266,4.749376566226916,clk_core,VALIDATED
350,c_cmd_addr[5]$_DFFE_PN0N_,4.81,0.56,0.0006375407632918523,4.8093624592367075,clk_core,VALIDATED
345,c_cmd_addr[21]$_DFFE_PN0N_,4.81,0.56,0.0006375407632918523,4.8093624592367075,clk_core,VALIDATED
349,c_cmd_addr[4]$_DFFE_PN0N_,4.81,0.56,0.0006375407632918523,4.8093624592367075,clk_core,VALIDATED
343,c_cmd_addr[10]$_DFFE_PN0N_,4.81,0.56,0.0006375407632918523,4.8093624592367075,clk_core,VALIDATED
344,c_cmd_addr[11]$_DFFE_PN0N_,4.81,0.56,0.0006375407632918523,4.8093624592367075,clk_core,VALIDATED
347,c_cmd_addr[30]$_DFFE_PN0N_,4.81,0.56,0.0006375407632918523,4.8093624592367075,clk_core,VALIDATED
346,c_cmd_addr[26]$_DFFE_PN0N_,4.81,0.56,0.0006375407632918523,4.8093624592367075,clk_core,VALIDATED
348,c_cmd_addr[3]$_DFFE_PN0N_,4.81,0.56,0.0006375407632918523,4.8093624592367075,clk_core,VALIDATED
342,c_cmd_addr[29]$_DFFE_PN0N_,4.81,0.56,0.0006373997735364748,4.809362600226463,clk_core,VALIDATED
340,c_cmd_addr[27]$_DFFE_PN0N_,4.81,0.56,0.0006373997735364748,4.809362600226463,clk_core,VALIDATED
341,c_cmd_addr[28]$_DFFE_PN0N_,4.81,0.56,0.0006373997735364748,4.809362600226463,clk_core,VALIDATED
351,c_cmd_addr[20]$_DFFE_PN0N_,4.82,0.55,0.0006237761782514548,4.819376223821749,clk_core,VALIDATED
353,c_cmd_len[26]$_DFFE_PN0N_,4.82,0.55,0.0006237761782514548,4.819376223821749,clk_core,VALIDATED
354,c_cmd_len[27]$_DFFE_PN0N_,4.82,0.55,0.0006237761782514548,4.819376223821749,clk_core,VALIDATED
352,c_cmd_addr[31]$_DFFE_PN0N_,4.82,0.55,0.0006237761782514548,4.819376223821749,clk_core,VALIDATED
355,c_cmd_len[29]$_DFFE_PN0N_,4.82,0.55,0.0006237761782514548,4.819376223821749,clk_core,VALIDATED
372,c_cmd_len[28]$_DFFE_PN0N_,4.82,0.55,0.0006206234450343573,4.8193793765549655,clk_core,VALIDATED
374,c_cmd_len[31]$_DFFE_PN0N_,4.82,0.55,0.0006206234450343573,4.8193793765549655,clk_core,VALIDATED
369,c_cmd_addr[22]$_DFFE_PN0N_,4.82,0.55,0.0006206234450343573,4.8193793765549655,clk_core,VALIDATED
370,c_cmd_len[11]$_DFFE_PN0N_,4.82,0.55,0.0006206234450343573,4.8193793765549655,clk_core,VALIDATED
371,c_cmd_len[21]$_DFFE_PN0N_,4.82,0.55,0.0006206234450343573,4.8193793765549655,clk_core,VALIDATED
373,c_cmd_len[30]$_DFFE_PN0N_,4.82,0.55,0.0006206234450343573,4.8193793765549655,clk_core,VALIDATED
361,c_cmd_len[17]$_DFFE_PN0N_,4.82,0.55,0.00061892351867808,4.8193810764813225,clk_core,VALIDATED
363,c_cmd_len[19]$_DFFE_PN0N_,4.82,0.55,0.00061892351867808,4.8193810764813225,clk_core,VALIDATED
357,c_cmd_len[13]$_DFFE_PN0N_,4.82,0.55,0.00061892351867808,4.8193810764813225,clk_core,VALIDATED
359,c_cmd_len[15]$_DFFE_PN0N_,4.82,0.55,0.00061892351867808,4.8193810764813225,clk_core,VALIDATED
358,c_cmd_len[14]$_DFFE_PN0N_,4.82,0.55,0.00061892351867808,4.8193810764813225,clk_core,VALIDATED
356,c_cmd_len[12]$_DFFE_PN0N_,4.82,0.55,0.00061892351867808,4.8193810764813225,clk_core,VALIDATED
368,c_cmd_len[25]$_DFFE_PN0N_,4.82,0.55,0.00061892351867808,4.8193810764813225,clk_core,VALIDATED
365,c_cmd_len[22]$_DFFE_PN0N_,4.82,0.55,0.00061892351867808,4.8193810764813225,clk_core,VALIDATED
362,c_cmd_len[18]$_DFFE_PN0N_,4.82,0.55,0.00061892351867808,4.8193810764813225,clk_core,VALIDATED
360,c_cmd_len[16]$_DFFE_PN0N_,4.82,0.55,0.00061892351867808,4.8193810764813225,clk_core,VALIDATED
364,c_cmd_len[20]$_DFFE_PN0N_,4.82,0.55,0.00061892351867808,4.8193810764813225,clk_core,VALIDATED
367,c_cmd_len[24]$_DFFE_PN0N_,4.82,0.55,0.00061892351867808,4.8193810764813225,clk_core,VALIDATED
366,c_cmd_len[23]$_DFFE_PN0N_,4.82,0.55,0.00061892351867808,4.8193810764813225,clk_core,VALIDATED
803,u_host_if.repack_q[9]$_DFFE_PN0P_,6.49,3.62,0.004112129835357525,6.4858878701646425,clk_host,VALIDATED
804,u_host_if.repack_q[11]$_DFFE_PN0P_,6.49,3.62,0.004110260319675069,6.485889739680325,clk_host,VALIDATED
809,u_host_if.repack_q[8]$_DFFE_PN0P_,6.49,3.62,0.004110260319675069,6.485889739680325,clk_host,VALIDATED
802,u_host_if.repack_q[1]$_DFFE_PN0P_,6.49,3.62,0.004108390803992612,6.485891609196008,clk_host,VALIDATED
805,u_host_if.repack_q[2]$_DFFE_PN0P_,6.49,3.62,0.004108390803992612,6.485891609196008,clk_host,VALIDATED
808,u_host_if.repack_q[7]$_DFFE_PN0P_,6.49,3.62,0.004108390803992612,6.485891609196008,clk_host,VALIDATED
806,u_host_if.repack_q[5]$_DFFE_PN0P_,6.49,3.62,0.004108390803992612,6.485891609196008,clk_host,VALIDATED
810,u_host_if.repack_q[15]$_DFFE_PN0P_,6.49,3.62,0.004105643548622362,6.485894356451378,clk_host,VALIDATED
807,u_host_if.repack_q[6]$_DFFE_PN0P_,6.49,3.62,0.004103974107435154,6.485896025892565,clk_host,VALIDATED
812,u_host_if.repack_q[4]$_DFFE_PN0P_,6.49,3.62,0.004101226852064904,6.485898773147936,clk_host,VALIDATED
801,u_host_if.repack_q[13]$_DFFE_PN0P_,6.49,3.62,0.004099557410877697,6.485900442589123,clk_host,VALIDATED
811,u_host_if.repack_q[16]$_DFFE_PN0P_,6.49,3.62,0.004098280101367924,6.485901719898632,clk_host,VALIDATED
816,u_host_if.repack_q[3]$_DFFE_PN0P_,6.49,3.62,0.0040968101555074465,6.4859031898444925,clk_host,VALIDATED
814,u_host_if.repack_q[12]$_DFFE_PN0P_,6.49,3.62,0.004093863404810466,6.485906136595189,clk_host,VALIDATED
813,u_host_if.repack_q[10]$_DFFE_PN0P_,6.49,3.62,0.004093863404810466,6.485906136595189,clk_host,VALIDATED
815,u_host_if.repack_q[19]$_DFFE_PN0P_,6.49,3.62,0.004090747582806226,6.485909252417194,clk_host,VALIDATED
826,u_host_if.reg_len[11]$_DFFE_PN0P_,6.53,3.58,0.004046010843452297,6.525953989156548,clk_host,VALIDATED
827,u_host_if.reg_len[9]$_DFFE_PN0P_,6.53,3.58,0.004042746208317988,6.525957253791682,clk_host,VALIDATED
838,u_host_if.reg_len[5]$_DFFE_PN0P_,6.53,3.58,0.004027865852954782,6.525972134147046,clk_host,VALIDATED
828,u_host_if.reg_len[29]$_DFFE_PN0P_,6.53,3.58,0.004026000435378901,6.525973999564622,clk_host,VALIDATED
831,u_host_if.reg_len[27]$_DFFE_PN0P_,6.53,3.58,0.004026000435378901,6.525973999564622,clk_host,VALIDATED
830,u_host_if.reg_len[26]$_DFFE_PN0P_,6.53,3.58,0.004026000435378901,6.525973999564622,clk_host,VALIDATED
835,u_host_if.reg_len[7]$_DFFE_PN0P_,6.53,3.58,0.004022882393111493,6.525977117606889,clk_host,VALIDATED
834,u_host_if.reg_len[6]$_DFFE_PN0P_,6.53,3.58,0.004022054534034369,6.525977945465966,clk_host,VALIDATED
833,u_host_if.reg_len[4]$_DFFE_PN0P_,6.53,3.58,0.004020298173586012,6.525979701826414,clk_host,VALIDATED
832,u_host_if.reg_len[28]$_DFFE_PN0P_,6.53,3.58,0.004017442877303934,6.525982557122696,clk_host,VALIDATED
829,u_host_if.reg_len[10]$_DFFE_PN0P_,6.53,3.58,0.004009207301165274,6.525990792698835,clk_host,VALIDATED
836,u_host_if.reg_len[2]$_DFFE_PN0P_,6.53,3.58,0.003998637722009368,6.526001362277991,clk_host,VALIDATED
837,u_host_if.reg_len[8]$_DFFE_PN0P_,6.53,3.58,0.003998637722009368,6.526001362277991,clk_host,VALIDATED
817,u_host_if.reg_len[14]$_DFFE_PN0P_,6.53,3.58,0.003983970665998038,6.526016029334002,clk_host,VALIDATED
823,u_host_if.reg_len[20]$_DFFE_PN0P_,6.53,3.58,0.003978336144038613,6.526021663855961,clk_host,VALIDATED
824,u_host_if.reg_len[21]$_DFFE_PN0P_,6.53,3.58,0.0039745978916790325,6.5260254021083215,clk_host,VALIDATED
825,u_host_if.reg_len[31]$_DFFE_PN0P_,6.53,3.58,0.0039745978916790325,6.5260254021083215,clk_host,VALIDATED
820,u_host_if.reg_len[13]$_DFFE_PN0P_,6.53,3.58,0.003967800916867048,6.526032199083133,clk_host,VALIDATED
821,u_host_if.reg_len[30]$_DFFE_PN0P_,6.53,3.58,0.003954197810266846,6.526045802189733,clk_host,VALIDATED
822,u_host_if.reg_len[3]$_DFFE_PN0P_,6.53,3.58,0.003953459514223406,6.526046540485777,clk_host,VALIDATED
819,u_host_if.reg_len[1]$_DFFE_PN0P_,6.53,3.58,0.003951363803112673,6.5260486361968875,clk_host,VALIDATED
818,u_host_if.reg_len[0]$_DFFE_PN0P_,6.53,3.58,0.003936930156680951,6.526063069843319,clk_host,VALIDATED
854,u_host_if.reg_addr[3]$_DFFE_PN0P_,6.55,3.56,0.004051070501005061,6.545948929498994,clk_host,VALIDATED
855,u_host_if.reg_addr[4]$_DFFE_PN0P_,6.55,3.56,0.004037230933746028,6.545962769066254,clk_host,VALIDATED
844,u_host_if.reg_addr[11]$_DFFE_PN0P_,6.55,3.56,0.0040370535435729216,6.545962946456427,clk_host,VALIDATED
843,u_host_if.reg_addr[30]$_DFFE_PN0P_,6.55,3.56,0.004033444037959855,6.54596655596204,clk_host,VALIDATED
842,u_host_if.reg_addr[10]$_DFFE_PN0P_,6.55,3.56,0.004033444037959855,6.54596655596204,clk_host,VALIDATED
840,u_host_if.repack_emit$_DFF_PN0_,6.55,3.55,0.004028946782920845,6.545971053217079,clk_host,VALIDATED
845,u_host_if.reg_addr[9]$_DFFE_PN0P_,6.55,3.56,0.00402122885877948,6.54597877114122,clk_host,VALIDATED
853,u_host_if.reg_addr[29]$_DFFE_PN0P_,6.55,3.56,0.0040179760049246505,6.545982023995075,clk_host,VALIDATED
847,u_host_if.reg_addr[28]$_DFFE_PN0P_,6.55,3.56,0.004017158304387536,6.545982841695612,clk_host,VALIDATED
846,u_host_if.reg_addr[26]$_DFFE_PN0P_,6.55,3.56,0.003999996714153631,6.5460000032858465,clk_host,VALIDATED
857,u_host_if.reg_addr[7]$_DFFE_PN0P_,6.55,3.56,0.003999684617631005,6.5460003153823685,clk_host,VALIDATED
848,u_host_if.reg_addr[27]$_DFFE_PN0P_,6.55,3.56,0.00399455685935346,6.546005443140646,clk_host,VALIDATED
856,u_host_if.reg_addr[5]$_DFFE_PN0P_,6.55,3.56,0.003994250641149277,6.546005749358851,clk_host,VALIDATED
849,u_host_if.reg_addr[2]$_DFFE_PN0P_,6.55,3.56,0.003980763877768689,6.546019236122231,clk_host,VALIDATED
852,u_host_if.reg_addr[8]$_DFFE_PN0P_,6.55,3.56,0.0039758720051156216,6.546024127994884,clk_host,VALIDATED
851,u_host_if.reg_addr[6]$_DFFE_PN0P_,6.55,3.56,0.0039758720051156216,6.546024127994884,clk_host,VALIDATED
850,u_host_if.reg_addr[0]$_DFFE_PN0P_,6.55,3.56,0.003943690248588871,6.546056309751411,clk_host,VALIDATED
839,u_host_if.reg_addr[1]$_DFFE_PN0P_,6.55,3.56,0.0039344437040941815,6.546065556295906,clk_host,VALIDATED
841,u_host_if.reg_addr[13]$_DFFE_PN0P_,6.55,3.56,0.0038716369665063866,6.546128363033493,clk_host,VALIDATED
860,u_host_if.repack_q[23]$_DFFE_PN0P_,6.6,3.51,0.0039930398948127,6.596006960105187,clk_host,VALIDATED
863,u_host_if.repack_q[31]$_DFFE_PN0P_,6.6,3.51,0.0039923647745988,6.5960076352254005,clk_host,VALIDATED
858,u_host_if.repack_q[20]$_DFFE_PN0P_,6.6,3.51,0.0039923647745988,6.5960076352254005,clk_host,VALIDATED
861,u_host_if.repack_q[24]$_DFFE_PN0P_,6.6,3.51,0.0039923647745988,6.5960076352254005,clk_host,VALIDATED
862,u_host_if.repack_q[25]$_DFFE_PN0P_,6.6,3.51,0.0039917653863673075,6.596008234613632,clk_host,VALIDATED
859,u_host_if.repack_q[21]$_DFFE_PN0P_,6.6,3.51,0.003985362878718868,6.59601463712128,clk_host,VALIDATED
870,u_host_if.repack_q[22]$_DFFE_PN0P_,6.6,3.51,0.003981858580535957,6.596018141419464,clk_host,VALIDATED
871,u_host_if.repack_q[29]$_DFFE_PN0P_,6.6,3.51,0.003977043131053404,6.596022956868946,clk_host,VALIDATED
872,u_host_if.repack_q[14]$_DFFE_PN0P_,6.6,3.51,0.003977043131053404,6.596022956868946,clk_host,VALIDATED
873,u_host_if.repack_q[27]$_DFFE_PN0P_,6.6,3.51,0.003977043131053404,6.596022956868946,clk_host,VALIDATED
869,u_host_if.repack_q[18]$_DFFE_PN0P_,6.6,3.51,0.003977043131053404,6.596022956868946,clk_host,VALIDATED
868,u_host_if.repack_q[30]$_DFFE_PN0P_,6.6,3.51,0.0039721103699635885,6.596027889630036,clk_host,VALIDATED
866,u_host_if.repack_q[26]$_DFFE_PN0P_,6.6,3.51,0.0039721103699635885,6.596027889630036,clk_host,VALIDATED
867,u_host_if.repack_q[28]$_DFFE_PN0P_,6.6,3.51,0.0039721103699635885,6.596027889630036,clk_host,VALIDATED
865,u_host_if.repack_q[17]$_DFFE_PN0P_,6.6,3.51,0.00397083152532457,6.596029168474675,clk_host,VALIDATED
864,u_host_if.repack_q[0]$_DFFE_PN0P_,6.6,3.51,0.003969911897702849,6.596030088102297,clk_host,VALIDATED
874,u_host_if.reg_len[12]$_DFFE_PN0P_,6.6,3.5,0.003927409029996942,6.596072590970003,clk_host,VALIDATED
875,u_host_if.reg_len[22]$_DFFE_PN0P_,6.6,3.5,0.00391139711327787,6.596088602886722,clk_host,VALIDATED
876,u_host_if.reg_len[16]$_DFFE_PN0P_,6.61,3.5,0.003980537019507735,6.606019462980493,clk_host,VALIDATED
877,u_host_if.reg_len[23]$_DFFE_PN0P_,6.61,3.5,0.003980537019507735,6.606019462980493,clk_host,VALIDATED
878,u_host_if.reg_len[25]$_DFFE_PN0P_,6.61,3.5,0.003980537019507735,6.606019462980493,clk_host,VALIDATED
879,u_host_if.reg_len[18]$_DFFE_PN0P_,6.61,3.5,0.003967768485735879,6.6060322315142646,clk_host,VALIDATED
882,u_host_if.reg_len[17]$_DFFE_PN0P_,6.61,3.5,0.003962998970101439,6.6060370010298985,clk_host,VALIDATED
883,u_host_if.reg_len[24]$_DFFE_PN0P_,6.61,3.5,0.003962998970101439,6.6060370010298985,clk_host,VALIDATED
881,u_host_if.reg_len[19]$_DFFE_PN0P_,6.61,3.5,0.003961177487267431,6.606038822512733,clk_host,VALIDATED
880,u_host_if.reg_len[15]$_DFFE_PN0P_,6.61,3.5,0.003961177487267431,6.606038822512733,clk_host,VALIDATED
886,u_host_if.reg_addr[23]$_DFFE_PN0P_,6.61,3.5,0.0038941435338543107,6.606105856466146,clk_host,VALIDATED
888,u_host_if.reg_addr[20]$_DFFE_PN0P_,6.61,3.5,0.0038872577702865896,6.606112742229714,clk_host,VALIDATED
884,u_host_if.reg_addr[14]$_DFFE_PN0P_,6.61,3.5,0.0038816686931534283,6.606118331306847,clk_host,VALIDATED
890,u_host_if.reg_addr[31]$_DFFE_PN0P_,6.61,3.5,0.003878120980301547,6.606121879019699,clk_host,VALIDATED
889,u_host_if.reg_addr[21]$_DFFE_PN0P_,6.61,3.5,0.003878120980301547,6.606121879019699,clk_host,VALIDATED
887,u_host_if.reg_addr[22]$_DFFE_PN0P_,6.61,3.5,0.003874383016410743,6.60612561698359,clk_host,VALIDATED
885,u_host_if.reg_addr[19]$_DFFE_PN0P_,6.61,3.5,0.0038662242925989743,6.606133775707401,clk_host,VALIDATED
892,u_host_if.reg_addr[17]$_DFFE_PN0P_,6.62,3.49,0.003966734468530242,6.6160332655314695,clk_host,VALIDATED
891,u_host_if.reg_addr[15]$_DFFE_PN0P_,6.62,3.49,0.003966734468530242,6.6160332655314695,clk_host,VALIDATED
893,u_host_if.reg_addr[12]$_DFFE_PN0P_,6.62,3.49,0.003963423722244952,6.6160365762777555,clk_host,VALIDATED
894,u_host_if.reg_addr[16]$_DFFE_PN0P_,6.62,3.49,0.003959872562047273,6.616040127437953,clk_host,VALIDATED
895,u_host_if.reg_addr[25]$_DFFE_PN0P_,6.62,3.49,0.003959872562047273,6.616040127437953,clk_host,VALIDATED
896,u_host_if.reg_addr[18]$_DFFE_PN0P_,6.62,3.49,0.003956321401849594,6.6160436785981505,clk_host,VALIDATED
897,u_host_if.reg_addr[24]$_DFFE_PN0P_,6.62,3.49,0.003956321401849594,6.6160436785981505,clk_host,VALIDATED
901,u_host_if.s_rdata[15]$_DFFE_PN0P_,6.64,3.47,0.004646770920947896,6.635353229079052,clk_host,VALIDATED
900,u_host_if.s_rdata[14]$_DFFE_PN0P_,6.64,3.47,0.004646770920947896,6.635353229079052,clk_host,VALIDATED
902,u_host_if.s_rdata[17]$_DFFE_PN0P_,6.64,3.47,0.004646770920947896,6.635353229079052,clk_host,VALIDATED
913,u_host_if.s_rdata[9]$_DFFE_PN0P_,6.64,3.47,0.004609107630530462,6.635390892369469,clk_host,VALIDATED
910,u_host_if.s_rdata[12]$_DFFE_PN0P_,6.64,3.47,0.004609107630530462,6.635390892369469,clk_host,VALIDATED
911,u_host_if.s_rdata[13]$_DFFE_PN0P_,6.64,3.47,0.004609107630530462,6.635390892369469,clk_host,VALIDATED
912,u_host_if.s_rdata[20]$_DFFE_PN0P_,6.64,3.47,0.004609107630530462,6.635390892369469,clk_host,VALIDATED
908,u_host_if.s_rdata[10]$_DFFE_PN0P_,6.64,3.47,0.004599543401971218,6.6354004565980285,clk_host,VALIDATED
909,u_host_if.s_rdata[11]$_DFFE_PN0P_,6.64,3.47,0.004580414944852729,6.635419585055147,clk_host,VALIDATED
907,u_host_if.s_rdata[8]$_DFFE_PN0P_,6.64,3.47,0.004580414944852729,6.635419585055147,clk_host,VALIDATED
906,u_host_if.s_rdata[7]$_DFFE_PN0P_,6.64,3.47,0.004567596805425622,6.635432403194574,clk_host,VALIDATED
918,u_host_if.s_rdata[19]$_DFFE_PN0P_,6.64,3.46,0.004567214901784078,6.6354327850982155,clk_host,VALIDATED
917,u_host_if.s_rdata[18]$_DFFE_PN0P_,6.64,3.46,0.004567214901784078,6.6354327850982155,clk_host,VALIDATED
916,u_host_if.s_rdata[16]$_DFFE_PN0P_,6.64,3.46,0.004567214901784078,6.6354327850982155,clk_host,VALIDATED
905,u_host_if.s_rdata[6]$_DFFE_PN0P_,6.64,3.47,0.004561187735712069,6.6354388122642876,clk_host,VALIDATED
904,u_host_if.s_rdata[5]$_DFFE_PN0P_,6.64,3.47,0.004561187735712069,6.6354388122642876,clk_host,VALIDATED
903,u_host_if.s_rdata[4]$_DFFE_PN0P_,6.64,3.47,0.004554692813124095,6.635445307186876,clk_host,VALIDATED
899,u_host_if.s_rdata[3]$_DFFE_PN0P_,6.64,3.47,0.004551445351830108,6.635448554648169,clk_host,VALIDATED
898,u_host_if.s_rdata[2]$_DFFE_PN0P_,6.64,3.47,0.004551445351830108,6.635448554648169,clk_host,VALIDATED
915,u_host_if.s_rdata[31]$_DFFE_PN0P_,6.64,3.46,0.00453832879462035,6.6354616712053796,clk_host,VALIDATED
914,u_host_if.s_rdata[21]$_DFFE_PN0P_,6.64,3.46,0.00453832879462035,6.6354616712053796,clk_host,VALIDATED
920,u_host_if.reg_chmask[0]$_DFFE_PN0P_,6.65,3.45,0.003931894895919219,6.6460681051040815,clk_host,VALIDATED
919,u_host_if.reg_chmask[1]$_DFFE_PN0P_,6.65,3.45,0.003931894895919219,6.6460681051040815,clk_host,VALIDATED
921,u_host_if.reg_chan$_DFFE_PN0P_,6.68,3.43,0.003919774117424946,6.676080225882575,clk_host,VALIDATED
922,u_host_if.reg_opcode[1]$_DFFE_PN0P_,6.68,3.43,0.0039001431752319626,6.676099856824767,clk_host,VALIDATED
923,u_host_if.reg_opcode[0]$_DFFE_PN0P_,6.68,3.43,0.0038375196914156584,6.676162480308584,clk_host,VALIDATED
929,u_host_if.reg_opcode[7]$_DFFE_PN0P_,6.69,3.43,0.0038424514082098793,6.68615754859179,clk_host,VALIDATED
927,u_host_if.reg_opcode[3]$_DFFE_PN0P_,6.69,3.43,0.003841819178820094,6.68615818082118,clk_host,VALIDATED
928,u_host_if.reg_opcode[6]$_DFFE_PN0P_,6.69,3.43,0.003841819178820094,6.68615818082118,clk_host,VALIDATED
924,u_host_if.reg_opcode[4]$_DFFE_PN0P_,6.69,3.43,0.0038409346266920497,6.6861590653733085,clk_host,VALIDATED
925,u_host_if.reg_opcode[2]$_DFFE_PN0P_,6.69,3.43,0.003832869301753472,6.686167130698247,clk_host,VALIDATED
926,u_host_if.reg_opcode[5]$_DFFE_PN0P_,6.69,3.43,0.003832869301753472,6.686167130698247,clk_host,VALIDATED
930,u_host_if.reg_ecc_en$_DFFE_PN0P_,6.71,3.4,0.0038622998321591884,6.706137700167841,clk_host,VALIDATED
931,u_host_if.done_sticky$_DFF_PN0_,6.72,3.4,0.0038244550659479737,6.7161755449340514,clk_host,VALIDATED
950,s_rdata[15],6.73,0.27,0.0003450333954553089,6.729654966604545,clk_host,VALIDATED
951,s_rdata[17],6.73,0.27,0.0003450333954553089,6.729654966604545,clk_host,VALIDATED
949,s_rdata[14],6.73,0.27,0.0003450333954553089,6.729654966604545,clk_host,VALIDATED
935,s_rdata[12],6.73,0.27,0.0003403444786079443,6.729659655521393,clk_host,VALIDATED
936,s_rdata[13],6.73,0.27,0.0003403444786079443,6.729659655521393,clk_host,VALIDATED
937,s_rdata[20],6.73,0.27,0.0003403444786079443,6.729659655521393,clk_host,VALIDATED
941,s_rdata[9],6.73,0.27,0.0003403444786079443,6.729659655521393,clk_host,VALIDATED
948,s_rvalid,6.73,0.27,0.000339869133607916,6.729660130866392,clk_host,VALIDATED
933,s_rdata[10],6.73,0.27,0.0003367723632728484,6.729663227636728,clk_host,VALIDATED
946,s_rdata[18],6.73,0.27,0.0003367723632728484,6.729663227636728,clk_host,VALIDATED
945,s_rdata[16],6.73,0.27,0.0003367723632728484,6.729663227636728,clk_host,VALIDATED
947,s_rdata[19],6.73,0.27,0.0003367723632728484,6.729663227636728,clk_host,VALIDATED
934,s_rdata[11],6.73,0.27,0.0003367723632728484,6.729663227636728,clk_host,VALIDATED
956,s_rdata[8],6.73,0.27,0.0003367723632728484,6.729663227636728,clk_host,VALIDATED
955,s_rdata[7],6.73,0.27,0.00033557551106121186,6.72966442448894,clk_host,VALIDATED
953,s_rdata[5],6.73,0.27,0.00033437865884957535,6.729665621341151,clk_host,VALIDATED
952,s_rdata[4],6.73,0.27,0.00033437865884957535,6.729665621341151,clk_host,VALIDATED
954,s_rdata[6],6.73,0.27,0.00033437865884957535,6.729665621341151,clk_host,VALIDATED
965,s_rdata[31],6.73,0.27,0.0003331657741703145,6.72966683422583,clk_host,VALIDATED
964,s_rdata[21],6.73,0.27,0.0003331657741703145,6.72966683422583,clk_host,VALIDATED
962,s_rdata[2],6.73,0.27,0.0003331657741703145,6.72966683422583,clk_host,VALIDATED
963,s_rdata[3],6.73,0.27,0.0003331657741703145,6.72966683422583,clk_host,VALIDATED
942,s_rdata[22],6.73,0.27,0.00033259641626808695,6.729667403583733,clk_host,VALIDATED
944,s_rdata[29],6.73,0.27,0.00033259641626808695,6.729667403583733,clk_host,VALIDATED
943,s_rdata[24],6.73,0.27,0.00033259641626808695,6.729667403583733,clk_host,VALIDATED
939,s_rdata[28],6.73,0.27,0.0003324315317895718,6.729667568468211,clk_host,VALIDATED
958,s_rdata[1],6.73,0.27,0.0003324315317895718,6.729667568468211,clk_host,VALIDATED
957,s_rdata[0],6.73,0.27,0.0003324315317895718,6.729667568468211,clk_host,VALIDATED
940,s_rdata[30],6.73,0.27,0.0003324315317895718,6.729667568468211,clk_host,VALIDATED
938,s_rdata[23],6.73,0.27,0.0003324315317895718,6.729667568468211,clk_host,VALIDATED
961,s_rdata[25],6.73,0.27,0.00033127203913894954,6.729668727960862,clk_host,VALIDATED
959,s_rdata[26],6.73,0.27,0.0003312065142489218,6.729668793485751,clk_host,VALIDATED
960,s_rdata[27],6.73,0.27,0.0003312065142489218,6.729668793485751,clk_host,VALIDATED
932,s_bvalid,6.73,0.27,0.0002965891788115349,6.729703410821189,clk_host,VALIDATED
968,u_host_if.s_rdata[24]$_DFFE_PN0P_,6.74,3.36,0.004385607788566281,6.735614392211434,clk_host,VALIDATED
969,u_host_if.s_rdata[29]$_DFFE_PN0P_,6.74,3.36,0.004385607788566281,6.735614392211434,clk_host,VALIDATED
967,u_host_if.s_rdata[22]$_DFFE_PN0P_,6.74,3.36,0.004385607788566281,6.735614392211434,clk_host,VALIDATED
966,u_host_if.start_pulse$_DFF_PN0_,6.74,3.38,0.003831623592622291,6.736168376407378,clk_host,VALIDATED
970,s_awready,6.75,0.25,0.00027673017621027834,6.7497232698237895,clk_host,VALIDATED
971,s_wready,6.75,0.25,0.00027673017621027834,6.7497232698237895,clk_host,VALIDATED
977,u_host_if.s_rdata[23]$_DFFE_PN0P_,6.76,3.35,0.004371160528365781,6.755628839471634,clk_host,VALIDATED
973,u_host_if.s_rdata[1]$_DFFE_PN0P_,6.76,3.35,0.004371160528365781,6.755628839471634,clk_host,VALIDATED
978,u_host_if.s_rdata[28]$_DFFE_PN0P_,6.76,3.35,0.004371160528365781,6.755628839471634,clk_host,VALIDATED
972,u_host_if.s_rdata[0]$_DFFE_PN0P_,6.76,3.35,0.004371160528365781,6.755628839471634,clk_host,VALIDATED
979,u_host_if.s_rdata[30]$_DFFE_PN0P_,6.76,3.35,0.004371160528365781,6.755628839471634,clk_host,VALIDATED
974,u_host_if.s_rdata[25]$_DFFE_PN0P_,6.76,3.35,0.004364411378634803,6.755635588621365,clk_host,VALIDATED
976,u_host_if.s_rdata[27]$_DFFE_PN0P_,6.76,3.35,0.0043642517594076335,6.755635748240592,clk_host,VALIDATED
975,u_host_if.s_rdata[26]$_DFFE_PN0P_,6.76,3.35,0.0043642517594076335,6.755635748240592,clk_host,VALIDATED
980,s_arready,6.76,0.24,0.00030210589654039444,6.75969789410346,clk_host,VALIDATED
981,u_host_if.rpop_loaded$_DFFE_PN0P_,6.77,3.33,0.004338405195251194,6.765661594804748,clk_host,VALIDATED
982,u_host_if.s_rvalid$_DFFE_PN0P_,6.87,3.23,0.0041874038466581665,6.865812596153342,clk_host,VALIDATED
984,u_host_if.awaddr_q[4]$_DFFE_PN0P_,6.94,3.17,0.0035284303012321216,6.936471569698768,clk_host,VALIDATED
985,u_host_if.awaddr_q[2]$_DFFE_PN0P_,6.94,3.17,0.0035284303012321216,6.936471569698768,clk_host,VALIDATED
983,u_host_if.awaddr_q[3]$_DFFE_PN0P_,6.94,3.17,0.0035284303012321216,6.936471569698768,clk_host,VALIDATED
987,u_host_if.awaddr_q[6]$_DFFE_PN0P_,6.96,3.15,0.0035061689113195516,6.956493831088681,clk_host,VALIDATED
988,u_host_if.awaddr_q[7]$_DFFE_PN0P_,6.96,3.15,0.0035061689113195516,6.956493831088681,clk_host,VALIDATED
989,u_host_if.awaddr_q[0]$_DFFE_PN0P_,6.96,3.15,0.0035061689113195516,6.956493831088681,clk_host,VALIDATED
986,u_host_if.awaddr_q[5]$_DFFE_PN0P_,6.96,3.15,0.0035061689113195516,6.956493831088681,clk_host,VALIDATED
990,u_host_if.awaddr_q[1]$_DFFE_PN0P_,6.96,3.15,0.0035061689113195516,6.956493831088681,clk_host,VALIDATED
991,u_host_if.s_bvalid$_DFFE_PN0P_,7.05,3.06,0.0034007291339203105,7.046599270866079,clk_host,VALIDATED
993,u_host_if.rpop_q[17]$_DFFE_PN0P_,9.22,0.88,0.0011304611499884654,9.218869538850011,clk_host,VALIDATED
992,u_host_if.rpop_q[13]$_DFFE_PN0P_,9.22,0.88,0.001129111410991826,9.21887088858901,clk_host,VALIDATED
998,u_host_if.rpop_q[12]$_DFFE_PN0P_,9.22,0.88,0.0011226009399945558,9.218877399060005,clk_host,VALIDATED
997,u_host_if.rpop_q[11]$_DFFE_PN0P_,9.22,0.88,0.001113125489779196,9.218886874510222,clk_host,VALIDATED
995,u_host_if.rpop_q[8]$_DFFE_PN0P_,9.22,0.88,0.0011114257222415297,9.21888857427776,clk_host,VALIDATED
994,u_host_if.rpop_q[6]$_DFFE_PN0P_,9.22,0.88,0.0011052459948908827,9.21889475400511,clk_host,VALIDATED
996,u_host_if.rpop_q[24]$_DFFE_PN0P_,9.22,0.88,0.0011024356617689163,9.218897564338231,clk_host,VALIDATED
1003,u_host_if.rpop_q[26]$_DFFE_PN0P_,9.29,0.82,0.0010343463391439128,9.288965653660854,clk_host,VALIDATED
1002,u_host_if.rpop_q[1]$_DFFE_PN0P_,9.29,0.82,0.0010319561207291078,9.28896804387927,clk_host,VALIDATED
1001,u_host_if.rpop_q[0]$_DFFE_PN0P_,9.29,0.82,0.0010291717878210954,9.288970828212179,clk_host,VALIDATED
1000,u_host_if.rpop_q[3]$_DFFE_PN0P_,9.29,0.82,0.0010226307877949647,9.288977369212205,clk_host,VALIDATED
999,u_host_if.rpop_q[2]$_DFFE_PN0P_,9.29,0.82,0.001022298256826426,9.288977701743173,clk_host,VALIDATED
1004,u_host_if.rpop_q[15]$_DFFE_PN0P_,9.31,0.79,0.0010639066067906558,9.30893609339321,clk_host,VALIDATED
1009,u_host_if.rpop_q[9]$_DFFE_PN0P_,9.31,0.79,0.0010586299054951911,9.308941370094505,clk_host,VALIDATED
1008,u_host_if.rpop_q[20]$_DFFE_PN0P_,9.31,0.79,0.0010501625822080876,9.308949837417792,clk_host,VALIDATED
1006,u_host_if.rpop_q[16]$_DFFE_PN0P_,9.31,0.79,0.0010480765029042619,9.308951923497096,clk_host,VALIDATED
1007,u_host_if.rpop_q[19]$_DFFE_PN0P_,9.31,0.79,0.0010380267482221761,9.308961973251778,clk_host,VALIDATED
1005,u_host_if.rpop_q[18]$_DFFE_PN0P_,9.31,0.79,0.001034457679546824,9.308965542320454,clk_host,VALIDATED
1013,u_host_if.rpop_q[14]$_DFFE_PN0P_,9.32,0.78,0.0010215863192004002,9.3189784136808,clk_host,VALIDATED
1014,u_host_if.rpop_q[10]$_DFFE_PN0P_,9.32,0.78,0.0010176284848267755,9.318982371515174,clk_host,VALIDATED
1015,u_host_if.rpop_q[7]$_DFFE_PN0P_,9.32,0.78,0.0010066133220291568,9.31899338667797,clk_host,VALIDATED
1010,u_host_if.rpop_q[27]$_DFFE_PN0P_,9.32,0.79,0.0009951461073967188,9.319004853892604,clk_host,VALIDATED
1011,u_host_if.rpop_q[22]$_DFFE_PN0P_,9.32,0.79,0.0009945658270210378,9.319005434172979,clk_host,VALIDATED
1012,u_host_if.rpop_q[29]$_DFFE_PN0P_,9.32,0.79,0.0009917638547274482,9.319008236145272,clk_host,VALIDATED
1038,u_cdc_cmd.mem[10][37]$_DFFE_PP_,9.38,0.73,0.0008101294188265426,9.379189870581174,clk_host,VALIDATED
1037,u_cdc_cmd.mem[10][36]$_DFFE_PP_,9.38,0.73,0.0008088655798844518,9.379191134420116,clk_host,VALIDATED
1050,u_cdc_cmd.mem[7][34]$_DFFE_PP_,9.38,0.73,0.0008056170554036901,9.379194382944597,clk_host,VALIDATED
1051,u_cdc_cmd.mem[7][65]$_DFFE_PP_,9.38,0.73,0.000805264668929169,9.37919473533107,clk_host,VALIDATED
1030,u_cdc_cmd.mem[10][52]$_DFFE_PP_,9.38,0.73,0.0008052394933031684,9.379194760506698,clk_host,VALIDATED
1039,u_cdc_cmd.mem[10][38]$_DFFE_PP_,9.38,0.73,0.0008035156632550042,9.379196484336745,clk_host,VALIDATED
1064,u_cdc_cmd.mem[6][64]$_DFFE_PP_,9.38,0.73,0.0008021742944870555,9.379197825705514,clk_host,VALIDATED
1034,u_cdc_cmd.mem[10][35]$_DFFE_PP_,9.38,0.73,0.000801746734381166,9.379198253265619,clk_host,VALIDATED
1061,u_cdc_cmd.mem[6][34]$_DFFE_PP_,9.38,0.73,0.0008012824765873325,9.379198717523414,clk_host,VALIDATED
1060,u_cdc_cmd.mem[6][33]$_DFFE_PP_,9.38,0.73,0.0008012824765873325,9.379198717523414,clk_host,VALIDATED
1065,u_cdc_cmd.mem[6][63]$_DFFE_PP_,9.38,0.73,0.0008011908366280657,9.379198809163373,clk_host,VALIDATED
1062,u_cdc_cmd.mem[6][60]$_DFFE_PP_,9.38,0.73,0.0008009247746050968,9.379199075225396,clk_host,VALIDATED
1033,u_cdc_cmd.mem[10][45]$_DFFE_PP_,9.38,0.73,0.0008009004196265837,9.379199099580374,clk_host,VALIDATED
1041,u_cdc_cmd.mem[10][67]$_DFFE_PP_,9.38,0.73,0.000800007406606025,9.379199992593394,clk_host,VALIDATED
1031,u_cdc_cmd.mem[10][30]$_DFFE_PP_,9.38,0.73,0.0007999600538687104,9.379200039946133,clk_host,VALIDATED
1045,u_cdc_cmd.mem[7][59]$_DFFE_PP_,9.38,0.73,0.0007996775590500133,9.379200322440951,clk_host,VALIDATED
1036,u_cdc_cmd.mem[10][70]$_DFFE_PP_,9.38,0.73,0.000798887565797754,9.379201112434203,clk_host,VALIDATED
1032,u_cdc_cmd.mem[10][40]$_DFFE_PP_,9.38,0.73,0.000798887565797754,9.379201112434203,clk_host,VALIDATED
1066,u_cdc_cmd.mem[6][56]$_DFFE_PP_,9.38,0.73,0.000798856168757224,9.379201143831244,clk_host,VALIDATED
1025,u_cdc_cmd.mem[7][33]$_DFFE_PP_,9.38,0.73,0.0007987857411502902,9.37920121425885,clk_host,VALIDATED
1044,u_cdc_cmd.mem[7][58]$_DFFE_PP_,9.38,0.73,0.0007987404677995899,9.379201259532202,clk_host,VALIDATED
1027,u_cdc_cmd.mem[7][60]$_DFFE_PP_,9.38,0.73,0.0007984280391680545,9.379201571960833,clk_host,VALIDATED
1040,u_cdc_cmd.mem[10][68]$_DFFE_PP_,9.38,0.73,0.0007982807324773064,9.379201719267524,clk_host,VALIDATED
1035,u_cdc_cmd.mem[10][51]$_DFFE_PP_,9.38,0.73,0.0007982807324773064,9.379201719267524,clk_host,VALIDATED
1043,u_cdc_cmd.mem[7][57]$_DFFE_PP_,9.38,0.73,0.0007982622975800865,9.37920173770242,clk_host,VALIDATED
1046,u_cdc_cmd.mem[7][64]$_DFFE_PP_,9.38,0.73,0.0007982119333586682,9.379201788066641,clk_host,VALIDATED
1063,u_cdc_cmd.mem[6][66]$_DFFE_PP_,9.38,0.73,0.0007964447185501294,9.379203555281451,clk_host,VALIDATED
1056,u_cdc_cmd.mem[9][67]$_DFFE_PP_,9.38,0.73,0.0007951930679086366,9.379204806932092,clk_host,VALIDATED
1018,u_cdc_cmd.mem[10][69]$_DFFE_PP_,9.38,0.73,0.000795167717515255,9.379204832282486,clk_host,VALIDATED
1026,u_cdc_cmd.mem[7][56]$_DFFE_PP_,9.38,0.73,0.0007949373620998595,9.3792050626379,clk_host,VALIDATED
1048,u_cdc_cmd.mem[7][62]$_DFFE_PP_,9.38,0.73,0.0007943055258260098,9.379205694474175,clk_host,VALIDATED
1047,u_cdc_cmd.mem[7][61]$_DFFE_PP_,9.38,0.73,0.0007943055258260098,9.379205694474175,clk_host,VALIDATED
1024,u_cdc_cmd.mem[7][63]$_DFFE_PP_,9.38,0.73,0.0007939528713930763,9.379206047128609,clk_host,VALIDATED
1028,u_cdc_cmd.mem[7][66]$_DFFE_PP_,9.38,0.73,0.0007939479831130872,9.379206052016889,clk_host,VALIDATED
1029,u_cdc_cmd.mem[10][47]$_DFFE_PP_,9.38,0.73,0.000793847235060513,9.37920615276494,clk_host,VALIDATED
1042,u_cdc_cmd.mem[7][53]$_DFFE_PP_,9.38,0.73,0.0007936908720776181,9.379206309127923,clk_host,VALIDATED
1049,u_cdc_cmd.mem[7][72]$_DFFE_PP_,9.38,0.73,0.0007924874117395467,9.37920751258826,clk_host,VALIDATED
1059,u_cdc_cmd.mem[9][29]$_DFFE_PP_,9.38,0.73,0.0007917436633037497,9.379208256336698,clk_host,VALIDATED
1023,u_cdc_cmd.mem[10][72]$_DFFE_PP_,9.38,0.73,0.0007905722908300786,9.37920942770917,clk_host,VALIDATED
1055,u_cdc_cmd.mem[9][31]$_DFFE_PP_,9.38,0.73,0.0007895116436139604,9.379210488356387,clk_host,VALIDATED
1022,u_cdc_cmd.mem[10][29]$_DFFE_PP_,9.38,0.73,0.0007889619838265735,9.379211038016175,clk_host,VALIDATED
1017,u_cdc_cmd.mem[10][31]$_DFFE_PP_,9.38,0.73,0.0007882750033020303,9.379211724996699,clk_host,VALIDATED
1016,u_cdc_cmd.mem[10][28]$_DFFE_PP_,9.38,0.73,0.0007863388331098287,9.37921366116689,clk_host,VALIDATED
1020,u_cdc_cmd.mem[10][41]$_DFFE_PP_,9.38,0.73,0.0007844476545652845,9.379215552345435,clk_host,VALIDATED
1021,u_cdc_cmd.mem[10][23]$_DFFE_PP_,9.38,0.73,0.0007844026597712619,9.37921559734023,clk_host,VALIDATED
1052,u_cdc_cmd.mem[9][41]$_DFFE_PP_,9.38,0.73,0.0007842771547764207,9.379215722845224,clk_host,VALIDATED
1058,u_cdc_cmd.mem[9][23]$_DFFE_PP_,9.38,0.73,0.0007842003818613746,9.37921579961814,clk_host,VALIDATED
1057,u_cdc_cmd.mem[9][71]$_DFFE_PP_,9.38,0.73,0.0007842003818613746,9.37921579961814,clk_host,VALIDATED
1019,u_cdc_cmd.mem[10][71]$_DFFE_PP_,9.38,0.73,0.0007841750314679929,9.379215824968533,clk_host,VALIDATED
1054,u_cdc_cmd.mem[9][28]$_DFFE_PP_,9.38,0.73,0.0007824259855948312,9.379217574014406,clk_host,VALIDATED
1053,u_cdc_cmd.mem[9][25]$_DFFE_PP_,9.38,0.73,0.0007824259855948312,9.379217574014406,clk_host,VALIDATED
1074,u_cdc_cmd.mem[6][57]$_DFFE_PP_,9.39,0.73,0.0008126242763165092,9.389187375723685,clk_host,VALIDATED
1070,u_cdc_cmd.mem[6][65]$_DFFE_PP_,9.39,0.73,0.0008023504709347359,9.389197649529066,clk_host,VALIDATED
1069,u_cdc_cmd.mem[6][59]$_DFFE_PP_,9.39,0.73,0.0008012372032366322,9.389198762796765,clk_host,VALIDATED
1068,u_cdc_cmd.mem[6][58]$_DFFE_PP_,9.39,0.73,0.0008003001119862088,9.389199699888014,clk_host,VALIDATED
1076,u_cdc_cmd.mem[9][30]$_DFFE_PP_,9.39,0.73,0.0007999854042620921,9.389200014595739,clk_host,VALIDATED
1072,u_cdc_cmd.mem[6][62]$_DFFE_PP_,9.39,0.73,0.0007992849494289772,9.389200715050572,clk_host,VALIDATED
1077,u_cdc_cmd.mem[9][70]$_DFFE_PP_,9.39,0.73,0.0007989129161911357,9.38920108708381,clk_host,VALIDATED
1075,u_cdc_cmd.mem[9][69]$_DFFE_PP_,9.39,0.73,0.0007988810817457989,9.389201118918255,clk_host,VALIDATED
1078,u_cdc_cmd.mem[9][40]$_DFFE_PP_,9.39,0.73,0.0007988810817457989,9.389201118918255,clk_host,VALIDATED
1079,u_cdc_cmd.mem[9][68]$_DFFE_PP_,9.39,0.73,0.0007983060828706881,9.38920169391713,clk_host,VALIDATED
1071,u_cdc_cmd.mem[6][61]$_DFFE_PP_,9.39,0.73,0.0007980436053460147,9.389201956394654,clk_host,VALIDATED
1067,u_cdc_cmd.mem[6][53]$_DFFE_PP_,9.39,0.73,0.0007961876075146604,9.389203812392486,clk_host,VALIDATED
1073,u_cdc_cmd.mem[6][72]$_DFFE_PP_,9.39,0.73,0.0007949841471765889,9.389205015852824,clk_host,VALIDATED
1080,u_host_if.rpop_q[21]$_DFFE_PN0P_,9.4,0.71,0.0008985564172015459,9.399101443582799,clk_host,VALIDATED
1081,u_host_if.rpop_q[31]$_DFFE_PN0P_,9.41,0.7,0.0009056860451703494,9.40909431395483,clk_host,VALIDATED
1082,u_host_if.rpop_q[5]$_DFFE_PN0P_,9.41,0.7,0.0008990968649497458,9.40910090313505,clk_host,VALIDATED
1086,u_host_if.rpop_q[23]$_DFFE_PN0P_,9.41,0.69,0.0008975127113056702,9.409102487288694,clk_host,VALIDATED
1087,u_host_if.rpop_q[30]$_DFFE_PN0P_,9.41,0.69,0.0008970338801180533,9.409102966119882,clk_host,VALIDATED
1085,u_host_if.rpop_q[25]$_DFFE_PN0P_,9.41,0.69,0.0008927124639030587,9.409107287536097,clk_host,VALIDATED
1084,u_host_if.rpop_q[4]$_DFFE_PN0P_,9.41,0.69,0.000891130409970492,9.40910886959003,clk_host,VALIDATED
1083,u_host_if.rpop_q[28]$_DFFE_PN0P_,9.41,0.7,0.0008870638796905361,9.409112936120309,clk_host,VALIDATED
1114,u_cdc_cmd.mem[3][12]$_DFFE_PP_,9.42,0.69,0.0007769184742343477,9.419223081525766,clk_host,VALIDATED
1089,u_cdc_cmd.mem[3][39]$_DFFE_PP_,9.42,0.69,0.0007768886766715555,9.419223111323328,clk_host,VALIDATED
1101,u_cdc_cmd.mem[3][36]$_DFFE_PP_,9.42,0.69,0.0007755595809543492,9.419224440419045,clk_host,VALIDATED
1094,u_cdc_cmd.mem[3][37]$_DFFE_PP_,9.42,0.69,0.0007740155305575314,9.419225984469442,clk_host,VALIDATED
1110,u_cdc_cmd.mem[3][38]$_DFFE_PP_,9.42,0.69,0.000773546723572438,9.419226453276428,clk_host,VALIDATED
1109,u_cdc_cmd.mem[3][18]$_DFFE_PP_,9.42,0.69,0.0007732834396178001,9.419226716560383,clk_host,VALIDATED
1107,u_cdc_cmd.mem[3][13]$_DFFE_PP_,9.42,0.69,0.0007732834396178001,9.419226716560383,clk_host,VALIDATED
1108,u_cdc_cmd.mem[3][14]$_DFFE_PP_,9.42,0.69,0.0007714910952725806,9.419228508904727,clk_host,VALIDATED
1090,u_cdc_cmd.mem[3][50]$_DFFE_PP_,9.42,0.69,0.0007703525328614652,9.419229647467139,clk_host,VALIDATED
1093,u_cdc_cmd.mem[3][35]$_DFFE_PP_,9.42,0.69,0.0007688364153418531,9.419231163584659,clk_host,VALIDATED
1092,u_cdc_cmd.mem[3][30]$_DFFE_PP_,9.42,0.69,0.0007683743357699835,9.41923162566423,clk_host,VALIDATED
1095,u_cdc_cmd.mem[3][40]$_DFFE_PP_,9.42,0.69,0.0007683743357699835,9.41923162566423,clk_host,VALIDATED
1098,u_cdc_cmd.mem[3][51]$_DFFE_PP_,9.42,0.69,0.0007681635825836017,9.419231836417417,clk_host,VALIDATED
1113,u_cdc_cmd.mem[3][52]$_DFFE_PP_,9.42,0.69,0.0007674845314087839,9.419232515468591,clk_host,VALIDATED
1106,u_cdc_cmd.mem[3][3]$_DFFE_PP_,9.42,0.69,0.0007674332777527562,9.419232566722247,clk_host,VALIDATED
1091,u_cdc_cmd.mem[3][68]$_DFFE_PP_,9.42,0.69,0.0007672038325360758,9.419232796167464,clk_host,VALIDATED
1100,u_cdc_cmd.mem[3][70]$_DFFE_PP_,9.42,0.69,0.0007671249956190118,9.419232875004381,clk_host,VALIDATED
1105,u_cdc_cmd.mem[3][48]$_DFFE_PP_,9.42,0.69,0.000766821967694141,9.419233178032306,clk_host,VALIDATED
1099,u_cdc_cmd.mem[3][45]$_DFFE_PP_,9.42,0.69,0.0007663644727341837,9.419233635527267,clk_host,VALIDATED
1112,u_cdc_cmd.mem[3][46]$_DFFE_PP_,9.42,0.69,0.0007662536946267534,9.419233746305373,clk_host,VALIDATED
1111,u_cdc_cmd.mem[3][69]$_DFFE_PP_,9.42,0.69,0.0007644318221736515,9.419235568177827,clk_host,VALIDATED
1096,u_cdc_cmd.mem[3][67]$_DFFE_PP_,9.42,0.69,0.0007631343148544606,9.419236865685145,clk_host,VALIDATED
1103,u_cdc_cmd.mem[3][43]$_DFFE_PP_,9.42,0.69,0.0007622862039588438,9.419237713796042,clk_host,VALIDATED
1104,u_cdc_cmd.mem[3][49]$_DFFE_PP_,9.42,0.69,0.0007606488049827151,9.419239351195017,clk_host,VALIDATED
1097,u_cdc_cmd.mem[3][47]$_DFFE_PP_,9.42,0.69,0.0007602530883297973,9.41923974691167,clk_host,VALIDATED
1102,u_cdc_cmd.mem[3][41]$_DFFE_PP_,9.42,0.69,0.0007572436213075587,9.419242756378692,clk_host,VALIDATED
1088,u_cdc_cmd.mem[3][44]$_DFFE_PP_,9.42,0.69,0.00075062811038068,9.419249371889618,clk_host,VALIDATED
1133,u_cdc_cmd.mem[11][37]$_DFFE_PP_,9.43,0.68,0.0007560322347886228,9.429243967765212,clk_host,VALIDATED
1132,u_cdc_cmd.mem[11][36]$_DFFE_PP_,9.43,0.68,0.0007560322347886228,9.429243967765212,clk_host,VALIDATED
1123,u_cdc_cmd.mem[11][52]$_DFFE_PP_,9.43,0.68,0.0007537830921943156,9.429246216907805,clk_host,VALIDATED
1134,u_cdc_cmd.mem[11][38]$_DFFE_PP_,9.43,0.68,0.0007510487508050265,9.429248951249194,clk_host,VALIDATED
1124,u_cdc_cmd.mem[11][35]$_DFFE_PP_,9.43,0.68,0.0007502442897123207,9.429249755710288,clk_host,VALIDATED
1128,u_cdc_cmd.mem[11][45]$_DFFE_PP_,9.43,0.68,0.0007486126334525431,9.429251387366547,clk_host,VALIDATED
1136,u_cdc_cmd.mem[11][67]$_DFFE_PP_,9.43,0.68,0.0007477807857073498,9.429252219214293,clk_host,VALIDATED
1131,u_cdc_cmd.mem[11][70]$_DFFE_PP_,9.43,0.68,0.0007477366763082097,9.429252263323692,clk_host,VALIDATED
1127,u_cdc_cmd.mem[11][30]$_DFFE_PP_,9.43,0.68,0.0007477366763082097,9.429252263323692,clk_host,VALIDATED
1126,u_cdc_cmd.mem[11][69]$_DFFE_PP_,9.43,0.68,0.0007467079923204265,9.42925329200768,clk_host,VALIDATED
1135,u_cdc_cmd.mem[11][40]$_DFFE_PP_,9.43,0.68,0.0007462233043304123,9.429253776695669,clk_host,VALIDATED
1129,u_cdc_cmd.mem[11][51]$_DFFE_PP_,9.43,0.68,0.0007461723769299142,9.42925382762307,clk_host,VALIDATED
1130,u_cdc_cmd.mem[11][68]$_DFFE_PP_,9.43,0.68,0.0007461723769299142,9.42925382762307,clk_host,VALIDATED
1125,u_cdc_cmd.mem[11][47]$_DFFE_PP_,9.43,0.68,0.000742042543719755,9.42925795745628,clk_host,VALIDATED
1122,u_cdc_cmd.mem[11][72]$_DFFE_PP_,9.43,0.68,0.0007389919107379933,9.429261008089261,clk_host,VALIDATED
1116,u_cdc_cmd.mem[11][31]$_DFFE_PP_,9.43,0.68,0.000737980296526386,9.429262019703474,clk_host,VALIDATED
1117,u_cdc_cmd.mem[11][54]$_DFFE_PP_,9.43,0.68,0.000737980296526386,9.429262019703474,clk_host,VALIDATED
1121,u_cdc_cmd.mem[11][29]$_DFFE_PP_,9.43,0.68,0.0007374918987347254,9.429262508101266,clk_host,VALIDATED
1119,u_cdc_cmd.mem[11][41]$_DFFE_PP_,9.43,0.68,0.0007332867701077619,9.429266713229891,clk_host,VALIDATED
1120,u_cdc_cmd.mem[11][23]$_DFFE_PP_,9.43,0.68,0.00073324485714895,9.429266755142852,clk_host,VALIDATED
1118,u_cdc_cmd.mem[11][71]$_DFFE_PP_,9.43,0.68,0.000733032819825355,9.429266967180174,clk_host,VALIDATED
1115,u_cdc_cmd.mem[11][28]$_DFFE_PP_,9.43,0.68,0.0007321509280425118,9.429267849071957,clk_host,VALIDATED
1145,u_cdc_cmd.mem[2][50]$_DFFE_PP_,9.44,0.67,0.0007487933008665307,9.439251206699133,clk_host,VALIDATED
1148,u_cdc_cmd.mem[1][64]$_DFFE_PP_,9.44,0.67,0.000747665732691985,9.439252334267307,clk_host,VALIDATED
1147,u_cdc_cmd.mem[1][57]$_DFFE_PP_,9.44,0.67,0.000747665732691985,9.439252334267307,clk_host,VALIDATED
1151,u_cdc_cmd.mem[2][68]$_DFFE_PP_,9.44,0.67,0.000745735867217226,9.439254264132781,clk_host,VALIDATED
1138,u_cdc_cmd.mem[1][26]$_DFFE_PP_,9.44,0.67,0.0007452141096343859,9.439254785890364,clk_host,VALIDATED
1137,u_cdc_cmd.mem[1][21]$_DFFE_PP_,9.44,0.67,0.0007452141096343859,9.439254785890364,clk_host,VALIDATED
1139,u_cdc_cmd.mem[1][75]$_DFFE_PP_,9.44,0.67,0.0007450566895463515,9.439254943310454,clk_host,VALIDATED
1149,u_cdc_cmd.mem[2][40]$_DFFE_PP_,9.44,0.67,0.0007449349383920056,9.439255065061607,clk_host,VALIDATED
1150,u_cdc_cmd.mem[2][67]$_DFFE_PP_,9.44,0.67,0.000741784306569862,9.43925821569343,clk_host,VALIDATED
1144,u_cdc_cmd.mem[1][56]$_DFFE_PP_,9.44,0.67,0.0007365237147890363,9.43926347628521,clk_host,VALIDATED
1142,u_cdc_cmd.mem[1][33]$_DFFE_PP_,9.44,0.67,0.0007363817006948367,9.439263618299305,clk_host,VALIDATED
1143,u_cdc_cmd.mem[1][34]$_DFFE_PP_,9.44,0.67,0.0007338013876827323,9.439266198612318,clk_host,VALIDATED
1140,u_cdc_cmd.mem[1][27]$_DFFE_PP_,9.44,0.67,0.0007336287685622139,9.439266371231437,clk_host,VALIDATED
1141,u_cdc_cmd.mem[1][2]$_DFFE_PP_,9.44,0.67,0.0007320720308247597,9.439267927969174,clk_host,VALIDATED
1146,u_cdc_cmd.mem[1][24]$_DFFE_PP_,9.44,0.67,0.0007298446065139019,9.439270155393485,clk_host,VALIDATED
381,u_host_if.s_rdata[17]$_DFFE_PN0P_,9.45,0.74,0.0009035818272243798,9.449096418172775,clk_core,VALIDATED
377,u_host_if.rpop_q[15]$_DFFE_PN0P_,9.45,0.74,0.0009035818272243798,9.449096418172775,clk_core,VALIDATED
378,u_host_if.rpop_q[17]$_DFFE_PN0P_,9.45,0.74,0.0009035818272243798,9.449096418172775,clk_core,VALIDATED
376,u_host_if.rpop_q[14]$_DFFE_PN0P_,9.45,0.74,0.0009035818272243798,9.449096418172775,clk_core,VALIDATED
375,u_host_if.rpop_q[13]$_DFFE_PN0P_,9.45,0.74,0.0009035818272243798,9.449096418172775,clk_core,VALIDATED
379,u_host_if.s_rdata[14]$_DFFE_PN0P_,9.45,0.74,0.0009035818272243798,9.449096418172775,clk_core,VALIDATED
380,u_host_if.s_rdata[15]$_DFFE_PN0P_,9.45,0.74,0.0009035818272243798,9.449096418172775,clk_core,VALIDATED
389,u_host_if.s_rdata[12]$_DFFE_PN0P_,9.45,0.74,0.000901286986968397,9.449098713013031,clk_core,VALIDATED
386,u_host_if.rpop_q[20]$_DFFE_PN0P_,9.45,0.74,0.000901286986968397,9.449098713013031,clk_core,VALIDATED
383,u_host_if.rpop_q[12]$_DFFE_PN0P_,9.45,0.74,0.000901286986968397,9.449098713013031,clk_core,VALIDATED
384,u_host_if.rpop_q[16]$_DFFE_PN0P_,9.45,0.74,0.000901286986968397,9.449098713013031,clk_core,VALIDATED
395,u_host_if.s_rdata[9]$_DFFE_PN0P_,9.45,0.74,0.000901286986968397,9.449098713013031,clk_core,VALIDATED
394,u_host_if.s_rdata[20]$_DFFE_PN0P_,9.45,0.74,0.000901286986968397,9.449098713013031,clk_core,VALIDATED
387,u_host_if.rpop_q[9]$_DFFE_PN0P_,9.45,0.74,0.000901286986968397,9.449098713013031,clk_core,VALIDATED
390,u_host_if.s_rdata[13]$_DFFE_PN0P_,9.45,0.74,0.000901286986968397,9.449098713013031,clk_core,VALIDATED
393,u_host_if.s_rdata[19]$_DFFE_PN0P_,9.45,0.74,0.0008995387294631202,9.449100461270536,clk_core,VALIDATED
392,u_host_if.s_rdata[18]$_DFFE_PN0P_,9.45,0.74,0.0008995387294631202,9.449100461270536,clk_core,VALIDATED
382,u_host_if.rpop_q[10]$_DFFE_PN0P_,9.45,0.74,0.0008995387294631202,9.449100461270536,clk_core,VALIDATED
388,u_host_if.s_rdata[10]$_DFFE_PN0P_,9.45,0.74,0.0008995387294631202,9.449100461270536,clk_core,VALIDATED
391,u_host_if.s_rdata[16]$_DFFE_PN0P_,9.45,0.74,0.0008995387294631202,9.449100461270536,clk_core,VALIDATED
385,u_host_if.rpop_q[19]$_DFFE_PN0P_,9.45,0.74,0.0008995387294631202,9.449100461270536,clk_core,VALIDATED
1190,u_cdc_cmd.mem[2][12]$_DFFE_PP_,9.45,0.67,0.0007551689250981583,9.449244831074902,clk_host,VALIDATED
1162,u_cdc_cmd.mem[2][39]$_DFFE_PP_,9.45,0.67,0.0007551399912328408,9.449244860008767,clk_host,VALIDATED
1161,u_cdc_cmd.mem[2][36]$_DFFE_PP_,9.45,0.67,0.0007523950875311033,9.449247604912468,clk_host,VALIDATED
1154,u_cdc_cmd.mem[2][37]$_DFFE_PP_,9.45,0.67,0.0007523501247163264,9.449247649875282,clk_host,VALIDATED
1176,u_cdc_cmd.mem[2][38]$_DFFE_PP_,9.45,0.67,0.0007518949063394925,9.449248105093659,clk_host,VALIDATED
1173,u_cdc_cmd.mem[2][13]$_DFFE_PP_,9.45,0.67,0.0007516392538038305,9.449248360746196,clk_host,VALIDATED
1175,u_cdc_cmd.mem[2][18]$_DFFE_PP_,9.45,0.67,0.0007516392538038305,9.449248360746196,clk_host,VALIDATED
1174,u_cdc_cmd.mem[2][14]$_DFFE_PP_,9.45,0.67,0.0007498988614686244,9.449250101138531,clk_host,VALIDATED
1155,u_cdc_cmd.mem[2][70]$_DFFE_PP_,9.45,0.67,0.0007490957031384277,9.44925090429686,clk_host,VALIDATED
1153,u_cdc_cmd.mem[2][35]$_DFFE_PP_,9.45,0.67,0.0007473211287822717,9.449252678871217,clk_host,VALIDATED
1152,u_cdc_cmd.mem[2][30]$_DFFE_PP_,9.45,0.67,0.0007468724428211782,9.449253127557178,clk_host,VALIDATED
1189,u_cdc_cmd.mem[2][52]$_DFFE_PP_,9.45,0.67,0.0007460084298907335,9.449253991570108,clk_host,VALIDATED
1169,u_cdc_cmd.mem[2][3]$_DFFE_PP_,9.45,0.67,0.0007459586618479147,9.44925404133815,clk_host,VALIDATED
1157,u_cdc_cmd.mem[2][51]$_DFFE_PP_,9.45,0.67,0.0007454010557375809,9.449254598944261,clk_host,VALIDATED
1168,u_cdc_cmd.mem[2][48]$_DFFE_PP_,9.45,0.67,0.0007450757712049727,9.449254924228795,clk_host,VALIDATED
1170,u_cdc_cmd.mem[1][58]$_DFFE_PP_,9.45,0.67,0.00074503345034517,9.449254966549654,clk_host,VALIDATED
1171,u_cdc_cmd.mem[1][59]$_DFFE_PP_,9.45,0.67,0.00074503345034517,9.449254966549654,clk_host,VALIDATED
1158,u_cdc_cmd.mem[2][45]$_DFFE_PP_,9.45,0.67,0.0007449208366849536,9.449255079163315,clk_host,VALIDATED
1188,u_cdc_cmd.mem[2][46]$_DFFE_PP_,9.45,0.67,0.0007448132695371604,9.449255186730461,clk_host,VALIDATED
1186,u_cdc_cmd.mem[1][65]$_DFFE_PP_,9.45,0.67,0.0007442367688817314,9.449255763231118,clk_host,VALIDATED
1172,u_cdc_cmd.mem[1][60]$_DFFE_PP_,9.45,0.67,0.0007433652453097128,9.44925663475469,clk_host,VALIDATED
1196,u_cdc_cmd.mem[10][19]$_DFFE_PP_,9.45,0.66,0.0007431398178941243,9.449256860182105,clk_host,VALIDATED
1197,u_cdc_cmd.mem[10][20]$_DFFE_PP_,9.45,0.66,0.0007431398178941243,9.449256860182105,clk_host,VALIDATED
1166,u_cdc_cmd.mem[2][43]$_DFFE_PP_,9.45,0.67,0.0007409607785987468,9.4492590392214,clk_host,VALIDATED
1164,u_cdc_cmd.mem[2][49]$_DFFE_PP_,9.45,0.67,0.0007393708404625152,9.449260629159538,clk_host,VALIDATED
1156,u_cdc_cmd.mem[2][47]$_DFFE_PP_,9.45,0.67,0.0007389865938575158,9.449261013406142,clk_host,VALIDATED
1195,u_cdc_cmd.mem[10][16]$_DFFE_PP_,9.45,0.66,0.0007361723408122536,9.449263827659188,clk_host,VALIDATED
1167,u_cdc_cmd.mem[2][44]$_DFFE_PP_,9.45,0.67,0.0007360643577634454,9.449263935642236,clk_host,VALIDATED
1165,u_cdc_cmd.mem[2][41]$_DFFE_PP_,9.45,0.67,0.0007360643577634454,9.449263935642236,clk_host,VALIDATED
1200,u_cdc_cmd.mem[10][17]$_DFFE_PP_,9.45,0.66,0.0007292231701339635,9.449270776829865,clk_host,VALIDATED
1199,u_cdc_cmd.mem[10][7]$_DFFE_PP_,9.45,0.66,0.0007240066339529797,9.449275993366046,clk_host,VALIDATED
1198,u_cdc_cmd.mem[10][6]$_DFFE_PP_,9.45,0.66,0.0007238563717685137,9.44927614362823,clk_host,VALIDATED
1184,u_cdc_cmd.mem[3][62]$_DFFE_PP_,9.45,0.66,0.0007206327502759791,9.449279367249723,clk_host,VALIDATED
1159,u_cdc_cmd.mem[3][53]$_DFFE_PP_,9.45,0.66,0.0007200998846905934,9.44927990011531,clk_host,VALIDATED
1177,u_cdc_cmd.mem[3][63]$_DFFE_PP_,9.45,0.66,0.0007200998846905934,9.44927990011531,clk_host,VALIDATED
1183,u_cdc_cmd.mem[3][61]$_DFFE_PP_,9.45,0.66,0.0007197200767097567,9.44928027992329,clk_host,VALIDATED
1160,u_cdc_cmd.mem[3][66]$_DFFE_PP_,9.45,0.66,0.0007193968189145028,9.449280603181085,clk_host,VALIDATED
1163,u_cdc_cmd.mem[3][55]$_DFFE_PP_,9.45,0.66,0.0007191702985604037,9.449280829701438,clk_host,VALIDATED
1182,u_cdc_cmd.mem[3][32]$_DFFE_PP_,9.45,0.66,0.0007177707767694816,9.449282229223229,clk_host,VALIDATED
1193,u_cdc_cmd.mem[3][72]$_DFFE_PP_,9.45,0.66,0.0007169539912415188,9.449283046008757,clk_host,VALIDATED
1192,u_cdc_cmd.mem[3][29]$_DFFE_PP_,9.45,0.66,0.0007167531819101611,9.449283246818089,clk_host,VALIDATED
1185,u_cdc_cmd.mem[3][54]$_DFFE_PP_,9.45,0.66,0.0007161892833574754,9.449283810716642,clk_host,VALIDATED
1180,u_cdc_cmd.mem[3][28]$_DFFE_PP_,9.45,0.66,0.0007144489012897715,9.44928555109871,clk_host,VALIDATED
1181,u_cdc_cmd.mem[3][31]$_DFFE_PP_,9.45,0.66,0.0007136814480624629,9.449286318551938,clk_host,VALIDATED
1187,u_cdc_cmd.mem[3][71]$_DFFE_PP_,9.45,0.66,0.0007136814480624629,9.449286318551938,clk_host,VALIDATED
1191,u_cdc_cmd.mem[3][23]$_DFFE_PP_,9.45,0.66,0.0007120479199495683,9.44928795208005,clk_host,VALIDATED
1194,u_cdc_cmd.mem[10][42]$_DFFE_PP_,9.45,0.66,0.000710887573236868,9.449289112426763,clk_host,VALIDATED
1178,u_cdc_cmd.mem[3][22]$_DFFE_PP_,9.45,0.66,0.0007096798075865718,9.449290320192413,clk_host,VALIDATED
1179,u_cdc_cmd.mem[3][25]$_DFFE_PP_,9.45,0.66,0.0007094655143636414,9.449290534485636,clk_host,VALIDATED
396,u_host_if.reg_len[12]$_DFFE_PN0P_,9.57,0.62,0.0006914213136730296,9.569308578686327,clk_core,VALIDATED
397,u_host_if.awaddr_q[5]$_DFFE_PN0P_,9.57,0.62,0.0006909383470305522,9.56930906165297,clk_core,VALIDATED
398,u_host_if.awaddr_q[6]$_DFFE_PN0P_,9.57,0.62,0.0006909383470305522,9.56930906165297,clk_core,VALIDATED
399,u_host_if.awaddr_q[7]$_DFFE_PN0P_,9.57,0.62,0.0006909383470305522,9.56930906165297,clk_core,VALIDATED
1208,nand_dq_o[8],11.73,0.27,0.00032302322204327133,11.729676976777958,clk_nand,VALIDATED
1204,nand_dq_o[14],11.73,0.27,0.00032302322204327133,11.729676976777958,clk_nand,VALIDATED
1203,nand_dq_o[11],11.73,0.27,0.00032302322204327133,11.729676976777958,clk_nand,VALIDATED
1205,nand_dq_o[15],11.73,0.27,0.00032277085185820203,11.729677229148143,clk_nand,VALIDATED
1202,nand_dq_o[10],11.73,0.27,0.00032277085185820203,11.729677229148143,clk_nand,VALIDATED
1210,nand_dq_o[13],11.73,0.27,0.00032251848167313274,11.729677481518328,clk_nand,VALIDATED
1211,nand_dq_o[9],11.73,0.27,0.00032251848167313274,11.729677481518328,clk_nand,VALIDATED
1209,nand_dq_o[12],11.73,0.27,0.00032039603768959507,11.72967960396231,clk_nand,VALIDATED
1201,nand_dq_oe[0],11.73,0.27,0.0003088671261671158,11.729691132873834,clk_nand,VALIDATED
1207,nand_dq_o[2],11.73,0.27,0.0003088671261671158,11.729691132873834,clk_nand,VALIDATED
1206,nand_dq_o[1],11.73,0.27,0.00030718051096779997,11.729692819489033,clk_nand,VALIDATED
1224,nand_re_n[0],11.74,0.26,0.0003872601897203995,11.73961273981028,clk_nand,VALIDATED
1219,nand_ale[1],11.74,0.26,0.0003105733527222765,11.739689426647278,clk_nand,VALIDATED
1221,nand_cle[1],11.74,0.26,0.0003105733527222765,11.739689426647278,clk_nand,VALIDATED
1213,nand_ale[0],11.74,0.26,0.0003091801670850394,11.739690819832916,clk_nand,VALIDATED
1212,nand_dq_oe[1],11.74,0.26,0.0003081605044197508,11.739691839495581,clk_nand,VALIDATED
1217,nand_dq_o[6],11.74,0.26,0.0003045589974568011,11.739695441002544,clk_nand,VALIDATED
1214,nand_dq_o[0],11.74,0.26,0.0003045589974568011,11.739695441002544,clk_nand,VALIDATED
1215,nand_dq_o[3],11.74,0.26,0.0003045589974568011,11.739695441002544,clk_nand,VALIDATED
1218,nand_dq_o[7],11.74,0.26,0.0003045589974568011,11.739695441002544,clk_nand,VALIDATED
1216,nand_dq_o[5],11.74,0.26,0.00030386173998872557,11.739696138260012,clk_nand,VALIDATED
1222,nand_dq_o[4],11.74,0.26,0.0003030038631580481,11.739696996136843,clk_nand,VALIDATED
1220,nand_cle[0],11.74,0.26,0.00030298688772117943,11.739697013112279,clk_nand,VALIDATED
1223,nand_we_n[0],11.74,0.26,0.0002936748095735339,11.739706325190427,clk_nand,VALIDATED
1227,nand_re_n[1],11.75,0.25,0.00030370121344177464,11.749696298786558,clk_nand,VALIDATED
1225,nand_ce_n[1],11.75,0.25,0.00029862822377142717,11.74970137177623,clk_nand,VALIDATED
1228,nand_we_n[1],11.75,0.25,0.00029850707933466725,11.749701492920666,clk_nand,VALIDATED
1226,nand_ce_n[0],11.75,0.25,0.000291333545885758,11.749708666454115,clk_nand,VALIDATED
1304,g_chan[1].u_cdc_chr.mem[15][21]$_DFFE_PP_,11.91,8.2,0.010682979095844813,11.899317020904155,clk_nand,VALIDATED
1303,g_chan[1].u_cdc_chr.mem[14][21]$_DFFE_PP_,11.91,8.2,0.010682979095844813,11.899317020904155,clk_nand,VALIDATED
1296,g_chan[1].u_cdc_chr.mem[12][21]$_DFFE_PP_,11.91,8.2,0.0106651233680084,11.899334876631992,clk_nand,VALIDATED
1305,g_chan[1].u_cdc_chr.mem[7][21]$_DFFE_PP_,11.91,8.2,0.0106651233680084,11.899334876631992,clk_nand,VALIDATED
1297,g_chan[1].u_cdc_chr.mem[13][21]$_DFFE_PP_,11.91,8.2,0.0106651233680084,11.899334876631992,clk_nand,VALIDATED
1298,g_chan[1].u_cdc_chr.mem[4][21]$_DFFE_PP_,11.91,8.2,0.010647267640171987,11.899352732359828,clk_nand,VALIDATED
1299,g_chan[1].u_cdc_chr.mem[5][21]$_DFFE_PP_,11.91,8.2,0.010647267640171987,11.899352732359828,clk_nand,VALIDATED
1300,g_chan[1].u_cdc_chr.mem[6][21]$_DFFE_PP_,11.91,8.2,0.010647267640171987,11.899352732359828,clk_nand,VALIDATED
1285,g_chan[1].u_cdc_chr.mem[15][25]$_DFFE_PP_,11.91,8.2,0.010645814637922246,11.899354185362078,clk_nand,VALIDATED
1279,g_chan[1].u_cdc_chr.mem[10][25]$_DFFE_PP_,11.91,8.2,0.010645814637922246,11.899354185362078,clk_nand,VALIDATED
1301,g_chan[1].u_cdc_chr.mem[9][21]$_DFFE_PP_,11.91,8.2,0.01063070977241487,11.899369290227586,clk_nand,VALIDATED
1302,g_chan[1].u_cdc_chr.mem[11][18]$_DFFE_PP_,11.91,8.2,0.0106204092689558,11.899379590731044,clk_nand,VALIDATED
1250,g_chan[1].u_cdc_chr.mem[11][25]$_DFFE_PP_,11.91,8.2,0.010611293054334947,11.899388706945665,clk_nand,VALIDATED
1255,g_chan[1].u_cdc_chr.mem[13][24]$_DFFE_PP_,11.91,8.2,0.01058728602403436,11.899412713975966,clk_nand,VALIDATED
1254,g_chan[1].u_cdc_chr.mem[13][18]$_DFFE_PP_,11.91,8.2,0.010584107901195683,11.899415892098805,clk_nand,VALIDATED
1271,g_chan[1].u_cdc_chr.mem[7][18]$_DFFE_PP_,11.91,8.2,0.010584107901195683,11.899415892098805,clk_nand,VALIDATED
1283,g_chan[1].u_cdc_chr.mem[14][18]$_DFFE_PP_,11.91,8.2,0.010584107901195683,11.899415892098805,clk_nand,VALIDATED
1252,g_chan[1].u_cdc_chr.mem[12][18]$_DFFE_PP_,11.91,8.2,0.010584107901195683,11.899415892098805,clk_nand,VALIDATED
1258,g_chan[1].u_cdc_chr.mem[15][18]$_DFFE_PP_,11.91,8.2,0.010584107901195683,11.899415892098805,clk_nand,VALIDATED
1275,g_chan[1].u_cdc_chr.mem[8][25]$_DFFE_PP_,11.91,8.2,0.010576771470747648,11.899423228529253,clk_nand,VALIDATED
1257,g_chan[1].u_cdc_chr.mem[14][25]$_DFFE_PP_,11.91,8.2,0.010576771470747648,11.899423228529253,clk_nand,VALIDATED
1277,g_chan[1].u_cdc_chr.mem[9][25]$_DFFE_PP_,11.91,8.2,0.010576771470747648,11.899423228529253,clk_nand,VALIDATED
1269,g_chan[1].u_cdc_chr.mem[5][25]$_DFFE_PP_,11.91,8.2,0.010576771470747648,11.899423228529253,clk_nand,VALIDATED
1264,g_chan[1].u_cdc_chr.mem[2][25]$_DFFE_PP_,11.91,8.2,0.010576771470747648,11.899423228529253,clk_nand,VALIDATED
1259,g_chan[1].u_cdc_chr.mem[15][24]$_DFFE_PP_,11.91,8.2,0.010567005023251363,11.899432994976749,clk_nand,VALIDATED
1253,g_chan[1].u_cdc_chr.mem[12][24]$_DFFE_PP_,11.91,8.2,0.010567005023251363,11.899432994976749,clk_nand,VALIDATED
1268,g_chan[1].u_cdc_chr.mem[5][24]$_DFFE_PP_,11.91,8.2,0.010567005023251363,11.899432994976749,clk_nand,VALIDATED
1267,g_chan[1].u_cdc_chr.mem[4][24]$_DFFE_PP_,11.91,8.2,0.010567005023251363,11.899432994976749,clk_nand,VALIDATED
1278,g_chan[1].u_cdc_chr.mem[0][18]$_DFFE_PP_,11.91,8.2,0.010549226550310098,11.89945077344969,clk_nand,VALIDATED
1286,g_chan[1].u_cdc_chr.mem[1][18]$_DFFE_PP_,11.91,8.2,0.010549226550310098,11.89945077344969,clk_nand,VALIDATED
1289,g_chan[1].u_cdc_chr.mem[5][18]$_DFFE_PP_,11.91,8.2,0.010545088062418273,11.899454911937582,clk_nand,VALIDATED
1294,g_chan[1].u_cdc_chr.mem[9][18]$_DFFE_PP_,11.91,8.2,0.010545088062418273,11.899454911937582,clk_nand,VALIDATED
1287,g_chan[1].u_cdc_chr.mem[4][18]$_DFFE_PP_,11.91,8.2,0.010545088062418273,11.899454911937582,clk_nand,VALIDATED
1290,g_chan[1].u_cdc_chr.mem[6][18]$_DFFE_PP_,11.91,8.2,0.010545088062418273,11.899454911937582,clk_nand,VALIDATED
1270,g_chan[1].u_cdc_chr.mem[6][24]$_DFFE_PP_,11.91,8.2,0.010530647849687824,11.899469352150312,clk_nand,VALIDATED
1256,g_chan[1].u_cdc_chr.mem[14][24]$_DFFE_PP_,11.91,8.2,0.010522084986923086,11.899477915013078,clk_nand,VALIDATED
1272,g_chan[1].u_cdc_chr.mem[7][24]$_DFFE_PP_,11.91,8.2,0.010522084986923086,11.899477915013078,clk_nand,VALIDATED
1261,g_chan[1].u_cdc_chr.mem[1][25]$_DFFE_PP_,11.91,8.2,0.010520552624372126,11.899479447375628,clk_nand,VALIDATED
1249,g_chan[1].u_cdc_chr.mem[10][18]$_DFFE_PP_,11.91,8.2,0.010506068223640863,11.899493931776359,clk_nand,VALIDATED
1265,g_chan[1].u_cdc_chr.mem[3][18]$_DFFE_PP_,11.91,8.2,0.010506068223640863,11.899493931776359,clk_nand,VALIDATED
1273,g_chan[1].u_cdc_chr.mem[8][18]$_DFFE_PP_,11.91,8.2,0.010506068223640863,11.899493931776359,clk_nand,VALIDATED
1262,g_chan[1].u_cdc_chr.mem[2][18]$_DFFE_PP_,11.91,8.2,0.010506068223640863,11.899493931776359,clk_nand,VALIDATED
1246,g_chan[1].u_cdc_chr.mem[11][24]$_DFFE_PP_,11.91,8.2,0.010501540807188792,11.899498459192811,clk_nand,VALIDATED
1245,g_chan[1].u_cdc_chr.mem[10][24]$_DFFE_PP_,11.91,8.2,0.010501540807188792,11.899498459192811,clk_nand,VALIDATED
1276,g_chan[1].u_cdc_chr.mem[9][24]$_DFFE_PP_,11.91,8.2,0.010494290676124285,11.899505709323876,clk_nand,VALIDATED
1274,g_chan[1].u_cdc_chr.mem[8][24]$_DFFE_PP_,11.91,8.2,0.010494290676124285,11.899505709323876,clk_nand,VALIDATED
1263,g_chan[1].u_cdc_chr.mem[2][24]$_DFFE_PP_,11.91,8.2,0.010494290676124285,11.899505709323876,clk_nand,VALIDATED
1295,g_chan[1].u_cdc_chr.mem[9][27]$_DFFE_PP_,11.91,8.2,0.010487320057625427,11.899512679942374,clk_nand,VALIDATED
1292,g_chan[1].u_cdc_chr.mem[7][27]$_DFFE_PP_,11.91,8.2,0.010487320057625427,11.899512679942374,clk_nand,VALIDATED
1288,g_chan[1].u_cdc_chr.mem[4][27]$_DFFE_PP_,11.91,8.2,0.010487320057625427,11.899512679942374,clk_nand,VALIDATED
1280,g_chan[1].u_cdc_chr.mem[10][27]$_DFFE_PP_,11.91,8.2,0.010487320057625427,11.899512679942374,clk_nand,VALIDATED
1247,g_chan[1].u_cdc_chr.mem[5][27]$_DFFE_PP_,11.91,8.2,0.010487320057625427,11.899512679942374,clk_nand,VALIDATED
1244,g_chan[1].u_cdc_chr.mem[0][27]$_DFFE_PP_,11.91,8.2,0.010487320057625427,11.899512679942374,clk_nand,VALIDATED
1293,g_chan[1].u_cdc_chr.mem[8][27]$_DFFE_PP_,11.91,8.2,0.010487320057625427,11.899512679942374,clk_nand,VALIDATED
1266,g_chan[1].u_cdc_chr.mem[3][25]$_DFFE_PP_,11.91,8.2,0.010481607264160475,11.899518392735839,clk_nand,VALIDATED
1248,g_chan[1].u_cdc_chr.mem[0][25]$_DFFE_PP_,11.91,8.2,0.010481607264160475,11.899518392735839,clk_nand,VALIDATED
1251,g_chan[1].u_cdc_chr.mem[11][27]$_DFFE_PP_,11.91,8.2,0.0104813453815088,11.899518654618491,clk_nand,VALIDATED
1260,g_chan[1].u_cdc_chr.mem[15][27]$_DFFE_PP_,11.91,8.2,0.0104813453815088,11.899518654618491,clk_nand,VALIDATED
1242,g_chan[1].u_cdc_chr.mem[7][4]$_DFFE_PP_,11.91,8.2,0.010466809575495617,11.899533190424505,clk_nand,VALIDATED
1241,g_chan[1].u_cdc_chr.mem[6][4]$_DFFE_PP_,11.91,8.2,0.010466809575495617,11.899533190424505,clk_nand,VALIDATED
1240,g_chan[1].u_cdc_chr.mem[5][4]$_DFFE_PP_,11.91,8.2,0.010466809575495617,11.899533190424505,clk_nand,VALIDATED
1239,g_chan[1].u_cdc_chr.mem[4][4]$_DFFE_PP_,11.91,8.2,0.010466809575495617,11.899533190424505,clk_nand,VALIDATED
1281,g_chan[1].u_cdc_chr.mem[12][27]$_DFFE_PP_,11.91,8.2,0.01043973795433184,11.899560262045668,clk_nand,VALIDATED
1291,g_chan[1].u_cdc_chr.mem[6][27]$_DFFE_PP_,11.91,8.2,0.01043973795433184,11.899560262045668,clk_nand,VALIDATED
1282,g_chan[1].u_cdc_chr.mem[13][27]$_DFFE_PP_,11.91,8.2,0.01043973795433184,11.899560262045668,clk_nand,VALIDATED
1284,g_chan[1].u_cdc_chr.mem[14][27]$_DFFE_PP_,11.91,8.2,0.01043973795433184,11.899560262045668,clk_nand,VALIDATED
1231,g_chan[1].u_cdc_chr.mem[3][24]$_DFFE_PP_,11.91,8.2,0.010438761412809416,11.899561238587191,clk_nand,VALIDATED
1229,g_chan[1].u_cdc_chr.mem[0][24]$_DFFE_PP_,11.91,8.2,0.010438761412809416,11.899561238587191,clk_nand,VALIDATED
1230,g_chan[1].u_cdc_chr.mem[1][24]$_DFFE_PP_,11.91,8.2,0.010438761412809416,11.899561238587191,clk_nand,VALIDATED
1243,g_chan[1].u_cdc_chr.mem[9][4]$_DFFE_PP_,11.91,8.2,0.010430635714812175,11.899569364285188,clk_nand,VALIDATED
1234,g_chan[1].u_cdc_chr.mem[2][4]$_DFFE_PP_,11.91,8.2,0.010394461854128734,11.899605538145872,clk_nand,VALIDATED
1233,g_chan[1].u_cdc_chr.mem[1][4]$_DFFE_PP_,11.91,8.2,0.010394461854128734,11.899605538145872,clk_nand,VALIDATED
1237,g_chan[1].u_cdc_chr.mem[11][4]$_DFFE_PP_,11.91,8.2,0.010394461854128734,11.899605538145872,clk_nand,VALIDATED
1235,g_chan[1].u_cdc_chr.mem[3][4]$_DFFE_PP_,11.91,8.2,0.010394461854128734,11.899605538145872,clk_nand,VALIDATED
1232,g_chan[1].u_cdc_chr.mem[0][4]$_DFFE_PP_,11.91,8.2,0.010394461854128734,11.899605538145872,clk_nand,VALIDATED
1238,g_chan[1].u_cdc_chr.mem[8][4]$_DFFE_PP_,11.91,8.2,0.010394461854128734,11.899605538145872,clk_nand,VALIDATED
1236,g_chan[1].u_cdc_chr.mem[10][4]$_DFFE_PP_,11.91,8.2,0.010394461854128734,11.899605538145872,clk_nand,VALIDATED
1358,g_chan[0].u_cdc_chr.mem[8][18]$_DFFE_PP_,11.92,8.19,0.01292829372270421,11.907071706277296,clk_nand,VALIDATED
1376,g_chan[0].u_cdc_chr.mem[1][18]$_DFFE_PP_,11.92,8.19,0.01292829372270421,11.907071706277296,clk_nand,VALIDATED
1348,g_chan[0].u_cdc_chr.mem[9][18]$_DFFE_PP_,11.92,8.19,0.01292829372270421,11.907071706277296,clk_nand,VALIDATED
1380,g_chan[0].u_cdc_chr.mem[3][18]$_DFFE_PP_,11.92,8.19,0.01292829372270421,11.907071706277296,clk_nand,VALIDATED
1354,g_chan[0].u_cdc_chr.mem[10][18]$_DFFE_PP_,11.92,8.19,0.01292829372270421,11.907071706277296,clk_nand,VALIDATED
1374,g_chan[0].u_cdc_chr.mem[0][18]$_DFFE_PP_,11.92,8.19,0.01292829372270421,11.907071706277296,clk_nand,VALIDATED
1378,g_chan[0].u_cdc_chr.mem[2][18]$_DFFE_PP_,11.92,8.19,0.01292829372270421,11.907071706277296,clk_nand,VALIDATED
1443,g_chan[0].u_cdc_chr.mem[9][27]$_DFFE_PP_,11.92,8.2,0.012908847754281583,11.907091152245718,clk_nand,VALIDATED
1450,g_chan[0].u_cdc_chr.mem[8][27]$_DFFE_PP_,11.92,8.2,0.012908847754281583,11.907091152245718,clk_nand,VALIDATED
1447,g_chan[0].u_cdc_chr.mem[10][27]$_DFFE_PP_,11.92,8.2,0.012872165831974591,11.907127834168026,clk_nand,VALIDATED
1455,g_chan[0].u_cdc_chr.mem[6][27]$_DFFE_PP_,11.92,8.2,0.0128354839096676,11.907164516090333,clk_nand,VALIDATED
1469,g_chan[0].u_cdc_chr.mem[4][27]$_DFFE_PP_,11.92,8.2,0.0128354839096676,11.907164516090333,clk_nand,VALIDATED
1451,g_chan[0].u_cdc_chr.mem[11][27]$_DFFE_PP_,11.92,8.2,0.0128354839096676,11.907164516090333,clk_nand,VALIDATED
1470,g_chan[0].u_cdc_chr.mem[5][27]$_DFFE_PP_,11.92,8.2,0.0128354839096676,11.907164516090333,clk_nand,VALIDATED
1454,g_chan[0].u_cdc_chr.mem[3][27]$_DFFE_PP_,11.92,8.2,0.012795385075219823,11.90720461492478,clk_nand,VALIDATED
1444,g_chan[0].u_cdc_chr.mem[0][27]$_DFFE_PP_,11.92,8.2,0.012795385075219823,11.90720461492478,clk_nand,VALIDATED
1453,g_chan[0].u_cdc_chr.mem[2][27]$_DFFE_PP_,11.92,8.2,0.012795385075219823,11.90720461492478,clk_nand,VALIDATED
1360,g_chan[0].u_cdc_chr.mem[11][18]$_DFFE_PP_,11.92,8.19,0.012750696310796394,11.907249303689204,clk_nand,VALIDATED
1441,g_chan[0].u_cdc_chr.mem[7][27]$_DFFE_PP_,11.92,8.2,0.01273281056392328,11.907267189436077,clk_nand,VALIDATED
1352,g_chan[0].u_cdc_chr.mem[5][18]$_DFFE_PP_,11.92,8.19,0.012730880065031869,11.907269119934968,clk_nand,VALIDATED
1373,g_chan[0].u_cdc_chr.mem[15][18]$_DFFE_PP_,11.92,8.19,0.012730880065031869,11.907269119934968,clk_nand,VALIDATED
1372,g_chan[0].u_cdc_chr.mem[14][18]$_DFFE_PP_,11.92,8.19,0.012730880065031869,11.907269119934968,clk_nand,VALIDATED
1496,g_chan[0].u_cdc_chr.mem[12][0]$_DFFE_PP_,11.92,8.2,0.012705877560274192,11.907294122439726,clk_nand,VALIDATED
1448,g_chan[0].u_cdc_chr.mem[14][27]$_DFFE_PP_,11.92,8.2,0.01263013721817896,11.90736986278182,clk_nand,VALIDATED
1452,g_chan[0].u_cdc_chr.mem[13][27]$_DFFE_PP_,11.92,8.2,0.01263013721817896,11.90736986278182,clk_nand,VALIDATED
1449,g_chan[0].u_cdc_chr.mem[15][27]$_DFFE_PP_,11.92,8.2,0.01263013721817896,11.90736986278182,clk_nand,VALIDATED
1446,g_chan[0].u_cdc_chr.mem[12][27]$_DFFE_PP_,11.92,8.2,0.01263013721817896,11.90736986278182,clk_nand,VALIDATED
1422,g_chan[0].u_cdc_chr.mem[7][18]$_DFFE_PP_,11.92,8.19,0.01258890014566949,11.90741109985433,clk_nand,VALIDATED
1418,g_chan[0].u_cdc_chr.mem[12][18]$_DFFE_PP_,11.92,8.19,0.01258890014566949,11.90741109985433,clk_nand,VALIDATED
1416,g_chan[0].u_cdc_chr.mem[4][18]$_DFFE_PP_,11.92,8.19,0.01258890014566949,11.90741109985433,clk_nand,VALIDATED
1395,g_chan[0].u_cdc_chr.mem[13][18]$_DFFE_PP_,11.92,8.19,0.01258890014566949,11.90741109985433,clk_nand,VALIDATED
1421,g_chan[0].u_cdc_chr.mem[6][18]$_DFFE_PP_,11.92,8.19,0.012538838921980933,11.907461161078018,clk_nand,VALIDATED
1483,g_chan[0].u_cdc_chr.mem[9][1]$_DFFE_PP_,11.92,8.2,0.012410615571315065,11.907589384428684,clk_nand,VALIDATED
1487,g_chan[0].u_cdc_chr.mem[8][1]$_DFFE_PP_,11.92,8.2,0.012410615571315065,11.907589384428684,clk_nand,VALIDATED
1485,g_chan[0].u_cdc_chr.mem[10][1]$_DFFE_PP_,11.92,8.2,0.012384722982325513,11.907615277017674,clk_nand,VALIDATED
1486,g_chan[0].u_cdc_chr.mem[11][1]$_DFFE_PP_,11.92,8.2,0.012384722982325513,11.907615277017674,clk_nand,VALIDATED
1336,g_chan[0].u_cdc_chr.mem[7][0]$_DFFE_PP_,11.92,8.2,0.012358830393335962,11.907641169606665,clk_nand,VALIDATED
1339,g_chan[0].u_cdc_chr.mem[13][0]$_DFFE_PP_,11.92,8.2,0.012358830393335962,11.907641169606665,clk_nand,VALIDATED
1343,g_chan[0].u_cdc_chr.mem[6][0]$_DFFE_PP_,11.92,8.2,0.012358830393335962,11.907641169606665,clk_nand,VALIDATED
1341,g_chan[0].u_cdc_chr.mem[4][0]$_DFFE_PP_,11.92,8.2,0.012358830393335962,11.907641169606665,clk_nand,VALIDATED
1342,g_chan[0].u_cdc_chr.mem[5][0]$_DFFE_PP_,11.92,8.2,0.012358830393335962,11.907641169606665,clk_nand,VALIDATED
1323,g_chan[0].u_cdc_chr.mem[1][27]$_DFFE_PP_,11.92,8.2,0.012334875229219833,11.90766512477078,clk_nand,VALIDATED
1335,g_chan[0].u_cdc_chr.mem[1][0]$_DFFE_PP_,11.92,8.2,0.01225262432445784,11.907747375675543,clk_nand,VALIDATED
1337,g_chan[0].u_cdc_chr.mem[0][0]$_DFFE_PP_,11.92,8.2,0.01225262432445784,11.907747375675543,clk_nand,VALIDATED
1338,g_chan[0].u_cdc_chr.mem[15][0]$_DFFE_PP_,11.92,8.2,0.01225262432445784,11.907747375675543,clk_nand,VALIDATED
1340,g_chan[0].u_cdc_chr.mem[14][0]$_DFFE_PP_,11.92,8.2,0.01225262432445784,11.907747375675543,clk_nand,VALIDATED
1351,g_chan[0].u_cdc_chr.mem[11][7]$_DFFE_PP_,11.92,8.2,0.012243098089564919,11.907756901910435,clk_nand,VALIDATED
1350,g_chan[0].u_cdc_chr.mem[10][7]$_DFFE_PP_,11.92,8.2,0.012243098089564919,11.907756901910435,clk_nand,VALIDATED
1381,g_chan[0].u_cdc_chr.mem[3][21]$_DFFE_PP_,11.92,8.19,0.01217200388510653,11.907827996114893,clk_nand,VALIDATED
1379,g_chan[0].u_cdc_chr.mem[2][21]$_DFFE_PP_,11.92,8.19,0.01217200388510653,11.907827996114893,clk_nand,VALIDATED
1377,g_chan[0].u_cdc_chr.mem[1][21]$_DFFE_PP_,11.92,8.19,0.01217200388510653,11.907827996114893,clk_nand,VALIDATED
1494,g_chan[0].u_cdc_chr.mem[2][1]$_DFFE_PP_,11.92,8.2,0.01215469022300586,11.907845309776993,clk_nand,VALIDATED
1495,g_chan[0].u_cdc_chr.mem[3][1]$_DFFE_PP_,11.92,8.2,0.01215469022300586,11.907845309776993,clk_nand,VALIDATED
1484,g_chan[0].u_cdc_chr.mem[0][1]$_DFFE_PP_,11.92,8.2,0.01215469022300586,11.907845309776993,clk_nand,VALIDATED
1491,g_chan[0].u_cdc_chr.mem[1][1]$_DFFE_PP_,11.92,8.2,0.01215469022300586,11.907845309776993,clk_nand,VALIDATED
1370,g_chan[0].u_cdc_chr.mem[2][7]$_DFFE_PP_,11.92,8.2,0.012141028004399868,11.9078589719956,clk_nand,VALIDATED
1369,g_chan[0].u_cdc_chr.mem[8][7]$_DFFE_PP_,11.92,8.2,0.012141028004399868,11.9078589719956,clk_nand,VALIDATED
1367,g_chan[0].u_cdc_chr.mem[4][7]$_DFFE_PP_,11.92,8.2,0.012141028004399868,11.9078589719956,clk_nand,VALIDATED
1368,g_chan[0].u_cdc_chr.mem[5][7]$_DFFE_PP_,11.92,8.2,0.012141028004399868,11.9078589719956,clk_nand,VALIDATED
1366,g_chan[0].u_cdc_chr.mem[12][7]$_DFFE_PP_,11.92,8.2,0.012141028004399868,11.9078589719956,clk_nand,VALIDATED
1356,g_chan[0].u_cdc_chr.mem[14][7]$_DFFE_PP_,11.92,8.2,0.012141028004399868,11.9078589719956,clk_nand,VALIDATED
1357,g_chan[0].u_cdc_chr.mem[15][7]$_DFFE_PP_,11.92,8.2,0.012141028004399868,11.9078589719956,clk_nand,VALIDATED
1371,g_chan[0].u_cdc_chr.mem[3][7]$_DFFE_PP_,11.92,8.2,0.012141028004399868,11.9078589719956,clk_nand,VALIDATED
1363,g_chan[0].u_cdc_chr.mem[1][7]$_DFFE_PP_,11.92,8.2,0.012141028004399868,11.9078589719956,clk_nand,VALIDATED
1364,g_chan[0].u_cdc_chr.mem[9][7]$_DFFE_PP_,11.92,8.2,0.012141028004399868,11.9078589719956,clk_nand,VALIDATED
1365,g_chan[0].u_cdc_chr.mem[0][7]$_DFFE_PP_,11.92,8.2,0.012141028004399868,11.9078589719956,clk_nand,VALIDATED
1362,g_chan[0].u_cdc_chr.mem[6][7]$_DFFE_PP_,11.92,8.2,0.012123490273634019,11.907876509726366,clk_nand,VALIDATED
1353,g_chan[0].u_cdc_chr.mem[7][7]$_DFFE_PP_,11.92,8.2,0.012123490273634019,11.907876509726366,clk_nand,VALIDATED
1347,g_chan[0].u_cdc_chr.mem[15][21]$_DFFE_PP_,11.92,8.19,0.012084139368734315,11.907915860631265,clk_nand,VALIDATED
1488,g_chan[0].u_cdc_chr.mem[14][1]$_DFFE_PP_,11.92,8.2,0.01204385323682633,11.907956146763173,clk_nand,VALIDATED
1492,g_chan[0].u_cdc_chr.mem[4][1]$_DFFE_PP_,11.92,8.2,0.01204385323682633,11.907956146763173,clk_nand,VALIDATED
1321,g_chan[0].u_cdc_chr.mem[2][0]$_DFFE_PP_,11.92,8.2,0.012037873599347382,11.907962126400653,clk_nand,VALIDATED
1322,g_chan[0].u_cdc_chr.mem[3][0]$_DFFE_PP_,11.92,8.2,0.012037873599347382,11.907962126400653,clk_nand,VALIDATED
1482,g_chan[0].u_cdc_chr.mem[7][1]$_DFFE_PP_,11.92,8.2,0.012031055122582623,11.907968944877418,clk_nand,VALIDATED
1359,g_chan[0].u_cdc_chr.mem[8][21]$_DFFE_PP_,11.92,8.19,0.012024849018723915,11.907975150981276,clk_nand,VALIDATED
1375,g_chan[0].u_cdc_chr.mem[0][21]$_DFFE_PP_,11.92,8.19,0.012024849018723915,11.907975150981276,clk_nand,VALIDATED
1349,g_chan[0].u_cdc_chr.mem[9][21]$_DFFE_PP_,11.92,8.19,0.01199302925340029,11.9080069707466,clk_nand,VALIDATED
1325,g_chan[0].u_cdc_chr.mem[10][0]$_DFFE_PP_,11.92,8.2,0.011989410127275724,11.908010589872724,clk_nand,VALIDATED
1326,g_chan[0].u_cdc_chr.mem[8][0]$_DFFE_PP_,11.92,8.2,0.011989410127275724,11.908010589872724,clk_nand,VALIDATED
1324,g_chan[0].u_cdc_chr.mem[9][0]$_DFFE_PP_,11.92,8.2,0.011989410127275724,11.908010589872724,clk_nand,VALIDATED
1327,g_chan[0].u_cdc_chr.mem[11][0]$_DFFE_PP_,11.92,8.2,0.011989410127275724,11.908010589872724,clk_nand,VALIDATED
1490,g_chan[0].u_cdc_chr.mem[6][1]$_DFFE_PP_,11.92,8.2,0.011982035686614712,11.908017964313386,clk_nand,VALIDATED
1361,g_chan[0].u_cdc_chr.mem[11][21]$_DFFE_PP_,11.92,8.19,0.011974614254870564,11.908025385745129,clk_nand,VALIDATED
1355,g_chan[0].u_cdc_chr.mem[10][21]$_DFFE_PP_,11.92,8.19,0.011974614254870564,11.908025385745129,clk_nand,VALIDATED
1489,g_chan[0].u_cdc_chr.mem[15][1]$_DFFE_PP_,11.92,8.2,0.0119330162506468,11.908066983749354,clk_nand,VALIDATED
1493,g_chan[0].u_cdc_chr.mem[5][1]$_DFFE_PP_,11.92,8.2,0.0119330162506468,11.908066983749354,clk_nand,VALIDATED
1393,g_chan[0].u_cdc_chr.mem[0][23]$_DFFE_PP_,11.92,8.19,0.011903814596880835,11.908096185403119,clk_nand,VALIDATED
1420,g_chan[0].u_cdc_chr.mem[3][23]$_DFFE_PP_,11.92,8.19,0.011903814596880835,11.908096185403119,clk_nand,VALIDATED
1419,g_chan[0].u_cdc_chr.mem[2][23]$_DFFE_PP_,11.92,8.19,0.011903814596880835,11.908096185403119,clk_nand,VALIDATED
1401,g_chan[0].u_cdc_chr.mem[5][21]$_DFFE_PP_,11.92,8.19,0.011770106777921452,11.908229893222078,clk_nand,VALIDATED
1390,g_chan[0].u_cdc_chr.mem[15][23]$_DFFE_PP_,11.92,8.19,0.011753412500012272,11.908246587499988,clk_nand,VALIDATED
1407,g_chan[0].u_cdc_chr.mem[12][23]$_DFFE_PP_,11.92,8.19,0.011753412500012272,11.908246587499988,clk_nand,VALIDATED
1389,g_chan[0].u_cdc_chr.mem[14][23]$_DFFE_PP_,11.92,8.19,0.011745415155637762,11.908254584844363,clk_nand,VALIDATED
1399,g_chan[0].u_cdc_chr.mem[8][23]$_DFFE_PP_,11.92,8.19,0.011718407061461655,11.908281592938538,clk_nand,VALIDATED
1396,g_chan[0].u_cdc_chr.mem[1][23]$_DFFE_PP_,11.92,8.19,0.011718407061461655,11.908281592938538,clk_nand,VALIDATED
1345,g_chan[0].u_cdc_chr.mem[13][7]$_DFFE_PP_,11.92,8.2,0.01171705128239875,11.908282948717602,clk_nand,VALIDATED
1383,g_chan[0].u_cdc_chr.mem[7][21]$_DFFE_PP_,11.92,8.19,0.011682777651038201,11.908317222348963,clk_nand,VALIDATED
1385,g_chan[0].u_cdc_chr.mem[14][21]$_DFFE_PP_,11.92,8.19,0.011682777651038201,11.908317222348963,clk_nand,VALIDATED
1387,g_chan[0].u_cdc_chr.mem[13][21]$_DFFE_PP_,11.92,8.19,0.011682777651038201,11.908317222348963,clk_nand,VALIDATED
1404,g_chan[0].u_cdc_chr.mem[12][21]$_DFFE_PP_,11.92,8.19,0.011682777651038201,11.908317222348963,clk_nand,VALIDATED
1391,g_chan[0].u_cdc_chr.mem[6][21]$_DFFE_PP_,11.92,8.19,0.011682777651038201,11.908317222348963,clk_nand,VALIDATED
1403,g_chan[0].u_cdc_chr.mem[4][21]$_DFFE_PP_,11.92,8.19,0.011682777651038201,11.908317222348963,clk_nand,VALIDATED
1398,g_chan[0].u_cdc_chr.mem[11][23]$_DFFE_PP_,11.92,8.19,0.011635208668652863,11.908364791331348,clk_nand,VALIDATED
1394,g_chan[0].u_cdc_chr.mem[9][23]$_DFFE_PP_,11.92,8.19,0.011635208668652863,11.908364791331348,clk_nand,VALIDATED
1397,g_chan[0].u_cdc_chr.mem[10][23]$_DFFE_PP_,11.92,8.19,0.011635208668652863,11.908364791331348,clk_nand,VALIDATED
1384,g_chan[0].u_cdc_chr.mem[13][1]$_DFFE_PP_,11.92,8.2,0.011619876514825211,11.908380123485175,clk_nand,VALIDATED
1392,g_chan[0].u_cdc_chr.mem[12][1]$_DFFE_PP_,11.92,8.2,0.011619876514825211,11.908380123485175,clk_nand,VALIDATED
1386,g_chan[0].u_cdc_chr.mem[6][23]$_DFFE_PP_,11.92,8.19,0.011552010275844071,11.908447989724156,clk_nand,VALIDATED
1400,g_chan[0].u_cdc_chr.mem[4][23]$_DFFE_PP_,11.92,8.19,0.011552010275844071,11.908447989724156,clk_nand,VALIDATED
1382,g_chan[0].u_cdc_chr.mem[7][23]$_DFFE_PP_,11.92,8.19,0.011552010275844071,11.908447989724156,clk_nand,VALIDATED
1388,g_chan[0].u_cdc_chr.mem[13][23]$_DFFE_PP_,11.92,8.19,0.011552010275844071,11.908447989724156,clk_nand,VALIDATED
1402,g_chan[0].u_cdc_chr.mem[5][23]$_DFFE_PP_,11.92,8.19,0.011552010275844071,11.908447989724156,clk_nand,VALIDATED
1500,g_chan[1].u_cdc_chr.mem[1][13]$_DFFE_PP_,11.92,8.19,0.011261300397968466,11.908738699602031,clk_nand,VALIDATED
1499,g_chan[1].u_cdc_chr.mem[0][13]$_DFFE_PP_,11.92,8.19,0.011261300397968466,11.908738699602031,clk_nand,VALIDATED
1503,g_chan[1].u_cdc_chr.mem[3][13]$_DFFE_PP_,11.92,8.19,0.011212340741800553,11.908787659258198,clk_nand,VALIDATED
1498,g_chan[1].u_cdc_chr.mem[9][13]$_DFFE_PP_,11.92,8.19,0.01116338108563264,11.908836618914368,clk_nand,VALIDATED
1501,g_chan[1].u_cdc_chr.mem[2][13]$_DFFE_PP_,11.92,8.19,0.01116338108563264,11.908836618914368,clk_nand,VALIDATED
1497,g_chan[1].u_cdc_chr.mem[8][13]$_DFFE_PP_,11.92,8.19,0.01116338108563264,11.908836618914368,clk_nand,VALIDATED
1502,g_chan[1].u_cdc_chr.mem[11][13]$_DFFE_PP_,11.92,8.19,0.01116338108563264,11.908836618914368,clk_nand,VALIDATED
1445,g_chan[1].u_cdc_chr.mem[4][31]$_DFFE_PP_,11.92,8.19,0.011073724850720668,11.908926275149279,clk_nand,VALIDATED
1437,g_chan[1].u_cdc_chr.mem[13][31]$_DFFE_PP_,11.92,8.19,0.011049693390568605,11.908950306609432,clk_nand,VALIDATED
1427,g_chan[1].u_cdc_chr.mem[5][13]$_DFFE_PP_,11.92,8.19,0.011028118863817715,11.908971881136182,clk_nand,VALIDATED
1436,g_chan[1].u_cdc_chr.mem[12][31]$_DFFE_PP_,11.92,8.19,0.01102509367302651,11.908974906326973,clk_nand,VALIDATED
1413,g_chan[1].u_cdc_chr.mem[0][9]$_DFFE_PP_,11.92,8.19,0.01101489816172907,11.90898510183827,clk_nand,VALIDATED
1477,g_chan[1].u_cdc_chr.mem[12][12]$_DFFE_PP_,11.92,8.19,0.010969117859615185,11.909030882140385,clk_nand,VALIDATED
1458,g_chan[1].u_cdc_chr.mem[15][12]$_DFFE_PP_,11.92,8.19,0.010969117859615185,11.909030882140385,clk_nand,VALIDATED
1478,g_chan[1].u_cdc_chr.mem[13][12]$_DFFE_PP_,11.92,8.19,0.010969117859615185,11.909030882140385,clk_nand,VALIDATED
1479,g_chan[1].u_cdc_chr.mem[14][12]$_DFFE_PP_,11.92,8.19,0.010969117859615185,11.909030882140385,clk_nand,VALIDATED
1473,g_chan[1].u_cdc_chr.mem[5][12]$_DFFE_PP_,11.92,8.19,0.010959122603013016,11.909040877396986,clk_nand,VALIDATED
1462,g_chan[1].u_cdc_chr.mem[3][12]$_DFFE_PP_,11.92,8.19,0.010949127346410847,11.909050872653589,clk_nand,VALIDATED
1468,g_chan[1].u_cdc_chr.mem[9][12]$_DFFE_PP_,11.92,8.19,0.010949127346410847,11.909050872653589,clk_nand,VALIDATED
1459,g_chan[1].u_cdc_chr.mem[2][12]$_DFFE_PP_,11.92,8.19,0.010949127346410847,11.909050872653589,clk_nand,VALIDATED
1457,g_chan[1].u_cdc_chr.mem[1][12]$_DFFE_PP_,11.92,8.19,0.010949127346410847,11.909050872653589,clk_nand,VALIDATED
1475,g_chan[1].u_cdc_chr.mem[10][12]$_DFFE_PP_,11.92,8.19,0.010949127346410847,11.909050872653589,clk_nand,VALIDATED
1481,g_chan[1].u_cdc_chr.mem[7][12]$_DFFE_PP_,11.92,8.19,0.010949127346410847,11.909050872653589,clk_nand,VALIDATED
1456,g_chan[1].u_cdc_chr.mem[0][12]$_DFFE_PP_,11.92,8.19,0.010949127346410847,11.909050872653589,clk_nand,VALIDATED
1410,g_chan[1].u_cdc_chr.mem[1][9]$_DFFE_PP_,11.92,8.19,0.010946717463812039,11.909053282536188,clk_nand,VALIDATED
1428,g_chan[1].u_cdc_chr.mem[10][31]$_DFFE_PP_,11.92,8.19,0.010944101132031259,11.909055898867969,clk_nand,VALIDATED
1430,g_chan[1].u_cdc_chr.mem[11][31]$_DFFE_PP_,11.92,8.19,0.010944101132031259,11.909055898867969,clk_nand,VALIDATED
1480,g_chan[1].u_cdc_chr.mem[6][12]$_DFFE_PP_,11.92,8.19,0.010939631446328146,11.909060368553671,clk_nand,VALIDATED
1439,g_chan[1].u_cdc_chr.mem[6][31]$_DFFE_PP_,11.92,8.19,0.010933074069642723,11.909066925930357,clk_nand,VALIDATED
1426,g_chan[1].u_cdc_chr.mem[5][31]$_DFFE_PP_,11.92,8.19,0.010922047007254188,11.909077952992746,clk_nand,VALIDATED
1435,g_chan[1].u_cdc_chr.mem[7][31]$_DFFE_PP_,11.92,8.19,0.010922047007254188,11.909077952992746,clk_nand,VALIDATED
1429,g_chan[1].u_cdc_chr.mem[10][9]$_DFFE_PP_,11.92,8.19,0.010913154883391396,11.909086845116608,clk_nand,VALIDATED
1431,g_chan[1].u_cdc_chr.mem[11][9]$_DFFE_PP_,11.92,8.19,0.010913154883391396,11.909086845116608,clk_nand,VALIDATED
1474,g_chan[1].u_cdc_chr.mem[7][9]$_DFFE_PP_,11.92,8.19,0.010910529235312882,11.909089470764687,clk_nand,VALIDATED
1465,g_chan[1].u_cdc_chr.mem[5][9]$_DFFE_PP_,11.92,8.19,0.010910529235312882,11.909089470764687,clk_nand,VALIDATED
1440,g_chan[1].u_cdc_chr.mem[6][9]$_DFFE_PP_,11.92,8.19,0.010910529235312882,11.909089470764687,clk_nand,VALIDATED
1466,g_chan[1].u_cdc_chr.mem[15][9]$_DFFE_PP_,11.92,8.19,0.010910529235312882,11.909089470764687,clk_nand,VALIDATED
1434,g_chan[1].u_cdc_chr.mem[14][9]$_DFFE_PP_,11.92,8.19,0.010910529235312882,11.909089470764687,clk_nand,VALIDATED
1472,g_chan[1].u_cdc_chr.mem[13][9]$_DFFE_PP_,11.92,8.19,0.010910529235312882,11.909089470764687,clk_nand,VALIDATED
1471,g_chan[1].u_cdc_chr.mem[12][9]$_DFFE_PP_,11.92,8.19,0.010910529235312882,11.909089470764687,clk_nand,VALIDATED
1433,g_chan[1].u_cdc_chr.mem[3][9]$_DFFE_PP_,11.92,8.19,0.010910529235312882,11.909089470764687,clk_nand,VALIDATED
1467,g_chan[1].u_cdc_chr.mem[2][9]$_DFFE_PP_,11.92,8.19,0.010910529235312882,11.909089470764687,clk_nand,VALIDATED
1476,g_chan[1].u_cdc_chr.mem[4][9]$_DFFE_PP_,11.92,8.19,0.010910529235312882,11.909089470764687,clk_nand,VALIDATED
1423,g_chan[1].u_cdc_chr.mem[8][9]$_DFFE_PP_,11.92,8.19,0.010903048494164569,11.909096951505836,clk_nand,VALIDATED
1425,g_chan[1].u_cdc_chr.mem[9][9]$_DFFE_PP_,11.92,8.19,0.010903048494164569,11.909096951505836,clk_nand,VALIDATED
1460,g_chan[1].u_cdc_chr.mem[12][13]$_DFFE_PP_,11.92,8.19,0.010886985905545599,11.909113014094455,clk_nand,VALIDATED
1432,g_chan[1].u_cdc_chr.mem[15][13]$_DFFE_PP_,11.92,8.19,0.010886985905545599,11.909113014094455,clk_nand,VALIDATED
1442,g_chan[1].u_cdc_chr.mem[4][13]$_DFFE_PP_,11.92,8.19,0.010886985905545599,11.909113014094455,clk_nand,VALIDATED
1461,g_chan[1].u_cdc_chr.mem[13][13]$_DFFE_PP_,11.92,8.19,0.010886985905545599,11.909113014094455,clk_nand,VALIDATED
1438,g_chan[1].u_cdc_chr.mem[14][13]$_DFFE_PP_,11.92,8.19,0.010886985905545599,11.909113014094455,clk_nand,VALIDATED
1463,g_chan[1].u_cdc_chr.mem[7][13]$_DFFE_PP_,11.92,8.19,0.010872830777167497,11.909127169222833,clk_nand,VALIDATED
1464,g_chan[1].u_cdc_chr.mem[6][13]$_DFFE_PP_,11.92,8.19,0.010872830777167497,11.909127169222833,clk_nand,VALIDATED
1417,g_chan[1].u_cdc_chr.mem[10][13]$_DFFE_PP_,11.92,8.19,0.01085062322753716,11.909149376772463,clk_nand,VALIDATED
1346,g_chan[1].u_cdc_chr.mem[4][12]$_DFFE_PP_,11.92,8.19,0.010838187589508497,11.909161812410492,clk_nand,VALIDATED
1405,g_chan[1].u_cdc_chr.mem[8][31]$_DFFE_PP_,11.92,8.19,0.010797420426738702,11.909202579573261,clk_nand,VALIDATED
1406,g_chan[1].u_cdc_chr.mem[9][31]$_DFFE_PP_,11.92,8.19,0.010797420426738702,11.909202579573261,clk_nand,VALIDATED
1314,g_chan[1].u_cdc_chr.mem[12][25]$_DFFE_PP_,11.92,8.2,0.01078818967310513,11.909211810326894,clk_nand,VALIDATED
1409,g_chan[1].u_cdc_chr.mem[1][31]$_DFFE_PP_,11.92,8.19,0.010762361904198103,11.909237638095801,clk_nand,VALIDATED
1408,g_chan[1].u_cdc_chr.mem[0][31]$_DFFE_PP_,11.92,8.19,0.010762361904198103,11.909237638095801,clk_nand,VALIDATED
1415,g_chan[1].u_cdc_chr.mem[14][31]$_DFFE_PP_,11.92,8.19,0.010762361904198103,11.909237638095801,clk_nand,VALIDATED
1411,g_chan[1].u_cdc_chr.mem[15][31]$_DFFE_PP_,11.92,8.19,0.010762361904198103,11.909237638095801,clk_nand,VALIDATED
1317,g_chan[1].u_cdc_chr.mem[4][25]$_DFFE_PP_,11.92,8.2,0.010753668089517832,11.909246331910483,clk_nand,VALIDATED
1319,g_chan[1].u_cdc_chr.mem[7][25]$_DFFE_PP_,11.92,8.2,0.010753668089517832,11.909246331910483,clk_nand,VALIDATED
1318,g_chan[1].u_cdc_chr.mem[6][25]$_DFFE_PP_,11.92,8.2,0.010753668089517832,11.909246331910483,clk_nand,VALIDATED
1412,g_chan[1].u_cdc_chr.mem[2][31]$_DFFE_PP_,11.92,8.19,0.01074256477597113,11.90925743522403,clk_nand,VALIDATED
1414,g_chan[1].u_cdc_chr.mem[3][31]$_DFFE_PP_,11.92,8.19,0.01074256477597113,11.90925743522403,clk_nand,VALIDATED
1309,g_chan[1].u_cdc_chr.mem[13][25]$_DFFE_PP_,11.92,8.2,0.010710500164957115,11.909289499835042,clk_nand,VALIDATED
1320,g_chan[1].u_cdc_chr.mem[1][27]$_DFFE_PP_,11.92,8.2,0.010658242000278983,11.909341757999721,clk_nand,VALIDATED
1316,g_chan[1].u_cdc_chr.mem[3][27]$_DFFE_PP_,11.92,8.2,0.010658242000278983,11.909341757999721,clk_nand,VALIDATED
1315,g_chan[1].u_cdc_chr.mem[2][27]$_DFFE_PP_,11.92,8.2,0.010658242000278983,11.909341757999721,clk_nand,VALIDATED
1306,g_chan[1].u_cdc_chr.mem[0][21]$_DFFE_PP_,11.92,8.2,0.01063070977241487,11.909369290227586,clk_nand,VALIDATED
1308,g_chan[1].u_cdc_chr.mem[11][21]$_DFFE_PP_,11.92,8.2,0.01063070977241487,11.909369290227586,clk_nand,VALIDATED
1307,g_chan[1].u_cdc_chr.mem[10][21]$_DFFE_PP_,11.92,8.2,0.01063070977241487,11.909369290227586,clk_nand,VALIDATED
1310,g_chan[1].u_cdc_chr.mem[1][21]$_DFFE_PP_,11.92,8.2,0.01063070977241487,11.909369290227586,clk_nand,VALIDATED
1313,g_chan[1].u_cdc_chr.mem[8][21]$_DFFE_PP_,11.92,8.2,0.01063070977241487,11.909369290227586,clk_nand,VALIDATED
1344,g_chan[1].u_cdc_chr.mem[11][12]$_DFFE_PP_,11.92,8.19,0.010613937182321065,11.90938606281768,clk_nand,VALIDATED
1334,g_chan[1].u_cdc_chr.mem[8][12]$_DFFE_PP_,11.92,8.19,0.010613937182321065,11.90938606281768,clk_nand,VALIDATED
1311,g_chan[1].u_cdc_chr.mem[2][21]$_DFFE_PP_,11.92,8.2,0.010602685380438404,11.90939731461956,clk_nand,VALIDATED
1312,g_chan[1].u_cdc_chr.mem[3][21]$_DFFE_PP_,11.92,8.2,0.010602685380438404,11.90939731461956,clk_nand,VALIDATED
1332,g_chan[1].u_cdc_chr.mem[10][1]$_DFFE_PP_,11.92,8.19,0.01047095155839406,11.909529048441605,clk_nand,VALIDATED
1333,g_chan[1].u_cdc_chr.mem[11][1]$_DFFE_PP_,11.92,8.19,0.01047095155839406,11.909529048441605,clk_nand,VALIDATED
1507,g_chan[1].u_cdc_chr.mem[3][1]$_DFFE_PP_,11.92,8.19,0.010395297988473828,11.909604702011526,clk_nand,VALIDATED
1328,g_chan[1].u_cdc_chr.mem[13][4]$_DFFE_PP_,11.92,8.2,0.010394618403757994,11.909605381596242,clk_nand,VALIDATED
1329,g_chan[1].u_cdc_chr.mem[14][4]$_DFFE_PP_,11.92,8.2,0.010394618403757994,11.909605381596242,clk_nand,VALIDATED
1330,g_chan[1].u_cdc_chr.mem[15][4]$_DFFE_PP_,11.92,8.2,0.010394618403757994,11.909605381596242,clk_nand,VALIDATED
1509,g_chan[1].u_cdc_chr.mem[2][1]$_DFFE_PP_,11.92,8.19,0.010369871809921216,11.909630128190079,clk_nand,VALIDATED
1508,g_chan[1].u_cdc_chr.mem[2][0]$_DFFE_PP_,11.92,8.19,0.010369501590220542,11.90963049840978,clk_nand,VALIDATED
1331,g_chan[1].u_cdc_chr.mem[12][4]$_DFFE_PP_,11.92,8.2,0.010358783348266232,11.909641216651734,clk_nand,VALIDATED
1424,g_chan[1].u_cdc_chr.mem[9][1]$_DFFE_PP_,11.92,8.19,0.01035820484471861,11.90964179515528,clk_nand,VALIDATED
1506,g_chan[1].u_cdc_chr.mem[3][0]$_DFFE_PP_,11.92,8.19,0.01034407541166793,11.909655924588332,clk_nand,VALIDATED
1505,g_chan[1].u_cdc_chr.mem[9][3]$_DFFE_PP_,11.92,8.18,0.010156021761180911,11.909843978238818,clk_nand,VALIDATED
1504,g_chan[1].u_cdc_chr.mem[8][3]$_DFFE_PP_,11.92,8.18,0.010140527306679581,11.90985947269332,clk_nand,VALIDATED
1582,g_chan[0].u_cdc_chr.mem[13][22]$_DFFE_PP_,11.93,8.18,0.013136935085795165,11.916863064914205,clk_nand,VALIDATED
1593,g_chan[0].u_cdc_chr.mem[8][22]$_DFFE_PP_,11.93,8.18,0.013136935085795165,11.916863064914205,clk_nand,VALIDATED
1580,g_chan[0].u_cdc_chr.mem[9][22]$_DFFE_PP_,11.93,8.18,0.013136935085795165,11.916863064914205,clk_nand,VALIDATED
1574,g_chan[0].u_cdc_chr.mem[13][30]$_DFFE_PP_,11.93,8.18,0.012716457295747108,11.917283542704252,clk_nand,VALIDATED
1596,g_chan[0].u_cdc_chr.mem[11][30]$_DFFE_PP_,11.93,8.18,0.012693639358512754,11.917306360641486,clk_nand,VALIDATED
1590,g_chan[0].u_cdc_chr.mem[10][30]$_DFFE_PP_,11.93,8.18,0.012693639358512754,11.917306360641486,clk_nand,VALIDATED
1581,g_chan[0].u_cdc_chr.mem[13][20]$_DFFE_PP_,11.93,8.18,0.01259267743996495,11.917407322560035,clk_nand,VALIDATED
1588,g_chan[0].u_cdc_chr.mem[5][20]$_DFFE_PP_,11.93,8.18,0.01259267743996495,11.917407322560035,clk_nand,VALIDATED
1600,g_chan[0].u_cdc_chr.mem[12][20]$_DFFE_PP_,11.93,8.18,0.01259267743996495,11.917407322560035,clk_nand,VALIDATED
1587,g_chan[0].u_cdc_chr.mem[4][20]$_DFFE_PP_,11.93,8.18,0.01259267743996495,11.917407322560035,clk_nand,VALIDATED
1599,g_chan[0].u_cdc_chr.mem[5][30]$_DFFE_PP_,11.93,8.18,0.012581686717834661,11.917418313282164,clk_nand,VALIDATED
1573,g_chan[0].u_cdc_chr.mem[6][30]$_DFFE_PP_,11.93,8.18,0.012581686717834661,11.917418313282164,clk_nand,VALIDATED
1575,g_chan[0].u_cdc_chr.mem[7][30]$_DFFE_PP_,11.93,8.18,0.012581686717834661,11.917418313282164,clk_nand,VALIDATED
1598,g_chan[0].u_cdc_chr.mem[4][30]$_DFFE_PP_,11.93,8.18,0.012581686717834661,11.917418313282164,clk_nand,VALIDATED
1585,g_chan[0].u_cdc_chr.mem[9][30]$_DFFE_PP_,11.93,8.18,0.012546664168401778,11.917453335831597,clk_nand,VALIDATED
1594,g_chan[0].u_cdc_chr.mem[8][30]$_DFFE_PP_,11.93,8.18,0.012546664168401778,11.917453335831597,clk_nand,VALIDATED
1578,g_chan[0].u_cdc_chr.mem[15][30]$_DFFE_PP_,11.93,8.18,0.012490687848062731,11.917509312151937,clk_nand,VALIDATED
1576,g_chan[0].u_cdc_chr.mem[14][30]$_DFFE_PP_,11.93,8.18,0.0124589069347113,11.917541093065289,clk_nand,VALIDATED
1592,g_chan[0].u_cdc_chr.mem[8][20]$_DFFE_PP_,11.93,8.18,0.01243508892481815,11.917564911075182,clk_nand,VALIDATED
1595,g_chan[0].u_cdc_chr.mem[11][20]$_DFFE_PP_,11.93,8.18,0.01243508892481815,11.917564911075182,clk_nand,VALIDATED
1589,g_chan[0].u_cdc_chr.mem[10][20]$_DFFE_PP_,11.93,8.18,0.01243508892481815,11.917564911075182,clk_nand,VALIDATED
1584,g_chan[0].u_cdc_chr.mem[9][20]$_DFFE_PP_,11.93,8.18,0.01243508892481815,11.917564911075182,clk_nand,VALIDATED
1591,g_chan[0].u_cdc_chr.mem[10][4]$_DFFE_PP_,11.93,8.18,0.011865260880943085,11.918134739119056,clk_nand,VALIDATED
1597,g_chan[0].u_cdc_chr.mem[11][4]$_DFFE_PP_,11.93,8.18,0.011865260880943085,11.918134739119056,clk_nand,VALIDATED
1586,g_chan[0].u_cdc_chr.mem[9][4]$_DFFE_PP_,11.93,8.18,0.011833479967591654,11.918166520032408,clk_nand,VALIDATED
1577,g_chan[0].u_cdc_chr.mem[14][4]$_DFFE_PP_,11.93,8.18,0.011746257469678945,11.918253742530322,clk_nand,VALIDATED
1583,g_chan[0].u_cdc_chr.mem[13][4]$_DFFE_PP_,11.93,8.18,0.011746257469678945,11.918253742530322,clk_nand,VALIDATED
1579,g_chan[0].u_cdc_chr.mem[15][4]$_DFFE_PP_,11.93,8.18,0.011746257469678945,11.918253742530322,clk_nand,VALIDATED
1571,g_chan[1].u_cdc_chr.mem[4][8]$_DFFE_PP_,11.93,8.18,0.010751829770039745,11.91924817022996,clk_nand,VALIDATED
1572,g_chan[1].u_cdc_chr.mem[5][8]$_DFFE_PP_,11.93,8.18,0.01072122181091284,11.919278778189087,clk_nand,VALIDATED
1554,g_chan[1].u_cdc_chr.mem[11][16]$_DFFE_PP_,11.93,8.18,0.010698143898763113,11.919301856101237,clk_nand,VALIDATED
1564,g_chan[1].u_cdc_chr.mem[9][16]$_DFFE_PP_,11.93,8.18,0.010693232318669033,11.91930676768133,clk_nand,VALIDATED
1560,g_chan[1].u_cdc_chr.mem[10][16]$_DFFE_PP_,11.93,8.18,0.010693232318669033,11.91930676768133,clk_nand,VALIDATED
1563,g_chan[1].u_cdc_chr.mem[8][16]$_DFFE_PP_,11.93,8.18,0.010684801824822787,11.919315198175177,clk_nand,VALIDATED
1555,g_chan[1].u_cdc_chr.mem[11][8]$_DFFE_PP_,11.93,8.18,0.010554132127789217,11.919445867872211,clk_nand,VALIDATED
1559,g_chan[1].u_cdc_chr.mem[0][8]$_DFFE_PP_,11.93,8.18,0.010554132127789217,11.919445867872211,clk_nand,VALIDATED
1553,g_chan[1].u_cdc_chr.mem[10][8]$_DFFE_PP_,11.93,8.18,0.010554132127789217,11.919445867872211,clk_nand,VALIDATED
1562,g_chan[1].u_cdc_chr.mem[3][8]$_DFFE_PP_,11.93,8.18,0.010554132127789217,11.919445867872211,clk_nand,VALIDATED
1561,g_chan[1].u_cdc_chr.mem[1][8]$_DFFE_PP_,11.93,8.18,0.010554132127789217,11.919445867872211,clk_nand,VALIDATED
1558,g_chan[1].u_cdc_chr.mem[9][8]$_DFFE_PP_,11.93,8.18,0.010554132127789217,11.919445867872211,clk_nand,VALIDATED
1556,g_chan[1].u_cdc_chr.mem[2][8]$_DFFE_PP_,11.93,8.18,0.010554132127789217,11.919445867872211,clk_nand,VALIDATED
1521,g_chan[1].u_cdc_chr.mem[7][28]$_DFFE_PP_,11.93,8.18,0.010462870932108514,11.91953712906789,clk_nand,VALIDATED
1519,g_chan[1].u_cdc_chr.mem[1][28]$_DFFE_PP_,11.93,8.18,0.010462870932108514,11.91953712906789,clk_nand,VALIDATED
1517,g_chan[1].u_cdc_chr.mem[0][28]$_DFFE_PP_,11.93,8.18,0.010462870932108514,11.91953712906789,clk_nand,VALIDATED
1520,g_chan[1].u_cdc_chr.mem[6][28]$_DFFE_PP_,11.93,8.18,0.010462870932108514,11.91953712906789,clk_nand,VALIDATED
1514,g_chan[1].u_cdc_chr.mem[10][28]$_DFFE_PP_,11.93,8.18,0.01044060335441499,11.919559396645585,clk_nand,VALIDATED
1516,g_chan[1].u_cdc_chr.mem[9][28]$_DFFE_PP_,11.93,8.18,0.01044060335441499,11.919559396645585,clk_nand,VALIDATED
1518,g_chan[1].u_cdc_chr.mem[11][28]$_DFFE_PP_,11.93,8.18,0.01044060335441499,11.919559396645585,clk_nand,VALIDATED
1515,g_chan[1].u_cdc_chr.mem[8][28]$_DFFE_PP_,11.93,8.18,0.01044060335441499,11.919559396645585,clk_nand,VALIDATED
1527,g_chan[1].u_cdc_chr.mem[4][1]$_DFFE_PP_,11.93,8.19,0.010395297988473828,11.919604702011526,clk_nand,VALIDATED
1523,g_chan[1].u_cdc_chr.mem[0][1]$_DFFE_PP_,11.93,8.19,0.010395297988473828,11.919604702011526,clk_nand,VALIDATED
1512,g_chan[1].u_cdc_chr.mem[14][1]$_DFFE_PP_,11.93,8.19,0.010395297988473828,11.919604702011526,clk_nand,VALIDATED
1526,g_chan[1].u_cdc_chr.mem[1][1]$_DFFE_PP_,11.93,8.19,0.010395297988473828,11.919604702011526,clk_nand,VALIDATED
1510,g_chan[1].u_cdc_chr.mem[12][1]$_DFFE_PP_,11.93,8.19,0.010395297988473828,11.919604702011526,clk_nand,VALIDATED
1511,g_chan[1].u_cdc_chr.mem[13][1]$_DFFE_PP_,11.93,8.19,0.010395297988473828,11.919604702011526,clk_nand,VALIDATED
1530,g_chan[1].u_cdc_chr.mem[8][1]$_DFFE_PP_,11.93,8.19,0.010395297988473828,11.919604702011526,clk_nand,VALIDATED
1532,g_chan[1].u_cdc_chr.mem[15][1]$_DFFE_PP_,11.93,8.19,0.010395297988473828,11.919604702011526,clk_nand,VALIDATED
1522,g_chan[1].u_cdc_chr.mem[6][1]$_DFFE_PP_,11.93,8.19,0.010369871809921216,11.919630128190079,clk_nand,VALIDATED
1528,g_chan[1].u_cdc_chr.mem[5][1]$_DFFE_PP_,11.93,8.19,0.010369871809921216,11.919630128190079,clk_nand,VALIDATED
1529,g_chan[1].u_cdc_chr.mem[7][1]$_DFFE_PP_,11.93,8.19,0.010369871809921216,11.919630128190079,clk_nand,VALIDATED
1531,g_chan[1].u_cdc_chr.mem[6][2]$_DFFE_PP_,11.93,8.19,0.010346597412528968,11.919653402587471,clk_nand,VALIDATED
1536,g_chan[1].u_cdc_chr.mem[7][2]$_DFFE_PP_,11.93,8.19,0.010346597412528968,11.919653402587471,clk_nand,VALIDATED
1533,g_chan[1].u_cdc_chr.mem[15][2]$_DFFE_PP_,11.93,8.19,0.010343557039636853,11.919656442960363,clk_nand,VALIDATED
1513,g_chan[1].u_cdc_chr.mem[14][2]$_DFFE_PP_,11.93,8.19,0.010343557039636853,11.919656442960363,clk_nand,VALIDATED
1547,g_chan[1].u_cdc_chr.mem[8][0]$_DFFE_PP_,11.93,8.19,0.010339160020402804,11.919660839979597,clk_nand,VALIDATED
1549,g_chan[1].u_cdc_chr.mem[9][0]$_DFFE_PP_,11.93,8.19,0.010339160020402804,11.919660839979597,clk_nand,VALIDATED
1541,g_chan[1].u_cdc_chr.mem[10][0]$_DFFE_PP_,11.93,8.19,0.010339160020402804,11.919660839979597,clk_nand,VALIDATED
1534,g_chan[1].u_cdc_chr.mem[4][0]$_DFFE_PP_,11.93,8.19,0.010339160020402804,11.919660839979597,clk_nand,VALIDATED
1543,g_chan[1].u_cdc_chr.mem[15][0]$_DFFE_PP_,11.93,8.19,0.010339160020402804,11.919660839979597,clk_nand,VALIDATED
1545,g_chan[1].u_cdc_chr.mem[5][0]$_DFFE_PP_,11.93,8.19,0.010339160020402804,11.919660839979597,clk_nand,VALIDATED
1570,g_chan[1].u_cdc_chr.mem[7][0]$_DFFE_PP_,11.93,8.19,0.010330395761239508,11.91966960423876,clk_nand,VALIDATED
1569,g_chan[1].u_cdc_chr.mem[14][0]$_DFFE_PP_,11.93,8.19,0.010330395761239508,11.91966960423876,clk_nand,VALIDATED
1565,g_chan[1].u_cdc_chr.mem[6][0]$_DFFE_PP_,11.93,8.19,0.010330395761239508,11.91966960423876,clk_nand,VALIDATED
1539,g_chan[1].u_cdc_chr.mem[13][0]$_DFFE_PP_,11.93,8.19,0.010330395761239508,11.91966960423876,clk_nand,VALIDATED
1537,g_chan[1].u_cdc_chr.mem[12][0]$_DFFE_PP_,11.93,8.19,0.010330395761239508,11.91966960423876,clk_nand,VALIDATED
1524,g_chan[1].u_cdc_chr.mem[11][0]$_DFFE_PP_,11.93,8.19,0.010309053542220115,11.919690946457779,clk_nand,VALIDATED
1566,g_chan[1].u_cdc_chr.mem[0][0]$_DFFE_PP_,11.93,8.19,0.010309053542220115,11.919690946457779,clk_nand,VALIDATED
1535,g_chan[1].u_cdc_chr.mem[4][2]$_DFFE_PP_,11.93,8.19,0.010293870037050734,11.919706129962949,clk_nand,VALIDATED
1546,g_chan[1].u_cdc_chr.mem[5][2]$_DFFE_PP_,11.93,8.19,0.010293870037050734,11.919706129962949,clk_nand,VALIDATED
1550,g_chan[1].u_cdc_chr.mem[9][2]$_DFFE_PP_,11.93,8.19,0.010290829664158618,11.91970917033584,clk_nand,VALIDATED
1548,g_chan[1].u_cdc_chr.mem[8][2]$_DFFE_PP_,11.93,8.19,0.010290829664158618,11.91970917033584,clk_nand,VALIDATED
1542,g_chan[1].u_cdc_chr.mem[10][2]$_DFFE_PP_,11.93,8.19,0.010290829664158618,11.91970917033584,clk_nand,VALIDATED
1557,g_chan[1].u_cdc_chr.mem[8][7]$_DFFE_PP_,11.93,8.18,0.010288109854457161,11.919711890145543,clk_nand,VALIDATED
1538,g_chan[1].u_cdc_chr.mem[12][2]$_DFFE_PP_,11.93,8.19,0.010285105777887438,11.919714894222112,clk_nand,VALIDATED
1540,g_chan[1].u_cdc_chr.mem[13][2]$_DFFE_PP_,11.93,8.19,0.010285105777887438,11.919714894222112,clk_nand,VALIDATED
1568,g_chan[1].u_cdc_chr.mem[1][0]$_DFFE_PP_,11.93,8.19,0.010278947064037425,11.919721052935962,clk_nand,VALIDATED
1525,g_chan[1].u_cdc_chr.mem[11][2]$_DFFE_PP_,11.93,8.19,0.010260723185975928,11.919739276814024,clk_nand,VALIDATED
1544,g_chan[1].u_cdc_chr.mem[1][2]$_DFFE_PP_,11.93,8.19,0.010260723185975928,11.919739276814024,clk_nand,VALIDATED
1551,g_chan[1].u_cdc_chr.mem[3][2]$_DFFE_PP_,11.93,8.19,0.010230616707793239,11.919769383292206,clk_nand,VALIDATED
1552,g_chan[1].u_cdc_chr.mem[2][2]$_DFFE_PP_,11.93,8.19,0.010230616707793239,11.919769383292206,clk_nand,VALIDATED
1567,g_chan[1].u_cdc_chr.mem[0][2]$_DFFE_PP_,11.93,8.19,0.010230616707793239,11.919769383292206,clk_nand,VALIDATED
