path_id,endpoint,clock_domain,slack_ns,delay_ns,droop_penalty_ns,effective_slack_ns,check_type,droop_source,droop_design,droop_file,vdd_v,includes_vss,provenance
400,_44521_,clk_core,2.1,3.0,0.1265018394149793,1.9734981605850208,clock_gating,guardband_5pct,hypothetical_guardband_5pct,uniform_5pct_vdd_budget,1.1,False,VALIDATED
401,g_clkgate.u_cg_core.en_latched$_DLATCH_N_,clk_core,2.15,0.74,0.03120378705569503,2.118796212944305,setup,guardband_5pct,hypothetical_guardband_5pct,uniform_5pct_vdd_budget,1.1,False,VALIDATED
402,c_cmd_addr[30]$_DFFE_PN0N_,clk_core,3.76,1.6,0.06746764768798916,3.6925323523120106,setup,guardband_5pct,hypothetical_guardband_5pct,uniform_5pct_vdd_budget,1.1,False,VALIDATED
403,c_cmd_len[9]$_DFFE_PN0N_,clk_core,3.77,1.6,0.06746764768798916,3.702532352312011,setup,guardband_5pct,hypothetical_guardband_5pct,uniform_5pct_vdd_budget,1.1,False,VALIDATED
405,c_cmd_addr[28]$_DFFE_PN0N_,clk_core,3.78,1.59,0.067045974889939,3.712954025110061,setup,guardband_5pct,hypothetical_guardband_5pct,uniform_5pct_vdd_budget,1.1,False,VALIDATED
404,c_cmd_addr[27]$_DFFE_PN0N_,clk_core,3.78,1.59,0.067045974889939,3.712954025110061,setup,guardband_5pct,hypothetical_guardband_5pct,uniform_5pct_vdd_budget,1.1,False,VALIDATED
407,c_cmd_len[7]$_DFFE_PN0N_,clk_core,3.8,1.57,0.06620262929383902,3.733797370706161,setup,guardband_5pct,hypothetical_guardband_5pct,uniform_5pct_vdd_budget,1.1,False,VALIDATED
406,c_cmd_addr[29]$_DFFE_PN0N_,clk_core,3.8,1.57,0.06620262929383902,3.733797370706161,setup,guardband_5pct,hypothetical_guardband_5pct,uniform_5pct_vdd_budget,1.1,False,VALIDATED
408,c_cmd_len[11]$_DFFE_PN0N_,clk_core,3.81,1.56,0.06578095649578927,3.7442190435042106,setup,guardband_5pct,hypothetical_guardband_5pct,uniform_5pct_vdd_budget,1.1,False,VALIDATED
409,c_cmd_len[16]$_DFFE_PN0N_,clk_core,3.84,1.53,0.06451593810163941,3.7754840618983603,setup,guardband_5pct,hypothetical_guardband_5pct,uniform_5pct_vdd_budget,1.1,False,VALIDATED
410,c_cmd_len[23]$_DFFE_PN0N_,clk_core,3.84,1.53,0.06451593810163941,3.7754840618983603,setup,guardband_5pct,hypothetical_guardband_5pct,uniform_5pct_vdd_budget,1.1,False,VALIDATED
412,c_cmd_addr[21]$_DFFE_PN0N_,clk_core,3.84,1.52,0.06409426530358966,3.77590573469641,setup,guardband_5pct,hypothetical_guardband_5pct,uniform_5pct_vdd_budget,1.1,False,VALIDATED
413,c_cmd_len[18]$_DFFE_PN0N_,clk_core,3.84,1.52,0.06409426530358966,3.77590573469641,setup,guardband_5pct,hypothetical_guardband_5pct,uniform_5pct_vdd_budget,1.1,False,VALIDATED
411,u_dma_fabric.rbeat_data[12]$_DFFE_PN0P_,clk_core,3.84,1.5,0.06325091970748961,3.77674908029251,setup,guardband_5pct,hypothetical_guardband_5pct,uniform_5pct_vdd_budget,1.1,False,VALIDATED
414,c_cmd_len[22]$_DFFE_PN0N_,clk_core,3.85,1.52,0.06409426530358966,3.7859057346964105,setup,guardband_5pct,hypothetical_guardband_5pct,uniform_5pct_vdd_budget,1.1,False,VALIDATED
415,c_cmd_len[10]$_DFFE_PN0N_,clk_core,3.85,1.52,0.06409426530358966,3.7859057346964105,setup,guardband_5pct,hypothetical_guardband_5pct,uniform_5pct_vdd_budget,1.1,False,VALIDATED
419,c_cmd_len[4]$_DFFE_PN0N_,clk_core,3.85,1.52,0.06409426530358966,3.7859057346964105,setup,guardband_5pct,hypothetical_guardband_5pct,uniform_5pct_vdd_budget,1.1,False,VALIDATED
433,g_chan[0].u_cdc_chw.mem[3][31]$_DFFE_PP_,clk_core,3.85,1.51,0.06367259250553958,3.7863274074944604,setup,guardband_5pct,hypothetical_guardband_5pct,uniform_5pct_vdd_budget,1.1,False,VALIDATED
435,g_chan[0].u_cdc_chw.mem[12][31]$_DFFE_PP_,clk_core,3.85,1.51,0.06367259250553958,3.7863274074944604,setup,guardband_5pct,hypothetical_guardband_5pct,uniform_5pct_vdd_budget,1.1,False,VALIDATED
434,g_chan[0].u_cdc_chw.mem[14][31]$_DFFE_PP_,clk_core,3.85,1.51,0.06367259250553958,3.7863274074944604,setup,guardband_5pct,hypothetical_guardband_5pct,uniform_5pct_vdd_budget,1.1,False,VALIDATED
421,g_chan[0].u_cdc_chw.mem[11][31]$_DFFE_PP_,clk_core,3.85,1.51,0.06367259250553958,3.7863274074944604,setup,guardband_5pct,hypothetical_guardband_5pct,uniform_5pct_vdd_budget,1.1,False,VALIDATED
420,g_chan[0].u_cdc_chw.mem[1][31]$_DFFE_PP_,clk_core,3.85,1.51,0.06367259250553958,3.7863274074944604,setup,guardband_5pct,hypothetical_guardband_5pct,uniform_5pct_vdd_budget,1.1,False,VALIDATED
423,g_chan[0].u_cdc_chw.mem[10][31]$_DFFE_PP_,clk_core,3.85,1.51,0.06367259250553958,3.7863274074944604,setup,guardband_5pct,hypothetical_guardband_5pct,uniform_5pct_vdd_budget,1.1,False,VALIDATED
436,c_cmd_addr[31]$_DFFE_PN0N_,clk_core,3.85,1.51,0.06367259250553961,3.7863274074944604,setup,guardband_5pct,hypothetical_guardband_5pct,uniform_5pct_vdd_budget,1.1,False,VALIDATED
430,g_chan[0].u_cdc_chw.mem[6][31]$_DFFE_PP_,clk_core,3.85,1.51,0.06367259250553958,3.7863274074944604,setup,guardband_5pct,hypothetical_guardband_5pct,uniform_5pct_vdd_budget,1.1,False,VALIDATED
429,g_chan[0].u_cdc_chw.mem[13][31]$_DFFE_PP_,clk_core,3.85,1.51,0.06367259250553958,3.7863274074944604,setup,guardband_5pct,hypothetical_guardband_5pct,uniform_5pct_vdd_budget,1.1,False,VALIDATED
427,g_chan[0].u_cdc_chw.mem[9][31]$_DFFE_PP_,clk_core,3.85,1.51,0.06367259250553958,3.7863274074944604,setup,guardband_5pct,hypothetical_guardband_5pct,uniform_5pct_vdd_budget,1.1,False,VALIDATED
431,g_chan[0].u_cdc_chw.mem[15][31]$_DFFE_PP_,clk_core,3.85,1.51,0.06367259250553958,3.7863274074944604,setup,guardband_5pct,hypothetical_guardband_5pct,uniform_5pct_vdd_budget,1.1,False,VALIDATED
418,g_chan[0].u_cdc_chw.mem[0][31]$_DFFE_PP_,clk_core,3.85,1.51,0.06367259250553958,3.7863274074944604,setup,guardband_5pct,hypothetical_guardband_5pct,uniform_5pct_vdd_budget,1.1,False,VALIDATED
426,g_chan[0].u_cdc_chw.mem[5][31]$_DFFE_PP_,clk_core,3.85,1.51,0.06367259250553958,3.7863274074944604,setup,guardband_5pct,hypothetical_guardband_5pct,uniform_5pct_vdd_budget,1.1,False,VALIDATED
422,g_chan[0].u_cdc_chw.mem[8][31]$_DFFE_PP_,clk_core,3.85,1.51,0.06367259250553958,3.7863274074944604,setup,guardband_5pct,hypothetical_guardband_5pct,uniform_5pct_vdd_budget,1.1,False,VALIDATED
424,g_chan[0].u_cdc_chw.mem[4][31]$_DFFE_PP_,clk_core,3.85,1.51,0.06367259250553958,3.7863274074944604,setup,guardband_5pct,hypothetical_guardband_5pct,uniform_5pct_vdd_budget,1.1,False,VALIDATED
425,g_chan[0].u_cdc_chw.mem[7][31]$_DFFE_PP_,clk_core,3.85,1.51,0.06367259250553958,3.7863274074944604,setup,guardband_5pct,hypothetical_guardband_5pct,uniform_5pct_vdd_budget,1.1,False,VALIDATED
432,g_chan[0].u_cdc_chw.mem[2][31]$_DFFE_PP_,clk_core,3.85,1.51,0.06367259250553958,3.7863274074944604,setup,guardband_5pct,hypothetical_guardband_5pct,uniform_5pct_vdd_budget,1.1,False,VALIDATED
447,c_cmd_addr[9]$_DFFE_PN0N_,clk_core,3.85,1.51,0.0636725925055394,3.786327407494461,setup,guardband_5pct,hypothetical_guardband_5pct,uniform_5pct_vdd_budget,1.1,False,VALIDATED
450,c_cmd_opcode[6]$_DFFE_PN0N_,clk_core,3.85,1.51,0.0636725925055394,3.786327407494461,setup,guardband_5pct,hypothetical_guardband_5pct,uniform_5pct_vdd_budget,1.1,False,VALIDATED
439,g_chan[0].u_cdc_chw.mem[4][14]$_DFFE_PP_,clk_core,3.85,1.5,0.0632509197074896,3.7867490802925103,setup,guardband_5pct,hypothetical_guardband_5pct,uniform_5pct_vdd_budget,1.1,False,VALIDATED
416,u_dma_fabric.rbeat_data[10]$_DFFE_PN0P_,clk_core,3.85,1.5,0.06325091970748967,3.7867490802925103,setup,guardband_5pct,hypothetical_guardband_5pct,uniform_5pct_vdd_budget,1.1,False,VALIDATED
438,g_chan[0].u_cdc_chw.mem[10][14]$_DFFE_PP_,clk_core,3.85,1.5,0.0632509197074896,3.7867490802925103,setup,guardband_5pct,hypothetical_guardband_5pct,uniform_5pct_vdd_budget,1.1,False,VALIDATED
448,g_chan[0].u_cdc_chw.mem[5][14]$_DFFE_PP_,clk_core,3.85,1.5,0.0632509197074896,3.7867490802925103,setup,guardband_5pct,hypothetical_guardband_5pct,uniform_5pct_vdd_budget,1.1,False,VALIDATED
446,g_chan[0].u_cdc_chw.mem[8][14]$_DFFE_PP_,clk_core,3.85,1.5,0.0632509197074896,3.7867490802925103,setup,guardband_5pct,hypothetical_guardband_5pct,uniform_5pct_vdd_budget,1.1,False,VALIDATED
440,g_chan[0].u_cdc_chw.mem[15][14]$_DFFE_PP_,clk_core,3.85,1.5,0.0632509197074896,3.7867490802925103,setup,guardband_5pct,hypothetical_guardband_5pct,uniform_5pct_vdd_budget,1.1,False,VALIDATED
442,g_chan[0].u_cdc_chw.mem[13][14]$_DFFE_PP_,clk_core,3.85,1.5,0.0632509197074896,3.7867490802925103,setup,guardband_5pct,hypothetical_guardband_5pct,uniform_5pct_vdd_budget,1.1,False,VALIDATED
441,g_chan[0].u_cdc_chw.mem[14][14]$_DFFE_PP_,clk_core,3.85,1.5,0.0632509197074896,3.7867490802925103,setup,guardband_5pct,hypothetical_guardband_5pct,uniform_5pct_vdd_budget,1.1,False,VALIDATED
449,g_chan[0].u_cdc_chw.mem[6][14]$_DFFE_PP_,clk_core,3.85,1.5,0.0632509197074896,3.7867490802925103,setup,guardband_5pct,hypothetical_guardband_5pct,uniform_5pct_vdd_budget,1.1,False,VALIDATED
445,g_chan[0].u_cdc_chw.mem[9][14]$_DFFE_PP_,clk_core,3.85,1.5,0.0632509197074896,3.7867490802925103,setup,guardband_5pct,hypothetical_guardband_5pct,uniform_5pct_vdd_budget,1.1,False,VALIDATED
437,g_chan[0].u_cdc_chw.mem[11][14]$_DFFE_PP_,clk_core,3.85,1.5,0.0632509197074896,3.7867490802925103,setup,guardband_5pct,hypothetical_guardband_5pct,uniform_5pct_vdd_budget,1.1,False,VALIDATED
444,g_chan[1].u_cdc_chw.mem[0][14]$_DFFE_PP_,clk_core,3.85,1.49,0.06282924690943961,3.7871707530905603,setup,guardband_5pct,hypothetical_guardband_5pct,uniform_5pct_vdd_budget,1.1,False,VALIDATED
417,u_dma_fabric.rbeat_data[17]$_DFFE_PN0P_,clk_core,3.85,1.49,0.06282924690943978,3.7871707530905603,setup,guardband_5pct,hypothetical_guardband_5pct,uniform_5pct_vdd_budget,1.1,False,VALIDATED
443,u_dma_fabric.rbeat_data[30]$_DFFE_PN0P_,clk_core,3.85,1.49,0.06282924690943961,3.7871707530905603,setup,guardband_5pct,hypothetical_guardband_5pct,uniform_5pct_vdd_budget,1.1,False,VALIDATED
428,u_dma_fabric.rbeat_data[13]$_DFFE_PN0P_,clk_core,3.85,1.49,0.06282924690943978,3.7871707530905603,setup,guardband_5pct,hypothetical_guardband_5pct,uniform_5pct_vdd_budget,1.1,False,VALIDATED
498,c_cmd_len[28]$_DFFE_PN0N_,clk_core,3.86,1.51,0.06367259250553961,3.79632740749446,setup,guardband_5pct,hypothetical_guardband_5pct,uniform_5pct_vdd_budget,1.1,False,VALIDATED
474,c_cmd_addr[10]$_DFFE_PN0N_,clk_core,3.86,1.51,0.0636725925055394,3.7963274074944606,setup,guardband_5pct,hypothetical_guardband_5pct,uniform_5pct_vdd_budget,1.1,False,VALIDATED
472,c_cmd_addr[7]$_DFFE_PN0N_,clk_core,3.86,1.51,0.0636725925055394,3.7963274074944606,setup,guardband_5pct,hypothetical_guardband_5pct,uniform_5pct_vdd_budget,1.1,False,VALIDATED
470,c_cmd_addr[2]$_DFFE_PN0N_,clk_core,3.86,1.51,0.0636725925055394,3.7963274074944606,setup,guardband_5pct,hypothetical_guardband_5pct,uniform_5pct_vdd_budget,1.1,False,VALIDATED
461,c_cmd_addr[6]$_DFFE_PN0N_,clk_core,3.86,1.51,0.0636725925055394,3.7963274074944606,setup,guardband_5pct,hypothetical_guardband_5pct,uniform_5pct_vdd_budget,1.1,False,VALIDATED
467,c_cmd_addr[8]$_DFFE_PN0N_,clk_core,3.86,1.51,0.0636725925055394,3.7963274074944606,setup,guardband_5pct,hypothetical_guardband_5pct,uniform_5pct_vdd_budget,1.1,False,VALIDATED
457,c_cmd_addr[11]$_DFFE_PN0N_,clk_core,3.86,1.51,0.0636725925055394,3.7963274074944606,setup,guardband_5pct,hypothetical_guardband_5pct,uniform_5pct_vdd_budget,1.1,False,VALIDATED
452,g_chan[0].u_cdc_chw.mem[7][14]$_DFFE_PP_,clk_core,3.86,1.5,0.0632509197074896,3.79674908029251,setup,guardband_5pct,hypothetical_guardband_5pct,uniform_5pct_vdd_budget,1.1,False,VALIDATED
462,g_chan[0].u_cdc_chw.mem[12][14]$_DFFE_PP_,clk_core,3.86,1.5,0.0632509197074896,3.79674908029251,setup,guardband_5pct,hypothetical_guardband_5pct,uniform_5pct_vdd_budget,1.1,False,VALIDATED
456,g_chan[0].u_cdc_chw.mem[3][14]$_DFFE_PP_,clk_core,3.86,1.5,0.0632509197074896,3.79674908029251,setup,guardband_5pct,hypothetical_guardband_5pct,uniform_5pct_vdd_budget,1.1,False,VALIDATED
454,g_chan[0].u_cdc_chw.mem[2][14]$_DFFE_PP_,clk_core,3.86,1.5,0.0632509197074896,3.79674908029251,setup,guardband_5pct,hypothetical_guardband_5pct,uniform_5pct_vdd_budget,1.1,False,VALIDATED
453,g_chan[0].u_cdc_chw.mem[1][14]$_DFFE_PP_,clk_core,3.86,1.5,0.0632509197074896,3.79674908029251,setup,guardband_5pct,hypothetical_guardband_5pct,uniform_5pct_vdd_budget,1.1,False,VALIDATED
458,g_chan[0].u_cdc_chw.mem[0][14]$_DFFE_PP_,clk_core,3.86,1.5,0.0632509197074896,3.79674908029251,setup,guardband_5pct,hypothetical_guardband_5pct,uniform_5pct_vdd_budget,1.1,False,VALIDATED
496,g_chan[0].u_cdc_chw.mem[3][17]$_DFFE_PP_,clk_core,3.86,1.49,0.06282924690943961,3.79717075309056,setup,guardband_5pct,hypothetical_guardband_5pct,uniform_5pct_vdd_budget,1.1,False,VALIDATED
492,g_chan[0].u_cdc_chw.mem[6][17]$_DFFE_PP_,clk_core,3.86,1.49,0.06282924690943961,3.79717075309056,setup,guardband_5pct,hypothetical_guardband_5pct,uniform_5pct_vdd_budget,1.1,False,VALIDATED
484,g_chan[1].u_cdc_chw.mem[6][31]$_DFFE_PP_,clk_core,3.86,1.49,0.06282924690943961,3.79717075309056,setup,guardband_5pct,hypothetical_guardband_5pct,uniform_5pct_vdd_budget,1.1,False,VALIDATED
481,g_chan[1].u_cdc_chw.mem[3][14]$_DFFE_PP_,clk_core,3.86,1.49,0.06282924690943961,3.79717075309056,setup,guardband_5pct,hypothetical_guardband_5pct,uniform_5pct_vdd_budget,1.1,False,VALIDATED
485,g_chan[0].u_cdc_chw.mem[0][17]$_DFFE_PP_,clk_core,3.86,1.49,0.06282924690943961,3.79717075309056,setup,guardband_5pct,hypothetical_guardband_5pct,uniform_5pct_vdd_budget,1.1,False,VALIDATED
486,g_chan[1].u_cdc_chw.mem[2][31]$_DFFE_PP_,clk_core,3.86,1.49,0.06282924690943961,3.79717075309056,setup,guardband_5pct,hypothetical_guardband_5pct,uniform_5pct_vdd_budget,1.1,False,VALIDATED
488,g_chan[0].u_cdc_chw.mem[7][17]$_DFFE_PP_,clk_core,3.86,1.49,0.06282924690943961,3.79717075309056,setup,guardband_5pct,hypothetical_guardband_5pct,uniform_5pct_vdd_budget,1.1,False,VALIDATED
483,g_chan[0].u_cdc_chw.mem[1][17]$_DFFE_PP_,clk_core,3.86,1.49,0.06282924690943961,3.79717075309056,setup,guardband_5pct,hypothetical_guardband_5pct,uniform_5pct_vdd_budget,1.1,False,VALIDATED
491,g_chan[1].u_cdc_chw.mem[5][31]$_DFFE_PP_,clk_core,3.86,1.49,0.06282924690943961,3.79717075309056,setup,guardband_5pct,hypothetical_guardband_5pct,uniform_5pct_vdd_budget,1.1,False,VALIDATED
494,g_chan[0].u_cdc_chw.mem[2][17]$_DFFE_PP_,clk_core,3.86,1.49,0.06282924690943961,3.79717075309056,setup,guardband_5pct,hypothetical_guardband_5pct,uniform_5pct_vdd_budget,1.1,False,VALIDATED
489,g_chan[1].u_cdc_chw.mem[7][14]$_DFFE_PP_,clk_core,3.86,1.49,0.06282924690943961,3.79717075309056,setup,guardband_5pct,hypothetical_guardband_5pct,uniform_5pct_vdd_budget,1.1,False,VALIDATED
490,g_chan[0].u_cdc_chw.mem[8][17]$_DFFE_PP_,clk_core,3.86,1.49,0.06282924690943961,3.79717075309056,setup,guardband_5pct,hypothetical_guardband_5pct,uniform_5pct_vdd_budget,1.1,False,VALIDATED
493,g_chan[1].u_cdc_chw.mem[4][31]$_DFFE_PP_,clk_core,3.86,1.49,0.06282924690943961,3.79717075309056,setup,guardband_5pct,hypothetical_guardband_5pct,uniform_5pct_vdd_budget,1.1,False,VALIDATED
487,g_chan[1].u_cdc_chw.mem[4][14]$_DFFE_PP_,clk_core,3.86,1.49,0.06282924690943961,3.79717075309056,setup,guardband_5pct,hypothetical_guardband_5pct,uniform_5pct_vdd_budget,1.1,False,VALIDATED
495,g_chan[0].u_cdc_chw.mem[9][17]$_DFFE_PP_,clk_core,3.86,1.49,0.06282924690943961,3.79717075309056,setup,guardband_5pct,hypothetical_guardband_5pct,uniform_5pct_vdd_budget,1.1,False,VALIDATED
455,g_chan[1].u_cdc_chw.mem[7][31]$_DFFE_PP_,clk_core,3.86,1.49,0.06282924690943961,3.79717075309056,setup,guardband_5pct,hypothetical_guardband_5pct,uniform_5pct_vdd_budget,1.1,False,VALIDATED
464,g_chan[0].u_cdc_chw.mem[11][17]$_DFFE_PP_,clk_core,3.86,1.49,0.06282924690943961,3.79717075309056,setup,guardband_5pct,hypothetical_guardband_5pct,uniform_5pct_vdd_budget,1.1,False,VALIDATED
463,g_chan[0].u_cdc_chw.mem[13][17]$_DFFE_PP_,clk_core,3.86,1.49,0.06282924690943961,3.79717075309056,setup,guardband_5pct,hypothetical_guardband_5pct,uniform_5pct_vdd_budget,1.1,False,VALIDATED
459,g_chan[1].u_cdc_chw.mem[1][14]$_DFFE_PP_,clk_core,3.86,1.49,0.06282924690943961,3.79717075309056,setup,guardband_5pct,hypothetical_guardband_5pct,uniform_5pct_vdd_budget,1.1,False,VALIDATED
460,g_chan[0].u_cdc_chw.mem[15][17]$_DFFE_PP_,clk_core,3.86,1.49,0.06282924690943961,3.79717075309056,setup,guardband_5pct,hypothetical_guardband_5pct,uniform_5pct_vdd_budget,1.1,False,VALIDATED
471,g_chan[0].u_cdc_chw.mem[14][17]$_DFFE_PP_,clk_core,3.86,1.49,0.06282924690943961,3.79717075309056,setup,guardband_5pct,hypothetical_guardband_5pct,uniform_5pct_vdd_budget,1.1,False,VALIDATED
466,g_chan[0].u_cdc_chw.mem[12][17]$_DFFE_PP_,clk_core,3.86,1.49,0.06282924690943961,3.79717075309056,setup,guardband_5pct,hypothetical_guardband_5pct,uniform_5pct_vdd_budget,1.1,False,VALIDATED
473,g_chan[1].u_cdc_chw.mem[1][31]$_DFFE_PP_,clk_core,3.86,1.49,0.06282924690943961,3.79717075309056,setup,guardband_5pct,hypothetical_guardband_5pct,uniform_5pct_vdd_budget,1.1,False,VALIDATED
465,g_chan[0].u_cdc_chw.mem[10][17]$_DFFE_PP_,clk_core,3.86,1.49,0.06282924690943961,3.79717075309056,setup,guardband_5pct,hypothetical_guardband_5pct,uniform_5pct_vdd_budget,1.1,False,VALIDATED
477,g_chan[1].u_cdc_chw.mem[5][14]$_DFFE_PP_,clk_core,3.86,1.49,0.06282924690943961,3.79717075309056,setup,guardband_5pct,hypothetical_guardband_5pct,uniform_5pct_vdd_budget,1.1,False,VALIDATED
478,g_chan[0].u_cdc_chw.mem[4][17]$_DFFE_PP_,clk_core,3.86,1.49,0.06282924690943961,3.79717075309056,setup,guardband_5pct,hypothetical_guardband_5pct,uniform_5pct_vdd_budget,1.1,False,VALIDATED
475,g_chan[1].u_cdc_chw.mem[2][14]$_DFFE_PP_,clk_core,3.86,1.49,0.06282924690943961,3.79717075309056,setup,guardband_5pct,hypothetical_guardband_5pct,uniform_5pct_vdd_budget,1.1,False,VALIDATED
476,g_chan[1].u_cdc_chw.mem[0][31]$_DFFE_PP_,clk_core,3.86,1.49,0.06282924690943961,3.79717075309056,setup,guardband_5pct,hypothetical_guardband_5pct,uniform_5pct_vdd_budget,1.1,False,VALIDATED
479,g_chan[0].u_cdc_chw.mem[5][17]$_DFFE_PP_,clk_core,3.86,1.49,0.06282924690943961,3.79717075309056,setup,guardband_5pct,hypothetical_guardband_5pct,uniform_5pct_vdd_budget,1.1,False,VALIDATED
480,g_chan[1].u_cdc_chw.mem[6][14]$_DFFE_PP_,clk_core,3.86,1.49,0.06282924690943961,3.79717075309056,setup,guardband_5pct,hypothetical_guardband_5pct,uniform_5pct_vdd_budget,1.1,False,VALIDATED
482,g_chan[1].u_cdc_chw.mem[3][31]$_DFFE_PP_,clk_core,3.86,1.49,0.06282924690943961,3.79717075309056,setup,guardband_5pct,hypothetical_guardband_5pct,uniform_5pct_vdd_budget,1.1,False,VALIDATED
451,u_dma_fabric.rbeat_data[19]$_DFFE_PN0P_,clk_core,3.86,1.49,0.06282924690943961,3.79717075309056,setup,guardband_5pct,hypothetical_guardband_5pct,uniform_5pct_vdd_budget,1.1,False,VALIDATED
468,u_dma_fabric.rbeat_data[16]$_DFFE_PN0P_,clk_core,3.86,1.48,0.062407574111389696,3.79759242588861,setup,guardband_5pct,hypothetical_guardband_5pct,uniform_5pct_vdd_budget,1.1,False,VALIDATED
469,u_dma_fabric.rbeat_data[29]$_DFFE_PN0P_,clk_core,3.86,1.48,0.06240757411138963,3.7975924258886105,setup,guardband_5pct,hypothetical_guardband_5pct,uniform_5pct_vdd_budget,1.1,False,VALIDATED
497,u_dma_fabric.rbeat_data[18]$_DFFE_PN0P_,clk_core,3.86,1.48,0.06240757411138963,3.7975924258886105,setup,guardband_5pct,hypothetical_guardband_5pct,uniform_5pct_vdd_budget,1.1,False,VALIDATED
499,c_cmd_len[5]$_DFFE_PN0N_,clk_core,3.87,1.5,0.06325091970748986,3.8067490802925104,setup,guardband_5pct,hypothetical_guardband_5pct,uniform_5pct_vdd_budget,1.1,False,VALIDATED
501,c_cmd_addr[26]$_DFFE_PN0N_,clk_core,3.87,1.49,0.0628292469094398,3.8071707530905603,setup,guardband_5pct,hypothetical_guardband_5pct,uniform_5pct_vdd_budget,1.1,False,VALIDATED
505,g_chan[1].u_cdc_chw.mem[3][17]$_DFFE_PP_,clk_core,3.87,1.48,0.06240757411138963,3.8075924258886107,setup,guardband_5pct,hypothetical_guardband_5pct,uniform_5pct_vdd_budget,1.1,False,VALIDATED
502,g_chan[1].u_cdc_chw.mem[1][17]$_DFFE_PP_,clk_core,3.87,1.48,0.06240757411138963,3.8075924258886107,setup,guardband_5pct,hypothetical_guardband_5pct,uniform_5pct_vdd_budget,1.1,False,VALIDATED
504,g_chan[1].u_cdc_chw.mem[0][17]$_DFFE_PP_,clk_core,3.87,1.48,0.06240757411138963,3.8075924258886107,setup,guardband_5pct,hypothetical_guardband_5pct,uniform_5pct_vdd_budget,1.1,False,VALIDATED
503,g_chan[1].u_cdc_chw.mem[2][17]$_DFFE_PP_,clk_core,3.87,1.48,0.06240757411138963,3.8075924258886107,setup,guardband_5pct,hypothetical_guardband_5pct,uniform_5pct_vdd_budget,1.1,False,VALIDATED
500,u_dma_fabric.rbeat_data[20]$_DFFE_PN0P_,clk_core,3.87,1.47,0.061985901313339864,3.80801409868666,setup,guardband_5pct,hypothetical_guardband_5pct,uniform_5pct_vdd_budget,1.1,False,VALIDATED
516,c_cmd_len[26]$_DFFE_PN0N_,clk_core,3.88,1.48,0.06240757411139006,3.81759242588861,setup,guardband_5pct,hypothetical_guardband_5pct,uniform_5pct_vdd_budget,1.1,False,VALIDATED
517,c_cmd_addr[20]$_DFFE_PN0N_,clk_core,3.88,1.48,0.06240757411139006,3.81759242588861,setup,guardband_5pct,hypothetical_guardband_5pct,uniform_5pct_vdd_budget,1.1,False,VALIDATED
513,g_chan[1].u_cdc_chw.mem[12][17]$_DFFE_PP_,clk_core,3.88,1.48,0.06240757411138963,3.8175924258886105,setup,guardband_5pct,hypothetical_guardband_5pct,uniform_5pct_vdd_budget,1.1,False,VALIDATED
506,g_chan[1].u_cdc_chw.mem[11][17]$_DFFE_PP_,clk_core,3.88,1.48,0.06240757411138963,3.8175924258886105,setup,guardband_5pct,hypothetical_guardband_5pct,uniform_5pct_vdd_budget,1.1,False,VALIDATED
507,g_chan[1].u_cdc_chw.mem[5][17]$_DFFE_PP_,clk_core,3.88,1.48,0.06240757411138963,3.8175924258886105,setup,guardband_5pct,hypothetical_guardband_5pct,uniform_5pct_vdd_budget,1.1,False,VALIDATED
512,g_chan[1].u_cdc_chw.mem[6][17]$_DFFE_PP_,clk_core,3.88,1.48,0.06240757411138963,3.8175924258886105,setup,guardband_5pct,hypothetical_guardband_5pct,uniform_5pct_vdd_budget,1.1,False,VALIDATED
511,g_chan[1].u_cdc_chw.mem[7][17]$_DFFE_PP_,clk_core,3.88,1.48,0.06240757411138963,3.8175924258886105,setup,guardband_5pct,hypothetical_guardband_5pct,uniform_5pct_vdd_budget,1.1,False,VALIDATED
510,g_chan[1].u_cdc_chw.mem[13][17]$_DFFE_PP_,clk_core,3.88,1.48,0.06240757411138963,3.8175924258886105,setup,guardband_5pct,hypothetical_guardband_5pct,uniform_5pct_vdd_budget,1.1,False,VALIDATED
509,g_chan[1].u_cdc_chw.mem[4][17]$_DFFE_PP_,clk_core,3.88,1.48,0.06240757411138963,3.8175924258886105,setup,guardband_5pct,hypothetical_guardband_5pct,uniform_5pct_vdd_budget,1.1,False,VALIDATED
508,g_chan[1].u_cdc_chw.mem[10][17]$_DFFE_PP_,clk_core,3.88,1.48,0.06240757411138963,3.8175924258886105,setup,guardband_5pct,hypothetical_guardband_5pct,uniform_5pct_vdd_budget,1.1,False,VALIDATED
514,g_chan[1].u_cdc_chw.mem[9][17]$_DFFE_PP_,clk_core,3.88,1.47,0.061985901313339906,3.81801409868666,setup,guardband_5pct,hypothetical_guardband_5pct,uniform_5pct_vdd_budget,1.1,False,VALIDATED
515,g_chan[1].u_cdc_chw.mem[8][17]$_DFFE_PP_,clk_core,3.88,1.47,0.061985901313339906,3.81801409868666,setup,guardband_5pct,hypothetical_guardband_5pct,uniform_5pct_vdd_budget,1.1,False,VALIDATED
518,c_cmd_addr[23]$_DFFE_PN0N_,clk_core,3.89,1.48,0.06240757411139006,3.8275924258886103,setup,guardband_5pct,hypothetical_guardband_5pct,uniform_5pct_vdd_budget,1.1,False,VALIDATED
519,c_cmd_len[20]$_DFFE_PN0N_,clk_core,3.89,1.47,0.06198590131334,3.82801409868666,setup,guardband_5pct,hypothetical_guardband_5pct,uniform_5pct_vdd_budget,1.1,False,VALIDATED
523,c_cmd_len[31]$_DFFE_PN0N_,clk_core,3.9,1.47,0.06198590131334,3.83801409868666,setup,guardband_5pct,hypothetical_guardband_5pct,uniform_5pct_vdd_budget,1.1,False,VALIDATED
520,c_cmd_len[14]$_DFFE_PN0N_,clk_core,3.9,1.47,0.06198590131334,3.83801409868666,setup,guardband_5pct,hypothetical_guardband_5pct,uniform_5pct_vdd_budget,1.1,False,VALIDATED
521,c_cmd_len[21]$_DFFE_PN0N_,clk_core,3.9,1.47,0.06198590131334,3.83801409868666,setup,guardband_5pct,hypothetical_guardband_5pct,uniform_5pct_vdd_budget,1.1,False,VALIDATED
522,c_cmd_len[29]$_DFFE_PN0N_,clk_core,3.9,1.46,0.061564228515289865,3.83843577148471,setup,guardband_5pct,hypothetical_guardband_5pct,uniform_5pct_vdd_budget,1.1,False,VALIDATED
525,c_cmd_len[13]$_DFFE_PN0N_,clk_core,3.91,1.46,0.06156422851528995,3.84843577148471,setup,guardband_5pct,hypothetical_guardband_5pct,uniform_5pct_vdd_budget,1.1,False,VALIDATED
524,c_cmd_len[27]$_DFFE_PN0N_,clk_core,3.91,1.46,0.061564228515289865,3.84843577148471,setup,guardband_5pct,hypothetical_guardband_5pct,uniform_5pct_vdd_budget,1.1,False,VALIDATED
526,c_cmd_len[2]$_DFFE_PN0N_,clk_core,3.91,1.45,0.061142555717240074,3.84885744428276,setup,guardband_5pct,hypothetical_guardband_5pct,uniform_5pct_vdd_budget,1.1,False,VALIDATED
527,c_cmd_len[30]$_DFFE_PN0N_,clk_core,3.92,1.45,0.061142555717240074,3.85885744428276,setup,guardband_5pct,hypothetical_guardband_5pct,uniform_5pct_vdd_budget,1.1,False,VALIDATED
528,c_cmd_len[8]$_DFFE_PN0N_,clk_core,3.92,1.45,0.061142555717240074,3.85885744428276,setup,guardband_5pct,hypothetical_guardband_5pct,uniform_5pct_vdd_budget,1.1,False,VALIDATED
543,c_cmd_addr[5]$_DFFE_PN0N_,clk_core,3.93,1.43,0.0602992101211402,3.86970078987886,setup,guardband_5pct,hypothetical_guardband_5pct,uniform_5pct_vdd_budget,1.1,False,VALIDATED
531,g_chan[0].u_cdc_chw.mem[4][25]$_DFFE_PP_,clk_core,3.93,1.42,0.0598775373230902,3.87012246267691,setup,guardband_5pct,hypothetical_guardband_5pct,uniform_5pct_vdd_budget,1.1,False,VALIDATED
530,g_chan[0].u_cdc_chw.mem[8][25]$_DFFE_PP_,clk_core,3.93,1.42,0.0598775373230902,3.87012246267691,setup,guardband_5pct,hypothetical_guardband_5pct,uniform_5pct_vdd_budget,1.1,False,VALIDATED
536,g_chan[0].u_cdc_chw.mem[1][25]$_DFFE_PP_,clk_core,3.93,1.42,0.0598775373230902,3.87012246267691,setup,guardband_5pct,hypothetical_guardband_5pct,uniform_5pct_vdd_budget,1.1,False,VALIDATED
529,g_chan[0].u_cdc_chw.mem[9][25]$_DFFE_PP_,clk_core,3.93,1.42,0.0598775373230902,3.87012246267691,setup,guardband_5pct,hypothetical_guardband_5pct,uniform_5pct_vdd_budget,1.1,False,VALIDATED
533,g_chan[0].u_cdc_chw.mem[5][25]$_DFFE_PP_,clk_core,3.93,1.42,0.0598775373230902,3.87012246267691,setup,guardband_5pct,hypothetical_guardband_5pct,uniform_5pct_vdd_budget,1.1,False,VALIDATED
532,g_chan[0].u_cdc_chw.mem[10][25]$_DFFE_PP_,clk_core,3.93,1.42,0.0598775373230902,3.87012246267691,setup,guardband_5pct,hypothetical_guardband_5pct,uniform_5pct_vdd_budget,1.1,False,VALIDATED
538,g_chan[0].u_cdc_chw.mem[11][25]$_DFFE_PP_,clk_core,3.93,1.42,0.0598775373230902,3.87012246267691,setup,guardband_5pct,hypothetical_guardband_5pct,uniform_5pct_vdd_budget,1.1,False,VALIDATED
537,g_chan[0].u_cdc_chw.mem[2][25]$_DFFE_PP_,clk_core,3.93,1.42,0.0598775373230902,3.87012246267691,setup,guardband_5pct,hypothetical_guardband_5pct,uniform_5pct_vdd_budget,1.1,False,VALIDATED
541,g_chan[0].u_cdc_chw.mem[0][25]$_DFFE_PP_,clk_core,3.93,1.42,0.0598775373230902,3.87012246267691,setup,guardband_5pct,hypothetical_guardband_5pct,uniform_5pct_vdd_budget,1.1,False,VALIDATED
542,g_chan[0].u_cdc_chw.mem[14][25]$_DFFE_PP_,clk_core,3.93,1.42,0.0598775373230902,3.87012246267691,setup,guardband_5pct,hypothetical_guardband_5pct,uniform_5pct_vdd_budget,1.1,False,VALIDATED
535,g_chan[0].u_cdc_chw.mem[7][25]$_DFFE_PP_,clk_core,3.93,1.42,0.0598775373230902,3.87012246267691,setup,guardband_5pct,hypothetical_guardband_5pct,uniform_5pct_vdd_budget,1.1,False,VALIDATED
534,g_chan[0].u_cdc_chw.mem[3][25]$_DFFE_PP_,clk_core,3.93,1.42,0.0598775373230902,3.87012246267691,setup,guardband_5pct,hypothetical_guardband_5pct,uniform_5pct_vdd_budget,1.1,False,VALIDATED
539,g_chan[0].u_cdc_chw.mem[13][25]$_DFFE_PP_,clk_core,3.93,1.41,0.05945586452504037,3.87054413547496,setup,guardband_5pct,hypothetical_guardband_5pct,uniform_5pct_vdd_budget,1.1,False,VALIDATED
544,g_chan[0].u_cdc_chw.mem[15][25]$_DFFE_PP_,clk_core,3.93,1.41,0.05945586452504037,3.87054413547496,setup,guardband_5pct,hypothetical_guardband_5pct,uniform_5pct_vdd_budget,1.1,False,VALIDATED
540,g_chan[0].u_cdc_chw.mem[12][25]$_DFFE_PP_,clk_core,3.93,1.41,0.05945586452504037,3.87054413547496,setup,guardband_5pct,hypothetical_guardband_5pct,uniform_5pct_vdd_budget,1.1,False,VALIDATED
545,c_cmd_addr[3]$_DFFE_PN0N_,clk_core,3.94,1.43,0.0602992101211402,3.87970078987886,setup,guardband_5pct,hypothetical_guardband_5pct,uniform_5pct_vdd_budget,1.1,False,VALIDATED
549,g_chan[0].u_cdc_chw.mem[6][25]$_DFFE_PP_,clk_core,3.94,1.42,0.0598775373230902,3.8801224626769097,setup,guardband_5pct,hypothetical_guardband_5pct,uniform_5pct_vdd_budget,1.1,False,VALIDATED
553,c_cmd_addr[4]$_DFFE_PN0N_,clk_core,3.94,1.42,0.05987753732309012,3.8801224626769097,setup,guardband_5pct,hypothetical_guardband_5pct,uniform_5pct_vdd_budget,1.1,False,VALIDATED
567,g_chan[0].u_cdc_chw.mem[12][24]$_DFFE_PP_,clk_core,3.94,1.41,0.05945586452504037,3.8805441354749597,setup,guardband_5pct,hypothetical_guardband_5pct,uniform_5pct_vdd_budget,1.1,False,VALIDATED
562,g_chan[0].u_cdc_chw.mem[13][24]$_DFFE_PP_,clk_core,3.94,1.41,0.05945586452504037,3.8805441354749597,setup,guardband_5pct,hypothetical_guardband_5pct,uniform_5pct_vdd_budget,1.1,False,VALIDATED
561,g_chan[0].u_cdc_chw.mem[10][24]$_DFFE_PP_,clk_core,3.94,1.41,0.05945586452504037,3.8805441354749597,setup,guardband_5pct,hypothetical_guardband_5pct,uniform_5pct_vdd_budget,1.1,False,VALIDATED
568,g_chan[0].u_cdc_chw.mem[4][24]$_DFFE_PP_,clk_core,3.94,1.41,0.05945586452504037,3.8805441354749597,setup,guardband_5pct,hypothetical_guardband_5pct,uniform_5pct_vdd_budget,1.1,False,VALIDATED
577,g_chan[1].u_cdc_chw.mem[8][31]$_DFFE_PP_,clk_core,3.94,1.41,0.05945586452504037,3.8805441354749597,setup,guardband_5pct,hypothetical_guardband_5pct,uniform_5pct_vdd_budget,1.1,False,VALIDATED
578,g_chan[0].u_cdc_chw.mem[0][23]$_DFFE_PP_,clk_core,3.94,1.41,0.05945586452504037,3.8805441354749597,setup,guardband_5pct,hypothetical_guardband_5pct,uniform_5pct_vdd_budget,1.1,False,VALIDATED
570,g_chan[0].u_cdc_chw.mem[9][23]$_DFFE_PP_,clk_core,3.94,1.41,0.05945586452504037,3.8805441354749597,setup,guardband_5pct,hypothetical_guardband_5pct,uniform_5pct_vdd_budget,1.1,False,VALIDATED
579,g_chan[0].u_cdc_chw.mem[8][23]$_DFFE_PP_,clk_core,3.94,1.41,0.05945586452504037,3.8805441354749597,setup,guardband_5pct,hypothetical_guardband_5pct,uniform_5pct_vdd_budget,1.1,False,VALIDATED
571,g_chan[0].u_cdc_chw.mem[8][24]$_DFFE_PP_,clk_core,3.94,1.41,0.05945586452504037,3.8805441354749597,setup,guardband_5pct,hypothetical_guardband_5pct,uniform_5pct_vdd_budget,1.1,False,VALIDATED
566,g_chan[0].u_cdc_chw.mem[6][24]$_DFFE_PP_,clk_core,3.94,1.41,0.05945586452504037,3.8805441354749597,setup,guardband_5pct,hypothetical_guardband_5pct,uniform_5pct_vdd_budget,1.1,False,VALIDATED
565,g_chan[0].u_cdc_chw.mem[5][24]$_DFFE_PP_,clk_core,3.94,1.41,0.05945586452504037,3.8805441354749597,setup,guardband_5pct,hypothetical_guardband_5pct,uniform_5pct_vdd_budget,1.1,False,VALIDATED
564,g_chan[0].u_cdc_chw.mem[7][23]$_DFFE_PP_,clk_core,3.94,1.41,0.05945586452504037,3.8805441354749597,setup,guardband_5pct,hypothetical_guardband_5pct,uniform_5pct_vdd_budget,1.1,False,VALIDATED
563,g_chan[0].u_cdc_chw.mem[1][24]$_DFFE_PP_,clk_core,3.94,1.41,0.05945586452504037,3.8805441354749597,setup,guardband_5pct,hypothetical_guardband_5pct,uniform_5pct_vdd_budget,1.1,False,VALIDATED
556,g_chan[0].u_cdc_chw.mem[7][24]$_DFFE_PP_,clk_core,3.94,1.41,0.05945586452504037,3.8805441354749597,setup,guardband_5pct,hypothetical_guardband_5pct,uniform_5pct_vdd_budget,1.1,False,VALIDATED
555,g_chan[0].u_cdc_chw.mem[2][24]$_DFFE_PP_,clk_core,3.94,1.41,0.05945586452504037,3.8805441354749597,setup,guardband_5pct,hypothetical_guardband_5pct,uniform_5pct_vdd_budget,1.1,False,VALIDATED
554,g_chan[0].u_cdc_chw.mem[9][24]$_DFFE_PP_,clk_core,3.94,1.41,0.05945586452504037,3.8805441354749597,setup,guardband_5pct,hypothetical_guardband_5pct,uniform_5pct_vdd_budget,1.1,False,VALIDATED
548,g_chan[1].u_cdc_chw.mem[12][31]$_DFFE_PP_,clk_core,3.94,1.41,0.05945586452504037,3.8805441354749597,setup,guardband_5pct,hypothetical_guardband_5pct,uniform_5pct_vdd_budget,1.1,False,VALIDATED
550,g_chan[1].u_cdc_chw.mem[13][31]$_DFFE_PP_,clk_core,3.94,1.41,0.05945586452504037,3.8805441354749597,setup,guardband_5pct,hypothetical_guardband_5pct,uniform_5pct_vdd_budget,1.1,False,VALIDATED
552,g_chan[0].u_cdc_chw.mem[14][24]$_DFFE_PP_,clk_core,3.94,1.41,0.05945586452504037,3.8805441354749597,setup,guardband_5pct,hypothetical_guardband_5pct,uniform_5pct_vdd_budget,1.1,False,VALIDATED
551,g_chan[1].u_cdc_chw.mem[14][31]$_DFFE_PP_,clk_core,3.94,1.41,0.05945586452504037,3.8805441354749597,setup,guardband_5pct,hypothetical_guardband_5pct,uniform_5pct_vdd_budget,1.1,False,VALIDATED
573,g_chan[0].u_cdc_chw.mem[11][24]$_DFFE_PP_,clk_core,3.94,1.41,0.05945586452504037,3.8805441354749597,setup,guardband_5pct,hypothetical_guardband_5pct,uniform_5pct_vdd_budget,1.1,False,VALIDATED
574,g_chan[0].u_cdc_chw.mem[4][23]$_DFFE_PP_,clk_core,3.94,1.41,0.05945586452504037,3.8805441354749597,setup,guardband_5pct,hypothetical_guardband_5pct,uniform_5pct_vdd_budget,1.1,False,VALIDATED
576,g_chan[0].u_cdc_chw.mem[1][23]$_DFFE_PP_,clk_core,3.94,1.41,0.05945586452504037,3.8805441354749597,setup,guardband_5pct,hypothetical_guardband_5pct,uniform_5pct_vdd_budget,1.1,False,VALIDATED
575,g_chan[0].u_cdc_chw.mem[5][23]$_DFFE_PP_,clk_core,3.94,1.41,0.05945586452504037,3.8805441354749597,setup,guardband_5pct,hypothetical_guardband_5pct,uniform_5pct_vdd_budget,1.1,False,VALIDATED
572,g_chan[0].u_cdc_chw.mem[3][23]$_DFFE_PP_,clk_core,3.94,1.41,0.05945586452504037,3.8805441354749597,setup,guardband_5pct,hypothetical_guardband_5pct,uniform_5pct_vdd_budget,1.1,False,VALIDATED
569,g_chan[0].u_cdc_chw.mem[2][23]$_DFFE_PP_,clk_core,3.94,1.41,0.05945586452504037,3.8805441354749597,setup,guardband_5pct,hypothetical_guardband_5pct,uniform_5pct_vdd_budget,1.1,False,VALIDATED
546,g_chan[1].u_cdc_chw.mem[10][31]$_DFFE_PP_,clk_core,3.94,1.41,0.05945586452504037,3.8805441354749597,setup,guardband_5pct,hypothetical_guardband_5pct,uniform_5pct_vdd_budget,1.1,False,VALIDATED
547,g_chan[1].u_cdc_chw.mem[15][31]$_DFFE_PP_,clk_core,3.94,1.41,0.05945586452504037,3.8805441354749597,setup,guardband_5pct,hypothetical_guardband_5pct,uniform_5pct_vdd_budget,1.1,False,VALIDATED
559,g_chan[0].u_cdc_chw.mem[3][24]$_DFFE_PP_,clk_core,3.94,1.41,0.05945586452504037,3.8805441354749597,setup,guardband_5pct,hypothetical_guardband_5pct,uniform_5pct_vdd_budget,1.1,False,VALIDATED
557,g_chan[0].u_cdc_chw.mem[0][24]$_DFFE_PP_,clk_core,3.94,1.41,0.05945586452504037,3.8805441354749597,setup,guardband_5pct,hypothetical_guardband_5pct,uniform_5pct_vdd_budget,1.1,False,VALIDATED
558,g_chan[0].u_cdc_chw.mem[6][23]$_DFFE_PP_,clk_core,3.94,1.41,0.05945586452504037,3.8805441354749597,setup,guardband_5pct,hypothetical_guardband_5pct,uniform_5pct_vdd_budget,1.1,False,VALIDATED
560,g_chan[0].u_cdc_chw.mem[15][24]$_DFFE_PP_,clk_core,3.94,1.41,0.05945586452504037,3.8805441354749597,setup,guardband_5pct,hypothetical_guardband_5pct,uniform_5pct_vdd_budget,1.1,False,VALIDATED
593,c_cmd_len[24]$_DFFE_PN0N_,clk_core,3.95,1.42,0.05987753732309012,3.89012246267691,setup,guardband_5pct,hypothetical_guardband_5pct,uniform_5pct_vdd_budget,1.1,False,VALIDATED
594,c_cmd_len[17]$_DFFE_PN0N_,clk_core,3.95,1.42,0.05987753732309012,3.89012246267691,setup,guardband_5pct,hypothetical_guardband_5pct,uniform_5pct_vdd_budget,1.1,False,VALIDATED
583,g_chan[1].u_cdc_chw.mem[9][31]$_DFFE_PP_,clk_core,3.95,1.41,0.05945586452504037,3.89054413547496,setup,guardband_5pct,hypothetical_guardband_5pct,uniform_5pct_vdd_budget,1.1,False,VALIDATED
582,g_chan[1].u_cdc_chw.mem[11][31]$_DFFE_PP_,clk_core,3.95,1.41,0.05945586452504037,3.89054413547496,setup,guardband_5pct,hypothetical_guardband_5pct,uniform_5pct_vdd_budget,1.1,False,VALIDATED
581,g_chan[0].u_cdc_chw.mem[12][23]$_DFFE_PP_,clk_core,3.95,1.41,0.05945586452504037,3.89054413547496,setup,guardband_5pct,hypothetical_guardband_5pct,uniform_5pct_vdd_budget,1.1,False,VALIDATED
580,g_chan[0].u_cdc_chw.mem[11][23]$_DFFE_PP_,clk_core,3.95,1.41,0.05945586452504037,3.89054413547496,setup,guardband_5pct,hypothetical_guardband_5pct,uniform_5pct_vdd_budget,1.1,False,VALIDATED
587,g_chan[0].u_cdc_chw.mem[13][23]$_DFFE_PP_,clk_core,3.95,1.41,0.05945586452504037,3.89054413547496,setup,guardband_5pct,hypothetical_guardband_5pct,uniform_5pct_vdd_budget,1.1,False,VALIDATED
586,g_chan[0].u_cdc_chw.mem[14][23]$_DFFE_PP_,clk_core,3.95,1.41,0.05945586452504037,3.89054413547496,setup,guardband_5pct,hypothetical_guardband_5pct,uniform_5pct_vdd_budget,1.1,False,VALIDATED
585,g_chan[0].u_cdc_chw.mem[15][23]$_DFFE_PP_,clk_core,3.95,1.41,0.05945586452504037,3.89054413547496,setup,guardband_5pct,hypothetical_guardband_5pct,uniform_5pct_vdd_budget,1.1,False,VALIDATED
584,g_chan[0].u_cdc_chw.mem[10][23]$_DFFE_PP_,clk_core,3.95,1.41,0.05945586452504037,3.89054413547496,setup,guardband_5pct,hypothetical_guardband_5pct,uniform_5pct_vdd_budget,1.1,False,VALIDATED
604,c_cmd_len[19]$_DFFE_PN0N_,clk_core,3.95,1.41,0.05945586452504033,3.89054413547496,setup,guardband_5pct,hypothetical_guardband_5pct,uniform_5pct_vdd_budget,1.1,False,VALIDATED
592,g_chan[1].u_cdc_chw.mem[9][14]$_DFFE_PP_,clk_core,3.95,1.4,0.05903419172699029,3.89096580827301,setup,guardband_5pct,hypothetical_guardband_5pct,uniform_5pct_vdd_budget,1.1,False,VALIDATED
605,g_chan[1].u_cdc_chw.mem[14][25]$_DFFE_PP_,clk_core,3.95,1.4,0.05903419172699029,3.89096580827301,setup,guardband_5pct,hypothetical_guardband_5pct,uniform_5pct_vdd_budget,1.1,False,VALIDATED
589,g_chan[1].u_cdc_chw.mem[14][14]$_DFFE_PP_,clk_core,3.95,1.4,0.05903419172699029,3.89096580827301,setup,guardband_5pct,hypothetical_guardband_5pct,uniform_5pct_vdd_budget,1.1,False,VALIDATED
588,g_chan[1].u_cdc_chw.mem[14][23]$_DFFE_PP_,clk_core,3.95,1.4,0.05903419172699029,3.89096580827301,setup,guardband_5pct,hypothetical_guardband_5pct,uniform_5pct_vdd_budget,1.1,False,VALIDATED
591,g_chan[1].u_cdc_chw.mem[15][23]$_DFFE_PP_,clk_core,3.95,1.4,0.05903419172699029,3.89096580827301,setup,guardband_5pct,hypothetical_guardband_5pct,uniform_5pct_vdd_budget,1.1,False,VALIDATED
590,g_chan[1].u_cdc_chw.mem[15][14]$_DFFE_PP_,clk_core,3.95,1.4,0.05903419172699029,3.89096580827301,setup,guardband_5pct,hypothetical_guardband_5pct,uniform_5pct_vdd_budget,1.1,False,VALIDATED
607,g_chan[1].u_cdc_chw.mem[12][25]$_DFFE_PP_,clk_core,3.95,1.4,0.05903419172699029,3.89096580827301,setup,guardband_5pct,hypothetical_guardband_5pct,uniform_5pct_vdd_budget,1.1,False,VALIDATED
597,g_chan[1].u_cdc_chw.mem[13][14]$_DFFE_PP_,clk_core,3.95,1.4,0.05903419172699029,3.89096580827301,setup,guardband_5pct,hypothetical_guardband_5pct,uniform_5pct_vdd_budget,1.1,False,VALIDATED
598,g_chan[1].u_cdc_chw.mem[8][25]$_DFFE_PP_,clk_core,3.95,1.4,0.05903419172699029,3.89096580827301,setup,guardband_5pct,hypothetical_guardband_5pct,uniform_5pct_vdd_budget,1.1,False,VALIDATED
599,g_chan[1].u_cdc_chw.mem[12][14]$_DFFE_PP_,clk_core,3.95,1.4,0.05903419172699029,3.89096580827301,setup,guardband_5pct,hypothetical_guardband_5pct,uniform_5pct_vdd_budget,1.1,False,VALIDATED
600,g_chan[1].u_cdc_chw.mem[15][25]$_DFFE_PP_,clk_core,3.95,1.4,0.05903419172699029,3.89096580827301,setup,guardband_5pct,hypothetical_guardband_5pct,uniform_5pct_vdd_budget,1.1,False,VALIDATED
601,g_chan[1].u_cdc_chw.mem[1][25]$_DFFE_PP_,clk_core,3.95,1.4,0.05903419172699029,3.89096580827301,setup,guardband_5pct,hypothetical_guardband_5pct,uniform_5pct_vdd_budget,1.1,False,VALIDATED
602,g_chan[1].u_cdc_chw.mem[8][14]$_DFFE_PP_,clk_core,3.95,1.4,0.05903419172699029,3.89096580827301,setup,guardband_5pct,hypothetical_guardband_5pct,uniform_5pct_vdd_budget,1.1,False,VALIDATED
595,g_chan[1].u_cdc_chw.mem[10][14]$_DFFE_PP_,clk_core,3.95,1.4,0.05903419172699029,3.89096580827301,setup,guardband_5pct,hypothetical_guardband_5pct,uniform_5pct_vdd_budget,1.1,False,VALIDATED
596,g_chan[1].u_cdc_chw.mem[13][25]$_DFFE_PP_,clk_core,3.95,1.4,0.05903419172699029,3.89096580827301,setup,guardband_5pct,hypothetical_guardband_5pct,uniform_5pct_vdd_budget,1.1,False,VALIDATED
603,g_chan[1].u_cdc_chw.mem[11][14]$_DFFE_PP_,clk_core,3.95,1.4,0.05903419172699029,3.89096580827301,setup,guardband_5pct,hypothetical_guardband_5pct,uniform_5pct_vdd_budget,1.1,False,VALIDATED
606,g_chan[1].u_cdc_chw.mem[6][23]$_DFFE_PP_,clk_core,3.95,1.39,0.05861251892894047,3.89138748107106,setup,guardband_5pct,hypothetical_guardband_5pct,uniform_5pct_vdd_budget,1.1,False,VALIDATED
618,g_chan[1].u_cdc_chw.mem[8][23]$_DFFE_PP_,clk_core,3.96,1.4,0.05903419172699029,3.9009658082730096,setup,guardband_5pct,hypothetical_guardband_5pct,uniform_5pct_vdd_budget,1.1,False,VALIDATED
617,g_chan[1].u_cdc_chw.mem[13][23]$_DFFE_PP_,clk_core,3.96,1.4,0.05903419172699029,3.9009658082730096,setup,guardband_5pct,hypothetical_guardband_5pct,uniform_5pct_vdd_budget,1.1,False,VALIDATED
623,g_chan[0].u_cdc_chw.mem[8][12]$_DFFE_PP_,clk_core,3.96,1.4,0.05903419172699029,3.9009658082730096,setup,guardband_5pct,hypothetical_guardband_5pct,uniform_5pct_vdd_budget,1.1,False,VALIDATED
624,g_chan[0].u_cdc_chw.mem[14][12]$_DFFE_PP_,clk_core,3.96,1.4,0.05903419172699029,3.9009658082730096,setup,guardband_5pct,hypothetical_guardband_5pct,uniform_5pct_vdd_budget,1.1,False,VALIDATED
620,g_chan[1].u_cdc_chw.mem[12][23]$_DFFE_PP_,clk_core,3.96,1.4,0.05903419172699029,3.9009658082730096,setup,guardband_5pct,hypothetical_guardband_5pct,uniform_5pct_vdd_budget,1.1,False,VALIDATED
622,g_chan[0].u_cdc_chw.mem[9][12]$_DFFE_PP_,clk_core,3.96,1.4,0.05903419172699029,3.9009658082730096,setup,guardband_5pct,hypothetical_guardband_5pct,uniform_5pct_vdd_budget,1.1,False,VALIDATED
638,g_chan[0].u_cdc_chw.mem[2][12]$_DFFE_PP_,clk_core,3.96,1.4,0.05903419172699029,3.9009658082730096,setup,guardband_5pct,hypothetical_guardband_5pct,uniform_5pct_vdd_budget,1.1,False,VALIDATED
636,g_chan[0].u_cdc_chw.mem[7][12]$_DFFE_PP_,clk_core,3.96,1.4,0.05903419172699029,3.9009658082730096,setup,guardband_5pct,hypothetical_guardband_5pct,uniform_5pct_vdd_budget,1.1,False,VALIDATED
615,g_chan[0].u_cdc_chw.mem[10][12]$_DFFE_PP_,clk_core,3.96,1.4,0.05903419172699029,3.9009658082730096,setup,guardband_5pct,hypothetical_guardband_5pct,uniform_5pct_vdd_budget,1.1,False,VALIDATED
614,g_chan[0].u_cdc_chw.mem[11][12]$_DFFE_PP_,clk_core,3.96,1.4,0.05903419172699029,3.9009658082730096,setup,guardband_5pct,hypothetical_guardband_5pct,uniform_5pct_vdd_budget,1.1,False,VALIDATED
635,g_chan[0].u_cdc_chw.mem[0][12]$_DFFE_PP_,clk_core,3.96,1.4,0.05903419172699029,3.9009658082730096,setup,guardband_5pct,hypothetical_guardband_5pct,uniform_5pct_vdd_budget,1.1,False,VALIDATED
639,g_chan[0].u_cdc_chw.mem[3][12]$_DFFE_PP_,clk_core,3.96,1.4,0.05903419172699029,3.9009658082730096,setup,guardband_5pct,hypothetical_guardband_5pct,uniform_5pct_vdd_budget,1.1,False,VALIDATED
631,g_chan[0].u_cdc_chw.mem[5][12]$_DFFE_PP_,clk_core,3.96,1.4,0.05903419172699029,3.9009658082730096,setup,guardband_5pct,hypothetical_guardband_5pct,uniform_5pct_vdd_budget,1.1,False,VALIDATED
634,g_chan[1].u_cdc_chw.mem[9][23]$_DFFE_PP_,clk_core,3.96,1.4,0.05903419172699029,3.9009658082730096,setup,guardband_5pct,hypothetical_guardband_5pct,uniform_5pct_vdd_budget,1.1,False,VALIDATED
630,g_chan[0].u_cdc_chw.mem[6][12]$_DFFE_PP_,clk_core,3.96,1.4,0.05903419172699029,3.9009658082730096,setup,guardband_5pct,hypothetical_guardband_5pct,uniform_5pct_vdd_budget,1.1,False,VALIDATED
625,g_chan[0].u_cdc_chw.mem[15][12]$_DFFE_PP_,clk_core,3.96,1.4,0.05903419172699029,3.9009658082730096,setup,guardband_5pct,hypothetical_guardband_5pct,uniform_5pct_vdd_budget,1.1,False,VALIDATED
626,g_chan[0].u_cdc_chw.mem[4][12]$_DFFE_PP_,clk_core,3.96,1.4,0.05903419172699029,3.9009658082730096,setup,guardband_5pct,hypothetical_guardband_5pct,uniform_5pct_vdd_budget,1.1,False,VALIDATED
627,g_chan[0].u_cdc_chw.mem[12][12]$_DFFE_PP_,clk_core,3.96,1.4,0.05903419172699029,3.9009658082730096,setup,guardband_5pct,hypothetical_guardband_5pct,uniform_5pct_vdd_budget,1.1,False,VALIDATED
628,g_chan[0].u_cdc_chw.mem[13][12]$_DFFE_PP_,clk_core,3.96,1.4,0.05903419172699029,3.9009658082730096,setup,guardband_5pct,hypothetical_guardband_5pct,uniform_5pct_vdd_budget,1.1,False,VALIDATED
641,g_chan[0].u_cdc_chw.mem[1][12]$_DFFE_PP_,clk_core,3.96,1.4,0.05903419172699029,3.9009658082730096,setup,guardband_5pct,hypothetical_guardband_5pct,uniform_5pct_vdd_budget,1.1,False,VALIDATED
647,g_chan[0].u_cdc_chw.mem[8][16]$_DFFE_PP_,clk_core,3.96,1.4,0.05903419172699029,3.9009658082730096,setup,guardband_5pct,hypothetical_guardband_5pct,uniform_5pct_vdd_budget,1.1,False,VALIDATED
655,g_chan[0].u_cdc_chw.mem[14][16]$_DFFE_PP_,clk_core,3.96,1.4,0.05903419172699029,3.9009658082730096,setup,guardband_5pct,hypothetical_guardband_5pct,uniform_5pct_vdd_budget,1.1,False,VALIDATED
646,g_chan[0].u_cdc_chw.mem[12][16]$_DFFE_PP_,clk_core,3.96,1.4,0.05903419172699029,3.9009658082730096,setup,guardband_5pct,hypothetical_guardband_5pct,uniform_5pct_vdd_budget,1.1,False,VALIDATED
654,g_chan[0].u_cdc_chw.mem[15][16]$_DFFE_PP_,clk_core,3.96,1.4,0.05903419172699029,3.9009658082730096,setup,guardband_5pct,hypothetical_guardband_5pct,uniform_5pct_vdd_budget,1.1,False,VALIDATED
656,g_chan[0].u_cdc_chw.mem[13][16]$_DFFE_PP_,clk_core,3.96,1.4,0.05903419172699029,3.9009658082730096,setup,guardband_5pct,hypothetical_guardband_5pct,uniform_5pct_vdd_budget,1.1,False,VALIDATED
651,g_chan[0].u_cdc_chw.mem[11][16]$_DFFE_PP_,clk_core,3.96,1.4,0.05903419172699029,3.9009658082730096,setup,guardband_5pct,hypothetical_guardband_5pct,uniform_5pct_vdd_budget,1.1,False,VALIDATED
637,g_chan[0].u_cdc_chw.mem[4][16]$_DFFE_PP_,clk_core,3.96,1.39,0.058612518928940455,3.9013874810710596,setup,guardband_5pct,hypothetical_guardband_5pct,uniform_5pct_vdd_budget,1.1,False,VALIDATED
609,g_chan[1].u_cdc_chw.mem[4][12]$_DFFE_PP_,clk_core,3.96,1.39,0.05861251892894055,3.9013874810710596,setup,guardband_5pct,hypothetical_guardband_5pct,uniform_5pct_vdd_budget,1.1,False,VALIDATED
632,g_chan[1].u_cdc_chw.mem[3][23]$_DFFE_PP_,clk_core,3.96,1.39,0.05861251892894047,3.9013874810710596,setup,guardband_5pct,hypothetical_guardband_5pct,uniform_5pct_vdd_budget,1.1,False,VALIDATED
629,g_chan[1].u_cdc_chw.mem[4][23]$_DFFE_PP_,clk_core,3.96,1.39,0.05861251892894047,3.9013874810710596,setup,guardband_5pct,hypothetical_guardband_5pct,uniform_5pct_vdd_budget,1.1,False,VALIDATED
633,g_chan[1].u_cdc_chw.mem[2][23]$_DFFE_PP_,clk_core,3.96,1.39,0.05861251892894047,3.9013874810710596,setup,guardband_5pct,hypothetical_guardband_5pct,uniform_5pct_vdd_budget,1.1,False,VALIDATED
612,g_chan[1].u_cdc_chw.mem[3][12]$_DFFE_PP_,clk_core,3.96,1.39,0.05861251892894055,3.9013874810710596,setup,guardband_5pct,hypothetical_guardband_5pct,uniform_5pct_vdd_budget,1.1,False,VALIDATED
613,g_chan[1].u_cdc_chw.mem[5][12]$_DFFE_PP_,clk_core,3.96,1.39,0.05861251892894055,3.9013874810710596,setup,guardband_5pct,hypothetical_guardband_5pct,uniform_5pct_vdd_budget,1.1,False,VALIDATED
616,g_chan[1].u_cdc_chw.mem[1][12]$_DFFE_PP_,clk_core,3.96,1.39,0.05861251892894055,3.9013874810710596,setup,guardband_5pct,hypothetical_guardband_5pct,uniform_5pct_vdd_budget,1.1,False,VALIDATED
640,g_chan[1].u_cdc_chw.mem[10][23]$_DFFE_PP_,clk_core,3.96,1.39,0.058612518928940455,3.9013874810710596,setup,guardband_5pct,hypothetical_guardband_5pct,uniform_5pct_vdd_budget,1.1,False,VALIDATED
611,g_chan[1].u_cdc_chw.mem[2][12]$_DFFE_PP_,clk_core,3.96,1.39,0.05861251892894055,3.9013874810710596,setup,guardband_5pct,hypothetical_guardband_5pct,uniform_5pct_vdd_budget,1.1,False,VALIDATED
619,g_chan[1].u_cdc_chw.mem[0][12]$_DFFE_PP_,clk_core,3.96,1.39,0.05861251892894055,3.9013874810710596,setup,guardband_5pct,hypothetical_guardband_5pct,uniform_5pct_vdd_budget,1.1,False,VALIDATED
621,g_chan[1].u_cdc_chw.mem[5][23]$_DFFE_PP_,clk_core,3.96,1.39,0.05861251892894047,3.9013874810710596,setup,guardband_5pct,hypothetical_guardband_5pct,uniform_5pct_vdd_budget,1.1,False,VALIDATED
650,g_chan[1].u_cdc_chw.mem[7][23]$_DFFE_PP_,clk_core,3.96,1.39,0.058612518928940455,3.9013874810710596,setup,guardband_5pct,hypothetical_guardband_5pct,uniform_5pct_vdd_budget,1.1,False,VALIDATED
644,g_chan[0].u_cdc_chw.mem[7][16]$_DFFE_PP_,clk_core,3.96,1.39,0.058612518928940455,3.9013874810710596,setup,guardband_5pct,hypothetical_guardband_5pct,uniform_5pct_vdd_budget,1.1,False,VALIDATED
645,g_chan[0].u_cdc_chw.mem[6][16]$_DFFE_PP_,clk_core,3.96,1.39,0.058612518928940455,3.9013874810710596,setup,guardband_5pct,hypothetical_guardband_5pct,uniform_5pct_vdd_budget,1.1,False,VALIDATED
648,g_chan[0].u_cdc_chw.mem[9][16]$_DFFE_PP_,clk_core,3.96,1.39,0.058612518928940455,3.9013874810710596,setup,guardband_5pct,hypothetical_guardband_5pct,uniform_5pct_vdd_budget,1.1,False,VALIDATED
649,g_chan[0].u_cdc_chw.mem[3][16]$_DFFE_PP_,clk_core,3.96,1.39,0.058612518928940455,3.9013874810710596,setup,guardband_5pct,hypothetical_guardband_5pct,uniform_5pct_vdd_budget,1.1,False,VALIDATED
653,g_chan[0].u_cdc_chw.mem[2][16]$_DFFE_PP_,clk_core,3.96,1.39,0.058612518928940455,3.9013874810710596,setup,guardband_5pct,hypothetical_guardband_5pct,uniform_5pct_vdd_budget,1.1,False,VALIDATED
642,g_chan[1].u_cdc_chw.mem[11][23]$_DFFE_PP_,clk_core,3.96,1.39,0.058612518928940455,3.9013874810710596,setup,guardband_5pct,hypothetical_guardband_5pct,uniform_5pct_vdd_budget,1.1,False,VALIDATED
652,g_chan[0].u_cdc_chw.mem[1][16]$_DFFE_PP_,clk_core,3.96,1.39,0.058612518928940455,3.9013874810710596,setup,guardband_5pct,hypothetical_guardband_5pct,uniform_5pct_vdd_budget,1.1,False,VALIDATED
643,g_chan[0].u_cdc_chw.mem[5][16]$_DFFE_PP_,clk_core,3.96,1.39,0.058612518928940455,3.9013874810710596,setup,guardband_5pct,hypothetical_guardband_5pct,uniform_5pct_vdd_budget,1.1,False,VALIDATED
608,g_chan[1].u_cdc_chw.mem[6][12]$_DFFE_PP_,clk_core,3.96,1.39,0.05861251892894055,3.9013874810710596,setup,guardband_5pct,hypothetical_guardband_5pct,uniform_5pct_vdd_budget,1.1,False,VALIDATED
610,g_chan[1].u_cdc_chw.mem[7][12]$_DFFE_PP_,clk_core,3.96,1.39,0.05861251892894055,3.9013874810710596,setup,guardband_5pct,hypothetical_guardband_5pct,uniform_5pct_vdd_budget,1.1,False,VALIDATED
657,g_chan[0].u_cdc_chw.mem[10][16]$_DFFE_PP_,clk_core,3.96,1.39,0.058612518928940455,3.9013874810710596,setup,guardband_5pct,hypothetical_guardband_5pct,uniform_5pct_vdd_budget,1.1,False,VALIDATED
659,g_chan[0].u_cdc_chw.mem[12][19]$_DFFE_PP_,clk_core,3.96,1.39,0.058612518928940455,3.9013874810710596,setup,guardband_5pct,hypothetical_guardband_5pct,uniform_5pct_vdd_budget,1.1,False,VALIDATED
658,g_chan[0].u_cdc_chw.mem[0][16]$_DFFE_PP_,clk_core,3.96,1.39,0.058612518928940455,3.9013874810710596,setup,guardband_5pct,hypothetical_guardband_5pct,uniform_5pct_vdd_budget,1.1,False,VALIDATED
660,u_dma_fabric.rbeat_data[8]$_DFFE_PN0P_,clk_core,3.96,1.38,0.05819084613089062,3.9018091538691095,setup,guardband_5pct,hypothetical_guardband_5pct,uniform_5pct_vdd_budget,1.1,False,VALIDATED
673,c_cmd_len[15]$_DFFE_PN0N_,clk_core,3.97,1.4,0.059034191726990246,3.91096580827301,setup,guardband_5pct,hypothetical_guardband_5pct,uniform_5pct_vdd_budget,1.1,False,VALIDATED
665,g_chan[0].u_cdc_chw.mem[8][19]$_DFFE_PP_,clk_core,3.97,1.39,0.058612518928940455,3.91138748107106,setup,guardband_5pct,hypothetical_guardband_5pct,uniform_5pct_vdd_budget,1.1,False,VALIDATED
666,g_chan[0].u_cdc_chw.mem[3][19]$_DFFE_PP_,clk_core,3.97,1.39,0.058612518928940455,3.91138748107106,setup,guardband_5pct,hypothetical_guardband_5pct,uniform_5pct_vdd_budget,1.1,False,VALIDATED
663,g_chan[0].u_cdc_chw.mem[1][19]$_DFFE_PP_,clk_core,3.97,1.39,0.058612518928940455,3.91138748107106,setup,guardband_5pct,hypothetical_guardband_5pct,uniform_5pct_vdd_budget,1.1,False,VALIDATED
668,g_chan[0].u_cdc_chw.mem[4][19]$_DFFE_PP_,clk_core,3.97,1.39,0.058612518928940455,3.91138748107106,setup,guardband_5pct,hypothetical_guardband_5pct,uniform_5pct_vdd_budget,1.1,False,VALIDATED
672,g_chan[0].u_cdc_chw.mem[7][19]$_DFFE_PP_,clk_core,3.97,1.39,0.058612518928940455,3.91138748107106,setup,guardband_5pct,hypothetical_guardband_5pct,uniform_5pct_vdd_budget,1.1,False,VALIDATED
670,g_chan[0].u_cdc_chw.mem[9][19]$_DFFE_PP_,clk_core,3.97,1.39,0.058612518928940455,3.91138748107106,setup,guardband_5pct,hypothetical_guardband_5pct,uniform_5pct_vdd_budget,1.1,False,VALIDATED
667,g_chan[0].u_cdc_chw.mem[10][19]$_DFFE_PP_,clk_core,3.97,1.39,0.058612518928940455,3.91138748107106,setup,guardband_5pct,hypothetical_guardband_5pct,uniform_5pct_vdd_budget,1.1,False,VALIDATED
669,g_chan[0].u_cdc_chw.mem[5][19]$_DFFE_PP_,clk_core,3.97,1.39,0.058612518928940455,3.91138748107106,setup,guardband_5pct,hypothetical_guardband_5pct,uniform_5pct_vdd_budget,1.1,False,VALIDATED
661,g_chan[0].u_cdc_chw.mem[2][19]$_DFFE_PP_,clk_core,3.97,1.39,0.058612518928940455,3.91138748107106,setup,guardband_5pct,hypothetical_guardband_5pct,uniform_5pct_vdd_budget,1.1,False,VALIDATED
671,g_chan[0].u_cdc_chw.mem[6][19]$_DFFE_PP_,clk_core,3.97,1.39,0.058612518928940455,3.91138748107106,setup,guardband_5pct,hypothetical_guardband_5pct,uniform_5pct_vdd_budget,1.1,False,VALIDATED
662,g_chan[0].u_cdc_chw.mem[11][19]$_DFFE_PP_,clk_core,3.97,1.39,0.058612518928940455,3.91138748107106,setup,guardband_5pct,hypothetical_guardband_5pct,uniform_5pct_vdd_budget,1.1,False,VALIDATED
677,g_chan[0].u_cdc_chw.mem[15][19]$_DFFE_PP_,clk_core,3.97,1.39,0.058612518928940455,3.91138748107106,setup,guardband_5pct,hypothetical_guardband_5pct,uniform_5pct_vdd_budget,1.1,False,VALIDATED
676,g_chan[0].u_cdc_chw.mem[14][19]$_DFFE_PP_,clk_core,3.97,1.39,0.058612518928940455,3.91138748107106,setup,guardband_5pct,hypothetical_guardband_5pct,uniform_5pct_vdd_budget,1.1,False,VALIDATED
678,g_chan[0].u_cdc_chw.mem[13][19]$_DFFE_PP_,clk_core,3.97,1.39,0.058612518928940455,3.91138748107106,setup,guardband_5pct,hypothetical_guardband_5pct,uniform_5pct_vdd_budget,1.1,False,VALIDATED
664,g_chan[0].u_cdc_chw.mem[0][19]$_DFFE_PP_,clk_core,3.97,1.39,0.058612518928940455,3.91138748107106,setup,guardband_5pct,hypothetical_guardband_5pct,uniform_5pct_vdd_budget,1.1,False,VALIDATED
674,g_chan[1].u_cdc_chw.mem[14][17]$_DFFE_PP_,clk_core,3.97,1.38,0.05819084613089062,3.9118091538691098,setup,guardband_5pct,hypothetical_guardband_5pct,uniform_5pct_vdd_budget,1.1,False,VALIDATED
680,g_chan[1].u_cdc_chw.mem[0][19]$_DFFE_PP_,clk_core,3.97,1.38,0.05819084613089062,3.9118091538691098,setup,guardband_5pct,hypothetical_guardband_5pct,uniform_5pct_vdd_budget,1.1,False,VALIDATED
679,g_chan[1].u_cdc_chw.mem[1][19]$_DFFE_PP_,clk_core,3.97,1.38,0.05819084613089062,3.9118091538691098,setup,guardband_5pct,hypothetical_guardband_5pct,uniform_5pct_vdd_budget,1.1,False,VALIDATED
675,g_chan[1].u_cdc_chw.mem[15][17]$_DFFE_PP_,clk_core,3.97,1.38,0.05819084613089062,3.9118091538691098,setup,guardband_5pct,hypothetical_guardband_5pct,uniform_5pct_vdd_budget,1.1,False,VALIDATED
683,g_chan[1].u_cdc_chw.mem[11][19]$_DFFE_PP_,clk_core,3.97,1.37,0.05776917333284054,3.9122308266671597,setup,guardband_5pct,hypothetical_guardband_5pct,uniform_5pct_vdd_budget,1.1,False,VALIDATED
684,g_chan[1].u_cdc_chw.mem[8][19]$_DFFE_PP_,clk_core,3.97,1.37,0.05776917333284054,3.9122308266671597,setup,guardband_5pct,hypothetical_guardband_5pct,uniform_5pct_vdd_budget,1.1,False,VALIDATED
682,g_chan[1].u_cdc_chw.mem[4][19]$_DFFE_PP_,clk_core,3.97,1.37,0.05776917333284054,3.9122308266671597,setup,guardband_5pct,hypothetical_guardband_5pct,uniform_5pct_vdd_budget,1.1,False,VALIDATED
685,u_dma_fabric.rbeat_data[11]$_DFFE_PN0P_,clk_core,3.97,1.37,0.05776917333284054,3.9122308266671597,setup,guardband_5pct,hypothetical_guardband_5pct,uniform_5pct_vdd_budget,1.1,False,VALIDATED
681,g_chan[1].u_cdc_chw.mem[11][16]$_DFFE_PP_,clk_core,3.97,1.37,0.05776917333284054,3.9122308266671597,setup,guardband_5pct,hypothetical_guardband_5pct,uniform_5pct_vdd_budget,1.1,False,VALIDATED
697,c_cmd_opcode[5]$_DFFE_PN0N_,clk_core,3.98,1.39,0.05861251892894048,3.9213874810710596,setup,guardband_5pct,hypothetical_guardband_5pct,uniform_5pct_vdd_budget,1.1,False,VALIDATED
703,c_cmd_addr[14]$_DFFE_PN0N_,clk_core,3.98,1.38,0.058190846130890664,3.921809153869109,setup,guardband_5pct,hypothetical_guardband_5pct,uniform_5pct_vdd_budget,1.1,False,VALIDATED
687,g_chan[1].u_cdc_chw.mem[3][16]$_DFFE_PP_,clk_core,3.98,1.38,0.05819084613089062,3.9218091538691096,setup,guardband_5pct,hypothetical_guardband_5pct,uniform_5pct_vdd_budget,1.1,False,VALIDATED
698,g_chan[1].u_cdc_chw.mem[6][19]$_DFFE_PP_,clk_core,3.98,1.38,0.05819084613089062,3.9218091538691096,setup,guardband_5pct,hypothetical_guardband_5pct,uniform_5pct_vdd_budget,1.1,False,VALIDATED
702,g_chan[1].u_cdc_chw.mem[7][16]$_DFFE_PP_,clk_core,3.98,1.38,0.05819084613089062,3.9218091538691096,setup,guardband_5pct,hypothetical_guardband_5pct,uniform_5pct_vdd_budget,1.1,False,VALIDATED
688,g_chan[1].u_cdc_chw.mem[2][16]$_DFFE_PP_,clk_core,3.98,1.38,0.05819084613089062,3.9218091538691096,setup,guardband_5pct,hypothetical_guardband_5pct,uniform_5pct_vdd_budget,1.1,False,VALIDATED
696,g_chan[1].u_cdc_chw.mem[3][19]$_DFFE_PP_,clk_core,3.98,1.38,0.05819084613089062,3.9218091538691096,setup,guardband_5pct,hypothetical_guardband_5pct,uniform_5pct_vdd_budget,1.1,False,VALIDATED
686,g_chan[1].u_cdc_chw.mem[4][16]$_DFFE_PP_,clk_core,3.98,1.38,0.05819084613089062,3.9218091538691096,setup,guardband_5pct,hypothetical_guardband_5pct,uniform_5pct_vdd_budget,1.1,False,VALIDATED
701,g_chan[1].u_cdc_chw.mem[7][19]$_DFFE_PP_,clk_core,3.98,1.38,0.05819084613089062,3.9218091538691096,setup,guardband_5pct,hypothetical_guardband_5pct,uniform_5pct_vdd_budget,1.1,False,VALIDATED
689,g_chan[1].u_cdc_chw.mem[5][16]$_DFFE_PP_,clk_core,3.98,1.38,0.05819084613089062,3.9218091538691096,setup,guardband_5pct,hypothetical_guardband_5pct,uniform_5pct_vdd_budget,1.1,False,VALIDATED
695,g_chan[1].u_cdc_chw.mem[1][16]$_DFFE_PP_,clk_core,3.98,1.38,0.05819084613089062,3.9218091538691096,setup,guardband_5pct,hypothetical_guardband_5pct,uniform_5pct_vdd_budget,1.1,False,VALIDATED
694,g_chan[1].u_cdc_chw.mem[8][16]$_DFFE_PP_,clk_core,3.98,1.38,0.05819084613089062,3.9218091538691096,setup,guardband_5pct,hypothetical_guardband_5pct,uniform_5pct_vdd_budget,1.1,False,VALIDATED
693,g_chan[1].u_cdc_chw.mem[2][19]$_DFFE_PP_,clk_core,3.98,1.38,0.05819084613089062,3.9218091538691096,setup,guardband_5pct,hypothetical_guardband_5pct,uniform_5pct_vdd_budget,1.1,False,VALIDATED
692,g_chan[1].u_cdc_chw.mem[5][19]$_DFFE_PP_,clk_core,3.98,1.38,0.05819084613089062,3.9218091538691096,setup,guardband_5pct,hypothetical_guardband_5pct,uniform_5pct_vdd_budget,1.1,False,VALIDATED
691,g_chan[1].u_cdc_chw.mem[0][16]$_DFFE_PP_,clk_core,3.98,1.38,0.05819084613089062,3.9218091538691096,setup,guardband_5pct,hypothetical_guardband_5pct,uniform_5pct_vdd_budget,1.1,False,VALIDATED
690,g_chan[1].u_cdc_chw.mem[9][16]$_DFFE_PP_,clk_core,3.98,1.38,0.05819084613089062,3.9218091538691096,setup,guardband_5pct,hypothetical_guardband_5pct,uniform_5pct_vdd_budget,1.1,False,VALIDATED
700,g_chan[1].u_cdc_chw.mem[6][16]$_DFFE_PP_,clk_core,3.98,1.38,0.05819084613089062,3.9218091538691096,setup,guardband_5pct,hypothetical_guardband_5pct,uniform_5pct_vdd_budget,1.1,False,VALIDATED
699,g_chan[1].u_cdc_chw.mem[9][19]$_DFFE_PP_,clk_core,3.98,1.37,0.05776917333284054,3.9222308266671595,setup,guardband_5pct,hypothetical_guardband_5pct,uniform_5pct_vdd_budget,1.1,False,VALIDATED
704,c_cmd_addr[19]$_DFFE_PN0N_,clk_core,3.99,1.38,0.05819084613089054,3.93180915386911,setup,guardband_5pct,hypothetical_guardband_5pct,uniform_5pct_vdd_budget,1.1,False,VALIDATED
705,u_dma_fabric.rbeat_data[25]$_DFFE_PN0P_,clk_core,3.99,1.35,0.056925827736740875,3.933074172263259,setup,guardband_5pct,hypothetical_guardband_5pct,uniform_5pct_vdd_budget,1.1,False,VALIDATED
708,c_cmd_len[25]$_DFFE_PN0N_,clk_core,4.0,1.37,0.05776917333284058,3.9422308266671595,setup,guardband_5pct,hypothetical_guardband_5pct,uniform_5pct_vdd_budget,1.1,False,VALIDATED
706,c_cmd_len[12]$_DFFE_PN0N_,clk_core,4.0,1.37,0.05776917333284058,3.9422308266671595,setup,guardband_5pct,hypothetical_guardband_5pct,uniform_5pct_vdd_budget,1.1,False,VALIDATED
707,u_dma_fabric.rbeat_data[31]$_DFFE_PN0P_,clk_core,4.0,1.35,0.056925827736740875,3.943074172263259,setup,guardband_5pct,hypothetical_guardband_5pct,uniform_5pct_vdd_budget,1.1,False,VALIDATED
709,u_dma_fabric.rbeat_data[9]$_DFFE_PN0P_,clk_core,4.0,1.34,0.056504154938690876,3.9434958450613093,setup,guardband_5pct,hypothetical_guardband_5pct,uniform_5pct_vdd_budget,1.1,False,VALIDATED
713,c_cmd_len[6]$_DFFE_PN0N_,clk_core,4.01,1.35,0.05692582773674071,3.953074172263259,setup,guardband_5pct,hypothetical_guardband_5pct,uniform_5pct_vdd_budget,1.1,False,VALIDATED
710,u_dma_fabric.rbeat_data[22]$_DFFE_PN0P_,clk_core,4.01,1.34,0.05650415493869079,3.953495845061309,setup,guardband_5pct,hypothetical_guardband_5pct,uniform_5pct_vdd_budget,1.1,False,VALIDATED
712,u_dma_fabric.rbeat_data[6]$_DFFE_PN0P_,clk_core,4.01,1.33,0.05608248214064096,3.9539175178593586,setup,guardband_5pct,hypothetical_guardband_5pct,uniform_5pct_vdd_budget,1.1,False,VALIDATED
714,u_dma_fabric.rbeat_data[24]$_DFFE_PN0P_,clk_core,4.01,1.33,0.05608248214064096,3.9539175178593586,setup,guardband_5pct,hypothetical_guardband_5pct,uniform_5pct_vdd_budget,1.1,False,VALIDATED
711,u_dma_fabric.rbeat_data[15]$_DFFE_PN0P_,clk_core,4.01,1.33,0.05608248214064071,3.953917517859359,setup,guardband_5pct,hypothetical_guardband_5pct,uniform_5pct_vdd_budget,1.1,False,VALIDATED
729,c_cmd_addr[0]$_DFFE_PN0N_,clk_core,4.02,1.34,0.056504154938690765,3.963495845061309,setup,guardband_5pct,hypothetical_guardband_5pct,uniform_5pct_vdd_budget,1.1,False,VALIDATED
719,g_chan[1].u_cdc_chw.mem[8][24]$_DFFE_PP_,clk_core,4.02,1.33,0.05608248214064086,3.963917517859359,setup,guardband_5pct,hypothetical_guardband_5pct,uniform_5pct_vdd_budget,1.1,False,VALIDATED
720,g_chan[1].u_cdc_chw.mem[7][24]$_DFFE_PP_,clk_core,4.02,1.33,0.05608248214064071,3.963917517859359,setup,guardband_5pct,hypothetical_guardband_5pct,uniform_5pct_vdd_budget,1.1,False,VALIDATED
723,g_chan[1].u_cdc_chw.mem[12][24]$_DFFE_PP_,clk_core,4.02,1.33,0.05608248214064086,3.963917517859359,setup,guardband_5pct,hypothetical_guardband_5pct,uniform_5pct_vdd_budget,1.1,False,VALIDATED
731,g_chan[1].u_cdc_chw.mem[0][24]$_DFFE_PP_,clk_core,4.02,1.33,0.05608248214064086,3.963917517859359,setup,guardband_5pct,hypothetical_guardband_5pct,uniform_5pct_vdd_budget,1.1,False,VALIDATED
717,g_chan[1].u_cdc_chw.mem[10][24]$_DFFE_PP_,clk_core,4.02,1.33,0.05608248214064086,3.963917517859359,setup,guardband_5pct,hypothetical_guardband_5pct,uniform_5pct_vdd_budget,1.1,False,VALIDATED
716,g_chan[1].u_cdc_chw.mem[9][24]$_DFFE_PP_,clk_core,4.02,1.33,0.05608248214064086,3.963917517859359,setup,guardband_5pct,hypothetical_guardband_5pct,uniform_5pct_vdd_budget,1.1,False,VALIDATED
726,g_chan[1].u_cdc_chw.mem[3][24]$_DFFE_PP_,clk_core,4.02,1.33,0.05608248214064086,3.963917517859359,setup,guardband_5pct,hypothetical_guardband_5pct,uniform_5pct_vdd_budget,1.1,False,VALIDATED
722,g_chan[1].u_cdc_chw.mem[6][24]$_DFFE_PP_,clk_core,4.02,1.33,0.05608248214064071,3.963917517859359,setup,guardband_5pct,hypothetical_guardband_5pct,uniform_5pct_vdd_budget,1.1,False,VALIDATED
728,g_chan[1].u_cdc_chw.mem[2][24]$_DFFE_PP_,clk_core,4.02,1.33,0.05608248214064086,3.963917517859359,setup,guardband_5pct,hypothetical_guardband_5pct,uniform_5pct_vdd_budget,1.1,False,VALIDATED
730,g_chan[1].u_cdc_chw.mem[5][24]$_DFFE_PP_,clk_core,4.02,1.33,0.05608248214064086,3.963917517859359,setup,guardband_5pct,hypothetical_guardband_5pct,uniform_5pct_vdd_budget,1.1,False,VALIDATED
727,g_chan[1].u_cdc_chw.mem[1][24]$_DFFE_PP_,clk_core,4.02,1.33,0.05608248214064086,3.963917517859359,setup,guardband_5pct,hypothetical_guardband_5pct,uniform_5pct_vdd_budget,1.1,False,VALIDATED
724,g_chan[1].u_cdc_chw.mem[13][24]$_DFFE_PP_,clk_core,4.02,1.33,0.05608248214064086,3.963917517859359,setup,guardband_5pct,hypothetical_guardband_5pct,uniform_5pct_vdd_budget,1.1,False,VALIDATED
725,g_chan[1].u_cdc_chw.mem[4][24]$_DFFE_PP_,clk_core,4.02,1.33,0.05608248214064086,3.963917517859359,setup,guardband_5pct,hypothetical_guardband_5pct,uniform_5pct_vdd_budget,1.1,False,VALIDATED
715,g_chan[1].u_cdc_chw.mem[11][24]$_DFFE_PP_,clk_core,4.02,1.33,0.05608248214064086,3.963917517859359,setup,guardband_5pct,hypothetical_guardband_5pct,uniform_5pct_vdd_budget,1.1,False,VALIDATED
721,g_chan[1].u_cdc_chw.mem[14][24]$_DFFE_PP_,clk_core,4.02,1.33,0.05608248214064086,3.963917517859359,setup,guardband_5pct,hypothetical_guardband_5pct,uniform_5pct_vdd_budget,1.1,False,VALIDATED
718,g_chan[1].u_cdc_chw.mem[15][24]$_DFFE_PP_,clk_core,4.02,1.33,0.05608248214064086,3.963917517859359,setup,guardband_5pct,hypothetical_guardband_5pct,uniform_5pct_vdd_budget,1.1,False,VALIDATED
740,g_chan[0].u_cdc_chw.mem[10][22]$_DFFE_PP_,clk_core,4.02,1.32,0.055660809342591086,3.9643391906574084,setup,guardband_5pct,hypothetical_guardband_5pct,uniform_5pct_vdd_budget,1.1,False,VALIDATED
734,g_chan[0].u_cdc_chw.mem[12][22]$_DFFE_PP_,clk_core,4.02,1.32,0.055660809342591086,3.9643391906574084,setup,guardband_5pct,hypothetical_guardband_5pct,uniform_5pct_vdd_budget,1.1,False,VALIDATED
739,g_chan[0].u_cdc_chw.mem[2][22]$_DFFE_PP_,clk_core,4.02,1.32,0.055660809342591086,3.9643391906574084,setup,guardband_5pct,hypothetical_guardband_5pct,uniform_5pct_vdd_budget,1.1,False,VALIDATED
733,g_chan[0].u_cdc_chw.mem[0][22]$_DFFE_PP_,clk_core,4.02,1.32,0.055660809342591086,3.9643391906574084,setup,guardband_5pct,hypothetical_guardband_5pct,uniform_5pct_vdd_budget,1.1,False,VALIDATED
736,g_chan[0].u_cdc_chw.mem[8][22]$_DFFE_PP_,clk_core,4.02,1.32,0.055660809342591086,3.9643391906574084,setup,guardband_5pct,hypothetical_guardband_5pct,uniform_5pct_vdd_budget,1.1,False,VALIDATED
735,g_chan[0].u_cdc_chw.mem[9][22]$_DFFE_PP_,clk_core,4.02,1.32,0.055660809342591086,3.9643391906574084,setup,guardband_5pct,hypothetical_guardband_5pct,uniform_5pct_vdd_budget,1.1,False,VALIDATED
732,g_chan[0].u_cdc_chw.mem[13][22]$_DFFE_PP_,clk_core,4.02,1.32,0.055660809342591086,3.9643391906574084,setup,guardband_5pct,hypothetical_guardband_5pct,uniform_5pct_vdd_budget,1.1,False,VALIDATED
738,g_chan[0].u_cdc_chw.mem[3][22]$_DFFE_PP_,clk_core,4.02,1.32,0.055660809342591086,3.9643391906574084,setup,guardband_5pct,hypothetical_guardband_5pct,uniform_5pct_vdd_budget,1.1,False,VALIDATED
737,g_chan[0].u_cdc_chw.mem[1][22]$_DFFE_PP_,clk_core,4.02,1.32,0.055660809342591086,3.9643391906574084,setup,guardband_5pct,hypothetical_guardband_5pct,uniform_5pct_vdd_budget,1.1,False,VALIDATED
748,c_cmd_len[3]$_DFFE_PN0N_,clk_core,4.03,1.34,0.056504154938690765,3.9734958450613096,setup,guardband_5pct,hypothetical_guardband_5pct,uniform_5pct_vdd_budget,1.1,False,VALIDATED
741,g_chan[0].u_cdc_chw.mem[14][22]$_DFFE_PP_,clk_core,4.03,1.32,0.055660809342591086,3.974339190657409,setup,guardband_5pct,hypothetical_guardband_5pct,uniform_5pct_vdd_budget,1.1,False,VALIDATED
742,g_chan[0].u_cdc_chw.mem[15][22]$_DFFE_PP_,clk_core,4.03,1.32,0.055660809342591086,3.974339190657409,setup,guardband_5pct,hypothetical_guardband_5pct,uniform_5pct_vdd_budget,1.1,False,VALIDATED
743,g_chan[0].u_cdc_chw.mem[11][22]$_DFFE_PP_,clk_core,4.03,1.32,0.055660809342591086,3.974339190657409,setup,guardband_5pct,hypothetical_guardband_5pct,uniform_5pct_vdd_budget,1.1,False,VALIDATED
744,g_chan[0].u_cdc_chw.mem[4][22]$_DFFE_PP_,clk_core,4.03,1.32,0.055660809342591086,3.974339190657409,setup,guardband_5pct,hypothetical_guardband_5pct,uniform_5pct_vdd_budget,1.1,False,VALIDATED
747,g_chan[0].u_cdc_chw.mem[5][22]$_DFFE_PP_,clk_core,4.03,1.32,0.055660809342591086,3.974339190657409,setup,guardband_5pct,hypothetical_guardband_5pct,uniform_5pct_vdd_budget,1.1,False,VALIDATED
745,g_chan[0].u_cdc_chw.mem[6][22]$_DFFE_PP_,clk_core,4.03,1.32,0.055660809342591086,3.974339190657409,setup,guardband_5pct,hypothetical_guardband_5pct,uniform_5pct_vdd_budget,1.1,False,VALIDATED
746,g_chan[0].u_cdc_chw.mem[7][22]$_DFFE_PP_,clk_core,4.03,1.32,0.055660809342591086,3.974339190657409,setup,guardband_5pct,hypothetical_guardband_5pct,uniform_5pct_vdd_budget,1.1,False,VALIDATED
752,u_dma_fabric.rbeat_data[28]$_DFFE_PN0P_,clk_core,4.03,1.31,0.05523913654454084,3.9747608634554594,setup,guardband_5pct,hypothetical_guardband_5pct,uniform_5pct_vdd_budget,1.1,False,VALIDATED
749,g_chan[1].u_cdc_chw.mem[5][22]$_DFFE_PP_,clk_core,4.03,1.31,0.05523913654454084,3.9747608634554594,setup,guardband_5pct,hypothetical_guardband_5pct,uniform_5pct_vdd_budget,1.1,False,VALIDATED
750,g_chan[1].u_cdc_chw.mem[2][22]$_DFFE_PP_,clk_core,4.03,1.31,0.05523913654454084,3.9747608634554594,setup,guardband_5pct,hypothetical_guardband_5pct,uniform_5pct_vdd_budget,1.1,False,VALIDATED
751,g_chan[1].u_cdc_chw.mem[4][22]$_DFFE_PP_,clk_core,4.03,1.31,0.05523913654454084,3.9747608634554594,setup,guardband_5pct,hypothetical_guardband_5pct,uniform_5pct_vdd_budget,1.1,False,VALIDATED
753,g_chan[1].u_cdc_chw.mem[7][22]$_DFFE_PP_,clk_core,4.03,1.31,0.05523913654454084,3.9747608634554594,setup,guardband_5pct,hypothetical_guardband_5pct,uniform_5pct_vdd_budget,1.1,False,VALIDATED
754,g_chan[1].u_cdc_chw.mem[3][22]$_DFFE_PP_,clk_core,4.03,1.31,0.05523913654454084,3.9747608634554594,setup,guardband_5pct,hypothetical_guardband_5pct,uniform_5pct_vdd_budget,1.1,False,VALIDATED
793,c_cmd_addr[25]$_DFFE_PN0N_,clk_core,4.04,1.32,0.05566080934259092,3.9843391906574093,setup,guardband_5pct,hypothetical_guardband_5pct,uniform_5pct_vdd_budget,1.1,False,VALIDATED
785,g_chan[1].u_cdc_chw.mem[11][12]$_DFFE_PP_,clk_core,4.04,1.31,0.055239136544541045,3.9847608634554588,setup,guardband_5pct,hypothetical_guardband_5pct,uniform_5pct_vdd_budget,1.1,False,VALIDATED
787,g_chan[1].u_cdc_chw.mem[13][12]$_DFFE_PP_,clk_core,4.04,1.31,0.055239136544541045,3.9847608634554588,setup,guardband_5pct,hypothetical_guardband_5pct,uniform_5pct_vdd_budget,1.1,False,VALIDATED
783,g_chan[1].u_cdc_chw.mem[10][12]$_DFFE_PP_,clk_core,4.04,1.31,0.055239136544541045,3.9847608634554588,setup,guardband_5pct,hypothetical_guardband_5pct,uniform_5pct_vdd_budget,1.1,False,VALIDATED
791,g_chan[1].u_cdc_chw.mem[14][12]$_DFFE_PP_,clk_core,4.04,1.31,0.055239136544541045,3.9847608634554588,setup,guardband_5pct,hypothetical_guardband_5pct,uniform_5pct_vdd_budget,1.1,False,VALIDATED
784,g_chan[1].u_cdc_chw.mem[12][12]$_DFFE_PP_,clk_core,4.04,1.31,0.055239136544541045,3.9847608634554588,setup,guardband_5pct,hypothetical_guardband_5pct,uniform_5pct_vdd_budget,1.1,False,VALIDATED
779,g_chan[0].u_cdc_chw.mem[13][18]$_DFFE_PP_,clk_core,4.04,1.31,0.05523913654454084,3.984760863455459,setup,guardband_5pct,hypothetical_guardband_5pct,uniform_5pct_vdd_budget,1.1,False,VALIDATED
786,g_chan[0].u_cdc_chw.mem[10][18]$_DFFE_PP_,clk_core,4.04,1.31,0.05523913654454084,3.984760863455459,setup,guardband_5pct,hypothetical_guardband_5pct,uniform_5pct_vdd_budget,1.1,False,VALIDATED
780,g_chan[0].u_cdc_chw.mem[12][18]$_DFFE_PP_,clk_core,4.04,1.31,0.05523913654454084,3.984760863455459,setup,guardband_5pct,hypothetical_guardband_5pct,uniform_5pct_vdd_budget,1.1,False,VALIDATED
781,g_chan[0].u_cdc_chw.mem[2][18]$_DFFE_PP_,clk_core,4.04,1.31,0.05523913654454084,3.984760863455459,setup,guardband_5pct,hypothetical_guardband_5pct,uniform_5pct_vdd_budget,1.1,False,VALIDATED
782,g_chan[1].u_cdc_chw.mem[6][22]$_DFFE_PP_,clk_core,4.04,1.31,0.05523913654454084,3.984760863455459,setup,guardband_5pct,hypothetical_guardband_5pct,uniform_5pct_vdd_budget,1.1,False,VALIDATED
789,g_chan[0].u_cdc_chw.mem[8][18]$_DFFE_PP_,clk_core,4.04,1.31,0.05523913654454084,3.984760863455459,setup,guardband_5pct,hypothetical_guardband_5pct,uniform_5pct_vdd_budget,1.1,False,VALIDATED
790,g_chan[0].u_cdc_chw.mem[1][18]$_DFFE_PP_,clk_core,4.04,1.31,0.05523913654454084,3.984760863455459,setup,guardband_5pct,hypothetical_guardband_5pct,uniform_5pct_vdd_budget,1.1,False,VALIDATED
788,g_chan[0].u_cdc_chw.mem[0][18]$_DFFE_PP_,clk_core,4.04,1.31,0.05523913654454084,3.984760863455459,setup,guardband_5pct,hypothetical_guardband_5pct,uniform_5pct_vdd_budget,1.1,False,VALIDATED
767,g_chan[0].u_cdc_chw.mem[14][18]$_DFFE_PP_,clk_core,4.04,1.31,0.05523913654454084,3.984760863455459,setup,guardband_5pct,hypothetical_guardband_5pct,uniform_5pct_vdd_budget,1.1,False,VALIDATED
766,g_chan[1].u_cdc_chw.mem[7][25]$_DFFE_PP_,clk_core,4.04,1.31,0.05523913654454084,3.984760863455459,setup,guardband_5pct,hypothetical_guardband_5pct,uniform_5pct_vdd_budget,1.1,False,VALIDATED
765,g_chan[1].u_cdc_chw.mem[0][25]$_DFFE_PP_,clk_core,4.04,1.31,0.05523913654454084,3.984760863455459,setup,guardband_5pct,hypothetical_guardband_5pct,uniform_5pct_vdd_budget,1.1,False,VALIDATED
764,g_chan[1].u_cdc_chw.mem[2][25]$_DFFE_PP_,clk_core,4.04,1.31,0.05523913654454084,3.984760863455459,setup,guardband_5pct,hypothetical_guardband_5pct,uniform_5pct_vdd_budget,1.1,False,VALIDATED
763,g_chan[1].u_cdc_chw.mem[10][25]$_DFFE_PP_,clk_core,4.04,1.31,0.05523913654454084,3.984760863455459,setup,guardband_5pct,hypothetical_guardband_5pct,uniform_5pct_vdd_budget,1.1,False,VALIDATED
771,g_chan[0].u_cdc_chw.mem[6][18]$_DFFE_PP_,clk_core,4.04,1.31,0.05523913654454084,3.984760863455459,setup,guardband_5pct,hypothetical_guardband_5pct,uniform_5pct_vdd_budget,1.1,False,VALIDATED
772,g_chan[0].u_cdc_chw.mem[7][18]$_DFFE_PP_,clk_core,4.04,1.31,0.05523913654454084,3.984760863455459,setup,guardband_5pct,hypothetical_guardband_5pct,uniform_5pct_vdd_budget,1.1,False,VALIDATED
773,g_chan[1].u_cdc_chw.mem[11][25]$_DFFE_PP_,clk_core,4.04,1.31,0.05523913654454084,3.984760863455459,setup,guardband_5pct,hypothetical_guardband_5pct,uniform_5pct_vdd_budget,1.1,False,VALIDATED
774,g_chan[1].u_cdc_chw.mem[5][25]$_DFFE_PP_,clk_core,4.04,1.31,0.05523913654454084,3.984760863455459,setup,guardband_5pct,hypothetical_guardband_5pct,uniform_5pct_vdd_budget,1.1,False,VALIDATED
775,g_chan[1].u_cdc_chw.mem[6][25]$_DFFE_PP_,clk_core,4.04,1.31,0.05523913654454084,3.984760863455459,setup,guardband_5pct,hypothetical_guardband_5pct,uniform_5pct_vdd_budget,1.1,False,VALIDATED
776,g_chan[0].u_cdc_chw.mem[11][18]$_DFFE_PP_,clk_core,4.04,1.31,0.05523913654454084,3.984760863455459,setup,guardband_5pct,hypothetical_guardband_5pct,uniform_5pct_vdd_budget,1.1,False,VALIDATED
777,g_chan[0].u_cdc_chw.mem[9][18]$_DFFE_PP_,clk_core,4.04,1.31,0.05523913654454084,3.984760863455459,setup,guardband_5pct,hypothetical_guardband_5pct,uniform_5pct_vdd_budget,1.1,False,VALIDATED
778,g_chan[0].u_cdc_chw.mem[15][18]$_DFFE_PP_,clk_core,4.04,1.31,0.05523913654454084,3.984760863455459,setup,guardband_5pct,hypothetical_guardband_5pct,uniform_5pct_vdd_budget,1.1,False,VALIDATED
770,g_chan[1].u_cdc_chw.mem[9][25]$_DFFE_PP_,clk_core,4.04,1.31,0.05523913654454084,3.984760863455459,setup,guardband_5pct,hypothetical_guardband_5pct,uniform_5pct_vdd_budget,1.1,False,VALIDATED
762,g_chan[1].u_cdc_chw.mem[3][25]$_DFFE_PP_,clk_core,4.04,1.31,0.05523913654454084,3.984760863455459,setup,guardband_5pct,hypothetical_guardband_5pct,uniform_5pct_vdd_budget,1.1,False,VALIDATED
759,g_chan[1].u_cdc_chw.mem[0][22]$_DFFE_PP_,clk_core,4.04,1.31,0.05523913654454084,3.984760863455459,setup,guardband_5pct,hypothetical_guardband_5pct,uniform_5pct_vdd_budget,1.1,False,VALIDATED
761,u_dma_fabric.rbeat_data[2]$_DFFE_PN0P_,clk_core,4.04,1.31,0.05523913654454084,3.984760863455459,setup,guardband_5pct,hypothetical_guardband_5pct,uniform_5pct_vdd_budget,1.1,False,VALIDATED
756,g_chan[1].u_cdc_chw.mem[11][22]$_DFFE_PP_,clk_core,4.04,1.31,0.05523913654454084,3.984760863455459,setup,guardband_5pct,hypothetical_guardband_5pct,uniform_5pct_vdd_budget,1.1,False,VALIDATED
757,g_chan[0].u_cdc_chw.mem[4][18]$_DFFE_PP_,clk_core,4.04,1.31,0.05523913654454084,3.984760863455459,setup,guardband_5pct,hypothetical_guardband_5pct,uniform_5pct_vdd_budget,1.1,False,VALIDATED
755,g_chan[0].u_cdc_chw.mem[5][18]$_DFFE_PP_,clk_core,4.04,1.31,0.05523913654454084,3.984760863455459,setup,guardband_5pct,hypothetical_guardband_5pct,uniform_5pct_vdd_budget,1.1,False,VALIDATED
758,g_chan[1].u_cdc_chw.mem[1][22]$_DFFE_PP_,clk_core,4.04,1.31,0.05523913654454084,3.984760863455459,setup,guardband_5pct,hypothetical_guardband_5pct,uniform_5pct_vdd_budget,1.1,False,VALIDATED
768,g_chan[0].u_cdc_chw.mem[3][18]$_DFFE_PP_,clk_core,4.04,1.31,0.05523913654454084,3.984760863455459,setup,guardband_5pct,hypothetical_guardband_5pct,uniform_5pct_vdd_budget,1.1,False,VALIDATED
769,g_chan[1].u_cdc_chw.mem[4][25]$_DFFE_PP_,clk_core,4.04,1.31,0.05523913654454084,3.984760863455459,setup,guardband_5pct,hypothetical_guardband_5pct,uniform_5pct_vdd_budget,1.1,False,VALIDATED
792,g_chan[1].u_cdc_chw.mem[15][12]$_DFFE_PP_,clk_core,4.04,1.3,0.05481746374649121,3.9851825362535087,setup,guardband_5pct,hypothetical_guardband_5pct,uniform_5pct_vdd_budget,1.1,False,VALIDATED
760,u_dma_fabric.rbeat_data[21]$_DFFE_PN0P_,clk_core,4.04,1.3,0.05481746374649099,3.985182536253509,setup,guardband_5pct,hypothetical_guardband_5pct,uniform_5pct_vdd_budget,1.1,False,VALIDATED
799,g_chan[1].u_cdc_chw.mem[9][12]$_DFFE_PP_,clk_core,4.05,1.31,0.05523913654454084,3.994760863455459,setup,guardband_5pct,hypothetical_guardband_5pct,uniform_5pct_vdd_budget,1.1,False,VALIDATED
795,g_chan[1].u_cdc_chw.mem[8][18]$_DFFE_PP_,clk_core,4.05,1.3,0.05481746374649106,3.995182536253509,setup,guardband_5pct,hypothetical_guardband_5pct,uniform_5pct_vdd_budget,1.1,False,VALIDATED
794,g_chan[1].u_cdc_chw.mem[9][18]$_DFFE_PP_,clk_core,4.05,1.3,0.0548174637464911,3.995182536253509,setup,guardband_5pct,hypothetical_guardband_5pct,uniform_5pct_vdd_budget,1.1,False,VALIDATED
800,g_chan[1].u_cdc_chw.mem[12][18]$_DFFE_PP_,clk_core,4.05,1.3,0.05481746374649106,3.995182536253509,setup,guardband_5pct,hypothetical_guardband_5pct,uniform_5pct_vdd_budget,1.1,False,VALIDATED
796,g_chan[1].u_cdc_chw.mem[13][18]$_DFFE_PP_,clk_core,4.05,1.3,0.05481746374649106,3.995182536253509,setup,guardband_5pct,hypothetical_guardband_5pct,uniform_5pct_vdd_budget,1.1,False,VALIDATED
797,u_dma_fabric.rbeat_data[1]$_DFFE_PN0P_,clk_core,4.05,1.3,0.05481746374649106,3.995182536253509,setup,guardband_5pct,hypothetical_guardband_5pct,uniform_5pct_vdd_budget,1.1,False,VALIDATED
798,g_chan[1].u_cdc_chw.mem[10][18]$_DFFE_PP_,clk_core,4.05,1.3,0.05481746374649106,3.995182536253509,setup,guardband_5pct,hypothetical_guardband_5pct,uniform_5pct_vdd_budget,1.1,False,VALIDATED
16,g_chan[0].u_cdc_chr.rbin[1]$_DFF_PN0_,clk_core,4.17,1.25,0.052709099756241454,4.117290900243758,recovery,guardband_5pct,hypothetical_guardband_5pct,uniform_5pct_vdd_budget,1.1,False,VALIDATED
15,g_chan[0].u_cdc_chr.rbin[3]$_DFF_PN0_,clk_core,4.17,1.25,0.052709099756241454,4.117290900243758,recovery,guardband_5pct,hypothetical_guardband_5pct,uniform_5pct_vdd_budget,1.1,False,VALIDATED
14,g_chan[0].u_cdc_chr.rbin[4]$_DFF_PN0_,clk_core,4.17,1.25,0.052709099756241454,4.117290900243758,recovery,guardband_5pct,hypothetical_guardband_5pct,uniform_5pct_vdd_budget,1.1,False,VALIDATED
13,g_chan[0].u_cdc_chr.rq2_wgray[4]$_DFF_PN0_,clk_core,4.17,1.25,0.052709099756241454,4.117290900243758,recovery,guardband_5pct,hypothetical_guardband_5pct,uniform_5pct_vdd_budget,1.1,False,VALIDATED
12,g_chan[0].u_cdc_chr.rq2_wgray[3]$_DFF_PN0_,clk_core,4.17,1.25,0.052709099756241454,4.117290900243758,recovery,guardband_5pct,hypothetical_guardband_5pct,uniform_5pct_vdd_budget,1.1,False,VALIDATED
11,g_chan[0].u_cdc_chr.rgray[2]$_DFF_PN0_,clk_core,4.17,1.25,0.052709099756241454,4.117290900243758,recovery,guardband_5pct,hypothetical_guardband_5pct,uniform_5pct_vdd_budget,1.1,False,VALIDATED
10,g_chan[0].u_cdc_chr.rgray[3]$_DFF_PN0_,clk_core,4.17,1.25,0.052709099756241454,4.117290900243758,recovery,guardband_5pct,hypothetical_guardband_5pct,uniform_5pct_vdd_budget,1.1,False,VALIDATED
9,g_chan[0].u_cdc_chr.rq2_wgray[2]$_DFF_PN0_,clk_core,4.17,1.25,0.052709099756241454,4.117290900243758,recovery,guardband_5pct,hypothetical_guardband_5pct,uniform_5pct_vdd_budget,1.1,False,VALIDATED
8,g_chan[0].u_cdc_chr.rgray[1]$_DFF_PN0_,clk_core,4.17,1.25,0.052709099756241454,4.117290900243758,recovery,guardband_5pct,hypothetical_guardband_5pct,uniform_5pct_vdd_budget,1.1,False,VALIDATED
7,g_chan[0].u_cdc_chr.rq1_wgray[1]$_DFF_PN0_,clk_core,4.17,1.25,0.052709099756241454,4.117290900243758,recovery,guardband_5pct,hypothetical_guardband_5pct,uniform_5pct_vdd_budget,1.1,False,VALIDATED
6,g_chan[0].u_cdc_chr.rq1_wgray[4]$_DFF_PN0_,clk_core,4.17,1.25,0.052709099756241454,4.117290900243758,recovery,guardband_5pct,hypothetical_guardband_5pct,uniform_5pct_vdd_budget,1.1,False,VALIDATED
5,g_chan[0].u_cdc_chr.rq1_wgray[3]$_DFF_PN0_,clk_core,4.17,1.25,0.052709099756241454,4.117290900243758,recovery,guardband_5pct,hypothetical_guardband_5pct,uniform_5pct_vdd_budget,1.1,False,VALIDATED
4,g_chan[0].u_cdc_chr.rq1_wgray[2]$_DFF_PN0_,clk_core,4.17,1.25,0.052709099756241454,4.117290900243758,recovery,guardband_5pct,hypothetical_guardband_5pct,uniform_5pct_vdd_budget,1.1,False,VALIDATED
3,g_chan[0].u_cdc_chr.rq2_wgray[1]$_DFF_PN0_,clk_core,4.17,1.25,0.052709099756241454,4.117290900243758,recovery,guardband_5pct,hypothetical_guardband_5pct,uniform_5pct_vdd_budget,1.1,False,VALIDATED
2,g_chan[0].u_cdc_chr.rgray[0]$_DFF_PN0_,clk_core,4.17,1.25,0.052709099756241454,4.117290900243758,recovery,guardband_5pct,hypothetical_guardband_5pct,uniform_5pct_vdd_budget,1.1,False,VALIDATED
0,g_chan[0].u_cdc_chr.rq1_wgray[0]$_DFF_PN0_,clk_core,4.17,1.25,0.052709099756241454,4.117290900243758,recovery,guardband_5pct,hypothetical_guardband_5pct,uniform_5pct_vdd_budget,1.1,False,VALIDATED
20,u_dma_fabric.rbeat_data[10]$_DFFE_PN0P_,clk_core,4.17,1.25,0.052709099756241454,4.117290900243758,recovery,guardband_5pct,hypothetical_guardband_5pct,uniform_5pct_vdd_budget,1.1,False,VALIDATED
19,u_dma_fabric.rbeat_data[15]$_DFFE_PN0P_,clk_core,4.17,1.25,0.052709099756241454,4.117290900243758,recovery,guardband_5pct,hypothetical_guardband_5pct,uniform_5pct_vdd_budget,1.1,False,VALIDATED
18,g_chan[0].u_cdc_chr.rbin[0]$_DFF_PN0_,clk_core,4.17,1.25,0.052709099756241454,4.117290900243758,recovery,guardband_5pct,hypothetical_guardband_5pct,uniform_5pct_vdd_budget,1.1,False,VALIDATED
17,g_chan[0].u_cdc_chr.rbin[2]$_DFF_PN0_,clk_core,4.17,1.25,0.052709099756241454,4.117290900243758,recovery,guardband_5pct,hypothetical_guardband_5pct,uniform_5pct_vdd_budget,1.1,False,VALIDATED
1,g_chan[0].u_cdc_chr.rq2_wgray[0]$_DFF_PN0_,clk_core,4.17,1.25,0.052709099756241454,4.117290900243758,recovery,guardband_5pct,hypothetical_guardband_5pct,uniform_5pct_vdd_budget,1.1,False,VALIDATED
25,u_dma_fabric.rbeat_data[14]$_DFFE_PN0P_,clk_core,4.31,1.12,0.04722735338159225,4.262772646618408,recovery,guardband_5pct,hypothetical_guardband_5pct,uniform_5pct_vdd_budget,1.1,False,VALIDATED
22,u_dma_fabric.rbeat_data[13]$_DFFE_PN0P_,clk_core,4.31,1.12,0.04722735338159225,4.262772646618408,recovery,guardband_5pct,hypothetical_guardband_5pct,uniform_5pct_vdd_budget,1.1,False,VALIDATED
23,u_dma_fabric.rbeat_data[9]$_DFFE_PN0P_,clk_core,4.31,1.12,0.04722735338159225,4.262772646618408,recovery,guardband_5pct,hypothetical_guardband_5pct,uniform_5pct_vdd_budget,1.1,False,VALIDATED
24,u_dma_fabric.rbeat_data[20]$_DFFE_PN0P_,clk_core,4.31,1.12,0.04722735338159225,4.262772646618408,recovery,guardband_5pct,hypothetical_guardband_5pct,uniform_5pct_vdd_budget,1.1,False,VALIDATED
21,u_dma_fabric.rbeat_data[17]$_DFFE_PN0P_,clk_core,4.31,1.12,0.04722735338159225,4.262772646618408,recovery,guardband_5pct,hypothetical_guardband_5pct,uniform_5pct_vdd_budget,1.1,False,VALIDATED
26,u_dma_fabric.rbeat_data[16]$_DFFE_PN0P_,clk_core,4.31,1.11,0.04680568058354241,4.263194319416457,recovery,guardband_5pct,hypothetical_guardband_5pct,uniform_5pct_vdd_budget,1.1,False,VALIDATED
28,u_dma_fabric.rbeat_data[11]$_DFFE_PN0P_,clk_core,4.32,1.11,0.04680568058354241,4.273194319416458,recovery,guardband_5pct,hypothetical_guardband_5pct,uniform_5pct_vdd_budget,1.1,False,VALIDATED
31,u_dma_fabric.rbeat_data[31]$_DFFE_PN0P_,clk_core,4.32,1.11,0.04680568058354241,4.273194319416458,recovery,guardband_5pct,hypothetical_guardband_5pct,uniform_5pct_vdd_budget,1.1,False,VALIDATED
32,u_dma_fabric.rbeat_data[7]$_DFFE_PN0P_,clk_core,4.32,1.11,0.04680568058354241,4.273194319416458,recovery,guardband_5pct,hypothetical_guardband_5pct,uniform_5pct_vdd_budget,1.1,False,VALIDATED
30,u_dma_fabric.rbeat_data[21]$_DFFE_PN0P_,clk_core,4.32,1.11,0.04680568058354241,4.273194319416458,recovery,guardband_5pct,hypothetical_guardband_5pct,uniform_5pct_vdd_budget,1.1,False,VALIDATED
27,u_dma_fabric.rbeat_data[12]$_DFFE_PN0P_,clk_core,4.32,1.11,0.04680568058354241,4.273194319416458,recovery,guardband_5pct,hypothetical_guardband_5pct,uniform_5pct_vdd_budget,1.1,False,VALIDATED
33,u_dma_fabric.rbeat_data[8]$_DFFE_PN0P_,clk_core,4.32,1.11,0.04680568058354241,4.273194319416458,recovery,guardband_5pct,hypothetical_guardband_5pct,uniform_5pct_vdd_budget,1.1,False,VALIDATED
37,u_dma_fabric.rbeat_data[24]$_DFFE_PN0P_,clk_core,4.32,1.11,0.04680568058354241,4.273194319416458,recovery,guardband_5pct,hypothetical_guardband_5pct,uniform_5pct_vdd_budget,1.1,False,VALIDATED
38,u_dma_fabric.rbeat_data[5]$_DFFE_PN0P_,clk_core,4.32,1.11,0.04680568058354241,4.273194319416458,recovery,guardband_5pct,hypothetical_guardband_5pct,uniform_5pct_vdd_budget,1.1,False,VALIDATED
35,u_dma_fabric.rbeat_data[25]$_DFFE_PN0P_,clk_core,4.32,1.11,0.04680568058354241,4.273194319416458,recovery,guardband_5pct,hypothetical_guardband_5pct,uniform_5pct_vdd_budget,1.1,False,VALIDATED
36,u_dma_fabric.rbeat_data[6]$_DFFE_PN0P_,clk_core,4.32,1.11,0.04680568058354241,4.273194319416458,recovery,guardband_5pct,hypothetical_guardband_5pct,uniform_5pct_vdd_budget,1.1,False,VALIDATED
34,u_dma_fabric.rbeat_data[18]$_DFFE_PN0P_,clk_core,4.32,1.11,0.04680568058354241,4.273194319416458,recovery,guardband_5pct,hypothetical_guardband_5pct,uniform_5pct_vdd_budget,1.1,False,VALIDATED
29,u_dma_fabric.rbeat_data[19]$_DFFE_PN0P_,clk_core,4.32,1.11,0.04680568058354241,4.273194319416458,recovery,guardband_5pct,hypothetical_guardband_5pct,uniform_5pct_vdd_budget,1.1,False,VALIDATED
40,u_dma_fabric.rbeat_data[27]$_DFFE_PN0P_,clk_core,4.33,1.11,0.04680568058354241,4.283194319416458,recovery,guardband_5pct,hypothetical_guardband_5pct,uniform_5pct_vdd_budget,1.1,False,VALIDATED
39,u_dma_fabric.rbeat_data[22]$_DFFE_PN0P_,clk_core,4.33,1.11,0.04680568058354241,4.283194319416458,recovery,guardband_5pct,hypothetical_guardband_5pct,uniform_5pct_vdd_budget,1.1,False,VALIDATED
41,u_dma_fabric.rbeat_data[4]$_DFFE_PN0P_,clk_core,4.33,1.1,0.0463840077854924,4.283615992214508,recovery,guardband_5pct,hypothetical_guardband_5pct,uniform_5pct_vdd_budget,1.1,False,VALIDATED
42,g_chan[0].u_cdc_chr.rd_empty$_DFF_PN1_,clk_core,4.33,1.1,0.0463840077854924,4.283615992214508,recovery,guardband_5pct,hypothetical_guardband_5pct,uniform_5pct_vdd_budget,1.1,False,VALIDATED
43,g_chan[1].u_cdc_chcmd.wq2_rgray[3]$_DFF_PN0_,clk_core,4.37,1.05,0.044275643795242736,4.325724356204757,recovery,guardband_5pct,hypothetical_guardband_5pct,uniform_5pct_vdd_budget,1.1,False,VALIDATED
44,g_chan[1].u_cdc_chcmd.wq2_rgray[1]$_DFF_PN0_,clk_core,4.37,1.05,0.044275643795242736,4.325724356204757,recovery,guardband_5pct,hypothetical_guardband_5pct,uniform_5pct_vdd_budget,1.1,False,VALIDATED
45,g_chan[1].u_cdc_chcmd.wq1_rgray[1]$_DFF_PN0_,clk_core,4.38,1.05,0.044275643795242736,4.335724356204757,recovery,guardband_5pct,hypothetical_guardband_5pct,uniform_5pct_vdd_budget,1.1,False,VALIDATED
46,g_chan[1].u_cdc_chcmd.wq2_rgray[0]$_DFF_PN0_,clk_core,4.38,1.05,0.044275643795242736,4.335724356204757,recovery,guardband_5pct,hypothetical_guardband_5pct,uniform_5pct_vdd_budget,1.1,False,VALIDATED
47,g_chan[1].u_cdc_chcmd.wbin[1]$_DFF_PN0_,clk_core,4.38,1.05,0.044275643795242736,4.335724356204757,recovery,guardband_5pct,hypothetical_guardband_5pct,uniform_5pct_vdd_budget,1.1,False,VALIDATED
56,g_chan[1].u_cdc_chcmd.wbin[4]$_DFF_PN0_,clk_core,4.38,1.05,0.044275643795242736,4.335724356204757,recovery,guardband_5pct,hypothetical_guardband_5pct,uniform_5pct_vdd_budget,1.1,False,VALIDATED
55,g_chan[1].u_cdc_chcmd.wq1_rgray[4]$_DFF_PN0_,clk_core,4.38,1.05,0.044275643795242736,4.335724356204757,recovery,guardband_5pct,hypothetical_guardband_5pct,uniform_5pct_vdd_budget,1.1,False,VALIDATED
57,g_chan[1].u_cdc_chcmd.wr_full$_DFF_PN0_,clk_core,4.38,1.05,0.044275643795242736,4.335724356204757,recovery,guardband_5pct,hypothetical_guardband_5pct,uniform_5pct_vdd_budget,1.1,False,VALIDATED
50,g_chan[1].u_cdc_chcmd.wbin[3]$_DFF_PN0_,clk_core,4.38,1.05,0.044275643795242736,4.335724356204757,recovery,guardband_5pct,hypothetical_guardband_5pct,uniform_5pct_vdd_budget,1.1,False,VALIDATED
51,g_chan[1].u_cdc_chcmd.wbin[2]$_DFF_PN0_,clk_core,4.38,1.05,0.044275643795242736,4.335724356204757,recovery,guardband_5pct,hypothetical_guardband_5pct,uniform_5pct_vdd_budget,1.1,False,VALIDATED
49,g_chan[1].u_cdc_chcmd.wq1_rgray[3]$_DFF_PN0_,clk_core,4.38,1.05,0.044275643795242736,4.335724356204757,recovery,guardband_5pct,hypothetical_guardband_5pct,uniform_5pct_vdd_budget,1.1,False,VALIDATED
48,g_chan[1].u_cdc_chcmd.wbin[0]$_DFF_PN0_,clk_core,4.38,1.05,0.044275643795242736,4.335724356204757,recovery,guardband_5pct,hypothetical_guardband_5pct,uniform_5pct_vdd_budget,1.1,False,VALIDATED
61,g_chan[1].u_cdc_chcmd.wq2_rgray[4]$_DFF_PN0_,clk_core,4.38,1.05,0.044275643795242736,4.335724356204757,recovery,guardband_5pct,hypothetical_guardband_5pct,uniform_5pct_vdd_budget,1.1,False,VALIDATED
53,g_chan[1].u_cdc_chcmd.wgray[1]$_DFF_PN0_,clk_core,4.38,1.05,0.044275643795242736,4.335724356204757,recovery,guardband_5pct,hypothetical_guardband_5pct,uniform_5pct_vdd_budget,1.1,False,VALIDATED
52,g_chan[1].u_cdc_chcmd.wgray[0]$_DFF_PN0_,clk_core,4.38,1.05,0.044275643795242736,4.335724356204757,recovery,guardband_5pct,hypothetical_guardband_5pct,uniform_5pct_vdd_budget,1.1,False,VALIDATED
54,g_chan[1].u_cdc_chcmd.wq1_rgray[0]$_DFF_PN0_,clk_core,4.38,1.05,0.044275643795242736,4.335724356204757,recovery,guardband_5pct,hypothetical_guardband_5pct,uniform_5pct_vdd_budget,1.1,False,VALIDATED
59,g_chan[1].u_cdc_chcmd.wgray[3]$_DFF_PN0_,clk_core,4.38,1.04,0.043853970997192904,4.336146029002807,recovery,guardband_5pct,hypothetical_guardband_5pct,uniform_5pct_vdd_budget,1.1,False,VALIDATED
60,g_chan[1].u_cdc_chcmd.wgray[2]$_DFF_PN0_,clk_core,4.38,1.04,0.043853970997192904,4.336146029002807,recovery,guardband_5pct,hypothetical_guardband_5pct,uniform_5pct_vdd_budget,1.1,False,VALIDATED
58,g_chan[1].u_cdc_chcmd.wq1_rgray[2]$_DFF_PN0_,clk_core,4.38,1.04,0.043853970997192904,4.336146029002807,recovery,guardband_5pct,hypothetical_guardband_5pct,uniform_5pct_vdd_budget,1.1,False,VALIDATED
62,g_chan[1].u_cdc_chcmd.wq2_rgray[2]$_DFF_PN0_,clk_core,4.38,1.04,0.043853970997192904,4.336146029002807,recovery,guardband_5pct,hypothetical_guardband_5pct,uniform_5pct_vdd_budget,1.1,False,VALIDATED
79,u_cdc_rbeat.wq2_rgray[1]$_DFF_PN0_,clk_core,4.41,1.02,0.043010625401092906,4.366989374598907,recovery,guardband_5pct,hypothetical_guardband_5pct,uniform_5pct_vdd_budget,1.1,False,VALIDATED
63,u_dma_fabric.rbeat_data[23]$_DFFE_PN0P_,clk_core,4.41,1.02,0.043010625401092906,4.366989374598907,recovery,guardband_5pct,hypothetical_guardband_5pct,uniform_5pct_vdd_budget,1.1,False,VALIDATED
78,u_cdc_rbeat.wq2_rgray[2]$_DFF_PN0_,clk_core,4.41,1.02,0.043010625401092906,4.366989374598907,recovery,guardband_5pct,hypothetical_guardband_5pct,uniform_5pct_vdd_budget,1.1,False,VALIDATED
77,u_cdc_rbeat.wq2_rgray[0]$_DFF_PN0_,clk_core,4.41,1.02,0.043010625401092906,4.366989374598907,recovery,guardband_5pct,hypothetical_guardband_5pct,uniform_5pct_vdd_budget,1.1,False,VALIDATED
76,u_cdc_rbeat.wgray[1]$_DFF_PN0_,clk_core,4.41,1.02,0.043010625401092906,4.366989374598907,recovery,guardband_5pct,hypothetical_guardband_5pct,uniform_5pct_vdd_budget,1.1,False,VALIDATED
75,u_cdc_rbeat.wgray[0]$_DFF_PN0_,clk_core,4.41,1.02,0.043010625401092906,4.366989374598907,recovery,guardband_5pct,hypothetical_guardband_5pct,uniform_5pct_vdd_budget,1.1,False,VALIDATED
74,u_cdc_rbeat.wbin[2]$_DFF_PN0_,clk_core,4.41,1.02,0.043010625401092906,4.366989374598907,recovery,guardband_5pct,hypothetical_guardband_5pct,uniform_5pct_vdd_budget,1.1,False,VALIDATED
73,u_cdc_rbeat.wbin[3]$_DFF_PN0_,clk_core,4.41,1.02,0.043010625401092906,4.366989374598907,recovery,guardband_5pct,hypothetical_guardband_5pct,uniform_5pct_vdd_budget,1.1,False,VALIDATED
72,u_cdc_rbeat.wgray[2]$_DFF_PN0_,clk_core,4.41,1.02,0.043010625401092906,4.366989374598907,recovery,guardband_5pct,hypothetical_guardband_5pct,uniform_5pct_vdd_budget,1.1,False,VALIDATED
71,u_cdc_rbeat.wgray[3]$_DFF_PN0_,clk_core,4.41,1.02,0.043010625401092906,4.366989374598907,recovery,guardband_5pct,hypothetical_guardband_5pct,uniform_5pct_vdd_budget,1.1,False,VALIDATED
70,u_cdc_rbeat.wbin[4]$_DFF_PN0_,clk_core,4.41,1.02,0.043010625401092906,4.366989374598907,recovery,guardband_5pct,hypothetical_guardband_5pct,uniform_5pct_vdd_budget,1.1,False,VALIDATED
69,u_cdc_rbeat.wq2_rgray[3]$_DFF_PN0_,clk_core,4.41,1.02,0.043010625401092906,4.366989374598907,recovery,guardband_5pct,hypothetical_guardband_5pct,uniform_5pct_vdd_budget,1.1,False,VALIDATED
68,u_cdc_rbeat.wq1_rgray[3]$_DFF_PN0_,clk_core,4.41,1.02,0.043010625401092906,4.366989374598907,recovery,guardband_5pct,hypothetical_guardband_5pct,uniform_5pct_vdd_budget,1.1,False,VALIDATED
67,u_cdc_rbeat.wq1_rgray[0]$_DFF_PN0_,clk_core,4.41,1.02,0.043010625401092906,4.366989374598907,recovery,guardband_5pct,hypothetical_guardband_5pct,uniform_5pct_vdd_budget,1.1,False,VALIDATED
66,u_dma_fabric.rbeat_data[28]$_DFFE_PN0P_,clk_core,4.41,1.02,0.043010625401092906,4.366989374598907,recovery,guardband_5pct,hypothetical_guardband_5pct,uniform_5pct_vdd_budget,1.1,False,VALIDATED
65,u_dma_fabric.rbeat_data[30]$_DFFE_PN0P_,clk_core,4.41,1.02,0.043010625401092906,4.366989374598907,recovery,guardband_5pct,hypothetical_guardband_5pct,uniform_5pct_vdd_budget,1.1,False,VALIDATED
64,u_dma_fabric.rbeat_data[29]$_DFFE_PN0P_,clk_core,4.41,1.02,0.043010625401092906,4.366989374598907,recovery,guardband_5pct,hypothetical_guardband_5pct,uniform_5pct_vdd_budget,1.1,False,VALIDATED
88,u_dma_fabric.rbeat_data[26]$_DFFE_PN0P_,clk_core,4.41,1.02,0.043010625401092906,4.366989374598907,recovery,guardband_5pct,hypothetical_guardband_5pct,uniform_5pct_vdd_budget,1.1,False,VALIDATED
89,u_dma_fabric.rbeat_data[2]$_DFFE_PN0P_,clk_core,4.41,1.02,0.043010625401092906,4.366989374598907,recovery,guardband_5pct,hypothetical_guardband_5pct,uniform_5pct_vdd_budget,1.1,False,VALIDATED
90,u_dma_fabric.rbeat_data[3]$_DFFE_PN0P_,clk_core,4.41,1.02,0.043010625401092906,4.366989374598907,recovery,guardband_5pct,hypothetical_guardband_5pct,uniform_5pct_vdd_budget,1.1,False,VALIDATED
91,u_dma_fabric.rbeat_data[0]$_DFFE_PN0P_,clk_core,4.41,1.02,0.043010625401092906,4.366989374598907,recovery,guardband_5pct,hypothetical_guardband_5pct,uniform_5pct_vdd_budget,1.1,False,VALIDATED
84,u_cdc_rbeat.wq2_rgray[4]$_DFF_PN0_,clk_core,4.41,1.02,0.043010625401092906,4.366989374598907,recovery,guardband_5pct,hypothetical_guardband_5pct,uniform_5pct_vdd_budget,1.1,False,VALIDATED
85,u_cdc_rbeat.wq1_rgray[2]$_DFF_PN0_,clk_core,4.41,1.02,0.043010625401092906,4.366989374598907,recovery,guardband_5pct,hypothetical_guardband_5pct,uniform_5pct_vdd_budget,1.1,False,VALIDATED
86,u_cdc_rbeat.wr_full$_DFF_PN0_,clk_core,4.41,1.02,0.04301062540109299,4.366989374598907,recovery,guardband_5pct,hypothetical_guardband_5pct,uniform_5pct_vdd_budget,1.1,False,VALIDATED
87,u_dma_fabric.rbeat_data[1]$_DFFE_PN0P_,clk_core,4.41,1.02,0.043010625401092906,4.366989374598907,recovery,guardband_5pct,hypothetical_guardband_5pct,uniform_5pct_vdd_budget,1.1,False,VALIDATED
83,u_cdc_rbeat.wq1_rgray[4]$_DFF_PN0_,clk_core,4.41,1.02,0.043010625401092906,4.366989374598907,recovery,guardband_5pct,hypothetical_guardband_5pct,uniform_5pct_vdd_budget,1.1,False,VALIDATED
82,u_cdc_rbeat.wq1_rgray[1]$_DFF_PN0_,clk_core,4.41,1.02,0.043010625401092906,4.366989374598907,recovery,guardband_5pct,hypothetical_guardband_5pct,uniform_5pct_vdd_budget,1.1,False,VALIDATED
81,u_cdc_rbeat.wbin[1]$_DFF_PN0_,clk_core,4.41,1.02,0.043010625401092906,4.366989374598907,recovery,guardband_5pct,hypothetical_guardband_5pct,uniform_5pct_vdd_budget,1.1,False,VALIDATED
80,u_cdc_rbeat.wbin[0]$_DFF_PN0_,clk_core,4.41,1.02,0.043010625401092906,4.366989374598907,recovery,guardband_5pct,hypothetical_guardband_5pct,uniform_5pct_vdd_budget,1.1,False,VALIDATED
95,u_seq_core.beats_left[25]$_DFFE_PN0P_,clk_core,4.49,0.94,0.03963724301669351,4.450362756983306,recovery,guardband_5pct,hypothetical_guardband_5pct,uniform_5pct_vdd_budget,1.1,False,VALIDATED
94,u_seq_core.beats_left[21]$_DFFE_PN0P_,clk_core,4.49,0.94,0.03963724301669351,4.450362756983306,recovery,guardband_5pct,hypothetical_guardband_5pct,uniform_5pct_vdd_budget,1.1,False,VALIDATED
93,u_seq_core.beats_left[22]$_DFFE_PN0P_,clk_core,4.49,0.94,0.03963724301669351,4.450362756983306,recovery,guardband_5pct,hypothetical_guardband_5pct,uniform_5pct_vdd_budget,1.1,False,VALIDATED
92,u_seq_core.beats_left[28]$_DFFE_PN0P_,clk_core,4.49,0.94,0.03963724301669351,4.450362756983306,recovery,guardband_5pct,hypothetical_guardband_5pct,uniform_5pct_vdd_budget,1.1,False,VALIDATED
99,u_seq_core.beats_left[29]$_DFFE_PN0P_,clk_core,4.49,0.94,0.03963724301669351,4.450362756983306,recovery,guardband_5pct,hypothetical_guardband_5pct,uniform_5pct_vdd_budget,1.1,False,VALIDATED
98,u_seq_core.beats_left[30]$_DFFE_PN0P_,clk_core,4.49,0.94,0.03963724301669351,4.450362756983306,recovery,guardband_5pct,hypothetical_guardband_5pct,uniform_5pct_vdd_budget,1.1,False,VALIDATED
97,u_seq_core.beats_left[27]$_DFFE_PN0P_,clk_core,4.49,0.94,0.03963724301669351,4.450362756983306,recovery,guardband_5pct,hypothetical_guardband_5pct,uniform_5pct_vdd_budget,1.1,False,VALIDATED
96,u_seq_core.beats_left[26]$_DFFE_PN0P_,clk_core,4.49,0.94,0.03963724301669351,4.450362756983306,recovery,guardband_5pct,hypothetical_guardband_5pct,uniform_5pct_vdd_budget,1.1,False,VALIDATED
111,u_cdc_cmd.rq2_wgray[2]$_DFF_PN0_,clk_core,4.5,0.94,0.039637243016693545,4.460362756983306,recovery,guardband_5pct,hypothetical_guardband_5pct,uniform_5pct_vdd_budget,1.1,False,VALIDATED
110,c_cmd_len[3]$_DFFE_PN0N_,clk_core,4.5,0.94,0.039637243016693545,4.460362756983306,recovery,guardband_5pct,hypothetical_guardband_5pct,uniform_5pct_vdd_budget,1.1,False,VALIDATED
109,u_cdc_cmd.rq1_wgray[2]$_DFF_PN0_,clk_core,4.5,0.94,0.039637243016693545,4.460362756983306,recovery,guardband_5pct,hypothetical_guardband_5pct,uniform_5pct_vdd_budget,1.1,False,VALIDATED
108,u_cdc_cmd.rq1_wgray[3]$_DFF_PN0_,clk_core,4.5,0.94,0.039637243016693545,4.460362756983306,recovery,guardband_5pct,hypothetical_guardband_5pct,uniform_5pct_vdd_budget,1.1,False,VALIDATED
104,u_cdc_cmd.rbin[4]$_DFF_PN0_,clk_core,4.5,0.94,0.039637243016693545,4.460362756983306,recovery,guardband_5pct,hypothetical_guardband_5pct,uniform_5pct_vdd_budget,1.1,False,VALIDATED
105,u_cdc_cmd.rq2_wgray[4]$_DFF_PN0_,clk_core,4.5,0.94,0.039637243016693545,4.460362756983306,recovery,guardband_5pct,hypothetical_guardband_5pct,uniform_5pct_vdd_budget,1.1,False,VALIDATED
106,u_cdc_cmd.rq1_wgray[4]$_DFF_PN0_,clk_core,4.5,0.94,0.039637243016693545,4.460362756983306,recovery,guardband_5pct,hypothetical_guardband_5pct,uniform_5pct_vdd_budget,1.1,False,VALIDATED
107,c_cmd_len[0]$_DFFE_PN0N_,clk_core,4.5,0.94,0.039637243016693545,4.460362756983306,recovery,guardband_5pct,hypothetical_guardband_5pct,uniform_5pct_vdd_budget,1.1,False,VALIDATED
100,c_cmd_len[2]$_DFFE_PN0N_,clk_core,4.5,0.94,0.039637243016693545,4.460362756983306,recovery,guardband_5pct,hypothetical_guardband_5pct,uniform_5pct_vdd_budget,1.1,False,VALIDATED
101,c_cmd_len[10]$_DFFE_PN0N_,clk_core,4.5,0.94,0.039637243016693545,4.460362756983306,recovery,guardband_5pct,hypothetical_guardband_5pct,uniform_5pct_vdd_budget,1.1,False,VALIDATED
102,c_cmd_len[7]$_DFFE_PN0N_,clk_core,4.5,0.94,0.039637243016693545,4.460362756983306,recovery,guardband_5pct,hypothetical_guardband_5pct,uniform_5pct_vdd_budget,1.1,False,VALIDATED
103,c_cmd_len[4]$_DFFE_PN0N_,clk_core,4.5,0.94,0.039637243016693545,4.460362756983306,recovery,guardband_5pct,hypothetical_guardband_5pct,uniform_5pct_vdd_budget,1.1,False,VALIDATED
124,u_cdc_cmd.rbin[3]$_DFF_PN0_,clk_core,4.5,0.94,0.039637243016693545,4.460362756983306,recovery,guardband_5pct,hypothetical_guardband_5pct,uniform_5pct_vdd_budget,1.1,False,VALIDATED
125,u_cdc_cmd.rbin[1]$_DFF_PN0_,clk_core,4.5,0.94,0.039637243016693545,4.460362756983306,recovery,guardband_5pct,hypothetical_guardband_5pct,uniform_5pct_vdd_budget,1.1,False,VALIDATED
122,g_chan[1].u_cdc_chw.wgray[0]$_DFF_PN0_,clk_core,4.5,0.94,0.03963724301669351,4.460362756983306,recovery,guardband_5pct,hypothetical_guardband_5pct,uniform_5pct_vdd_budget,1.1,False,VALIDATED
123,u_cdc_cmd.rq2_wgray[3]$_DFF_PN0_,clk_core,4.5,0.94,0.039637243016693545,4.460362756983306,recovery,guardband_5pct,hypothetical_guardband_5pct,uniform_5pct_vdd_budget,1.1,False,VALIDATED
121,g_chan[1].u_cdc_chw.wq2_rgray[1]$_DFF_PN0_,clk_core,4.5,0.94,0.03963724301669351,4.460362756983306,recovery,guardband_5pct,hypothetical_guardband_5pct,uniform_5pct_vdd_budget,1.1,False,VALIDATED
120,g_chan[1].u_cdc_chw.wgray[1]$_DFF_PN0_,clk_core,4.5,0.94,0.03963724301669351,4.460362756983306,recovery,guardband_5pct,hypothetical_guardband_5pct,uniform_5pct_vdd_budget,1.1,False,VALIDATED
117,g_chan[1].u_cdc_chw.wbin[2]$_DFF_PN0_,clk_core,4.5,0.94,0.03963724301669351,4.460362756983306,recovery,guardband_5pct,hypothetical_guardband_5pct,uniform_5pct_vdd_budget,1.1,False,VALIDATED
119,g_chan[1].u_cdc_chw.wq1_rgray[1]$_DFF_PN0_,clk_core,4.5,0.94,0.03963724301669351,4.460362756983306,recovery,guardband_5pct,hypothetical_guardband_5pct,uniform_5pct_vdd_budget,1.1,False,VALIDATED
113,g_chan[1].u_cdc_chw.wbin[3]$_DFF_PN0_,clk_core,4.5,0.94,0.03963724301669351,4.460362756983306,recovery,guardband_5pct,hypothetical_guardband_5pct,uniform_5pct_vdd_budget,1.1,False,VALIDATED
114,g_chan[1].u_cdc_chw.wbin[1]$_DFF_PN0_,clk_core,4.5,0.94,0.03963724301669351,4.460362756983306,recovery,guardband_5pct,hypothetical_guardband_5pct,uniform_5pct_vdd_budget,1.1,False,VALIDATED
116,c_cmd_len[6]$_DFFE_PN0N_,clk_core,4.5,0.94,0.039637243016693545,4.460362756983306,recovery,guardband_5pct,hypothetical_guardband_5pct,uniform_5pct_vdd_budget,1.1,False,VALIDATED
115,g_chan[1].u_cdc_chw.wbin[0]$_DFF_PN0_,clk_core,4.5,0.94,0.03963724301669351,4.460362756983306,recovery,guardband_5pct,hypothetical_guardband_5pct,uniform_5pct_vdd_budget,1.1,False,VALIDATED
139,c_cmd_addr[25]$_DFFE_PN0N_,clk_core,4.5,0.94,0.039637243016693545,4.460362756983306,recovery,guardband_5pct,hypothetical_guardband_5pct,uniform_5pct_vdd_budget,1.1,False,VALIDATED
136,c_cmd_len[9]$_DFFE_PN0N_,clk_core,4.5,0.94,0.039637243016693545,4.460362756983306,recovery,guardband_5pct,hypothetical_guardband_5pct,uniform_5pct_vdd_budget,1.1,False,VALIDATED
141,c_cmd_valid$_DFF_PN0_,clk_core,4.5,0.94,0.039637243016693496,4.460362756983306,recovery,guardband_5pct,hypothetical_guardband_5pct,uniform_5pct_vdd_budget,1.1,False,VALIDATED
140,c_cmd_addr[24]$_DFFE_PN0N_,clk_core,4.5,0.94,0.039637243016693545,4.460362756983306,recovery,guardband_5pct,hypothetical_guardband_5pct,uniform_5pct_vdd_budget,1.1,False,VALIDATED
135,c_cmd_len[5]$_DFFE_PN0N_,clk_core,4.5,0.94,0.039637243016693545,4.460362756983306,recovery,guardband_5pct,hypothetical_guardband_5pct,uniform_5pct_vdd_budget,1.1,False,VALIDATED
134,c_cmd_len[8]$_DFFE_PN0N_,clk_core,4.5,0.94,0.039637243016693545,4.460362756983306,recovery,guardband_5pct,hypothetical_guardband_5pct,uniform_5pct_vdd_budget,1.1,False,VALIDATED
133,c_cmd_addr[23]$_DFFE_PN0N_,clk_core,4.5,0.94,0.039637243016693545,4.460362756983306,recovery,guardband_5pct,hypothetical_guardband_5pct,uniform_5pct_vdd_budget,1.1,False,VALIDATED
132,c_cmd_len[1]$_DFFE_PN0N_,clk_core,4.5,0.94,0.039637243016693545,4.460362756983306,recovery,guardband_5pct,hypothetical_guardband_5pct,uniform_5pct_vdd_budget,1.1,False,VALIDATED
128,u_cdc_cmd.rgray[2]$_DFF_PN0_,clk_core,4.5,0.94,0.039637243016693545,4.460362756983306,recovery,guardband_5pct,hypothetical_guardband_5pct,uniform_5pct_vdd_budget,1.1,False,VALIDATED
130,u_cdc_cmd.rgray[3]$_DFF_PN0_,clk_core,4.5,0.94,0.039637243016693545,4.460362756983306,recovery,guardband_5pct,hypothetical_guardband_5pct,uniform_5pct_vdd_budget,1.1,False,VALIDATED
126,g_chan[1].u_cdc_chw.wq2_rgray[2]$_DFF_PN0_,clk_core,4.5,0.93,0.03921557021864352,4.460784429781357,recovery,guardband_5pct,hypothetical_guardband_5pct,uniform_5pct_vdd_budget,1.1,False,VALIDATED
127,g_chan[1].u_cdc_chw.wbin[4]$_DFF_PN0_,clk_core,4.5,0.93,0.03921557021864352,4.460784429781357,recovery,guardband_5pct,hypothetical_guardband_5pct,uniform_5pct_vdd_budget,1.1,False,VALIDATED
138,g_chan[1].u_cdc_chw.wq2_rgray[3]$_DFF_PN0_,clk_core,4.5,0.93,0.03921557021864352,4.460784429781357,recovery,guardband_5pct,hypothetical_guardband_5pct,uniform_5pct_vdd_budget,1.1,False,VALIDATED
137,g_chan[1].u_cdc_chw.wq2_rgray[0]$_DFF_PN0_,clk_core,4.5,0.93,0.03921557021864352,4.460784429781357,recovery,guardband_5pct,hypothetical_guardband_5pct,uniform_5pct_vdd_budget,1.1,False,VALIDATED
129,g_chan[1].u_cdc_chw.wq1_rgray[3]$_DFF_PN0_,clk_core,4.5,0.93,0.03921557021864352,4.460784429781357,recovery,guardband_5pct,hypothetical_guardband_5pct,uniform_5pct_vdd_budget,1.1,False,VALIDATED
131,g_chan[1].u_cdc_chw.wq1_rgray[2]$_DFF_PN0_,clk_core,4.5,0.93,0.03921557021864352,4.460784429781357,recovery,guardband_5pct,hypothetical_guardband_5pct,uniform_5pct_vdd_budget,1.1,False,VALIDATED
118,g_chan[1].u_cdc_chw.wgray[2]$_DFF_PN0_,clk_core,4.5,0.93,0.03921557021864352,4.460784429781357,recovery,guardband_5pct,hypothetical_guardband_5pct,uniform_5pct_vdd_budget,1.1,False,VALIDATED
112,g_chan[1].u_cdc_chw.wgray[3]$_DFF_PN0_,clk_core,4.5,0.93,0.03921557021864352,4.460784429781357,recovery,guardband_5pct,hypothetical_guardband_5pct,uniform_5pct_vdd_budget,1.1,False,VALIDATED
147,u_cdc_cmd.rq2_wgray[1]$_DFF_PN0_,clk_core,4.51,0.94,0.039637243016693545,4.470362756983306,recovery,guardband_5pct,hypothetical_guardband_5pct,uniform_5pct_vdd_budget,1.1,False,VALIDATED
142,u_cdc_cmd.rbin[0]$_DFF_PN0_,clk_core,4.51,0.94,0.039637243016693545,4.470362756983306,recovery,guardband_5pct,hypothetical_guardband_5pct,uniform_5pct_vdd_budget,1.1,False,VALIDATED
145,u_cdc_cmd.rq1_wgray[0]$_DFF_PN0_,clk_core,4.51,0.94,0.039637243016693545,4.470362756983306,recovery,guardband_5pct,hypothetical_guardband_5pct,uniform_5pct_vdd_budget,1.1,False,VALIDATED
146,u_cdc_cmd.rq1_wgray[1]$_DFF_PN0_,clk_core,4.51,0.94,0.039637243016693545,4.470362756983306,recovery,guardband_5pct,hypothetical_guardband_5pct,uniform_5pct_vdd_budget,1.1,False,VALIDATED
148,u_cdc_cmd.rq2_wgray[0]$_DFF_PN0_,clk_core,4.51,0.94,0.039637243016693545,4.470362756983306,recovery,guardband_5pct,hypothetical_guardband_5pct,uniform_5pct_vdd_budget,1.1,False,VALIDATED
151,u_cdc_cmd.rd_empty$_DFF_PN1_,clk_core,4.51,0.94,0.039637243016693496,4.470362756983306,recovery,guardband_5pct,hypothetical_guardband_5pct,uniform_5pct_vdd_budget,1.1,False,VALIDATED
144,u_cdc_cmd.rgray[0]$_DFF_PN0_,clk_core,4.51,0.94,0.039637243016693545,4.470362756983306,recovery,guardband_5pct,hypothetical_guardband_5pct,uniform_5pct_vdd_budget,1.1,False,VALIDATED
150,u_cdc_cmd.rbin[2]$_DFF_PN0_,clk_core,4.51,0.94,0.039637243016693545,4.470362756983306,recovery,guardband_5pct,hypothetical_guardband_5pct,uniform_5pct_vdd_budget,1.1,False,VALIDATED
152,u_cdc_cmd.rgray[1]$_DFF_PN0_,clk_core,4.51,0.93,0.03921557021864365,4.470784429781356,recovery,guardband_5pct,hypothetical_guardband_5pct,uniform_5pct_vdd_budget,1.1,False,VALIDATED
149,u_seq_core.op_q[0]$_DFFE_PN0P_,clk_core,4.51,0.93,0.03921557021864352,4.470784429781356,recovery,guardband_5pct,hypothetical_guardband_5pct,uniform_5pct_vdd_budget,1.1,False,VALIDATED
155,g_chan[1].u_cdc_chr.rbin[3]$_DFF_PN0_,clk_core,4.51,0.92,0.038793897420593686,4.471206102579406,recovery,guardband_5pct,hypothetical_guardband_5pct,uniform_5pct_vdd_budget,1.1,False,VALIDATED
153,u_dma_fabric.rbeat_valid$_DFFE_PN0P_,clk_core,4.51,0.92,0.03879389742059358,4.471206102579406,recovery,guardband_5pct,hypothetical_guardband_5pct,uniform_5pct_vdd_budget,1.1,False,VALIDATED
154,g_chan[1].u_cdc_chr.rbin[1]$_DFF_PN0_,clk_core,4.51,0.92,0.038793897420593686,4.471206102579406,recovery,guardband_5pct,hypothetical_guardband_5pct,uniform_5pct_vdd_budget,1.1,False,VALIDATED
156,g_chan[1].u_cdc_chr.rq2_wgray[0]$_DFF_PN0_,clk_core,4.51,0.92,0.038793897420593686,4.471206102579406,recovery,guardband_5pct,hypothetical_guardband_5pct,uniform_5pct_vdd_budget,1.1,False,VALIDATED
157,g_chan[1].u_cdc_chr.rq1_wgray[4]$_DFF_PN0_,clk_core,4.51,0.92,0.038793897420593686,4.471206102579406,recovery,guardband_5pct,hypothetical_guardband_5pct,uniform_5pct_vdd_budget,1.1,False,VALIDATED
143,g_chan[1].u_cdc_chr.rd_empty$_DFF_PN1_,clk_core,4.51,0.92,0.038793897420593686,4.471206102579406,recovery,guardband_5pct,hypothetical_guardband_5pct,uniform_5pct_vdd_budget,1.1,False,VALIDATED
159,g_chan[1].u_cdc_chr.rgray[0]$_DFF_PN0_,clk_core,4.52,0.92,0.038793897420593686,4.481206102579406,recovery,guardband_5pct,hypothetical_guardband_5pct,uniform_5pct_vdd_budget,1.1,False,VALIDATED
158,g_chan[1].u_cdc_chr.rbin[0]$_DFF_PN0_,clk_core,4.52,0.92,0.038793897420593686,4.481206102579406,recovery,guardband_5pct,hypothetical_guardband_5pct,uniform_5pct_vdd_budget,1.1,False,VALIDATED
165,u_dma_fabric.rr_ptr$_DFFE_PN0P_,clk_core,4.52,0.92,0.03879389742059358,4.481206102579406,recovery,guardband_5pct,hypothetical_guardband_5pct,uniform_5pct_vdd_budget,1.1,False,VALIDATED
160,g_chan[1].u_cdc_chr.rq1_wgray[0]$_DFF_PN0_,clk_core,4.52,0.92,0.038793897420593686,4.481206102579406,recovery,guardband_5pct,hypothetical_guardband_5pct,uniform_5pct_vdd_budget,1.1,False,VALIDATED
162,g_chan[1].u_cdc_chr.rbin[4]$_DFF_PN0_,clk_core,4.52,0.92,0.038793897420593686,4.481206102579406,recovery,guardband_5pct,hypothetical_guardband_5pct,uniform_5pct_vdd_budget,1.1,False,VALIDATED
161,g_chan[1].u_cdc_chr.rbin[2]$_DFF_PN0_,clk_core,4.52,0.92,0.038793897420593686,4.481206102579406,recovery,guardband_5pct,hypothetical_guardband_5pct,uniform_5pct_vdd_budget,1.1,False,VALIDATED
169,g_chan[1].u_cdc_chr.rq2_wgray[2]$_DFF_PN0_,clk_core,4.52,0.92,0.038793897420593686,4.481206102579406,recovery,guardband_5pct,hypothetical_guardband_5pct,uniform_5pct_vdd_budget,1.1,False,VALIDATED
168,g_chan[1].u_cdc_chr.rgray[3]$_DFF_PN0_,clk_core,4.52,0.92,0.038793897420593686,4.481206102579406,recovery,guardband_5pct,hypothetical_guardband_5pct,uniform_5pct_vdd_budget,1.1,False,VALIDATED
167,g_chan[1].u_cdc_chr.rq1_wgray[2]$_DFF_PN0_,clk_core,4.52,0.92,0.038793897420593686,4.481206102579406,recovery,guardband_5pct,hypothetical_guardband_5pct,uniform_5pct_vdd_budget,1.1,False,VALIDATED
166,g_chan[1].u_cdc_chr.rq2_wgray[3]$_DFF_PN0_,clk_core,4.52,0.92,0.038793897420593686,4.481206102579406,recovery,guardband_5pct,hypothetical_guardband_5pct,uniform_5pct_vdd_budget,1.1,False,VALIDATED
164,g_chan[1].u_cdc_chr.rq2_wgray[4]$_DFF_PN0_,clk_core,4.52,0.92,0.038793897420593686,4.481206102579406,recovery,guardband_5pct,hypothetical_guardband_5pct,uniform_5pct_vdd_budget,1.1,False,VALIDATED
163,g_chan[1].u_cdc_chr.rgray[2]$_DFF_PN0_,clk_core,4.52,0.92,0.038793897420593686,4.481206102579406,recovery,guardband_5pct,hypothetical_guardband_5pct,uniform_5pct_vdd_budget,1.1,False,VALIDATED
173,g_chan[1].u_cdc_chr.rgray[1]$_DFF_PN0_,clk_core,4.52,0.91,0.038372224622543694,4.481627775377456,recovery,guardband_5pct,hypothetical_guardband_5pct,uniform_5pct_vdd_budget,1.1,False,VALIDATED
170,g_chan[1].u_cdc_chr.rq1_wgray[3]$_DFF_PN0_,clk_core,4.52,0.91,0.038372224622543694,4.481627775377456,recovery,guardband_5pct,hypothetical_guardband_5pct,uniform_5pct_vdd_budget,1.1,False,VALIDATED
172,g_chan[1].u_cdc_chr.rq1_wgray[1]$_DFF_PN0_,clk_core,4.52,0.91,0.038372224622543694,4.481627775377456,recovery,guardband_5pct,hypothetical_guardband_5pct,uniform_5pct_vdd_budget,1.1,False,VALIDATED
171,g_chan[1].u_cdc_chr.rq2_wgray[1]$_DFF_PN0_,clk_core,4.52,0.91,0.038372224622543694,4.481627775377456,recovery,guardband_5pct,hypothetical_guardband_5pct,uniform_5pct_vdd_budget,1.1,False,VALIDATED
179,u_seq_core.addr_q[31]$_DFFE_PN0P_,clk_core,4.55,0.88,0.03710720622839388,4.512892793771606,recovery,guardband_5pct,hypothetical_guardband_5pct,uniform_5pct_vdd_budget,1.1,False,VALIDATED
175,u_seq_core.addr_q[7]$_DFFE_PN0P_,clk_core,4.55,0.88,0.03710720622839388,4.512892793771606,recovery,guardband_5pct,hypothetical_guardband_5pct,uniform_5pct_vdd_budget,1.1,False,VALIDATED
174,u_seq_core.addr_q[26]$_DFFE_PN0P_,clk_core,4.55,0.88,0.03710720622839388,4.512892793771606,recovery,guardband_5pct,hypothetical_guardband_5pct,uniform_5pct_vdd_budget,1.1,False,VALIDATED
177,u_seq_core.addr_q[8]$_DFFE_PN0P_,clk_core,4.55,0.88,0.03710720622839388,4.512892793771606,recovery,guardband_5pct,hypothetical_guardband_5pct,uniform_5pct_vdd_budget,1.1,False,VALIDATED
176,u_seq_core.addr_q[6]$_DFFE_PN0P_,clk_core,4.55,0.88,0.03710720622839388,4.512892793771606,recovery,guardband_5pct,hypothetical_guardband_5pct,uniform_5pct_vdd_budget,1.1,False,VALIDATED
178,u_seq_core.addr_q[9]$_DFFE_PN0P_,clk_core,4.55,0.88,0.03710720622839388,4.512892793771606,recovery,guardband_5pct,hypothetical_guardband_5pct,uniform_5pct_vdd_budget,1.1,False,VALIDATED
180,u_seq_core.addr_q[20]$_DFFE_PN0P_,clk_core,4.56,0.88,0.03710720622839388,4.5228927937716055,recovery,guardband_5pct,hypothetical_guardband_5pct,uniform_5pct_vdd_budget,1.1,False,VALIDATED
181,u_seq_core.addr_q[2]$_DFFE_PN0P_,clk_core,4.56,0.88,0.03710720622839388,4.5228927937716055,recovery,guardband_5pct,hypothetical_guardband_5pct,uniform_5pct_vdd_budget,1.1,False,VALIDATED
182,u_seq_core.addr_q[21]$_DFFE_PN0P_,clk_core,4.56,0.88,0.03710720622839388,4.5228927937716055,recovery,guardband_5pct,hypothetical_guardband_5pct,uniform_5pct_vdd_budget,1.1,False,VALIDATED
183,c_cmd_addr[7]$_DFFE_PN0N_,clk_core,4.57,0.88,0.03710720622839403,4.532892793771606,recovery,guardband_5pct,hypothetical_guardband_5pct,uniform_5pct_vdd_budget,1.1,False,VALIDATED
184,c_cmd_addr[6]$_DFFE_PN0N_,clk_core,4.57,0.88,0.03710720622839403,4.532892793771606,recovery,guardband_5pct,hypothetical_guardband_5pct,uniform_5pct_vdd_budget,1.1,False,VALIDATED
185,c_cmd_addr[9]$_DFFE_PN0N_,clk_core,4.57,0.88,0.03710720622839403,4.532892793771606,recovery,guardband_5pct,hypothetical_guardband_5pct,uniform_5pct_vdd_budget,1.1,False,VALIDATED
186,c_cmd_addr[8]$_DFFE_PN0N_,clk_core,4.57,0.88,0.03710720622839394,4.532892793771606,recovery,guardband_5pct,hypothetical_guardband_5pct,uniform_5pct_vdd_budget,1.1,False,VALIDATED
187,g_chan[0].u_cdc_chcmd.wr_full$_DFF_PN0_,clk_core,4.59,0.84,0.0354205150361942,4.5545794849638055,recovery,guardband_5pct,hypothetical_guardband_5pct,uniform_5pct_vdd_budget,1.1,False,VALIDATED
188,u_seq_core.done$_DFFE_PN0P_,clk_core,4.59,0.84,0.03542051503619423,4.5545794849638055,recovery,guardband_5pct,hypothetical_guardband_5pct,uniform_5pct_vdd_budget,1.1,False,VALIDATED
189,g_chan[0].u_cdc_chcmd.wgray[0]$_DFF_PN0_,clk_core,4.59,0.84,0.0354205150361942,4.5545794849638055,recovery,guardband_5pct,hypothetical_guardband_5pct,uniform_5pct_vdd_budget,1.1,False,VALIDATED
190,g_chan[0].u_cdc_chcmd.wbin[4]$_DFF_PN0_,clk_core,4.59,0.84,0.0354205150361942,4.5545794849638055,recovery,guardband_5pct,hypothetical_guardband_5pct,uniform_5pct_vdd_budget,1.1,False,VALIDATED
191,g_chan[0].u_cdc_chcmd.wgray[1]$_DFF_PN0_,clk_core,4.59,0.84,0.0354205150361942,4.5545794849638055,recovery,guardband_5pct,hypothetical_guardband_5pct,uniform_5pct_vdd_budget,1.1,False,VALIDATED
192,g_chan[0].u_cdc_chcmd.wbin[3]$_DFF_PN0_,clk_core,4.59,0.84,0.0354205150361942,4.5545794849638055,recovery,guardband_5pct,hypothetical_guardband_5pct,uniform_5pct_vdd_budget,1.1,False,VALIDATED
193,g_chan[0].u_cdc_chcmd.wq2_rgray[1]$_DFF_PN0_,clk_core,4.59,0.84,0.0354205150361942,4.5545794849638055,recovery,guardband_5pct,hypothetical_guardband_5pct,uniform_5pct_vdd_budget,1.1,False,VALIDATED
194,g_chan[0].u_cdc_chcmd.wq1_rgray[1]$_DFF_PN0_,clk_core,4.59,0.84,0.0354205150361942,4.5545794849638055,recovery,guardband_5pct,hypothetical_guardband_5pct,uniform_5pct_vdd_budget,1.1,False,VALIDATED
203,u_ecc_engine.vpipe[1]$_DFF_PN0_,clk_core,4.59,0.84,0.0354205150361942,4.5545794849638055,recovery,guardband_5pct,hypothetical_guardband_5pct,uniform_5pct_vdd_budget,1.1,False,VALIDATED
204,u_ecc_engine.vpipe[0]$_DFF_PN0_,clk_core,4.59,0.84,0.0354205150361942,4.5545794849638055,recovery,guardband_5pct,hypothetical_guardband_5pct,uniform_5pct_vdd_budget,1.1,False,VALIDATED
205,u_seq_core.ecc_en_q$_DFFE_PN0P_,clk_core,4.59,0.84,0.03542051503619423,4.5545794849638055,recovery,guardband_5pct,hypothetical_guardband_5pct,uniform_5pct_vdd_budget,1.1,False,VALIDATED
206,u_ecc_engine.vpipe[2]$_DFF_PN0_,clk_core,4.59,0.84,0.0354205150361942,4.5545794849638055,recovery,guardband_5pct,hypothetical_guardband_5pct,uniform_5pct_vdd_budget,1.1,False,VALIDATED
207,u_seq_core.ch_cmd_valid$_DFF_PN0_,clk_core,4.59,0.84,0.03542051503619423,4.5545794849638055,recovery,guardband_5pct,hypothetical_guardband_5pct,uniform_5pct_vdd_budget,1.1,False,VALIDATED
197,g_chan[0].u_cdc_chw.wq2_rgray[1]$_DFF_PN0_,clk_core,4.59,0.83,0.0349988422381443,4.555001157761856,recovery,guardband_5pct,hypothetical_guardband_5pct,uniform_5pct_vdd_budget,1.1,False,VALIDATED
196,g_chan[0].u_cdc_chw.wq2_rgray[3]$_DFF_PN0_,clk_core,4.59,0.83,0.0349988422381443,4.555001157761856,recovery,guardband_5pct,hypothetical_guardband_5pct,uniform_5pct_vdd_budget,1.1,False,VALIDATED
195,g_chan[0].u_cdc_chw.wq2_rgray[2]$_DFF_PN0_,clk_core,4.59,0.83,0.0349988422381443,4.555001157761856,recovery,guardband_5pct,hypothetical_guardband_5pct,uniform_5pct_vdd_budget,1.1,False,VALIDATED
198,g_chan[0].u_cdc_chw.wq1_rgray[3]$_DFF_PN0_,clk_core,4.59,0.83,0.0349988422381443,4.555001157761856,recovery,guardband_5pct,hypothetical_guardband_5pct,uniform_5pct_vdd_budget,1.1,False,VALIDATED
202,g_chan[0].u_cdc_chw.wq2_rgray[4]$_DFF_PN0_,clk_core,4.59,0.83,0.0349988422381443,4.555001157761856,recovery,guardband_5pct,hypothetical_guardband_5pct,uniform_5pct_vdd_budget,1.1,False,VALIDATED
200,g_chan[0].u_cdc_chw.wq1_rgray[1]$_DFF_PN0_,clk_core,4.59,0.83,0.0349988422381443,4.555001157761856,recovery,guardband_5pct,hypothetical_guardband_5pct,uniform_5pct_vdd_budget,1.1,False,VALIDATED
201,g_chan[0].u_cdc_chw.wq1_rgray[4]$_DFF_PN0_,clk_core,4.59,0.83,0.0349988422381443,4.555001157761856,recovery,guardband_5pct,hypothetical_guardband_5pct,uniform_5pct_vdd_budget,1.1,False,VALIDATED
199,g_chan[0].u_cdc_chw.wq1_rgray[2]$_DFF_PN0_,clk_core,4.59,0.83,0.0349988422381443,4.555001157761856,recovery,guardband_5pct,hypothetical_guardband_5pct,uniform_5pct_vdd_budget,1.1,False,VALIDATED
210,c_cmd_chmask[1]$_DFFE_PN0N_,clk_core,4.6,0.84,0.035420515036194256,4.564579484963805,recovery,guardband_5pct,hypothetical_guardband_5pct,uniform_5pct_vdd_budget,1.1,False,VALIDATED
212,c_cmd_chmask[0]$_DFFE_PN0N_,clk_core,4.6,0.84,0.035420515036194256,4.564579484963805,recovery,guardband_5pct,hypothetical_guardband_5pct,uniform_5pct_vdd_budget,1.1,False,VALIDATED
211,c_cmd_chan$_DFFE_PN0N_,clk_core,4.6,0.84,0.03542051503619436,4.564579484963805,recovery,guardband_5pct,hypothetical_guardband_5pct,uniform_5pct_vdd_budget,1.1,False,VALIDATED
213,c_cmd_opcode[4]$_DFFE_PN0N_,clk_core,4.6,0.84,0.035420515036194256,4.564579484963805,recovery,guardband_5pct,hypothetical_guardband_5pct,uniform_5pct_vdd_budget,1.1,False,VALIDATED
214,c_cmd_ecc_en$_DFFE_PN0N_,clk_core,4.6,0.84,0.03542051503619436,4.564579484963805,recovery,guardband_5pct,hypothetical_guardband_5pct,uniform_5pct_vdd_budget,1.1,False,VALIDATED
216,c_cmd_opcode[2]$_DFFE_PN0N_,clk_core,4.6,0.84,0.035420515036194256,4.564579484963805,recovery,guardband_5pct,hypothetical_guardband_5pct,uniform_5pct_vdd_budget,1.1,False,VALIDATED
215,c_cmd_opcode[0]$_DFFE_PN0N_,clk_core,4.6,0.84,0.035420515036194256,4.564579484963805,recovery,guardband_5pct,hypothetical_guardband_5pct,uniform_5pct_vdd_budget,1.1,False,VALIDATED
217,c_cmd_opcode[1]$_DFFE_PN0N_,clk_core,4.6,0.84,0.035420515036194256,4.564579484963805,recovery,guardband_5pct,hypothetical_guardband_5pct,uniform_5pct_vdd_budget,1.1,False,VALIDATED
218,c_cmd_addr[17]$_DFFE_PN0N_,clk_core,4.6,0.84,0.035420515036194256,4.564579484963805,recovery,guardband_5pct,hypothetical_guardband_5pct,uniform_5pct_vdd_budget,1.1,False,VALIDATED
208,g_chan[0].u_cdc_chw.wgray[3]$_DFF_PN0_,clk_core,4.6,0.83,0.0349988422381443,4.565001157761856,recovery,guardband_5pct,hypothetical_guardband_5pct,uniform_5pct_vdd_budget,1.1,False,VALIDATED
209,g_chan[0].u_cdc_chw.wgray[2]$_DFF_PN0_,clk_core,4.6,0.83,0.0349988422381443,4.565001157761856,recovery,guardband_5pct,hypothetical_guardband_5pct,uniform_5pct_vdd_budget,1.1,False,VALIDATED
219,g_chan[0].u_cdc_chw.wq2_rgray[0]$_DFF_PN0_,clk_core,4.6,0.83,0.0349988422381443,4.565001157761856,recovery,guardband_5pct,hypothetical_guardband_5pct,uniform_5pct_vdd_budget,1.1,False,VALIDATED
220,g_chan[0].u_cdc_chw.wbin[0]$_DFF_PN0_,clk_core,4.6,0.83,0.0349988422381443,4.565001157761856,recovery,guardband_5pct,hypothetical_guardband_5pct,uniform_5pct_vdd_budget,1.1,False,VALIDATED
221,g_chan[0].u_cdc_chw.wbin[1]$_DFF_PN0_,clk_core,4.6,0.83,0.0349988422381443,4.565001157761856,recovery,guardband_5pct,hypothetical_guardband_5pct,uniform_5pct_vdd_budget,1.1,False,VALIDATED
222,g_chan[0].u_cdc_chw.wq1_rgray[0]$_DFF_PN0_,clk_core,4.6,0.83,0.0349988422381443,4.565001157761856,recovery,guardband_5pct,hypothetical_guardband_5pct,uniform_5pct_vdd_budget,1.1,False,VALIDATED
223,g_chan[0].u_cdc_chw.wgray[0]$_DFF_PN0_,clk_core,4.6,0.83,0.0349988422381443,4.565001157761856,recovery,guardband_5pct,hypothetical_guardband_5pct,uniform_5pct_vdd_budget,1.1,False,VALIDATED
224,g_chan[0].u_cdc_chw.wgray[1]$_DFF_PN0_,clk_core,4.6,0.83,0.0349988422381443,4.565001157761856,recovery,guardband_5pct,hypothetical_guardband_5pct,uniform_5pct_vdd_budget,1.1,False,VALIDATED
225,g_chan[0].u_cdc_chw.wbin[4]$_DFF_PN0_,clk_core,4.6,0.83,0.0349988422381443,4.565001157761856,recovery,guardband_5pct,hypothetical_guardband_5pct,uniform_5pct_vdd_budget,1.1,False,VALIDATED
226,g_chan[0].u_cdc_chw.wbin[2]$_DFF_PN0_,clk_core,4.61,0.83,0.0349988422381443,4.575001157761856,recovery,guardband_5pct,hypothetical_guardband_5pct,uniform_5pct_vdd_budget,1.1,False,VALIDATED
227,g_chan[0].u_cdc_chw.wbin[3]$_DFF_PN0_,clk_core,4.61,0.83,0.0349988422381443,4.575001157761856,recovery,guardband_5pct,hypothetical_guardband_5pct,uniform_5pct_vdd_budget,1.1,False,VALIDATED
228,u_cdc_wbeat.rbin[0]$_DFF_PN0_,clk_core,4.61,0.82,0.034577169440094244,4.575422830559906,recovery,guardband_5pct,hypothetical_guardband_5pct,uniform_5pct_vdd_budget,1.1,False,VALIDATED
229,u_cdc_wbeat.rbin[1]$_DFF_PN0_,clk_core,4.61,0.82,0.034577169440094244,4.575422830559906,recovery,guardband_5pct,hypothetical_guardband_5pct,uniform_5pct_vdd_budget,1.1,False,VALIDATED
230,u_cdc_wbeat.rbin[3]$_DFF_PN0_,clk_core,4.61,0.82,0.034577169440094244,4.575422830559906,recovery,guardband_5pct,hypothetical_guardband_5pct,uniform_5pct_vdd_budget,1.1,False,VALIDATED
231,u_cdc_wbeat.rbin[2]$_DFF_PN0_,clk_core,4.61,0.82,0.034577169440094244,4.575422830559906,recovery,guardband_5pct,hypothetical_guardband_5pct,uniform_5pct_vdd_budget,1.1,False,VALIDATED
232,u_cdc_wbeat.rbin[4]$_DFF_PN0_,clk_core,4.61,0.82,0.034577169440094244,4.575422830559906,recovery,guardband_5pct,hypothetical_guardband_5pct,uniform_5pct_vdd_budget,1.1,False,VALIDATED
233,g_chan[1].u_cdc_chw.wq2_rgray[4]$_DFF_PN0_,clk_core,4.61,0.82,0.034577169440094244,4.575422830559906,recovery,guardband_5pct,hypothetical_guardband_5pct,uniform_5pct_vdd_budget,1.1,False,VALIDATED
234,g_chan[1].u_cdc_chw.wq1_rgray[4]$_DFF_PN0_,clk_core,4.61,0.82,0.034577169440094244,4.575422830559906,recovery,guardband_5pct,hypothetical_guardband_5pct,uniform_5pct_vdd_budget,1.1,False,VALIDATED
235,g_chan[1].u_cdc_chw.wq1_rgray[0]$_DFF_PN0_,clk_core,4.61,0.82,0.034577169440094244,4.575422830559906,recovery,guardband_5pct,hypothetical_guardband_5pct,uniform_5pct_vdd_budget,1.1,False,VALIDATED
236,u_cdc_wbeat.rq1_wgray[1]$_DFF_PN0_,clk_core,4.62,0.82,0.034577169440094244,4.585422830559906,recovery,guardband_5pct,hypothetical_guardband_5pct,uniform_5pct_vdd_budget,1.1,False,VALIDATED
237,u_cdc_wbeat.rq2_wgray[2]$_DFF_PN0_,clk_core,4.62,0.82,0.034577169440094244,4.585422830559906,recovery,guardband_5pct,hypothetical_guardband_5pct,uniform_5pct_vdd_budget,1.1,False,VALIDATED
238,u_cdc_wbeat.rgray[2]$_DFF_PN0_,clk_core,4.62,0.82,0.034577169440094244,4.585422830559906,recovery,guardband_5pct,hypothetical_guardband_5pct,uniform_5pct_vdd_budget,1.1,False,VALIDATED
239,u_cdc_wbeat.rq2_wgray[1]$_DFF_PN0_,clk_core,4.62,0.82,0.034577169440094244,4.585422830559906,recovery,guardband_5pct,hypothetical_guardband_5pct,uniform_5pct_vdd_budget,1.1,False,VALIDATED
240,u_cdc_wbeat.rgray[1]$_DFF_PN0_,clk_core,4.62,0.82,0.034577169440094244,4.585422830559906,recovery,guardband_5pct,hypothetical_guardband_5pct,uniform_5pct_vdd_budget,1.1,False,VALIDATED
241,u_cdc_wbeat.rq1_wgray[2]$_DFF_PN0_,clk_core,4.62,0.82,0.034577169440094244,4.585422830559906,recovery,guardband_5pct,hypothetical_guardband_5pct,uniform_5pct_vdd_budget,1.1,False,VALIDATED
242,u_cdc_wbeat.rq2_wgray[3]$_DFF_PN0_,clk_core,4.62,0.82,0.034577169440094244,4.585422830559906,recovery,guardband_5pct,hypothetical_guardband_5pct,uniform_5pct_vdd_budget,1.1,False,VALIDATED
243,u_cdc_wbeat.rgray[3]$_DFF_PN0_,clk_core,4.62,0.82,0.034577169440094244,4.585422830559906,recovery,guardband_5pct,hypothetical_guardband_5pct,uniform_5pct_vdd_budget,1.1,False,VALIDATED
244,u_cdc_wbeat.rgray[0]$_DFF_PN0_,clk_core,4.62,0.82,0.034577169440094244,4.585422830559906,recovery,guardband_5pct,hypothetical_guardband_5pct,uniform_5pct_vdd_budget,1.1,False,VALIDATED
245,u_seq_core.op_q[1]$_DFFE_PN0P_,clk_core,4.62,0.82,0.034577169440094244,4.585422830559906,recovery,guardband_5pct,hypothetical_guardband_5pct,uniform_5pct_vdd_budget,1.1,False,VALIDATED
246,u_cdc_wbeat.rq1_wgray[0]$_DFF_PN0_,clk_core,4.62,0.82,0.034577169440094244,4.585422830559906,recovery,guardband_5pct,hypothetical_guardband_5pct,uniform_5pct_vdd_budget,1.1,False,VALIDATED
247,u_seq_core.op_q[3]$_DFFE_PN0P_,clk_core,4.62,0.82,0.034577169440094244,4.585422830559906,recovery,guardband_5pct,hypothetical_guardband_5pct,uniform_5pct_vdd_budget,1.1,False,VALIDATED
248,u_cdc_wbeat.rq1_wgray[4]$_DFF_PN0_,clk_core,4.62,0.82,0.034577169440094244,4.585422830559906,recovery,guardband_5pct,hypothetical_guardband_5pct,uniform_5pct_vdd_budget,1.1,False,VALIDATED
249,u_cdc_wbeat.rq1_wgray[3]$_DFF_PN0_,clk_core,4.62,0.82,0.034577169440094244,4.585422830559906,recovery,guardband_5pct,hypothetical_guardband_5pct,uniform_5pct_vdd_budget,1.1,False,VALIDATED
250,u_cdc_wbeat.rq2_wgray[0]$_DFF_PN0_,clk_core,4.62,0.82,0.034577169440094244,4.585422830559906,recovery,guardband_5pct,hypothetical_guardband_5pct,uniform_5pct_vdd_budget,1.1,False,VALIDATED
251,u_cdc_wbeat.rq2_wgray[4]$_DFF_PN0_,clk_core,4.62,0.82,0.034577169440094244,4.585422830559906,recovery,guardband_5pct,hypothetical_guardband_5pct,uniform_5pct_vdd_budget,1.1,False,VALIDATED
252,u_seq_core.chan_q$_DFFE_PN0P_,clk_core,4.63,0.81,0.03415549664204441,4.595844503357956,recovery,guardband_5pct,hypothetical_guardband_5pct,uniform_5pct_vdd_budget,1.1,False,VALIDATED
253,g_chan[1].u_cdc_chw.wr_full$_DFF_PN0_,clk_core,4.63,0.81,0.034155496642044494,4.595844503357956,recovery,guardband_5pct,hypothetical_guardband_5pct,uniform_5pct_vdd_budget,1.1,False,VALIDATED
254,g_chan[0].u_cdc_chw.wr_full$_DFF_PN0_,clk_core,4.63,0.81,0.034155496642044494,4.595844503357956,recovery,guardband_5pct,hypothetical_guardband_5pct,uniform_5pct_vdd_budget,1.1,False,VALIDATED
255,u_cdc_wbeat.rd_empty$_DFF_PN1_,clk_core,4.63,0.81,0.03415549664204441,4.595844503357956,recovery,guardband_5pct,hypothetical_guardband_5pct,uniform_5pct_vdd_budget,1.1,False,VALIDATED
256,g_chan[0].u_cdc_chcmd.wq1_rgray[3]$_DFF_PN0_,clk_core,4.64,0.81,0.034155496642044494,4.605844503357956,recovery,guardband_5pct,hypothetical_guardband_5pct,uniform_5pct_vdd_budget,1.1,False,VALIDATED
257,u_seq_core.mask_q[0]$_DFFE_PN0P_,clk_core,4.64,0.81,0.034155496642044494,4.605844503357956,recovery,guardband_5pct,hypothetical_guardband_5pct,uniform_5pct_vdd_budget,1.1,False,VALIDATED
258,g_chan[0].u_cdc_chcmd.wq1_rgray[2]$_DFF_PN0_,clk_core,4.64,0.81,0.034155496642044494,4.605844503357956,recovery,guardband_5pct,hypothetical_guardband_5pct,uniform_5pct_vdd_budget,1.1,False,VALIDATED
259,u_seq_core.mask_q[1]$_DFFE_PN0P_,clk_core,4.64,0.81,0.034155496642044494,4.605844503357956,recovery,guardband_5pct,hypothetical_guardband_5pct,uniform_5pct_vdd_budget,1.1,False,VALIDATED
260,u_seq_core.op_q[4]$_DFFE_PN0P_,clk_core,4.64,0.81,0.034155496642044494,4.605844503357956,recovery,guardband_5pct,hypothetical_guardband_5pct,uniform_5pct_vdd_budget,1.1,False,VALIDATED
261,u_seq_core.op_q[5]$_DFFE_PN0P_,clk_core,4.64,0.8,0.03373382384399459,4.606266176156005,recovery,guardband_5pct,hypothetical_guardband_5pct,uniform_5pct_vdd_budget,1.1,False,VALIDATED
262,u_seq_core.op_q[2]$_DFFE_PN0P_,clk_core,4.64,0.8,0.03373382384399459,4.606266176156005,recovery,guardband_5pct,hypothetical_guardband_5pct,uniform_5pct_vdd_budget,1.1,False,VALIDATED
264,u_seq_core.beats_left[19]$_DFFE_PN0P_,clk_core,4.65,0.8,0.03373382384399459,4.616266176156006,recovery,guardband_5pct,hypothetical_guardband_5pct,uniform_5pct_vdd_budget,1.1,False,VALIDATED
275,u_seq_core.beats_left[15]$_DFFE_PN0P_,clk_core,4.65,0.8,0.03373382384399459,4.616266176156006,recovery,guardband_5pct,hypothetical_guardband_5pct,uniform_5pct_vdd_budget,1.1,False,VALIDATED
283,u_seq_core.beats_left[24]$_DFFE_PN0P_,clk_core,4.65,0.8,0.03373382384399459,4.616266176156006,recovery,guardband_5pct,hypothetical_guardband_5pct,uniform_5pct_vdd_budget,1.1,False,VALIDATED
290,u_seq_core.beats_left[16]$_DFFE_PN0P_,clk_core,4.65,0.8,0.03373382384399459,4.616266176156006,recovery,guardband_5pct,hypothetical_guardband_5pct,uniform_5pct_vdd_budget,1.1,False,VALIDATED
287,u_seq_core.beats_left[17]$_DFFE_PN0P_,clk_core,4.65,0.8,0.03373382384399459,4.616266176156006,recovery,guardband_5pct,hypothetical_guardband_5pct,uniform_5pct_vdd_budget,1.1,False,VALIDATED
285,u_seq_core.beats_left[18]$_DFFE_PN0P_,clk_core,4.65,0.8,0.03373382384399459,4.616266176156006,recovery,guardband_5pct,hypothetical_guardband_5pct,uniform_5pct_vdd_budget,1.1,False,VALIDATED
282,u_seq_core.beats_left[23]$_DFFE_PN0P_,clk_core,4.65,0.8,0.03373382384399459,4.616266176156006,recovery,guardband_5pct,hypothetical_guardband_5pct,uniform_5pct_vdd_budget,1.1,False,VALIDATED
265,u_seq_core.addr_q[1]$_DFFE_PN0P_,clk_core,4.65,0.79,0.03331215104594454,4.616687848954056,recovery,guardband_5pct,hypothetical_guardband_5pct,uniform_5pct_vdd_budget,1.1,False,VALIDATED
270,u_seq_core.addr_q[17]$_DFFE_PN0P_,clk_core,4.65,0.79,0.03331215104594454,4.616687848954056,recovery,guardband_5pct,hypothetical_guardband_5pct,uniform_5pct_vdd_budget,1.1,False,VALIDATED
271,u_seq_core.beats_left[6]$_DFFE_PN0P_,clk_core,4.65,0.79,0.03331215104594454,4.616687848954056,recovery,guardband_5pct,hypothetical_guardband_5pct,uniform_5pct_vdd_budget,1.1,False,VALIDATED
273,u_seq_core.addr_q[22]$_DFFE_PN0P_,clk_core,4.65,0.79,0.03331215104594454,4.616687848954056,recovery,guardband_5pct,hypothetical_guardband_5pct,uniform_5pct_vdd_budget,1.1,False,VALIDATED
263,u_seq_core.addr_q[25]$_DFFE_PN0P_,clk_core,4.65,0.79,0.03331215104594454,4.616687848954056,recovery,guardband_5pct,hypothetical_guardband_5pct,uniform_5pct_vdd_budget,1.1,False,VALIDATED
267,u_seq_core.beats_left[1]$_DFFE_PN0P_,clk_core,4.65,0.79,0.03331215104594454,4.616687848954056,recovery,guardband_5pct,hypothetical_guardband_5pct,uniform_5pct_vdd_budget,1.1,False,VALIDATED
268,u_seq_core.beats_left[4]$_DFFE_PN0P_,clk_core,4.65,0.79,0.03331215104594454,4.616687848954056,recovery,guardband_5pct,hypothetical_guardband_5pct,uniform_5pct_vdd_budget,1.1,False,VALIDATED
269,u_seq_core.beats_left[7]$_DFFE_PN0P_,clk_core,4.65,0.79,0.03331215104594454,4.616687848954056,recovery,guardband_5pct,hypothetical_guardband_5pct,uniform_5pct_vdd_budget,1.1,False,VALIDATED
266,u_seq_core.addr_q[18]$_DFFE_PN0P_,clk_core,4.65,0.79,0.03331215104594454,4.616687848954056,recovery,guardband_5pct,hypothetical_guardband_5pct,uniform_5pct_vdd_budget,1.1,False,VALIDATED
278,u_seq_core.beats_left[0]$_DFFE_PN0P_,clk_core,4.65,0.79,0.03331215104594454,4.616687848954056,recovery,guardband_5pct,hypothetical_guardband_5pct,uniform_5pct_vdd_budget,1.1,False,VALIDATED
277,u_seq_core.beats_left[14]$_DFFE_PN0P_,clk_core,4.65,0.79,0.03331215104594454,4.616687848954056,recovery,guardband_5pct,hypothetical_guardband_5pct,uniform_5pct_vdd_budget,1.1,False,VALIDATED
276,u_seq_core.beats_left[5]$_DFFE_PN0P_,clk_core,4.65,0.79,0.03331215104594454,4.616687848954056,recovery,guardband_5pct,hypothetical_guardband_5pct,uniform_5pct_vdd_budget,1.1,False,VALIDATED
274,u_seq_core.beats_left[3]$_DFFE_PN0P_,clk_core,4.65,0.79,0.03331215104594454,4.616687848954056,recovery,guardband_5pct,hypothetical_guardband_5pct,uniform_5pct_vdd_budget,1.1,False,VALIDATED
272,u_seq_core.op_q[6]$_DFFE_PN0P_,clk_core,4.65,0.79,0.03331215104594454,4.616687848954056,recovery,guardband_5pct,hypothetical_guardband_5pct,uniform_5pct_vdd_budget,1.1,False,VALIDATED
280,u_seq_core.addr_q[14]$_DFFE_PN0P_,clk_core,4.65,0.79,0.03331215104594454,4.616687848954056,recovery,guardband_5pct,hypothetical_guardband_5pct,uniform_5pct_vdd_budget,1.1,False,VALIDATED
281,u_seq_core.addr_q[30]$_DFFE_PN0P_,clk_core,4.65,0.79,0.03331215104594454,4.616687848954056,recovery,guardband_5pct,hypothetical_guardband_5pct,uniform_5pct_vdd_budget,1.1,False,VALIDATED
279,u_seq_core.addr_q[4]$_DFFE_PN0P_,clk_core,4.65,0.79,0.03331215104594454,4.616687848954056,recovery,guardband_5pct,hypothetical_guardband_5pct,uniform_5pct_vdd_budget,1.1,False,VALIDATED
286,u_seq_core.addr_q[3]$_DFFE_PN0P_,clk_core,4.65,0.79,0.03331215104594454,4.616687848954056,recovery,guardband_5pct,hypothetical_guardband_5pct,uniform_5pct_vdd_budget,1.1,False,VALIDATED
284,u_seq_core.addr_q[23]$_DFFE_PN0P_,clk_core,4.65,0.79,0.03331215104594454,4.616687848954056,recovery,guardband_5pct,hypothetical_guardband_5pct,uniform_5pct_vdd_budget,1.1,False,VALIDATED
288,u_seq_core.addr_q[10]$_DFFE_PN0P_,clk_core,4.65,0.79,0.03331215104594454,4.616687848954056,recovery,guardband_5pct,hypothetical_guardband_5pct,uniform_5pct_vdd_budget,1.1,False,VALIDATED
289,u_seq_core.addr_q[5]$_DFFE_PN0P_,clk_core,4.65,0.79,0.03331215104594454,4.616687848954056,recovery,guardband_5pct,hypothetical_guardband_5pct,uniform_5pct_vdd_budget,1.1,False,VALIDATED
291,u_seq_core.addr_q[27]$_DFFE_PN0P_,clk_core,4.65,0.79,0.03331215104594454,4.616687848954056,recovery,guardband_5pct,hypothetical_guardband_5pct,uniform_5pct_vdd_budget,1.1,False,VALIDATED
292,u_seq_core.beats_left[20]$_DFFE_PN0P_,clk_core,4.65,0.79,0.03331215104594454,4.616687848954056,recovery,guardband_5pct,hypothetical_guardband_5pct,uniform_5pct_vdd_budget,1.1,False,VALIDATED
293,u_seq_core.beats_left[13]$_DFFE_PN0P_,clk_core,4.65,0.79,0.03331215104594454,4.616687848954056,recovery,guardband_5pct,hypothetical_guardband_5pct,uniform_5pct_vdd_budget,1.1,False,VALIDATED
294,u_seq_core.addr_q[11]$_DFFE_PN0P_,clk_core,4.65,0.79,0.03331215104594454,4.616687848954056,recovery,guardband_5pct,hypothetical_guardband_5pct,uniform_5pct_vdd_budget,1.1,False,VALIDATED
295,u_seq_core.beats_left[2]$_DFFE_PN0P_,clk_core,4.65,0.79,0.03331215104594454,4.616687848954056,recovery,guardband_5pct,hypothetical_guardband_5pct,uniform_5pct_vdd_budget,1.1,False,VALIDATED
296,u_seq_core.beats_left[12]$_DFFE_PN0P_,clk_core,4.65,0.79,0.03331215104594454,4.616687848954056,recovery,guardband_5pct,hypothetical_guardband_5pct,uniform_5pct_vdd_budget,1.1,False,VALIDATED
297,u_seq_core.beats_left[31]$_DFFE_PN0P_,clk_core,4.65,0.79,0.03331215104594454,4.616687848954056,recovery,guardband_5pct,hypothetical_guardband_5pct,uniform_5pct_vdd_budget,1.1,False,VALIDATED
298,u_seq_core.beats_left[11]$_DFFE_PN0P_,clk_core,4.65,0.79,0.03331215104594454,4.616687848954056,recovery,guardband_5pct,hypothetical_guardband_5pct,uniform_5pct_vdd_budget,1.1,False,VALIDATED
299,u_seq_core.beats_left[10]$_DFFE_PN0P_,clk_core,4.65,0.79,0.03331215104594454,4.616687848954056,recovery,guardband_5pct,hypothetical_guardband_5pct,uniform_5pct_vdd_budget,1.1,False,VALIDATED
300,u_seq_core.beats_left[9]$_DFFE_PN0P_,clk_core,4.65,0.79,0.03331215104594454,4.616687848954056,recovery,guardband_5pct,hypothetical_guardband_5pct,uniform_5pct_vdd_budget,1.1,False,VALIDATED
301,u_seq_core.beats_left[8]$_DFFE_PN0P_,clk_core,4.65,0.79,0.03331215104594454,4.616687848954056,recovery,guardband_5pct,hypothetical_guardband_5pct,uniform_5pct_vdd_budget,1.1,False,VALIDATED
302,u_seq_core.addr_q[19]$_DFFE_PN0P_,clk_core,4.65,0.79,0.03331215104594454,4.616687848954056,recovery,guardband_5pct,hypothetical_guardband_5pct,uniform_5pct_vdd_budget,1.1,False,VALIDATED
307,c_cmd_addr[13]$_DFFE_PN0N_,clk_core,4.66,0.79,0.03331215104594454,4.626687848954056,recovery,guardband_5pct,hypothetical_guardband_5pct,uniform_5pct_vdd_budget,1.1,False,VALIDATED
306,c_cmd_addr[18]$_DFFE_PN0N_,clk_core,4.66,0.79,0.03331215104594454,4.626687848954056,recovery,guardband_5pct,hypothetical_guardband_5pct,uniform_5pct_vdd_budget,1.1,False,VALIDATED
312,c_cmd_addr[0]$_DFFE_PN0N_,clk_core,4.66,0.79,0.03331215104594454,4.626687848954056,recovery,guardband_5pct,hypothetical_guardband_5pct,uniform_5pct_vdd_budget,1.1,False,VALIDATED
313,c_cmd_opcode[6]$_DFFE_PN0N_,clk_core,4.66,0.79,0.03331215104594454,4.626687848954056,recovery,guardband_5pct,hypothetical_guardband_5pct,uniform_5pct_vdd_budget,1.1,False,VALIDATED
309,c_cmd_opcode[7]$_DFFE_PN0N_,clk_core,4.66,0.79,0.03331215104594454,4.626687848954056,recovery,guardband_5pct,hypothetical_guardband_5pct,uniform_5pct_vdd_budget,1.1,False,VALIDATED
308,c_cmd_addr[16]$_DFFE_PN0N_,clk_core,4.66,0.79,0.03331215104594454,4.626687848954056,recovery,guardband_5pct,hypothetical_guardband_5pct,uniform_5pct_vdd_budget,1.1,False,VALIDATED
310,c_cmd_opcode[5]$_DFFE_PN0N_,clk_core,4.66,0.79,0.03331215104594454,4.626687848954056,recovery,guardband_5pct,hypothetical_guardband_5pct,uniform_5pct_vdd_budget,1.1,False,VALIDATED
305,c_cmd_addr[1]$_DFFE_PN0N_,clk_core,4.66,0.79,0.03331215104594454,4.626687848954056,recovery,guardband_5pct,hypothetical_guardband_5pct,uniform_5pct_vdd_budget,1.1,False,VALIDATED
311,c_cmd_addr[19]$_DFFE_PN0N_,clk_core,4.66,0.79,0.03331215104594454,4.626687848954056,recovery,guardband_5pct,hypothetical_guardband_5pct,uniform_5pct_vdd_budget,1.1,False,VALIDATED
303,c_cmd_addr[12]$_DFFE_PN0N_,clk_core,4.66,0.79,0.03331215104594454,4.626687848954056,recovery,guardband_5pct,hypothetical_guardband_5pct,uniform_5pct_vdd_budget,1.1,False,VALIDATED
304,c_cmd_addr[15]$_DFFE_PN0N_,clk_core,4.66,0.79,0.03331215104594454,4.626687848954056,recovery,guardband_5pct,hypothetical_guardband_5pct,uniform_5pct_vdd_budget,1.1,False,VALIDATED
315,c_cmd_addr[2]$_DFFE_PN0N_,clk_core,4.67,0.79,0.03331215104594454,4.636687848954056,recovery,guardband_5pct,hypothetical_guardband_5pct,uniform_5pct_vdd_budget,1.1,False,VALIDATED
314,c_cmd_addr[14]$_DFFE_PN0N_,clk_core,4.67,0.79,0.03331215104594454,4.636687848954056,recovery,guardband_5pct,hypothetical_guardband_5pct,uniform_5pct_vdd_budget,1.1,False,VALIDATED
316,c_cmd_opcode[3]$_DFFE_PN0N_,clk_core,4.67,0.79,0.03331215104594454,4.636687848954056,recovery,guardband_5pct,hypothetical_guardband_5pct,uniform_5pct_vdd_budget,1.1,False,VALIDATED
317,u_seq_core.addr_q[28]$_DFFE_PN0P_,clk_core,4.69,0.76,0.03204713265179483,4.657952867348206,recovery,guardband_5pct,hypothetical_guardband_5pct,uniform_5pct_vdd_budget,1.1,False,VALIDATED
318,u_seq_core.addr_q[29]$_DFFE_PN0P_,clk_core,4.73,0.71,0.02993876866154506,4.700061231338456,recovery,guardband_5pct,hypothetical_guardband_5pct,uniform_5pct_vdd_budget,1.1,False,VALIDATED
323,c_cmd_addr[27]$_DFFE_PN0N_,clk_core,4.74,0.71,0.029938768661545226,4.710061231338455,recovery,guardband_5pct,hypothetical_guardband_5pct,uniform_5pct_vdd_budget,1.1,False,VALIDATED
320,c_cmd_addr[28]$_DFFE_PN0N_,clk_core,4.74,0.71,0.029938768661545226,4.710061231338455,recovery,guardband_5pct,hypothetical_guardband_5pct,uniform_5pct_vdd_budget,1.1,False,VALIDATED
334,c_cmd_addr[30]$_DFFE_PN0N_,clk_core,4.74,0.71,0.029938768661545156,4.710061231338455,recovery,guardband_5pct,hypothetical_guardband_5pct,uniform_5pct_vdd_budget,1.1,False,VALIDATED
335,c_cmd_addr[3]$_DFFE_PN0N_,clk_core,4.74,0.71,0.029938768661545156,4.710061231338455,recovery,guardband_5pct,hypothetical_guardband_5pct,uniform_5pct_vdd_budget,1.1,False,VALIDATED
332,c_cmd_addr[10]$_DFFE_PN0N_,clk_core,4.74,0.71,0.029938768661545156,4.710061231338455,recovery,guardband_5pct,hypothetical_guardband_5pct,uniform_5pct_vdd_budget,1.1,False,VALIDATED
325,c_cmd_addr[21]$_DFFE_PN0N_,clk_core,4.74,0.71,0.029938768661545156,4.710061231338455,recovery,guardband_5pct,hypothetical_guardband_5pct,uniform_5pct_vdd_budget,1.1,False,VALIDATED
326,c_cmd_addr[26]$_DFFE_PN0N_,clk_core,4.74,0.71,0.029938768661545156,4.710061231338455,recovery,guardband_5pct,hypothetical_guardband_5pct,uniform_5pct_vdd_budget,1.1,False,VALIDATED
328,c_cmd_addr[4]$_DFFE_PN0N_,clk_core,4.74,0.71,0.029938768661545156,4.710061231338455,recovery,guardband_5pct,hypothetical_guardband_5pct,uniform_5pct_vdd_budget,1.1,False,VALIDATED
321,c_cmd_addr[29]$_DFFE_PN0N_,clk_core,4.74,0.71,0.029938768661545226,4.710061231338455,recovery,guardband_5pct,hypothetical_guardband_5pct,uniform_5pct_vdd_budget,1.1,False,VALIDATED
333,c_cmd_addr[5]$_DFFE_PN0N_,clk_core,4.74,0.71,0.029938768661545156,4.710061231338455,recovery,guardband_5pct,hypothetical_guardband_5pct,uniform_5pct_vdd_budget,1.1,False,VALIDATED
336,c_cmd_addr[11]$_DFFE_PN0N_,clk_core,4.74,0.71,0.029938768661545156,4.710061231338455,recovery,guardband_5pct,hypothetical_guardband_5pct,uniform_5pct_vdd_budget,1.1,False,VALIDATED
338,g_chan[0].u_cdc_chcmd.wq2_rgray[3]$_DFF_PN0_,clk_core,4.74,0.7,0.029517095863495123,4.710482904136505,recovery,guardband_5pct,hypothetical_guardband_5pct,uniform_5pct_vdd_budget,1.1,False,VALIDATED
329,g_chan[0].u_cdc_chcmd.wbin[2]$_DFF_PN0_,clk_core,4.74,0.7,0.029517095863495123,4.710482904136505,recovery,guardband_5pct,hypothetical_guardband_5pct,uniform_5pct_vdd_budget,1.1,False,VALIDATED
330,g_chan[0].u_cdc_chcmd.wbin[1]$_DFF_PN0_,clk_core,4.74,0.7,0.029517095863495123,4.710482904136505,recovery,guardband_5pct,hypothetical_guardband_5pct,uniform_5pct_vdd_budget,1.1,False,VALIDATED
337,g_chan[0].u_cdc_chcmd.wq2_rgray[2]$_DFF_PN0_,clk_core,4.74,0.7,0.029517095863495123,4.710482904136505,recovery,guardband_5pct,hypothetical_guardband_5pct,uniform_5pct_vdd_budget,1.1,False,VALIDATED
339,u_seq_core.op_q[7]$_DFFE_PN0P_,clk_core,4.74,0.7,0.029517095863495123,4.710482904136505,recovery,guardband_5pct,hypothetical_guardband_5pct,uniform_5pct_vdd_budget,1.1,False,VALIDATED
324,g_chan[0].u_cdc_chcmd.wq1_rgray[4]$_DFF_PN0_,clk_core,4.74,0.7,0.029517095863495123,4.710482904136505,recovery,guardband_5pct,hypothetical_guardband_5pct,uniform_5pct_vdd_budget,1.1,False,VALIDATED
327,g_chan[0].u_cdc_chcmd.wq2_rgray[4]$_DFF_PN0_,clk_core,4.74,0.7,0.029517095863495123,4.710482904136505,recovery,guardband_5pct,hypothetical_guardband_5pct,uniform_5pct_vdd_budget,1.1,False,VALIDATED
319,g_chan[0].u_cdc_chcmd.wgray[2]$_DFF_PN0_,clk_core,4.74,0.7,0.029517095863495123,4.710482904136505,recovery,guardband_5pct,hypothetical_guardband_5pct,uniform_5pct_vdd_budget,1.1,False,VALIDATED
340,g_chan[0].u_cdc_chcmd.wq1_rgray[0]$_DFF_PN0_,clk_core,4.74,0.7,0.029517095863495123,4.710482904136505,recovery,guardband_5pct,hypothetical_guardband_5pct,uniform_5pct_vdd_budget,1.1,False,VALIDATED
322,g_chan[0].u_cdc_chcmd.wgray[3]$_DFF_PN0_,clk_core,4.74,0.7,0.029517095863495123,4.710482904136505,recovery,guardband_5pct,hypothetical_guardband_5pct,uniform_5pct_vdd_budget,1.1,False,VALIDATED
331,g_chan[0].u_cdc_chcmd.wbin[0]$_DFF_PN0_,clk_core,4.74,0.7,0.029517095863495123,4.710482904136505,recovery,guardband_5pct,hypothetical_guardband_5pct,uniform_5pct_vdd_budget,1.1,False,VALIDATED
341,g_chan[0].u_cdc_chcmd.wq2_rgray[0]$_DFF_PN0_,clk_core,4.74,0.7,0.029517095863495123,4.710482904136505,recovery,guardband_5pct,hypothetical_guardband_5pct,uniform_5pct_vdd_budget,1.1,False,VALIDATED
349,c_cmd_len[18]$_DFFE_PN0N_,clk_core,4.75,0.71,0.029938768661545226,4.7200612313384545,recovery,guardband_5pct,hypothetical_guardband_5pct,uniform_5pct_vdd_budget,1.1,False,VALIDATED
347,c_cmd_len[19]$_DFFE_PN0N_,clk_core,4.75,0.71,0.029938768661545226,4.7200612313384545,recovery,guardband_5pct,hypothetical_guardband_5pct,uniform_5pct_vdd_budget,1.1,False,VALIDATED
348,c_cmd_len[17]$_DFFE_PN0N_,clk_core,4.75,0.71,0.029938768661545226,4.7200612313384545,recovery,guardband_5pct,hypothetical_guardband_5pct,uniform_5pct_vdd_budget,1.1,False,VALIDATED
343,c_cmd_len[24]$_DFFE_PN0N_,clk_core,4.75,0.71,0.029938768661545226,4.7200612313384545,recovery,guardband_5pct,hypothetical_guardband_5pct,uniform_5pct_vdd_budget,1.1,False,VALIDATED
346,c_cmd_len[15]$_DFFE_PN0N_,clk_core,4.75,0.71,0.029938768661545226,4.7200612313384545,recovery,guardband_5pct,hypothetical_guardband_5pct,uniform_5pct_vdd_budget,1.1,False,VALIDATED
344,u_seq_core.state[1]$_DFFE_PN0P_,clk_core,4.75,0.7,0.029517095863495123,4.720482904136505,recovery,guardband_5pct,hypothetical_guardband_5pct,uniform_5pct_vdd_budget,1.1,False,VALIDATED
356,c_cmd_len[22]$_DFFE_PN0N_,clk_core,4.75,0.7,0.029517095863495144,4.720482904136505,recovery,guardband_5pct,hypothetical_guardband_5pct,uniform_5pct_vdd_budget,1.1,False,VALIDATED
355,c_cmd_len[23]$_DFFE_PN0N_,clk_core,4.75,0.7,0.029517095863495144,4.720482904136505,recovery,guardband_5pct,hypothetical_guardband_5pct,uniform_5pct_vdd_budget,1.1,False,VALIDATED
358,c_cmd_len[20]$_DFFE_PN0N_,clk_core,4.75,0.7,0.029517095863495144,4.720482904136505,recovery,guardband_5pct,hypothetical_guardband_5pct,uniform_5pct_vdd_budget,1.1,False,VALIDATED
351,c_cmd_len[13]$_DFFE_PN0N_,clk_core,4.75,0.7,0.029517095863495144,4.720482904136505,recovery,guardband_5pct,hypothetical_guardband_5pct,uniform_5pct_vdd_budget,1.1,False,VALIDATED
352,c_cmd_len[12]$_DFFE_PN0N_,clk_core,4.75,0.7,0.029517095863495144,4.720482904136505,recovery,guardband_5pct,hypothetical_guardband_5pct,uniform_5pct_vdd_budget,1.1,False,VALIDATED
353,c_cmd_len[16]$_DFFE_PN0N_,clk_core,4.75,0.7,0.029517095863495144,4.720482904136505,recovery,guardband_5pct,hypothetical_guardband_5pct,uniform_5pct_vdd_budget,1.1,False,VALIDATED
350,c_cmd_len[14]$_DFFE_PN0N_,clk_core,4.75,0.7,0.029517095863495144,4.720482904136505,recovery,guardband_5pct,hypothetical_guardband_5pct,uniform_5pct_vdd_budget,1.1,False,VALIDATED
342,u_seq_core.state[2]$_DFFE_PN0P_,clk_core,4.75,0.7,0.029517095863495123,4.720482904136505,recovery,guardband_5pct,hypothetical_guardband_5pct,uniform_5pct_vdd_budget,1.1,False,VALIDATED
345,u_seq_core.state[0]$_DFFE_PN0P_,clk_core,4.75,0.7,0.029517095863495123,4.720482904136505,recovery,guardband_5pct,hypothetical_guardband_5pct,uniform_5pct_vdd_budget,1.1,False,VALIDATED
357,c_cmd_len[25]$_DFFE_PN0N_,clk_core,4.75,0.7,0.029517095863495144,4.720482904136505,recovery,guardband_5pct,hypothetical_guardband_5pct,uniform_5pct_vdd_budget,1.1,False,VALIDATED
360,c_cmd_len[26]$_DFFE_PN0N_,clk_core,4.75,0.7,0.029517095863495144,4.720482904136505,recovery,guardband_5pct,hypothetical_guardband_5pct,uniform_5pct_vdd_budget,1.1,False,VALIDATED
354,u_seq_core.addr_q[15]$_DFFE_PN0P_,clk_core,4.75,0.69,0.029095423065445332,4.720904576934554,recovery,guardband_5pct,hypothetical_guardband_5pct,uniform_5pct_vdd_budget,1.1,False,VALIDATED
361,u_seq_core.addr_q[24]$_DFFE_PN0P_,clk_core,4.75,0.69,0.029095423065445332,4.720904576934554,recovery,guardband_5pct,hypothetical_guardband_5pct,uniform_5pct_vdd_budget,1.1,False,VALIDATED
359,u_seq_core.addr_q[13]$_DFFE_PN0P_,clk_core,4.75,0.69,0.029095423065445332,4.720904576934554,recovery,guardband_5pct,hypothetical_guardband_5pct,uniform_5pct_vdd_budget,1.1,False,VALIDATED
362,c_cmd_len[21]$_DFFE_PN0N_,clk_core,4.76,0.7,0.029517095863495144,4.730482904136505,recovery,guardband_5pct,hypothetical_guardband_5pct,uniform_5pct_vdd_budget,1.1,False,VALIDATED
364,c_cmd_len[31]$_DFFE_PN0N_,clk_core,4.76,0.7,0.029517095863495144,4.730482904136505,recovery,guardband_5pct,hypothetical_guardband_5pct,uniform_5pct_vdd_budget,1.1,False,VALIDATED
371,c_cmd_len[28]$_DFFE_PN0N_,clk_core,4.76,0.7,0.029517095863495144,4.730482904136505,recovery,guardband_5pct,hypothetical_guardband_5pct,uniform_5pct_vdd_budget,1.1,False,VALIDATED
370,c_cmd_addr[31]$_DFFE_PN0N_,clk_core,4.76,0.69,0.02909542306544527,4.730904576934554,recovery,guardband_5pct,hypothetical_guardband_5pct,uniform_5pct_vdd_budget,1.1,False,VALIDATED
366,c_cmd_len[29]$_DFFE_PN0N_,clk_core,4.76,0.69,0.02909542306544527,4.730904576934554,recovery,guardband_5pct,hypothetical_guardband_5pct,uniform_5pct_vdd_budget,1.1,False,VALIDATED
363,u_seq_core.addr_q[12]$_DFFE_PN0P_,clk_core,4.76,0.69,0.029095423065445332,4.730904576934554,recovery,guardband_5pct,hypothetical_guardband_5pct,uniform_5pct_vdd_budget,1.1,False,VALIDATED
372,c_cmd_len[30]$_DFFE_PN0N_,clk_core,4.76,0.69,0.02909542306544527,4.730904576934554,recovery,guardband_5pct,hypothetical_guardband_5pct,uniform_5pct_vdd_budget,1.1,False,VALIDATED
368,c_cmd_len[27]$_DFFE_PN0N_,clk_core,4.76,0.69,0.02909542306544527,4.730904576934554,recovery,guardband_5pct,hypothetical_guardband_5pct,uniform_5pct_vdd_budget,1.1,False,VALIDATED
367,c_cmd_addr[20]$_DFFE_PN0N_,clk_core,4.76,0.69,0.02909542306544527,4.730904576934554,recovery,guardband_5pct,hypothetical_guardband_5pct,uniform_5pct_vdd_budget,1.1,False,VALIDATED
365,u_seq_core.addr_q[0]$_DFFE_PN0P_,clk_core,4.76,0.69,0.029095423065445332,4.730904576934554,recovery,guardband_5pct,hypothetical_guardband_5pct,uniform_5pct_vdd_budget,1.1,False,VALIDATED
369,u_seq_core.addr_q[16]$_DFFE_PN0P_,clk_core,4.76,0.68,0.02867375026739525,4.7313262497326045,recovery,guardband_5pct,hypothetical_guardband_5pct,uniform_5pct_vdd_budget,1.1,False,VALIDATED
373,c_cmd_addr[22]$_DFFE_PN0N_,clk_core,4.77,0.69,0.02909542306544527,4.740904576934554,recovery,guardband_5pct,hypothetical_guardband_5pct,uniform_5pct_vdd_budget,1.1,False,VALIDATED
374,c_cmd_len[11]$_DFFE_PN0N_,clk_core,4.77,0.69,0.02909542306544527,4.740904576934554,recovery,guardband_5pct,hypothetical_guardband_5pct,uniform_5pct_vdd_budget,1.1,False,VALIDATED
803,u_host_if.reg_len[3]$_DFFE_PN0P_,clk_host,6.54,3.7,0.15601893527847507,6.383981064721525,setup,guardband_5pct,hypothetical_guardband_5pct,uniform_5pct_vdd_budget,1.1,False,VALIDATED
801,u_host_if.reg_len[9]$_DFFE_PN0P_,clk_host,6.54,3.7,0.15601893527847507,6.383981064721525,setup,guardband_5pct,hypothetical_guardband_5pct,uniform_5pct_vdd_budget,1.1,False,VALIDATED
802,u_host_if.reg_len[11]$_DFFE_PN0P_,clk_host,6.54,3.7,0.15601893527847507,6.383981064721525,setup,guardband_5pct,hypothetical_guardband_5pct,uniform_5pct_vdd_budget,1.1,False,VALIDATED
809,u_host_if.reg_len[0]$_DFFE_PN0P_,clk_host,6.54,3.7,0.15601893527847507,6.383981064721525,setup,guardband_5pct,hypothetical_guardband_5pct,uniform_5pct_vdd_budget,1.1,False,VALIDATED
810,u_host_if.repack_q[8]$_DFFE_PN0P_,clk_host,6.54,3.69,0.155597262480425,6.384402737519575,setup,guardband_5pct,hypothetical_guardband_5pct,uniform_5pct_vdd_budget,1.1,False,VALIDATED
806,u_host_if.repack_q[7]$_DFFE_PN0P_,clk_host,6.54,3.69,0.155597262480425,6.384402737519575,setup,guardband_5pct,hypothetical_guardband_5pct,uniform_5pct_vdd_budget,1.1,False,VALIDATED
805,u_host_if.repack_q[9]$_DFFE_PN0P_,clk_host,6.54,3.69,0.155597262480425,6.384402737519575,setup,guardband_5pct,hypothetical_guardband_5pct,uniform_5pct_vdd_budget,1.1,False,VALIDATED
812,u_host_if.repack_q[11]$_DFFE_PN0P_,clk_host,6.54,3.69,0.155597262480425,6.384402737519575,setup,guardband_5pct,hypothetical_guardband_5pct,uniform_5pct_vdd_budget,1.1,False,VALIDATED
808,u_host_if.repack_q[2]$_DFFE_PN0P_,clk_host,6.54,3.69,0.155597262480425,6.384402737519575,setup,guardband_5pct,hypothetical_guardband_5pct,uniform_5pct_vdd_budget,1.1,False,VALIDATED
807,u_host_if.repack_q[5]$_DFFE_PN0P_,clk_host,6.54,3.69,0.155597262480425,6.384402737519575,setup,guardband_5pct,hypothetical_guardband_5pct,uniform_5pct_vdd_budget,1.1,False,VALIDATED
804,u_host_if.repack_q[1]$_DFFE_PN0P_,clk_host,6.54,3.69,0.155597262480425,6.384402737519575,setup,guardband_5pct,hypothetical_guardband_5pct,uniform_5pct_vdd_budget,1.1,False,VALIDATED
811,u_host_if.repack_q[13]$_DFFE_PN0P_,clk_host,6.54,3.68,0.1551755896823745,6.384824410317625,setup,guardband_5pct,hypothetical_guardband_5pct,uniform_5pct_vdd_budget,1.1,False,VALIDATED
823,u_host_if.reg_len[29]$_DFFE_PN0P_,clk_host,6.55,3.7,0.15601893527847507,6.393981064721525,setup,guardband_5pct,hypothetical_guardband_5pct,uniform_5pct_vdd_budget,1.1,False,VALIDATED
816,u_host_if.reg_len[5]$_DFFE_PN0P_,clk_host,6.55,3.7,0.15601893527847507,6.393981064721525,setup,guardband_5pct,hypothetical_guardband_5pct,uniform_5pct_vdd_budget,1.1,False,VALIDATED
818,u_host_if.reg_len[8]$_DFFE_PN0P_,clk_host,6.55,3.7,0.15601893527847507,6.393981064721525,setup,guardband_5pct,hypothetical_guardband_5pct,uniform_5pct_vdd_budget,1.1,False,VALIDATED
820,u_host_if.reg_len[4]$_DFFE_PN0P_,clk_host,6.55,3.7,0.15601893527847507,6.393981064721525,setup,guardband_5pct,hypothetical_guardband_5pct,uniform_5pct_vdd_budget,1.1,False,VALIDATED
819,u_host_if.reg_len[10]$_DFFE_PN0P_,clk_host,6.55,3.7,0.15601893527847507,6.393981064721525,setup,guardband_5pct,hypothetical_guardband_5pct,uniform_5pct_vdd_budget,1.1,False,VALIDATED
817,u_host_if.reg_len[2]$_DFFE_PN0P_,clk_host,6.55,3.7,0.15601893527847507,6.393981064721525,setup,guardband_5pct,hypothetical_guardband_5pct,uniform_5pct_vdd_budget,1.1,False,VALIDATED
821,u_host_if.reg_len[27]$_DFFE_PN0P_,clk_host,6.55,3.7,0.15601893527847507,6.393981064721525,setup,guardband_5pct,hypothetical_guardband_5pct,uniform_5pct_vdd_budget,1.1,False,VALIDATED
814,u_host_if.reg_len[7]$_DFFE_PN0P_,clk_host,6.55,3.7,0.15601893527847507,6.393981064721525,setup,guardband_5pct,hypothetical_guardband_5pct,uniform_5pct_vdd_budget,1.1,False,VALIDATED
822,u_host_if.reg_len[26]$_DFFE_PN0P_,clk_host,6.55,3.7,0.15601893527847507,6.393981064721525,setup,guardband_5pct,hypothetical_guardband_5pct,uniform_5pct_vdd_budget,1.1,False,VALIDATED
825,u_host_if.reg_len[6]$_DFFE_PN0P_,clk_host,6.55,3.7,0.15601893527847507,6.393981064721525,setup,guardband_5pct,hypothetical_guardband_5pct,uniform_5pct_vdd_budget,1.1,False,VALIDATED
813,u_host_if.reg_len[1]$_DFFE_PN0P_,clk_host,6.55,3.7,0.15601893527847507,6.393981064721525,setup,guardband_5pct,hypothetical_guardband_5pct,uniform_5pct_vdd_budget,1.1,False,VALIDATED
827,u_host_if.reg_len[20]$_DFFE_PN0P_,clk_host,6.55,3.69,0.155597262480425,6.394402737519575,setup,guardband_5pct,hypothetical_guardband_5pct,uniform_5pct_vdd_budget,1.1,False,VALIDATED
824,u_host_if.reg_len[30]$_DFFE_PN0P_,clk_host,6.55,3.69,0.155597262480425,6.394402737519575,setup,guardband_5pct,hypothetical_guardband_5pct,uniform_5pct_vdd_budget,1.1,False,VALIDATED
826,u_host_if.reg_len[14]$_DFFE_PN0P_,clk_host,6.55,3.69,0.155597262480425,6.394402737519575,setup,guardband_5pct,hypothetical_guardband_5pct,uniform_5pct_vdd_budget,1.1,False,VALIDATED
830,u_host_if.repack_q[4]$_DFFE_PN0P_,clk_host,6.55,3.69,0.155597262480425,6.394402737519575,setup,guardband_5pct,hypothetical_guardband_5pct,uniform_5pct_vdd_budget,1.1,False,VALIDATED
829,u_host_if.reg_len[21]$_DFFE_PN0P_,clk_host,6.55,3.69,0.155597262480425,6.394402737519575,setup,guardband_5pct,hypothetical_guardband_5pct,uniform_5pct_vdd_budget,1.1,False,VALIDATED
828,u_host_if.reg_len[31]$_DFFE_PN0P_,clk_host,6.55,3.69,0.155597262480425,6.394402737519575,setup,guardband_5pct,hypothetical_guardband_5pct,uniform_5pct_vdd_budget,1.1,False,VALIDATED
831,u_host_if.reg_len[13]$_DFFE_PN0P_,clk_host,6.55,3.69,0.155597262480425,6.394402737519575,setup,guardband_5pct,hypothetical_guardband_5pct,uniform_5pct_vdd_budget,1.1,False,VALIDATED
815,u_host_if.repack_q[6]$_DFFE_PN0P_,clk_host,6.55,3.69,0.155597262480425,6.394402737519575,setup,guardband_5pct,hypothetical_guardband_5pct,uniform_5pct_vdd_budget,1.1,False,VALIDATED
832,u_host_if.repack_q[15]$_DFFE_PN0P_,clk_host,6.55,3.68,0.1551755896823745,6.394824410317625,setup,guardband_5pct,hypothetical_guardband_5pct,uniform_5pct_vdd_budget,1.1,False,VALIDATED
833,u_host_if.repack_q[3]$_DFFE_PN0P_,clk_host,6.55,3.68,0.1551755896823745,6.394824410317625,setup,guardband_5pct,hypothetical_guardband_5pct,uniform_5pct_vdd_budget,1.1,False,VALIDATED
834,u_host_if.reg_len[28]$_DFFE_PN0P_,clk_host,6.56,3.7,0.15601893527847507,6.403981064721525,setup,guardband_5pct,hypothetical_guardband_5pct,uniform_5pct_vdd_budget,1.1,False,VALIDATED
837,u_host_if.repack_q[16]$_DFFE_PN0P_,clk_host,6.56,3.68,0.1551755896823745,6.404824410317625,setup,guardband_5pct,hypothetical_guardband_5pct,uniform_5pct_vdd_budget,1.1,False,VALIDATED
836,u_host_if.repack_q[10]$_DFFE_PN0P_,clk_host,6.56,3.68,0.1551755896823745,6.404824410317625,setup,guardband_5pct,hypothetical_guardband_5pct,uniform_5pct_vdd_budget,1.1,False,VALIDATED
839,u_host_if.reg_addr[10]$_DFFE_PN0P_,clk_host,6.56,3.68,0.15517558968237477,6.404824410317625,setup,guardband_5pct,hypothetical_guardband_5pct,uniform_5pct_vdd_budget,1.1,False,VALIDATED
838,u_host_if.repack_q[19]$_DFFE_PN0P_,clk_host,6.56,3.68,0.1551755896823745,6.404824410317625,setup,guardband_5pct,hypothetical_guardband_5pct,uniform_5pct_vdd_budget,1.1,False,VALIDATED
840,u_host_if.reg_addr[30]$_DFFE_PN0P_,clk_host,6.56,3.68,0.15517558968237477,6.404824410317625,setup,guardband_5pct,hypothetical_guardband_5pct,uniform_5pct_vdd_budget,1.1,False,VALIDATED
844,u_host_if.reg_addr[28]$_DFFE_PN0P_,clk_host,6.56,3.68,0.15517558968237477,6.404824410317625,setup,guardband_5pct,hypothetical_guardband_5pct,uniform_5pct_vdd_budget,1.1,False,VALIDATED
842,u_host_if.reg_addr[27]$_DFFE_PN0P_,clk_host,6.56,3.68,0.15517558968237477,6.404824410317625,setup,guardband_5pct,hypothetical_guardband_5pct,uniform_5pct_vdd_budget,1.1,False,VALIDATED
841,u_host_if.reg_addr[26]$_DFFE_PN0P_,clk_host,6.56,3.68,0.15517558968237477,6.404824410317625,setup,guardband_5pct,hypothetical_guardband_5pct,uniform_5pct_vdd_budget,1.1,False,VALIDATED
843,u_host_if.reg_addr[11]$_DFFE_PN0P_,clk_host,6.56,3.68,0.15517558968237477,6.404824410317625,setup,guardband_5pct,hypothetical_guardband_5pct,uniform_5pct_vdd_budget,1.1,False,VALIDATED
835,u_host_if.repack_q[12]$_DFFE_PN0P_,clk_host,6.56,3.68,0.1551755896823745,6.404824410317625,setup,guardband_5pct,hypothetical_guardband_5pct,uniform_5pct_vdd_budget,1.1,False,VALIDATED
848,u_host_if.reg_addr[3]$_DFFE_PN0P_,clk_host,6.57,3.68,0.15517558968237477,6.4148244103176255,setup,guardband_5pct,hypothetical_guardband_5pct,uniform_5pct_vdd_budget,1.1,False,VALIDATED
845,u_host_if.reg_addr[29]$_DFFE_PN0P_,clk_host,6.57,3.68,0.15517558968237477,6.4148244103176255,setup,guardband_5pct,hypothetical_guardband_5pct,uniform_5pct_vdd_budget,1.1,False,VALIDATED
847,u_host_if.reg_addr[4]$_DFFE_PN0P_,clk_host,6.57,3.68,0.15517558968237477,6.4148244103176255,setup,guardband_5pct,hypothetical_guardband_5pct,uniform_5pct_vdd_budget,1.1,False,VALIDATED
846,u_host_if.reg_addr[9]$_DFFE_PN0P_,clk_host,6.57,3.67,0.1547539168843245,6.415246083115676,setup,guardband_5pct,hypothetical_guardband_5pct,uniform_5pct_vdd_budget,1.1,False,VALIDATED
850,u_host_if.reg_addr[5]$_DFFE_PN0P_,clk_host,6.57,3.67,0.1547539168843245,6.415246083115676,setup,guardband_5pct,hypothetical_guardband_5pct,uniform_5pct_vdd_budget,1.1,False,VALIDATED
849,u_host_if.reg_addr[7]$_DFFE_PN0P_,clk_host,6.57,3.67,0.1547539168843245,6.415246083115676,setup,guardband_5pct,hypothetical_guardband_5pct,uniform_5pct_vdd_budget,1.1,False,VALIDATED
851,u_host_if.reg_addr[6]$_DFFE_PN0P_,clk_host,6.58,3.67,0.1547539168843245,6.425246083115676,setup,guardband_5pct,hypothetical_guardband_5pct,uniform_5pct_vdd_budget,1.1,False,VALIDATED
852,u_host_if.reg_addr[8]$_DFFE_PN0P_,clk_host,6.58,3.67,0.1547539168843245,6.425246083115676,setup,guardband_5pct,hypothetical_guardband_5pct,uniform_5pct_vdd_budget,1.1,False,VALIDATED
853,u_host_if.reg_addr[2]$_DFFE_PN0P_,clk_host,6.58,3.67,0.1547539168843245,6.425246083115676,setup,guardband_5pct,hypothetical_guardband_5pct,uniform_5pct_vdd_budget,1.1,False,VALIDATED
854,u_host_if.reg_addr[1]$_DFFE_PN0P_,clk_host,6.58,3.66,0.15433224408627494,6.425667755913725,setup,guardband_5pct,hypothetical_guardband_5pct,uniform_5pct_vdd_budget,1.1,False,VALIDATED
855,u_host_if.reg_addr[0]$_DFFE_PN0P_,clk_host,6.58,3.66,0.15433224408627494,6.425667755913725,setup,guardband_5pct,hypothetical_guardband_5pct,uniform_5pct_vdd_budget,1.1,False,VALIDATED
857,u_host_if.reg_addr[13]$_DFFE_PN0P_,clk_host,6.59,3.65,0.15391057128822466,6.436089428711775,setup,guardband_5pct,hypothetical_guardband_5pct,uniform_5pct_vdd_budget,1.1,False,VALIDATED
886,u_host_if.repack_emit$_DFF_PN0_,clk_host,6.6,3.62,0.15264555289407483,6.4473544471059245,setup,guardband_5pct,hypothetical_guardband_5pct,uniform_5pct_vdd_budget,1.1,False,VALIDATED
897,u_host_if.reg_len[19]$_DFFE_PN0P_,clk_host,6.67,3.57,0.15053718890382517,6.519462811096175,setup,guardband_5pct,hypothetical_guardband_5pct,uniform_5pct_vdd_budget,1.1,False,VALIDATED
899,u_host_if.reg_len[25]$_DFFE_PN0P_,clk_host,6.67,3.57,0.15053718890382517,6.519462811096175,setup,guardband_5pct,hypothetical_guardband_5pct,uniform_5pct_vdd_budget,1.1,False,VALIDATED
904,u_host_if.reg_len[18]$_DFFE_PN0P_,clk_host,6.67,3.57,0.15053718890382517,6.519462811096175,setup,guardband_5pct,hypothetical_guardband_5pct,uniform_5pct_vdd_budget,1.1,False,VALIDATED
903,u_host_if.reg_len[24]$_DFFE_PN0P_,clk_host,6.67,3.57,0.15053718890382517,6.519462811096175,setup,guardband_5pct,hypothetical_guardband_5pct,uniform_5pct_vdd_budget,1.1,False,VALIDATED
898,u_host_if.reg_len[15]$_DFFE_PN0P_,clk_host,6.67,3.57,0.15053718890382517,6.519462811096175,setup,guardband_5pct,hypothetical_guardband_5pct,uniform_5pct_vdd_budget,1.1,False,VALIDATED
896,u_host_if.reg_len[12]$_DFFE_PN0P_,clk_host,6.67,3.57,0.15053718890382517,6.519462811096175,setup,guardband_5pct,hypothetical_guardband_5pct,uniform_5pct_vdd_budget,1.1,False,VALIDATED
900,u_host_if.reg_len[16]$_DFFE_PN0P_,clk_host,6.67,3.57,0.15053718890382517,6.519462811096175,setup,guardband_5pct,hypothetical_guardband_5pct,uniform_5pct_vdd_budget,1.1,False,VALIDATED
901,u_host_if.reg_len[23]$_DFFE_PN0P_,clk_host,6.67,3.57,0.15053718890382517,6.519462811096175,setup,guardband_5pct,hypothetical_guardband_5pct,uniform_5pct_vdd_budget,1.1,False,VALIDATED
902,u_host_if.reg_len[17]$_DFFE_PN0P_,clk_host,6.67,3.57,0.15053718890382517,6.519462811096175,setup,guardband_5pct,hypothetical_guardband_5pct,uniform_5pct_vdd_budget,1.1,False,VALIDATED
895,u_host_if.reg_len[22]$_DFFE_PN0P_,clk_host,6.67,3.57,0.15053718890382517,6.519462811096175,setup,guardband_5pct,hypothetical_guardband_5pct,uniform_5pct_vdd_budget,1.1,False,VALIDATED
905,u_host_if.repack_q[17]$_DFFE_PN0P_,clk_host,6.67,3.56,0.15011551610577567,6.5198844838942245,setup,guardband_5pct,hypothetical_guardband_5pct,uniform_5pct_vdd_budget,1.1,False,VALIDATED
913,u_host_if.repack_q[21]$_DFFE_PN0P_,clk_host,6.68,3.57,0.15053718890382517,6.529462811096175,setup,guardband_5pct,hypothetical_guardband_5pct,uniform_5pct_vdd_budget,1.1,False,VALIDATED
910,u_host_if.repack_q[24]$_DFFE_PN0P_,clk_host,6.68,3.57,0.15053718890382517,6.529462811096175,setup,guardband_5pct,hypothetical_guardband_5pct,uniform_5pct_vdd_budget,1.1,False,VALIDATED
908,u_host_if.repack_q[20]$_DFFE_PN0P_,clk_host,6.68,3.57,0.15053718890382517,6.529462811096175,setup,guardband_5pct,hypothetical_guardband_5pct,uniform_5pct_vdd_budget,1.1,False,VALIDATED
909,u_host_if.repack_q[23]$_DFFE_PN0P_,clk_host,6.68,3.57,0.15053718890382517,6.529462811096175,setup,guardband_5pct,hypothetical_guardband_5pct,uniform_5pct_vdd_budget,1.1,False,VALIDATED
911,u_host_if.repack_q[25]$_DFFE_PN0P_,clk_host,6.68,3.57,0.15053718890382517,6.529462811096175,setup,guardband_5pct,hypothetical_guardband_5pct,uniform_5pct_vdd_budget,1.1,False,VALIDATED
915,u_host_if.repack_q[31]$_DFFE_PN0P_,clk_host,6.68,3.57,0.15053718890382517,6.529462811096175,setup,guardband_5pct,hypothetical_guardband_5pct,uniform_5pct_vdd_budget,1.1,False,VALIDATED
924,u_host_if.reg_addr[14]$_DFFE_PN0P_,clk_host,6.68,3.56,0.15011551610577567,6.529884483894224,setup,guardband_5pct,hypothetical_guardband_5pct,uniform_5pct_vdd_budget,1.1,False,VALIDATED
916,u_host_if.repack_q[0]$_DFFE_PN0P_,clk_host,6.68,3.56,0.15011551610577567,6.529884483894224,setup,guardband_5pct,hypothetical_guardband_5pct,uniform_5pct_vdd_budget,1.1,False,VALIDATED
919,u_host_if.repack_q[18]$_DFFE_PN0P_,clk_host,6.68,3.56,0.15011551610577567,6.529884483894224,setup,guardband_5pct,hypothetical_guardband_5pct,uniform_5pct_vdd_budget,1.1,False,VALIDATED
925,u_host_if.repack_q[27]$_DFFE_PN0P_,clk_host,6.68,3.56,0.15011551610577567,6.529884483894224,setup,guardband_5pct,hypothetical_guardband_5pct,uniform_5pct_vdd_budget,1.1,False,VALIDATED
918,u_host_if.repack_q[29]$_DFFE_PN0P_,clk_host,6.68,3.56,0.15011551610577567,6.529884483894224,setup,guardband_5pct,hypothetical_guardband_5pct,uniform_5pct_vdd_budget,1.1,False,VALIDATED
917,u_host_if.repack_q[22]$_DFFE_PN0P_,clk_host,6.68,3.56,0.15011551610577567,6.529884483894224,setup,guardband_5pct,hypothetical_guardband_5pct,uniform_5pct_vdd_budget,1.1,False,VALIDATED
926,u_host_if.reg_addr[19]$_DFFE_PN0P_,clk_host,6.68,3.56,0.15011551610577567,6.529884483894224,setup,guardband_5pct,hypothetical_guardband_5pct,uniform_5pct_vdd_budget,1.1,False,VALIDATED
927,u_host_if.reg_addr[22]$_DFFE_PN0P_,clk_host,6.68,3.56,0.15011551610577567,6.529884483894224,setup,guardband_5pct,hypothetical_guardband_5pct,uniform_5pct_vdd_budget,1.1,False,VALIDATED
923,u_host_if.reg_addr[31]$_DFFE_PN0P_,clk_host,6.68,3.56,0.15011551610577567,6.529884483894224,setup,guardband_5pct,hypothetical_guardband_5pct,uniform_5pct_vdd_budget,1.1,False,VALIDATED
922,u_host_if.reg_addr[21]$_DFFE_PN0P_,clk_host,6.68,3.56,0.15011551610577567,6.529884483894224,setup,guardband_5pct,hypothetical_guardband_5pct,uniform_5pct_vdd_budget,1.1,False,VALIDATED
906,u_host_if.repack_q[28]$_DFFE_PN0P_,clk_host,6.68,3.56,0.15011551610577567,6.529884483894224,setup,guardband_5pct,hypothetical_guardband_5pct,uniform_5pct_vdd_budget,1.1,False,VALIDATED
920,u_host_if.reg_addr[20]$_DFFE_PN0P_,clk_host,6.68,3.56,0.15011551610577567,6.529884483894224,setup,guardband_5pct,hypothetical_guardband_5pct,uniform_5pct_vdd_budget,1.1,False,VALIDATED
921,u_host_if.repack_q[14]$_DFFE_PN0P_,clk_host,6.68,3.56,0.15011551610577567,6.529884483894224,setup,guardband_5pct,hypothetical_guardband_5pct,uniform_5pct_vdd_budget,1.1,False,VALIDATED
912,u_host_if.reg_addr[23]$_DFFE_PN0P_,clk_host,6.68,3.56,0.15011551610577567,6.529884483894224,setup,guardband_5pct,hypothetical_guardband_5pct,uniform_5pct_vdd_budget,1.1,False,VALIDATED
914,u_host_if.repack_q[30]$_DFFE_PN0P_,clk_host,6.68,3.56,0.15011551610577567,6.529884483894224,setup,guardband_5pct,hypothetical_guardband_5pct,uniform_5pct_vdd_budget,1.1,False,VALIDATED
907,u_host_if.repack_q[26]$_DFFE_PN0P_,clk_host,6.68,3.56,0.15011551610577567,6.529884483894224,setup,guardband_5pct,hypothetical_guardband_5pct,uniform_5pct_vdd_budget,1.1,False,VALIDATED
928,u_host_if.reg_chmask[1]$_DFFE_PN0P_,clk_host,6.69,3.54,0.14927217050967595,6.540727829490325,setup,guardband_5pct,hypothetical_guardband_5pct,uniform_5pct_vdd_budget,1.1,False,VALIDATED
931,u_host_if.reg_addr[15]$_DFFE_PN0P_,clk_host,6.69,3.54,0.14927217050967534,6.540727829490325,setup,guardband_5pct,hypothetical_guardband_5pct,uniform_5pct_vdd_budget,1.1,False,VALIDATED
930,u_host_if.reg_addr[17]$_DFFE_PN0P_,clk_host,6.69,3.54,0.14927217050967534,6.540727829490325,setup,guardband_5pct,hypothetical_guardband_5pct,uniform_5pct_vdd_budget,1.1,False,VALIDATED
929,u_host_if.reg_chmask[0]$_DFFE_PN0P_,clk_host,6.69,3.54,0.14927217050967595,6.540727829490325,setup,guardband_5pct,hypothetical_guardband_5pct,uniform_5pct_vdd_budget,1.1,False,VALIDATED
937,u_host_if.s_rdata[14]$_DFFE_PN0P_,clk_host,6.7,3.54,0.14927217050967534,6.550727829490325,setup,guardband_5pct,hypothetical_guardband_5pct,uniform_5pct_vdd_budget,1.1,False,VALIDATED
935,u_host_if.reg_addr[18]$_DFFE_PN0P_,clk_host,6.7,3.54,0.14927217050967534,6.550727829490325,setup,guardband_5pct,hypothetical_guardband_5pct,uniform_5pct_vdd_budget,1.1,False,VALIDATED
934,u_host_if.reg_addr[16]$_DFFE_PN0P_,clk_host,6.7,3.54,0.14927217050967534,6.550727829490325,setup,guardband_5pct,hypothetical_guardband_5pct,uniform_5pct_vdd_budget,1.1,False,VALIDATED
936,u_host_if.reg_addr[24]$_DFFE_PN0P_,clk_host,6.7,3.54,0.14927217050967534,6.550727829490325,setup,guardband_5pct,hypothetical_guardband_5pct,uniform_5pct_vdd_budget,1.1,False,VALIDATED
933,u_host_if.reg_addr[25]$_DFFE_PN0P_,clk_host,6.7,3.54,0.14927217050967534,6.550727829490325,setup,guardband_5pct,hypothetical_guardband_5pct,uniform_5pct_vdd_budget,1.1,False,VALIDATED
932,u_host_if.reg_addr[12]$_DFFE_PN0P_,clk_host,6.7,3.54,0.14927217050967534,6.550727829490325,setup,guardband_5pct,hypothetical_guardband_5pct,uniform_5pct_vdd_budget,1.1,False,VALIDATED
948,u_host_if.s_rdata[5]$_DFFE_PN0P_,clk_host,6.71,3.54,0.14927217050967534,6.560727829490324,setup,guardband_5pct,hypothetical_guardband_5pct,uniform_5pct_vdd_budget,1.1,False,VALIDATED
946,u_host_if.s_rdata[8]$_DFFE_PN0P_,clk_host,6.71,3.54,0.14927217050967534,6.560727829490324,setup,guardband_5pct,hypothetical_guardband_5pct,uniform_5pct_vdd_budget,1.1,False,VALIDATED
947,u_host_if.s_rdata[7]$_DFFE_PN0P_,clk_host,6.71,3.54,0.14927217050967534,6.560727829490324,setup,guardband_5pct,hypothetical_guardband_5pct,uniform_5pct_vdd_budget,1.1,False,VALIDATED
949,u_host_if.s_rdata[6]$_DFFE_PN0P_,clk_host,6.71,3.54,0.14927217050967534,6.560727829490324,setup,guardband_5pct,hypothetical_guardband_5pct,uniform_5pct_vdd_budget,1.1,False,VALIDATED
950,u_host_if.s_rdata[4]$_DFFE_PN0P_,clk_host,6.71,3.54,0.14927217050967534,6.560727829490324,setup,guardband_5pct,hypothetical_guardband_5pct,uniform_5pct_vdd_budget,1.1,False,VALIDATED
939,u_host_if.s_rdata[12]$_DFFE_PN0P_,clk_host,6.71,3.54,0.14927217050967534,6.560727829490324,setup,guardband_5pct,hypothetical_guardband_5pct,uniform_5pct_vdd_budget,1.1,False,VALIDATED
942,u_host_if.s_rdata[9]$_DFFE_PN0P_,clk_host,6.71,3.54,0.14927217050967534,6.560727829490324,setup,guardband_5pct,hypothetical_guardband_5pct,uniform_5pct_vdd_budget,1.1,False,VALIDATED
943,u_host_if.s_rdata[20]$_DFFE_PN0P_,clk_host,6.71,3.54,0.14927217050967534,6.560727829490324,setup,guardband_5pct,hypothetical_guardband_5pct,uniform_5pct_vdd_budget,1.1,False,VALIDATED
938,u_host_if.s_rdata[15]$_DFFE_PN0P_,clk_host,6.71,3.54,0.14927217050967534,6.560727829490324,setup,guardband_5pct,hypothetical_guardband_5pct,uniform_5pct_vdd_budget,1.1,False,VALIDATED
940,u_host_if.s_rdata[17]$_DFFE_PN0P_,clk_host,6.71,3.54,0.14927217050967534,6.560727829490324,setup,guardband_5pct,hypothetical_guardband_5pct,uniform_5pct_vdd_budget,1.1,False,VALIDATED
944,u_host_if.s_rdata[10]$_DFFE_PN0P_,clk_host,6.71,3.54,0.14927217050967534,6.560727829490324,setup,guardband_5pct,hypothetical_guardband_5pct,uniform_5pct_vdd_budget,1.1,False,VALIDATED
945,u_host_if.s_rdata[11]$_DFFE_PN0P_,clk_host,6.71,3.54,0.14927217050967534,6.560727829490324,setup,guardband_5pct,hypothetical_guardband_5pct,uniform_5pct_vdd_budget,1.1,False,VALIDATED
941,u_host_if.s_rdata[13]$_DFFE_PN0P_,clk_host,6.71,3.54,0.14927217050967534,6.560727829490324,setup,guardband_5pct,hypothetical_guardband_5pct,uniform_5pct_vdd_budget,1.1,False,VALIDATED
952,u_host_if.s_rdata[2]$_DFFE_PN0P_,clk_host,6.71,3.53,0.14885049771162584,6.561149502288374,setup,guardband_5pct,hypothetical_guardband_5pct,uniform_5pct_vdd_budget,1.1,False,VALIDATED
951,u_host_if.s_rdata[3]$_DFFE_PN0P_,clk_host,6.71,3.53,0.14885049771162584,6.561149502288374,setup,guardband_5pct,hypothetical_guardband_5pct,uniform_5pct_vdd_budget,1.1,False,VALIDATED
953,u_host_if.s_rdata[16]$_DFFE_PN0P_,clk_host,6.72,3.53,0.14885049771162584,6.571149502288374,setup,guardband_5pct,hypothetical_guardband_5pct,uniform_5pct_vdd_budget,1.1,False,VALIDATED
954,u_host_if.s_rdata[19]$_DFFE_PN0P_,clk_host,6.72,3.53,0.14885049771162584,6.571149502288374,setup,guardband_5pct,hypothetical_guardband_5pct,uniform_5pct_vdd_budget,1.1,False,VALIDATED
956,u_host_if.s_rdata[31]$_DFFE_PN0P_,clk_host,6.72,3.53,0.14885049771162584,6.571149502288374,setup,guardband_5pct,hypothetical_guardband_5pct,uniform_5pct_vdd_budget,1.1,False,VALIDATED
955,u_host_if.s_rdata[18]$_DFFE_PN0P_,clk_host,6.72,3.53,0.14885049771162584,6.571149502288374,setup,guardband_5pct,hypothetical_guardband_5pct,uniform_5pct_vdd_budget,1.1,False,VALIDATED
957,u_host_if.s_rdata[21]$_DFFE_PN0P_,clk_host,6.72,3.52,0.14842882491357634,6.571571175086423,setup,guardband_5pct,hypothetical_guardband_5pct,uniform_5pct_vdd_budget,1.1,False,VALIDATED
860,s_rdata[19],clk_host,6.59,0.41,0.01728858472004713,6.572711415279953,setup,guardband_5pct,hypothetical_guardband_5pct,uniform_5pct_vdd_budget,1.1,False,VALIDATED
864,s_rdata[16],clk_host,6.59,0.41,0.01728858472004713,6.572711415279953,setup,guardband_5pct,hypothetical_guardband_5pct,uniform_5pct_vdd_budget,1.1,False,VALIDATED
856,s_rdata[9],clk_host,6.59,0.41,0.01728858472004713,6.572711415279953,setup,guardband_5pct,hypothetical_guardband_5pct,uniform_5pct_vdd_budget,1.1,False,VALIDATED
878,s_rdata[2],clk_host,6.59,0.41,0.01728858472004713,6.572711415279953,setup,guardband_5pct,hypothetical_guardband_5pct,uniform_5pct_vdd_budget,1.1,False,VALIDATED
876,s_rdata[15],clk_host,6.59,0.41,0.01728858472004713,6.572711415279953,setup,guardband_5pct,hypothetical_guardband_5pct,uniform_5pct_vdd_budget,1.1,False,VALIDATED
877,s_rdata[31],clk_host,6.59,0.41,0.01728858472004713,6.572711415279953,setup,guardband_5pct,hypothetical_guardband_5pct,uniform_5pct_vdd_budget,1.1,False,VALIDATED
874,s_rdata[4],clk_host,6.59,0.41,0.01728858472004713,6.572711415279953,setup,guardband_5pct,hypothetical_guardband_5pct,uniform_5pct_vdd_budget,1.1,False,VALIDATED
875,s_rdata[21],clk_host,6.59,0.41,0.01728858472004713,6.572711415279953,setup,guardband_5pct,hypothetical_guardband_5pct,uniform_5pct_vdd_budget,1.1,False,VALIDATED
871,s_rdata[14],clk_host,6.59,0.41,0.01728858472004713,6.572711415279953,setup,guardband_5pct,hypothetical_guardband_5pct,uniform_5pct_vdd_budget,1.1,False,VALIDATED
870,s_rdata[8],clk_host,6.59,0.41,0.01728858472004713,6.572711415279953,setup,guardband_5pct,hypothetical_guardband_5pct,uniform_5pct_vdd_budget,1.1,False,VALIDATED
873,s_rdata[7],clk_host,6.59,0.41,0.01728858472004713,6.572711415279953,setup,guardband_5pct,hypothetical_guardband_5pct,uniform_5pct_vdd_budget,1.1,False,VALIDATED
872,s_rvalid,clk_host,6.59,0.41,0.01728858472004713,6.572711415279953,setup,guardband_5pct,hypothetical_guardband_5pct,uniform_5pct_vdd_budget,1.1,False,VALIDATED
866,s_rdata[13],clk_host,6.59,0.41,0.01728858472004713,6.572711415279953,setup,guardband_5pct,hypothetical_guardband_5pct,uniform_5pct_vdd_budget,1.1,False,VALIDATED
861,s_rdata[12],clk_host,6.59,0.41,0.01728858472004713,6.572711415279953,setup,guardband_5pct,hypothetical_guardband_5pct,uniform_5pct_vdd_budget,1.1,False,VALIDATED
865,s_rdata[3],clk_host,6.59,0.41,0.01728858472004713,6.572711415279953,setup,guardband_5pct,hypothetical_guardband_5pct,uniform_5pct_vdd_budget,1.1,False,VALIDATED
867,s_rdata[6],clk_host,6.59,0.41,0.01728858472004713,6.572711415279953,setup,guardband_5pct,hypothetical_guardband_5pct,uniform_5pct_vdd_budget,1.1,False,VALIDATED
858,s_rdata[10],clk_host,6.59,0.41,0.01728858472004713,6.572711415279953,setup,guardband_5pct,hypothetical_guardband_5pct,uniform_5pct_vdd_budget,1.1,False,VALIDATED
859,s_rdata[18],clk_host,6.59,0.41,0.01728858472004713,6.572711415279953,setup,guardband_5pct,hypothetical_guardband_5pct,uniform_5pct_vdd_budget,1.1,False,VALIDATED
862,s_rdata[20],clk_host,6.59,0.41,0.01728858472004713,6.572711415279953,setup,guardband_5pct,hypothetical_guardband_5pct,uniform_5pct_vdd_budget,1.1,False,VALIDATED
863,s_rdata[11],clk_host,6.59,0.41,0.01728858472004713,6.572711415279953,setup,guardband_5pct,hypothetical_guardband_5pct,uniform_5pct_vdd_budget,1.1,False,VALIDATED
869,s_rdata[5],clk_host,6.59,0.41,0.01728858472004713,6.572711415279953,setup,guardband_5pct,hypothetical_guardband_5pct,uniform_5pct_vdd_budget,1.1,False,VALIDATED
868,s_rdata[17],clk_host,6.59,0.41,0.01728858472004713,6.572711415279953,setup,guardband_5pct,hypothetical_guardband_5pct,uniform_5pct_vdd_budget,1.1,False,VALIDATED
887,s_rdata[28],clk_host,6.6,0.4,0.016866911921997255,6.583133088078003,setup,guardband_5pct,hypothetical_guardband_5pct,uniform_5pct_vdd_budget,1.1,False,VALIDATED
885,s_rdata[27],clk_host,6.6,0.4,0.016866911921997255,6.583133088078003,setup,guardband_5pct,hypothetical_guardband_5pct,uniform_5pct_vdd_budget,1.1,False,VALIDATED
882,s_bvalid,clk_host,6.6,0.4,0.016866911921997213,6.583133088078003,setup,guardband_5pct,hypothetical_guardband_5pct,uniform_5pct_vdd_budget,1.1,False,VALIDATED
881,s_rdata[25],clk_host,6.6,0.4,0.016866911921997255,6.583133088078003,setup,guardband_5pct,hypothetical_guardband_5pct,uniform_5pct_vdd_budget,1.1,False,VALIDATED
879,s_rdata[0],clk_host,6.6,0.4,0.016866911921997255,6.583133088078003,setup,guardband_5pct,hypothetical_guardband_5pct,uniform_5pct_vdd_budget,1.1,False,VALIDATED
880,s_rdata[1],clk_host,6.6,0.4,0.016866911921997255,6.583133088078003,setup,guardband_5pct,hypothetical_guardband_5pct,uniform_5pct_vdd_budget,1.1,False,VALIDATED
884,s_rdata[23],clk_host,6.6,0.4,0.016866911921997255,6.583133088078003,setup,guardband_5pct,hypothetical_guardband_5pct,uniform_5pct_vdd_budget,1.1,False,VALIDATED
883,s_rdata[26],clk_host,6.6,0.4,0.016866911921997255,6.583133088078003,setup,guardband_5pct,hypothetical_guardband_5pct,uniform_5pct_vdd_budget,1.1,False,VALIDATED
890,s_rdata[29],clk_host,6.6,0.4,0.016866911921997255,6.583133088078003,setup,guardband_5pct,hypothetical_guardband_5pct,uniform_5pct_vdd_budget,1.1,False,VALIDATED
891,s_rdata[22],clk_host,6.6,0.4,0.016866911921997255,6.583133088078003,setup,guardband_5pct,hypothetical_guardband_5pct,uniform_5pct_vdd_budget,1.1,False,VALIDATED
889,s_rdata[24],clk_host,6.6,0.4,0.016866911921997255,6.583133088078003,setup,guardband_5pct,hypothetical_guardband_5pct,uniform_5pct_vdd_budget,1.1,False,VALIDATED
888,s_rdata[30],clk_host,6.6,0.4,0.016866911921997255,6.583133088078003,setup,guardband_5pct,hypothetical_guardband_5pct,uniform_5pct_vdd_budget,1.1,False,VALIDATED
960,u_host_if.done_sticky$_DFF_PN0_,clk_host,6.74,3.5,0.14758547931747557,6.592414520682524,setup,guardband_5pct,hypothetical_guardband_5pct,uniform_5pct_vdd_budget,1.1,False,VALIDATED
958,u_host_if.reg_chan$_DFFE_PN0P_,clk_host,6.74,3.49,0.147163806519426,6.592836193480574,setup,guardband_5pct,hypothetical_guardband_5pct,uniform_5pct_vdd_budget,1.1,False,VALIDATED
959,u_host_if.reg_opcode[1]$_DFFE_PN0P_,clk_host,6.74,3.49,0.1471638065194265,6.592836193480574,setup,guardband_5pct,hypothetical_guardband_5pct,uniform_5pct_vdd_budget,1.1,False,VALIDATED
963,u_host_if.reg_opcode[6]$_DFFE_PN0P_,clk_host,6.75,3.5,0.147585479317476,6.602414520682524,setup,guardband_5pct,hypothetical_guardband_5pct,uniform_5pct_vdd_budget,1.1,False,VALIDATED
962,u_host_if.reg_opcode[4]$_DFFE_PN0P_,clk_host,6.75,3.5,0.147585479317476,6.602414520682524,setup,guardband_5pct,hypothetical_guardband_5pct,uniform_5pct_vdd_budget,1.1,False,VALIDATED
964,u_host_if.reg_opcode[3]$_DFFE_PN0P_,clk_host,6.75,3.49,0.1471638065194265,6.602836193480574,setup,guardband_5pct,hypothetical_guardband_5pct,uniform_5pct_vdd_budget,1.1,False,VALIDATED
965,u_host_if.reg_opcode[7]$_DFFE_PN0P_,clk_host,6.75,3.49,0.1471638065194265,6.602836193480574,setup,guardband_5pct,hypothetical_guardband_5pct,uniform_5pct_vdd_budget,1.1,False,VALIDATED
966,u_host_if.reg_opcode[5]$_DFFE_PN0P_,clk_host,6.75,3.49,0.1471638065194265,6.602836193480574,setup,guardband_5pct,hypothetical_guardband_5pct,uniform_5pct_vdd_budget,1.1,False,VALIDATED
961,u_host_if.reg_opcode[0]$_DFFE_PN0P_,clk_host,6.75,3.49,0.1471638065194265,6.602836193480574,setup,guardband_5pct,hypothetical_guardband_5pct,uniform_5pct_vdd_budget,1.1,False,VALIDATED
967,u_host_if.reg_opcode[2]$_DFFE_PN0P_,clk_host,6.75,3.49,0.1471638065194265,6.602836193480574,setup,guardband_5pct,hypothetical_guardband_5pct,uniform_5pct_vdd_budget,1.1,False,VALIDATED
892,s_awready,clk_host,6.62,0.38,0.01602356632589738,6.603976433674103,setup,guardband_5pct,hypothetical_guardband_5pct,uniform_5pct_vdd_budget,1.1,False,VALIDATED
894,s_arready,clk_host,6.62,0.38,0.01602356632589738,6.603976433674103,setup,guardband_5pct,hypothetical_guardband_5pct,uniform_5pct_vdd_budget,1.1,False,VALIDATED
893,s_wready,clk_host,6.62,0.38,0.01602356632589738,6.603976433674103,setup,guardband_5pct,hypothetical_guardband_5pct,uniform_5pct_vdd_budget,1.1,False,VALIDATED
968,u_host_if.reg_ecc_en$_DFFE_PN0P_,clk_host,6.79,3.44,0.14505544252917607,6.644944557470824,setup,guardband_5pct,hypothetical_guardband_5pct,uniform_5pct_vdd_budget,1.1,False,VALIDATED
969,u_host_if.start_pulse$_DFF_PN0_,clk_host,6.83,3.42,0.14421209693307668,6.685787903066924,setup,guardband_5pct,hypothetical_guardband_5pct,uniform_5pct_vdd_budget,1.1,False,VALIDATED
971,u_host_if.s_rdata[29]$_DFFE_PN0P_,clk_host,6.84,3.4,0.1433687513369764,6.6966312486630235,setup,guardband_5pct,hypothetical_guardband_5pct,uniform_5pct_vdd_budget,1.1,False,VALIDATED
970,u_host_if.s_rdata[24]$_DFFE_PN0P_,clk_host,6.84,3.4,0.1433687513369764,6.6966312486630235,setup,guardband_5pct,hypothetical_guardband_5pct,uniform_5pct_vdd_budget,1.1,False,VALIDATED
972,u_host_if.s_rdata[22]$_DFFE_PN0P_,clk_host,6.84,3.4,0.1433687513369764,6.6966312486630235,setup,guardband_5pct,hypothetical_guardband_5pct,uniform_5pct_vdd_budget,1.1,False,VALIDATED
976,u_host_if.s_rdata[27]$_DFFE_PN0P_,clk_host,6.85,3.39,0.14294707853892635,6.707052921461074,setup,guardband_5pct,hypothetical_guardband_5pct,uniform_5pct_vdd_budget,1.1,False,VALIDATED
978,u_host_if.s_rdata[26]$_DFFE_PN0P_,clk_host,6.85,3.39,0.14294707853892635,6.707052921461074,setup,guardband_5pct,hypothetical_guardband_5pct,uniform_5pct_vdd_budget,1.1,False,VALIDATED
979,u_host_if.s_rdata[23]$_DFFE_PN0P_,clk_host,6.85,3.39,0.14294707853892635,6.707052921461074,setup,guardband_5pct,hypothetical_guardband_5pct,uniform_5pct_vdd_budget,1.1,False,VALIDATED
975,u_host_if.s_rdata[28]$_DFFE_PN0P_,clk_host,6.85,3.39,0.14294707853892635,6.707052921461074,setup,guardband_5pct,hypothetical_guardband_5pct,uniform_5pct_vdd_budget,1.1,False,VALIDATED
974,u_host_if.s_rdata[0]$_DFFE_PN0P_,clk_host,6.85,3.39,0.14294707853892635,6.707052921461074,setup,guardband_5pct,hypothetical_guardband_5pct,uniform_5pct_vdd_budget,1.1,False,VALIDATED
973,u_host_if.s_rdata[1]$_DFFE_PN0P_,clk_host,6.85,3.39,0.14294707853892635,6.707052921461074,setup,guardband_5pct,hypothetical_guardband_5pct,uniform_5pct_vdd_budget,1.1,False,VALIDATED
977,u_host_if.s_rdata[25]$_DFFE_PN0P_,clk_host,6.85,3.39,0.14294707853892635,6.707052921461074,setup,guardband_5pct,hypothetical_guardband_5pct,uniform_5pct_vdd_budget,1.1,False,VALIDATED
980,u_host_if.s_rdata[30]$_DFFE_PN0P_,clk_host,6.85,3.39,0.14294707853892635,6.707052921461074,setup,guardband_5pct,hypothetical_guardband_5pct,uniform_5pct_vdd_budget,1.1,False,VALIDATED
981,u_host_if.rpop_loaded$_DFFE_PN0P_,clk_host,6.86,3.37,0.14210373294282685,6.717896267057173,setup,guardband_5pct,hypothetical_guardband_5pct,uniform_5pct_vdd_budget,1.1,False,VALIDATED
982,u_host_if.s_rvalid$_DFFE_PN0P_,clk_host,6.98,3.26,0.13746533216427737,6.842534667835723,setup,guardband_5pct,hypothetical_guardband_5pct,uniform_5pct_vdd_budget,1.1,False,VALIDATED
985,u_host_if.awaddr_q[3]$_DFFE_PN0P_,clk_host,7.04,3.19,0.13451362257792787,6.905486377422072,setup,guardband_5pct,hypothetical_guardband_5pct,uniform_5pct_vdd_budget,1.1,False,VALIDATED
983,u_host_if.awaddr_q[4]$_DFFE_PN0P_,clk_host,7.04,3.19,0.13451362257792787,6.905486377422072,setup,guardband_5pct,hypothetical_guardband_5pct,uniform_5pct_vdd_budget,1.1,False,VALIDATED
984,u_host_if.awaddr_q[2]$_DFFE_PN0P_,clk_host,7.04,3.19,0.13451362257792787,6.905486377422072,setup,guardband_5pct,hypothetical_guardband_5pct,uniform_5pct_vdd_budget,1.1,False,VALIDATED
986,u_host_if.awaddr_q[5]$_DFFE_PN0P_,clk_host,7.08,3.16,0.1332486041837782,6.9467513958162215,setup,guardband_5pct,hypothetical_guardband_5pct,uniform_5pct_vdd_budget,1.1,False,VALIDATED
987,u_host_if.awaddr_q[6]$_DFFE_PN0P_,clk_host,7.08,3.16,0.1332486041837782,6.9467513958162215,setup,guardband_5pct,hypothetical_guardband_5pct,uniform_5pct_vdd_budget,1.1,False,VALIDATED
989,u_host_if.awaddr_q[0]$_DFFE_PN0P_,clk_host,7.08,3.16,0.1332486041837782,6.9467513958162215,setup,guardband_5pct,hypothetical_guardband_5pct,uniform_5pct_vdd_budget,1.1,False,VALIDATED
990,u_host_if.awaddr_q[1]$_DFFE_PN0P_,clk_host,7.08,3.16,0.1332486041837782,6.9467513958162215,setup,guardband_5pct,hypothetical_guardband_5pct,uniform_5pct_vdd_budget,1.1,False,VALIDATED
988,u_host_if.awaddr_q[7]$_DFFE_PN0P_,clk_host,7.08,3.16,0.1332486041837782,6.9467513958162215,setup,guardband_5pct,hypothetical_guardband_5pct,uniform_5pct_vdd_budget,1.1,False,VALIDATED
991,u_host_if.s_bvalid$_DFFE_PN0P_,clk_host,7.17,3.06,0.12903187620327872,7.040968123796722,setup,guardband_5pct,hypothetical_guardband_5pct,uniform_5pct_vdd_budget,1.1,False,VALIDATED
992,u_host_if.rpop_q[24]$_DFFE_PN0P_,clk_host,9.1,1.13,0.047649026179642284,9.052350973820356,setup,guardband_5pct,hypothetical_guardband_5pct,uniform_5pct_vdd_budget,1.1,False,VALIDATED
995,u_host_if.rpop_q[6]$_DFFE_PN0P_,clk_host,9.11,1.13,0.0476490261796422,9.062350973820358,setup,guardband_5pct,hypothetical_guardband_5pct,uniform_5pct_vdd_budget,1.1,False,VALIDATED
994,u_host_if.rpop_q[8]$_DFFE_PN0P_,clk_host,9.11,1.13,0.0476490261796422,9.062350973820358,setup,guardband_5pct,hypothetical_guardband_5pct,uniform_5pct_vdd_budget,1.1,False,VALIDATED
993,u_host_if.rpop_q[13]$_DFFE_PN0P_,clk_host,9.11,1.13,0.0476490261796422,9.062350973820358,setup,guardband_5pct,hypothetical_guardband_5pct,uniform_5pct_vdd_budget,1.1,False,VALIDATED
996,u_host_if.rpop_q[12]$_DFFE_PN0P_,clk_host,9.11,1.13,0.0476490261796422,9.062350973820358,setup,guardband_5pct,hypothetical_guardband_5pct,uniform_5pct_vdd_budget,1.1,False,VALIDATED
998,u_host_if.rpop_q[11]$_DFFE_PN0P_,clk_host,9.11,1.13,0.0476490261796422,9.062350973820358,setup,guardband_5pct,hypothetical_guardband_5pct,uniform_5pct_vdd_budget,1.1,False,VALIDATED
997,u_host_if.rpop_q[17]$_DFFE_PN0P_,clk_host,9.11,1.13,0.0476490261796422,9.062350973820358,setup,guardband_5pct,hypothetical_guardband_5pct,uniform_5pct_vdd_budget,1.1,False,VALIDATED
1019,u_cdc_cmd.mem[10][30]$_DFFE_PP_,clk_host,9.17,1.08,0.04554066218939244,9.124459337810608,setup,guardband_5pct,hypothetical_guardband_5pct,uniform_5pct_vdd_budget,1.1,False,VALIDATED
1000,u_cdc_cmd.mem[10][38]$_DFFE_PP_,clk_host,9.17,1.08,0.04554066218939244,9.124459337810608,setup,guardband_5pct,hypothetical_guardband_5pct,uniform_5pct_vdd_budget,1.1,False,VALIDATED
1002,u_cdc_cmd.mem[10][35]$_DFFE_PP_,clk_host,9.17,1.08,0.04554066218939244,9.124459337810608,setup,guardband_5pct,hypothetical_guardband_5pct,uniform_5pct_vdd_budget,1.1,False,VALIDATED
1017,u_cdc_cmd.mem[10][40]$_DFFE_PP_,clk_host,9.17,1.08,0.04554066218939244,9.124459337810608,setup,guardband_5pct,hypothetical_guardband_5pct,uniform_5pct_vdd_budget,1.1,False,VALIDATED
1001,u_cdc_cmd.mem[10][37]$_DFFE_PP_,clk_host,9.17,1.08,0.04554066218939244,9.124459337810608,setup,guardband_5pct,hypothetical_guardband_5pct,uniform_5pct_vdd_budget,1.1,False,VALIDATED
1024,u_cdc_cmd.mem[10][41]$_DFFE_PP_,clk_host,9.17,1.07,0.04511898939134257,9.124881010608657,setup,guardband_5pct,hypothetical_guardband_5pct,uniform_5pct_vdd_budget,1.1,False,VALIDATED
1008,u_cdc_cmd.mem[7][34]$_DFFE_PP_,clk_host,9.17,1.07,0.04511898939134261,9.124881010608657,setup,guardband_5pct,hypothetical_guardband_5pct,uniform_5pct_vdd_budget,1.1,False,VALIDATED
1022,u_cdc_cmd.mem[10][23]$_DFFE_PP_,clk_host,9.17,1.07,0.04511898939134257,9.124881010608657,setup,guardband_5pct,hypothetical_guardband_5pct,uniform_5pct_vdd_budget,1.1,False,VALIDATED
1018,u_cdc_cmd.mem[10][71]$_DFFE_PP_,clk_host,9.17,1.07,0.04511898939134257,9.124881010608657,setup,guardband_5pct,hypothetical_guardband_5pct,uniform_5pct_vdd_budget,1.1,False,VALIDATED
1015,u_cdc_cmd.mem[10][29]$_DFFE_PP_,clk_host,9.17,1.07,0.04511898939134257,9.124881010608657,setup,guardband_5pct,hypothetical_guardband_5pct,uniform_5pct_vdd_budget,1.1,False,VALIDATED
1013,u_cdc_cmd.mem[7][53]$_DFFE_PP_,clk_host,9.17,1.07,0.04511898939134257,9.124881010608657,setup,guardband_5pct,hypothetical_guardband_5pct,uniform_5pct_vdd_budget,1.1,False,VALIDATED
1011,u_cdc_cmd.mem[7][65]$_DFFE_PP_,clk_host,9.17,1.07,0.04511898939134261,9.124881010608657,setup,guardband_5pct,hypothetical_guardband_5pct,uniform_5pct_vdd_budget,1.1,False,VALIDATED
1016,u_cdc_cmd.mem[7][58]$_DFFE_PP_,clk_host,9.17,1.07,0.04511898939134257,9.124881010608657,setup,guardband_5pct,hypothetical_guardband_5pct,uniform_5pct_vdd_budget,1.1,False,VALIDATED
1007,u_cdc_cmd.mem[7][60]$_DFFE_PP_,clk_host,9.17,1.07,0.04511898939134257,9.124881010608657,setup,guardband_5pct,hypothetical_guardband_5pct,uniform_5pct_vdd_budget,1.1,False,VALIDATED
1006,u_cdc_cmd.mem[10][72]$_DFFE_PP_,clk_host,9.17,1.07,0.04511898939134257,9.124881010608657,setup,guardband_5pct,hypothetical_guardband_5pct,uniform_5pct_vdd_budget,1.1,False,VALIDATED
1010,u_cdc_cmd.mem[7][56]$_DFFE_PP_,clk_host,9.17,1.07,0.04511898939134257,9.124881010608657,setup,guardband_5pct,hypothetical_guardband_5pct,uniform_5pct_vdd_budget,1.1,False,VALIDATED
1009,u_cdc_cmd.mem[7][57]$_DFFE_PP_,clk_host,9.17,1.07,0.04511898939134257,9.124881010608657,setup,guardband_5pct,hypothetical_guardband_5pct,uniform_5pct_vdd_budget,1.1,False,VALIDATED
1005,u_cdc_cmd.mem[7][33]$_DFFE_PP_,clk_host,9.17,1.07,0.04511898939134257,9.124881010608657,setup,guardband_5pct,hypothetical_guardband_5pct,uniform_5pct_vdd_budget,1.1,False,VALIDATED
1004,u_cdc_cmd.mem[10][69]$_DFFE_PP_,clk_host,9.17,1.07,0.04511898939134257,9.124881010608657,setup,guardband_5pct,hypothetical_guardband_5pct,uniform_5pct_vdd_budget,1.1,False,VALIDATED
999,u_cdc_cmd.mem[10][36]$_DFFE_PP_,clk_host,9.17,1.07,0.04511898939134257,9.124881010608657,setup,guardband_5pct,hypothetical_guardband_5pct,uniform_5pct_vdd_budget,1.1,False,VALIDATED
1003,u_cdc_cmd.mem[10][52]$_DFFE_PP_,clk_host,9.17,1.07,0.04511898939134257,9.124881010608657,setup,guardband_5pct,hypothetical_guardband_5pct,uniform_5pct_vdd_budget,1.1,False,VALIDATED
1023,u_cdc_cmd.mem[10][31]$_DFFE_PP_,clk_host,9.17,1.07,0.04511898939134257,9.124881010608657,setup,guardband_5pct,hypothetical_guardband_5pct,uniform_5pct_vdd_budget,1.1,False,VALIDATED
1020,u_cdc_cmd.mem[7][64]$_DFFE_PP_,clk_host,9.17,1.07,0.04511898939134257,9.124881010608657,setup,guardband_5pct,hypothetical_guardband_5pct,uniform_5pct_vdd_budget,1.1,False,VALIDATED
1021,u_cdc_cmd.mem[7][59]$_DFFE_PP_,clk_host,9.17,1.07,0.04511898939134257,9.124881010608657,setup,guardband_5pct,hypothetical_guardband_5pct,uniform_5pct_vdd_budget,1.1,False,VALIDATED
1014,u_cdc_cmd.mem[7][66]$_DFFE_PP_,clk_host,9.17,1.06,0.044697316593292694,9.125302683406707,setup,guardband_5pct,hypothetical_guardband_5pct,uniform_5pct_vdd_budget,1.1,False,VALIDATED
1012,u_cdc_cmd.mem[7][63]$_DFFE_PP_,clk_host,9.17,1.06,0.044697316593292694,9.125302683406707,setup,guardband_5pct,hypothetical_guardband_5pct,uniform_5pct_vdd_budget,1.1,False,VALIDATED
1025,u_cdc_cmd.mem[10][67]$_DFFE_PP_,clk_host,9.18,1.08,0.04554066218939244,9.134459337810608,setup,guardband_5pct,hypothetical_guardband_5pct,uniform_5pct_vdd_budget,1.1,False,VALIDATED
1028,u_cdc_cmd.mem[10][70]$_DFFE_PP_,clk_host,9.18,1.08,0.04554066218939244,9.134459337810608,setup,guardband_5pct,hypothetical_guardband_5pct,uniform_5pct_vdd_budget,1.1,False,VALIDATED
1033,u_cdc_cmd.mem[10][51]$_DFFE_PP_,clk_host,9.18,1.07,0.04511898939134257,9.134881010608657,setup,guardband_5pct,hypothetical_guardband_5pct,uniform_5pct_vdd_budget,1.1,False,VALIDATED
1038,u_cdc_cmd.mem[10][47]$_DFFE_PP_,clk_host,9.18,1.07,0.04511898939134257,9.134881010608657,setup,guardband_5pct,hypothetical_guardband_5pct,uniform_5pct_vdd_budget,1.1,False,VALIDATED
1029,u_cdc_cmd.mem[7][72]$_DFFE_PP_,clk_host,9.18,1.07,0.04511898939134257,9.134881010608657,setup,guardband_5pct,hypothetical_guardband_5pct,uniform_5pct_vdd_budget,1.1,False,VALIDATED
1031,u_cdc_cmd.mem[10][68]$_DFFE_PP_,clk_host,9.18,1.07,0.04511898939134257,9.134881010608657,setup,guardband_5pct,hypothetical_guardband_5pct,uniform_5pct_vdd_budget,1.1,False,VALIDATED
1032,u_cdc_cmd.mem[10][28]$_DFFE_PP_,clk_host,9.18,1.07,0.04511898939134257,9.134881010608657,setup,guardband_5pct,hypothetical_guardband_5pct,uniform_5pct_vdd_budget,1.1,False,VALIDATED
1036,u_cdc_cmd.mem[10][45]$_DFFE_PP_,clk_host,9.18,1.07,0.04511898939134257,9.134881010608657,setup,guardband_5pct,hypothetical_guardband_5pct,uniform_5pct_vdd_budget,1.1,False,VALIDATED
1026,u_cdc_cmd.mem[7][61]$_DFFE_PP_,clk_host,9.18,1.07,0.04511898939134257,9.134881010608657,setup,guardband_5pct,hypothetical_guardband_5pct,uniform_5pct_vdd_budget,1.1,False,VALIDATED
1027,u_cdc_cmd.mem[7][62]$_DFFE_PP_,clk_host,9.18,1.07,0.04511898939134257,9.134881010608657,setup,guardband_5pct,hypothetical_guardband_5pct,uniform_5pct_vdd_budget,1.1,False,VALIDATED
1037,u_host_if.rpop_q[3]$_DFFE_PN0P_,clk_host,9.18,1.06,0.044697316593292694,9.135302683406707,setup,guardband_5pct,hypothetical_guardband_5pct,uniform_5pct_vdd_budget,1.1,False,VALIDATED
1035,u_host_if.rpop_q[1]$_DFFE_PN0P_,clk_host,9.18,1.06,0.044697316593292735,9.135302683406707,setup,guardband_5pct,hypothetical_guardband_5pct,uniform_5pct_vdd_budget,1.1,False,VALIDATED
1030,u_host_if.rpop_q[2]$_DFFE_PN0P_,clk_host,9.18,1.06,0.044697316593292694,9.135302683406707,setup,guardband_5pct,hypothetical_guardband_5pct,uniform_5pct_vdd_budget,1.1,False,VALIDATED
1034,u_host_if.rpop_q[0]$_DFFE_PN0P_,clk_host,9.18,1.06,0.044697316593292735,9.135302683406707,setup,guardband_5pct,hypothetical_guardband_5pct,uniform_5pct_vdd_budget,1.1,False,VALIDATED
1040,u_cdc_cmd.mem[6][63]$_DFFE_PP_,clk_host,9.18,1.05,0.04427564379524282,9.135724356204756,setup,guardband_5pct,hypothetical_guardband_5pct,uniform_5pct_vdd_budget,1.1,False,VALIDATED
1039,u_cdc_cmd.mem[6][66]$_DFFE_PP_,clk_host,9.18,1.05,0.04427564379524282,9.135724356204756,setup,guardband_5pct,hypothetical_guardband_5pct,uniform_5pct_vdd_budget,1.1,False,VALIDATED
1042,u_host_if.rpop_q[26]$_DFFE_PN0P_,clk_host,9.19,1.05,0.04427564379524275,9.145724356204756,setup,guardband_5pct,hypothetical_guardband_5pct,uniform_5pct_vdd_budget,1.1,False,VALIDATED
1041,u_cdc_cmd.mem[6][62]$_DFFE_PP_,clk_host,9.19,1.05,0.04427564379524282,9.145724356204756,setup,guardband_5pct,hypothetical_guardband_5pct,uniform_5pct_vdd_budget,1.1,False,VALIDATED
1048,u_cdc_cmd.mem[6][34]$_DFFE_PP_,clk_host,9.19,1.05,0.04427564379524282,9.145724356204756,setup,guardband_5pct,hypothetical_guardband_5pct,uniform_5pct_vdd_budget,1.1,False,VALIDATED
1050,u_cdc_cmd.mem[6][65]$_DFFE_PP_,clk_host,9.19,1.05,0.04427564379524282,9.145724356204756,setup,guardband_5pct,hypothetical_guardband_5pct,uniform_5pct_vdd_budget,1.1,False,VALIDATED
1045,u_cdc_cmd.mem[6][72]$_DFFE_PP_,clk_host,9.19,1.05,0.04427564379524282,9.145724356204756,setup,guardband_5pct,hypothetical_guardband_5pct,uniform_5pct_vdd_budget,1.1,False,VALIDATED
1046,u_cdc_cmd.mem[6][33]$_DFFE_PP_,clk_host,9.19,1.05,0.04427564379524282,9.145724356204756,setup,guardband_5pct,hypothetical_guardband_5pct,uniform_5pct_vdd_budget,1.1,False,VALIDATED
1047,u_cdc_cmd.mem[6][56]$_DFFE_PP_,clk_host,9.19,1.05,0.04427564379524282,9.145724356204756,setup,guardband_5pct,hypothetical_guardband_5pct,uniform_5pct_vdd_budget,1.1,False,VALIDATED
1051,u_cdc_cmd.mem[6][59]$_DFFE_PP_,clk_host,9.19,1.05,0.04427564379524282,9.145724356204756,setup,guardband_5pct,hypothetical_guardband_5pct,uniform_5pct_vdd_budget,1.1,False,VALIDATED
1049,u_cdc_cmd.mem[6][60]$_DFFE_PP_,clk_host,9.19,1.05,0.04427564379524282,9.145724356204756,setup,guardband_5pct,hypothetical_guardband_5pct,uniform_5pct_vdd_budget,1.1,False,VALIDATED
1043,u_cdc_cmd.mem[6][61]$_DFFE_PP_,clk_host,9.19,1.05,0.04427564379524282,9.145724356204756,setup,guardband_5pct,hypothetical_guardband_5pct,uniform_5pct_vdd_budget,1.1,False,VALIDATED
1044,u_cdc_cmd.mem[6][53]$_DFFE_PP_,clk_host,9.19,1.05,0.04427564379524282,9.145724356204756,setup,guardband_5pct,hypothetical_guardband_5pct,uniform_5pct_vdd_budget,1.1,False,VALIDATED
1054,u_cdc_cmd.mem[6][58]$_DFFE_PP_,clk_host,9.19,1.05,0.04427564379524282,9.145724356204756,setup,guardband_5pct,hypothetical_guardband_5pct,uniform_5pct_vdd_budget,1.1,False,VALIDATED
1052,u_cdc_cmd.mem[6][64]$_DFFE_PP_,clk_host,9.19,1.05,0.04427564379524282,9.145724356204756,setup,guardband_5pct,hypothetical_guardband_5pct,uniform_5pct_vdd_budget,1.1,False,VALIDATED
1053,u_cdc_cmd.mem[6][57]$_DFFE_PP_,clk_host,9.19,1.05,0.04427564379524271,9.145724356204758,setup,guardband_5pct,hypothetical_guardband_5pct,uniform_5pct_vdd_budget,1.1,False,VALIDATED
1056,u_cdc_cmd.mem[9][29]$_DFFE_PP_,clk_host,9.2,1.04,0.04385397099719274,9.156146029002807,setup,guardband_5pct,hypothetical_guardband_5pct,uniform_5pct_vdd_budget,1.1,False,VALIDATED
1055,u_cdc_cmd.mem[9][67]$_DFFE_PP_,clk_host,9.2,1.04,0.04385397099719274,9.156146029002807,setup,guardband_5pct,hypothetical_guardband_5pct,uniform_5pct_vdd_budget,1.1,False,VALIDATED
1059,u_cdc_cmd.mem[9][71]$_DFFE_PP_,clk_host,9.2,1.04,0.04385397099719274,9.156146029002807,setup,guardband_5pct,hypothetical_guardband_5pct,uniform_5pct_vdd_budget,1.1,False,VALIDATED
1058,u_cdc_cmd.mem[9][41]$_DFFE_PP_,clk_host,9.2,1.04,0.04385397099719274,9.156146029002807,setup,guardband_5pct,hypothetical_guardband_5pct,uniform_5pct_vdd_budget,1.1,False,VALIDATED
1057,u_cdc_cmd.mem[9][28]$_DFFE_PP_,clk_host,9.2,1.04,0.04385397099719274,9.156146029002807,setup,guardband_5pct,hypothetical_guardband_5pct,uniform_5pct_vdd_budget,1.1,False,VALIDATED
1060,u_cdc_cmd.mem[9][25]$_DFFE_PP_,clk_host,9.2,1.04,0.04385397099719274,9.156146029002807,setup,guardband_5pct,hypothetical_guardband_5pct,uniform_5pct_vdd_budget,1.1,False,VALIDATED
1061,u_cdc_cmd.mem[9][31]$_DFFE_PP_,clk_host,9.2,1.04,0.04385397099719274,9.156146029002807,setup,guardband_5pct,hypothetical_guardband_5pct,uniform_5pct_vdd_budget,1.1,False,VALIDATED
1065,u_cdc_cmd.mem[9][68]$_DFFE_PP_,clk_host,9.21,1.04,0.04385397099719274,9.166146029002809,setup,guardband_5pct,hypothetical_guardband_5pct,uniform_5pct_vdd_budget,1.1,False,VALIDATED
1067,u_cdc_cmd.mem[9][70]$_DFFE_PP_,clk_host,9.21,1.04,0.04385397099719274,9.166146029002809,setup,guardband_5pct,hypothetical_guardband_5pct,uniform_5pct_vdd_budget,1.1,False,VALIDATED
1063,u_cdc_cmd.mem[9][30]$_DFFE_PP_,clk_host,9.21,1.04,0.04385397099719274,9.166146029002809,setup,guardband_5pct,hypothetical_guardband_5pct,uniform_5pct_vdd_budget,1.1,False,VALIDATED
1062,u_cdc_cmd.mem[9][23]$_DFFE_PP_,clk_host,9.21,1.04,0.04385397099719274,9.166146029002809,setup,guardband_5pct,hypothetical_guardband_5pct,uniform_5pct_vdd_budget,1.1,False,VALIDATED
1064,u_cdc_cmd.mem[9][40]$_DFFE_PP_,clk_host,9.21,1.04,0.04385397099719274,9.166146029002809,setup,guardband_5pct,hypothetical_guardband_5pct,uniform_5pct_vdd_budget,1.1,False,VALIDATED
1066,u_cdc_cmd.mem[9][69]$_DFFE_PP_,clk_host,9.21,1.04,0.04385397099719274,9.166146029002809,setup,guardband_5pct,hypothetical_guardband_5pct,uniform_5pct_vdd_budget,1.1,False,VALIDATED
1068,u_host_if.rpop_q[27]$_DFFE_PN0P_,clk_host,9.21,1.02,0.043010625401092906,9.166989374598908,setup,guardband_5pct,hypothetical_guardband_5pct,uniform_5pct_vdd_budget,1.1,False,VALIDATED
1069,u_host_if.rpop_q[22]$_DFFE_PN0P_,clk_host,9.21,1.02,0.043010625401092906,9.166989374598908,setup,guardband_5pct,hypothetical_guardband_5pct,uniform_5pct_vdd_budget,1.1,False,VALIDATED
1070,u_host_if.rpop_q[20]$_DFFE_PN0P_,clk_host,9.22,1.02,0.04301062540109303,9.176989374598907,setup,guardband_5pct,hypothetical_guardband_5pct,uniform_5pct_vdd_budget,1.1,False,VALIDATED
1071,u_host_if.rpop_q[29]$_DFFE_PN0P_,clk_host,9.22,1.02,0.043010625401092906,9.176989374598907,setup,guardband_5pct,hypothetical_guardband_5pct,uniform_5pct_vdd_budget,1.1,False,VALIDATED
1073,u_host_if.rpop_q[18]$_DFFE_PN0P_,clk_host,9.23,1.02,0.04301062540109303,9.186989374598907,setup,guardband_5pct,hypothetical_guardband_5pct,uniform_5pct_vdd_budget,1.1,False,VALIDATED
1072,u_host_if.rpop_q[9]$_DFFE_PN0P_,clk_host,9.23,1.02,0.04301062540109303,9.186989374598907,setup,guardband_5pct,hypothetical_guardband_5pct,uniform_5pct_vdd_budget,1.1,False,VALIDATED
1074,u_host_if.rpop_q[15]$_DFFE_PN0P_,clk_host,9.23,1.02,0.04301062540109303,9.186989374598907,setup,guardband_5pct,hypothetical_guardband_5pct,uniform_5pct_vdd_budget,1.1,False,VALIDATED
1081,u_cdc_cmd.mem[3][30]$_DFFE_PP_,clk_host,9.23,1.01,0.042588952603043115,9.187411047396957,setup,guardband_5pct,hypothetical_guardband_5pct,uniform_5pct_vdd_budget,1.1,False,VALIDATED
1076,u_host_if.rpop_q[16]$_DFFE_PN0P_,clk_host,9.23,1.01,0.042588952603043115,9.187411047396957,setup,guardband_5pct,hypothetical_guardband_5pct,uniform_5pct_vdd_budget,1.1,False,VALIDATED
1075,u_host_if.rpop_q[10]$_DFFE_PN0P_,clk_host,9.23,1.01,0.042588952603043115,9.187411047396957,setup,guardband_5pct,hypothetical_guardband_5pct,uniform_5pct_vdd_budget,1.1,False,VALIDATED
1080,u_cdc_cmd.mem[3][67]$_DFFE_PP_,clk_host,9.23,1.01,0.042588952603043115,9.187411047396957,setup,guardband_5pct,hypothetical_guardband_5pct,uniform_5pct_vdd_budget,1.1,False,VALIDATED
1083,u_cdc_cmd.mem[3][70]$_DFFE_PP_,clk_host,9.23,1.01,0.042588952603043115,9.187411047396957,setup,guardband_5pct,hypothetical_guardband_5pct,uniform_5pct_vdd_budget,1.1,False,VALIDATED
1079,u_cdc_cmd.mem[3][44]$_DFFE_PP_,clk_host,9.23,1.01,0.042588952603043115,9.187411047396957,setup,guardband_5pct,hypothetical_guardband_5pct,uniform_5pct_vdd_budget,1.1,False,VALIDATED
1078,u_host_if.rpop_q[19]$_DFFE_PN0P_,clk_host,9.23,1.01,0.042588952603043115,9.187411047396957,setup,guardband_5pct,hypothetical_guardband_5pct,uniform_5pct_vdd_budget,1.1,False,VALIDATED
1077,u_cdc_cmd.mem[3][40]$_DFFE_PP_,clk_host,9.23,1.01,0.042588952603043115,9.187411047396957,setup,guardband_5pct,hypothetical_guardband_5pct,uniform_5pct_vdd_budget,1.1,False,VALIDATED
1082,u_cdc_cmd.mem[3][68]$_DFFE_PP_,clk_host,9.23,1.01,0.042588952603043115,9.187411047396957,setup,guardband_5pct,hypothetical_guardband_5pct,uniform_5pct_vdd_budget,1.1,False,VALIDATED
1096,u_cdc_cmd.mem[3][47]$_DFFE_PP_,clk_host,9.24,1.01,0.042588952603043115,9.197411047396956,setup,guardband_5pct,hypothetical_guardband_5pct,uniform_5pct_vdd_budget,1.1,False,VALIDATED
1085,u_cdc_cmd.mem[3][69]$_DFFE_PP_,clk_host,9.24,1.01,0.042588952603043115,9.197411047396956,setup,guardband_5pct,hypothetical_guardband_5pct,uniform_5pct_vdd_budget,1.1,False,VALIDATED
1090,u_cdc_cmd.mem[3][43]$_DFFE_PP_,clk_host,9.24,1.01,0.042588952603043115,9.197411047396956,setup,guardband_5pct,hypothetical_guardband_5pct,uniform_5pct_vdd_budget,1.1,False,VALIDATED
1089,u_cdc_cmd.mem[3][41]$_DFFE_PP_,clk_host,9.24,1.01,0.042588952603043115,9.197411047396956,setup,guardband_5pct,hypothetical_guardband_5pct,uniform_5pct_vdd_budget,1.1,False,VALIDATED
1091,u_cdc_cmd.mem[3][51]$_DFFE_PP_,clk_host,9.24,1.01,0.042588952603043115,9.197411047396956,setup,guardband_5pct,hypothetical_guardband_5pct,uniform_5pct_vdd_budget,1.1,False,VALIDATED
1094,u_cdc_cmd.mem[3][48]$_DFFE_PP_,clk_host,9.24,1.01,0.042588952603043115,9.197411047396956,setup,guardband_5pct,hypothetical_guardband_5pct,uniform_5pct_vdd_budget,1.1,False,VALIDATED
1093,u_cdc_cmd.mem[3][52]$_DFFE_PP_,clk_host,9.24,1.01,0.042588952603043115,9.197411047396956,setup,guardband_5pct,hypothetical_guardband_5pct,uniform_5pct_vdd_budget,1.1,False,VALIDATED
1092,u_cdc_cmd.mem[3][45]$_DFFE_PP_,clk_host,9.24,1.01,0.042588952603043115,9.197411047396956,setup,guardband_5pct,hypothetical_guardband_5pct,uniform_5pct_vdd_budget,1.1,False,VALIDATED
1095,u_cdc_cmd.mem[3][46]$_DFFE_PP_,clk_host,9.24,1.01,0.042588952603043115,9.197411047396956,setup,guardband_5pct,hypothetical_guardband_5pct,uniform_5pct_vdd_budget,1.1,False,VALIDATED
1084,u_host_if.rpop_q[14]$_DFFE_PN0P_,clk_host,9.24,1.01,0.042588952603043115,9.197411047396956,setup,guardband_5pct,hypothetical_guardband_5pct,uniform_5pct_vdd_budget,1.1,False,VALIDATED
1088,u_cdc_cmd.mem[3][49]$_DFFE_PP_,clk_host,9.24,1.01,0.042588952603043115,9.197411047396956,setup,guardband_5pct,hypothetical_guardband_5pct,uniform_5pct_vdd_budget,1.1,False,VALIDATED
1086,u_host_if.rpop_q[7]$_DFFE_PN0P_,clk_host,9.24,1.0,0.0421672798049932,9.197832720195008,setup,guardband_5pct,hypothetical_guardband_5pct,uniform_5pct_vdd_budget,1.1,False,VALIDATED
1087,u_cdc_cmd.mem[3][50]$_DFFE_PP_,clk_host,9.24,1.0,0.04216727980499303,9.197832720195008,setup,guardband_5pct,hypothetical_guardband_5pct,uniform_5pct_vdd_budget,1.1,False,VALIDATED
1097,u_cdc_cmd.mem[3][37]$_DFFE_PP_,clk_host,9.25,1.0,0.04216727980499303,9.207832720195007,setup,guardband_5pct,hypothetical_guardband_5pct,uniform_5pct_vdd_budget,1.1,False,VALIDATED
1099,u_cdc_cmd.mem[3][14]$_DFFE_PP_,clk_host,9.25,1.0,0.04216727980499303,9.207832720195007,setup,guardband_5pct,hypothetical_guardband_5pct,uniform_5pct_vdd_budget,1.1,False,VALIDATED
1104,u_cdc_cmd.mem[3][38]$_DFFE_PP_,clk_host,9.25,1.0,0.04216727980499303,9.207832720195007,setup,guardband_5pct,hypothetical_guardband_5pct,uniform_5pct_vdd_budget,1.1,False,VALIDATED
1102,u_cdc_cmd.mem[3][3]$_DFFE_PP_,clk_host,9.25,1.0,0.04216727980499303,9.207832720195007,setup,guardband_5pct,hypothetical_guardband_5pct,uniform_5pct_vdd_budget,1.1,False,VALIDATED
1100,u_cdc_cmd.mem[3][13]$_DFFE_PP_,clk_host,9.25,1.0,0.04216727980499303,9.207832720195007,setup,guardband_5pct,hypothetical_guardband_5pct,uniform_5pct_vdd_budget,1.1,False,VALIDATED
1101,u_cdc_cmd.mem[3][35]$_DFFE_PP_,clk_host,9.25,1.0,0.04216727980499303,9.207832720195007,setup,guardband_5pct,hypothetical_guardband_5pct,uniform_5pct_vdd_budget,1.1,False,VALIDATED
1098,u_cdc_cmd.mem[3][39]$_DFFE_PP_,clk_host,9.25,0.99,0.04174560700694316,9.208254392993057,setup,guardband_5pct,hypothetical_guardband_5pct,uniform_5pct_vdd_budget,1.1,False,VALIDATED
1105,u_cdc_cmd.mem[3][18]$_DFFE_PP_,clk_host,9.25,0.99,0.04174560700694316,9.208254392993057,setup,guardband_5pct,hypothetical_guardband_5pct,uniform_5pct_vdd_budget,1.1,False,VALIDATED
1106,u_cdc_cmd.mem[3][12]$_DFFE_PP_,clk_host,9.25,0.99,0.04174560700694316,9.208254392993057,setup,guardband_5pct,hypothetical_guardband_5pct,uniform_5pct_vdd_budget,1.1,False,VALIDATED
1109,u_cdc_cmd.mem[2][40]$_DFFE_PP_,clk_host,9.25,0.99,0.04174560700694316,9.208254392993057,setup,guardband_5pct,hypothetical_guardband_5pct,uniform_5pct_vdd_budget,1.1,False,VALIDATED
1103,u_cdc_cmd.mem[3][36]$_DFFE_PP_,clk_host,9.25,0.99,0.04174560700694316,9.208254392993057,setup,guardband_5pct,hypothetical_guardband_5pct,uniform_5pct_vdd_budget,1.1,False,VALIDATED
1107,u_cdc_cmd.mem[2][70]$_DFFE_PP_,clk_host,9.25,0.99,0.04174560700694316,9.208254392993057,setup,guardband_5pct,hypothetical_guardband_5pct,uniform_5pct_vdd_budget,1.1,False,VALIDATED
1108,u_cdc_cmd.mem[2][67]$_DFFE_PP_,clk_host,9.25,0.99,0.04174560700694316,9.208254392993057,setup,guardband_5pct,hypothetical_guardband_5pct,uniform_5pct_vdd_budget,1.1,False,VALIDATED
1114,u_cdc_cmd.mem[2][44]$_DFFE_PP_,clk_host,9.26,0.99,0.04174560700694316,9.218254392993057,setup,guardband_5pct,hypothetical_guardband_5pct,uniform_5pct_vdd_budget,1.1,False,VALIDATED
1112,u_cdc_cmd.mem[2][30]$_DFFE_PP_,clk_host,9.26,0.99,0.04174560700694316,9.218254392993057,setup,guardband_5pct,hypothetical_guardband_5pct,uniform_5pct_vdd_budget,1.1,False,VALIDATED
1115,u_cdc_cmd.mem[2][37]$_DFFE_PP_,clk_host,9.26,0.99,0.04174560700694316,9.218254392993057,setup,guardband_5pct,hypothetical_guardband_5pct,uniform_5pct_vdd_budget,1.1,False,VALIDATED
1113,u_cdc_cmd.mem[2][35]$_DFFE_PP_,clk_host,9.26,0.99,0.04174560700694316,9.218254392993057,setup,guardband_5pct,hypothetical_guardband_5pct,uniform_5pct_vdd_budget,1.1,False,VALIDATED
1110,u_cdc_cmd.mem[2][49]$_DFFE_PP_,clk_host,9.26,0.99,0.04174560700694316,9.218254392993057,setup,guardband_5pct,hypothetical_guardband_5pct,uniform_5pct_vdd_budget,1.1,False,VALIDATED
1111,u_cdc_cmd.mem[2][68]$_DFFE_PP_,clk_host,9.26,0.99,0.04174560700694316,9.218254392993057,setup,guardband_5pct,hypothetical_guardband_5pct,uniform_5pct_vdd_budget,1.1,False,VALIDATED
1140,u_cdc_cmd.mem[2][51]$_DFFE_PP_,clk_host,9.26,0.99,0.04174560700694316,9.218254392993057,setup,guardband_5pct,hypothetical_guardband_5pct,uniform_5pct_vdd_budget,1.1,False,VALIDATED
1137,u_cdc_cmd.mem[2][52]$_DFFE_PP_,clk_host,9.26,0.99,0.04174560700694316,9.218254392993057,setup,guardband_5pct,hypothetical_guardband_5pct,uniform_5pct_vdd_budget,1.1,False,VALIDATED
1119,u_cdc_cmd.mem[2][38]$_DFFE_PP_,clk_host,9.26,0.99,0.04174560700694316,9.218254392993057,setup,guardband_5pct,hypothetical_guardband_5pct,uniform_5pct_vdd_budget,1.1,False,VALIDATED
1127,u_cdc_cmd.mem[2][48]$_DFFE_PP_,clk_host,9.26,0.99,0.04174560700694316,9.218254392993057,setup,guardband_5pct,hypothetical_guardband_5pct,uniform_5pct_vdd_budget,1.1,False,VALIDATED
1129,u_cdc_cmd.mem[2][47]$_DFFE_PP_,clk_host,9.26,0.99,0.04174560700694316,9.218254392993057,setup,guardband_5pct,hypothetical_guardband_5pct,uniform_5pct_vdd_budget,1.1,False,VALIDATED
1133,u_cdc_cmd.mem[2][46]$_DFFE_PP_,clk_host,9.26,0.99,0.04174560700694316,9.218254392993057,setup,guardband_5pct,hypothetical_guardband_5pct,uniform_5pct_vdd_budget,1.1,False,VALIDATED
1135,u_cdc_cmd.mem[2][45]$_DFFE_PP_,clk_host,9.26,0.99,0.04174560700694316,9.218254392993057,setup,guardband_5pct,hypothetical_guardband_5pct,uniform_5pct_vdd_budget,1.1,False,VALIDATED
1117,u_cdc_cmd.mem[2][41]$_DFFE_PP_,clk_host,9.26,0.99,0.04174560700694316,9.218254392993057,setup,guardband_5pct,hypothetical_guardband_5pct,uniform_5pct_vdd_budget,1.1,False,VALIDATED
1118,u_cdc_cmd.mem[2][43]$_DFFE_PP_,clk_host,9.26,0.99,0.04174560700694316,9.218254392993057,setup,guardband_5pct,hypothetical_guardband_5pct,uniform_5pct_vdd_budget,1.1,False,VALIDATED
1123,u_cdc_cmd.mem[10][20]$_DFFE_PP_,clk_host,9.26,0.98,0.0413239342088933,9.218676065791106,setup,guardband_5pct,hypothetical_guardband_5pct,uniform_5pct_vdd_budget,1.1,False,VALIDATED
1136,u_cdc_cmd.mem[11][23]$_DFFE_PP_,clk_host,9.26,0.98,0.041323934208893284,9.218676065791106,setup,guardband_5pct,hypothetical_guardband_5pct,uniform_5pct_vdd_budget,1.1,False,VALIDATED
1124,u_cdc_cmd.mem[11][37]$_DFFE_PP_,clk_host,9.26,0.98,0.041323934208893284,9.218676065791106,setup,guardband_5pct,hypothetical_guardband_5pct,uniform_5pct_vdd_budget,1.1,False,VALIDATED
1126,u_cdc_cmd.mem[10][19]$_DFFE_PP_,clk_host,9.26,0.98,0.0413239342088933,9.218676065791106,setup,guardband_5pct,hypothetical_guardband_5pct,uniform_5pct_vdd_budget,1.1,False,VALIDATED
1122,u_cdc_cmd.mem[11][36]$_DFFE_PP_,clk_host,9.26,0.98,0.041323934208893284,9.218676065791106,setup,guardband_5pct,hypothetical_guardband_5pct,uniform_5pct_vdd_budget,1.1,False,VALIDATED
1125,u_cdc_cmd.mem[11][52]$_DFFE_PP_,clk_host,9.26,0.98,0.041323934208893284,9.218676065791106,setup,guardband_5pct,hypothetical_guardband_5pct,uniform_5pct_vdd_budget,1.1,False,VALIDATED
1120,u_cdc_cmd.mem[11][41]$_DFFE_PP_,clk_host,9.26,0.98,0.041323934208893284,9.218676065791106,setup,guardband_5pct,hypothetical_guardband_5pct,uniform_5pct_vdd_budget,1.1,False,VALIDATED
1144,u_cdc_cmd.mem[10][13]$_DFFE_PP_,clk_host,9.26,0.98,0.0413239342088933,9.218676065791106,setup,guardband_5pct,hypothetical_guardband_5pct,uniform_5pct_vdd_budget,1.1,False,VALIDATED
1131,u_cdc_cmd.mem[11][28]$_DFFE_PP_,clk_host,9.26,0.98,0.041323934208893284,9.218676065791106,setup,guardband_5pct,hypothetical_guardband_5pct,uniform_5pct_vdd_budget,1.1,False,VALIDATED
1128,u_cdc_cmd.mem[10][39]$_DFFE_PP_,clk_host,9.26,0.98,0.0413239342088933,9.218676065791106,setup,guardband_5pct,hypothetical_guardband_5pct,uniform_5pct_vdd_budget,1.1,False,VALIDATED
1130,u_cdc_cmd.mem[11][35]$_DFFE_PP_,clk_host,9.26,0.98,0.041323934208893284,9.218676065791106,setup,guardband_5pct,hypothetical_guardband_5pct,uniform_5pct_vdd_budget,1.1,False,VALIDATED
1134,u_cdc_cmd.mem[10][16]$_DFFE_PP_,clk_host,9.26,0.98,0.0413239342088933,9.218676065791106,setup,guardband_5pct,hypothetical_guardband_5pct,uniform_5pct_vdd_budget,1.1,False,VALIDATED
1138,u_cdc_cmd.mem[10][50]$_DFFE_PP_,clk_host,9.26,0.98,0.0413239342088933,9.218676065791106,setup,guardband_5pct,hypothetical_guardband_5pct,uniform_5pct_vdd_budget,1.1,False,VALIDATED
1139,u_cdc_cmd.mem[11][38]$_DFFE_PP_,clk_host,9.26,0.98,0.041323934208893284,9.218676065791106,setup,guardband_5pct,hypothetical_guardband_5pct,uniform_5pct_vdd_budget,1.1,False,VALIDATED
1132,u_cdc_cmd.mem[11][54]$_DFFE_PP_,clk_host,9.26,0.98,0.041323934208893284,9.218676065791106,setup,guardband_5pct,hypothetical_guardband_5pct,uniform_5pct_vdd_budget,1.1,False,VALIDATED
1146,u_cdc_cmd.mem[11][29]$_DFFE_PP_,clk_host,9.26,0.98,0.041323934208893284,9.218676065791106,setup,guardband_5pct,hypothetical_guardband_5pct,uniform_5pct_vdd_budget,1.1,False,VALIDATED
1141,u_cdc_cmd.mem[11][72]$_DFFE_PP_,clk_host,9.26,0.98,0.041323934208893284,9.218676065791106,setup,guardband_5pct,hypothetical_guardband_5pct,uniform_5pct_vdd_budget,1.1,False,VALIDATED
1142,u_cdc_cmd.mem[10][12]$_DFFE_PP_,clk_host,9.26,0.98,0.0413239342088933,9.218676065791106,setup,guardband_5pct,hypothetical_guardband_5pct,uniform_5pct_vdd_budget,1.1,False,VALIDATED
1143,u_cdc_cmd.mem[2][39]$_DFFE_PP_,clk_host,9.26,0.98,0.041323934208893284,9.218676065791106,setup,guardband_5pct,hypothetical_guardband_5pct,uniform_5pct_vdd_budget,1.1,False,VALIDATED
1145,u_cdc_cmd.mem[11][31]$_DFFE_PP_,clk_host,9.26,0.98,0.041323934208893284,9.218676065791106,setup,guardband_5pct,hypothetical_guardband_5pct,uniform_5pct_vdd_budget,1.1,False,VALIDATED
1116,u_cdc_cmd.mem[2][50]$_DFFE_PP_,clk_host,9.26,0.98,0.041323934208893284,9.218676065791106,setup,guardband_5pct,hypothetical_guardband_5pct,uniform_5pct_vdd_budget,1.1,False,VALIDATED
1121,u_cdc_cmd.mem[2][36]$_DFFE_PP_,clk_host,9.26,0.98,0.041323934208893284,9.218676065791106,setup,guardband_5pct,hypothetical_guardband_5pct,uniform_5pct_vdd_budget,1.1,False,VALIDATED
1170,u_cdc_cmd.mem[11][45]$_DFFE_PP_,clk_host,9.27,0.98,0.041323934208893284,9.228676065791106,setup,guardband_5pct,hypothetical_guardband_5pct,uniform_5pct_vdd_budget,1.1,False,VALIDATED
1163,u_cdc_cmd.mem[11][67]$_DFFE_PP_,clk_host,9.27,0.98,0.041323934208893284,9.228676065791106,setup,guardband_5pct,hypothetical_guardband_5pct,uniform_5pct_vdd_budget,1.1,False,VALIDATED
1149,u_cdc_cmd.mem[10][18]$_DFFE_PP_,clk_host,9.27,0.98,0.0413239342088933,9.228676065791106,setup,guardband_5pct,hypothetical_guardband_5pct,uniform_5pct_vdd_budget,1.1,False,VALIDATED
1150,u_cdc_cmd.mem[2][18]$_DFFE_PP_,clk_host,9.27,0.98,0.041323934208893284,9.228676065791106,setup,guardband_5pct,hypothetical_guardband_5pct,uniform_5pct_vdd_budget,1.1,False,VALIDATED
1151,u_cdc_cmd.mem[2][13]$_DFFE_PP_,clk_host,9.27,0.98,0.041323934208893284,9.228676065791106,setup,guardband_5pct,hypothetical_guardband_5pct,uniform_5pct_vdd_budget,1.1,False,VALIDATED
1153,u_cdc_cmd.mem[2][3]$_DFFE_PP_,clk_host,9.27,0.98,0.041323934208893284,9.228676065791106,setup,guardband_5pct,hypothetical_guardband_5pct,uniform_5pct_vdd_budget,1.1,False,VALIDATED
1155,u_cdc_cmd.mem[2][12]$_DFFE_PP_,clk_host,9.27,0.98,0.041323934208893284,9.228676065791106,setup,guardband_5pct,hypothetical_guardband_5pct,uniform_5pct_vdd_budget,1.1,False,VALIDATED
1159,u_cdc_cmd.mem[11][70]$_DFFE_PP_,clk_host,9.27,0.98,0.041323934208893284,9.228676065791106,setup,guardband_5pct,hypothetical_guardband_5pct,uniform_5pct_vdd_budget,1.1,False,VALIDATED
1157,u_cdc_cmd.mem[11][30]$_DFFE_PP_,clk_host,9.27,0.98,0.041323934208893284,9.228676065791106,setup,guardband_5pct,hypothetical_guardband_5pct,uniform_5pct_vdd_budget,1.1,False,VALIDATED
1167,u_cdc_cmd.mem[11][51]$_DFFE_PP_,clk_host,9.27,0.98,0.041323934208893284,9.228676065791106,setup,guardband_5pct,hypothetical_guardband_5pct,uniform_5pct_vdd_budget,1.1,False,VALIDATED
1161,u_cdc_cmd.mem[11][40]$_DFFE_PP_,clk_host,9.27,0.98,0.041323934208893284,9.228676065791106,setup,guardband_5pct,hypothetical_guardband_5pct,uniform_5pct_vdd_budget,1.1,False,VALIDATED
1165,u_cdc_cmd.mem[11][69]$_DFFE_PP_,clk_host,9.27,0.98,0.041323934208893284,9.228676065791106,setup,guardband_5pct,hypothetical_guardband_5pct,uniform_5pct_vdd_budget,1.1,False,VALIDATED
1164,u_cdc_cmd.mem[10][3]$_DFFE_PP_,clk_host,9.27,0.98,0.0413239342088933,9.228676065791106,setup,guardband_5pct,hypothetical_guardband_5pct,uniform_5pct_vdd_budget,1.1,False,VALIDATED
1166,u_cdc_cmd.mem[11][68]$_DFFE_PP_,clk_host,9.27,0.98,0.041323934208893284,9.228676065791106,setup,guardband_5pct,hypothetical_guardband_5pct,uniform_5pct_vdd_budget,1.1,False,VALIDATED
1152,u_cdc_cmd.mem[10][14]$_DFFE_PP_,clk_host,9.27,0.98,0.0413239342088933,9.228676065791106,setup,guardband_5pct,hypothetical_guardband_5pct,uniform_5pct_vdd_budget,1.1,False,VALIDATED
1147,u_cdc_cmd.mem[11][71]$_DFFE_PP_,clk_host,9.27,0.98,0.041323934208893284,9.228676065791106,setup,guardband_5pct,hypothetical_guardband_5pct,uniform_5pct_vdd_budget,1.1,False,VALIDATED
1148,u_cdc_cmd.mem[2][14]$_DFFE_PP_,clk_host,9.27,0.98,0.041323934208893284,9.228676065791106,setup,guardband_5pct,hypothetical_guardband_5pct,uniform_5pct_vdd_budget,1.1,False,VALIDATED
1156,u_cdc_cmd.mem[10][6]$_DFFE_PP_,clk_host,9.27,0.97,0.04090226141084341,9.229097738589155,setup,guardband_5pct,hypothetical_guardband_5pct,uniform_5pct_vdd_budget,1.1,False,VALIDATED
1162,u_cdc_cmd.mem[10][11]$_DFFE_PP_,clk_host,9.27,0.97,0.04090226141084341,9.229097738589155,setup,guardband_5pct,hypothetical_guardband_5pct,uniform_5pct_vdd_budget,1.1,False,VALIDATED
1160,u_cdc_cmd.mem[10][17]$_DFFE_PP_,clk_host,9.27,0.97,0.04090226141084341,9.229097738589155,setup,guardband_5pct,hypothetical_guardband_5pct,uniform_5pct_vdd_budget,1.1,False,VALIDATED
1154,u_cdc_cmd.mem[10][7]$_DFFE_PP_,clk_host,9.27,0.97,0.04090226141084341,9.229097738589155,setup,guardband_5pct,hypothetical_guardband_5pct,uniform_5pct_vdd_budget,1.1,False,VALIDATED
1169,u_cdc_cmd.mem[10][43]$_DFFE_PP_,clk_host,9.27,0.97,0.04090226141084341,9.229097738589155,setup,guardband_5pct,hypothetical_guardband_5pct,uniform_5pct_vdd_budget,1.1,False,VALIDATED
1168,u_cdc_cmd.mem[10][4]$_DFFE_PP_,clk_host,9.27,0.97,0.04090226141084341,9.229097738589155,setup,guardband_5pct,hypothetical_guardband_5pct,uniform_5pct_vdd_budget,1.1,False,VALIDATED
1158,u_cdc_cmd.mem[10][15]$_DFFE_PP_,clk_host,9.27,0.97,0.04090226141084341,9.229097738589155,setup,guardband_5pct,hypothetical_guardband_5pct,uniform_5pct_vdd_budget,1.1,False,VALIDATED
1171,u_cdc_cmd.mem[10][48]$_DFFE_PP_,clk_host,9.28,0.98,0.0413239342088933,9.238676065791106,setup,guardband_5pct,hypothetical_guardband_5pct,uniform_5pct_vdd_budget,1.1,False,VALIDATED
1174,u_cdc_cmd.mem[11][47]$_DFFE_PP_,clk_host,9.28,0.98,0.041323934208893284,9.238676065791106,setup,guardband_5pct,hypothetical_guardband_5pct,uniform_5pct_vdd_budget,1.1,False,VALIDATED
1172,u_cdc_cmd.mem[10][49]$_DFFE_PP_,clk_host,9.28,0.97,0.04090226141084341,9.239097738589155,setup,guardband_5pct,hypothetical_guardband_5pct,uniform_5pct_vdd_budget,1.1,False,VALIDATED
1173,u_cdc_cmd.mem[10][5]$_DFFE_PP_,clk_host,9.28,0.97,0.04090226141084341,9.239097738589155,setup,guardband_5pct,hypothetical_guardband_5pct,uniform_5pct_vdd_budget,1.1,False,VALIDATED
1175,u_cdc_cmd.mem[10][9]$_DFFE_PP_,clk_host,9.28,0.97,0.04090226141084341,9.239097738589155,setup,guardband_5pct,hypothetical_guardband_5pct,uniform_5pct_vdd_budget,1.1,False,VALIDATED
1185,u_cdc_cmd.mem[10][22]$_DFFE_PP_,clk_host,9.28,0.96,0.04048058861279333,9.239519411387207,setup,guardband_5pct,hypothetical_guardband_5pct,uniform_5pct_vdd_budget,1.1,False,VALIDATED
1182,u_cdc_cmd.mem[10][42]$_DFFE_PP_,clk_host,9.28,0.96,0.04048058861279333,9.239519411387207,setup,guardband_5pct,hypothetical_guardband_5pct,uniform_5pct_vdd_budget,1.1,False,VALIDATED
1180,u_cdc_cmd.mem[5][70]$_DFFE_PP_,clk_host,9.28,0.96,0.04048058861279333,9.239519411387207,setup,guardband_5pct,hypothetical_guardband_5pct,uniform_5pct_vdd_budget,1.1,False,VALIDATED
1177,u_cdc_cmd.mem[5][30]$_DFFE_PP_,clk_host,9.28,0.96,0.04048058861279333,9.239519411387207,setup,guardband_5pct,hypothetical_guardband_5pct,uniform_5pct_vdd_budget,1.1,False,VALIDATED
1178,u_cdc_cmd.mem[5][67]$_DFFE_PP_,clk_host,9.28,0.96,0.04048058861279333,9.239519411387207,setup,guardband_5pct,hypothetical_guardband_5pct,uniform_5pct_vdd_budget,1.1,False,VALIDATED
1184,u_cdc_cmd.mem[5][40]$_DFFE_PP_,clk_host,9.28,0.96,0.04048058861279333,9.239519411387207,setup,guardband_5pct,hypothetical_guardband_5pct,uniform_5pct_vdd_budget,1.1,False,VALIDATED
1176,u_cdc_cmd.mem[1][66]$_DFFE_PP_,clk_host,9.28,0.95,0.04005891581474344,9.239941084185256,setup,guardband_5pct,hypothetical_guardband_5pct,uniform_5pct_vdd_budget,1.1,False,VALIDATED
1179,u_cdc_cmd.mem[1][53]$_DFFE_PP_,clk_host,9.28,0.95,0.04005891581474344,9.239941084185256,setup,guardband_5pct,hypothetical_guardband_5pct,uniform_5pct_vdd_budget,1.1,False,VALIDATED
1183,u_cdc_cmd.mem[3][53]$_DFFE_PP_,clk_host,9.28,0.95,0.040058915814743454,9.239941084185256,setup,guardband_5pct,hypothetical_guardband_5pct,uniform_5pct_vdd_budget,1.1,False,VALIDATED
1181,u_cdc_cmd.mem[1][63]$_DFFE_PP_,clk_host,9.28,0.95,0.04005891581474344,9.239941084185256,setup,guardband_5pct,hypothetical_guardband_5pct,uniform_5pct_vdd_budget,1.1,False,VALIDATED
393,u_host_if.s_rdata[19]$_DFFE_PN0P_,clk_host,9.29,1.03,0.04343229819914293,9.246567701800856,recovery,guardband_5pct,hypothetical_guardband_5pct,uniform_5pct_vdd_budget,1.1,False,VALIDATED
384,u_host_if.s_rdata[20]$_DFFE_PN0P_,clk_host,9.29,1.03,0.04343229819914293,9.246567701800856,recovery,guardband_5pct,hypothetical_guardband_5pct,uniform_5pct_vdd_budget,1.1,False,VALIDATED
392,u_host_if.s_rdata[16]$_DFFE_PN0P_,clk_host,9.29,1.03,0.04343229819914293,9.246567701800856,recovery,guardband_5pct,hypothetical_guardband_5pct,uniform_5pct_vdd_budget,1.1,False,VALIDATED
390,u_host_if.s_rdata[9]$_DFFE_PN0P_,clk_host,9.29,1.03,0.04343229819914293,9.246567701800856,recovery,guardband_5pct,hypothetical_guardband_5pct,uniform_5pct_vdd_budget,1.1,False,VALIDATED
391,u_host_if.s_rdata[10]$_DFFE_PN0P_,clk_host,9.29,1.03,0.04343229819914293,9.246567701800856,recovery,guardband_5pct,hypothetical_guardband_5pct,uniform_5pct_vdd_budget,1.1,False,VALIDATED
389,u_host_if.s_rdata[12]$_DFFE_PN0P_,clk_host,9.29,1.03,0.04343229819914293,9.246567701800856,recovery,guardband_5pct,hypothetical_guardband_5pct,uniform_5pct_vdd_budget,1.1,False,VALIDATED
386,u_host_if.rpop_q[10]$_DFFE_PN0P_,clk_host,9.29,1.03,0.04343229819914293,9.246567701800856,recovery,guardband_5pct,hypothetical_guardband_5pct,uniform_5pct_vdd_budget,1.1,False,VALIDATED
394,u_host_if.rpop_q[19]$_DFFE_PN0P_,clk_host,9.29,1.03,0.04343229819914293,9.246567701800856,recovery,guardband_5pct,hypothetical_guardband_5pct,uniform_5pct_vdd_budget,1.1,False,VALIDATED
388,u_host_if.rpop_q[9]$_DFFE_PN0P_,clk_host,9.29,1.03,0.04343229819914293,9.246567701800856,recovery,guardband_5pct,hypothetical_guardband_5pct,uniform_5pct_vdd_budget,1.1,False,VALIDATED
387,u_host_if.rpop_q[12]$_DFFE_PN0P_,clk_host,9.29,1.03,0.04343229819914293,9.246567701800856,recovery,guardband_5pct,hypothetical_guardband_5pct,uniform_5pct_vdd_budget,1.1,False,VALIDATED
379,u_host_if.s_rdata[14]$_DFFE_PN0P_,clk_host,9.29,1.03,0.04343229819914293,9.246567701800856,recovery,guardband_5pct,hypothetical_guardband_5pct,uniform_5pct_vdd_budget,1.1,False,VALIDATED
380,u_host_if.rpop_q[14]$_DFFE_PN0P_,clk_host,9.29,1.03,0.04343229819914293,9.246567701800856,recovery,guardband_5pct,hypothetical_guardband_5pct,uniform_5pct_vdd_budget,1.1,False,VALIDATED
381,u_host_if.rpop_q[13]$_DFFE_PN0P_,clk_host,9.29,1.03,0.04343229819914293,9.246567701800856,recovery,guardband_5pct,hypothetical_guardband_5pct,uniform_5pct_vdd_budget,1.1,False,VALIDATED
385,u_host_if.rpop_q[16]$_DFFE_PN0P_,clk_host,9.29,1.03,0.04343229819914293,9.246567701800856,recovery,guardband_5pct,hypothetical_guardband_5pct,uniform_5pct_vdd_budget,1.1,False,VALIDATED
375,u_host_if.s_rdata[17]$_DFFE_PN0P_,clk_host,9.29,1.03,0.04343229819914293,9.246567701800856,recovery,guardband_5pct,hypothetical_guardband_5pct,uniform_5pct_vdd_budget,1.1,False,VALIDATED
376,u_host_if.s_rdata[15]$_DFFE_PN0P_,clk_host,9.29,1.03,0.04343229819914293,9.246567701800856,recovery,guardband_5pct,hypothetical_guardband_5pct,uniform_5pct_vdd_budget,1.1,False,VALIDATED
377,u_host_if.rpop_q[17]$_DFFE_PN0P_,clk_host,9.29,1.03,0.04343229819914293,9.246567701800856,recovery,guardband_5pct,hypothetical_guardband_5pct,uniform_5pct_vdd_budget,1.1,False,VALIDATED
378,u_host_if.rpop_q[15]$_DFFE_PN0P_,clk_host,9.29,1.03,0.04343229819914293,9.246567701800856,recovery,guardband_5pct,hypothetical_guardband_5pct,uniform_5pct_vdd_budget,1.1,False,VALIDATED
383,u_host_if.s_rdata[13]$_DFFE_PN0P_,clk_host,9.29,1.03,0.04343229819914293,9.246567701800856,recovery,guardband_5pct,hypothetical_guardband_5pct,uniform_5pct_vdd_budget,1.1,False,VALIDATED
382,u_host_if.rpop_q[20]$_DFFE_PN0P_,clk_host,9.29,1.03,0.04343229819914293,9.246567701800856,recovery,guardband_5pct,hypothetical_guardband_5pct,uniform_5pct_vdd_budget,1.1,False,VALIDATED
1194,u_cdc_cmd.mem[5][29]$_DFFE_PP_,clk_host,9.29,0.96,0.04048058861279333,9.249519411387206,setup,guardband_5pct,hypothetical_guardband_5pct,uniform_5pct_vdd_budget,1.1,False,VALIDATED
1192,u_cdc_cmd.mem[5][32]$_DFFE_PP_,clk_host,9.29,0.96,0.04048058861279333,9.249519411387206,setup,guardband_5pct,hypothetical_guardband_5pct,uniform_5pct_vdd_budget,1.1,False,VALIDATED
1191,u_cdc_cmd.mem[5][71]$_DFFE_PP_,clk_host,9.29,0.96,0.04048058861279333,9.249519411387206,setup,guardband_5pct,hypothetical_guardband_5pct,uniform_5pct_vdd_budget,1.1,False,VALIDATED
1198,u_cdc_cmd.mem[10][2]$_DFFE_PP_,clk_host,9.29,0.96,0.04048058861279333,9.249519411387206,setup,guardband_5pct,hypothetical_guardband_5pct,uniform_5pct_vdd_budget,1.1,False,VALIDATED
1200,u_cdc_cmd.mem[15][19]$_DFFE_PP_,clk_host,9.29,0.95,0.04005891581474344,9.249941084185256,setup,guardband_5pct,hypothetical_guardband_5pct,uniform_5pct_vdd_budget,1.1,False,VALIDATED
1199,u_cdc_cmd.mem[3][62]$_DFFE_PP_,clk_host,9.29,0.95,0.040058915814743454,9.249941084185256,setup,guardband_5pct,hypothetical_guardband_5pct,uniform_5pct_vdd_budget,1.1,False,VALIDATED
1193,u_cdc_cmd.mem[1][62]$_DFFE_PP_,clk_host,9.29,0.95,0.04005891581474344,9.249941084185256,setup,guardband_5pct,hypothetical_guardband_5pct,uniform_5pct_vdd_budget,1.1,False,VALIDATED
1195,u_cdc_cmd.mem[5][31]$_DFFE_PP_,clk_host,9.29,0.95,0.04005891581474344,9.249941084185256,setup,guardband_5pct,hypothetical_guardband_5pct,uniform_5pct_vdd_budget,1.1,False,VALIDATED
1189,u_cdc_cmd.mem[1][55]$_DFFE_PP_,clk_host,9.29,0.95,0.04005891581474344,9.249941084185256,setup,guardband_5pct,hypothetical_guardband_5pct,uniform_5pct_vdd_budget,1.1,False,VALIDATED
1186,u_cdc_cmd.mem[1][61]$_DFFE_PP_,clk_host,9.29,0.95,0.04005891581474344,9.249941084185256,setup,guardband_5pct,hypothetical_guardband_5pct,uniform_5pct_vdd_budget,1.1,False,VALIDATED
1187,u_cdc_cmd.mem[3][66]$_DFFE_PP_,clk_host,9.29,0.95,0.040058915814743454,9.249941084185256,setup,guardband_5pct,hypothetical_guardband_5pct,uniform_5pct_vdd_budget,1.1,False,VALIDATED
1188,u_cdc_cmd.mem[3][63]$_DFFE_PP_,clk_host,9.29,0.95,0.040058915814743454,9.249941084185256,setup,guardband_5pct,hypothetical_guardband_5pct,uniform_5pct_vdd_budget,1.1,False,VALIDATED
1190,u_cdc_cmd.mem[1][21]$_DFFE_PP_,clk_host,9.29,0.94,0.039637243016693524,9.250362756983305,setup,guardband_5pct,hypothetical_guardband_5pct,uniform_5pct_vdd_budget,1.1,False,VALIDATED
1196,u_cdc_cmd.mem[1][75]$_DFFE_PP_,clk_host,9.29,0.94,0.039637243016693524,9.250362756983305,setup,guardband_5pct,hypothetical_guardband_5pct,uniform_5pct_vdd_budget,1.1,False,VALIDATED
1197,u_cdc_cmd.mem[1][26]$_DFFE_PP_,clk_host,9.29,0.94,0.039637243016693524,9.250362756983305,setup,guardband_5pct,hypothetical_guardband_5pct,uniform_5pct_vdd_budget,1.1,False,VALIDATED
395,u_host_if.s_rdata[18]$_DFFE_PN0P_,clk_host,9.3,1.03,0.04343229819914293,9.256567701800858,recovery,guardband_5pct,hypothetical_guardband_5pct,uniform_5pct_vdd_budget,1.1,False,VALIDATED
399,u_host_if.s_rdata[8]$_DFFE_PN0P_,clk_host,9.43,0.9,0.03795055182449368,9.392049448175506,recovery,guardband_5pct,hypothetical_guardband_5pct,uniform_5pct_vdd_budget,1.1,False,VALIDATED
397,u_host_if.rpop_q[7]$_DFFE_PN0P_,clk_host,9.43,0.9,0.03795055182449368,9.392049448175506,recovery,guardband_5pct,hypothetical_guardband_5pct,uniform_5pct_vdd_budget,1.1,False,VALIDATED
398,u_host_if.rpop_q[8]$_DFFE_PN0P_,clk_host,9.43,0.9,0.03795055182449368,9.392049448175506,recovery,guardband_5pct,hypothetical_guardband_5pct,uniform_5pct_vdd_budget,1.1,False,VALIDATED
396,u_host_if.rpop_q[18]$_DFFE_PN0P_,clk_host,9.43,0.9,0.03795055182449368,9.392049448175506,recovery,guardband_5pct,hypothetical_guardband_5pct,uniform_5pct_vdd_budget,1.1,False,VALIDATED
1229,g_chan[1].u_cdc_chr.mem[10][1]$_DFFE_PP_,clk_nand,11.85,8.35,0.3520967863716926,11.497903213628307,setup,guardband_5pct,hypothetical_guardband_5pct,uniform_5pct_vdd_budget,1.1,False,VALIDATED
1230,g_chan[1].u_cdc_chr.mem[11][1]$_DFFE_PP_,clk_nand,11.85,8.35,0.3520967863716926,11.497903213628307,setup,guardband_5pct,hypothetical_guardband_5pct,uniform_5pct_vdd_budget,1.1,False,VALIDATED
1243,g_chan[1].u_cdc_chr.mem[8][25]$_DFFE_PP_,clk_nand,11.86,8.35,0.35209678637169206,11.507903213628307,setup,guardband_5pct,hypothetical_guardband_5pct,uniform_5pct_vdd_budget,1.1,False,VALIDATED
1236,g_chan[1].u_cdc_chr.mem[14][25]$_DFFE_PP_,clk_nand,11.86,8.35,0.35209678637169206,11.507903213628307,setup,guardband_5pct,hypothetical_guardband_5pct,uniform_5pct_vdd_budget,1.1,False,VALIDATED
1235,g_chan[1].u_cdc_chr.mem[1][25]$_DFFE_PP_,clk_nand,11.86,8.35,0.35209678637169206,11.507903213628307,setup,guardband_5pct,hypothetical_guardband_5pct,uniform_5pct_vdd_budget,1.1,False,VALIDATED
1240,g_chan[1].u_cdc_chr.mem[10][25]$_DFFE_PP_,clk_nand,11.86,8.35,0.35209678637169206,11.507903213628307,setup,guardband_5pct,hypothetical_guardband_5pct,uniform_5pct_vdd_budget,1.1,False,VALIDATED
1241,g_chan[1].u_cdc_chr.mem[4][21]$_DFFE_PP_,clk_nand,11.86,8.35,0.35209678637169206,11.507903213628307,setup,guardband_5pct,hypothetical_guardband_5pct,uniform_5pct_vdd_budget,1.1,False,VALIDATED
1242,g_chan[1].u_cdc_chr.mem[9][25]$_DFFE_PP_,clk_nand,11.86,8.35,0.35209678637169206,11.507903213628307,setup,guardband_5pct,hypothetical_guardband_5pct,uniform_5pct_vdd_budget,1.1,False,VALIDATED
1246,g_chan[1].u_cdc_chr.mem[6][21]$_DFFE_PP_,clk_nand,11.86,8.35,0.35209678637169206,11.507903213628307,setup,guardband_5pct,hypothetical_guardband_5pct,uniform_5pct_vdd_budget,1.1,False,VALIDATED
1245,g_chan[1].u_cdc_chr.mem[8][21]$_DFFE_PP_,clk_nand,11.86,8.35,0.35209678637169206,11.507903213628307,setup,guardband_5pct,hypothetical_guardband_5pct,uniform_5pct_vdd_budget,1.1,False,VALIDATED
1237,g_chan[1].u_cdc_chr.mem[13][21]$_DFFE_PP_,clk_nand,11.86,8.35,0.35209678637169206,11.507903213628307,setup,guardband_5pct,hypothetical_guardband_5pct,uniform_5pct_vdd_budget,1.1,False,VALIDATED
1238,g_chan[1].u_cdc_chr.mem[12][21]$_DFFE_PP_,clk_nand,11.86,8.35,0.35209678637169206,11.507903213628307,setup,guardband_5pct,hypothetical_guardband_5pct,uniform_5pct_vdd_budget,1.1,False,VALIDATED
1239,g_chan[1].u_cdc_chr.mem[3][25]$_DFFE_PP_,clk_nand,11.86,8.35,0.35209678637169206,11.507903213628307,setup,guardband_5pct,hypothetical_guardband_5pct,uniform_5pct_vdd_budget,1.1,False,VALIDATED
1232,g_chan[1].u_cdc_chr.mem[11][25]$_DFFE_PP_,clk_nand,11.86,8.35,0.35209678637169206,11.507903213628307,setup,guardband_5pct,hypothetical_guardband_5pct,uniform_5pct_vdd_budget,1.1,False,VALIDATED
1231,g_chan[1].u_cdc_chr.mem[9][1]$_DFFE_PP_,clk_nand,11.86,8.35,0.3520967863716926,11.507903213628307,setup,guardband_5pct,hypothetical_guardband_5pct,uniform_5pct_vdd_budget,1.1,False,VALIDATED
1248,g_chan[1].u_cdc_chr.mem[5][21]$_DFFE_PP_,clk_nand,11.86,8.35,0.35209678637169206,11.507903213628307,setup,guardband_5pct,hypothetical_guardband_5pct,uniform_5pct_vdd_budget,1.1,False,VALIDATED
1250,g_chan[1].u_cdc_chr.mem[10][21]$_DFFE_PP_,clk_nand,11.86,8.35,0.35209678637169206,11.507903213628307,setup,guardband_5pct,hypothetical_guardband_5pct,uniform_5pct_vdd_budget,1.1,False,VALIDATED
1249,g_chan[1].u_cdc_chr.mem[11][21]$_DFFE_PP_,clk_nand,11.86,8.35,0.35209678637169206,11.507903213628307,setup,guardband_5pct,hypothetical_guardband_5pct,uniform_5pct_vdd_budget,1.1,False,VALIDATED
1268,g_chan[1].u_cdc_chr.mem[1][1]$_DFFE_PP_,clk_nand,11.86,8.35,0.3520967863716926,11.507903213628307,setup,guardband_5pct,hypothetical_guardband_5pct,uniform_5pct_vdd_budget,1.1,False,VALIDATED
1251,g_chan[1].u_cdc_chr.mem[14][21]$_DFFE_PP_,clk_nand,11.86,8.35,0.35209678637169206,11.507903213628307,setup,guardband_5pct,hypothetical_guardband_5pct,uniform_5pct_vdd_budget,1.1,False,VALIDATED
1254,g_chan[1].u_cdc_chr.mem[7][21]$_DFFE_PP_,clk_nand,11.86,8.35,0.35209678637169206,11.507903213628307,setup,guardband_5pct,hypothetical_guardband_5pct,uniform_5pct_vdd_budget,1.1,False,VALIDATED
1253,g_chan[1].u_cdc_chr.mem[15][21]$_DFFE_PP_,clk_nand,11.86,8.35,0.35209678637169206,11.507903213628307,setup,guardband_5pct,hypothetical_guardband_5pct,uniform_5pct_vdd_budget,1.1,False,VALIDATED
1256,g_chan[1].u_cdc_chr.mem[0][25]$_DFFE_PP_,clk_nand,11.86,8.35,0.35209678637169206,11.507903213628307,setup,guardband_5pct,hypothetical_guardband_5pct,uniform_5pct_vdd_budget,1.1,False,VALIDATED
1252,g_chan[1].u_cdc_chr.mem[2][21]$_DFFE_PP_,clk_nand,11.86,8.35,0.35209678637169206,11.507903213628307,setup,guardband_5pct,hypothetical_guardband_5pct,uniform_5pct_vdd_budget,1.1,False,VALIDATED
1257,g_chan[1].u_cdc_chr.mem[1][21]$_DFFE_PP_,clk_nand,11.86,8.35,0.35209678637169206,11.507903213628307,setup,guardband_5pct,hypothetical_guardband_5pct,uniform_5pct_vdd_budget,1.1,False,VALIDATED
1259,g_chan[1].u_cdc_chr.mem[0][21]$_DFFE_PP_,clk_nand,11.86,8.35,0.35209678637169206,11.507903213628307,setup,guardband_5pct,hypothetical_guardband_5pct,uniform_5pct_vdd_budget,1.1,False,VALIDATED
1261,g_chan[1].u_cdc_chr.mem[2][25]$_DFFE_PP_,clk_nand,11.86,8.35,0.35209678637169206,11.507903213628307,setup,guardband_5pct,hypothetical_guardband_5pct,uniform_5pct_vdd_budget,1.1,False,VALIDATED
1265,g_chan[1].u_cdc_chr.mem[3][21]$_DFFE_PP_,clk_nand,11.86,8.35,0.35209678637169206,11.507903213628307,setup,guardband_5pct,hypothetical_guardband_5pct,uniform_5pct_vdd_budget,1.1,False,VALIDATED
1266,g_chan[1].u_cdc_chr.mem[6][25]$_DFFE_PP_,clk_nand,11.86,8.35,0.35209678637169206,11.507903213628307,setup,guardband_5pct,hypothetical_guardband_5pct,uniform_5pct_vdd_budget,1.1,False,VALIDATED
1267,g_chan[1].u_cdc_chr.mem[4][1]$_DFFE_PP_,clk_nand,11.86,8.35,0.3520967863716926,11.507903213628307,setup,guardband_5pct,hypothetical_guardband_5pct,uniform_5pct_vdd_budget,1.1,False,VALIDATED
1269,g_chan[1].u_cdc_chr.mem[0][1]$_DFFE_PP_,clk_nand,11.86,8.35,0.3520967863716926,11.507903213628307,setup,guardband_5pct,hypothetical_guardband_5pct,uniform_5pct_vdd_budget,1.1,False,VALIDATED
1270,g_chan[1].u_cdc_chr.mem[3][1]$_DFFE_PP_,clk_nand,11.86,8.35,0.3520967863716926,11.507903213628307,setup,guardband_5pct,hypothetical_guardband_5pct,uniform_5pct_vdd_budget,1.1,False,VALIDATED
1263,g_chan[1].u_cdc_chr.mem[7][25]$_DFFE_PP_,clk_nand,11.86,8.35,0.35209678637169206,11.507903213628307,setup,guardband_5pct,hypothetical_guardband_5pct,uniform_5pct_vdd_budget,1.1,False,VALIDATED
1262,g_chan[1].u_cdc_chr.mem[12][25]$_DFFE_PP_,clk_nand,11.86,8.35,0.35209678637169206,11.507903213628307,setup,guardband_5pct,hypothetical_guardband_5pct,uniform_5pct_vdd_budget,1.1,False,VALIDATED
1233,g_chan[1].u_cdc_chr.mem[15][25]$_DFFE_PP_,clk_nand,11.86,8.35,0.35209678637169206,11.507903213628307,setup,guardband_5pct,hypothetical_guardband_5pct,uniform_5pct_vdd_budget,1.1,False,VALIDATED
1244,g_chan[1].u_cdc_chr.mem[13][25]$_DFFE_PP_,clk_nand,11.86,8.35,0.35209678637169206,11.507903213628307,setup,guardband_5pct,hypothetical_guardband_5pct,uniform_5pct_vdd_budget,1.1,False,VALIDATED
1247,g_chan[1].u_cdc_chr.mem[9][21]$_DFFE_PP_,clk_nand,11.86,8.35,0.35209678637169206,11.507903213628307,setup,guardband_5pct,hypothetical_guardband_5pct,uniform_5pct_vdd_budget,1.1,False,VALIDATED
1264,g_chan[1].u_cdc_chr.mem[4][25]$_DFFE_PP_,clk_nand,11.86,8.35,0.35209678637169206,11.507903213628307,setup,guardband_5pct,hypothetical_guardband_5pct,uniform_5pct_vdd_budget,1.1,False,VALIDATED
1234,g_chan[1].u_cdc_chr.mem[5][25]$_DFFE_PP_,clk_nand,11.86,8.35,0.35209678637169206,11.507903213628307,setup,guardband_5pct,hypothetical_guardband_5pct,uniform_5pct_vdd_budget,1.1,False,VALIDATED
1255,g_chan[1].u_cdc_chr.mem[0][24]$_DFFE_PP_,clk_nand,11.86,8.33,0.3512534407755924,11.508746559224408,setup,guardband_5pct,hypothetical_guardband_5pct,uniform_5pct_vdd_budget,1.1,False,VALIDATED
1260,g_chan[1].u_cdc_chr.mem[3][24]$_DFFE_PP_,clk_nand,11.86,8.33,0.3512534407755924,11.508746559224408,setup,guardband_5pct,hypothetical_guardband_5pct,uniform_5pct_vdd_budget,1.1,False,VALIDATED
1258,g_chan[1].u_cdc_chr.mem[1][24]$_DFFE_PP_,clk_nand,11.86,8.33,0.3512534407755924,11.508746559224408,setup,guardband_5pct,hypothetical_guardband_5pct,uniform_5pct_vdd_budget,1.1,False,VALIDATED
1272,g_chan[1].u_cdc_chr.mem[12][1]$_DFFE_PP_,clk_nand,11.87,8.35,0.3520967863716926,11.517903213628307,setup,guardband_5pct,hypothetical_guardband_5pct,uniform_5pct_vdd_budget,1.1,False,VALIDATED
1280,g_chan[1].u_cdc_chr.mem[9][9]$_DFFE_PP_,clk_nand,11.87,8.35,0.3520967863716926,11.517903213628307,setup,guardband_5pct,hypothetical_guardband_5pct,uniform_5pct_vdd_budget,1.1,False,VALIDATED
1279,g_chan[1].u_cdc_chr.mem[14][1]$_DFFE_PP_,clk_nand,11.87,8.35,0.3520967863716926,11.517903213628307,setup,guardband_5pct,hypothetical_guardband_5pct,uniform_5pct_vdd_budget,1.1,False,VALIDATED
1277,g_chan[1].u_cdc_chr.mem[8][1]$_DFFE_PP_,clk_nand,11.87,8.35,0.3520967863716926,11.517903213628307,setup,guardband_5pct,hypothetical_guardband_5pct,uniform_5pct_vdd_budget,1.1,False,VALIDATED
1276,g_chan[1].u_cdc_chr.mem[5][1]$_DFFE_PP_,clk_nand,11.87,8.35,0.3520967863716926,11.517903213628307,setup,guardband_5pct,hypothetical_guardband_5pct,uniform_5pct_vdd_budget,1.1,False,VALIDATED
1275,g_chan[1].u_cdc_chr.mem[13][1]$_DFFE_PP_,clk_nand,11.87,8.35,0.3520967863716926,11.517903213628307,setup,guardband_5pct,hypothetical_guardband_5pct,uniform_5pct_vdd_budget,1.1,False,VALIDATED
1281,g_chan[1].u_cdc_chr.mem[10][9]$_DFFE_PP_,clk_nand,11.87,8.35,0.3520967863716926,11.517903213628307,setup,guardband_5pct,hypothetical_guardband_5pct,uniform_5pct_vdd_budget,1.1,False,VALIDATED
1289,g_chan[1].u_cdc_chr.mem[13][9]$_DFFE_PP_,clk_nand,11.87,8.35,0.3520967863716926,11.517903213628307,setup,guardband_5pct,hypothetical_guardband_5pct,uniform_5pct_vdd_budget,1.1,False,VALIDATED
1288,g_chan[1].u_cdc_chr.mem[12][9]$_DFFE_PP_,clk_nand,11.87,8.35,0.3520967863716926,11.517903213628307,setup,guardband_5pct,hypothetical_guardband_5pct,uniform_5pct_vdd_budget,1.1,False,VALIDATED
1294,g_chan[1].u_cdc_chr.mem[6][9]$_DFFE_PP_,clk_nand,11.87,8.35,0.3520967863716926,11.517903213628307,setup,guardband_5pct,hypothetical_guardband_5pct,uniform_5pct_vdd_budget,1.1,False,VALIDATED
1292,g_chan[1].u_cdc_chr.mem[7][9]$_DFFE_PP_,clk_nand,11.87,8.35,0.3520967863716926,11.517903213628307,setup,guardband_5pct,hypothetical_guardband_5pct,uniform_5pct_vdd_budget,1.1,False,VALIDATED
1293,g_chan[1].u_cdc_chr.mem[15][9]$_DFFE_PP_,clk_nand,11.87,8.35,0.3520967863716926,11.517903213628307,setup,guardband_5pct,hypothetical_guardband_5pct,uniform_5pct_vdd_budget,1.1,False,VALIDATED
1291,g_chan[1].u_cdc_chr.mem[14][9]$_DFFE_PP_,clk_nand,11.87,8.35,0.3520967863716926,11.517903213628307,setup,guardband_5pct,hypothetical_guardband_5pct,uniform_5pct_vdd_budget,1.1,False,VALIDATED
1290,g_chan[1].u_cdc_chr.mem[3][9]$_DFFE_PP_,clk_nand,11.87,8.35,0.3520967863716926,11.517903213628307,setup,guardband_5pct,hypothetical_guardband_5pct,uniform_5pct_vdd_budget,1.1,False,VALIDATED
1286,g_chan[1].u_cdc_chr.mem[0][9]$_DFFE_PP_,clk_nand,11.87,8.35,0.3520967863716926,11.517903213628307,setup,guardband_5pct,hypothetical_guardband_5pct,uniform_5pct_vdd_budget,1.1,False,VALIDATED
1285,g_chan[1].u_cdc_chr.mem[8][9]$_DFFE_PP_,clk_nand,11.87,8.35,0.3520967863716926,11.517903213628307,setup,guardband_5pct,hypothetical_guardband_5pct,uniform_5pct_vdd_budget,1.1,False,VALIDATED
1283,g_chan[1].u_cdc_chr.mem[1][9]$_DFFE_PP_,clk_nand,11.87,8.35,0.3520967863716926,11.517903213628307,setup,guardband_5pct,hypothetical_guardband_5pct,uniform_5pct_vdd_budget,1.1,False,VALIDATED
1287,g_chan[1].u_cdc_chr.mem[5][9]$_DFFE_PP_,clk_nand,11.87,8.35,0.3520967863716926,11.517903213628307,setup,guardband_5pct,hypothetical_guardband_5pct,uniform_5pct_vdd_budget,1.1,False,VALIDATED
1284,g_chan[1].u_cdc_chr.mem[2][9]$_DFFE_PP_,clk_nand,11.87,8.35,0.3520967863716926,11.517903213628307,setup,guardband_5pct,hypothetical_guardband_5pct,uniform_5pct_vdd_budget,1.1,False,VALIDATED
1282,g_chan[1].u_cdc_chr.mem[11][9]$_DFFE_PP_,clk_nand,11.87,8.35,0.3520967863716926,11.517903213628307,setup,guardband_5pct,hypothetical_guardband_5pct,uniform_5pct_vdd_budget,1.1,False,VALIDATED
1273,g_chan[1].u_cdc_chr.mem[7][1]$_DFFE_PP_,clk_nand,11.87,8.35,0.3520967863716926,11.517903213628307,setup,guardband_5pct,hypothetical_guardband_5pct,uniform_5pct_vdd_budget,1.1,False,VALIDATED
1274,g_chan[1].u_cdc_chr.mem[6][1]$_DFFE_PP_,clk_nand,11.87,8.35,0.3520967863716926,11.517903213628307,setup,guardband_5pct,hypothetical_guardband_5pct,uniform_5pct_vdd_budget,1.1,False,VALIDATED
1278,g_chan[1].u_cdc_chr.mem[15][1]$_DFFE_PP_,clk_nand,11.87,8.35,0.3520967863716926,11.517903213628307,setup,guardband_5pct,hypothetical_guardband_5pct,uniform_5pct_vdd_budget,1.1,False,VALIDATED
1295,g_chan[1].u_cdc_chr.mem[4][9]$_DFFE_PP_,clk_nand,11.87,8.35,0.3520967863716926,11.517903213628307,setup,guardband_5pct,hypothetical_guardband_5pct,uniform_5pct_vdd_budget,1.1,False,VALIDATED
1271,g_chan[1].u_cdc_chr.mem[2][1]$_DFFE_PP_,clk_nand,11.87,8.35,0.3520967863716926,11.517903213628307,setup,guardband_5pct,hypothetical_guardband_5pct,uniform_5pct_vdd_budget,1.1,False,VALIDATED
1298,g_chan[1].u_cdc_chr.mem[14][18]$_DFFE_PP_,clk_nand,11.87,8.34,0.35167511357364223,11.518324886426356,setup,guardband_5pct,hypothetical_guardband_5pct,uniform_5pct_vdd_budget,1.1,False,VALIDATED
1296,g_chan[1].u_cdc_chr.mem[3][18]$_DFFE_PP_,clk_nand,11.87,8.34,0.35167511357364223,11.518324886426356,setup,guardband_5pct,hypothetical_guardband_5pct,uniform_5pct_vdd_budget,1.1,False,VALIDATED
1297,g_chan[1].u_cdc_chr.mem[10][18]$_DFFE_PP_,clk_nand,11.87,8.34,0.35167511357364223,11.518324886426356,setup,guardband_5pct,hypothetical_guardband_5pct,uniform_5pct_vdd_budget,1.1,False,VALIDATED
1302,g_chan[1].u_cdc_chr.mem[6][18]$_DFFE_PP_,clk_nand,11.88,8.34,0.35167511357364223,11.528324886426358,setup,guardband_5pct,hypothetical_guardband_5pct,uniform_5pct_vdd_budget,1.1,False,VALIDATED
1308,g_chan[1].u_cdc_chr.mem[13][18]$_DFFE_PP_,clk_nand,11.88,8.34,0.35167511357364223,11.528324886426358,setup,guardband_5pct,hypothetical_guardband_5pct,uniform_5pct_vdd_budget,1.1,False,VALIDATED
1307,g_chan[1].u_cdc_chr.mem[11][18]$_DFFE_PP_,clk_nand,11.88,8.34,0.35167511357364223,11.528324886426358,setup,guardband_5pct,hypothetical_guardband_5pct,uniform_5pct_vdd_budget,1.1,False,VALIDATED
1303,g_chan[1].u_cdc_chr.mem[0][13]$_DFFE_PP_,clk_nand,11.88,8.33,0.35125344077559184,11.528746559224409,setup,guardband_5pct,hypothetical_guardband_5pct,uniform_5pct_vdd_budget,1.1,False,VALIDATED
1304,g_chan[1].u_cdc_chr.mem[4][18]$_DFFE_PP_,clk_nand,11.88,8.33,0.3512534407755924,11.528746559224409,setup,guardband_5pct,hypothetical_guardband_5pct,uniform_5pct_vdd_budget,1.1,False,VALIDATED
1306,g_chan[1].u_cdc_chr.mem[9][18]$_DFFE_PP_,clk_nand,11.88,8.33,0.3512534407755924,11.528746559224409,setup,guardband_5pct,hypothetical_guardband_5pct,uniform_5pct_vdd_budget,1.1,False,VALIDATED
1310,g_chan[1].u_cdc_chr.mem[3][13]$_DFFE_PP_,clk_nand,11.88,8.33,0.35125344077559184,11.528746559224409,setup,guardband_5pct,hypothetical_guardband_5pct,uniform_5pct_vdd_budget,1.1,False,VALIDATED
1311,g_chan[1].u_cdc_chr.mem[15][18]$_DFFE_PP_,clk_nand,11.88,8.33,0.3512534407755924,11.528746559224409,setup,guardband_5pct,hypothetical_guardband_5pct,uniform_5pct_vdd_budget,1.1,False,VALIDATED
1309,g_chan[1].u_cdc_chr.mem[12][18]$_DFFE_PP_,clk_nand,11.88,8.33,0.3512534407755924,11.528746559224409,setup,guardband_5pct,hypothetical_guardband_5pct,uniform_5pct_vdd_budget,1.1,False,VALIDATED
1312,g_chan[1].u_cdc_chr.mem[1][13]$_DFFE_PP_,clk_nand,11.88,8.33,0.35125344077559184,11.528746559224409,setup,guardband_5pct,hypothetical_guardband_5pct,uniform_5pct_vdd_budget,1.1,False,VALIDATED
1314,g_chan[1].u_cdc_chr.mem[7][18]$_DFFE_PP_,clk_nand,11.88,8.33,0.3512534407755924,11.528746559224409,setup,guardband_5pct,hypothetical_guardband_5pct,uniform_5pct_vdd_budget,1.1,False,VALIDATED
1313,g_chan[1].u_cdc_chr.mem[1][18]$_DFFE_PP_,clk_nand,11.88,8.33,0.3512534407755924,11.528746559224409,setup,guardband_5pct,hypothetical_guardband_5pct,uniform_5pct_vdd_budget,1.1,False,VALIDATED
1316,g_chan[1].u_cdc_chr.mem[11][13]$_DFFE_PP_,clk_nand,11.88,8.33,0.35125344077559184,11.528746559224409,setup,guardband_5pct,hypothetical_guardband_5pct,uniform_5pct_vdd_budget,1.1,False,VALIDATED
1315,g_chan[1].u_cdc_chr.mem[9][13]$_DFFE_PP_,clk_nand,11.88,8.33,0.35125344077559184,11.528746559224409,setup,guardband_5pct,hypothetical_guardband_5pct,uniform_5pct_vdd_budget,1.1,False,VALIDATED
1317,g_chan[1].u_cdc_chr.mem[8][13]$_DFFE_PP_,clk_nand,11.88,8.33,0.35125344077559184,11.528746559224409,setup,guardband_5pct,hypothetical_guardband_5pct,uniform_5pct_vdd_budget,1.1,False,VALIDATED
1330,g_chan[1].u_cdc_chr.mem[12][13]$_DFFE_PP_,clk_nand,11.88,8.33,0.35125344077559184,11.528746559224409,setup,guardband_5pct,hypothetical_guardband_5pct,uniform_5pct_vdd_budget,1.1,False,VALIDATED
1335,g_chan[1].u_cdc_chr.mem[10][24]$_DFFE_PP_,clk_nand,11.88,8.33,0.3512534407755924,11.528746559224409,setup,guardband_5pct,hypothetical_guardband_5pct,uniform_5pct_vdd_budget,1.1,False,VALIDATED
1331,g_chan[1].u_cdc_chr.mem[4][24]$_DFFE_PP_,clk_nand,11.88,8.33,0.3512534407755924,11.528746559224409,setup,guardband_5pct,hypothetical_guardband_5pct,uniform_5pct_vdd_budget,1.1,False,VALIDATED
1338,g_chan[1].u_cdc_chr.mem[13][24]$_DFFE_PP_,clk_nand,11.88,8.33,0.3512534407755924,11.528746559224409,setup,guardband_5pct,hypothetical_guardband_5pct,uniform_5pct_vdd_budget,1.1,False,VALIDATED
1337,g_chan[1].u_cdc_chr.mem[6][24]$_DFFE_PP_,clk_nand,11.88,8.33,0.3512534407755924,11.528746559224409,setup,guardband_5pct,hypothetical_guardband_5pct,uniform_5pct_vdd_budget,1.1,False,VALIDATED
1336,g_chan[1].u_cdc_chr.mem[11][24]$_DFFE_PP_,clk_nand,11.88,8.33,0.3512534407755924,11.528746559224409,setup,guardband_5pct,hypothetical_guardband_5pct,uniform_5pct_vdd_budget,1.1,False,VALIDATED
1340,g_chan[1].u_cdc_chr.mem[8][24]$_DFFE_PP_,clk_nand,11.88,8.33,0.3512534407755924,11.528746559224409,setup,guardband_5pct,hypothetical_guardband_5pct,uniform_5pct_vdd_budget,1.1,False,VALIDATED
1339,g_chan[1].u_cdc_chr.mem[14][24]$_DFFE_PP_,clk_nand,11.88,8.33,0.3512534407755924,11.528746559224409,setup,guardband_5pct,hypothetical_guardband_5pct,uniform_5pct_vdd_budget,1.1,False,VALIDATED
1343,g_chan[1].u_cdc_chr.mem[7][24]$_DFFE_PP_,clk_nand,11.88,8.33,0.3512534407755924,11.528746559224409,setup,guardband_5pct,hypothetical_guardband_5pct,uniform_5pct_vdd_budget,1.1,False,VALIDATED
1332,g_chan[1].u_cdc_chr.mem[9][24]$_DFFE_PP_,clk_nand,11.88,8.33,0.3512534407755924,11.528746559224409,setup,guardband_5pct,hypothetical_guardband_5pct,uniform_5pct_vdd_budget,1.1,False,VALIDATED
1333,g_chan[1].u_cdc_chr.mem[5][24]$_DFFE_PP_,clk_nand,11.88,8.33,0.3512534407755924,11.528746559224409,setup,guardband_5pct,hypothetical_guardband_5pct,uniform_5pct_vdd_budget,1.1,False,VALIDATED
1323,g_chan[1].u_cdc_chr.mem[6][13]$_DFFE_PP_,clk_nand,11.88,8.33,0.35125344077559184,11.528746559224409,setup,guardband_5pct,hypothetical_guardband_5pct,uniform_5pct_vdd_budget,1.1,False,VALIDATED
1324,g_chan[1].u_cdc_chr.mem[14][13]$_DFFE_PP_,clk_nand,11.88,8.33,0.35125344077559184,11.528746559224409,setup,guardband_5pct,hypothetical_guardband_5pct,uniform_5pct_vdd_budget,1.1,False,VALIDATED
1325,g_chan[1].u_cdc_chr.mem[13][13]$_DFFE_PP_,clk_nand,11.88,8.33,0.35125344077559184,11.528746559224409,setup,guardband_5pct,hypothetical_guardband_5pct,uniform_5pct_vdd_budget,1.1,False,VALIDATED
1326,g_chan[1].u_cdc_chr.mem[7][13]$_DFFE_PP_,clk_nand,11.88,8.33,0.35125344077559184,11.528746559224409,setup,guardband_5pct,hypothetical_guardband_5pct,uniform_5pct_vdd_budget,1.1,False,VALIDATED
1327,g_chan[1].u_cdc_chr.mem[15][24]$_DFFE_PP_,clk_nand,11.88,8.33,0.3512534407755924,11.528746559224409,setup,guardband_5pct,hypothetical_guardband_5pct,uniform_5pct_vdd_budget,1.1,False,VALIDATED
1320,g_chan[1].u_cdc_chr.mem[2][13]$_DFFE_PP_,clk_nand,11.88,8.33,0.35125344077559184,11.528746559224409,setup,guardband_5pct,hypothetical_guardband_5pct,uniform_5pct_vdd_budget,1.1,False,VALIDATED
1321,g_chan[1].u_cdc_chr.mem[5][13]$_DFFE_PP_,clk_nand,11.88,8.33,0.35125344077559184,11.528746559224409,setup,guardband_5pct,hypothetical_guardband_5pct,uniform_5pct_vdd_budget,1.1,False,VALIDATED
1322,g_chan[1].u_cdc_chr.mem[4][13]$_DFFE_PP_,clk_nand,11.88,8.33,0.35125344077559184,11.528746559224409,setup,guardband_5pct,hypothetical_guardband_5pct,uniform_5pct_vdd_budget,1.1,False,VALIDATED
1328,g_chan[1].u_cdc_chr.mem[15][13]$_DFFE_PP_,clk_nand,11.88,8.33,0.35125344077559184,11.528746559224409,setup,guardband_5pct,hypothetical_guardband_5pct,uniform_5pct_vdd_budget,1.1,False,VALIDATED
1301,g_chan[1].u_cdc_chr.mem[8][18]$_DFFE_PP_,clk_nand,11.88,8.33,0.3512534407755924,11.528746559224409,setup,guardband_5pct,hypothetical_guardband_5pct,uniform_5pct_vdd_budget,1.1,False,VALIDATED
1300,g_chan[1].u_cdc_chr.mem[2][18]$_DFFE_PP_,clk_nand,11.88,8.33,0.3512534407755924,11.528746559224409,setup,guardband_5pct,hypothetical_guardband_5pct,uniform_5pct_vdd_budget,1.1,False,VALIDATED
1305,g_chan[1].u_cdc_chr.mem[5][18]$_DFFE_PP_,clk_nand,11.88,8.33,0.3512534407755924,11.528746559224409,setup,guardband_5pct,hypothetical_guardband_5pct,uniform_5pct_vdd_budget,1.1,False,VALIDATED
1299,g_chan[1].u_cdc_chr.mem[0][18]$_DFFE_PP_,clk_nand,11.88,8.33,0.3512534407755924,11.528746559224409,setup,guardband_5pct,hypothetical_guardband_5pct,uniform_5pct_vdd_budget,1.1,False,VALIDATED
1346,g_chan[1].u_cdc_chr.mem[2][24]$_DFFE_PP_,clk_nand,11.88,8.33,0.3512534407755924,11.528746559224409,setup,guardband_5pct,hypothetical_guardband_5pct,uniform_5pct_vdd_budget,1.1,False,VALIDATED
1329,g_chan[1].u_cdc_chr.mem[12][24]$_DFFE_PP_,clk_nand,11.88,8.33,0.3512534407755924,11.528746559224409,setup,guardband_5pct,hypothetical_guardband_5pct,uniform_5pct_vdd_budget,1.1,False,VALIDATED
1350,g_chan[1].u_cdc_chr.mem[4][12]$_DFFE_PP_,clk_nand,11.88,8.32,0.35083176797754234,11.529168232022458,setup,guardband_5pct,hypothetical_guardband_5pct,uniform_5pct_vdd_budget,1.1,False,VALIDATED
1319,g_chan[1].u_cdc_chr.mem[8][12]$_DFFE_PP_,clk_nand,11.88,8.32,0.35083176797754234,11.529168232022458,setup,guardband_5pct,hypothetical_guardband_5pct,uniform_5pct_vdd_budget,1.1,False,VALIDATED
1318,g_chan[1].u_cdc_chr.mem[11][12]$_DFFE_PP_,clk_nand,11.88,8.32,0.35083176797754234,11.529168232022458,setup,guardband_5pct,hypothetical_guardband_5pct,uniform_5pct_vdd_budget,1.1,False,VALIDATED
1354,g_chan[1].u_cdc_chr.mem[0][17]$_DFFE_PP_,clk_nand,11.88,8.32,0.35083176797754256,11.529168232022458,setup,guardband_5pct,hypothetical_guardband_5pct,uniform_5pct_vdd_budget,1.1,False,VALIDATED
1348,g_chan[1].u_cdc_chr.mem[1][8]$_DFFE_PP_,clk_nand,11.88,8.31,0.35041009517949273,11.529589904820508,setup,guardband_5pct,hypothetical_guardband_5pct,uniform_5pct_vdd_budget,1.1,False,VALIDATED
1345,g_chan[1].u_cdc_chr.mem[3][8]$_DFFE_PP_,clk_nand,11.88,8.31,0.35041009517949273,11.529589904820508,setup,guardband_5pct,hypothetical_guardband_5pct,uniform_5pct_vdd_budget,1.1,False,VALIDATED
1344,g_chan[1].u_cdc_chr.mem[10][8]$_DFFE_PP_,clk_nand,11.88,8.31,0.35041009517949273,11.529589904820508,setup,guardband_5pct,hypothetical_guardband_5pct,uniform_5pct_vdd_budget,1.1,False,VALIDATED
1341,g_chan[1].u_cdc_chr.mem[0][8]$_DFFE_PP_,clk_nand,11.88,8.31,0.35041009517949273,11.529589904820508,setup,guardband_5pct,hypothetical_guardband_5pct,uniform_5pct_vdd_budget,1.1,False,VALIDATED
1342,g_chan[1].u_cdc_chr.mem[2][8]$_DFFE_PP_,clk_nand,11.88,8.31,0.35041009517949273,11.529589904820508,setup,guardband_5pct,hypothetical_guardband_5pct,uniform_5pct_vdd_budget,1.1,False,VALIDATED
1334,g_chan[1].u_cdc_chr.mem[11][8]$_DFFE_PP_,clk_nand,11.88,8.31,0.35041009517949273,11.529589904820508,setup,guardband_5pct,hypothetical_guardband_5pct,uniform_5pct_vdd_budget,1.1,False,VALIDATED
1352,g_chan[1].u_cdc_chr.mem[8][16]$_DFFE_PP_,clk_nand,11.88,8.31,0.35041009517949273,11.529589904820508,setup,guardband_5pct,hypothetical_guardband_5pct,uniform_5pct_vdd_budget,1.1,False,VALIDATED
1349,g_chan[1].u_cdc_chr.mem[9][16]$_DFFE_PP_,clk_nand,11.88,8.31,0.35041009517949273,11.529589904820508,setup,guardband_5pct,hypothetical_guardband_5pct,uniform_5pct_vdd_budget,1.1,False,VALIDATED
1347,g_chan[1].u_cdc_chr.mem[9][8]$_DFFE_PP_,clk_nand,11.88,8.31,0.35041009517949273,11.529589904820508,setup,guardband_5pct,hypothetical_guardband_5pct,uniform_5pct_vdd_budget,1.1,False,VALIDATED
1353,g_chan[1].u_cdc_chr.mem[10][16]$_DFFE_PP_,clk_nand,11.88,8.31,0.35041009517949273,11.529589904820508,setup,guardband_5pct,hypothetical_guardband_5pct,uniform_5pct_vdd_budget,1.1,False,VALIDATED
1351,g_chan[1].u_cdc_chr.mem[11][16]$_DFFE_PP_,clk_nand,11.88,8.31,0.35041009517949273,11.529589904820508,setup,guardband_5pct,hypothetical_guardband_5pct,uniform_5pct_vdd_budget,1.1,False,VALIDATED
1357,g_chan[1].u_cdc_chr.mem[10][13]$_DFFE_PP_,clk_nand,11.89,8.33,0.35125344077559184,11.538746559224409,setup,guardband_5pct,hypothetical_guardband_5pct,uniform_5pct_vdd_budget,1.1,False,VALIDATED
1383,g_chan[1].u_cdc_chr.mem[4][0]$_DFFE_PP_,clk_nand,11.89,8.32,0.35083176797754234,11.539168232022458,setup,guardband_5pct,hypothetical_guardband_5pct,uniform_5pct_vdd_budget,1.1,False,VALIDATED
1380,g_chan[1].u_cdc_chr.mem[12][2]$_DFFE_PP_,clk_nand,11.89,8.32,0.35083176797754234,11.539168232022458,setup,guardband_5pct,hypothetical_guardband_5pct,uniform_5pct_vdd_budget,1.1,False,VALIDATED
1382,g_chan[1].u_cdc_chr.mem[11][0]$_DFFE_PP_,clk_nand,11.89,8.32,0.35083176797754234,11.539168232022458,setup,guardband_5pct,hypothetical_guardband_5pct,uniform_5pct_vdd_budget,1.1,False,VALIDATED
1369,g_chan[1].u_cdc_chr.mem[10][2]$_DFFE_PP_,clk_nand,11.89,8.32,0.35083176797754234,11.539168232022458,setup,guardband_5pct,hypothetical_guardband_5pct,uniform_5pct_vdd_budget,1.1,False,VALIDATED
1370,g_chan[1].u_cdc_chr.mem[6][17]$_DFFE_PP_,clk_nand,11.89,8.32,0.35083176797754256,11.539168232022458,setup,guardband_5pct,hypothetical_guardband_5pct,uniform_5pct_vdd_budget,1.1,False,VALIDATED
1371,g_chan[1].u_cdc_chr.mem[12][17]$_DFFE_PP_,clk_nand,11.89,8.32,0.35083176797754256,11.539168232022458,setup,guardband_5pct,hypothetical_guardband_5pct,uniform_5pct_vdd_budget,1.1,False,VALIDATED
1377,g_chan[1].u_cdc_chr.mem[0][2]$_DFFE_PP_,clk_nand,11.89,8.32,0.35083176797754234,11.539168232022458,setup,guardband_5pct,hypothetical_guardband_5pct,uniform_5pct_vdd_budget,1.1,False,VALIDATED
1404,g_chan[1].u_cdc_chr.mem[15][12]$_DFFE_PP_,clk_nand,11.89,8.32,0.35083176797754234,11.539168232022458,setup,guardband_5pct,hypothetical_guardband_5pct,uniform_5pct_vdd_budget,1.1,False,VALIDATED
1405,g_chan[1].u_cdc_chr.mem[3][12]$_DFFE_PP_,clk_nand,11.89,8.32,0.35083176797754234,11.539168232022458,setup,guardband_5pct,hypothetical_guardband_5pct,uniform_5pct_vdd_budget,1.1,False,VALIDATED
1378,g_chan[1].u_cdc_chr.mem[3][2]$_DFFE_PP_,clk_nand,11.89,8.32,0.35083176797754234,11.539168232022458,setup,guardband_5pct,hypothetical_guardband_5pct,uniform_5pct_vdd_budget,1.1,False,VALIDATED
1388,g_chan[1].u_cdc_chr.mem[13][12]$_DFFE_PP_,clk_nand,11.89,8.32,0.35083176797754234,11.539168232022458,setup,guardband_5pct,hypothetical_guardband_5pct,uniform_5pct_vdd_budget,1.1,False,VALIDATED
1362,g_chan[1].u_cdc_chr.mem[4][17]$_DFFE_PP_,clk_nand,11.89,8.32,0.35083176797754256,11.539168232022458,setup,guardband_5pct,hypothetical_guardband_5pct,uniform_5pct_vdd_budget,1.1,False,VALIDATED
1361,g_chan[1].u_cdc_chr.mem[3][17]$_DFFE_PP_,clk_nand,11.89,8.32,0.35083176797754256,11.539168232022458,setup,guardband_5pct,hypothetical_guardband_5pct,uniform_5pct_vdd_budget,1.1,False,VALIDATED
1365,g_chan[1].u_cdc_chr.mem[9][2]$_DFFE_PP_,clk_nand,11.89,8.32,0.35083176797754234,11.539168232022458,setup,guardband_5pct,hypothetical_guardband_5pct,uniform_5pct_vdd_budget,1.1,False,VALIDATED
1410,g_chan[1].u_cdc_chr.mem[6][0]$_DFFE_PP_,clk_nand,11.89,8.32,0.35083176797754234,11.539168232022458,setup,guardband_5pct,hypothetical_guardband_5pct,uniform_5pct_vdd_budget,1.1,False,VALIDATED
1403,g_chan[1].u_cdc_chr.mem[2][12]$_DFFE_PP_,clk_nand,11.89,8.32,0.35083176797754234,11.539168232022458,setup,guardband_5pct,hypothetical_guardband_5pct,uniform_5pct_vdd_budget,1.1,False,VALIDATED
1413,g_chan[1].u_cdc_chr.mem[15][2]$_DFFE_PP_,clk_nand,11.89,8.32,0.35083176797754234,11.539168232022458,setup,guardband_5pct,hypothetical_guardband_5pct,uniform_5pct_vdd_budget,1.1,False,VALIDATED
1366,g_chan[1].u_cdc_chr.mem[4][2]$_DFFE_PP_,clk_nand,11.89,8.32,0.35083176797754234,11.539168232022458,setup,guardband_5pct,hypothetical_guardband_5pct,uniform_5pct_vdd_budget,1.1,False,VALIDATED
1364,g_chan[1].u_cdc_chr.mem[11][17]$_DFFE_PP_,clk_nand,11.89,8.32,0.35083176797754256,11.539168232022458,setup,guardband_5pct,hypothetical_guardband_5pct,uniform_5pct_vdd_budget,1.1,False,VALIDATED
1363,g_chan[1].u_cdc_chr.mem[14][17]$_DFFE_PP_,clk_nand,11.89,8.32,0.35083176797754256,11.539168232022458,setup,guardband_5pct,hypothetical_guardband_5pct,uniform_5pct_vdd_budget,1.1,False,VALIDATED
1387,g_chan[1].u_cdc_chr.mem[14][0]$_DFFE_PP_,clk_nand,11.89,8.32,0.35083176797754234,11.539168232022458,setup,guardband_5pct,hypothetical_guardband_5pct,uniform_5pct_vdd_budget,1.1,False,VALIDATED
1397,g_chan[1].u_cdc_chr.mem[8][17]$_DFFE_PP_,clk_nand,11.89,8.32,0.35083176797754256,11.539168232022458,setup,guardband_5pct,hypothetical_guardband_5pct,uniform_5pct_vdd_budget,1.1,False,VALIDATED
1396,g_chan[1].u_cdc_chr.mem[12][0]$_DFFE_PP_,clk_nand,11.89,8.32,0.35083176797754234,11.539168232022458,setup,guardband_5pct,hypothetical_guardband_5pct,uniform_5pct_vdd_budget,1.1,False,VALIDATED
1394,g_chan[1].u_cdc_chr.mem[1][0]$_DFFE_PP_,clk_nand,11.89,8.32,0.35083176797754234,11.539168232022458,setup,guardband_5pct,hypothetical_guardband_5pct,uniform_5pct_vdd_budget,1.1,False,VALIDATED
1393,g_chan[1].u_cdc_chr.mem[14][12]$_DFFE_PP_,clk_nand,11.89,8.32,0.35083176797754234,11.539168232022458,setup,guardband_5pct,hypothetical_guardband_5pct,uniform_5pct_vdd_budget,1.1,False,VALIDATED
1398,g_chan[1].u_cdc_chr.mem[10][12]$_DFFE_PP_,clk_nand,11.89,8.32,0.35083176797754234,11.539168232022458,setup,guardband_5pct,hypothetical_guardband_5pct,uniform_5pct_vdd_budget,1.1,False,VALIDATED
1399,g_chan[1].u_cdc_chr.mem[1][12]$_DFFE_PP_,clk_nand,11.89,8.32,0.35083176797754234,11.539168232022458,setup,guardband_5pct,hypothetical_guardband_5pct,uniform_5pct_vdd_budget,1.1,False,VALIDATED
1400,g_chan[1].u_cdc_chr.mem[0][12]$_DFFE_PP_,clk_nand,11.89,8.32,0.35083176797754234,11.539168232022458,setup,guardband_5pct,hypothetical_guardband_5pct,uniform_5pct_vdd_budget,1.1,False,VALIDATED
1401,g_chan[1].u_cdc_chr.mem[15][17]$_DFFE_PP_,clk_nand,11.89,8.32,0.35083176797754256,11.539168232022458,setup,guardband_5pct,hypothetical_guardband_5pct,uniform_5pct_vdd_budget,1.1,False,VALIDATED
1412,g_chan[1].u_cdc_chr.mem[13][0]$_DFFE_PP_,clk_nand,11.89,8.32,0.35083176797754234,11.539168232022458,setup,guardband_5pct,hypothetical_guardband_5pct,uniform_5pct_vdd_budget,1.1,False,VALIDATED
1411,g_chan[1].u_cdc_chr.mem[7][12]$_DFFE_PP_,clk_nand,11.89,8.32,0.35083176797754234,11.539168232022458,setup,guardband_5pct,hypothetical_guardband_5pct,uniform_5pct_vdd_budget,1.1,False,VALIDATED
1379,g_chan[1].u_cdc_chr.mem[5][0]$_DFFE_PP_,clk_nand,11.89,8.32,0.35083176797754234,11.539168232022458,setup,guardband_5pct,hypothetical_guardband_5pct,uniform_5pct_vdd_budget,1.1,False,VALIDATED
1407,g_chan[1].u_cdc_chr.mem[9][12]$_DFFE_PP_,clk_nand,11.89,8.32,0.35083176797754234,11.539168232022458,setup,guardband_5pct,hypothetical_guardband_5pct,uniform_5pct_vdd_budget,1.1,False,VALIDATED
1367,g_chan[1].u_cdc_chr.mem[1][2]$_DFFE_PP_,clk_nand,11.89,8.32,0.35083176797754234,11.539168232022458,setup,guardband_5pct,hypothetical_guardband_5pct,uniform_5pct_vdd_budget,1.1,False,VALIDATED
1368,g_chan[1].u_cdc_chr.mem[13][17]$_DFFE_PP_,clk_nand,11.89,8.32,0.35083176797754256,11.539168232022458,setup,guardband_5pct,hypothetical_guardband_5pct,uniform_5pct_vdd_budget,1.1,False,VALIDATED
1359,g_chan[1].u_cdc_chr.mem[2][17]$_DFFE_PP_,clk_nand,11.89,8.32,0.35083176797754256,11.539168232022458,setup,guardband_5pct,hypothetical_guardband_5pct,uniform_5pct_vdd_budget,1.1,False,VALIDATED
1360,g_chan[1].u_cdc_chr.mem[5][17]$_DFFE_PP_,clk_nand,11.89,8.32,0.35083176797754256,11.539168232022458,setup,guardband_5pct,hypothetical_guardband_5pct,uniform_5pct_vdd_budget,1.1,False,VALIDATED
1355,g_chan[1].u_cdc_chr.mem[1][17]$_DFFE_PP_,clk_nand,11.89,8.32,0.35083176797754256,11.539168232022458,setup,guardband_5pct,hypothetical_guardband_5pct,uniform_5pct_vdd_budget,1.1,False,VALIDATED
1358,g_chan[1].u_cdc_chr.mem[10][17]$_DFFE_PP_,clk_nand,11.89,8.32,0.35083176797754256,11.539168232022458,setup,guardband_5pct,hypothetical_guardband_5pct,uniform_5pct_vdd_budget,1.1,False,VALIDATED
1356,g_chan[1].u_cdc_chr.mem[9][17]$_DFFE_PP_,clk_nand,11.89,8.32,0.35083176797754256,11.539168232022458,setup,guardband_5pct,hypothetical_guardband_5pct,uniform_5pct_vdd_budget,1.1,False,VALIDATED
1376,g_chan[1].u_cdc_chr.mem[2][2]$_DFFE_PP_,clk_nand,11.89,8.32,0.35083176797754234,11.539168232022458,setup,guardband_5pct,hypothetical_guardband_5pct,uniform_5pct_vdd_budget,1.1,False,VALIDATED
1372,g_chan[1].u_cdc_chr.mem[11][2]$_DFFE_PP_,clk_nand,11.89,8.32,0.35083176797754234,11.539168232022458,setup,guardband_5pct,hypothetical_guardband_5pct,uniform_5pct_vdd_budget,1.1,False,VALIDATED
1373,g_chan[1].u_cdc_chr.mem[8][2]$_DFFE_PP_,clk_nand,11.89,8.32,0.35083176797754234,11.539168232022458,setup,guardband_5pct,hypothetical_guardband_5pct,uniform_5pct_vdd_budget,1.1,False,VALIDATED
1374,g_chan[1].u_cdc_chr.mem[5][2]$_DFFE_PP_,clk_nand,11.89,8.32,0.35083176797754234,11.539168232022458,setup,guardband_5pct,hypothetical_guardband_5pct,uniform_5pct_vdd_budget,1.1,False,VALIDATED
1375,g_chan[1].u_cdc_chr.mem[7][17]$_DFFE_PP_,clk_nand,11.89,8.32,0.35083176797754256,11.539168232022458,setup,guardband_5pct,hypothetical_guardband_5pct,uniform_5pct_vdd_budget,1.1,False,VALIDATED
1392,g_chan[1].u_cdc_chr.mem[10][0]$_DFFE_PP_,clk_nand,11.89,8.31,0.35041009517949284,11.539589904820508,setup,guardband_5pct,hypothetical_guardband_5pct,uniform_5pct_vdd_budget,1.1,False,VALIDATED
1389,g_chan[1].u_cdc_chr.mem[13][2]$_DFFE_PP_,clk_nand,11.89,8.31,0.35041009517949284,11.539589904820508,setup,guardband_5pct,hypothetical_guardband_5pct,uniform_5pct_vdd_budget,1.1,False,VALIDATED
1391,g_chan[1].u_cdc_chr.mem[15][0]$_DFFE_PP_,clk_nand,11.89,8.31,0.35041009517949284,11.539589904820508,setup,guardband_5pct,hypothetical_guardband_5pct,uniform_5pct_vdd_budget,1.1,False,VALIDATED
1408,g_chan[1].u_cdc_chr.mem[7][0]$_DFFE_PP_,clk_nand,11.89,8.31,0.35041009517949284,11.539589904820508,setup,guardband_5pct,hypothetical_guardband_5pct,uniform_5pct_vdd_budget,1.1,False,VALIDATED
1386,g_chan[1].u_cdc_chr.mem[8][0]$_DFFE_PP_,clk_nand,11.89,8.31,0.35041009517949284,11.539589904820508,setup,guardband_5pct,hypothetical_guardband_5pct,uniform_5pct_vdd_budget,1.1,False,VALIDATED
1406,g_chan[1].u_cdc_chr.mem[0][0]$_DFFE_PP_,clk_nand,11.89,8.31,0.35041009517949284,11.539589904820508,setup,guardband_5pct,hypothetical_guardband_5pct,uniform_5pct_vdd_budget,1.1,False,VALIDATED
1385,g_chan[1].u_cdc_chr.mem[9][0]$_DFFE_PP_,clk_nand,11.89,8.31,0.35041009517949284,11.539589904820508,setup,guardband_5pct,hypothetical_guardband_5pct,uniform_5pct_vdd_budget,1.1,False,VALIDATED
1381,g_chan[1].u_cdc_chr.mem[5][8]$_DFFE_PP_,clk_nand,11.89,8.31,0.35041009517949273,11.539589904820508,setup,guardband_5pct,hypothetical_guardband_5pct,uniform_5pct_vdd_budget,1.1,False,VALIDATED
1409,g_chan[1].u_cdc_chr.mem[15][29]$_DFFE_PP_,clk_nand,11.89,8.31,0.35041009517949273,11.539589904820508,setup,guardband_5pct,hypothetical_guardband_5pct,uniform_5pct_vdd_budget,1.1,False,VALIDATED
1414,g_chan[1].u_cdc_chr.mem[6][2]$_DFFE_PP_,clk_nand,11.89,8.31,0.35041009517949284,11.539589904820508,setup,guardband_5pct,hypothetical_guardband_5pct,uniform_5pct_vdd_budget,1.1,False,VALIDATED
1402,g_chan[1].u_cdc_chr.mem[1][29]$_DFFE_PP_,clk_nand,11.89,8.31,0.35041009517949273,11.539589904820508,setup,guardband_5pct,hypothetical_guardband_5pct,uniform_5pct_vdd_budget,1.1,False,VALIDATED
1415,g_chan[1].u_cdc_chr.mem[9][29]$_DFFE_PP_,clk_nand,11.89,8.31,0.35041009517949273,11.539589904820508,setup,guardband_5pct,hypothetical_guardband_5pct,uniform_5pct_vdd_budget,1.1,False,VALIDATED
1395,g_chan[1].u_cdc_chr.mem[8][8]$_DFFE_PP_,clk_nand,11.89,8.31,0.35041009517949273,11.539589904820508,setup,guardband_5pct,hypothetical_guardband_5pct,uniform_5pct_vdd_budget,1.1,False,VALIDATED
1384,g_chan[1].u_cdc_chr.mem[8][7]$_DFFE_PP_,clk_nand,11.89,8.3,0.3499884223814429,11.540011577618557,setup,guardband_5pct,hypothetical_guardband_5pct,uniform_5pct_vdd_budget,1.1,False,VALIDATED
1390,g_chan[1].u_cdc_chr.mem[4][8]$_DFFE_PP_,clk_nand,11.89,8.3,0.3499884223814429,11.540011577618557,setup,guardband_5pct,hypothetical_guardband_5pct,uniform_5pct_vdd_budget,1.1,False,VALIDATED
1421,g_chan[1].u_cdc_chr.mem[5][12]$_DFFE_PP_,clk_nand,11.9,8.32,0.35083176797754234,11.549168232022458,setup,guardband_5pct,hypothetical_guardband_5pct,uniform_5pct_vdd_budget,1.1,False,VALIDATED
1451,g_chan[1].u_cdc_chr.mem[3][0]$_DFFE_PP_,clk_nand,11.9,8.32,0.35083176797754234,11.549168232022458,setup,guardband_5pct,hypothetical_guardband_5pct,uniform_5pct_vdd_budget,1.1,False,VALIDATED
1445,g_chan[1].u_cdc_chr.mem[2][0]$_DFFE_PP_,clk_nand,11.9,8.32,0.35083176797754234,11.549168232022458,setup,guardband_5pct,hypothetical_guardband_5pct,uniform_5pct_vdd_budget,1.1,False,VALIDATED
1435,g_chan[1].u_cdc_chr.mem[6][12]$_DFFE_PP_,clk_nand,11.9,8.32,0.35083176797754234,11.549168232022458,setup,guardband_5pct,hypothetical_guardband_5pct,uniform_5pct_vdd_budget,1.1,False,VALIDATED
1423,g_chan[1].u_cdc_chr.mem[12][12]$_DFFE_PP_,clk_nand,11.9,8.32,0.35083176797754234,11.549168232022458,setup,guardband_5pct,hypothetical_guardband_5pct,uniform_5pct_vdd_budget,1.1,False,VALIDATED
1446,g_chan[1].u_cdc_chr.mem[7][29]$_DFFE_PP_,clk_nand,11.9,8.31,0.35041009517949273,11.549589904820508,setup,guardband_5pct,hypothetical_guardband_5pct,uniform_5pct_vdd_budget,1.1,False,VALIDATED
1447,g_chan[1].u_cdc_chr.mem[12][31]$_DFFE_PP_,clk_nand,11.9,8.31,0.35041009517949284,11.549589904820508,setup,guardband_5pct,hypothetical_guardband_5pct,uniform_5pct_vdd_budget,1.1,False,VALIDATED
1443,g_chan[1].u_cdc_chr.mem[8][5]$_DFFE_PP_,clk_nand,11.9,8.31,0.35041009517949273,11.549589904820508,setup,guardband_5pct,hypothetical_guardband_5pct,uniform_5pct_vdd_budget,1.1,False,VALIDATED
1444,g_chan[1].u_cdc_chr.mem[5][29]$_DFFE_PP_,clk_nand,11.9,8.31,0.35041009517949273,11.549589904820508,setup,guardband_5pct,hypothetical_guardband_5pct,uniform_5pct_vdd_budget,1.1,False,VALIDATED
1484,g_chan[1].u_cdc_chr.mem[12][23]$_DFFE_PP_,clk_nand,11.9,8.31,0.35041009517949273,11.549589904820508,setup,guardband_5pct,hypothetical_guardband_5pct,uniform_5pct_vdd_budget,1.1,False,VALIDATED
1450,g_chan[1].u_cdc_chr.mem[10][5]$_DFFE_PP_,clk_nand,11.9,8.31,0.35041009517949273,11.549589904820508,setup,guardband_5pct,hypothetical_guardband_5pct,uniform_5pct_vdd_budget,1.1,False,VALIDATED
1449,g_chan[1].u_cdc_chr.mem[0][29]$_DFFE_PP_,clk_nand,11.9,8.31,0.35041009517949273,11.549589904820508,setup,guardband_5pct,hypothetical_guardband_5pct,uniform_5pct_vdd_budget,1.1,False,VALIDATED
1448,g_chan[1].u_cdc_chr.mem[1][5]$_DFFE_PP_,clk_nand,11.9,8.31,0.35041009517949273,11.549589904820508,setup,guardband_5pct,hypothetical_guardband_5pct,uniform_5pct_vdd_budget,1.1,False,VALIDATED
1420,g_chan[1].u_cdc_chr.mem[8][29]$_DFFE_PP_,clk_nand,11.9,8.31,0.35041009517949273,11.549589904820508,setup,guardband_5pct,hypothetical_guardband_5pct,uniform_5pct_vdd_budget,1.1,False,VALIDATED
1422,g_chan[1].u_cdc_chr.mem[10][29]$_DFFE_PP_,clk_nand,11.9,8.31,0.35041009517949273,11.549589904820508,setup,guardband_5pct,hypothetical_guardband_5pct,uniform_5pct_vdd_budget,1.1,False,VALIDATED
1486,g_chan[1].u_cdc_chr.mem[6][8]$_DFFE_PP_,clk_nand,11.9,8.31,0.35041009517949273,11.549589904820508,setup,guardband_5pct,hypothetical_guardband_5pct,uniform_5pct_vdd_budget,1.1,False,VALIDATED
1485,g_chan[1].u_cdc_chr.mem[14][8]$_DFFE_PP_,clk_nand,11.9,8.31,0.35041009517949273,11.549589904820508,setup,guardband_5pct,hypothetical_guardband_5pct,uniform_5pct_vdd_budget,1.1,False,VALIDATED
1436,g_chan[1].u_cdc_chr.mem[9][5]$_DFFE_PP_,clk_nand,11.9,8.31,0.35041009517949273,11.549589904820508,setup,guardband_5pct,hypothetical_guardband_5pct,uniform_5pct_vdd_budget,1.1,False,VALIDATED
1419,g_chan[1].u_cdc_chr.mem[11][29]$_DFFE_PP_,clk_nand,11.9,8.31,0.35041009517949273,11.549589904820508,setup,guardband_5pct,hypothetical_guardband_5pct,uniform_5pct_vdd_budget,1.1,False,VALIDATED
1433,g_chan[1].u_cdc_chr.mem[4][29]$_DFFE_PP_,clk_nand,11.9,8.31,0.35041009517949273,11.549589904820508,setup,guardband_5pct,hypothetical_guardband_5pct,uniform_5pct_vdd_budget,1.1,False,VALIDATED
1432,g_chan[1].u_cdc_chr.mem[7][5]$_DFFE_PP_,clk_nand,11.9,8.31,0.35041009517949273,11.549589904820508,setup,guardband_5pct,hypothetical_guardband_5pct,uniform_5pct_vdd_budget,1.1,False,VALIDATED
1430,g_chan[1].u_cdc_chr.mem[10][26]$_DFFE_PP_,clk_nand,11.9,8.31,0.35041009517949273,11.549589904820508,setup,guardband_5pct,hypothetical_guardband_5pct,uniform_5pct_vdd_budget,1.1,False,VALIDATED
1431,g_chan[1].u_cdc_chr.mem[4][31]$_DFFE_PP_,clk_nand,11.9,8.31,0.35041009517949284,11.549589904820508,setup,guardband_5pct,hypothetical_guardband_5pct,uniform_5pct_vdd_budget,1.1,False,VALIDATED
1429,g_chan[1].u_cdc_chr.mem[2][29]$_DFFE_PP_,clk_nand,11.9,8.31,0.35041009517949273,11.549589904820508,setup,guardband_5pct,hypothetical_guardband_5pct,uniform_5pct_vdd_budget,1.1,False,VALIDATED
1428,g_chan[1].u_cdc_chr.mem[3][29]$_DFFE_PP_,clk_nand,11.9,8.31,0.35041009517949273,11.549589904820508,setup,guardband_5pct,hypothetical_guardband_5pct,uniform_5pct_vdd_budget,1.1,False,VALIDATED
1456,g_chan[1].u_cdc_chr.mem[4][5]$_DFFE_PP_,clk_nand,11.9,8.31,0.35041009517949273,11.549589904820508,setup,guardband_5pct,hypothetical_guardband_5pct,uniform_5pct_vdd_budget,1.1,False,VALIDATED
1427,g_chan[1].u_cdc_chr.mem[8][26]$_DFFE_PP_,clk_nand,11.9,8.31,0.35041009517949273,11.549589904820508,setup,guardband_5pct,hypothetical_guardband_5pct,uniform_5pct_vdd_budget,1.1,False,VALIDATED
1426,g_chan[1].u_cdc_chr.mem[14][2]$_DFFE_PP_,clk_nand,11.9,8.31,0.35041009517949284,11.549589904820508,setup,guardband_5pct,hypothetical_guardband_5pct,uniform_5pct_vdd_budget,1.1,False,VALIDATED
1425,g_chan[1].u_cdc_chr.mem[12][29]$_DFFE_PP_,clk_nand,11.9,8.31,0.35041009517949273,11.549589904820508,setup,guardband_5pct,hypothetical_guardband_5pct,uniform_5pct_vdd_budget,1.1,False,VALIDATED
1454,g_chan[1].u_cdc_chr.mem[5][5]$_DFFE_PP_,clk_nand,11.9,8.31,0.35041009517949273,11.549589904820508,setup,guardband_5pct,hypothetical_guardband_5pct,uniform_5pct_vdd_budget,1.1,False,VALIDATED
1455,g_chan[1].u_cdc_chr.mem[15][5]$_DFFE_PP_,clk_nand,11.9,8.31,0.35041009517949273,11.549589904820508,setup,guardband_5pct,hypothetical_guardband_5pct,uniform_5pct_vdd_budget,1.1,False,VALIDATED
1453,g_chan[1].u_cdc_chr.mem[6][29]$_DFFE_PP_,clk_nand,11.9,8.31,0.35041009517949273,11.549589904820508,setup,guardband_5pct,hypothetical_guardband_5pct,uniform_5pct_vdd_budget,1.1,False,VALIDATED
1452,g_chan[1].u_cdc_chr.mem[2][5]$_DFFE_PP_,clk_nand,11.9,8.31,0.35041009517949273,11.549589904820508,setup,guardband_5pct,hypothetical_guardband_5pct,uniform_5pct_vdd_budget,1.1,False,VALIDATED
1437,g_chan[1].u_cdc_chr.mem[14][29]$_DFFE_PP_,clk_nand,11.9,8.31,0.35041009517949273,11.549589904820508,setup,guardband_5pct,hypothetical_guardband_5pct,uniform_5pct_vdd_budget,1.1,False,VALIDATED
1424,g_chan[1].u_cdc_chr.mem[7][2]$_DFFE_PP_,clk_nand,11.9,8.31,0.35041009517949284,11.549589904820508,setup,guardband_5pct,hypothetical_guardband_5pct,uniform_5pct_vdd_budget,1.1,False,VALIDATED
1418,g_chan[1].u_cdc_chr.mem[13][31]$_DFFE_PP_,clk_nand,11.9,8.31,0.35041009517949284,11.549589904820508,setup,guardband_5pct,hypothetical_guardband_5pct,uniform_5pct_vdd_budget,1.1,False,VALIDATED
1417,g_chan[1].u_cdc_chr.mem[11][26]$_DFFE_PP_,clk_nand,11.9,8.31,0.35041009517949273,11.549589904820508,setup,guardband_5pct,hypothetical_guardband_5pct,uniform_5pct_vdd_budget,1.1,False,VALIDATED
1416,g_chan[1].u_cdc_chr.mem[0][26]$_DFFE_PP_,clk_nand,11.9,8.31,0.35041009517949273,11.549589904820508,setup,guardband_5pct,hypothetical_guardband_5pct,uniform_5pct_vdd_budget,1.1,False,VALIDATED
1438,g_chan[1].u_cdc_chr.mem[9][26]$_DFFE_PP_,clk_nand,11.9,8.31,0.35041009517949273,11.549589904820508,setup,guardband_5pct,hypothetical_guardband_5pct,uniform_5pct_vdd_budget,1.1,False,VALIDATED
1439,g_chan[1].u_cdc_chr.mem[0][5]$_DFFE_PP_,clk_nand,11.9,8.31,0.35041009517949273,11.549589904820508,setup,guardband_5pct,hypothetical_guardband_5pct,uniform_5pct_vdd_budget,1.1,False,VALIDATED
1440,g_chan[1].u_cdc_chr.mem[13][29]$_DFFE_PP_,clk_nand,11.9,8.31,0.35041009517949273,11.549589904820508,setup,guardband_5pct,hypothetical_guardband_5pct,uniform_5pct_vdd_budget,1.1,False,VALIDATED
1472,g_chan[1].u_cdc_chr.mem[2][31]$_DFFE_PP_,clk_nand,11.9,8.31,0.35041009517949284,11.549589904820508,setup,guardband_5pct,hypothetical_guardband_5pct,uniform_5pct_vdd_budget,1.1,False,VALIDATED
1471,g_chan[1].u_cdc_chr.mem[8][31]$_DFFE_PP_,clk_nand,11.9,8.31,0.35041009517949284,11.549589904820508,setup,guardband_5pct,hypothetical_guardband_5pct,uniform_5pct_vdd_budget,1.1,False,VALIDATED
1442,g_chan[1].u_cdc_chr.mem[3][5]$_DFFE_PP_,clk_nand,11.9,8.31,0.35041009517949273,11.549589904820508,setup,guardband_5pct,hypothetical_guardband_5pct,uniform_5pct_vdd_budget,1.1,False,VALIDATED
1441,g_chan[1].u_cdc_chr.mem[6][5]$_DFFE_PP_,clk_nand,11.9,8.31,0.35041009517949273,11.549589904820508,setup,guardband_5pct,hypothetical_guardband_5pct,uniform_5pct_vdd_budget,1.1,False,VALIDATED
1470,g_chan[1].u_cdc_chr.mem[6][26]$_DFFE_PP_,clk_nand,11.9,8.31,0.35041009517949273,11.549589904820508,setup,guardband_5pct,hypothetical_guardband_5pct,uniform_5pct_vdd_budget,1.1,False,VALIDATED
1469,g_chan[1].u_cdc_chr.mem[15][31]$_DFFE_PP_,clk_nand,11.9,8.31,0.35041009517949284,11.549589904820508,setup,guardband_5pct,hypothetical_guardband_5pct,uniform_5pct_vdd_budget,1.1,False,VALIDATED
1434,g_chan[1].u_cdc_chr.mem[1][26]$_DFFE_PP_,clk_nand,11.9,8.31,0.35041009517949273,11.549589904820508,setup,guardband_5pct,hypothetical_guardband_5pct,uniform_5pct_vdd_budget,1.1,False,VALIDATED
1468,g_chan[1].u_cdc_chr.mem[0][31]$_DFFE_PP_,clk_nand,11.9,8.31,0.35041009517949284,11.549589904820508,setup,guardband_5pct,hypothetical_guardband_5pct,uniform_5pct_vdd_budget,1.1,False,VALIDATED
1465,g_chan[1].u_cdc_chr.mem[1][31]$_DFFE_PP_,clk_nand,11.9,8.31,0.35041009517949284,11.549589904820508,setup,guardband_5pct,hypothetical_guardband_5pct,uniform_5pct_vdd_budget,1.1,False,VALIDATED
1462,g_chan[1].u_cdc_chr.mem[14][5]$_DFFE_PP_,clk_nand,11.9,8.31,0.35041009517949273,11.549589904820508,setup,guardband_5pct,hypothetical_guardband_5pct,uniform_5pct_vdd_budget,1.1,False,VALIDATED
1487,g_chan[1].u_cdc_chr.mem[13][26]$_DFFE_PP_,clk_nand,11.9,8.31,0.35041009517949273,11.549589904820508,setup,guardband_5pct,hypothetical_guardband_5pct,uniform_5pct_vdd_budget,1.1,False,VALIDATED
1457,g_chan[1].u_cdc_chr.mem[11][5]$_DFFE_PP_,clk_nand,11.9,8.31,0.35041009517949273,11.549589904820508,setup,guardband_5pct,hypothetical_guardband_5pct,uniform_5pct_vdd_budget,1.1,False,VALIDATED
1459,g_chan[1].u_cdc_chr.mem[12][5]$_DFFE_PP_,clk_nand,11.9,8.31,0.35041009517949273,11.549589904820508,setup,guardband_5pct,hypothetical_guardband_5pct,uniform_5pct_vdd_budget,1.1,False,VALIDATED
1458,g_chan[1].u_cdc_chr.mem[9][31]$_DFFE_PP_,clk_nand,11.9,8.31,0.35041009517949284,11.549589904820508,setup,guardband_5pct,hypothetical_guardband_5pct,uniform_5pct_vdd_budget,1.1,False,VALIDATED
1460,g_chan[1].u_cdc_chr.mem[4][26]$_DFFE_PP_,clk_nand,11.9,8.31,0.35041009517949273,11.549589904820508,setup,guardband_5pct,hypothetical_guardband_5pct,uniform_5pct_vdd_budget,1.1,False,VALIDATED
1461,g_chan[1].u_cdc_chr.mem[13][5]$_DFFE_PP_,clk_nand,11.9,8.31,0.35041009517949273,11.549589904820508,setup,guardband_5pct,hypothetical_guardband_5pct,uniform_5pct_vdd_budget,1.1,False,VALIDATED
1467,g_chan[1].u_cdc_chr.mem[14][31]$_DFFE_PP_,clk_nand,11.9,8.31,0.35041009517949284,11.549589904820508,setup,guardband_5pct,hypothetical_guardband_5pct,uniform_5pct_vdd_budget,1.1,False,VALIDATED
1466,g_chan[1].u_cdc_chr.mem[2][26]$_DFFE_PP_,clk_nand,11.9,8.31,0.35041009517949273,11.549589904820508,setup,guardband_5pct,hypothetical_guardband_5pct,uniform_5pct_vdd_budget,1.1,False,VALIDATED
1463,g_chan[1].u_cdc_chr.mem[3][26]$_DFFE_PP_,clk_nand,11.9,8.31,0.35041009517949273,11.549589904820508,setup,guardband_5pct,hypothetical_guardband_5pct,uniform_5pct_vdd_budget,1.1,False,VALIDATED
1464,g_chan[1].u_cdc_chr.mem[7][26]$_DFFE_PP_,clk_nand,11.9,8.31,0.35041009517949273,11.549589904820508,setup,guardband_5pct,hypothetical_guardband_5pct,uniform_5pct_vdd_budget,1.1,False,VALIDATED
1500,g_chan[1].u_cdc_chr.mem[15][23]$_DFFE_PP_,clk_nand,11.9,8.31,0.35041009517949273,11.549589904820508,setup,guardband_5pct,hypothetical_guardband_5pct,uniform_5pct_vdd_budget,1.1,False,VALIDATED
1493,g_chan[1].u_cdc_chr.mem[10][31]$_DFFE_PP_,clk_nand,11.9,8.31,0.35041009517949284,11.549589904820508,setup,guardband_5pct,hypothetical_guardband_5pct,uniform_5pct_vdd_budget,1.1,False,VALIDATED
1491,g_chan[1].u_cdc_chr.mem[11][31]$_DFFE_PP_,clk_nand,11.9,8.31,0.35041009517949284,11.549589904820508,setup,guardband_5pct,hypothetical_guardband_5pct,uniform_5pct_vdd_budget,1.1,False,VALIDATED
1495,g_chan[1].u_cdc_chr.mem[7][8]$_DFFE_PP_,clk_nand,11.9,8.31,0.35041009517949273,11.549589904820508,setup,guardband_5pct,hypothetical_guardband_5pct,uniform_5pct_vdd_budget,1.1,False,VALIDATED
1517,g_chan[1].u_cdc_chr.mem[5][23]$_DFFE_PP_,clk_nand,11.9,8.31,0.35041009517949273,11.549589904820508,setup,guardband_5pct,hypothetical_guardband_5pct,uniform_5pct_vdd_budget,1.1,False,VALIDATED
1516,g_chan[1].u_cdc_chr.mem[6][23]$_DFFE_PP_,clk_nand,11.9,8.31,0.35041009517949273,11.549589904820508,setup,guardband_5pct,hypothetical_guardband_5pct,uniform_5pct_vdd_budget,1.1,False,VALIDATED
1482,g_chan[1].u_cdc_chr.mem[13][23]$_DFFE_PP_,clk_nand,11.9,8.31,0.35041009517949273,11.549589904820508,setup,guardband_5pct,hypothetical_guardband_5pct,uniform_5pct_vdd_budget,1.1,False,VALIDATED
1481,g_chan[1].u_cdc_chr.mem[2][16]$_DFFE_PP_,clk_nand,11.9,8.31,0.35041009517949273,11.549589904820508,setup,guardband_5pct,hypothetical_guardband_5pct,uniform_5pct_vdd_budget,1.1,False,VALIDATED
1480,g_chan[1].u_cdc_chr.mem[1][16]$_DFFE_PP_,clk_nand,11.9,8.31,0.35041009517949273,11.549589904820508,setup,guardband_5pct,hypothetical_guardband_5pct,uniform_5pct_vdd_budget,1.1,False,VALIDATED
1479,g_chan[1].u_cdc_chr.mem[3][16]$_DFFE_PP_,clk_nand,11.9,8.31,0.35041009517949273,11.549589904820508,setup,guardband_5pct,hypothetical_guardband_5pct,uniform_5pct_vdd_budget,1.1,False,VALIDATED
1478,g_chan[1].u_cdc_chr.mem[0][16]$_DFFE_PP_,clk_nand,11.9,8.31,0.35041009517949273,11.549589904820508,setup,guardband_5pct,hypothetical_guardband_5pct,uniform_5pct_vdd_budget,1.1,False,VALIDATED
1477,g_chan[1].u_cdc_chr.mem[3][31]$_DFFE_PP_,clk_nand,11.9,8.31,0.35041009517949284,11.549589904820508,setup,guardband_5pct,hypothetical_guardband_5pct,uniform_5pct_vdd_budget,1.1,False,VALIDATED
1476,g_chan[1].u_cdc_chr.mem[14][26]$_DFFE_PP_,clk_nand,11.9,8.31,0.35041009517949273,11.549589904820508,setup,guardband_5pct,hypothetical_guardband_5pct,uniform_5pct_vdd_budget,1.1,False,VALIDATED
1475,g_chan[1].u_cdc_chr.mem[15][26]$_DFFE_PP_,clk_nand,11.9,8.31,0.35041009517949273,11.549589904820508,setup,guardband_5pct,hypothetical_guardband_5pct,uniform_5pct_vdd_budget,1.1,False,VALIDATED
1474,g_chan[1].u_cdc_chr.mem[5][26]$_DFFE_PP_,clk_nand,11.9,8.31,0.35041009517949273,11.549589904820508,setup,guardband_5pct,hypothetical_guardband_5pct,uniform_5pct_vdd_budget,1.1,False,VALIDATED
1473,g_chan[1].u_cdc_chr.mem[12][26]$_DFFE_PP_,clk_nand,11.9,8.31,0.35041009517949273,11.549589904820508,setup,guardband_5pct,hypothetical_guardband_5pct,uniform_5pct_vdd_budget,1.1,False,VALIDATED
1504,g_chan[1].u_cdc_chr.mem[1][23]$_DFFE_PP_,clk_nand,11.9,8.31,0.35041009517949273,11.549589904820508,setup,guardband_5pct,hypothetical_guardband_5pct,uniform_5pct_vdd_budget,1.1,False,VALIDATED
1503,g_chan[1].u_cdc_chr.mem[11][23]$_DFFE_PP_,clk_nand,11.9,8.31,0.35041009517949273,11.549589904820508,setup,guardband_5pct,hypothetical_guardband_5pct,uniform_5pct_vdd_budget,1.1,False,VALIDATED
1502,g_chan[1].u_cdc_chr.mem[7][31]$_DFFE_PP_,clk_nand,11.9,8.31,0.35041009517949284,11.549589904820508,setup,guardband_5pct,hypothetical_guardband_5pct,uniform_5pct_vdd_budget,1.1,False,VALIDATED
1501,g_chan[1].u_cdc_chr.mem[14][23]$_DFFE_PP_,clk_nand,11.9,8.31,0.35041009517949273,11.549589904820508,setup,guardband_5pct,hypothetical_guardband_5pct,uniform_5pct_vdd_budget,1.1,False,VALIDATED
1515,g_chan[1].u_cdc_chr.mem[4][23]$_DFFE_PP_,clk_nand,11.9,8.31,0.35041009517949273,11.549589904820508,setup,guardband_5pct,hypothetical_guardband_5pct,uniform_5pct_vdd_budget,1.1,False,VALIDATED
1514,g_chan[1].u_cdc_chr.mem[9][23]$_DFFE_PP_,clk_nand,11.9,8.31,0.35041009517949273,11.549589904820508,setup,guardband_5pct,hypothetical_guardband_5pct,uniform_5pct_vdd_budget,1.1,False,VALIDATED
1505,g_chan[1].u_cdc_chr.mem[6][31]$_DFFE_PP_,clk_nand,11.9,8.31,0.35041009517949284,11.549589904820508,setup,guardband_5pct,hypothetical_guardband_5pct,uniform_5pct_vdd_budget,1.1,False,VALIDATED
1508,g_chan[1].u_cdc_chr.mem[8][23]$_DFFE_PP_,clk_nand,11.9,8.31,0.35041009517949273,11.549589904820508,setup,guardband_5pct,hypothetical_guardband_5pct,uniform_5pct_vdd_budget,1.1,False,VALIDATED
1506,g_chan[1].u_cdc_chr.mem[3][23]$_DFFE_PP_,clk_nand,11.9,8.31,0.35041009517949273,11.549589904820508,setup,guardband_5pct,hypothetical_guardband_5pct,uniform_5pct_vdd_budget,1.1,False,VALIDATED
1511,g_chan[1].u_cdc_chr.mem[7][23]$_DFFE_PP_,clk_nand,11.9,8.31,0.35041009517949273,11.549589904820508,setup,guardband_5pct,hypothetical_guardband_5pct,uniform_5pct_vdd_budget,1.1,False,VALIDATED
1510,g_chan[1].u_cdc_chr.mem[5][31]$_DFFE_PP_,clk_nand,11.9,8.31,0.35041009517949284,11.549589904820508,setup,guardband_5pct,hypothetical_guardband_5pct,uniform_5pct_vdd_budget,1.1,False,VALIDATED
1509,g_chan[1].u_cdc_chr.mem[0][23]$_DFFE_PP_,clk_nand,11.9,8.31,0.35041009517949273,11.549589904820508,setup,guardband_5pct,hypothetical_guardband_5pct,uniform_5pct_vdd_budget,1.1,False,VALIDATED
1512,g_chan[1].u_cdc_chr.mem[2][23]$_DFFE_PP_,clk_nand,11.9,8.31,0.35041009517949273,11.549589904820508,setup,guardband_5pct,hypothetical_guardband_5pct,uniform_5pct_vdd_budget,1.1,False,VALIDATED
1513,g_chan[1].u_cdc_chr.mem[10][23]$_DFFE_PP_,clk_nand,11.9,8.31,0.35041009517949273,11.549589904820508,setup,guardband_5pct,hypothetical_guardband_5pct,uniform_5pct_vdd_budget,1.1,False,VALIDATED
1494,g_chan[1].u_cdc_chr.mem[15][8]$_DFFE_PP_,clk_nand,11.9,8.3,0.3499884223814429,11.550011577618557,setup,guardband_5pct,hypothetical_guardband_5pct,uniform_5pct_vdd_budget,1.1,False,VALIDATED
1492,g_chan[1].u_cdc_chr.mem[12][16]$_DFFE_PP_,clk_nand,11.9,8.3,0.3499884223814429,11.550011577618557,setup,guardband_5pct,hypothetical_guardband_5pct,uniform_5pct_vdd_budget,1.1,False,VALIDATED
1483,g_chan[1].u_cdc_chr.mem[13][8]$_DFFE_PP_,clk_nand,11.9,8.3,0.3499884223814429,11.550011577618557,setup,guardband_5pct,hypothetical_guardband_5pct,uniform_5pct_vdd_budget,1.1,False,VALIDATED
1488,g_chan[1].u_cdc_chr.mem[5][16]$_DFFE_PP_,clk_nand,11.9,8.3,0.3499884223814429,11.550011577618557,setup,guardband_5pct,hypothetical_guardband_5pct,uniform_5pct_vdd_budget,1.1,False,VALIDATED
1489,g_chan[1].u_cdc_chr.mem[14][16]$_DFFE_PP_,clk_nand,11.9,8.3,0.3499884223814429,11.550011577618557,setup,guardband_5pct,hypothetical_guardband_5pct,uniform_5pct_vdd_budget,1.1,False,VALIDATED
1490,g_chan[1].u_cdc_chr.mem[12][8]$_DFFE_PP_,clk_nand,11.9,8.3,0.3499884223814429,11.550011577618557,setup,guardband_5pct,hypothetical_guardband_5pct,uniform_5pct_vdd_budget,1.1,False,VALIDATED
1497,g_chan[1].u_cdc_chr.mem[7][16]$_DFFE_PP_,clk_nand,11.9,8.3,0.3499884223814429,11.550011577618557,setup,guardband_5pct,hypothetical_guardband_5pct,uniform_5pct_vdd_budget,1.1,False,VALIDATED
1498,g_chan[1].u_cdc_chr.mem[15][16]$_DFFE_PP_,clk_nand,11.9,8.3,0.3499884223814429,11.550011577618557,setup,guardband_5pct,hypothetical_guardband_5pct,uniform_5pct_vdd_budget,1.1,False,VALIDATED
1499,g_chan[1].u_cdc_chr.mem[4][16]$_DFFE_PP_,clk_nand,11.9,8.3,0.3499884223814429,11.550011577618557,setup,guardband_5pct,hypothetical_guardband_5pct,uniform_5pct_vdd_budget,1.1,False,VALIDATED
1496,g_chan[1].u_cdc_chr.mem[13][16]$_DFFE_PP_,clk_nand,11.9,8.3,0.3499884223814429,11.550011577618557,setup,guardband_5pct,hypothetical_guardband_5pct,uniform_5pct_vdd_budget,1.1,False,VALIDATED
1507,g_chan[1].u_cdc_chr.mem[6][16]$_DFFE_PP_,clk_nand,11.9,8.3,0.3499884223814429,11.550011577618557,setup,guardband_5pct,hypothetical_guardband_5pct,uniform_5pct_vdd_budget,1.1,False,VALIDATED
1201,nand_dq_oe[0],clk_nand,11.57,0.43,0.018131930316147085,11.551868069683854,setup,guardband_5pct,hypothetical_guardband_5pct,uniform_5pct_vdd_budget,1.1,False,VALIDATED
1519,g_chan[1].u_cdc_chr.mem[9][27]$_DFFE_PP_,clk_nand,11.91,8.31,0.35041009517949273,11.559589904820507,setup,guardband_5pct,hypothetical_guardband_5pct,uniform_5pct_vdd_budget,1.1,False,VALIDATED
1532,g_chan[1].u_cdc_chr.mem[10][27]$_DFFE_PP_,clk_nand,11.91,8.3,0.3499884223814429,11.560011577618557,setup,guardband_5pct,hypothetical_guardband_5pct,uniform_5pct_vdd_budget,1.1,False,VALIDATED
1577,g_chan[1].u_cdc_chr.mem[10][15]$_DFFE_PP_,clk_nand,11.91,8.3,0.3499884223814429,11.560011577618557,setup,guardband_5pct,hypothetical_guardband_5pct,uniform_5pct_vdd_budget,1.1,False,VALIDATED
1586,g_chan[1].u_cdc_chr.mem[2][10]$_DFFE_PP_,clk_nand,11.91,8.3,0.3499884223814429,11.560011577618557,setup,guardband_5pct,hypothetical_guardband_5pct,uniform_5pct_vdd_budget,1.1,False,VALIDATED
1572,g_chan[1].u_cdc_chr.mem[11][15]$_DFFE_PP_,clk_nand,11.91,8.3,0.3499884223814429,11.560011577618557,setup,guardband_5pct,hypothetical_guardband_5pct,uniform_5pct_vdd_budget,1.1,False,VALIDATED
1576,g_chan[1].u_cdc_chr.mem[9][7]$_DFFE_PP_,clk_nand,11.91,8.3,0.3499884223814429,11.560011577618557,setup,guardband_5pct,hypothetical_guardband_5pct,uniform_5pct_vdd_budget,1.1,False,VALIDATED
1579,g_chan[1].u_cdc_chr.mem[15][15]$_DFFE_PP_,clk_nand,11.91,8.3,0.3499884223814429,11.560011577618557,setup,guardband_5pct,hypothetical_guardband_5pct,uniform_5pct_vdd_budget,1.1,False,VALIDATED
1578,g_chan[1].u_cdc_chr.mem[14][15]$_DFFE_PP_,clk_nand,11.91,8.3,0.3499884223814429,11.560011577618557,setup,guardband_5pct,hypothetical_guardband_5pct,uniform_5pct_vdd_budget,1.1,False,VALIDATED
1585,g_chan[1].u_cdc_chr.mem[11][10]$_DFFE_PP_,clk_nand,11.91,8.3,0.3499884223814429,11.560011577618557,setup,guardband_5pct,hypothetical_guardband_5pct,uniform_5pct_vdd_budget,1.1,False,VALIDATED
1569,g_chan[1].u_cdc_chr.mem[1][15]$_DFFE_PP_,clk_nand,11.91,8.3,0.3499884223814429,11.560011577618557,setup,guardband_5pct,hypothetical_guardband_5pct,uniform_5pct_vdd_budget,1.1,False,VALIDATED
1581,g_chan[1].u_cdc_chr.mem[0][15]$_DFFE_PP_,clk_nand,11.91,8.3,0.3499884223814429,11.560011577618557,setup,guardband_5pct,hypothetical_guardband_5pct,uniform_5pct_vdd_budget,1.1,False,VALIDATED
1566,g_chan[1].u_cdc_chr.mem[15][7]$_DFFE_PP_,clk_nand,11.91,8.3,0.3499884223814429,11.560011577618557,setup,guardband_5pct,hypothetical_guardband_5pct,uniform_5pct_vdd_budget,1.1,False,VALIDATED
1567,g_chan[1].u_cdc_chr.mem[11][7]$_DFFE_PP_,clk_nand,11.91,8.3,0.3499884223814429,11.560011577618557,setup,guardband_5pct,hypothetical_guardband_5pct,uniform_5pct_vdd_budget,1.1,False,VALIDATED
1568,g_chan[1].u_cdc_chr.mem[10][7]$_DFFE_PP_,clk_nand,11.91,8.3,0.3499884223814429,11.560011577618557,setup,guardband_5pct,hypothetical_guardband_5pct,uniform_5pct_vdd_budget,1.1,False,VALIDATED
1537,g_chan[1].u_cdc_chr.mem[9][4]$_DFFE_PP_,clk_nand,11.91,8.3,0.3499884223814429,11.560011577618557,setup,guardband_5pct,hypothetical_guardband_5pct,uniform_5pct_vdd_budget,1.1,False,VALIDATED
1538,g_chan[1].u_cdc_chr.mem[11][4]$_DFFE_PP_,clk_nand,11.91,8.3,0.3499884223814429,11.560011577618557,setup,guardband_5pct,hypothetical_guardband_5pct,uniform_5pct_vdd_budget,1.1,False,VALIDATED
1539,g_chan[1].u_cdc_chr.mem[0][7]$_DFFE_PP_,clk_nand,11.91,8.3,0.3499884223814429,11.560011577618557,setup,guardband_5pct,hypothetical_guardband_5pct,uniform_5pct_vdd_budget,1.1,False,VALIDATED
1540,g_chan[1].u_cdc_chr.mem[4][27]$_DFFE_PP_,clk_nand,11.91,8.3,0.3499884223814429,11.560011577618557,setup,guardband_5pct,hypothetical_guardband_5pct,uniform_5pct_vdd_budget,1.1,False,VALIDATED
1541,g_chan[1].u_cdc_chr.mem[2][4]$_DFFE_PP_,clk_nand,11.91,8.3,0.3499884223814429,11.560011577618557,setup,guardband_5pct,hypothetical_guardband_5pct,uniform_5pct_vdd_budget,1.1,False,VALIDATED
1542,g_chan[1].u_cdc_chr.mem[6][4]$_DFFE_PP_,clk_nand,11.91,8.3,0.3499884223814429,11.560011577618557,setup,guardband_5pct,hypothetical_guardband_5pct,uniform_5pct_vdd_budget,1.1,False,VALIDATED
1543,g_chan[1].u_cdc_chr.mem[5][4]$_DFFE_PP_,clk_nand,11.91,8.3,0.3499884223814429,11.560011577618557,setup,guardband_5pct,hypothetical_guardband_5pct,uniform_5pct_vdd_budget,1.1,False,VALIDATED
1544,g_chan[1].u_cdc_chr.mem[8][15]$_DFFE_PP_,clk_nand,11.91,8.3,0.3499884223814429,11.560011577618557,setup,guardband_5pct,hypothetical_guardband_5pct,uniform_5pct_vdd_budget,1.1,False,VALIDATED
1545,g_chan[1].u_cdc_chr.mem[3][4]$_DFFE_PP_,clk_nand,11.91,8.3,0.3499884223814429,11.560011577618557,setup,guardband_5pct,hypothetical_guardband_5pct,uniform_5pct_vdd_budget,1.1,False,VALIDATED
1546,g_chan[1].u_cdc_chr.mem[6][27]$_DFFE_PP_,clk_nand,11.91,8.3,0.3499884223814429,11.560011577618557,setup,guardband_5pct,hypothetical_guardband_5pct,uniform_5pct_vdd_budget,1.1,False,VALIDATED
1547,g_chan[1].u_cdc_chr.mem[13][7]$_DFFE_PP_,clk_nand,11.91,8.3,0.3499884223814429,11.560011577618557,setup,guardband_5pct,hypothetical_guardband_5pct,uniform_5pct_vdd_budget,1.1,False,VALIDATED
1580,g_chan[1].u_cdc_chr.mem[7][15]$_DFFE_PP_,clk_nand,11.91,8.3,0.3499884223814429,11.560011577618557,setup,guardband_5pct,hypothetical_guardband_5pct,uniform_5pct_vdd_budget,1.1,False,VALIDATED
1558,g_chan[1].u_cdc_chr.mem[2][27]$_DFFE_PP_,clk_nand,11.91,8.3,0.3499884223814429,11.560011577618557,setup,guardband_5pct,hypothetical_guardband_5pct,uniform_5pct_vdd_budget,1.1,False,VALIDATED
1582,g_chan[1].u_cdc_chr.mem[10][10]$_DFFE_PP_,clk_nand,11.91,8.3,0.3499884223814429,11.560011577618557,setup,guardband_5pct,hypothetical_guardband_5pct,uniform_5pct_vdd_budget,1.1,False,VALIDATED
1583,g_chan[1].u_cdc_chr.mem[13][15]$_DFFE_PP_,clk_nand,11.91,8.3,0.3499884223814429,11.560011577618557,setup,guardband_5pct,hypothetical_guardband_5pct,uniform_5pct_vdd_budget,1.1,False,VALIDATED
1584,g_chan[1].u_cdc_chr.mem[3][15]$_DFFE_PP_,clk_nand,11.91,8.3,0.3499884223814429,11.560011577618557,setup,guardband_5pct,hypothetical_guardband_5pct,uniform_5pct_vdd_budget,1.1,False,VALIDATED
1553,g_chan[1].u_cdc_chr.mem[9][15]$_DFFE_PP_,clk_nand,11.91,8.3,0.3499884223814429,11.560011577618557,setup,guardband_5pct,hypothetical_guardband_5pct,uniform_5pct_vdd_budget,1.1,False,VALIDATED
1554,g_chan[1].u_cdc_chr.mem[3][7]$_DFFE_PP_,clk_nand,11.91,8.3,0.3499884223814429,11.560011577618557,setup,guardband_5pct,hypothetical_guardband_5pct,uniform_5pct_vdd_budget,1.1,False,VALIDATED
1555,g_chan[1].u_cdc_chr.mem[3][27]$_DFFE_PP_,clk_nand,11.91,8.3,0.3499884223814429,11.560011577618557,setup,guardband_5pct,hypothetical_guardband_5pct,uniform_5pct_vdd_budget,1.1,False,VALIDATED
1556,g_chan[1].u_cdc_chr.mem[14][7]$_DFFE_PP_,clk_nand,11.91,8.3,0.3499884223814429,11.560011577618557,setup,guardband_5pct,hypothetical_guardband_5pct,uniform_5pct_vdd_budget,1.1,False,VALIDATED
1562,g_chan[1].u_cdc_chr.mem[2][7]$_DFFE_PP_,clk_nand,11.91,8.3,0.3499884223814429,11.560011577618557,setup,guardband_5pct,hypothetical_guardband_5pct,uniform_5pct_vdd_budget,1.1,False,VALIDATED
1559,g_chan[1].u_cdc_chr.mem[5][7]$_DFFE_PP_,clk_nand,11.91,8.3,0.3499884223814429,11.560011577618557,setup,guardband_5pct,hypothetical_guardband_5pct,uniform_5pct_vdd_budget,1.1,False,VALIDATED
1560,g_chan[1].u_cdc_chr.mem[0][4]$_DFFE_PP_,clk_nand,11.91,8.3,0.3499884223814429,11.560011577618557,setup,guardband_5pct,hypothetical_guardband_5pct,uniform_5pct_vdd_budget,1.1,False,VALIDATED
1561,g_chan[1].u_cdc_chr.mem[6][7]$_DFFE_PP_,clk_nand,11.91,8.3,0.3499884223814429,11.560011577618557,setup,guardband_5pct,hypothetical_guardband_5pct,uniform_5pct_vdd_budget,1.1,False,VALIDATED
1531,g_chan[1].u_cdc_chr.mem[14][27]$_DFFE_PP_,clk_nand,11.91,8.3,0.3499884223814429,11.560011577618557,setup,guardband_5pct,hypothetical_guardband_5pct,uniform_5pct_vdd_budget,1.1,False,VALIDATED
1530,g_chan[1].u_cdc_chr.mem[8][27]$_DFFE_PP_,clk_nand,11.91,8.3,0.3499884223814429,11.560011577618557,setup,guardband_5pct,hypothetical_guardband_5pct,uniform_5pct_vdd_budget,1.1,False,VALIDATED
1564,g_chan[1].u_cdc_chr.mem[1][4]$_DFFE_PP_,clk_nand,11.91,8.3,0.3499884223814429,11.560011577618557,setup,guardband_5pct,hypothetical_guardband_5pct,uniform_5pct_vdd_budget,1.1,False,VALIDATED
1565,g_chan[1].u_cdc_chr.mem[1][7]$_DFFE_PP_,clk_nand,11.91,8.3,0.3499884223814429,11.560011577618557,setup,guardband_5pct,hypothetical_guardband_5pct,uniform_5pct_vdd_budget,1.1,False,VALIDATED
1549,g_chan[1].u_cdc_chr.mem[4][7]$_DFFE_PP_,clk_nand,11.91,8.3,0.3499884223814429,11.560011577618557,setup,guardband_5pct,hypothetical_guardband_5pct,uniform_5pct_vdd_budget,1.1,False,VALIDATED
1550,g_chan[1].u_cdc_chr.mem[10][4]$_DFFE_PP_,clk_nand,11.91,8.3,0.3499884223814429,11.560011577618557,setup,guardband_5pct,hypothetical_guardband_5pct,uniform_5pct_vdd_budget,1.1,False,VALIDATED
1552,g_chan[1].u_cdc_chr.mem[1][27]$_DFFE_PP_,clk_nand,11.91,8.3,0.3499884223814429,11.560011577618557,setup,guardband_5pct,hypothetical_guardband_5pct,uniform_5pct_vdd_budget,1.1,False,VALIDATED
1521,g_chan[1].u_cdc_chr.mem[13][4]$_DFFE_PP_,clk_nand,11.91,8.3,0.3499884223814429,11.560011577618557,setup,guardband_5pct,hypothetical_guardband_5pct,uniform_5pct_vdd_budget,1.1,False,VALIDATED
1523,g_chan[1].u_cdc_chr.mem[4][4]$_DFFE_PP_,clk_nand,11.91,8.3,0.3499884223814429,11.560011577618557,setup,guardband_5pct,hypothetical_guardband_5pct,uniform_5pct_vdd_budget,1.1,False,VALIDATED
1522,g_chan[1].u_cdc_chr.mem[14][4]$_DFFE_PP_,clk_nand,11.91,8.3,0.3499884223814429,11.560011577618557,setup,guardband_5pct,hypothetical_guardband_5pct,uniform_5pct_vdd_budget,1.1,False,VALIDATED
1524,g_chan[1].u_cdc_chr.mem[0][27]$_DFFE_PP_,clk_nand,11.91,8.3,0.3499884223814429,11.560011577618557,setup,guardband_5pct,hypothetical_guardband_5pct,uniform_5pct_vdd_budget,1.1,False,VALIDATED
1525,g_chan[1].u_cdc_chr.mem[12][27]$_DFFE_PP_,clk_nand,11.91,8.3,0.3499884223814429,11.560011577618557,setup,guardband_5pct,hypothetical_guardband_5pct,uniform_5pct_vdd_budget,1.1,False,VALIDATED
1529,g_chan[1].u_cdc_chr.mem[5][27]$_DFFE_PP_,clk_nand,11.91,8.3,0.3499884223814429,11.560011577618557,setup,guardband_5pct,hypothetical_guardband_5pct,uniform_5pct_vdd_budget,1.1,False,VALIDATED
1518,g_chan[1].u_cdc_chr.mem[15][4]$_DFFE_PP_,clk_nand,11.91,8.3,0.3499884223814429,11.560011577618557,setup,guardband_5pct,hypothetical_guardband_5pct,uniform_5pct_vdd_budget,1.1,False,VALIDATED
1520,g_chan[1].u_cdc_chr.mem[12][4]$_DFFE_PP_,clk_nand,11.91,8.3,0.3499884223814429,11.560011577618557,setup,guardband_5pct,hypothetical_guardband_5pct,uniform_5pct_vdd_budget,1.1,False,VALIDATED
1536,g_chan[1].u_cdc_chr.mem[7][27]$_DFFE_PP_,clk_nand,11.91,8.3,0.3499884223814429,11.560011577618557,setup,guardband_5pct,hypothetical_guardband_5pct,uniform_5pct_vdd_budget,1.1,False,VALIDATED
1533,g_chan[1].u_cdc_chr.mem[8][4]$_DFFE_PP_,clk_nand,11.91,8.3,0.3499884223814429,11.560011577618557,setup,guardband_5pct,hypothetical_guardband_5pct,uniform_5pct_vdd_budget,1.1,False,VALIDATED
1534,g_chan[1].u_cdc_chr.mem[7][4]$_DFFE_PP_,clk_nand,11.91,8.3,0.3499884223814429,11.560011577618557,setup,guardband_5pct,hypothetical_guardband_5pct,uniform_5pct_vdd_budget,1.1,False,VALIDATED
1535,g_chan[1].u_cdc_chr.mem[15][27]$_DFFE_PP_,clk_nand,11.91,8.3,0.3499884223814429,11.560011577618557,setup,guardband_5pct,hypothetical_guardband_5pct,uniform_5pct_vdd_budget,1.1,False,VALIDATED
1548,g_chan[1].u_cdc_chr.mem[7][7]$_DFFE_PP_,clk_nand,11.91,8.3,0.3499884223814429,11.560011577618557,setup,guardband_5pct,hypothetical_guardband_5pct,uniform_5pct_vdd_budget,1.1,False,VALIDATED
1527,g_chan[1].u_cdc_chr.mem[13][27]$_DFFE_PP_,clk_nand,11.91,8.3,0.3499884223814429,11.560011577618557,setup,guardband_5pct,hypothetical_guardband_5pct,uniform_5pct_vdd_budget,1.1,False,VALIDATED
1526,g_chan[1].u_cdc_chr.mem[11][27]$_DFFE_PP_,clk_nand,11.91,8.3,0.3499884223814429,11.560011577618557,setup,guardband_5pct,hypothetical_guardband_5pct,uniform_5pct_vdd_budget,1.1,False,VALIDATED
1528,g_chan[1].u_cdc_chr.mem[12][7]$_DFFE_PP_,clk_nand,11.91,8.3,0.3499884223814429,11.560011577618557,setup,guardband_5pct,hypothetical_guardband_5pct,uniform_5pct_vdd_budget,1.1,False,VALIDATED
1575,g_chan[1].u_cdc_chr.mem[10][28]$_DFFE_PP_,clk_nand,11.91,8.28,0.34914507678534323,11.560854923214658,setup,guardband_5pct,hypothetical_guardband_5pct,uniform_5pct_vdd_budget,1.1,False,VALIDATED
1570,g_chan[1].u_cdc_chr.mem[7][28]$_DFFE_PP_,clk_nand,11.91,8.28,0.34914507678534323,11.560854923214658,setup,guardband_5pct,hypothetical_guardband_5pct,uniform_5pct_vdd_budget,1.1,False,VALIDATED
1574,g_chan[1].u_cdc_chr.mem[6][28]$_DFFE_PP_,clk_nand,11.91,8.28,0.34914507678534323,11.560854923214658,setup,guardband_5pct,hypothetical_guardband_5pct,uniform_5pct_vdd_budget,1.1,False,VALIDATED
1573,g_chan[1].u_cdc_chr.mem[8][28]$_DFFE_PP_,clk_nand,11.91,8.28,0.34914507678534323,11.560854923214658,setup,guardband_5pct,hypothetical_guardband_5pct,uniform_5pct_vdd_budget,1.1,False,VALIDATED
1571,g_chan[1].u_cdc_chr.mem[9][28]$_DFFE_PP_,clk_nand,11.91,8.28,0.34914507678534323,11.560854923214658,setup,guardband_5pct,hypothetical_guardband_5pct,uniform_5pct_vdd_budget,1.1,False,VALIDATED
1551,g_chan[1].u_cdc_chr.mem[11][28]$_DFFE_PP_,clk_nand,11.91,8.28,0.34914507678534323,11.560854923214658,setup,guardband_5pct,hypothetical_guardband_5pct,uniform_5pct_vdd_budget,1.1,False,VALIDATED
1557,g_chan[1].u_cdc_chr.mem[1][28]$_DFFE_PP_,clk_nand,11.91,8.28,0.34914507678534323,11.560854923214658,setup,guardband_5pct,hypothetical_guardband_5pct,uniform_5pct_vdd_budget,1.1,False,VALIDATED
1563,g_chan[1].u_cdc_chr.mem[0][28]$_DFFE_PP_,clk_nand,11.91,8.28,0.34914507678534323,11.560854923214658,setup,guardband_5pct,hypothetical_guardband_5pct,uniform_5pct_vdd_budget,1.1,False,VALIDATED
1202,nand_ale[0],clk_nand,11.58,0.42,0.01771025751809714,11.562289742481903,setup,guardband_5pct,hypothetical_guardband_5pct,uniform_5pct_vdd_budget,1.1,False,VALIDATED
1587,g_chan[1].u_cdc_chr.mem[2][15]$_DFFE_PP_,clk_nand,11.92,8.3,0.3499884223814429,11.570011577618557,setup,guardband_5pct,hypothetical_guardband_5pct,uniform_5pct_vdd_budget,1.1,False,VALIDATED
1589,g_chan[1].u_cdc_chr.mem[0][10]$_DFFE_PP_,clk_nand,11.92,8.3,0.3499884223814429,11.570011577618557,setup,guardband_5pct,hypothetical_guardband_5pct,uniform_5pct_vdd_budget,1.1,False,VALIDATED
1588,g_chan[1].u_cdc_chr.mem[12][15]$_DFFE_PP_,clk_nand,11.92,8.3,0.3499884223814429,11.570011577618557,setup,guardband_5pct,hypothetical_guardband_5pct,uniform_5pct_vdd_budget,1.1,False,VALIDATED
1597,g_chan[1].u_cdc_chr.mem[7][10]$_DFFE_PP_,clk_nand,11.92,8.3,0.3499884223814429,11.570011577618557,setup,guardband_5pct,hypothetical_guardband_5pct,uniform_5pct_vdd_budget,1.1,False,VALIDATED
1591,g_chan[1].u_cdc_chr.mem[12][10]$_DFFE_PP_,clk_nand,11.92,8.3,0.3499884223814429,11.570011577618557,setup,guardband_5pct,hypothetical_guardband_5pct,uniform_5pct_vdd_budget,1.1,False,VALIDATED
1592,g_chan[1].u_cdc_chr.mem[15][10]$_DFFE_PP_,clk_nand,11.92,8.3,0.3499884223814429,11.570011577618557,setup,guardband_5pct,hypothetical_guardband_5pct,uniform_5pct_vdd_budget,1.1,False,VALIDATED
1590,g_chan[1].u_cdc_chr.mem[1][10]$_DFFE_PP_,clk_nand,11.92,8.3,0.3499884223814429,11.570011577618557,setup,guardband_5pct,hypothetical_guardband_5pct,uniform_5pct_vdd_budget,1.1,False,VALIDATED
1600,g_chan[1].u_cdc_chr.mem[8][10]$_DFFE_PP_,clk_nand,11.92,8.3,0.3499884223814429,11.570011577618557,setup,guardband_5pct,hypothetical_guardband_5pct,uniform_5pct_vdd_budget,1.1,False,VALIDATED
1594,g_chan[1].u_cdc_chr.mem[4][10]$_DFFE_PP_,clk_nand,11.92,8.3,0.3499884223814429,11.570011577618557,setup,guardband_5pct,hypothetical_guardband_5pct,uniform_5pct_vdd_budget,1.1,False,VALIDATED
1593,g_chan[1].u_cdc_chr.mem[5][10]$_DFFE_PP_,clk_nand,11.92,8.3,0.3499884223814429,11.570011577618557,setup,guardband_5pct,hypothetical_guardband_5pct,uniform_5pct_vdd_budget,1.1,False,VALIDATED
1599,g_chan[1].u_cdc_chr.mem[4][15]$_DFFE_PP_,clk_nand,11.92,8.3,0.3499884223814429,11.570011577618557,setup,guardband_5pct,hypothetical_guardband_5pct,uniform_5pct_vdd_budget,1.1,False,VALIDATED
1598,g_chan[1].u_cdc_chr.mem[13][10]$_DFFE_PP_,clk_nand,11.92,8.3,0.3499884223814429,11.570011577618557,setup,guardband_5pct,hypothetical_guardband_5pct,uniform_5pct_vdd_budget,1.1,False,VALIDATED
1596,g_chan[1].u_cdc_chr.mem[9][10]$_DFFE_PP_,clk_nand,11.92,8.3,0.3499884223814429,11.570011577618557,setup,guardband_5pct,hypothetical_guardband_5pct,uniform_5pct_vdd_budget,1.1,False,VALIDATED
1595,g_chan[1].u_cdc_chr.mem[6][15]$_DFFE_PP_,clk_nand,11.92,8.3,0.3499884223814429,11.570011577618557,setup,guardband_5pct,hypothetical_guardband_5pct,uniform_5pct_vdd_budget,1.1,False,VALIDATED
1204,nand_cle[0],clk_nand,11.59,0.41,0.01728858472004713,11.572711415279953,setup,guardband_5pct,hypothetical_guardband_5pct,uniform_5pct_vdd_budget,1.1,False,VALIDATED
1203,nand_dq_o[2],clk_nand,11.59,0.41,0.01728858472004713,11.572711415279953,setup,guardband_5pct,hypothetical_guardband_5pct,uniform_5pct_vdd_budget,1.1,False,VALIDATED
1206,nand_ce_n[0],clk_nand,11.6,0.4,0.016866911921997255,11.583133088078002,setup,guardband_5pct,hypothetical_guardband_5pct,uniform_5pct_vdd_budget,1.1,False,VALIDATED
1205,nand_dq_o[1],clk_nand,11.6,0.4,0.016866911921997255,11.583133088078002,setup,guardband_5pct,hypothetical_guardband_5pct,uniform_5pct_vdd_budget,1.1,False,VALIDATED
1213,nand_dq_o[5],clk_nand,11.62,0.38,0.016023566325897368,11.603976433674102,setup,guardband_5pct,hypothetical_guardband_5pct,uniform_5pct_vdd_budget,1.1,False,VALIDATED
1207,nand_dq_o[14],clk_nand,11.62,0.38,0.016023566325897368,11.603976433674102,setup,guardband_5pct,hypothetical_guardband_5pct,uniform_5pct_vdd_budget,1.1,False,VALIDATED
1217,nand_dq_o[3],clk_nand,11.62,0.38,0.016023566325897368,11.603976433674102,setup,guardband_5pct,hypothetical_guardband_5pct,uniform_5pct_vdd_budget,1.1,False,VALIDATED
1214,nand_re_n[1],clk_nand,11.62,0.38,0.016023566325897368,11.603976433674102,setup,guardband_5pct,hypothetical_guardband_5pct,uniform_5pct_vdd_budget,1.1,False,VALIDATED
1215,nand_dq_o[6],clk_nand,11.62,0.38,0.016023566325897368,11.603976433674102,setup,guardband_5pct,hypothetical_guardband_5pct,uniform_5pct_vdd_budget,1.1,False,VALIDATED
1216,nand_dq_o[8],clk_nand,11.62,0.38,0.016023566325897368,11.603976433674102,setup,guardband_5pct,hypothetical_guardband_5pct,uniform_5pct_vdd_budget,1.1,False,VALIDATED
1208,nand_dq_o[11],clk_nand,11.62,0.38,0.016023566325897368,11.603976433674102,setup,guardband_5pct,hypothetical_guardband_5pct,uniform_5pct_vdd_budget,1.1,False,VALIDATED
1210,nand_dq_o[12],clk_nand,11.62,0.38,0.016023566325897368,11.603976433674102,setup,guardband_5pct,hypothetical_guardband_5pct,uniform_5pct_vdd_budget,1.1,False,VALIDATED
1211,nand_dq_o[7],clk_nand,11.62,0.38,0.016023566325897368,11.603976433674102,setup,guardband_5pct,hypothetical_guardband_5pct,uniform_5pct_vdd_budget,1.1,False,VALIDATED
1212,nand_dq_o[0],clk_nand,11.62,0.38,0.016023566325897368,11.603976433674102,setup,guardband_5pct,hypothetical_guardband_5pct,uniform_5pct_vdd_budget,1.1,False,VALIDATED
1209,nand_dq_o[4],clk_nand,11.62,0.38,0.016023566325897368,11.603976433674102,setup,guardband_5pct,hypothetical_guardband_5pct,uniform_5pct_vdd_budget,1.1,False,VALIDATED
1218,nand_dq_o[15],clk_nand,11.62,0.38,0.016023566325897368,11.603976433674102,setup,guardband_5pct,hypothetical_guardband_5pct,uniform_5pct_vdd_budget,1.1,False,VALIDATED
1219,nand_we_n[0],clk_nand,11.63,0.37,0.015601893527847424,11.614398106472153,setup,guardband_5pct,hypothetical_guardband_5pct,uniform_5pct_vdd_budget,1.1,False,VALIDATED
1225,nand_ale[1],clk_nand,11.63,0.37,0.015601893527847424,11.614398106472153,setup,guardband_5pct,hypothetical_guardband_5pct,uniform_5pct_vdd_budget,1.1,False,VALIDATED
1224,nand_dq_o[13],clk_nand,11.63,0.37,0.015601893527847424,11.614398106472153,setup,guardband_5pct,hypothetical_guardband_5pct,uniform_5pct_vdd_budget,1.1,False,VALIDATED
1223,nand_dq_o[9],clk_nand,11.63,0.37,0.015601893527847424,11.614398106472153,setup,guardband_5pct,hypothetical_guardband_5pct,uniform_5pct_vdd_budget,1.1,False,VALIDATED
1220,nand_dq_o[10],clk_nand,11.63,0.37,0.015601893527847424,11.614398106472153,setup,guardband_5pct,hypothetical_guardband_5pct,uniform_5pct_vdd_budget,1.1,False,VALIDATED
1221,nand_re_n[0],clk_nand,11.63,0.37,0.015601893527847424,11.614398106472153,setup,guardband_5pct,hypothetical_guardband_5pct,uniform_5pct_vdd_budget,1.1,False,VALIDATED
1222,nand_dq_oe[1],clk_nand,11.63,0.37,0.015601893527847424,11.614398106472153,setup,guardband_5pct,hypothetical_guardband_5pct,uniform_5pct_vdd_budget,1.1,False,VALIDATED
1227,nand_we_n[1],clk_nand,11.64,0.36,0.01518022072979755,11.624819779270203,setup,guardband_5pct,hypothetical_guardband_5pct,uniform_5pct_vdd_budget,1.1,False,VALIDATED
1228,nand_ce_n[1],clk_nand,11.64,0.36,0.01518022072979755,11.624819779270203,setup,guardband_5pct,hypothetical_guardband_5pct,uniform_5pct_vdd_budget,1.1,False,VALIDATED
1226,nand_cle[1],clk_nand,11.64,0.36,0.01518022072979755,11.624819779270203,setup,guardband_5pct,hypothetical_guardband_5pct,uniform_5pct_vdd_budget,1.1,False,VALIDATED
