path_id,endpoint,clock_domain,slack_ns,delay_ns,droop_penalty_ns,effective_slack_ns,check_type,droop_source,droop_design,droop_file,vdd_v,includes_vss,provenance
400,_44521_,clk_core,2.1,3.0,0.002515149339450712,2.0974848506605492,clock_gating,measured_cell_rail,orfs_ssd_ctrl_cfg_small,final_psm/ssd_ctrl_cfg_small/VDD_BUMPS.csv + VSS_BUMPS.csv,1.1,True,VALIDATED
401,g_clkgate.u_cg_core.en_latched$_DLATCH_N_,clk_core,2.15,0.74,0.0007312105868008609,2.149268789413199,setup,measured_cell_rail,orfs_ssd_ctrl_cfg_small,final_psm/ssd_ctrl_cfg_small/VDD_BUMPS.csv + VSS_BUMPS.csv,1.1,True,VALIDATED
402,c_cmd_addr[30]$_DFFE_PN0N_,clk_core,3.76,1.6,0.0013226884527532817,3.7586773115472467,setup,measured_cell_rail,orfs_ssd_ctrl_cfg_small,final_psm/ssd_ctrl_cfg_small/VDD_BUMPS.csv + VSS_BUMPS.csv,1.1,True,VALIDATED
403,c_cmd_len[9]$_DFFE_PN0N_,clk_core,3.77,1.6,0.0013576724377473287,3.7686423275622527,setup,measured_cell_rail,orfs_ssd_ctrl_cfg_small,final_psm/ssd_ctrl_cfg_small/VDD_BUMPS.csv + VSS_BUMPS.csv,1.1,True,VALIDATED
404,c_cmd_addr[27]$_DFFE_PN0N_,clk_core,3.78,1.59,0.0013222936723816525,3.7786777063276182,setup,measured_cell_rail,orfs_ssd_ctrl_cfg_small,final_psm/ssd_ctrl_cfg_small/VDD_BUMPS.csv + VSS_BUMPS.csv,1.1,True,VALIDATED
405,c_cmd_addr[28]$_DFFE_PN0N_,clk_core,3.78,1.59,0.001304047740059544,3.77869595225994,setup,measured_cell_rail,orfs_ssd_ctrl_cfg_small,final_psm/ssd_ctrl_cfg_small/VDD_BUMPS.csv + VSS_BUMPS.csv,1.1,True,VALIDATED
407,c_cmd_len[7]$_DFFE_PN0N_,clk_core,3.8,1.57,0.001391742604638091,3.7986082573953617,setup,measured_cell_rail,orfs_ssd_ctrl_cfg_small,final_psm/ssd_ctrl_cfg_small/VDD_BUMPS.csv + VSS_BUMPS.csv,1.1,True,VALIDATED
406,c_cmd_addr[29]$_DFFE_PN0N_,clk_core,3.8,1.57,0.0012870038776324894,3.7987129961223673,setup,measured_cell_rail,orfs_ssd_ctrl_cfg_small,final_psm/ssd_ctrl_cfg_small/VDD_BUMPS.csv + VSS_BUMPS.csv,1.1,True,VALIDATED
408,c_cmd_len[11]$_DFFE_PN0N_,clk_core,3.81,1.56,0.0013550168994825446,3.8086449831005176,setup,measured_cell_rail,orfs_ssd_ctrl_cfg_small,final_psm/ssd_ctrl_cfg_small/VDD_BUMPS.csv + VSS_BUMPS.csv,1.1,True,VALIDATED
410,c_cmd_len[23]$_DFFE_PN0N_,clk_core,3.84,1.53,0.0012930327220674193,3.8387069672779326,setup,measured_cell_rail,orfs_ssd_ctrl_cfg_small,final_psm/ssd_ctrl_cfg_small/VDD_BUMPS.csv + VSS_BUMPS.csv,1.1,True,VALIDATED
413,c_cmd_len[18]$_DFFE_PN0N_,clk_core,3.84,1.52,0.0012929110474386857,3.838707088952561,setup,measured_cell_rail,orfs_ssd_ctrl_cfg_small,final_psm/ssd_ctrl_cfg_small/VDD_BUMPS.csv + VSS_BUMPS.csv,1.1,True,VALIDATED
409,c_cmd_len[16]$_DFFE_PN0N_,clk_core,3.84,1.53,0.001268883011086755,3.838731116988913,setup,measured_cell_rail,orfs_ssd_ctrl_cfg_small,final_psm/ssd_ctrl_cfg_small/VDD_BUMPS.csv + VSS_BUMPS.csv,1.1,True,VALIDATED
412,c_cmd_addr[21]$_DFFE_PN0N_,clk_core,3.84,1.52,0.0012310964233514105,3.8387689035766486,setup,measured_cell_rail,orfs_ssd_ctrl_cfg_small,final_psm/ssd_ctrl_cfg_small/VDD_BUMPS.csv + VSS_BUMPS.csv,1.1,True,VALIDATED
411,u_dma_fabric.rbeat_data[12]$_DFFE_PN0P_,clk_core,3.84,1.5,0.001123694314240753,3.8388763056857593,setup,measured_cell_rail,orfs_ssd_ctrl_cfg_small,final_psm/ssd_ctrl_cfg_small/VDD_BUMPS.csv + VSS_BUMPS.csv,1.1,True,VALIDATED
443,u_dma_fabric.rbeat_data[30]$_DFFE_PN0P_,clk_core,3.85,1.49,0.001450403146511528,3.8485495968534886,setup,measured_cell_rail,orfs_ssd_ctrl_cfg_small,final_psm/ssd_ctrl_cfg_small/VDD_BUMPS.csv + VSS_BUMPS.csv,1.1,True,VALIDATED
450,c_cmd_opcode[6]$_DFFE_PN0N_,clk_core,3.85,1.51,0.0013547299692546894,3.848645270030745,setup,measured_cell_rail,orfs_ssd_ctrl_cfg_small,final_psm/ssd_ctrl_cfg_small/VDD_BUMPS.csv + VSS_BUMPS.csv,1.1,True,VALIDATED
419,c_cmd_len[4]$_DFFE_PN0N_,clk_core,3.85,1.52,0.0013525609922608733,3.848647439007739,setup,measured_cell_rail,orfs_ssd_ctrl_cfg_small,final_psm/ssd_ctrl_cfg_small/VDD_BUMPS.csv + VSS_BUMPS.csv,1.1,True,VALIDATED
415,c_cmd_len[10]$_DFFE_PN0N_,clk_core,3.85,1.52,0.0013263888439719596,3.8486736111560282,setup,measured_cell_rail,orfs_ssd_ctrl_cfg_small,final_psm/ssd_ctrl_cfg_small/VDD_BUMPS.csv + VSS_BUMPS.csv,1.1,True,VALIDATED
414,c_cmd_len[22]$_DFFE_PN0N_,clk_core,3.85,1.52,0.0013106094432009108,3.848689390556799,setup,measured_cell_rail,orfs_ssd_ctrl_cfg_small,final_psm/ssd_ctrl_cfg_small/VDD_BUMPS.csv + VSS_BUMPS.csv,1.1,True,VALIDATED
447,c_cmd_addr[9]$_DFFE_PN0N_,clk_core,3.85,1.51,0.0013000010967924858,3.8486999989032076,setup,measured_cell_rail,orfs_ssd_ctrl_cfg_small,final_psm/ssd_ctrl_cfg_small/VDD_BUMPS.csv + VSS_BUMPS.csv,1.1,True,VALIDATED
417,u_dma_fabric.rbeat_data[17]$_DFFE_PN0P_,clk_core,3.85,1.49,0.0012089664376827847,3.848791033562317,setup,measured_cell_rail,orfs_ssd_ctrl_cfg_small,final_psm/ssd_ctrl_cfg_small/VDD_BUMPS.csv + VSS_BUMPS.csv,1.1,True,VALIDATED
428,u_dma_fabric.rbeat_data[13]$_DFFE_PN0P_,clk_core,3.85,1.49,0.0011902258272264293,3.8488097741727736,setup,measured_cell_rail,orfs_ssd_ctrl_cfg_small,final_psm/ssd_ctrl_cfg_small/VDD_BUMPS.csv + VSS_BUMPS.csv,1.1,True,VALIDATED
436,c_cmd_addr[31]$_DFFE_PN0N_,clk_core,3.85,1.51,0.00118310455371963,3.8488168954462805,setup,measured_cell_rail,orfs_ssd_ctrl_cfg_small,final_psm/ssd_ctrl_cfg_small/VDD_BUMPS.csv + VSS_BUMPS.csv,1.1,True,VALIDATED
449,g_chan[0].u_cdc_chw.mem[6][14]$_DFFE_PP_,clk_core,3.85,1.5,0.0011764508701946896,3.8488235491298055,setup,measured_cell_rail,orfs_ssd_ctrl_cfg_small,final_psm/ssd_ctrl_cfg_small/VDD_BUMPS.csv + VSS_BUMPS.csv,1.1,True,VALIDATED
416,u_dma_fabric.rbeat_data[10]$_DFFE_PN0P_,clk_core,3.85,1.5,0.001170839334963189,3.848829160665037,setup,measured_cell_rail,orfs_ssd_ctrl_cfg_small,final_psm/ssd_ctrl_cfg_small/VDD_BUMPS.csv + VSS_BUMPS.csv,1.1,True,VALIDATED
437,g_chan[0].u_cdc_chw.mem[11][14]$_DFFE_PP_,clk_core,3.85,1.5,0.001170784814823661,3.8488292151851766,setup,measured_cell_rail,orfs_ssd_ctrl_cfg_small,final_psm/ssd_ctrl_cfg_small/VDD_BUMPS.csv + VSS_BUMPS.csv,1.1,True,VALIDATED
438,g_chan[0].u_cdc_chw.mem[10][14]$_DFFE_PP_,clk_core,3.85,1.5,0.0011705580166296997,3.84882944198337,setup,measured_cell_rail,orfs_ssd_ctrl_cfg_small,final_psm/ssd_ctrl_cfg_small/VDD_BUMPS.csv + VSS_BUMPS.csv,1.1,True,VALIDATED
444,g_chan[1].u_cdc_chw.mem[0][14]$_DFFE_PP_,clk_core,3.85,1.49,0.0011699575322215855,3.8488300424677786,setup,measured_cell_rail,orfs_ssd_ctrl_cfg_small,final_psm/ssd_ctrl_cfg_small/VDD_BUMPS.csv + VSS_BUMPS.csv,1.1,True,VALIDATED
448,g_chan[0].u_cdc_chw.mem[5][14]$_DFFE_PP_,clk_core,3.85,1.5,0.0011627975619374065,3.848837202438063,setup,measured_cell_rail,orfs_ssd_ctrl_cfg_small,final_psm/ssd_ctrl_cfg_small/VDD_BUMPS.csv + VSS_BUMPS.csv,1.1,True,VALIDATED
439,g_chan[0].u_cdc_chw.mem[4][14]$_DFFE_PP_,clk_core,3.85,1.5,0.0011611545490719244,3.848838845450928,setup,measured_cell_rail,orfs_ssd_ctrl_cfg_small,final_psm/ssd_ctrl_cfg_small/VDD_BUMPS.csv + VSS_BUMPS.csv,1.1,True,VALIDATED
440,g_chan[0].u_cdc_chw.mem[15][14]$_DFFE_PP_,clk_core,3.85,1.5,0.0011597381834830417,3.848840261816517,setup,measured_cell_rail,orfs_ssd_ctrl_cfg_small,final_psm/ssd_ctrl_cfg_small/VDD_BUMPS.csv + VSS_BUMPS.csv,1.1,True,VALIDATED
441,g_chan[0].u_cdc_chw.mem[14][14]$_DFFE_PP_,clk_core,3.85,1.5,0.0011576422791707286,3.8488423577208293,setup,measured_cell_rail,orfs_ssd_ctrl_cfg_small,final_psm/ssd_ctrl_cfg_small/VDD_BUMPS.csv + VSS_BUMPS.csv,1.1,True,VALIDATED
446,g_chan[0].u_cdc_chw.mem[8][14]$_DFFE_PP_,clk_core,3.85,1.5,0.0011549235457131435,3.8488450764542868,setup,measured_cell_rail,orfs_ssd_ctrl_cfg_small,final_psm/ssd_ctrl_cfg_small/VDD_BUMPS.csv + VSS_BUMPS.csv,1.1,True,VALIDATED
445,g_chan[0].u_cdc_chw.mem[9][14]$_DFFE_PP_,clk_core,3.85,1.5,0.0011548102719541459,3.848845189728046,setup,measured_cell_rail,orfs_ssd_ctrl_cfg_small,final_psm/ssd_ctrl_cfg_small/VDD_BUMPS.csv + VSS_BUMPS.csv,1.1,True,VALIDATED
442,g_chan[0].u_cdc_chw.mem[13][14]$_DFFE_PP_,clk_core,3.85,1.5,0.001154187276005525,3.8488458127239946,setup,measured_cell_rail,orfs_ssd_ctrl_cfg_small,final_psm/ssd_ctrl_cfg_small/VDD_BUMPS.csv + VSS_BUMPS.csv,1.1,True,VALIDATED
432,g_chan[0].u_cdc_chw.mem[2][31]$_DFFE_PP_,clk_core,3.85,1.51,0.0011337901039264187,3.8488662098960735,setup,measured_cell_rail,orfs_ssd_ctrl_cfg_small,final_psm/ssd_ctrl_cfg_small/VDD_BUMPS.csv + VSS_BUMPS.csv,1.1,True,VALIDATED
423,g_chan[0].u_cdc_chw.mem[10][31]$_DFFE_PP_,clk_core,3.85,1.51,0.0011293991210679227,3.848870600878932,setup,measured_cell_rail,orfs_ssd_ctrl_cfg_small,final_psm/ssd_ctrl_cfg_small/VDD_BUMPS.csv + VSS_BUMPS.csv,1.1,True,VALIDATED
421,g_chan[0].u_cdc_chw.mem[11][31]$_DFFE_PP_,clk_core,3.85,1.51,0.0011292279813161776,3.848870772018684,setup,measured_cell_rail,orfs_ssd_ctrl_cfg_small,final_psm/ssd_ctrl_cfg_small/VDD_BUMPS.csv + VSS_BUMPS.csv,1.1,True,VALIDATED
424,g_chan[0].u_cdc_chw.mem[4][31]$_DFFE_PP_,clk_core,3.85,1.51,0.0011279161687009764,3.8488720838312993,setup,measured_cell_rail,orfs_ssd_ctrl_cfg_small,final_psm/ssd_ctrl_cfg_small/VDD_BUMPS.csv + VSS_BUMPS.csv,1.1,True,VALIDATED
431,g_chan[0].u_cdc_chw.mem[15][31]$_DFFE_PP_,clk_core,3.85,1.51,0.0011255217878126111,3.8488744782121875,setup,measured_cell_rail,orfs_ssd_ctrl_cfg_small,final_psm/ssd_ctrl_cfg_small/VDD_BUMPS.csv + VSS_BUMPS.csv,1.1,True,VALIDATED
434,g_chan[0].u_cdc_chw.mem[14][31]$_DFFE_PP_,clk_core,3.85,1.51,0.0011246661689271603,3.848875333831073,setup,measured_cell_rail,orfs_ssd_ctrl_cfg_small,final_psm/ssd_ctrl_cfg_small/VDD_BUMPS.csv + VSS_BUMPS.csv,1.1,True,VALIDATED
433,g_chan[0].u_cdc_chw.mem[3][31]$_DFFE_PP_,clk_core,3.85,1.51,0.0011240390272032885,3.848875960972797,setup,measured_cell_rail,orfs_ssd_ctrl_cfg_small,final_psm/ssd_ctrl_cfg_small/VDD_BUMPS.csv + VSS_BUMPS.csv,1.1,True,VALIDATED
435,g_chan[0].u_cdc_chw.mem[12][31]$_DFFE_PP_,clk_core,3.85,1.51,0.0011201625188448916,3.8488798374811553,setup,measured_cell_rail,orfs_ssd_ctrl_cfg_small,final_psm/ssd_ctrl_cfg_small/VDD_BUMPS.csv + VSS_BUMPS.csv,1.1,True,VALIDATED
425,g_chan[0].u_cdc_chw.mem[7][31]$_DFFE_PP_,clk_core,3.85,1.51,0.0011196494989978018,3.8488803505010023,setup,measured_cell_rail,orfs_ssd_ctrl_cfg_small,final_psm/ssd_ctrl_cfg_small/VDD_BUMPS.csv + VSS_BUMPS.csv,1.1,True,VALIDATED
430,g_chan[0].u_cdc_chw.mem[6][31]$_DFFE_PP_,clk_core,3.85,1.51,0.0011196494989978018,3.8488803505010023,setup,measured_cell_rail,orfs_ssd_ctrl_cfg_small,final_psm/ssd_ctrl_cfg_small/VDD_BUMPS.csv + VSS_BUMPS.csv,1.1,True,VALIDATED
418,g_chan[0].u_cdc_chw.mem[0][31]$_DFFE_PP_,clk_core,3.85,1.51,0.0011126915468199494,3.8488873084531803,setup,measured_cell_rail,orfs_ssd_ctrl_cfg_small,final_psm/ssd_ctrl_cfg_small/VDD_BUMPS.csv + VSS_BUMPS.csv,1.1,True,VALIDATED
422,g_chan[0].u_cdc_chw.mem[8][31]$_DFFE_PP_,clk_core,3.85,1.51,0.0011113221723633299,3.8488886778276368,setup,measured_cell_rail,orfs_ssd_ctrl_cfg_small,final_psm/ssd_ctrl_cfg_small/VDD_BUMPS.csv + VSS_BUMPS.csv,1.1,True,VALIDATED
426,g_chan[0].u_cdc_chw.mem[5][31]$_DFFE_PP_,clk_core,3.85,1.51,0.0011112651690629999,3.848888734830937,setup,measured_cell_rail,orfs_ssd_ctrl_cfg_small,final_psm/ssd_ctrl_cfg_small/VDD_BUMPS.csv + VSS_BUMPS.csv,1.1,True,VALIDATED
427,g_chan[0].u_cdc_chw.mem[9][31]$_DFFE_PP_,clk_core,3.85,1.51,0.001110410135984466,3.8488895898640156,setup,measured_cell_rail,orfs_ssd_ctrl_cfg_small,final_psm/ssd_ctrl_cfg_small/VDD_BUMPS.csv + VSS_BUMPS.csv,1.1,True,VALIDATED
420,g_chan[0].u_cdc_chw.mem[1][31]$_DFFE_PP_,clk_core,3.85,1.51,0.0011085300960243516,3.848891469903976,setup,measured_cell_rail,orfs_ssd_ctrl_cfg_small,final_psm/ssd_ctrl_cfg_small/VDD_BUMPS.csv + VSS_BUMPS.csv,1.1,True,VALIDATED
429,g_chan[0].u_cdc_chw.mem[13][31]$_DFFE_PP_,clk_core,3.85,1.51,0.0011083011860684722,3.8488916988139317,setup,measured_cell_rail,orfs_ssd_ctrl_cfg_small,final_psm/ssd_ctrl_cfg_small/VDD_BUMPS.csv + VSS_BUMPS.csv,1.1,True,VALIDATED
469,u_dma_fabric.rbeat_data[29]$_DFFE_PN0P_,clk_core,3.86,1.48,0.0015063300457683615,3.8584936699542314,setup,measured_cell_rail,orfs_ssd_ctrl_cfg_small,final_psm/ssd_ctrl_cfg_small/VDD_BUMPS.csv + VSS_BUMPS.csv,1.1,True,VALIDATED
497,u_dma_fabric.rbeat_data[18]$_DFFE_PN0P_,clk_core,3.86,1.48,0.00139924235073699,3.858600757649263,setup,measured_cell_rail,orfs_ssd_ctrl_cfg_small,final_psm/ssd_ctrl_cfg_small/VDD_BUMPS.csv + VSS_BUMPS.csv,1.1,True,VALIDATED
470,c_cmd_addr[2]$_DFFE_PN0N_,clk_core,3.86,1.51,0.0013706820092569266,3.858629317990743,setup,measured_cell_rail,orfs_ssd_ctrl_cfg_small,final_psm/ssd_ctrl_cfg_small/VDD_BUMPS.csv + VSS_BUMPS.csv,1.1,True,VALIDATED
467,c_cmd_addr[8]$_DFFE_PN0N_,clk_core,3.86,1.51,0.0013407326512957368,3.8586592673487043,setup,measured_cell_rail,orfs_ssd_ctrl_cfg_small,final_psm/ssd_ctrl_cfg_small/VDD_BUMPS.csv + VSS_BUMPS.csv,1.1,True,VALIDATED
472,c_cmd_addr[7]$_DFFE_PN0N_,clk_core,3.86,1.51,0.0013340159971527293,3.858665984002847,setup,measured_cell_rail,orfs_ssd_ctrl_cfg_small,final_psm/ssd_ctrl_cfg_small/VDD_BUMPS.csv + VSS_BUMPS.csv,1.1,True,VALIDATED
461,c_cmd_addr[6]$_DFFE_PN0N_,clk_core,3.86,1.51,0.0012946354334282123,3.8587053645665716,setup,measured_cell_rail,orfs_ssd_ctrl_cfg_small,final_psm/ssd_ctrl_cfg_small/VDD_BUMPS.csv + VSS_BUMPS.csv,1.1,True,VALIDATED
457,c_cmd_addr[11]$_DFFE_PN0N_,clk_core,3.86,1.51,0.001288236968481432,3.8587117630315184,setup,measured_cell_rail,orfs_ssd_ctrl_cfg_small,final_psm/ssd_ctrl_cfg_small/VDD_BUMPS.csv + VSS_BUMPS.csv,1.1,True,VALIDATED
474,c_cmd_addr[10]$_DFFE_PN0N_,clk_core,3.86,1.51,0.0012653793317901896,3.85873462066821,setup,measured_cell_rail,orfs_ssd_ctrl_cfg_small,final_psm/ssd_ctrl_cfg_small/VDD_BUMPS.csv + VSS_BUMPS.csv,1.1,True,VALIDATED
498,c_cmd_len[28]$_DFFE_PN0N_,clk_core,3.86,1.51,0.0011997467732395295,3.8588002532267605,setup,measured_cell_rail,orfs_ssd_ctrl_cfg_small,final_psm/ssd_ctrl_cfg_small/VDD_BUMPS.csv + VSS_BUMPS.csv,1.1,True,VALIDATED
452,g_chan[0].u_cdc_chw.mem[7][14]$_DFFE_PP_,clk_core,3.86,1.5,0.001178264352141023,3.858821735647859,setup,measured_cell_rail,orfs_ssd_ctrl_cfg_small,final_psm/ssd_ctrl_cfg_small/VDD_BUMPS.csv + VSS_BUMPS.csv,1.1,True,VALIDATED
454,g_chan[0].u_cdc_chw.mem[2][14]$_DFFE_PP_,clk_core,3.86,1.5,0.0011754308478681974,3.858824569152132,setup,measured_cell_rail,orfs_ssd_ctrl_cfg_small,final_psm/ssd_ctrl_cfg_small/VDD_BUMPS.csv + VSS_BUMPS.csv,1.1,True,VALIDATED
456,g_chan[0].u_cdc_chw.mem[3][14]$_DFFE_PP_,clk_core,3.86,1.5,0.001174410869651088,3.858825589130349,setup,measured_cell_rail,orfs_ssd_ctrl_cfg_small,final_psm/ssd_ctrl_cfg_small/VDD_BUMPS.csv + VSS_BUMPS.csv,1.1,True,VALIDATED
489,g_chan[1].u_cdc_chw.mem[7][14]$_DFFE_PP_,clk_core,3.86,1.49,0.0011734561703695828,3.8588265438296303,setup,measured_cell_rail,orfs_ssd_ctrl_cfg_small,final_psm/ssd_ctrl_cfg_small/VDD_BUMPS.csv + VSS_BUMPS.csv,1.1,True,VALIDATED
475,g_chan[1].u_cdc_chw.mem[2][14]$_DFFE_PP_,clk_core,3.86,1.49,0.0011712613072947659,3.858828738692705,setup,measured_cell_rail,orfs_ssd_ctrl_cfg_small,final_psm/ssd_ctrl_cfg_small/VDD_BUMPS.csv + VSS_BUMPS.csv,1.1,True,VALIDATED
481,g_chan[1].u_cdc_chw.mem[3][14]$_DFFE_PP_,clk_core,3.86,1.49,0.001170529809022977,3.858829470190977,setup,measured_cell_rail,orfs_ssd_ctrl_cfg_small,final_psm/ssd_ctrl_cfg_small/VDD_BUMPS.csv + VSS_BUMPS.csv,1.1,True,VALIDATED
480,g_chan[1].u_cdc_chw.mem[6][14]$_DFFE_PP_,clk_core,3.86,1.49,0.0011681108243291327,3.8588318891756708,setup,measured_cell_rail,orfs_ssd_ctrl_cfg_small,final_psm/ssd_ctrl_cfg_small/VDD_BUMPS.csv + VSS_BUMPS.csv,1.1,True,VALIDATED
487,g_chan[1].u_cdc_chw.mem[4][14]$_DFFE_PP_,clk_core,3.86,1.49,0.0011677728285183486,3.8588322271714817,setup,measured_cell_rail,orfs_ssd_ctrl_cfg_small,final_psm/ssd_ctrl_cfg_small/VDD_BUMPS.csv + VSS_BUMPS.csv,1.1,True,VALIDATED
459,g_chan[1].u_cdc_chw.mem[1][14]$_DFFE_PP_,clk_core,3.86,1.49,0.0011667498315232477,3.858833250168477,setup,measured_cell_rail,orfs_ssd_ctrl_cfg_small,final_psm/ssd_ctrl_cfg_small/VDD_BUMPS.csv + VSS_BUMPS.csv,1.1,True,VALIDATED
477,g_chan[1].u_cdc_chw.mem[5][14]$_DFFE_PP_,clk_core,3.86,1.49,0.001166422589096494,3.8588335774109033,setup,measured_cell_rail,orfs_ssd_ctrl_cfg_small,final_psm/ssd_ctrl_cfg_small/VDD_BUMPS.csv + VSS_BUMPS.csv,1.1,True,VALIDATED
462,g_chan[0].u_cdc_chw.mem[12][14]$_DFFE_PP_,clk_core,3.86,1.5,0.001161721926015269,3.8588382780739847,setup,measured_cell_rail,orfs_ssd_ctrl_cfg_small,final_psm/ssd_ctrl_cfg_small/VDD_BUMPS.csv + VSS_BUMPS.csv,1.1,True,VALIDATED
458,g_chan[0].u_cdc_chw.mem[0][14]$_DFFE_PP_,clk_core,3.86,1.5,0.001160248382940196,3.85883975161706,setup,measured_cell_rail,orfs_ssd_ctrl_cfg_small,final_psm/ssd_ctrl_cfg_small/VDD_BUMPS.csv + VSS_BUMPS.csv,1.1,True,VALIDATED
453,g_chan[0].u_cdc_chw.mem[1][14]$_DFFE_PP_,clk_core,3.86,1.5,0.001160248382940196,3.85883975161706,setup,measured_cell_rail,orfs_ssd_ctrl_cfg_small,final_psm/ssd_ctrl_cfg_small/VDD_BUMPS.csv + VSS_BUMPS.csv,1.1,True,VALIDATED
468,u_dma_fabric.rbeat_data[16]$_DFFE_PN0P_,clk_core,3.86,1.48,0.001152122932768368,3.8588478770672316,setup,measured_cell_rail,orfs_ssd_ctrl_cfg_small,final_psm/ssd_ctrl_cfg_small/VDD_BUMPS.csv + VSS_BUMPS.csv,1.1,True,VALIDATED
471,g_chan[0].u_cdc_chw.mem[14][17]$_DFFE_PP_,clk_core,3.86,1.49,0.0011506617272591252,3.8588493382727407,setup,measured_cell_rail,orfs_ssd_ctrl_cfg_small,final_psm/ssd_ctrl_cfg_small/VDD_BUMPS.csv + VSS_BUMPS.csv,1.1,True,VALIDATED
494,g_chan[0].u_cdc_chw.mem[2][17]$_DFFE_PP_,clk_core,3.86,1.49,0.001149090641458364,3.8588509093585417,setup,measured_cell_rail,orfs_ssd_ctrl_cfg_small,final_psm/ssd_ctrl_cfg_small/VDD_BUMPS.csv + VSS_BUMPS.csv,1.1,True,VALIDATED
465,g_chan[0].u_cdc_chw.mem[10][17]$_DFFE_PP_,clk_core,3.86,1.49,0.001148016380750641,3.858851983619249,setup,measured_cell_rail,orfs_ssd_ctrl_cfg_small,final_psm/ssd_ctrl_cfg_small/VDD_BUMPS.csv + VSS_BUMPS.csv,1.1,True,VALIDATED
488,g_chan[0].u_cdc_chw.mem[7][17]$_DFFE_PP_,clk_core,3.86,1.49,0.0011476839303744685,3.8588523160696253,setup,measured_cell_rail,orfs_ssd_ctrl_cfg_small,final_psm/ssd_ctrl_cfg_small/VDD_BUMPS.csv + VSS_BUMPS.csv,1.1,True,VALIDATED
451,u_dma_fabric.rbeat_data[19]$_DFFE_PN0P_,clk_core,3.86,1.49,0.0011474722486948113,3.858852527751305,setup,measured_cell_rail,orfs_ssd_ctrl_cfg_small,final_psm/ssd_ctrl_cfg_small/VDD_BUMPS.csv + VSS_BUMPS.csv,1.1,True,VALIDATED
460,g_chan[0].u_cdc_chw.mem[15][17]$_DFFE_PP_,clk_core,3.86,1.49,0.001145990359887064,3.8588540096401127,setup,measured_cell_rail,orfs_ssd_ctrl_cfg_small,final_psm/ssd_ctrl_cfg_small/VDD_BUMPS.csv + VSS_BUMPS.csv,1.1,True,VALIDATED
492,g_chan[0].u_cdc_chw.mem[6][17]$_DFFE_PP_,clk_core,3.86,1.49,0.0011436326307199263,3.85885636736928,setup,measured_cell_rail,orfs_ssd_ctrl_cfg_small,final_psm/ssd_ctrl_cfg_small/VDD_BUMPS.csv + VSS_BUMPS.csv,1.1,True,VALIDATED
496,g_chan[0].u_cdc_chw.mem[3][17]$_DFFE_PP_,clk_core,3.86,1.49,0.0011422261330111538,3.8588577738669887,setup,measured_cell_rail,orfs_ssd_ctrl_cfg_small,final_psm/ssd_ctrl_cfg_small/VDD_BUMPS.csv + VSS_BUMPS.csv,1.1,True,VALIDATED
466,g_chan[0].u_cdc_chw.mem[12][17]$_DFFE_PP_,clk_core,3.86,1.49,0.0011414887185156458,3.8588585112814844,setup,measured_cell_rail,orfs_ssd_ctrl_cfg_small,final_psm/ssd_ctrl_cfg_small/VDD_BUMPS.csv + VSS_BUMPS.csv,1.1,True,VALIDATED
464,g_chan[0].u_cdc_chw.mem[11][17]$_DFFE_PP_,clk_core,3.86,1.49,0.0011406447570550399,3.8588593552429447,setup,measured_cell_rail,orfs_ssd_ctrl_cfg_small,final_psm/ssd_ctrl_cfg_small/VDD_BUMPS.csv + VSS_BUMPS.csv,1.1,True,VALIDATED
463,g_chan[0].u_cdc_chw.mem[13][17]$_DFFE_PP_,clk_core,3.86,1.49,0.0011392375625915718,3.8588607624374083,setup,measured_cell_rail,orfs_ssd_ctrl_cfg_small,final_psm/ssd_ctrl_cfg_small/VDD_BUMPS.csv + VSS_BUMPS.csv,1.1,True,VALIDATED
483,g_chan[0].u_cdc_chw.mem[1][17]$_DFFE_PP_,clk_core,3.86,1.49,0.001138737513508084,3.8588612624864917,setup,measured_cell_rail,orfs_ssd_ctrl_cfg_small,final_psm/ssd_ctrl_cfg_small/VDD_BUMPS.csv + VSS_BUMPS.csv,1.1,True,VALIDATED
485,g_chan[0].u_cdc_chw.mem[0][17]$_DFFE_PP_,clk_core,3.86,1.49,0.0011386250019333743,3.8588613749980665,setup,measured_cell_rail,orfs_ssd_ctrl_cfg_small,final_psm/ssd_ctrl_cfg_small/VDD_BUMPS.csv + VSS_BUMPS.csv,1.1,True,VALIDATED
479,g_chan[0].u_cdc_chw.mem[5][17]$_DFFE_PP_,clk_core,3.86,1.49,0.0011381749610387543,3.8588618250389612,setup,measured_cell_rail,orfs_ssd_ctrl_cfg_small,final_psm/ssd_ctrl_cfg_small/VDD_BUMPS.csv + VSS_BUMPS.csv,1.1,True,VALIDATED
478,g_chan[0].u_cdc_chw.mem[4][17]$_DFFE_PP_,clk_core,3.86,1.49,0.0011379499438338853,3.858862050056166,setup,measured_cell_rail,orfs_ssd_ctrl_cfg_small,final_psm/ssd_ctrl_cfg_small/VDD_BUMPS.csv + VSS_BUMPS.csv,1.1,True,VALIDATED
495,g_chan[0].u_cdc_chw.mem[9][17]$_DFFE_PP_,clk_core,3.86,1.49,0.0011314253850533418,3.8588685746149465,setup,measured_cell_rail,orfs_ssd_ctrl_cfg_small,final_psm/ssd_ctrl_cfg_small/VDD_BUMPS.csv + VSS_BUMPS.csv,1.1,True,VALIDATED
490,g_chan[0].u_cdc_chw.mem[8][17]$_DFFE_PP_,clk_core,3.86,1.49,0.0011268705206112783,3.8588731294793885,setup,measured_cell_rail,orfs_ssd_ctrl_cfg_small,final_psm/ssd_ctrl_cfg_small/VDD_BUMPS.csv + VSS_BUMPS.csv,1.1,True,VALIDATED
473,g_chan[1].u_cdc_chw.mem[1][31]$_DFFE_PP_,clk_core,3.86,1.49,0.0011125784857593662,3.8588874215142406,setup,measured_cell_rail,orfs_ssd_ctrl_cfg_small,final_psm/ssd_ctrl_cfg_small/VDD_BUMPS.csv + VSS_BUMPS.csv,1.1,True,VALIDATED
455,g_chan[1].u_cdc_chw.mem[7][31]$_DFFE_PP_,clk_core,3.86,1.49,0.0011124122772223216,3.8588875877227777,setup,measured_cell_rail,orfs_ssd_ctrl_cfg_small,final_psm/ssd_ctrl_cfg_small/VDD_BUMPS.csv + VSS_BUMPS.csv,1.1,True,VALIDATED
476,g_chan[1].u_cdc_chw.mem[0][31]$_DFFE_PP_,clk_core,3.86,1.49,0.0011062198333024603,3.8588937801666976,setup,measured_cell_rail,orfs_ssd_ctrl_cfg_small,final_psm/ssd_ctrl_cfg_small/VDD_BUMPS.csv + VSS_BUMPS.csv,1.1,True,VALIDATED
486,g_chan[1].u_cdc_chw.mem[2][31]$_DFFE_PP_,clk_core,3.86,1.49,0.0011057134661559137,3.858894286533844,setup,measured_cell_rail,orfs_ssd_ctrl_cfg_small,final_psm/ssd_ctrl_cfg_small/VDD_BUMPS.csv + VSS_BUMPS.csv,1.1,True,VALIDATED
482,g_chan[1].u_cdc_chw.mem[3][31]$_DFFE_PP_,clk_core,3.86,1.49,0.0011057134661559137,3.858894286533844,setup,measured_cell_rail,orfs_ssd_ctrl_cfg_small,final_psm/ssd_ctrl_cfg_small/VDD_BUMPS.csv + VSS_BUMPS.csv,1.1,True,VALIDATED
484,g_chan[1].u_cdc_chw.mem[6][31]$_DFFE_PP_,clk_core,3.86,1.49,0.001098735521324376,3.8589012644786753,setup,measured_cell_rail,orfs_ssd_ctrl_cfg_small,final_psm/ssd_ctrl_cfg_small/VDD_BUMPS.csv + VSS_BUMPS.csv,1.1,True,VALIDATED
491,g_chan[1].u_cdc_chw.mem[5][31]$_DFFE_PP_,clk_core,3.86,1.49,0.0010927731095165677,3.858907226890483,setup,measured_cell_rail,orfs_ssd_ctrl_cfg_small,final_psm/ssd_ctrl_cfg_small/VDD_BUMPS.csv + VSS_BUMPS.csv,1.1,True,VALIDATED
493,g_chan[1].u_cdc_chw.mem[4][31]$_DFFE_PP_,clk_core,3.86,1.49,0.0010926043840967653,3.858907395615903,setup,measured_cell_rail,orfs_ssd_ctrl_cfg_small,final_psm/ssd_ctrl_cfg_small/VDD_BUMPS.csv + VSS_BUMPS.csv,1.1,True,VALIDATED
500,u_dma_fabric.rbeat_data[20]$_DFFE_PN0P_,clk_core,3.87,1.47,0.001394128577615797,3.868605871422384,setup,measured_cell_rail,orfs_ssd_ctrl_cfg_small,final_psm/ssd_ctrl_cfg_small/VDD_BUMPS.csv + VSS_BUMPS.csv,1.1,True,VALIDATED
499,c_cmd_len[5]$_DFFE_PN0N_,clk_core,3.87,1.5,0.0013143880692527699,3.868685611930747,setup,measured_cell_rail,orfs_ssd_ctrl_cfg_small,final_psm/ssd_ctrl_cfg_small/VDD_BUMPS.csv + VSS_BUMPS.csv,1.1,True,VALIDATED
501,c_cmd_addr[26]$_DFFE_PN0N_,clk_core,3.87,1.49,0.0012485819623282574,3.8687514180376716,setup,measured_cell_rail,orfs_ssd_ctrl_cfg_small,final_psm/ssd_ctrl_cfg_small/VDD_BUMPS.csv + VSS_BUMPS.csv,1.1,True,VALIDATED
503,g_chan[1].u_cdc_chw.mem[2][17]$_DFFE_PP_,clk_core,3.87,1.48,0.0011555194206325503,3.8688444805793676,setup,measured_cell_rail,orfs_ssd_ctrl_cfg_small,final_psm/ssd_ctrl_cfg_small/VDD_BUMPS.csv + VSS_BUMPS.csv,1.1,True,VALIDATED
505,g_chan[1].u_cdc_chw.mem[3][17]$_DFFE_PP_,clk_core,3.87,1.48,0.0011493130097735005,3.8688506869902266,setup,measured_cell_rail,orfs_ssd_ctrl_cfg_small,final_psm/ssd_ctrl_cfg_small/VDD_BUMPS.csv + VSS_BUMPS.csv,1.1,True,VALIDATED
502,g_chan[1].u_cdc_chw.mem[1][17]$_DFFE_PP_,clk_core,3.87,1.48,0.0011357263481309582,3.868864273651869,setup,measured_cell_rail,orfs_ssd_ctrl_cfg_small,final_psm/ssd_ctrl_cfg_small/VDD_BUMPS.csv + VSS_BUMPS.csv,1.1,True,VALIDATED
504,g_chan[1].u_cdc_chw.mem[0][17]$_DFFE_PP_,clk_core,3.87,1.48,0.001135558605685691,3.8688644413943143,setup,measured_cell_rail,orfs_ssd_ctrl_cfg_small,final_psm/ssd_ctrl_cfg_small/VDD_BUMPS.csv + VSS_BUMPS.csv,1.1,True,VALIDATED
517,c_cmd_addr[20]$_DFFE_PN0N_,clk_core,3.88,1.48,0.001231747628450297,3.8787682523715494,setup,measured_cell_rail,orfs_ssd_ctrl_cfg_small,final_psm/ssd_ctrl_cfg_small/VDD_BUMPS.csv + VSS_BUMPS.csv,1.1,True,VALIDATED
516,c_cmd_len[26]$_DFFE_PN0N_,clk_core,3.88,1.48,0.0011753950590053935,3.8788246049409945,setup,measured_cell_rail,orfs_ssd_ctrl_cfg_small,final_psm/ssd_ctrl_cfg_small/VDD_BUMPS.csv + VSS_BUMPS.csv,1.1,True,VALIDATED
510,g_chan[1].u_cdc_chw.mem[13][17]$_DFFE_PP_,clk_core,3.88,1.48,0.0011668193090824952,3.8788331806909175,setup,measured_cell_rail,orfs_ssd_ctrl_cfg_small,final_psm/ssd_ctrl_cfg_small/VDD_BUMPS.csv + VSS_BUMPS.csv,1.1,True,VALIDATED
513,g_chan[1].u_cdc_chw.mem[12][17]$_DFFE_PP_,clk_core,3.88,1.48,0.001166260099751848,3.878833739900248,setup,measured_cell_rail,orfs_ssd_ctrl_cfg_small,final_psm/ssd_ctrl_cfg_small/VDD_BUMPS.csv + VSS_BUMPS.csv,1.1,True,VALIDATED
506,g_chan[1].u_cdc_chw.mem[11][17]$_DFFE_PP_,clk_core,3.88,1.48,0.0011526123941691946,3.8788473876058305,setup,measured_cell_rail,orfs_ssd_ctrl_cfg_small,final_psm/ssd_ctrl_cfg_small/VDD_BUMPS.csv + VSS_BUMPS.csv,1.1,True,VALIDATED
508,g_chan[1].u_cdc_chw.mem[10][17]$_DFFE_PP_,clk_core,3.88,1.48,0.0011479165026517246,3.8788520834973483,setup,measured_cell_rail,orfs_ssd_ctrl_cfg_small,final_psm/ssd_ctrl_cfg_small/VDD_BUMPS.csv + VSS_BUMPS.csv,1.1,True,VALIDATED
512,g_chan[1].u_cdc_chw.mem[6][17]$_DFFE_PP_,clk_core,3.88,1.48,0.001130079683887189,3.8788699203161126,setup,measured_cell_rail,orfs_ssd_ctrl_cfg_small,final_psm/ssd_ctrl_cfg_small/VDD_BUMPS.csv + VSS_BUMPS.csv,1.1,True,VALIDATED
515,g_chan[1].u_cdc_chw.mem[8][17]$_DFFE_PP_,clk_core,3.88,1.47,0.001129052523990537,3.8788709474760092,setup,measured_cell_rail,orfs_ssd_ctrl_cfg_small,final_psm/ssd_ctrl_cfg_small/VDD_BUMPS.csv + VSS_BUMPS.csv,1.1,True,VALIDATED
514,g_chan[1].u_cdc_chw.mem[9][17]$_DFFE_PP_,clk_core,3.88,1.47,0.001129052523990537,3.8788709474760092,setup,measured_cell_rail,orfs_ssd_ctrl_cfg_small,final_psm/ssd_ctrl_cfg_small/VDD_BUMPS.csv + VSS_BUMPS.csv,1.1,True,VALIDATED
509,g_chan[1].u_cdc_chw.mem[4][17]$_DFFE_PP_,clk_core,3.88,1.48,0.0011272289185055018,3.8788727710814945,setup,measured_cell_rail,orfs_ssd_ctrl_cfg_small,final_psm/ssd_ctrl_cfg_small/VDD_BUMPS.csv + VSS_BUMPS.csv,1.1,True,VALIDATED
511,g_chan[1].u_cdc_chw.mem[7][17]$_DFFE_PP_,clk_core,3.88,1.48,0.0011269494505007915,3.8788730505494993,setup,measured_cell_rail,orfs_ssd_ctrl_cfg_small,final_psm/ssd_ctrl_cfg_small/VDD_BUMPS.csv + VSS_BUMPS.csv,1.1,True,VALIDATED
507,g_chan[1].u_cdc_chw.mem[5][17]$_DFFE_PP_,clk_core,3.88,1.48,0.001122422536396106,3.8788775774636037,setup,measured_cell_rail,orfs_ssd_ctrl_cfg_small,final_psm/ssd_ctrl_cfg_small/VDD_BUMPS.csv + VSS_BUMPS.csv,1.1,True,VALIDATED
518,c_cmd_addr[23]$_DFFE_PN0N_,clk_core,3.89,1.48,0.0012641438808174699,3.8887358561191827,setup,measured_cell_rail,orfs_ssd_ctrl_cfg_small,final_psm/ssd_ctrl_cfg_small/VDD_BUMPS.csv + VSS_BUMPS.csv,1.1,True,VALIDATED
519,c_cmd_len[20]$_DFFE_PN0N_,clk_core,3.89,1.47,0.001245163089665921,3.8887548369103344,setup,measured_cell_rail,orfs_ssd_ctrl_cfg_small,final_psm/ssd_ctrl_cfg_small/VDD_BUMPS.csv + VSS_BUMPS.csv,1.1,True,VALIDATED
520,c_cmd_len[14]$_DFFE_PN0N_,clk_core,3.9,1.47,0.0013022300536614378,3.8986977699463385,setup,measured_cell_rail,orfs_ssd_ctrl_cfg_small,final_psm/ssd_ctrl_cfg_small/VDD_BUMPS.csv + VSS_BUMPS.csv,1.1,True,VALIDATED
522,c_cmd_len[29]$_DFFE_PN0N_,clk_core,3.9,1.46,0.001214253807931498,3.8987857461920683,setup,measured_cell_rail,orfs_ssd_ctrl_cfg_small,final_psm/ssd_ctrl_cfg_small/VDD_BUMPS.csv + VSS_BUMPS.csv,1.1,True,VALIDATED
521,c_cmd_len[21]$_DFFE_PN0N_,clk_core,3.9,1.47,0.0012067501426632488,3.8987932498573366,setup,measured_cell_rail,orfs_ssd_ctrl_cfg_small,final_psm/ssd_ctrl_cfg_small/VDD_BUMPS.csv + VSS_BUMPS.csv,1.1,True,VALIDATED
523,c_cmd_len[31]$_DFFE_PN0N_,clk_core,3.9,1.47,0.001184511776599187,3.8988154882234007,setup,measured_cell_rail,orfs_ssd_ctrl_cfg_small,final_psm/ssd_ctrl_cfg_small/VDD_BUMPS.csv + VSS_BUMPS.csv,1.1,True,VALIDATED
525,c_cmd_len[13]$_DFFE_PN0N_,clk_core,3.91,1.46,0.0013328739505597542,3.9086671260494406,setup,measured_cell_rail,orfs_ssd_ctrl_cfg_small,final_psm/ssd_ctrl_cfg_small/VDD_BUMPS.csv + VSS_BUMPS.csv,1.1,True,VALIDATED
526,c_cmd_len[2]$_DFFE_PN0N_,clk_core,3.91,1.45,0.0012970289472367807,3.9087029710527634,setup,measured_cell_rail,orfs_ssd_ctrl_cfg_small,final_psm/ssd_ctrl_cfg_small/VDD_BUMPS.csv + VSS_BUMPS.csv,1.1,True,VALIDATED
524,c_cmd_len[27]$_DFFE_PN0N_,clk_core,3.91,1.46,0.0012226325083873057,3.908777367491613,setup,measured_cell_rail,orfs_ssd_ctrl_cfg_small,final_psm/ssd_ctrl_cfg_small/VDD_BUMPS.csv + VSS_BUMPS.csv,1.1,True,VALIDATED
528,c_cmd_len[8]$_DFFE_PN0N_,clk_core,3.92,1.45,0.001289585224135914,3.9187104147758642,setup,measured_cell_rail,orfs_ssd_ctrl_cfg_small,final_psm/ssd_ctrl_cfg_small/VDD_BUMPS.csv + VSS_BUMPS.csv,1.1,True,VALIDATED
527,c_cmd_len[30]$_DFFE_PN0N_,clk_core,3.92,1.45,0.0012426060228650504,3.9187573939771347,setup,measured_cell_rail,orfs_ssd_ctrl_cfg_small,final_psm/ssd_ctrl_cfg_small/VDD_BUMPS.csv + VSS_BUMPS.csv,1.1,True,VALIDATED
543,c_cmd_addr[5]$_DFFE_PN0N_,clk_core,3.93,1.43,0.001196626923483407,3.9288033730765166,setup,measured_cell_rail,orfs_ssd_ctrl_cfg_small,final_psm/ssd_ctrl_cfg_small/VDD_BUMPS.csv + VSS_BUMPS.csv,1.1,True,VALIDATED
542,g_chan[0].u_cdc_chw.mem[14][25]$_DFFE_PP_,clk_core,3.93,1.42,0.0010898339921188577,3.9289101660078813,setup,measured_cell_rail,orfs_ssd_ctrl_cfg_small,final_psm/ssd_ctrl_cfg_small/VDD_BUMPS.csv + VSS_BUMPS.csv,1.1,True,VALIDATED
530,g_chan[0].u_cdc_chw.mem[8][25]$_DFFE_PP_,clk_core,3.93,1.42,0.0010812296337184557,3.928918770366282,setup,measured_cell_rail,orfs_ssd_ctrl_cfg_small,final_psm/ssd_ctrl_cfg_small/VDD_BUMPS.csv + VSS_BUMPS.csv,1.1,True,VALIDATED
538,g_chan[0].u_cdc_chw.mem[11][25]$_DFFE_PP_,clk_core,3.93,1.42,0.0010773818819683617,3.928922618118032,setup,measured_cell_rail,orfs_ssd_ctrl_cfg_small,final_psm/ssd_ctrl_cfg_small/VDD_BUMPS.csv + VSS_BUMPS.csv,1.1,True,VALIDATED
535,g_chan[0].u_cdc_chw.mem[7][25]$_DFFE_PP_,clk_core,3.93,1.42,0.0010753424149152896,3.928924657585085,setup,measured_cell_rail,orfs_ssd_ctrl_cfg_small,final_psm/ssd_ctrl_cfg_small/VDD_BUMPS.csv + VSS_BUMPS.csv,1.1,True,VALIDATED
529,g_chan[0].u_cdc_chw.mem[9][25]$_DFFE_PP_,clk_core,3.93,1.42,0.0010751744928632068,3.9289248255071367,setup,measured_cell_rail,orfs_ssd_ctrl_cfg_small,final_psm/ssd_ctrl_cfg_small/VDD_BUMPS.csv + VSS_BUMPS.csv,1.1,True,VALIDATED
534,g_chan[0].u_cdc_chw.mem[3][25]$_DFFE_PP_,clk_core,3.93,1.42,0.0010751726168829606,3.928924827383117,setup,measured_cell_rail,orfs_ssd_ctrl_cfg_small,final_psm/ssd_ctrl_cfg_small/VDD_BUMPS.csv + VSS_BUMPS.csv,1.1,True,VALIDATED
532,g_chan[0].u_cdc_chw.mem[10][25]$_DFFE_PP_,clk_core,3.93,1.42,0.0010746652528882267,3.928925334747112,setup,measured_cell_rail,orfs_ssd_ctrl_cfg_small,final_psm/ssd_ctrl_cfg_small/VDD_BUMPS.csv + VSS_BUMPS.csv,1.1,True,VALIDATED
539,g_chan[0].u_cdc_chw.mem[13][25]$_DFFE_PP_,clk_core,3.93,1.41,0.0010741211351894125,3.9289258788648107,setup,measured_cell_rail,orfs_ssd_ctrl_cfg_small,final_psm/ssd_ctrl_cfg_small/VDD_BUMPS.csv + VSS_BUMPS.csv,1.1,True,VALIDATED
540,g_chan[0].u_cdc_chw.mem[12][25]$_DFFE_PP_,clk_core,3.93,1.41,0.0010741211351894125,3.9289258788648107,setup,measured_cell_rail,orfs_ssd_ctrl_cfg_small,final_psm/ssd_ctrl_cfg_small/VDD_BUMPS.csv + VSS_BUMPS.csv,1.1,True,VALIDATED
544,g_chan[0].u_cdc_chw.mem[15][25]$_DFFE_PP_,clk_core,3.93,1.41,0.001074064654550455,3.9289259353454495,setup,measured_cell_rail,orfs_ssd_ctrl_cfg_small,final_psm/ssd_ctrl_cfg_small/VDD_BUMPS.csv + VSS_BUMPS.csv,1.1,True,VALIDATED
537,g_chan[0].u_cdc_chw.mem[2][25]$_DFFE_PP_,clk_core,3.93,1.42,0.001073531298978747,3.9289264687010212,setup,measured_cell_rail,orfs_ssd_ctrl_cfg_small,final_psm/ssd_ctrl_cfg_small/VDD_BUMPS.csv + VSS_BUMPS.csv,1.1,True,VALIDATED
533,g_chan[0].u_cdc_chw.mem[5][25]$_DFFE_PP_,clk_core,3.93,1.42,0.0010733049192737792,3.9289266950807265,setup,measured_cell_rail,orfs_ssd_ctrl_cfg_small,final_psm/ssd_ctrl_cfg_small/VDD_BUMPS.csv + VSS_BUMPS.csv,1.1,True,VALIDATED
531,g_chan[0].u_cdc_chw.mem[4][25]$_DFFE_PP_,clk_core,3.93,1.42,0.0010727389795259917,3.928927261020474,setup,measured_cell_rail,orfs_ssd_ctrl_cfg_small,final_psm/ssd_ctrl_cfg_small/VDD_BUMPS.csv + VSS_BUMPS.csv,1.1,True,VALIDATED
536,g_chan[0].u_cdc_chw.mem[1][25]$_DFFE_PP_,clk_core,3.93,1.42,0.0010588211402864645,3.9289411788597137,setup,measured_cell_rail,orfs_ssd_ctrl_cfg_small,final_psm/ssd_ctrl_cfg_small/VDD_BUMPS.csv + VSS_BUMPS.csv,1.1,True,VALIDATED
541,g_chan[0].u_cdc_chw.mem[0][25]$_DFFE_PP_,clk_core,3.93,1.42,0.0010588211402864645,3.9289411788597137,setup,measured_cell_rail,orfs_ssd_ctrl_cfg_small,final_psm/ssd_ctrl_cfg_small/VDD_BUMPS.csv + VSS_BUMPS.csv,1.1,True,VALIDATED
553,c_cmd_addr[4]$_DFFE_PN0N_,clk_core,3.94,1.42,0.0011921347210636368,3.9388078652789362,setup,measured_cell_rail,orfs_ssd_ctrl_cfg_small,final_psm/ssd_ctrl_cfg_small/VDD_BUMPS.csv + VSS_BUMPS.csv,1.1,True,VALIDATED
545,c_cmd_addr[3]$_DFFE_PN0N_,clk_core,3.94,1.43,0.0011920302243346725,3.9388079697756653,setup,measured_cell_rail,orfs_ssd_ctrl_cfg_small,final_psm/ssd_ctrl_cfg_small/VDD_BUMPS.csv + VSS_BUMPS.csv,1.1,True,VALIDATED
579,g_chan[0].u_cdc_chw.mem[8][23]$_DFFE_PP_,clk_core,3.94,1.41,0.001098872381396429,3.9389011276186037,setup,measured_cell_rail,orfs_ssd_ctrl_cfg_small,final_psm/ssd_ctrl_cfg_small/VDD_BUMPS.csv + VSS_BUMPS.csv,1.1,True,VALIDATED
576,g_chan[0].u_cdc_chw.mem[1][23]$_DFFE_PP_,clk_core,3.94,1.41,0.001080989481231004,3.938919010518769,setup,measured_cell_rail,orfs_ssd_ctrl_cfg_small,final_psm/ssd_ctrl_cfg_small/VDD_BUMPS.csv + VSS_BUMPS.csv,1.1,True,VALIDATED
549,g_chan[0].u_cdc_chw.mem[6][25]$_DFFE_PP_,clk_core,3.94,1.42,0.0010782930462499285,3.93892170695375,setup,measured_cell_rail,orfs_ssd_ctrl_cfg_small,final_psm/ssd_ctrl_cfg_small/VDD_BUMPS.csv + VSS_BUMPS.csv,1.1,True,VALIDATED
570,g_chan[0].u_cdc_chw.mem[9][23]$_DFFE_PP_,clk_core,3.94,1.41,0.0010780103259227652,3.938921989674077,setup,measured_cell_rail,orfs_ssd_ctrl_cfg_small,final_psm/ssd_ctrl_cfg_small/VDD_BUMPS.csv + VSS_BUMPS.csv,1.1,True,VALIDATED
578,g_chan[0].u_cdc_chw.mem[0][23]$_DFFE_PP_,clk_core,3.94,1.41,0.0010766051956230815,3.9389233948043767,setup,measured_cell_rail,orfs_ssd_ctrl_cfg_small,final_psm/ssd_ctrl_cfg_small/VDD_BUMPS.csv + VSS_BUMPS.csv,1.1,True,VALIDATED
550,g_chan[1].u_cdc_chw.mem[13][31]$_DFFE_PP_,clk_core,3.94,1.41,0.0010761016363727977,3.938923898363627,setup,measured_cell_rail,orfs_ssd_ctrl_cfg_small,final_psm/ssd_ctrl_cfg_small/VDD_BUMPS.csv + VSS_BUMPS.csv,1.1,True,VALIDATED
564,g_chan[0].u_cdc_chw.mem[7][23]$_DFFE_PP_,clk_core,3.94,1.41,0.001075420652589712,3.93892457934741,setup,measured_cell_rail,orfs_ssd_ctrl_cfg_small,final_psm/ssd_ctrl_cfg_small/VDD_BUMPS.csv + VSS_BUMPS.csv,1.1,True,VALIDATED
548,g_chan[1].u_cdc_chw.mem[12][31]$_DFFE_PP_,clk_core,3.94,1.41,0.0010747521586764314,3.9389252478413237,setup,measured_cell_rail,orfs_ssd_ctrl_cfg_small,final_psm/ssd_ctrl_cfg_small/VDD_BUMPS.csv + VSS_BUMPS.csv,1.1,True,VALIDATED
546,g_chan[1].u_cdc_chw.mem[10][31]$_DFFE_PP_,clk_core,3.94,1.41,0.0010743585756719104,3.938925641424328,setup,measured_cell_rail,orfs_ssd_ctrl_cfg_small,final_psm/ssd_ctrl_cfg_small/VDD_BUMPS.csv + VSS_BUMPS.csv,1.1,True,VALIDATED
547,g_chan[1].u_cdc_chw.mem[15][31]$_DFFE_PP_,clk_core,3.94,1.41,0.0010737963257186345,3.9389262036742814,setup,measured_cell_rail,orfs_ssd_ctrl_cfg_small,final_psm/ssd_ctrl_cfg_small/VDD_BUMPS.csv + VSS_BUMPS.csv,1.1,True,VALIDATED
551,g_chan[1].u_cdc_chw.mem[14][31]$_DFFE_PP_,clk_core,3.94,1.41,0.001071491242125619,3.9389285087578743,setup,measured_cell_rail,orfs_ssd_ctrl_cfg_small,final_psm/ssd_ctrl_cfg_small/VDD_BUMPS.csv + VSS_BUMPS.csv,1.1,True,VALIDATED
558,g_chan[0].u_cdc_chw.mem[6][23]$_DFFE_PP_,clk_core,3.94,1.41,0.0010674382949653477,3.938932561705035,setup,measured_cell_rail,orfs_ssd_ctrl_cfg_small,final_psm/ssd_ctrl_cfg_small/VDD_BUMPS.csv + VSS_BUMPS.csv,1.1,True,VALIDATED
569,g_chan[0].u_cdc_chw.mem[2][23]$_DFFE_PP_,clk_core,3.94,1.41,0.0010664266412440948,3.938933573358756,setup,measured_cell_rail,orfs_ssd_ctrl_cfg_small,final_psm/ssd_ctrl_cfg_small/VDD_BUMPS.csv + VSS_BUMPS.csv,1.1,True,VALIDATED
572,g_chan[0].u_cdc_chw.mem[3][23]$_DFFE_PP_,clk_core,3.94,1.41,0.0010658665284180996,3.938934133471582,setup,measured_cell_rail,orfs_ssd_ctrl_cfg_small,final_psm/ssd_ctrl_cfg_small/VDD_BUMPS.csv + VSS_BUMPS.csv,1.1,True,VALIDATED
552,g_chan[0].u_cdc_chw.mem[14][24]$_DFFE_PP_,clk_core,3.94,1.41,0.0010634148114738867,3.938936585188526,setup,measured_cell_rail,orfs_ssd_ctrl_cfg_small,final_psm/ssd_ctrl_cfg_small/VDD_BUMPS.csv + VSS_BUMPS.csv,1.1,True,VALIDATED
575,g_chan[0].u_cdc_chw.mem[5][23]$_DFFE_PP_,clk_core,3.94,1.41,0.0010620978592000563,3.9389379021408,setup,measured_cell_rail,orfs_ssd_ctrl_cfg_small,final_psm/ssd_ctrl_cfg_small/VDD_BUMPS.csv + VSS_BUMPS.csv,1.1,True,VALIDATED
561,g_chan[0].u_cdc_chw.mem[10][24]$_DFFE_PP_,clk_core,3.94,1.41,0.0010620619414779264,3.938937938058522,setup,measured_cell_rail,orfs_ssd_ctrl_cfg_small,final_psm/ssd_ctrl_cfg_small/VDD_BUMPS.csv + VSS_BUMPS.csv,1.1,True,VALIDATED
560,g_chan[0].u_cdc_chw.mem[15][24]$_DFFE_PP_,clk_core,3.94,1.41,0.0010600383423584048,3.9389399616576415,setup,measured_cell_rail,orfs_ssd_ctrl_cfg_small,final_psm/ssd_ctrl_cfg_small/VDD_BUMPS.csv + VSS_BUMPS.csv,1.1,True,VALIDATED
577,g_chan[1].u_cdc_chw.mem[8][31]$_DFFE_PP_,clk_core,3.94,1.41,0.0010565337596883245,3.9389434662403118,setup,measured_cell_rail,orfs_ssd_ctrl_cfg_small,final_psm/ssd_ctrl_cfg_small/VDD_BUMPS.csv + VSS_BUMPS.csv,1.1,True,VALIDATED
571,g_chan[0].u_cdc_chw.mem[8][24]$_DFFE_PP_,clk_core,3.94,1.41,0.0010562167872411043,3.9389437832127587,setup,measured_cell_rail,orfs_ssd_ctrl_cfg_small,final_psm/ssd_ctrl_cfg_small/VDD_BUMPS.csv + VSS_BUMPS.csv,1.1,True,VALIDATED
574,g_chan[0].u_cdc_chw.mem[4][23]$_DFFE_PP_,clk_core,3.94,1.41,0.0010558041680003571,3.9389441958319997,setup,measured_cell_rail,orfs_ssd_ctrl_cfg_small,final_psm/ssd_ctrl_cfg_small/VDD_BUMPS.csv + VSS_BUMPS.csv,1.1,True,VALIDATED
562,g_chan[0].u_cdc_chw.mem[13][24]$_DFFE_PP_,clk_core,3.94,1.41,0.001055205303589421,3.9389447946964107,setup,measured_cell_rail,orfs_ssd_ctrl_cfg_small,final_psm/ssd_ctrl_cfg_small/VDD_BUMPS.csv + VSS_BUMPS.csv,1.1,True,VALIDATED
567,g_chan[0].u_cdc_chw.mem[12][24]$_DFFE_PP_,clk_core,3.94,1.41,0.001055205303589421,3.9389447946964107,setup,measured_cell_rail,orfs_ssd_ctrl_cfg_small,final_psm/ssd_ctrl_cfg_small/VDD_BUMPS.csv + VSS_BUMPS.csv,1.1,True,VALIDATED
573,g_chan[0].u_cdc_chw.mem[11][24]$_DFFE_PP_,clk_core,3.94,1.41,0.0010529015318260782,3.938947098468174,setup,measured_cell_rail,orfs_ssd_ctrl_cfg_small,final_psm/ssd_ctrl_cfg_small/VDD_BUMPS.csv + VSS_BUMPS.csv,1.1,True,VALIDATED
566,g_chan[0].u_cdc_chw.mem[6][24]$_DFFE_PP_,clk_core,3.94,1.41,0.0010500312601117029,3.9389499687398883,setup,measured_cell_rail,orfs_ssd_ctrl_cfg_small,final_psm/ssd_ctrl_cfg_small/VDD_BUMPS.csv + VSS_BUMPS.csv,1.1,True,VALIDATED
565,g_chan[0].u_cdc_chw.mem[5][24]$_DFFE_PP_,clk_core,3.94,1.41,0.0010462654747221134,3.9389537345252776,setup,measured_cell_rail,orfs_ssd_ctrl_cfg_small,final_psm/ssd_ctrl_cfg_small/VDD_BUMPS.csv + VSS_BUMPS.csv,1.1,True,VALIDATED
568,g_chan[0].u_cdc_chw.mem[4][24]$_DFFE_PP_,clk_core,3.94,1.41,0.001046153072532821,3.938953846927467,setup,measured_cell_rail,orfs_ssd_ctrl_cfg_small,final_psm/ssd_ctrl_cfg_small/VDD_BUMPS.csv + VSS_BUMPS.csv,1.1,True,VALIDATED
557,g_chan[0].u_cdc_chw.mem[0][24]$_DFFE_PP_,clk_core,3.94,1.41,0.0010433431932718729,3.9389566568067282,setup,measured_cell_rail,orfs_ssd_ctrl_cfg_small,final_psm/ssd_ctrl_cfg_small/VDD_BUMPS.csv + VSS_BUMPS.csv,1.1,True,VALIDATED
554,g_chan[0].u_cdc_chw.mem[9][24]$_DFFE_PP_,clk_core,3.94,1.41,0.0010415450022682043,3.938958454997732,setup,measured_cell_rail,orfs_ssd_ctrl_cfg_small,final_psm/ssd_ctrl_cfg_small/VDD_BUMPS.csv + VSS_BUMPS.csv,1.1,True,VALIDATED
556,g_chan[0].u_cdc_chw.mem[7][24]$_DFFE_PP_,clk_core,3.94,1.41,0.0010412079106907612,3.938958792089309,setup,measured_cell_rail,orfs_ssd_ctrl_cfg_small,final_psm/ssd_ctrl_cfg_small/VDD_BUMPS.csv + VSS_BUMPS.csv,1.1,True,VALIDATED
559,g_chan[0].u_cdc_chw.mem[3][24]$_DFFE_PP_,clk_core,3.94,1.41,0.001038567098874968,3.938961432901125,setup,measured_cell_rail,orfs_ssd_ctrl_cfg_small,final_psm/ssd_ctrl_cfg_small/VDD_BUMPS.csv + VSS_BUMPS.csv,1.1,True,VALIDATED
555,g_chan[0].u_cdc_chw.mem[2][24]$_DFFE_PP_,clk_core,3.94,1.41,0.0010382861841570085,3.938961713815843,setup,measured_cell_rail,orfs_ssd_ctrl_cfg_small,final_psm/ssd_ctrl_cfg_small/VDD_BUMPS.csv + VSS_BUMPS.csv,1.1,True,VALIDATED
563,g_chan[0].u_cdc_chw.mem[1][24]$_DFFE_PP_,clk_core,3.94,1.41,0.0010353088007518801,3.938964691199248,setup,measured_cell_rail,orfs_ssd_ctrl_cfg_small,final_psm/ssd_ctrl_cfg_small/VDD_BUMPS.csv + VSS_BUMPS.csv,1.1,True,VALIDATED
604,c_cmd_len[19]$_DFFE_PN0N_,clk_core,3.95,1.41,0.0012396971245131477,3.948760302875487,setup,measured_cell_rail,orfs_ssd_ctrl_cfg_small,final_psm/ssd_ctrl_cfg_small/VDD_BUMPS.csv + VSS_BUMPS.csv,1.1,True,VALIDATED
594,c_cmd_len[17]$_DFFE_PN0N_,clk_core,3.95,1.42,0.0012254872389287491,3.9487745127610716,setup,measured_cell_rail,orfs_ssd_ctrl_cfg_small,final_psm/ssd_ctrl_cfg_small/VDD_BUMPS.csv + VSS_BUMPS.csv,1.1,True,VALIDATED
593,c_cmd_len[24]$_DFFE_PN0N_,clk_core,3.95,1.42,0.0012136446551733876,3.9487863553448266,setup,measured_cell_rail,orfs_ssd_ctrl_cfg_small,final_psm/ssd_ctrl_cfg_small/VDD_BUMPS.csv + VSS_BUMPS.csv,1.1,True,VALIDATED
599,g_chan[1].u_cdc_chw.mem[12][14]$_DFFE_PP_,clk_core,3.95,1.4,0.0011182967061784815,3.9488817032938215,setup,measured_cell_rail,orfs_ssd_ctrl_cfg_small,final_psm/ssd_ctrl_cfg_small/VDD_BUMPS.csv + VSS_BUMPS.csv,1.1,True,VALIDATED
590,g_chan[1].u_cdc_chw.mem[15][14]$_DFFE_PP_,clk_core,3.95,1.4,0.0011181292135867688,3.9488818707864133,setup,measured_cell_rail,orfs_ssd_ctrl_cfg_small,final_psm/ssd_ctrl_cfg_small/VDD_BUMPS.csv + VSS_BUMPS.csv,1.1,True,VALIDATED
592,g_chan[1].u_cdc_chw.mem[9][14]$_DFFE_PP_,clk_core,3.95,1.4,0.0011180733843324658,3.948881926615668,setup,measured_cell_rail,orfs_ssd_ctrl_cfg_small,final_psm/ssd_ctrl_cfg_small/VDD_BUMPS.csv + VSS_BUMPS.csv,1.1,True,VALIDATED
597,g_chan[1].u_cdc_chw.mem[13][14]$_DFFE_PP_,clk_core,3.95,1.4,0.0011180175558829636,3.9488819824441173,setup,measured_cell_rail,orfs_ssd_ctrl_cfg_small,final_psm/ssd_ctrl_cfg_small/VDD_BUMPS.csv + VSS_BUMPS.csv,1.1,True,VALIDATED
589,g_chan[1].u_cdc_chw.mem[14][14]$_DFFE_PP_,clk_core,3.95,1.4,0.0011178500673152125,3.948882149932685,setup,measured_cell_rail,orfs_ssd_ctrl_cfg_small,final_psm/ssd_ctrl_cfg_small/VDD_BUMPS.csv + VSS_BUMPS.csv,1.1,True,VALIDATED
598,g_chan[1].u_cdc_chw.mem[8][25]$_DFFE_PP_,clk_core,3.95,1.4,0.001117600650806433,3.948882399349194,setup,measured_cell_rail,orfs_ssd_ctrl_cfg_small,final_psm/ssd_ctrl_cfg_small/VDD_BUMPS.csv + VSS_BUMPS.csv,1.1,True,VALIDATED
602,g_chan[1].u_cdc_chw.mem[8][14]$_DFFE_PP_,clk_core,3.95,1.4,0.0011001414639273538,3.948899858536073,setup,measured_cell_rail,orfs_ssd_ctrl_cfg_small,final_psm/ssd_ctrl_cfg_small/VDD_BUMPS.csv + VSS_BUMPS.csv,1.1,True,VALIDATED
603,g_chan[1].u_cdc_chw.mem[11][14]$_DFFE_PP_,clk_core,3.95,1.4,0.001097071061487459,3.9489029289385127,setup,measured_cell_rail,orfs_ssd_ctrl_cfg_small,final_psm/ssd_ctrl_cfg_small/VDD_BUMPS.csv + VSS_BUMPS.csv,1.1,True,VALIDATED
596,g_chan[1].u_cdc_chw.mem[13][25]$_DFFE_PP_,clk_core,3.95,1.4,0.0010960436147511715,3.948903956385249,setup,measured_cell_rail,orfs_ssd_ctrl_cfg_small,final_psm/ssd_ctrl_cfg_small/VDD_BUMPS.csv + VSS_BUMPS.csv,1.1,True,VALIDATED
601,g_chan[1].u_cdc_chw.mem[1][25]$_DFFE_PP_,clk_core,3.95,1.4,0.0010953178745485154,3.948904682125452,setup,measured_cell_rail,orfs_ssd_ctrl_cfg_small,final_psm/ssd_ctrl_cfg_small/VDD_BUMPS.csv + VSS_BUMPS.csv,1.1,True,VALIDATED
595,g_chan[1].u_cdc_chw.mem[10][14]$_DFFE_PP_,clk_core,3.95,1.4,0.0010932196757442586,3.948906780324256,setup,measured_cell_rail,orfs_ssd_ctrl_cfg_small,final_psm/ssd_ctrl_cfg_small/VDD_BUMPS.csv + VSS_BUMPS.csv,1.1,True,VALIDATED
591,g_chan[1].u_cdc_chw.mem[15][23]$_DFFE_PP_,clk_core,3.95,1.4,0.001084659816716238,3.9489153401832837,setup,measured_cell_rail,orfs_ssd_ctrl_cfg_small,final_psm/ssd_ctrl_cfg_small/VDD_BUMPS.csv + VSS_BUMPS.csv,1.1,True,VALIDATED
600,g_chan[1].u_cdc_chw.mem[15][25]$_DFFE_PP_,clk_core,3.95,1.4,0.0010826343601317567,3.9489173656398684,setup,measured_cell_rail,orfs_ssd_ctrl_cfg_small,final_psm/ssd_ctrl_cfg_small/VDD_BUMPS.csv + VSS_BUMPS.csv,1.1,True,VALIDATED
588,g_chan[1].u_cdc_chw.mem[14][23]$_DFFE_PP_,clk_core,3.95,1.4,0.0010801389940003209,3.948919861006,setup,measured_cell_rail,orfs_ssd_ctrl_cfg_small,final_psm/ssd_ctrl_cfg_small/VDD_BUMPS.csv + VSS_BUMPS.csv,1.1,True,VALIDATED
580,g_chan[0].u_cdc_chw.mem[11][23]$_DFFE_PP_,clk_core,3.95,1.41,0.0010795279614227715,3.9489204720385773,setup,measured_cell_rail,orfs_ssd_ctrl_cfg_small,final_psm/ssd_ctrl_cfg_small/VDD_BUMPS.csv + VSS_BUMPS.csv,1.1,True,VALIDATED
605,g_chan[1].u_cdc_chw.mem[14][25]$_DFFE_PP_,clk_core,3.95,1.4,0.001078558314967809,3.9489214416850325,setup,measured_cell_rail,orfs_ssd_ctrl_cfg_small,final_psm/ssd_ctrl_cfg_small/VDD_BUMPS.csv + VSS_BUMPS.csv,1.1,True,VALIDATED
607,g_chan[1].u_cdc_chw.mem[12][25]$_DFFE_PP_,clk_core,3.95,1.4,0.0010781116943460595,3.9489218883056543,setup,measured_cell_rail,orfs_ssd_ctrl_cfg_small,final_psm/ssd_ctrl_cfg_small/VDD_BUMPS.csv + VSS_BUMPS.csv,1.1,True,VALIDATED
586,g_chan[0].u_cdc_chw.mem[14][23]$_DFFE_PP_,clk_core,3.95,1.41,0.001073227990759304,3.9489267720092407,setup,measured_cell_rail,orfs_ssd_ctrl_cfg_small,final_psm/ssd_ctrl_cfg_small/VDD_BUMPS.csv + VSS_BUMPS.csv,1.1,True,VALIDATED
606,g_chan[1].u_cdc_chw.mem[6][23]$_DFFE_PP_,clk_core,3.95,1.39,0.001072611976166718,3.9489273880238334,setup,measured_cell_rail,orfs_ssd_ctrl_cfg_small,final_psm/ssd_ctrl_cfg_small/VDD_BUMPS.csv + VSS_BUMPS.csv,1.1,True,VALIDATED
581,g_chan[0].u_cdc_chw.mem[12][23]$_DFFE_PP_,clk_core,3.95,1.41,0.0010688467671749052,3.948931153232825,setup,measured_cell_rail,orfs_ssd_ctrl_cfg_small,final_psm/ssd_ctrl_cfg_small/VDD_BUMPS.csv + VSS_BUMPS.csv,1.1,True,VALIDATED
584,g_chan[0].u_cdc_chw.mem[10][23]$_DFFE_PP_,clk_core,3.95,1.41,0.0010676066661859107,3.948932393333814,setup,measured_cell_rail,orfs_ssd_ctrl_cfg_small,final_psm/ssd_ctrl_cfg_small/VDD_BUMPS.csv + VSS_BUMPS.csv,1.1,True,VALIDATED
585,g_chan[0].u_cdc_chw.mem[15][23]$_DFFE_PP_,clk_core,3.95,1.41,0.0010633915587685006,3.948936608441232,setup,measured_cell_rail,orfs_ssd_ctrl_cfg_small,final_psm/ssd_ctrl_cfg_small/VDD_BUMPS.csv + VSS_BUMPS.csv,1.1,True,VALIDATED
587,g_chan[0].u_cdc_chw.mem[13][23]$_DFFE_PP_,clk_core,3.95,1.41,0.0010605819089472418,3.948939418091053,setup,measured_cell_rail,orfs_ssd_ctrl_cfg_small,final_psm/ssd_ctrl_cfg_small/VDD_BUMPS.csv + VSS_BUMPS.csv,1.1,True,VALIDATED
582,g_chan[1].u_cdc_chw.mem[11][31]$_DFFE_PP_,clk_core,3.95,1.41,0.0010591755188691654,3.948940824481131,setup,measured_cell_rail,orfs_ssd_ctrl_cfg_small,final_psm/ssd_ctrl_cfg_small/VDD_BUMPS.csv + VSS_BUMPS.csv,1.1,True,VALIDATED
583,g_chan[1].u_cdc_chw.mem[9][31]$_DFFE_PP_,clk_core,3.95,1.41,0.001056252739028457,3.9489437472609716,setup,measured_cell_rail,orfs_ssd_ctrl_cfg_small,final_psm/ssd_ctrl_cfg_small/VDD_BUMPS.csv + VSS_BUMPS.csv,1.1,True,VALIDATED
660,u_dma_fabric.rbeat_data[8]$_DFFE_PN0P_,clk_core,3.96,1.38,0.0011360934010371526,3.958863906598963,setup,measured_cell_rail,orfs_ssd_ctrl_cfg_small,final_psm/ssd_ctrl_cfg_small/VDD_BUMPS.csv + VSS_BUMPS.csv,1.1,True,VALIDATED
634,g_chan[1].u_cdc_chw.mem[9][23]$_DFFE_PP_,clk_core,3.96,1.4,0.0011063269117745772,3.9588936730882254,setup,measured_cell_rail,orfs_ssd_ctrl_cfg_small,final_psm/ssd_ctrl_cfg_small/VDD_BUMPS.csv + VSS_BUMPS.csv,1.1,True,VALIDATED
618,g_chan[1].u_cdc_chw.mem[8][23]$_DFFE_PP_,clk_core,3.96,1.4,0.0011037574560172347,3.958896242543983,setup,measured_cell_rail,orfs_ssd_ctrl_cfg_small,final_psm/ssd_ctrl_cfg_small/VDD_BUMPS.csv + VSS_BUMPS.csv,1.1,True,VALIDATED
617,g_chan[1].u_cdc_chw.mem[13][23]$_DFFE_PP_,clk_core,3.96,1.4,0.0011025287150385754,3.9588974712849616,setup,measured_cell_rail,orfs_ssd_ctrl_cfg_small,final_psm/ssd_ctrl_cfg_small/VDD_BUMPS.csv + VSS_BUMPS.csv,1.1,True,VALIDATED
640,g_chan[1].u_cdc_chw.mem[10][23]$_DFFE_PP_,clk_core,3.96,1.39,0.0010994248106456217,3.9589005751893542,setup,measured_cell_rail,orfs_ssd_ctrl_cfg_small,final_psm/ssd_ctrl_cfg_small/VDD_BUMPS.csv + VSS_BUMPS.csv,1.1,True,VALIDATED
620,g_chan[1].u_cdc_chw.mem[12][23]$_DFFE_PP_,clk_core,3.96,1.4,0.0010982286331248925,3.9589017713668753,setup,measured_cell_rail,orfs_ssd_ctrl_cfg_small,final_psm/ssd_ctrl_cfg_small/VDD_BUMPS.csv + VSS_BUMPS.csv,1.1,True,VALIDATED
642,g_chan[1].u_cdc_chw.mem[11][23]$_DFFE_PP_,clk_core,3.96,1.39,0.0010964836148522339,3.958903516385148,setup,measured_cell_rail,orfs_ssd_ctrl_cfg_small,final_psm/ssd_ctrl_cfg_small/VDD_BUMPS.csv + VSS_BUMPS.csv,1.1,True,VALIDATED
650,g_chan[1].u_cdc_chw.mem[7][23]$_DFFE_PP_,clk_core,3.96,1.39,0.0010928794045218793,3.958907120595478,setup,measured_cell_rail,orfs_ssd_ctrl_cfg_small,final_psm/ssd_ctrl_cfg_small/VDD_BUMPS.csv + VSS_BUMPS.csv,1.1,True,VALIDATED
659,g_chan[0].u_cdc_chw.mem[12][19]$_DFFE_PP_,clk_core,3.96,1.39,0.0010879295752304757,3.9589120704247693,setup,measured_cell_rail,orfs_ssd_ctrl_cfg_small,final_psm/ssd_ctrl_cfg_small/VDD_BUMPS.csv + VSS_BUMPS.csv,1.1,True,VALIDATED
616,g_chan[1].u_cdc_chw.mem[1][12]$_DFFE_PP_,clk_core,3.96,1.39,0.001084779039937811,3.958915220960062,setup,measured_cell_rail,orfs_ssd_ctrl_cfg_small,final_psm/ssd_ctrl_cfg_small/VDD_BUMPS.csv + VSS_BUMPS.csv,1.1,True,VALIDATED
629,g_chan[1].u_cdc_chw.mem[4][23]$_DFFE_PP_,clk_core,3.96,1.39,0.0010815371696330789,3.958918462830367,setup,measured_cell_rail,orfs_ssd_ctrl_cfg_small,final_psm/ssd_ctrl_cfg_small/VDD_BUMPS.csv + VSS_BUMPS.csv,1.1,True,VALIDATED
621,g_chan[1].u_cdc_chw.mem[5][23]$_DFFE_PP_,clk_core,3.96,1.39,0.0010814784401693561,3.9589185215598306,setup,measured_cell_rail,orfs_ssd_ctrl_cfg_small,final_psm/ssd_ctrl_cfg_small/VDD_BUMPS.csv + VSS_BUMPS.csv,1.1,True,VALIDATED
611,g_chan[1].u_cdc_chw.mem[2][12]$_DFFE_PP_,clk_core,3.96,1.39,0.001079895647397508,3.9589201043526026,setup,measured_cell_rail,orfs_ssd_ctrl_cfg_small,final_psm/ssd_ctrl_cfg_small/VDD_BUMPS.csv + VSS_BUMPS.csv,1.1,True,VALIDATED
619,g_chan[1].u_cdc_chw.mem[0][12]$_DFFE_PP_,clk_core,3.96,1.39,0.0010795805821616489,3.9589204194178382,setup,measured_cell_rail,orfs_ssd_ctrl_cfg_small,final_psm/ssd_ctrl_cfg_small/VDD_BUMPS.csv + VSS_BUMPS.csv,1.1,True,VALIDATED
624,g_chan[0].u_cdc_chw.mem[14][12]$_DFFE_PP_,clk_core,3.96,1.4,0.00107933418142947,3.9589206658185705,setup,measured_cell_rail,orfs_ssd_ctrl_cfg_small,final_psm/ssd_ctrl_cfg_small/VDD_BUMPS.csv + VSS_BUMPS.csv,1.1,True,VALIDATED
613,g_chan[1].u_cdc_chw.mem[5][12]$_DFFE_PP_,clk_core,3.96,1.39,0.0010786354379206248,3.9589213645620793,setup,measured_cell_rail,orfs_ssd_ctrl_cfg_small,final_psm/ssd_ctrl_cfg_small/VDD_BUMPS.csv + VSS_BUMPS.csv,1.1,True,VALIDATED
657,g_chan[0].u_cdc_chw.mem[10][16]$_DFFE_PP_,clk_core,3.96,1.39,0.001076889320302865,3.958923110679697,setup,measured_cell_rail,orfs_ssd_ctrl_cfg_small,final_psm/ssd_ctrl_cfg_small/VDD_BUMPS.csv + VSS_BUMPS.csv,1.1,True,VALIDATED
625,g_chan[0].u_cdc_chw.mem[15][12]$_DFFE_PP_,clk_core,3.96,1.4,0.0010765993561844683,3.9589234006438154,setup,measured_cell_rail,orfs_ssd_ctrl_cfg_small,final_psm/ssd_ctrl_cfg_small/VDD_BUMPS.csv + VSS_BUMPS.csv,1.1,True,VALIDATED
641,g_chan[0].u_cdc_chw.mem[1][12]$_DFFE_PP_,clk_core,3.96,1.4,0.0010763765175376416,3.9589236234824625,setup,measured_cell_rail,orfs_ssd_ctrl_cfg_small,final_psm/ssd_ctrl_cfg_small/VDD_BUMPS.csv + VSS_BUMPS.csv,1.1,True,VALIDATED
612,g_chan[1].u_cdc_chw.mem[3][12]$_DFFE_PP_,clk_core,3.96,1.39,0.0010762202395055293,3.9589237797604944,setup,measured_cell_rail,orfs_ssd_ctrl_cfg_small,final_psm/ssd_ctrl_cfg_small/VDD_BUMPS.csv + VSS_BUMPS.csv,1.1,True,VALIDATED
647,g_chan[0].u_cdc_chw.mem[8][16]$_DFFE_PP_,clk_core,3.96,1.4,0.001074646949608113,3.958925353050392,setup,measured_cell_rail,orfs_ssd_ctrl_cfg_small,final_psm/ssd_ctrl_cfg_small/VDD_BUMPS.csv + VSS_BUMPS.csv,1.1,True,VALIDATED
635,g_chan[0].u_cdc_chw.mem[0][12]$_DFFE_PP_,clk_core,3.96,1.4,0.0010730832391651624,3.9589269167608347,setup,measured_cell_rail,orfs_ssd_ctrl_cfg_small,final_psm/ssd_ctrl_cfg_small/VDD_BUMPS.csv + VSS_BUMPS.csv,1.1,True,VALIDATED
628,g_chan[0].u_cdc_chw.mem[13][12]$_DFFE_PP_,clk_core,3.96,1.4,0.0010724137329673061,3.958927586267033,setup,measured_cell_rail,orfs_ssd_ctrl_cfg_small,final_psm/ssd_ctrl_cfg_small/VDD_BUMPS.csv + VSS_BUMPS.csv,1.1,True,VALIDATED
609,g_chan[1].u_cdc_chw.mem[4][12]$_DFFE_PP_,clk_core,3.96,1.39,0.0010721255129516327,3.958927874487048,setup,measured_cell_rail,orfs_ssd_ctrl_cfg_small,final_psm/ssd_ctrl_cfg_small/VDD_BUMPS.csv + VSS_BUMPS.csv,1.1,True,VALIDATED
649,g_chan[0].u_cdc_chw.mem[3][16]$_DFFE_PP_,clk_core,3.96,1.39,0.0010721240704299334,3.95892787592957,setup,measured_cell_rail,orfs_ssd_ctrl_cfg_small,final_psm/ssd_ctrl_cfg_small/VDD_BUMPS.csv + VSS_BUMPS.csv,1.1,True,VALIDATED
653,g_chan[0].u_cdc_chw.mem[2][16]$_DFFE_PP_,clk_core,3.96,1.39,0.0010718469939524355,3.9589281530060476,setup,measured_cell_rail,orfs_ssd_ctrl_cfg_small,final_psm/ssd_ctrl_cfg_small/VDD_BUMPS.csv + VSS_BUMPS.csv,1.1,True,VALIDATED
627,g_chan[0].u_cdc_chw.mem[12][12]$_DFFE_PP_,clk_core,3.96,1.4,0.0010717997881824481,3.9589282002118176,setup,measured_cell_rail,orfs_ssd_ctrl_cfg_small,final_psm/ssd_ctrl_cfg_small/VDD_BUMPS.csv + VSS_BUMPS.csv,1.1,True,VALIDATED
608,g_chan[1].u_cdc_chw.mem[6][12]$_DFFE_PP_,clk_core,3.96,1.39,0.0010712866141578264,3.958928713385842,setup,measured_cell_rail,orfs_ssd_ctrl_cfg_small,final_psm/ssd_ctrl_cfg_small/VDD_BUMPS.csv + VSS_BUMPS.csv,1.1,True,VALIDATED
646,g_chan[0].u_cdc_chw.mem[12][16]$_DFFE_PP_,clk_core,3.96,1.4,0.0010710763011130137,3.958928923698887,setup,measured_cell_rail,orfs_ssd_ctrl_cfg_small,final_psm/ssd_ctrl_cfg_small/VDD_BUMPS.csv + VSS_BUMPS.csv,1.1,True,VALIDATED
636,g_chan[0].u_cdc_chw.mem[7][12]$_DFFE_PP_,clk_core,3.96,1.4,0.0010707950873293653,3.9589292049126708,setup,measured_cell_rail,orfs_ssd_ctrl_cfg_small,final_psm/ssd_ctrl_cfg_small/VDD_BUMPS.csv + VSS_BUMPS.csv,1.1,True,VALIDATED
651,g_chan[0].u_cdc_chw.mem[11][16]$_DFFE_PP_,clk_core,3.96,1.4,0.0010707945296361127,3.9589292054703638,setup,measured_cell_rail,orfs_ssd_ctrl_cfg_small,final_psm/ssd_ctrl_cfg_small/VDD_BUMPS.csv + VSS_BUMPS.csv,1.1,True,VALIDATED
630,g_chan[0].u_cdc_chw.mem[6][12]$_DFFE_PP_,clk_core,3.96,1.4,0.0010705719472783454,3.9589294280527216,setup,measured_cell_rail,orfs_ssd_ctrl_cfg_small,final_psm/ssd_ctrl_cfg_small/VDD_BUMPS.csv + VSS_BUMPS.csv,1.1,True,VALIDATED
655,g_chan[0].u_cdc_chw.mem[14][16]$_DFFE_PP_,clk_core,3.96,1.4,0.0010702374307984264,3.9589297625692015,setup,measured_cell_rail,orfs_ssd_ctrl_cfg_small,final_psm/ssd_ctrl_cfg_small/VDD_BUMPS.csv + VSS_BUMPS.csv,1.1,True,VALIDATED
637,g_chan[0].u_cdc_chw.mem[4][16]$_DFFE_PP_,clk_core,3.96,1.39,0.0010694642736130966,3.958930535726387,setup,measured_cell_rail,orfs_ssd_ctrl_cfg_small,final_psm/ssd_ctrl_cfg_small/VDD_BUMPS.csv + VSS_BUMPS.csv,1.1,True,VALIDATED
638,g_chan[0].u_cdc_chw.mem[2][12]$_DFFE_PP_,clk_core,3.96,1.4,0.0010693999392482473,3.958930600060752,setup,measured_cell_rail,orfs_ssd_ctrl_cfg_small,final_psm/ssd_ctrl_cfg_small/VDD_BUMPS.csv + VSS_BUMPS.csv,1.1,True,VALIDATED
631,g_chan[0].u_cdc_chw.mem[5][12]$_DFFE_PP_,clk_core,3.96,1.4,0.0010691767522811868,3.958930823247719,setup,measured_cell_rail,orfs_ssd_ctrl_cfg_small,final_psm/ssd_ctrl_cfg_small/VDD_BUMPS.csv + VSS_BUMPS.csv,1.1,True,VALIDATED
639,g_chan[0].u_cdc_chw.mem[3][12]$_DFFE_PP_,clk_core,3.96,1.4,0.0010690093127978806,3.958930990687202,setup,measured_cell_rail,orfs_ssd_ctrl_cfg_small,final_psm/ssd_ctrl_cfg_small/VDD_BUMPS.csv + VSS_BUMPS.csv,1.1,True,VALIDATED
632,g_chan[1].u_cdc_chw.mem[3][23]$_DFFE_PP_,clk_core,3.96,1.39,0.0010688548821382454,3.958931145117862,setup,measured_cell_rail,orfs_ssd_ctrl_cfg_small,final_psm/ssd_ctrl_cfg_small/VDD_BUMPS.csv + VSS_BUMPS.csv,1.1,True,VALIDATED
654,g_chan[0].u_cdc_chw.mem[15][16]$_DFFE_PP_,clk_core,3.96,1.4,0.001067224754013496,3.9589327752459864,setup,measured_cell_rail,orfs_ssd_ctrl_cfg_small,final_psm/ssd_ctrl_cfg_small/VDD_BUMPS.csv + VSS_BUMPS.csv,1.1,True,VALIDATED
633,g_chan[1].u_cdc_chw.mem[2][23]$_DFFE_PP_,clk_core,3.96,1.39,0.0010672113638050956,3.958932788636195,setup,measured_cell_rail,orfs_ssd_ctrl_cfg_small,final_psm/ssd_ctrl_cfg_small/VDD_BUMPS.csv + VSS_BUMPS.csv,1.1,True,VALIDATED
615,g_chan[0].u_cdc_chw.mem[10][12]$_DFFE_PP_,clk_core,3.96,1.4,0.001067172016363041,3.958932827983637,setup,measured_cell_rail,orfs_ssd_ctrl_cfg_small,final_psm/ssd_ctrl_cfg_small/VDD_BUMPS.csv + VSS_BUMPS.csv,1.1,True,VALIDATED
648,g_chan[0].u_cdc_chw.mem[9][16]$_DFFE_PP_,clk_core,3.96,1.39,0.001066804709176819,3.958933195290823,setup,measured_cell_rail,orfs_ssd_ctrl_cfg_small,final_psm/ssd_ctrl_cfg_small/VDD_BUMPS.csv + VSS_BUMPS.csv,1.1,True,VALIDATED
614,g_chan[0].u_cdc_chw.mem[11][12]$_DFFE_PP_,clk_core,3.96,1.4,0.0010665026901681834,3.9589334973098316,setup,measured_cell_rail,orfs_ssd_ctrl_cfg_small,final_psm/ssd_ctrl_cfg_small/VDD_BUMPS.csv + VSS_BUMPS.csv,1.1,True,VALIDATED
652,g_chan[0].u_cdc_chw.mem[1][16]$_DFFE_PP_,clk_core,3.96,1.39,0.0010652535557611198,3.958934746444239,setup,measured_cell_rail,orfs_ssd_ctrl_cfg_small,final_psm/ssd_ctrl_cfg_small/VDD_BUMPS.csv + VSS_BUMPS.csv,1.1,True,VALIDATED
626,g_chan[0].u_cdc_chw.mem[4][12]$_DFFE_PP_,clk_core,3.96,1.4,0.0010643779212288068,3.958935622078771,setup,measured_cell_rail,orfs_ssd_ctrl_cfg_small,final_psm/ssd_ctrl_cfg_small/VDD_BUMPS.csv + VSS_BUMPS.csv,1.1,True,VALIDATED
658,g_chan[0].u_cdc_chw.mem[0][16]$_DFFE_PP_,clk_core,3.96,1.39,0.001064366863384958,3.958935633136615,setup,measured_cell_rail,orfs_ssd_ctrl_cfg_small,final_psm/ssd_ctrl_cfg_small/VDD_BUMPS.csv + VSS_BUMPS.csv,1.1,True,VALIDATED
610,g_chan[1].u_cdc_chw.mem[7][12]$_DFFE_PP_,clk_core,3.96,1.39,0.0010640957771733822,3.9589359042228267,setup,measured_cell_rail,orfs_ssd_ctrl_cfg_small,final_psm/ssd_ctrl_cfg_small/VDD_BUMPS.csv + VSS_BUMPS.csv,1.1,True,VALIDATED
644,g_chan[0].u_cdc_chw.mem[7][16]$_DFFE_PP_,clk_core,3.96,1.39,0.0010604343353080997,3.958939565664692,setup,measured_cell_rail,orfs_ssd_ctrl_cfg_small,final_psm/ssd_ctrl_cfg_small/VDD_BUMPS.csv + VSS_BUMPS.csv,1.1,True,VALIDATED
643,g_chan[0].u_cdc_chw.mem[5][16]$_DFFE_PP_,clk_core,3.96,1.39,0.001059437380919473,3.9589405626190803,setup,measured_cell_rail,orfs_ssd_ctrl_cfg_small,final_psm/ssd_ctrl_cfg_small/VDD_BUMPS.csv + VSS_BUMPS.csv,1.1,True,VALIDATED
645,g_chan[0].u_cdc_chw.mem[6][16]$_DFFE_PP_,clk_core,3.96,1.39,0.0010593266108696736,3.9589406733891304,setup,measured_cell_rail,orfs_ssd_ctrl_cfg_small,final_psm/ssd_ctrl_cfg_small/VDD_BUMPS.csv + VSS_BUMPS.csv,1.1,True,VALIDATED
622,g_chan[0].u_cdc_chw.mem[9][12]$_DFFE_PP_,clk_core,3.96,1.4,0.0010586875691570435,3.958941312430843,setup,measured_cell_rail,orfs_ssd_ctrl_cfg_small,final_psm/ssd_ctrl_cfg_small/VDD_BUMPS.csv + VSS_BUMPS.csv,1.1,True,VALIDATED
656,g_chan[0].u_cdc_chw.mem[13][16]$_DFFE_PP_,clk_core,3.96,1.4,0.0010563444097298341,3.95894365559027,setup,measured_cell_rail,orfs_ssd_ctrl_cfg_small,final_psm/ssd_ctrl_cfg_small/VDD_BUMPS.csv + VSS_BUMPS.csv,1.1,True,VALIDATED
623,g_chan[0].u_cdc_chw.mem[8][12]$_DFFE_PP_,clk_core,3.96,1.4,0.0010561775627758174,3.958943822437224,setup,measured_cell_rail,orfs_ssd_ctrl_cfg_small,final_psm/ssd_ctrl_cfg_small/VDD_BUMPS.csv + VSS_BUMPS.csv,1.1,True,VALIDATED
673,c_cmd_len[15]$_DFFE_PN0N_,clk_core,3.97,1.4,0.0011976013993789114,3.968802398600621,setup,measured_cell_rail,orfs_ssd_ctrl_cfg_small,final_psm/ssd_ctrl_cfg_small/VDD_BUMPS.csv + VSS_BUMPS.csv,1.1,True,VALIDATED
668,g_chan[0].u_cdc_chw.mem[4][19]$_DFFE_PP_,clk_core,3.97,1.39,0.0011078329660868802,3.9688921670339132,setup,measured_cell_rail,orfs_ssd_ctrl_cfg_small,final_psm/ssd_ctrl_cfg_small/VDD_BUMPS.csv + VSS_BUMPS.csv,1.1,True,VALIDATED
667,g_chan[0].u_cdc_chw.mem[10][19]$_DFFE_PP_,clk_core,3.97,1.39,0.0011001274637109926,3.9688998725362894,setup,measured_cell_rail,orfs_ssd_ctrl_cfg_small,final_psm/ssd_ctrl_cfg_small/VDD_BUMPS.csv + VSS_BUMPS.csv,1.1,True,VALIDATED
677,g_chan[0].u_cdc_chw.mem[15][19]$_DFFE_PP_,clk_core,3.97,1.39,0.001098963546799947,3.9689010364532002,setup,measured_cell_rail,orfs_ssd_ctrl_cfg_small,final_psm/ssd_ctrl_cfg_small/VDD_BUMPS.csv + VSS_BUMPS.csv,1.1,True,VALIDATED
669,g_chan[0].u_cdc_chw.mem[5][19]$_DFFE_PP_,clk_core,3.97,1.39,0.001098298233125447,3.9689017017668746,setup,measured_cell_rail,orfs_ssd_ctrl_cfg_small,final_psm/ssd_ctrl_cfg_small/VDD_BUMPS.csv + VSS_BUMPS.csv,1.1,True,VALIDATED
666,g_chan[0].u_cdc_chw.mem[3][19]$_DFFE_PP_,clk_core,3.97,1.39,0.001096025146818988,3.9689039748531814,setup,measured_cell_rail,orfs_ssd_ctrl_cfg_small,final_psm/ssd_ctrl_cfg_small/VDD_BUMPS.csv + VSS_BUMPS.csv,1.1,True,VALIDATED
670,g_chan[0].u_cdc_chw.mem[9][19]$_DFFE_PP_,clk_core,3.97,1.39,0.0010958046397242793,3.9689041953602757,setup,measured_cell_rail,orfs_ssd_ctrl_cfg_small,final_psm/ssd_ctrl_cfg_small/VDD_BUMPS.csv + VSS_BUMPS.csv,1.1,True,VALIDATED
676,g_chan[0].u_cdc_chw.mem[14][19]$_DFFE_PP_,clk_core,3.97,1.39,0.001094307537312586,3.9689056924626875,setup,measured_cell_rail,orfs_ssd_ctrl_cfg_small,final_psm/ssd_ctrl_cfg_small/VDD_BUMPS.csv + VSS_BUMPS.csv,1.1,True,VALIDATED
678,g_chan[0].u_cdc_chw.mem[13][19]$_DFFE_PP_,clk_core,3.97,1.39,0.0010940857741271598,3.968905914225873,setup,measured_cell_rail,orfs_ssd_ctrl_cfg_small,final_psm/ssd_ctrl_cfg_small/VDD_BUMPS.csv + VSS_BUMPS.csv,1.1,True,VALIDATED
672,g_chan[0].u_cdc_chw.mem[7][19]$_DFFE_PP_,clk_core,3.97,1.39,0.0010917013121509722,3.9689082986878494,setup,measured_cell_rail,orfs_ssd_ctrl_cfg_small,final_psm/ssd_ctrl_cfg_small/VDD_BUMPS.csv + VSS_BUMPS.csv,1.1,True,VALIDATED
664,g_chan[0].u_cdc_chw.mem[0][19]$_DFFE_PP_,clk_core,3.97,1.39,0.0010913133640810951,3.968908686635919,setup,measured_cell_rail,orfs_ssd_ctrl_cfg_small,final_psm/ssd_ctrl_cfg_small/VDD_BUMPS.csv + VSS_BUMPS.csv,1.1,True,VALIDATED
663,g_chan[0].u_cdc_chw.mem[1][19]$_DFFE_PP_,clk_core,3.97,1.39,0.0010913133640810951,3.968908686635919,setup,measured_cell_rail,orfs_ssd_ctrl_cfg_small,final_psm/ssd_ctrl_cfg_small/VDD_BUMPS.csv + VSS_BUMPS.csv,1.1,True,VALIDATED
671,g_chan[0].u_cdc_chw.mem[6][19]$_DFFE_PP_,clk_core,3.97,1.39,0.0010910916428527456,3.9689089083571476,setup,measured_cell_rail,orfs_ssd_ctrl_cfg_small,final_psm/ssd_ctrl_cfg_small/VDD_BUMPS.csv + VSS_BUMPS.csv,1.1,True,VALIDATED
662,g_chan[0].u_cdc_chw.mem[11][19]$_DFFE_PP_,clk_core,3.97,1.39,0.0010900941615596543,3.9689099058384407,setup,measured_cell_rail,orfs_ssd_ctrl_cfg_small,final_psm/ssd_ctrl_cfg_small/VDD_BUMPS.csv + VSS_BUMPS.csv,1.1,True,VALIDATED
684,g_chan[1].u_cdc_chw.mem[8][19]$_DFFE_PP_,clk_core,3.97,1.37,0.0010861564582134303,3.968913843541787,setup,measured_cell_rail,orfs_ssd_ctrl_cfg_small,final_psm/ssd_ctrl_cfg_small/VDD_BUMPS.csv + VSS_BUMPS.csv,1.1,True,VALIDATED
683,g_chan[1].u_cdc_chw.mem[11][19]$_DFFE_PP_,clk_core,3.97,1.37,0.0010857738357161334,3.968914226164284,setup,measured_cell_rail,orfs_ssd_ctrl_cfg_small,final_psm/ssd_ctrl_cfg_small/VDD_BUMPS.csv + VSS_BUMPS.csv,1.1,True,VALIDATED
661,g_chan[0].u_cdc_chw.mem[2][19]$_DFFE_PP_,clk_core,3.97,1.39,0.0010848847187816119,3.9689151152812188,setup,measured_cell_rail,orfs_ssd_ctrl_cfg_small,final_psm/ssd_ctrl_cfg_small/VDD_BUMPS.csv + VSS_BUMPS.csv,1.1,True,VALIDATED
675,g_chan[1].u_cdc_chw.mem[15][17]$_DFFE_PP_,clk_core,3.97,1.38,0.001082406051368473,3.968917593948632,setup,measured_cell_rail,orfs_ssd_ctrl_cfg_small,final_psm/ssd_ctrl_cfg_small/VDD_BUMPS.csv + VSS_BUMPS.csv,1.1,True,VALIDATED
665,g_chan[0].u_cdc_chw.mem[8][19]$_DFFE_PP_,clk_core,3.97,1.39,0.0010804514332130172,3.968919548566787,setup,measured_cell_rail,orfs_ssd_ctrl_cfg_small,final_psm/ssd_ctrl_cfg_small/VDD_BUMPS.csv + VSS_BUMPS.csv,1.1,True,VALIDATED
679,g_chan[1].u_cdc_chw.mem[1][19]$_DFFE_PP_,clk_core,3.97,1.38,0.0010770777853486152,3.9689229222146514,setup,measured_cell_rail,orfs_ssd_ctrl_cfg_small,final_psm/ssd_ctrl_cfg_small/VDD_BUMPS.csv + VSS_BUMPS.csv,1.1,True,VALIDATED
680,g_chan[1].u_cdc_chw.mem[0][19]$_DFFE_PP_,clk_core,3.97,1.38,0.00107702275643147,3.968922977243569,setup,measured_cell_rail,orfs_ssd_ctrl_cfg_small,final_psm/ssd_ctrl_cfg_small/VDD_BUMPS.csv + VSS_BUMPS.csv,1.1,True,VALIDATED
674,g_chan[1].u_cdc_chw.mem[14][17]$_DFFE_PP_,clk_core,3.97,1.38,0.0010768479437742867,3.968923152056226,setup,measured_cell_rail,orfs_ssd_ctrl_cfg_small,final_psm/ssd_ctrl_cfg_small/VDD_BUMPS.csv + VSS_BUMPS.csv,1.1,True,VALIDATED
682,g_chan[1].u_cdc_chw.mem[4][19]$_DFFE_PP_,clk_core,3.97,1.37,0.0010608613756154656,3.9689391386243846,setup,measured_cell_rail,orfs_ssd_ctrl_cfg_small,final_psm/ssd_ctrl_cfg_small/VDD_BUMPS.csv + VSS_BUMPS.csv,1.1,True,VALIDATED
681,g_chan[1].u_cdc_chw.mem[11][16]$_DFFE_PP_,clk_core,3.97,1.37,0.0010471940912085836,3.9689528059087915,setup,measured_cell_rail,orfs_ssd_ctrl_cfg_small,final_psm/ssd_ctrl_cfg_small/VDD_BUMPS.csv + VSS_BUMPS.csv,1.1,True,VALIDATED
685,u_dma_fabric.rbeat_data[11]$_DFFE_PN0P_,clk_core,3.97,1.37,0.0010398410865608138,3.9689601589134393,setup,measured_cell_rail,orfs_ssd_ctrl_cfg_small,final_psm/ssd_ctrl_cfg_small/VDD_BUMPS.csv + VSS_BUMPS.csv,1.1,True,VALIDATED
697,c_cmd_opcode[5]$_DFFE_PN0N_,clk_core,3.98,1.39,0.0012998864395339926,3.978700113560466,setup,measured_cell_rail,orfs_ssd_ctrl_cfg_small,final_psm/ssd_ctrl_cfg_small/VDD_BUMPS.csv + VSS_BUMPS.csv,1.1,True,VALIDATED
703,c_cmd_addr[14]$_DFFE_PN0N_,clk_core,3.98,1.38,0.0012030894960664978,3.9787969105039336,setup,measured_cell_rail,orfs_ssd_ctrl_cfg_small,final_psm/ssd_ctrl_cfg_small/VDD_BUMPS.csv + VSS_BUMPS.csv,1.1,True,VALIDATED
699,g_chan[1].u_cdc_chw.mem[9][19]$_DFFE_PP_,clk_core,3.98,1.37,0.0010895959894410695,3.9789104040105587,setup,measured_cell_rail,orfs_ssd_ctrl_cfg_small,final_psm/ssd_ctrl_cfg_small/VDD_BUMPS.csv + VSS_BUMPS.csv,1.1,True,VALIDATED
701,g_chan[1].u_cdc_chw.mem[7][19]$_DFFE_PP_,clk_core,3.98,1.38,0.0010766331821674968,3.9789233668178325,setup,measured_cell_rail,orfs_ssd_ctrl_cfg_small,final_psm/ssd_ctrl_cfg_small/VDD_BUMPS.csv + VSS_BUMPS.csv,1.1,True,VALIDATED
698,g_chan[1].u_cdc_chw.mem[6][19]$_DFFE_PP_,clk_core,3.98,1.38,0.0010765231194415081,3.9789234768805586,setup,measured_cell_rail,orfs_ssd_ctrl_cfg_small,final_psm/ssd_ctrl_cfg_small/VDD_BUMPS.csv + VSS_BUMPS.csv,1.1,True,VALIDATED
693,g_chan[1].u_cdc_chw.mem[2][19]$_DFFE_PP_,clk_core,3.98,1.38,0.0010760296115109313,3.978923970388489,setup,measured_cell_rail,orfs_ssd_ctrl_cfg_small,final_psm/ssd_ctrl_cfg_small/VDD_BUMPS.csv + VSS_BUMPS.csv,1.1,True,VALIDATED
688,g_chan[1].u_cdc_chw.mem[2][16]$_DFFE_PP_,clk_core,3.98,1.38,0.0010747519392661914,3.978925248060734,setup,measured_cell_rail,orfs_ssd_ctrl_cfg_small,final_psm/ssd_ctrl_cfg_small/VDD_BUMPS.csv + VSS_BUMPS.csv,1.1,True,VALIDATED
696,g_chan[1].u_cdc_chw.mem[3][19]$_DFFE_PP_,clk_core,3.98,1.38,0.0010723961489465528,3.9789276038510533,setup,measured_cell_rail,orfs_ssd_ctrl_cfg_small,final_psm/ssd_ctrl_cfg_small/VDD_BUMPS.csv + VSS_BUMPS.csv,1.1,True,VALIDATED
692,g_chan[1].u_cdc_chw.mem[5][19]$_DFFE_PP_,clk_core,3.98,1.38,0.0010690413722604375,3.9789309586277395,setup,measured_cell_rail,orfs_ssd_ctrl_cfg_small,final_psm/ssd_ctrl_cfg_small/VDD_BUMPS.csv + VSS_BUMPS.csv,1.1,True,VALIDATED
687,g_chan[1].u_cdc_chw.mem[3][16]$_DFFE_PP_,clk_core,3.98,1.38,0.0010613781612482942,3.9789386218387515,setup,measured_cell_rail,orfs_ssd_ctrl_cfg_small,final_psm/ssd_ctrl_cfg_small/VDD_BUMPS.csv + VSS_BUMPS.csv,1.1,True,VALIDATED
695,g_chan[1].u_cdc_chw.mem[1][16]$_DFFE_PP_,clk_core,3.98,1.38,0.0010604978011551636,3.9789395021988447,setup,measured_cell_rail,orfs_ssd_ctrl_cfg_small,final_psm/ssd_ctrl_cfg_small/VDD_BUMPS.csv + VSS_BUMPS.csv,1.1,True,VALIDATED
700,g_chan[1].u_cdc_chw.mem[6][16]$_DFFE_PP_,clk_core,3.98,1.38,0.001056811660756607,3.9789431883392434,setup,measured_cell_rail,orfs_ssd_ctrl_cfg_small,final_psm/ssd_ctrl_cfg_small/VDD_BUMPS.csv + VSS_BUMPS.csv,1.1,True,VALIDATED
694,g_chan[1].u_cdc_chw.mem[8][16]$_DFFE_PP_,clk_core,3.98,1.38,0.0010564278995303933,3.97894357210047,setup,measured_cell_rail,orfs_ssd_ctrl_cfg_small,final_psm/ssd_ctrl_cfg_small/VDD_BUMPS.csv + VSS_BUMPS.csv,1.1,True,VALIDATED
690,g_chan[1].u_cdc_chw.mem[9][16]$_DFFE_PP_,clk_core,3.98,1.38,0.0010556027968399717,3.97894439720316,setup,measured_cell_rail,orfs_ssd_ctrl_cfg_small,final_psm/ssd_ctrl_cfg_small/VDD_BUMPS.csv + VSS_BUMPS.csv,1.1,True,VALIDATED
686,g_chan[1].u_cdc_chw.mem[4][16]$_DFFE_PP_,clk_core,3.98,1.38,0.0010543926999983244,3.978945607300002,setup,measured_cell_rail,orfs_ssd_ctrl_cfg_small,final_psm/ssd_ctrl_cfg_small/VDD_BUMPS.csv + VSS_BUMPS.csv,1.1,True,VALIDATED
689,g_chan[1].u_cdc_chw.mem[5][16]$_DFFE_PP_,clk_core,3.98,1.38,0.0010542826943651523,3.978945717305635,setup,measured_cell_rail,orfs_ssd_ctrl_cfg_small,final_psm/ssd_ctrl_cfg_small/VDD_BUMPS.csv + VSS_BUMPS.csv,1.1,True,VALIDATED
702,g_chan[1].u_cdc_chw.mem[7][16]$_DFFE_PP_,clk_core,3.98,1.38,0.0010529060996359724,3.978947093900364,setup,measured_cell_rail,orfs_ssd_ctrl_cfg_small,final_psm/ssd_ctrl_cfg_small/VDD_BUMPS.csv + VSS_BUMPS.csv,1.1,True,VALIDATED
691,g_chan[1].u_cdc_chw.mem[0][16]$_DFFE_PP_,clk_core,3.98,1.38,0.001052301072286363,3.9789476989277137,setup,measured_cell_rail,orfs_ssd_ctrl_cfg_small,final_psm/ssd_ctrl_cfg_small/VDD_BUMPS.csv + VSS_BUMPS.csv,1.1,True,VALIDATED
705,u_dma_fabric.rbeat_data[25]$_DFFE_PN0P_,clk_core,3.99,1.35,0.0012530905247009338,3.9887469094752994,setup,measured_cell_rail,orfs_ssd_ctrl_cfg_small,final_psm/ssd_ctrl_cfg_small/VDD_BUMPS.csv + VSS_BUMPS.csv,1.1,True,VALIDATED
704,c_cmd_addr[19]$_DFFE_PN0N_,clk_core,3.99,1.38,0.0011799981940013304,3.988820001805999,setup,measured_cell_rail,orfs_ssd_ctrl_cfg_small,final_psm/ssd_ctrl_cfg_small/VDD_BUMPS.csv + VSS_BUMPS.csv,1.1,True,VALIDATED
707,u_dma_fabric.rbeat_data[31]$_DFFE_PN0P_,clk_core,4.0,1.35,0.0011876351969984517,3.9988123648030016,setup,measured_cell_rail,orfs_ssd_ctrl_cfg_small,final_psm/ssd_ctrl_cfg_small/VDD_BUMPS.csv + VSS_BUMPS.csv,1.1,True,VALIDATED
709,u_dma_fabric.rbeat_data[9]$_DFFE_PN0P_,clk_core,4.0,1.34,0.0011846191907705084,3.9988153808092295,setup,measured_cell_rail,orfs_ssd_ctrl_cfg_small,final_psm/ssd_ctrl_cfg_small/VDD_BUMPS.csv + VSS_BUMPS.csv,1.1,True,VALIDATED
706,c_cmd_len[12]$_DFFE_PN0N_,clk_core,4.0,1.37,0.0011811794846570273,3.9988188205153428,setup,measured_cell_rail,orfs_ssd_ctrl_cfg_small,final_psm/ssd_ctrl_cfg_small/VDD_BUMPS.csv + VSS_BUMPS.csv,1.1,True,VALIDATED
708,c_cmd_len[25]$_DFFE_PN0N_,clk_core,4.0,1.37,0.0011429742301718449,3.998857025769828,setup,measured_cell_rail,orfs_ssd_ctrl_cfg_small,final_psm/ssd_ctrl_cfg_small/VDD_BUMPS.csv + VSS_BUMPS.csv,1.1,True,VALIDATED
710,u_dma_fabric.rbeat_data[22]$_DFFE_PN0P_,clk_core,4.01,1.34,0.001304833147018028,4.0086951668529816,setup,measured_cell_rail,orfs_ssd_ctrl_cfg_small,final_psm/ssd_ctrl_cfg_small/VDD_BUMPS.csv + VSS_BUMPS.csv,1.1,True,VALIDATED
714,u_dma_fabric.rbeat_data[24]$_DFFE_PN0P_,clk_core,4.01,1.33,0.0012872921337077903,4.008712707866292,setup,measured_cell_rail,orfs_ssd_ctrl_cfg_small,final_psm/ssd_ctrl_cfg_small/VDD_BUMPS.csv + VSS_BUMPS.csv,1.1,True,VALIDATED
712,u_dma_fabric.rbeat_data[6]$_DFFE_PN0P_,clk_core,4.01,1.33,0.0012241602053387063,4.008775839794661,setup,measured_cell_rail,orfs_ssd_ctrl_cfg_small,final_psm/ssd_ctrl_cfg_small/VDD_BUMPS.csv + VSS_BUMPS.csv,1.1,True,VALIDATED
713,c_cmd_len[6]$_DFFE_PN0N_,clk_core,4.01,1.35,0.0012078166135600088,4.00879218338644,setup,measured_cell_rail,orfs_ssd_ctrl_cfg_small,final_psm/ssd_ctrl_cfg_small/VDD_BUMPS.csv + VSS_BUMPS.csv,1.1,True,VALIDATED
711,u_dma_fabric.rbeat_data[15]$_DFFE_PN0P_,clk_core,4.01,1.33,0.0011730613774777604,4.008826938622522,setup,measured_cell_rail,orfs_ssd_ctrl_cfg_small,final_psm/ssd_ctrl_cfg_small/VDD_BUMPS.csv + VSS_BUMPS.csv,1.1,True,VALIDATED
729,c_cmd_addr[0]$_DFFE_PN0N_,clk_core,4.02,1.34,0.001243554208899017,4.018756445791101,setup,measured_cell_rail,orfs_ssd_ctrl_cfg_small,final_psm/ssd_ctrl_cfg_small/VDD_BUMPS.csv + VSS_BUMPS.csv,1.1,True,VALIDATED
736,g_chan[0].u_cdc_chw.mem[8][22]$_DFFE_PP_,clk_core,4.02,1.32,0.0010727606338251094,4.018927239366175,setup,measured_cell_rail,orfs_ssd_ctrl_cfg_small,final_psm/ssd_ctrl_cfg_small/VDD_BUMPS.csv + VSS_BUMPS.csv,1.1,True,VALIDATED
735,g_chan[0].u_cdc_chw.mem[9][22]$_DFFE_PP_,clk_core,4.02,1.32,0.001061672987339335,4.01893832701266,setup,measured_cell_rail,orfs_ssd_ctrl_cfg_small,final_psm/ssd_ctrl_cfg_small/VDD_BUMPS.csv + VSS_BUMPS.csv,1.1,True,VALIDATED
732,g_chan[0].u_cdc_chw.mem[13][22]$_DFFE_PP_,clk_core,4.02,1.32,0.001061505979809016,4.01893849402019,setup,measured_cell_rail,orfs_ssd_ctrl_cfg_small,final_psm/ssd_ctrl_cfg_small/VDD_BUMPS.csv + VSS_BUMPS.csv,1.1,True,VALIDATED
734,g_chan[0].u_cdc_chw.mem[12][22]$_DFFE_PP_,clk_core,4.02,1.32,0.001061505979809016,4.01893849402019,setup,measured_cell_rail,orfs_ssd_ctrl_cfg_small,final_psm/ssd_ctrl_cfg_small/VDD_BUMPS.csv + VSS_BUMPS.csv,1.1,True,VALIDATED
738,g_chan[0].u_cdc_chw.mem[3][22]$_DFFE_PP_,clk_core,4.02,1.32,0.0010583867135771363,4.018941613286422,setup,measured_cell_rail,orfs_ssd_ctrl_cfg_small,final_psm/ssd_ctrl_cfg_small/VDD_BUMPS.csv + VSS_BUMPS.csv,1.1,True,VALIDATED
733,g_chan[0].u_cdc_chw.mem[0][22]$_DFFE_PP_,clk_core,4.02,1.32,0.001057272828142261,4.018942727171857,setup,measured_cell_rail,orfs_ssd_ctrl_cfg_small,final_psm/ssd_ctrl_cfg_small/VDD_BUMPS.csv + VSS_BUMPS.csv,1.1,True,VALIDATED
737,g_chan[0].u_cdc_chw.mem[1][22]$_DFFE_PP_,clk_core,4.02,1.32,0.0010569943651426855,4.018943005634857,setup,measured_cell_rail,orfs_ssd_ctrl_cfg_small,final_psm/ssd_ctrl_cfg_small/VDD_BUMPS.csv + VSS_BUMPS.csv,1.1,True,VALIDATED
740,g_chan[0].u_cdc_chw.mem[10][22]$_DFFE_PP_,clk_core,4.02,1.32,0.00105448834859799,4.018945511651402,setup,measured_cell_rail,orfs_ssd_ctrl_cfg_small,final_psm/ssd_ctrl_cfg_small/VDD_BUMPS.csv + VSS_BUMPS.csv,1.1,True,VALIDATED
739,g_chan[0].u_cdc_chw.mem[2][22]$_DFFE_PP_,clk_core,4.02,1.32,0.0010509803803352147,4.018949019619664,setup,measured_cell_rail,orfs_ssd_ctrl_cfg_small,final_psm/ssd_ctrl_cfg_small/VDD_BUMPS.csv + VSS_BUMPS.csv,1.1,True,VALIDATED
717,g_chan[1].u_cdc_chw.mem[10][24]$_DFFE_PP_,clk_core,4.02,1.33,0.0010271263644138495,4.018972873635586,setup,measured_cell_rail,orfs_ssd_ctrl_cfg_small,final_psm/ssd_ctrl_cfg_small/VDD_BUMPS.csv + VSS_BUMPS.csv,1.1,True,VALIDATED
715,g_chan[1].u_cdc_chw.mem[11][24]$_DFFE_PP_,clk_core,4.02,1.33,0.0010271263644138495,4.018972873635586,setup,measured_cell_rail,orfs_ssd_ctrl_cfg_small,final_psm/ssd_ctrl_cfg_small/VDD_BUMPS.csv + VSS_BUMPS.csv,1.1,True,VALIDATED
721,g_chan[1].u_cdc_chw.mem[14][24]$_DFFE_PP_,clk_core,4.02,1.33,0.001023080567666576,4.018976919432333,setup,measured_cell_rail,orfs_ssd_ctrl_cfg_small,final_psm/ssd_ctrl_cfg_small/VDD_BUMPS.csv + VSS_BUMPS.csv,1.1,True,VALIDATED
718,g_chan[1].u_cdc_chw.mem[15][24]$_DFFE_PP_,clk_core,4.02,1.33,0.0010227434690469883,4.0189772565309525,setup,measured_cell_rail,orfs_ssd_ctrl_cfg_small,final_psm/ssd_ctrl_cfg_small/VDD_BUMPS.csv + VSS_BUMPS.csv,1.1,True,VALIDATED
724,g_chan[1].u_cdc_chw.mem[13][24]$_DFFE_PP_,clk_core,4.02,1.33,0.001016008405021987,4.018983991594977,setup,measured_cell_rail,orfs_ssd_ctrl_cfg_small,final_psm/ssd_ctrl_cfg_small/VDD_BUMPS.csv + VSS_BUMPS.csv,1.1,True,VALIDATED
716,g_chan[1].u_cdc_chw.mem[9][24]$_DFFE_PP_,clk_core,4.02,1.33,0.0010144857886772857,4.018985514211322,setup,measured_cell_rail,orfs_ssd_ctrl_cfg_small,final_psm/ssd_ctrl_cfg_small/VDD_BUMPS.csv + VSS_BUMPS.csv,1.1,True,VALIDATED
725,g_chan[1].u_cdc_chw.mem[4][24]$_DFFE_PP_,clk_core,4.02,1.33,0.0010141552117664543,4.018985844788233,setup,measured_cell_rail,orfs_ssd_ctrl_cfg_small,final_psm/ssd_ctrl_cfg_small/VDD_BUMPS.csv + VSS_BUMPS.csv,1.1,True,VALIDATED
730,g_chan[1].u_cdc_chw.mem[5][24]$_DFFE_PP_,clk_core,4.02,1.33,0.0010081473379235095,4.018991852662076,setup,measured_cell_rail,orfs_ssd_ctrl_cfg_small,final_psm/ssd_ctrl_cfg_small/VDD_BUMPS.csv + VSS_BUMPS.csv,1.1,True,VALIDATED
723,g_chan[1].u_cdc_chw.mem[12][24]$_DFFE_PP_,clk_core,4.02,1.33,0.0010076976800162118,4.018992302319983,setup,measured_cell_rail,orfs_ssd_ctrl_cfg_small,final_psm/ssd_ctrl_cfg_small/VDD_BUMPS.csv + VSS_BUMPS.csv,1.1,True,VALIDATED
726,g_chan[1].u_cdc_chw.mem[3][24]$_DFFE_PP_,clk_core,4.02,1.33,0.0010071929580667827,4.018992807041933,setup,measured_cell_rail,orfs_ssd_ctrl_cfg_small,final_psm/ssd_ctrl_cfg_small/VDD_BUMPS.csv + VSS_BUMPS.csv,1.1,True,VALIDATED
728,g_chan[1].u_cdc_chw.mem[2][24]$_DFFE_PP_,clk_core,4.02,1.33,0.0010071929580667827,4.018992807041933,setup,measured_cell_rail,orfs_ssd_ctrl_cfg_small,final_psm/ssd_ctrl_cfg_small/VDD_BUMPS.csv + VSS_BUMPS.csv,1.1,True,VALIDATED
731,g_chan[1].u_cdc_chw.mem[0][24]$_DFFE_PP_,clk_core,4.02,1.33,0.0010070795933843218,4.018992920406615,setup,measured_cell_rail,orfs_ssd_ctrl_cfg_small,final_psm/ssd_ctrl_cfg_small/VDD_BUMPS.csv + VSS_BUMPS.csv,1.1,True,VALIDATED
719,g_chan[1].u_cdc_chw.mem[8][24]$_DFFE_PP_,clk_core,4.02,1.33,0.0010067362826572668,4.018993263717342,setup,measured_cell_rail,orfs_ssd_ctrl_cfg_small,final_psm/ssd_ctrl_cfg_small/VDD_BUMPS.csv + VSS_BUMPS.csv,1.1,True,VALIDATED
727,g_chan[1].u_cdc_chw.mem[1][24]$_DFFE_PP_,clk_core,4.02,1.33,0.001005339090595983,4.018994660909404,setup,measured_cell_rail,orfs_ssd_ctrl_cfg_small,final_psm/ssd_ctrl_cfg_small/VDD_BUMPS.csv + VSS_BUMPS.csv,1.1,True,VALIDATED
722,g_chan[1].u_cdc_chw.mem[6][24]$_DFFE_PP_,clk_core,4.02,1.33,0.00099049936818503,4.019009500631815,setup,measured_cell_rail,orfs_ssd_ctrl_cfg_small,final_psm/ssd_ctrl_cfg_small/VDD_BUMPS.csv + VSS_BUMPS.csv,1.1,True,VALIDATED
720,g_chan[1].u_cdc_chw.mem[7][24]$_DFFE_PP_,clk_core,4.02,1.33,0.0009820871983418633,4.019017912801658,setup,measured_cell_rail,orfs_ssd_ctrl_cfg_small,final_psm/ssd_ctrl_cfg_small/VDD_BUMPS.csv + VSS_BUMPS.csv,1.1,True,VALIDATED
748,c_cmd_len[3]$_DFFE_PN0N_,clk_core,4.03,1.34,0.0012274099492465135,4.028772590050754,setup,measured_cell_rail,orfs_ssd_ctrl_cfg_small,final_psm/ssd_ctrl_cfg_small/VDD_BUMPS.csv + VSS_BUMPS.csv,1.1,True,VALIDATED
752,u_dma_fabric.rbeat_data[28]$_DFFE_PN0P_,clk_core,4.03,1.31,0.0011952839440299012,4.02880471605597,setup,measured_cell_rail,orfs_ssd_ctrl_cfg_small,final_psm/ssd_ctrl_cfg_small/VDD_BUMPS.csv + VSS_BUMPS.csv,1.1,True,VALIDATED
754,g_chan[1].u_cdc_chw.mem[3][22]$_DFFE_PP_,clk_core,4.03,1.31,0.0010605441012930816,4.0289394558987075,setup,measured_cell_rail,orfs_ssd_ctrl_cfg_small,final_psm/ssd_ctrl_cfg_small/VDD_BUMPS.csv + VSS_BUMPS.csv,1.1,True,VALIDATED
742,g_chan[0].u_cdc_chw.mem[15][22]$_DFFE_PP_,clk_core,4.03,1.32,0.0010593888922473815,4.028940611107753,setup,measured_cell_rail,orfs_ssd_ctrl_cfg_small,final_psm/ssd_ctrl_cfg_small/VDD_BUMPS.csv + VSS_BUMPS.csv,1.1,True,VALIDATED
743,g_chan[0].u_cdc_chw.mem[11][22]$_DFFE_PP_,clk_core,4.03,1.32,0.001059335138075282,4.028940664861925,setup,measured_cell_rail,orfs_ssd_ctrl_cfg_small,final_psm/ssd_ctrl_cfg_small/VDD_BUMPS.csv + VSS_BUMPS.csv,1.1,True,VALIDATED
741,g_chan[0].u_cdc_chw.mem[14][22]$_DFFE_PP_,clk_core,4.03,1.32,0.0010589432952705508,4.0289410567047295,setup,measured_cell_rail,orfs_ssd_ctrl_cfg_small,final_psm/ssd_ctrl_cfg_small/VDD_BUMPS.csv + VSS_BUMPS.csv,1.1,True,VALIDATED
750,g_chan[1].u_cdc_chw.mem[2][22]$_DFFE_PP_,clk_core,4.03,1.31,0.0010581667620184199,4.028941833237981,setup,measured_cell_rail,orfs_ssd_ctrl_cfg_small,final_psm/ssd_ctrl_cfg_small/VDD_BUMPS.csv + VSS_BUMPS.csv,1.1,True,VALIDATED
753,g_chan[1].u_cdc_chw.mem[7][22]$_DFFE_PP_,clk_core,4.03,1.31,0.0010581665654572914,4.028941833434543,setup,measured_cell_rail,orfs_ssd_ctrl_cfg_small,final_psm/ssd_ctrl_cfg_small/VDD_BUMPS.csv + VSS_BUMPS.csv,1.1,True,VALIDATED
745,g_chan[0].u_cdc_chw.mem[6][22]$_DFFE_PP_,clk_core,4.03,1.32,0.00105704600634475,4.028942953993655,setup,measured_cell_rail,orfs_ssd_ctrl_cfg_small,final_psm/ssd_ctrl_cfg_small/VDD_BUMPS.csv + VSS_BUMPS.csv,1.1,True,VALIDATED
746,g_chan[0].u_cdc_chw.mem[7][22]$_DFFE_PP_,clk_core,4.03,1.32,0.0010564331699513263,4.028943566830049,setup,measured_cell_rail,orfs_ssd_ctrl_cfg_small,final_psm/ssd_ctrl_cfg_small/VDD_BUMPS.csv + VSS_BUMPS.csv,1.1,True,VALIDATED
749,g_chan[1].u_cdc_chw.mem[5][22]$_DFFE_PP_,clk_core,4.03,1.31,0.0010531351480788653,4.028946864851921,setup,measured_cell_rail,orfs_ssd_ctrl_cfg_small,final_psm/ssd_ctrl_cfg_small/VDD_BUMPS.csv + VSS_BUMPS.csv,1.1,True,VALIDATED
747,g_chan[0].u_cdc_chw.mem[5][22]$_DFFE_PP_,clk_core,4.03,1.32,0.0010528121944911178,4.028947187805509,setup,measured_cell_rail,orfs_ssd_ctrl_cfg_small,final_psm/ssd_ctrl_cfg_small/VDD_BUMPS.csv + VSS_BUMPS.csv,1.1,True,VALIDATED
751,g_chan[1].u_cdc_chw.mem[4][22]$_DFFE_PP_,clk_core,4.03,1.31,0.0010524717206204098,4.02894752827938,setup,measured_cell_rail,orfs_ssd_ctrl_cfg_small,final_psm/ssd_ctrl_cfg_small/VDD_BUMPS.csv + VSS_BUMPS.csv,1.1,True,VALIDATED
744,g_chan[0].u_cdc_chw.mem[4][22]$_DFFE_PP_,clk_core,4.03,1.32,0.001044068477220314,4.02895593152278,setup,measured_cell_rail,orfs_ssd_ctrl_cfg_small,final_psm/ssd_ctrl_cfg_small/VDD_BUMPS.csv + VSS_BUMPS.csv,1.1,True,VALIDATED
760,u_dma_fabric.rbeat_data[21]$_DFFE_PN0P_,clk_core,4.04,1.3,0.0011765497395395397,4.038823450260461,setup,measured_cell_rail,orfs_ssd_ctrl_cfg_small,final_psm/ssd_ctrl_cfg_small/VDD_BUMPS.csv + VSS_BUMPS.csv,1.1,True,VALIDATED
793,c_cmd_addr[25]$_DFFE_PN0N_,clk_core,4.04,1.32,0.0011704858155539427,4.038829514184446,setup,measured_cell_rail,orfs_ssd_ctrl_cfg_small,final_psm/ssd_ctrl_cfg_small/VDD_BUMPS.csv + VSS_BUMPS.csv,1.1,True,VALIDATED
761,u_dma_fabric.rbeat_data[2]$_DFFE_PN0P_,clk_core,4.04,1.31,0.0011454680728409522,4.038854531927159,setup,measured_cell_rail,orfs_ssd_ctrl_cfg_small,final_psm/ssd_ctrl_cfg_small/VDD_BUMPS.csv + VSS_BUMPS.csv,1.1,True,VALIDATED
756,g_chan[1].u_cdc_chw.mem[11][22]$_DFFE_PP_,clk_core,4.04,1.31,0.0010848255334208329,4.038915174466579,setup,measured_cell_rail,orfs_ssd_ctrl_cfg_small,final_psm/ssd_ctrl_cfg_small/VDD_BUMPS.csv + VSS_BUMPS.csv,1.1,True,VALIDATED
758,g_chan[1].u_cdc_chw.mem[1][22]$_DFFE_PP_,clk_core,4.04,1.31,0.0010718824848925945,4.038928117515107,setup,measured_cell_rail,orfs_ssd_ctrl_cfg_small,final_psm/ssd_ctrl_cfg_small/VDD_BUMPS.csv + VSS_BUMPS.csv,1.1,True,VALIDATED
759,g_chan[1].u_cdc_chw.mem[0][22]$_DFFE_PP_,clk_core,4.04,1.31,0.001068124361044892,4.038931875638955,setup,measured_cell_rail,orfs_ssd_ctrl_cfg_small,final_psm/ssd_ctrl_cfg_small/VDD_BUMPS.csv + VSS_BUMPS.csv,1.1,True,VALIDATED
755,g_chan[0].u_cdc_chw.mem[5][18]$_DFFE_PP_,clk_core,4.04,1.31,0.00106772948637604,4.038932270513624,setup,measured_cell_rail,orfs_ssd_ctrl_cfg_small,final_psm/ssd_ctrl_cfg_small/VDD_BUMPS.csv + VSS_BUMPS.csv,1.1,True,VALIDATED
757,g_chan[0].u_cdc_chw.mem[4][18]$_DFFE_PP_,clk_core,4.04,1.31,0.001065904629161854,4.038934095370839,setup,measured_cell_rail,orfs_ssd_ctrl_cfg_small,final_psm/ssd_ctrl_cfg_small/VDD_BUMPS.csv + VSS_BUMPS.csv,1.1,True,VALIDATED
789,g_chan[0].u_cdc_chw.mem[8][18]$_DFFE_PP_,clk_core,4.04,1.31,0.0010629709444965052,4.038937029055504,setup,measured_cell_rail,orfs_ssd_ctrl_cfg_small,final_psm/ssd_ctrl_cfg_small/VDD_BUMPS.csv + VSS_BUMPS.csv,1.1,True,VALIDATED
786,g_chan[0].u_cdc_chw.mem[10][18]$_DFFE_PP_,clk_core,4.04,1.31,0.0010603165652838392,4.038939683434716,setup,measured_cell_rail,orfs_ssd_ctrl_cfg_small,final_psm/ssd_ctrl_cfg_small/VDD_BUMPS.csv + VSS_BUMPS.csv,1.1,True,VALIDATED
767,g_chan[0].u_cdc_chw.mem[14][18]$_DFFE_PP_,clk_core,4.04,1.31,0.0010586564921000324,4.0389413435079,setup,measured_cell_rail,orfs_ssd_ctrl_cfg_small,final_psm/ssd_ctrl_cfg_small/VDD_BUMPS.csv + VSS_BUMPS.csv,1.1,True,VALIDATED
777,g_chan[0].u_cdc_chw.mem[9][18]$_DFFE_PP_,clk_core,4.04,1.31,0.001058602441359427,4.038941397558641,setup,measured_cell_rail,orfs_ssd_ctrl_cfg_small,final_psm/ssd_ctrl_cfg_small/VDD_BUMPS.csv + VSS_BUMPS.csv,1.1,True,VALIDATED
771,g_chan[0].u_cdc_chw.mem[6][18]$_DFFE_PP_,clk_core,4.04,1.31,0.0010579375819910336,4.038942062418009,setup,measured_cell_rail,orfs_ssd_ctrl_cfg_small,final_psm/ssd_ctrl_cfg_small/VDD_BUMPS.csv + VSS_BUMPS.csv,1.1,True,VALIDATED
780,g_chan[0].u_cdc_chw.mem[12][18]$_DFFE_PP_,clk_core,4.04,1.31,0.0010573844813678152,4.038942615518632,setup,measured_cell_rail,orfs_ssd_ctrl_cfg_small,final_psm/ssd_ctrl_cfg_small/VDD_BUMPS.csv + VSS_BUMPS.csv,1.1,True,VALIDATED
779,g_chan[0].u_cdc_chw.mem[13][18]$_DFFE_PP_,clk_core,4.04,1.31,0.0010571632692843308,4.038942836730715,setup,measured_cell_rail,orfs_ssd_ctrl_cfg_small,final_psm/ssd_ctrl_cfg_small/VDD_BUMPS.csv + VSS_BUMPS.csv,1.1,True,VALIDATED
788,g_chan[0].u_cdc_chw.mem[0][18]$_DFFE_PP_,clk_core,4.04,1.31,0.0010565571417219533,4.038943442858278,setup,measured_cell_rail,orfs_ssd_ctrl_cfg_small,final_psm/ssd_ctrl_cfg_small/VDD_BUMPS.csv + VSS_BUMPS.csv,1.1,True,VALIDATED
790,g_chan[0].u_cdc_chw.mem[1][18]$_DFFE_PP_,clk_core,4.04,1.31,0.0010558932799771964,4.038944106720023,setup,measured_cell_rail,orfs_ssd_ctrl_cfg_small,final_psm/ssd_ctrl_cfg_small/VDD_BUMPS.csv + VSS_BUMPS.csv,1.1,True,VALIDATED
776,g_chan[0].u_cdc_chw.mem[11][18]$_DFFE_PP_,clk_core,4.04,1.31,0.0010556148442154162,4.0389443851557845,setup,measured_cell_rail,orfs_ssd_ctrl_cfg_small,final_psm/ssd_ctrl_cfg_small/VDD_BUMPS.csv + VSS_BUMPS.csv,1.1,True,VALIDATED
772,g_chan[0].u_cdc_chw.mem[7][18]$_DFFE_PP_,clk_core,4.04,1.31,0.0010547303149704423,4.03894526968503,setup,measured_cell_rail,orfs_ssd_ctrl_cfg_small,final_psm/ssd_ctrl_cfg_small/VDD_BUMPS.csv + VSS_BUMPS.csv,1.1,True,VALIDATED
778,g_chan[0].u_cdc_chw.mem[15][18]$_DFFE_PP_,clk_core,4.04,1.31,0.0010539559329240666,4.038946044067076,setup,measured_cell_rail,orfs_ssd_ctrl_cfg_small,final_psm/ssd_ctrl_cfg_small/VDD_BUMPS.csv + VSS_BUMPS.csv,1.1,True,VALIDATED
768,g_chan[0].u_cdc_chw.mem[3][18]$_DFFE_PP_,clk_core,4.04,1.31,0.0010521865593059176,4.038947813440694,setup,measured_cell_rail,orfs_ssd_ctrl_cfg_small,final_psm/ssd_ctrl_cfg_small/VDD_BUMPS.csv + VSS_BUMPS.csv,1.1,True,VALIDATED
782,g_chan[1].u_cdc_chw.mem[6][22]$_DFFE_PP_,clk_core,4.04,1.31,0.0010504235166384213,4.038949576483361,setup,measured_cell_rail,orfs_ssd_ctrl_cfg_small,final_psm/ssd_ctrl_cfg_small/VDD_BUMPS.csv + VSS_BUMPS.csv,1.1,True,VALIDATED
762,g_chan[1].u_cdc_chw.mem[3][25]$_DFFE_PP_,clk_core,4.04,1.31,0.0010494980541695675,4.0389505019458305,setup,measured_cell_rail,orfs_ssd_ctrl_cfg_small,final_psm/ssd_ctrl_cfg_small/VDD_BUMPS.csv + VSS_BUMPS.csv,1.1,True,VALIDATED
781,g_chan[0].u_cdc_chw.mem[2][18]$_DFFE_PP_,clk_core,4.04,1.31,0.0010493669011790996,4.038950633098821,setup,measured_cell_rail,orfs_ssd_ctrl_cfg_small,final_psm/ssd_ctrl_cfg_small/VDD_BUMPS.csv + VSS_BUMPS.csv,1.1,True,VALIDATED
773,g_chan[1].u_cdc_chw.mem[11][25]$_DFFE_PP_,clk_core,4.04,1.31,0.0010466165622197432,4.03895338343778,setup,measured_cell_rail,orfs_ssd_ctrl_cfg_small,final_psm/ssd_ctrl_cfg_small/VDD_BUMPS.csv + VSS_BUMPS.csv,1.1,True,VALIDATED
766,g_chan[1].u_cdc_chw.mem[7][25]$_DFFE_PP_,clk_core,4.04,1.31,0.0010390909987051805,4.038960909001295,setup,measured_cell_rail,orfs_ssd_ctrl_cfg_small,final_psm/ssd_ctrl_cfg_small/VDD_BUMPS.csv + VSS_BUMPS.csv,1.1,True,VALIDATED
775,g_chan[1].u_cdc_chw.mem[6][25]$_DFFE_PP_,clk_core,4.04,1.31,0.001038261320854758,4.038961738679145,setup,measured_cell_rail,orfs_ssd_ctrl_cfg_small,final_psm/ssd_ctrl_cfg_small/VDD_BUMPS.csv + VSS_BUMPS.csv,1.1,True,VALIDATED
763,g_chan[1].u_cdc_chw.mem[10][25]$_DFFE_PP_,clk_core,4.04,1.31,0.0010307350855917607,4.038969264914408,setup,measured_cell_rail,orfs_ssd_ctrl_cfg_small,final_psm/ssd_ctrl_cfg_small/VDD_BUMPS.csv + VSS_BUMPS.csv,1.1,True,VALIDATED
764,g_chan[1].u_cdc_chw.mem[2][25]$_DFFE_PP_,clk_core,4.04,1.31,0.0010297394272549554,4.038970260572745,setup,measured_cell_rail,orfs_ssd_ctrl_cfg_small,final_psm/ssd_ctrl_cfg_small/VDD_BUMPS.csv + VSS_BUMPS.csv,1.1,True,VALIDATED
770,g_chan[1].u_cdc_chw.mem[9][25]$_DFFE_PP_,clk_core,4.04,1.31,0.0010258671740003694,4.038974132826,setup,measured_cell_rail,orfs_ssd_ctrl_cfg_small,final_psm/ssd_ctrl_cfg_small/VDD_BUMPS.csv + VSS_BUMPS.csv,1.1,True,VALIDATED
765,g_chan[1].u_cdc_chw.mem[0][25]$_DFFE_PP_,clk_core,4.04,1.31,0.0010252034245441521,4.038974796575456,setup,measured_cell_rail,orfs_ssd_ctrl_cfg_small,final_psm/ssd_ctrl_cfg_small/VDD_BUMPS.csv + VSS_BUMPS.csv,1.1,True,VALIDATED
774,g_chan[1].u_cdc_chw.mem[5][25]$_DFFE_PP_,clk_core,4.04,1.31,0.0010208894616693526,4.038979110538331,setup,measured_cell_rail,orfs_ssd_ctrl_cfg_small,final_psm/ssd_ctrl_cfg_small/VDD_BUMPS.csv + VSS_BUMPS.csv,1.1,True,VALIDATED
785,g_chan[1].u_cdc_chw.mem[11][12]$_DFFE_PP_,clk_core,4.04,1.31,0.0010207606821248938,4.038979239317875,setup,measured_cell_rail,orfs_ssd_ctrl_cfg_small,final_psm/ssd_ctrl_cfg_small/VDD_BUMPS.csv + VSS_BUMPS.csv,1.1,True,VALIDATED
783,g_chan[1].u_cdc_chw.mem[10][12]$_DFFE_PP_,clk_core,4.04,1.31,0.0010203950453112898,4.038979604954688,setup,measured_cell_rail,orfs_ssd_ctrl_cfg_small,final_psm/ssd_ctrl_cfg_small/VDD_BUMPS.csv + VSS_BUMPS.csv,1.1,True,VALIDATED
787,g_chan[1].u_cdc_chw.mem[13][12]$_DFFE_PP_,clk_core,4.04,1.31,0.001019089218369268,4.038980910781631,setup,measured_cell_rail,orfs_ssd_ctrl_cfg_small,final_psm/ssd_ctrl_cfg_small/VDD_BUMPS.csv + VSS_BUMPS.csv,1.1,True,VALIDATED
769,g_chan[1].u_cdc_chw.mem[4][25]$_DFFE_PP_,clk_core,4.04,1.31,0.0010187878739206374,4.038981212126079,setup,measured_cell_rail,orfs_ssd_ctrl_cfg_small,final_psm/ssd_ctrl_cfg_small/VDD_BUMPS.csv + VSS_BUMPS.csv,1.1,True,VALIDATED
784,g_chan[1].u_cdc_chw.mem[12][12]$_DFFE_PP_,clk_core,4.04,1.31,0.0010158511448390556,4.038984148855161,setup,measured_cell_rail,orfs_ssd_ctrl_cfg_small,final_psm/ssd_ctrl_cfg_small/VDD_BUMPS.csv + VSS_BUMPS.csv,1.1,True,VALIDATED
791,g_chan[1].u_cdc_chw.mem[14][12]$_DFFE_PP_,clk_core,4.04,1.31,0.0010118821934159,4.038988117806584,setup,measured_cell_rail,orfs_ssd_ctrl_cfg_small,final_psm/ssd_ctrl_cfg_small/VDD_BUMPS.csv + VSS_BUMPS.csv,1.1,True,VALIDATED
792,g_chan[1].u_cdc_chw.mem[15][12]$_DFFE_PP_,clk_core,4.04,1.3,0.0010056606142927887,4.038994339385707,setup,measured_cell_rail,orfs_ssd_ctrl_cfg_small,final_psm/ssd_ctrl_cfg_small/VDD_BUMPS.csv + VSS_BUMPS.csv,1.1,True,VALIDATED
797,u_dma_fabric.rbeat_data[1]$_DFFE_PN0P_,clk_core,4.05,1.3,0.0011704549332279962,4.048829545066772,setup,measured_cell_rail,orfs_ssd_ctrl_cfg_small,final_psm/ssd_ctrl_cfg_small/VDD_BUMPS.csv + VSS_BUMPS.csv,1.1,True,VALIDATED
800,g_chan[1].u_cdc_chw.mem[12][18]$_DFFE_PP_,clk_core,4.05,1.3,0.0010798431105717432,4.048920156889428,setup,measured_cell_rail,orfs_ssd_ctrl_cfg_small,final_psm/ssd_ctrl_cfg_small/VDD_BUMPS.csv + VSS_BUMPS.csv,1.1,True,VALIDATED
798,g_chan[1].u_cdc_chw.mem[10][18]$_DFFE_PP_,clk_core,4.05,1.3,0.0010797882070936599,4.048920211792906,setup,measured_cell_rail,orfs_ssd_ctrl_cfg_small,final_psm/ssd_ctrl_cfg_small/VDD_BUMPS.csv + VSS_BUMPS.csv,1.1,True,VALIDATED
795,g_chan[1].u_cdc_chw.mem[8][18]$_DFFE_PP_,clk_core,4.05,1.3,0.0010759392233775367,4.048924060776622,setup,measured_cell_rail,orfs_ssd_ctrl_cfg_small,final_psm/ssd_ctrl_cfg_small/VDD_BUMPS.csv + VSS_BUMPS.csv,1.1,True,VALIDATED
794,g_chan[1].u_cdc_chw.mem[9][18]$_DFFE_PP_,clk_core,4.05,1.3,0.0010596313551038683,4.048940368644896,setup,measured_cell_rail,orfs_ssd_ctrl_cfg_small,final_psm/ssd_ctrl_cfg_small/VDD_BUMPS.csv + VSS_BUMPS.csv,1.1,True,VALIDATED
796,g_chan[1].u_cdc_chw.mem[13][18]$_DFFE_PP_,clk_core,4.05,1.3,0.0010589765034017262,4.048941023496598,setup,measured_cell_rail,orfs_ssd_ctrl_cfg_small,final_psm/ssd_ctrl_cfg_small/VDD_BUMPS.csv + VSS_BUMPS.csv,1.1,True,VALIDATED
799,g_chan[1].u_cdc_chw.mem[9][12]$_DFFE_PP_,clk_core,4.05,1.31,0.0010101379877392874,4.04898986201226,setup,measured_cell_rail,orfs_ssd_ctrl_cfg_small,final_psm/ssd_ctrl_cfg_small/VDD_BUMPS.csv + VSS_BUMPS.csv,1.1,True,VALIDATED
16,g_chan[0].u_cdc_chr.rbin[1]$_DFF_PN0_,clk_core,4.17,1.25,0.0010750999215058121,4.168924900078494,recovery,measured_cell_rail,orfs_ssd_ctrl_cfg_small,final_psm/ssd_ctrl_cfg_small/VDD_BUMPS.csv + VSS_BUMPS.csv,1.1,True,VALIDATED
15,g_chan[0].u_cdc_chr.rbin[3]$_DFF_PN0_,clk_core,4.17,1.25,0.0010750999215058121,4.168924900078494,recovery,measured_cell_rail,orfs_ssd_ctrl_cfg_small,final_psm/ssd_ctrl_cfg_small/VDD_BUMPS.csv + VSS_BUMPS.csv,1.1,True,VALIDATED
20,u_dma_fabric.rbeat_data[10]$_DFFE_PN0P_,clk_core,4.17,1.25,0.0010750999215058121,4.168924900078494,recovery,measured_cell_rail,orfs_ssd_ctrl_cfg_small,final_psm/ssd_ctrl_cfg_small/VDD_BUMPS.csv + VSS_BUMPS.csv,1.1,True,VALIDATED
19,u_dma_fabric.rbeat_data[15]$_DFFE_PN0P_,clk_core,4.17,1.25,0.0010750999215058121,4.168924900078494,recovery,measured_cell_rail,orfs_ssd_ctrl_cfg_small,final_psm/ssd_ctrl_cfg_small/VDD_BUMPS.csv + VSS_BUMPS.csv,1.1,True,VALIDATED
18,g_chan[0].u_cdc_chr.rbin[0]$_DFF_PN0_,clk_core,4.17,1.25,0.0010750999215058121,4.168924900078494,recovery,measured_cell_rail,orfs_ssd_ctrl_cfg_small,final_psm/ssd_ctrl_cfg_small/VDD_BUMPS.csv + VSS_BUMPS.csv,1.1,True,VALIDATED
17,g_chan[0].u_cdc_chr.rbin[2]$_DFF_PN0_,clk_core,4.17,1.25,0.0010750999215058121,4.168924900078494,recovery,measured_cell_rail,orfs_ssd_ctrl_cfg_small,final_psm/ssd_ctrl_cfg_small/VDD_BUMPS.csv + VSS_BUMPS.csv,1.1,True,VALIDATED
1,g_chan[0].u_cdc_chr.rq2_wgray[0]$_DFF_PN0_,clk_core,4.17,1.25,0.0010738895162143922,4.168926110483786,recovery,measured_cell_rail,orfs_ssd_ctrl_cfg_small,final_psm/ssd_ctrl_cfg_small/VDD_BUMPS.csv + VSS_BUMPS.csv,1.1,True,VALIDATED
2,g_chan[0].u_cdc_chr.rgray[0]$_DFF_PN0_,clk_core,4.17,1.25,0.0010738895162143922,4.168926110483786,recovery,measured_cell_rail,orfs_ssd_ctrl_cfg_small,final_psm/ssd_ctrl_cfg_small/VDD_BUMPS.csv + VSS_BUMPS.csv,1.1,True,VALIDATED
3,g_chan[0].u_cdc_chr.rq2_wgray[1]$_DFF_PN0_,clk_core,4.17,1.25,0.0010738895162143922,4.168926110483786,recovery,measured_cell_rail,orfs_ssd_ctrl_cfg_small,final_psm/ssd_ctrl_cfg_small/VDD_BUMPS.csv + VSS_BUMPS.csv,1.1,True,VALIDATED
4,g_chan[0].u_cdc_chr.rq1_wgray[2]$_DFF_PN0_,clk_core,4.17,1.25,0.0010738895162143922,4.168926110483786,recovery,measured_cell_rail,orfs_ssd_ctrl_cfg_small,final_psm/ssd_ctrl_cfg_small/VDD_BUMPS.csv + VSS_BUMPS.csv,1.1,True,VALIDATED
5,g_chan[0].u_cdc_chr.rq1_wgray[3]$_DFF_PN0_,clk_core,4.17,1.25,0.0010738895162143922,4.168926110483786,recovery,measured_cell_rail,orfs_ssd_ctrl_cfg_small,final_psm/ssd_ctrl_cfg_small/VDD_BUMPS.csv + VSS_BUMPS.csv,1.1,True,VALIDATED
6,g_chan[0].u_cdc_chr.rq1_wgray[4]$_DFF_PN0_,clk_core,4.17,1.25,0.0010738895162143922,4.168926110483786,recovery,measured_cell_rail,orfs_ssd_ctrl_cfg_small,final_psm/ssd_ctrl_cfg_small/VDD_BUMPS.csv + VSS_BUMPS.csv,1.1,True,VALIDATED
7,g_chan[0].u_cdc_chr.rq1_wgray[1]$_DFF_PN0_,clk_core,4.17,1.25,0.0010738895162143922,4.168926110483786,recovery,measured_cell_rail,orfs_ssd_ctrl_cfg_small,final_psm/ssd_ctrl_cfg_small/VDD_BUMPS.csv + VSS_BUMPS.csv,1.1,True,VALIDATED
0,g_chan[0].u_cdc_chr.rq1_wgray[0]$_DFF_PN0_,clk_core,4.17,1.25,0.0010738895162143922,4.168926110483786,recovery,measured_cell_rail,orfs_ssd_ctrl_cfg_small,final_psm/ssd_ctrl_cfg_small/VDD_BUMPS.csv + VSS_BUMPS.csv,1.1,True,VALIDATED
12,g_chan[0].u_cdc_chr.rq2_wgray[3]$_DFF_PN0_,clk_core,4.17,1.25,0.001054714363671161,4.168945285636329,recovery,measured_cell_rail,orfs_ssd_ctrl_cfg_small,final_psm/ssd_ctrl_cfg_small/VDD_BUMPS.csv + VSS_BUMPS.csv,1.1,True,VALIDATED
11,g_chan[0].u_cdc_chr.rgray[2]$_DFF_PN0_,clk_core,4.17,1.25,0.001054714363671161,4.168945285636329,recovery,measured_cell_rail,orfs_ssd_ctrl_cfg_small,final_psm/ssd_ctrl_cfg_small/VDD_BUMPS.csv + VSS_BUMPS.csv,1.1,True,VALIDATED
10,g_chan[0].u_cdc_chr.rgray[3]$_DFF_PN0_,clk_core,4.17,1.25,0.001054714363671161,4.168945285636329,recovery,measured_cell_rail,orfs_ssd_ctrl_cfg_small,final_psm/ssd_ctrl_cfg_small/VDD_BUMPS.csv + VSS_BUMPS.csv,1.1,True,VALIDATED
9,g_chan[0].u_cdc_chr.rq2_wgray[2]$_DFF_PN0_,clk_core,4.17,1.25,0.001054714363671161,4.168945285636329,recovery,measured_cell_rail,orfs_ssd_ctrl_cfg_small,final_psm/ssd_ctrl_cfg_small/VDD_BUMPS.csv + VSS_BUMPS.csv,1.1,True,VALIDATED
8,g_chan[0].u_cdc_chr.rgray[1]$_DFF_PN0_,clk_core,4.17,1.25,0.001054714363671161,4.168945285636329,recovery,measured_cell_rail,orfs_ssd_ctrl_cfg_small,final_psm/ssd_ctrl_cfg_small/VDD_BUMPS.csv + VSS_BUMPS.csv,1.1,True,VALIDATED
14,g_chan[0].u_cdc_chr.rbin[4]$_DFF_PN0_,clk_core,4.17,1.25,0.001054714363671161,4.168945285636329,recovery,measured_cell_rail,orfs_ssd_ctrl_cfg_small,final_psm/ssd_ctrl_cfg_small/VDD_BUMPS.csv + VSS_BUMPS.csv,1.1,True,VALIDATED
13,g_chan[0].u_cdc_chr.rq2_wgray[4]$_DFF_PN0_,clk_core,4.17,1.25,0.001054714363671161,4.168945285636329,recovery,measured_cell_rail,orfs_ssd_ctrl_cfg_small,final_psm/ssd_ctrl_cfg_small/VDD_BUMPS.csv + VSS_BUMPS.csv,1.1,True,VALIDATED
25,u_dma_fabric.rbeat_data[14]$_DFFE_PN0P_,clk_core,4.31,1.12,0.0009369091621248063,4.309063090837875,recovery,measured_cell_rail,orfs_ssd_ctrl_cfg_small,final_psm/ssd_ctrl_cfg_small/VDD_BUMPS.csv + VSS_BUMPS.csv,1.1,True,VALIDATED
23,u_dma_fabric.rbeat_data[9]$_DFFE_PN0P_,clk_core,4.31,1.12,0.0009369091621248063,4.309063090837875,recovery,measured_cell_rail,orfs_ssd_ctrl_cfg_small,final_psm/ssd_ctrl_cfg_small/VDD_BUMPS.csv + VSS_BUMPS.csv,1.1,True,VALIDATED
22,u_dma_fabric.rbeat_data[13]$_DFFE_PN0P_,clk_core,4.31,1.12,0.0009369091621248063,4.309063090837875,recovery,measured_cell_rail,orfs_ssd_ctrl_cfg_small,final_psm/ssd_ctrl_cfg_small/VDD_BUMPS.csv + VSS_BUMPS.csv,1.1,True,VALIDATED
24,u_dma_fabric.rbeat_data[20]$_DFFE_PN0P_,clk_core,4.31,1.12,0.0009369091621248063,4.309063090837875,recovery,measured_cell_rail,orfs_ssd_ctrl_cfg_small,final_psm/ssd_ctrl_cfg_small/VDD_BUMPS.csv + VSS_BUMPS.csv,1.1,True,VALIDATED
21,u_dma_fabric.rbeat_data[17]$_DFFE_PN0P_,clk_core,4.31,1.12,0.0009369091621248063,4.309063090837875,recovery,measured_cell_rail,orfs_ssd_ctrl_cfg_small,final_psm/ssd_ctrl_cfg_small/VDD_BUMPS.csv + VSS_BUMPS.csv,1.1,True,VALIDATED
26,u_dma_fabric.rbeat_data[16]$_DFFE_PN0P_,clk_core,4.31,1.11,0.0009285439017486935,4.309071456098251,recovery,measured_cell_rail,orfs_ssd_ctrl_cfg_small,final_psm/ssd_ctrl_cfg_small/VDD_BUMPS.csv + VSS_BUMPS.csv,1.1,True,VALIDATED
38,u_dma_fabric.rbeat_data[5]$_DFFE_PN0P_,clk_core,4.32,1.11,0.0009666332075249084,4.319033366792476,recovery,measured_cell_rail,orfs_ssd_ctrl_cfg_small,final_psm/ssd_ctrl_cfg_small/VDD_BUMPS.csv + VSS_BUMPS.csv,1.1,True,VALIDATED
35,u_dma_fabric.rbeat_data[25]$_DFFE_PN0P_,clk_core,4.32,1.11,0.0009528656998184851,4.319047134300182,recovery,measured_cell_rail,orfs_ssd_ctrl_cfg_small,final_psm/ssd_ctrl_cfg_small/VDD_BUMPS.csv + VSS_BUMPS.csv,1.1,True,VALIDATED
37,u_dma_fabric.rbeat_data[24]$_DFFE_PN0P_,clk_core,4.32,1.11,0.0009528656998184851,4.319047134300182,recovery,measured_cell_rail,orfs_ssd_ctrl_cfg_small,final_psm/ssd_ctrl_cfg_small/VDD_BUMPS.csv + VSS_BUMPS.csv,1.1,True,VALIDATED
36,u_dma_fabric.rbeat_data[6]$_DFFE_PN0P_,clk_core,4.32,1.11,0.0009528656998184851,4.319047134300182,recovery,measured_cell_rail,orfs_ssd_ctrl_cfg_small,final_psm/ssd_ctrl_cfg_small/VDD_BUMPS.csv + VSS_BUMPS.csv,1.1,True,VALIDATED
32,u_dma_fabric.rbeat_data[7]$_DFFE_PN0P_,clk_core,4.32,1.11,0.0009528656998184851,4.319047134300182,recovery,measured_cell_rail,orfs_ssd_ctrl_cfg_small,final_psm/ssd_ctrl_cfg_small/VDD_BUMPS.csv + VSS_BUMPS.csv,1.1,True,VALIDATED
33,u_dma_fabric.rbeat_data[8]$_DFFE_PN0P_,clk_core,4.32,1.11,0.0009528656998184851,4.319047134300182,recovery,measured_cell_rail,orfs_ssd_ctrl_cfg_small,final_psm/ssd_ctrl_cfg_small/VDD_BUMPS.csv + VSS_BUMPS.csv,1.1,True,VALIDATED
34,u_dma_fabric.rbeat_data[18]$_DFFE_PN0P_,clk_core,4.32,1.11,0.0009528656998184851,4.319047134300182,recovery,measured_cell_rail,orfs_ssd_ctrl_cfg_small,final_psm/ssd_ctrl_cfg_small/VDD_BUMPS.csv + VSS_BUMPS.csv,1.1,True,VALIDATED
31,u_dma_fabric.rbeat_data[31]$_DFFE_PN0P_,clk_core,4.32,1.11,0.0009528656998184851,4.319047134300182,recovery,measured_cell_rail,orfs_ssd_ctrl_cfg_small,final_psm/ssd_ctrl_cfg_small/VDD_BUMPS.csv + VSS_BUMPS.csv,1.1,True,VALIDATED
27,u_dma_fabric.rbeat_data[12]$_DFFE_PN0P_,clk_core,4.32,1.11,0.0009285439017486935,4.319071456098252,recovery,measured_cell_rail,orfs_ssd_ctrl_cfg_small,final_psm/ssd_ctrl_cfg_small/VDD_BUMPS.csv + VSS_BUMPS.csv,1.1,True,VALIDATED
30,u_dma_fabric.rbeat_data[21]$_DFFE_PN0P_,clk_core,4.32,1.11,0.0009079964473722238,4.319092003552628,recovery,measured_cell_rail,orfs_ssd_ctrl_cfg_small,final_psm/ssd_ctrl_cfg_small/VDD_BUMPS.csv + VSS_BUMPS.csv,1.1,True,VALIDATED
29,u_dma_fabric.rbeat_data[19]$_DFFE_PN0P_,clk_core,4.32,1.11,0.0009079964473722238,4.319092003552628,recovery,measured_cell_rail,orfs_ssd_ctrl_cfg_small,final_psm/ssd_ctrl_cfg_small/VDD_BUMPS.csv + VSS_BUMPS.csv,1.1,True,VALIDATED
28,u_dma_fabric.rbeat_data[11]$_DFFE_PN0P_,clk_core,4.32,1.11,0.0009079964473722238,4.319092003552628,recovery,measured_cell_rail,orfs_ssd_ctrl_cfg_small,final_psm/ssd_ctrl_cfg_small/VDD_BUMPS.csv + VSS_BUMPS.csv,1.1,True,VALIDATED
40,u_dma_fabric.rbeat_data[27]$_DFFE_PN0P_,clk_core,4.33,1.11,0.0009666332075249084,4.329033366792475,recovery,measured_cell_rail,orfs_ssd_ctrl_cfg_small,final_psm/ssd_ctrl_cfg_small/VDD_BUMPS.csv + VSS_BUMPS.csv,1.1,True,VALIDATED
39,u_dma_fabric.rbeat_data[22]$_DFFE_PN0P_,clk_core,4.33,1.11,0.0009640447209995975,4.329035955279,recovery,measured_cell_rail,orfs_ssd_ctrl_cfg_small,final_psm/ssd_ctrl_cfg_small/VDD_BUMPS.csv + VSS_BUMPS.csv,1.1,True,VALIDATED
41,u_dma_fabric.rbeat_data[4]$_DFFE_PN0P_,clk_core,4.33,1.1,0.0009579248002498791,4.32904207519975,recovery,measured_cell_rail,orfs_ssd_ctrl_cfg_small,final_psm/ssd_ctrl_cfg_small/VDD_BUMPS.csv + VSS_BUMPS.csv,1.1,True,VALIDATED
42,g_chan[0].u_cdc_chr.rd_empty$_DFF_PN1_,clk_core,4.33,1.1,0.000904245479472203,4.3290957545205275,recovery,measured_cell_rail,orfs_ssd_ctrl_cfg_small,final_psm/ssd_ctrl_cfg_small/VDD_BUMPS.csv + VSS_BUMPS.csv,1.1,True,VALIDATED
43,g_chan[1].u_cdc_chcmd.wq2_rgray[3]$_DFF_PN0_,clk_core,4.37,1.05,0.0008338067975665678,4.3691661932024335,recovery,measured_cell_rail,orfs_ssd_ctrl_cfg_small,final_psm/ssd_ctrl_cfg_small/VDD_BUMPS.csv + VSS_BUMPS.csv,1.1,True,VALIDATED
44,g_chan[1].u_cdc_chcmd.wq2_rgray[1]$_DFF_PN0_,clk_core,4.37,1.05,0.0008338067975665678,4.3691661932024335,recovery,measured_cell_rail,orfs_ssd_ctrl_cfg_small,final_psm/ssd_ctrl_cfg_small/VDD_BUMPS.csv + VSS_BUMPS.csv,1.1,True,VALIDATED
53,g_chan[1].u_cdc_chcmd.wgray[1]$_DFF_PN0_,clk_core,4.38,1.05,0.0008356912725895546,4.37916430872741,recovery,measured_cell_rail,orfs_ssd_ctrl_cfg_small,final_psm/ssd_ctrl_cfg_small/VDD_BUMPS.csv + VSS_BUMPS.csv,1.1,True,VALIDATED
48,g_chan[1].u_cdc_chcmd.wbin[0]$_DFF_PN0_,clk_core,4.38,1.05,0.0008356912725895546,4.37916430872741,recovery,measured_cell_rail,orfs_ssd_ctrl_cfg_small,final_psm/ssd_ctrl_cfg_small/VDD_BUMPS.csv + VSS_BUMPS.csv,1.1,True,VALIDATED
47,g_chan[1].u_cdc_chcmd.wbin[1]$_DFF_PN0_,clk_core,4.38,1.05,0.0008356912725895546,4.37916430872741,recovery,measured_cell_rail,orfs_ssd_ctrl_cfg_small,final_psm/ssd_ctrl_cfg_small/VDD_BUMPS.csv + VSS_BUMPS.csv,1.1,True,VALIDATED
55,g_chan[1].u_cdc_chcmd.wq1_rgray[4]$_DFF_PN0_,clk_core,4.38,1.05,0.0008356912725895546,4.37916430872741,recovery,measured_cell_rail,orfs_ssd_ctrl_cfg_small,final_psm/ssd_ctrl_cfg_small/VDD_BUMPS.csv + VSS_BUMPS.csv,1.1,True,VALIDATED
56,g_chan[1].u_cdc_chcmd.wbin[4]$_DFF_PN0_,clk_core,4.38,1.05,0.0008356912725895546,4.37916430872741,recovery,measured_cell_rail,orfs_ssd_ctrl_cfg_small,final_psm/ssd_ctrl_cfg_small/VDD_BUMPS.csv + VSS_BUMPS.csv,1.1,True,VALIDATED
50,g_chan[1].u_cdc_chcmd.wbin[3]$_DFF_PN0_,clk_core,4.38,1.05,0.0008356912725895546,4.37916430872741,recovery,measured_cell_rail,orfs_ssd_ctrl_cfg_small,final_psm/ssd_ctrl_cfg_small/VDD_BUMPS.csv + VSS_BUMPS.csv,1.1,True,VALIDATED
51,g_chan[1].u_cdc_chcmd.wbin[2]$_DFF_PN0_,clk_core,4.38,1.05,0.0008356912725895546,4.37916430872741,recovery,measured_cell_rail,orfs_ssd_ctrl_cfg_small,final_psm/ssd_ctrl_cfg_small/VDD_BUMPS.csv + VSS_BUMPS.csv,1.1,True,VALIDATED
57,g_chan[1].u_cdc_chcmd.wr_full$_DFF_PN0_,clk_core,4.38,1.05,0.0008346861854362439,4.379165313814564,recovery,measured_cell_rail,orfs_ssd_ctrl_cfg_small,final_psm/ssd_ctrl_cfg_small/VDD_BUMPS.csv + VSS_BUMPS.csv,1.1,True,VALIDATED
46,g_chan[1].u_cdc_chcmd.wq2_rgray[0]$_DFF_PN0_,clk_core,4.38,1.05,0.0008338067975665678,4.379166193202433,recovery,measured_cell_rail,orfs_ssd_ctrl_cfg_small,final_psm/ssd_ctrl_cfg_small/VDD_BUMPS.csv + VSS_BUMPS.csv,1.1,True,VALIDATED
45,g_chan[1].u_cdc_chcmd.wq1_rgray[1]$_DFF_PN0_,clk_core,4.38,1.05,0.0008338067975665678,4.379166193202433,recovery,measured_cell_rail,orfs_ssd_ctrl_cfg_small,final_psm/ssd_ctrl_cfg_small/VDD_BUMPS.csv + VSS_BUMPS.csv,1.1,True,VALIDATED
61,g_chan[1].u_cdc_chcmd.wq2_rgray[4]$_DFF_PN0_,clk_core,4.38,1.05,0.0008311061903924916,4.379168893809608,recovery,measured_cell_rail,orfs_ssd_ctrl_cfg_small,final_psm/ssd_ctrl_cfg_small/VDD_BUMPS.csv + VSS_BUMPS.csv,1.1,True,VALIDATED
54,g_chan[1].u_cdc_chcmd.wq1_rgray[0]$_DFF_PN0_,clk_core,4.38,1.05,0.0008311061903924916,4.379168893809608,recovery,measured_cell_rail,orfs_ssd_ctrl_cfg_small,final_psm/ssd_ctrl_cfg_small/VDD_BUMPS.csv + VSS_BUMPS.csv,1.1,True,VALIDATED
49,g_chan[1].u_cdc_chcmd.wq1_rgray[3]$_DFF_PN0_,clk_core,4.38,1.05,0.0008311061903924916,4.379168893809608,recovery,measured_cell_rail,orfs_ssd_ctrl_cfg_small,final_psm/ssd_ctrl_cfg_small/VDD_BUMPS.csv + VSS_BUMPS.csv,1.1,True,VALIDATED
52,g_chan[1].u_cdc_chcmd.wgray[0]$_DFF_PN0_,clk_core,4.38,1.05,0.0008311061903924916,4.379168893809608,recovery,measured_cell_rail,orfs_ssd_ctrl_cfg_small,final_psm/ssd_ctrl_cfg_small/VDD_BUMPS.csv + VSS_BUMPS.csv,1.1,True,VALIDATED
62,g_chan[1].u_cdc_chcmd.wq2_rgray[2]$_DFF_PN0_,clk_core,4.38,1.04,0.000826736793194012,4.3791732632068054,recovery,measured_cell_rail,orfs_ssd_ctrl_cfg_small,final_psm/ssd_ctrl_cfg_small/VDD_BUMPS.csv + VSS_BUMPS.csv,1.1,True,VALIDATED
59,g_chan[1].u_cdc_chcmd.wgray[3]$_DFF_PN0_,clk_core,4.38,1.04,0.000826736793194012,4.3791732632068054,recovery,measured_cell_rail,orfs_ssd_ctrl_cfg_small,final_psm/ssd_ctrl_cfg_small/VDD_BUMPS.csv + VSS_BUMPS.csv,1.1,True,VALIDATED
58,g_chan[1].u_cdc_chcmd.wq1_rgray[2]$_DFF_PN0_,clk_core,4.38,1.04,0.000826736793194012,4.3791732632068054,recovery,measured_cell_rail,orfs_ssd_ctrl_cfg_small,final_psm/ssd_ctrl_cfg_small/VDD_BUMPS.csv + VSS_BUMPS.csv,1.1,True,VALIDATED
60,g_chan[1].u_cdc_chcmd.wgray[2]$_DFF_PN0_,clk_core,4.38,1.04,0.000826736793194012,4.3791732632068054,recovery,measured_cell_rail,orfs_ssd_ctrl_cfg_small,final_psm/ssd_ctrl_cfg_small/VDD_BUMPS.csv + VSS_BUMPS.csv,1.1,True,VALIDATED
86,u_cdc_rbeat.wr_full$_DFF_PN0_,clk_core,4.41,1.02,0.0008933934253016057,4.409106606574698,recovery,measured_cell_rail,orfs_ssd_ctrl_cfg_small,final_psm/ssd_ctrl_cfg_small/VDD_BUMPS.csv + VSS_BUMPS.csv,1.1,True,VALIDATED
83,u_cdc_rbeat.wq1_rgray[4]$_DFF_PN0_,clk_core,4.41,1.02,0.0008913361370900263,4.40910866386291,recovery,measured_cell_rail,orfs_ssd_ctrl_cfg_small,final_psm/ssd_ctrl_cfg_small/VDD_BUMPS.csv + VSS_BUMPS.csv,1.1,True,VALIDATED
84,u_cdc_rbeat.wq2_rgray[4]$_DFF_PN0_,clk_core,4.41,1.02,0.0008913361370900263,4.40910866386291,recovery,measured_cell_rail,orfs_ssd_ctrl_cfg_small,final_psm/ssd_ctrl_cfg_small/VDD_BUMPS.csv + VSS_BUMPS.csv,1.1,True,VALIDATED
85,u_cdc_rbeat.wq1_rgray[2]$_DFF_PN0_,clk_core,4.41,1.02,0.0008801016348545174,4.409119898365145,recovery,measured_cell_rail,orfs_ssd_ctrl_cfg_small,final_psm/ssd_ctrl_cfg_small/VDD_BUMPS.csv + VSS_BUMPS.csv,1.1,True,VALIDATED
73,u_cdc_rbeat.wbin[3]$_DFF_PN0_,clk_core,4.41,1.02,0.0008801016348545174,4.409119898365145,recovery,measured_cell_rail,orfs_ssd_ctrl_cfg_small,final_psm/ssd_ctrl_cfg_small/VDD_BUMPS.csv + VSS_BUMPS.csv,1.1,True,VALIDATED
78,u_cdc_rbeat.wq2_rgray[2]$_DFF_PN0_,clk_core,4.41,1.02,0.0008801016348545174,4.409119898365145,recovery,measured_cell_rail,orfs_ssd_ctrl_cfg_small,final_psm/ssd_ctrl_cfg_small/VDD_BUMPS.csv + VSS_BUMPS.csv,1.1,True,VALIDATED
70,u_cdc_rbeat.wbin[4]$_DFF_PN0_,clk_core,4.41,1.02,0.0008801016348545174,4.409119898365145,recovery,measured_cell_rail,orfs_ssd_ctrl_cfg_small,final_psm/ssd_ctrl_cfg_small/VDD_BUMPS.csv + VSS_BUMPS.csv,1.1,True,VALIDATED
74,u_cdc_rbeat.wbin[2]$_DFF_PN0_,clk_core,4.41,1.02,0.0008801016348545174,4.409119898365145,recovery,measured_cell_rail,orfs_ssd_ctrl_cfg_small,final_psm/ssd_ctrl_cfg_small/VDD_BUMPS.csv + VSS_BUMPS.csv,1.1,True,VALIDATED
79,u_cdc_rbeat.wq2_rgray[1]$_DFF_PN0_,clk_core,4.41,1.02,0.0008801016348545174,4.409119898365145,recovery,measured_cell_rail,orfs_ssd_ctrl_cfg_small,final_psm/ssd_ctrl_cfg_small/VDD_BUMPS.csv + VSS_BUMPS.csv,1.1,True,VALIDATED
67,u_cdc_rbeat.wq1_rgray[0]$_DFF_PN0_,clk_core,4.41,1.02,0.0008778375694348944,4.409122162430565,recovery,measured_cell_rail,orfs_ssd_ctrl_cfg_small,final_psm/ssd_ctrl_cfg_small/VDD_BUMPS.csv + VSS_BUMPS.csv,1.1,True,VALIDATED
80,u_cdc_rbeat.wbin[0]$_DFF_PN0_,clk_core,4.41,1.02,0.0008778375694348944,4.409122162430565,recovery,measured_cell_rail,orfs_ssd_ctrl_cfg_small,final_psm/ssd_ctrl_cfg_small/VDD_BUMPS.csv + VSS_BUMPS.csv,1.1,True,VALIDATED
81,u_cdc_rbeat.wbin[1]$_DFF_PN0_,clk_core,4.41,1.02,0.0008778375694348944,4.409122162430565,recovery,measured_cell_rail,orfs_ssd_ctrl_cfg_small,final_psm/ssd_ctrl_cfg_small/VDD_BUMPS.csv + VSS_BUMPS.csv,1.1,True,VALIDATED
66,u_dma_fabric.rbeat_data[28]$_DFFE_PN0P_,clk_core,4.41,1.02,0.0008697409855672814,4.409130259014433,recovery,measured_cell_rail,orfs_ssd_ctrl_cfg_small,final_psm/ssd_ctrl_cfg_small/VDD_BUMPS.csv + VSS_BUMPS.csv,1.1,True,VALIDATED
69,u_cdc_rbeat.wq2_rgray[3]$_DFF_PN0_,clk_core,4.41,1.02,0.0008630087369625658,4.409136991263037,recovery,measured_cell_rail,orfs_ssd_ctrl_cfg_small,final_psm/ssd_ctrl_cfg_small/VDD_BUMPS.csv + VSS_BUMPS.csv,1.1,True,VALIDATED
68,u_cdc_rbeat.wq1_rgray[3]$_DFF_PN0_,clk_core,4.41,1.02,0.0008630087369625658,4.409136991263037,recovery,measured_cell_rail,orfs_ssd_ctrl_cfg_small,final_psm/ssd_ctrl_cfg_small/VDD_BUMPS.csv + VSS_BUMPS.csv,1.1,True,VALIDATED
75,u_cdc_rbeat.wgray[0]$_DFF_PN0_,clk_core,4.41,1.02,0.0008630087369625658,4.409136991263037,recovery,measured_cell_rail,orfs_ssd_ctrl_cfg_small,final_psm/ssd_ctrl_cfg_small/VDD_BUMPS.csv + VSS_BUMPS.csv,1.1,True,VALIDATED
76,u_cdc_rbeat.wgray[1]$_DFF_PN0_,clk_core,4.41,1.02,0.0008630087369625658,4.409136991263037,recovery,measured_cell_rail,orfs_ssd_ctrl_cfg_small,final_psm/ssd_ctrl_cfg_small/VDD_BUMPS.csv + VSS_BUMPS.csv,1.1,True,VALIDATED
72,u_cdc_rbeat.wgray[2]$_DFF_PN0_,clk_core,4.41,1.02,0.0008630087369625658,4.409136991263037,recovery,measured_cell_rail,orfs_ssd_ctrl_cfg_small,final_psm/ssd_ctrl_cfg_small/VDD_BUMPS.csv + VSS_BUMPS.csv,1.1,True,VALIDATED
71,u_cdc_rbeat.wgray[3]$_DFF_PN0_,clk_core,4.41,1.02,0.0008630087369625658,4.409136991263037,recovery,measured_cell_rail,orfs_ssd_ctrl_cfg_small,final_psm/ssd_ctrl_cfg_small/VDD_BUMPS.csv + VSS_BUMPS.csv,1.1,True,VALIDATED
82,u_cdc_rbeat.wq1_rgray[1]$_DFF_PN0_,clk_core,4.41,1.02,0.0008630087369625658,4.409136991263037,recovery,measured_cell_rail,orfs_ssd_ctrl_cfg_small,final_psm/ssd_ctrl_cfg_small/VDD_BUMPS.csv + VSS_BUMPS.csv,1.1,True,VALIDATED
77,u_cdc_rbeat.wq2_rgray[0]$_DFF_PN0_,clk_core,4.41,1.02,0.0008630087369625658,4.409136991263037,recovery,measured_cell_rail,orfs_ssd_ctrl_cfg_small,final_psm/ssd_ctrl_cfg_small/VDD_BUMPS.csv + VSS_BUMPS.csv,1.1,True,VALIDATED
63,u_dma_fabric.rbeat_data[23]$_DFFE_PN0P_,clk_core,4.41,1.02,0.0008629513547755915,4.409137048645224,recovery,measured_cell_rail,orfs_ssd_ctrl_cfg_small,final_psm/ssd_ctrl_cfg_small/VDD_BUMPS.csv + VSS_BUMPS.csv,1.1,True,VALIDATED
65,u_dma_fabric.rbeat_data[30]$_DFFE_PN0P_,clk_core,4.41,1.02,0.0008629513547755915,4.409137048645224,recovery,measured_cell_rail,orfs_ssd_ctrl_cfg_small,final_psm/ssd_ctrl_cfg_small/VDD_BUMPS.csv + VSS_BUMPS.csv,1.1,True,VALIDATED
64,u_dma_fabric.rbeat_data[29]$_DFFE_PN0P_,clk_core,4.41,1.02,0.0008629513547755915,4.409137048645224,recovery,measured_cell_rail,orfs_ssd_ctrl_cfg_small,final_psm/ssd_ctrl_cfg_small/VDD_BUMPS.csv + VSS_BUMPS.csv,1.1,True,VALIDATED
87,u_dma_fabric.rbeat_data[1]$_DFFE_PN0P_,clk_core,4.41,1.02,0.0008292304325501487,4.40917076956745,recovery,measured_cell_rail,orfs_ssd_ctrl_cfg_small,final_psm/ssd_ctrl_cfg_small/VDD_BUMPS.csv + VSS_BUMPS.csv,1.1,True,VALIDATED
88,u_dma_fabric.rbeat_data[26]$_DFFE_PN0P_,clk_core,4.41,1.02,0.0008292304325501487,4.40917076956745,recovery,measured_cell_rail,orfs_ssd_ctrl_cfg_small,final_psm/ssd_ctrl_cfg_small/VDD_BUMPS.csv + VSS_BUMPS.csv,1.1,True,VALIDATED
89,u_dma_fabric.rbeat_data[2]$_DFFE_PN0P_,clk_core,4.41,1.02,0.0008292304325501487,4.40917076956745,recovery,measured_cell_rail,orfs_ssd_ctrl_cfg_small,final_psm/ssd_ctrl_cfg_small/VDD_BUMPS.csv + VSS_BUMPS.csv,1.1,True,VALIDATED
90,u_dma_fabric.rbeat_data[3]$_DFFE_PN0P_,clk_core,4.41,1.02,0.0008292304325501487,4.40917076956745,recovery,measured_cell_rail,orfs_ssd_ctrl_cfg_small,final_psm/ssd_ctrl_cfg_small/VDD_BUMPS.csv + VSS_BUMPS.csv,1.1,True,VALIDATED
91,u_dma_fabric.rbeat_data[0]$_DFFE_PN0P_,clk_core,4.41,1.02,0.0008292304325501487,4.40917076956745,recovery,measured_cell_rail,orfs_ssd_ctrl_cfg_small,final_psm/ssd_ctrl_cfg_small/VDD_BUMPS.csv + VSS_BUMPS.csv,1.1,True,VALIDATED
92,u_seq_core.beats_left[28]$_DFFE_PN0P_,clk_core,4.49,0.94,0.0008576584419036776,4.489142341558097,recovery,measured_cell_rail,orfs_ssd_ctrl_cfg_small,final_psm/ssd_ctrl_cfg_small/VDD_BUMPS.csv + VSS_BUMPS.csv,1.1,True,VALIDATED
93,u_seq_core.beats_left[22]$_DFFE_PN0P_,clk_core,4.49,0.94,0.0008478329285320982,4.4891521670714685,recovery,measured_cell_rail,orfs_ssd_ctrl_cfg_small,final_psm/ssd_ctrl_cfg_small/VDD_BUMPS.csv + VSS_BUMPS.csv,1.1,True,VALIDATED
95,u_seq_core.beats_left[25]$_DFFE_PN0P_,clk_core,4.49,0.94,0.0008478329285320982,4.4891521670714685,recovery,measured_cell_rail,orfs_ssd_ctrl_cfg_small,final_psm/ssd_ctrl_cfg_small/VDD_BUMPS.csv + VSS_BUMPS.csv,1.1,True,VALIDATED
94,u_seq_core.beats_left[21]$_DFFE_PN0P_,clk_core,4.49,0.94,0.0008478329285320982,4.4891521670714685,recovery,measured_cell_rail,orfs_ssd_ctrl_cfg_small,final_psm/ssd_ctrl_cfg_small/VDD_BUMPS.csv + VSS_BUMPS.csv,1.1,True,VALIDATED
97,u_seq_core.beats_left[27]$_DFFE_PN0P_,clk_core,4.49,0.94,0.0008478329285320982,4.4891521670714685,recovery,measured_cell_rail,orfs_ssd_ctrl_cfg_small,final_psm/ssd_ctrl_cfg_small/VDD_BUMPS.csv + VSS_BUMPS.csv,1.1,True,VALIDATED
99,u_seq_core.beats_left[29]$_DFFE_PN0P_,clk_core,4.49,0.94,0.0008478329285320982,4.4891521670714685,recovery,measured_cell_rail,orfs_ssd_ctrl_cfg_small,final_psm/ssd_ctrl_cfg_small/VDD_BUMPS.csv + VSS_BUMPS.csv,1.1,True,VALIDATED
96,u_seq_core.beats_left[26]$_DFFE_PN0P_,clk_core,4.49,0.94,0.0008478329285320982,4.4891521670714685,recovery,measured_cell_rail,orfs_ssd_ctrl_cfg_small,final_psm/ssd_ctrl_cfg_small/VDD_BUMPS.csv + VSS_BUMPS.csv,1.1,True,VALIDATED
98,u_seq_core.beats_left[30]$_DFFE_PN0P_,clk_core,4.49,0.94,0.000845186685365186,4.489154813314635,recovery,measured_cell_rail,orfs_ssd_ctrl_cfg_small,final_psm/ssd_ctrl_cfg_small/VDD_BUMPS.csv + VSS_BUMPS.csv,1.1,True,VALIDATED
141,c_cmd_valid$_DFF_PN0_,clk_core,4.5,0.94,0.0009143192047580823,4.4990856807952415,recovery,measured_cell_rail,orfs_ssd_ctrl_cfg_small,final_psm/ssd_ctrl_cfg_small/VDD_BUMPS.csv + VSS_BUMPS.csv,1.1,True,VALIDATED
140,c_cmd_addr[24]$_DFFE_PN0N_,clk_core,4.5,0.94,0.0008902128192882566,4.4991097871807115,recovery,measured_cell_rail,orfs_ssd_ctrl_cfg_small,final_psm/ssd_ctrl_cfg_small/VDD_BUMPS.csv + VSS_BUMPS.csv,1.1,True,VALIDATED
139,c_cmd_addr[25]$_DFFE_PN0N_,clk_core,4.5,0.94,0.0008902128192882566,4.4991097871807115,recovery,measured_cell_rail,orfs_ssd_ctrl_cfg_small,final_psm/ssd_ctrl_cfg_small/VDD_BUMPS.csv + VSS_BUMPS.csv,1.1,True,VALIDATED
125,u_cdc_cmd.rbin[1]$_DFF_PN0_,clk_core,4.5,0.94,0.0008696712517846442,4.499130328748215,recovery,measured_cell_rail,orfs_ssd_ctrl_cfg_small,final_psm/ssd_ctrl_cfg_small/VDD_BUMPS.csv + VSS_BUMPS.csv,1.1,True,VALIDATED
123,u_cdc_cmd.rq2_wgray[3]$_DFF_PN0_,clk_core,4.5,0.94,0.0008696712517846442,4.499130328748215,recovery,measured_cell_rail,orfs_ssd_ctrl_cfg_small,final_psm/ssd_ctrl_cfg_small/VDD_BUMPS.csv + VSS_BUMPS.csv,1.1,True,VALIDATED
124,u_cdc_cmd.rbin[3]$_DFF_PN0_,clk_core,4.5,0.94,0.0008696712517846442,4.499130328748215,recovery,measured_cell_rail,orfs_ssd_ctrl_cfg_small,final_psm/ssd_ctrl_cfg_small/VDD_BUMPS.csv + VSS_BUMPS.csv,1.1,True,VALIDATED
111,u_cdc_cmd.rq2_wgray[2]$_DFF_PN0_,clk_core,4.5,0.94,0.0008696712517846442,4.499130328748215,recovery,measured_cell_rail,orfs_ssd_ctrl_cfg_small,final_psm/ssd_ctrl_cfg_small/VDD_BUMPS.csv + VSS_BUMPS.csv,1.1,True,VALIDATED
108,u_cdc_cmd.rq1_wgray[3]$_DFF_PN0_,clk_core,4.5,0.94,0.0008696712517846442,4.499130328748215,recovery,measured_cell_rail,orfs_ssd_ctrl_cfg_small,final_psm/ssd_ctrl_cfg_small/VDD_BUMPS.csv + VSS_BUMPS.csv,1.1,True,VALIDATED
109,u_cdc_cmd.rq1_wgray[2]$_DFF_PN0_,clk_core,4.5,0.94,0.0008696712517846442,4.499130328748215,recovery,measured_cell_rail,orfs_ssd_ctrl_cfg_small,final_psm/ssd_ctrl_cfg_small/VDD_BUMPS.csv + VSS_BUMPS.csv,1.1,True,VALIDATED
105,u_cdc_cmd.rq2_wgray[4]$_DFF_PN0_,clk_core,4.5,0.94,0.0008696712517846442,4.499130328748215,recovery,measured_cell_rail,orfs_ssd_ctrl_cfg_small,final_psm/ssd_ctrl_cfg_small/VDD_BUMPS.csv + VSS_BUMPS.csv,1.1,True,VALIDATED
128,u_cdc_cmd.rgray[2]$_DFF_PN0_,clk_core,4.5,0.94,0.0008696712517846442,4.499130328748215,recovery,measured_cell_rail,orfs_ssd_ctrl_cfg_small,final_psm/ssd_ctrl_cfg_small/VDD_BUMPS.csv + VSS_BUMPS.csv,1.1,True,VALIDATED
104,u_cdc_cmd.rbin[4]$_DFF_PN0_,clk_core,4.5,0.94,0.0008696712517846442,4.499130328748215,recovery,measured_cell_rail,orfs_ssd_ctrl_cfg_small,final_psm/ssd_ctrl_cfg_small/VDD_BUMPS.csv + VSS_BUMPS.csv,1.1,True,VALIDATED
106,u_cdc_cmd.rq1_wgray[4]$_DFF_PN0_,clk_core,4.5,0.94,0.0008696712517846442,4.499130328748215,recovery,measured_cell_rail,orfs_ssd_ctrl_cfg_small,final_psm/ssd_ctrl_cfg_small/VDD_BUMPS.csv + VSS_BUMPS.csv,1.1,True,VALIDATED
130,u_cdc_cmd.rgray[3]$_DFF_PN0_,clk_core,4.5,0.94,0.0008696712517846442,4.499130328748215,recovery,measured_cell_rail,orfs_ssd_ctrl_cfg_small,final_psm/ssd_ctrl_cfg_small/VDD_BUMPS.csv + VSS_BUMPS.csv,1.1,True,VALIDATED
110,c_cmd_len[3]$_DFFE_PN0N_,clk_core,4.5,0.94,0.0008167264026705465,4.499183273597329,recovery,measured_cell_rail,orfs_ssd_ctrl_cfg_small,final_psm/ssd_ctrl_cfg_small/VDD_BUMPS.csv + VSS_BUMPS.csv,1.1,True,VALIDATED
107,c_cmd_len[0]$_DFFE_PN0N_,clk_core,4.5,0.94,0.0008167264026705465,4.499183273597329,recovery,measured_cell_rail,orfs_ssd_ctrl_cfg_small,final_psm/ssd_ctrl_cfg_small/VDD_BUMPS.csv + VSS_BUMPS.csv,1.1,True,VALIDATED
132,c_cmd_len[1]$_DFFE_PN0N_,clk_core,4.5,0.94,0.0008167264026705465,4.499183273597329,recovery,measured_cell_rail,orfs_ssd_ctrl_cfg_small,final_psm/ssd_ctrl_cfg_small/VDD_BUMPS.csv + VSS_BUMPS.csv,1.1,True,VALIDATED
100,c_cmd_len[2]$_DFFE_PN0N_,clk_core,4.5,0.94,0.0008019390823106182,4.499198060917689,recovery,measured_cell_rail,orfs_ssd_ctrl_cfg_small,final_psm/ssd_ctrl_cfg_small/VDD_BUMPS.csv + VSS_BUMPS.csv,1.1,True,VALIDATED
101,c_cmd_len[10]$_DFFE_PN0N_,clk_core,4.5,0.94,0.0008019390823106251,4.499198060917689,recovery,measured_cell_rail,orfs_ssd_ctrl_cfg_small,final_psm/ssd_ctrl_cfg_small/VDD_BUMPS.csv + VSS_BUMPS.csv,1.1,True,VALIDATED
102,c_cmd_len[7]$_DFFE_PN0N_,clk_core,4.5,0.94,0.0008019390823106182,4.499198060917689,recovery,measured_cell_rail,orfs_ssd_ctrl_cfg_small,final_psm/ssd_ctrl_cfg_small/VDD_BUMPS.csv + VSS_BUMPS.csv,1.1,True,VALIDATED
116,c_cmd_len[6]$_DFFE_PN0N_,clk_core,4.5,0.94,0.0008019390823106182,4.499198060917689,recovery,measured_cell_rail,orfs_ssd_ctrl_cfg_small,final_psm/ssd_ctrl_cfg_small/VDD_BUMPS.csv + VSS_BUMPS.csv,1.1,True,VALIDATED
103,c_cmd_len[4]$_DFFE_PN0N_,clk_core,4.5,0.94,0.0008019390823106182,4.499198060917689,recovery,measured_cell_rail,orfs_ssd_ctrl_cfg_small,final_psm/ssd_ctrl_cfg_small/VDD_BUMPS.csv + VSS_BUMPS.csv,1.1,True,VALIDATED
135,c_cmd_len[5]$_DFFE_PN0N_,clk_core,4.5,0.94,0.0007905793248312379,4.499209420675169,recovery,measured_cell_rail,orfs_ssd_ctrl_cfg_small,final_psm/ssd_ctrl_cfg_small/VDD_BUMPS.csv + VSS_BUMPS.csv,1.1,True,VALIDATED
133,c_cmd_addr[23]$_DFFE_PN0N_,clk_core,4.5,0.94,0.0007905793248312379,4.499209420675169,recovery,measured_cell_rail,orfs_ssd_ctrl_cfg_small,final_psm/ssd_ctrl_cfg_small/VDD_BUMPS.csv + VSS_BUMPS.csv,1.1,True,VALIDATED
136,c_cmd_len[9]$_DFFE_PN0N_,clk_core,4.5,0.94,0.0007905793248312379,4.499209420675169,recovery,measured_cell_rail,orfs_ssd_ctrl_cfg_small,final_psm/ssd_ctrl_cfg_small/VDD_BUMPS.csv + VSS_BUMPS.csv,1.1,True,VALIDATED
134,c_cmd_len[8]$_DFFE_PN0N_,clk_core,4.5,0.94,0.0007905793248312379,4.499209420675169,recovery,measured_cell_rail,orfs_ssd_ctrl_cfg_small,final_psm/ssd_ctrl_cfg_small/VDD_BUMPS.csv + VSS_BUMPS.csv,1.1,True,VALIDATED
121,g_chan[1].u_cdc_chw.wq2_rgray[1]$_DFF_PN0_,clk_core,4.5,0.94,0.0007622297508112288,4.499237770249189,recovery,measured_cell_rail,orfs_ssd_ctrl_cfg_small,final_psm/ssd_ctrl_cfg_small/VDD_BUMPS.csv + VSS_BUMPS.csv,1.1,True,VALIDATED
117,g_chan[1].u_cdc_chw.wbin[2]$_DFF_PN0_,clk_core,4.5,0.94,0.0007581788822400293,4.49924182111776,recovery,measured_cell_rail,orfs_ssd_ctrl_cfg_small,final_psm/ssd_ctrl_cfg_small/VDD_BUMPS.csv + VSS_BUMPS.csv,1.1,True,VALIDATED
114,g_chan[1].u_cdc_chw.wbin[1]$_DFF_PN0_,clk_core,4.5,0.94,0.000757093073287668,4.499242906926712,recovery,measured_cell_rail,orfs_ssd_ctrl_cfg_small,final_psm/ssd_ctrl_cfg_small/VDD_BUMPS.csv + VSS_BUMPS.csv,1.1,True,VALIDATED
120,g_chan[1].u_cdc_chw.wgray[1]$_DFF_PN0_,clk_core,4.5,0.94,0.000757093073287668,4.499242906926712,recovery,measured_cell_rail,orfs_ssd_ctrl_cfg_small,final_psm/ssd_ctrl_cfg_small/VDD_BUMPS.csv + VSS_BUMPS.csv,1.1,True,VALIDATED
122,g_chan[1].u_cdc_chw.wgray[0]$_DFF_PN0_,clk_core,4.5,0.94,0.000757093073287668,4.499242906926712,recovery,measured_cell_rail,orfs_ssd_ctrl_cfg_small,final_psm/ssd_ctrl_cfg_small/VDD_BUMPS.csv + VSS_BUMPS.csv,1.1,True,VALIDATED
115,g_chan[1].u_cdc_chw.wbin[0]$_DFF_PN0_,clk_core,4.5,0.94,0.000757093073287668,4.499242906926712,recovery,measured_cell_rail,orfs_ssd_ctrl_cfg_small,final_psm/ssd_ctrl_cfg_small/VDD_BUMPS.csv + VSS_BUMPS.csv,1.1,True,VALIDATED
119,g_chan[1].u_cdc_chw.wq1_rgray[1]$_DFF_PN0_,clk_core,4.5,0.94,0.000757093073287668,4.499242906926712,recovery,measured_cell_rail,orfs_ssd_ctrl_cfg_small,final_psm/ssd_ctrl_cfg_small/VDD_BUMPS.csv + VSS_BUMPS.csv,1.1,True,VALIDATED
113,g_chan[1].u_cdc_chw.wbin[3]$_DFF_PN0_,clk_core,4.5,0.94,0.000757093073287668,4.499242906926712,recovery,measured_cell_rail,orfs_ssd_ctrl_cfg_small,final_psm/ssd_ctrl_cfg_small/VDD_BUMPS.csv + VSS_BUMPS.csv,1.1,True,VALIDATED
126,g_chan[1].u_cdc_chw.wq2_rgray[2]$_DFF_PN0_,clk_core,4.5,0.93,0.0007545275785831584,4.499245472421417,recovery,measured_cell_rail,orfs_ssd_ctrl_cfg_small,final_psm/ssd_ctrl_cfg_small/VDD_BUMPS.csv + VSS_BUMPS.csv,1.1,True,VALIDATED
129,g_chan[1].u_cdc_chw.wq1_rgray[3]$_DFF_PN0_,clk_core,4.5,0.93,0.0007545275785831584,4.499245472421417,recovery,measured_cell_rail,orfs_ssd_ctrl_cfg_small,final_psm/ssd_ctrl_cfg_small/VDD_BUMPS.csv + VSS_BUMPS.csv,1.1,True,VALIDATED
112,g_chan[1].u_cdc_chw.wgray[3]$_DFF_PN0_,clk_core,4.5,0.93,0.0007545275785831584,4.499245472421417,recovery,measured_cell_rail,orfs_ssd_ctrl_cfg_small,final_psm/ssd_ctrl_cfg_small/VDD_BUMPS.csv + VSS_BUMPS.csv,1.1,True,VALIDATED
118,g_chan[1].u_cdc_chw.wgray[2]$_DFF_PN0_,clk_core,4.5,0.93,0.0007545275785831584,4.499245472421417,recovery,measured_cell_rail,orfs_ssd_ctrl_cfg_small,final_psm/ssd_ctrl_cfg_small/VDD_BUMPS.csv + VSS_BUMPS.csv,1.1,True,VALIDATED
138,g_chan[1].u_cdc_chw.wq2_rgray[3]$_DFF_PN0_,clk_core,4.5,0.93,0.0007541209236748836,4.499245879076325,recovery,measured_cell_rail,orfs_ssd_ctrl_cfg_small,final_psm/ssd_ctrl_cfg_small/VDD_BUMPS.csv + VSS_BUMPS.csv,1.1,True,VALIDATED
137,g_chan[1].u_cdc_chw.wq2_rgray[0]$_DFF_PN0_,clk_core,4.5,0.93,0.0007541209236748836,4.499245879076325,recovery,measured_cell_rail,orfs_ssd_ctrl_cfg_small,final_psm/ssd_ctrl_cfg_small/VDD_BUMPS.csv + VSS_BUMPS.csv,1.1,True,VALIDATED
131,g_chan[1].u_cdc_chw.wq1_rgray[2]$_DFF_PN0_,clk_core,4.5,0.93,0.00075002603811411,4.499249973961886,recovery,measured_cell_rail,orfs_ssd_ctrl_cfg_small,final_psm/ssd_ctrl_cfg_small/VDD_BUMPS.csv + VSS_BUMPS.csv,1.1,True,VALIDATED
127,g_chan[1].u_cdc_chw.wbin[4]$_DFF_PN0_,clk_core,4.5,0.93,0.0007490388916568877,4.499250961108343,recovery,measured_cell_rail,orfs_ssd_ctrl_cfg_small,final_psm/ssd_ctrl_cfg_small/VDD_BUMPS.csv + VSS_BUMPS.csv,1.1,True,VALIDATED
151,u_cdc_cmd.rd_empty$_DFF_PN1_,clk_core,4.51,0.94,0.0009141313905368098,4.509085868609463,recovery,measured_cell_rail,orfs_ssd_ctrl_cfg_small,final_psm/ssd_ctrl_cfg_small/VDD_BUMPS.csv + VSS_BUMPS.csv,1.1,True,VALIDATED
144,u_cdc_cmd.rgray[0]$_DFF_PN0_,clk_core,4.51,0.94,0.0008902128192882566,4.509109787180711,recovery,measured_cell_rail,orfs_ssd_ctrl_cfg_small,final_psm/ssd_ctrl_cfg_small/VDD_BUMPS.csv + VSS_BUMPS.csv,1.1,True,VALIDATED
142,u_cdc_cmd.rbin[0]$_DFF_PN0_,clk_core,4.51,0.94,0.0008902128192882566,4.509109787180711,recovery,measured_cell_rail,orfs_ssd_ctrl_cfg_small,final_psm/ssd_ctrl_cfg_small/VDD_BUMPS.csv + VSS_BUMPS.csv,1.1,True,VALIDATED
147,u_cdc_cmd.rq2_wgray[1]$_DFF_PN0_,clk_core,4.51,0.94,0.0008630683385552201,4.509136931661445,recovery,measured_cell_rail,orfs_ssd_ctrl_cfg_small,final_psm/ssd_ctrl_cfg_small/VDD_BUMPS.csv + VSS_BUMPS.csv,1.1,True,VALIDATED
150,u_cdc_cmd.rbin[2]$_DFF_PN0_,clk_core,4.51,0.94,0.0008630683385552201,4.509136931661445,recovery,measured_cell_rail,orfs_ssd_ctrl_cfg_small,final_psm/ssd_ctrl_cfg_small/VDD_BUMPS.csv + VSS_BUMPS.csv,1.1,True,VALIDATED
148,u_cdc_cmd.rq2_wgray[0]$_DFF_PN0_,clk_core,4.51,0.94,0.0008630683385552201,4.509136931661445,recovery,measured_cell_rail,orfs_ssd_ctrl_cfg_small,final_psm/ssd_ctrl_cfg_small/VDD_BUMPS.csv + VSS_BUMPS.csv,1.1,True,VALIDATED
146,u_cdc_cmd.rq1_wgray[1]$_DFF_PN0_,clk_core,4.51,0.94,0.0008630683385552201,4.509136931661445,recovery,measured_cell_rail,orfs_ssd_ctrl_cfg_small,final_psm/ssd_ctrl_cfg_small/VDD_BUMPS.csv + VSS_BUMPS.csv,1.1,True,VALIDATED
145,u_cdc_cmd.rq1_wgray[0]$_DFF_PN0_,clk_core,4.51,0.94,0.0008630683385552201,4.509136931661445,recovery,measured_cell_rail,orfs_ssd_ctrl_cfg_small,final_psm/ssd_ctrl_cfg_small/VDD_BUMPS.csv + VSS_BUMPS.csv,1.1,True,VALIDATED
152,u_cdc_cmd.rgray[1]$_DFF_PN0_,clk_core,4.51,0.93,0.0008538867604854922,4.509146113239514,recovery,measured_cell_rail,orfs_ssd_ctrl_cfg_small,final_psm/ssd_ctrl_cfg_small/VDD_BUMPS.csv + VSS_BUMPS.csv,1.1,True,VALIDATED
153,u_dma_fabric.rbeat_valid$_DFFE_PN0P_,clk_core,4.51,0.92,0.0007891085914024445,4.509210891408597,recovery,measured_cell_rail,orfs_ssd_ctrl_cfg_small,final_psm/ssd_ctrl_cfg_small/VDD_BUMPS.csv + VSS_BUMPS.csv,1.1,True,VALIDATED
149,u_seq_core.op_q[0]$_DFFE_PN0P_,clk_core,4.51,0.93,0.0007844000160678183,4.509215599983932,recovery,measured_cell_rail,orfs_ssd_ctrl_cfg_small,final_psm/ssd_ctrl_cfg_small/VDD_BUMPS.csv + VSS_BUMPS.csv,1.1,True,VALIDATED
143,g_chan[1].u_cdc_chr.rd_empty$_DFF_PN1_,clk_core,4.51,0.92,0.0007748088862964339,4.509225191113703,recovery,measured_cell_rail,orfs_ssd_ctrl_cfg_small,final_psm/ssd_ctrl_cfg_small/VDD_BUMPS.csv + VSS_BUMPS.csv,1.1,True,VALIDATED
157,g_chan[1].u_cdc_chr.rq1_wgray[4]$_DFF_PN0_,clk_core,4.51,0.92,0.000774435398170216,4.50922556460183,recovery,measured_cell_rail,orfs_ssd_ctrl_cfg_small,final_psm/ssd_ctrl_cfg_small/VDD_BUMPS.csv + VSS_BUMPS.csv,1.1,True,VALIDATED
156,g_chan[1].u_cdc_chr.rq2_wgray[0]$_DFF_PN0_,clk_core,4.51,0.92,0.0007741193788699877,4.50922588062113,recovery,measured_cell_rail,orfs_ssd_ctrl_cfg_small,final_psm/ssd_ctrl_cfg_small/VDD_BUMPS.csv + VSS_BUMPS.csv,1.1,True,VALIDATED
154,g_chan[1].u_cdc_chr.rbin[1]$_DFF_PN0_,clk_core,4.51,0.92,0.0007741193788699877,4.50922588062113,recovery,measured_cell_rail,orfs_ssd_ctrl_cfg_small,final_psm/ssd_ctrl_cfg_small/VDD_BUMPS.csv + VSS_BUMPS.csv,1.1,True,VALIDATED
155,g_chan[1].u_cdc_chr.rbin[3]$_DFF_PN0_,clk_core,4.51,0.92,0.0007741193788699877,4.50922588062113,recovery,measured_cell_rail,orfs_ssd_ctrl_cfg_small,final_psm/ssd_ctrl_cfg_small/VDD_BUMPS.csv + VSS_BUMPS.csv,1.1,True,VALIDATED
163,g_chan[1].u_cdc_chr.rgray[2]$_DFF_PN0_,clk_core,4.52,0.92,0.0007748088862964339,4.519225191113703,recovery,measured_cell_rail,orfs_ssd_ctrl_cfg_small,final_psm/ssd_ctrl_cfg_small/VDD_BUMPS.csv + VSS_BUMPS.csv,1.1,True,VALIDATED
166,g_chan[1].u_cdc_chr.rq2_wgray[3]$_DFF_PN0_,clk_core,4.52,0.92,0.0007748088862964339,4.519225191113703,recovery,measured_cell_rail,orfs_ssd_ctrl_cfg_small,final_psm/ssd_ctrl_cfg_small/VDD_BUMPS.csv + VSS_BUMPS.csv,1.1,True,VALIDATED
168,g_chan[1].u_cdc_chr.rgray[3]$_DFF_PN0_,clk_core,4.52,0.92,0.0007748088862964339,4.519225191113703,recovery,measured_cell_rail,orfs_ssd_ctrl_cfg_small,final_psm/ssd_ctrl_cfg_small/VDD_BUMPS.csv + VSS_BUMPS.csv,1.1,True,VALIDATED
159,g_chan[1].u_cdc_chr.rgray[0]$_DFF_PN0_,clk_core,4.52,0.92,0.000774435398170216,4.51922556460183,recovery,measured_cell_rail,orfs_ssd_ctrl_cfg_small,final_psm/ssd_ctrl_cfg_small/VDD_BUMPS.csv + VSS_BUMPS.csv,1.1,True,VALIDATED
160,g_chan[1].u_cdc_chr.rq1_wgray[0]$_DFF_PN0_,clk_core,4.52,0.92,0.000774435398170216,4.51922556460183,recovery,measured_cell_rail,orfs_ssd_ctrl_cfg_small,final_psm/ssd_ctrl_cfg_small/VDD_BUMPS.csv + VSS_BUMPS.csv,1.1,True,VALIDATED
164,g_chan[1].u_cdc_chr.rq2_wgray[4]$_DFF_PN0_,clk_core,4.52,0.92,0.0007741193788699877,4.519225880621129,recovery,measured_cell_rail,orfs_ssd_ctrl_cfg_small,final_psm/ssd_ctrl_cfg_small/VDD_BUMPS.csv + VSS_BUMPS.csv,1.1,True,VALIDATED
167,g_chan[1].u_cdc_chr.rq1_wgray[2]$_DFF_PN0_,clk_core,4.52,0.92,0.0007741193788699877,4.519225880621129,recovery,measured_cell_rail,orfs_ssd_ctrl_cfg_small,final_psm/ssd_ctrl_cfg_small/VDD_BUMPS.csv + VSS_BUMPS.csv,1.1,True,VALIDATED
161,g_chan[1].u_cdc_chr.rbin[2]$_DFF_PN0_,clk_core,4.52,0.92,0.0007741193788699877,4.519225880621129,recovery,measured_cell_rail,orfs_ssd_ctrl_cfg_small,final_psm/ssd_ctrl_cfg_small/VDD_BUMPS.csv + VSS_BUMPS.csv,1.1,True,VALIDATED
162,g_chan[1].u_cdc_chr.rbin[4]$_DFF_PN0_,clk_core,4.52,0.92,0.0007741193788699877,4.519225880621129,recovery,measured_cell_rail,orfs_ssd_ctrl_cfg_small,final_psm/ssd_ctrl_cfg_small/VDD_BUMPS.csv + VSS_BUMPS.csv,1.1,True,VALIDATED
169,g_chan[1].u_cdc_chr.rq2_wgray[2]$_DFF_PN0_,clk_core,4.52,0.92,0.0007741193788699877,4.519225880621129,recovery,measured_cell_rail,orfs_ssd_ctrl_cfg_small,final_psm/ssd_ctrl_cfg_small/VDD_BUMPS.csv + VSS_BUMPS.csv,1.1,True,VALIDATED
158,g_chan[1].u_cdc_chr.rbin[0]$_DFF_PN0_,clk_core,4.52,0.92,0.0007741193788699877,4.519225880621129,recovery,measured_cell_rail,orfs_ssd_ctrl_cfg_small,final_psm/ssd_ctrl_cfg_small/VDD_BUMPS.csv + VSS_BUMPS.csv,1.1,True,VALIDATED
173,g_chan[1].u_cdc_chr.rgray[1]$_DFF_PN0_,clk_core,4.52,0.91,0.0007660176221030851,4.519233982377896,recovery,measured_cell_rail,orfs_ssd_ctrl_cfg_small,final_psm/ssd_ctrl_cfg_small/VDD_BUMPS.csv + VSS_BUMPS.csv,1.1,True,VALIDATED
170,g_chan[1].u_cdc_chr.rq1_wgray[3]$_DFF_PN0_,clk_core,4.52,0.91,0.0007660176221030851,4.519233982377896,recovery,measured_cell_rail,orfs_ssd_ctrl_cfg_small,final_psm/ssd_ctrl_cfg_small/VDD_BUMPS.csv + VSS_BUMPS.csv,1.1,True,VALIDATED
172,g_chan[1].u_cdc_chr.rq1_wgray[1]$_DFF_PN0_,clk_core,4.52,0.91,0.0007660176221030851,4.519233982377896,recovery,measured_cell_rail,orfs_ssd_ctrl_cfg_small,final_psm/ssd_ctrl_cfg_small/VDD_BUMPS.csv + VSS_BUMPS.csv,1.1,True,VALIDATED
171,g_chan[1].u_cdc_chr.rq2_wgray[1]$_DFF_PN0_,clk_core,4.52,0.91,0.0007660176221030851,4.519233982377896,recovery,measured_cell_rail,orfs_ssd_ctrl_cfg_small,final_psm/ssd_ctrl_cfg_small/VDD_BUMPS.csv + VSS_BUMPS.csv,1.1,True,VALIDATED
165,u_dma_fabric.rr_ptr$_DFFE_PN0P_,clk_core,4.52,0.92,0.0007427135955363484,4.519257286404463,recovery,measured_cell_rail,orfs_ssd_ctrl_cfg_small,final_psm/ssd_ctrl_cfg_small/VDD_BUMPS.csv + VSS_BUMPS.csv,1.1,True,VALIDATED
179,u_seq_core.addr_q[31]$_DFFE_PN0P_,clk_core,4.55,0.88,0.0007370028415374583,4.549262997158462,recovery,measured_cell_rail,orfs_ssd_ctrl_cfg_small,final_psm/ssd_ctrl_cfg_small/VDD_BUMPS.csv + VSS_BUMPS.csv,1.1,True,VALIDATED
178,u_seq_core.addr_q[9]$_DFFE_PN0P_,clk_core,4.55,0.88,0.0007370028415374583,4.549262997158462,recovery,measured_cell_rail,orfs_ssd_ctrl_cfg_small,final_psm/ssd_ctrl_cfg_small/VDD_BUMPS.csv + VSS_BUMPS.csv,1.1,True,VALIDATED
177,u_seq_core.addr_q[8]$_DFFE_PN0P_,clk_core,4.55,0.88,0.0007370028415374583,4.549262997158462,recovery,measured_cell_rail,orfs_ssd_ctrl_cfg_small,final_psm/ssd_ctrl_cfg_small/VDD_BUMPS.csv + VSS_BUMPS.csv,1.1,True,VALIDATED
176,u_seq_core.addr_q[6]$_DFFE_PN0P_,clk_core,4.55,0.88,0.0007370028415374583,4.549262997158462,recovery,measured_cell_rail,orfs_ssd_ctrl_cfg_small,final_psm/ssd_ctrl_cfg_small/VDD_BUMPS.csv + VSS_BUMPS.csv,1.1,True,VALIDATED
175,u_seq_core.addr_q[7]$_DFFE_PN0P_,clk_core,4.55,0.88,0.0007298862041751064,4.549270113795825,recovery,measured_cell_rail,orfs_ssd_ctrl_cfg_small,final_psm/ssd_ctrl_cfg_small/VDD_BUMPS.csv + VSS_BUMPS.csv,1.1,True,VALIDATED
174,u_seq_core.addr_q[26]$_DFFE_PN0P_,clk_core,4.55,0.88,0.0007298862041751064,4.549270113795825,recovery,measured_cell_rail,orfs_ssd_ctrl_cfg_small,final_psm/ssd_ctrl_cfg_small/VDD_BUMPS.csv + VSS_BUMPS.csv,1.1,True,VALIDATED
180,u_seq_core.addr_q[20]$_DFFE_PN0P_,clk_core,4.56,0.88,0.0007370028415374583,4.559262997158462,recovery,measured_cell_rail,orfs_ssd_ctrl_cfg_small,final_psm/ssd_ctrl_cfg_small/VDD_BUMPS.csv + VSS_BUMPS.csv,1.1,True,VALIDATED
181,u_seq_core.addr_q[2]$_DFFE_PN0P_,clk_core,4.56,0.88,0.0007359584243836342,4.559264041575616,recovery,measured_cell_rail,orfs_ssd_ctrl_cfg_small,final_psm/ssd_ctrl_cfg_small/VDD_BUMPS.csv + VSS_BUMPS.csv,1.1,True,VALIDATED
182,u_seq_core.addr_q[21]$_DFFE_PN0P_,clk_core,4.56,0.88,0.0007262032500347099,4.559273796749965,recovery,measured_cell_rail,orfs_ssd_ctrl_cfg_small,final_psm/ssd_ctrl_cfg_small/VDD_BUMPS.csv + VSS_BUMPS.csv,1.1,True,VALIDATED
186,c_cmd_addr[8]$_DFFE_PN0N_,clk_core,4.57,0.88,0.0007244175680479678,4.569275582431953,recovery,measured_cell_rail,orfs_ssd_ctrl_cfg_small,final_psm/ssd_ctrl_cfg_small/VDD_BUMPS.csv + VSS_BUMPS.csv,1.1,True,VALIDATED
184,c_cmd_addr[6]$_DFFE_PN0N_,clk_core,4.57,0.88,0.0007085882526727816,4.569291411747328,recovery,measured_cell_rail,orfs_ssd_ctrl_cfg_small,final_psm/ssd_ctrl_cfg_small/VDD_BUMPS.csv + VSS_BUMPS.csv,1.1,True,VALIDATED
183,c_cmd_addr[7]$_DFFE_PN0N_,clk_core,4.57,0.88,0.0007085882526727816,4.569291411747328,recovery,measured_cell_rail,orfs_ssd_ctrl_cfg_small,final_psm/ssd_ctrl_cfg_small/VDD_BUMPS.csv + VSS_BUMPS.csv,1.1,True,VALIDATED
185,c_cmd_addr[9]$_DFFE_PN0N_,clk_core,4.57,0.88,0.0007085882526727816,4.569291411747328,recovery,measured_cell_rail,orfs_ssd_ctrl_cfg_small,final_psm/ssd_ctrl_cfg_small/VDD_BUMPS.csv + VSS_BUMPS.csv,1.1,True,VALIDATED
188,u_seq_core.done$_DFFE_PN0P_,clk_core,4.59,0.84,0.0007349945239426489,4.589265005476057,recovery,measured_cell_rail,orfs_ssd_ctrl_cfg_small,final_psm/ssd_ctrl_cfg_small/VDD_BUMPS.csv + VSS_BUMPS.csv,1.1,True,VALIDATED
207,u_seq_core.ch_cmd_valid$_DFF_PN0_,clk_core,4.59,0.84,0.0007331298217106361,4.589266870178289,recovery,measured_cell_rail,orfs_ssd_ctrl_cfg_small,final_psm/ssd_ctrl_cfg_small/VDD_BUMPS.csv + VSS_BUMPS.csv,1.1,True,VALIDATED
205,u_seq_core.ecc_en_q$_DFFE_PN0P_,clk_core,4.59,0.84,0.0007328148921909514,4.589267185107809,recovery,measured_cell_rail,orfs_ssd_ctrl_cfg_small,final_psm/ssd_ctrl_cfg_small/VDD_BUMPS.csv + VSS_BUMPS.csv,1.1,True,VALIDATED
203,u_ecc_engine.vpipe[1]$_DFF_PN0_,clk_core,4.59,0.84,0.000723676936431647,4.589276323063568,recovery,measured_cell_rail,orfs_ssd_ctrl_cfg_small,final_psm/ssd_ctrl_cfg_small/VDD_BUMPS.csv + VSS_BUMPS.csv,1.1,True,VALIDATED
204,u_ecc_engine.vpipe[0]$_DFF_PN0_,clk_core,4.59,0.84,0.000723676936431647,4.589276323063568,recovery,measured_cell_rail,orfs_ssd_ctrl_cfg_small,final_psm/ssd_ctrl_cfg_small/VDD_BUMPS.csv + VSS_BUMPS.csv,1.1,True,VALIDATED
206,u_ecc_engine.vpipe[2]$_DFF_PN0_,clk_core,4.59,0.84,0.000723676936431647,4.589276323063568,recovery,measured_cell_rail,orfs_ssd_ctrl_cfg_small,final_psm/ssd_ctrl_cfg_small/VDD_BUMPS.csv + VSS_BUMPS.csv,1.1,True,VALIDATED
192,g_chan[0].u_cdc_chcmd.wbin[3]$_DFF_PN0_,clk_core,4.59,0.84,0.0007183531601212614,4.589281646839878,recovery,measured_cell_rail,orfs_ssd_ctrl_cfg_small,final_psm/ssd_ctrl_cfg_small/VDD_BUMPS.csv + VSS_BUMPS.csv,1.1,True,VALIDATED
191,g_chan[0].u_cdc_chcmd.wgray[1]$_DFF_PN0_,clk_core,4.59,0.84,0.0007183531601212614,4.589281646839878,recovery,measured_cell_rail,orfs_ssd_ctrl_cfg_small,final_psm/ssd_ctrl_cfg_small/VDD_BUMPS.csv + VSS_BUMPS.csv,1.1,True,VALIDATED
187,g_chan[0].u_cdc_chcmd.wr_full$_DFF_PN0_,clk_core,4.59,0.84,0.0007071026741729963,4.5892928973258265,recovery,measured_cell_rail,orfs_ssd_ctrl_cfg_small,final_psm/ssd_ctrl_cfg_small/VDD_BUMPS.csv + VSS_BUMPS.csv,1.1,True,VALIDATED
189,g_chan[0].u_cdc_chcmd.wgray[0]$_DFF_PN0_,clk_core,4.59,0.84,0.0007070752475171402,4.589292924752483,recovery,measured_cell_rail,orfs_ssd_ctrl_cfg_small,final_psm/ssd_ctrl_cfg_small/VDD_BUMPS.csv + VSS_BUMPS.csv,1.1,True,VALIDATED
194,g_chan[0].u_cdc_chcmd.wq1_rgray[1]$_DFF_PN0_,clk_core,4.59,0.84,0.0007070752475171402,4.589292924752483,recovery,measured_cell_rail,orfs_ssd_ctrl_cfg_small,final_psm/ssd_ctrl_cfg_small/VDD_BUMPS.csv + VSS_BUMPS.csv,1.1,True,VALIDATED
193,g_chan[0].u_cdc_chcmd.wq2_rgray[1]$_DFF_PN0_,clk_core,4.59,0.84,0.0007070752475171402,4.589292924752483,recovery,measured_cell_rail,orfs_ssd_ctrl_cfg_small,final_psm/ssd_ctrl_cfg_small/VDD_BUMPS.csv + VSS_BUMPS.csv,1.1,True,VALIDATED
190,g_chan[0].u_cdc_chcmd.wbin[4]$_DFF_PN0_,clk_core,4.59,0.84,0.0007070752475171402,4.589292924752483,recovery,measured_cell_rail,orfs_ssd_ctrl_cfg_small,final_psm/ssd_ctrl_cfg_small/VDD_BUMPS.csv + VSS_BUMPS.csv,1.1,True,VALIDATED
195,g_chan[0].u_cdc_chw.wq2_rgray[2]$_DFF_PN0_,clk_core,4.59,0.83,0.0006571351491721222,4.589342864850828,recovery,measured_cell_rail,orfs_ssd_ctrl_cfg_small,final_psm/ssd_ctrl_cfg_small/VDD_BUMPS.csv + VSS_BUMPS.csv,1.1,True,VALIDATED
199,g_chan[0].u_cdc_chw.wq1_rgray[2]$_DFF_PN0_,clk_core,4.59,0.83,0.0006571351491721222,4.589342864850828,recovery,measured_cell_rail,orfs_ssd_ctrl_cfg_small,final_psm/ssd_ctrl_cfg_small/VDD_BUMPS.csv + VSS_BUMPS.csv,1.1,True,VALIDATED
196,g_chan[0].u_cdc_chw.wq2_rgray[3]$_DFF_PN0_,clk_core,4.59,0.83,0.0006540486446087665,4.589345951355391,recovery,measured_cell_rail,orfs_ssd_ctrl_cfg_small,final_psm/ssd_ctrl_cfg_small/VDD_BUMPS.csv + VSS_BUMPS.csv,1.1,True,VALIDATED
197,g_chan[0].u_cdc_chw.wq2_rgray[1]$_DFF_PN0_,clk_core,4.59,0.83,0.0006540486446087665,4.589345951355391,recovery,measured_cell_rail,orfs_ssd_ctrl_cfg_small,final_psm/ssd_ctrl_cfg_small/VDD_BUMPS.csv + VSS_BUMPS.csv,1.1,True,VALIDATED
200,g_chan[0].u_cdc_chw.wq1_rgray[1]$_DFF_PN0_,clk_core,4.59,0.83,0.0006540486446087665,4.589345951355391,recovery,measured_cell_rail,orfs_ssd_ctrl_cfg_small,final_psm/ssd_ctrl_cfg_small/VDD_BUMPS.csv + VSS_BUMPS.csv,1.1,True,VALIDATED
201,g_chan[0].u_cdc_chw.wq1_rgray[4]$_DFF_PN0_,clk_core,4.59,0.83,0.0006540486446087665,4.589345951355391,recovery,measured_cell_rail,orfs_ssd_ctrl_cfg_small,final_psm/ssd_ctrl_cfg_small/VDD_BUMPS.csv + VSS_BUMPS.csv,1.1,True,VALIDATED
202,g_chan[0].u_cdc_chw.wq2_rgray[4]$_DFF_PN0_,clk_core,4.59,0.83,0.0006540486446087665,4.589345951355391,recovery,measured_cell_rail,orfs_ssd_ctrl_cfg_small,final_psm/ssd_ctrl_cfg_small/VDD_BUMPS.csv + VSS_BUMPS.csv,1.1,True,VALIDATED
198,g_chan[0].u_cdc_chw.wq1_rgray[3]$_DFF_PN0_,clk_core,4.59,0.83,0.0006540486446087665,4.589345951355391,recovery,measured_cell_rail,orfs_ssd_ctrl_cfg_small,final_psm/ssd_ctrl_cfg_small/VDD_BUMPS.csv + VSS_BUMPS.csv,1.1,True,VALIDATED
211,c_cmd_chan$_DFFE_PN0N_,clk_core,4.6,0.84,0.0007199738654796034,4.59928002613452,recovery,measured_cell_rail,orfs_ssd_ctrl_cfg_small,final_psm/ssd_ctrl_cfg_small/VDD_BUMPS.csv + VSS_BUMPS.csv,1.1,True,VALIDATED
214,c_cmd_ecc_en$_DFFE_PN0N_,clk_core,4.6,0.84,0.0007182351567283085,4.599281764843271,recovery,measured_cell_rail,orfs_ssd_ctrl_cfg_small,final_psm/ssd_ctrl_cfg_small/VDD_BUMPS.csv + VSS_BUMPS.csv,1.1,True,VALIDATED
210,c_cmd_chmask[1]$_DFFE_PN0N_,clk_core,4.6,0.84,0.0007155826866165962,4.599284417313383,recovery,measured_cell_rail,orfs_ssd_ctrl_cfg_small,final_psm/ssd_ctrl_cfg_small/VDD_BUMPS.csv + VSS_BUMPS.csv,1.1,True,VALIDATED
212,c_cmd_chmask[0]$_DFFE_PN0N_,clk_core,4.6,0.84,0.0007155826866165962,4.599284417313383,recovery,measured_cell_rail,orfs_ssd_ctrl_cfg_small,final_psm/ssd_ctrl_cfg_small/VDD_BUMPS.csv + VSS_BUMPS.csv,1.1,True,VALIDATED
218,c_cmd_addr[17]$_DFFE_PN0N_,clk_core,4.6,0.84,0.0007155826866165962,4.599284417313383,recovery,measured_cell_rail,orfs_ssd_ctrl_cfg_small,final_psm/ssd_ctrl_cfg_small/VDD_BUMPS.csv + VSS_BUMPS.csv,1.1,True,VALIDATED
213,c_cmd_opcode[4]$_DFFE_PN0N_,clk_core,4.6,0.84,0.0007155826866165962,4.599284417313383,recovery,measured_cell_rail,orfs_ssd_ctrl_cfg_small,final_psm/ssd_ctrl_cfg_small/VDD_BUMPS.csv + VSS_BUMPS.csv,1.1,True,VALIDATED
216,c_cmd_opcode[2]$_DFFE_PN0N_,clk_core,4.6,0.84,0.0007155826866165962,4.599284417313383,recovery,measured_cell_rail,orfs_ssd_ctrl_cfg_small,final_psm/ssd_ctrl_cfg_small/VDD_BUMPS.csv + VSS_BUMPS.csv,1.1,True,VALIDATED
217,c_cmd_opcode[1]$_DFFE_PN0N_,clk_core,4.6,0.84,0.0007155826866165962,4.599284417313383,recovery,measured_cell_rail,orfs_ssd_ctrl_cfg_small,final_psm/ssd_ctrl_cfg_small/VDD_BUMPS.csv + VSS_BUMPS.csv,1.1,True,VALIDATED
215,c_cmd_opcode[0]$_DFFE_PN0N_,clk_core,4.6,0.84,0.0007155826866165962,4.599284417313383,recovery,measured_cell_rail,orfs_ssd_ctrl_cfg_small,final_psm/ssd_ctrl_cfg_small/VDD_BUMPS.csv + VSS_BUMPS.csv,1.1,True,VALIDATED
209,g_chan[0].u_cdc_chw.wgray[2]$_DFF_PN0_,clk_core,4.6,0.83,0.0006560791445950551,4.5993439208554046,recovery,measured_cell_rail,orfs_ssd_ctrl_cfg_small,final_psm/ssd_ctrl_cfg_small/VDD_BUMPS.csv + VSS_BUMPS.csv,1.1,True,VALIDATED
208,g_chan[0].u_cdc_chw.wgray[3]$_DFF_PN0_,clk_core,4.6,0.83,0.0006560791445950551,4.5993439208554046,recovery,measured_cell_rail,orfs_ssd_ctrl_cfg_small,final_psm/ssd_ctrl_cfg_small/VDD_BUMPS.csv + VSS_BUMPS.csv,1.1,True,VALIDATED
220,g_chan[0].u_cdc_chw.wbin[0]$_DFF_PN0_,clk_core,4.6,0.83,0.0006538298726023462,4.599346170127397,recovery,measured_cell_rail,orfs_ssd_ctrl_cfg_small,final_psm/ssd_ctrl_cfg_small/VDD_BUMPS.csv + VSS_BUMPS.csv,1.1,True,VALIDATED
223,g_chan[0].u_cdc_chw.wgray[0]$_DFF_PN0_,clk_core,4.6,0.83,0.0006538298726023462,4.599346170127397,recovery,measured_cell_rail,orfs_ssd_ctrl_cfg_small,final_psm/ssd_ctrl_cfg_small/VDD_BUMPS.csv + VSS_BUMPS.csv,1.1,True,VALIDATED
222,g_chan[0].u_cdc_chw.wq1_rgray[0]$_DFF_PN0_,clk_core,4.6,0.83,0.0006538298726023462,4.599346170127397,recovery,measured_cell_rail,orfs_ssd_ctrl_cfg_small,final_psm/ssd_ctrl_cfg_small/VDD_BUMPS.csv + VSS_BUMPS.csv,1.1,True,VALIDATED
224,g_chan[0].u_cdc_chw.wgray[1]$_DFF_PN0_,clk_core,4.6,0.83,0.0006538298726023462,4.599346170127397,recovery,measured_cell_rail,orfs_ssd_ctrl_cfg_small,final_psm/ssd_ctrl_cfg_small/VDD_BUMPS.csv + VSS_BUMPS.csv,1.1,True,VALIDATED
221,g_chan[0].u_cdc_chw.wbin[1]$_DFF_PN0_,clk_core,4.6,0.83,0.0006538298726023462,4.599346170127397,recovery,measured_cell_rail,orfs_ssd_ctrl_cfg_small,final_psm/ssd_ctrl_cfg_small/VDD_BUMPS.csv + VSS_BUMPS.csv,1.1,True,VALIDATED
225,g_chan[0].u_cdc_chw.wbin[4]$_DFF_PN0_,clk_core,4.6,0.83,0.0006538298726023462,4.599346170127397,recovery,measured_cell_rail,orfs_ssd_ctrl_cfg_small,final_psm/ssd_ctrl_cfg_small/VDD_BUMPS.csv + VSS_BUMPS.csv,1.1,True,VALIDATED
219,g_chan[0].u_cdc_chw.wq2_rgray[0]$_DFF_PN0_,clk_core,4.6,0.83,0.0006516639305083616,4.599348336069491,recovery,measured_cell_rail,orfs_ssd_ctrl_cfg_small,final_psm/ssd_ctrl_cfg_small/VDD_BUMPS.csv + VSS_BUMPS.csv,1.1,True,VALIDATED
228,u_cdc_wbeat.rbin[0]$_DFF_PN0_,clk_core,4.61,0.82,0.000672406526109684,4.609327593473891,recovery,measured_cell_rail,orfs_ssd_ctrl_cfg_small,final_psm/ssd_ctrl_cfg_small/VDD_BUMPS.csv + VSS_BUMPS.csv,1.1,True,VALIDATED
231,u_cdc_wbeat.rbin[2]$_DFF_PN0_,clk_core,4.61,0.82,0.000672406526109684,4.609327593473891,recovery,measured_cell_rail,orfs_ssd_ctrl_cfg_small,final_psm/ssd_ctrl_cfg_small/VDD_BUMPS.csv + VSS_BUMPS.csv,1.1,True,VALIDATED
232,u_cdc_wbeat.rbin[4]$_DFF_PN0_,clk_core,4.61,0.82,0.000672406526109684,4.609327593473891,recovery,measured_cell_rail,orfs_ssd_ctrl_cfg_small,final_psm/ssd_ctrl_cfg_small/VDD_BUMPS.csv + VSS_BUMPS.csv,1.1,True,VALIDATED
229,u_cdc_wbeat.rbin[1]$_DFF_PN0_,clk_core,4.61,0.82,0.000672406526109684,4.609327593473891,recovery,measured_cell_rail,orfs_ssd_ctrl_cfg_small,final_psm/ssd_ctrl_cfg_small/VDD_BUMPS.csv + VSS_BUMPS.csv,1.1,True,VALIDATED
234,g_chan[1].u_cdc_chw.wq1_rgray[4]$_DFF_PN0_,clk_core,4.61,0.82,0.0006595203067616406,4.6093404796932385,recovery,measured_cell_rail,orfs_ssd_ctrl_cfg_small,final_psm/ssd_ctrl_cfg_small/VDD_BUMPS.csv + VSS_BUMPS.csv,1.1,True,VALIDATED
227,g_chan[0].u_cdc_chw.wbin[3]$_DFF_PN0_,clk_core,4.61,0.83,0.0006588678871366146,4.6093411321128634,recovery,measured_cell_rail,orfs_ssd_ctrl_cfg_small,final_psm/ssd_ctrl_cfg_small/VDD_BUMPS.csv + VSS_BUMPS.csv,1.1,True,VALIDATED
226,g_chan[0].u_cdc_chw.wbin[2]$_DFF_PN0_,clk_core,4.61,0.83,0.0006588678871366146,4.6093411321128634,recovery,measured_cell_rail,orfs_ssd_ctrl_cfg_small,final_psm/ssd_ctrl_cfg_small/VDD_BUMPS.csv + VSS_BUMPS.csv,1.1,True,VALIDATED
235,g_chan[1].u_cdc_chw.wq1_rgray[0]$_DFF_PN0_,clk_core,4.61,0.82,0.000656977831536211,4.609343022168464,recovery,measured_cell_rail,orfs_ssd_ctrl_cfg_small,final_psm/ssd_ctrl_cfg_small/VDD_BUMPS.csv + VSS_BUMPS.csv,1.1,True,VALIDATED
233,g_chan[1].u_cdc_chw.wq2_rgray[4]$_DFF_PN0_,clk_core,4.61,0.82,0.000656977831536211,4.609343022168464,recovery,measured_cell_rail,orfs_ssd_ctrl_cfg_small,final_psm/ssd_ctrl_cfg_small/VDD_BUMPS.csv + VSS_BUMPS.csv,1.1,True,VALIDATED
230,u_cdc_wbeat.rbin[3]$_DFF_PN0_,clk_core,4.61,0.82,0.0006562013054148275,4.609343798694585,recovery,measured_cell_rail,orfs_ssd_ctrl_cfg_small,final_psm/ssd_ctrl_cfg_small/VDD_BUMPS.csv + VSS_BUMPS.csv,1.1,True,VALIDATED
245,u_seq_core.op_q[1]$_DFFE_PN0P_,clk_core,4.62,0.82,0.0006911258466522213,4.619308874153348,recovery,measured_cell_rail,orfs_ssd_ctrl_cfg_small,final_psm/ssd_ctrl_cfg_small/VDD_BUMPS.csv + VSS_BUMPS.csv,1.1,True,VALIDATED
247,u_seq_core.op_q[3]$_DFFE_PN0P_,clk_core,4.62,0.82,0.0006911258466522213,4.619308874153348,recovery,measured_cell_rail,orfs_ssd_ctrl_cfg_small,final_psm/ssd_ctrl_cfg_small/VDD_BUMPS.csv + VSS_BUMPS.csv,1.1,True,VALIDATED
250,u_cdc_wbeat.rq2_wgray[0]$_DFF_PN0_,clk_core,4.62,0.82,0.0006859326220750306,4.619314067377925,recovery,measured_cell_rail,orfs_ssd_ctrl_cfg_small,final_psm/ssd_ctrl_cfg_small/VDD_BUMPS.csv + VSS_BUMPS.csv,1.1,True,VALIDATED
248,u_cdc_wbeat.rq1_wgray[4]$_DFF_PN0_,clk_core,4.62,0.82,0.0006859326220750306,4.619314067377925,recovery,measured_cell_rail,orfs_ssd_ctrl_cfg_small,final_psm/ssd_ctrl_cfg_small/VDD_BUMPS.csv + VSS_BUMPS.csv,1.1,True,VALIDATED
251,u_cdc_wbeat.rq2_wgray[4]$_DFF_PN0_,clk_core,4.62,0.82,0.0006859326220750306,4.619314067377925,recovery,measured_cell_rail,orfs_ssd_ctrl_cfg_small,final_psm/ssd_ctrl_cfg_small/VDD_BUMPS.csv + VSS_BUMPS.csv,1.1,True,VALIDATED
241,u_cdc_wbeat.rq1_wgray[2]$_DFF_PN0_,clk_core,4.62,0.82,0.0006859326220750306,4.619314067377925,recovery,measured_cell_rail,orfs_ssd_ctrl_cfg_small,final_psm/ssd_ctrl_cfg_small/VDD_BUMPS.csv + VSS_BUMPS.csv,1.1,True,VALIDATED
244,u_cdc_wbeat.rgray[0]$_DFF_PN0_,clk_core,4.62,0.82,0.0006859326220750306,4.619314067377925,recovery,measured_cell_rail,orfs_ssd_ctrl_cfg_small,final_psm/ssd_ctrl_cfg_small/VDD_BUMPS.csv + VSS_BUMPS.csv,1.1,True,VALIDATED
246,u_cdc_wbeat.rq1_wgray[0]$_DFF_PN0_,clk_core,4.62,0.82,0.0006859326220750306,4.619314067377925,recovery,measured_cell_rail,orfs_ssd_ctrl_cfg_small,final_psm/ssd_ctrl_cfg_small/VDD_BUMPS.csv + VSS_BUMPS.csv,1.1,True,VALIDATED
249,u_cdc_wbeat.rq1_wgray[3]$_DFF_PN0_,clk_core,4.62,0.82,0.0006859326220750306,4.619314067377925,recovery,measured_cell_rail,orfs_ssd_ctrl_cfg_small,final_psm/ssd_ctrl_cfg_small/VDD_BUMPS.csv + VSS_BUMPS.csv,1.1,True,VALIDATED
240,u_cdc_wbeat.rgray[1]$_DFF_PN0_,clk_core,4.62,0.82,0.0006848885028063884,4.619315111497194,recovery,measured_cell_rail,orfs_ssd_ctrl_cfg_small,final_psm/ssd_ctrl_cfg_small/VDD_BUMPS.csv + VSS_BUMPS.csv,1.1,True,VALIDATED
242,u_cdc_wbeat.rq2_wgray[3]$_DFF_PN0_,clk_core,4.62,0.82,0.0006848885028063884,4.619315111497194,recovery,measured_cell_rail,orfs_ssd_ctrl_cfg_small,final_psm/ssd_ctrl_cfg_small/VDD_BUMPS.csv + VSS_BUMPS.csv,1.1,True,VALIDATED
243,u_cdc_wbeat.rgray[3]$_DFF_PN0_,clk_core,4.62,0.82,0.0006848885028063884,4.619315111497194,recovery,measured_cell_rail,orfs_ssd_ctrl_cfg_small,final_psm/ssd_ctrl_cfg_small/VDD_BUMPS.csv + VSS_BUMPS.csv,1.1,True,VALIDATED
236,u_cdc_wbeat.rq1_wgray[1]$_DFF_PN0_,clk_core,4.62,0.82,0.0006848885028063884,4.619315111497194,recovery,measured_cell_rail,orfs_ssd_ctrl_cfg_small,final_psm/ssd_ctrl_cfg_small/VDD_BUMPS.csv + VSS_BUMPS.csv,1.1,True,VALIDATED
239,u_cdc_wbeat.rq2_wgray[1]$_DFF_PN0_,clk_core,4.62,0.82,0.0006848885028063884,4.619315111497194,recovery,measured_cell_rail,orfs_ssd_ctrl_cfg_small,final_psm/ssd_ctrl_cfg_small/VDD_BUMPS.csv + VSS_BUMPS.csv,1.1,True,VALIDATED
238,u_cdc_wbeat.rgray[2]$_DFF_PN0_,clk_core,4.62,0.82,0.0006848885028063884,4.619315111497194,recovery,measured_cell_rail,orfs_ssd_ctrl_cfg_small,final_psm/ssd_ctrl_cfg_small/VDD_BUMPS.csv + VSS_BUMPS.csv,1.1,True,VALIDATED
237,u_cdc_wbeat.rq2_wgray[2]$_DFF_PN0_,clk_core,4.62,0.82,0.0006848885028063884,4.619315111497194,recovery,measured_cell_rail,orfs_ssd_ctrl_cfg_small,final_psm/ssd_ctrl_cfg_small/VDD_BUMPS.csv + VSS_BUMPS.csv,1.1,True,VALIDATED
255,u_cdc_wbeat.rd_empty$_DFF_PN1_,clk_core,4.63,0.81,0.0006800762445059658,4.629319923755494,recovery,measured_cell_rail,orfs_ssd_ctrl_cfg_small,final_psm/ssd_ctrl_cfg_small/VDD_BUMPS.csv + VSS_BUMPS.csv,1.1,True,VALIDATED
252,u_seq_core.chan_q$_DFFE_PN0P_,clk_core,4.63,0.81,0.0006540330291927715,4.629345966970807,recovery,measured_cell_rail,orfs_ssd_ctrl_cfg_small,final_psm/ssd_ctrl_cfg_small/VDD_BUMPS.csv + VSS_BUMPS.csv,1.1,True,VALIDATED
253,g_chan[1].u_cdc_chw.wr_full$_DFF_PN0_,clk_core,4.63,0.81,0.0006517952602091842,4.629348204739791,recovery,measured_cell_rail,orfs_ssd_ctrl_cfg_small,final_psm/ssd_ctrl_cfg_small/VDD_BUMPS.csv + VSS_BUMPS.csv,1.1,True,VALIDATED
254,g_chan[0].u_cdc_chw.wr_full$_DFF_PN0_,clk_core,4.63,0.81,0.0006514249776607417,4.629348575022339,recovery,measured_cell_rail,orfs_ssd_ctrl_cfg_small,final_psm/ssd_ctrl_cfg_small/VDD_BUMPS.csv + VSS_BUMPS.csv,1.1,True,VALIDATED
256,g_chan[0].u_cdc_chcmd.wq1_rgray[3]$_DFF_PN0_,clk_core,4.64,0.81,0.0006789958227868681,4.639321004177213,recovery,measured_cell_rail,orfs_ssd_ctrl_cfg_small,final_psm/ssd_ctrl_cfg_small/VDD_BUMPS.csv + VSS_BUMPS.csv,1.1,True,VALIDATED
259,u_seq_core.mask_q[1]$_DFFE_PN0P_,clk_core,4.64,0.81,0.0006789958227868681,4.639321004177213,recovery,measured_cell_rail,orfs_ssd_ctrl_cfg_small,final_psm/ssd_ctrl_cfg_small/VDD_BUMPS.csv + VSS_BUMPS.csv,1.1,True,VALIDATED
258,g_chan[0].u_cdc_chcmd.wq1_rgray[2]$_DFF_PN0_,clk_core,4.64,0.81,0.0006789958227868681,4.639321004177213,recovery,measured_cell_rail,orfs_ssd_ctrl_cfg_small,final_psm/ssd_ctrl_cfg_small/VDD_BUMPS.csv + VSS_BUMPS.csv,1.1,True,VALIDATED
257,u_seq_core.mask_q[0]$_DFFE_PN0P_,clk_core,4.64,0.81,0.0006789958227868681,4.639321004177213,recovery,measured_cell_rail,orfs_ssd_ctrl_cfg_small,final_psm/ssd_ctrl_cfg_small/VDD_BUMPS.csv + VSS_BUMPS.csv,1.1,True,VALIDATED
260,u_seq_core.op_q[4]$_DFFE_PN0P_,clk_core,4.64,0.81,0.0006718829458936468,4.639328117054106,recovery,measured_cell_rail,orfs_ssd_ctrl_cfg_small,final_psm/ssd_ctrl_cfg_small/VDD_BUMPS.csv + VSS_BUMPS.csv,1.1,True,VALIDATED
261,u_seq_core.op_q[5]$_DFFE_PN0P_,clk_core,4.64,0.8,0.0006635880947098161,4.63933641190529,recovery,measured_cell_rail,orfs_ssd_ctrl_cfg_small,final_psm/ssd_ctrl_cfg_small/VDD_BUMPS.csv + VSS_BUMPS.csv,1.1,True,VALIDATED
262,u_seq_core.op_q[2]$_DFFE_PN0P_,clk_core,4.64,0.8,0.0006635880947098161,4.63933641190529,recovery,measured_cell_rail,orfs_ssd_ctrl_cfg_small,final_psm/ssd_ctrl_cfg_small/VDD_BUMPS.csv + VSS_BUMPS.csv,1.1,True,VALIDATED
275,u_seq_core.beats_left[15]$_DFFE_PN0P_,clk_core,4.65,0.8,0.0007481920334882278,4.649251807966512,recovery,measured_cell_rail,orfs_ssd_ctrl_cfg_small,final_psm/ssd_ctrl_cfg_small/VDD_BUMPS.csv + VSS_BUMPS.csv,1.1,True,VALIDATED
264,u_seq_core.beats_left[19]$_DFFE_PN0P_,clk_core,4.65,0.8,0.0007435301259672913,4.649256469874033,recovery,measured_cell_rail,orfs_ssd_ctrl_cfg_small,final_psm/ssd_ctrl_cfg_small/VDD_BUMPS.csv + VSS_BUMPS.csv,1.1,True,VALIDATED
277,u_seq_core.beats_left[14]$_DFFE_PN0P_,clk_core,4.65,0.79,0.000738839633069581,4.6492611603669305,recovery,measured_cell_rail,orfs_ssd_ctrl_cfg_small,final_psm/ssd_ctrl_cfg_small/VDD_BUMPS.csv + VSS_BUMPS.csv,1.1,True,VALIDATED
276,u_seq_core.beats_left[5]$_DFFE_PN0P_,clk_core,4.65,0.79,0.000738839633069581,4.6492611603669305,recovery,measured_cell_rail,orfs_ssd_ctrl_cfg_small,final_psm/ssd_ctrl_cfg_small/VDD_BUMPS.csv + VSS_BUMPS.csv,1.1,True,VALIDATED
278,u_seq_core.beats_left[0]$_DFFE_PN0P_,clk_core,4.65,0.79,0.000738839633069581,4.6492611603669305,recovery,measured_cell_rail,orfs_ssd_ctrl_cfg_small,final_psm/ssd_ctrl_cfg_small/VDD_BUMPS.csv + VSS_BUMPS.csv,1.1,True,VALIDATED
295,u_seq_core.beats_left[2]$_DFFE_PN0P_,clk_core,4.65,0.79,0.0007294275677159553,4.649270572432284,recovery,measured_cell_rail,orfs_ssd_ctrl_cfg_small,final_psm/ssd_ctrl_cfg_small/VDD_BUMPS.csv + VSS_BUMPS.csv,1.1,True,VALIDATED
290,u_seq_core.beats_left[16]$_DFFE_PN0P_,clk_core,4.65,0.8,0.0007258173357708245,4.64927418266423,recovery,measured_cell_rail,orfs_ssd_ctrl_cfg_small,final_psm/ssd_ctrl_cfg_small/VDD_BUMPS.csv + VSS_BUMPS.csv,1.1,True,VALIDATED
287,u_seq_core.beats_left[17]$_DFFE_PN0P_,clk_core,4.65,0.8,0.0007258173357708245,4.64927418266423,recovery,measured_cell_rail,orfs_ssd_ctrl_cfg_small,final_psm/ssd_ctrl_cfg_small/VDD_BUMPS.csv + VSS_BUMPS.csv,1.1,True,VALIDATED
283,u_seq_core.beats_left[24]$_DFFE_PN0P_,clk_core,4.65,0.8,0.0007258173357708245,4.64927418266423,recovery,measured_cell_rail,orfs_ssd_ctrl_cfg_small,final_psm/ssd_ctrl_cfg_small/VDD_BUMPS.csv + VSS_BUMPS.csv,1.1,True,VALIDATED
282,u_seq_core.beats_left[23]$_DFFE_PN0P_,clk_core,4.65,0.8,0.0007258173357708245,4.64927418266423,recovery,measured_cell_rail,orfs_ssd_ctrl_cfg_small,final_psm/ssd_ctrl_cfg_small/VDD_BUMPS.csv + VSS_BUMPS.csv,1.1,True,VALIDATED
285,u_seq_core.beats_left[18]$_DFFE_PN0P_,clk_core,4.65,0.8,0.0007258173357708245,4.64927418266423,recovery,measured_cell_rail,orfs_ssd_ctrl_cfg_small,final_psm/ssd_ctrl_cfg_small/VDD_BUMPS.csv + VSS_BUMPS.csv,1.1,True,VALIDATED
274,u_seq_core.beats_left[3]$_DFFE_PN0P_,clk_core,4.65,0.79,0.0007250088112206454,4.64927499118878,recovery,measured_cell_rail,orfs_ssd_ctrl_cfg_small,final_psm/ssd_ctrl_cfg_small/VDD_BUMPS.csv + VSS_BUMPS.csv,1.1,True,VALIDATED
269,u_seq_core.beats_left[7]$_DFFE_PN0P_,clk_core,4.65,0.79,0.0007250088112206454,4.64927499118878,recovery,measured_cell_rail,orfs_ssd_ctrl_cfg_small,final_psm/ssd_ctrl_cfg_small/VDD_BUMPS.csv + VSS_BUMPS.csv,1.1,True,VALIDATED
272,u_seq_core.op_q[6]$_DFFE_PN0P_,clk_core,4.65,0.79,0.0007250088112206454,4.64927499118878,recovery,measured_cell_rail,orfs_ssd_ctrl_cfg_small,final_psm/ssd_ctrl_cfg_small/VDD_BUMPS.csv + VSS_BUMPS.csv,1.1,True,VALIDATED
268,u_seq_core.beats_left[4]$_DFFE_PN0P_,clk_core,4.65,0.79,0.0007250088112206454,4.64927499118878,recovery,measured_cell_rail,orfs_ssd_ctrl_cfg_small,final_psm/ssd_ctrl_cfg_small/VDD_BUMPS.csv + VSS_BUMPS.csv,1.1,True,VALIDATED
271,u_seq_core.beats_left[6]$_DFFE_PN0P_,clk_core,4.65,0.79,0.0007250088112206454,4.64927499118878,recovery,measured_cell_rail,orfs_ssd_ctrl_cfg_small,final_psm/ssd_ctrl_cfg_small/VDD_BUMPS.csv + VSS_BUMPS.csv,1.1,True,VALIDATED
298,u_seq_core.beats_left[11]$_DFFE_PN0P_,clk_core,4.65,0.79,0.0007097514462639926,4.649290248553736,recovery,measured_cell_rail,orfs_ssd_ctrl_cfg_small,final_psm/ssd_ctrl_cfg_small/VDD_BUMPS.csv + VSS_BUMPS.csv,1.1,True,VALIDATED
270,u_seq_core.addr_q[17]$_DFFE_PN0P_,clk_core,4.65,0.79,0.0007077587362611035,4.64929224126374,recovery,measured_cell_rail,orfs_ssd_ctrl_cfg_small,final_psm/ssd_ctrl_cfg_small/VDD_BUMPS.csv + VSS_BUMPS.csv,1.1,True,VALIDATED
265,u_seq_core.addr_q[1]$_DFFE_PN0P_,clk_core,4.65,0.79,0.0007077587362611035,4.64929224126374,recovery,measured_cell_rail,orfs_ssd_ctrl_cfg_small,final_psm/ssd_ctrl_cfg_small/VDD_BUMPS.csv + VSS_BUMPS.csv,1.1,True,VALIDATED
266,u_seq_core.addr_q[18]$_DFFE_PN0P_,clk_core,4.65,0.79,0.0007077587362611035,4.64929224126374,recovery,measured_cell_rail,orfs_ssd_ctrl_cfg_small,final_psm/ssd_ctrl_cfg_small/VDD_BUMPS.csv + VSS_BUMPS.csv,1.1,True,VALIDATED
263,u_seq_core.addr_q[25]$_DFFE_PN0P_,clk_core,4.65,0.79,0.0007077587362611035,4.64929224126374,recovery,measured_cell_rail,orfs_ssd_ctrl_cfg_small,final_psm/ssd_ctrl_cfg_small/VDD_BUMPS.csv + VSS_BUMPS.csv,1.1,True,VALIDATED
267,u_seq_core.beats_left[1]$_DFFE_PN0P_,clk_core,4.65,0.79,0.0007077587362611035,4.64929224126374,recovery,measured_cell_rail,orfs_ssd_ctrl_cfg_small,final_psm/ssd_ctrl_cfg_small/VDD_BUMPS.csv + VSS_BUMPS.csv,1.1,True,VALIDATED
293,u_seq_core.beats_left[13]$_DFFE_PN0P_,clk_core,4.65,0.79,0.0007051478125870633,4.649294852187413,recovery,measured_cell_rail,orfs_ssd_ctrl_cfg_small,final_psm/ssd_ctrl_cfg_small/VDD_BUMPS.csv + VSS_BUMPS.csv,1.1,True,VALIDATED
292,u_seq_core.beats_left[20]$_DFFE_PN0P_,clk_core,4.65,0.79,0.0007051478125870633,4.649294852187413,recovery,measured_cell_rail,orfs_ssd_ctrl_cfg_small,final_psm/ssd_ctrl_cfg_small/VDD_BUMPS.csv + VSS_BUMPS.csv,1.1,True,VALIDATED
297,u_seq_core.beats_left[31]$_DFFE_PN0P_,clk_core,4.65,0.79,0.0007051478125870633,4.649294852187413,recovery,measured_cell_rail,orfs_ssd_ctrl_cfg_small,final_psm/ssd_ctrl_cfg_small/VDD_BUMPS.csv + VSS_BUMPS.csv,1.1,True,VALIDATED
296,u_seq_core.beats_left[12]$_DFFE_PN0P_,clk_core,4.65,0.79,0.0007051478125870633,4.649294852187413,recovery,measured_cell_rail,orfs_ssd_ctrl_cfg_small,final_psm/ssd_ctrl_cfg_small/VDD_BUMPS.csv + VSS_BUMPS.csv,1.1,True,VALIDATED
301,u_seq_core.beats_left[8]$_DFFE_PN0P_,clk_core,4.65,0.79,0.0006941897943905304,4.64930581020561,recovery,measured_cell_rail,orfs_ssd_ctrl_cfg_small,final_psm/ssd_ctrl_cfg_small/VDD_BUMPS.csv + VSS_BUMPS.csv,1.1,True,VALIDATED
299,u_seq_core.beats_left[10]$_DFFE_PN0P_,clk_core,4.65,0.79,0.0006941897943905304,4.64930581020561,recovery,measured_cell_rail,orfs_ssd_ctrl_cfg_small,final_psm/ssd_ctrl_cfg_small/VDD_BUMPS.csv + VSS_BUMPS.csv,1.1,True,VALIDATED
300,u_seq_core.beats_left[9]$_DFFE_PN0P_,clk_core,4.65,0.79,0.0006941897943905304,4.64930581020561,recovery,measured_cell_rail,orfs_ssd_ctrl_cfg_small,final_psm/ssd_ctrl_cfg_small/VDD_BUMPS.csv + VSS_BUMPS.csv,1.1,True,VALIDATED
302,u_seq_core.addr_q[19]$_DFFE_PN0P_,clk_core,4.65,0.79,0.0006823914199944048,4.649317608580006,recovery,measured_cell_rail,orfs_ssd_ctrl_cfg_small,final_psm/ssd_ctrl_cfg_small/VDD_BUMPS.csv + VSS_BUMPS.csv,1.1,True,VALIDATED
280,u_seq_core.addr_q[14]$_DFFE_PN0P_,clk_core,4.65,0.79,0.0006582798869843032,4.649341720113016,recovery,measured_cell_rail,orfs_ssd_ctrl_cfg_small,final_psm/ssd_ctrl_cfg_small/VDD_BUMPS.csv + VSS_BUMPS.csv,1.1,True,VALIDATED
284,u_seq_core.addr_q[23]$_DFFE_PN0P_,clk_core,4.65,0.79,0.0006582798869843032,4.649341720113016,recovery,measured_cell_rail,orfs_ssd_ctrl_cfg_small,final_psm/ssd_ctrl_cfg_small/VDD_BUMPS.csv + VSS_BUMPS.csv,1.1,True,VALIDATED
273,u_seq_core.addr_q[22]$_DFFE_PN0P_,clk_core,4.65,0.79,0.0006582798869843032,4.649341720113016,recovery,measured_cell_rail,orfs_ssd_ctrl_cfg_small,final_psm/ssd_ctrl_cfg_small/VDD_BUMPS.csv + VSS_BUMPS.csv,1.1,True,VALIDATED
286,u_seq_core.addr_q[3]$_DFFE_PN0P_,clk_core,4.65,0.79,0.0006555969475444817,4.6493444030524556,recovery,measured_cell_rail,orfs_ssd_ctrl_cfg_small,final_psm/ssd_ctrl_cfg_small/VDD_BUMPS.csv + VSS_BUMPS.csv,1.1,True,VALIDATED
289,u_seq_core.addr_q[5]$_DFFE_PN0P_,clk_core,4.65,0.79,0.0006555969475444817,4.6493444030524556,recovery,measured_cell_rail,orfs_ssd_ctrl_cfg_small,final_psm/ssd_ctrl_cfg_small/VDD_BUMPS.csv + VSS_BUMPS.csv,1.1,True,VALIDATED
288,u_seq_core.addr_q[10]$_DFFE_PN0P_,clk_core,4.65,0.79,0.0006555969475444817,4.6493444030524556,recovery,measured_cell_rail,orfs_ssd_ctrl_cfg_small,final_psm/ssd_ctrl_cfg_small/VDD_BUMPS.csv + VSS_BUMPS.csv,1.1,True,VALIDATED
294,u_seq_core.addr_q[11]$_DFFE_PN0P_,clk_core,4.65,0.79,0.0006514197615006198,4.6493485802385,recovery,measured_cell_rail,orfs_ssd_ctrl_cfg_small,final_psm/ssd_ctrl_cfg_small/VDD_BUMPS.csv + VSS_BUMPS.csv,1.1,True,VALIDATED
291,u_seq_core.addr_q[27]$_DFFE_PN0P_,clk_core,4.65,0.79,0.0006514197615006198,4.6493485802385,recovery,measured_cell_rail,orfs_ssd_ctrl_cfg_small,final_psm/ssd_ctrl_cfg_small/VDD_BUMPS.csv + VSS_BUMPS.csv,1.1,True,VALIDATED
281,u_seq_core.addr_q[30]$_DFFE_PN0P_,clk_core,4.65,0.79,0.0006511877432840013,4.649348812256716,recovery,measured_cell_rail,orfs_ssd_ctrl_cfg_small,final_psm/ssd_ctrl_cfg_small/VDD_BUMPS.csv + VSS_BUMPS.csv,1.1,True,VALIDATED
279,u_seq_core.addr_q[4]$_DFFE_PN0P_,clk_core,4.65,0.79,0.0006511877432840013,4.649348812256716,recovery,measured_cell_rail,orfs_ssd_ctrl_cfg_small,final_psm/ssd_ctrl_cfg_small/VDD_BUMPS.csv + VSS_BUMPS.csv,1.1,True,VALIDATED
307,c_cmd_addr[13]$_DFFE_PN0N_,clk_core,4.66,0.79,0.0007269635998776863,4.659273036400123,recovery,measured_cell_rail,orfs_ssd_ctrl_cfg_small,final_psm/ssd_ctrl_cfg_small/VDD_BUMPS.csv + VSS_BUMPS.csv,1.1,True,VALIDATED
305,c_cmd_addr[1]$_DFFE_PN0N_,clk_core,4.66,0.79,0.0007269635998776863,4.659273036400123,recovery,measured_cell_rail,orfs_ssd_ctrl_cfg_small,final_psm/ssd_ctrl_cfg_small/VDD_BUMPS.csv + VSS_BUMPS.csv,1.1,True,VALIDATED
306,c_cmd_addr[18]$_DFFE_PN0N_,clk_core,4.66,0.79,0.0007269635998776863,4.659273036400123,recovery,measured_cell_rail,orfs_ssd_ctrl_cfg_small,final_psm/ssd_ctrl_cfg_small/VDD_BUMPS.csv + VSS_BUMPS.csv,1.1,True,VALIDATED
303,c_cmd_addr[12]$_DFFE_PN0N_,clk_core,4.66,0.79,0.0007269635998776863,4.659273036400123,recovery,measured_cell_rail,orfs_ssd_ctrl_cfg_small,final_psm/ssd_ctrl_cfg_small/VDD_BUMPS.csv + VSS_BUMPS.csv,1.1,True,VALIDATED
304,c_cmd_addr[15]$_DFFE_PN0N_,clk_core,4.66,0.79,0.0007269635998776863,4.659273036400123,recovery,measured_cell_rail,orfs_ssd_ctrl_cfg_small,final_psm/ssd_ctrl_cfg_small/VDD_BUMPS.csv + VSS_BUMPS.csv,1.1,True,VALIDATED
308,c_cmd_addr[16]$_DFFE_PN0N_,clk_core,4.66,0.79,0.000702724878052903,4.659297275121947,recovery,measured_cell_rail,orfs_ssd_ctrl_cfg_small,final_psm/ssd_ctrl_cfg_small/VDD_BUMPS.csv + VSS_BUMPS.csv,1.1,True,VALIDATED
309,c_cmd_opcode[7]$_DFFE_PN0N_,clk_core,4.66,0.79,0.0006869673430200049,4.65931303265698,recovery,measured_cell_rail,orfs_ssd_ctrl_cfg_small,final_psm/ssd_ctrl_cfg_small/VDD_BUMPS.csv + VSS_BUMPS.csv,1.1,True,VALIDATED
311,c_cmd_addr[19]$_DFFE_PN0N_,clk_core,4.66,0.79,0.0006869673430200049,4.65931303265698,recovery,measured_cell_rail,orfs_ssd_ctrl_cfg_small,final_psm/ssd_ctrl_cfg_small/VDD_BUMPS.csv + VSS_BUMPS.csv,1.1,True,VALIDATED
312,c_cmd_addr[0]$_DFFE_PN0N_,clk_core,4.66,0.79,0.0006869673430200049,4.65931303265698,recovery,measured_cell_rail,orfs_ssd_ctrl_cfg_small,final_psm/ssd_ctrl_cfg_small/VDD_BUMPS.csv + VSS_BUMPS.csv,1.1,True,VALIDATED
310,c_cmd_opcode[5]$_DFFE_PN0N_,clk_core,4.66,0.79,0.0006869673430200049,4.65931303265698,recovery,measured_cell_rail,orfs_ssd_ctrl_cfg_small,final_psm/ssd_ctrl_cfg_small/VDD_BUMPS.csv + VSS_BUMPS.csv,1.1,True,VALIDATED
313,c_cmd_opcode[6]$_DFFE_PN0N_,clk_core,4.66,0.79,0.0006495242520174402,4.659350475747983,recovery,measured_cell_rail,orfs_ssd_ctrl_cfg_small,final_psm/ssd_ctrl_cfg_small/VDD_BUMPS.csv + VSS_BUMPS.csv,1.1,True,VALIDATED
314,c_cmd_addr[14]$_DFFE_PN0N_,clk_core,4.67,0.79,0.0006495242520174402,4.669350475747983,recovery,measured_cell_rail,orfs_ssd_ctrl_cfg_small,final_psm/ssd_ctrl_cfg_small/VDD_BUMPS.csv + VSS_BUMPS.csv,1.1,True,VALIDATED
316,c_cmd_opcode[3]$_DFFE_PN0N_,clk_core,4.67,0.79,0.0006495242520174402,4.669350475747983,recovery,measured_cell_rail,orfs_ssd_ctrl_cfg_small,final_psm/ssd_ctrl_cfg_small/VDD_BUMPS.csv + VSS_BUMPS.csv,1.1,True,VALIDATED
315,c_cmd_addr[2]$_DFFE_PN0N_,clk_core,4.67,0.79,0.0006495242520174402,4.669350475747983,recovery,measured_cell_rail,orfs_ssd_ctrl_cfg_small,final_psm/ssd_ctrl_cfg_small/VDD_BUMPS.csv + VSS_BUMPS.csv,1.1,True,VALIDATED
317,u_seq_core.addr_q[28]$_DFFE_PN0P_,clk_core,4.69,0.76,0.0006061978008426172,4.689393802199158,recovery,measured_cell_rail,orfs_ssd_ctrl_cfg_small,final_psm/ssd_ctrl_cfg_small/VDD_BUMPS.csv + VSS_BUMPS.csv,1.1,True,VALIDATED
318,u_seq_core.addr_q[29]$_DFFE_PN0P_,clk_core,4.73,0.71,0.0005707725778676814,4.729429227422132,recovery,measured_cell_rail,orfs_ssd_ctrl_cfg_small,final_psm/ssd_ctrl_cfg_small/VDD_BUMPS.csv + VSS_BUMPS.csv,1.1,True,VALIDATED
339,u_seq_core.op_q[7]$_DFFE_PN0P_,clk_core,4.74,0.7,0.000594967768432611,4.739405032231567,recovery,measured_cell_rail,orfs_ssd_ctrl_cfg_small,final_psm/ssd_ctrl_cfg_small/VDD_BUMPS.csv + VSS_BUMPS.csv,1.1,True,VALIDATED
331,g_chan[0].u_cdc_chcmd.wbin[0]$_DFF_PN0_,clk_core,4.74,0.7,0.0005910595495638785,4.739408940450437,recovery,measured_cell_rail,orfs_ssd_ctrl_cfg_small,final_psm/ssd_ctrl_cfg_small/VDD_BUMPS.csv + VSS_BUMPS.csv,1.1,True,VALIDATED
330,g_chan[0].u_cdc_chcmd.wbin[1]$_DFF_PN0_,clk_core,4.74,0.7,0.0005910595495638785,4.739408940450437,recovery,measured_cell_rail,orfs_ssd_ctrl_cfg_small,final_psm/ssd_ctrl_cfg_small/VDD_BUMPS.csv + VSS_BUMPS.csv,1.1,True,VALIDATED
329,g_chan[0].u_cdc_chcmd.wbin[2]$_DFF_PN0_,clk_core,4.74,0.7,0.0005891659333414137,4.739410834066659,recovery,measured_cell_rail,orfs_ssd_ctrl_cfg_small,final_psm/ssd_ctrl_cfg_small/VDD_BUMPS.csv + VSS_BUMPS.csv,1.1,True,VALIDATED
337,g_chan[0].u_cdc_chcmd.wq2_rgray[2]$_DFF_PN0_,clk_core,4.74,0.7,0.0005855006237164215,4.7394144993762835,recovery,measured_cell_rail,orfs_ssd_ctrl_cfg_small,final_psm/ssd_ctrl_cfg_small/VDD_BUMPS.csv + VSS_BUMPS.csv,1.1,True,VALIDATED
322,g_chan[0].u_cdc_chcmd.wgray[3]$_DFF_PN0_,clk_core,4.74,0.7,0.0005793440805294328,4.739420655919471,recovery,measured_cell_rail,orfs_ssd_ctrl_cfg_small,final_psm/ssd_ctrl_cfg_small/VDD_BUMPS.csv + VSS_BUMPS.csv,1.1,True,VALIDATED
319,g_chan[0].u_cdc_chcmd.wgray[2]$_DFF_PN0_,clk_core,4.74,0.7,0.0005793440805294328,4.739420655919471,recovery,measured_cell_rail,orfs_ssd_ctrl_cfg_small,final_psm/ssd_ctrl_cfg_small/VDD_BUMPS.csv + VSS_BUMPS.csv,1.1,True,VALIDATED
324,g_chan[0].u_cdc_chcmd.wq1_rgray[4]$_DFF_PN0_,clk_core,4.74,0.7,0.0005793201366235262,4.739420679863377,recovery,measured_cell_rail,orfs_ssd_ctrl_cfg_small,final_psm/ssd_ctrl_cfg_small/VDD_BUMPS.csv + VSS_BUMPS.csv,1.1,True,VALIDATED
327,g_chan[0].u_cdc_chcmd.wq2_rgray[4]$_DFF_PN0_,clk_core,4.74,0.7,0.0005793201366235262,4.739420679863377,recovery,measured_cell_rail,orfs_ssd_ctrl_cfg_small,final_psm/ssd_ctrl_cfg_small/VDD_BUMPS.csv + VSS_BUMPS.csv,1.1,True,VALIDATED
341,g_chan[0].u_cdc_chcmd.wq2_rgray[0]$_DFF_PN0_,clk_core,4.74,0.7,0.0005790609820846976,4.739420939017916,recovery,measured_cell_rail,orfs_ssd_ctrl_cfg_small,final_psm/ssd_ctrl_cfg_small/VDD_BUMPS.csv + VSS_BUMPS.csv,1.1,True,VALIDATED
340,g_chan[0].u_cdc_chcmd.wq1_rgray[0]$_DFF_PN0_,clk_core,4.74,0.7,0.0005790609820846976,4.739420939017916,recovery,measured_cell_rail,orfs_ssd_ctrl_cfg_small,final_psm/ssd_ctrl_cfg_small/VDD_BUMPS.csv + VSS_BUMPS.csv,1.1,True,VALIDATED
338,g_chan[0].u_cdc_chcmd.wq2_rgray[3]$_DFF_PN0_,clk_core,4.74,0.7,0.0005790609820846976,4.739420939017916,recovery,measured_cell_rail,orfs_ssd_ctrl_cfg_small,final_psm/ssd_ctrl_cfg_small/VDD_BUMPS.csv + VSS_BUMPS.csv,1.1,True,VALIDATED
320,c_cmd_addr[28]$_DFFE_PN0N_,clk_core,4.74,0.71,0.0005492808194089011,4.739450719180591,recovery,measured_cell_rail,orfs_ssd_ctrl_cfg_small,final_psm/ssd_ctrl_cfg_small/VDD_BUMPS.csv + VSS_BUMPS.csv,1.1,True,VALIDATED
321,c_cmd_addr[29]$_DFFE_PN0N_,clk_core,4.74,0.71,0.0005492808194089011,4.739450719180591,recovery,measured_cell_rail,orfs_ssd_ctrl_cfg_small,final_psm/ssd_ctrl_cfg_small/VDD_BUMPS.csv + VSS_BUMPS.csv,1.1,True,VALIDATED
323,c_cmd_addr[27]$_DFFE_PN0N_,clk_core,4.74,0.71,0.0005492808194089011,4.739450719180591,recovery,measured_cell_rail,orfs_ssd_ctrl_cfg_small,final_psm/ssd_ctrl_cfg_small/VDD_BUMPS.csv + VSS_BUMPS.csv,1.1,True,VALIDATED
336,c_cmd_addr[11]$_DFFE_PN0N_,clk_core,4.74,0.71,0.0005472871522550077,4.739452712847745,recovery,measured_cell_rail,orfs_ssd_ctrl_cfg_small,final_psm/ssd_ctrl_cfg_small/VDD_BUMPS.csv + VSS_BUMPS.csv,1.1,True,VALIDATED
333,c_cmd_addr[5]$_DFFE_PN0N_,clk_core,4.74,0.71,0.0005472871522550077,4.739452712847745,recovery,measured_cell_rail,orfs_ssd_ctrl_cfg_small,final_psm/ssd_ctrl_cfg_small/VDD_BUMPS.csv + VSS_BUMPS.csv,1.1,True,VALIDATED
334,c_cmd_addr[30]$_DFFE_PN0N_,clk_core,4.74,0.71,0.0005472871522550077,4.739452712847745,recovery,measured_cell_rail,orfs_ssd_ctrl_cfg_small,final_psm/ssd_ctrl_cfg_small/VDD_BUMPS.csv + VSS_BUMPS.csv,1.1,True,VALIDATED
335,c_cmd_addr[3]$_DFFE_PN0N_,clk_core,4.74,0.71,0.0005472871522550077,4.739452712847745,recovery,measured_cell_rail,orfs_ssd_ctrl_cfg_small,final_psm/ssd_ctrl_cfg_small/VDD_BUMPS.csv + VSS_BUMPS.csv,1.1,True,VALIDATED
332,c_cmd_addr[10]$_DFFE_PN0N_,clk_core,4.74,0.71,0.0005472871522550077,4.739452712847745,recovery,measured_cell_rail,orfs_ssd_ctrl_cfg_small,final_psm/ssd_ctrl_cfg_small/VDD_BUMPS.csv + VSS_BUMPS.csv,1.1,True,VALIDATED
326,c_cmd_addr[26]$_DFFE_PN0N_,clk_core,4.74,0.71,0.0005472871522550077,4.739452712847745,recovery,measured_cell_rail,orfs_ssd_ctrl_cfg_small,final_psm/ssd_ctrl_cfg_small/VDD_BUMPS.csv + VSS_BUMPS.csv,1.1,True,VALIDATED
328,c_cmd_addr[4]$_DFFE_PN0N_,clk_core,4.74,0.71,0.0005472871522550077,4.739452712847745,recovery,measured_cell_rail,orfs_ssd_ctrl_cfg_small,final_psm/ssd_ctrl_cfg_small/VDD_BUMPS.csv + VSS_BUMPS.csv,1.1,True,VALIDATED
325,c_cmd_addr[21]$_DFFE_PN0N_,clk_core,4.74,0.71,0.0005472871522550077,4.739452712847745,recovery,measured_cell_rail,orfs_ssd_ctrl_cfg_small,final_psm/ssd_ctrl_cfg_small/VDD_BUMPS.csv + VSS_BUMPS.csv,1.1,True,VALIDATED
354,u_seq_core.addr_q[15]$_DFFE_PN0P_,clk_core,4.75,0.69,0.0006022522034397626,4.74939774779656,recovery,measured_cell_rail,orfs_ssd_ctrl_cfg_small,final_psm/ssd_ctrl_cfg_small/VDD_BUMPS.csv + VSS_BUMPS.csv,1.1,True,VALIDATED
345,u_seq_core.state[0]$_DFFE_PN0P_,clk_core,4.75,0.7,0.0005938136745647637,4.7494061863254355,recovery,measured_cell_rail,orfs_ssd_ctrl_cfg_small,final_psm/ssd_ctrl_cfg_small/VDD_BUMPS.csv + VSS_BUMPS.csv,1.1,True,VALIDATED
342,u_seq_core.state[2]$_DFFE_PN0P_,clk_core,4.75,0.7,0.0005938136745647637,4.7494061863254355,recovery,measured_cell_rail,orfs_ssd_ctrl_cfg_small,final_psm/ssd_ctrl_cfg_small/VDD_BUMPS.csv + VSS_BUMPS.csv,1.1,True,VALIDATED
344,u_seq_core.state[1]$_DFFE_PN0P_,clk_core,4.75,0.7,0.0005938136745647637,4.7494061863254355,recovery,measured_cell_rail,orfs_ssd_ctrl_cfg_small,final_psm/ssd_ctrl_cfg_small/VDD_BUMPS.csv + VSS_BUMPS.csv,1.1,True,VALIDATED
361,u_seq_core.addr_q[24]$_DFFE_PN0P_,clk_core,4.75,0.69,0.0005926355968381494,4.749407364403162,recovery,measured_cell_rail,orfs_ssd_ctrl_cfg_small,final_psm/ssd_ctrl_cfg_small/VDD_BUMPS.csv + VSS_BUMPS.csv,1.1,True,VALIDATED
359,u_seq_core.addr_q[13]$_DFFE_PN0P_,clk_core,4.75,0.69,0.0005926355968381494,4.749407364403162,recovery,measured_cell_rail,orfs_ssd_ctrl_cfg_small,final_psm/ssd_ctrl_cfg_small/VDD_BUMPS.csv + VSS_BUMPS.csv,1.1,True,VALIDATED
347,c_cmd_len[19]$_DFFE_PN0N_,clk_core,4.75,0.71,0.0005632871477251056,4.749436712852275,recovery,measured_cell_rail,orfs_ssd_ctrl_cfg_small,final_psm/ssd_ctrl_cfg_small/VDD_BUMPS.csv + VSS_BUMPS.csv,1.1,True,VALIDATED
346,c_cmd_len[15]$_DFFE_PN0N_,clk_core,4.75,0.71,0.0005632871477251056,4.749436712852275,recovery,measured_cell_rail,orfs_ssd_ctrl_cfg_small,final_psm/ssd_ctrl_cfg_small/VDD_BUMPS.csv + VSS_BUMPS.csv,1.1,True,VALIDATED
349,c_cmd_len[18]$_DFFE_PN0N_,clk_core,4.75,0.71,0.0005632871477251056,4.749436712852275,recovery,measured_cell_rail,orfs_ssd_ctrl_cfg_small,final_psm/ssd_ctrl_cfg_small/VDD_BUMPS.csv + VSS_BUMPS.csv,1.1,True,VALIDATED
348,c_cmd_len[17]$_DFFE_PN0N_,clk_core,4.75,0.71,0.0005632871477251056,4.749436712852275,recovery,measured_cell_rail,orfs_ssd_ctrl_cfg_small,final_psm/ssd_ctrl_cfg_small/VDD_BUMPS.csv + VSS_BUMPS.csv,1.1,True,VALIDATED
343,c_cmd_len[24]$_DFFE_PN0N_,clk_core,4.75,0.71,0.0005632871477251056,4.749436712852275,recovery,measured_cell_rail,orfs_ssd_ctrl_cfg_small,final_psm/ssd_ctrl_cfg_small/VDD_BUMPS.csv + VSS_BUMPS.csv,1.1,True,VALIDATED
358,c_cmd_len[20]$_DFFE_PN0N_,clk_core,4.75,0.7,0.0005553535259260681,4.749444646474074,recovery,measured_cell_rail,orfs_ssd_ctrl_cfg_small,final_psm/ssd_ctrl_cfg_small/VDD_BUMPS.csv + VSS_BUMPS.csv,1.1,True,VALIDATED
351,c_cmd_len[13]$_DFFE_PN0N_,clk_core,4.75,0.7,0.0005553535259260681,4.749444646474074,recovery,measured_cell_rail,orfs_ssd_ctrl_cfg_small,final_psm/ssd_ctrl_cfg_small/VDD_BUMPS.csv + VSS_BUMPS.csv,1.1,True,VALIDATED
356,c_cmd_len[22]$_DFFE_PN0N_,clk_core,4.75,0.7,0.0005553535259260681,4.749444646474074,recovery,measured_cell_rail,orfs_ssd_ctrl_cfg_small,final_psm/ssd_ctrl_cfg_small/VDD_BUMPS.csv + VSS_BUMPS.csv,1.1,True,VALIDATED
355,c_cmd_len[23]$_DFFE_PN0N_,clk_core,4.75,0.7,0.0005553535259260681,4.749444646474074,recovery,measured_cell_rail,orfs_ssd_ctrl_cfg_small,final_psm/ssd_ctrl_cfg_small/VDD_BUMPS.csv + VSS_BUMPS.csv,1.1,True,VALIDATED
357,c_cmd_len[25]$_DFFE_PN0N_,clk_core,4.75,0.7,0.0005553535259260681,4.749444646474074,recovery,measured_cell_rail,orfs_ssd_ctrl_cfg_small,final_psm/ssd_ctrl_cfg_small/VDD_BUMPS.csv + VSS_BUMPS.csv,1.1,True,VALIDATED
353,c_cmd_len[16]$_DFFE_PN0N_,clk_core,4.75,0.7,0.0005553535259260681,4.749444646474074,recovery,measured_cell_rail,orfs_ssd_ctrl_cfg_small,final_psm/ssd_ctrl_cfg_small/VDD_BUMPS.csv + VSS_BUMPS.csv,1.1,True,VALIDATED
352,c_cmd_len[12]$_DFFE_PN0N_,clk_core,4.75,0.7,0.0005553535259260681,4.749444646474074,recovery,measured_cell_rail,orfs_ssd_ctrl_cfg_small,final_psm/ssd_ctrl_cfg_small/VDD_BUMPS.csv + VSS_BUMPS.csv,1.1,True,VALIDATED
350,c_cmd_len[14]$_DFFE_PN0N_,clk_core,4.75,0.7,0.0005553535259260681,4.749444646474074,recovery,measured_cell_rail,orfs_ssd_ctrl_cfg_small,final_psm/ssd_ctrl_cfg_small/VDD_BUMPS.csv + VSS_BUMPS.csv,1.1,True,VALIDATED
360,c_cmd_len[26]$_DFFE_PN0N_,clk_core,4.75,0.7,0.0005414440213492924,4.74945855597865,recovery,measured_cell_rail,orfs_ssd_ctrl_cfg_small,final_psm/ssd_ctrl_cfg_small/VDD_BUMPS.csv + VSS_BUMPS.csv,1.1,True,VALIDATED
365,u_seq_core.addr_q[0]$_DFFE_PN0P_,clk_core,4.76,0.69,0.0005898728590693347,4.759410127140931,recovery,measured_cell_rail,orfs_ssd_ctrl_cfg_small,final_psm/ssd_ctrl_cfg_small/VDD_BUMPS.csv + VSS_BUMPS.csv,1.1,True,VALIDATED
363,u_seq_core.addr_q[12]$_DFFE_PN0P_,clk_core,4.76,0.69,0.0005898728590693347,4.759410127140931,recovery,measured_cell_rail,orfs_ssd_ctrl_cfg_small,final_psm/ssd_ctrl_cfg_small/VDD_BUMPS.csv + VSS_BUMPS.csv,1.1,True,VALIDATED
369,u_seq_core.addr_q[16]$_DFFE_PN0P_,clk_core,4.76,0.68,0.0005813239770537729,4.759418676022946,recovery,measured_cell_rail,orfs_ssd_ctrl_cfg_small,final_psm/ssd_ctrl_cfg_small/VDD_BUMPS.csv + VSS_BUMPS.csv,1.1,True,VALIDATED
371,c_cmd_len[28]$_DFFE_PN0N_,clk_core,4.76,0.7,0.0005457662128760879,4.759454233787124,recovery,measured_cell_rail,orfs_ssd_ctrl_cfg_small,final_psm/ssd_ctrl_cfg_small/VDD_BUMPS.csv + VSS_BUMPS.csv,1.1,True,VALIDATED
362,c_cmd_len[21]$_DFFE_PN0N_,clk_core,4.76,0.7,0.0005457662128760879,4.759454233787124,recovery,measured_cell_rail,orfs_ssd_ctrl_cfg_small,final_psm/ssd_ctrl_cfg_small/VDD_BUMPS.csv + VSS_BUMPS.csv,1.1,True,VALIDATED
364,c_cmd_len[31]$_DFFE_PN0N_,clk_core,4.76,0.7,0.0005457662128760879,4.759454233787124,recovery,measured_cell_rail,orfs_ssd_ctrl_cfg_small,final_psm/ssd_ctrl_cfg_small/VDD_BUMPS.csv + VSS_BUMPS.csv,1.1,True,VALIDATED
372,c_cmd_len[30]$_DFFE_PN0N_,clk_core,4.76,0.69,0.0005379695526921552,4.759462030447308,recovery,measured_cell_rail,orfs_ssd_ctrl_cfg_small,final_psm/ssd_ctrl_cfg_small/VDD_BUMPS.csv + VSS_BUMPS.csv,1.1,True,VALIDATED
370,c_cmd_addr[31]$_DFFE_PN0N_,clk_core,4.76,0.69,0.0005337091067586022,4.759466290893241,recovery,measured_cell_rail,orfs_ssd_ctrl_cfg_small,final_psm/ssd_ctrl_cfg_small/VDD_BUMPS.csv + VSS_BUMPS.csv,1.1,True,VALIDATED
367,c_cmd_addr[20]$_DFFE_PN0N_,clk_core,4.76,0.69,0.0005337091067586022,4.759466290893241,recovery,measured_cell_rail,orfs_ssd_ctrl_cfg_small,final_psm/ssd_ctrl_cfg_small/VDD_BUMPS.csv + VSS_BUMPS.csv,1.1,True,VALIDATED
368,c_cmd_len[27]$_DFFE_PN0N_,clk_core,4.76,0.69,0.0005337091067586022,4.759466290893241,recovery,measured_cell_rail,orfs_ssd_ctrl_cfg_small,final_psm/ssd_ctrl_cfg_small/VDD_BUMPS.csv + VSS_BUMPS.csv,1.1,True,VALIDATED
366,c_cmd_len[29]$_DFFE_PN0N_,clk_core,4.76,0.69,0.0005337091067586022,4.759466290893241,recovery,measured_cell_rail,orfs_ssd_ctrl_cfg_small,final_psm/ssd_ctrl_cfg_small/VDD_BUMPS.csv + VSS_BUMPS.csv,1.1,True,VALIDATED
373,c_cmd_addr[22]$_DFFE_PN0N_,clk_core,4.77,0.69,0.0005379695526921552,4.769462030447308,recovery,measured_cell_rail,orfs_ssd_ctrl_cfg_small,final_psm/ssd_ctrl_cfg_small/VDD_BUMPS.csv + VSS_BUMPS.csv,1.1,True,VALIDATED
374,c_cmd_len[11]$_DFFE_PN0N_,clk_core,4.77,0.69,0.0005379695526921552,4.769462030447308,recovery,measured_cell_rail,orfs_ssd_ctrl_cfg_small,final_psm/ssd_ctrl_cfg_small/VDD_BUMPS.csv + VSS_BUMPS.csv,1.1,True,VALIDATED
809,u_host_if.reg_len[0]$_DFFE_PN0P_,clk_host,6.54,3.7,0.003097957875219215,6.5369020421247805,setup,measured_cell_rail,orfs_ssd_ctrl_cfg_small,final_psm/ssd_ctrl_cfg_small/VDD_BUMPS.csv + VSS_BUMPS.csv,1.1,True,VALIDATED
803,u_host_if.reg_len[3]$_DFFE_PN0P_,clk_host,6.54,3.7,0.0030793626771467852,6.5369206373228534,setup,measured_cell_rail,orfs_ssd_ctrl_cfg_small,final_psm/ssd_ctrl_cfg_small/VDD_BUMPS.csv + VSS_BUMPS.csv,1.1,True,VALIDATED
811,u_host_if.repack_q[13]$_DFFE_PN0P_,clk_host,6.54,3.68,0.0029558076286279877,6.537044192371372,setup,measured_cell_rail,orfs_ssd_ctrl_cfg_small,final_psm/ssd_ctrl_cfg_small/VDD_BUMPS.csv + VSS_BUMPS.csv,1.1,True,VALIDATED
804,u_host_if.repack_q[1]$_DFFE_PN0P_,clk_host,6.54,3.69,0.00294051086169847,6.537059489138302,setup,measured_cell_rail,orfs_ssd_ctrl_cfg_small,final_psm/ssd_ctrl_cfg_small/VDD_BUMPS.csv + VSS_BUMPS.csv,1.1,True,VALIDATED
805,u_host_if.repack_q[9]$_DFFE_PN0P_,clk_host,6.54,3.69,0.002930796694436355,6.537069203305563,setup,measured_cell_rail,orfs_ssd_ctrl_cfg_small,final_psm/ssd_ctrl_cfg_small/VDD_BUMPS.csv + VSS_BUMPS.csv,1.1,True,VALIDATED
810,u_host_if.repack_q[8]$_DFFE_PN0P_,clk_host,6.54,3.69,0.0029281484259118806,6.537071851574088,setup,measured_cell_rail,orfs_ssd_ctrl_cfg_small,final_psm/ssd_ctrl_cfg_small/VDD_BUMPS.csv + VSS_BUMPS.csv,1.1,True,VALIDATED
808,u_host_if.repack_q[2]$_DFFE_PN0P_,clk_host,6.54,3.69,0.002924262467270955,6.537075737532729,setup,measured_cell_rail,orfs_ssd_ctrl_cfg_small,final_psm/ssd_ctrl_cfg_small/VDD_BUMPS.csv + VSS_BUMPS.csv,1.1,True,VALIDATED
812,u_host_if.repack_q[11]$_DFFE_PN0P_,clk_host,6.54,3.69,0.0029224961903436264,6.537077503809656,setup,measured_cell_rail,orfs_ssd_ctrl_cfg_small,final_psm/ssd_ctrl_cfg_small/VDD_BUMPS.csv + VSS_BUMPS.csv,1.1,True,VALIDATED
806,u_host_if.repack_q[7]$_DFFE_PN0P_,clk_host,6.54,3.69,0.0029113696215690987,6.537088630378431,setup,measured_cell_rail,orfs_ssd_ctrl_cfg_small,final_psm/ssd_ctrl_cfg_small/VDD_BUMPS.csv + VSS_BUMPS.csv,1.1,True,VALIDATED
807,u_host_if.repack_q[5]$_DFFE_PN0P_,clk_host,6.54,3.69,0.0029088972794472923,6.537091102720553,setup,measured_cell_rail,orfs_ssd_ctrl_cfg_small,final_psm/ssd_ctrl_cfg_small/VDD_BUMPS.csv + VSS_BUMPS.csv,1.1,True,VALIDATED
802,u_host_if.reg_len[11]$_DFFE_PN0P_,clk_host,6.54,3.7,0.002895723300632258,6.537104276699368,setup,measured_cell_rail,orfs_ssd_ctrl_cfg_small,final_psm/ssd_ctrl_cfg_small/VDD_BUMPS.csv + VSS_BUMPS.csv,1.1,True,VALIDATED
801,u_host_if.reg_len[9]$_DFFE_PN0P_,clk_host,6.54,3.7,0.002875360522904352,6.537124639477096,setup,measured_cell_rail,orfs_ssd_ctrl_cfg_small,final_psm/ssd_ctrl_cfg_small/VDD_BUMPS.csv + VSS_BUMPS.csv,1.1,True,VALIDATED
813,u_host_if.reg_len[1]$_DFFE_PN0P_,clk_host,6.55,3.7,0.003158719215831357,6.546841280784168,setup,measured_cell_rail,orfs_ssd_ctrl_cfg_small,final_psm/ssd_ctrl_cfg_small/VDD_BUMPS.csv + VSS_BUMPS.csv,1.1,True,VALIDATED
818,u_host_if.reg_len[8]$_DFFE_PN0P_,clk_host,6.55,3.7,0.0030907060197641056,6.546909293980236,setup,measured_cell_rail,orfs_ssd_ctrl_cfg_small,final_psm/ssd_ctrl_cfg_small/VDD_BUMPS.csv + VSS_BUMPS.csv,1.1,True,VALIDATED
831,u_host_if.reg_len[13]$_DFFE_PN0P_,clk_host,6.55,3.69,0.0030636233416572456,6.546936376658342,setup,measured_cell_rail,orfs_ssd_ctrl_cfg_small,final_psm/ssd_ctrl_cfg_small/VDD_BUMPS.csv + VSS_BUMPS.csv,1.1,True,VALIDATED
817,u_host_if.reg_len[2]$_DFFE_PN0P_,clk_host,6.55,3.7,0.0030512016666400243,6.54694879833336,setup,measured_cell_rail,orfs_ssd_ctrl_cfg_small,final_psm/ssd_ctrl_cfg_small/VDD_BUMPS.csv + VSS_BUMPS.csv,1.1,True,VALIDATED
826,u_host_if.reg_len[14]$_DFFE_PN0P_,clk_host,6.55,3.69,0.003032363574901248,6.546967636425099,setup,measured_cell_rail,orfs_ssd_ctrl_cfg_small,final_psm/ssd_ctrl_cfg_small/VDD_BUMPS.csv + VSS_BUMPS.csv,1.1,True,VALIDATED
828,u_host_if.reg_len[31]$_DFFE_PN0P_,clk_host,6.55,3.69,0.0029785118141034406,6.547021488185896,setup,measured_cell_rail,orfs_ssd_ctrl_cfg_small,final_psm/ssd_ctrl_cfg_small/VDD_BUMPS.csv + VSS_BUMPS.csv,1.1,True,VALIDATED
824,u_host_if.reg_len[30]$_DFFE_PN0P_,clk_host,6.55,3.69,0.0029656367584201815,6.54703436324158,setup,measured_cell_rail,orfs_ssd_ctrl_cfg_small,final_psm/ssd_ctrl_cfg_small/VDD_BUMPS.csv + VSS_BUMPS.csv,1.1,True,VALIDATED
827,u_host_if.reg_len[20]$_DFFE_PN0P_,clk_host,6.55,3.69,0.0029507966184434686,6.547049203381556,setup,measured_cell_rail,orfs_ssd_ctrl_cfg_small,final_psm/ssd_ctrl_cfg_small/VDD_BUMPS.csv + VSS_BUMPS.csv,1.1,True,VALIDATED
829,u_host_if.reg_len[21]$_DFFE_PN0P_,clk_host,6.55,3.69,0.0029463843353070285,6.547053615664693,setup,measured_cell_rail,orfs_ssd_ctrl_cfg_small,final_psm/ssd_ctrl_cfg_small/VDD_BUMPS.csv + VSS_BUMPS.csv,1.1,True,VALIDATED
833,u_host_if.repack_q[3]$_DFFE_PN0P_,clk_host,6.55,3.68,0.0029306077878220593,6.547069392212178,setup,measured_cell_rail,orfs_ssd_ctrl_cfg_small,final_psm/ssd_ctrl_cfg_small/VDD_BUMPS.csv + VSS_BUMPS.csv,1.1,True,VALIDATED
815,u_host_if.repack_q[6]$_DFFE_PN0P_,clk_host,6.55,3.69,0.0029145484693560153,6.547085451530644,setup,measured_cell_rail,orfs_ssd_ctrl_cfg_small,final_psm/ssd_ctrl_cfg_small/VDD_BUMPS.csv + VSS_BUMPS.csv,1.1,True,VALIDATED
814,u_host_if.reg_len[7]$_DFFE_PN0P_,clk_host,6.55,3.7,0.002912539400631048,6.547087460599369,setup,measured_cell_rail,orfs_ssd_ctrl_cfg_small,final_psm/ssd_ctrl_cfg_small/VDD_BUMPS.csv + VSS_BUMPS.csv,1.1,True,VALIDATED
816,u_host_if.reg_len[5]$_DFFE_PN0P_,clk_host,6.55,3.7,0.0029120087404853057,6.547087991259515,setup,measured_cell_rail,orfs_ssd_ctrl_cfg_small,final_psm/ssd_ctrl_cfg_small/VDD_BUMPS.csv + VSS_BUMPS.csv,1.1,True,VALIDATED
820,u_host_if.reg_len[4]$_DFFE_PN0P_,clk_host,6.55,3.7,0.002902266516400298,6.547097733483599,setup,measured_cell_rail,orfs_ssd_ctrl_cfg_small,final_psm/ssd_ctrl_cfg_small/VDD_BUMPS.csv + VSS_BUMPS.csv,1.1,True,VALIDATED
825,u_host_if.reg_len[6]$_DFFE_PN0P_,clk_host,6.55,3.7,0.0028884566885559737,6.547111543311444,setup,measured_cell_rail,orfs_ssd_ctrl_cfg_small,final_psm/ssd_ctrl_cfg_small/VDD_BUMPS.csv + VSS_BUMPS.csv,1.1,True,VALIDATED
830,u_host_if.repack_q[4]$_DFFE_PN0P_,clk_host,6.55,3.69,0.002884882761713725,6.547115117238286,setup,measured_cell_rail,orfs_ssd_ctrl_cfg_small,final_psm/ssd_ctrl_cfg_small/VDD_BUMPS.csv + VSS_BUMPS.csv,1.1,True,VALIDATED
832,u_host_if.repack_q[15]$_DFFE_PN0P_,clk_host,6.55,3.68,0.002883756915178226,6.5471162430848215,setup,measured_cell_rail,orfs_ssd_ctrl_cfg_small,final_psm/ssd_ctrl_cfg_small/VDD_BUMPS.csv + VSS_BUMPS.csv,1.1,True,VALIDATED
819,u_host_if.reg_len[10]$_DFFE_PN0P_,clk_host,6.55,3.7,0.002871640326925662,6.547128359673074,setup,measured_cell_rail,orfs_ssd_ctrl_cfg_small,final_psm/ssd_ctrl_cfg_small/VDD_BUMPS.csv + VSS_BUMPS.csv,1.1,True,VALIDATED
821,u_host_if.reg_len[27]$_DFFE_PN0P_,clk_host,6.55,3.7,0.0028088173877623968,6.547191182612237,setup,measured_cell_rail,orfs_ssd_ctrl_cfg_small,final_psm/ssd_ctrl_cfg_small/VDD_BUMPS.csv + VSS_BUMPS.csv,1.1,True,VALIDATED
822,u_host_if.reg_len[26]$_DFFE_PN0P_,clk_host,6.55,3.7,0.0027729001457959257,6.5472270998542035,setup,measured_cell_rail,orfs_ssd_ctrl_cfg_small,final_psm/ssd_ctrl_cfg_small/VDD_BUMPS.csv + VSS_BUMPS.csv,1.1,True,VALIDATED
823,u_host_if.reg_len[29]$_DFFE_PN0P_,clk_host,6.55,3.7,0.002759103571471272,6.547240896428528,setup,measured_cell_rail,orfs_ssd_ctrl_cfg_small,final_psm/ssd_ctrl_cfg_small/VDD_BUMPS.csv + VSS_BUMPS.csv,1.1,True,VALIDATED
835,u_host_if.repack_q[12]$_DFFE_PN0P_,clk_host,6.56,3.68,0.002928494405775639,6.557071505594224,setup,measured_cell_rail,orfs_ssd_ctrl_cfg_small,final_psm/ssd_ctrl_cfg_small/VDD_BUMPS.csv + VSS_BUMPS.csv,1.1,True,VALIDATED
836,u_host_if.repack_q[10]$_DFFE_PN0P_,clk_host,6.56,3.68,0.00292039367236277,6.557079606327637,setup,measured_cell_rail,orfs_ssd_ctrl_cfg_small,final_psm/ssd_ctrl_cfg_small/VDD_BUMPS.csv + VSS_BUMPS.csv,1.1,True,VALIDATED
837,u_host_if.repack_q[16]$_DFFE_PN0P_,clk_host,6.56,3.68,0.0028793540412032914,6.557120645958796,setup,measured_cell_rail,orfs_ssd_ctrl_cfg_small,final_psm/ssd_ctrl_cfg_small/VDD_BUMPS.csv + VSS_BUMPS.csv,1.1,True,VALIDATED
838,u_host_if.repack_q[19]$_DFFE_PN0P_,clk_host,6.56,3.68,0.0028650913072187645,6.557134908692781,setup,measured_cell_rail,orfs_ssd_ctrl_cfg_small,final_psm/ssd_ctrl_cfg_small/VDD_BUMPS.csv + VSS_BUMPS.csv,1.1,True,VALIDATED
834,u_host_if.reg_len[28]$_DFFE_PN0P_,clk_host,6.56,3.7,0.002829877293220956,6.557170122706778,setup,measured_cell_rail,orfs_ssd_ctrl_cfg_small,final_psm/ssd_ctrl_cfg_small/VDD_BUMPS.csv + VSS_BUMPS.csv,1.1,True,VALIDATED
840,u_host_if.reg_addr[30]$_DFFE_PN0P_,clk_host,6.56,3.68,0.0026922981469258422,6.557307701853074,setup,measured_cell_rail,orfs_ssd_ctrl_cfg_small,final_psm/ssd_ctrl_cfg_small/VDD_BUMPS.csv + VSS_BUMPS.csv,1.1,True,VALIDATED
843,u_host_if.reg_addr[11]$_DFFE_PN0P_,clk_host,6.56,3.68,0.002692298050416153,6.557307701949584,setup,measured_cell_rail,orfs_ssd_ctrl_cfg_small,final_psm/ssd_ctrl_cfg_small/VDD_BUMPS.csv + VSS_BUMPS.csv,1.1,True,VALIDATED
839,u_host_if.reg_addr[10]$_DFFE_PN0P_,clk_host,6.56,3.68,0.0026772783438887005,6.557322721656111,setup,measured_cell_rail,orfs_ssd_ctrl_cfg_small,final_psm/ssd_ctrl_cfg_small/VDD_BUMPS.csv + VSS_BUMPS.csv,1.1,True,VALIDATED
842,u_host_if.reg_addr[27]$_DFFE_PN0P_,clk_host,6.56,3.68,0.002676661288558868,6.5573233387114405,setup,measured_cell_rail,orfs_ssd_ctrl_cfg_small,final_psm/ssd_ctrl_cfg_small/VDD_BUMPS.csv + VSS_BUMPS.csv,1.1,True,VALIDATED
841,u_host_if.reg_addr[26]$_DFFE_PN0P_,clk_host,6.56,3.68,0.002652708658107239,6.557347291341892,setup,measured_cell_rail,orfs_ssd_ctrl_cfg_small,final_psm/ssd_ctrl_cfg_small/VDD_BUMPS.csv + VSS_BUMPS.csv,1.1,True,VALIDATED
844,u_host_if.reg_addr[28]$_DFFE_PN0P_,clk_host,6.56,3.68,0.002633631157670957,6.557366368842328,setup,measured_cell_rail,orfs_ssd_ctrl_cfg_small,final_psm/ssd_ctrl_cfg_small/VDD_BUMPS.csv + VSS_BUMPS.csv,1.1,True,VALIDATED
849,u_host_if.reg_addr[7]$_DFFE_PN0P_,clk_host,6.57,3.67,0.0028620047554434036,6.567137995244557,setup,measured_cell_rail,orfs_ssd_ctrl_cfg_small,final_psm/ssd_ctrl_cfg_small/VDD_BUMPS.csv + VSS_BUMPS.csv,1.1,True,VALIDATED
850,u_host_if.reg_addr[5]$_DFFE_PN0P_,clk_host,6.57,3.67,0.002843159306593901,6.567156840693406,setup,measured_cell_rail,orfs_ssd_ctrl_cfg_small,final_psm/ssd_ctrl_cfg_small/VDD_BUMPS.csv + VSS_BUMPS.csv,1.1,True,VALIDATED
846,u_host_if.reg_addr[9]$_DFFE_PN0P_,clk_host,6.57,3.67,0.0028235109982414075,6.567176489001759,setup,measured_cell_rail,orfs_ssd_ctrl_cfg_small,final_psm/ssd_ctrl_cfg_small/VDD_BUMPS.csv + VSS_BUMPS.csv,1.1,True,VALIDATED
847,u_host_if.reg_addr[4]$_DFFE_PN0P_,clk_host,6.57,3.68,0.0027783995353209967,6.567221600464679,setup,measured_cell_rail,orfs_ssd_ctrl_cfg_small,final_psm/ssd_ctrl_cfg_small/VDD_BUMPS.csv + VSS_BUMPS.csv,1.1,True,VALIDATED
848,u_host_if.reg_addr[3]$_DFFE_PN0P_,clk_host,6.57,3.68,0.002755659836969626,6.567244340163031,setup,measured_cell_rail,orfs_ssd_ctrl_cfg_small,final_psm/ssd_ctrl_cfg_small/VDD_BUMPS.csv + VSS_BUMPS.csv,1.1,True,VALIDATED
845,u_host_if.reg_addr[29]$_DFFE_PN0P_,clk_host,6.57,3.68,0.002628963257325423,6.567371036742675,setup,measured_cell_rail,orfs_ssd_ctrl_cfg_small,final_psm/ssd_ctrl_cfg_small/VDD_BUMPS.csv + VSS_BUMPS.csv,1.1,True,VALIDATED
854,u_host_if.reg_addr[1]$_DFFE_PN0P_,clk_host,6.58,3.66,0.0032371445233023155,6.576762855476698,setup,measured_cell_rail,orfs_ssd_ctrl_cfg_small,final_psm/ssd_ctrl_cfg_small/VDD_BUMPS.csv + VSS_BUMPS.csv,1.1,True,VALIDATED
855,u_host_if.reg_addr[0]$_DFFE_PN0P_,clk_host,6.58,3.66,0.0032020004501273625,6.576797999549873,setup,measured_cell_rail,orfs_ssd_ctrl_cfg_small,final_psm/ssd_ctrl_cfg_small/VDD_BUMPS.csv + VSS_BUMPS.csv,1.1,True,VALIDATED
853,u_host_if.reg_addr[2]$_DFFE_PN0P_,clk_host,6.58,3.67,0.0029941468045678876,6.577005853195432,setup,measured_cell_rail,orfs_ssd_ctrl_cfg_small,final_psm/ssd_ctrl_cfg_small/VDD_BUMPS.csv + VSS_BUMPS.csv,1.1,True,VALIDATED
851,u_host_if.reg_addr[6]$_DFFE_PN0P_,clk_host,6.58,3.67,0.0029353797191590814,6.577064620280841,setup,measured_cell_rail,orfs_ssd_ctrl_cfg_small,final_psm/ssd_ctrl_cfg_small/VDD_BUMPS.csv + VSS_BUMPS.csv,1.1,True,VALIDATED
852,u_host_if.reg_addr[8]$_DFFE_PN0P_,clk_host,6.58,3.67,0.002929504024909657,6.57707049597509,setup,measured_cell_rail,orfs_ssd_ctrl_cfg_small,final_psm/ssd_ctrl_cfg_small/VDD_BUMPS.csv + VSS_BUMPS.csv,1.1,True,VALIDATED
857,u_host_if.reg_addr[13]$_DFFE_PN0P_,clk_host,6.59,3.65,0.003115738956765479,6.5868842610432345,setup,measured_cell_rail,orfs_ssd_ctrl_cfg_small,final_psm/ssd_ctrl_cfg_small/VDD_BUMPS.csv + VSS_BUMPS.csv,1.1,True,VALIDATED
872,s_rvalid,clk_host,6.59,0.41,0.0006220167574188112,6.589377983242581,setup,measured_cell_rail,orfs_ssd_ctrl_cfg_small,final_psm/ssd_ctrl_cfg_small/VDD_BUMPS.csv + VSS_BUMPS.csv,1.1,True,VALIDATED
875,s_rdata[21],clk_host,6.59,0.41,0.0005383942792151208,6.589461605720785,setup,measured_cell_rail,orfs_ssd_ctrl_cfg_small,final_psm/ssd_ctrl_cfg_small/VDD_BUMPS.csv + VSS_BUMPS.csv,1.1,True,VALIDATED
878,s_rdata[2],clk_host,6.59,0.41,0.0005345527958732083,6.589465447204127,setup,measured_cell_rail,orfs_ssd_ctrl_cfg_small,final_psm/ssd_ctrl_cfg_small/VDD_BUMPS.csv + VSS_BUMPS.csv,1.1,True,VALIDATED
865,s_rdata[3],clk_host,6.59,0.41,0.0005344346059212302,6.589465565394079,setup,measured_cell_rail,orfs_ssd_ctrl_cfg_small,final_psm/ssd_ctrl_cfg_small/VDD_BUMPS.csv + VSS_BUMPS.csv,1.1,True,VALIDATED
877,s_rdata[31],clk_host,6.59,0.41,0.0005166535051288751,6.5894833464948706,setup,measured_cell_rail,orfs_ssd_ctrl_cfg_small,final_psm/ssd_ctrl_cfg_small/VDD_BUMPS.csv + VSS_BUMPS.csv,1.1,True,VALIDATED
874,s_rdata[4],clk_host,6.59,0.41,0.0005161829306118693,6.589483817069388,setup,measured_cell_rail,orfs_ssd_ctrl_cfg_small,final_psm/ssd_ctrl_cfg_small/VDD_BUMPS.csv + VSS_BUMPS.csv,1.1,True,VALIDATED
871,s_rdata[14],clk_host,6.59,0.41,0.0005057283678598645,6.58949427163214,setup,measured_cell_rail,orfs_ssd_ctrl_cfg_small,final_psm/ssd_ctrl_cfg_small/VDD_BUMPS.csv + VSS_BUMPS.csv,1.1,True,VALIDATED
869,s_rdata[5],clk_host,6.59,0.41,0.0005000110848852463,6.589499988915114,setup,measured_cell_rail,orfs_ssd_ctrl_cfg_small,final_psm/ssd_ctrl_cfg_small/VDD_BUMPS.csv + VSS_BUMPS.csv,1.1,True,VALIDATED
876,s_rdata[15],clk_host,6.59,0.41,0.0004992342085213125,6.589500765791478,setup,measured_cell_rail,orfs_ssd_ctrl_cfg_small,final_psm/ssd_ctrl_cfg_small/VDD_BUMPS.csv + VSS_BUMPS.csv,1.1,True,VALIDATED
868,s_rdata[17],clk_host,6.59,0.41,0.0004992342085213125,6.589500765791478,setup,measured_cell_rail,orfs_ssd_ctrl_cfg_small,final_psm/ssd_ctrl_cfg_small/VDD_BUMPS.csv + VSS_BUMPS.csv,1.1,True,VALIDATED
867,s_rdata[6],clk_host,6.59,0.41,0.0004970611682952181,6.589502938831704,setup,measured_cell_rail,orfs_ssd_ctrl_cfg_small,final_psm/ssd_ctrl_cfg_small/VDD_BUMPS.csv + VSS_BUMPS.csv,1.1,True,VALIDATED
870,s_rdata[8],clk_host,6.59,0.41,0.0004905558992438636,6.589509444100756,setup,measured_cell_rail,orfs_ssd_ctrl_cfg_small,final_psm/ssd_ctrl_cfg_small/VDD_BUMPS.csv + VSS_BUMPS.csv,1.1,True,VALIDATED
873,s_rdata[7],clk_host,6.59,0.41,0.00047197006027480115,6.589528029939725,setup,measured_cell_rail,orfs_ssd_ctrl_cfg_small,final_psm/ssd_ctrl_cfg_small/VDD_BUMPS.csv + VSS_BUMPS.csv,1.1,True,VALIDATED
863,s_rdata[11],clk_host,6.59,0.41,0.0004500892293217984,6.589549910770678,setup,measured_cell_rail,orfs_ssd_ctrl_cfg_small,final_psm/ssd_ctrl_cfg_small/VDD_BUMPS.csv + VSS_BUMPS.csv,1.1,True,VALIDATED
866,s_rdata[13],clk_host,6.59,0.41,0.00043234811238286597,6.589567651887617,setup,measured_cell_rail,orfs_ssd_ctrl_cfg_small,final_psm/ssd_ctrl_cfg_small/VDD_BUMPS.csv + VSS_BUMPS.csv,1.1,True,VALIDATED
860,s_rdata[19],clk_host,6.59,0.41,0.00042319239442449585,6.589576807605575,setup,measured_cell_rail,orfs_ssd_ctrl_cfg_small,final_psm/ssd_ctrl_cfg_small/VDD_BUMPS.csv + VSS_BUMPS.csv,1.1,True,VALIDATED
864,s_rdata[16],clk_host,6.59,0.41,0.00042319239442449585,6.589576807605575,setup,measured_cell_rail,orfs_ssd_ctrl_cfg_small,final_psm/ssd_ctrl_cfg_small/VDD_BUMPS.csv + VSS_BUMPS.csv,1.1,True,VALIDATED
858,s_rdata[10],clk_host,6.59,0.41,0.00041918398979721994,6.589580816010202,setup,measured_cell_rail,orfs_ssd_ctrl_cfg_small,final_psm/ssd_ctrl_cfg_small/VDD_BUMPS.csv + VSS_BUMPS.csv,1.1,True,VALIDATED
859,s_rdata[18],clk_host,6.59,0.41,0.000417297908509473,6.589582702091491,setup,measured_cell_rail,orfs_ssd_ctrl_cfg_small,final_psm/ssd_ctrl_cfg_small/VDD_BUMPS.csv + VSS_BUMPS.csv,1.1,True,VALIDATED
862,s_rdata[20],clk_host,6.59,0.41,0.0004096402275550609,6.589590359772445,setup,measured_cell_rail,orfs_ssd_ctrl_cfg_small,final_psm/ssd_ctrl_cfg_small/VDD_BUMPS.csv + VSS_BUMPS.csv,1.1,True,VALIDATED
856,s_rdata[9],clk_host,6.59,0.41,0.0004062800676101902,6.58959371993239,setup,measured_cell_rail,orfs_ssd_ctrl_cfg_small,final_psm/ssd_ctrl_cfg_small/VDD_BUMPS.csv + VSS_BUMPS.csv,1.1,True,VALIDATED
861,s_rdata[12],clk_host,6.59,0.41,0.00039225490074916436,6.589607745099251,setup,measured_cell_rail,orfs_ssd_ctrl_cfg_small,final_psm/ssd_ctrl_cfg_small/VDD_BUMPS.csv + VSS_BUMPS.csv,1.1,True,VALIDATED
886,u_host_if.repack_emit$_DFF_PN0_,clk_host,6.6,3.62,0.0028880210408388785,6.597111978959161,setup,measured_cell_rail,orfs_ssd_ctrl_cfg_small,final_psm/ssd_ctrl_cfg_small/VDD_BUMPS.csv + VSS_BUMPS.csv,1.1,True,VALIDATED
890,s_rdata[29],clk_host,6.6,0.4,0.0006156813216503104,6.599384318678349,setup,measured_cell_rail,orfs_ssd_ctrl_cfg_small,final_psm/ssd_ctrl_cfg_small/VDD_BUMPS.csv + VSS_BUMPS.csv,1.1,True,VALIDATED
889,s_rdata[24],clk_host,6.6,0.4,0.0005830213659687444,6.599416978634031,setup,measured_cell_rail,orfs_ssd_ctrl_cfg_small,final_psm/ssd_ctrl_cfg_small/VDD_BUMPS.csv + VSS_BUMPS.csv,1.1,True,VALIDATED
891,s_rdata[22],clk_host,6.6,0.4,0.0005811185371189381,6.5994188814628805,setup,measured_cell_rail,orfs_ssd_ctrl_cfg_small,final_psm/ssd_ctrl_cfg_small/VDD_BUMPS.csv + VSS_BUMPS.csv,1.1,True,VALIDATED
888,s_rdata[30],clk_host,6.6,0.4,0.0005392365105240243,6.599460763489476,setup,measured_cell_rail,orfs_ssd_ctrl_cfg_small,final_psm/ssd_ctrl_cfg_small/VDD_BUMPS.csv + VSS_BUMPS.csv,1.1,True,VALIDATED
887,s_rdata[28],clk_host,6.6,0.4,0.0005350276076455662,6.599464972392354,setup,measured_cell_rail,orfs_ssd_ctrl_cfg_small,final_psm/ssd_ctrl_cfg_small/VDD_BUMPS.csv + VSS_BUMPS.csv,1.1,True,VALIDATED
880,s_rdata[1],clk_host,6.6,0.4,0.000525632316333291,6.5994743676836665,setup,measured_cell_rail,orfs_ssd_ctrl_cfg_small,final_psm/ssd_ctrl_cfg_small/VDD_BUMPS.csv + VSS_BUMPS.csv,1.1,True,VALIDATED
884,s_rdata[23],clk_host,6.6,0.4,0.0005247102778642987,6.599475289722135,setup,measured_cell_rail,orfs_ssd_ctrl_cfg_small,final_psm/ssd_ctrl_cfg_small/VDD_BUMPS.csv + VSS_BUMPS.csv,1.1,True,VALIDATED
879,s_rdata[0],clk_host,6.6,0.4,0.0005237306509055656,6.599476269349094,setup,measured_cell_rail,orfs_ssd_ctrl_cfg_small,final_psm/ssd_ctrl_cfg_small/VDD_BUMPS.csv + VSS_BUMPS.csv,1.1,True,VALIDATED
881,s_rdata[25],clk_host,6.6,0.4,0.0004925084153950959,6.599507491584604,setup,measured_cell_rail,orfs_ssd_ctrl_cfg_small,final_psm/ssd_ctrl_cfg_small/VDD_BUMPS.csv + VSS_BUMPS.csv,1.1,True,VALIDATED
885,s_rdata[27],clk_host,6.6,0.4,0.00047131556236566785,6.599528684437634,setup,measured_cell_rail,orfs_ssd_ctrl_cfg_small,final_psm/ssd_ctrl_cfg_small/VDD_BUMPS.csv + VSS_BUMPS.csv,1.1,True,VALIDATED
883,s_rdata[26],clk_host,6.6,0.4,0.000471257991729937,6.599528742008269,setup,measured_cell_rail,orfs_ssd_ctrl_cfg_small,final_psm/ssd_ctrl_cfg_small/VDD_BUMPS.csv + VSS_BUMPS.csv,1.1,True,VALIDATED
882,s_bvalid,clk_host,6.6,0.4,0.00035477396966981933,6.59964522603033,setup,measured_cell_rail,orfs_ssd_ctrl_cfg_small,final_psm/ssd_ctrl_cfg_small/VDD_BUMPS.csv + VSS_BUMPS.csv,1.1,True,VALIDATED
894,s_arready,clk_host,6.62,0.38,0.0005687837659097555,6.619431216234091,setup,measured_cell_rail,orfs_ssd_ctrl_cfg_small,final_psm/ssd_ctrl_cfg_small/VDD_BUMPS.csv + VSS_BUMPS.csv,1.1,True,VALIDATED
892,s_awready,clk_host,6.62,0.38,0.00035049044013045483,6.61964950955987,setup,measured_cell_rail,orfs_ssd_ctrl_cfg_small,final_psm/ssd_ctrl_cfg_small/VDD_BUMPS.csv + VSS_BUMPS.csv,1.1,True,VALIDATED
893,s_wready,clk_host,6.62,0.38,0.00034944459423588703,6.619650555405764,setup,measured_cell_rail,orfs_ssd_ctrl_cfg_small,final_psm/ssd_ctrl_cfg_small/VDD_BUMPS.csv + VSS_BUMPS.csv,1.1,True,VALIDATED
895,u_host_if.reg_len[22]$_DFFE_PN0P_,clk_host,6.67,3.57,0.002879454035918494,6.667120545964082,setup,measured_cell_rail,orfs_ssd_ctrl_cfg_small,final_psm/ssd_ctrl_cfg_small/VDD_BUMPS.csv + VSS_BUMPS.csv,1.1,True,VALIDATED
898,u_host_if.reg_len[15]$_DFFE_PN0P_,clk_host,6.67,3.57,0.0028631162055026693,6.667136883794497,setup,measured_cell_rail,orfs_ssd_ctrl_cfg_small,final_psm/ssd_ctrl_cfg_small/VDD_BUMPS.csv + VSS_BUMPS.csv,1.1,True,VALIDATED
897,u_host_if.reg_len[19]$_DFFE_PN0P_,clk_host,6.67,3.57,0.0028464568658766454,6.667153543134123,setup,measured_cell_rail,orfs_ssd_ctrl_cfg_small,final_psm/ssd_ctrl_cfg_small/VDD_BUMPS.csv + VSS_BUMPS.csv,1.1,True,VALIDATED
896,u_host_if.reg_len[12]$_DFFE_PN0P_,clk_host,6.67,3.57,0.002830602780713287,6.667169397219286,setup,measured_cell_rail,orfs_ssd_ctrl_cfg_small,final_psm/ssd_ctrl_cfg_small/VDD_BUMPS.csv + VSS_BUMPS.csv,1.1,True,VALIDATED
903,u_host_if.reg_len[24]$_DFFE_PN0P_,clk_host,6.67,3.57,0.002830172711369705,6.66716982728863,setup,measured_cell_rail,orfs_ssd_ctrl_cfg_small,final_psm/ssd_ctrl_cfg_small/VDD_BUMPS.csv + VSS_BUMPS.csv,1.1,True,VALIDATED
902,u_host_if.reg_len[17]$_DFFE_PN0P_,clk_host,6.67,3.57,0.0028288917777572475,6.6671711082222425,setup,measured_cell_rail,orfs_ssd_ctrl_cfg_small,final_psm/ssd_ctrl_cfg_small/VDD_BUMPS.csv + VSS_BUMPS.csv,1.1,True,VALIDATED
905,u_host_if.repack_q[17]$_DFFE_PN0P_,clk_host,6.67,3.56,0.002771681342857879,6.667228318657142,setup,measured_cell_rail,orfs_ssd_ctrl_cfg_small,final_psm/ssd_ctrl_cfg_small/VDD_BUMPS.csv + VSS_BUMPS.csv,1.1,True,VALIDATED
904,u_host_if.reg_len[18]$_DFFE_PN0P_,clk_host,6.67,3.57,0.002731710200449433,6.6672682897995506,setup,measured_cell_rail,orfs_ssd_ctrl_cfg_small,final_psm/ssd_ctrl_cfg_small/VDD_BUMPS.csv + VSS_BUMPS.csv,1.1,True,VALIDATED
899,u_host_if.reg_len[25]$_DFFE_PN0P_,clk_host,6.67,3.57,0.0026574409345370142,6.667342559065463,setup,measured_cell_rail,orfs_ssd_ctrl_cfg_small,final_psm/ssd_ctrl_cfg_small/VDD_BUMPS.csv + VSS_BUMPS.csv,1.1,True,VALIDATED
900,u_host_if.reg_len[16]$_DFFE_PN0P_,clk_host,6.67,3.57,0.002653966009774411,6.667346033990226,setup,measured_cell_rail,orfs_ssd_ctrl_cfg_small,final_psm/ssd_ctrl_cfg_small/VDD_BUMPS.csv + VSS_BUMPS.csv,1.1,True,VALIDATED
901,u_host_if.reg_len[23]$_DFFE_PN0P_,clk_host,6.67,3.57,0.002650857000953244,6.667349142999047,setup,measured_cell_rail,orfs_ssd_ctrl_cfg_small,final_psm/ssd_ctrl_cfg_small/VDD_BUMPS.csv + VSS_BUMPS.csv,1.1,True,VALIDATED
926,u_host_if.reg_addr[19]$_DFFE_PN0P_,clk_host,6.68,3.56,0.0030586678219522434,6.676941332178047,setup,measured_cell_rail,orfs_ssd_ctrl_cfg_small,final_psm/ssd_ctrl_cfg_small/VDD_BUMPS.csv + VSS_BUMPS.csv,1.1,True,VALIDATED
924,u_host_if.reg_addr[14]$_DFFE_PN0P_,clk_host,6.68,3.56,0.00304609294266428,6.676953907057335,setup,measured_cell_rail,orfs_ssd_ctrl_cfg_small,final_psm/ssd_ctrl_cfg_small/VDD_BUMPS.csv + VSS_BUMPS.csv,1.1,True,VALIDATED
927,u_host_if.reg_addr[22]$_DFFE_PN0P_,clk_host,6.68,3.56,0.0029504313541339755,6.677049568645866,setup,measured_cell_rail,orfs_ssd_ctrl_cfg_small,final_psm/ssd_ctrl_cfg_small/VDD_BUMPS.csv + VSS_BUMPS.csv,1.1,True,VALIDATED
912,u_host_if.reg_addr[23]$_DFFE_PN0P_,clk_host,6.68,3.56,0.002935522227754339,6.677064477772245,setup,measured_cell_rail,orfs_ssd_ctrl_cfg_small,final_psm/ssd_ctrl_cfg_small/VDD_BUMPS.csv + VSS_BUMPS.csv,1.1,True,VALIDATED
923,u_host_if.reg_addr[31]$_DFFE_PN0P_,clk_host,6.68,3.56,0.0028586542801726234,6.677141345719827,setup,measured_cell_rail,orfs_ssd_ctrl_cfg_small,final_psm/ssd_ctrl_cfg_small/VDD_BUMPS.csv + VSS_BUMPS.csv,1.1,True,VALIDATED
922,u_host_if.reg_addr[21]$_DFFE_PN0P_,clk_host,6.68,3.56,0.0028367250396444943,6.677163274960355,setup,measured_cell_rail,orfs_ssd_ctrl_cfg_small,final_psm/ssd_ctrl_cfg_small/VDD_BUMPS.csv + VSS_BUMPS.csv,1.1,True,VALIDATED
920,u_host_if.reg_addr[20]$_DFFE_PN0P_,clk_host,6.68,3.56,0.0028339578697413326,6.677166042130258,setup,measured_cell_rail,orfs_ssd_ctrl_cfg_small,final_psm/ssd_ctrl_cfg_small/VDD_BUMPS.csv + VSS_BUMPS.csv,1.1,True,VALIDATED
916,u_host_if.repack_q[0]$_DFFE_PN0P_,clk_host,6.68,3.56,0.0027875601655072413,6.677212439834492,setup,measured_cell_rail,orfs_ssd_ctrl_cfg_small,final_psm/ssd_ctrl_cfg_small/VDD_BUMPS.csv + VSS_BUMPS.csv,1.1,True,VALIDATED
907,u_host_if.repack_q[26]$_DFFE_PN0P_,clk_host,6.68,3.56,0.0027859173747681876,6.677214082625231,setup,measured_cell_rail,orfs_ssd_ctrl_cfg_small,final_psm/ssd_ctrl_cfg_small/VDD_BUMPS.csv + VSS_BUMPS.csv,1.1,True,VALIDATED
925,u_host_if.repack_q[27]$_DFFE_PN0P_,clk_host,6.68,3.56,0.0027797218537174984,6.677220278146282,setup,measured_cell_rail,orfs_ssd_ctrl_cfg_small,final_psm/ssd_ctrl_cfg_small/VDD_BUMPS.csv + VSS_BUMPS.csv,1.1,True,VALIDATED
921,u_host_if.repack_q[14]$_DFFE_PN0P_,clk_host,6.68,3.56,0.0027768020769631807,6.677223197923037,setup,measured_cell_rail,orfs_ssd_ctrl_cfg_small,final_psm/ssd_ctrl_cfg_small/VDD_BUMPS.csv + VSS_BUMPS.csv,1.1,True,VALIDATED
914,u_host_if.repack_q[30]$_DFFE_PN0P_,clk_host,6.68,3.56,0.0027700388954426947,6.677229961104557,setup,measured_cell_rail,orfs_ssd_ctrl_cfg_small,final_psm/ssd_ctrl_cfg_small/VDD_BUMPS.csv + VSS_BUMPS.csv,1.1,True,VALIDATED
906,u_host_if.repack_q[28]$_DFFE_PN0P_,clk_host,6.68,3.56,0.0027643818483639726,6.677235618151636,setup,measured_cell_rail,orfs_ssd_ctrl_cfg_small,final_psm/ssd_ctrl_cfg_small/VDD_BUMPS.csv + VSS_BUMPS.csv,1.1,True,VALIDATED
917,u_host_if.repack_q[22]$_DFFE_PN0P_,clk_host,6.68,3.56,0.002746887348698046,6.677253112651302,setup,measured_cell_rail,orfs_ssd_ctrl_cfg_small,final_psm/ssd_ctrl_cfg_small/VDD_BUMPS.csv + VSS_BUMPS.csv,1.1,True,VALIDATED
918,u_host_if.repack_q[29]$_DFFE_PN0P_,clk_host,6.68,3.56,0.002744515038633377,6.677255484961366,setup,measured_cell_rail,orfs_ssd_ctrl_cfg_small,final_psm/ssd_ctrl_cfg_small/VDD_BUMPS.csv + VSS_BUMPS.csv,1.1,True,VALIDATED
919,u_host_if.repack_q[18]$_DFFE_PN0P_,clk_host,6.68,3.56,0.002741230423921326,6.677258769576079,setup,measured_cell_rail,orfs_ssd_ctrl_cfg_small,final_psm/ssd_ctrl_cfg_small/VDD_BUMPS.csv + VSS_BUMPS.csv,1.1,True,VALIDATED
915,u_host_if.repack_q[31]$_DFFE_PN0P_,clk_host,6.68,3.57,0.0026837728755659263,6.677316227124434,setup,measured_cell_rail,orfs_ssd_ctrl_cfg_small,final_psm/ssd_ctrl_cfg_small/VDD_BUMPS.csv + VSS_BUMPS.csv,1.1,True,VALIDATED
910,u_host_if.repack_q[24]$_DFFE_PN0P_,clk_host,6.68,3.57,0.0026832239079738196,6.677316776092026,setup,measured_cell_rail,orfs_ssd_ctrl_cfg_small,final_psm/ssd_ctrl_cfg_small/VDD_BUMPS.csv + VSS_BUMPS.csv,1.1,True,VALIDATED
913,u_host_if.repack_q[21]$_DFFE_PN0P_,clk_host,6.68,3.57,0.002669135093499808,6.6773308649065,setup,measured_cell_rail,orfs_ssd_ctrl_cfg_small,final_psm/ssd_ctrl_cfg_small/VDD_BUMPS.csv + VSS_BUMPS.csv,1.1,True,VALIDATED
911,u_host_if.repack_q[25]$_DFFE_PN0P_,clk_host,6.68,3.57,0.0026609025770474304,6.677339097422952,setup,measured_cell_rail,orfs_ssd_ctrl_cfg_small,final_psm/ssd_ctrl_cfg_small/VDD_BUMPS.csv + VSS_BUMPS.csv,1.1,True,VALIDATED
908,u_host_if.repack_q[20]$_DFFE_PN0P_,clk_host,6.68,3.57,0.002651390554974653,6.677348609445025,setup,measured_cell_rail,orfs_ssd_ctrl_cfg_small,final_psm/ssd_ctrl_cfg_small/VDD_BUMPS.csv + VSS_BUMPS.csv,1.1,True,VALIDATED
909,u_host_if.repack_q[23]$_DFFE_PN0P_,clk_host,6.68,3.57,0.0026502930904038213,6.677349706909596,setup,measured_cell_rail,orfs_ssd_ctrl_cfg_small,final_psm/ssd_ctrl_cfg_small/VDD_BUMPS.csv + VSS_BUMPS.csv,1.1,True,VALIDATED
930,u_host_if.reg_addr[17]$_DFFE_PN0P_,clk_host,6.69,3.54,0.0029450933849299865,6.687054906615071,setup,measured_cell_rail,orfs_ssd_ctrl_cfg_small,final_psm/ssd_ctrl_cfg_small/VDD_BUMPS.csv + VSS_BUMPS.csv,1.1,True,VALIDATED
931,u_host_if.reg_addr[15]$_DFFE_PN0P_,clk_host,6.69,3.54,0.0028989043459675123,6.687101095654032,setup,measured_cell_rail,orfs_ssd_ctrl_cfg_small,final_psm/ssd_ctrl_cfg_small/VDD_BUMPS.csv + VSS_BUMPS.csv,1.1,True,VALIDATED
929,u_host_if.reg_chmask[0]$_DFFE_PN0P_,clk_host,6.69,3.54,0.002873607164602443,6.687126392835398,setup,measured_cell_rail,orfs_ssd_ctrl_cfg_small,final_psm/ssd_ctrl_cfg_small/VDD_BUMPS.csv + VSS_BUMPS.csv,1.1,True,VALIDATED
928,u_host_if.reg_chmask[1]$_DFFE_PN0P_,clk_host,6.69,3.54,0.0028479951815321702,6.6871520048184685,setup,measured_cell_rail,orfs_ssd_ctrl_cfg_small,final_psm/ssd_ctrl_cfg_small/VDD_BUMPS.csv + VSS_BUMPS.csv,1.1,True,VALIDATED
937,u_host_if.s_rdata[14]$_DFFE_PN0P_,clk_host,6.7,3.54,0.005616074874856991,6.694383925125143,setup,measured_cell_rail,orfs_ssd_ctrl_cfg_small,final_psm/ssd_ctrl_cfg_small/VDD_BUMPS.csv + VSS_BUMPS.csv,1.1,True,VALIDATED
934,u_host_if.reg_addr[16]$_DFFE_PN0P_,clk_host,6.7,3.54,0.002874959417984435,6.697125040582016,setup,measured_cell_rail,orfs_ssd_ctrl_cfg_small,final_psm/ssd_ctrl_cfg_small/VDD_BUMPS.csv + VSS_BUMPS.csv,1.1,True,VALIDATED
935,u_host_if.reg_addr[18]$_DFFE_PN0P_,clk_host,6.7,3.54,0.002852082337712336,6.697147917662288,setup,measured_cell_rail,orfs_ssd_ctrl_cfg_small,final_psm/ssd_ctrl_cfg_small/VDD_BUMPS.csv + VSS_BUMPS.csv,1.1,True,VALIDATED
932,u_host_if.reg_addr[12]$_DFFE_PN0P_,clk_host,6.7,3.54,0.0028499649804499816,6.6971500350195505,setup,measured_cell_rail,orfs_ssd_ctrl_cfg_small,final_psm/ssd_ctrl_cfg_small/VDD_BUMPS.csv + VSS_BUMPS.csv,1.1,True,VALIDATED
933,u_host_if.reg_addr[25]$_DFFE_PN0P_,clk_host,6.7,3.54,0.0028391644929947057,6.697160835507005,setup,measured_cell_rail,orfs_ssd_ctrl_cfg_small,final_psm/ssd_ctrl_cfg_small/VDD_BUMPS.csv + VSS_BUMPS.csv,1.1,True,VALIDATED
936,u_host_if.reg_addr[24]$_DFFE_PN0P_,clk_host,6.7,3.54,0.0028118395708685018,6.697188160429132,setup,measured_cell_rail,orfs_ssd_ctrl_cfg_small,final_psm/ssd_ctrl_cfg_small/VDD_BUMPS.csv + VSS_BUMPS.csv,1.1,True,VALIDATED
950,u_host_if.s_rdata[4]$_DFFE_PN0P_,clk_host,6.71,3.54,0.005950639963064719,6.704049360036935,setup,measured_cell_rail,orfs_ssd_ctrl_cfg_small,final_psm/ssd_ctrl_cfg_small/VDD_BUMPS.csv + VSS_BUMPS.csv,1.1,True,VALIDATED
948,u_host_if.s_rdata[5]$_DFFE_PN0P_,clk_host,6.71,3.54,0.00567683705786709,6.704323162942133,setup,measured_cell_rail,orfs_ssd_ctrl_cfg_small,final_psm/ssd_ctrl_cfg_small/VDD_BUMPS.csv + VSS_BUMPS.csv,1.1,True,VALIDATED
952,u_host_if.s_rdata[2]$_DFFE_PN0P_,clk_host,6.71,3.53,0.005668632432768106,6.704331367567232,setup,measured_cell_rail,orfs_ssd_ctrl_cfg_small,final_psm/ssd_ctrl_cfg_small/VDD_BUMPS.csv + VSS_BUMPS.csv,1.1,True,VALIDATED
951,u_host_if.s_rdata[3]$_DFFE_PN0P_,clk_host,6.71,3.53,0.005668208748030923,6.704331791251969,setup,measured_cell_rail,orfs_ssd_ctrl_cfg_small,final_psm/ssd_ctrl_cfg_small/VDD_BUMPS.csv + VSS_BUMPS.csv,1.1,True,VALIDATED
940,u_host_if.s_rdata[17]$_DFFE_PN0P_,clk_host,6.71,3.54,0.005661533513745376,6.704338466486255,setup,measured_cell_rail,orfs_ssd_ctrl_cfg_small,final_psm/ssd_ctrl_cfg_small/VDD_BUMPS.csv + VSS_BUMPS.csv,1.1,True,VALIDATED
938,u_host_if.s_rdata[15]$_DFFE_PN0P_,clk_host,6.71,3.54,0.005589101495388604,6.704410898504611,setup,measured_cell_rail,orfs_ssd_ctrl_cfg_small,final_psm/ssd_ctrl_cfg_small/VDD_BUMPS.csv + VSS_BUMPS.csv,1.1,True,VALIDATED
946,u_host_if.s_rdata[8]$_DFFE_PN0P_,clk_host,6.71,3.54,0.005559155074254085,6.704440844925746,setup,measured_cell_rail,orfs_ssd_ctrl_cfg_small,final_psm/ssd_ctrl_cfg_small/VDD_BUMPS.csv + VSS_BUMPS.csv,1.1,True,VALIDATED
949,u_host_if.s_rdata[6]$_DFFE_PN0P_,clk_host,6.71,3.54,0.005550283023265157,6.704449716976735,setup,measured_cell_rail,orfs_ssd_ctrl_cfg_small,final_psm/ssd_ctrl_cfg_small/VDD_BUMPS.csv + VSS_BUMPS.csv,1.1,True,VALIDATED
941,u_host_if.s_rdata[13]$_DFFE_PN0P_,clk_host,6.71,3.54,0.005448080660175492,6.704551919339824,setup,measured_cell_rail,orfs_ssd_ctrl_cfg_small,final_psm/ssd_ctrl_cfg_small/VDD_BUMPS.csv + VSS_BUMPS.csv,1.1,True,VALIDATED
947,u_host_if.s_rdata[7]$_DFFE_PN0P_,clk_host,6.71,3.54,0.005417145670617629,6.704582854329383,setup,measured_cell_rail,orfs_ssd_ctrl_cfg_small,final_psm/ssd_ctrl_cfg_small/VDD_BUMPS.csv + VSS_BUMPS.csv,1.1,True,VALIDATED
945,u_host_if.s_rdata[11]$_DFFE_PN0P_,clk_host,6.71,3.54,0.005416972111813578,6.704583027888186,setup,measured_cell_rail,orfs_ssd_ctrl_cfg_small,final_psm/ssd_ctrl_cfg_small/VDD_BUMPS.csv + VSS_BUMPS.csv,1.1,True,VALIDATED
943,u_host_if.s_rdata[20]$_DFFE_PN0P_,clk_host,6.71,3.54,0.005155361498851763,6.704844638501148,setup,measured_cell_rail,orfs_ssd_ctrl_cfg_small,final_psm/ssd_ctrl_cfg_small/VDD_BUMPS.csv + VSS_BUMPS.csv,1.1,True,VALIDATED
944,u_host_if.s_rdata[10]$_DFFE_PN0P_,clk_host,6.71,3.54,0.0051216328127821065,6.704878367187218,setup,measured_cell_rail,orfs_ssd_ctrl_cfg_small,final_psm/ssd_ctrl_cfg_small/VDD_BUMPS.csv + VSS_BUMPS.csv,1.1,True,VALIDATED
939,u_host_if.s_rdata[12]$_DFFE_PN0P_,clk_host,6.71,3.54,0.005029847011555955,6.7049701529884445,setup,measured_cell_rail,orfs_ssd_ctrl_cfg_small,final_psm/ssd_ctrl_cfg_small/VDD_BUMPS.csv + VSS_BUMPS.csv,1.1,True,VALIDATED
942,u_host_if.s_rdata[9]$_DFFE_PN0P_,clk_host,6.71,3.54,0.0050283634186462645,6.704971636581353,setup,measured_cell_rail,orfs_ssd_ctrl_cfg_small,final_psm/ssd_ctrl_cfg_small/VDD_BUMPS.csv + VSS_BUMPS.csv,1.1,True,VALIDATED
957,u_host_if.s_rdata[21]$_DFFE_PN0P_,clk_host,6.72,3.52,0.005827147068205862,6.714172852931794,setup,measured_cell_rail,orfs_ssd_ctrl_cfg_small,final_psm/ssd_ctrl_cfg_small/VDD_BUMPS.csv + VSS_BUMPS.csv,1.1,True,VALIDATED
956,u_host_if.s_rdata[31]$_DFFE_PN0P_,clk_host,6.72,3.53,0.005732632322313691,6.714267367677686,setup,measured_cell_rail,orfs_ssd_ctrl_cfg_small,final_psm/ssd_ctrl_cfg_small/VDD_BUMPS.csv + VSS_BUMPS.csv,1.1,True,VALIDATED
955,u_host_if.s_rdata[18]$_DFFE_PN0P_,clk_host,6.72,3.53,0.005430890983593395,6.714569109016407,setup,measured_cell_rail,orfs_ssd_ctrl_cfg_small,final_psm/ssd_ctrl_cfg_small/VDD_BUMPS.csv + VSS_BUMPS.csv,1.1,True,VALIDATED
953,u_host_if.s_rdata[16]$_DFFE_PN0P_,clk_host,6.72,3.53,0.0051839166318882746,6.714816083368111,setup,measured_cell_rail,orfs_ssd_ctrl_cfg_small,final_psm/ssd_ctrl_cfg_small/VDD_BUMPS.csv + VSS_BUMPS.csv,1.1,True,VALIDATED
954,u_host_if.s_rdata[19]$_DFFE_PN0P_,clk_host,6.72,3.53,0.005135493709714556,6.714864506290285,setup,measured_cell_rail,orfs_ssd_ctrl_cfg_small,final_psm/ssd_ctrl_cfg_small/VDD_BUMPS.csv + VSS_BUMPS.csv,1.1,True,VALIDATED
960,u_host_if.done_sticky$_DFF_PN0_,clk_host,6.74,3.5,0.003188544388225578,6.736811455611774,setup,measured_cell_rail,orfs_ssd_ctrl_cfg_small,final_psm/ssd_ctrl_cfg_small/VDD_BUMPS.csv + VSS_BUMPS.csv,1.1,True,VALIDATED
959,u_host_if.reg_opcode[1]$_DFFE_PN0P_,clk_host,6.74,3.49,0.0028571063364103977,6.73714289366359,setup,measured_cell_rail,orfs_ssd_ctrl_cfg_small,final_psm/ssd_ctrl_cfg_small/VDD_BUMPS.csv + VSS_BUMPS.csv,1.1,True,VALIDATED
958,u_host_if.reg_chan$_DFFE_PN0P_,clk_host,6.74,3.49,0.002789844761628857,6.737210155238372,setup,measured_cell_rail,orfs_ssd_ctrl_cfg_small,final_psm/ssd_ctrl_cfg_small/VDD_BUMPS.csv + VSS_BUMPS.csv,1.1,True,VALIDATED
967,u_host_if.reg_opcode[2]$_DFFE_PN0P_,clk_host,6.75,3.49,0.003152002451309477,6.746847997548691,setup,measured_cell_rail,orfs_ssd_ctrl_cfg_small,final_psm/ssd_ctrl_cfg_small/VDD_BUMPS.csv + VSS_BUMPS.csv,1.1,True,VALIDATED
966,u_host_if.reg_opcode[5]$_DFFE_PN0P_,clk_host,6.75,3.49,0.003139239678340955,6.746860760321659,setup,measured_cell_rail,orfs_ssd_ctrl_cfg_small,final_psm/ssd_ctrl_cfg_small/VDD_BUMPS.csv + VSS_BUMPS.csv,1.1,True,VALIDATED
961,u_host_if.reg_opcode[0]$_DFFE_PN0P_,clk_host,6.75,3.49,0.002962372193121676,6.747037627806878,setup,measured_cell_rail,orfs_ssd_ctrl_cfg_small,final_psm/ssd_ctrl_cfg_small/VDD_BUMPS.csv + VSS_BUMPS.csv,1.1,True,VALIDATED
963,u_host_if.reg_opcode[6]$_DFFE_PN0P_,clk_host,6.75,3.5,0.0028906394863911777,6.747109360513609,setup,measured_cell_rail,orfs_ssd_ctrl_cfg_small,final_psm/ssd_ctrl_cfg_small/VDD_BUMPS.csv + VSS_BUMPS.csv,1.1,True,VALIDATED
962,u_host_if.reg_opcode[4]$_DFFE_PN0P_,clk_host,6.75,3.5,0.0028841477991919384,6.747115852200808,setup,measured_cell_rail,orfs_ssd_ctrl_cfg_small,final_psm/ssd_ctrl_cfg_small/VDD_BUMPS.csv + VSS_BUMPS.csv,1.1,True,VALIDATED
964,u_host_if.reg_opcode[3]$_DFFE_PN0P_,clk_host,6.75,3.49,0.0028729832900321606,6.7471270167099675,setup,measured_cell_rail,orfs_ssd_ctrl_cfg_small,final_psm/ssd_ctrl_cfg_small/VDD_BUMPS.csv + VSS_BUMPS.csv,1.1,True,VALIDATED
965,u_host_if.reg_opcode[7]$_DFFE_PN0P_,clk_host,6.75,3.49,0.0028500149388253626,6.747149985061174,setup,measured_cell_rail,orfs_ssd_ctrl_cfg_small,final_psm/ssd_ctrl_cfg_small/VDD_BUMPS.csv + VSS_BUMPS.csv,1.1,True,VALIDATED
968,u_host_if.reg_ecc_en$_DFFE_PN0P_,clk_host,6.79,3.44,0.0028498273937414553,6.787150172606259,setup,measured_cell_rail,orfs_ssd_ctrl_cfg_small,final_psm/ssd_ctrl_cfg_small/VDD_BUMPS.csv + VSS_BUMPS.csv,1.1,True,VALIDATED
969,u_host_if.start_pulse$_DFF_PN0_,clk_host,6.83,3.42,0.0027124290620070823,6.827287570937993,setup,measured_cell_rail,orfs_ssd_ctrl_cfg_small,final_psm/ssd_ctrl_cfg_small/VDD_BUMPS.csv + VSS_BUMPS.csv,1.1,True,VALIDATED
972,u_host_if.s_rdata[22]$_DFFE_PN0P_,clk_host,6.84,3.4,0.005904123012560991,6.834095876987439,setup,measured_cell_rail,orfs_ssd_ctrl_cfg_small,final_psm/ssd_ctrl_cfg_small/VDD_BUMPS.csv + VSS_BUMPS.csv,1.1,True,VALIDATED
970,u_host_if.s_rdata[24]$_DFFE_PN0P_,clk_host,6.84,3.4,0.005742541424343717,6.834257458575657,setup,measured_cell_rail,orfs_ssd_ctrl_cfg_small,final_psm/ssd_ctrl_cfg_small/VDD_BUMPS.csv + VSS_BUMPS.csv,1.1,True,VALIDATED
971,u_host_if.s_rdata[29]$_DFFE_PN0P_,clk_host,6.84,3.4,0.005736527812525483,6.834263472187474,setup,measured_cell_rail,orfs_ssd_ctrl_cfg_small,final_psm/ssd_ctrl_cfg_small/VDD_BUMPS.csv + VSS_BUMPS.csv,1.1,True,VALIDATED
979,u_host_if.s_rdata[23]$_DFFE_PN0P_,clk_host,6.85,3.39,0.005671754277489227,6.844328245722511,setup,measured_cell_rail,orfs_ssd_ctrl_cfg_small,final_psm/ssd_ctrl_cfg_small/VDD_BUMPS.csv + VSS_BUMPS.csv,1.1,True,VALIDATED
980,u_host_if.s_rdata[30]$_DFFE_PN0P_,clk_host,6.85,3.39,0.005566753939214963,6.844433246060785,setup,measured_cell_rail,orfs_ssd_ctrl_cfg_small,final_psm/ssd_ctrl_cfg_small/VDD_BUMPS.csv + VSS_BUMPS.csv,1.1,True,VALIDATED
974,u_host_if.s_rdata[0]$_DFFE_PN0P_,clk_host,6.85,3.39,0.0055047919208490725,6.844495208079151,setup,measured_cell_rail,orfs_ssd_ctrl_cfg_small,final_psm/ssd_ctrl_cfg_small/VDD_BUMPS.csv + VSS_BUMPS.csv,1.1,True,VALIDATED
975,u_host_if.s_rdata[28]$_DFFE_PN0P_,clk_host,6.85,3.39,0.005485923549599092,6.844514076450401,setup,measured_cell_rail,orfs_ssd_ctrl_cfg_small,final_psm/ssd_ctrl_cfg_small/VDD_BUMPS.csv + VSS_BUMPS.csv,1.1,True,VALIDATED
973,u_host_if.s_rdata[1]$_DFFE_PN0P_,clk_host,6.85,3.39,0.005450396888018627,6.844549603111981,setup,measured_cell_rail,orfs_ssd_ctrl_cfg_small,final_psm/ssd_ctrl_cfg_small/VDD_BUMPS.csv + VSS_BUMPS.csv,1.1,True,VALIDATED
977,u_host_if.s_rdata[25]$_DFFE_PN0P_,clk_host,6.85,3.39,0.0053440883997749045,6.844655911600225,setup,measured_cell_rail,orfs_ssd_ctrl_cfg_small,final_psm/ssd_ctrl_cfg_small/VDD_BUMPS.csv + VSS_BUMPS.csv,1.1,True,VALIDATED
978,u_host_if.s_rdata[26]$_DFFE_PN0P_,clk_host,6.85,3.39,0.00518368226681426,6.844816317733185,setup,measured_cell_rail,orfs_ssd_ctrl_cfg_small,final_psm/ssd_ctrl_cfg_small/VDD_BUMPS.csv + VSS_BUMPS.csv,1.1,True,VALIDATED
976,u_host_if.s_rdata[27]$_DFFE_PN0P_,clk_host,6.85,3.39,0.005132244856684787,6.844867755143315,setup,measured_cell_rail,orfs_ssd_ctrl_cfg_small,final_psm/ssd_ctrl_cfg_small/VDD_BUMPS.csv + VSS_BUMPS.csv,1.1,True,VALIDATED
981,u_host_if.rpop_loaded$_DFFE_PN0P_,clk_host,6.86,3.37,0.005109886179404999,6.854890113820595,setup,measured_cell_rail,orfs_ssd_ctrl_cfg_small,final_psm/ssd_ctrl_cfg_small/VDD_BUMPS.csv + VSS_BUMPS.csv,1.1,True,VALIDATED
982,u_host_if.s_rvalid$_DFFE_PN0P_,clk_host,6.98,3.26,0.005673451922759309,6.974326548077241,setup,measured_cell_rail,orfs_ssd_ctrl_cfg_small,final_psm/ssd_ctrl_cfg_small/VDD_BUMPS.csv + VSS_BUMPS.csv,1.1,True,VALIDATED
985,u_host_if.awaddr_q[3]$_DFFE_PN0P_,clk_host,7.04,3.19,0.0026249145976278143,7.037375085402372,setup,measured_cell_rail,orfs_ssd_ctrl_cfg_small,final_psm/ssd_ctrl_cfg_small/VDD_BUMPS.csv + VSS_BUMPS.csv,1.1,True,VALIDATED
983,u_host_if.awaddr_q[4]$_DFFE_PN0P_,clk_host,7.04,3.19,0.0026236071082961776,7.037376392891704,setup,measured_cell_rail,orfs_ssd_ctrl_cfg_small,final_psm/ssd_ctrl_cfg_small/VDD_BUMPS.csv + VSS_BUMPS.csv,1.1,True,VALIDATED
984,u_host_if.awaddr_q[2]$_DFFE_PN0P_,clk_host,7.04,3.19,0.0026226264995396487,7.03737737350046,setup,measured_cell_rail,orfs_ssd_ctrl_cfg_small,final_psm/ssd_ctrl_cfg_small/VDD_BUMPS.csv + VSS_BUMPS.csv,1.1,True,VALIDATED
988,u_host_if.awaddr_q[7]$_DFFE_PN0P_,clk_host,7.08,3.16,0.0029157814576587504,7.077084218542342,setup,measured_cell_rail,orfs_ssd_ctrl_cfg_small,final_psm/ssd_ctrl_cfg_small/VDD_BUMPS.csv + VSS_BUMPS.csv,1.1,True,VALIDATED
986,u_host_if.awaddr_q[5]$_DFFE_PN0P_,clk_host,7.08,3.16,0.002800754754635537,7.077199245245365,setup,measured_cell_rail,orfs_ssd_ctrl_cfg_small,final_psm/ssd_ctrl_cfg_small/VDD_BUMPS.csv + VSS_BUMPS.csv,1.1,True,VALIDATED
987,u_host_if.awaddr_q[6]$_DFFE_PN0P_,clk_host,7.08,3.16,0.002769665787737796,7.077230334212262,setup,measured_cell_rail,orfs_ssd_ctrl_cfg_small,final_psm/ssd_ctrl_cfg_small/VDD_BUMPS.csv + VSS_BUMPS.csv,1.1,True,VALIDATED
990,u_host_if.awaddr_q[1]$_DFFE_PN0P_,clk_host,7.08,3.16,0.002612533836303943,7.077387466163696,setup,measured_cell_rail,orfs_ssd_ctrl_cfg_small,final_psm/ssd_ctrl_cfg_small/VDD_BUMPS.csv + VSS_BUMPS.csv,1.1,True,VALIDATED
989,u_host_if.awaddr_q[0]$_DFFE_PN0P_,clk_host,7.08,3.16,0.00259893368721531,7.077401066312785,setup,measured_cell_rail,orfs_ssd_ctrl_cfg_small,final_psm/ssd_ctrl_cfg_small/VDD_BUMPS.csv + VSS_BUMPS.csv,1.1,True,VALIDATED
991,u_host_if.s_bvalid$_DFFE_PN0P_,clk_host,7.17,3.06,0.002685978164512437,7.167314021835487,setup,measured_cell_rail,orfs_ssd_ctrl_cfg_small,final_psm/ssd_ctrl_cfg_small/VDD_BUMPS.csv + VSS_BUMPS.csv,1.1,True,VALIDATED
992,u_host_if.rpop_q[24]$_DFFE_PN0P_,clk_host,9.1,1.13,0.001746088503953247,9.098253911496046,setup,measured_cell_rail,orfs_ssd_ctrl_cfg_small,final_psm/ssd_ctrl_cfg_small/VDD_BUMPS.csv + VSS_BUMPS.csv,1.1,True,VALIDATED
997,u_host_if.rpop_q[17]$_DFFE_PN0P_,clk_host,9.11,1.13,0.0016279075336392002,9.108372092466361,setup,measured_cell_rail,orfs_ssd_ctrl_cfg_small,final_psm/ssd_ctrl_cfg_small/VDD_BUMPS.csv + VSS_BUMPS.csv,1.1,True,VALIDATED
993,u_host_if.rpop_q[13]$_DFFE_PN0P_,clk_host,9.11,1.13,0.001552655567889652,9.10844734443211,setup,measured_cell_rail,orfs_ssd_ctrl_cfg_small,final_psm/ssd_ctrl_cfg_small/VDD_BUMPS.csv + VSS_BUMPS.csv,1.1,True,VALIDATED
994,u_host_if.rpop_q[8]$_DFFE_PN0P_,clk_host,9.11,1.13,0.0015520331332825044,9.108447966866716,setup,measured_cell_rail,orfs_ssd_ctrl_cfg_small,final_psm/ssd_ctrl_cfg_small/VDD_BUMPS.csv + VSS_BUMPS.csv,1.1,True,VALIDATED
995,u_host_if.rpop_q[6]$_DFFE_PN0P_,clk_host,9.11,1.13,0.001502717999584624,9.108497282000414,setup,measured_cell_rail,orfs_ssd_ctrl_cfg_small,final_psm/ssd_ctrl_cfg_small/VDD_BUMPS.csv + VSS_BUMPS.csv,1.1,True,VALIDATED
998,u_host_if.rpop_q[11]$_DFFE_PN0P_,clk_host,9.11,1.13,0.0013979972646041144,9.108602002735395,setup,measured_cell_rail,orfs_ssd_ctrl_cfg_small,final_psm/ssd_ctrl_cfg_small/VDD_BUMPS.csv + VSS_BUMPS.csv,1.1,True,VALIDATED
996,u_host_if.rpop_q[12]$_DFFE_PN0P_,clk_host,9.11,1.13,0.0012902396035240765,9.108709760396476,setup,measured_cell_rail,orfs_ssd_ctrl_cfg_small,final_psm/ssd_ctrl_cfg_small/VDD_BUMPS.csv + VSS_BUMPS.csv,1.1,True,VALIDATED
1024,u_cdc_cmd.mem[10][41]$_DFFE_PP_,clk_host,9.17,1.07,0.00106313525408544,9.168936864745914,setup,measured_cell_rail,orfs_ssd_ctrl_cfg_small,final_psm/ssd_ctrl_cfg_small/VDD_BUMPS.csv + VSS_BUMPS.csv,1.1,True,VALIDATED
1008,u_cdc_cmd.mem[7][34]$_DFFE_PP_,clk_host,9.17,1.07,0.0010522943349501601,9.16894770566505,setup,measured_cell_rail,orfs_ssd_ctrl_cfg_small,final_psm/ssd_ctrl_cfg_small/VDD_BUMPS.csv + VSS_BUMPS.csv,1.1,True,VALIDATED
1022,u_cdc_cmd.mem[10][23]$_DFFE_PP_,clk_host,9.17,1.07,0.0010501259951917752,9.168949874004808,setup,measured_cell_rail,orfs_ssd_ctrl_cfg_small,final_psm/ssd_ctrl_cfg_small/VDD_BUMPS.csv + VSS_BUMPS.csv,1.1,True,VALIDATED
1011,u_cdc_cmd.mem[7][65]$_DFFE_PP_,clk_host,9.17,1.07,0.0010367555579703508,9.168963244442029,setup,measured_cell_rail,orfs_ssd_ctrl_cfg_small,final_psm/ssd_ctrl_cfg_small/VDD_BUMPS.csv + VSS_BUMPS.csv,1.1,True,VALIDATED
1023,u_cdc_cmd.mem[10][31]$_DFFE_PP_,clk_host,9.17,1.07,0.0010363520494473394,9.168963647950553,setup,measured_cell_rail,orfs_ssd_ctrl_cfg_small,final_psm/ssd_ctrl_cfg_small/VDD_BUMPS.csv + VSS_BUMPS.csv,1.1,True,VALIDATED
1005,u_cdc_cmd.mem[7][33]$_DFFE_PP_,clk_host,9.17,1.07,0.00103350784023315,9.168966492159766,setup,measured_cell_rail,orfs_ssd_ctrl_cfg_small,final_psm/ssd_ctrl_cfg_small/VDD_BUMPS.csv + VSS_BUMPS.csv,1.1,True,VALIDATED
1007,u_cdc_cmd.mem[7][60]$_DFFE_PP_,clk_host,9.17,1.07,0.001030845666785546,9.168969154333215,setup,measured_cell_rail,orfs_ssd_ctrl_cfg_small,final_psm/ssd_ctrl_cfg_small/VDD_BUMPS.csv + VSS_BUMPS.csv,1.1,True,VALIDATED
1021,u_cdc_cmd.mem[7][59]$_DFFE_PP_,clk_host,9.17,1.07,0.0010297710335665233,9.168970228966433,setup,measured_cell_rail,orfs_ssd_ctrl_cfg_small,final_psm/ssd_ctrl_cfg_small/VDD_BUMPS.csv + VSS_BUMPS.csv,1.1,True,VALIDATED
1010,u_cdc_cmd.mem[7][56]$_DFFE_PP_,clk_host,9.17,1.07,0.0010281334363896472,9.168971866563611,setup,measured_cell_rail,orfs_ssd_ctrl_cfg_small,final_psm/ssd_ctrl_cfg_small/VDD_BUMPS.csv + VSS_BUMPS.csv,1.1,True,VALIDATED
1018,u_cdc_cmd.mem[10][71]$_DFFE_PP_,clk_host,9.17,1.07,0.0010263703631107068,9.16897362963689,setup,measured_cell_rail,orfs_ssd_ctrl_cfg_small,final_psm/ssd_ctrl_cfg_small/VDD_BUMPS.csv + VSS_BUMPS.csv,1.1,True,VALIDATED
1016,u_cdc_cmd.mem[7][58]$_DFFE_PP_,clk_host,9.17,1.07,0.0010251133705126703,9.168974886629487,setup,measured_cell_rail,orfs_ssd_ctrl_cfg_small,final_psm/ssd_ctrl_cfg_small/VDD_BUMPS.csv + VSS_BUMPS.csv,1.1,True,VALIDATED
1012,u_cdc_cmd.mem[7][63]$_DFFE_PP_,clk_host,9.17,1.06,0.0010226360269434548,9.168977363973056,setup,measured_cell_rail,orfs_ssd_ctrl_cfg_small,final_psm/ssd_ctrl_cfg_small/VDD_BUMPS.csv + VSS_BUMPS.csv,1.1,True,VALIDATED
1020,u_cdc_cmd.mem[7][64]$_DFFE_PP_,clk_host,9.17,1.07,0.0010177944972636632,9.168982205502736,setup,measured_cell_rail,orfs_ssd_ctrl_cfg_small,final_psm/ssd_ctrl_cfg_small/VDD_BUMPS.csv + VSS_BUMPS.csv,1.1,True,VALIDATED
1013,u_cdc_cmd.mem[7][53]$_DFFE_PP_,clk_host,9.17,1.07,0.0010158992234277908,9.168984100776573,setup,measured_cell_rail,orfs_ssd_ctrl_cfg_small,final_psm/ssd_ctrl_cfg_small/VDD_BUMPS.csv + VSS_BUMPS.csv,1.1,True,VALIDATED
1009,u_cdc_cmd.mem[7][57]$_DFFE_PP_,clk_host,9.17,1.07,0.0010099635401623897,9.168990036459837,setup,measured_cell_rail,orfs_ssd_ctrl_cfg_small,final_psm/ssd_ctrl_cfg_small/VDD_BUMPS.csv + VSS_BUMPS.csv,1.1,True,VALIDATED
1015,u_cdc_cmd.mem[10][29]$_DFFE_PP_,clk_host,9.17,1.07,0.0010089653205607313,9.16899103467944,setup,measured_cell_rail,orfs_ssd_ctrl_cfg_small,final_psm/ssd_ctrl_cfg_small/VDD_BUMPS.csv + VSS_BUMPS.csv,1.1,True,VALIDATED
1014,u_cdc_cmd.mem[7][66]$_DFFE_PP_,clk_host,9.17,1.06,0.0010054922231762936,9.168994507776823,setup,measured_cell_rail,orfs_ssd_ctrl_cfg_small,final_psm/ssd_ctrl_cfg_small/VDD_BUMPS.csv + VSS_BUMPS.csv,1.1,True,VALIDATED
1006,u_cdc_cmd.mem[10][72]$_DFFE_PP_,clk_host,9.17,1.07,0.0009986294711875343,9.169001370528813,setup,measured_cell_rail,orfs_ssd_ctrl_cfg_small,final_psm/ssd_ctrl_cfg_small/VDD_BUMPS.csv + VSS_BUMPS.csv,1.1,True,VALIDATED
1004,u_cdc_cmd.mem[10][69]$_DFFE_PP_,clk_host,9.17,1.07,0.0009943321364545427,9.169005667863546,setup,measured_cell_rail,orfs_ssd_ctrl_cfg_small,final_psm/ssd_ctrl_cfg_small/VDD_BUMPS.csv + VSS_BUMPS.csv,1.1,True,VALIDATED
1001,u_cdc_cmd.mem[10][37]$_DFFE_PP_,clk_host,9.17,1.08,0.000981333501319473,9.16901866649868,setup,measured_cell_rail,orfs_ssd_ctrl_cfg_small,final_psm/ssd_ctrl_cfg_small/VDD_BUMPS.csv + VSS_BUMPS.csv,1.1,True,VALIDATED
1017,u_cdc_cmd.mem[10][40]$_DFFE_PP_,clk_host,9.17,1.08,0.0009807160431046652,9.169019283956896,setup,measured_cell_rail,orfs_ssd_ctrl_cfg_small,final_psm/ssd_ctrl_cfg_small/VDD_BUMPS.csv + VSS_BUMPS.csv,1.1,True,VALIDATED
1019,u_cdc_cmd.mem[10][30]$_DFFE_PP_,clk_host,9.17,1.08,0.0009750887699654792,9.169024911230034,setup,measured_cell_rail,orfs_ssd_ctrl_cfg_small,final_psm/ssd_ctrl_cfg_small/VDD_BUMPS.csv + VSS_BUMPS.csv,1.1,True,VALIDATED
1002,u_cdc_cmd.mem[10][35]$_DFFE_PP_,clk_host,9.17,1.08,0.0009744133833142488,9.169025586616685,setup,measured_cell_rail,orfs_ssd_ctrl_cfg_small,final_psm/ssd_ctrl_cfg_small/VDD_BUMPS.csv + VSS_BUMPS.csv,1.1,True,VALIDATED
999,u_cdc_cmd.mem[10][36]$_DFFE_PP_,clk_host,9.17,1.07,0.0009681024527194715,9.169031897547281,setup,measured_cell_rail,orfs_ssd_ctrl_cfg_small,final_psm/ssd_ctrl_cfg_small/VDD_BUMPS.csv + VSS_BUMPS.csv,1.1,True,VALIDATED
1003,u_cdc_cmd.mem[10][52]$_DFFE_PP_,clk_host,9.17,1.07,0.0009586883503098775,9.16904131164969,setup,measured_cell_rail,orfs_ssd_ctrl_cfg_small,final_psm/ssd_ctrl_cfg_small/VDD_BUMPS.csv + VSS_BUMPS.csv,1.1,True,VALIDATED
1000,u_cdc_cmd.mem[10][38]$_DFFE_PP_,clk_host,9.17,1.08,0.000957116586199222,9.1690428834138,setup,measured_cell_rail,orfs_ssd_ctrl_cfg_small,final_psm/ssd_ctrl_cfg_small/VDD_BUMPS.csv + VSS_BUMPS.csv,1.1,True,VALIDATED
1035,u_host_if.rpop_q[1]$_DFFE_PN0P_,clk_host,9.18,1.06,0.0016581677171626924,9.178341832282838,setup,measured_cell_rail,orfs_ssd_ctrl_cfg_small,final_psm/ssd_ctrl_cfg_small/VDD_BUMPS.csv + VSS_BUMPS.csv,1.1,True,VALIDATED
1034,u_host_if.rpop_q[0]$_DFFE_PN0P_,clk_host,9.18,1.06,0.0016278863774574631,9.178372113622542,setup,measured_cell_rail,orfs_ssd_ctrl_cfg_small,final_psm/ssd_ctrl_cfg_small/VDD_BUMPS.csv + VSS_BUMPS.csv,1.1,True,VALIDATED
1037,u_host_if.rpop_q[3]$_DFFE_PN0P_,clk_host,9.18,1.06,0.001502932881640745,9.178497067118359,setup,measured_cell_rail,orfs_ssd_ctrl_cfg_small,final_psm/ssd_ctrl_cfg_small/VDD_BUMPS.csv + VSS_BUMPS.csv,1.1,True,VALIDATED
1030,u_host_if.rpop_q[2]$_DFFE_PN0P_,clk_host,9.18,1.06,0.0014897032147484501,9.178510296785252,setup,measured_cell_rail,orfs_ssd_ctrl_cfg_small,final_psm/ssd_ctrl_cfg_small/VDD_BUMPS.csv + VSS_BUMPS.csv,1.1,True,VALIDATED
1032,u_cdc_cmd.mem[10][28]$_DFFE_PP_,clk_host,9.18,1.07,0.001076763989941193,9.178923236010059,setup,measured_cell_rail,orfs_ssd_ctrl_cfg_small,final_psm/ssd_ctrl_cfg_small/VDD_BUMPS.csv + VSS_BUMPS.csv,1.1,True,VALIDATED
1026,u_cdc_cmd.mem[7][61]$_DFFE_PP_,clk_host,9.18,1.07,0.00101769322327655,9.178982306776723,setup,measured_cell_rail,orfs_ssd_ctrl_cfg_small,final_psm/ssd_ctrl_cfg_small/VDD_BUMPS.csv + VSS_BUMPS.csv,1.1,True,VALIDATED
1029,u_cdc_cmd.mem[7][72]$_DFFE_PP_,clk_host,9.18,1.07,0.0010130833766181097,9.178986916623382,setup,measured_cell_rail,orfs_ssd_ctrl_cfg_small,final_psm/ssd_ctrl_cfg_small/VDD_BUMPS.csv + VSS_BUMPS.csv,1.1,True,VALIDATED
1027,u_cdc_cmd.mem[7][62]$_DFFE_PP_,clk_host,9.18,1.07,0.0010062776342244922,9.178993722365774,setup,measured_cell_rail,orfs_ssd_ctrl_cfg_small,final_psm/ssd_ctrl_cfg_small/VDD_BUMPS.csv + VSS_BUMPS.csv,1.1,True,VALIDATED
1038,u_cdc_cmd.mem[10][47]$_DFFE_PP_,clk_host,9.18,1.07,0.0009994747799499382,9.179000525220049,setup,measured_cell_rail,orfs_ssd_ctrl_cfg_small,final_psm/ssd_ctrl_cfg_small/VDD_BUMPS.csv + VSS_BUMPS.csv,1.1,True,VALIDATED
1040,u_cdc_cmd.mem[6][63]$_DFFE_PP_,clk_host,9.18,1.05,0.0009979801689397882,9.17900201983106,setup,measured_cell_rail,orfs_ssd_ctrl_cfg_small,final_psm/ssd_ctrl_cfg_small/VDD_BUMPS.csv + VSS_BUMPS.csv,1.1,True,VALIDATED
1033,u_cdc_cmd.mem[10][51]$_DFFE_PP_,clk_host,9.18,1.07,0.0009919500840580714,9.179008049915941,setup,measured_cell_rail,orfs_ssd_ctrl_cfg_small,final_psm/ssd_ctrl_cfg_small/VDD_BUMPS.csv + VSS_BUMPS.csv,1.1,True,VALIDATED
1028,u_cdc_cmd.mem[10][70]$_DFFE_PP_,clk_host,9.18,1.08,0.0009907348844128971,9.179009265115587,setup,measured_cell_rail,orfs_ssd_ctrl_cfg_small,final_psm/ssd_ctrl_cfg_small/VDD_BUMPS.csv + VSS_BUMPS.csv,1.1,True,VALIDATED
1031,u_cdc_cmd.mem[10][68]$_DFFE_PP_,clk_host,9.18,1.07,0.0009887256663713845,9.179011274333629,setup,measured_cell_rail,orfs_ssd_ctrl_cfg_small,final_psm/ssd_ctrl_cfg_small/VDD_BUMPS.csv + VSS_BUMPS.csv,1.1,True,VALIDATED
1036,u_cdc_cmd.mem[10][45]$_DFFE_PP_,clk_host,9.18,1.07,0.0009826869520312559,9.179017313047968,setup,measured_cell_rail,orfs_ssd_ctrl_cfg_small,final_psm/ssd_ctrl_cfg_small/VDD_BUMPS.csv + VSS_BUMPS.csv,1.1,True,VALIDATED
1025,u_cdc_cmd.mem[10][67]$_DFFE_PP_,clk_host,9.18,1.08,0.0009666731572910703,9.179033326842708,setup,measured_cell_rail,orfs_ssd_ctrl_cfg_small,final_psm/ssd_ctrl_cfg_small/VDD_BUMPS.csv + VSS_BUMPS.csv,1.1,True,VALIDATED
1039,u_cdc_cmd.mem[6][66]$_DFFE_PP_,clk_host,9.18,1.05,0.0009606511367944992,9.179039348863204,setup,measured_cell_rail,orfs_ssd_ctrl_cfg_small,final_psm/ssd_ctrl_cfg_small/VDD_BUMPS.csv + VSS_BUMPS.csv,1.1,True,VALIDATED
1042,u_host_if.rpop_q[26]$_DFFE_PN0P_,clk_host,9.19,1.05,0.0015552397686154351,9.188444760231384,setup,measured_cell_rail,orfs_ssd_ctrl_cfg_small,final_psm/ssd_ctrl_cfg_small/VDD_BUMPS.csv + VSS_BUMPS.csv,1.1,True,VALIDATED
1046,u_cdc_cmd.mem[6][33]$_DFFE_PP_,clk_host,9.19,1.05,0.000978432294379633,9.18902156770562,setup,measured_cell_rail,orfs_ssd_ctrl_cfg_small,final_psm/ssd_ctrl_cfg_small/VDD_BUMPS.csv + VSS_BUMPS.csv,1.1,True,VALIDATED
1048,u_cdc_cmd.mem[6][34]$_DFFE_PP_,clk_host,9.19,1.05,0.0009781811049808797,9.189021818895018,setup,measured_cell_rail,orfs_ssd_ctrl_cfg_small,final_psm/ssd_ctrl_cfg_small/VDD_BUMPS.csv + VSS_BUMPS.csv,1.1,True,VALIDATED
1049,u_cdc_cmd.mem[6][60]$_DFFE_PP_,clk_host,9.19,1.05,0.0009763223667876159,9.189023677633212,setup,measured_cell_rail,orfs_ssd_ctrl_cfg_small,final_psm/ssd_ctrl_cfg_small/VDD_BUMPS.csv + VSS_BUMPS.csv,1.1,True,VALIDATED
1047,u_cdc_cmd.mem[6][56]$_DFFE_PP_,clk_host,9.19,1.05,0.0009740120191003704,9.1890259879809,setup,measured_cell_rail,orfs_ssd_ctrl_cfg_small,final_psm/ssd_ctrl_cfg_small/VDD_BUMPS.csv + VSS_BUMPS.csv,1.1,True,VALIDATED
1050,u_cdc_cmd.mem[6][65]$_DFFE_PP_,clk_host,9.19,1.05,0.0009720032183105631,9.18902799678169,setup,measured_cell_rail,orfs_ssd_ctrl_cfg_small,final_psm/ssd_ctrl_cfg_small/VDD_BUMPS.csv + VSS_BUMPS.csv,1.1,True,VALIDATED
1051,u_cdc_cmd.mem[6][59]$_DFFE_PP_,clk_host,9.19,1.05,0.0009664782131387356,9.189033521786861,setup,measured_cell_rail,orfs_ssd_ctrl_cfg_small,final_psm/ssd_ctrl_cfg_small/VDD_BUMPS.csv + VSS_BUMPS.csv,1.1,True,VALIDATED
1045,u_cdc_cmd.mem[6][72]$_DFFE_PP_,clk_host,9.19,1.05,0.0009654720342711504,9.189034527965728,setup,measured_cell_rail,orfs_ssd_ctrl_cfg_small,final_psm/ssd_ctrl_cfg_small/VDD_BUMPS.csv + VSS_BUMPS.csv,1.1,True,VALIDATED
1044,u_cdc_cmd.mem[6][53]$_DFFE_PP_,clk_host,9.19,1.05,0.0009653719327321758,9.189034628067267,setup,measured_cell_rail,orfs_ssd_ctrl_cfg_small,final_psm/ssd_ctrl_cfg_small/VDD_BUMPS.csv + VSS_BUMPS.csv,1.1,True,VALIDATED
1052,u_cdc_cmd.mem[6][64]$_DFFE_PP_,clk_host,9.19,1.05,0.0009590962110103823,9.189040903788989,setup,measured_cell_rail,orfs_ssd_ctrl_cfg_small,final_psm/ssd_ctrl_cfg_small/VDD_BUMPS.csv + VSS_BUMPS.csv,1.1,True,VALIDATED
1054,u_cdc_cmd.mem[6][58]$_DFFE_PP_,clk_host,9.19,1.05,0.0009590961665122966,9.189040903833487,setup,measured_cell_rail,orfs_ssd_ctrl_cfg_small,final_psm/ssd_ctrl_cfg_small/VDD_BUMPS.csv + VSS_BUMPS.csv,1.1,True,VALIDATED
1043,u_cdc_cmd.mem[6][61]$_DFFE_PP_,clk_host,9.19,1.05,0.0009542227623087624,9.189045777237691,setup,measured_cell_rail,orfs_ssd_ctrl_cfg_small,final_psm/ssd_ctrl_cfg_small/VDD_BUMPS.csv + VSS_BUMPS.csv,1.1,True,VALIDATED
1041,u_cdc_cmd.mem[6][62]$_DFFE_PP_,clk_host,9.19,1.05,0.0009540219403401107,9.18904597805966,setup,measured_cell_rail,orfs_ssd_ctrl_cfg_small,final_psm/ssd_ctrl_cfg_small/VDD_BUMPS.csv + VSS_BUMPS.csv,1.1,True,VALIDATED
1053,u_cdc_cmd.mem[6][57]$_DFFE_PP_,clk_host,9.19,1.05,0.0009197424000142451,9.189080257599985,setup,measured_cell_rail,orfs_ssd_ctrl_cfg_small,final_psm/ssd_ctrl_cfg_small/VDD_BUMPS.csv + VSS_BUMPS.csv,1.1,True,VALIDATED
1060,u_cdc_cmd.mem[9][25]$_DFFE_PP_,clk_host,9.2,1.04,0.0010595362803027114,9.198940463719696,setup,measured_cell_rail,orfs_ssd_ctrl_cfg_small,final_psm/ssd_ctrl_cfg_small/VDD_BUMPS.csv + VSS_BUMPS.csv,1.1,True,VALIDATED
1057,u_cdc_cmd.mem[9][28]$_DFFE_PP_,clk_host,9.2,1.04,0.0010467442941929084,9.198953255705806,setup,measured_cell_rail,orfs_ssd_ctrl_cfg_small,final_psm/ssd_ctrl_cfg_small/VDD_BUMPS.csv + VSS_BUMPS.csv,1.1,True,VALIDATED
1058,u_cdc_cmd.mem[9][41]$_DFFE_PP_,clk_host,9.2,1.04,0.0010418612734204719,9.198958138726578,setup,measured_cell_rail,orfs_ssd_ctrl_cfg_small,final_psm/ssd_ctrl_cfg_small/VDD_BUMPS.csv + VSS_BUMPS.csv,1.1,True,VALIDATED
1061,u_cdc_cmd.mem[9][31]$_DFFE_PP_,clk_host,9.2,1.04,0.001015182508498691,9.198984817491501,setup,measured_cell_rail,orfs_ssd_ctrl_cfg_small,final_psm/ssd_ctrl_cfg_small/VDD_BUMPS.csv + VSS_BUMPS.csv,1.1,True,VALIDATED
1059,u_cdc_cmd.mem[9][71]$_DFFE_PP_,clk_host,9.2,1.04,0.0010151332424463283,9.198984866757552,setup,measured_cell_rail,orfs_ssd_ctrl_cfg_small,final_psm/ssd_ctrl_cfg_small/VDD_BUMPS.csv + VSS_BUMPS.csv,1.1,True,VALIDATED
1056,u_cdc_cmd.mem[9][29]$_DFFE_PP_,clk_host,9.2,1.04,0.0009894604770300103,9.19901053952297,setup,measured_cell_rail,orfs_ssd_ctrl_cfg_small,final_psm/ssd_ctrl_cfg_small/VDD_BUMPS.csv + VSS_BUMPS.csv,1.1,True,VALIDATED
1055,u_cdc_cmd.mem[9][67]$_DFFE_PP_,clk_host,9.2,1.04,0.0009721060586204977,9.199027893941379,setup,measured_cell_rail,orfs_ssd_ctrl_cfg_small,final_psm/ssd_ctrl_cfg_small/VDD_BUMPS.csv + VSS_BUMPS.csv,1.1,True,VALIDATED
1069,u_host_if.rpop_q[22]$_DFFE_PN0P_,clk_host,9.21,1.02,0.0016792618755079175,9.208320738124494,setup,measured_cell_rail,orfs_ssd_ctrl_cfg_small,final_psm/ssd_ctrl_cfg_small/VDD_BUMPS.csv + VSS_BUMPS.csv,1.1,True,VALIDATED
1068,u_host_if.rpop_q[27]$_DFFE_PN0P_,clk_host,9.21,1.02,0.0015813694391645233,9.208418630560836,setup,measured_cell_rail,orfs_ssd_ctrl_cfg_small,final_psm/ssd_ctrl_cfg_small/VDD_BUMPS.csv + VSS_BUMPS.csv,1.1,True,VALIDATED
1062,u_cdc_cmd.mem[9][23]$_DFFE_PP_,clk_host,9.21,1.04,0.001025881030926365,9.208974118969074,setup,measured_cell_rail,orfs_ssd_ctrl_cfg_small,final_psm/ssd_ctrl_cfg_small/VDD_BUMPS.csv + VSS_BUMPS.csv,1.1,True,VALIDATED
1065,u_cdc_cmd.mem[9][68]$_DFFE_PP_,clk_host,9.21,1.04,0.000967300974078919,9.209032699025922,setup,measured_cell_rail,orfs_ssd_ctrl_cfg_small,final_psm/ssd_ctrl_cfg_small/VDD_BUMPS.csv + VSS_BUMPS.csv,1.1,True,VALIDATED
1067,u_cdc_cmd.mem[9][70]$_DFFE_PP_,clk_host,9.21,1.04,0.000965062771482908,9.209034937228518,setup,measured_cell_rail,orfs_ssd_ctrl_cfg_small,final_psm/ssd_ctrl_cfg_small/VDD_BUMPS.csv + VSS_BUMPS.csv,1.1,True,VALIDATED
1063,u_cdc_cmd.mem[9][30]$_DFFE_PP_,clk_host,9.21,1.04,0.0009590946692752261,9.209040905330726,setup,measured_cell_rail,orfs_ssd_ctrl_cfg_small,final_psm/ssd_ctrl_cfg_small/VDD_BUMPS.csv + VSS_BUMPS.csv,1.1,True,VALIDATED
1066,u_cdc_cmd.mem[9][69]$_DFFE_PP_,clk_host,9.21,1.04,0.0009518848002925684,9.209048115199709,setup,measured_cell_rail,orfs_ssd_ctrl_cfg_small,final_psm/ssd_ctrl_cfg_small/VDD_BUMPS.csv + VSS_BUMPS.csv,1.1,True,VALIDATED
1064,u_cdc_cmd.mem[9][40]$_DFFE_PP_,clk_host,9.21,1.04,0.000949945653138079,9.209050054346863,setup,measured_cell_rail,orfs_ssd_ctrl_cfg_small,final_psm/ssd_ctrl_cfg_small/VDD_BUMPS.csv + VSS_BUMPS.csv,1.1,True,VALIDATED
1071,u_host_if.rpop_q[29]$_DFFE_PN0P_,clk_host,9.22,1.02,0.0016138127759943027,9.218386187224006,setup,measured_cell_rail,orfs_ssd_ctrl_cfg_small,final_psm/ssd_ctrl_cfg_small/VDD_BUMPS.csv + VSS_BUMPS.csv,1.1,True,VALIDATED
1070,u_host_if.rpop_q[20]$_DFFE_PN0P_,clk_host,9.22,1.02,0.0013927834733570843,9.218607216526644,setup,measured_cell_rail,orfs_ssd_ctrl_cfg_small,final_psm/ssd_ctrl_cfg_small/VDD_BUMPS.csv + VSS_BUMPS.csv,1.1,True,VALIDATED
1073,u_host_if.rpop_q[18]$_DFFE_PN0P_,clk_host,9.23,1.02,0.0014877790240947486,9.228512220975906,setup,measured_cell_rail,orfs_ssd_ctrl_cfg_small,final_psm/ssd_ctrl_cfg_small/VDD_BUMPS.csv + VSS_BUMPS.csv,1.1,True,VALIDATED
1074,u_host_if.rpop_q[15]$_DFFE_PN0P_,clk_host,9.23,1.02,0.001449262633365686,9.228550737366636,setup,measured_cell_rail,orfs_ssd_ctrl_cfg_small,final_psm/ssd_ctrl_cfg_small/VDD_BUMPS.csv + VSS_BUMPS.csv,1.1,True,VALIDATED
1075,u_host_if.rpop_q[10]$_DFFE_PN0P_,clk_host,9.23,1.01,0.0014298908543887712,9.228570109145611,setup,measured_cell_rail,orfs_ssd_ctrl_cfg_small,final_psm/ssd_ctrl_cfg_small/VDD_BUMPS.csv + VSS_BUMPS.csv,1.1,True,VALIDATED
1072,u_host_if.rpop_q[9]$_DFFE_PN0P_,clk_host,9.23,1.02,0.0013704380682187794,9.22862956193178,setup,measured_cell_rail,orfs_ssd_ctrl_cfg_small,final_psm/ssd_ctrl_cfg_small/VDD_BUMPS.csv + VSS_BUMPS.csv,1.1,True,VALIDATED
1078,u_host_if.rpop_q[19]$_DFFE_PN0P_,clk_host,9.23,1.01,0.001241953365071255,9.22875804663493,setup,measured_cell_rail,orfs_ssd_ctrl_cfg_small,final_psm/ssd_ctrl_cfg_small/VDD_BUMPS.csv + VSS_BUMPS.csv,1.1,True,VALIDATED
1076,u_host_if.rpop_q[16]$_DFFE_PN0P_,clk_host,9.23,1.01,0.0011607010011574354,9.228839298998842,setup,measured_cell_rail,orfs_ssd_ctrl_cfg_small,final_psm/ssd_ctrl_cfg_small/VDD_BUMPS.csv + VSS_BUMPS.csv,1.1,True,VALIDATED
1079,u_cdc_cmd.mem[3][44]$_DFFE_PP_,clk_host,9.23,1.01,0.000937954826354101,9.229062045173647,setup,measured_cell_rail,orfs_ssd_ctrl_cfg_small,final_psm/ssd_ctrl_cfg_small/VDD_BUMPS.csv + VSS_BUMPS.csv,1.1,True,VALIDATED
1082,u_cdc_cmd.mem[3][68]$_DFFE_PP_,clk_host,9.23,1.01,0.0008724654822903494,9.22912753451771,setup,measured_cell_rail,orfs_ssd_ctrl_cfg_small,final_psm/ssd_ctrl_cfg_small/VDD_BUMPS.csv + VSS_BUMPS.csv,1.1,True,VALIDATED
1083,u_cdc_cmd.mem[3][70]$_DFFE_PP_,clk_host,9.23,1.01,0.0008640617705826803,9.229135938229417,setup,measured_cell_rail,orfs_ssd_ctrl_cfg_small,final_psm/ssd_ctrl_cfg_small/VDD_BUMPS.csv + VSS_BUMPS.csv,1.1,True,VALIDATED
1080,u_cdc_cmd.mem[3][67]$_DFFE_PP_,clk_host,9.23,1.01,0.0008521821400297169,9.229147817859971,setup,measured_cell_rail,orfs_ssd_ctrl_cfg_small,final_psm/ssd_ctrl_cfg_small/VDD_BUMPS.csv + VSS_BUMPS.csv,1.1,True,VALIDATED
1081,u_cdc_cmd.mem[3][30]$_DFFE_PP_,clk_host,9.23,1.01,0.0008444093930803226,9.22915559060692,setup,measured_cell_rail,orfs_ssd_ctrl_cfg_small,final_psm/ssd_ctrl_cfg_small/VDD_BUMPS.csv + VSS_BUMPS.csv,1.1,True,VALIDATED
1077,u_cdc_cmd.mem[3][40]$_DFFE_PP_,clk_host,9.23,1.01,0.0008433957886439108,9.229156604211356,setup,measured_cell_rail,orfs_ssd_ctrl_cfg_small,final_psm/ssd_ctrl_cfg_small/VDD_BUMPS.csv + VSS_BUMPS.csv,1.1,True,VALIDATED
1086,u_host_if.rpop_q[7]$_DFFE_PN0P_,clk_host,9.24,1.0,0.0014192667174324353,9.238580733282568,setup,measured_cell_rail,orfs_ssd_ctrl_cfg_small,final_psm/ssd_ctrl_cfg_small/VDD_BUMPS.csv + VSS_BUMPS.csv,1.1,True,VALIDATED
1084,u_host_if.rpop_q[14]$_DFFE_PN0P_,clk_host,9.24,1.01,0.0013185570380391115,9.238681442961962,setup,measured_cell_rail,orfs_ssd_ctrl_cfg_small,final_psm/ssd_ctrl_cfg_small/VDD_BUMPS.csv + VSS_BUMPS.csv,1.1,True,VALIDATED
1090,u_cdc_cmd.mem[3][43]$_DFFE_PP_,clk_host,9.24,1.01,0.0009436557243297644,9.23905634427567,setup,measured_cell_rail,orfs_ssd_ctrl_cfg_small,final_psm/ssd_ctrl_cfg_small/VDD_BUMPS.csv + VSS_BUMPS.csv,1.1,True,VALIDATED
1088,u_cdc_cmd.mem[3][49]$_DFFE_PP_,clk_host,9.24,1.01,0.0009337426876328131,9.239066257312368,setup,measured_cell_rail,orfs_ssd_ctrl_cfg_small,final_psm/ssd_ctrl_cfg_small/VDD_BUMPS.csv + VSS_BUMPS.csv,1.1,True,VALIDATED
1089,u_cdc_cmd.mem[3][41]$_DFFE_PP_,clk_host,9.24,1.01,0.000922235768973434,9.239077764231027,setup,measured_cell_rail,orfs_ssd_ctrl_cfg_small,final_psm/ssd_ctrl_cfg_small/VDD_BUMPS.csv + VSS_BUMPS.csv,1.1,True,VALIDATED
1094,u_cdc_cmd.mem[3][48]$_DFFE_PP_,clk_host,9.24,1.01,0.0009031943337994564,9.2390968056662,setup,measured_cell_rail,orfs_ssd_ctrl_cfg_small,final_psm/ssd_ctrl_cfg_small/VDD_BUMPS.csv + VSS_BUMPS.csv,1.1,True,VALIDATED
1095,u_cdc_cmd.mem[3][46]$_DFFE_PP_,clk_host,9.24,1.01,0.0008997640477726443,9.239100235952227,setup,measured_cell_rail,orfs_ssd_ctrl_cfg_small,final_psm/ssd_ctrl_cfg_small/VDD_BUMPS.csv + VSS_BUMPS.csv,1.1,True,VALIDATED
1092,u_cdc_cmd.mem[3][45]$_DFFE_PP_,clk_host,9.24,1.01,0.0008978284527288577,9.239102171547271,setup,measured_cell_rail,orfs_ssd_ctrl_cfg_small,final_psm/ssd_ctrl_cfg_small/VDD_BUMPS.csv + VSS_BUMPS.csv,1.1,True,VALIDATED
1093,u_cdc_cmd.mem[3][52]$_DFFE_PP_,clk_host,9.24,1.01,0.0008939185074674783,9.239106081492533,setup,measured_cell_rail,orfs_ssd_ctrl_cfg_small,final_psm/ssd_ctrl_cfg_small/VDD_BUMPS.csv + VSS_BUMPS.csv,1.1,True,VALIDATED
1096,u_cdc_cmd.mem[3][47]$_DFFE_PP_,clk_host,9.24,1.01,0.0008931899040012375,9.239106810095999,setup,measured_cell_rail,orfs_ssd_ctrl_cfg_small,final_psm/ssd_ctrl_cfg_small/VDD_BUMPS.csv + VSS_BUMPS.csv,1.1,True,VALIDATED
1087,u_cdc_cmd.mem[3][50]$_DFFE_PP_,clk_host,9.24,1.0,0.0008785110041602401,9.23912148899584,setup,measured_cell_rail,orfs_ssd_ctrl_cfg_small,final_psm/ssd_ctrl_cfg_small/VDD_BUMPS.csv + VSS_BUMPS.csv,1.1,True,VALIDATED
1091,u_cdc_cmd.mem[3][51]$_DFFE_PP_,clk_host,9.24,1.01,0.0008749299578308251,9.239125070042169,setup,measured_cell_rail,orfs_ssd_ctrl_cfg_small,final_psm/ssd_ctrl_cfg_small/VDD_BUMPS.csv + VSS_BUMPS.csv,1.1,True,VALIDATED
1085,u_cdc_cmd.mem[3][69]$_DFFE_PP_,clk_host,9.24,1.01,0.00086189230744671,9.239138107692554,setup,measured_cell_rail,orfs_ssd_ctrl_cfg_small,final_psm/ssd_ctrl_cfg_small/VDD_BUMPS.csv + VSS_BUMPS.csv,1.1,True,VALIDATED
1102,u_cdc_cmd.mem[3][3]$_DFFE_PP_,clk_host,9.25,1.0,0.0009094732513466597,9.249090526748653,setup,measured_cell_rail,orfs_ssd_ctrl_cfg_small,final_psm/ssd_ctrl_cfg_small/VDD_BUMPS.csv + VSS_BUMPS.csv,1.1,True,VALIDATED
1100,u_cdc_cmd.mem[3][13]$_DFFE_PP_,clk_host,9.25,1.0,0.0008796589156952334,9.249120341084305,setup,measured_cell_rail,orfs_ssd_ctrl_cfg_small,final_psm/ssd_ctrl_cfg_small/VDD_BUMPS.csv + VSS_BUMPS.csv,1.1,True,VALIDATED
1105,u_cdc_cmd.mem[3][18]$_DFFE_PP_,clk_host,9.25,0.99,0.0008775399756837249,9.249122460024317,setup,measured_cell_rail,orfs_ssd_ctrl_cfg_small,final_psm/ssd_ctrl_cfg_small/VDD_BUMPS.csv + VSS_BUMPS.csv,1.1,True,VALIDATED
1099,u_cdc_cmd.mem[3][14]$_DFFE_PP_,clk_host,9.25,1.0,0.0008765026012572397,9.249123497398744,setup,measured_cell_rail,orfs_ssd_ctrl_cfg_small,final_psm/ssd_ctrl_cfg_small/VDD_BUMPS.csv + VSS_BUMPS.csv,1.1,True,VALIDATED
1106,u_cdc_cmd.mem[3][12]$_DFFE_PP_,clk_host,9.25,0.99,0.0008628606766265812,9.249137139323373,setup,measured_cell_rail,orfs_ssd_ctrl_cfg_small,final_psm/ssd_ctrl_cfg_small/VDD_BUMPS.csv + VSS_BUMPS.csv,1.1,True,VALIDATED
1101,u_cdc_cmd.mem[3][35]$_DFFE_PP_,clk_host,9.25,1.0,0.00085684500405038,9.24914315499595,setup,measured_cell_rail,orfs_ssd_ctrl_cfg_small,final_psm/ssd_ctrl_cfg_small/VDD_BUMPS.csv + VSS_BUMPS.csv,1.1,True,VALIDATED
1108,u_cdc_cmd.mem[2][67]$_DFFE_PP_,clk_host,9.25,0.99,0.0008495654881065517,9.249150434511893,setup,measured_cell_rail,orfs_ssd_ctrl_cfg_small,final_psm/ssd_ctrl_cfg_small/VDD_BUMPS.csv + VSS_BUMPS.csv,1.1,True,VALIDATED
1103,u_cdc_cmd.mem[3][36]$_DFFE_PP_,clk_host,9.25,0.99,0.0008468095985326302,9.249153190401467,setup,measured_cell_rail,orfs_ssd_ctrl_cfg_small,final_psm/ssd_ctrl_cfg_small/VDD_BUMPS.csv + VSS_BUMPS.csv,1.1,True,VALIDATED
1098,u_cdc_cmd.mem[3][39]$_DFFE_PP_,clk_host,9.25,0.99,0.0008452002336913761,9.249154799766309,setup,measured_cell_rail,orfs_ssd_ctrl_cfg_small,final_psm/ssd_ctrl_cfg_small/VDD_BUMPS.csv + VSS_BUMPS.csv,1.1,True,VALIDATED
1104,u_cdc_cmd.mem[3][38]$_DFFE_PP_,clk_host,9.25,1.0,0.0008424059369580711,9.249157594063043,setup,measured_cell_rail,orfs_ssd_ctrl_cfg_small,final_psm/ssd_ctrl_cfg_small/VDD_BUMPS.csv + VSS_BUMPS.csv,1.1,True,VALIDATED
1097,u_cdc_cmd.mem[3][37]$_DFFE_PP_,clk_host,9.25,1.0,0.0008410197700247091,9.249158980229975,setup,measured_cell_rail,orfs_ssd_ctrl_cfg_small,final_psm/ssd_ctrl_cfg_small/VDD_BUMPS.csv + VSS_BUMPS.csv,1.1,True,VALIDATED
1109,u_cdc_cmd.mem[2][40]$_DFFE_PP_,clk_host,9.25,0.99,0.0008405274410227814,9.249159472558977,setup,measured_cell_rail,orfs_ssd_ctrl_cfg_small,final_psm/ssd_ctrl_cfg_small/VDD_BUMPS.csv + VSS_BUMPS.csv,1.1,True,VALIDATED
1107,u_cdc_cmd.mem[2][70]$_DFFE_PP_,clk_host,9.25,0.99,0.0008387275987696147,9.24916127240123,setup,measured_cell_rail,orfs_ssd_ctrl_cfg_small,final_psm/ssd_ctrl_cfg_small/VDD_BUMPS.csv + VSS_BUMPS.csv,1.1,True,VALIDATED
1131,u_cdc_cmd.mem[11][28]$_DFFE_PP_,clk_host,9.26,0.98,0.00098793075167726,9.259012069248323,setup,measured_cell_rail,orfs_ssd_ctrl_cfg_small,final_psm/ssd_ctrl_cfg_small/VDD_BUMPS.csv + VSS_BUMPS.csv,1.1,True,VALIDATED
1120,u_cdc_cmd.mem[11][41]$_DFFE_PP_,clk_host,9.26,0.98,0.0009746525913113258,9.259025347408688,setup,measured_cell_rail,orfs_ssd_ctrl_cfg_small,final_psm/ssd_ctrl_cfg_small/VDD_BUMPS.csv + VSS_BUMPS.csv,1.1,True,VALIDATED
1136,u_cdc_cmd.mem[11][23]$_DFFE_PP_,clk_host,9.26,0.98,0.0009651773528345509,9.259034822647164,setup,measured_cell_rail,orfs_ssd_ctrl_cfg_small,final_psm/ssd_ctrl_cfg_small/VDD_BUMPS.csv + VSS_BUMPS.csv,1.1,True,VALIDATED
1132,u_cdc_cmd.mem[11][54]$_DFFE_PP_,clk_host,9.26,0.98,0.0009589861812204087,9.259041013818779,setup,measured_cell_rail,orfs_ssd_ctrl_cfg_small,final_psm/ssd_ctrl_cfg_small/VDD_BUMPS.csv + VSS_BUMPS.csv,1.1,True,VALIDATED
1145,u_cdc_cmd.mem[11][31]$_DFFE_PP_,clk_host,9.26,0.98,0.0009513428770998034,9.2590486571229,setup,measured_cell_rail,orfs_ssd_ctrl_cfg_small,final_psm/ssd_ctrl_cfg_small/VDD_BUMPS.csv + VSS_BUMPS.csv,1.1,True,VALIDATED
1118,u_cdc_cmd.mem[2][43]$_DFFE_PP_,clk_host,9.26,0.99,0.0009332644327313122,9.259066735567268,setup,measured_cell_rail,orfs_ssd_ctrl_cfg_small,final_psm/ssd_ctrl_cfg_small/VDD_BUMPS.csv + VSS_BUMPS.csv,1.1,True,VALIDATED
1146,u_cdc_cmd.mem[11][29]$_DFFE_PP_,clk_host,9.26,0.98,0.0009314157314881388,9.259068584268512,setup,measured_cell_rail,orfs_ssd_ctrl_cfg_small,final_psm/ssd_ctrl_cfg_small/VDD_BUMPS.csv + VSS_BUMPS.csv,1.1,True,VALIDATED
1134,u_cdc_cmd.mem[10][16]$_DFFE_PP_,clk_host,9.26,0.98,0.0009299152956654816,9.259070084704334,setup,measured_cell_rail,orfs_ssd_ctrl_cfg_small,final_psm/ssd_ctrl_cfg_small/VDD_BUMPS.csv + VSS_BUMPS.csv,1.1,True,VALIDATED
1138,u_cdc_cmd.mem[10][50]$_DFFE_PP_,clk_host,9.26,0.98,0.0009266019909338341,9.259073398009066,setup,measured_cell_rail,orfs_ssd_ctrl_cfg_small,final_psm/ssd_ctrl_cfg_small/VDD_BUMPS.csv + VSS_BUMPS.csv,1.1,True,VALIDATED
1141,u_cdc_cmd.mem[11][72]$_DFFE_PP_,clk_host,9.26,0.98,0.0009181059594824681,9.259081894040518,setup,measured_cell_rail,orfs_ssd_ctrl_cfg_small,final_psm/ssd_ctrl_cfg_small/VDD_BUMPS.csv + VSS_BUMPS.csv,1.1,True,VALIDATED
1117,u_cdc_cmd.mem[2][41]$_DFFE_PP_,clk_host,9.26,0.99,0.00091601230585317,9.259083987694147,setup,measured_cell_rail,orfs_ssd_ctrl_cfg_small,final_psm/ssd_ctrl_cfg_small/VDD_BUMPS.csv + VSS_BUMPS.csv,1.1,True,VALIDATED
1123,u_cdc_cmd.mem[10][20]$_DFFE_PP_,clk_host,9.26,0.98,0.0009088726899331157,9.259091127310066,setup,measured_cell_rail,orfs_ssd_ctrl_cfg_small,final_psm/ssd_ctrl_cfg_small/VDD_BUMPS.csv + VSS_BUMPS.csv,1.1,True,VALIDATED
1126,u_cdc_cmd.mem[10][19]$_DFFE_PP_,clk_host,9.26,0.98,0.0009087722936556991,9.259091227706344,setup,measured_cell_rail,orfs_ssd_ctrl_cfg_small,final_psm/ssd_ctrl_cfg_small/VDD_BUMPS.csv + VSS_BUMPS.csv,1.1,True,VALIDATED
1110,u_cdc_cmd.mem[2][49]$_DFFE_PP_,clk_host,9.26,0.99,0.0009084784577442773,9.259091521542256,setup,measured_cell_rail,orfs_ssd_ctrl_cfg_small,final_psm/ssd_ctrl_cfg_small/VDD_BUMPS.csv + VSS_BUMPS.csv,1.1,True,VALIDATED
1114,u_cdc_cmd.mem[2][44]$_DFFE_PP_,clk_host,9.26,0.99,0.0009065360201573752,9.259093463979843,setup,measured_cell_rail,orfs_ssd_ctrl_cfg_small,final_psm/ssd_ctrl_cfg_small/VDD_BUMPS.csv + VSS_BUMPS.csv,1.1,True,VALIDATED
1144,u_cdc_cmd.mem[10][13]$_DFFE_PP_,clk_host,9.26,0.98,0.0009063593662482355,9.259093640633752,setup,measured_cell_rail,orfs_ssd_ctrl_cfg_small,final_psm/ssd_ctrl_cfg_small/VDD_BUMPS.csv + VSS_BUMPS.csv,1.1,True,VALIDATED
1125,u_cdc_cmd.mem[11][52]$_DFFE_PP_,clk_host,9.26,0.98,0.0009007392761841981,9.259099260723815,setup,measured_cell_rail,orfs_ssd_ctrl_cfg_small,final_psm/ssd_ctrl_cfg_small/VDD_BUMPS.csv + VSS_BUMPS.csv,1.1,True,VALIDATED
1142,u_cdc_cmd.mem[10][12]$_DFFE_PP_,clk_host,9.26,0.98,0.0009006860815651274,9.259099313918435,setup,measured_cell_rail,orfs_ssd_ctrl_cfg_small,final_psm/ssd_ctrl_cfg_small/VDD_BUMPS.csv + VSS_BUMPS.csv,1.1,True,VALIDATED
1127,u_cdc_cmd.mem[2][48]$_DFFE_PP_,clk_host,9.26,0.99,0.0008952618128574008,9.259104738187142,setup,measured_cell_rail,orfs_ssd_ctrl_cfg_small,final_psm/ssd_ctrl_cfg_small/VDD_BUMPS.csv + VSS_BUMPS.csv,1.1,True,VALIDATED
1124,u_cdc_cmd.mem[11][37]$_DFFE_PP_,clk_host,9.26,0.98,0.000890802700976176,9.259109197299024,setup,measured_cell_rail,orfs_ssd_ctrl_cfg_small,final_psm/ssd_ctrl_cfg_small/VDD_BUMPS.csv + VSS_BUMPS.csv,1.1,True,VALIDATED
1137,u_cdc_cmd.mem[2][52]$_DFFE_PP_,clk_host,9.26,0.99,0.0008901944527508754,9.259109805547249,setup,measured_cell_rail,orfs_ssd_ctrl_cfg_small,final_psm/ssd_ctrl_cfg_small/VDD_BUMPS.csv + VSS_BUMPS.csv,1.1,True,VALIDATED
1122,u_cdc_cmd.mem[11][36]$_DFFE_PP_,clk_host,9.26,0.98,0.00089009977260264,9.259109900227397,setup,measured_cell_rail,orfs_ssd_ctrl_cfg_small,final_psm/ssd_ctrl_cfg_small/VDD_BUMPS.csv + VSS_BUMPS.csv,1.1,True,VALIDATED
1133,u_cdc_cmd.mem[2][46]$_DFFE_PP_,clk_host,9.26,0.99,0.0008900524527881981,9.259109947547211,setup,measured_cell_rail,orfs_ssd_ctrl_cfg_small,final_psm/ssd_ctrl_cfg_small/VDD_BUMPS.csv + VSS_BUMPS.csv,1.1,True,VALIDATED
1135,u_cdc_cmd.mem[2][45]$_DFFE_PP_,clk_host,9.26,0.99,0.0008843191426321784,9.259115680857368,setup,measured_cell_rail,orfs_ssd_ctrl_cfg_small,final_psm/ssd_ctrl_cfg_small/VDD_BUMPS.csv + VSS_BUMPS.csv,1.1,True,VALIDATED
1130,u_cdc_cmd.mem[11][35]$_DFFE_PP_,clk_host,9.26,0.98,0.0008835404828661381,9.259116459517134,setup,measured_cell_rail,orfs_ssd_ctrl_cfg_small,final_psm/ssd_ctrl_cfg_small/VDD_BUMPS.csv + VSS_BUMPS.csv,1.1,True,VALIDATED
1129,u_cdc_cmd.mem[2][47]$_DFFE_PP_,clk_host,9.26,0.99,0.0008834664162977596,9.259116533583702,setup,measured_cell_rail,orfs_ssd_ctrl_cfg_small,final_psm/ssd_ctrl_cfg_small/VDD_BUMPS.csv + VSS_BUMPS.csv,1.1,True,VALIDATED
1128,u_cdc_cmd.mem[10][39]$_DFFE_PP_,clk_host,9.26,0.98,0.0008830602578530217,9.259116939742146,setup,measured_cell_rail,orfs_ssd_ctrl_cfg_small,final_psm/ssd_ctrl_cfg_small/VDD_BUMPS.csv + VSS_BUMPS.csv,1.1,True,VALIDATED
1139,u_cdc_cmd.mem[11][38]$_DFFE_PP_,clk_host,9.26,0.98,0.0008747312506251215,9.259125268749374,setup,measured_cell_rail,orfs_ssd_ctrl_cfg_small,final_psm/ssd_ctrl_cfg_small/VDD_BUMPS.csv + VSS_BUMPS.csv,1.1,True,VALIDATED
1116,u_cdc_cmd.mem[2][50]$_DFFE_PP_,clk_host,9.26,0.98,0.0008660115555708392,9.259133988444429,setup,measured_cell_rail,orfs_ssd_ctrl_cfg_small,final_psm/ssd_ctrl_cfg_small/VDD_BUMPS.csv + VSS_BUMPS.csv,1.1,True,VALIDATED
1140,u_cdc_cmd.mem[2][51]$_DFFE_PP_,clk_host,9.26,0.99,0.0008651894829378032,9.259134810517063,setup,measured_cell_rail,orfs_ssd_ctrl_cfg_small,final_psm/ssd_ctrl_cfg_small/VDD_BUMPS.csv + VSS_BUMPS.csv,1.1,True,VALIDATED
1111,u_cdc_cmd.mem[2][68]$_DFFE_PP_,clk_host,9.26,0.99,0.0008608797363530013,9.259139120263647,setup,measured_cell_rail,orfs_ssd_ctrl_cfg_small,final_psm/ssd_ctrl_cfg_small/VDD_BUMPS.csv + VSS_BUMPS.csv,1.1,True,VALIDATED
1121,u_cdc_cmd.mem[2][36]$_DFFE_PP_,clk_host,9.26,0.98,0.0008571514135387592,9.25914284858646,setup,measured_cell_rail,orfs_ssd_ctrl_cfg_small,final_psm/ssd_ctrl_cfg_small/VDD_BUMPS.csv + VSS_BUMPS.csv,1.1,True,VALIDATED
1113,u_cdc_cmd.mem[2][35]$_DFFE_PP_,clk_host,9.26,0.99,0.0008515535242090977,9.259148446475791,setup,measured_cell_rail,orfs_ssd_ctrl_cfg_small,final_psm/ssd_ctrl_cfg_small/VDD_BUMPS.csv + VSS_BUMPS.csv,1.1,True,VALIDATED
1143,u_cdc_cmd.mem[2][39]$_DFFE_PP_,clk_host,9.26,0.98,0.0008494658194240917,9.259150534180575,setup,measured_cell_rail,orfs_ssd_ctrl_cfg_small,final_psm/ssd_ctrl_cfg_small/VDD_BUMPS.csv + VSS_BUMPS.csv,1.1,True,VALIDATED
1115,u_cdc_cmd.mem[2][37]$_DFFE_PP_,clk_host,9.26,0.99,0.0008438385150158073,9.259156161484984,setup,measured_cell_rail,orfs_ssd_ctrl_cfg_small,final_psm/ssd_ctrl_cfg_small/VDD_BUMPS.csv + VSS_BUMPS.csv,1.1,True,VALIDATED
1119,u_cdc_cmd.mem[2][38]$_DFFE_PP_,clk_host,9.26,0.99,0.0008429393276389446,9.259157060672361,setup,measured_cell_rail,orfs_ssd_ctrl_cfg_small,final_psm/ssd_ctrl_cfg_small/VDD_BUMPS.csv + VSS_BUMPS.csv,1.1,True,VALIDATED
1112,u_cdc_cmd.mem[2][30]$_DFFE_PP_,clk_host,9.26,0.99,0.000835746737317275,9.259164253262682,setup,measured_cell_rail,orfs_ssd_ctrl_cfg_small,final_psm/ssd_ctrl_cfg_small/VDD_BUMPS.csv + VSS_BUMPS.csv,1.1,True,VALIDATED
1162,u_cdc_cmd.mem[10][11]$_DFFE_PP_,clk_host,9.27,0.97,0.0009623631724695048,9.26903763682753,setup,measured_cell_rail,orfs_ssd_ctrl_cfg_small,final_psm/ssd_ctrl_cfg_small/VDD_BUMPS.csv + VSS_BUMPS.csv,1.1,True,VALIDATED
1156,u_cdc_cmd.mem[10][6]$_DFFE_PP_,clk_host,9.27,0.97,0.0009591297200067794,9.269040870279992,setup,measured_cell_rail,orfs_ssd_ctrl_cfg_small,final_psm/ssd_ctrl_cfg_small/VDD_BUMPS.csv + VSS_BUMPS.csv,1.1,True,VALIDATED
1154,u_cdc_cmd.mem[10][7]$_DFFE_PP_,clk_host,9.27,0.97,0.0009589804969460103,9.269041019503053,setup,measured_cell_rail,orfs_ssd_ctrl_cfg_small,final_psm/ssd_ctrl_cfg_small/VDD_BUMPS.csv + VSS_BUMPS.csv,1.1,True,VALIDATED
1164,u_cdc_cmd.mem[10][3]$_DFFE_PP_,clk_host,9.27,0.98,0.0009564506251062421,9.269043549374894,setup,measured_cell_rail,orfs_ssd_ctrl_cfg_small,final_psm/ssd_ctrl_cfg_small/VDD_BUMPS.csv + VSS_BUMPS.csv,1.1,True,VALIDATED
1147,u_cdc_cmd.mem[11][71]$_DFFE_PP_,clk_host,9.27,0.98,0.0009563156322359295,9.269043684367764,setup,measured_cell_rail,orfs_ssd_ctrl_cfg_small,final_psm/ssd_ctrl_cfg_small/VDD_BUMPS.csv + VSS_BUMPS.csv,1.1,True,VALIDATED
1160,u_cdc_cmd.mem[10][17]$_DFFE_PP_,clk_host,9.27,0.97,0.0009559466543151152,9.269044053345684,setup,measured_cell_rail,orfs_ssd_ctrl_cfg_small,final_psm/ssd_ctrl_cfg_small/VDD_BUMPS.csv + VSS_BUMPS.csv,1.1,True,VALIDATED
1158,u_cdc_cmd.mem[10][15]$_DFFE_PP_,clk_host,9.27,0.97,0.0009503752004641763,9.269049624799536,setup,measured_cell_rail,orfs_ssd_ctrl_cfg_small,final_psm/ssd_ctrl_cfg_small/VDD_BUMPS.csv + VSS_BUMPS.csv,1.1,True,VALIDATED
1168,u_cdc_cmd.mem[10][4]$_DFFE_PP_,clk_host,9.27,0.97,0.0009463427870621266,9.269053657212938,setup,measured_cell_rail,orfs_ssd_ctrl_cfg_small,final_psm/ssd_ctrl_cfg_small/VDD_BUMPS.csv + VSS_BUMPS.csv,1.1,True,VALIDATED
1169,u_cdc_cmd.mem[10][43]$_DFFE_PP_,clk_host,9.27,0.97,0.0009435088643476031,9.269056491135652,setup,measured_cell_rail,orfs_ssd_ctrl_cfg_small,final_psm/ssd_ctrl_cfg_small/VDD_BUMPS.csv + VSS_BUMPS.csv,1.1,True,VALIDATED
1149,u_cdc_cmd.mem[10][18]$_DFFE_PP_,clk_host,9.27,0.98,0.0009391098699678413,9.269060890130032,setup,measured_cell_rail,orfs_ssd_ctrl_cfg_small,final_psm/ssd_ctrl_cfg_small/VDD_BUMPS.csv + VSS_BUMPS.csv,1.1,True,VALIDATED
1152,u_cdc_cmd.mem[10][14]$_DFFE_PP_,clk_host,9.27,0.98,0.0009386576225853122,9.269061342377414,setup,measured_cell_rail,orfs_ssd_ctrl_cfg_small,final_psm/ssd_ctrl_cfg_small/VDD_BUMPS.csv + VSS_BUMPS.csv,1.1,True,VALIDATED
1167,u_cdc_cmd.mem[11][51]$_DFFE_PP_,clk_host,9.27,0.98,0.0009081917220737368,9.269091808277926,setup,measured_cell_rail,orfs_ssd_ctrl_cfg_small,final_psm/ssd_ctrl_cfg_small/VDD_BUMPS.csv + VSS_BUMPS.csv,1.1,True,VALIDATED
1166,u_cdc_cmd.mem[11][68]$_DFFE_PP_,clk_host,9.27,0.98,0.0009076761731738325,9.269092323826825,setup,measured_cell_rail,orfs_ssd_ctrl_cfg_small,final_psm/ssd_ctrl_cfg_small/VDD_BUMPS.csv + VSS_BUMPS.csv,1.1,True,VALIDATED
1159,u_cdc_cmd.mem[11][70]$_DFFE_PP_,clk_host,9.27,0.98,0.0009066915770148121,9.269093308422985,setup,measured_cell_rail,orfs_ssd_ctrl_cfg_small,final_psm/ssd_ctrl_cfg_small/VDD_BUMPS.csv + VSS_BUMPS.csv,1.1,True,VALIDATED
1170,u_cdc_cmd.mem[11][45]$_DFFE_PP_,clk_host,9.27,0.98,0.0009039262349016114,9.269096073765098,setup,measured_cell_rail,orfs_ssd_ctrl_cfg_small,final_psm/ssd_ctrl_cfg_small/VDD_BUMPS.csv + VSS_BUMPS.csv,1.1,True,VALIDATED
1153,u_cdc_cmd.mem[2][3]$_DFFE_PP_,clk_host,9.27,0.98,0.0009007609455487647,9.269099239054452,setup,measured_cell_rail,orfs_ssd_ctrl_cfg_small,final_psm/ssd_ctrl_cfg_small/VDD_BUMPS.csv + VSS_BUMPS.csv,1.1,True,VALIDATED
1157,u_cdc_cmd.mem[11][30]$_DFFE_PP_,clk_host,9.27,0.98,0.0008894939391963369,9.269110506060803,setup,measured_cell_rail,orfs_ssd_ctrl_cfg_small,final_psm/ssd_ctrl_cfg_small/VDD_BUMPS.csv + VSS_BUMPS.csv,1.1,True,VALIDATED
1165,u_cdc_cmd.mem[11][69]$_DFFE_PP_,clk_host,9.27,0.98,0.0008883223713569144,9.269111677628644,setup,measured_cell_rail,orfs_ssd_ctrl_cfg_small,final_psm/ssd_ctrl_cfg_small/VDD_BUMPS.csv + VSS_BUMPS.csv,1.1,True,VALIDATED
1161,u_cdc_cmd.mem[11][40]$_DFFE_PP_,clk_host,9.27,0.98,0.0008871509235714864,9.269112849076429,setup,measured_cell_rail,orfs_ssd_ctrl_cfg_small,final_psm/ssd_ctrl_cfg_small/VDD_BUMPS.csv + VSS_BUMPS.csv,1.1,True,VALIDATED
1163,u_cdc_cmd.mem[11][67]$_DFFE_PP_,clk_host,9.27,0.98,0.0008834032161365024,9.269116596783864,setup,measured_cell_rail,orfs_ssd_ctrl_cfg_small,final_psm/ssd_ctrl_cfg_small/VDD_BUMPS.csv + VSS_BUMPS.csv,1.1,True,VALIDATED
1151,u_cdc_cmd.mem[2][13]$_DFFE_PP_,clk_host,9.27,0.98,0.0008771214453080489,9.269122878554692,setup,measured_cell_rail,orfs_ssd_ctrl_cfg_small,final_psm/ssd_ctrl_cfg_small/VDD_BUMPS.csv + VSS_BUMPS.csv,1.1,True,VALIDATED
1148,u_cdc_cmd.mem[2][14]$_DFFE_PP_,clk_host,9.27,0.98,0.000876933769610469,9.269123066230389,setup,measured_cell_rail,orfs_ssd_ctrl_cfg_small,final_psm/ssd_ctrl_cfg_small/VDD_BUMPS.csv + VSS_BUMPS.csv,1.1,True,VALIDATED
1150,u_cdc_cmd.mem[2][18]$_DFFE_PP_,clk_host,9.27,0.98,0.0008767464488695503,9.26912325355113,setup,measured_cell_rail,orfs_ssd_ctrl_cfg_small,final_psm/ssd_ctrl_cfg_small/VDD_BUMPS.csv + VSS_BUMPS.csv,1.1,True,VALIDATED
1155,u_cdc_cmd.mem[2][12]$_DFFE_PP_,clk_host,9.27,0.98,0.0008623091739945743,9.269137690826005,setup,measured_cell_rail,orfs_ssd_ctrl_cfg_small,final_psm/ssd_ctrl_cfg_small/VDD_BUMPS.csv + VSS_BUMPS.csv,1.1,True,VALIDATED
1182,u_cdc_cmd.mem[10][42]$_DFFE_PP_,clk_host,9.28,0.96,0.0010019914745856562,9.278998008525413,setup,measured_cell_rail,orfs_ssd_ctrl_cfg_small,final_psm/ssd_ctrl_cfg_small/VDD_BUMPS.csv + VSS_BUMPS.csv,1.1,True,VALIDATED
1172,u_cdc_cmd.mem[10][49]$_DFFE_PP_,clk_host,9.28,0.97,0.0009591787101355942,9.279040821289863,setup,measured_cell_rail,orfs_ssd_ctrl_cfg_small,final_psm/ssd_ctrl_cfg_small/VDD_BUMPS.csv + VSS_BUMPS.csv,1.1,True,VALIDATED
1175,u_cdc_cmd.mem[10][9]$_DFFE_PP_,clk_host,9.28,0.97,0.0009567899626771598,9.279043210037322,setup,measured_cell_rail,orfs_ssd_ctrl_cfg_small,final_psm/ssd_ctrl_cfg_small/VDD_BUMPS.csv + VSS_BUMPS.csv,1.1,True,VALIDATED
1173,u_cdc_cmd.mem[10][5]$_DFFE_PP_,clk_host,9.28,0.97,0.0009538536707617562,9.279046146329238,setup,measured_cell_rail,orfs_ssd_ctrl_cfg_small,final_psm/ssd_ctrl_cfg_small/VDD_BUMPS.csv + VSS_BUMPS.csv,1.1,True,VALIDATED
1185,u_cdc_cmd.mem[10][22]$_DFFE_PP_,clk_host,9.28,0.96,0.0009510614607984302,9.279048938539201,setup,measured_cell_rail,orfs_ssd_ctrl_cfg_small,final_psm/ssd_ctrl_cfg_small/VDD_BUMPS.csv + VSS_BUMPS.csv,1.1,True,VALIDATED
1171,u_cdc_cmd.mem[10][48]$_DFFE_PP_,clk_host,9.28,0.98,0.0009307213382353796,9.279069278661764,setup,measured_cell_rail,orfs_ssd_ctrl_cfg_small,final_psm/ssd_ctrl_cfg_small/VDD_BUMPS.csv + VSS_BUMPS.csv,1.1,True,VALIDATED
1174,u_cdc_cmd.mem[11][47]$_DFFE_PP_,clk_host,9.28,0.98,0.0009165831124726548,9.279083416887527,setup,measured_cell_rail,orfs_ssd_ctrl_cfg_small,final_psm/ssd_ctrl_cfg_small/VDD_BUMPS.csv + VSS_BUMPS.csv,1.1,True,VALIDATED
1179,u_cdc_cmd.mem[1][53]$_DFFE_PP_,clk_host,9.28,0.95,0.0008894028510869623,9.279110597148913,setup,measured_cell_rail,orfs_ssd_ctrl_cfg_small,final_psm/ssd_ctrl_cfg_small/VDD_BUMPS.csv + VSS_BUMPS.csv,1.1,True,VALIDATED
1181,u_cdc_cmd.mem[1][63]$_DFFE_PP_,clk_host,9.28,0.95,0.0008852649429084425,9.27911473505709,setup,measured_cell_rail,orfs_ssd_ctrl_cfg_small,final_psm/ssd_ctrl_cfg_small/VDD_BUMPS.csv + VSS_BUMPS.csv,1.1,True,VALIDATED
1176,u_cdc_cmd.mem[1][66]$_DFFE_PP_,clk_host,9.28,0.95,0.0008798133166339206,9.279120186683365,setup,measured_cell_rail,orfs_ssd_ctrl_cfg_small,final_psm/ssd_ctrl_cfg_small/VDD_BUMPS.csv + VSS_BUMPS.csv,1.1,True,VALIDATED
1183,u_cdc_cmd.mem[3][53]$_DFFE_PP_,clk_host,9.28,0.95,0.0008612792555340448,9.279138720744465,setup,measured_cell_rail,orfs_ssd_ctrl_cfg_small,final_psm/ssd_ctrl_cfg_small/VDD_BUMPS.csv + VSS_BUMPS.csv,1.1,True,VALIDATED
1180,u_cdc_cmd.mem[5][70]$_DFFE_PP_,clk_host,9.28,0.96,0.0008420582484502254,9.27915794175155,setup,measured_cell_rail,orfs_ssd_ctrl_cfg_small,final_psm/ssd_ctrl_cfg_small/VDD_BUMPS.csv + VSS_BUMPS.csv,1.1,True,VALIDATED
1184,u_cdc_cmd.mem[5][40]$_DFFE_PP_,clk_host,9.28,0.96,0.0008358118027014111,9.279164188197297,setup,measured_cell_rail,orfs_ssd_ctrl_cfg_small,final_psm/ssd_ctrl_cfg_small/VDD_BUMPS.csv + VSS_BUMPS.csv,1.1,True,VALIDATED
1178,u_cdc_cmd.mem[5][67]$_DFFE_PP_,clk_host,9.28,0.96,0.0008273539482250569,9.279172646051775,setup,measured_cell_rail,orfs_ssd_ctrl_cfg_small,final_psm/ssd_ctrl_cfg_small/VDD_BUMPS.csv + VSS_BUMPS.csv,1.1,True,VALIDATED
1177,u_cdc_cmd.mem[5][30]$_DFFE_PP_,clk_host,9.28,0.96,0.000826025789306975,9.279173974210693,setup,measured_cell_rail,orfs_ssd_ctrl_cfg_small,final_psm/ssd_ctrl_cfg_small/VDD_BUMPS.csv + VSS_BUMPS.csv,1.1,True,VALIDATED
379,u_host_if.s_rdata[14]$_DFFE_PN0P_,clk_host,9.29,1.03,0.0011011349028363648,9.288898865097163,recovery,measured_cell_rail,orfs_ssd_ctrl_cfg_small,final_psm/ssd_ctrl_cfg_small/VDD_BUMPS.csv + VSS_BUMPS.csv,1.1,True,VALIDATED
378,u_host_if.rpop_q[15]$_DFFE_PN0P_,clk_host,9.29,1.03,0.0011011349028363648,9.288898865097163,recovery,measured_cell_rail,orfs_ssd_ctrl_cfg_small,final_psm/ssd_ctrl_cfg_small/VDD_BUMPS.csv + VSS_BUMPS.csv,1.1,True,VALIDATED
377,u_host_if.rpop_q[17]$_DFFE_PN0P_,clk_host,9.29,1.03,0.0011011349028363648,9.288898865097163,recovery,measured_cell_rail,orfs_ssd_ctrl_cfg_small,final_psm/ssd_ctrl_cfg_small/VDD_BUMPS.csv + VSS_BUMPS.csv,1.1,True,VALIDATED
380,u_host_if.rpop_q[14]$_DFFE_PN0P_,clk_host,9.29,1.03,0.0011011349028363648,9.288898865097163,recovery,measured_cell_rail,orfs_ssd_ctrl_cfg_small,final_psm/ssd_ctrl_cfg_small/VDD_BUMPS.csv + VSS_BUMPS.csv,1.1,True,VALIDATED
375,u_host_if.s_rdata[17]$_DFFE_PN0P_,clk_host,9.29,1.03,0.0011011349028363648,9.288898865097163,recovery,measured_cell_rail,orfs_ssd_ctrl_cfg_small,final_psm/ssd_ctrl_cfg_small/VDD_BUMPS.csv + VSS_BUMPS.csv,1.1,True,VALIDATED
376,u_host_if.s_rdata[15]$_DFFE_PN0P_,clk_host,9.29,1.03,0.0011011349028363648,9.288898865097163,recovery,measured_cell_rail,orfs_ssd_ctrl_cfg_small,final_psm/ssd_ctrl_cfg_small/VDD_BUMPS.csv + VSS_BUMPS.csv,1.1,True,VALIDATED
381,u_host_if.rpop_q[13]$_DFFE_PN0P_,clk_host,9.29,1.03,0.0011011349028363648,9.288898865097163,recovery,measured_cell_rail,orfs_ssd_ctrl_cfg_small,final_psm/ssd_ctrl_cfg_small/VDD_BUMPS.csv + VSS_BUMPS.csv,1.1,True,VALIDATED
394,u_host_if.rpop_q[19]$_DFFE_PN0P_,clk_host,9.29,1.03,0.001062019318718313,9.28893798068128,recovery,measured_cell_rail,orfs_ssd_ctrl_cfg_small,final_psm/ssd_ctrl_cfg_small/VDD_BUMPS.csv + VSS_BUMPS.csv,1.1,True,VALIDATED
392,u_host_if.s_rdata[16]$_DFFE_PN0P_,clk_host,9.29,1.03,0.001062019318718313,9.28893798068128,recovery,measured_cell_rail,orfs_ssd_ctrl_cfg_small,final_psm/ssd_ctrl_cfg_small/VDD_BUMPS.csv + VSS_BUMPS.csv,1.1,True,VALIDATED
391,u_host_if.s_rdata[10]$_DFFE_PN0P_,clk_host,9.29,1.03,0.001062019318718313,9.28893798068128,recovery,measured_cell_rail,orfs_ssd_ctrl_cfg_small,final_psm/ssd_ctrl_cfg_small/VDD_BUMPS.csv + VSS_BUMPS.csv,1.1,True,VALIDATED
393,u_host_if.s_rdata[19]$_DFFE_PN0P_,clk_host,9.29,1.03,0.001062019318718313,9.28893798068128,recovery,measured_cell_rail,orfs_ssd_ctrl_cfg_small,final_psm/ssd_ctrl_cfg_small/VDD_BUMPS.csv + VSS_BUMPS.csv,1.1,True,VALIDATED
386,u_host_if.rpop_q[10]$_DFFE_PN0P_,clk_host,9.29,1.03,0.001062019318718313,9.28893798068128,recovery,measured_cell_rail,orfs_ssd_ctrl_cfg_small,final_psm/ssd_ctrl_cfg_small/VDD_BUMPS.csv + VSS_BUMPS.csv,1.1,True,VALIDATED
385,u_host_if.rpop_q[16]$_DFFE_PN0P_,clk_host,9.29,1.03,0.0010490138495175966,9.288950986150482,recovery,measured_cell_rail,orfs_ssd_ctrl_cfg_small,final_psm/ssd_ctrl_cfg_small/VDD_BUMPS.csv + VSS_BUMPS.csv,1.1,True,VALIDATED
384,u_host_if.s_rdata[20]$_DFFE_PN0P_,clk_host,9.29,1.03,0.0010490138495175966,9.288950986150482,recovery,measured_cell_rail,orfs_ssd_ctrl_cfg_small,final_psm/ssd_ctrl_cfg_small/VDD_BUMPS.csv + VSS_BUMPS.csv,1.1,True,VALIDATED
389,u_host_if.s_rdata[12]$_DFFE_PN0P_,clk_host,9.29,1.03,0.0010490138495175966,9.288950986150482,recovery,measured_cell_rail,orfs_ssd_ctrl_cfg_small,final_psm/ssd_ctrl_cfg_small/VDD_BUMPS.csv + VSS_BUMPS.csv,1.1,True,VALIDATED
388,u_host_if.rpop_q[9]$_DFFE_PN0P_,clk_host,9.29,1.03,0.0010490138495175966,9.288950986150482,recovery,measured_cell_rail,orfs_ssd_ctrl_cfg_small,final_psm/ssd_ctrl_cfg_small/VDD_BUMPS.csv + VSS_BUMPS.csv,1.1,True,VALIDATED
383,u_host_if.s_rdata[13]$_DFFE_PN0P_,clk_host,9.29,1.03,0.0010490138495175966,9.288950986150482,recovery,measured_cell_rail,orfs_ssd_ctrl_cfg_small,final_psm/ssd_ctrl_cfg_small/VDD_BUMPS.csv + VSS_BUMPS.csv,1.1,True,VALIDATED
382,u_host_if.rpop_q[20]$_DFFE_PN0P_,clk_host,9.29,1.03,0.0010490138495175966,9.288950986150482,recovery,measured_cell_rail,orfs_ssd_ctrl_cfg_small,final_psm/ssd_ctrl_cfg_small/VDD_BUMPS.csv + VSS_BUMPS.csv,1.1,True,VALIDATED
387,u_host_if.rpop_q[12]$_DFFE_PN0P_,clk_host,9.29,1.03,0.0010490138495175966,9.288950986150482,recovery,measured_cell_rail,orfs_ssd_ctrl_cfg_small,final_psm/ssd_ctrl_cfg_small/VDD_BUMPS.csv + VSS_BUMPS.csv,1.1,True,VALIDATED
390,u_host_if.s_rdata[9]$_DFFE_PN0P_,clk_host,9.29,1.03,0.0010490138495175966,9.288950986150482,recovery,measured_cell_rail,orfs_ssd_ctrl_cfg_small,final_psm/ssd_ctrl_cfg_small/VDD_BUMPS.csv + VSS_BUMPS.csv,1.1,True,VALIDATED
1198,u_cdc_cmd.mem[10][2]$_DFFE_PP_,clk_host,9.29,0.96,0.0009963874898494401,9.28900361251015,setup,measured_cell_rail,orfs_ssd_ctrl_cfg_small,final_psm/ssd_ctrl_cfg_small/VDD_BUMPS.csv + VSS_BUMPS.csv,1.1,True,VALIDATED
1190,u_cdc_cmd.mem[1][21]$_DFFE_PP_,clk_host,9.29,0.94,0.0009118334696136682,9.289088166530385,setup,measured_cell_rail,orfs_ssd_ctrl_cfg_small,final_psm/ssd_ctrl_cfg_small/VDD_BUMPS.csv + VSS_BUMPS.csv,1.1,True,VALIDATED
1189,u_cdc_cmd.mem[1][55]$_DFFE_PP_,clk_host,9.29,0.95,0.000911268645063884,9.289088731354935,setup,measured_cell_rail,orfs_ssd_ctrl_cfg_small,final_psm/ssd_ctrl_cfg_small/VDD_BUMPS.csv + VSS_BUMPS.csv,1.1,True,VALIDATED
1197,u_cdc_cmd.mem[1][26]$_DFFE_PP_,clk_host,9.29,0.94,0.0009086147806633554,9.289091385219336,setup,measured_cell_rail,orfs_ssd_ctrl_cfg_small,final_psm/ssd_ctrl_cfg_small/VDD_BUMPS.csv + VSS_BUMPS.csv,1.1,True,VALIDATED
1192,u_cdc_cmd.mem[5][32]$_DFFE_PP_,clk_host,9.29,0.96,0.0009015144112781426,9.28909848558872,setup,measured_cell_rail,orfs_ssd_ctrl_cfg_small,final_psm/ssd_ctrl_cfg_small/VDD_BUMPS.csv + VSS_BUMPS.csv,1.1,True,VALIDATED
1196,u_cdc_cmd.mem[1][75]$_DFFE_PP_,clk_host,9.29,0.94,0.0009003044206536692,9.289099695579345,setup,measured_cell_rail,orfs_ssd_ctrl_cfg_small,final_psm/ssd_ctrl_cfg_small/VDD_BUMPS.csv + VSS_BUMPS.csv,1.1,True,VALIDATED
1191,u_cdc_cmd.mem[5][71]$_DFFE_PP_,clk_host,9.29,0.96,0.0008929046325481943,9.28910709536745,setup,measured_cell_rail,orfs_ssd_ctrl_cfg_small,final_psm/ssd_ctrl_cfg_small/VDD_BUMPS.csv + VSS_BUMPS.csv,1.1,True,VALIDATED
1186,u_cdc_cmd.mem[1][61]$_DFFE_PP_,clk_host,9.29,0.95,0.0008839493168130291,9.289116050683186,setup,measured_cell_rail,orfs_ssd_ctrl_cfg_small,final_psm/ssd_ctrl_cfg_small/VDD_BUMPS.csv + VSS_BUMPS.csv,1.1,True,VALIDATED
1195,u_cdc_cmd.mem[5][31]$_DFFE_PP_,clk_host,9.29,0.95,0.0008830678185210578,9.289116932181479,setup,measured_cell_rail,orfs_ssd_ctrl_cfg_small,final_psm/ssd_ctrl_cfg_small/VDD_BUMPS.csv + VSS_BUMPS.csv,1.1,True,VALIDATED
1194,u_cdc_cmd.mem[5][29]$_DFFE_PP_,clk_host,9.29,0.96,0.0008804535665366819,9.289119546433463,setup,measured_cell_rail,orfs_ssd_ctrl_cfg_small,final_psm/ssd_ctrl_cfg_small/VDD_BUMPS.csv + VSS_BUMPS.csv,1.1,True,VALIDATED
1193,u_cdc_cmd.mem[1][62]$_DFFE_PP_,clk_host,9.29,0.95,0.000863604904900131,9.289136395095099,setup,measured_cell_rail,orfs_ssd_ctrl_cfg_small,final_psm/ssd_ctrl_cfg_small/VDD_BUMPS.csv + VSS_BUMPS.csv,1.1,True,VALIDATED
1187,u_cdc_cmd.mem[3][66]$_DFFE_PP_,clk_host,9.29,0.95,0.0008622335137903198,9.289137766486208,setup,measured_cell_rail,orfs_ssd_ctrl_cfg_small,final_psm/ssd_ctrl_cfg_small/VDD_BUMPS.csv + VSS_BUMPS.csv,1.1,True,VALIDATED
1188,u_cdc_cmd.mem[3][63]$_DFFE_PP_,clk_host,9.29,0.95,0.0008612338600583885,9.28913876613994,setup,measured_cell_rail,orfs_ssd_ctrl_cfg_small,final_psm/ssd_ctrl_cfg_small/VDD_BUMPS.csv + VSS_BUMPS.csv,1.1,True,VALIDATED
1199,u_cdc_cmd.mem[3][62]$_DFFE_PP_,clk_host,9.29,0.95,0.0008508750520388741,9.28914912494796,setup,measured_cell_rail,orfs_ssd_ctrl_cfg_small,final_psm/ssd_ctrl_cfg_small/VDD_BUMPS.csv + VSS_BUMPS.csv,1.1,True,VALIDATED
1200,u_cdc_cmd.mem[15][19]$_DFFE_PP_,clk_host,9.29,0.95,0.0008435951073413606,9.289156404892658,setup,measured_cell_rail,orfs_ssd_ctrl_cfg_small,final_psm/ssd_ctrl_cfg_small/VDD_BUMPS.csv + VSS_BUMPS.csv,1.1,True,VALIDATED
395,u_host_if.s_rdata[18]$_DFFE_PN0P_,clk_host,9.3,1.03,0.001062019318718313,9.298937980681282,recovery,measured_cell_rail,orfs_ssd_ctrl_cfg_small,final_psm/ssd_ctrl_cfg_small/VDD_BUMPS.csv + VSS_BUMPS.csv,1.1,True,VALIDATED
397,u_host_if.rpop_q[7]$_DFFE_PN0P_,clk_host,9.43,0.9,0.0009208605160559852,9.429079139483944,recovery,measured_cell_rail,orfs_ssd_ctrl_cfg_small,final_psm/ssd_ctrl_cfg_small/VDD_BUMPS.csv + VSS_BUMPS.csv,1.1,True,VALIDATED
396,u_host_if.rpop_q[18]$_DFFE_PN0P_,clk_host,9.43,0.9,0.0009208605160559852,9.429079139483944,recovery,measured_cell_rail,orfs_ssd_ctrl_cfg_small,final_psm/ssd_ctrl_cfg_small/VDD_BUMPS.csv + VSS_BUMPS.csv,1.1,True,VALIDATED
398,u_host_if.rpop_q[8]$_DFFE_PN0P_,clk_host,9.43,0.9,0.0009208605160559852,9.429079139483944,recovery,measured_cell_rail,orfs_ssd_ctrl_cfg_small,final_psm/ssd_ctrl_cfg_small/VDD_BUMPS.csv + VSS_BUMPS.csv,1.1,True,VALIDATED
399,u_host_if.s_rdata[8]$_DFFE_PN0P_,clk_host,9.43,0.9,0.0009208605160559852,9.429079139483944,recovery,measured_cell_rail,orfs_ssd_ctrl_cfg_small,final_psm/ssd_ctrl_cfg_small/VDD_BUMPS.csv + VSS_BUMPS.csv,1.1,True,VALIDATED
1201,nand_dq_oe[0],clk_nand,11.57,0.43,0.0003512617782947536,11.569648738221705,setup,measured_cell_rail,orfs_ssd_ctrl_cfg_small,final_psm/ssd_ctrl_cfg_small/VDD_BUMPS.csv + VSS_BUMPS.csv,1.1,True,VALIDATED
1202,nand_ale[0],clk_nand,11.58,0.42,0.00029795057951809145,11.579702049420481,setup,measured_cell_rail,orfs_ssd_ctrl_cfg_small,final_psm/ssd_ctrl_cfg_small/VDD_BUMPS.csv + VSS_BUMPS.csv,1.1,True,VALIDATED
1203,nand_dq_o[2],clk_nand,11.59,0.41,0.0003424628531613072,11.589657537146838,setup,measured_cell_rail,orfs_ssd_ctrl_cfg_small,final_psm/ssd_ctrl_cfg_small/VDD_BUMPS.csv + VSS_BUMPS.csv,1.1,True,VALIDATED
1204,nand_cle[0],clk_nand,11.59,0.41,0.00030972959130105837,11.589690270408699,setup,measured_cell_rail,orfs_ssd_ctrl_cfg_small,final_psm/ssd_ctrl_cfg_small/VDD_BUMPS.csv + VSS_BUMPS.csv,1.1,True,VALIDATED
1205,nand_dq_o[1],clk_nand,11.6,0.4,0.00031968961889945746,11.5996803103811,setup,measured_cell_rail,orfs_ssd_ctrl_cfg_small,final_psm/ssd_ctrl_cfg_small/VDD_BUMPS.csv + VSS_BUMPS.csv,1.1,True,VALIDATED
1206,nand_ce_n[0],clk_nand,11.6,0.4,0.0003060789196238922,11.599693921080375,setup,measured_cell_rail,orfs_ssd_ctrl_cfg_small,final_psm/ssd_ctrl_cfg_small/VDD_BUMPS.csv + VSS_BUMPS.csv,1.1,True,VALIDATED
1214,nand_re_n[1],clk_nand,11.62,0.38,0.0003578548327386466,11.61964214516726,setup,measured_cell_rail,orfs_ssd_ctrl_cfg_small,final_psm/ssd_ctrl_cfg_small/VDD_BUMPS.csv + VSS_BUMPS.csv,1.1,True,VALIDATED
1209,nand_dq_o[4],clk_nand,11.62,0.38,0.00028581269029365197,11.619714187309706,setup,measured_cell_rail,orfs_ssd_ctrl_cfg_small,final_psm/ssd_ctrl_cfg_small/VDD_BUMPS.csv + VSS_BUMPS.csv,1.1,True,VALIDATED
1215,nand_dq_o[6],clk_nand,11.62,0.38,0.000280466095054388,11.619719533904945,setup,measured_cell_rail,orfs_ssd_ctrl_cfg_small,final_psm/ssd_ctrl_cfg_small/VDD_BUMPS.csv + VSS_BUMPS.csv,1.1,True,VALIDATED
1212,nand_dq_o[0],clk_nand,11.62,0.38,0.00028013891250580625,11.619719861087493,setup,measured_cell_rail,orfs_ssd_ctrl_cfg_small,final_psm/ssd_ctrl_cfg_small/VDD_BUMPS.csv + VSS_BUMPS.csv,1.1,True,VALIDATED
1217,nand_dq_o[3],clk_nand,11.62,0.38,0.0002797572054919206,11.619720242794507,setup,measured_cell_rail,orfs_ssd_ctrl_cfg_small,final_psm/ssd_ctrl_cfg_small/VDD_BUMPS.csv + VSS_BUMPS.csv,1.1,True,VALIDATED
1211,nand_dq_o[7],clk_nand,11.62,0.38,0.00027970267644242264,11.619720297323557,setup,measured_cell_rail,orfs_ssd_ctrl_cfg_small,final_psm/ssd_ctrl_cfg_small/VDD_BUMPS.csv + VSS_BUMPS.csv,1.1,True,VALIDATED
1210,nand_dq_o[12],clk_nand,11.62,0.38,0.00027424361240170614,11.619725756387597,setup,measured_cell_rail,orfs_ssd_ctrl_cfg_small,final_psm/ssd_ctrl_cfg_small/VDD_BUMPS.csv + VSS_BUMPS.csv,1.1,True,VALIDATED
1213,nand_dq_o[5],clk_nand,11.62,0.38,0.0002733781953534603,11.619726621804645,setup,measured_cell_rail,orfs_ssd_ctrl_cfg_small,final_psm/ssd_ctrl_cfg_small/VDD_BUMPS.csv + VSS_BUMPS.csv,1.1,True,VALIDATED
1216,nand_dq_o[8],clk_nand,11.62,0.38,0.0002625198076635221,11.619737480192336,setup,measured_cell_rail,orfs_ssd_ctrl_cfg_small,final_psm/ssd_ctrl_cfg_small/VDD_BUMPS.csv + VSS_BUMPS.csv,1.1,True,VALIDATED
1218,nand_dq_o[15],clk_nand,11.62,0.38,0.00026241077562326465,11.619737589224377,setup,measured_cell_rail,orfs_ssd_ctrl_cfg_small,final_psm/ssd_ctrl_cfg_small/VDD_BUMPS.csv + VSS_BUMPS.csv,1.1,True,VALIDATED
1207,nand_dq_o[14],clk_nand,11.62,0.38,0.00026181110876284663,11.619738188891237,setup,measured_cell_rail,orfs_ssd_ctrl_cfg_small,final_psm/ssd_ctrl_cfg_small/VDD_BUMPS.csv + VSS_BUMPS.csv,1.1,True,VALIDATED
1208,nand_dq_o[11],clk_nand,11.62,0.38,0.00026153853815397143,11.619738461461845,setup,measured_cell_rail,orfs_ssd_ctrl_cfg_small,final_psm/ssd_ctrl_cfg_small/VDD_BUMPS.csv + VSS_BUMPS.csv,1.1,True,VALIDATED
1220,nand_dq_o[10],clk_nand,11.63,0.37,0.00026022996601759996,11.629739770033984,setup,measured_cell_rail,orfs_ssd_ctrl_cfg_small,final_psm/ssd_ctrl_cfg_small/VDD_BUMPS.csv + VSS_BUMPS.csv,1.1,True,VALIDATED
1223,nand_dq_o[9],clk_nand,11.63,0.37,0.0002448197529164725,11.629755180247084,setup,measured_cell_rail,orfs_ssd_ctrl_cfg_small,final_psm/ssd_ctrl_cfg_small/VDD_BUMPS.csv + VSS_BUMPS.csv,1.1,True,VALIDATED
1225,nand_ale[1],clk_nand,11.63,0.37,0.00024381097519232675,11.629756189024809,setup,measured_cell_rail,orfs_ssd_ctrl_cfg_small,final_psm/ssd_ctrl_cfg_small/VDD_BUMPS.csv + VSS_BUMPS.csv,1.1,True,VALIDATED
1224,nand_dq_o[13],clk_nand,11.63,0.37,0.00024184664541636314,11.629758153354585,setup,measured_cell_rail,orfs_ssd_ctrl_cfg_small,final_psm/ssd_ctrl_cfg_small/VDD_BUMPS.csv + VSS_BUMPS.csv,1.1,True,VALIDATED
1222,nand_dq_oe[1],clk_nand,11.63,0.37,0.00023993542526826173,11.629760064574732,setup,measured_cell_rail,orfs_ssd_ctrl_cfg_small,final_psm/ssd_ctrl_cfg_small/VDD_BUMPS.csv + VSS_BUMPS.csv,1.1,True,VALIDATED
1219,nand_we_n[0],clk_nand,11.63,0.37,0.0002375434992241271,11.629762456500776,setup,measured_cell_rail,orfs_ssd_ctrl_cfg_small,final_psm/ssd_ctrl_cfg_small/VDD_BUMPS.csv + VSS_BUMPS.csv,1.1,True,VALIDATED
1221,nand_re_n[0],clk_nand,11.63,0.37,0.00020431423261391135,11.629795685767387,setup,measured_cell_rail,orfs_ssd_ctrl_cfg_small,final_psm/ssd_ctrl_cfg_small/VDD_BUMPS.csv + VSS_BUMPS.csv,1.1,True,VALIDATED
1227,nand_we_n[1],clk_nand,11.64,0.36,0.000238874590488658,11.639761125409512,setup,measured_cell_rail,orfs_ssd_ctrl_cfg_small,final_psm/ssd_ctrl_cfg_small/VDD_BUMPS.csv + VSS_BUMPS.csv,1.1,True,VALIDATED
1228,nand_ce_n[1],clk_nand,11.64,0.36,0.00023639498646545187,11.639763605013535,setup,measured_cell_rail,orfs_ssd_ctrl_cfg_small,final_psm/ssd_ctrl_cfg_small/VDD_BUMPS.csv + VSS_BUMPS.csv,1.1,True,VALIDATED
1226,nand_cle[1],clk_nand,11.64,0.36,0.00023639498646545187,11.639763605013535,setup,measured_cell_rail,orfs_ssd_ctrl_cfg_small,final_psm/ssd_ctrl_cfg_small/VDD_BUMPS.csv + VSS_BUMPS.csv,1.1,True,VALIDATED
1230,g_chan[1].u_cdc_chr.mem[11][1]$_DFFE_PP_,clk_nand,11.85,8.35,0.004555597712064152,11.845444402287935,setup,measured_cell_rail,orfs_ssd_ctrl_cfg_small,final_psm/ssd_ctrl_cfg_small/VDD_BUMPS.csv + VSS_BUMPS.csv,1.1,True,VALIDATED
1229,g_chan[1].u_cdc_chr.mem[10][1]$_DFFE_PP_,clk_nand,11.85,8.35,0.004527149691927468,11.845472850308072,setup,measured_cell_rail,orfs_ssd_ctrl_cfg_small,final_psm/ssd_ctrl_cfg_small/VDD_BUMPS.csv + VSS_BUMPS.csv,1.1,True,VALIDATED
1240,g_chan[1].u_cdc_chr.mem[10][25]$_DFFE_PP_,clk_nand,11.86,8.35,0.006292506401270437,11.85370749359873,setup,measured_cell_rail,orfs_ssd_ctrl_cfg_small,final_psm/ssd_ctrl_cfg_small/VDD_BUMPS.csv + VSS_BUMPS.csv,1.1,True,VALIDATED
1235,g_chan[1].u_cdc_chr.mem[1][25]$_DFFE_PP_,clk_nand,11.86,8.35,0.006223900524112147,11.853776099475887,setup,measured_cell_rail,orfs_ssd_ctrl_cfg_small,final_psm/ssd_ctrl_cfg_small/VDD_BUMPS.csv + VSS_BUMPS.csv,1.1,True,VALIDATED
1256,g_chan[1].u_cdc_chr.mem[0][25]$_DFFE_PP_,clk_nand,11.86,8.35,0.006215908725132668,11.853784091274866,setup,measured_cell_rail,orfs_ssd_ctrl_cfg_small,final_psm/ssd_ctrl_cfg_small/VDD_BUMPS.csv + VSS_BUMPS.csv,1.1,True,VALIDATED
1246,g_chan[1].u_cdc_chr.mem[6][21]$_DFFE_PP_,clk_nand,11.86,8.35,0.006201502053237773,11.853798497946762,setup,measured_cell_rail,orfs_ssd_ctrl_cfg_small,final_psm/ssd_ctrl_cfg_small/VDD_BUMPS.csv + VSS_BUMPS.csv,1.1,True,VALIDATED
1248,g_chan[1].u_cdc_chr.mem[5][21]$_DFFE_PP_,clk_nand,11.86,8.35,0.006188173903626248,11.853811826096374,setup,measured_cell_rail,orfs_ssd_ctrl_cfg_small,final_psm/ssd_ctrl_cfg_small/VDD_BUMPS.csv + VSS_BUMPS.csv,1.1,True,VALIDATED
1243,g_chan[1].u_cdc_chr.mem[8][25]$_DFFE_PP_,clk_nand,11.86,8.35,0.006142651484117079,11.853857348515882,setup,measured_cell_rail,orfs_ssd_ctrl_cfg_small,final_psm/ssd_ctrl_cfg_small/VDD_BUMPS.csv + VSS_BUMPS.csv,1.1,True,VALIDATED
1233,g_chan[1].u_cdc_chr.mem[15][25]$_DFFE_PP_,clk_nand,11.86,8.35,0.0061333255020106225,11.853866674497988,setup,measured_cell_rail,orfs_ssd_ctrl_cfg_small,final_psm/ssd_ctrl_cfg_small/VDD_BUMPS.csv + VSS_BUMPS.csv,1.1,True,VALIDATED
1239,g_chan[1].u_cdc_chr.mem[3][25]$_DFFE_PP_,clk_nand,11.86,8.35,0.006084742956543598,11.853915257043456,setup,measured_cell_rail,orfs_ssd_ctrl_cfg_small,final_psm/ssd_ctrl_cfg_small/VDD_BUMPS.csv + VSS_BUMPS.csv,1.1,True,VALIDATED
1242,g_chan[1].u_cdc_chr.mem[9][25]$_DFFE_PP_,clk_nand,11.86,8.35,0.006062721972076468,11.853937278027923,setup,measured_cell_rail,orfs_ssd_ctrl_cfg_small,final_psm/ssd_ctrl_cfg_small/VDD_BUMPS.csv + VSS_BUMPS.csv,1.1,True,VALIDATED
1241,g_chan[1].u_cdc_chr.mem[4][21]$_DFFE_PP_,clk_nand,11.86,8.35,0.00606025625647566,11.853939743743524,setup,measured_cell_rail,orfs_ssd_ctrl_cfg_small,final_psm/ssd_ctrl_cfg_small/VDD_BUMPS.csv + VSS_BUMPS.csv,1.1,True,VALIDATED
1266,g_chan[1].u_cdc_chr.mem[6][25]$_DFFE_PP_,clk_nand,11.86,8.35,0.006050057189537661,11.853949942810463,setup,measured_cell_rail,orfs_ssd_ctrl_cfg_small,final_psm/ssd_ctrl_cfg_small/VDD_BUMPS.csv + VSS_BUMPS.csv,1.1,True,VALIDATED
1263,g_chan[1].u_cdc_chr.mem[7][25]$_DFFE_PP_,clk_nand,11.86,8.35,0.006045395939558773,11.85395460406044,setup,measured_cell_rail,orfs_ssd_ctrl_cfg_small,final_psm/ssd_ctrl_cfg_small/VDD_BUMPS.csv + VSS_BUMPS.csv,1.1,True,VALIDATED
1238,g_chan[1].u_cdc_chr.mem[12][21]$_DFFE_PP_,clk_nand,11.86,8.35,0.006036944294445901,11.853963055705554,setup,measured_cell_rail,orfs_ssd_ctrl_cfg_small,final_psm/ssd_ctrl_cfg_small/VDD_BUMPS.csv + VSS_BUMPS.csv,1.1,True,VALIDATED
1244,g_chan[1].u_cdc_chr.mem[13][25]$_DFFE_PP_,clk_nand,11.86,8.35,0.006017411706872533,11.853982588293126,setup,measured_cell_rail,orfs_ssd_ctrl_cfg_small,final_psm/ssd_ctrl_cfg_small/VDD_BUMPS.csv + VSS_BUMPS.csv,1.1,True,VALIDATED
1232,g_chan[1].u_cdc_chr.mem[11][25]$_DFFE_PP_,clk_nand,11.86,8.35,0.006016107064517828,11.853983892935481,setup,measured_cell_rail,orfs_ssd_ctrl_cfg_small,final_psm/ssd_ctrl_cfg_small/VDD_BUMPS.csv + VSS_BUMPS.csv,1.1,True,VALIDATED
1264,g_chan[1].u_cdc_chr.mem[4][25]$_DFFE_PP_,clk_nand,11.86,8.35,0.00601077196494848,11.85398922803505,setup,measured_cell_rail,orfs_ssd_ctrl_cfg_small,final_psm/ssd_ctrl_cfg_small/VDD_BUMPS.csv + VSS_BUMPS.csv,1.1,True,VALIDATED
1254,g_chan[1].u_cdc_chr.mem[7][21]$_DFFE_PP_,clk_nand,11.86,8.35,0.006003703862491605,11.853996296137508,setup,measured_cell_rail,orfs_ssd_ctrl_cfg_small,final_psm/ssd_ctrl_cfg_small/VDD_BUMPS.csv + VSS_BUMPS.csv,1.1,True,VALIDATED
1236,g_chan[1].u_cdc_chr.mem[14][25]$_DFFE_PP_,clk_nand,11.86,8.35,0.005997463296320338,11.854002536703678,setup,measured_cell_rail,orfs_ssd_ctrl_cfg_small,final_psm/ssd_ctrl_cfg_small/VDD_BUMPS.csv + VSS_BUMPS.csv,1.1,True,VALIDATED
1262,g_chan[1].u_cdc_chr.mem[12][25]$_DFFE_PP_,clk_nand,11.86,8.35,0.005996790431949228,11.85400320956805,setup,measured_cell_rail,orfs_ssd_ctrl_cfg_small,final_psm/ssd_ctrl_cfg_small/VDD_BUMPS.csv + VSS_BUMPS.csv,1.1,True,VALIDATED
1234,g_chan[1].u_cdc_chr.mem[5][25]$_DFFE_PP_,clk_nand,11.86,8.35,0.005987476079195364,11.854012523920805,setup,measured_cell_rail,orfs_ssd_ctrl_cfg_small,final_psm/ssd_ctrl_cfg_small/VDD_BUMPS.csv + VSS_BUMPS.csv,1.1,True,VALIDATED
1261,g_chan[1].u_cdc_chr.mem[2][25]$_DFFE_PP_,clk_nand,11.86,8.35,0.005987476079195364,11.854012523920805,setup,measured_cell_rail,orfs_ssd_ctrl_cfg_small,final_psm/ssd_ctrl_cfg_small/VDD_BUMPS.csv + VSS_BUMPS.csv,1.1,True,VALIDATED
1237,g_chan[1].u_cdc_chr.mem[13][21]$_DFFE_PP_,clk_nand,11.86,8.35,0.005955034947099036,11.8540449650529,setup,measured_cell_rail,orfs_ssd_ctrl_cfg_small,final_psm/ssd_ctrl_cfg_small/VDD_BUMPS.csv + VSS_BUMPS.csv,1.1,True,VALIDATED
1249,g_chan[1].u_cdc_chr.mem[11][21]$_DFFE_PP_,clk_nand,11.86,8.35,0.00583378657638256,11.854166213423618,setup,measured_cell_rail,orfs_ssd_ctrl_cfg_small,final_psm/ssd_ctrl_cfg_small/VDD_BUMPS.csv + VSS_BUMPS.csv,1.1,True,VALIDATED
1257,g_chan[1].u_cdc_chr.mem[1][21]$_DFFE_PP_,clk_nand,11.86,8.35,0.0058231317147903194,11.85417686828521,setup,measured_cell_rail,orfs_ssd_ctrl_cfg_small,final_psm/ssd_ctrl_cfg_small/VDD_BUMPS.csv + VSS_BUMPS.csv,1.1,True,VALIDATED
1251,g_chan[1].u_cdc_chr.mem[14][21]$_DFFE_PP_,clk_nand,11.86,8.35,0.005822478047635471,11.854177521952364,setup,measured_cell_rail,orfs_ssd_ctrl_cfg_small,final_psm/ssd_ctrl_cfg_small/VDD_BUMPS.csv + VSS_BUMPS.csv,1.1,True,VALIDATED
1259,g_chan[1].u_cdc_chr.mem[0][21]$_DFFE_PP_,clk_nand,11.86,8.35,0.005822465799539489,11.85417753420046,setup,measured_cell_rail,orfs_ssd_ctrl_cfg_small,final_psm/ssd_ctrl_cfg_small/VDD_BUMPS.csv + VSS_BUMPS.csv,1.1,True,VALIDATED
1252,g_chan[1].u_cdc_chr.mem[2][21]$_DFFE_PP_,clk_nand,11.86,8.35,0.005790503748758891,11.85420949625124,setup,measured_cell_rail,orfs_ssd_ctrl_cfg_small,final_psm/ssd_ctrl_cfg_small/VDD_BUMPS.csv + VSS_BUMPS.csv,1.1,True,VALIDATED
1265,g_chan[1].u_cdc_chr.mem[3][21]$_DFFE_PP_,clk_nand,11.86,8.35,0.005781847994241418,11.854218152005759,setup,measured_cell_rail,orfs_ssd_ctrl_cfg_small,final_psm/ssd_ctrl_cfg_small/VDD_BUMPS.csv + VSS_BUMPS.csv,1.1,True,VALIDATED
1250,g_chan[1].u_cdc_chr.mem[10][21]$_DFFE_PP_,clk_nand,11.86,8.35,0.00575255359994864,11.85424744640005,setup,measured_cell_rail,orfs_ssd_ctrl_cfg_small,final_psm/ssd_ctrl_cfg_small/VDD_BUMPS.csv + VSS_BUMPS.csv,1.1,True,VALIDATED
1253,g_chan[1].u_cdc_chr.mem[15][21]$_DFFE_PP_,clk_nand,11.86,8.35,0.005748555949174006,11.854251444050826,setup,measured_cell_rail,orfs_ssd_ctrl_cfg_small,final_psm/ssd_ctrl_cfg_small/VDD_BUMPS.csv + VSS_BUMPS.csv,1.1,True,VALIDATED
1247,g_chan[1].u_cdc_chr.mem[9][21]$_DFFE_PP_,clk_nand,11.86,8.35,0.005714602691001103,11.854285397308999,setup,measured_cell_rail,orfs_ssd_ctrl_cfg_small,final_psm/ssd_ctrl_cfg_small/VDD_BUMPS.csv + VSS_BUMPS.csv,1.1,True,VALIDATED
1245,g_chan[1].u_cdc_chr.mem[8][21]$_DFFE_PP_,clk_nand,11.86,8.35,0.005711946038174154,11.854288053961826,setup,measured_cell_rail,orfs_ssd_ctrl_cfg_small,final_psm/ssd_ctrl_cfg_small/VDD_BUMPS.csv + VSS_BUMPS.csv,1.1,True,VALIDATED
1268,g_chan[1].u_cdc_chr.mem[1][1]$_DFFE_PP_,clk_nand,11.86,8.35,0.005004897317443691,11.854995102682556,setup,measured_cell_rail,orfs_ssd_ctrl_cfg_small,final_psm/ssd_ctrl_cfg_small/VDD_BUMPS.csv + VSS_BUMPS.csv,1.1,True,VALIDATED
1270,g_chan[1].u_cdc_chr.mem[3][1]$_DFFE_PP_,clk_nand,11.86,8.35,0.0049360091022014885,11.855063990897797,setup,measured_cell_rail,orfs_ssd_ctrl_cfg_small,final_psm/ssd_ctrl_cfg_small/VDD_BUMPS.csv + VSS_BUMPS.csv,1.1,True,VALIDATED
1269,g_chan[1].u_cdc_chr.mem[0][1]$_DFFE_PP_,clk_nand,11.86,8.35,0.004931516921200085,11.8550684830788,setup,measured_cell_rail,orfs_ssd_ctrl_cfg_small,final_psm/ssd_ctrl_cfg_small/VDD_BUMPS.csv + VSS_BUMPS.csv,1.1,True,VALIDATED
1267,g_chan[1].u_cdc_chr.mem[4][1]$_DFFE_PP_,clk_nand,11.86,8.35,0.00487462156398899,11.85512537843601,setup,measured_cell_rail,orfs_ssd_ctrl_cfg_small,final_psm/ssd_ctrl_cfg_small/VDD_BUMPS.csv + VSS_BUMPS.csv,1.1,True,VALIDATED
1231,g_chan[1].u_cdc_chr.mem[9][1]$_DFFE_PP_,clk_nand,11.86,8.35,0.004844614142626602,11.855155385857373,setup,measured_cell_rail,orfs_ssd_ctrl_cfg_small,final_psm/ssd_ctrl_cfg_small/VDD_BUMPS.csv + VSS_BUMPS.csv,1.1,True,VALIDATED
1260,g_chan[1].u_cdc_chr.mem[3][24]$_DFFE_PP_,clk_nand,11.86,8.33,0.0047974504192678236,11.855202549580731,setup,measured_cell_rail,orfs_ssd_ctrl_cfg_small,final_psm/ssd_ctrl_cfg_small/VDD_BUMPS.csv + VSS_BUMPS.csv,1.1,True,VALIDATED
1255,g_chan[1].u_cdc_chr.mem[0][24]$_DFFE_PP_,clk_nand,11.86,8.33,0.004700480280972474,11.855299519719027,setup,measured_cell_rail,orfs_ssd_ctrl_cfg_small,final_psm/ssd_ctrl_cfg_small/VDD_BUMPS.csv + VSS_BUMPS.csv,1.1,True,VALIDATED
1258,g_chan[1].u_cdc_chr.mem[1][24]$_DFFE_PP_,clk_nand,11.86,8.33,0.004647360378596921,11.855352639621403,setup,measured_cell_rail,orfs_ssd_ctrl_cfg_small,final_psm/ssd_ctrl_cfg_small/VDD_BUMPS.csv + VSS_BUMPS.csv,1.1,True,VALIDATED
1283,g_chan[1].u_cdc_chr.mem[1][9]$_DFFE_PP_,clk_nand,11.87,8.35,0.00737702815851593,11.862622971841484,setup,measured_cell_rail,orfs_ssd_ctrl_cfg_small,final_psm/ssd_ctrl_cfg_small/VDD_BUMPS.csv + VSS_BUMPS.csv,1.1,True,VALIDATED
1298,g_chan[1].u_cdc_chr.mem[14][18]$_DFFE_PP_,clk_nand,11.87,8.34,0.006923615975987341,11.863076384024012,setup,measured_cell_rail,orfs_ssd_ctrl_cfg_small,final_psm/ssd_ctrl_cfg_small/VDD_BUMPS.csv + VSS_BUMPS.csv,1.1,True,VALIDATED
1286,g_chan[1].u_cdc_chr.mem[0][9]$_DFFE_PP_,clk_nand,11.87,8.35,0.006528589108855121,11.863471410891144,setup,measured_cell_rail,orfs_ssd_ctrl_cfg_small,final_psm/ssd_ctrl_cfg_small/VDD_BUMPS.csv + VSS_BUMPS.csv,1.1,True,VALIDATED
1296,g_chan[1].u_cdc_chr.mem[3][18]$_DFFE_PP_,clk_nand,11.87,8.34,0.006423490656011999,11.863576509343988,setup,measured_cell_rail,orfs_ssd_ctrl_cfg_small,final_psm/ssd_ctrl_cfg_small/VDD_BUMPS.csv + VSS_BUMPS.csv,1.1,True,VALIDATED
1280,g_chan[1].u_cdc_chr.mem[9][9]$_DFFE_PP_,clk_nand,11.87,8.35,0.006397478809369916,11.863602521190629,setup,measured_cell_rail,orfs_ssd_ctrl_cfg_small,final_psm/ssd_ctrl_cfg_small/VDD_BUMPS.csv + VSS_BUMPS.csv,1.1,True,VALIDATED
1282,g_chan[1].u_cdc_chr.mem[11][9]$_DFFE_PP_,clk_nand,11.87,8.35,0.006392231966546813,11.863607768033452,setup,measured_cell_rail,orfs_ssd_ctrl_cfg_small,final_psm/ssd_ctrl_cfg_small/VDD_BUMPS.csv + VSS_BUMPS.csv,1.1,True,VALIDATED
1290,g_chan[1].u_cdc_chr.mem[3][9]$_DFFE_PP_,clk_nand,11.87,8.35,0.006348740929584817,11.863651259070414,setup,measured_cell_rail,orfs_ssd_ctrl_cfg_small,final_psm/ssd_ctrl_cfg_small/VDD_BUMPS.csv + VSS_BUMPS.csv,1.1,True,VALIDATED
1297,g_chan[1].u_cdc_chr.mem[10][18]$_DFFE_PP_,clk_nand,11.87,8.34,0.006271759793987197,11.863728240206012,setup,measured_cell_rail,orfs_ssd_ctrl_cfg_small,final_psm/ssd_ctrl_cfg_small/VDD_BUMPS.csv + VSS_BUMPS.csv,1.1,True,VALIDATED
1285,g_chan[1].u_cdc_chr.mem[8][9]$_DFFE_PP_,clk_nand,11.87,8.35,0.006200408047588368,11.86379959195241,setup,measured_cell_rail,orfs_ssd_ctrl_cfg_small,final_psm/ssd_ctrl_cfg_small/VDD_BUMPS.csv + VSS_BUMPS.csv,1.1,True,VALIDATED
1281,g_chan[1].u_cdc_chr.mem[10][9]$_DFFE_PP_,clk_nand,11.87,8.35,0.006174940307428489,11.863825059692571,setup,measured_cell_rail,orfs_ssd_ctrl_cfg_small,final_psm/ssd_ctrl_cfg_small/VDD_BUMPS.csv + VSS_BUMPS.csv,1.1,True,VALIDATED
1294,g_chan[1].u_cdc_chr.mem[6][9]$_DFFE_PP_,clk_nand,11.87,8.35,0.00616597359949278,11.863834026400507,setup,measured_cell_rail,orfs_ssd_ctrl_cfg_small,final_psm/ssd_ctrl_cfg_small/VDD_BUMPS.csv + VSS_BUMPS.csv,1.1,True,VALIDATED
1291,g_chan[1].u_cdc_chr.mem[14][9]$_DFFE_PP_,clk_nand,11.87,8.35,0.00616302843190919,11.863836971568091,setup,measured_cell_rail,orfs_ssd_ctrl_cfg_small,final_psm/ssd_ctrl_cfg_small/VDD_BUMPS.csv + VSS_BUMPS.csv,1.1,True,VALIDATED
1284,g_chan[1].u_cdc_chr.mem[2][9]$_DFFE_PP_,clk_nand,11.87,8.35,0.006099331457025903,11.863900668542973,setup,measured_cell_rail,orfs_ssd_ctrl_cfg_small,final_psm/ssd_ctrl_cfg_small/VDD_BUMPS.csv + VSS_BUMPS.csv,1.1,True,VALIDATED
1292,g_chan[1].u_cdc_chr.mem[7][9]$_DFFE_PP_,clk_nand,11.87,8.35,0.006079104961576265,11.863920895038422,setup,measured_cell_rail,orfs_ssd_ctrl_cfg_small,final_psm/ssd_ctrl_cfg_small/VDD_BUMPS.csv + VSS_BUMPS.csv,1.1,True,VALIDATED
1287,g_chan[1].u_cdc_chr.mem[5][9]$_DFFE_PP_,clk_nand,11.87,8.35,0.005927822424082851,11.864072177575917,setup,measured_cell_rail,orfs_ssd_ctrl_cfg_small,final_psm/ssd_ctrl_cfg_small/VDD_BUMPS.csv + VSS_BUMPS.csv,1.1,True,VALIDATED
1295,g_chan[1].u_cdc_chr.mem[4][9]$_DFFE_PP_,clk_nand,11.87,8.35,0.005915842785661152,11.864084157214338,setup,measured_cell_rail,orfs_ssd_ctrl_cfg_small,final_psm/ssd_ctrl_cfg_small/VDD_BUMPS.csv + VSS_BUMPS.csv,1.1,True,VALIDATED
1289,g_chan[1].u_cdc_chr.mem[13][9]$_DFFE_PP_,clk_nand,11.87,8.35,0.005891136235152805,11.864108863764846,setup,measured_cell_rail,orfs_ssd_ctrl_cfg_small,final_psm/ssd_ctrl_cfg_small/VDD_BUMPS.csv + VSS_BUMPS.csv,1.1,True,VALIDATED
1293,g_chan[1].u_cdc_chr.mem[15][9]$_DFFE_PP_,clk_nand,11.87,8.35,0.005866431642534087,11.864133568357465,setup,measured_cell_rail,orfs_ssd_ctrl_cfg_small,final_psm/ssd_ctrl_cfg_small/VDD_BUMPS.csv + VSS_BUMPS.csv,1.1,True,VALIDATED
1288,g_chan[1].u_cdc_chr.mem[12][9]$_DFFE_PP_,clk_nand,11.87,8.35,0.0058364893063340695,11.864163510693665,setup,measured_cell_rail,orfs_ssd_ctrl_cfg_small,final_psm/ssd_ctrl_cfg_small/VDD_BUMPS.csv + VSS_BUMPS.csv,1.1,True,VALIDATED
1271,g_chan[1].u_cdc_chr.mem[2][1]$_DFFE_PP_,clk_nand,11.87,8.35,0.004982440233138208,11.86501755976686,setup,measured_cell_rail,orfs_ssd_ctrl_cfg_small,final_psm/ssd_ctrl_cfg_small/VDD_BUMPS.csv + VSS_BUMPS.csv,1.1,True,VALIDATED
1276,g_chan[1].u_cdc_chr.mem[5][1]$_DFFE_PP_,clk_nand,11.87,8.35,0.004892578701282568,11.865107421298717,setup,measured_cell_rail,orfs_ssd_ctrl_cfg_small,final_psm/ssd_ctrl_cfg_small/VDD_BUMPS.csv + VSS_BUMPS.csv,1.1,True,VALIDATED
1273,g_chan[1].u_cdc_chr.mem[7][1]$_DFFE_PP_,clk_nand,11.87,8.35,0.004876855595777663,11.865123144404222,setup,measured_cell_rail,orfs_ssd_ctrl_cfg_small,final_psm/ssd_ctrl_cfg_small/VDD_BUMPS.csv + VSS_BUMPS.csv,1.1,True,VALIDATED
1274,g_chan[1].u_cdc_chr.mem[6][1]$_DFFE_PP_,clk_nand,11.87,8.35,0.004838674212086502,11.865161325787913,setup,measured_cell_rail,orfs_ssd_ctrl_cfg_small,final_psm/ssd_ctrl_cfg_small/VDD_BUMPS.csv + VSS_BUMPS.csv,1.1,True,VALIDATED
1277,g_chan[1].u_cdc_chr.mem[8][1]$_DFFE_PP_,clk_nand,11.87,8.35,0.004797500052683645,11.865202499947316,setup,measured_cell_rail,orfs_ssd_ctrl_cfg_small,final_psm/ssd_ctrl_cfg_small/VDD_BUMPS.csv + VSS_BUMPS.csv,1.1,True,VALIDATED
1272,g_chan[1].u_cdc_chr.mem[12][1]$_DFFE_PP_,clk_nand,11.87,8.35,0.004746594536187754,11.865253405463811,setup,measured_cell_rail,orfs_ssd_ctrl_cfg_small,final_psm/ssd_ctrl_cfg_small/VDD_BUMPS.csv + VSS_BUMPS.csv,1.1,True,VALIDATED
1275,g_chan[1].u_cdc_chr.mem[13][1]$_DFFE_PP_,clk_nand,11.87,8.35,0.0047428518115710805,11.865257148188428,setup,measured_cell_rail,orfs_ssd_ctrl_cfg_small,final_psm/ssd_ctrl_cfg_small/VDD_BUMPS.csv + VSS_BUMPS.csv,1.1,True,VALIDATED
1278,g_chan[1].u_cdc_chr.mem[15][1]$_DFFE_PP_,clk_nand,11.87,8.35,0.004736863545650838,11.865263136454349,setup,measured_cell_rail,orfs_ssd_ctrl_cfg_small,final_psm/ssd_ctrl_cfg_small/VDD_BUMPS.csv + VSS_BUMPS.csv,1.1,True,VALIDATED
1279,g_chan[1].u_cdc_chr.mem[14][1]$_DFFE_PP_,clk_nand,11.87,8.35,0.004732372421701436,11.865267627578298,setup,measured_cell_rail,orfs_ssd_ctrl_cfg_small,final_psm/ssd_ctrl_cfg_small/VDD_BUMPS.csv + VSS_BUMPS.csv,1.1,True,VALIDATED
1304,g_chan[1].u_cdc_chr.mem[4][18]$_DFFE_PP_,clk_nand,11.88,8.33,0.006891363171437348,11.873108636828563,setup,measured_cell_rail,orfs_ssd_ctrl_cfg_small,final_psm/ssd_ctrl_cfg_small/VDD_BUMPS.csv + VSS_BUMPS.csv,1.1,True,VALIDATED
1306,g_chan[1].u_cdc_chr.mem[9][18]$_DFFE_PP_,clk_nand,11.88,8.33,0.006878057896840373,11.873121942103161,setup,measured_cell_rail,orfs_ssd_ctrl_cfg_small,final_psm/ssd_ctrl_cfg_small/VDD_BUMPS.csv + VSS_BUMPS.csv,1.1,True,VALIDATED
1305,g_chan[1].u_cdc_chr.mem[5][18]$_DFFE_PP_,clk_nand,11.88,8.33,0.006873401201887952,11.873126598798112,setup,measured_cell_rail,orfs_ssd_ctrl_cfg_small,final_psm/ssd_ctrl_cfg_small/VDD_BUMPS.csv + VSS_BUMPS.csv,1.1,True,VALIDATED
1311,g_chan[1].u_cdc_chr.mem[15][18]$_DFFE_PP_,clk_nand,11.88,8.33,0.006673853393123652,11.873326146606876,setup,measured_cell_rail,orfs_ssd_ctrl_cfg_small,final_psm/ssd_ctrl_cfg_small/VDD_BUMPS.csv + VSS_BUMPS.csv,1.1,True,VALIDATED
1302,g_chan[1].u_cdc_chr.mem[6][18]$_DFFE_PP_,clk_nand,11.88,8.34,0.006648638325914669,11.873351361674086,setup,measured_cell_rail,orfs_ssd_ctrl_cfg_small,final_psm/ssd_ctrl_cfg_small/VDD_BUMPS.csv + VSS_BUMPS.csv,1.1,True,VALIDATED
1308,g_chan[1].u_cdc_chr.mem[13][18]$_DFFE_PP_,clk_nand,11.88,8.34,0.006419497198064783,11.873580502801936,setup,measured_cell_rail,orfs_ssd_ctrl_cfg_small,final_psm/ssd_ctrl_cfg_small/VDD_BUMPS.csv + VSS_BUMPS.csv,1.1,True,VALIDATED
1309,g_chan[1].u_cdc_chr.mem[12][18]$_DFFE_PP_,clk_nand,11.88,8.33,0.006403822530456238,11.873596177469544,setup,measured_cell_rail,orfs_ssd_ctrl_cfg_small,final_psm/ssd_ctrl_cfg_small/VDD_BUMPS.csv + VSS_BUMPS.csv,1.1,True,VALIDATED
1301,g_chan[1].u_cdc_chr.mem[8][18]$_DFFE_PP_,clk_nand,11.88,8.33,0.006403821220178463,11.873596178779822,setup,measured_cell_rail,orfs_ssd_ctrl_cfg_small,final_psm/ssd_ctrl_cfg_small/VDD_BUMPS.csv + VSS_BUMPS.csv,1.1,True,VALIDATED
1314,g_chan[1].u_cdc_chr.mem[7][18]$_DFFE_PP_,clk_nand,11.88,8.33,0.00637125041735076,11.87362874958265,setup,measured_cell_rail,orfs_ssd_ctrl_cfg_small,final_psm/ssd_ctrl_cfg_small/VDD_BUMPS.csv + VSS_BUMPS.csv,1.1,True,VALIDATED
1300,g_chan[1].u_cdc_chr.mem[2][18]$_DFFE_PP_,clk_nand,11.88,8.33,0.006326710337701713,11.8736732896623,setup,measured_cell_rail,orfs_ssd_ctrl_cfg_small,final_psm/ssd_ctrl_cfg_small/VDD_BUMPS.csv + VSS_BUMPS.csv,1.1,True,VALIDATED
1313,g_chan[1].u_cdc_chr.mem[1][18]$_DFFE_PP_,clk_nand,11.88,8.33,0.006234319101298014,11.873765680898703,setup,measured_cell_rail,orfs_ssd_ctrl_cfg_small,final_psm/ssd_ctrl_cfg_small/VDD_BUMPS.csv + VSS_BUMPS.csv,1.1,True,VALIDATED
1307,g_chan[1].u_cdc_chr.mem[11][18]$_DFFE_PP_,clk_nand,11.88,8.34,0.006203215161030395,11.873796784838971,setup,measured_cell_rail,orfs_ssd_ctrl_cfg_small,final_psm/ssd_ctrl_cfg_small/VDD_BUMPS.csv + VSS_BUMPS.csv,1.1,True,VALIDATED
1299,g_chan[1].u_cdc_chr.mem[0][18]$_DFFE_PP_,clk_nand,11.88,8.33,0.006177826774786954,11.873822173225214,setup,measured_cell_rail,orfs_ssd_ctrl_cfg_small,final_psm/ssd_ctrl_cfg_small/VDD_BUMPS.csv + VSS_BUMPS.csv,1.1,True,VALIDATED
1336,g_chan[1].u_cdc_chr.mem[11][24]$_DFFE_PP_,clk_nand,11.88,8.33,0.005749914331154016,11.874250085668846,setup,measured_cell_rail,orfs_ssd_ctrl_cfg_small,final_psm/ssd_ctrl_cfg_small/VDD_BUMPS.csv + VSS_BUMPS.csv,1.1,True,VALIDATED
1335,g_chan[1].u_cdc_chr.mem[10][24]$_DFFE_PP_,clk_nand,11.88,8.33,0.005723342574679546,11.874276657425321,setup,measured_cell_rail,orfs_ssd_ctrl_cfg_small,final_psm/ssd_ctrl_cfg_small/VDD_BUMPS.csv + VSS_BUMPS.csv,1.1,True,VALIDATED
1339,g_chan[1].u_cdc_chr.mem[14][24]$_DFFE_PP_,clk_nand,11.88,8.33,0.005670873440926982,11.874329126559074,setup,measured_cell_rail,orfs_ssd_ctrl_cfg_small,final_psm/ssd_ctrl_cfg_small/VDD_BUMPS.csv + VSS_BUMPS.csv,1.1,True,VALIDATED
1332,g_chan[1].u_cdc_chr.mem[9][24]$_DFFE_PP_,clk_nand,11.88,8.33,0.0056489601635645315,11.874351039836437,setup,measured_cell_rail,orfs_ssd_ctrl_cfg_small,final_psm/ssd_ctrl_cfg_small/VDD_BUMPS.csv + VSS_BUMPS.csv,1.1,True,VALIDATED
1343,g_chan[1].u_cdc_chr.mem[7][24]$_DFFE_PP_,clk_nand,11.88,8.33,0.0056323576266184006,11.874367642373382,setup,measured_cell_rail,orfs_ssd_ctrl_cfg_small,final_psm/ssd_ctrl_cfg_small/VDD_BUMPS.csv + VSS_BUMPS.csv,1.1,True,VALIDATED
1340,g_chan[1].u_cdc_chr.mem[8][24]$_DFFE_PP_,clk_nand,11.88,8.33,0.005608439743765903,11.874391560256235,setup,measured_cell_rail,orfs_ssd_ctrl_cfg_small,final_psm/ssd_ctrl_cfg_small/VDD_BUMPS.csv + VSS_BUMPS.csv,1.1,True,VALIDATED
1346,g_chan[1].u_cdc_chr.mem[2][24]$_DFFE_PP_,clk_nand,11.88,8.33,0.005604454449441021,11.87439554555056,setup,measured_cell_rail,orfs_ssd_ctrl_cfg_small,final_psm/ssd_ctrl_cfg_small/VDD_BUMPS.csv + VSS_BUMPS.csv,1.1,True,VALIDATED
1329,g_chan[1].u_cdc_chr.mem[12][24]$_DFFE_PP_,clk_nand,11.88,8.33,0.00558320318354999,11.874416796816451,setup,measured_cell_rail,orfs_ssd_ctrl_cfg_small,final_psm/ssd_ctrl_cfg_small/VDD_BUMPS.csv + VSS_BUMPS.csv,1.1,True,VALIDATED
1327,g_chan[1].u_cdc_chr.mem[15][24]$_DFFE_PP_,clk_nand,11.88,8.33,0.005540034191232279,11.874459965808768,setup,measured_cell_rail,orfs_ssd_ctrl_cfg_small,final_psm/ssd_ctrl_cfg_small/VDD_BUMPS.csv + VSS_BUMPS.csv,1.1,True,VALIDATED
1338,g_chan[1].u_cdc_chr.mem[13][24]$_DFFE_PP_,clk_nand,11.88,8.33,0.005518120463630649,11.87448187953637,setup,measured_cell_rail,orfs_ssd_ctrl_cfg_small,final_psm/ssd_ctrl_cfg_small/VDD_BUMPS.csv + VSS_BUMPS.csv,1.1,True,VALIDATED
1333,g_chan[1].u_cdc_chr.mem[5][24]$_DFFE_PP_,clk_nand,11.88,8.33,0.005518120205263433,11.874481879794738,setup,measured_cell_rail,orfs_ssd_ctrl_cfg_small,final_psm/ssd_ctrl_cfg_small/VDD_BUMPS.csv + VSS_BUMPS.csv,1.1,True,VALIDATED
1337,g_chan[1].u_cdc_chr.mem[6][24]$_DFFE_PP_,clk_nand,11.88,8.33,0.00551015258036025,11.87448984741964,setup,measured_cell_rail,orfs_ssd_ctrl_cfg_small,final_psm/ssd_ctrl_cfg_small/VDD_BUMPS.csv + VSS_BUMPS.csv,1.1,True,VALIDATED
1331,g_chan[1].u_cdc_chr.mem[4][24]$_DFFE_PP_,clk_nand,11.88,8.33,0.005472305664935728,11.874527694335065,setup,measured_cell_rail,orfs_ssd_ctrl_cfg_small,final_psm/ssd_ctrl_cfg_small/VDD_BUMPS.csv + VSS_BUMPS.csv,1.1,True,VALIDATED
1354,g_chan[1].u_cdc_chr.mem[0][17]$_DFFE_PP_,clk_nand,11.88,8.32,0.004853954371692892,11.875146045628307,setup,measured_cell_rail,orfs_ssd_ctrl_cfg_small,final_psm/ssd_ctrl_cfg_small/VDD_BUMPS.csv + VSS_BUMPS.csv,1.1,True,VALIDATED
1316,g_chan[1].u_cdc_chr.mem[11][13]$_DFFE_PP_,clk_nand,11.88,8.33,0.004842099983470405,11.87515790001653,setup,measured_cell_rail,orfs_ssd_ctrl_cfg_small,final_psm/ssd_ctrl_cfg_small/VDD_BUMPS.csv + VSS_BUMPS.csv,1.1,True,VALIDATED
1315,g_chan[1].u_cdc_chr.mem[9][13]$_DFFE_PP_,clk_nand,11.88,8.33,0.004743453521891761,11.87525654647811,setup,measured_cell_rail,orfs_ssd_ctrl_cfg_small,final_psm/ssd_ctrl_cfg_small/VDD_BUMPS.csv + VSS_BUMPS.csv,1.1,True,VALIDATED
1320,g_chan[1].u_cdc_chr.mem[2][13]$_DFFE_PP_,clk_nand,11.88,8.33,0.004732245675857838,11.875267754324144,setup,measured_cell_rail,orfs_ssd_ctrl_cfg_small,final_psm/ssd_ctrl_cfg_small/VDD_BUMPS.csv + VSS_BUMPS.csv,1.1,True,VALIDATED
1317,g_chan[1].u_cdc_chr.mem[8][13]$_DFFE_PP_,clk_nand,11.88,8.33,0.004723279689785587,11.875276720310215,setup,measured_cell_rail,orfs_ssd_ctrl_cfg_small,final_psm/ssd_ctrl_cfg_small/VDD_BUMPS.csv + VSS_BUMPS.csv,1.1,True,VALIDATED
1312,g_chan[1].u_cdc_chr.mem[1][13]$_DFFE_PP_,clk_nand,11.88,8.33,0.004659029439364248,11.875340970560636,setup,measured_cell_rail,orfs_ssd_ctrl_cfg_small,final_psm/ssd_ctrl_cfg_small/VDD_BUMPS.csv + VSS_BUMPS.csv,1.1,True,VALIDATED
1303,g_chan[1].u_cdc_chr.mem[0][13]$_DFFE_PP_,clk_nand,11.88,8.33,0.004656788150122715,11.875343211849877,setup,measured_cell_rail,orfs_ssd_ctrl_cfg_small,final_psm/ssd_ctrl_cfg_small/VDD_BUMPS.csv + VSS_BUMPS.csv,1.1,True,VALIDATED
1310,g_chan[1].u_cdc_chr.mem[3][13]$_DFFE_PP_,clk_nand,11.88,8.33,0.004646329013866968,11.875353670986133,setup,measured_cell_rail,orfs_ssd_ctrl_cfg_small,final_psm/ssd_ctrl_cfg_small/VDD_BUMPS.csv + VSS_BUMPS.csv,1.1,True,VALIDATED
1350,g_chan[1].u_cdc_chr.mem[4][12]$_DFFE_PP_,clk_nand,11.88,8.32,0.004643691218022994,11.875356308781978,setup,measured_cell_rail,orfs_ssd_ctrl_cfg_small,final_psm/ssd_ctrl_cfg_small/VDD_BUMPS.csv + VSS_BUMPS.csv,1.1,True,VALIDATED
1344,g_chan[1].u_cdc_chr.mem[10][8]$_DFFE_PP_,clk_nand,11.88,8.31,0.004599757939994342,11.875400242060007,setup,measured_cell_rail,orfs_ssd_ctrl_cfg_small,final_psm/ssd_ctrl_cfg_small/VDD_BUMPS.csv + VSS_BUMPS.csv,1.1,True,VALIDATED
1342,g_chan[1].u_cdc_chr.mem[2][8]$_DFFE_PP_,clk_nand,11.88,8.31,0.004565977296019708,11.875434022703981,setup,measured_cell_rail,orfs_ssd_ctrl_cfg_small,final_psm/ssd_ctrl_cfg_small/VDD_BUMPS.csv + VSS_BUMPS.csv,1.1,True,VALIDATED
1348,g_chan[1].u_cdc_chr.mem[1][8]$_DFFE_PP_,clk_nand,11.88,8.31,0.004565976651766279,11.875434023348234,setup,measured_cell_rail,orfs_ssd_ctrl_cfg_small,final_psm/ssd_ctrl_cfg_small/VDD_BUMPS.csv + VSS_BUMPS.csv,1.1,True,VALIDATED
1351,g_chan[1].u_cdc_chr.mem[11][16]$_DFFE_PP_,clk_nand,11.88,8.31,0.004560687273773567,11.875439312726227,setup,measured_cell_rail,orfs_ssd_ctrl_cfg_small,final_psm/ssd_ctrl_cfg_small/VDD_BUMPS.csv + VSS_BUMPS.csv,1.1,True,VALIDATED
1345,g_chan[1].u_cdc_chr.mem[3][8]$_DFFE_PP_,clk_nand,11.88,8.31,0.004553392310454818,11.875446607689547,setup,measured_cell_rail,orfs_ssd_ctrl_cfg_small,final_psm/ssd_ctrl_cfg_small/VDD_BUMPS.csv + VSS_BUMPS.csv,1.1,True,VALIDATED
1324,g_chan[1].u_cdc_chr.mem[14][13]$_DFFE_PP_,clk_nand,11.88,8.33,0.004552983080115869,11.875447016919885,setup,measured_cell_rail,orfs_ssd_ctrl_cfg_small,final_psm/ssd_ctrl_cfg_small/VDD_BUMPS.csv + VSS_BUMPS.csv,1.1,True,VALIDATED
1334,g_chan[1].u_cdc_chr.mem[11][8]$_DFFE_PP_,clk_nand,11.88,8.31,0.004548095100656568,11.875451904899345,setup,measured_cell_rail,orfs_ssd_ctrl_cfg_small,final_psm/ssd_ctrl_cfg_small/VDD_BUMPS.csv + VSS_BUMPS.csv,1.1,True,VALIDATED
1347,g_chan[1].u_cdc_chr.mem[9][8]$_DFFE_PP_,clk_nand,11.88,8.31,0.0045447837102370325,11.875455216289764,setup,measured_cell_rail,orfs_ssd_ctrl_cfg_small,final_psm/ssd_ctrl_cfg_small/VDD_BUMPS.csv + VSS_BUMPS.csv,1.1,True,VALIDATED
1349,g_chan[1].u_cdc_chr.mem[9][16]$_DFFE_PP_,clk_nand,11.88,8.31,0.004543453999880764,11.87545654600012,setup,measured_cell_rail,orfs_ssd_ctrl_cfg_small,final_psm/ssd_ctrl_cfg_small/VDD_BUMPS.csv + VSS_BUMPS.csv,1.1,True,VALIDATED
1341,g_chan[1].u_cdc_chr.mem[0][8]$_DFFE_PP_,clk_nand,11.88,8.31,0.004542795415772072,11.87545720458423,setup,measured_cell_rail,orfs_ssd_ctrl_cfg_small,final_psm/ssd_ctrl_cfg_small/VDD_BUMPS.csv + VSS_BUMPS.csv,1.1,True,VALIDATED
1326,g_chan[1].u_cdc_chr.mem[7][13]$_DFFE_PP_,clk_nand,11.88,8.33,0.00452907789693624,11.875470922103064,setup,measured_cell_rail,orfs_ssd_ctrl_cfg_small,final_psm/ssd_ctrl_cfg_small/VDD_BUMPS.csv + VSS_BUMPS.csv,1.1,True,VALIDATED
1323,g_chan[1].u_cdc_chr.mem[6][13]$_DFFE_PP_,clk_nand,11.88,8.33,0.00449993987701891,11.875500060122981,setup,measured_cell_rail,orfs_ssd_ctrl_cfg_small,final_psm/ssd_ctrl_cfg_small/VDD_BUMPS.csv + VSS_BUMPS.csv,1.1,True,VALIDATED
1352,g_chan[1].u_cdc_chr.mem[8][16]$_DFFE_PP_,clk_nand,11.88,8.31,0.004496440836624482,11.875503559163377,setup,measured_cell_rail,orfs_ssd_ctrl_cfg_small,final_psm/ssd_ctrl_cfg_small/VDD_BUMPS.csv + VSS_BUMPS.csv,1.1,True,VALIDATED
1319,g_chan[1].u_cdc_chr.mem[8][12]$_DFFE_PP_,clk_nand,11.88,8.32,0.004494475767390815,11.87550552423261,setup,measured_cell_rail,orfs_ssd_ctrl_cfg_small,final_psm/ssd_ctrl_cfg_small/VDD_BUMPS.csv + VSS_BUMPS.csv,1.1,True,VALIDATED
1353,g_chan[1].u_cdc_chr.mem[10][16]$_DFFE_PP_,clk_nand,11.88,8.31,0.004493792446193967,11.875506207553807,setup,measured_cell_rail,orfs_ssd_ctrl_cfg_small,final_psm/ssd_ctrl_cfg_small/VDD_BUMPS.csv + VSS_BUMPS.csv,1.1,True,VALIDATED
1318,g_chan[1].u_cdc_chr.mem[11][12]$_DFFE_PP_,clk_nand,11.88,8.32,0.004489999811956302,11.875510000188044,setup,measured_cell_rail,orfs_ssd_ctrl_cfg_small,final_psm/ssd_ctrl_cfg_small/VDD_BUMPS.csv + VSS_BUMPS.csv,1.1,True,VALIDATED
1328,g_chan[1].u_cdc_chr.mem[15][13]$_DFFE_PP_,clk_nand,11.88,8.33,0.004431232391402418,11.875568767608598,setup,measured_cell_rail,orfs_ssd_ctrl_cfg_small,final_psm/ssd_ctrl_cfg_small/VDD_BUMPS.csv + VSS_BUMPS.csv,1.1,True,VALIDATED
1325,g_chan[1].u_cdc_chr.mem[13][13]$_DFFE_PP_,clk_nand,11.88,8.33,0.0043393757004999145,11.8756606242995,setup,measured_cell_rail,orfs_ssd_ctrl_cfg_small,final_psm/ssd_ctrl_cfg_small/VDD_BUMPS.csv + VSS_BUMPS.csv,1.1,True,VALIDATED
1322,g_chan[1].u_cdc_chr.mem[4][13]$_DFFE_PP_,clk_nand,11.88,8.33,0.004255715730553389,11.875744284269448,setup,measured_cell_rail,orfs_ssd_ctrl_cfg_small,final_psm/ssd_ctrl_cfg_small/VDD_BUMPS.csv + VSS_BUMPS.csv,1.1,True,VALIDATED
1330,g_chan[1].u_cdc_chr.mem[12][13]$_DFFE_PP_,clk_nand,11.88,8.33,0.004224342607955789,11.875775657392046,setup,measured_cell_rail,orfs_ssd_ctrl_cfg_small,final_psm/ssd_ctrl_cfg_small/VDD_BUMPS.csv + VSS_BUMPS.csv,1.1,True,VALIDATED
1321,g_chan[1].u_cdc_chr.mem[5][13]$_DFFE_PP_,clk_nand,11.88,8.33,0.004150415124273721,11.875849584875727,setup,measured_cell_rail,orfs_ssd_ctrl_cfg_small,final_psm/ssd_ctrl_cfg_small/VDD_BUMPS.csv + VSS_BUMPS.csv,1.1,True,VALIDATED
1357,g_chan[1].u_cdc_chr.mem[10][13]$_DFFE_PP_,clk_nand,11.89,8.33,0.006521015573005329,11.883478984426995,setup,measured_cell_rail,orfs_ssd_ctrl_cfg_small,final_psm/ssd_ctrl_cfg_small/VDD_BUMPS.csv + VSS_BUMPS.csv,1.1,True,VALIDATED
1397,g_chan[1].u_cdc_chr.mem[8][17]$_DFFE_PP_,clk_nand,11.89,8.32,0.0056104617507913845,11.88438953824921,setup,measured_cell_rail,orfs_ssd_ctrl_cfg_small,final_psm/ssd_ctrl_cfg_small/VDD_BUMPS.csv + VSS_BUMPS.csv,1.1,True,VALIDATED
1401,g_chan[1].u_cdc_chr.mem[15][17]$_DFFE_PP_,clk_nand,11.89,8.32,0.00560449474885627,11.884395505251144,setup,measured_cell_rail,orfs_ssd_ctrl_cfg_small,final_psm/ssd_ctrl_cfg_small/VDD_BUMPS.csv + VSS_BUMPS.csv,1.1,True,VALIDATED
1415,g_chan[1].u_cdc_chr.mem[9][29]$_DFFE_PP_,clk_nand,11.89,8.31,0.005262710920708624,11.884737289079292,setup,measured_cell_rail,orfs_ssd_ctrl_cfg_small,final_psm/ssd_ctrl_cfg_small/VDD_BUMPS.csv + VSS_BUMPS.csv,1.1,True,VALIDATED
1402,g_chan[1].u_cdc_chr.mem[1][29]$_DFFE_PP_,clk_nand,11.89,8.31,0.005194375967563003,11.884805624032438,setup,measured_cell_rail,orfs_ssd_ctrl_cfg_small,final_psm/ssd_ctrl_cfg_small/VDD_BUMPS.csv + VSS_BUMPS.csv,1.1,True,VALIDATED
1367,g_chan[1].u_cdc_chr.mem[1][2]$_DFFE_PP_,clk_nand,11.89,8.32,0.005004780062814351,11.884995219937187,setup,measured_cell_rail,orfs_ssd_ctrl_cfg_small,final_psm/ssd_ctrl_cfg_small/VDD_BUMPS.csv + VSS_BUMPS.csv,1.1,True,VALIDATED
1377,g_chan[1].u_cdc_chr.mem[0][2]$_DFFE_PP_,clk_nand,11.89,8.32,0.004981648402555994,11.885018351597445,setup,measured_cell_rail,orfs_ssd_ctrl_cfg_small,final_psm/ssd_ctrl_cfg_small/VDD_BUMPS.csv + VSS_BUMPS.csv,1.1,True,VALIDATED
1409,g_chan[1].u_cdc_chr.mem[15][29]$_DFFE_PP_,clk_nand,11.89,8.31,0.00496498685019231,11.885035013149809,setup,measured_cell_rail,orfs_ssd_ctrl_cfg_small,final_psm/ssd_ctrl_cfg_small/VDD_BUMPS.csv + VSS_BUMPS.csv,1.1,True,VALIDATED
1372,g_chan[1].u_cdc_chr.mem[11][2]$_DFFE_PP_,clk_nand,11.89,8.32,0.004944333108812149,11.885055666891189,setup,measured_cell_rail,orfs_ssd_ctrl_cfg_small,final_psm/ssd_ctrl_cfg_small/VDD_BUMPS.csv + VSS_BUMPS.csv,1.1,True,VALIDATED
1369,g_chan[1].u_cdc_chr.mem[10][2]$_DFFE_PP_,clk_nand,11.89,8.32,0.004939856024489542,11.885060143975512,setup,measured_cell_rail,orfs_ssd_ctrl_cfg_small,final_psm/ssd_ctrl_cfg_small/VDD_BUMPS.csv + VSS_BUMPS.csv,1.1,True,VALIDATED
1408,g_chan[1].u_cdc_chr.mem[7][0]$_DFFE_PP_,clk_nand,11.89,8.31,0.004935447254246439,11.885064552745755,setup,measured_cell_rail,orfs_ssd_ctrl_cfg_small,final_psm/ssd_ctrl_cfg_small/VDD_BUMPS.csv + VSS_BUMPS.csv,1.1,True,VALIDATED
1376,g_chan[1].u_cdc_chr.mem[2][2]$_DFFE_PP_,clk_nand,11.89,8.32,0.004935377084995585,11.885064622915005,setup,measured_cell_rail,orfs_ssd_ctrl_cfg_small,final_psm/ssd_ctrl_cfg_small/VDD_BUMPS.csv + VSS_BUMPS.csv,1.1,True,VALIDATED
1378,g_chan[1].u_cdc_chr.mem[3][2]$_DFFE_PP_,clk_nand,11.89,8.32,0.0049316458273982455,11.885068354172603,setup,measured_cell_rail,orfs_ssd_ctrl_cfg_small,final_psm/ssd_ctrl_cfg_small/VDD_BUMPS.csv + VSS_BUMPS.csv,1.1,True,VALIDATED
1358,g_chan[1].u_cdc_chr.mem[10][17]$_DFFE_PP_,clk_nand,11.89,8.32,0.004920282200090886,11.88507971779991,setup,measured_cell_rail,orfs_ssd_ctrl_cfg_small,final_psm/ssd_ctrl_cfg_small/VDD_BUMPS.csv + VSS_BUMPS.csv,1.1,True,VALIDATED
1392,g_chan[1].u_cdc_chr.mem[10][0]$_DFFE_PP_,clk_nand,11.89,8.31,0.0049175572903989995,11.885082442709601,setup,measured_cell_rail,orfs_ssd_ctrl_cfg_small,final_psm/ssd_ctrl_cfg_small/VDD_BUMPS.csv + VSS_BUMPS.csv,1.1,True,VALIDATED
1387,g_chan[1].u_cdc_chr.mem[14][0]$_DFFE_PP_,clk_nand,11.89,8.32,0.004896610307640881,11.88510338969236,setup,measured_cell_rail,orfs_ssd_ctrl_cfg_small,final_psm/ssd_ctrl_cfg_small/VDD_BUMPS.csv + VSS_BUMPS.csv,1.1,True,VALIDATED
1365,g_chan[1].u_cdc_chr.mem[9][2]$_DFFE_PP_,clk_nand,11.89,8.32,0.004872707501232032,11.885127292498769,setup,measured_cell_rail,orfs_ssd_ctrl_cfg_small,final_psm/ssd_ctrl_cfg_small/VDD_BUMPS.csv + VSS_BUMPS.csv,1.1,True,VALIDATED
1373,g_chan[1].u_cdc_chr.mem[8][2]$_DFFE_PP_,clk_nand,11.89,8.32,0.00486673944599314,11.885133260554007,setup,measured_cell_rail,orfs_ssd_ctrl_cfg_small,final_psm/ssd_ctrl_cfg_small/VDD_BUMPS.csv + VSS_BUMPS.csv,1.1,True,VALIDATED
1382,g_chan[1].u_cdc_chr.mem[11][0]$_DFFE_PP_,clk_nand,11.89,8.32,0.0048205007517081455,11.885179499248292,setup,measured_cell_rail,orfs_ssd_ctrl_cfg_small,final_psm/ssd_ctrl_cfg_small/VDD_BUMPS.csv + VSS_BUMPS.csv,1.1,True,VALIDATED
1385,g_chan[1].u_cdc_chr.mem[9][0]$_DFFE_PP_,clk_nand,11.89,8.31,0.004813964719529329,11.885186035280471,setup,measured_cell_rail,orfs_ssd_ctrl_cfg_small,final_psm/ssd_ctrl_cfg_small/VDD_BUMPS.csv + VSS_BUMPS.csv,1.1,True,VALIDATED
1413,g_chan[1].u_cdc_chr.mem[15][2]$_DFFE_PP_,clk_nand,11.89,8.32,0.004808606053972486,11.885191393946029,setup,measured_cell_rail,orfs_ssd_ctrl_cfg_small,final_psm/ssd_ctrl_cfg_small/VDD_BUMPS.csv + VSS_BUMPS.csv,1.1,True,VALIDATED
1414,g_chan[1].u_cdc_chr.mem[6][2]$_DFFE_PP_,clk_nand,11.89,8.31,0.00480133636622293,11.885198663633778,setup,measured_cell_rail,orfs_ssd_ctrl_cfg_small,final_psm/ssd_ctrl_cfg_small/VDD_BUMPS.csv + VSS_BUMPS.csv,1.1,True,VALIDATED
1366,g_chan[1].u_cdc_chr.mem[4][2]$_DFFE_PP_,clk_nand,11.89,8.32,0.0047965937842775475,11.885203406215723,setup,measured_cell_rail,orfs_ssd_ctrl_cfg_small,final_psm/ssd_ctrl_cfg_small/VDD_BUMPS.csv + VSS_BUMPS.csv,1.1,True,VALIDATED
1374,g_chan[1].u_cdc_chr.mem[5][2]$_DFFE_PP_,clk_nand,11.89,8.32,0.004785402753499479,11.8852145972465,setup,measured_cell_rail,orfs_ssd_ctrl_cfg_small,final_psm/ssd_ctrl_cfg_small/VDD_BUMPS.csv + VSS_BUMPS.csv,1.1,True,VALIDATED
1383,g_chan[1].u_cdc_chr.mem[4][0]$_DFFE_PP_,clk_nand,11.89,8.32,0.004781697955805075,11.885218302044196,setup,measured_cell_rail,orfs_ssd_ctrl_cfg_small,final_psm/ssd_ctrl_cfg_small/VDD_BUMPS.csv + VSS_BUMPS.csv,1.1,True,VALIDATED
1355,g_chan[1].u_cdc_chr.mem[1][17]$_DFFE_PP_,clk_nand,11.89,8.32,0.004761778085004886,11.885238221914996,setup,measured_cell_rail,orfs_ssd_ctrl_cfg_small,final_psm/ssd_ctrl_cfg_small/VDD_BUMPS.csv + VSS_BUMPS.csv,1.1,True,VALIDATED
1391,g_chan[1].u_cdc_chr.mem[15][0]$_DFFE_PP_,clk_nand,11.89,8.31,0.004759553965592911,11.885240446034407,setup,measured_cell_rail,orfs_ssd_ctrl_cfg_small,final_psm/ssd_ctrl_cfg_small/VDD_BUMPS.csv + VSS_BUMPS.csv,1.1,True,VALIDATED
1394,g_chan[1].u_cdc_chr.mem[1][0]$_DFFE_PP_,clk_nand,11.89,8.32,0.004745887022440387,11.88525411297756,setup,measured_cell_rail,orfs_ssd_ctrl_cfg_small,final_psm/ssd_ctrl_cfg_small/VDD_BUMPS.csv + VSS_BUMPS.csv,1.1,True,VALIDATED
1406,g_chan[1].u_cdc_chr.mem[0][0]$_DFFE_PP_,clk_nand,11.89,8.31,0.004740182831306505,11.885259817168695,setup,measured_cell_rail,orfs_ssd_ctrl_cfg_small,final_psm/ssd_ctrl_cfg_small/VDD_BUMPS.csv + VSS_BUMPS.csv,1.1,True,VALIDATED
1356,g_chan[1].u_cdc_chr.mem[9][17]$_DFFE_PP_,clk_nand,11.89,8.32,0.004729311764525179,11.885270688235476,setup,measured_cell_rail,orfs_ssd_ctrl_cfg_small,final_psm/ssd_ctrl_cfg_small/VDD_BUMPS.csv + VSS_BUMPS.csv,1.1,True,VALIDATED
1395,g_chan[1].u_cdc_chr.mem[8][8]$_DFFE_PP_,clk_nand,11.89,8.31,0.004712357432502534,11.885287642567498,setup,measured_cell_rail,orfs_ssd_ctrl_cfg_small,final_psm/ssd_ctrl_cfg_small/VDD_BUMPS.csv + VSS_BUMPS.csv,1.1,True,VALIDATED
1410,g_chan[1].u_cdc_chr.mem[6][0]$_DFFE_PP_,clk_nand,11.89,8.32,0.0047056112813732565,11.885294388718627,setup,measured_cell_rail,orfs_ssd_ctrl_cfg_small,final_psm/ssd_ctrl_cfg_small/VDD_BUMPS.csv + VSS_BUMPS.csv,1.1,True,VALIDATED
1361,g_chan[1].u_cdc_chr.mem[3][17]$_DFFE_PP_,clk_nand,11.89,8.32,0.004703429868812337,11.885296570131189,setup,measured_cell_rail,orfs_ssd_ctrl_cfg_small,final_psm/ssd_ctrl_cfg_small/VDD_BUMPS.csv + VSS_BUMPS.csv,1.1,True,VALIDATED
1386,g_chan[1].u_cdc_chr.mem[8][0]$_DFFE_PP_,clk_nand,11.89,8.31,0.004691740218821572,11.88530825978118,setup,measured_cell_rail,orfs_ssd_ctrl_cfg_small,final_psm/ssd_ctrl_cfg_small/VDD_BUMPS.csv + VSS_BUMPS.csv,1.1,True,VALIDATED
1404,g_chan[1].u_cdc_chr.mem[15][12]$_DFFE_PP_,clk_nand,11.89,8.32,0.004680251392729984,11.885319748607271,setup,measured_cell_rail,orfs_ssd_ctrl_cfg_small,final_psm/ssd_ctrl_cfg_small/VDD_BUMPS.csv + VSS_BUMPS.csv,1.1,True,VALIDATED
1379,g_chan[1].u_cdc_chr.mem[5][0]$_DFFE_PP_,clk_nand,11.89,8.32,0.0046764982232379015,11.885323501776762,setup,measured_cell_rail,orfs_ssd_ctrl_cfg_small,final_psm/ssd_ctrl_cfg_small/VDD_BUMPS.csv + VSS_BUMPS.csv,1.1,True,VALIDATED
1389,g_chan[1].u_cdc_chr.mem[13][2]$_DFFE_PP_,clk_nand,11.89,8.31,0.004667144965384784,11.885332855034616,setup,measured_cell_rail,orfs_ssd_ctrl_cfg_small,final_psm/ssd_ctrl_cfg_small/VDD_BUMPS.csv + VSS_BUMPS.csv,1.1,True,VALIDATED
1384,g_chan[1].u_cdc_chr.mem[8][7]$_DFFE_PP_,clk_nand,11.89,8.3,0.00465841509977416,11.885341584900226,setup,measured_cell_rail,orfs_ssd_ctrl_cfg_small,final_psm/ssd_ctrl_cfg_small/VDD_BUMPS.csv + VSS_BUMPS.csv,1.1,True,VALIDATED
1380,g_chan[1].u_cdc_chr.mem[12][2]$_DFFE_PP_,clk_nand,11.89,8.32,0.004648145254039893,11.885351854745961,setup,measured_cell_rail,orfs_ssd_ctrl_cfg_small,final_psm/ssd_ctrl_cfg_small/VDD_BUMPS.csv + VSS_BUMPS.csv,1.1,True,VALIDATED
1393,g_chan[1].u_cdc_chr.mem[14][12]$_DFFE_PP_,clk_nand,11.89,8.32,0.004638457641678029,11.885361542358323,setup,measured_cell_rail,orfs_ssd_ctrl_cfg_small,final_psm/ssd_ctrl_cfg_small/VDD_BUMPS.csv + VSS_BUMPS.csv,1.1,True,VALIDATED
1388,g_chan[1].u_cdc_chr.mem[13][12]$_DFFE_PP_,clk_nand,11.89,8.32,0.004635473879194496,11.885364526120807,setup,measured_cell_rail,orfs_ssd_ctrl_cfg_small,final_psm/ssd_ctrl_cfg_small/VDD_BUMPS.csv + VSS_BUMPS.csv,1.1,True,VALIDATED
1381,g_chan[1].u_cdc_chr.mem[5][8]$_DFFE_PP_,clk_nand,11.89,8.31,0.004616328440542494,11.885383671559458,setup,measured_cell_rail,orfs_ssd_ctrl_cfg_small,final_psm/ssd_ctrl_cfg_small/VDD_BUMPS.csv + VSS_BUMPS.csv,1.1,True,VALIDATED
1396,g_chan[1].u_cdc_chr.mem[12][0]$_DFFE_PP_,clk_nand,11.89,8.32,0.0046130930937362535,11.885386906906264,setup,measured_cell_rail,orfs_ssd_ctrl_cfg_small,final_psm/ssd_ctrl_cfg_small/VDD_BUMPS.csv + VSS_BUMPS.csv,1.1,True,VALIDATED
1403,g_chan[1].u_cdc_chr.mem[2][12]$_DFFE_PP_,clk_nand,11.89,8.32,0.004606371010395183,11.885393628989606,setup,measured_cell_rail,orfs_ssd_ctrl_cfg_small,final_psm/ssd_ctrl_cfg_small/VDD_BUMPS.csv + VSS_BUMPS.csv,1.1,True,VALIDATED
1364,g_chan[1].u_cdc_chr.mem[11][17]$_DFFE_PP_,clk_nand,11.89,8.32,0.0045947002055273245,11.885405299794474,setup,measured_cell_rail,orfs_ssd_ctrl_cfg_small,final_psm/ssd_ctrl_cfg_small/VDD_BUMPS.csv + VSS_BUMPS.csv,1.1,True,VALIDATED
1405,g_chan[1].u_cdc_chr.mem[3][12]$_DFFE_PP_,clk_nand,11.89,8.32,0.004591451409756031,11.885408548590245,setup,measured_cell_rail,orfs_ssd_ctrl_cfg_small,final_psm/ssd_ctrl_cfg_small/VDD_BUMPS.csv + VSS_BUMPS.csv,1.1,True,VALIDATED
1359,g_chan[1].u_cdc_chr.mem[2][17]$_DFFE_PP_,clk_nand,11.89,8.32,0.00459002905646011,11.88540997094354,setup,measured_cell_rail,orfs_ssd_ctrl_cfg_small,final_psm/ssd_ctrl_cfg_small/VDD_BUMPS.csv + VSS_BUMPS.csv,1.1,True,VALIDATED
1362,g_chan[1].u_cdc_chr.mem[4][17]$_DFFE_PP_,clk_nand,11.89,8.32,0.004583398871216948,11.885416601128783,setup,measured_cell_rail,orfs_ssd_ctrl_cfg_small,final_psm/ssd_ctrl_cfg_small/VDD_BUMPS.csv + VSS_BUMPS.csv,1.1,True,VALIDATED
1390,g_chan[1].u_cdc_chr.mem[4][8]$_DFFE_PP_,clk_nand,11.89,8.3,0.004564477118439658,11.885435522881561,setup,measured_cell_rail,orfs_ssd_ctrl_cfg_small,final_psm/ssd_ctrl_cfg_small/VDD_BUMPS.csv + VSS_BUMPS.csv,1.1,True,VALIDATED
1360,g_chan[1].u_cdc_chr.mem[5][17]$_DFFE_PP_,clk_nand,11.89,8.32,0.004562183348309601,11.885437816651692,setup,measured_cell_rail,orfs_ssd_ctrl_cfg_small,final_psm/ssd_ctrl_cfg_small/VDD_BUMPS.csv + VSS_BUMPS.csv,1.1,True,VALIDATED
1399,g_chan[1].u_cdc_chr.mem[1][12]$_DFFE_PP_,clk_nand,11.89,8.32,0.0045578849281755485,11.885442115071825,setup,measured_cell_rail,orfs_ssd_ctrl_cfg_small,final_psm/ssd_ctrl_cfg_small/VDD_BUMPS.csv + VSS_BUMPS.csv,1.1,True,VALIDATED
1400,g_chan[1].u_cdc_chr.mem[0][12]$_DFFE_PP_,clk_nand,11.89,8.32,0.0045578849281755485,11.885442115071825,setup,measured_cell_rail,orfs_ssd_ctrl_cfg_small,final_psm/ssd_ctrl_cfg_small/VDD_BUMPS.csv + VSS_BUMPS.csv,1.1,True,VALIDATED
1412,g_chan[1].u_cdc_chr.mem[13][0]$_DFFE_PP_,clk_nand,11.89,8.32,0.004553418560442557,11.885446581439558,setup,measured_cell_rail,orfs_ssd_ctrl_cfg_small,final_psm/ssd_ctrl_cfg_small/VDD_BUMPS.csv + VSS_BUMPS.csv,1.1,True,VALIDATED
1370,g_chan[1].u_cdc_chr.mem[6][17]$_DFFE_PP_,clk_nand,11.89,8.32,0.004550250333050121,11.88544974966695,setup,measured_cell_rail,orfs_ssd_ctrl_cfg_small,final_psm/ssd_ctrl_cfg_small/VDD_BUMPS.csv + VSS_BUMPS.csv,1.1,True,VALIDATED
1398,g_chan[1].u_cdc_chr.mem[10][12]$_DFFE_PP_,clk_nand,11.89,8.32,0.004491501043950352,11.88550849895605,setup,measured_cell_rail,orfs_ssd_ctrl_cfg_small,final_psm/ssd_ctrl_cfg_small/VDD_BUMPS.csv + VSS_BUMPS.csv,1.1,True,VALIDATED
1407,g_chan[1].u_cdc_chr.mem[9][12]$_DFFE_PP_,clk_nand,11.89,8.32,0.004486279152376538,11.885513720847625,setup,measured_cell_rail,orfs_ssd_ctrl_cfg_small,final_psm/ssd_ctrl_cfg_small/VDD_BUMPS.csv + VSS_BUMPS.csv,1.1,True,VALIDATED
1411,g_chan[1].u_cdc_chr.mem[7][12]$_DFFE_PP_,clk_nand,11.89,8.32,0.004477327542476095,11.885522672457524,setup,measured_cell_rail,orfs_ssd_ctrl_cfg_small,final_psm/ssd_ctrl_cfg_small/VDD_BUMPS.csv + VSS_BUMPS.csv,1.1,True,VALIDATED
1363,g_chan[1].u_cdc_chr.mem[14][17]$_DFFE_PP_,clk_nand,11.89,8.32,0.00447267725287126,11.88552732274713,setup,measured_cell_rail,orfs_ssd_ctrl_cfg_small,final_psm/ssd_ctrl_cfg_small/VDD_BUMPS.csv + VSS_BUMPS.csv,1.1,True,VALIDATED
1368,g_chan[1].u_cdc_chr.mem[13][17]$_DFFE_PP_,clk_nand,11.89,8.32,0.004453450292799643,11.8855465497072,setup,measured_cell_rail,orfs_ssd_ctrl_cfg_small,final_psm/ssd_ctrl_cfg_small/VDD_BUMPS.csv + VSS_BUMPS.csv,1.1,True,VALIDATED
1371,g_chan[1].u_cdc_chr.mem[12][17]$_DFFE_PP_,clk_nand,11.89,8.32,0.004452787318056872,11.885547212681944,setup,measured_cell_rail,orfs_ssd_ctrl_cfg_small,final_psm/ssd_ctrl_cfg_small/VDD_BUMPS.csv + VSS_BUMPS.csv,1.1,True,VALIDATED
1375,g_chan[1].u_cdc_chr.mem[7][17]$_DFFE_PP_,clk_nand,11.89,8.32,0.004431572966821173,11.88556842703318,setup,measured_cell_rail,orfs_ssd_ctrl_cfg_small,final_psm/ssd_ctrl_cfg_small/VDD_BUMPS.csv + VSS_BUMPS.csv,1.1,True,VALIDATED
1501,g_chan[1].u_cdc_chr.mem[14][23]$_DFFE_PP_,clk_nand,11.9,8.31,0.006176306806982779,11.893823693193017,setup,measured_cell_rail,orfs_ssd_ctrl_cfg_small,final_psm/ssd_ctrl_cfg_small/VDD_BUMPS.csv + VSS_BUMPS.csv,1.1,True,VALIDATED
1500,g_chan[1].u_cdc_chr.mem[15][23]$_DFFE_PP_,clk_nand,11.9,8.31,0.006156417046753293,11.893843582953247,setup,measured_cell_rail,orfs_ssd_ctrl_cfg_small,final_psm/ssd_ctrl_cfg_small/VDD_BUMPS.csv + VSS_BUMPS.csv,1.1,True,VALIDATED
1482,g_chan[1].u_cdc_chr.mem[13][23]$_DFFE_PP_,clk_nand,11.9,8.31,0.0061013985202754695,11.893898601479725,setup,measured_cell_rail,orfs_ssd_ctrl_cfg_small,final_psm/ssd_ctrl_cfg_small/VDD_BUMPS.csv + VSS_BUMPS.csv,1.1,True,VALIDATED
1484,g_chan[1].u_cdc_chr.mem[12][23]$_DFFE_PP_,clk_nand,11.9,8.31,0.006087479752134306,11.893912520247866,setup,measured_cell_rail,orfs_ssd_ctrl_cfg_small,final_psm/ssd_ctrl_cfg_small/VDD_BUMPS.csv + VSS_BUMPS.csv,1.1,True,VALIDATED
1503,g_chan[1].u_cdc_chr.mem[11][23]$_DFFE_PP_,clk_nand,11.9,8.31,0.006064283365718293,11.893935716634282,setup,measured_cell_rail,orfs_ssd_ctrl_cfg_small,final_psm/ssd_ctrl_cfg_small/VDD_BUMPS.csv + VSS_BUMPS.csv,1.1,True,VALIDATED
1506,g_chan[1].u_cdc_chr.mem[3][23]$_DFFE_PP_,clk_nand,11.9,8.31,0.0060357876181287295,11.89396421238187,setup,measured_cell_rail,orfs_ssd_ctrl_cfg_small,final_psm/ssd_ctrl_cfg_small/VDD_BUMPS.csv + VSS_BUMPS.csv,1.1,True,VALIDATED
1449,g_chan[1].u_cdc_chr.mem[0][29]$_DFFE_PP_,clk_nand,11.9,8.31,0.005973033713632558,11.894026966286368,setup,measured_cell_rail,orfs_ssd_ctrl_cfg_small,final_psm/ssd_ctrl_cfg_small/VDD_BUMPS.csv + VSS_BUMPS.csv,1.1,True,VALIDATED
1491,g_chan[1].u_cdc_chr.mem[11][31]$_DFFE_PP_,clk_nand,11.9,8.31,0.005930003385181459,11.89406999661482,setup,measured_cell_rail,orfs_ssd_ctrl_cfg_small,final_psm/ssd_ctrl_cfg_small/VDD_BUMPS.csv + VSS_BUMPS.csv,1.1,True,VALIDATED
1493,g_chan[1].u_cdc_chr.mem[10][31]$_DFFE_PP_,clk_nand,11.9,8.31,0.0058845513862517684,11.894115448613748,setup,measured_cell_rail,orfs_ssd_ctrl_cfg_small,final_psm/ssd_ctrl_cfg_small/VDD_BUMPS.csv + VSS_BUMPS.csv,1.1,True,VALIDATED
1512,g_chan[1].u_cdc_chr.mem[2][23]$_DFFE_PP_,clk_nand,11.9,8.31,0.0058230330405911745,11.894176966959408,setup,measured_cell_rail,orfs_ssd_ctrl_cfg_small,final_psm/ssd_ctrl_cfg_small/VDD_BUMPS.csv + VSS_BUMPS.csv,1.1,True,VALIDATED
1458,g_chan[1].u_cdc_chr.mem[9][31]$_DFFE_PP_,clk_nand,11.9,8.31,0.005818123100659767,11.89418187689934,setup,measured_cell_rail,orfs_ssd_ctrl_cfg_small,final_psm/ssd_ctrl_cfg_small/VDD_BUMPS.csv + VSS_BUMPS.csv,1.1,True,VALIDATED
1511,g_chan[1].u_cdc_chr.mem[7][23]$_DFFE_PP_,clk_nand,11.9,8.31,0.005757418039948781,11.894242581960052,setup,measured_cell_rail,orfs_ssd_ctrl_cfg_small,final_psm/ssd_ctrl_cfg_small/VDD_BUMPS.csv + VSS_BUMPS.csv,1.1,True,VALIDATED
1516,g_chan[1].u_cdc_chr.mem[6][23]$_DFFE_PP_,clk_nand,11.9,8.31,0.005748803087889276,11.89425119691211,setup,measured_cell_rail,orfs_ssd_ctrl_cfg_small,final_psm/ssd_ctrl_cfg_small/VDD_BUMPS.csv + VSS_BUMPS.csv,1.1,True,VALIDATED
1510,g_chan[1].u_cdc_chr.mem[5][31]$_DFFE_PP_,clk_nand,11.9,8.31,0.005713171953069418,11.894286828046932,setup,measured_cell_rail,orfs_ssd_ctrl_cfg_small,final_psm/ssd_ctrl_cfg_small/VDD_BUMPS.csv + VSS_BUMPS.csv,1.1,True,VALIDATED
1505,g_chan[1].u_cdc_chr.mem[6][31]$_DFFE_PP_,clk_nand,11.9,8.31,0.0056975258587768085,11.894302474141224,setup,measured_cell_rail,orfs_ssd_ctrl_cfg_small,final_psm/ssd_ctrl_cfg_small/VDD_BUMPS.csv + VSS_BUMPS.csv,1.1,True,VALIDATED
1509,g_chan[1].u_cdc_chr.mem[0][23]$_DFFE_PP_,clk_nand,11.9,8.31,0.005691790268638752,11.894308209731362,setup,measured_cell_rail,orfs_ssd_ctrl_cfg_small,final_psm/ssd_ctrl_cfg_small/VDD_BUMPS.csv + VSS_BUMPS.csv,1.1,True,VALIDATED
1502,g_chan[1].u_cdc_chr.mem[7][31]$_DFFE_PP_,clk_nand,11.9,8.31,0.005690075615005341,11.894309924384995,setup,measured_cell_rail,orfs_ssd_ctrl_cfg_small,final_psm/ssd_ctrl_cfg_small/VDD_BUMPS.csv + VSS_BUMPS.csv,1.1,True,VALIDATED
1504,g_chan[1].u_cdc_chr.mem[1][23]$_DFFE_PP_,clk_nand,11.9,8.31,0.005686487887145986,11.894313512112854,setup,measured_cell_rail,orfs_ssd_ctrl_cfg_small,final_psm/ssd_ctrl_cfg_small/VDD_BUMPS.csv + VSS_BUMPS.csv,1.1,True,VALIDATED
1472,g_chan[1].u_cdc_chr.mem[2][31]$_DFFE_PP_,clk_nand,11.9,8.31,0.005657854637972415,11.894342145362028,setup,measured_cell_rail,orfs_ssd_ctrl_cfg_small,final_psm/ssd_ctrl_cfg_small/VDD_BUMPS.csv + VSS_BUMPS.csv,1.1,True,VALIDATED
1508,g_chan[1].u_cdc_chr.mem[8][23]$_DFFE_PP_,clk_nand,11.9,8.31,0.005651362183719533,11.89434863781628,setup,measured_cell_rail,orfs_ssd_ctrl_cfg_small,final_psm/ssd_ctrl_cfg_small/VDD_BUMPS.csv + VSS_BUMPS.csv,1.1,True,VALIDATED
1513,g_chan[1].u_cdc_chr.mem[10][23]$_DFFE_PP_,clk_nand,11.9,8.31,0.005637445689266496,11.894362554310733,setup,measured_cell_rail,orfs_ssd_ctrl_cfg_small,final_psm/ssd_ctrl_cfg_small/VDD_BUMPS.csv + VSS_BUMPS.csv,1.1,True,VALIDATED
1471,g_chan[1].u_cdc_chr.mem[8][31]$_DFFE_PP_,clk_nand,11.9,8.31,0.005619104816965592,11.894380895183035,setup,measured_cell_rail,orfs_ssd_ctrl_cfg_small,final_psm/ssd_ctrl_cfg_small/VDD_BUMPS.csv + VSS_BUMPS.csv,1.1,True,VALIDATED
1465,g_chan[1].u_cdc_chr.mem[1][31]$_DFFE_PP_,clk_nand,11.9,8.31,0.005606437562248878,11.894393562437752,setup,measured_cell_rail,orfs_ssd_ctrl_cfg_small,final_psm/ssd_ctrl_cfg_small/VDD_BUMPS.csv + VSS_BUMPS.csv,1.1,True,VALIDATED
1468,g_chan[1].u_cdc_chr.mem[0][31]$_DFFE_PP_,clk_nand,11.9,8.31,0.005605692445723731,11.894394307554277,setup,measured_cell_rail,orfs_ssd_ctrl_cfg_small,final_psm/ssd_ctrl_cfg_small/VDD_BUMPS.csv + VSS_BUMPS.csv,1.1,True,VALIDATED
1517,g_chan[1].u_cdc_chr.mem[5][23]$_DFFE_PP_,clk_nand,11.9,8.31,0.005597025567593894,11.894402974432406,setup,measured_cell_rail,orfs_ssd_ctrl_cfg_small,final_psm/ssd_ctrl_cfg_small/VDD_BUMPS.csv + VSS_BUMPS.csv,1.1,True,VALIDATED
1477,g_chan[1].u_cdc_chr.mem[3][31]$_DFFE_PP_,clk_nand,11.9,8.31,0.005587059387020421,11.89441294061298,setup,measured_cell_rail,orfs_ssd_ctrl_cfg_small,final_psm/ssd_ctrl_cfg_small/VDD_BUMPS.csv + VSS_BUMPS.csv,1.1,True,VALIDATED
1469,g_chan[1].u_cdc_chr.mem[15][31]$_DFFE_PP_,clk_nand,11.9,8.31,0.005583339782039287,11.894416660217962,setup,measured_cell_rail,orfs_ssd_ctrl_cfg_small,final_psm/ssd_ctrl_cfg_small/VDD_BUMPS.csv + VSS_BUMPS.csv,1.1,True,VALIDATED
1467,g_chan[1].u_cdc_chr.mem[14][31]$_DFFE_PP_,clk_nand,11.9,8.31,0.005569928956794312,11.894430071043207,setup,measured_cell_rail,orfs_ssd_ctrl_cfg_small,final_psm/ssd_ctrl_cfg_small/VDD_BUMPS.csv + VSS_BUMPS.csv,1.1,True,VALIDATED
1515,g_chan[1].u_cdc_chr.mem[4][23]$_DFFE_PP_,clk_nand,11.9,8.31,0.005549324191896021,11.894450675808104,setup,measured_cell_rail,orfs_ssd_ctrl_cfg_small,final_psm/ssd_ctrl_cfg_small/VDD_BUMPS.csv + VSS_BUMPS.csv,1.1,True,VALIDATED
1446,g_chan[1].u_cdc_chr.mem[7][29]$_DFFE_PP_,clk_nand,11.9,8.31,0.005514363060953542,11.894485636939047,setup,measured_cell_rail,orfs_ssd_ctrl_cfg_small,final_psm/ssd_ctrl_cfg_small/VDD_BUMPS.csv + VSS_BUMPS.csv,1.1,True,VALIDATED
1514,g_chan[1].u_cdc_chr.mem[9][23]$_DFFE_PP_,clk_nand,11.9,8.31,0.005508241478082154,11.894491758521918,setup,measured_cell_rail,orfs_ssd_ctrl_cfg_small,final_psm/ssd_ctrl_cfg_small/VDD_BUMPS.csv + VSS_BUMPS.csv,1.1,True,VALIDATED
1453,g_chan[1].u_cdc_chr.mem[6][29]$_DFFE_PP_,clk_nand,11.9,8.31,0.005505749929844428,11.894494250070156,setup,measured_cell_rail,orfs_ssd_ctrl_cfg_small,final_psm/ssd_ctrl_cfg_small/VDD_BUMPS.csv + VSS_BUMPS.csv,1.1,True,VALIDATED
1443,g_chan[1].u_cdc_chr.mem[8][5]$_DFFE_PP_,clk_nand,11.9,8.31,0.0053818296722799586,11.894618170327721,setup,measured_cell_rail,orfs_ssd_ctrl_cfg_small,final_psm/ssd_ctrl_cfg_small/VDD_BUMPS.csv + VSS_BUMPS.csv,1.1,True,VALIDATED
1448,g_chan[1].u_cdc_chr.mem[1][5]$_DFFE_PP_,clk_nand,11.9,8.31,0.005300276461753239,11.894699723538247,setup,measured_cell_rail,orfs_ssd_ctrl_cfg_small,final_psm/ssd_ctrl_cfg_small/VDD_BUMPS.csv + VSS_BUMPS.csv,1.1,True,VALIDATED
1442,g_chan[1].u_cdc_chr.mem[3][5]$_DFFE_PP_,clk_nand,11.9,8.31,0.00527177167559445,11.894728228324405,setup,measured_cell_rail,orfs_ssd_ctrl_cfg_small,final_psm/ssd_ctrl_cfg_small/VDD_BUMPS.csv + VSS_BUMPS.csv,1.1,True,VALIDATED
1439,g_chan[1].u_cdc_chr.mem[0][5]$_DFFE_PP_,clk_nand,11.9,8.31,0.00527177167559445,11.894728228324405,setup,measured_cell_rail,orfs_ssd_ctrl_cfg_small,final_psm/ssd_ctrl_cfg_small/VDD_BUMPS.csv + VSS_BUMPS.csv,1.1,True,VALIDATED
1452,g_chan[1].u_cdc_chr.mem[2][5]$_DFFE_PP_,clk_nand,11.9,8.31,0.005270445943261759,11.894729554056738,setup,measured_cell_rail,orfs_ssd_ctrl_cfg_small,final_psm/ssd_ctrl_cfg_small/VDD_BUMPS.csv + VSS_BUMPS.csv,1.1,True,VALIDATED
1436,g_chan[1].u_cdc_chr.mem[9][5]$_DFFE_PP_,clk_nand,11.9,8.31,0.005267794497708644,11.894732205502292,setup,measured_cell_rail,orfs_ssd_ctrl_cfg_small,final_psm/ssd_ctrl_cfg_small/VDD_BUMPS.csv + VSS_BUMPS.csv,1.1,True,VALIDATED
1420,g_chan[1].u_cdc_chr.mem[8][29]$_DFFE_PP_,clk_nand,11.9,8.31,0.005262710920708624,11.894737289079291,setup,measured_cell_rail,orfs_ssd_ctrl_cfg_small,final_psm/ssd_ctrl_cfg_small/VDD_BUMPS.csv + VSS_BUMPS.csv,1.1,True,VALIDATED
1474,g_chan[1].u_cdc_chr.mem[5][26]$_DFFE_PP_,clk_nand,11.9,8.31,0.005255636254120621,11.894744363745879,setup,measured_cell_rail,orfs_ssd_ctrl_cfg_small,final_psm/ssd_ctrl_cfg_small/VDD_BUMPS.csv + VSS_BUMPS.csv,1.1,True,VALIDATED
1429,g_chan[1].u_cdc_chr.mem[2][29]$_DFFE_PP_,clk_nand,11.9,8.31,0.005252065680402818,11.894747934319598,setup,measured_cell_rail,orfs_ssd_ctrl_cfg_small,final_psm/ssd_ctrl_cfg_small/VDD_BUMPS.csv + VSS_BUMPS.csv,1.1,True,VALIDATED
1475,g_chan[1].u_cdc_chr.mem[15][26]$_DFFE_PP_,clk_nand,11.9,8.31,0.005229126002677664,11.894770873997322,setup,measured_cell_rail,orfs_ssd_ctrl_cfg_small,final_psm/ssd_ctrl_cfg_small/VDD_BUMPS.csv + VSS_BUMPS.csv,1.1,True,VALIDATED
1428,g_chan[1].u_cdc_chr.mem[3][29]$_DFFE_PP_,clk_nand,11.9,8.31,0.005222887231194462,11.894777112768805,setup,measured_cell_rail,orfs_ssd_ctrl_cfg_small,final_psm/ssd_ctrl_cfg_small/VDD_BUMPS.csv + VSS_BUMPS.csv,1.1,True,VALIDATED
1470,g_chan[1].u_cdc_chr.mem[6][26]$_DFFE_PP_,clk_nand,11.9,8.31,0.0051820765799581725,11.894817923420042,setup,measured_cell_rail,orfs_ssd_ctrl_cfg_small,final_psm/ssd_ctrl_cfg_small/VDD_BUMPS.csv + VSS_BUMPS.csv,1.1,True,VALIDATED
1459,g_chan[1].u_cdc_chr.mem[12][5]$_DFFE_PP_,clk_nand,11.9,8.31,0.005177620903949132,11.894822379096052,setup,measured_cell_rail,orfs_ssd_ctrl_cfg_small,final_psm/ssd_ctrl_cfg_small/VDD_BUMPS.csv + VSS_BUMPS.csv,1.1,True,VALIDATED
1464,g_chan[1].u_cdc_chr.mem[7][26]$_DFFE_PP_,clk_nand,11.9,8.31,0.005174787950693482,11.894825212049307,setup,measured_cell_rail,orfs_ssd_ctrl_cfg_small,final_psm/ssd_ctrl_cfg_small/VDD_BUMPS.csv + VSS_BUMPS.csv,1.1,True,VALIDATED
1461,g_chan[1].u_cdc_chr.mem[13][5]$_DFFE_PP_,clk_nand,11.9,8.31,0.0051570687196687,11.894842931280332,setup,measured_cell_rail,orfs_ssd_ctrl_cfg_small,final_psm/ssd_ctrl_cfg_small/VDD_BUMPS.csv + VSS_BUMPS.csv,1.1,True,VALIDATED
1419,g_chan[1].u_cdc_chr.mem[11][29]$_DFFE_PP_,clk_nand,11.9,8.31,0.005143984428753079,11.894856015571246,setup,measured_cell_rail,orfs_ssd_ctrl_cfg_small,final_psm/ssd_ctrl_cfg_small/VDD_BUMPS.csv + VSS_BUMPS.csv,1.1,True,VALIDATED
1460,g_chan[1].u_cdc_chr.mem[4][26]$_DFFE_PP_,clk_nand,11.9,8.31,0.005133047692967185,11.894866952307034,setup,measured_cell_rail,orfs_ssd_ctrl_cfg_small,final_psm/ssd_ctrl_cfg_small/VDD_BUMPS.csv + VSS_BUMPS.csv,1.1,True,VALIDATED
1466,g_chan[1].u_cdc_chr.mem[2][26]$_DFFE_PP_,clk_nand,11.9,8.31,0.005116485849106289,11.894883514150894,setup,measured_cell_rail,orfs_ssd_ctrl_cfg_small,final_psm/ssd_ctrl_cfg_small/VDD_BUMPS.csv + VSS_BUMPS.csv,1.1,True,VALIDATED
1463,g_chan[1].u_cdc_chr.mem[3][26]$_DFFE_PP_,clk_nand,11.9,8.31,0.005113173599670673,11.89488682640033,setup,measured_cell_rail,orfs_ssd_ctrl_cfg_small,final_psm/ssd_ctrl_cfg_small/VDD_BUMPS.csv + VSS_BUMPS.csv,1.1,True,VALIDATED
1476,g_chan[1].u_cdc_chr.mem[14][26]$_DFFE_PP_,clk_nand,11.9,8.31,0.005100571525416653,11.894899428474584,setup,measured_cell_rail,orfs_ssd_ctrl_cfg_small,final_psm/ssd_ctrl_cfg_small/VDD_BUMPS.csv + VSS_BUMPS.csv,1.1,True,VALIDATED
1457,g_chan[1].u_cdc_chr.mem[11][5]$_DFFE_PP_,clk_nand,11.9,8.31,0.0050974217890854545,11.894902578210916,setup,measured_cell_rail,orfs_ssd_ctrl_cfg_small,final_psm/ssd_ctrl_cfg_small/VDD_BUMPS.csv + VSS_BUMPS.csv,1.1,True,VALIDATED
1455,g_chan[1].u_cdc_chr.mem[15][5]$_DFFE_PP_,clk_nand,11.9,8.31,0.005082165652380843,11.89491783434762,setup,measured_cell_rail,orfs_ssd_ctrl_cfg_small,final_psm/ssd_ctrl_cfg_small/VDD_BUMPS.csv + VSS_BUMPS.csv,1.1,True,VALIDATED
1473,g_chan[1].u_cdc_chr.mem[12][26]$_DFFE_PP_,clk_nand,11.9,8.31,0.005072746992822896,11.894927253007177,setup,measured_cell_rail,orfs_ssd_ctrl_cfg_small,final_psm/ssd_ctrl_cfg_small/VDD_BUMPS.csv + VSS_BUMPS.csv,1.1,True,VALIDATED
1487,g_chan[1].u_cdc_chr.mem[13][26]$_DFFE_PP_,clk_nand,11.9,8.31,0.005066784958158266,11.894933215041842,setup,measured_cell_rail,orfs_ssd_ctrl_cfg_small,final_psm/ssd_ctrl_cfg_small/VDD_BUMPS.csv + VSS_BUMPS.csv,1.1,True,VALIDATED
1422,g_chan[1].u_cdc_chr.mem[10][29]$_DFFE_PP_,clk_nand,11.9,8.31,0.005065745731375193,11.894934254268625,setup,measured_cell_rail,orfs_ssd_ctrl_cfg_small,final_psm/ssd_ctrl_cfg_small/VDD_BUMPS.csv + VSS_BUMPS.csv,1.1,True,VALIDATED
1462,g_chan[1].u_cdc_chr.mem[14][5]$_DFFE_PP_,clk_nand,11.9,8.31,0.00504243708738672,11.894957562912614,setup,measured_cell_rail,orfs_ssd_ctrl_cfg_small,final_psm/ssd_ctrl_cfg_small/VDD_BUMPS.csv + VSS_BUMPS.csv,1.1,True,VALIDATED
1432,g_chan[1].u_cdc_chr.mem[7][5]$_DFFE_PP_,clk_nand,11.9,8.31,0.005028537812865053,11.894971462187135,setup,measured_cell_rail,orfs_ssd_ctrl_cfg_small,final_psm/ssd_ctrl_cfg_small/VDD_BUMPS.csv + VSS_BUMPS.csv,1.1,True,VALIDATED
1416,g_chan[1].u_cdc_chr.mem[0][26]$_DFFE_PP_,clk_nand,11.9,8.31,0.004982619745266148,11.895017380254734,setup,measured_cell_rail,orfs_ssd_ctrl_cfg_small,final_psm/ssd_ctrl_cfg_small/VDD_BUMPS.csv + VSS_BUMPS.csv,1.1,True,VALIDATED
1451,g_chan[1].u_cdc_chr.mem[3][0]$_DFFE_PP_,clk_nand,11.9,8.32,0.004965291995949084,11.89503470800405,setup,measured_cell_rail,orfs_ssd_ctrl_cfg_small,final_psm/ssd_ctrl_cfg_small/VDD_BUMPS.csv + VSS_BUMPS.csv,1.1,True,VALIDATED
1437,g_chan[1].u_cdc_chr.mem[14][29]$_DFFE_PP_,clk_nand,11.9,8.31,0.004962998349639425,11.89503700165036,setup,measured_cell_rail,orfs_ssd_ctrl_cfg_small,final_psm/ssd_ctrl_cfg_small/VDD_BUMPS.csv + VSS_BUMPS.csv,1.1,True,VALIDATED
1434,g_chan[1].u_cdc_chr.mem[1][26]$_DFFE_PP_,clk_nand,11.9,8.31,0.004962077582439606,11.895037922417561,setup,measured_cell_rail,orfs_ssd_ctrl_cfg_small,final_psm/ssd_ctrl_cfg_small/VDD_BUMPS.csv + VSS_BUMPS.csv,1.1,True,VALIDATED
1440,g_chan[1].u_cdc_chr.mem[13][29]$_DFFE_PP_,clk_nand,11.9,8.31,0.004956370117978115,11.895043629882021,setup,measured_cell_rail,orfs_ssd_ctrl_cfg_small,final_psm/ssd_ctrl_cfg_small/VDD_BUMPS.csv + VSS_BUMPS.csv,1.1,True,VALIDATED
1454,g_chan[1].u_cdc_chr.mem[5][5]$_DFFE_PP_,clk_nand,11.9,8.31,0.004952947681616471,11.895047052318384,setup,measured_cell_rail,orfs_ssd_ctrl_cfg_small,final_psm/ssd_ctrl_cfg_small/VDD_BUMPS.csv + VSS_BUMPS.csv,1.1,True,VALIDATED
1425,g_chan[1].u_cdc_chr.mem[12][29]$_DFFE_PP_,clk_nand,11.9,8.31,0.004939800235524983,11.895060199764476,setup,measured_cell_rail,orfs_ssd_ctrl_cfg_small,final_psm/ssd_ctrl_cfg_small/VDD_BUMPS.csv + VSS_BUMPS.csv,1.1,True,VALIDATED
1438,g_chan[1].u_cdc_chr.mem[9][26]$_DFFE_PP_,clk_nand,11.9,8.31,0.004920335319404057,11.895079664680596,setup,measured_cell_rail,orfs_ssd_ctrl_cfg_small,final_psm/ssd_ctrl_cfg_small/VDD_BUMPS.csv + VSS_BUMPS.csv,1.1,True,VALIDATED
1427,g_chan[1].u_cdc_chr.mem[8][26]$_DFFE_PP_,clk_nand,11.9,8.31,0.004917022711940722,11.895082977288059,setup,measured_cell_rail,orfs_ssd_ctrl_cfg_small,final_psm/ssd_ctrl_cfg_small/VDD_BUMPS.csv + VSS_BUMPS.csv,1.1,True,VALIDATED
1444,g_chan[1].u_cdc_chr.mem[5][29]$_DFFE_PP_,clk_nand,11.9,8.31,0.004913953206099442,11.895086046793901,setup,measured_cell_rail,orfs_ssd_ctrl_cfg_small,final_psm/ssd_ctrl_cfg_small/VDD_BUMPS.csv + VSS_BUMPS.csv,1.1,True,VALIDATED
1441,g_chan[1].u_cdc_chr.mem[6][5]$_DFFE_PP_,clk_nand,11.9,8.31,0.004901918573763209,11.895098081426237,setup,measured_cell_rail,orfs_ssd_ctrl_cfg_small,final_psm/ssd_ctrl_cfg_small/VDD_BUMPS.csv + VSS_BUMPS.csv,1.1,True,VALIDATED
1456,g_chan[1].u_cdc_chr.mem[4][5]$_DFFE_PP_,clk_nand,11.9,8.31,0.004886015326773352,11.895113984673227,setup,measured_cell_rail,orfs_ssd_ctrl_cfg_small,final_psm/ssd_ctrl_cfg_small/VDD_BUMPS.csv + VSS_BUMPS.csv,1.1,True,VALIDATED
1445,g_chan[1].u_cdc_chr.mem[2][0]$_DFFE_PP_,clk_nand,11.9,8.32,0.004867549610628297,11.895132450389372,setup,measured_cell_rail,orfs_ssd_ctrl_cfg_small,final_psm/ssd_ctrl_cfg_small/VDD_BUMPS.csv + VSS_BUMPS.csv,1.1,True,VALIDATED
1450,g_chan[1].u_cdc_chr.mem[10][5]$_DFFE_PP_,clk_nand,11.9,8.31,0.004847586264852821,11.895152413735147,setup,measured_cell_rail,orfs_ssd_ctrl_cfg_small,final_psm/ssd_ctrl_cfg_small/VDD_BUMPS.csv + VSS_BUMPS.csv,1.1,True,VALIDATED
1424,g_chan[1].u_cdc_chr.mem[7][2]$_DFFE_PP_,clk_nand,11.9,8.31,0.004819963295192853,11.895180036704808,setup,measured_cell_rail,orfs_ssd_ctrl_cfg_small,final_psm/ssd_ctrl_cfg_small/VDD_BUMPS.csv + VSS_BUMPS.csv,1.1,True,VALIDATED
1417,g_chan[1].u_cdc_chr.mem[11][26]$_DFFE_PP_,clk_nand,11.9,8.31,0.004799769840450052,11.895200230159551,setup,measured_cell_rail,orfs_ssd_ctrl_cfg_small,final_psm/ssd_ctrl_cfg_small/VDD_BUMPS.csv + VSS_BUMPS.csv,1.1,True,VALIDATED
1430,g_chan[1].u_cdc_chr.mem[10][26]$_DFFE_PP_,clk_nand,11.9,8.31,0.004794471074984097,11.895205528925016,setup,measured_cell_rail,orfs_ssd_ctrl_cfg_small,final_psm/ssd_ctrl_cfg_small/VDD_BUMPS.csv + VSS_BUMPS.csv,1.1,True,VALIDATED
1431,g_chan[1].u_cdc_chr.mem[4][31]$_DFFE_PP_,clk_nand,11.9,8.31,0.004790140887600103,11.8952098591124,setup,measured_cell_rail,orfs_ssd_ctrl_cfg_small,final_psm/ssd_ctrl_cfg_small/VDD_BUMPS.csv + VSS_BUMPS.csv,1.1,True,VALIDATED
1433,g_chan[1].u_cdc_chr.mem[4][29]$_DFFE_PP_,clk_nand,11.9,8.31,0.004773464952601669,11.8952265350474,setup,measured_cell_rail,orfs_ssd_ctrl_cfg_small,final_psm/ssd_ctrl_cfg_small/VDD_BUMPS.csv + VSS_BUMPS.csv,1.1,True,VALIDATED
1426,g_chan[1].u_cdc_chr.mem[14][2]$_DFFE_PP_,clk_nand,11.9,8.31,0.004766320767032539,11.895233679232968,setup,measured_cell_rail,orfs_ssd_ctrl_cfg_small,final_psm/ssd_ctrl_cfg_small/VDD_BUMPS.csv + VSS_BUMPS.csv,1.1,True,VALIDATED
1488,g_chan[1].u_cdc_chr.mem[5][16]$_DFFE_PP_,clk_nand,11.9,8.3,0.004754963886721697,11.895245036113279,setup,measured_cell_rail,orfs_ssd_ctrl_cfg_small,final_psm/ssd_ctrl_cfg_small/VDD_BUMPS.csv + VSS_BUMPS.csv,1.1,True,VALIDATED
1418,g_chan[1].u_cdc_chr.mem[13][31]$_DFFE_PP_,clk_nand,11.9,8.31,0.0047469103736805796,11.895253089626319,setup,measured_cell_rail,orfs_ssd_ctrl_cfg_small,final_psm/ssd_ctrl_cfg_small/VDD_BUMPS.csv + VSS_BUMPS.csv,1.1,True,VALIDATED
1498,g_chan[1].u_cdc_chr.mem[15][16]$_DFFE_PP_,clk_nand,11.9,8.3,0.004688830431619939,11.89531116956838,setup,measured_cell_rail,orfs_ssd_ctrl_cfg_small,final_psm/ssd_ctrl_cfg_small/VDD_BUMPS.csv + VSS_BUMPS.csv,1.1,True,VALIDATED
1489,g_chan[1].u_cdc_chr.mem[14][16]$_DFFE_PP_,clk_nand,11.9,8.3,0.004688169085504401,11.895311830914496,setup,measured_cell_rail,orfs_ssd_ctrl_cfg_small,final_psm/ssd_ctrl_cfg_small/VDD_BUMPS.csv + VSS_BUMPS.csv,1.1,True,VALIDATED
1480,g_chan[1].u_cdc_chr.mem[1][16]$_DFFE_PP_,clk_nand,11.9,8.31,0.0046759222200613015,11.89532407777994,setup,measured_cell_rail,orfs_ssd_ctrl_cfg_small,final_psm/ssd_ctrl_cfg_small/VDD_BUMPS.csv + VSS_BUMPS.csv,1.1,True,VALIDATED
1478,g_chan[1].u_cdc_chr.mem[0][16]$_DFFE_PP_,clk_nand,11.9,8.31,0.004675260043753515,11.895324739956246,setup,measured_cell_rail,orfs_ssd_ctrl_cfg_small,final_psm/ssd_ctrl_cfg_small/VDD_BUMPS.csv + VSS_BUMPS.csv,1.1,True,VALIDATED
1490,g_chan[1].u_cdc_chr.mem[12][8]$_DFFE_PP_,clk_nand,11.9,8.3,0.0046590541135719254,11.895340945886428,setup,measured_cell_rail,orfs_ssd_ctrl_cfg_small,final_psm/ssd_ctrl_cfg_small/VDD_BUMPS.csv + VSS_BUMPS.csv,1.1,True,VALIDATED
1494,g_chan[1].u_cdc_chr.mem[15][8]$_DFFE_PP_,clk_nand,11.9,8.3,0.004658406517910829,11.89534159348209,setup,measured_cell_rail,orfs_ssd_ctrl_cfg_small,final_psm/ssd_ctrl_cfg_small/VDD_BUMPS.csv + VSS_BUMPS.csv,1.1,True,VALIDATED
1485,g_chan[1].u_cdc_chr.mem[14][8]$_DFFE_PP_,clk_nand,11.9,8.31,0.0046520984654663255,11.895347901534533,setup,measured_cell_rail,orfs_ssd_ctrl_cfg_small,final_psm/ssd_ctrl_cfg_small/VDD_BUMPS.csv + VSS_BUMPS.csv,1.1,True,VALIDATED
1447,g_chan[1].u_cdc_chr.mem[12][31]$_DFFE_PP_,clk_nand,11.9,8.31,0.004635880277870541,11.89536411972213,setup,measured_cell_rail,orfs_ssd_ctrl_cfg_small,final_psm/ssd_ctrl_cfg_small/VDD_BUMPS.csv + VSS_BUMPS.csv,1.1,True,VALIDATED
1492,g_chan[1].u_cdc_chr.mem[12][16]$_DFFE_PP_,clk_nand,11.9,8.3,0.004630615401072236,11.895369384598927,setup,measured_cell_rail,orfs_ssd_ctrl_cfg_small,final_psm/ssd_ctrl_cfg_small/VDD_BUMPS.csv + VSS_BUMPS.csv,1.1,True,VALIDATED
1497,g_chan[1].u_cdc_chr.mem[7][16]$_DFFE_PP_,clk_nand,11.9,8.3,0.00463060588269304,11.895369394117306,setup,measured_cell_rail,orfs_ssd_ctrl_cfg_small,final_psm/ssd_ctrl_cfg_small/VDD_BUMPS.csv + VSS_BUMPS.csv,1.1,True,VALIDATED
1499,g_chan[1].u_cdc_chr.mem[4][16]$_DFFE_PP_,clk_nand,11.9,8.3,0.004628621901513474,11.895371378098487,setup,measured_cell_rail,orfs_ssd_ctrl_cfg_small,final_psm/ssd_ctrl_cfg_small/VDD_BUMPS.csv + VSS_BUMPS.csv,1.1,True,VALIDATED
1423,g_chan[1].u_cdc_chr.mem[12][12]$_DFFE_PP_,clk_nand,11.9,8.32,0.004619063697839154,11.89538093630216,setup,measured_cell_rail,orfs_ssd_ctrl_cfg_small,final_psm/ssd_ctrl_cfg_small/VDD_BUMPS.csv + VSS_BUMPS.csv,1.1,True,VALIDATED
1481,g_chan[1].u_cdc_chr.mem[2][16]$_DFFE_PP_,clk_nand,11.9,8.31,0.0046043911732207565,11.89539560882678,setup,measured_cell_rail,orfs_ssd_ctrl_cfg_small,final_psm/ssd_ctrl_cfg_small/VDD_BUMPS.csv + VSS_BUMPS.csv,1.1,True,VALIDATED
1483,g_chan[1].u_cdc_chr.mem[13][8]$_DFFE_PP_,clk_nand,11.9,8.3,0.004603486430103887,11.895396513569896,setup,measured_cell_rail,orfs_ssd_ctrl_cfg_small,final_psm/ssd_ctrl_cfg_small/VDD_BUMPS.csv + VSS_BUMPS.csv,1.1,True,VALIDATED
1479,g_chan[1].u_cdc_chr.mem[3][16]$_DFFE_PP_,clk_nand,11.9,8.31,0.004597770038166082,11.895402229961835,setup,measured_cell_rail,orfs_ssd_ctrl_cfg_small,final_psm/ssd_ctrl_cfg_small/VDD_BUMPS.csv + VSS_BUMPS.csv,1.1,True,VALIDATED
1495,g_chan[1].u_cdc_chr.mem[7][8]$_DFFE_PP_,clk_nand,11.9,8.31,0.004565997695473278,11.895434002304526,setup,measured_cell_rail,orfs_ssd_ctrl_cfg_small,final_psm/ssd_ctrl_cfg_small/VDD_BUMPS.csv + VSS_BUMPS.csv,1.1,True,VALIDATED
1496,g_chan[1].u_cdc_chr.mem[13][16]$_DFFE_PP_,clk_nand,11.9,8.3,0.004486409631168309,11.895513590368832,setup,measured_cell_rail,orfs_ssd_ctrl_cfg_small,final_psm/ssd_ctrl_cfg_small/VDD_BUMPS.csv + VSS_BUMPS.csv,1.1,True,VALIDATED
1507,g_chan[1].u_cdc_chr.mem[6][16]$_DFFE_PP_,clk_nand,11.9,8.3,0.004485086491165857,11.895514913508835,setup,measured_cell_rail,orfs_ssd_ctrl_cfg_small,final_psm/ssd_ctrl_cfg_small/VDD_BUMPS.csv + VSS_BUMPS.csv,1.1,True,VALIDATED
1421,g_chan[1].u_cdc_chr.mem[5][12]$_DFFE_PP_,clk_nand,11.9,8.32,0.004468376190536416,11.895531623809465,setup,measured_cell_rail,orfs_ssd_ctrl_cfg_small,final_psm/ssd_ctrl_cfg_small/VDD_BUMPS.csv + VSS_BUMPS.csv,1.1,True,VALIDATED
1486,g_chan[1].u_cdc_chr.mem[6][8]$_DFFE_PP_,clk_nand,11.9,8.31,0.004424920942423083,11.895575079057577,setup,measured_cell_rail,orfs_ssd_ctrl_cfg_small,final_psm/ssd_ctrl_cfg_small/VDD_BUMPS.csv + VSS_BUMPS.csv,1.1,True,VALIDATED
1435,g_chan[1].u_cdc_chr.mem[6][12]$_DFFE_PP_,clk_nand,11.9,8.32,0.004423623299831592,11.895576376700168,setup,measured_cell_rail,orfs_ssd_ctrl_cfg_small,final_psm/ssd_ctrl_cfg_small/VDD_BUMPS.csv + VSS_BUMPS.csv,1.1,True,VALIDATED
1534,g_chan[1].u_cdc_chr.mem[7][4]$_DFFE_PP_,clk_nand,11.91,8.3,0.007030898658795914,11.902969101341204,setup,measured_cell_rail,orfs_ssd_ctrl_cfg_small,final_psm/ssd_ctrl_cfg_small/VDD_BUMPS.csv + VSS_BUMPS.csv,1.1,True,VALIDATED
1581,g_chan[1].u_cdc_chr.mem[0][15]$_DFFE_PP_,clk_nand,11.91,8.3,0.006976025780867756,11.903023974219133,setup,measured_cell_rail,orfs_ssd_ctrl_cfg_small,final_psm/ssd_ctrl_cfg_small/VDD_BUMPS.csv + VSS_BUMPS.csv,1.1,True,VALIDATED
1537,g_chan[1].u_cdc_chr.mem[9][4]$_DFFE_PP_,clk_nand,11.91,8.3,0.006857850002860322,11.903142149997139,setup,measured_cell_rail,orfs_ssd_ctrl_cfg_small,final_psm/ssd_ctrl_cfg_small/VDD_BUMPS.csv + VSS_BUMPS.csv,1.1,True,VALIDATED
1542,g_chan[1].u_cdc_chr.mem[6][4]$_DFFE_PP_,clk_nand,11.91,8.3,0.006836640782404202,11.903163359217595,setup,measured_cell_rail,orfs_ssd_ctrl_cfg_small,final_psm/ssd_ctrl_cfg_small/VDD_BUMPS.csv + VSS_BUMPS.csv,1.1,True,VALIDATED
1523,g_chan[1].u_cdc_chr.mem[4][4]$_DFFE_PP_,clk_nand,11.91,8.3,0.00679157660628249,11.903208423393718,setup,measured_cell_rail,orfs_ssd_ctrl_cfg_small,final_psm/ssd_ctrl_cfg_small/VDD_BUMPS.csv + VSS_BUMPS.csv,1.1,True,VALIDATED
1543,g_chan[1].u_cdc_chr.mem[5][4]$_DFFE_PP_,clk_nand,11.91,8.3,0.0066570905966635285,11.903342909403337,setup,measured_cell_rail,orfs_ssd_ctrl_cfg_small,final_psm/ssd_ctrl_cfg_small/VDD_BUMPS.csv + VSS_BUMPS.csv,1.1,True,VALIDATED
1585,g_chan[1].u_cdc_chr.mem[11][10]$_DFFE_PP_,clk_nand,11.91,8.3,0.006545521018610279,11.90345447898139,setup,measured_cell_rail,orfs_ssd_ctrl_cfg_small,final_psm/ssd_ctrl_cfg_small/VDD_BUMPS.csv + VSS_BUMPS.csv,1.1,True,VALIDATED
1582,g_chan[1].u_cdc_chr.mem[10][10]$_DFFE_PP_,clk_nand,11.91,8.3,0.006538899029043921,11.903461100970956,setup,measured_cell_rail,orfs_ssd_ctrl_cfg_small,final_psm/ssd_ctrl_cfg_small/VDD_BUMPS.csv + VSS_BUMPS.csv,1.1,True,VALIDATED
1553,g_chan[1].u_cdc_chr.mem[9][15]$_DFFE_PP_,clk_nand,11.91,8.3,0.006530391572313721,11.903469608427686,setup,measured_cell_rail,orfs_ssd_ctrl_cfg_small,final_psm/ssd_ctrl_cfg_small/VDD_BUMPS.csv + VSS_BUMPS.csv,1.1,True,VALIDATED
1569,g_chan[1].u_cdc_chr.mem[1][15]$_DFFE_PP_,clk_nand,11.91,8.3,0.006509187603027655,11.903490812396972,setup,measured_cell_rail,orfs_ssd_ctrl_cfg_small,final_psm/ssd_ctrl_cfg_small/VDD_BUMPS.csv + VSS_BUMPS.csv,1.1,True,VALIDATED
1544,g_chan[1].u_cdc_chr.mem[8][15]$_DFFE_PP_,clk_nand,11.91,8.3,0.006462809606182396,11.903537190393818,setup,measured_cell_rail,orfs_ssd_ctrl_cfg_small,final_psm/ssd_ctrl_cfg_small/VDD_BUMPS.csv + VSS_BUMPS.csv,1.1,True,VALIDATED
1521,g_chan[1].u_cdc_chr.mem[13][4]$_DFFE_PP_,clk_nand,11.91,8.3,0.006453697600864339,11.903546302399135,setup,measured_cell_rail,orfs_ssd_ctrl_cfg_small,final_psm/ssd_ctrl_cfg_small/VDD_BUMPS.csv + VSS_BUMPS.csv,1.1,True,VALIDATED
1533,g_chan[1].u_cdc_chr.mem[8][4]$_DFFE_PP_,clk_nand,11.91,8.3,0.006413175260565618,11.903586824739435,setup,measured_cell_rail,orfs_ssd_ctrl_cfg_small,final_psm/ssd_ctrl_cfg_small/VDD_BUMPS.csv + VSS_BUMPS.csv,1.1,True,VALIDATED
1538,g_chan[1].u_cdc_chr.mem[11][4]$_DFFE_PP_,clk_nand,11.91,8.3,0.006409201169192857,11.903590798830807,setup,measured_cell_rail,orfs_ssd_ctrl_cfg_small,final_psm/ssd_ctrl_cfg_small/VDD_BUMPS.csv + VSS_BUMPS.csv,1.1,True,VALIDATED
1545,g_chan[1].u_cdc_chr.mem[3][4]$_DFFE_PP_,clk_nand,11.91,8.3,0.006354223158426153,11.903645776841573,setup,measured_cell_rail,orfs_ssd_ctrl_cfg_small,final_psm/ssd_ctrl_cfg_small/VDD_BUMPS.csv + VSS_BUMPS.csv,1.1,True,VALIDATED
1541,g_chan[1].u_cdc_chr.mem[2][4]$_DFFE_PP_,clk_nand,11.91,8.3,0.006342964653437533,11.903657035346562,setup,measured_cell_rail,orfs_ssd_ctrl_cfg_small,final_psm/ssd_ctrl_cfg_small/VDD_BUMPS.csv + VSS_BUMPS.csv,1.1,True,VALIDATED
1564,g_chan[1].u_cdc_chr.mem[1][4]$_DFFE_PP_,clk_nand,11.91,8.3,0.006248278961956899,11.903751721038043,setup,measured_cell_rail,orfs_ssd_ctrl_cfg_small,final_psm/ssd_ctrl_cfg_small/VDD_BUMPS.csv + VSS_BUMPS.csv,1.1,True,VALIDATED
1550,g_chan[1].u_cdc_chr.mem[10][4]$_DFFE_PP_,clk_nand,11.91,8.3,0.006235721713180542,11.90376427828682,setup,measured_cell_rail,orfs_ssd_ctrl_cfg_small,final_psm/ssd_ctrl_cfg_small/VDD_BUMPS.csv + VSS_BUMPS.csv,1.1,True,VALIDATED
1560,g_chan[1].u_cdc_chr.mem[0][4]$_DFFE_PP_,clk_nand,11.91,8.3,0.0061741422538691415,11.903825857746131,setup,measured_cell_rail,orfs_ssd_ctrl_cfg_small,final_psm/ssd_ctrl_cfg_small/VDD_BUMPS.csv + VSS_BUMPS.csv,1.1,True,VALIDATED
1520,g_chan[1].u_cdc_chr.mem[12][4]$_DFFE_PP_,clk_nand,11.91,8.3,0.006163895155193666,11.903836104844807,setup,measured_cell_rail,orfs_ssd_ctrl_cfg_small,final_psm/ssd_ctrl_cfg_small/VDD_BUMPS.csv + VSS_BUMPS.csv,1.1,True,VALIDATED
1584,g_chan[1].u_cdc_chr.mem[3][15]$_DFFE_PP_,clk_nand,11.91,8.3,0.006134312494142646,11.903865687505858,setup,measured_cell_rail,orfs_ssd_ctrl_cfg_small,final_psm/ssd_ctrl_cfg_small/VDD_BUMPS.csv + VSS_BUMPS.csv,1.1,True,VALIDATED
1518,g_chan[1].u_cdc_chr.mem[15][4]$_DFFE_PP_,clk_nand,11.91,8.3,0.006130052339951342,11.903869947660048,setup,measured_cell_rail,orfs_ssd_ctrl_cfg_small,final_psm/ssd_ctrl_cfg_small/VDD_BUMPS.csv + VSS_BUMPS.csv,1.1,True,VALIDATED
1522,g_chan[1].u_cdc_chr.mem[14][4]$_DFFE_PP_,clk_nand,11.91,8.3,0.006128726706305043,11.903871273293696,setup,measured_cell_rail,orfs_ssd_ctrl_cfg_small,final_psm/ssd_ctrl_cfg_small/VDD_BUMPS.csv + VSS_BUMPS.csv,1.1,True,VALIDATED
1572,g_chan[1].u_cdc_chr.mem[11][15]$_DFFE_PP_,clk_nand,11.91,8.3,0.0060892868910740194,11.903910713108926,setup,measured_cell_rail,orfs_ssd_ctrl_cfg_small,final_psm/ssd_ctrl_cfg_small/VDD_BUMPS.csv + VSS_BUMPS.csv,1.1,True,VALIDATED
1583,g_chan[1].u_cdc_chr.mem[13][15]$_DFFE_PP_,clk_nand,11.91,8.3,0.006043627958159159,11.903956372041842,setup,measured_cell_rail,orfs_ssd_ctrl_cfg_small,final_psm/ssd_ctrl_cfg_small/VDD_BUMPS.csv + VSS_BUMPS.csv,1.1,True,VALIDATED
1577,g_chan[1].u_cdc_chr.mem[10][15]$_DFFE_PP_,clk_nand,11.91,8.3,0.006017124806009133,11.903982875193991,setup,measured_cell_rail,orfs_ssd_ctrl_cfg_small,final_psm/ssd_ctrl_cfg_small/VDD_BUMPS.csv + VSS_BUMPS.csv,1.1,True,VALIDATED
1540,g_chan[1].u_cdc_chr.mem[4][27]$_DFFE_PP_,clk_nand,11.91,8.3,0.00591012889571374,11.904089871104286,setup,measured_cell_rail,orfs_ssd_ctrl_cfg_small,final_psm/ssd_ctrl_cfg_small/VDD_BUMPS.csv + VSS_BUMPS.csv,1.1,True,VALIDATED
1579,g_chan[1].u_cdc_chr.mem[15][15]$_DFFE_PP_,clk_nand,11.91,8.3,0.005858302402808158,11.904141697597192,setup,measured_cell_rail,orfs_ssd_ctrl_cfg_small,final_psm/ssd_ctrl_cfg_small/VDD_BUMPS.csv + VSS_BUMPS.csv,1.1,True,VALIDATED
1580,g_chan[1].u_cdc_chr.mem[7][15]$_DFFE_PP_,clk_nand,11.91,8.3,0.005850349429980972,11.90414965057002,setup,measured_cell_rail,orfs_ssd_ctrl_cfg_small,final_psm/ssd_ctrl_cfg_small/VDD_BUMPS.csv + VSS_BUMPS.csv,1.1,True,VALIDATED
1578,g_chan[1].u_cdc_chr.mem[14][15]$_DFFE_PP_,clk_nand,11.91,8.3,0.005849040588434273,11.904150959411567,setup,measured_cell_rail,orfs_ssd_ctrl_cfg_small,final_psm/ssd_ctrl_cfg_small/VDD_BUMPS.csv + VSS_BUMPS.csv,1.1,True,VALIDATED
1526,g_chan[1].u_cdc_chr.mem[11][27]$_DFFE_PP_,clk_nand,11.91,8.3,0.005812746614633935,11.904187253385366,setup,measured_cell_rail,orfs_ssd_ctrl_cfg_small,final_psm/ssd_ctrl_cfg_small/VDD_BUMPS.csv + VSS_BUMPS.csv,1.1,True,VALIDATED
1535,g_chan[1].u_cdc_chr.mem[15][27]$_DFFE_PP_,clk_nand,11.91,8.3,0.005761124622717606,11.904238875377283,setup,measured_cell_rail,orfs_ssd_ctrl_cfg_small,final_psm/ssd_ctrl_cfg_small/VDD_BUMPS.csv + VSS_BUMPS.csv,1.1,True,VALIDATED
1558,g_chan[1].u_cdc_chr.mem[2][27]$_DFFE_PP_,clk_nand,11.91,8.3,0.005733330146894033,11.904266669853106,setup,measured_cell_rail,orfs_ssd_ctrl_cfg_small,final_psm/ssd_ctrl_cfg_small/VDD_BUMPS.csv + VSS_BUMPS.csv,1.1,True,VALIDATED
1555,g_chan[1].u_cdc_chr.mem[3][27]$_DFFE_PP_,clk_nand,11.91,8.3,0.005726052229234169,11.904273947770767,setup,measured_cell_rail,orfs_ssd_ctrl_cfg_small,final_psm/ssd_ctrl_cfg_small/VDD_BUMPS.csv + VSS_BUMPS.csv,1.1,True,VALIDATED
1566,g_chan[1].u_cdc_chr.mem[15][7]$_DFFE_PP_,clk_nand,11.91,8.3,0.00570934401857448,11.904290655981425,setup,measured_cell_rail,orfs_ssd_ctrl_cfg_small,final_psm/ssd_ctrl_cfg_small/VDD_BUMPS.csv + VSS_BUMPS.csv,1.1,True,VALIDATED
1532,g_chan[1].u_cdc_chr.mem[10][27]$_DFFE_PP_,clk_nand,11.91,8.3,0.005700234768012069,11.904299765231988,setup,measured_cell_rail,orfs_ssd_ctrl_cfg_small,final_psm/ssd_ctrl_cfg_small/VDD_BUMPS.csv + VSS_BUMPS.csv,1.1,True,VALIDATED
1525,g_chan[1].u_cdc_chr.mem[12][27]$_DFFE_PP_,clk_nand,11.91,8.3,0.0056995728943419754,11.904300427105658,setup,measured_cell_rail,orfs_ssd_ctrl_cfg_small,final_psm/ssd_ctrl_cfg_small/VDD_BUMPS.csv + VSS_BUMPS.csv,1.1,True,VALIDATED
1527,g_chan[1].u_cdc_chr.mem[13][27]$_DFFE_PP_,clk_nand,11.91,8.3,0.005688983131859948,11.90431101686814,setup,measured_cell_rail,orfs_ssd_ctrl_cfg_small,final_psm/ssd_ctrl_cfg_small/VDD_BUMPS.csv + VSS_BUMPS.csv,1.1,True,VALIDATED
1519,g_chan[1].u_cdc_chr.mem[9][27]$_DFFE_PP_,clk_nand,11.91,8.31,0.005662707075975826,11.904337292924025,setup,measured_cell_rail,orfs_ssd_ctrl_cfg_small,final_psm/ssd_ctrl_cfg_small/VDD_BUMPS.csv + VSS_BUMPS.csv,1.1,True,VALIDATED
1586,g_chan[1].u_cdc_chr.mem[2][10]$_DFFE_PP_,clk_nand,11.91,8.3,0.0056598188275767125,11.904340181172424,setup,measured_cell_rail,orfs_ssd_ctrl_cfg_small,final_psm/ssd_ctrl_cfg_small/VDD_BUMPS.csv + VSS_BUMPS.csv,1.1,True,VALIDATED
1548,g_chan[1].u_cdc_chr.mem[7][7]$_DFFE_PP_,clk_nand,11.91,8.3,0.005623982001855654,11.904376017998144,setup,measured_cell_rail,orfs_ssd_ctrl_cfg_small,final_psm/ssd_ctrl_cfg_small/VDD_BUMPS.csv + VSS_BUMPS.csv,1.1,True,VALIDATED
1536,g_chan[1].u_cdc_chr.mem[7][27]$_DFFE_PP_,clk_nand,11.91,8.3,0.005618174556547673,11.904381825443453,setup,measured_cell_rail,orfs_ssd_ctrl_cfg_small,final_psm/ssd_ctrl_cfg_small/VDD_BUMPS.csv + VSS_BUMPS.csv,1.1,True,VALIDATED
1530,g_chan[1].u_cdc_chr.mem[8][27]$_DFFE_PP_,clk_nand,11.91,8.3,0.005603618039480507,11.90439638196052,setup,measured_cell_rail,orfs_ssd_ctrl_cfg_small,final_psm/ssd_ctrl_cfg_small/VDD_BUMPS.csv + VSS_BUMPS.csv,1.1,True,VALIDATED
1529,g_chan[1].u_cdc_chr.mem[5][27]$_DFFE_PP_,clk_nand,11.91,8.3,0.005595007179408529,11.904404992820592,setup,measured_cell_rail,orfs_ssd_ctrl_cfg_small,final_psm/ssd_ctrl_cfg_small/VDD_BUMPS.csv + VSS_BUMPS.csv,1.1,True,VALIDATED
1531,g_chan[1].u_cdc_chr.mem[14][27]$_DFFE_PP_,clk_nand,11.91,8.3,0.005581784706007231,11.904418215293992,setup,measured_cell_rail,orfs_ssd_ctrl_cfg_small,final_psm/ssd_ctrl_cfg_small/VDD_BUMPS.csv + VSS_BUMPS.csv,1.1,True,VALIDATED
1556,g_chan[1].u_cdc_chr.mem[14][7]$_DFFE_PP_,clk_nand,11.91,8.3,0.005573703580861733,11.904426296419139,setup,measured_cell_rail,orfs_ssd_ctrl_cfg_small,final_psm/ssd_ctrl_cfg_small/VDD_BUMPS.csv + VSS_BUMPS.csv,1.1,True,VALIDATED
1546,g_chan[1].u_cdc_chr.mem[6][27]$_DFFE_PP_,clk_nand,11.91,8.3,0.00555267628634315,11.904447323713658,setup,measured_cell_rail,orfs_ssd_ctrl_cfg_small,final_psm/ssd_ctrl_cfg_small/VDD_BUMPS.csv + VSS_BUMPS.csv,1.1,True,VALIDATED
1567,g_chan[1].u_cdc_chr.mem[11][7]$_DFFE_PP_,clk_nand,11.91,8.3,0.005541918708271698,11.904458081291729,setup,measured_cell_rail,orfs_ssd_ctrl_cfg_small,final_psm/ssd_ctrl_cfg_small/VDD_BUMPS.csv + VSS_BUMPS.csv,1.1,True,VALIDATED
1552,g_chan[1].u_cdc_chr.mem[1][27]$_DFFE_PP_,clk_nand,11.91,8.3,0.005518937372186672,11.904481062627813,setup,measured_cell_rail,orfs_ssd_ctrl_cfg_small,final_psm/ssd_ctrl_cfg_small/VDD_BUMPS.csv + VSS_BUMPS.csv,1.1,True,VALIDATED
1568,g_chan[1].u_cdc_chr.mem[10][7]$_DFFE_PP_,clk_nand,11.91,8.3,0.005510822673777893,11.904489177326223,setup,measured_cell_rail,orfs_ssd_ctrl_cfg_small,final_psm/ssd_ctrl_cfg_small/VDD_BUMPS.csv + VSS_BUMPS.csv,1.1,True,VALIDATED
1576,g_chan[1].u_cdc_chr.mem[9][7]$_DFFE_PP_,clk_nand,11.91,8.3,0.005502222262661172,11.904497777737339,setup,measured_cell_rail,orfs_ssd_ctrl_cfg_small,final_psm/ssd_ctrl_cfg_small/VDD_BUMPS.csv + VSS_BUMPS.csv,1.1,True,VALIDATED
1561,g_chan[1].u_cdc_chr.mem[6][7]$_DFFE_PP_,clk_nand,11.91,8.3,0.005468484781124272,11.904531515218876,setup,measured_cell_rail,orfs_ssd_ctrl_cfg_small,final_psm/ssd_ctrl_cfg_small/VDD_BUMPS.csv + VSS_BUMPS.csv,1.1,True,VALIDATED
1524,g_chan[1].u_cdc_chr.mem[0][27]$_DFFE_PP_,clk_nand,11.91,8.3,0.005330906245684108,11.904669093754316,setup,measured_cell_rail,orfs_ssd_ctrl_cfg_small,final_psm/ssd_ctrl_cfg_small/VDD_BUMPS.csv + VSS_BUMPS.csv,1.1,True,VALIDATED
1547,g_chan[1].u_cdc_chr.mem[13][7]$_DFFE_PP_,clk_nand,11.91,8.3,0.005185141937919746,11.90481485806208,setup,measured_cell_rail,orfs_ssd_ctrl_cfg_small,final_psm/ssd_ctrl_cfg_small/VDD_BUMPS.csv + VSS_BUMPS.csv,1.1,True,VALIDATED
1549,g_chan[1].u_cdc_chr.mem[4][7]$_DFFE_PP_,clk_nand,11.91,8.3,0.005106372464000142,11.904893627536,setup,measured_cell_rail,orfs_ssd_ctrl_cfg_small,final_psm/ssd_ctrl_cfg_small/VDD_BUMPS.csv + VSS_BUMPS.csv,1.1,True,VALIDATED
1539,g_chan[1].u_cdc_chr.mem[0][7]$_DFFE_PP_,clk_nand,11.91,8.3,0.0050732820000163326,11.904926717999984,setup,measured_cell_rail,orfs_ssd_ctrl_cfg_small,final_psm/ssd_ctrl_cfg_small/VDD_BUMPS.csv + VSS_BUMPS.csv,1.1,True,VALIDATED
1554,g_chan[1].u_cdc_chr.mem[3][7]$_DFFE_PP_,clk_nand,11.91,8.3,0.0050368837414426215,11.904963116258557,setup,measured_cell_rail,orfs_ssd_ctrl_cfg_small,final_psm/ssd_ctrl_cfg_small/VDD_BUMPS.csv + VSS_BUMPS.csv,1.1,True,VALIDATED
1562,g_chan[1].u_cdc_chr.mem[2][7]$_DFFE_PP_,clk_nand,11.91,8.3,0.005025633105314342,11.904974366894686,setup,measured_cell_rail,orfs_ssd_ctrl_cfg_small,final_psm/ssd_ctrl_cfg_small/VDD_BUMPS.csv + VSS_BUMPS.csv,1.1,True,VALIDATED
1528,g_chan[1].u_cdc_chr.mem[12][7]$_DFFE_PP_,clk_nand,11.91,8.3,0.00499255794474418,11.905007442055256,setup,measured_cell_rail,orfs_ssd_ctrl_cfg_small,final_psm/ssd_ctrl_cfg_small/VDD_BUMPS.csv + VSS_BUMPS.csv,1.1,True,VALIDATED
1559,g_chan[1].u_cdc_chr.mem[5][7]$_DFFE_PP_,clk_nand,11.91,8.3,0.004980649840493623,11.905019350159506,setup,measured_cell_rail,orfs_ssd_ctrl_cfg_small,final_psm/ssd_ctrl_cfg_small/VDD_BUMPS.csv + VSS_BUMPS.csv,1.1,True,VALIDATED
1565,g_chan[1].u_cdc_chr.mem[1][7]$_DFFE_PP_,clk_nand,11.91,8.3,0.004970710125627886,11.905029289874372,setup,measured_cell_rail,orfs_ssd_ctrl_cfg_small,final_psm/ssd_ctrl_cfg_small/VDD_BUMPS.csv + VSS_BUMPS.csv,1.1,True,VALIDATED
1575,g_chan[1].u_cdc_chr.mem[10][28]$_DFFE_PP_,clk_nand,11.91,8.28,0.004565372506222132,11.905434627493777,setup,measured_cell_rail,orfs_ssd_ctrl_cfg_small,final_psm/ssd_ctrl_cfg_small/VDD_BUMPS.csv + VSS_BUMPS.csv,1.1,True,VALIDATED
1571,g_chan[1].u_cdc_chr.mem[9][28]$_DFFE_PP_,clk_nand,11.91,8.28,0.004546894178398819,11.905453105821602,setup,measured_cell_rail,orfs_ssd_ctrl_cfg_small,final_psm/ssd_ctrl_cfg_small/VDD_BUMPS.csv + VSS_BUMPS.csv,1.1,True,VALIDATED
1573,g_chan[1].u_cdc_chr.mem[8][28]$_DFFE_PP_,clk_nand,11.91,8.28,0.004545574345386161,11.905454425654614,setup,measured_cell_rail,orfs_ssd_ctrl_cfg_small,final_psm/ssd_ctrl_cfg_small/VDD_BUMPS.csv + VSS_BUMPS.csv,1.1,True,VALIDATED
1551,g_chan[1].u_cdc_chr.mem[11][28]$_DFFE_PP_,clk_nand,11.91,8.28,0.004491439989642743,11.905508560010357,setup,measured_cell_rail,orfs_ssd_ctrl_cfg_small,final_psm/ssd_ctrl_cfg_small/VDD_BUMPS.csv + VSS_BUMPS.csv,1.1,True,VALIDATED
1557,g_chan[1].u_cdc_chr.mem[1][28]$_DFFE_PP_,clk_nand,11.91,8.28,0.004457121858828295,11.905542878141173,setup,measured_cell_rail,orfs_ssd_ctrl_cfg_small,final_psm/ssd_ctrl_cfg_small/VDD_BUMPS.csv + VSS_BUMPS.csv,1.1,True,VALIDATED
1570,g_chan[1].u_cdc_chr.mem[7][28]$_DFFE_PP_,clk_nand,11.91,8.28,0.004443923718875253,11.905556076281124,setup,measured_cell_rail,orfs_ssd_ctrl_cfg_small,final_psm/ssd_ctrl_cfg_small/VDD_BUMPS.csv + VSS_BUMPS.csv,1.1,True,VALIDATED
1563,g_chan[1].u_cdc_chr.mem[0][28]$_DFFE_PP_,clk_nand,11.91,8.28,0.004414230221555515,11.905585769778444,setup,measured_cell_rail,orfs_ssd_ctrl_cfg_small,final_psm/ssd_ctrl_cfg_small/VDD_BUMPS.csv + VSS_BUMPS.csv,1.1,True,VALIDATED
1574,g_chan[1].u_cdc_chr.mem[6][28]$_DFFE_PP_,clk_nand,11.91,8.28,0.004386519185517246,11.905613480814482,setup,measured_cell_rail,orfs_ssd_ctrl_cfg_small,final_psm/ssd_ctrl_cfg_small/VDD_BUMPS.csv + VSS_BUMPS.csv,1.1,True,VALIDATED
1587,g_chan[1].u_cdc_chr.mem[2][15]$_DFFE_PP_,clk_nand,11.92,8.3,0.006121734023896819,11.913878265976104,setup,measured_cell_rail,orfs_ssd_ctrl_cfg_small,final_psm/ssd_ctrl_cfg_small/VDD_BUMPS.csv + VSS_BUMPS.csv,1.1,True,VALIDATED
1588,g_chan[1].u_cdc_chr.mem[12][15]$_DFFE_PP_,clk_nand,11.92,8.3,0.006034362605994881,11.913965637394005,setup,measured_cell_rail,orfs_ssd_ctrl_cfg_small,final_psm/ssd_ctrl_cfg_small/VDD_BUMPS.csv + VSS_BUMPS.csv,1.1,True,VALIDATED
1599,g_chan[1].u_cdc_chr.mem[4][15]$_DFFE_PP_,clk_nand,11.92,8.3,0.005945695711051746,11.914054304288948,setup,measured_cell_rail,orfs_ssd_ctrl_cfg_small,final_psm/ssd_ctrl_cfg_small/VDD_BUMPS.csv + VSS_BUMPS.csv,1.1,True,VALIDATED
1596,g_chan[1].u_cdc_chr.mem[9][10]$_DFFE_PP_,clk_nand,11.92,8.3,0.005938336561221558,11.914061663438778,setup,measured_cell_rail,orfs_ssd_ctrl_cfg_small,final_psm/ssd_ctrl_cfg_small/VDD_BUMPS.csv + VSS_BUMPS.csv,1.1,True,VALIDATED
1600,g_chan[1].u_cdc_chr.mem[8][10]$_DFFE_PP_,clk_nand,11.92,8.3,0.005933704413695229,11.914066295586304,setup,measured_cell_rail,orfs_ssd_ctrl_cfg_small,final_psm/ssd_ctrl_cfg_small/VDD_BUMPS.csv + VSS_BUMPS.csv,1.1,True,VALIDATED
1595,g_chan[1].u_cdc_chr.mem[6][15]$_DFFE_PP_,clk_nand,11.92,8.3,0.005890745482057147,11.914109254517943,setup,measured_cell_rail,orfs_ssd_ctrl_cfg_small,final_psm/ssd_ctrl_cfg_small/VDD_BUMPS.csv + VSS_BUMPS.csv,1.1,True,VALIDATED
1598,g_chan[1].u_cdc_chr.mem[13][10]$_DFFE_PP_,clk_nand,11.92,8.3,0.005852328634632031,11.914147671365368,setup,measured_cell_rail,orfs_ssd_ctrl_cfg_small,final_psm/ssd_ctrl_cfg_small/VDD_BUMPS.csv + VSS_BUMPS.csv,1.1,True,VALIDATED
1593,g_chan[1].u_cdc_chr.mem[5][10]$_DFFE_PP_,clk_nand,11.92,8.3,0.005847698177841809,11.914152301822158,setup,measured_cell_rail,orfs_ssd_ctrl_cfg_small,final_psm/ssd_ctrl_cfg_small/VDD_BUMPS.csv + VSS_BUMPS.csv,1.1,True,VALIDATED
1597,g_chan[1].u_cdc_chr.mem[7][10]$_DFFE_PP_,clk_nand,11.92,8.3,0.005847698177841809,11.914152301822158,setup,measured_cell_rail,orfs_ssd_ctrl_cfg_small,final_psm/ssd_ctrl_cfg_small/VDD_BUMPS.csv + VSS_BUMPS.csv,1.1,True,VALIDATED
1594,g_chan[1].u_cdc_chr.mem[4][10]$_DFFE_PP_,clk_nand,11.92,8.3,0.005847036690368901,11.91415296330963,setup,measured_cell_rail,orfs_ssd_ctrl_cfg_small,final_psm/ssd_ctrl_cfg_small/VDD_BUMPS.csv + VSS_BUMPS.csv,1.1,True,VALIDATED
1591,g_chan[1].u_cdc_chr.mem[12][10]$_DFFE_PP_,clk_nand,11.92,8.3,0.005833139842538304,11.914166860157462,setup,measured_cell_rail,orfs_ssd_ctrl_cfg_small,final_psm/ssd_ctrl_cfg_small/VDD_BUMPS.csv + VSS_BUMPS.csv,1.1,True,VALIDATED
1592,g_chan[1].u_cdc_chr.mem[15][10]$_DFFE_PP_,clk_nand,11.92,8.3,0.0057749350252336296,11.914225064974767,setup,measured_cell_rail,orfs_ssd_ctrl_cfg_small,final_psm/ssd_ctrl_cfg_small/VDD_BUMPS.csv + VSS_BUMPS.csv,1.1,True,VALIDATED
1590,g_chan[1].u_cdc_chr.mem[1][10]$_DFFE_PP_,clk_nand,11.92,8.3,0.005674371045248039,11.914325628954751,setup,measured_cell_rail,orfs_ssd_ctrl_cfg_small,final_psm/ssd_ctrl_cfg_small/VDD_BUMPS.csv + VSS_BUMPS.csv,1.1,True,VALIDATED
1589,g_chan[1].u_cdc_chr.mem[0][10]$_DFFE_PP_,clk_nand,11.92,8.3,0.005610214772020949,11.914389785227979,setup,measured_cell_rail,orfs_ssd_ctrl_cfg_small,final_psm/ssd_ctrl_cfg_small/VDD_BUMPS.csv + VSS_BUMPS.csv,1.1,True,VALIDATED
