path_id,endpoint,clock_domain,slack_ns,delay_ns,inst_ids,check_type
0,g_chan[0].u_cdc_chr.rq2_wgray[0]$_DFF_PN0_,clk_core,4.17,1.25,3462;3696;3706;5906;7711;7715;7717;7718;9547;10311;10319;10611;10655;14233;14564;18231;28097;28098;28099;28100;28101;28102;28103;28104;28106;28108,recovery
1,g_chan[0].u_cdc_chr.rq1_wgray[0]$_DFF_PN0_,clk_core,4.17,1.25,3462;3696;3706;5906;7711;7715;7717;7718;9547;10311;10319;10611;10655;14233;14564;18231;28097;28098;28099;28100;28101;28102;28103;28104;28106;28108,recovery
2,g_chan[0].u_cdc_chr.rgray[0]$_DFF_PN0_,clk_core,4.17,1.25,3462;3696;3706;5906;7711;7715;7717;7718;9547;10311;10319;10611;10655;14233;14564;18231;28097;28098;28099;28100;28101;28102;28103;28104;28106;28108,recovery
3,g_chan[0].u_cdc_chr.rq2_wgray[1]$_DFF_PN0_,clk_core,4.17,1.25,3462;3696;3706;5906;7711;7715;7717;7718;9547;10311;10319;10611;10655;14233;14564;18231;28097;28098;28099;28100;28101;28102;28103;28104;28106;28108,recovery
4,g_chan[0].u_cdc_chr.rq1_wgray[2]$_DFF_PN0_,clk_core,4.17,1.25,3462;3696;3706;5906;7711;7715;7717;7718;9547;10311;10319;10611;10655;14233;14564;18231;28097;28098;28099;28100;28101;28102;28103;28104;28106;28108,recovery
5,g_chan[0].u_cdc_chr.rq1_wgray[3]$_DFF_PN0_,clk_core,4.17,1.25,3462;3696;3706;5906;7711;7715;7717;7718;9547;10311;10319;10611;10655;14233;14564;18231;28097;28098;28099;28100;28101;28102;28103;28104;28106;28108,recovery
6,g_chan[0].u_cdc_chr.rq1_wgray[1]$_DFF_PN0_,clk_core,4.17,1.25,3462;3696;3706;5906;7711;7715;7717;7718;9547;10311;10319;10611;10655;14233;14564;18231;28097;28098;28099;28100;28101;28102;28103;28104;28106;28108,recovery
7,g_chan[0].u_cdc_chr.rq1_wgray[4]$_DFF_PN0_,clk_core,4.17,1.25,3462;3696;3706;5906;7711;7715;7717;7718;9547;10311;10319;10611;10655;14233;14564;18231;28097;28098;28099;28100;28101;28102;28103;28104;28106;28108,recovery
8,g_chan[0].u_cdc_chr.rgray[2]$_DFF_PN0_,clk_core,4.17,1.25,3464;3696;3706;5908;7711;7715;7717;7718;9547;10311;10319;10611;10655;14233;14564;18231;28097;28098;28099;28100;28101;28102;28103;28104;28106;28108,recovery
9,g_chan[0].u_cdc_chr.rgray[1]$_DFF_PN0_,clk_core,4.18,1.25,3464;3696;3706;5908;7711;7715;7717;7718;9547;10311;10319;10611;10655;14233;14564;18231;28097;28098;28099;28100;28101;28102;28103;28104;28106;28108,recovery
10,g_chan[0].u_cdc_chr.rq2_wgray[4]$_DFF_PN0_,clk_core,4.18,1.25,3464;3696;3706;5908;7711;7715;7717;7718;9547;10311;10319;10611;10655;14233;14564;18231;28097;28098;28099;28100;28101;28102;28103;28104;28106;28108,recovery
11,g_chan[0].u_cdc_chr.rq2_wgray[2]$_DFF_PN0_,clk_core,4.18,1.25,3464;3696;3706;5908;7711;7715;7717;7718;9547;10311;10319;10611;10655;14233;14564;18231;28097;28098;28099;28100;28101;28102;28103;28104;28106;28108,recovery
12,g_chan[0].u_cdc_chr.rgray[3]$_DFF_PN0_,clk_core,4.18,1.25,3464;3696;3706;5908;7711;7715;7717;7718;9547;10311;10319;10611;10655;14233;14564;18231;28097;28098;28099;28100;28101;28102;28103;28104;28106;28108,recovery
13,g_chan[0].u_cdc_chr.rq2_wgray[3]$_DFF_PN0_,clk_core,4.18,1.25,3464;3696;3706;5908;7711;7715;7717;7718;9547;10311;10319;10611;10655;14233;14564;18231;28097;28098;28099;28100;28101;28102;28103;28104;28106;28108,recovery
14,g_chan[0].u_cdc_chr.rbin[4]$_DFF_PN0_,clk_core,4.18,1.25,3464;3696;3706;5908;7711;7715;7717;7718;9547;10311;10319;10611;10655;14233;14564;18231;28097;28098;28099;28100;28101;28102;28103;28104;28106;28108,recovery
15,g_chan[0].u_cdc_chr.rbin[3]$_DFF_PN0_,clk_core,4.18,1.25,3462;3696;3706;5917;7711;7715;7717;7718;9547;10311;10319;10611;10655;14233;14564;18231;28097;28098;28099;28100;28101;28102;28103;28104;28106;28108,recovery
16,g_chan[0].u_cdc_chr.rbin[0]$_DFF_PN0_,clk_core,4.18,1.25,3462;3696;3706;5917;7711;7715;7717;7718;9547;10311;10319;10611;10655;14233;14564;18231;28097;28098;28099;28100;28101;28102;28103;28104;28106;28108,recovery
17,g_chan[0].u_cdc_chr.rbin[1]$_DFF_PN0_,clk_core,4.18,1.25,3462;3696;3706;5917;7711;7715;7717;7718;9547;10311;10319;10611;10655;14233;14564;18231;28097;28098;28099;28100;28101;28102;28103;28104;28106;28108,recovery
18,g_chan[0].u_cdc_chr.rbin[2]$_DFF_PN0_,clk_core,4.18,1.25,3462;3696;3706;5917;7711;7715;7717;7718;9547;10311;10319;10611;10655;14233;14564;18231;28097;28098;28099;28100;28101;28102;28103;28104;28106;28108,recovery
19,u_dma_fabric.rbeat_data[15]$_DFFE_PN0P_,clk_core,4.18,1.25,3462;3696;3706;5917;7711;7715;7717;7718;9547;10311;10319;10611;10655;14233;14564;18231;28097;28098;28099;28100;28101;28102;28103;28104;28106;28108,recovery
20,u_dma_fabric.rbeat_data[10]$_DFFE_PN0P_,clk_core,4.18,1.25,3462;3696;3706;5917;7711;7715;7717;7718;9547;10311;10319;10611;10655;14233;14564;18231;28097;28098;28099;28100;28101;28102;28103;28104;28106;28108,recovery
21,u_dma_fabric.rbeat_data[17]$_DFFE_PN0P_,clk_core,4.32,1.12,3462;3696;3706;5824;7711;7715;7717;7718;9547;10311;10319;10611;14233;14564;18231;28097;28098;28099;28100;28101;28102;28103;28104;28106;28108,recovery
22,u_dma_fabric.rbeat_data[13]$_DFFE_PN0P_,clk_core,4.32,1.12,3462;3696;3706;5824;7711;7715;7717;7718;9547;10311;10319;10611;14233;14564;18231;28097;28098;28099;28100;28101;28102;28103;28104;28106;28108,recovery
23,u_dma_fabric.rbeat_data[9]$_DFFE_PN0P_,clk_core,4.32,1.12,3462;3696;3706;5824;7711;7715;7717;7718;9547;10311;10319;10611;14233;14564;18231;28097;28098;28099;28100;28101;28102;28103;28104;28106;28108,recovery
24,u_dma_fabric.rbeat_data[14]$_DFFE_PN0P_,clk_core,4.32,1.12,3462;3696;3706;5824;7711;7715;7717;7718;9547;10311;10319;10611;14233;14564;18231;28097;28098;28099;28100;28101;28102;28103;28104;28106;28108,recovery
25,u_dma_fabric.rbeat_data[20]$_DFFE_PN0P_,clk_core,4.32,1.12,3462;3696;3706;5824;7711;7715;7717;7718;9547;10311;10319;10611;14233;14564;18231;28097;28098;28099;28100;28101;28102;28103;28104;28106;28108,recovery
26,u_dma_fabric.rbeat_data[11]$_DFFE_PN0P_,clk_core,4.32,1.12,3466;3696;3706;5280;7711;7715;7717;7718;9547;10311;10319;10611;14233;14564;18231;28097;28098;28099;28100;28101;28102;28103;28104;28106;28108,recovery
27,u_dma_fabric.rbeat_data[12]$_DFFE_PN0P_,clk_core,4.32,1.12,3462;3696;3706;5824;7711;7715;7717;7718;9547;10311;10319;10611;14233;14564;18231;28097;28098;28099;28100;28101;28102;28103;28104;28106;28108,recovery
28,u_dma_fabric.rbeat_data[16]$_DFFE_PN0P_,clk_core,4.32,1.12,3462;3696;3706;5824;7711;7715;7717;7718;9547;10311;10319;10611;14233;14564;18231;28097;28098;28099;28100;28101;28102;28103;28104;28106;28108,recovery
29,u_dma_fabric.rbeat_data[19]$_DFFE_PN0P_,clk_core,4.32,1.12,3466;3696;3706;5280;7711;7715;7717;7718;9547;10311;10319;10611;14233;14564;18231;28097;28098;28099;28100;28101;28102;28103;28104;28106;28108,recovery
30,u_dma_fabric.rbeat_data[21]$_DFFE_PN0P_,clk_core,4.32,1.12,3466;3696;3706;5280;7711;7715;7717;7718;9547;10311;10319;10611;14233;14564;18231;28097;28098;28099;28100;28101;28102;28103;28104;28106;28108,recovery
31,u_dma_fabric.rbeat_data[31]$_DFFE_PN0P_,clk_core,4.32,1.12,3472;3696;3706;5282;7711;7715;7717;7718;9547;10311;10319;10611;14233;14564;18231;28097;28098;28099;28100;28101;28102;28103;28104;28106;28108,recovery
32,u_dma_fabric.rbeat_data[7]$_DFFE_PN0P_,clk_core,4.32,1.12,3472;3696;3706;5282;7711;7715;7717;7718;9547;10311;10319;10611;14233;14564;18231;28097;28098;28099;28100;28101;28102;28103;28104;28106;28108,recovery
33,u_dma_fabric.rbeat_data[8]$_DFFE_PN0P_,clk_core,4.32,1.12,3472;3696;3706;5282;7711;7715;7717;7718;9547;10311;10319;10611;14233;14564;18231;28097;28098;28099;28100;28101;28102;28103;28104;28106;28108,recovery
34,u_dma_fabric.rbeat_data[18]$_DFFE_PN0P_,clk_core,4.32,1.11,3472;3696;3706;5282;7711;7715;7717;7718;9547;10311;10319;10611;14233;14564;18231;28097;28098;28099;28100;28101;28102;28103;28104;28106;28108,recovery
35,u_dma_fabric.rbeat_data[25]$_DFFE_PN0P_,clk_core,4.32,1.11,3472;3696;3706;5282;7711;7715;7717;7718;9547;10311;10319;10611;14233;14564;18231;28097;28098;28099;28100;28101;28102;28103;28104;28106;28108,recovery
36,u_dma_fabric.rbeat_data[6]$_DFFE_PN0P_,clk_core,4.32,1.11,3472;3696;3706;5282;7711;7715;7717;7718;9547;10311;10319;10611;14233;14564;18231;28097;28098;28099;28100;28101;28102;28103;28104;28106;28108,recovery
37,u_dma_fabric.rbeat_data[24]$_DFFE_PN0P_,clk_core,4.32,1.11,3472;3696;3706;5282;7711;7715;7717;7718;9547;10311;10319;10611;14233;14564;18231;28097;28098;28099;28100;28101;28102;28103;28104;28106;28108,recovery
38,u_dma_fabric.rbeat_data[5]$_DFFE_PN0P_,clk_core,4.33,1.11,3472;3696;3706;5343;7711;7715;7717;7718;9547;10311;10319;10611;14233;14564;18231;28097;28098;28099;28100;28101;28102;28103;28104;28106;28108,recovery
39,u_dma_fabric.rbeat_data[22]$_DFFE_PN0P_,clk_core,4.33,1.11,3472;3696;3706;5341;7711;7715;7717;7718;9547;10311;10319;10611;14233;14564;18231;28097;28098;28099;28100;28101;28102;28103;28104;28106;28108,recovery
40,u_dma_fabric.rbeat_data[27]$_DFFE_PN0P_,clk_core,4.33,1.11,3472;3696;3706;5343;7711;7715;7717;7718;9547;10311;10319;10611;14233;14564;18231;28097;28098;28099;28100;28101;28102;28103;28104;28106;28108,recovery
41,u_dma_fabric.rbeat_data[4]$_DFFE_PN0P_,clk_core,4.33,1.11,3472;3696;3706;5343;7711;7715;7717;7718;9547;10311;10319;10611;14233;14564;18231;28097;28098;28099;28100;28101;28102;28103;28104;28106;28108,recovery
42,g_chan[0].u_cdc_chr.rd_empty$_DFF_PN1_,clk_core,4.33,1.1,3532;3696;3706;5263;7711;7715;7717;7718;9547;10311;10319;10611;14233;14564;18231;28097;28098;28099;28100;28101;28102;28103;28104;28106;28108,recovery
43,g_chan[1].u_cdc_chcmd.wq2_rgray[3]$_DFF_PN0_,clk_core,4.38,1.05,3631;3700;3706;5028;7711;7715;7717;7718;9547;10311;10319;11840;14564;18231;28097;28098;28099;28100;28101;28102;28103;28104;28106;28108,recovery
44,g_chan[1].u_cdc_chcmd.wq2_rgray[1]$_DFF_PN0_,clk_core,4.38,1.05,3631;3700;3706;5028;7711;7715;7717;7718;9547;10311;10319;11840;14564;18231;28097;28098;28099;28100;28101;28102;28103;28104;28106;28108,recovery
45,g_chan[1].u_cdc_chcmd.wq1_rgray[1]$_DFF_PN0_,clk_core,4.38,1.05,3631;3700;3706;5028;7711;7715;7717;7718;9547;10311;10319;11840;14564;18231;28097;28098;28099;28100;28101;28102;28103;28104;28106;28108,recovery
46,g_chan[1].u_cdc_chcmd.wq2_rgray[0]$_DFF_PN0_,clk_core,4.38,1.05,3631;3700;3706;5028;7711;7715;7717;7718;9547;10311;10319;11840;14564;18231;28097;28098;28099;28100;28101;28102;28103;28104;28106;28108,recovery
47,g_chan[1].u_cdc_chcmd.wbin[1]$_DFF_PN0_,clk_core,4.38,1.05,3631;3700;3706;5158;7711;7715;7717;7718;9547;10311;10319;11840;14564;18231;28097;28098;28099;28100;28101;28102;28103;28104;28106;28108,recovery
48,g_chan[1].u_cdc_chcmd.wbin[0]$_DFF_PN0_,clk_core,4.38,1.05,3631;3700;3706;5158;7711;7715;7717;7718;9547;10311;10319;11840;14564;18231;28097;28098;28099;28100;28101;28102;28103;28104;28106;28108,recovery
49,g_chan[1].u_cdc_chcmd.wq1_rgray[3]$_DFF_PN0_,clk_core,4.38,1.05,3631;3700;3706;5023;7711;7715;7717;7718;9547;10311;10319;11840;14564;18231;28097;28098;28099;28100;28101;28102;28103;28104;28106;28108,recovery
50,g_chan[1].u_cdc_chcmd.wbin[3]$_DFF_PN0_,clk_core,4.38,1.05,3631;3700;3706;5158;7711;7715;7717;7718;9547;10311;10319;11840;14564;18231;28097;28098;28099;28100;28101;28102;28103;28104;28106;28108,recovery
51,g_chan[1].u_cdc_chcmd.wbin[2]$_DFF_PN0_,clk_core,4.38,1.05,3631;3700;3706;5158;7711;7715;7717;7718;9547;10311;10319;11840;14564;18231;28097;28098;28099;28100;28101;28102;28103;28104;28106;28108,recovery
52,g_chan[1].u_cdc_chcmd.wgray[0]$_DFF_PN0_,clk_core,4.38,1.05,3631;3700;3706;5023;7711;7715;7717;7718;9547;10311;10319;11840;14564;18231;28097;28098;28099;28100;28101;28102;28103;28104;28106;28108,recovery
53,g_chan[1].u_cdc_chcmd.wgray[1]$_DFF_PN0_,clk_core,4.38,1.05,3631;3700;3706;5158;7711;7715;7717;7718;9547;10311;10319;11840;14564;18231;28097;28098;28099;28100;28101;28102;28103;28104;28106;28108,recovery
54,g_chan[1].u_cdc_chcmd.wq1_rgray[0]$_DFF_PN0_,clk_core,4.38,1.05,3631;3700;3706;5023;7711;7715;7717;7718;9547;10311;10319;11840;14564;18231;28097;28098;28099;28100;28101;28102;28103;28104;28106;28108,recovery
55,g_chan[1].u_cdc_chcmd.wq1_rgray[4]$_DFF_PN0_,clk_core,4.38,1.05,3631;3700;3706;5158;7711;7715;7717;7718;9547;10311;10319;11840;14564;18231;28097;28098;28099;28100;28101;28102;28103;28104;28106;28108,recovery
56,g_chan[1].u_cdc_chcmd.wbin[4]$_DFF_PN0_,clk_core,4.38,1.05,3631;3700;3706;5158;7711;7715;7717;7718;9547;10311;10319;11840;14564;18231;28097;28098;28099;28100;28101;28102;28103;28104;28106;28108,recovery
57,g_chan[1].u_cdc_chcmd.wr_full$_DFF_PN0_,clk_core,4.38,1.05,3631;3700;3706;5166;7711;7715;7717;7718;9547;10311;10319;11840;14564;18231;28097;28098;28099;28100;28101;28102;28103;28104;28106;28108,recovery
58,g_chan[1].u_cdc_chcmd.wq2_rgray[4]$_DFF_PN0_,clk_core,4.38,1.05,3631;3700;3706;5023;7711;7715;7717;7718;9547;10311;10319;11840;14564;18231;28097;28098;28099;28100;28101;28102;28103;28104;28106;28108,recovery
59,g_chan[1].u_cdc_chcmd.wq1_rgray[2]$_DFF_PN0_,clk_core,4.38,1.05,3631;3700;3706;5166;7711;7715;7717;7718;9547;10311;10319;11840;14564;18231;28097;28098;28099;28100;28101;28102;28103;28104;28106;28108,recovery
60,g_chan[1].u_cdc_chcmd.wgray[3]$_DFF_PN0_,clk_core,4.38,1.05,3631;3700;3706;5166;7711;7715;7717;7718;9547;10311;10319;11840;14564;18231;28097;28098;28099;28100;28101;28102;28103;28104;28106;28108,recovery
61,g_chan[1].u_cdc_chcmd.wgray[2]$_DFF_PN0_,clk_core,4.38,1.05,3631;3700;3706;5166;7711;7715;7717;7718;9547;10311;10319;11840;14564;18231;28097;28098;28099;28100;28101;28102;28103;28104;28106;28108,recovery
62,g_chan[1].u_cdc_chcmd.wq2_rgray[2]$_DFF_PN0_,clk_core,4.38,1.05,3631;3700;3706;5166;7711;7715;7717;7718;9547;10311;10319;11840;14564;18231;28097;28098;28099;28100;28101;28102;28103;28104;28106;28108,recovery
63,u_dma_fabric.rbeat_data[23]$_DFFE_PN0P_,clk_core,4.41,1.02,3472;3696;3706;5346;7711;7715;7717;7718;9547;10311;10319;14233;14564;18231;28097;28098;28099;28100;28101;28102;28103;28104;28106;28108,recovery
64,u_dma_fabric.rbeat_data[29]$_DFFE_PN0P_,clk_core,4.41,1.02,3472;3696;3706;5346;7711;7715;7717;7718;9547;10311;10319;14233;14564;18231;28097;28098;28099;28100;28101;28102;28103;28104;28106;28108,recovery
65,u_cdc_rbeat.wq1_rgray[0]$_DFF_PN0_,clk_core,4.41,1.03,3625;3700;3706;4984;7711;7715;7717;7718;9547;10311;10319;14233;14564;18231;28097;28098;28099;28100;28101;28102;28103;28104;28106;28108,recovery
66,u_dma_fabric.rbeat_data[30]$_DFFE_PN0P_,clk_core,4.41,1.02,3472;3696;3706;5346;7711;7715;7717;7718;9547;10311;10319;14233;14564;18231;28097;28098;28099;28100;28101;28102;28103;28104;28106;28108,recovery
67,u_cdc_rbeat.wq1_rgray[3]$_DFF_PN0_,clk_core,4.41,1.03,3625;3700;3706;4981;7711;7715;7717;7718;9547;10311;10319;14233;14564;18231;28097;28098;28099;28100;28101;28102;28103;28104;28106;28108,recovery
68,u_cdc_rbeat.wbin[4]$_DFF_PN0_,clk_core,4.41,1.03,3625;3700;3706;4979;7711;7715;7717;7718;9547;10311;10319;14233;14564;18231;28097;28098;28099;28100;28101;28102;28103;28104;28106;28108,recovery
69,u_cdc_rbeat.wq2_rgray[3]$_DFF_PN0_,clk_core,4.41,1.03,3625;3700;3706;4981;7711;7715;7717;7718;9547;10311;10319;14233;14564;18231;28097;28098;28099;28100;28101;28102;28103;28104;28106;28108,recovery
70,u_cdc_rbeat.wgray[3]$_DFF_PN0_,clk_core,4.41,1.03,3625;3700;3706;4981;7711;7715;7717;7718;9547;10311;10319;14233;14564;18231;28097;28098;28099;28100;28101;28102;28103;28104;28106;28108,recovery
71,u_cdc_rbeat.wbin[3]$_DFF_PN0_,clk_core,4.41,1.03,3625;3700;3706;4979;7711;7715;7717;7718;9547;10311;10319;14233;14564;18231;28097;28098;28099;28100;28101;28102;28103;28104;28106;28108,recovery
72,u_cdc_rbeat.wbin[2]$_DFF_PN0_,clk_core,4.41,1.03,3625;3700;3706;4979;7711;7715;7717;7718;9547;10311;10319;14233;14564;18231;28097;28098;28099;28100;28101;28102;28103;28104;28106;28108,recovery
73,u_cdc_rbeat.wgray[2]$_DFF_PN0_,clk_core,4.41,1.03,3625;3700;3706;4981;7711;7715;7717;7718;9547;10311;10319;14233;14564;18231;28097;28098;28099;28100;28101;28102;28103;28104;28106;28108,recovery
74,u_dma_fabric.rbeat_data[28]$_DFFE_PN0P_,clk_core,4.41,1.02,3472;3696;3706;5343;7711;7715;7717;7718;9547;10311;10319;14233;14564;18231;28097;28098;28099;28100;28101;28102;28103;28104;28106;28108,recovery
75,u_cdc_rbeat.wgray[0]$_DFF_PN0_,clk_core,4.41,1.03,3625;3700;3706;4981;7711;7715;7717;7718;9547;10311;10319;14233;14564;18231;28097;28098;28099;28100;28101;28102;28103;28104;28106;28108,recovery
76,u_cdc_rbeat.wq2_rgray[2]$_DFF_PN0_,clk_core,4.41,1.03,3625;3700;3706;4979;7711;7715;7717;7718;9547;10311;10319;14233;14564;18231;28097;28098;28099;28100;28101;28102;28103;28104;28106;28108,recovery
77,u_cdc_rbeat.wq2_rgray[1]$_DFF_PN0_,clk_core,4.41,1.03,3625;3700;3706;4979;7711;7715;7717;7718;9547;10311;10319;14233;14564;18231;28097;28098;28099;28100;28101;28102;28103;28104;28106;28108,recovery
78,u_cdc_rbeat.wgray[1]$_DFF_PN0_,clk_core,4.41,1.03,3625;3700;3706;4981;7711;7715;7717;7718;9547;10311;10319;14233;14564;18231;28097;28098;28099;28100;28101;28102;28103;28104;28106;28108,recovery
79,u_cdc_rbeat.wq2_rgray[0]$_DFF_PN0_,clk_core,4.41,1.03,3625;3700;3706;4981;7711;7715;7717;7718;9547;10311;10319;14233;14564;18231;28097;28098;28099;28100;28101;28102;28103;28104;28106;28108,recovery
80,u_cdc_rbeat.wbin[0]$_DFF_PN0_,clk_core,4.41,1.03,3625;3700;3706;4984;7711;7715;7717;7718;9547;10311;10319;14233;14564;18231;28097;28098;28099;28100;28101;28102;28103;28104;28106;28108,recovery
81,u_cdc_rbeat.wbin[1]$_DFF_PN0_,clk_core,4.41,1.03,3625;3700;3706;4984;7711;7715;7717;7718;9547;10311;10319;14233;14564;18231;28097;28098;28099;28100;28101;28102;28103;28104;28106;28108,recovery
82,u_cdc_rbeat.wq1_rgray[1]$_DFF_PN0_,clk_core,4.41,1.03,3625;3700;3706;4981;7711;7715;7717;7718;9547;10311;10319;14233;14564;18231;28097;28098;28099;28100;28101;28102;28103;28104;28106;28108,recovery
83,u_cdc_rbeat.wq1_rgray[4]$_DFF_PN0_,clk_core,4.41,1.03,3625;3700;3706;4964;7711;7715;7717;7718;9547;10311;10319;14233;14564;18231;28097;28098;28099;28100;28101;28102;28103;28104;28106;28108,recovery
84,u_cdc_rbeat.wq1_rgray[2]$_DFF_PN0_,clk_core,4.41,1.03,3625;3700;3706;4979;7711;7715;7717;7718;9547;10311;10319;14233;14564;18231;28097;28098;28099;28100;28101;28102;28103;28104;28106;28108,recovery
85,u_cdc_rbeat.wq2_rgray[4]$_DFF_PN0_,clk_core,4.41,1.03,3625;3700;3706;4964;7711;7715;7717;7718;9547;10311;10319;14233;14564;18231;28097;28098;28099;28100;28101;28102;28103;28104;28106;28108,recovery
86,u_cdc_rbeat.wr_full$_DFF_PN0_,clk_core,4.41,1.03,3625;3700;3706;4979;7711;7715;7717;7718;9547;10311;10319;14233;14564;18231;25572;28097;28098;28099;28100;28101;28102;28103;28104;28106;28108,recovery
87,u_dma_fabric.rbeat_data[1]$_DFFE_PN0P_,clk_core,4.42,1.02,3532;3696;3706;5355;7711;7715;7717;7718;9547;10311;10319;14233;14564;18231;28097;28098;28099;28100;28101;28102;28103;28104;28106;28108,recovery
88,u_dma_fabric.rbeat_data[26]$_DFFE_PN0P_,clk_core,4.42,1.02,3532;3696;3706;5355;7711;7715;7717;7718;9547;10311;10319;14233;14564;18231;28097;28098;28099;28100;28101;28102;28103;28104;28106;28108,recovery
89,u_dma_fabric.rbeat_data[2]$_DFFE_PN0P_,clk_core,4.42,1.02,3532;3696;3706;5355;7711;7715;7717;7718;9547;10311;10319;14233;14564;18231;28097;28098;28099;28100;28101;28102;28103;28104;28106;28108,recovery
90,u_dma_fabric.rbeat_data[3]$_DFFE_PN0P_,clk_core,4.42,1.02,3532;3696;3706;5355;7711;7715;7717;7718;9547;10311;10319;14233;14564;18231;28097;28098;28099;28100;28101;28102;28103;28104;28106;28108,recovery
91,u_dma_fabric.rbeat_data[0]$_DFFE_PN0P_,clk_core,4.42,1.02,3532;3696;3706;5355;7711;7715;7717;7718;9547;10311;10319;14233;14564;18231;28097;28098;28099;28100;28101;28102;28103;28104;28106;28108,recovery
92,u_seq_core.beats_left[28]$_DFFE_PN0P_,clk_core,4.49,0.94,3675;3702;3706;7689;7711;7715;7717;7718;9547;11791;11816;14564;18231;28097;28098;28099;28100;28101;28102;28103;28104;28106;28108,recovery
93,u_seq_core.beats_left[22]$_DFFE_PN0P_,clk_core,4.49,0.95,3675;3702;3706;7686;7711;7715;7717;7718;9547;11791;11816;14564;18231;28097;28098;28099;28100;28101;28102;28103;28104;28106;28108,recovery
94,u_seq_core.beats_left[21]$_DFFE_PN0P_,clk_core,4.49,0.94,3675;3702;3706;7686;7711;7715;7717;7718;9547;11791;11816;14564;18231;28097;28098;28099;28100;28101;28102;28103;28104;28106;28108,recovery
95,u_seq_core.beats_left[25]$_DFFE_PN0P_,clk_core,4.49,0.94,3675;3702;3706;7686;7711;7715;7717;7718;9547;11791;11816;14564;18231;28097;28098;28099;28100;28101;28102;28103;28104;28106;28108,recovery
96,u_seq_core.beats_left[26]$_DFFE_PN0P_,clk_core,4.49,0.94,3675;3702;3706;7686;7711;7715;7717;7718;9547;11791;11816;14564;18231;28097;28098;28099;28100;28101;28102;28103;28104;28106;28108,recovery
97,u_seq_core.beats_left[27]$_DFFE_PN0P_,clk_core,4.49,0.94,3675;3702;3706;7686;7711;7715;7717;7718;9547;11791;11816;14564;18231;28097;28098;28099;28100;28101;28102;28103;28104;28106;28108,recovery
98,u_seq_core.beats_left[30]$_DFFE_PN0P_,clk_core,4.5,0.94,3675;3702;3706;3708;7711;7715;7717;7718;9547;11791;11816;14564;18231;28097;28098;28099;28100;28101;28102;28103;28104;28106;28108,recovery
99,u_seq_core.beats_left[29]$_DFFE_PN0P_,clk_core,4.5,0.94,3675;3702;3706;7686;7711;7715;7717;7718;9547;11791;11816;14564;18231;28097;28098;28099;28100;28101;28102;28103;28104;28106;28108,recovery
100,c_cmd_len[2]$_DFFE_PN0N_,clk_core,4.5,0.95,7709;7711;7715;9547;11791;11816;14564;28097;28098;28099;28100;28101;28102;28103;28104;28106;28108,recovery
101,c_cmd_len[10]$_DFFE_PN0N_,clk_core,4.5,0.95,7708;7711;7715;9547;11791;11816;14564;28097;28098;28099;28100;28101;28102;28103;28104;28106;28108,recovery
102,u_cdc_cmd.rq2_wgray[4]$_DFF_PN0_,clk_core,4.5,0.94,7704;7711;7715;9547;11877;11878;14564;28097;28098;28099;28100;28101;28102;28103;28104;28106;28108,recovery
103,u_cdc_cmd.rbin[4]$_DFF_PN0_,clk_core,4.5,0.94,7704;7711;7715;9547;11877;11878;14564;28097;28098;28099;28100;28101;28102;28103;28104;28106;28108,recovery
104,u_cdc_cmd.rq1_wgray[4]$_DFF_PN0_,clk_core,4.5,0.94,7704;7711;7715;9547;11877;11878;14564;28097;28098;28099;28100;28101;28102;28103;28104;28106;28108,recovery
105,c_cmd_len[7]$_DFFE_PN0N_,clk_core,4.5,0.95,7709;7711;7715;9547;11791;11816;14564;28097;28098;28099;28100;28101;28102;28103;28104;28106;28108,recovery
106,c_cmd_len[4]$_DFFE_PN0N_,clk_core,4.5,0.95,7709;7711;7715;9547;11791;11816;14564;28097;28098;28099;28100;28101;28102;28103;28104;28106;28108,recovery
107,u_cdc_cmd.rq1_wgray[3]$_DFF_PN0_,clk_core,4.5,0.94,7704;7711;7715;9547;11877;11878;14564;28097;28098;28099;28100;28101;28102;28103;28104;28106;28108,recovery
108,u_cdc_cmd.rq1_wgray[2]$_DFF_PN0_,clk_core,4.5,0.94,7704;7711;7715;9547;11877;11878;14564;28097;28098;28099;28100;28101;28102;28103;28104;28106;28108,recovery
109,u_cdc_cmd.rq2_wgray[2]$_DFF_PN0_,clk_core,4.5,0.94,7704;7711;7715;9547;11877;11878;14564;28097;28098;28099;28100;28101;28102;28103;28104;28106;28108,recovery
110,u_cdc_cmd.rq2_wgray[3]$_DFF_PN0_,clk_core,4.5,0.94,7704;7711;7715;9547;11877;11878;14564;28097;28098;28099;28100;28101;28102;28103;28104;28106;28108,recovery
111,u_cdc_cmd.rbin[3]$_DFF_PN0_,clk_core,4.5,0.94,7704;7711;7715;9547;11877;11878;14564;28097;28098;28099;28100;28101;28102;28103;28104;28106;28108,recovery
112,u_cdc_cmd.rbin[1]$_DFF_PN0_,clk_core,4.5,0.94,7704;7711;7715;9547;11877;11878;14564;28097;28098;28099;28100;28101;28102;28103;28104;28106;28108,recovery
113,c_cmd_len[6]$_DFFE_PN0N_,clk_core,4.5,0.94,7709;7711;7715;9547;11791;11816;14564;28097;28098;28099;28100;28101;28102;28103;28104;28106;28108,recovery
114,u_cdc_cmd.rgray[2]$_DFF_PN0_,clk_core,4.5,0.94,7704;7711;7715;9547;11877;11878;14564;28097;28098;28099;28100;28101;28102;28103;28104;28106;28108,recovery
115,u_cdc_cmd.rgray[3]$_DFF_PN0_,clk_core,4.5,0.94,7704;7711;7715;9547;11877;11878;14564;28097;28098;28099;28100;28101;28102;28103;28104;28106;28108,recovery
116,c_cmd_len[0]$_DFFE_PN0N_,clk_core,4.5,0.95,7707;7711;7715;9547;11791;11816;14564;28097;28098;28099;28100;28101;28102;28103;28104;28106;28108,recovery
117,c_cmd_len[3]$_DFFE_PN0N_,clk_core,4.5,0.95,7707;7711;7715;9547;11791;11816;14564;28097;28098;28099;28100;28101;28102;28103;28104;28106;28108,recovery
118,g_chan[1].u_cdc_chw.wbin[2]$_DFF_PN0_,clk_core,4.5,0.94,3613;3698;3706;7606;7711;7715;7717;7718;9547;10319;11914;14564;18231;28097;28098;28099;28100;28101;28102;28103;28104;28106;28108,recovery
119,c_cmd_len[1]$_DFFE_PN0N_,clk_core,4.5,0.95,7707;7711;7715;9547;11791;11816;14564;28097;28098;28099;28100;28101;28102;28103;28104;28106;28108,recovery
120,g_chan[1].u_cdc_chw.wbin[0]$_DFF_PN0_,clk_core,4.5,0.94,3611;3698;3706;7582;7711;7715;7717;7718;9547;10319;11914;14564;18231;28097;28098;28099;28100;28101;28102;28103;28104;28106;28108,recovery
121,g_chan[1].u_cdc_chw.wbin[3]$_DFF_PN0_,clk_core,4.5,0.94,3611;3698;3706;7582;7711;7715;7717;7718;9547;10319;11914;14564;18231;28097;28098;28099;28100;28101;28102;28103;28104;28106;28108,recovery
122,g_chan[1].u_cdc_chw.wbin[1]$_DFF_PN0_,clk_core,4.5,0.94,3611;3698;3706;7582;7711;7715;7717;7718;9547;10319;11914;14564;18231;28097;28098;28099;28100;28101;28102;28103;28104;28106;28108,recovery
123,g_chan[1].u_cdc_chw.wgray[3]$_DFF_PN0_,clk_core,4.5,0.94,3611;3698;3706;7557;7711;7715;7717;7718;9547;10319;11914;14564;18231;28097;28098;28099;28100;28101;28102;28103;28104;28106;28108,recovery
124,g_chan[1].u_cdc_chw.wgray[2]$_DFF_PN0_,clk_core,4.5,0.94,3611;3698;3706;7557;7711;7715;7717;7718;9547;10319;11914;14564;18231;28097;28098;28099;28100;28101;28102;28103;28104;28106;28108,recovery
125,g_chan[1].u_cdc_chw.wq1_rgray[1]$_DFF_PN0_,clk_core,4.5,0.94,3611;3698;3706;7582;7711;7715;7717;7718;9547;10319;11914;14564;18231;28097;28098;28099;28100;28101;28102;28103;28104;28106;28108,recovery
126,c_cmd_len[8]$_DFFE_PN0N_,clk_core,4.5,0.95,7711;7712;7715;9547;11791;11816;14564;28097;28098;28099;28100;28101;28102;28103;28104;28106;28108,recovery
127,g_chan[1].u_cdc_chw.wgray[1]$_DFF_PN0_,clk_core,4.5,0.94,3611;3698;3706;7582;7711;7715;7717;7718;9547;10319;11914;14564;18231;28097;28098;28099;28100;28101;28102;28103;28104;28106;28108,recovery
128,c_cmd_addr[25]$_DFFE_PN0N_,clk_core,4.5,0.94,7705;7711;7715;9547;11877;11878;14564;28097;28098;28099;28100;28101;28102;28103;28104;28106;28108,recovery
129,g_chan[1].u_cdc_chw.wgray[0]$_DFF_PN0_,clk_core,4.5,0.94,3611;3698;3706;7582;7711;7715;7717;7718;9547;10319;11914;14564;18231;28097;28098;28099;28100;28101;28102;28103;28104;28106;28108,recovery
130,c_cmd_len[5]$_DFFE_PN0N_,clk_core,4.5,0.95,7711;7712;7715;9547;11791;11816;14564;28097;28098;28099;28100;28101;28102;28103;28104;28106;28108,recovery
131,c_cmd_addr[24]$_DFFE_PN0N_,clk_core,4.5,0.94,7705;7711;7715;9547;11877;11878;14564;28097;28098;28099;28100;28101;28102;28103;28104;28106;28108,recovery
132,c_cmd_addr[23]$_DFFE_PN0N_,clk_core,4.5,0.95,7711;7712;7715;9547;11791;11816;14564;28097;28098;28099;28100;28101;28102;28103;28104;28106;28108,recovery
133,g_chan[1].u_cdc_chw.wq2_rgray[2]$_DFF_PN0_,clk_core,4.5,0.94,3611;3698;3706;7557;7711;7715;7717;7718;9547;10319;11914;14564;18231;28097;28098;28099;28100;28101;28102;28103;28104;28106;28108,recovery
134,c_cmd_len[9]$_DFFE_PN0N_,clk_core,4.5,0.95,7711;7712;7715;9547;11791;11816;14564;28097;28098;28099;28100;28101;28102;28103;28104;28106;28108,recovery
135,c_cmd_valid$_DFF_PN0_,clk_core,4.5,0.94,7705;7711;7715;9547;11877;11878;14564;18557;28097;28098;28099;28100;28101;28102;28103;28104;28106;28108,recovery
136,g_chan[1].u_cdc_chw.wq2_rgray[1]$_DFF_PN0_,clk_core,4.5,0.94,3611;3698;3706;7571;7711;7715;7717;7718;9547;10319;11914;14564;18231;28097;28098;28099;28100;28101;28102;28103;28104;28106;28108,recovery
137,g_chan[1].u_cdc_chw.wq1_rgray[2]$_DFF_PN0_,clk_core,4.5,0.94,3613;3698;3706;7593;7711;7715;7717;7718;9547;10319;11914;14564;18231;28097;28098;28099;28100;28101;28102;28103;28104;28106;28108,recovery
138,g_chan[1].u_cdc_chw.wbin[4]$_DFF_PN0_,clk_core,4.5,0.94,3611;3698;3706;7582;7711;7715;7717;7718;9547;10319;11914;14564;18231;28097;28098;28099;28100;28101;28102;28103;28104;28106;28108,recovery
139,g_chan[1].u_cdc_chw.wq1_rgray[3]$_DFF_PN0_,clk_core,4.5,0.94,3611;3698;3706;7557;7711;7715;7717;7718;9547;10319;11914;14564;18231;28097;28098;28099;28100;28101;28102;28103;28104;28106;28108,recovery
140,u_cdc_cmd.rbin[0]$_DFF_PN0_,clk_core,4.5,0.94,7705;7711;7715;9547;11877;11878;14564;28097;28098;28099;28100;28101;28102;28103;28104;28106;28108,recovery
141,u_cdc_cmd.rgray[0]$_DFF_PN0_,clk_core,4.51,0.94,7705;7711;7715;9547;11877;11878;14564;28097;28098;28099;28100;28101;28102;28103;28104;28106;28108,recovery
142,g_chan[1].u_cdc_chw.wq2_rgray[0]$_DFF_PN0_,clk_core,4.51,0.94,3611;3698;3706;7571;7711;7715;7717;7718;9547;10319;11914;14564;18231;28097;28098;28099;28100;28101;28102;28103;28104;28106;28108,recovery
143,g_chan[1].u_cdc_chw.wq2_rgray[3]$_DFF_PN0_,clk_core,4.51,0.94,3611;3698;3706;7571;7711;7715;7717;7718;9547;10319;11914;14564;18231;28097;28098;28099;28100;28101;28102;28103;28104;28106;28108,recovery
144,g_chan[1].u_cdc_chr.rd_empty$_DFF_PN1_,clk_core,4.51,0.92,3627;3700;3706;5175;7711;7715;7717;7718;9547;10311;10319;14564;18231;28097;28098;28099;28100;28101;28102;28103;28104;28106;28108,recovery
145,u_cdc_cmd.rq1_wgray[0]$_DFF_PN0_,clk_core,4.51,0.94,7707;7711;7715;9547;11877;11878;14564;28097;28098;28099;28100;28101;28102;28103;28104;28106;28108,recovery
146,u_cdc_cmd.rq1_wgray[1]$_DFF_PN0_,clk_core,4.51,0.94,7707;7711;7715;9547;11877;11878;14564;28097;28098;28099;28100;28101;28102;28103;28104;28106;28108,recovery
147,u_cdc_cmd.rq2_wgray[1]$_DFF_PN0_,clk_core,4.51,0.94,7707;7711;7715;9547;11877;11878;14564;28097;28098;28099;28100;28101;28102;28103;28104;28106;28108,recovery
148,u_cdc_cmd.rq2_wgray[0]$_DFF_PN0_,clk_core,4.51,0.94,7707;7711;7715;9547;11877;11878;14564;28097;28098;28099;28100;28101;28102;28103;28104;28106;28108,recovery
149,u_seq_core.op_q[0]$_DFFE_PN0P_,clk_core,4.51,0.94,3672;3702;3706;7546;7711;7715;7717;7718;9547;10319;11914;14564;18231;28097;28098;28099;28100;28101;28102;28103;28104;28106;28108,recovery
150,u_cdc_cmd.rd_empty$_DFF_PN1_,clk_core,4.51,0.94,7705;7711;7715;9547;11877;11878;14564;24986;28097;28098;28099;28100;28101;28102;28103;28104;28106;28108,recovery
151,u_cdc_cmd.rbin[2]$_DFF_PN0_,clk_core,4.51,0.94,7707;7711;7715;9547;11877;11878;14564;28097;28098;28099;28100;28101;28102;28103;28104;28106;28108,recovery
152,u_cdc_cmd.rgray[1]$_DFF_PN0_,clk_core,4.51,0.94,7707;7711;7715;9547;11877;11878;14564;28097;28098;28099;28100;28101;28102;28103;28104;28106;28108,recovery
153,u_dma_fabric.rbeat_valid$_DFFE_PN0P_,clk_core,4.51,0.92,3627;3700;3706;5175;7711;7715;7717;7718;9547;10311;10319;14564;18231;26157;28097;28098;28099;28100;28101;28102;28103;28104;28106;28108,recovery
154,g_chan[1].u_cdc_chr.rbin[1]$_DFF_PN0_,clk_core,4.52,0.92,3627;3700;3706;5177;7711;7715;7717;7718;9547;10311;10319;14564;18231;28097;28098;28099;28100;28101;28102;28103;28104;28106;28108,recovery
155,g_chan[1].u_cdc_chr.rbin[3]$_DFF_PN0_,clk_core,4.52,0.92,3627;3700;3706;5177;7711;7715;7717;7718;9547;10311;10319;14564;18231;28097;28098;28099;28100;28101;28102;28103;28104;28106;28108,recovery
156,g_chan[1].u_cdc_chr.rbin[0]$_DFF_PN0_,clk_core,4.52,0.92,3627;3700;3706;5177;7711;7715;7717;7718;9547;10311;10319;14564;18231;28097;28098;28099;28100;28101;28102;28103;28104;28106;28108,recovery
157,g_chan[1].u_cdc_chr.rq2_wgray[0]$_DFF_PN0_,clk_core,4.52,0.92,3627;3700;3706;5177;7711;7715;7717;7718;9547;10311;10319;14564;18231;28097;28098;28099;28100;28101;28102;28103;28104;28106;28108,recovery
158,g_chan[1].u_cdc_chr.rq1_wgray[4]$_DFF_PN0_,clk_core,4.52,0.92,3627;3700;3706;5196;7711;7715;7717;7718;9547;10311;10319;14564;18231;28097;28098;28099;28100;28101;28102;28103;28104;28106;28108,recovery
159,g_chan[1].u_cdc_chr.rgray[0]$_DFF_PN0_,clk_core,4.52,0.92,3627;3700;3706;5196;7711;7715;7717;7718;9547;10311;10319;14564;18231;28097;28098;28099;28100;28101;28102;28103;28104;28106;28108,recovery
160,g_chan[1].u_cdc_chr.rq1_wgray[0]$_DFF_PN0_,clk_core,4.52,0.92,3627;3700;3706;5196;7711;7715;7717;7718;9547;10311;10319;14564;18231;28097;28098;28099;28100;28101;28102;28103;28104;28106;28108,recovery
161,g_chan[1].u_cdc_chr.rbin[2]$_DFF_PN0_,clk_core,4.52,0.92,3627;3700;3706;5177;7711;7715;7717;7718;9547;10311;10319;14564;18231;28097;28098;28099;28100;28101;28102;28103;28104;28106;28108,recovery
162,g_chan[1].u_cdc_chr.rbin[4]$_DFF_PN0_,clk_core,4.52,0.92,3627;3700;3706;5177;7711;7715;7717;7718;9547;10311;10319;14564;18231;28097;28098;28099;28100;28101;28102;28103;28104;28106;28108,recovery
163,g_chan[1].u_cdc_chr.rq2_wgray[4]$_DFF_PN0_,clk_core,4.52,0.92,3627;3700;3706;5177;7711;7715;7717;7718;9547;10311;10319;14564;18231;28097;28098;28099;28100;28101;28102;28103;28104;28106;28108,recovery
164,g_chan[1].u_cdc_chr.rgray[2]$_DFF_PN0_,clk_core,4.52,0.92,3627;3700;3706;5175;7711;7715;7717;7718;9547;10311;10319;14564;18231;28097;28098;28099;28100;28101;28102;28103;28104;28106;28108,recovery
165,g_chan[1].u_cdc_chr.rq1_wgray[2]$_DFF_PN0_,clk_core,4.52,0.92,3627;3700;3706;5177;7711;7715;7717;7718;9547;10311;10319;14564;18231;28097;28098;28099;28100;28101;28102;28103;28104;28106;28108,recovery
166,g_chan[1].u_cdc_chr.rq2_wgray[3]$_DFF_PN0_,clk_core,4.52,0.92,3627;3700;3706;5175;7711;7715;7717;7718;9547;10311;10319;14564;18231;28097;28098;28099;28100;28101;28102;28103;28104;28106;28108,recovery
167,g_chan[1].u_cdc_chr.rq2_wgray[2]$_DFF_PN0_,clk_core,4.52,0.92,3627;3700;3706;5177;7711;7715;7717;7718;9547;10311;10319;14564;18231;28097;28098;28099;28100;28101;28102;28103;28104;28106;28108,recovery
168,g_chan[1].u_cdc_chr.rgray[3]$_DFF_PN0_,clk_core,4.52,0.92,3627;3700;3706;5175;7711;7715;7717;7718;9547;10311;10319;14564;18231;28097;28098;28099;28100;28101;28102;28103;28104;28106;28108,recovery
169,u_dma_fabric.rr_ptr$_DFFE_PN0P_,clk_core,4.52,0.92,3532;3696;3706;5263;7711;7715;7717;7718;9547;10311;10319;14564;18231;26158;28097;28098;28099;28100;28101;28102;28103;28104;28106;28108,recovery
170,g_chan[1].u_cdc_chr.rq1_wgray[3]$_DFF_PN0_,clk_core,4.52,0.92,3627;3700;3706;5196;7711;7715;7717;7718;9547;10311;10319;14564;18231;28097;28098;28099;28100;28101;28102;28103;28104;28106;28108,recovery
171,g_chan[1].u_cdc_chr.rq2_wgray[1]$_DFF_PN0_,clk_core,4.52,0.92,3627;3700;3706;5196;7711;7715;7717;7718;9547;10311;10319;14564;18231;28097;28098;28099;28100;28101;28102;28103;28104;28106;28108,recovery
172,g_chan[1].u_cdc_chr.rq1_wgray[1]$_DFF_PN0_,clk_core,4.52,0.92,3627;3700;3706;5196;7711;7715;7717;7718;9547;10311;10319;14564;18231;28097;28098;28099;28100;28101;28102;28103;28104;28106;28108,recovery
173,g_chan[1].u_cdc_chr.rgray[1]$_DFF_PN0_,clk_core,4.53,0.91,3627;3700;3706;5196;7711;7715;7717;7718;9547;10311;10319;14564;18231;28097;28098;28099;28100;28101;28102;28103;28104;28106;28108,recovery
174,u_seq_core.addr_q[26]$_DFFE_PN0P_,clk_core,4.55,0.89,3690;3702;3706;3718;7711;7715;7717;7718;9547;11791;11841;14564;18231;28097;28098;28099;28100;28101;28102;28103;28104;28106;28108,recovery
175,u_seq_core.addr_q[7]$_DFFE_PN0P_,clk_core,4.55,0.89,3690;3702;3706;3718;7711;7715;7717;7718;9547;11791;11841;14564;18231;28097;28098;28099;28100;28101;28102;28103;28104;28106;28108,recovery
176,u_seq_core.addr_q[6]$_DFFE_PN0P_,clk_core,4.55,0.89,3690;3702;3706;3722;7711;7715;7717;7718;9547;11791;11841;14564;18231;28097;28098;28099;28100;28101;28102;28103;28104;28106;28108,recovery
177,u_seq_core.addr_q[8]$_DFFE_PN0P_,clk_core,4.55,0.89,3690;3702;3706;3722;7711;7715;7717;7718;9547;11791;11841;14564;18231;28097;28098;28099;28100;28101;28102;28103;28104;28106;28108,recovery
178,u_seq_core.addr_q[9]$_DFFE_PN0P_,clk_core,4.55,0.88,3690;3702;3706;3722;7711;7715;7717;7718;9547;11791;11841;14564;18231;28097;28098;28099;28100;28101;28102;28103;28104;28106;28108,recovery
179,u_seq_core.addr_q[31]$_DFFE_PN0P_,clk_core,4.56,0.88,3690;3702;3706;3722;7711;7715;7717;7718;9547;11791;11841;14564;18231;28097;28098;28099;28100;28101;28102;28103;28104;28106;28108,recovery
180,u_seq_core.addr_q[2]$_DFFE_PN0P_,clk_core,4.56,0.88,3690;3702;3706;3727;7711;7715;7717;7718;9547;11791;11841;14564;18231;28097;28098;28099;28100;28101;28102;28103;28104;28106;28108,recovery
181,u_seq_core.addr_q[20]$_DFFE_PN0P_,clk_core,4.56,0.88,3690;3702;3706;3722;7711;7715;7717;7718;9547;11791;11841;14564;18231;28097;28098;28099;28100;28101;28102;28103;28104;28106;28108,recovery
182,u_seq_core.addr_q[21]$_DFFE_PN0P_,clk_core,4.56,0.89,3694;3702;3706;3715;7711;7715;7717;7718;9547;11791;11841;14564;18231;28097;28098;28099;28100;28101;28102;28103;28104;28106;28108,recovery
183,c_cmd_addr[7]$_DFFE_PN0N_,clk_core,4.57,0.89,7711;7715;9547;11791;11841;14564;28097;28098;28099;28100;28101;28102;28103;28104;28106;28108,recovery
184,c_cmd_addr[6]$_DFFE_PN0N_,clk_core,4.57,0.89,7711;7715;9547;11791;11841;14564;28097;28098;28099;28100;28101;28102;28103;28104;28106;28108,recovery
185,c_cmd_addr[9]$_DFFE_PN0N_,clk_core,4.57,0.89,7711;7715;9547;11791;11841;14564;28097;28098;28099;28100;28101;28102;28103;28104;28106;28108,recovery
186,c_cmd_addr[8]$_DFFE_PN0N_,clk_core,4.57,0.88,7709;7711;7715;9547;11791;11841;14564;28097;28098;28099;28100;28101;28102;28103;28104;28106;28108,recovery
187,g_chan[0].u_cdc_chcmd.wr_full$_DFF_PN0_,clk_core,4.59,0.85,3668;3702;3706;7392;7711;7715;7717;7718;9547;11852;14564;18231;28097;28098;28099;28100;28101;28102;28103;28104;28106;28108,recovery
188,u_seq_core.done$_DFFE_PN0P_,clk_core,4.59,0.85,3668;3702;3706;7463;7711;7715;7717;7718;9547;11852;14564;18231;26424;28097;28098;28099;28100;28101;28102;28103;28104;28106;28108,recovery
189,g_chan[0].u_cdc_chcmd.wbin[3]$_DFF_PN0_,clk_core,4.59,0.85,3668;3702;3706;7463;7711;7715;7717;7718;9547;11852;14564;18231;28097;28098;28099;28100;28101;28102;28103;28104;28106;28108,recovery
190,g_chan[0].u_cdc_chcmd.wgray[1]$_DFF_PN0_,clk_core,4.59,0.85,3668;3702;3706;7463;7711;7715;7717;7718;9547;11852;14564;18231;28097;28098;28099;28100;28101;28102;28103;28104;28106;28108,recovery
191,g_chan[0].u_cdc_chcmd.wgray[0]$_DFF_PN0_,clk_core,4.59,0.85,3668;3702;3706;7393;7711;7715;7717;7718;9547;11852;14564;18231;28097;28098;28099;28100;28101;28102;28103;28104;28106;28108,recovery
192,g_chan[0].u_cdc_chcmd.wbin[4]$_DFF_PN0_,clk_core,4.59,0.85,3668;3702;3706;7393;7711;7715;7717;7718;9547;11852;14564;18231;28097;28098;28099;28100;28101;28102;28103;28104;28106;28108,recovery
193,g_chan[0].u_cdc_chcmd.wq1_rgray[1]$_DFF_PN0_,clk_core,4.59,0.85,3668;3702;3706;7393;7711;7715;7717;7718;9547;11852;14564;18231;28097;28098;28099;28100;28101;28102;28103;28104;28106;28108,recovery
194,g_chan[0].u_cdc_chcmd.wq2_rgray[1]$_DFF_PN0_,clk_core,4.59,0.85,3668;3702;3706;7393;7711;7715;7717;7718;9547;11852;14564;18231;28097;28098;28099;28100;28101;28102;28103;28104;28106;28108,recovery
195,u_ecc_engine.vpipe[1]$_DFF_PN0_,clk_core,4.59,0.85,3672;3702;3706;7534;7711;7715;7717;7718;9547;11852;14564;18231;28097;28098;28099;28100;28101;28102;28103;28104;28106;28108,recovery
196,u_ecc_engine.vpipe[0]$_DFF_PN0_,clk_core,4.59,0.85,3672;3702;3706;7534;7711;7715;7717;7718;9547;11852;14564;18231;28097;28098;28099;28100;28101;28102;28103;28104;28106;28108,recovery
197,u_seq_core.ecc_en_q$_DFFE_PN0P_,clk_core,4.59,0.85,3672;3702;3706;7534;7711;7715;7717;7718;9547;11852;14564;18231;26425;28097;28098;28099;28100;28101;28102;28103;28104;28106;28108,recovery
198,u_ecc_engine.vpipe[2]$_DFF_PN0_,clk_core,4.59,0.85,3672;3702;3706;7534;7711;7715;7717;7718;9547;11852;14564;18231;28097;28098;28099;28100;28101;28102;28103;28104;28106;28108,recovery
199,u_seq_core.ch_cmd_valid$_DFF_PN0_,clk_core,4.59,0.85,3672;3702;3706;7534;7711;7715;7717;7718;9547;11852;14564;18231;26422;28097;28098;28099;28100;28101;28102;28103;28104;28106;28108,recovery
200,c_cmd_chmask[1]$_DFFE_PN0N_,clk_core,4.6,0.85,7704;7711;7715;9547;11852;14564;28097;28098;28099;28100;28101;28102;28103;28104;28106;28108,recovery
201,c_cmd_chan$_DFFE_PN0N_,clk_core,4.6,0.85,7704;7711;7715;9547;11852;14564;18513;28097;28098;28099;28100;28101;28102;28103;28104;28106;28108,recovery
202,c_cmd_chmask[0]$_DFFE_PN0N_,clk_core,4.6,0.85,7704;7711;7715;9547;11852;14564;28097;28098;28099;28100;28101;28102;28103;28104;28106;28108,recovery
203,c_cmd_opcode[4]$_DFFE_PN0N_,clk_core,4.6,0.85,7704;7711;7715;9547;11852;14564;28097;28098;28099;28100;28101;28102;28103;28104;28106;28108,recovery
204,c_cmd_ecc_en$_DFFE_PN0N_,clk_core,4.6,0.85,7704;7711;7715;9547;11852;14564;18516;28097;28098;28099;28100;28101;28102;28103;28104;28106;28108,recovery
205,c_cmd_opcode[0]$_DFFE_PN0N_,clk_core,4.6,0.85,7704;7711;7715;9547;11852;14564;28097;28098;28099;28100;28101;28102;28103;28104;28106;28108,recovery
206,c_cmd_opcode[2]$_DFFE_PN0N_,clk_core,4.6,0.85,7704;7711;7715;9547;11852;14564;28097;28098;28099;28100;28101;28102;28103;28104;28106;28108,recovery
207,c_cmd_opcode[1]$_DFFE_PN0N_,clk_core,4.6,0.85,7704;7711;7715;9547;11852;14564;28097;28098;28099;28100;28101;28102;28103;28104;28106;28108,recovery
208,c_cmd_addr[17]$_DFFE_PN0N_,clk_core,4.6,0.85,7704;7711;7715;9547;11852;14564;28097;28098;28099;28100;28101;28102;28103;28104;28106;28108,recovery
209,g_chan[0].u_cdc_chw.wq2_rgray[2]$_DFF_PN0_,clk_core,4.6,0.83,3464;3696;3706;5961;7711;7715;7717;7718;9547;10319;14564;18231;28097;28098;28099;28100;28101;28102;28103;28104;28106;28108,recovery
210,g_chan[0].u_cdc_chw.wq2_rgray[3]$_DFF_PN0_,clk_core,4.6,0.83,3464;3696;3706;5966;7711;7715;7717;7718;9547;10319;14564;18231;28097;28098;28099;28100;28101;28102;28103;28104;28106;28108,recovery
211,g_chan[0].u_cdc_chw.wq2_rgray[1]$_DFF_PN0_,clk_core,4.6,0.83,3464;3696;3706;5966;7711;7715;7717;7718;9547;10319;14564;18231;28097;28098;28099;28100;28101;28102;28103;28104;28106;28108,recovery
212,g_chan[0].u_cdc_chw.wq1_rgray[3]$_DFF_PN0_,clk_core,4.6,0.83,3464;3696;3706;5966;7711;7715;7717;7718;9547;10319;14564;18231;28097;28098;28099;28100;28101;28102;28103;28104;28106;28108,recovery
213,g_chan[0].u_cdc_chw.wq1_rgray[2]$_DFF_PN0_,clk_core,4.6,0.83,3464;3696;3706;5961;7711;7715;7717;7718;9547;10319;14564;18231;28097;28098;28099;28100;28101;28102;28103;28104;28106;28108,recovery
214,g_chan[0].u_cdc_chw.wq1_rgray[1]$_DFF_PN0_,clk_core,4.6,0.83,3464;3696;3706;5966;7711;7715;7717;7718;9547;10319;14564;18231;28097;28098;28099;28100;28101;28102;28103;28104;28106;28108,recovery
215,g_chan[0].u_cdc_chw.wq1_rgray[4]$_DFF_PN0_,clk_core,4.6,0.83,3464;3696;3706;5966;7711;7715;7717;7718;9547;10319;14564;18231;28097;28098;28099;28100;28101;28102;28103;28104;28106;28108,recovery
216,g_chan[0].u_cdc_chw.wq2_rgray[4]$_DFF_PN0_,clk_core,4.6,0.83,3464;3696;3706;5966;7711;7715;7717;7718;9547;10319;14564;18231;28097;28098;28099;28100;28101;28102;28103;28104;28106;28108,recovery
217,g_chan[0].u_cdc_chw.wgray[3]$_DFF_PN0_,clk_core,4.6,0.83,3464;3696;3706;5963;7711;7715;7717;7718;9547;10319;14564;18231;28097;28098;28099;28100;28101;28102;28103;28104;28106;28108,recovery
218,g_chan[0].u_cdc_chw.wgray[2]$_DFF_PN0_,clk_core,4.6,0.83,3464;3696;3706;5963;7711;7715;7717;7718;9547;10319;14564;18231;28097;28098;28099;28100;28101;28102;28103;28104;28106;28108,recovery
219,g_chan[0].u_cdc_chw.wq2_rgray[0]$_DFF_PN0_,clk_core,4.61,0.83,3600;3698;3706;6171;7711;7715;7717;7718;9547;10319;14564;18231;28097;28098;28099;28100;28101;28102;28103;28104;28106;28108,recovery
220,g_chan[0].u_cdc_chw.wbin[0]$_DFF_PN0_,clk_core,4.61,0.83,3600;3698;3706;6172;7711;7715;7717;7718;9547;10319;14564;18231;28097;28098;28099;28100;28101;28102;28103;28104;28106;28108,recovery
221,g_chan[0].u_cdc_chw.wbin[1]$_DFF_PN0_,clk_core,4.61,0.83,3600;3698;3706;6172;7711;7715;7717;7718;9547;10319;14564;18231;28097;28098;28099;28100;28101;28102;28103;28104;28106;28108,recovery
222,g_chan[0].u_cdc_chw.wq1_rgray[0]$_DFF_PN0_,clk_core,4.61,0.83,3600;3698;3706;6172;7711;7715;7717;7718;9547;10319;14564;18231;28097;28098;28099;28100;28101;28102;28103;28104;28106;28108,recovery
223,g_chan[0].u_cdc_chw.wgray[0]$_DFF_PN0_,clk_core,4.61,0.83,3600;3698;3706;6172;7711;7715;7717;7718;9547;10319;14564;18231;28097;28098;28099;28100;28101;28102;28103;28104;28106;28108,recovery
224,g_chan[0].u_cdc_chw.wgray[1]$_DFF_PN0_,clk_core,4.61,0.83,3600;3698;3706;6172;7711;7715;7717;7718;9547;10319;14564;18231;28097;28098;28099;28100;28101;28102;28103;28104;28106;28108,recovery
225,g_chan[0].u_cdc_chw.wbin[4]$_DFF_PN0_,clk_core,4.61,0.83,3600;3698;3706;6172;7711;7715;7717;7718;9547;10319;14564;18231;28097;28098;28099;28100;28101;28102;28103;28104;28106;28108,recovery
226,g_chan[0].u_cdc_chw.wbin[2]$_DFF_PN0_,clk_core,4.61,0.83,3602;3698;3706;6767;7711;7715;7717;7718;9547;10319;14564;18231;28097;28098;28099;28100;28101;28102;28103;28104;28106;28108,recovery
227,g_chan[0].u_cdc_chw.wbin[3]$_DFF_PN0_,clk_core,4.61,0.83,3602;3698;3706;6767;7711;7715;7717;7718;9547;10319;14564;18231;28097;28098;28099;28100;28101;28102;28103;28104;28106;28108,recovery
228,u_cdc_wbeat.rbin[0]$_DFF_PN0_,clk_core,4.62,0.82,3622;3698;3706;7681;7711;7715;7717;7718;9547;11805;14564;18231;28097;28098;28099;28100;28101;28102;28103;28104;28106;28108,recovery
229,u_cdc_wbeat.rbin[1]$_DFF_PN0_,clk_core,4.62,0.82,3622;3698;3706;7681;7711;7715;7717;7718;9547;11805;14564;18231;28097;28098;28099;28100;28101;28102;28103;28104;28106;28108,recovery
230,u_cdc_wbeat.rbin[2]$_DFF_PN0_,clk_core,4.62,0.82,3622;3698;3706;7681;7711;7715;7717;7718;9547;11805;14564;18231;28097;28098;28099;28100;28101;28102;28103;28104;28106;28108,recovery
231,u_cdc_wbeat.rbin[3]$_DFF_PN0_,clk_core,4.62,0.82,3622;3698;3706;7678;7711;7715;7717;7718;9547;11805;14564;18231;28097;28098;28099;28100;28101;28102;28103;28104;28106;28108,recovery
232,g_chan[1].u_cdc_chw.wq2_rgray[4]$_DFF_PN0_,clk_core,4.62,0.82,3611;3698;3706;7356;7711;7715;7717;7718;9547;10319;14564;18231;28097;28098;28099;28100;28101;28102;28103;28104;28106;28108,recovery
233,u_cdc_wbeat.rbin[4]$_DFF_PN0_,clk_core,4.62,0.82,3622;3698;3706;7681;7711;7715;7717;7718;9547;11805;14564;18231;28097;28098;28099;28100;28101;28102;28103;28104;28106;28108,recovery
234,g_chan[1].u_cdc_chw.wq1_rgray[4]$_DFF_PN0_,clk_core,4.62,0.82,3611;3698;3706;7367;7711;7715;7717;7718;9547;10319;14564;18231;28097;28098;28099;28100;28101;28102;28103;28104;28106;28108,recovery
235,g_chan[1].u_cdc_chw.wq1_rgray[0]$_DFF_PN0_,clk_core,4.62,0.82,3611;3698;3706;7356;7711;7715;7717;7718;9547;10319;14564;18231;28097;28098;28099;28100;28101;28102;28103;28104;28106;28108,recovery
236,u_seq_core.op_q[1]$_DFFE_PN0P_,clk_core,4.63,0.82,3672;3702;3706;7546;7711;7715;7717;7718;9547;10319;14564;18231;28097;28098;28099;28100;28101;28102;28103;28104;28106;28108,recovery
237,u_seq_core.op_q[3]$_DFFE_PN0P_,clk_core,4.63,0.82,3672;3702;3706;7546;7711;7715;7717;7718;9547;10319;14564;18231;28097;28098;28099;28100;28101;28102;28103;28104;28106;28108,recovery
238,u_cdc_wbeat.rq1_wgray[1]$_DFF_PN0_,clk_core,4.63,0.82,3672;3702;3706;7684;7711;7715;7717;7718;9547;11805;14564;18231;28097;28098;28099;28100;28101;28102;28103;28104;28106;28108,recovery
239,u_cdc_wbeat.rq2_wgray[2]$_DFF_PN0_,clk_core,4.63,0.82,3672;3702;3706;7684;7711;7715;7717;7718;9547;11805;14564;18231;28097;28098;28099;28100;28101;28102;28103;28104;28106;28108,recovery
240,u_cdc_wbeat.rgray[2]$_DFF_PN0_,clk_core,4.63,0.82,3672;3702;3706;7684;7711;7715;7717;7718;9547;11805;14564;18231;28097;28098;28099;28100;28101;28102;28103;28104;28106;28108,recovery
241,u_cdc_wbeat.rq2_wgray[1]$_DFF_PN0_,clk_core,4.63,0.82,3672;3702;3706;7684;7711;7715;7717;7718;9547;11805;14564;18231;28097;28098;28099;28100;28101;28102;28103;28104;28106;28108,recovery
242,u_cdc_wbeat.rgray[0]$_DFF_PN0_,clk_core,4.63,0.82,3672;3702;3706;7683;7711;7715;7717;7718;9547;11805;14564;18231;28097;28098;28099;28100;28101;28102;28103;28104;28106;28108,recovery
243,u_cdc_wbeat.rq1_wgray[0]$_DFF_PN0_,clk_core,4.63,0.82,3672;3702;3706;7683;7711;7715;7717;7718;9547;11805;14564;18231;28097;28098;28099;28100;28101;28102;28103;28104;28106;28108,recovery
244,u_cdc_wbeat.rq1_wgray[4]$_DFF_PN0_,clk_core,4.63,0.82,3672;3702;3706;7683;7711;7715;7717;7718;9547;11805;14564;18231;28097;28098;28099;28100;28101;28102;28103;28104;28106;28108,recovery
245,u_cdc_wbeat.rq1_wgray[3]$_DFF_PN0_,clk_core,4.63,0.82,3672;3702;3706;7683;7711;7715;7717;7718;9547;11805;14564;18231;28097;28098;28099;28100;28101;28102;28103;28104;28106;28108,recovery
246,u_cdc_wbeat.rq2_wgray[0]$_DFF_PN0_,clk_core,4.63,0.82,3672;3702;3706;7683;7711;7715;7717;7718;9547;11805;14564;18231;28097;28098;28099;28100;28101;28102;28103;28104;28106;28108,recovery
247,u_cdc_wbeat.rgray[1]$_DFF_PN0_,clk_core,4.63,0.82,3672;3702;3706;7684;7711;7715;7717;7718;9547;11805;14564;18231;28097;28098;28099;28100;28101;28102;28103;28104;28106;28108,recovery
248,u_cdc_wbeat.rq2_wgray[3]$_DFF_PN0_,clk_core,4.63,0.82,3672;3702;3706;7684;7711;7715;7717;7718;9547;11805;14564;18231;28097;28098;28099;28100;28101;28102;28103;28104;28106;28108,recovery
249,u_cdc_wbeat.rq2_wgray[4]$_DFF_PN0_,clk_core,4.63,0.82,3672;3702;3706;7683;7711;7715;7717;7718;9547;11805;14564;18231;28097;28098;28099;28100;28101;28102;28103;28104;28106;28108,recovery
250,u_cdc_wbeat.rq1_wgray[2]$_DFF_PN0_,clk_core,4.63,0.82,3672;3702;3706;7683;7711;7715;7717;7718;9547;11805;14564;18231;28097;28098;28099;28100;28101;28102;28103;28104;28106;28108,recovery
251,u_cdc_wbeat.rgray[3]$_DFF_PN0_,clk_core,4.63,0.82,3672;3702;3706;7684;7711;7715;7717;7718;9547;11805;14564;18231;28097;28098;28099;28100;28101;28102;28103;28104;28106;28108,recovery
252,u_seq_core.chan_q$_DFFE_PN0P_,clk_core,4.63,0.81,3611;3698;3706;7557;7711;7715;7717;7718;9547;11805;14564;18231;26423;28097;28098;28099;28100;28101;28102;28103;28104;28106;28108,recovery
253,g_chan[1].u_cdc_chw.wr_full$_DFF_PN0_,clk_core,4.63,0.81,3611;3698;3706;7557;7711;7715;7717;7718;9547;11805;14564;18231;28097;28098;28099;28100;28101;28102;28103;28104;28106;28108,recovery
254,g_chan[0].u_cdc_chw.wr_full$_DFF_PN0_,clk_core,4.63,0.81,3611;3698;3706;7571;7711;7715;7717;7718;9547;11805;14564;18231;28097;28098;28099;28100;28101;28102;28103;28104;28106;28108,recovery
255,u_cdc_wbeat.rd_empty$_DFF_PN1_,clk_core,4.63,0.81,3672;3702;3706;7546;7711;7715;7717;7718;9547;11805;14564;18231;26090;28097;28098;28099;28100;28101;28102;28103;28104;28106;28108,recovery
256,g_chan[0].u_cdc_chcmd.wq1_rgray[3]$_DFF_PN0_,clk_core,4.64,0.81,3672;3702;3706;7546;7711;7715;7717;7718;9547;11805;14564;18231;28097;28098;28099;28100;28101;28102;28103;28104;28106;28108,recovery
257,g_chan[0].u_cdc_chcmd.wq1_rgray[2]$_DFF_PN0_,clk_core,4.64,0.81,3672;3702;3706;7546;7711;7715;7717;7718;9547;11805;14564;18231;28097;28098;28099;28100;28101;28102;28103;28104;28106;28108,recovery
258,u_seq_core.mask_q[0]$_DFFE_PN0P_,clk_core,4.64,0.81,3672;3702;3706;7546;7711;7715;7717;7718;9547;11805;14564;18231;28097;28098;28099;28100;28101;28102;28103;28104;28106;28108,recovery
259,u_seq_core.mask_q[1]$_DFFE_PN0P_,clk_core,4.64,0.81,3672;3702;3706;7546;7711;7715;7717;7718;9547;11805;14564;18231;28097;28098;28099;28100;28101;28102;28103;28104;28106;28108,recovery
260,u_seq_core.op_q[4]$_DFFE_PN0P_,clk_core,4.64,0.81,3672;3702;3706;7535;7711;7715;7717;7718;9547;11805;14564;18231;28097;28098;28099;28100;28101;28102;28103;28104;28106;28108,recovery
261,u_seq_core.op_q[5]$_DFFE_PN0P_,clk_core,4.64,0.81,3672;3702;3706;7535;7711;7715;7717;7718;9547;11805;14564;18231;28097;28098;28099;28100;28101;28102;28103;28104;28106;28108,recovery
262,u_seq_core.op_q[2]$_DFFE_PN0P_,clk_core,4.64,0.81,3672;3702;3706;7535;7711;7715;7717;7718;9547;11805;14564;18231;28097;28098;28099;28100;28101;28102;28103;28104;28106;28108,recovery
263,u_seq_core.addr_q[25]$_DFFE_PN0P_,clk_core,4.65,0.8,3668;3702;3706;7520;7711;7715;7717;7718;9547;11878;14564;18231;28097;28098;28099;28100;28101;28102;28103;28104;28106;28108,recovery
264,u_seq_core.addr_q[1]$_DFFE_PN0P_,clk_core,4.65,0.8,3668;3702;3706;7520;7711;7715;7717;7718;9547;11878;14564;18231;28097;28098;28099;28100;28101;28102;28103;28104;28106;28108,recovery
265,u_seq_core.addr_q[18]$_DFFE_PN0P_,clk_core,4.65,0.8,3668;3702;3706;7520;7711;7715;7717;7718;9547;11878;14564;18231;28097;28098;28099;28100;28101;28102;28103;28104;28106;28108,recovery
266,u_seq_core.beats_left[19]$_DFFE_PN0P_,clk_core,4.65,0.8,3675;3702;3706;7689;7711;7715;7717;7718;9547;11878;14564;18231;28097;28098;28099;28100;28101;28102;28103;28104;28106;28108,recovery
267,u_seq_core.beats_left[1]$_DFFE_PN0P_,clk_core,4.65,0.8,3668;3702;3706;7520;7711;7715;7717;7718;9547;11878;14564;18231;28097;28098;28099;28100;28101;28102;28103;28104;28106;28108,recovery
268,u_seq_core.addr_q[17]$_DFFE_PN0P_,clk_core,4.65,0.8,3668;3702;3706;7520;7711;7715;7717;7718;9547;11878;14564;18231;28097;28098;28099;28100;28101;28102;28103;28104;28106;28108,recovery
269,u_seq_core.beats_left[7]$_DFFE_PN0P_,clk_core,4.65,0.8,3675;3702;3706;7692;7711;7715;7717;7718;9547;11878;14564;18231;28097;28098;28099;28100;28101;28102;28103;28104;28106;28108,recovery
270,u_seq_core.beats_left[6]$_DFFE_PN0P_,clk_core,4.65,0.8,3675;3702;3706;7692;7711;7715;7717;7718;9547;11878;14564;18231;28097;28098;28099;28100;28101;28102;28103;28104;28106;28108,recovery
271,u_seq_core.beats_left[4]$_DFFE_PN0P_,clk_core,4.65,0.8,3675;3702;3706;7692;7711;7715;7717;7718;9547;11878;14564;18231;28097;28098;28099;28100;28101;28102;28103;28104;28106;28108,recovery
272,u_seq_core.op_q[6]$_DFFE_PN0P_,clk_core,4.65,0.8,3675;3702;3706;7692;7711;7715;7717;7718;9547;11878;14564;18231;28097;28098;28099;28100;28101;28102;28103;28104;28106;28108,recovery
273,u_seq_core.beats_left[3]$_DFFE_PN0P_,clk_core,4.65,0.8,3675;3702;3706;7692;7711;7715;7717;7718;9547;11878;14564;18231;28097;28098;28099;28100;28101;28102;28103;28104;28106;28108,recovery
274,u_seq_core.beats_left[15]$_DFFE_PN0P_,clk_core,4.65,0.8,3675;3702;3706;7690;7711;7715;7717;7718;9547;11878;14564;18231;28097;28098;28099;28100;28101;28102;28103;28104;28106;28108,recovery
275,u_seq_core.beats_left[23]$_DFFE_PN0P_,clk_core,4.65,0.8,3672;3702;3706;7687;7711;7715;7717;7718;9547;11878;14564;18231;28097;28098;28099;28100;28101;28102;28103;28104;28106;28108,recovery
276,u_seq_core.beats_left[14]$_DFFE_PN0P_,clk_core,4.65,0.8,3675;3702;3706;7690;7711;7715;7717;7718;9547;11878;14564;18231;28097;28098;28099;28100;28101;28102;28103;28104;28106;28108,recovery
277,u_seq_core.beats_left[5]$_DFFE_PN0P_,clk_core,4.65,0.8,3675;3702;3706;7690;7711;7715;7717;7718;9547;11878;14564;18231;28097;28098;28099;28100;28101;28102;28103;28104;28106;28108,recovery
278,u_seq_core.beats_left[24]$_DFFE_PN0P_,clk_core,4.65,0.8,3672;3702;3706;7687;7711;7715;7717;7718;9547;11878;14564;18231;28097;28098;28099;28100;28101;28102;28103;28104;28106;28108,recovery
279,u_seq_core.beats_left[18]$_DFFE_PN0P_,clk_core,4.65,0.8,3672;3702;3706;7687;7711;7715;7717;7718;9547;11878;14564;18231;28097;28098;28099;28100;28101;28102;28103;28104;28106;28108,recovery
280,u_seq_core.beats_left[0]$_DFFE_PN0P_,clk_core,4.65,0.8,3675;3702;3706;7690;7711;7715;7717;7718;9547;11878;14564;18231;28097;28098;28099;28100;28101;28102;28103;28104;28106;28108,recovery
281,u_seq_core.beats_left[17]$_DFFE_PN0P_,clk_core,4.65,0.8,3672;3702;3706;7687;7711;7715;7717;7718;9547;11878;14564;18231;28097;28098;28099;28100;28101;28102;28103;28104;28106;28108,recovery
282,u_seq_core.addr_q[22]$_DFFE_PN0P_,clk_core,4.65,0.79,3690;3702;3706;3729;7711;7715;7717;7718;9547;11791;14564;18231;28097;28098;28099;28100;28101;28102;28103;28104;28106;28108,recovery
283,u_seq_core.beats_left[16]$_DFFE_PN0P_,clk_core,4.65,0.8,3672;3702;3706;7687;7711;7715;7717;7718;9547;11878;14564;18231;28097;28098;28099;28100;28101;28102;28103;28104;28106;28108,recovery
284,u_seq_core.addr_q[14]$_DFFE_PN0P_,clk_core,4.65,0.79,3690;3702;3706;3729;7711;7715;7717;7718;9547;11791;14564;18231;28097;28098;28099;28100;28101;28102;28103;28104;28106;28108,recovery
285,u_seq_core.addr_q[23]$_DFFE_PN0P_,clk_core,4.65,0.79,3690;3702;3706;3729;7711;7715;7717;7718;9547;11791;14564;18231;28097;28098;28099;28100;28101;28102;28103;28104;28106;28108,recovery
286,u_seq_core.addr_q[4]$_DFFE_PN0P_,clk_core,4.65,0.79,3694;3702;3706;3710;7711;7715;7717;7718;9547;11791;14564;18231;28097;28098;28099;28100;28101;28102;28103;28104;28106;28108,recovery
287,u_seq_core.addr_q[30]$_DFFE_PN0P_,clk_core,4.65,0.79,3694;3702;3706;3710;7711;7715;7717;7718;9547;11791;14564;18231;28097;28098;28099;28100;28101;28102;28103;28104;28106;28108,recovery
288,u_seq_core.addr_q[3]$_DFFE_PN0P_,clk_core,4.65,0.79,3694;3702;3706;3712;7711;7715;7717;7718;9547;11791;14564;18231;28097;28098;28099;28100;28101;28102;28103;28104;28106;28108,recovery
289,u_seq_core.addr_q[10]$_DFFE_PN0P_,clk_core,4.65,0.79,3694;3702;3706;3712;7711;7715;7717;7718;9547;11791;14564;18231;28097;28098;28099;28100;28101;28102;28103;28104;28106;28108,recovery
290,u_seq_core.beats_left[2]$_DFFE_PN0P_,clk_core,4.65,0.8,3675;3702;3706;7509;7711;7715;7717;7718;9547;11878;14564;18231;28097;28098;28099;28100;28101;28102;28103;28104;28106;28108,recovery
291,u_seq_core.addr_q[5]$_DFFE_PN0P_,clk_core,4.65,0.79,3694;3702;3706;3712;7711;7715;7717;7718;9547;11791;14564;18231;28097;28098;28099;28100;28101;28102;28103;28104;28106;28108,recovery
292,u_seq_core.addr_q[27]$_DFFE_PN0P_,clk_core,4.65,0.79,3694;3702;3706;3715;7711;7715;7717;7718;9547;11791;14564;18231;28097;28098;28099;28100;28101;28102;28103;28104;28106;28108,recovery
293,u_seq_core.beats_left[20]$_DFFE_PN0P_,clk_core,4.65,0.8,3675;3702;3706;7689;7711;7715;7717;7718;9547;11791;14564;18231;28097;28098;28099;28100;28101;28102;28103;28104;28106;28108,recovery
294,u_seq_core.beats_left[13]$_DFFE_PN0P_,clk_core,4.65,0.8,3675;3702;3706;7689;7711;7715;7717;7718;9547;11791;14564;18231;28097;28098;28099;28100;28101;28102;28103;28104;28106;28108,recovery
295,u_seq_core.beats_left[12]$_DFFE_PN0P_,clk_core,4.65,0.8,3675;3702;3706;7689;7711;7715;7717;7718;9547;11791;14564;18231;28097;28098;28099;28100;28101;28102;28103;28104;28106;28108,recovery
296,u_seq_core.addr_q[11]$_DFFE_PN0P_,clk_core,4.65,0.79,3694;3702;3706;3715;7711;7715;7717;7718;9547;11791;14564;18231;28097;28098;28099;28100;28101;28102;28103;28104;28106;28108,recovery
297,u_seq_core.beats_left[31]$_DFFE_PN0P_,clk_core,4.65,0.79,3675;3702;3706;7689;7711;7715;7717;7718;9547;11791;14564;18231;28097;28098;28099;28100;28101;28102;28103;28104;28106;28108,recovery
298,u_seq_core.beats_left[11]$_DFFE_PN0P_,clk_core,4.65,0.79,3675;3702;3706;7690;7711;7715;7717;7718;9547;11791;14564;18231;28097;28098;28099;28100;28101;28102;28103;28104;28106;28108,recovery
299,u_seq_core.beats_left[10]$_DFFE_PN0P_,clk_core,4.65,0.79,3675;3702;3706;3708;7711;7715;7717;7718;9547;11791;14564;18231;28097;28098;28099;28100;28101;28102;28103;28104;28106;28108,recovery
300,u_seq_core.beats_left[9]$_DFFE_PN0P_,clk_core,4.65,0.79,3675;3702;3706;3708;7711;7715;7717;7718;9547;11791;14564;18231;28097;28098;28099;28100;28101;28102;28103;28104;28106;28108,recovery
301,u_seq_core.beats_left[8]$_DFFE_PN0P_,clk_core,4.65,0.79,3675;3702;3706;3708;7711;7715;7717;7718;9547;11791;14564;18231;28097;28098;28099;28100;28101;28102;28103;28104;28106;28108,recovery
302,c_cmd_addr[12]$_DFFE_PN0N_,clk_core,4.65,0.8,7705;7711;7715;9547;11878;14564;28097;28098;28099;28100;28101;28102;28103;28104;28106;28108,recovery
303,c_cmd_addr[15]$_DFFE_PN0N_,clk_core,4.65,0.8,7705;7711;7715;9547;11878;14564;28097;28098;28099;28100;28101;28102;28103;28104;28106;28108,recovery
304,c_cmd_addr[1]$_DFFE_PN0N_,clk_core,4.65,0.8,7705;7711;7715;9547;11878;14564;28097;28098;28099;28100;28101;28102;28103;28104;28106;28108,recovery
305,c_cmd_addr[18]$_DFFE_PN0N_,clk_core,4.65,0.8,7705;7711;7715;9547;11878;14564;28097;28098;28099;28100;28101;28102;28103;28104;28106;28108,recovery
306,c_cmd_addr[13]$_DFFE_PN0N_,clk_core,4.66,0.8,7705;7711;7715;9547;11878;14564;28097;28098;28099;28100;28101;28102;28103;28104;28106;28108,recovery
307,u_seq_core.addr_q[19]$_DFFE_PN0P_,clk_core,4.66,0.79,3675;3702;3706;3730;7711;7715;7717;7718;9547;11791;14564;18231;28097;28098;28099;28100;28101;28102;28103;28104;28106;28108,recovery
308,c_cmd_addr[16]$_DFFE_PN0N_,clk_core,4.66,0.8,7707;7711;7715;9547;11878;14564;28097;28098;28099;28100;28101;28102;28103;28104;28106;28108,recovery
309,c_cmd_opcode[7]$_DFFE_PN0N_,clk_core,4.66,0.79,7705;7711;7715;9547;11791;14564;28097;28098;28099;28100;28101;28102;28103;28104;28106;28108,recovery
310,c_cmd_opcode[5]$_DFFE_PN0N_,clk_core,4.66,0.79,7705;7711;7715;9547;11791;14564;28097;28098;28099;28100;28101;28102;28103;28104;28106;28108,recovery
311,c_cmd_addr[19]$_DFFE_PN0N_,clk_core,4.66,0.79,7705;7711;7715;9547;11791;14564;28097;28098;28099;28100;28101;28102;28103;28104;28106;28108,recovery
312,c_cmd_addr[0]$_DFFE_PN0N_,clk_core,4.66,0.79,7705;7711;7715;9547;11791;14564;28097;28098;28099;28100;28101;28102;28103;28104;28106;28108,recovery
313,c_cmd_opcode[6]$_DFFE_PN0N_,clk_core,4.66,0.79,7709;7711;7715;9547;11791;14564;28097;28098;28099;28100;28101;28102;28103;28104;28106;28108,recovery
314,c_cmd_addr[14]$_DFFE_PN0N_,clk_core,4.66,0.79,7709;7711;7715;9547;11791;14564;28097;28098;28099;28100;28101;28102;28103;28104;28106;28108,recovery
315,c_cmd_addr[2]$_DFFE_PN0N_,clk_core,4.67,0.79,7709;7711;7715;9547;11791;14564;28097;28098;28099;28100;28101;28102;28103;28104;28106;28108,recovery
316,c_cmd_opcode[3]$_DFFE_PN0N_,clk_core,4.67,0.79,7709;7711;7715;9547;11791;14564;28097;28098;28099;28100;28101;28102;28103;28104;28106;28108,recovery
317,u_seq_core.addr_q[28]$_DFFE_PN0P_,clk_core,4.69,0.77,3694;3702;3706;3715;7711;7715;7717;7718;9547;18231;28097;28098;28099;28100;28101;28102;28103;28104;28105;28106;28107;28108,recovery
318,u_seq_core.addr_q[29]$_DFFE_PN0P_,clk_core,4.72,0.72,3694;3702;3706;3710;7711;7715;7717;7718;9547;18231;28097;28098;28099;28100;28101;28102;28103;28104;28105;28106;28108,recovery
319,c_cmd_addr[28]$_DFFE_PN0N_,clk_core,4.73,0.72,7711;7714;7715;9547;28097;28098;28099;28100;28101;28102;28103;28104;28105;28106;28108,recovery
320,c_cmd_addr[29]$_DFFE_PN0N_,clk_core,4.73,0.72,7711;7714;7715;9547;28097;28098;28099;28100;28101;28102;28103;28104;28105;28106;28108,recovery
321,c_cmd_addr[27]$_DFFE_PN0N_,clk_core,4.73,0.72,7711;7714;7715;9547;28097;28098;28099;28100;28101;28102;28103;28104;28105;28106;28108,recovery
322,c_cmd_addr[21]$_DFFE_PN0N_,clk_core,4.73,0.72,7711;7715;9547;28097;28098;28099;28100;28101;28102;28103;28104;28105;28106;28108,recovery
323,c_cmd_addr[26]$_DFFE_PN0N_,clk_core,4.73,0.72,7711;7715;9547;28097;28098;28099;28100;28101;28102;28103;28104;28105;28106;28108,recovery
324,c_cmd_addr[4]$_DFFE_PN0N_,clk_core,4.73,0.72,7711;7715;9547;28097;28098;28099;28100;28101;28102;28103;28104;28105;28106;28108,recovery
325,g_chan[0].u_cdc_chcmd.wgray[2]$_DFF_PN0_,clk_core,4.74,0.71,3668;3702;3706;7392;7711;7715;7717;7718;9547;14564;18231;28097;28098;28099;28100;28101;28102;28103;28104;28106;28108,recovery
326,g_chan[0].u_cdc_chcmd.wgray[3]$_DFF_PN0_,clk_core,4.74,0.71,3668;3702;3706;7392;7711;7715;7717;7718;9547;14564;18231;28097;28098;28099;28100;28101;28102;28103;28104;28106;28108,recovery
327,c_cmd_addr[10]$_DFFE_PN0N_,clk_core,4.74,0.72,7711;7715;9547;28097;28098;28099;28100;28101;28102;28103;28104;28105;28106;28108,recovery
328,g_chan[0].u_cdc_chcmd.wq1_rgray[4]$_DFF_PN0_,clk_core,4.74,0.71,3668;3702;3706;7393;7711;7715;7717;7718;9547;14564;18231;28097;28098;28099;28100;28101;28102;28103;28104;28106;28108,recovery
329,c_cmd_addr[3]$_DFFE_PN0N_,clk_core,4.74,0.72,7711;7715;9547;28097;28098;28099;28100;28101;28102;28103;28104;28105;28106;28108,recovery
330,c_cmd_addr[30]$_DFFE_PN0N_,clk_core,4.74,0.72,7711;7715;9547;28097;28098;28099;28100;28101;28102;28103;28104;28105;28106;28108,recovery
331,c_cmd_addr[5]$_DFFE_PN0N_,clk_core,4.74,0.72,7711;7715;9547;28097;28098;28099;28100;28101;28102;28103;28104;28105;28106;28108,recovery
332,g_chan[0].u_cdc_chcmd.wq2_rgray[4]$_DFF_PN0_,clk_core,4.74,0.71,3668;3702;3706;7393;7711;7715;7717;7718;9547;14564;18231;28097;28098;28099;28100;28101;28102;28103;28104;28106;28108,recovery
333,c_cmd_addr[11]$_DFFE_PN0N_,clk_core,4.74,0.72,7711;7715;9547;28097;28098;28099;28100;28101;28102;28103;28104;28105;28106;28108,recovery
334,g_chan[0].u_cdc_chcmd.wbin[2]$_DFF_PN0_,clk_core,4.74,0.7,3668;3702;3706;7463;7711;7715;7717;7718;9547;14564;18231;28097;28098;28099;28100;28101;28102;28103;28104;28106;28108,recovery
335,g_chan[0].u_cdc_chcmd.wbin[0]$_DFF_PN0_,clk_core,4.74,0.7,3668;3702;3706;7474;7711;7715;7717;7718;9547;14564;18231;28097;28098;28099;28100;28101;28102;28103;28104;28106;28108,recovery
336,g_chan[0].u_cdc_chcmd.wbin[1]$_DFF_PN0_,clk_core,4.74,0.7,3668;3702;3706;7474;7711;7715;7717;7718;9547;14564;18231;28097;28098;28099;28100;28101;28102;28103;28104;28106;28108,recovery
337,g_chan[0].u_cdc_chcmd.wq2_rgray[2]$_DFF_PN0_,clk_core,4.74,0.71,3672;3702;3706;7546;7711;7715;7717;7718;9547;14564;18231;28097;28098;28099;28100;28101;28102;28103;28104;28106;28108,recovery
338,g_chan[0].u_cdc_chcmd.wq2_rgray[3]$_DFF_PN0_,clk_core,4.74,0.71,3672;3702;3706;7535;7711;7715;7717;7718;9547;14564;18231;28097;28098;28099;28100;28101;28102;28103;28104;28106;28108,recovery
339,g_chan[0].u_cdc_chcmd.wq1_rgray[0]$_DFF_PN0_,clk_core,4.74,0.71,3672;3702;3706;7535;7711;7715;7717;7718;9547;14564;18231;28097;28098;28099;28100;28101;28102;28103;28104;28106;28108,recovery
340,g_chan[0].u_cdc_chcmd.wq2_rgray[0]$_DFF_PN0_,clk_core,4.74,0.71,3672;3702;3706;7535;7711;7715;7717;7718;9547;14564;18231;28097;28098;28099;28100;28101;28102;28103;28104;28106;28108,recovery
341,u_seq_core.op_q[7]$_DFFE_PN0P_,clk_core,4.74,0.7,3668;3702;3706;7520;7711;7715;7717;7718;9547;14564;18231;28097;28098;28099;28100;28101;28102;28103;28104;28106;28108,recovery
342,u_seq_core.state[2]$_DFFE_PN0P_,clk_core,4.75,0.7,3672;3702;3706;7534;7711;7715;7717;7718;9547;14564;18231;28097;28098;28099;28100;28101;28102;28103;28104;28106;28108,recovery
343,u_seq_core.state[1]$_DFFE_PN0P_,clk_core,4.75,0.7,3672;3702;3706;7534;7711;7715;7717;7718;9547;14564;18231;28097;28098;28099;28100;28101;28102;28103;28104;28106;28108,recovery
344,u_seq_core.state[0]$_DFFE_PN0P_,clk_core,4.75,0.7,3672;3702;3706;7534;7711;7715;7717;7718;9547;14564;18231;28097;28098;28099;28100;28101;28102;28103;28104;28106;28108,recovery
345,c_cmd_len[24]$_DFFE_PN0N_,clk_core,4.75,0.71,7708;7711;7715;9547;11827;28097;28098;28099;28100;28101;28102;28103;28104;28106;28108,recovery
346,c_cmd_len[15]$_DFFE_PN0N_,clk_core,4.75,0.71,7708;7711;7715;9547;11827;28097;28098;28099;28100;28101;28102;28103;28104;28106;28108,recovery
347,c_cmd_len[19]$_DFFE_PN0N_,clk_core,4.75,0.71,7708;7711;7715;9547;11827;28097;28098;28099;28100;28101;28102;28103;28104;28106;28108,recovery
348,c_cmd_len[17]$_DFFE_PN0N_,clk_core,4.75,0.71,7708;7711;7715;9547;11827;28097;28098;28099;28100;28101;28102;28103;28104;28106;28108,recovery
349,c_cmd_len[18]$_DFFE_PN0N_,clk_core,4.75,0.71,7708;7711;7715;9547;11827;28097;28098;28099;28100;28101;28102;28103;28104;28106;28108,recovery
350,c_cmd_len[14]$_DFFE_PN0N_,clk_core,4.75,0.71,7708;7711;7715;9547;11827;28097;28098;28099;28100;28101;28102;28103;28104;28106;28108,recovery
351,c_cmd_len[13]$_DFFE_PN0N_,clk_core,4.75,0.71,7708;7711;7715;9547;11827;28097;28098;28099;28100;28101;28102;28103;28104;28106;28108,recovery
352,c_cmd_len[12]$_DFFE_PN0N_,clk_core,4.75,0.71,7708;7711;7715;9547;11827;28097;28098;28099;28100;28101;28102;28103;28104;28106;28108,recovery
353,c_cmd_len[16]$_DFFE_PN0N_,clk_core,4.75,0.71,7708;7711;7715;9547;11827;28097;28098;28099;28100;28101;28102;28103;28104;28106;28108,recovery
354,c_cmd_len[23]$_DFFE_PN0N_,clk_core,4.75,0.71,7708;7711;7715;9547;11827;28097;28098;28099;28100;28101;28102;28103;28104;28106;28108,recovery
355,c_cmd_len[22]$_DFFE_PN0N_,clk_core,4.75,0.71,7708;7711;7715;9547;11827;28097;28098;28099;28100;28101;28102;28103;28104;28106;28108,recovery
356,u_seq_core.addr_q[15]$_DFFE_PN0P_,clk_core,4.75,0.69,3675;3702;3706;7692;7711;7715;7717;7718;9547;14564;18231;28097;28098;28099;28100;28101;28102;28103;28104;28106;28108,recovery
357,c_cmd_len[25]$_DFFE_PN0N_,clk_core,4.75,0.71,7708;7711;7715;9547;11827;28097;28098;28099;28100;28101;28102;28103;28104;28106;28108,recovery
358,c_cmd_len[20]$_DFFE_PN0N_,clk_core,4.75,0.7,7708;7711;7715;9547;11827;28097;28098;28099;28100;28101;28102;28103;28104;28106;28108,recovery
359,u_seq_core.addr_q[13]$_DFFE_PN0P_,clk_core,4.76,0.69,3675;3702;3706;3738;7711;7715;7717;7718;9547;14564;18231;28097;28098;28099;28100;28101;28102;28103;28104;28106;28108,recovery
360,c_cmd_len[26]$_DFFE_PN0N_,clk_core,4.76,0.7,7711;7714;7715;9547;11827;28097;28098;28099;28100;28101;28102;28103;28104;28106;28108,recovery
361,u_seq_core.addr_q[24]$_DFFE_PN0P_,clk_core,4.76,0.69,3675;3702;3706;3738;7711;7715;7717;7718;9547;14564;18231;28097;28098;28099;28100;28101;28102;28103;28104;28106;28108,recovery
362,c_cmd_len[21]$_DFFE_PN0N_,clk_core,4.76,0.7,7711;7712;7715;9547;11827;28097;28098;28099;28100;28101;28102;28103;28104;28106;28108,recovery
363,u_seq_core.addr_q[12]$_DFFE_PN0P_,clk_core,4.76,0.69,3675;3702;3706;3730;7711;7715;7717;7718;9547;14564;18231;28097;28098;28099;28100;28101;28102;28103;28104;28106;28108,recovery
364,c_cmd_len[31]$_DFFE_PN0N_,clk_core,4.76,0.7,7711;7712;7715;9547;11827;28097;28098;28099;28100;28101;28102;28103;28104;28106;28108,recovery
365,u_seq_core.addr_q[0]$_DFFE_PN0P_,clk_core,4.76,0.69,3675;3702;3706;3730;7711;7715;7717;7718;9547;14564;18231;28097;28098;28099;28100;28101;28102;28103;28104;28106;28108,recovery
366,c_cmd_len[29]$_DFFE_PN0N_,clk_core,4.76,0.7,7711;7714;7715;9547;11827;28097;28098;28099;28100;28101;28102;28103;28104;28106;28108,recovery
367,c_cmd_addr[20]$_DFFE_PN0N_,clk_core,4.76,0.7,7711;7714;7715;9547;11827;28097;28098;28099;28100;28101;28102;28103;28104;28106;28108,recovery
368,c_cmd_addr[31]$_DFFE_PN0N_,clk_core,4.76,0.7,7711;7714;7715;9547;11827;28097;28098;28099;28100;28101;28102;28103;28104;28106;28108,recovery
369,c_cmd_len[27]$_DFFE_PN0N_,clk_core,4.76,0.7,7711;7714;7715;9547;11827;28097;28098;28099;28100;28101;28102;28103;28104;28106;28108,recovery
370,u_seq_core.addr_q[16]$_DFFE_PN0P_,clk_core,4.76,0.69,3675;3702;3706;3730;7711;7715;7717;7718;9547;14564;18231;28097;28098;28099;28100;28101;28102;28103;28104;28106;28108,recovery
371,c_cmd_len[28]$_DFFE_PN0N_,clk_core,4.76,0.7,7711;7712;7715;9547;11827;28097;28098;28099;28100;28101;28102;28103;28104;28106;28108,recovery
372,c_cmd_len[30]$_DFFE_PN0N_,clk_core,4.76,0.7,7711;7712;7715;9547;11827;28097;28098;28099;28100;28101;28102;28103;28104;28106;28108,recovery
373,c_cmd_addr[22]$_DFFE_PN0N_,clk_core,4.77,0.69,7711;7712;7715;9547;11827;28097;28098;28099;28100;28101;28102;28103;28104;28106;28108,recovery
374,c_cmd_len[11]$_DFFE_PN0N_,clk_core,4.77,0.69,7711;7712;7715;9547;11827;28097;28098;28099;28100;28101;28102;28103;28104;28106;28108,recovery
375,u_host_if.s_rdata[17]$_DFFE_PN0P_,clk_host,9.29,1.03,9273;9323;11969;11972;11976;11980;11984;15065;15727;16528;16553;16624;28109;28110,recovery
376,u_host_if.s_rdata[15]$_DFFE_PN0P_,clk_host,9.29,1.03,9273;9323;11969;11972;11976;11980;11984;15065;15727;16528;16553;16624;28109;28110,recovery
377,u_host_if.rpop_q[15]$_DFFE_PN0P_,clk_host,9.29,1.03,9273;9323;11969;11972;11976;11980;11984;15065;15727;16528;16553;16624;28109;28110,recovery
378,u_host_if.rpop_q[17]$_DFFE_PN0P_,clk_host,9.29,1.03,9273;9323;11969;11972;11976;11980;11984;15065;15727;16528;16553;16624;28109;28110,recovery
379,u_host_if.s_rdata[14]$_DFFE_PN0P_,clk_host,9.29,1.03,9273;9323;11969;11972;11976;11980;11984;15065;15727;16528;16553;16624;28109;28110,recovery
380,u_host_if.rpop_q[14]$_DFFE_PN0P_,clk_host,9.29,1.03,9273;9323;11969;11972;11976;11980;11984;15065;15727;16528;16553;16624;28109;28110,recovery
381,u_host_if.rpop_q[13]$_DFFE_PN0P_,clk_host,9.29,1.03,9273;9323;11969;11972;11976;11980;11984;15065;15727;16528;16553;16624;28109;28110,recovery
382,u_host_if.rpop_q[20]$_DFFE_PN0P_,clk_host,9.29,1.03,9273;9323;11969;11972;11976;11980;11984;15069;15727;16528;16553;16624;28109;28110,recovery
383,u_host_if.s_rdata[13]$_DFFE_PN0P_,clk_host,9.29,1.03,9273;9323;11969;11972;11976;11980;11984;15069;15727;16528;16553;16624;28109;28110,recovery
384,u_host_if.s_rdata[20]$_DFFE_PN0P_,clk_host,9.3,1.03,9273;9323;11969;11972;11976;11980;11984;15069;15727;16528;16553;16624;28109;28110,recovery
385,u_host_if.rpop_q[10]$_DFFE_PN0P_,clk_host,9.3,1.03,9273;9323;11969;11972;11976;11980;11984;15080;15727;16528;16553;16624;28109;28110,recovery
386,u_host_if.rpop_q[16]$_DFFE_PN0P_,clk_host,9.3,1.03,9273;9323;11969;11972;11976;11980;11984;15069;15727;16528;16553;16624;28109;28110,recovery
387,u_host_if.rpop_q[12]$_DFFE_PN0P_,clk_host,9.3,1.03,9273;9323;11969;11972;11976;11980;11984;15069;15727;16528;16553;16624;28109;28110,recovery
388,u_host_if.rpop_q[9]$_DFFE_PN0P_,clk_host,9.3,1.03,9273;9323;11969;11972;11976;11980;11984;15069;15727;16528;16553;16624;28109;28110,recovery
389,u_host_if.s_rdata[12]$_DFFE_PN0P_,clk_host,9.3,1.03,9273;9323;11969;11972;11976;11980;11984;15069;15727;16528;16553;16624;28109;28110,recovery
390,u_host_if.s_rdata[9]$_DFFE_PN0P_,clk_host,9.3,1.02,9273;9323;11969;11972;11976;11980;11984;15069;15727;16528;16553;16624;28109;28110,recovery
391,u_host_if.s_rdata[10]$_DFFE_PN0P_,clk_host,9.3,1.02,9273;9323;11969;11972;11976;11980;11984;15080;15727;16528;16553;16624;28109;28110,recovery
392,u_host_if.s_rdata[16]$_DFFE_PN0P_,clk_host,9.3,1.02,9273;9323;11969;11972;11976;11980;11984;15080;15727;16528;16553;16624;28109;28110,recovery
393,u_host_if.s_rdata[19]$_DFFE_PN0P_,clk_host,9.3,1.02,9273;9323;11969;11972;11976;11980;11984;15080;15727;16528;16553;16624;28109;28110,recovery
394,u_host_if.rpop_q[19]$_DFFE_PN0P_,clk_host,9.3,1.02,9273;9323;11969;11972;11976;11980;11984;15080;15727;16528;16553;16624;28109;28110,recovery
395,u_host_if.s_rdata[18]$_DFFE_PN0P_,clk_host,9.3,1.02,9273;9323;11969;11972;11976;11980;11984;15080;15727;16528;16553;16624;28109;28110,recovery
396,u_host_if.s_bvalid$_DFFE_PN0P_,clk_host,9.43,0.88,9313;9323;11936;11957;11961;12007;15727;16528;16553;16578;26314;28109;28110,recovery
397,u_host_if.awaddr_q[7]$_DFFE_PN0P_,clk_host,9.43,0.88,9313;9323;11936;11957;11961;12007;15727;16528;16553;16578;28109;28110,recovery
398,u_host_if.awaddr_q[5]$_DFFE_PN0P_,clk_host,9.43,0.88,9313;9323;11936;11957;11961;12007;15727;16528;16553;16578;28109;28110,recovery
399,u_host_if.awaddr_q[6]$_DFFE_PN0P_,clk_host,9.43,0.88,9313;9323;11936;11957;11961;12007;15727;16528;16553;16578;28109;28110,recovery
400,_44521_,clk_core,2.11,3.0,7704;7715;7717;7718;9547;18231;23764;28097;28098;28099;28100;28101;28102;28103;28104,clock_gating
401,g_clkgate.u_cg_core.en_latched$_DLATCH_N_,clk_core,2.15,0.74,2106;3672;3702;3706;7534;7704;7715;7717;7718;7870;9547;18231;18232;23764;28097;28098;28099;28100;28101;28102;28103;28104,setup
402,c_cmd_addr[30]$_DFFE_PN0N_,clk_core,3.76,1.61,690;691;695;696;697;7705;7711;7715;9547;10316;11633;11718;11755;11768;11769;28097;28098;28099;28100;28101;28102;28103;28104,setup
403,c_cmd_len[9]$_DFFE_PN0N_,clk_core,3.76,1.61,488;491;493;503;504;7705;7712;7715;9547;10316;11633;11718;11755;11768;11769;28097;28098;28099;28100;28101;28102;28103;28104,setup
404,c_cmd_addr[27]$_DFFE_PN0N_,clk_core,3.77,1.6,734;737;738;748;749;7705;7714;7715;9547;10316;11633;11718;11755;11768;11769;28097;28098;28099;28100;28101;28102;28103;28104,setup
405,c_cmd_addr[28]$_DFFE_PN0N_,clk_core,3.78,1.59,718;719;720;728;729;7705;7714;7715;9547;10316;11633;11718;11755;11768;11769;28097;28098;28099;28100;28101;28102;28103;28104,setup
406,c_cmd_len[7]$_DFFE_PN0N_,clk_core,3.8,1.57,524;528;536;537;7704;7709;7715;9547;10851;11293;11322;11330;11418;11441;28097;28098;28099;28100;28101;28102;28103;28104,setup
407,c_cmd_addr[29]$_DFFE_PN0N_,clk_core,3.8,1.57,710;711;712;713;7704;7714;7715;9547;10851;11293;11322;11330;11418;11441;28097;28098;28099;28100;28101;28102;28103;28104,setup
408,c_cmd_len[11]$_DFFE_PN0N_,clk_core,3.81,1.56,455;459;467;468;7704;7712;7715;9547;10851;11293;11322;11330;11418;11441;28097;28098;28099;28100;28101;28102;28103;28104,setup
409,c_cmd_len[16]$_DFFE_PN0N_,clk_core,3.83,1.54,366;367;368;376;377;7705;7708;7715;9547;10316;11064;11089;11107;11111;28097;28098;28099;28100;28101;28102;28103;28104,setup
410,c_cmd_len[23]$_DFFE_PN0N_,clk_core,3.83,1.54,239;240;244;256;258;7705;7708;7715;9547;10316;11064;11089;11107;11111;28097;28098;28099;28100;28101;28102;28103;28104,setup
411,u_dma_fabric.rbeat_data[12]$_DFFE_PN0P_,clk_core,3.83,1.52,3462;3696;3706;5348;5350;5351;5352;5353;5354;5824;5917;7717;7718;12453;12457;12461;12492;18231,setup
412,c_cmd_len[22]$_DFFE_PN0N_,clk_core,3.83,1.54,263;264;265;273;274;7705;7708;7715;9547;10316;11064;11089;11107;11111;28097;28098;28099;28100;28101;28102;28103;28104,setup
413,c_cmd_len[18]$_DFFE_PN0N_,clk_core,3.83,1.54,334;335;336;344;345;7705;7708;7715;9547;10316;11064;11089;11107;11111;28097;28098;28099;28100;28101;28102;28103;28104,setup
414,c_cmd_addr[21]$_DFFE_PN0N_,clk_core,3.84,1.53,853;854;855;856;857;7705;7711;7715;9547;10316;10802;11059;11072;11217;28097;28098;28099;28100;28101;28102;28103;28104,setup
415,c_cmd_len[10]$_DFFE_PN0N_,clk_core,3.84,1.53,480;481;482;483;484;7705;7708;7715;9547;10316;11633;11718;11768;11780;28097;28098;28099;28100;28101;28102;28103;28104,setup
416,c_cmd_len[4]$_DFFE_PN0N_,clk_core,3.84,1.53,578;579;580;588;589;7705;7709;7715;9547;10316;11633;11718;11768;11780;28097;28098;28099;28100;28101;28102;28103;28104,setup
417,g_chan[0].u_cdc_chw.mem[0][31]$_DFFE_PP_,clk_core,3.84,1.52,3583;3622;3698;3706;6205;7681;7717;7718;10896;12630;12631;12642;15202;17657;17659;17660;17661;17764;18231,setup
418,g_chan[0].u_cdc_chw.mem[1][31]$_DFFE_PP_,clk_core,3.84,1.52,3583;3622;3698;3706;6205;7681;7717;7718;10896;12630;12631;12642;15202;17657;17659;17660;17661;17763;18231,setup
419,g_chan[0].u_cdc_chw.mem[11][31]$_DFFE_PP_,clk_core,3.84,1.52,3566;3622;3698;3706;6203;7681;7717;7718;10896;12630;12631;12642;15202;17657;17659;17660;17661;17753;18231,setup
420,c_cmd_addr[31]$_DFFE_PN0N_,clk_core,3.84,1.52,661;663;669;679;680;7705;7714;7715;9547;10316;10802;11059;11072;11217;28097;28098;28099;28100;28101;28102;28103;28104,setup
421,g_chan[0].u_cdc_chw.mem[10][31]$_DFFE_PP_,clk_core,3.84,1.52,3566;3622;3698;3706;6203;7681;7717;7718;10896;12630;12631;12642;15202;17657;17659;17660;17661;17754;18231,setup
422,g_chan[0].u_cdc_chw.mem[8][31]$_DFFE_PP_,clk_core,3.84,1.52,3566;3622;3698;3706;6203;7681;7717;7718;10896;12630;12631;12642;15202;17657;17659;17660;17661;17756;18231,setup
423,u_dma_fabric.rbeat_data[10]$_DFFE_PN0P_,clk_core,3.84,1.51,3462;3696;3706;5424;5425;5427;5429;5430;5431;5917;7717;7718;12453;12457;12461;12492;18231,setup
424,g_chan[0].u_cdc_chw.mem[5][31]$_DFFE_PP_,clk_core,3.84,1.52,3566;3622;3698;3706;6203;7681;7717;7718;10896;12630;12631;12642;15202;17657;17659;17660;17661;17759;18231,setup
425,g_chan[0].u_cdc_chw.mem[9][31]$_DFFE_PP_,clk_core,3.84,1.52,3566;3622;3698;3706;6203;7681;7717;7718;10896;12630;12631;12642;15202;17657;17659;17660;17661;17755;18231,setup
426,g_chan[0].u_cdc_chw.mem[4][31]$_DFFE_PP_,clk_core,3.84,1.52,3566;3622;3698;3706;6204;7681;7717;7718;10896;12630;12631;12642;15202;17657;17659;17660;17661;17760;18231,setup
427,g_chan[0].u_cdc_chw.mem[7][31]$_DFFE_PP_,clk_core,3.84,1.52,3566;3622;3698;3706;6204;7681;7717;7718;10896;12630;12631;12642;15202;17657;17659;17660;17661;17757;18231,setup
428,g_chan[0].u_cdc_chw.mem[13][31]$_DFFE_PP_,clk_core,3.85,1.52,3566;3622;3698;3706;6203;7681;7717;7718;10896;12630;12631;12642;15202;17657;17659;17660;17661;17750;18231,setup
429,g_chan[0].u_cdc_chw.mem[15][31]$_DFFE_PP_,clk_core,3.85,1.52,3566;3622;3698;3706;6199;7681;7717;7718;10896;12630;12631;12642;15202;17657;17659;17660;17661;17748;18231,setup
430,g_chan[0].u_cdc_chw.mem[6][31]$_DFFE_PP_,clk_core,3.85,1.52,3566;3622;3698;3706;6204;7681;7717;7718;10896;12630;12631;12642;15202;17657;17659;17660;17661;17758;18231,setup
431,g_chan[0].u_cdc_chw.mem[2][31]$_DFFE_PP_,clk_core,3.85,1.52,3566;3622;3698;3706;6204;7681;7717;7718;10896;12630;12631;12642;15202;17657;17659;17660;17661;17762;18231,setup
432,g_chan[0].u_cdc_chw.mem[3][31]$_DFFE_PP_,clk_core,3.85,1.52,3566;3622;3698;3706;6204;7681;7717;7718;10896;12630;12631;12642;15202;17657;17659;17660;17661;17761;18231,setup
433,g_chan[0].u_cdc_chw.mem[14][31]$_DFFE_PP_,clk_core,3.85,1.52,3566;3622;3698;3706;6204;7681;7717;7718;10896;12630;12631;12642;15202;17657;17659;17660;17661;17749;18231,setup
434,u_dma_fabric.rbeat_data[17]$_DFFE_PN0P_,clk_core,3.85,1.5,3462;3696;3706;5164;5167;5171;5172;5173;5174;5824;5917;7717;7718;12453;12457;12461;12492;18231,setup
435,g_chan[0].u_cdc_chw.mem[12][31]$_DFFE_PP_,clk_core,3.85,1.52,3566;3622;3698;3706;6204;7681;7717;7718;10896;12630;12631;12642;15202;17657;17659;17660;17661;17751;18231,setup
436,u_dma_fabric.rbeat_data[30]$_DFFE_PN0P_,clk_core,3.85,1.5,3462;3472;3696;3706;4671;4674;4682;4695;4700;4707;5346;5917;7717;7718;12413;12415;12417;12421;18231,setup
437,u_dma_fabric.rbeat_data[13]$_DFFE_PN0P_,clk_core,3.85,1.5,3462;3696;3706;5308;5309;5310;5311;5313;5314;5824;5917;7717;7718;12453;12457;12461;12492;18231,setup
438,u_dma_fabric.rbeat_data[19]$_DFFE_PN0P_,clk_core,3.85,1.5,3462;3466;3696;3706;5091;5092;5093;5101;5102;5103;5280;5917;7717;7718;12453;12457;12461;12492;18231,setup
439,g_chan[0].u_cdc_chw.mem[10][14]$_DFFE_PP_,clk_core,3.85,1.51,3583;3622;3698;3706;6211;7681;7717;7718;10896;11356;11357;11358;11366;11985;12630;12631;12642;15116;18231,setup
440,g_chan[0].u_cdc_chw.mem[11][14]$_DFFE_PP_,clk_core,3.85,1.51,3583;3622;3698;3706;6215;7681;7717;7718;10896;11356;11357;11358;11366;12035;12630;12631;12642;15116;18231,setup
441,g_chan[0].u_cdc_chw.mem[15][14]$_DFFE_PP_,clk_core,3.85,1.51,3583;3622;3698;3706;6205;7681;7717;7718;10896;11356;11357;11358;11366;12180;12630;12631;12642;15116;18231,setup
442,g_chan[0].u_cdc_chw.mem[13][14]$_DFFE_PP_,clk_core,3.85,1.51,3583;3622;3698;3706;6205;7681;7717;7718;10896;11356;11357;11358;11366;12108;12630;12631;12642;15116;18231,setup
443,g_chan[0].u_cdc_chw.mem[14][14]$_DFFE_PP_,clk_core,3.85,1.51,3583;3622;3698;3706;6205;7681;7717;7718;10896;11356;11357;11358;11366;12144;12630;12631;12642;15116;18231,setup
444,g_chan[0].u_cdc_chw.mem[9][14]$_DFFE_PP_,clk_core,3.85,1.51,3583;3622;3698;3706;6205;7681;7717;7718;10896;11356;11357;11358;11366;11932;12630;12631;12642;15116;18231,setup
445,g_chan[1].u_cdc_chw.mem[7][31]$_DFFE_PP_,clk_core,3.85,1.5,3618;3622;3698;3706;6808;7681;7717;7718;10896;12630;12631;12642;15202;17657;17659;17660;17661;17671;18231,setup
446,g_chan[0].u_cdc_chw.mem[5][14]$_DFFE_PP_,clk_core,3.85,1.51,3583;3622;3698;3706;6211;7681;7717;7718;10896;11356;11357;11358;11366;11787;12630;12631;12642;15116;18231,setup
447,g_chan[0].u_cdc_chw.mem[8][14]$_DFFE_PP_,clk_core,3.85,1.51,3583;3622;3698;3706;6205;7681;7717;7718;10896;11356;11357;11358;11366;11896;12630;12631;12642;15116;18231,setup
448,g_chan[0].u_cdc_chw.mem[6][14]$_DFFE_PP_,clk_core,3.85,1.51,3583;3622;3698;3706;6211;7681;7717;7718;10896;11356;11357;11358;11366;11823;12630;12631;12642;15116;18231,setup
449,g_chan[0].u_cdc_chw.mem[4][14]$_DFFE_PP_,clk_core,3.85,1.51,3583;3622;3698;3706;6209;7681;7717;7718;10896;11356;11357;11358;11366;11751;12630;12631;12642;15116;18231,setup
450,g_chan[0].u_cdc_chw.mem[7][14]$_DFFE_PP_,clk_core,3.85,1.51,3583;3622;3698;3706;6211;7681;7717;7718;10896;11356;11357;11358;11366;11859;12630;12631;12642;15116;18231,setup
451,g_chan[0].u_cdc_chw.mem[2][14]$_DFFE_PP_,clk_core,3.85,1.51,3583;3622;3698;3706;6211;7681;7717;7718;10896;11356;11357;11358;11366;11677;12630;12631;12642;15116;18231,setup
452,g_chan[0].u_cdc_chw.mem[3][14]$_DFFE_PP_,clk_core,3.85,1.51,3583;3622;3698;3706;6211;7681;7717;7718;10896;11356;11357;11358;11366;11714;12630;12631;12642;15116;18231,setup
453,g_chan[0].u_cdc_chw.mem[1][14]$_DFFE_PP_,clk_core,3.85,1.51,3583;3622;3698;3706;6209;7681;7717;7718;10896;11356;11357;11358;11366;11640;12630;12631;12642;15116;18231,setup
454,g_chan[0].u_cdc_chw.mem[0][14]$_DFFE_PP_,clk_core,3.85,1.51,3583;3622;3698;3706;6209;7681;7717;7718;10896;11356;11357;11358;11366;11368;12630;12631;12642;15116;18231,setup
455,g_chan[0].u_cdc_chw.mem[12][14]$_DFFE_PP_,clk_core,3.85,1.51,3566;3622;3698;3706;6204;7681;7717;7718;10896;11356;11357;11358;11366;12072;12630;12631;12642;15116;18231,setup
456,g_chan[1].u_cdc_chw.mem[1][31]$_DFFE_PP_,clk_core,3.85,1.51,3608;3622;3698;3706;6801;7681;7717;7718;10896;12630;12631;12642;15202;17657;17659;17660;17661;17678;18231,setup
457,g_chan[1].u_cdc_chw.mem[0][31]$_DFFE_PP_,clk_core,3.85,1.5,3608;3622;3698;3706;6801;7681;7717;7718;10896;12630;12631;12642;15202;17657;17659;17660;17661;17679;18231,setup
458,u_dma_fabric.rbeat_data[16]$_DFFE_PN0P_,clk_core,3.86,1.49,3462;3696;3706;5197;5198;5199;5208;5209;5210;5824;5917;7717;7718;12453;12457;12461;12492;18231,setup
459,g_chan[0].u_cdc_chw.mem[15][17]$_DFFE_PP_,clk_core,3.86,1.5,3603;3622;3698;3706;6227;7681;7717;7718;10896;11307;11308;11309;11310;12177;12630;12631;12642;15111;18231,setup
460,u_dma_fabric.rbeat_data[29]$_DFFE_PN0P_,clk_core,3.86,1.49,3462;3472;3696;3706;4736;4737;4738;4739;4740;4741;5346;5917;7717;7718;12413;12415;12417;12421;18231,setup
461,g_chan[0].u_cdc_chw.mem[11][17]$_DFFE_PP_,clk_core,3.86,1.5,3603;3622;3698;3706;6227;7681;7717;7718;10896;11307;11308;11309;11310;12032;12630;12631;12642;15111;18231,setup
462,g_chan[0].u_cdc_chw.mem[13][17]$_DFFE_PP_,clk_core,3.86,1.5,3603;3622;3698;3706;6225;7681;7717;7718;10896;11307;11308;11309;11310;12105;12630;12631;12642;15111;18231,setup
463,g_chan[1].u_cdc_chw.mem[2][31]$_DFFE_PP_,clk_core,3.86,1.5,3608;3622;3698;3706;6801;7681;7717;7718;10896;12630;12631;12642;15202;17657;17659;17660;17661;17677;18231,setup
464,g_chan[0].u_cdc_chw.mem[10][17]$_DFFE_PP_,clk_core,3.86,1.5,3603;3622;3698;3706;6227;7681;7717;7718;10896;11307;11308;11309;11310;11979;12630;12631;12642;15111;18231,setup
465,g_chan[0].u_cdc_chw.mem[12][17]$_DFFE_PP_,clk_core,3.86,1.5,3603;3622;3698;3706;6227;7681;7717;7718;10896;11307;11308;11309;11310;12069;12630;12631;12642;15111;18231,setup
466,g_chan[1].u_cdc_chw.mem[3][31]$_DFFE_PP_,clk_core,3.86,1.5,3608;3622;3698;3706;6801;7681;7717;7718;10896;12630;12631;12642;15202;17657;17659;17660;17661;17676;18231,setup
467,g_chan[0].u_cdc_chw.mem[14][17]$_DFFE_PP_,clk_core,3.86,1.5,3603;3622;3698;3706;6227;7681;7717;7718;10896;11307;11308;11309;11310;12141;12630;12631;12642;15111;18231,setup
468,c_cmd_addr[9]$_DFFE_PN0N_,clk_core,3.86,1.51,1053;1057;1065;1066;7704;7711;7715;9547;10851;11131;11147;11293;11330;28097;28098;28099;28100;28101;28102;28103;28104,setup
469,g_chan[1].u_cdc_chw.mem[0][14]$_DFFE_PP_,clk_core,3.86,1.49,3618;3622;3698;3706;6825;7681;7717;7718;10896;11356;11357;11358;11366;12630;12631;12642;14373;15116;18231,setup
470,g_chan[1].u_cdc_chw.mem[6][31]$_DFFE_PP_,clk_core,3.86,1.5,3608;3622;3698;3706;6811;7681;7717;7718;10896;12630;12631;12642;15202;17657;17659;17660;17661;17672;18231,setup
471,c_cmd_opcode[6]$_DFFE_PN0N_,clk_core,3.86,1.51,1272;1273;1274;1275;7704;7709;7715;9547;10851;11131;11147;11293;11330;28097;28098;28099;28100;28101;28102;28103;28104,setup
472,g_chan[1].u_cdc_chw.mem[5][31]$_DFFE_PP_,clk_core,3.86,1.5,3608;3622;3698;3706;6811;7681;7717;7718;10896;12630;12631;12642;15202;17657;17659;17660;17661;17674;18231,setup
473,g_chan[1].u_cdc_chw.mem[4][31]$_DFFE_PP_,clk_core,3.86,1.5,3608;3622;3698;3706;6811;7681;7717;7718;10896;12630;12631;12642;15202;17657;17659;17660;17661;17675;18231,setup
474,c_cmd_addr[11]$_DFFE_PN0N_,clk_core,3.86,1.51,1027;1031;1032;1033;7704;7711;7715;9547;10851;11131;11147;11293;11330;28097;28098;28099;28100;28101;28102;28103;28104,setup
475,u_dma_fabric.rbeat_data[18]$_DFFE_PN0P_,clk_core,3.86,1.49,3462;3472;3696;3706;5121;5122;5126;5134;5135;5136;5282;5917;7717;7718;12413;12415;12417;12421;18231,setup
476,g_chan[1].u_cdc_chw.mem[1][14]$_DFFE_PP_,clk_core,3.86,1.49,3618;3622;3698;3706;6825;7681;7717;7718;10896;11356;11357;11358;11366;12630;12631;12642;14410;15116;18231,setup
477,c_cmd_addr[6]$_DFFE_PN0N_,clk_core,3.86,1.51,1115;1116;1117;1118;7704;7711;7715;9547;10851;11131;11147;11293;11330;28097;28098;28099;28100;28101;28102;28103;28104,setup
478,c_cmd_len[28]$_DFFE_PN0N_,clk_core,3.86,1.51,158;159;160;168;169;7705;7712;7715;9547;10316;10802;11059;11072;11217;28097;28098;28099;28100;28101;28102;28103;28104,setup
479,g_chan[0].u_cdc_chw.mem[4][17]$_DFFE_PP_,clk_core,3.86,1.5,3583;3622;3698;3706;6233;7681;7717;7718;10896;11307;11308;11309;11310;11748;12630;12631;12642;15111;18231,setup
480,g_chan[0].u_cdc_chw.mem[5][17]$_DFFE_PP_,clk_core,3.86,1.5,3583;3622;3698;3706;6233;7681;7717;7718;10896;11307;11308;11309;11310;11784;12630;12631;12642;15111;18231,setup
481,c_cmd_addr[2]$_DFFE_PN0N_,clk_core,3.86,1.51,1183;1187;1188;1189;7704;7709;7715;9547;10851;11131;11147;11293;11330;28097;28098;28099;28100;28101;28102;28103;28104,setup
482,c_cmd_addr[8]$_DFFE_PN0N_,clk_core,3.86,1.51,1079;1080;1081;1082;7704;7709;7715;9547;10851;11131;11147;11293;11330;28097;28098;28099;28100;28101;28102;28103;28104,setup
483,g_chan[0].u_cdc_chw.mem[1][17]$_DFFE_PP_,clk_core,3.86,1.5,3583;3622;3698;3706;6233;7681;7717;7718;10896;11307;11308;11309;11310;11637;12630;12631;12642;15111;18231,setup
484,c_cmd_addr[10]$_DFFE_PN0N_,clk_core,3.86,1.51,1044;1048;1049;1050;7704;7711;7715;9547;10851;11131;11147;11293;11330;28097;28098;28099;28100;28101;28102;28103;28104,setup
485,g_chan[0].u_cdc_chw.mem[0][17]$_DFFE_PP_,clk_core,3.86,1.5,3583;3622;3698;3706;6233;7681;7717;7718;10896;11307;11308;11309;11310;11312;12630;12631;12642;15111;18231,setup
486,g_chan[0].u_cdc_chw.mem[7][17]$_DFFE_PP_,clk_core,3.86,1.5,3583;3622;3698;3706;6207;7681;7717;7718;10896;11307;11308;11309;11310;11856;12630;12631;12642;15111;18231,setup
487,c_cmd_addr[7]$_DFFE_PN0N_,clk_core,3.86,1.51,1098;1099;1100;1101;7704;7711;7715;9547;10851;11131;11147;11293;11330;28097;28098;28099;28100;28101;28102;28103;28104,setup
488,g_chan[0].u_cdc_chw.mem[8][17]$_DFFE_PP_,clk_core,3.86,1.5,3583;3622;3698;3706;6233;7681;7717;7718;10896;11307;11308;11309;11310;11893;12630;12631;12642;15111;18231,setup
489,g_chan[0].u_cdc_chw.mem[9][17]$_DFFE_PP_,clk_core,3.86,1.5,3583;3622;3698;3706;6233;7681;7717;7718;10896;11307;11308;11309;11310;11929;12630;12631;12642;15111;18231,setup
490,g_chan[0].u_cdc_chw.mem[6][17]$_DFFE_PP_,clk_core,3.86,1.5,3583;3622;3698;3706;6209;7681;7717;7718;10896;11307;11308;11309;11310;11820;12630;12631;12642;15111;18231,setup
491,g_chan[0].u_cdc_chw.mem[2][17]$_DFFE_PP_,clk_core,3.86,1.5,3583;3622;3698;3706;6209;7681;7717;7718;10896;11307;11308;11309;11310;11674;12630;12631;12642;15111;18231,setup
492,c_cmd_len[5]$_DFFE_PN0N_,clk_core,3.86,1.51,565;566;570;571;572;7705;7712;7715;9547;10316;11633;11718;11768;11780;28097;28098;28099;28100;28101;28102;28103;28104,setup
493,g_chan[0].u_cdc_chw.mem[3][17]$_DFFE_PP_,clk_core,3.86,1.5,3583;3622;3698;3706;6209;7681;7717;7718;10896;11307;11308;11309;11310;11711;12630;12631;12642;15111;18231,setup
494,g_chan[1].u_cdc_chw.mem[2][14]$_DFFE_PP_,clk_core,3.86,1.49,3619;3622;3698;3706;6844;7681;7717;7718;10896;11356;11357;11358;11366;12630;12631;12642;14447;15116;18231,setup
495,g_chan[1].u_cdc_chw.mem[6][14]$_DFFE_PP_,clk_core,3.86,1.49,3619;3622;3698;3706;6840;7681;7717;7718;10896;11356;11357;11358;11366;12630;12631;12642;14624;15116;18231,setup
496,g_chan[1].u_cdc_chw.mem[5][14]$_DFFE_PP_,clk_core,3.86,1.49,3619;3622;3698;3706;6844;7681;7717;7718;10896;11356;11357;11358;11366;12630;12631;12642;14588;15116;18231,setup
497,g_chan[1].u_cdc_chw.mem[3][14]$_DFFE_PP_,clk_core,3.87,1.49,3619;3622;3698;3706;6844;7681;7717;7718;10896;11356;11357;11358;11366;12630;12631;12642;14484;15116;18231,setup
498,g_chan[1].u_cdc_chw.mem[7][14]$_DFFE_PP_,clk_core,3.87,1.49,3619;3622;3698;3706;6840;7681;7717;7718;10896;11356;11357;11358;11366;12630;12631;12642;14660;15116;18231,setup
499,u_dma_fabric.rbeat_data[20]$_DFFE_PN0P_,clk_core,3.87,1.48,3462;3696;3706;5051;5052;5056;5067;5068;5069;5824;5917;7717;7718;12413;12415;12417;12421;18231,setup
500,g_chan[1].u_cdc_chw.mem[4][14]$_DFFE_PP_,clk_core,3.87,1.49,3619;3622;3698;3706;6844;7681;7717;7718;10896;11356;11357;11358;11366;12630;12631;12642;14538;15116;18231,setup
501,c_cmd_addr[26]$_DFFE_PN0N_,clk_core,3.87,1.5,761;763;764;765;766;7705;7711;7715;9547;10316;11633;11718;11768;11769;28097;28098;28099;28100;28101;28102;28103;28104,setup
502,g_chan[1].u_cdc_chw.mem[1][17]$_DFFE_PP_,clk_core,3.87,1.49,3607;3622;3698;3706;6783;7681;7717;7718;10896;11307;11308;11309;11310;12630;12631;12642;14407;15111;18231,setup
503,g_chan[1].u_cdc_chw.mem[2][17]$_DFFE_PP_,clk_core,3.87,1.49,3607;3622;3698;3706;6781;7681;7717;7718;10896;11307;11308;11309;11310;12630;12631;12642;14444;15111;18231,setup
504,g_chan[1].u_cdc_chw.mem[0][17]$_DFFE_PP_,clk_core,3.87,1.49,3607;3622;3698;3706;6783;7681;7717;7718;10896;11307;11308;11309;11310;12630;12631;12642;14370;15111;18231,setup
505,g_chan[1].u_cdc_chw.mem[3][17]$_DFFE_PP_,clk_core,3.87,1.49,3607;3622;3698;3706;6781;7681;7717;7718;10896;11307;11308;11309;11310;12630;12631;12642;14481;15111;18231,setup
506,g_chan[1].u_cdc_chw.mem[5][17]$_DFFE_PP_,clk_core,3.87,1.49,3607;3622;3698;3706;6783;7681;7717;7718;10896;11307;11308;11309;11310;12630;12631;12642;14585;15111;18231,setup
507,g_chan[1].u_cdc_chw.mem[4][17]$_DFFE_PP_,clk_core,3.87,1.49,3607;3622;3698;3706;6783;7681;7717;7718;10896;11307;11308;11309;11310;12630;12631;12642;14532;15111;18231,setup
508,g_chan[1].u_cdc_chw.mem[11][17]$_DFFE_PP_,clk_core,3.87,1.48,3615;3622;3698;3706;6784;7681;7717;7718;10896;11307;11308;11309;11310;12630;12631;12642;14802;15111;18231,setup
509,g_chan[1].u_cdc_chw.mem[10][17]$_DFFE_PP_,clk_core,3.87,1.48,3615;3622;3698;3706;6784;7681;7717;7718;10896;11307;11308;11309;11310;12630;12631;12642;14766;15111;18231,setup
510,g_chan[1].u_cdc_chw.mem[6][17]$_DFFE_PP_,clk_core,3.87,1.49,3607;3622;3698;3706;6783;7681;7717;7718;10896;11307;11308;11309;11310;12630;12631;12642;14621;15111;18231,setup
511,g_chan[1].u_cdc_chw.mem[7][17]$_DFFE_PP_,clk_core,3.87,1.49,3607;3622;3698;3706;6783;7681;7717;7718;10896;11307;11308;11309;11310;12630;12631;12642;14657;15111;18231,setup
512,g_chan[1].u_cdc_chw.mem[13][17]$_DFFE_PP_,clk_core,3.87,1.48,3615;3622;3698;3706;6788;7681;7717;7718;10896;11307;11308;11309;11310;12630;12631;12642;14875;15111;18231,setup
513,g_chan[1].u_cdc_chw.mem[12][17]$_DFFE_PP_,clk_core,3.87,1.48,3615;3622;3698;3706;6788;7681;7717;7718;10896;11307;11308;11309;11310;12630;12631;12642;14839;15111;18231,setup
514,g_chan[1].u_cdc_chw.mem[9][17]$_DFFE_PP_,clk_core,3.88,1.48,3615;3622;3698;3706;6792;7681;7717;7718;10896;11307;11308;11309;11310;12630;12631;12642;14730;15111;18231,setup
515,g_chan[1].u_cdc_chw.mem[8][17]$_DFFE_PP_,clk_core,3.88,1.48,3615;3622;3698;3706;6792;7681;7717;7718;10896;11307;11308;11309;11310;12630;12631;12642;14694;15111;18231,setup
516,c_cmd_len[26]$_DFFE_PN0N_,clk_core,3.88,1.49,187;188;192;200;201;7705;7714;7715;9547;10316;10802;11059;11098;11232;28097;28098;28099;28100;28101;28102;28103;28104,setup
517,c_cmd_addr[20]$_DFFE_PN0N_,clk_core,3.88,1.49,867;868;872;873;874;7705;7714;7715;9547;10316;10802;11059;11098;11232;28097;28098;28099;28100;28101;28102;28103;28104,setup
518,c_cmd_addr[23]$_DFFE_PN0N_,clk_core,3.89,1.48,809;811;812;820;821;7705;7712;7715;9547;10316;10802;11059;11098;11232;28097;28098;28099;28100;28101;28102;28103;28104,setup
519,c_cmd_len[20]$_DFFE_PN0N_,clk_core,3.89,1.48,293;295;299;307;308;7705;7708;7715;9547;10316;10802;11059;11071;11232;28097;28098;28099;28100;28101;28102;28103;28104,setup
520,c_cmd_len[21]$_DFFE_PN0N_,clk_core,3.9,1.48,277;279;283;291;292;7705;7712;7715;9547;10316;10802;11059;11071;11232;28097;28098;28099;28100;28101;28102;28103;28104,setup
521,c_cmd_len[14]$_DFFE_PN0N_,clk_core,3.9,1.48,406;407;411;412;413;7705;7708;7715;9547;10316;10802;11059;11071;11232;28097;28098;28099;28100;28101;28102;28103;28104,setup
522,c_cmd_len[31]$_DFFE_PN0N_,clk_core,3.9,1.48,100;102;106;114;115;7705;7712;7715;9547;10316;10802;11059;11071;11232;28097;28098;28099;28100;28101;28102;28103;28104,setup
523,c_cmd_len[29]$_DFFE_PN0N_,clk_core,3.9,1.46,134;140;150;151;7704;7714;7715;9547;10851;11125;11293;11322;11330;28097;28098;28099;28100;28101;28102;28103;28104,setup
524,c_cmd_len[13]$_DFFE_PN0N_,clk_core,3.91,1.47,417;419;420;432;434;7705;7708;7715;9547;10316;10802;11059;11098;11232;28097;28098;28099;28100;28101;28102;28103;28104,setup
525,c_cmd_len[27]$_DFFE_PN0N_,clk_core,3.91,1.46,172;176;184;185;7704;7714;7715;9547;10851;11125;11293;11322;11330;28097;28098;28099;28100;28101;28102;28103;28104,setup
526,c_cmd_len[2]$_DFFE_PN0N_,clk_core,3.92,1.45,623;624;625;626;7704;7709;7715;9547;10851;11293;11322;11330;11441;28097;28098;28099;28100;28101;28102;28103;28104,setup
527,c_cmd_len[30]$_DFFE_PN0N_,clk_core,3.92,1.45,121;122;130;131;7704;7712;7715;9547;10851;11125;11293;11322;11330;28097;28098;28099;28100;28101;28102;28103;28104,setup
528,c_cmd_len[8]$_DFFE_PN0N_,clk_core,3.92,1.45,518;519;520;521;7704;7712;7715;9547;10851;11293;11322;11330;11441;28097;28098;28099;28100;28101;28102;28103;28104,setup
529,c_cmd_addr[5]$_DFFE_PN0N_,clk_core,3.93,1.44,1119;1121;1125;1137;1139;7705;7711;7715;9547;10316;11633;11658;11733;28097;28098;28099;28100;28101;28102;28103;28104,setup
530,c_cmd_addr[3]$_DFFE_PN0N_,clk_core,3.93,1.44,1158;1160;1164;1172;1173;7705;7711;7715;9547;10316;11633;11658;11733;28097;28098;28099;28100;28101;28102;28103;28104,setup
531,g_chan[1].u_cdc_chw.mem[10][31]$_DFFE_PP_,clk_core,3.93,1.42,3618;3622;3698;3706;6831;7681;7717;7718;10896;12630;12631;12642;17657;17659;17660;17661;17668;18231,setup
532,g_chan[1].u_cdc_chw.mem[15][31]$_DFFE_PP_,clk_core,3.93,1.42,3618;3622;3698;3706;6831;7681;7717;7718;10896;12630;12631;12642;17657;17659;17660;17661;17663;18231,setup
533,g_chan[1].u_cdc_chw.mem[12][31]$_DFFE_PP_,clk_core,3.93,1.42,3618;3622;3698;3706;6831;7681;7717;7718;10896;12630;12631;12642;17657;17659;17660;17661;17666;18231,setup
534,g_chan[0].u_cdc_chw.mem[9][25]$_DFFE_PP_,clk_core,3.93,1.42,3603;3622;3698;3706;6237;7681;7717;7718;10799;11155;11157;11161;11162;11920;13275;13277;15096;18231,setup
535,g_chan[0].u_cdc_chw.mem[8][25]$_DFFE_PP_,clk_core,3.93,1.42,3603;3622;3698;3706;6237;7681;7717;7718;10799;11155;11157;11161;11162;11884;13275;13277;15096;18231,setup
536,g_chan[0].u_cdc_chw.mem[4][25]$_DFFE_PP_,clk_core,3.93,1.42,3603;3622;3698;3706;6235;7681;7717;7718;10799;11155;11157;11161;11162;11739;13275;13277;15096;18231,setup
537,g_chan[1].u_cdc_chw.mem[13][31]$_DFFE_PP_,clk_core,3.93,1.42,3618;3622;3698;3706;6831;7681;7717;7718;10896;12630;12631;12642;17657;17659;17660;17661;17665;18231,setup
538,g_chan[0].u_cdc_chw.mem[10][25]$_DFFE_PP_,clk_core,3.93,1.42,3603;3622;3698;3706;6237;7681;7717;7718;10799;11155;11157;11161;11162;11962;13275;13277;15096;18231,setup
539,g_chan[1].u_cdc_chw.mem[14][31]$_DFFE_PP_,clk_core,3.93,1.42,3618;3622;3698;3706;6831;7681;7717;7718;10896;12630;12631;12642;17657;17659;17660;17661;17664;18231,setup
540,g_chan[0].u_cdc_chw.mem[7][25]$_DFFE_PP_,clk_core,3.93,1.42,3603;3622;3698;3706;6235;7681;7717;7718;10799;11155;11157;11161;11162;11847;13275;13277;15096;18231,setup
541,g_chan[0].u_cdc_chw.mem[5][25]$_DFFE_PP_,clk_core,3.93,1.42,3603;3622;3698;3706;6235;7681;7717;7718;10799;11155;11157;11161;11162;11775;13275;13277;15096;18231,setup
542,g_chan[0].u_cdc_chw.mem[3][25]$_DFFE_PP_,clk_core,3.93,1.42,3603;3622;3698;3706;6235;7681;7717;7718;10799;11155;11157;11161;11162;11702;13275;13277;15096;18231,setup
543,g_chan[0].u_cdc_chw.mem[11][25]$_DFFE_PP_,clk_core,3.93,1.42,3603;3622;3698;3706;6227;7681;7717;7718;10799;11155;11157;11161;11162;12023;13275;13277;15096;18231,setup
544,g_chan[0].u_cdc_chw.mem[1][25]$_DFFE_PP_,clk_core,3.93,1.42,3603;3622;3698;3706;6235;7681;7717;7718;10799;11155;11157;11161;11162;11628;13275;13277;15096;18231,setup
545,g_chan[0].u_cdc_chw.mem[2][25]$_DFFE_PP_,clk_core,3.94,1.42,3603;3622;3698;3706;6235;7681;7717;7718;10799;11155;11157;11161;11162;11665;13275;13277;15096;18231,setup
546,g_chan[0].u_cdc_chw.mem[13][25]$_DFFE_PP_,clk_core,3.94,1.42,3603;3622;3698;3706;6237;7681;7717;7718;10799;11155;11157;11161;11162;12096;13275;13277;15096;18231,setup
547,g_chan[0].u_cdc_chw.mem[12][25]$_DFFE_PP_,clk_core,3.94,1.42,3603;3622;3698;3706;6237;7681;7717;7718;10799;11155;11157;11161;11162;12060;13275;13277;15096;18231,setup
548,g_chan[0].u_cdc_chw.mem[0][25]$_DFFE_PP_,clk_core,3.94,1.42,3603;3622;3698;3706;6235;7681;7717;7718;10799;11155;11157;11161;11162;11164;13275;13277;15096;18231,setup
549,g_chan[0].u_cdc_chw.mem[14][25]$_DFFE_PP_,clk_core,3.94,1.42,3603;3622;3698;3706;6227;7681;7717;7718;10799;11155;11157;11161;11162;12132;13275;13277;15096;18231,setup
550,c_cmd_addr[4]$_DFFE_PN0N_,clk_core,3.94,1.43,1141;1142;1146;1154;1155;7705;7711;7715;9547;10316;11633;11658;11733;28097;28098;28099;28100;28101;28102;28103;28104,setup
551,g_chan[0].u_cdc_chw.mem[15][25]$_DFFE_PP_,clk_core,3.94,1.42,3603;3622;3698;3706;6225;7681;7717;7718;10799;11155;11157;11161;11162;12168;13275;13277;15096;18231,setup
552,g_chan[0].u_cdc_chw.mem[6][25]$_DFFE_PP_,clk_core,3.94,1.42,3583;3622;3698;3706;6233;7681;7717;7718;10799;11155;11157;11161;11162;11811;13275;13277;15096;18231,setup
553,g_chan[0].u_cdc_chw.mem[14][24]$_DFFE_PP_,clk_core,3.94,1.41,3603;3622;3698;3706;6248;7681;7717;7718;10799;11167;11168;11172;11180;12133;13275;13277;15098;18231,setup
554,g_chan[1].u_cdc_chw.mem[8][31]$_DFFE_PP_,clk_core,3.94,1.42,3615;3622;3698;3706;6836;7681;7717;7718;10896;12630;12631;12642;17657;17659;17660;17661;17670;18231,setup
555,g_chan[1].u_cdc_chw.mem[11][31]$_DFFE_PP_,clk_core,3.94,1.42,3615;3622;3698;3706;6836;7681;7717;7718;10896;12630;12631;12642;17657;17659;17660;17661;17667;18231,setup
556,g_chan[1].u_cdc_chw.mem[9][31]$_DFFE_PP_,clk_core,3.94,1.42,3615;3622;3698;3706;6836;7681;7717;7718;10896;12630;12631;12642;17657;17659;17660;17661;17669;18231,setup
557,c_cmd_len[17]$_DFFE_PN0N_,clk_core,3.94,1.43,346;348;352;360;361;7705;7708;7715;9547;10316;11089;11107;11111;28097;28098;28099;28100;28101;28102;28103;28104,setup
558,g_chan[1].u_cdc_chw.mem[14][23]$_DFFE_PP_,clk_core,3.94,1.41,3610;3622;3698;3706;6859;7681;7717;7718;10799;11183;11185;11189;11198;13275;13277;14904;15100;18231,setup
559,g_chan[0].u_cdc_chw.mem[9][23]$_DFFE_PP_,clk_core,3.94,1.42,3608;3622;3698;3706;6279;7681;7717;7718;10799;11183;11185;11189;11198;11922;13275;13277;15100;18231,setup
560,g_chan[0].u_cdc_chw.mem[6][23]$_DFFE_PP_,clk_core,3.94,1.42,3607;3622;3698;3706;6339;7681;7717;7718;10799;11183;11185;11189;11198;11813;13275;13277;15100;18231,setup
561,g_chan[0].u_cdc_chw.mem[7][23]$_DFFE_PP_,clk_core,3.94,1.42,3607;3622;3698;3706;6339;7681;7717;7718;10799;11183;11185;11189;11198;11849;13275;13277;15100;18231,setup
562,g_chan[0].u_cdc_chw.mem[1][23]$_DFFE_PP_,clk_core,3.94,1.42,3608;3622;3698;3706;6279;7681;7717;7718;10799;11183;11185;11189;11198;11630;13275;13277;15100;18231,setup
563,g_chan[0].u_cdc_chw.mem[0][23]$_DFFE_PP_,clk_core,3.94,1.42,3608;3622;3698;3706;6279;7681;7717;7718;10799;11183;11185;11189;11198;11200;13275;13277;15100;18231,setup
564,g_chan[0].u_cdc_chw.mem[3][23]$_DFFE_PP_,clk_core,3.95,1.42,3608;3622;3698;3706;6277;7681;7717;7718;10799;11183;11185;11189;11198;11704;13275;13277;15100;18231,setup
565,g_chan[0].u_cdc_chw.mem[9][24]$_DFFE_PP_,clk_core,3.95,1.41,3604;3622;3698;3706;6241;7681;7717;7718;10799;11167;11168;11172;11180;11921;13275;13277;15098;18231,setup
566,g_chan[0].u_cdc_chw.mem[2][23]$_DFFE_PP_,clk_core,3.95,1.42,3607;3622;3698;3706;6339;7681;7717;7718;10799;11183;11185;11189;11198;11667;13275;13277;15100;18231,setup
567,g_chan[0].u_cdc_chw.mem[12][23]$_DFFE_PP_,clk_core,3.95,1.41,3608;3622;3698;3706;6801;7681;7717;7718;10799;11183;11185;11189;11198;12062;13275;13277;15100;18231,setup
568,g_chan[0].u_cdc_chw.mem[2][24]$_DFFE_PP_,clk_core,3.95,1.41,3604;3622;3698;3706;6241;7681;7717;7718;10799;11167;11168;11172;11180;11666;13275;13277;15098;18231,setup
569,g_chan[0].u_cdc_chw.mem[4][23]$_DFFE_PP_,clk_core,3.95,1.42,3607;3622;3698;3706;6410;7681;7717;7718;10799;11183;11185;11189;11198;11741;13275;13277;15100;18231,setup
570,g_chan[0].u_cdc_chw.mem[7][24]$_DFFE_PP_,clk_core,3.95,1.41,3604;3622;3698;3706;6264;7681;7717;7718;10799;11167;11168;11172;11180;11848;13275;13277;15098;18231,setup
571,g_chan[0].u_cdc_chw.mem[5][23]$_DFFE_PP_,clk_core,3.95,1.42,3607;3622;3698;3706;6410;7681;7717;7718;10799;11183;11185;11189;11198;11777;13275;13277;15100;18231,setup
572,g_chan[0].u_cdc_chw.mem[11][23]$_DFFE_PP_,clk_core,3.95,1.41,3608;3622;3698;3706;6279;7681;7717;7718;10799;11183;11185;11189;11198;12025;13275;13277;15100;18231,setup
573,g_chan[0].u_cdc_chw.mem[8][23]$_DFFE_PP_,clk_core,3.95,1.41,3608;3622;3698;3706;6279;7681;7717;7718;10799;11183;11185;11189;11198;11886;13275;13277;15100;18231,setup
574,g_chan[0].u_cdc_chw.mem[3][24]$_DFFE_PP_,clk_core,3.95,1.41,3604;3622;3698;3706;6241;7681;7717;7718;10799;11167;11168;11172;11180;11703;13275;13277;15098;18231,setup
575,g_chan[0].u_cdc_chw.mem[0][24]$_DFFE_PP_,clk_core,3.95,1.41,3604;3622;3698;3706;6264;7681;7717;7718;10799;11167;11168;11172;11180;11182;13275;13277;15098;18231,setup
576,g_chan[0].u_cdc_chw.mem[15][24]$_DFFE_PP_,clk_core,3.95,1.41,3604;3622;3698;3706;6243;7681;7717;7718;10799;11167;11168;11172;11180;12169;13275;13277;15098;18231,setup
577,c_cmd_len[24]$_DFFE_PN0N_,clk_core,3.95,1.42,221;223;228;236;237;7705;7708;7715;9547;10316;11089;11107;11111;28097;28098;28099;28100;28101;28102;28103;28104,setup
578,g_chan[0].u_cdc_chw.mem[6][24]$_DFFE_PP_,clk_core,3.95,1.41,3604;3622;3698;3706;6264;7681;7717;7718;10799;11167;11168;11172;11180;11812;13275;13277;15098;18231,setup
579,g_chan[0].u_cdc_chw.mem[13][24]$_DFFE_PP_,clk_core,3.95,1.41,3604;3622;3698;3706;6243;7681;7717;7718;10799;11167;11168;11172;11180;12097;13275;13277;15098;18231,setup
580,g_chan[0].u_cdc_chw.mem[15][23]$_DFFE_PP_,clk_core,3.95,1.41,3607;3622;3698;3706;6282;7681;7717;7718;10799;11183;11185;11189;11198;12170;13275;13277;15100;18231,setup
581,g_chan[0].u_cdc_chw.mem[1][24]$_DFFE_PP_,clk_core,3.95,1.41,3604;3622;3698;3706;6264;7681;7717;7718;10799;11167;11168;11172;11180;11629;13275;13277;15098;18231,setup
582,g_chan[0].u_cdc_chw.mem[12][24]$_DFFE_PP_,clk_core,3.95,1.41,3604;3622;3698;3706;6243;7681;7717;7718;10799;11167;11168;11172;11180;12061;13275;13277;15098;18231,setup
583,g_chan[0].u_cdc_chw.mem[5][24]$_DFFE_PP_,clk_core,3.95,1.41,3604;3622;3698;3706;6264;7681;7717;7718;10799;11167;11168;11172;11180;11776;13275;13277;15098;18231,setup
584,g_chan[1].u_cdc_chw.mem[15][23]$_DFFE_PP_,clk_core,3.95,1.41,3610;3622;3698;3706;6859;7681;7717;7718;10799;11183;11185;11189;11198;13275;13277;14940;15100;18231,setup
585,g_chan[0].u_cdc_chw.mem[4][24]$_DFFE_PP_,clk_core,3.95,1.41,3604;3622;3698;3706;6264;7681;7717;7718;10799;11167;11168;11172;11180;11740;13275;13277;15098;18231,setup
586,g_chan[0].u_cdc_chw.mem[10][23]$_DFFE_PP_,clk_core,3.95,1.41,3607;3622;3698;3706;6282;7681;7717;7718;10799;11183;11185;11189;11198;11966;13275;13277;15100;18231,setup
587,g_chan[0].u_cdc_chw.mem[10][24]$_DFFE_PP_,clk_core,3.95,1.41,3604;3622;3698;3706;6260;7681;7717;7718;10799;11167;11168;11172;11180;11964;13275;13277;15098;18231,setup
588,g_chan[0].u_cdc_chw.mem[8][24]$_DFFE_PP_,clk_core,3.95,1.41,3604;3622;3698;3706;6243;7681;7717;7718;10799;11167;11168;11172;11180;11885;13275;13277;15098;18231,setup
589,g_chan[0].u_cdc_chw.mem[11][24]$_DFFE_PP_,clk_core,3.95,1.41,3604;3622;3698;3706;6243;7681;7717;7718;10799;11167;11168;11172;11180;12024;13275;13277;15098;18231,setup
590,g_chan[0].u_cdc_chw.mem[14][23]$_DFFE_PP_,clk_core,3.95,1.41,3607;3622;3698;3706;6282;7681;7717;7718;10799;11183;11185;11189;11198;12134;13275;13277;15100;18231,setup
591,c_cmd_len[19]$_DFFE_PN0N_,clk_core,3.95,1.42,309;311;317;327;328;7705;7708;7715;9547;10316;11089;11107;11111;28097;28098;28099;28100;28101;28102;28103;28104,setup
592,g_chan[0].u_cdc_chw.mem[13][23]$_DFFE_PP_,clk_core,3.95,1.41,3607;3622;3698;3706;6282;7681;7717;7718;10799;11183;11185;11189;11198;12098;13275;13277;15100;18231,setup
593,g_chan[1].u_cdc_chw.mem[15][14]$_DFFE_PP_,clk_core,3.95,1.41,3619;3622;3698;3706;6837;7681;7717;7718;10896;11356;11357;11358;11366;12630;12631;12642;14950;18231,setup
594,g_chan[1].u_cdc_chw.mem[14][14]$_DFFE_PP_,clk_core,3.95,1.41,3619;3622;3698;3706;6840;7681;7717;7718;10896;11356;11357;11358;11366;12630;12631;12642;14914;18231,setup
595,g_chan[1].u_cdc_chw.mem[6][23]$_DFFE_PP_,clk_core,3.95,1.4,3622;3698;3706;7678;7681;7717;7718;10799;11183;11185;11189;11198;13275;13277;14614;15100;18231,setup
596,g_chan[1].u_cdc_chw.mem[9][14]$_DFFE_PP_,clk_core,3.95,1.41,3619;3622;3698;3706;6837;7681;7717;7718;10896;11356;11357;11358;11366;12630;12631;12642;14733;18231,setup
597,g_chan[1].u_cdc_chw.mem[12][14]$_DFFE_PP_,clk_core,3.95,1.41,3619;3622;3698;3706;6840;7681;7717;7718;10896;11356;11357;11358;11366;12630;12631;12642;14842;18231,setup
598,g_chan[1].u_cdc_chw.mem[13][14]$_DFFE_PP_,clk_core,3.95,1.41,3619;3622;3698;3706;6840;7681;7717;7718;10896;11356;11357;11358;11366;12630;12631;12642;14878;18231,setup
599,g_chan[1].u_cdc_chw.mem[10][14]$_DFFE_PP_,clk_core,3.95,1.41,3615;3622;3698;3706;6836;7681;7717;7718;10896;11356;11357;11358;11366;12630;12631;12642;14769;18231,setup
600,g_chan[1].u_cdc_chw.mem[8][14]$_DFFE_PP_,clk_core,3.95,1.41,3615;3622;3698;3706;6836;7681;7717;7718;10896;11356;11357;11358;11366;12630;12631;12642;14697;18231,setup
601,g_chan[1].u_cdc_chw.mem[13][23]$_DFFE_PP_,clk_core,3.95,1.41,3613;3622;3698;3706;7642;7681;7717;7718;10799;11183;11185;11189;11198;13275;13277;14868;15100;18231,setup
602,g_chan[1].u_cdc_chw.mem[11][14]$_DFFE_PP_,clk_core,3.95,1.41,3615;3622;3698;3706;6836;7681;7717;7718;10896;11356;11357;11358;11366;12630;12631;12642;14805;18231,setup
603,g_chan[1].u_cdc_chw.mem[12][23]$_DFFE_PP_,clk_core,3.95,1.41,3613;3622;3698;3706;7642;7681;7717;7718;10799;11183;11185;11189;11198;13275;13277;14832;15100;18231,setup
604,g_chan[1].u_cdc_chw.mem[5][23]$_DFFE_PP_,clk_core,3.95,1.4,3622;3698;3706;7680;7681;7717;7718;10799;11183;11185;11189;11198;13275;13277;14578;15100;18231,setup
605,g_chan[1].u_cdc_chw.mem[8][23]$_DFFE_PP_,clk_core,3.95,1.41,3613;3622;3698;3706;7642;7681;7717;7718;10799;11183;11185;11189;11198;13275;13277;14687;15100;18231,setup
606,g_chan[1].u_cdc_chw.mem[4][23]$_DFFE_PP_,clk_core,3.95,1.4,3622;3698;3706;7680;7681;7717;7718;10799;11183;11185;11189;11198;13275;13277;14519;15100;18231,setup
607,g_chan[1].u_cdc_chw.mem[3][23]$_DFFE_PP_,clk_core,3.95,1.4,3622;3698;3706;7680;7681;7717;7718;10799;11183;11185;11189;11198;13275;13277;14474;15100;18231,setup
608,g_chan[1].u_cdc_chw.mem[2][23]$_DFFE_PP_,clk_core,3.95,1.4,3622;3698;3706;7680;7681;7717;7718;10799;11183;11185;11189;11198;13275;13277;14437;15100;18231,setup
609,g_chan[1].u_cdc_chw.mem[9][23]$_DFFE_PP_,clk_core,3.95,1.41,3613;3622;3698;3706;7653;7681;7717;7718;10799;11183;11185;11189;11198;13275;13277;14723;15100;18231,setup
610,g_chan[1].u_cdc_chw.mem[13][25]$_DFFE_PP_,clk_core,3.95,1.4,3619;3622;3698;3706;6837;7681;7717;7718;10799;11155;11157;11161;11162;13275;13277;14866;15096;18231,setup
611,g_chan[1].u_cdc_chw.mem[10][23]$_DFFE_PP_,clk_core,3.95,1.4,3613;3622;3698;3706;7664;7681;7717;7718;10799;11183;11185;11189;11198;13275;13277;14759;15100;18231,setup
612,g_chan[1].u_cdc_chw.mem[8][25]$_DFFE_PP_,clk_core,3.95,1.4,3619;3622;3698;3706;6867;7681;7717;7718;10799;11155;11157;11161;11162;13275;13277;14685;15096;18231,setup
613,g_chan[1].u_cdc_chw.mem[11][23]$_DFFE_PP_,clk_core,3.96,1.4,3613;3622;3698;3706;7653;7681;7717;7718;10799;11183;11185;11189;11198;13275;13277;14795;15100;18231,setup
614,g_chan[1].u_cdc_chw.mem[1][25]$_DFFE_PP_,clk_core,3.96,1.4,3619;3622;3698;3706;6837;7681;7717;7718;10799;11155;11157;11161;11162;13275;13277;14398;15096;18231,setup
615,g_chan[1].u_cdc_chw.mem[15][25]$_DFFE_PP_,clk_core,3.96,1.4,3615;3622;3698;3706;6870;7681;7717;7718;10799;11155;11157;11161;11162;13275;13277;14938;15096;18231,setup
616,g_chan[1].u_cdc_chw.mem[14][25]$_DFFE_PP_,clk_core,3.96,1.4,3615;3622;3698;3706;6836;7681;7717;7718;10799;11155;11157;11161;11162;13275;13277;14902;15096;18231,setup
617,g_chan[0].u_cdc_chw.mem[11][12]$_DFFE_PP_,clk_core,3.96,1.41,3566;3622;3698;3706;5968;7681;7717;7718;10896;11387;11389;11394;11402;12037;12630;12631;15119;18231,setup
618,g_chan[1].u_cdc_chw.mem[12][25]$_DFFE_PP_,clk_core,3.96,1.4,3615;3622;3698;3706;6836;7681;7717;7718;10799;11155;11157;11161;11162;13275;13277;14830;15096;18231,setup
619,g_chan[0].u_cdc_chw.mem[10][12]$_DFFE_PP_,clk_core,3.96,1.41,3566;3622;3698;3706;5968;7681;7717;7718;10896;11387;11389;11394;11402;11989;12630;12631;15119;18231,setup
620,g_chan[1].u_cdc_chw.mem[7][23]$_DFFE_PP_,clk_core,3.96,1.4,3613;3622;3698;3706;7653;7681;7717;7718;10799;11183;11185;11189;11198;13275;13277;14650;15100;18231,setup
621,g_chan[0].u_cdc_chw.mem[9][12]$_DFFE_PP_,clk_core,3.96,1.41,3566;3622;3698;3706;5970;7681;7717;7718;10896;11387;11389;11394;11402;11934;12630;12631;15119;18231,setup
622,g_chan[0].u_cdc_chw.mem[8][12]$_DFFE_PP_,clk_core,3.96,1.41,3566;3622;3698;3706;5970;7681;7717;7718;10896;11387;11389;11394;11402;11898;12630;12631;15119;18231,setup
623,g_chan[0].u_cdc_chw.mem[14][12]$_DFFE_PP_,clk_core,3.96,1.41,3566;3622;3698;3706;6202;7681;7717;7718;10896;11387;11389;11394;11402;12146;12630;12631;15119;18231,setup
624,g_chan[0].u_cdc_chw.mem[4][12]$_DFFE_PP_,clk_core,3.96,1.41,3566;3622;3698;3706;5970;7681;7717;7718;10896;11387;11389;11394;11402;11753;12630;12631;15119;18231,setup
625,g_chan[0].u_cdc_chw.mem[12][12]$_DFFE_PP_,clk_core,3.96,1.41,3566;3622;3698;3706;5970;7681;7717;7718;10896;11387;11389;11394;11402;12074;12630;12631;15119;18231,setup
626,g_chan[0].u_cdc_chw.mem[15][12]$_DFFE_PP_,clk_core,3.96,1.41,3566;3622;3698;3706;6202;7681;7717;7718;10896;11387;11389;11394;11402;12182;12630;12631;15119;18231,setup
627,g_chan[0].u_cdc_chw.mem[13][12]$_DFFE_PP_,clk_core,3.96,1.41,3566;3622;3698;3706;5970;7681;7717;7718;10896;11387;11389;11394;11402;12110;12630;12631;15119;18231,setup
628,g_chan[0].u_cdc_chw.mem[6][12]$_DFFE_PP_,clk_core,3.96,1.41,3566;3622;3698;3706;5970;7681;7717;7718;10896;11387;11389;11394;11402;11825;12630;12631;15119;18231,setup
629,g_chan[0].u_cdc_chw.mem[5][12]$_DFFE_PP_,clk_core,3.96,1.41,3566;3622;3698;3706;5970;7681;7717;7718;10896;11387;11389;11394;11402;11789;12630;12631;15119;18231,setup
630,g_chan[0].u_cdc_chw.mem[4][16]$_DFFE_PP_,clk_core,3.96,1.4,3583;3622;3698;3706;6207;7681;7717;7718;10896;11318;11319;11320;11329;11749;12630;12631;15113;18231,setup
631,g_chan[1].u_cdc_chw.mem[1][12]$_DFFE_PP_,clk_core,3.96,1.4,3464;3622;3696;3698;3706;7247;7681;7717;7718;10896;11387;11389;11394;11402;12630;12631;14412;15119;18231,setup
632,g_chan[0].u_cdc_chw.mem[5][16]$_DFFE_PP_,clk_core,3.96,1.4,3583;3622;3698;3706;6207;7681;7717;7718;10896;11318;11319;11320;11329;11785;12630;12631;15113;18231,setup
633,g_chan[1].u_cdc_chw.mem[0][12]$_DFFE_PP_,clk_core,3.96,1.4,3464;3622;3696;3698;3706;7247;7681;7717;7718;10896;11387;11389;11394;11402;12630;12631;14375;15119;18231,setup
634,g_chan[1].u_cdc_chw.mem[2][12]$_DFFE_PP_,clk_core,3.96,1.4,3464;3622;3696;3698;3706;5963;7681;7717;7718;10896;11387;11389;11394;11402;12630;12631;14449;15119;18231,setup
635,c_cmd_len[15]$_DFFE_PN0N_,clk_core,3.96,1.41,388;390;394;395;396;7705;7708;7715;9547;10316;11089;11107;11111;28097;28098;28099;28100;28101;28102;28103;28104,setup
636,g_chan[1].u_cdc_chw.mem[3][12]$_DFFE_PP_,clk_core,3.96,1.4,3464;3622;3696;3698;3706;5963;7681;7717;7718;10896;11387;11389;11394;11402;12630;12631;14486;15119;18231,setup
637,g_chan[0].u_cdc_chw.mem[7][12]$_DFFE_PP_,clk_core,3.96,1.41,3566;3622;3698;3706;5973;7681;7717;7718;10896;11387;11389;11394;11402;11861;12630;12631;15119;18231,setup
638,g_chan[0].u_cdc_chw.mem[7][16]$_DFFE_PP_,clk_core,3.96,1.4,3583;3622;3698;3706;6207;7681;7717;7718;10896;11318;11319;11320;11329;11857;12630;12631;15113;18231,setup
639,g_chan[0].u_cdc_chw.mem[0][12]$_DFFE_PP_,clk_core,3.96,1.4,3566;3622;3698;3706;6056;7681;7717;7718;10896;11387;11389;11394;11402;11404;12630;12631;15119;18231,setup
640,g_chan[0].u_cdc_chw.mem[2][12]$_DFFE_PP_,clk_core,3.96,1.4,3566;3622;3698;3706;5973;7681;7717;7718;10896;11387;11389;11394;11402;11679;12630;12631;15119;18231,setup
641,g_chan[0].u_cdc_chw.mem[3][12]$_DFFE_PP_,clk_core,3.96,1.4,3566;3622;3698;3706;5973;7681;7717;7718;10896;11387;11389;11394;11402;11716;12630;12631;15119;18231,setup
642,g_chan[0].u_cdc_chw.mem[1][12]$_DFFE_PP_,clk_core,3.96,1.4,3566;3622;3698;3706;5973;7681;7717;7718;10896;11387;11389;11394;11402;11642;12630;12631;15119;18231,setup
643,g_chan[0].u_cdc_chw.mem[12][16]$_DFFE_PP_,clk_core,3.96,1.4,3566;3622;3698;3706;5968;7681;7717;7718;10896;11318;11319;11320;11329;12070;12630;12631;15113;18231,setup
644,g_chan[0].u_cdc_chw.mem[6][16]$_DFFE_PP_,clk_core,3.96,1.4,3583;3622;3698;3706;6207;7681;7717;7718;10896;11318;11319;11320;11329;11821;12630;12631;15113;18231,setup
645,g_chan[0].u_cdc_chw.mem[8][16]$_DFFE_PP_,clk_core,3.96,1.4,3566;3622;3698;3706;5968;7681;7717;7718;10896;11318;11319;11320;11329;11894;12630;12631;15113;18231,setup
646,g_chan[0].u_cdc_chw.mem[9][16]$_DFFE_PP_,clk_core,3.96,1.4,3566;3622;3698;3706;5968;7681;7717;7718;10896;11318;11319;11320;11329;11930;12630;12631;15113;18231,setup
647,g_chan[1].u_cdc_chw.mem[5][12]$_DFFE_PP_,clk_core,3.96,1.39,3464;3622;3696;3698;3706;5963;7681;7717;7718;10896;11387;11389;11394;11402;12630;12631;14590;15119;18231,setup
648,g_chan[1].u_cdc_chw.mem[4][12]$_DFFE_PP_,clk_core,3.96,1.39,3464;3622;3696;3698;3706;5963;7681;7717;7718;10896;11387;11389;11394;11402;12630;12631;14542;15119;18231,setup
649,g_chan[1].u_cdc_chw.mem[6][12]$_DFFE_PP_,clk_core,3.96,1.39,3464;3622;3696;3698;3706;7247;7681;7717;7718;10896;11387;11389;11394;11402;12630;12631;14626;15119;18231,setup
650,g_chan[0].u_cdc_chw.mem[11][16]$_DFFE_PP_,clk_core,3.96,1.4,3566;3622;3698;3706;6203;7681;7717;7718;10896;11318;11319;11320;11329;12033;12630;12631;15113;18231,setup
651,g_chan[0].u_cdc_chw.mem[3][16]$_DFFE_PP_,clk_core,3.96,1.4,3583;3622;3698;3706;6207;7681;7717;7718;10896;11318;11319;11320;11329;11712;12630;12631;15113;18231,setup
652,g_chan[1].u_cdc_chw.mem[7][12]$_DFFE_PP_,clk_core,3.96,1.39,3464;3622;3696;3698;3706;5963;7681;7717;7718;10896;11387;11389;11394;11402;12630;12631;14662;15119;18231,setup
653,g_chan[0].u_cdc_chw.mem[15][16]$_DFFE_PP_,clk_core,3.96,1.4,3566;3622;3698;3706;6202;7681;7717;7718;10896;11318;11319;11320;11329;12178;12630;12631;15113;18231,setup
654,g_chan[0].u_cdc_chw.mem[14][16]$_DFFE_PP_,clk_core,3.96,1.4,3566;3622;3698;3706;6202;7681;7717;7718;10896;11318;11319;11320;11329;12142;12630;12631;15113;18231,setup
655,g_chan[0].u_cdc_chw.mem[13][16]$_DFFE_PP_,clk_core,3.96,1.4,3566;3622;3698;3706;5970;7681;7717;7718;10896;11318;11319;11320;11329;12106;12630;12631;15113;18231,setup
656,g_chan[0].u_cdc_chw.mem[1][16]$_DFFE_PP_,clk_core,3.96,1.4,3583;3622;3698;3706;6207;7681;7717;7718;10896;11318;11319;11320;11329;11638;12630;12631;15113;18231,setup
657,u_dma_fabric.rbeat_data[8]$_DFFE_PN0P_,clk_core,3.96,1.39,3462;3472;3696;3706;5282;5485;5487;5488;5496;5497;5498;5917;7717;7718;12453;12461;12492;18231,setup
658,g_chan[0].u_cdc_chw.mem[2][16]$_DFFE_PP_,clk_core,3.96,1.4,3583;3622;3698;3706;6209;7681;7717;7718;10896;11318;11319;11320;11329;11675;12630;12631;15113;18231,setup
659,g_chan[0].u_cdc_chw.mem[10][16]$_DFFE_PP_,clk_core,3.96,1.4,3566;3622;3698;3706;6202;7681;7717;7718;10896;11318;11319;11320;11329;11981;12630;12631;15113;18231,setup
660,g_chan[0].u_cdc_chw.mem[12][19]$_DFFE_PP_,clk_core,3.96,1.39,3603;3622;3698;3706;6225;7681;7717;7718;10896;11263;11265;11266;11274;12067;12630;12631;15107;18231,setup
661,g_chan[0].u_cdc_chw.mem[0][16]$_DFFE_PP_,clk_core,3.96,1.4,3583;3622;3698;3706;6209;7681;7717;7718;10896;11318;11319;11320;11329;11331;12630;12631;15113;18231,setup
662,g_chan[0].u_cdc_chw.mem[2][19]$_DFFE_PP_,clk_core,3.97,1.4,3583;3622;3698;3706;6215;7681;7717;7718;10896;11263;11265;11266;11274;11672;12630;12631;15107;18231,setup
663,g_chan[0].u_cdc_chw.mem[11][19]$_DFFE_PP_,clk_core,3.97,1.39,3583;3622;3698;3706;6211;7681;7717;7718;10896;11263;11265;11266;11274;12030;12630;12631;15107;18231,setup
664,g_chan[1].u_cdc_chw.mem[14][17]$_DFFE_PP_,clk_core,3.97,1.39,3615;3622;3698;3706;6789;7681;7717;7718;10896;11307;11308;11309;11310;12630;12631;12642;14911;18231,setup
665,g_chan[1].u_cdc_chw.mem[15][17]$_DFFE_PP_,clk_core,3.97,1.39,3615;3622;3698;3706;6789;7681;7717;7718;10896;11307;11308;11309;11310;12630;12631;12642;14947;18231,setup
666,g_chan[0].u_cdc_chw.mem[3][19]$_DFFE_PP_,clk_core,3.97,1.39,3583;3622;3698;3706;6215;7681;7717;7718;10896;11263;11265;11266;11274;11709;12630;12631;15107;18231,setup
667,g_chan[0].u_cdc_chw.mem[1][19]$_DFFE_PP_,clk_core,3.97,1.39,3583;3622;3698;3706;6215;7681;7717;7718;10896;11263;11265;11266;11274;11635;12630;12631;15107;18231,setup
668,g_chan[0].u_cdc_chw.mem[5][19]$_DFFE_PP_,clk_core,3.97,1.39,3583;3622;3698;3706;6215;7681;7717;7718;10896;11263;11265;11266;11274;11782;12630;12631;15107;18231,setup
669,g_chan[0].u_cdc_chw.mem[0][19]$_DFFE_PP_,clk_core,3.97,1.39,3583;3622;3698;3706;6215;7681;7717;7718;10896;11263;11265;11266;11274;11276;12630;12631;15107;18231,setup
670,g_chan[0].u_cdc_chw.mem[4][19]$_DFFE_PP_,clk_core,3.97,1.39,3583;3622;3698;3706;6218;7681;7717;7718;10896;11263;11265;11266;11274;11746;12630;12631;15107;18231,setup
671,g_chan[0].u_cdc_chw.mem[6][19]$_DFFE_PP_,clk_core,3.97,1.39,3583;3622;3698;3706;6190;7681;7717;7718;10896;11263;11265;11266;11274;11818;12630;12631;15107;18231,setup
672,g_chan[0].u_cdc_chw.mem[7][19]$_DFFE_PP_,clk_core,3.97,1.39,3583;3622;3698;3706;6190;7681;7717;7718;10896;11263;11265;11266;11274;11854;12630;12631;15107;18231,setup
673,g_chan[0].u_cdc_chw.mem[8][19]$_DFFE_PP_,clk_core,3.97,1.39,3583;3622;3698;3706;6222;7681;7717;7718;10896;11263;11265;11266;11274;11891;12630;12631;15107;18231,setup
674,g_chan[0].u_cdc_chw.mem[14][19]$_DFFE_PP_,clk_core,3.97,1.39,3583;3622;3698;3706;6222;7681;7717;7718;10896;11263;11265;11266;11274;12139;12630;12631;15107;18231,setup
675,g_chan[0].u_cdc_chw.mem[10][19]$_DFFE_PP_,clk_core,3.97,1.39,3583;3622;3698;3706;6218;7681;7717;7718;10896;11263;11265;11266;11274;11975;12630;12631;15107;18231,setup
676,g_chan[1].u_cdc_chw.mem[1][19]$_DFFE_PP_,clk_core,3.97,1.38,3618;3622;3698;3706;6808;7681;7717;7718;10896;11263;11265;11266;11274;12630;12631;14405;15107;18231,setup
677,g_chan[1].u_cdc_chw.mem[0][19]$_DFFE_PP_,clk_core,3.97,1.38,3618;3622;3698;3706;6808;7681;7717;7718;10896;11263;11265;11266;11274;12630;12631;14368;15107;18231,setup
678,g_chan[0].u_cdc_chw.mem[13][19]$_DFFE_PP_,clk_core,3.97,1.39,3583;3622;3698;3706;6222;7681;7717;7718;10896;11263;11265;11266;11274;12103;12630;12631;15107;18231,setup
679,g_chan[0].u_cdc_chw.mem[15][19]$_DFFE_PP_,clk_core,3.97,1.39,3583;3622;3698;3706;6218;7681;7717;7718;10896;11263;11265;11266;11274;12175;12630;12631;15107;18231,setup
680,g_chan[0].u_cdc_chw.mem[9][19]$_DFFE_PP_,clk_core,3.97,1.39,3583;3622;3698;3706;6218;7681;7717;7718;10896;11263;11265;11266;11274;11927;12630;12631;15107;18231,setup
681,g_chan[1].u_cdc_chw.mem[11][16]$_DFFE_PP_,clk_core,3.97,1.38,3618;3622;3698;3706;6791;7681;7717;7718;10896;11318;11319;11320;11329;12630;12631;14803;15113;18231,setup
682,g_chan[1].u_cdc_chw.mem[4][19]$_DFFE_PP_,clk_core,3.97,1.38,3618;3622;3698;3706;6808;7681;7717;7718;10896;11263;11265;11266;11274;12630;12631;14528;15107;18231,setup
683,g_chan[1].u_cdc_chw.mem[11][19]$_DFFE_PP_,clk_core,3.97,1.38,3618;3622;3698;3706;6791;7681;7717;7718;10896;11263;11265;11266;11274;12630;12631;14800;15107;18231,setup
684,g_chan[1].u_cdc_chw.mem[8][19]$_DFFE_PP_,clk_core,3.97,1.38,3618;3622;3698;3706;6791;7681;7717;7718;10896;11263;11265;11266;11274;12630;12631;14692;15107;18231,setup
685,u_dma_fabric.rbeat_data[11]$_DFFE_PN0P_,clk_core,3.97,1.38,3462;3466;3696;3706;5280;5373;5374;5379;5388;5389;5391;5917;7717;7718;12453;12461;12492;18231,setup
686,g_chan[1].u_cdc_chw.mem[3][16]$_DFFE_PP_,clk_core,3.97,1.39,3607;3622;3698;3706;6793;7681;7717;7718;10896;11318;11319;11320;11329;12630;12631;14482;15113;18231,setup
687,g_chan[1].u_cdc_chw.mem[2][16]$_DFFE_PP_,clk_core,3.97,1.39,3607;3622;3698;3706;6781;7681;7717;7718;10896;11318;11319;11320;11329;12630;12631;14445;15113;18231,setup
688,g_chan[1].u_cdc_chw.mem[4][16]$_DFFE_PP_,clk_core,3.97,1.38,3615;3622;3698;3706;6792;7681;7717;7718;10896;11318;11319;11320;11329;12630;12631;14534;15113;18231,setup
689,g_chan[1].u_cdc_chw.mem[0][16]$_DFFE_PP_,clk_core,3.97,1.39,3607;3622;3698;3706;6793;7681;7717;7718;10896;11318;11319;11320;11329;12630;12631;14371;15113;18231,setup
690,g_chan[1].u_cdc_chw.mem[1][16]$_DFFE_PP_,clk_core,3.98,1.39,3607;3622;3698;3706;6793;7681;7717;7718;10896;11318;11319;11320;11329;12630;12631;14408;15113;18231,setup
691,g_chan[1].u_cdc_chw.mem[5][16]$_DFFE_PP_,clk_core,3.98,1.38,3615;3622;3698;3706;6792;7681;7717;7718;10896;11318;11319;11320;11329;12630;12631;14586;15113;18231,setup
692,g_chan[1].u_cdc_chw.mem[2][19]$_DFFE_PP_,clk_core,3.98,1.38,3608;3622;3698;3706;6801;7681;7717;7718;10896;11263;11265;11266;11274;12630;12631;14442;15107;18231,setup
693,g_chan[1].u_cdc_chw.mem[9][16]$_DFFE_PP_,clk_core,3.98,1.38,3615;3622;3698;3706;6792;7681;7717;7718;10896;11318;11319;11320;11329;12630;12631;14731;15113;18231,setup
694,g_chan[1].u_cdc_chw.mem[8][16]$_DFFE_PP_,clk_core,3.98,1.38,3615;3622;3698;3706;6792;7681;7717;7718;10896;11318;11319;11320;11329;12630;12631;14695;15113;18231,setup
695,g_chan[1].u_cdc_chw.mem[5][19]$_DFFE_PP_,clk_core,3.98,1.38,3615;3622;3698;3706;6792;7681;7717;7718;10896;11263;11265;11266;11274;12630;12631;14583;15107;18231,setup
696,g_chan[1].u_cdc_chw.mem[6][19]$_DFFE_PP_,clk_core,3.98,1.38,3607;3622;3698;3706;6793;7681;7717;7718;10896;11263;11265;11266;11274;12630;12631;14619;15107;18231,setup
697,g_chan[1].u_cdc_chw.mem[6][16]$_DFFE_PP_,clk_core,3.98,1.38,3607;3622;3698;3706;6793;7681;7717;7718;10896;11318;11319;11320;11329;12630;12631;14622;15113;18231,setup
698,g_chan[1].u_cdc_chw.mem[3][19]$_DFFE_PP_,clk_core,3.98,1.38,3607;3622;3698;3706;6793;7681;7717;7718;10896;11263;11265;11266;11274;12630;12631;14479;15107;18231,setup
699,g_chan[1].u_cdc_chw.mem[7][16]$_DFFE_PP_,clk_core,3.98,1.38,3607;3622;3698;3706;6793;7681;7717;7718;10896;11318;11319;11320;11329;12630;12631;14658;15113;18231,setup
700,g_chan[1].u_cdc_chw.mem[7][19]$_DFFE_PP_,clk_core,3.98,1.38,3607;3622;3698;3706;6793;7681;7717;7718;10896;11263;11265;11266;11274;12630;12631;14655;15107;18231,setup
701,g_chan[1].u_cdc_chw.mem[9][19]$_DFFE_PP_,clk_core,3.98,1.38,3615;3622;3698;3706;6789;7681;7717;7718;10896;11263;11265;11266;11274;12630;12631;14728;15107;18231,setup
702,c_cmd_opcode[5]$_DFFE_PN0N_,clk_core,3.98,1.39,1282;1283;1291;1292;7704;7705;7715;9547;10851;11131;11293;11330;28097;28098;28099;28100;28101;28102;28103;28104,setup
703,c_cmd_addr[19]$_DFFE_PN0N_,clk_core,3.98,1.39,876;877;881;889;890;7705;7715;9547;10316;10802;11059;11072;28097;28098;28099;28100;28101;28102;28103;28104,setup
704,c_cmd_addr[14]$_DFFE_PN0N_,clk_core,3.99,1.38,965;966;970;978;979;7705;7709;7715;9547;10316;10802;11059;11072;28097;28098;28099;28100;28101;28102;28103;28104,setup
705,u_dma_fabric.rbeat_data[31]$_DFFE_PN0P_,clk_core,3.99,1.36,3462;3472;3696;3706;5282;5917;7717;7718;12411;12415;12417;17889;17890;17894;17895;17896;17897;18231,setup
706,u_dma_fabric.rbeat_data[25]$_DFFE_PN0P_,clk_core,3.99,1.36,3462;3472;3696;3706;4876;4877;4878;4879;4880;4881;5282;5917;7717;7718;12411;12415;12417;18231,setup
707,c_cmd_len[12]$_DFFE_PN0N_,clk_core,3.99,1.38,435;437;441;449;450;7705;7708;7715;9547;10316;10802;11059;11232;28097;28098;28099;28100;28101;28102;28103;28104,setup
708,c_cmd_len[25]$_DFFE_PN0N_,clk_core,4.0,1.38,204;205;210;219;220;7705;7708;7715;9547;10316;10802;11059;11232;28097;28098;28099;28100;28101;28102;28103;28104,setup
709,u_dma_fabric.rbeat_data[22]$_DFFE_PN0P_,clk_core,4.0,1.35,3462;3472;3696;3706;4987;4988;4989;4990;4991;4992;5341;5917;7717;7718;12415;12417;12421;18231,setup
710,u_dma_fabric.rbeat_data[9]$_DFFE_PN0P_,clk_core,4.01,1.34,3462;3696;3706;5459;5461;5462;5463;5464;5465;5824;5917;7717;7718;12411;12415;12417;18231,setup
711,u_dma_fabric.rbeat_data[15]$_DFFE_PN0P_,clk_core,4.01,1.34,3462;3696;3706;5237;5239;5240;5241;5242;5243;5917;7717;7718;12411;12415;12417;18231,setup
712,u_dma_fabric.rbeat_data[6]$_DFFE_PN0P_,clk_core,4.01,1.34,3462;3472;3696;3706;5282;5553;5554;5559;5567;5568;5569;5917;7717;7718;12415;12417;12421;18231,setup
713,u_dma_fabric.rbeat_data[24]$_DFFE_PN0P_,clk_core,4.01,1.34,3462;3472;3696;3706;4905;4906;4907;4915;4916;4917;5282;5917;7717;7718;12415;12417;12421;18231,setup
714,c_cmd_len[6]$_DFFE_PN0N_,clk_core,4.01,1.35,540;544;552;553;7704;7709;7715;9547;10851;11293;11322;11330;28097;28098;28099;28100;28101;28102;28103;28104,setup
715,g_chan[1].u_cdc_chw.mem[10][24]$_DFFE_PP_,clk_core,4.02,1.33,3610;3622;3698;3706;6857;7681;7717;7718;10799;11167;11168;11172;11180;13275;13277;14758;18231,setup
716,g_chan[1].u_cdc_chw.mem[11][24]$_DFFE_PP_,clk_core,4.02,1.33,3610;3622;3698;3706;6857;7681;7717;7718;10799;11167;11168;11172;11180;13275;13277;14794;18231,setup
717,g_chan[1].u_cdc_chw.mem[9][24]$_DFFE_PP_,clk_core,4.02,1.33,3610;3622;3698;3706;6857;7681;7717;7718;10799;11167;11168;11172;11180;13275;13277;14722;18231,setup
718,g_chan[1].u_cdc_chw.mem[15][24]$_DFFE_PP_,clk_core,4.02,1.33,3610;3622;3698;3706;6859;7681;7717;7718;10799;11167;11168;11172;11180;13275;13277;14939;18231,setup
719,g_chan[1].u_cdc_chw.mem[8][24]$_DFFE_PP_,clk_core,4.02,1.33,3610;3622;3698;3706;6857;7681;7717;7718;10799;11167;11168;11172;11180;13275;13277;14686;18231,setup
720,g_chan[1].u_cdc_chw.mem[14][24]$_DFFE_PP_,clk_core,4.02,1.33,3610;3622;3698;3706;6859;7681;7717;7718;10799;11167;11168;11172;11180;13275;13277;14903;18231,setup
721,g_chan[1].u_cdc_chw.mem[7][24]$_DFFE_PP_,clk_core,4.02,1.33,3622;3698;3706;6856;7681;7717;7718;10799;11167;11168;11172;11180;13275;13277;14649;18231,setup
722,g_chan[1].u_cdc_chw.mem[6][24]$_DFFE_PP_,clk_core,4.02,1.33,3622;3698;3706;6856;7681;7717;7718;10799;11167;11168;11172;11180;13275;13277;14613;18231,setup
723,g_chan[1].u_cdc_chw.mem[12][24]$_DFFE_PP_,clk_core,4.02,1.33,3619;3622;3698;3706;6864;7681;7717;7718;10799;11167;11168;11172;11180;13275;13277;14831;18231,setup
724,g_chan[1].u_cdc_chw.mem[13][24]$_DFFE_PP_,clk_core,4.02,1.33,3619;3622;3698;3706;6864;7681;7717;7718;10799;11167;11168;11172;11180;13275;13277;14867;18231,setup
725,g_chan[1].u_cdc_chw.mem[4][24]$_DFFE_PP_,clk_core,4.02,1.33,3619;3622;3698;3706;6850;7681;7717;7718;10799;11167;11168;11172;11180;13275;13277;14517;18231,setup
726,g_chan[1].u_cdc_chw.mem[3][24]$_DFFE_PP_,clk_core,4.02,1.33,3619;3622;3698;3706;6850;7681;7717;7718;10799;11167;11168;11172;11180;13275;13277;14473;18231,setup
727,g_chan[1].u_cdc_chw.mem[1][24]$_DFFE_PP_,clk_core,4.02,1.33,3619;3622;3698;3706;6844;7681;7717;7718;10799;11167;11168;11172;11180;13275;13277;14399;18231,setup
728,g_chan[1].u_cdc_chw.mem[2][24]$_DFFE_PP_,clk_core,4.02,1.33,3619;3622;3698;3706;6850;7681;7717;7718;10799;11167;11168;11172;11180;13275;13277;14436;18231,setup
729,g_chan[1].u_cdc_chw.mem[5][24]$_DFFE_PP_,clk_core,4.02,1.33,3619;3622;3698;3706;6850;7681;7717;7718;10799;11167;11168;11172;11180;13275;13277;14577;18231,setup
730,g_chan[1].u_cdc_chw.mem[0][24]$_DFFE_PP_,clk_core,4.02,1.33,3619;3622;3698;3706;6844;7681;7717;7718;10799;11167;11168;11172;11180;13275;13277;14362;18231,setup
731,g_chan[0].u_cdc_chw.mem[13][22]$_DFFE_PP_,clk_core,4.02,1.33,3603;3622;3698;3706;6237;7681;7717;7718;11214;11215;11216;12099;12653;12664;13256;15101;18231,setup
732,g_chan[0].u_cdc_chw.mem[0][22]$_DFFE_PP_,clk_core,4.02,1.33,3603;3622;3698;3706;6239;7681;7717;7718;11214;11215;11216;11218;12653;12664;13256;15101;18231,setup
733,g_chan[0].u_cdc_chw.mem[9][22]$_DFFE_PP_,clk_core,4.02,1.33,3603;3622;3698;3706;6239;7681;7717;7718;11214;11215;11216;11923;12653;12664;13256;15101;18231,setup
734,g_chan[0].u_cdc_chw.mem[12][22]$_DFFE_PP_,clk_core,4.02,1.33,3603;3622;3698;3706;6237;7681;7717;7718;11214;11215;11216;12063;12653;12664;13256;15101;18231,setup
735,g_chan[0].u_cdc_chw.mem[1][22]$_DFFE_PP_,clk_core,4.02,1.33,3603;3622;3698;3706;6239;7681;7717;7718;11214;11215;11216;11631;12653;12664;13256;15101;18231,setup
736,g_chan[0].u_cdc_chw.mem[3][22]$_DFFE_PP_,clk_core,4.02,1.33,3603;3622;3698;3706;6239;7681;7717;7718;11214;11215;11216;11705;12653;12664;13256;15101;18231,setup
737,g_chan[0].u_cdc_chw.mem[2][22]$_DFFE_PP_,clk_core,4.03,1.33,3603;3622;3698;3706;6239;7681;7717;7718;11214;11215;11216;11668;12653;12664;13256;15101;18231,setup
738,g_chan[0].u_cdc_chw.mem[10][22]$_DFFE_PP_,clk_core,4.03,1.33,3603;3622;3698;3706;6239;7681;7717;7718;11214;11215;11216;11968;12653;12664;13256;15101;18231,setup
739,g_chan[0].u_cdc_chw.mem[8][22]$_DFFE_PP_,clk_core,4.03,1.33,3603;3622;3698;3706;6239;7681;7717;7718;11214;11215;11216;11887;12653;12664;13256;15101;18231,setup
740,c_cmd_addr[0]$_DFFE_PN0N_,clk_core,4.03,1.34,1220;1224;1225;1226;7704;7705;7715;9547;10851;11293;11322;11330;28097;28098;28099;28100;28101;28102;28103;28104,setup
741,g_chan[0].u_cdc_chw.mem[14][22]$_DFFE_PP_,clk_core,4.03,1.33,3603;3622;3698;3706;6225;7681;7717;7718;11214;11215;11216;12135;12653;12664;13256;15101;18231,setup
742,g_chan[0].u_cdc_chw.mem[15][22]$_DFFE_PP_,clk_core,4.03,1.33,3603;3622;3698;3706;6225;7681;7717;7718;11214;11215;11216;12171;12653;12664;13256;15101;18231,setup
743,u_dma_fabric.rbeat_data[28]$_DFFE_PN0P_,clk_core,4.03,1.32,3462;3472;3696;3706;4770;4771;4772;4773;4774;5343;5917;7717;7718;12425;12463;12467;18231,setup
744,g_chan[0].u_cdc_chw.mem[11][22]$_DFFE_PP_,clk_core,4.03,1.33,3604;3622;3698;3706;6243;7681;7717;7718;11214;11215;11216;12026;12653;12664;13256;15101;18231,setup
745,g_chan[0].u_cdc_chw.mem[7][22]$_DFFE_PP_,clk_core,4.03,1.33,3604;3622;3698;3706;6241;7681;7717;7718;11214;11215;11216;11850;12653;12664;13256;15101;18231,setup
746,g_chan[0].u_cdc_chw.mem[4][22]$_DFFE_PP_,clk_core,4.03,1.33,3604;3622;3698;3706;6241;7681;7717;7718;11214;11215;11216;11742;12653;12664;13256;15101;18231,setup
747,g_chan[0].u_cdc_chw.mem[6][22]$_DFFE_PP_,clk_core,4.03,1.33,3604;3622;3698;3706;6241;7681;7717;7718;11214;11215;11216;11814;12653;12664;13256;15101;18231,setup
748,g_chan[0].u_cdc_chw.mem[5][22]$_DFFE_PP_,clk_core,4.03,1.33,3604;3622;3698;3706;6241;7681;7717;7718;11214;11215;11216;11778;12653;12664;13256;15101;18231,setup
749,u_dma_fabric.rbeat_data[2]$_DFFE_PN0P_,clk_core,4.03,1.33,3462;3532;3696;3706;5355;5699;5700;5701;5702;5703;5917;7717;7718;12425;12463;12467;18231,setup
750,g_chan[1].u_cdc_chw.mem[2][22]$_DFFE_PP_,clk_core,4.03,1.32,3618;3622;3698;3706;6818;7681;7717;7718;11214;11215;11216;12653;12664;13256;14438;15101;18231,setup
751,g_chan[1].u_cdc_chw.mem[5][22]$_DFFE_PP_,clk_core,4.03,1.32,3618;3622;3698;3706;6818;7681;7717;7718;11214;11215;11216;12653;12664;13256;14579;15101;18231,setup
752,g_chan[1].u_cdc_chw.mem[4][22]$_DFFE_PP_,clk_core,4.03,1.32,3618;3622;3698;3706;6818;7681;7717;7718;11214;11215;11216;12653;12664;13256;14521;15101;18231,setup
753,g_chan[1].u_cdc_chw.mem[7][22]$_DFFE_PP_,clk_core,4.03,1.32,3618;3622;3698;3706;6808;7681;7717;7718;11214;11215;11216;12653;12664;13256;14651;15101;18231,setup
754,g_chan[1].u_cdc_chw.mem[3][22]$_DFFE_PP_,clk_core,4.03,1.32,3618;3622;3698;3706;6808;7681;7717;7718;11214;11215;11216;12653;12664;13256;14475;15101;18231,setup
755,c_cmd_len[3]$_DFFE_PN0N_,clk_core,4.03,1.34,599;606;608;610;7704;7707;7715;9547;10851;11293;11322;11330;28097;28098;28099;28100;28101;28102;28103;28104,setup
756,g_chan[0].u_cdc_chw.mem[4][18]$_DFFE_PP_,clk_core,4.03,1.32,3603;3622;3698;3706;6248;7681;7717;7718;11279;11283;11292;11747;12653;12664;13256;15109;18231,setup
757,g_chan[0].u_cdc_chw.mem[5][18]$_DFFE_PP_,clk_core,4.03,1.32,3603;3622;3698;3706;6248;7681;7717;7718;11279;11283;11292;11783;12653;12664;13256;15109;18231,setup
758,g_chan[1].u_cdc_chw.mem[11][22]$_DFFE_PP_,clk_core,4.04,1.32,3618;3622;3698;3706;6831;7681;7717;7718;11214;11215;11216;12653;12664;13256;14796;15101;18231,setup
759,g_chan[1].u_cdc_chw.mem[0][22]$_DFFE_PP_,clk_core,4.04,1.32,3618;3622;3698;3706;6820;7681;7717;7718;11214;11215;11216;12653;12664;13256;14364;15101;18231,setup
760,g_chan[1].u_cdc_chw.mem[1][22]$_DFFE_PP_,clk_core,4.04,1.31,3618;3622;3698;3706;6825;7681;7717;7718;11214;11215;11216;12653;12664;13256;14401;15101;18231,setup
761,g_chan[0].u_cdc_chw.mem[14][18]$_DFFE_PP_,clk_core,4.04,1.32,3604;3622;3698;3706;6254;7681;7717;7718;11279;11283;11292;12140;12653;12664;13256;15109;18231,setup
762,g_chan[0].u_cdc_chw.mem[7][18]$_DFFE_PP_,clk_core,4.04,1.32,3604;3622;3698;3706;6252;7681;7717;7718;11279;11283;11292;11855;12653;12664;13256;15109;18231,setup
763,g_chan[0].u_cdc_chw.mem[6][18]$_DFFE_PP_,clk_core,4.04,1.32,3604;3622;3698;3706;6252;7681;7717;7718;11279;11283;11292;11819;12653;12664;13256;15109;18231,setup
764,g_chan[0].u_cdc_chw.mem[3][18]$_DFFE_PP_,clk_core,4.04,1.32,3604;3622;3698;3706;6254;7681;7717;7718;11279;11283;11292;11710;12653;12664;13256;15109;18231,setup
765,g_chan[1].u_cdc_chw.mem[10][25]$_DFFE_PP_,clk_core,4.04,1.32,3619;3622;3698;3706;6864;7681;7717;7718;10799;11155;11157;11161;11162;13275;13277;14757;18231,setup
766,g_chan[0].u_cdc_chw.mem[11][18]$_DFFE_PP_,clk_core,4.04,1.32,3604;3622;3698;3706;6254;7681;7717;7718;11279;11283;11292;12031;12653;12664;13256;15109;18231,setup
767,g_chan[0].u_cdc_chw.mem[12][18]$_DFFE_PP_,clk_core,4.04,1.32,3604;3622;3698;3706;6254;7681;7717;7718;11279;11283;11292;12068;12653;12664;13256;15109;18231,setup
768,g_chan[0].u_cdc_chw.mem[9][18]$_DFFE_PP_,clk_core,4.04,1.32,3604;3622;3698;3706;6260;7681;7717;7718;11279;11283;11292;11928;12653;12664;13256;15109;18231,setup
769,g_chan[1].u_cdc_chw.mem[7][25]$_DFFE_PP_,clk_core,4.04,1.32,3619;3622;3698;3706;6840;7681;7717;7718;10799;11155;11157;11161;11162;13275;13277;14648;18231,setup
770,g_chan[0].u_cdc_chw.mem[15][18]$_DFFE_PP_,clk_core,4.04,1.32,3604;3622;3698;3706;6254;7681;7717;7718;11279;11283;11292;12176;12653;12664;13256;15109;18231,setup
771,g_chan[0].u_cdc_chw.mem[13][18]$_DFFE_PP_,clk_core,4.04,1.32,3604;3622;3698;3706;6254;7681;7717;7718;11279;11283;11292;12104;12653;12664;13256;15109;18231,setup
772,u_dma_fabric.rbeat_data[21]$_DFFE_PN0P_,clk_core,4.04,1.31,3466;3627;3696;3700;3706;4995;4996;5000;5009;5027;5029;5177;5280;7717;7718;12469;12472;12474;12551;18231,setup
773,c_cmd_addr[25]$_DFFE_PN0N_,clk_core,4.04,1.33,779;781;783;785;787;7705;7715;9547;10316;11089;11111;28097;28098;28099;28100;28101;28102;28103;28104,setup
774,g_chan[1].u_cdc_chw.mem[3][25]$_DFFE_PP_,clk_core,4.04,1.32,3619;3622;3698;3706;6837;7681;7717;7718;10799;11155;11157;11161;11162;13275;13277;14472;18231,setup
775,g_chan[0].u_cdc_chw.mem[2][18]$_DFFE_PP_,clk_core,4.04,1.32,3604;3622;3698;3706;6254;7681;7717;7718;11279;11283;11292;11673;12653;12664;13256;15109;18231,setup
776,g_chan[1].u_cdc_chw.mem[0][25]$_DFFE_PP_,clk_core,4.04,1.32,3619;3622;3698;3706;6837;7681;7717;7718;10799;11155;11157;11161;11162;13275;13277;14361;18231,setup
777,g_chan[1].u_cdc_chw.mem[2][25]$_DFFE_PP_,clk_core,4.04,1.32,3619;3622;3698;3706;6837;7681;7717;7718;10799;11155;11157;11161;11162;13275;13277;14435;18231,setup
778,g_chan[1].u_cdc_chw.mem[4][25]$_DFFE_PP_,clk_core,4.04,1.32,3619;3622;3698;3706;6844;7681;7717;7718;10799;11155;11157;11161;11162;13275;13277;14515;18231,setup
779,g_chan[1].u_cdc_chw.mem[5][25]$_DFFE_PP_,clk_core,4.04,1.32,3619;3622;3698;3706;6840;7681;7717;7718;10799;11155;11157;11161;11162;13275;13277;14576;18231,setup
780,g_chan[1].u_cdc_chw.mem[9][25]$_DFFE_PP_,clk_core,4.04,1.32,3619;3622;3698;3706;6837;7681;7717;7718;10799;11155;11157;11161;11162;13275;13277;14721;18231,setup
781,g_chan[0].u_cdc_chw.mem[10][18]$_DFFE_PP_,clk_core,4.04,1.32,3604;3622;3698;3706;6260;7681;7717;7718;11279;11283;11292;11977;12653;12664;13256;15109;18231,setup
782,g_chan[1].u_cdc_chw.mem[11][25]$_DFFE_PP_,clk_core,4.04,1.32,3619;3622;3698;3706;6867;7681;7717;7718;10799;11155;11157;11161;11162;13275;13277;14793;18231,setup
783,g_chan[1].u_cdc_chw.mem[6][25]$_DFFE_PP_,clk_core,4.04,1.32,3619;3622;3698;3706;6844;7681;7717;7718;10799;11155;11157;11161;11162;13275;13277;14612;18231,setup
784,g_chan[0].u_cdc_chw.mem[0][18]$_DFFE_PP_,clk_core,4.04,1.32,3604;3622;3698;3706;6257;7681;7717;7718;11279;11283;11292;11294;12653;12664;13256;15109;18231,setup
785,g_chan[0].u_cdc_chw.mem[8][18]$_DFFE_PP_,clk_core,4.04,1.32,3604;3622;3698;3706;6260;7681;7717;7718;11279;11283;11292;11892;12653;12664;13256;15109;18231,setup
786,g_chan[1].u_cdc_chw.mem[6][22]$_DFFE_PP_,clk_core,4.04,1.32,3608;3622;3698;3706;6811;7681;7717;7718;11214;11215;11216;12653;12664;13256;14615;15101;18231,setup
787,g_chan[0].u_cdc_chw.mem[1][18]$_DFFE_PP_,clk_core,4.04,1.32,3604;3622;3698;3706;6260;7681;7717;7718;11279;11283;11292;11636;12653;12664;13256;15109;18231,setup
788,g_chan[1].u_cdc_chw.mem[10][12]$_DFFE_PP_,clk_core,4.04,1.31,3468;3622;3696;3698;3706;7244;7681;7717;7718;10896;11387;11389;11394;11402;12630;12631;14771;18231,setup
789,g_chan[1].u_cdc_chw.mem[11][12]$_DFFE_PP_,clk_core,4.04,1.31,3468;3622;3696;3698;3706;7244;7681;7717;7718;10896;11387;11389;11394;11402;12630;12631;14807;18231,setup
790,c_cmd_addr[24]$_DFFE_PN0N_,clk_core,4.04,1.32,798;800;801;802;803;7705;7715;9547;10316;11089;11111;28097;28098;28099;28100;28101;28102;28103;28104,setup
791,g_chan[1].u_cdc_chw.mem[12][12]$_DFFE_PP_,clk_core,4.04,1.31,3468;3622;3696;3698;3706;7245;7681;7717;7718;10896;11387;11389;11394;11402;12630;12631;14844;18231,setup
792,g_chan[1].u_cdc_chw.mem[13][12]$_DFFE_PP_,clk_core,4.04,1.31,3468;3622;3696;3698;3706;7245;7681;7717;7718;10896;11387;11389;11394;11402;12630;12631;14880;18231,setup
793,g_chan[1].u_cdc_chw.mem[14][12]$_DFFE_PP_,clk_core,4.05,1.31,3498;3622;3696;3698;3706;7221;7681;7717;7718;10896;11387;11389;11394;11402;12630;12631;14916;18231,setup
794,g_chan[1].u_cdc_chw.mem[15][12]$_DFFE_PP_,clk_core,4.05,1.31,3498;3622;3696;3698;3706;7221;7681;7717;7718;10896;11387;11389;11394;11402;12630;12631;14952;18231,setup
795,c_cmd_addr[12]$_DFFE_PN0N_,clk_core,4.05,1.32,1005;1007;1011;1012;1013;7705;7715;9547;10316;11089;11111;28097;28098;28099;28100;28101;28102;28103;28104,setup
796,u_dma_fabric.rbeat_data[1]$_DFFE_PN0P_,clk_core,4.05,1.31,3462;3532;3696;3706;5355;5724;5725;5726;5734;5735;5736;5917;7717;7718;12461;12465;18231,setup
797,g_chan[1].u_cdc_chw.mem[8][18]$_DFFE_PP_,clk_core,4.05,1.31,3610;3622;3698;3706;6857;7681;7717;7718;11279;11283;11292;12653;12664;13256;14693;15109;18231,setup
798,g_chan[1].u_cdc_chw.mem[9][18]$_DFFE_PP_,clk_core,4.05,1.31,3622;3698;3706;6856;7681;7717;7718;11279;11283;11292;12653;12664;13256;14729;15109;18231,setup
799,g_chan[1].u_cdc_chw.mem[13][18]$_DFFE_PP_,clk_core,4.05,1.31,3610;3622;3698;3706;6861;7681;7717;7718;11279;11283;11292;12653;12664;13256;14874;15109;18231,setup
800,g_chan[1].u_cdc_chw.mem[10][18]$_DFFE_PP_,clk_core,4.05,1.31,3619;3622;3698;3706;6864;7681;7717;7718;11279;11283;11292;12653;12664;13256;14765;15109;18231,setup
801,u_host_if.reg_len[9]$_DFFE_PN0P_,clk_host,6.54,3.71,2169;4209;4211;4212;4376;4377;4447;4493;9330;9861;15265;16046;16528;16553;17565,setup
802,u_host_if.reg_len[11]$_DFFE_PN0P_,clk_host,6.54,3.71,2169;4209;4211;4212;4376;4377;4447;4488;9330;9861;15265;16435;16528;16553;17565,setup
803,u_host_if.reg_len[3]$_DFFE_PN0P_,clk_host,6.54,3.7,2169;4209;4211;4212;4376;4377;4447;4505;9307;9861;11461;15265;16528;16578;17565,setup
804,u_host_if.reg_len[7]$_DFFE_PN0P_,clk_host,6.54,3.71,2169;4209;4211;4212;4376;4377;4447;4497;9326;9861;15265;16233;16528;16553;17565,setup
805,u_host_if.reg_len[5]$_DFFE_PN0P_,clk_host,6.54,3.71,2169;4209;4211;4212;4376;4377;4447;4501;9326;9861;15265;16404;16528;16553;17565,setup
806,u_host_if.reg_len[10]$_DFFE_PN0P_,clk_host,6.54,3.71,2169;4209;4211;4212;4376;4377;4447;4491;9328;9861;15265;16412;16528;16553;17565,setup
807,u_host_if.reg_len[8]$_DFFE_PN0P_,clk_host,6.54,3.7,2169;4209;4211;4212;4376;4377;4447;4495;9326;9861;15265;15475;16528;16553;17565,setup
808,u_host_if.reg_len[2]$_DFFE_PN0P_,clk_host,6.54,3.7,2169;4209;4211;4212;4376;4377;4447;4507;9326;9861;15265;15475;16528;16553;17565,setup
809,u_host_if.reg_len[4]$_DFFE_PN0P_,clk_host,6.54,3.71,2169;4209;4211;4212;4376;4377;4447;4503;9328;9861;15265;16412;16528;16553;17565,setup
810,u_host_if.reg_len[1]$_DFFE_PN0P_,clk_host,6.54,3.7,2169;4209;4211;4212;4376;4377;4447;4509;9307;9861;12360;15265;16528;16578;17565,setup
811,u_host_if.reg_len[27]$_DFFE_PN0P_,clk_host,6.54,3.7,2169;4209;4211;4212;4376;4377;4447;4455;9861;15265;16420;16528;16553;16648;17565,setup
812,u_host_if.reg_len[6]$_DFFE_PN0P_,clk_host,6.54,3.7,2169;4209;4211;4212;4376;4377;4447;4499;9328;9861;15265;16339;16528;16553;17565,setup
813,u_host_if.reg_len[0]$_DFFE_PN0P_,clk_host,6.55,3.7,2169;4209;4211;4212;4376;4377;4447;4511;9307;9861;12450;15265;16528;16578;17565,setup
814,u_host_if.reg_len[26]$_DFFE_PN0P_,clk_host,6.55,3.7,2169;4209;4211;4212;4376;4377;4447;4457;9861;15265;16420;16528;16553;16648;17565,setup
815,u_host_if.reg_len[29]$_DFFE_PN0P_,clk_host,6.55,3.7,2169;4209;4211;4212;4376;4377;4447;4451;9861;15265;16481;16528;16553;16648;17565,setup
816,u_host_if.repack_q[1]$_DFFE_PN0P_,clk_host,6.55,3.69,2169;4209;4211;4212;4376;4377;4380;4443;9300;9876;14338;15232;16528;16600;17565,setup
817,u_host_if.repack_q[9]$_DFFE_PN0P_,clk_host,6.55,3.69,2169;4209;4211;4212;4376;4377;4380;4427;9300;9876;13665;15232;16528;16600;17565,setup
818,u_host_if.repack_q[2]$_DFFE_PN0P_,clk_host,6.55,3.69,2169;4209;4211;4212;4376;4377;4380;4441;9300;9876;14366;15232;16528;16600;17565,setup
819,u_host_if.repack_q[7]$_DFFE_PN0P_,clk_host,6.55,3.69,2169;4209;4211;4212;4376;4377;4380;4431;9300;9876;14366;15232;16528;16600;17565,setup
820,u_host_if.repack_q[5]$_DFFE_PN0P_,clk_host,6.55,3.69,2169;4209;4211;4212;4376;4377;4380;4435;9300;9876;14366;15232;16528;16600;17565,setup
821,u_host_if.reg_len[30]$_DFFE_PN0P_,clk_host,6.55,3.7,2169;4209;4211;4212;4376;4377;4447;4449;9315;9336;9861;15265;16528;16578;17565,setup
822,u_host_if.repack_q[8]$_DFFE_PN0P_,clk_host,6.55,3.69,2169;4209;4211;4212;4376;4377;4380;4429;9300;9876;14366;15232;16528;16600;17565,setup
823,u_host_if.repack_q[11]$_DFFE_PN0P_,clk_host,6.55,3.69,2169;4209;4211;4212;4376;4377;4380;4423;9300;9876;14366;15232;16528;16600;17565,setup
824,u_host_if.repack_q[13]$_DFFE_PN0P_,clk_host,6.55,3.68,2169;4209;4211;4212;4376;4377;4380;4418;9300;9876;12309;15232;16528;16600;17565,setup
825,u_host_if.repack_q[6]$_DFFE_PN0P_,clk_host,6.55,3.69,2169;4209;4211;4212;4376;4377;4380;4433;9300;9876;14366;15232;16528;16600;17565,setup
826,u_host_if.reg_len[28]$_DFFE_PN0P_,clk_host,6.55,3.7,2169;4209;4211;4212;4376;4377;4447;4453;9328;9358;9861;15265;16528;16553;17565,setup
827,u_host_if.reg_len[14]$_DFFE_PN0P_,clk_host,6.55,3.69,2169;4209;4211;4212;4376;4377;4447;4482;9311;9861;11988;15265;16528;16578;17565,setup
828,u_host_if.reg_len[20]$_DFFE_PN0P_,clk_host,6.55,3.69,2169;4209;4211;4212;4376;4377;4447;4470;9317;9861;11517;15265;16528;16578;17565,setup
829,u_host_if.reg_len[31]$_DFFE_PN0P_,clk_host,6.55,3.69,2169;4209;4211;4212;4376;4377;4447;9317;9861;11517;15265;16528;16578;17565;17834,setup
830,u_host_if.reg_len[21]$_DFFE_PN0P_,clk_host,6.55,3.69,2169;4209;4211;4212;4376;4377;4447;4467;9317;9861;11517;15265;16528;16578;17565,setup
831,u_host_if.reg_len[13]$_DFFE_PN0P_,clk_host,6.55,3.69,2169;4209;4211;4212;4376;4377;4447;4484;9315;9861;11532;15265;16528;16578;17565,setup
832,u_host_if.repack_q[4]$_DFFE_PN0P_,clk_host,6.56,3.69,2169;4209;4211;4212;4376;4377;4380;4437;9302;9876;14392;15232;16528;16600;17565,setup
833,u_host_if.repack_q[15]$_DFFE_PN0P_,clk_host,6.56,3.68,2169;4209;4211;4212;4376;4377;4380;4414;9302;9876;14392;15232;16528;16600;17565,setup
834,u_host_if.repack_q[3]$_DFFE_PN0P_,clk_host,6.56,3.68,2169;4209;4211;4212;4376;4377;4380;4439;9302;9876;12298;15232;16528;16600;17565,setup
835,u_host_if.repack_q[12]$_DFFE_PN0P_,clk_host,6.56,3.68,2169;4209;4211;4212;4376;4377;4380;4420;9302;9876;12298;15232;16528;16600;17565,setup
836,u_host_if.repack_q[10]$_DFFE_PN0P_,clk_host,6.56,3.68,2169;4209;4211;4212;4376;4377;4380;4425;9302;9876;12298;15232;16528;16600;17565,setup
837,u_host_if.repack_q[16]$_DFFE_PN0P_,clk_host,6.56,3.68,2169;4209;4211;4212;4376;4377;4380;4412;9302;9876;14392;15232;16528;16600;17565,setup
838,u_host_if.repack_q[19]$_DFFE_PN0P_,clk_host,6.56,3.68,2169;4209;4211;4212;4376;4377;4380;4406;9302;9876;14503;15232;16528;16600;17565,setup
839,u_host_if.reg_addr[27]$_DFFE_PN0P_,clk_host,6.56,3.68,2169;4209;4211;4212;4213;4221;13928;13975;16462;16528;16553;16648;17565,setup
840,u_host_if.reg_addr[26]$_DFFE_PN0P_,clk_host,6.56,3.68,2169;4209;4211;4212;4213;4223;13928;13975;16466;16528;16553;16648;17565,setup
841,u_host_if.reg_addr[28]$_DFFE_PN0P_,clk_host,6.56,3.68,2169;4209;4211;4212;4213;4219;13928;13975;16454;16528;16553;16648;17565,setup
842,u_host_if.reg_addr[10]$_DFFE_PN0P_,clk_host,6.56,3.68,2169;4209;4211;4212;4213;4257;9330;13928;13975;16450;16528;16553;17565,setup
843,u_host_if.reg_addr[30]$_DFFE_PN0P_,clk_host,6.56,3.68,2169;4209;4211;4212;4213;4215;9330;13928;13975;16450;16528;16553;17565,setup
844,u_host_if.reg_addr[29]$_DFFE_PN0P_,clk_host,6.56,3.68,2169;4209;4211;4212;4213;4217;13928;13975;16458;16528;16553;16648;17565,setup
845,u_host_if.reg_addr[11]$_DFFE_PN0P_,clk_host,6.56,3.68,2169;4209;4211;4212;4213;4254;9330;13928;13975;15951;16528;16553;17565,setup
846,u_host_if.reg_addr[4]$_DFFE_PN0P_,clk_host,6.56,3.68,2169;4209;4211;4212;4213;4269;9325;13928;13975;15929;16528;16553;17565,setup
847,u_host_if.reg_addr[9]$_DFFE_PN0P_,clk_host,6.57,3.68,2169;4209;4211;4212;4213;4259;9330;13928;13975;16024;16528;16553;17565,setup
848,u_host_if.reg_addr[3]$_DFFE_PN0P_,clk_host,6.57,3.68,2169;4209;4211;4212;4213;4271;9325;13928;13975;15895;16528;16553;17565,setup
849,u_host_if.reg_addr[7]$_DFFE_PN0P_,clk_host,6.57,3.68,2169;4209;4211;4212;4213;4263;9325;13928;13975;16109;16528;16553;17565,setup
850,u_host_if.reg_addr[5]$_DFFE_PN0P_,clk_host,6.57,3.68,2169;4209;4211;4212;4213;4267;9325;13928;13975;16193;16528;16553;17565,setup
851,u_host_if.reg_addr[6]$_DFFE_PN0P_,clk_host,6.57,3.68,2169;4209;4211;4212;4213;4265;9321;13928;13975;16171;16528;16553;17565,setup
852,u_host_if.reg_addr[8]$_DFFE_PN0P_,clk_host,6.57,3.68,2169;4209;4211;4212;4213;4261;9321;13928;13975;16171;16528;16553;17565,setup
853,u_host_if.reg_addr[2]$_DFFE_PN0P_,clk_host,6.57,3.67,2169;4209;4211;4212;4213;4273;9321;13928;13975;16277;16528;16553;17565,setup
854,u_host_if.reg_addr[1]$_DFFE_PN0P_,clk_host,6.58,3.67,2169;4209;4211;4212;4213;4276;9305;12423;13928;13975;16528;16578;17565,setup
855,u_host_if.reg_addr[0]$_DFFE_PN0P_,clk_host,6.58,3.67,2169;4209;4211;4212;4213;4278;9321;12430;13928;13975;16528;16553;17565,setup
856,u_host_if.reg_addr[13]$_DFFE_PN0P_,clk_host,6.59,3.66,2169;4209;4211;4212;4213;4250;9307;12390;13928;13975;16528;16578;17565,setup
857,s_rdata[9],clk_host,6.59,0.41,9273;15069;16528;16624;16730,setup
858,s_rdata[10],clk_host,6.59,0.41,9273;15080;16528;16624;17016,setup
859,s_rdata[12],clk_host,6.59,0.41,9273;15069;16528;16624;17012,setup
860,s_rdata[18],clk_host,6.59,0.41,9273;15080;16528;16624;16987,setup
861,s_rdata[19],clk_host,6.59,0.41,9273;15080;16528;16624;16976,setup
862,s_rdata[11],clk_host,6.59,0.41,9273;15080;16528;16624;17014,setup
863,s_rdata[16],clk_host,6.59,0.41,9273;15080;16528;16624;17004,setup
864,s_rdata[20],clk_host,6.59,0.41,9273;15069;16528;16624;16952,setup
865,s_rdata[3],clk_host,6.59,0.41,9273;15254;16528;16624;16800,setup
866,s_rdata[13],clk_host,6.59,0.41,9273;15069;16528;16624;17010,setup
867,s_rdata[6],clk_host,6.59,0.41,9273;15220;16528;16624;16765,setup
868,s_rdata[17],clk_host,6.59,0.41,9273;15065;16528;16624;16999,setup
869,s_rdata[5],clk_host,6.59,0.41,9273;15220;16528;16624;16776,setup
870,s_rdata[8],clk_host,6.59,0.41,9273;15221;16528;16624;16741,setup
871,s_rdata[14],clk_host,6.59,0.41,9273;15065;16528;16624;17008,setup
872,s_rdata[4],clk_host,6.59,0.41,9273;15220;16528;16624;16789,setup
873,s_rdata[7],clk_host,6.59,0.41,9273;15221;16528;16624;16754,setup
874,s_rdata[15],clk_host,6.59,0.41,9273;15065;16528;16624;17006,setup
875,s_rdata[21],clk_host,6.59,0.41,9273;15254;16528;16624;16941,setup
876,s_rvalid,clk_host,6.59,0.41,9273;15220;16528;16624;16719;26347,setup
877,s_rdata[31],clk_host,6.59,0.41,9273;15254;16528;16624;16811,setup
878,s_rdata[2],clk_host,6.59,0.41,9273;15254;16528;16624;16835,setup
879,s_rdata[0],clk_host,6.59,0.41,9275;15287;16528;16624;17018,setup
880,s_bvalid,clk_host,6.6,0.4,9313;12007;16528;16578;17020;26314,setup
881,s_rdata[1],clk_host,6.6,0.4,9275;15287;16528;16624;16965,setup
882,s_rdata[23],clk_host,6.6,0.4,9275;15287;16528;16624;16917,setup
883,s_rdata[26],clk_host,6.6,0.4,9275;15350;16528;16624;16882,setup
884,s_rdata[25],clk_host,6.6,0.4,9275;15276;16528;16624;16895,setup
885,s_rdata[30],clk_host,6.6,0.4,9275;15287;16528;16624;16824,setup
886,s_rdata[27],clk_host,6.6,0.4,9275;15350;16528;16624;16871,setup
887,s_rdata[28],clk_host,6.6,0.4,9275;15287;16528;16624;16860,setup
888,s_rdata[24],clk_host,6.6,0.4,9275;15243;16528;16624;16906,setup
889,s_rdata[22],clk_host,6.6,0.4,9275;15243;16528;16624;16930,setup
890,s_rdata[29],clk_host,6.6,0.4,9275;15243;16528;16624;16846,setup
891,u_host_if.repack_emit$_DFF_PN0_,clk_host,6.6,3.62,2169;4209;4211;4212;4376;4377;4380;9300;9876;14338;15232;16528;16600;17565;26248,setup
892,s_awready,clk_host,6.62,0.38,9313;12007;16528;16578;17022;26314,setup
893,s_wready,clk_host,6.62,0.38,9313;12007;16528;16578;16705;26314,setup
894,s_arready,clk_host,6.62,0.38,9273;15220;16528;16624;17024;26347,setup
895,u_host_if.reg_len[12]$_DFFE_PN0P_,clk_host,6.67,3.57,2169;4209;4211;4212;4376;4377;4447;4486;9311;12053;15265;16528;16578;17565,setup
896,u_host_if.reg_len[22]$_DFFE_PN0P_,clk_host,6.67,3.57,2169;4209;4211;4212;4376;4377;4447;4465;9311;11995;15265;16528;16578;17565,setup
897,u_host_if.reg_len[25]$_DFFE_PN0P_,clk_host,6.67,3.57,2169;4209;4211;4212;4376;4377;4447;4459;9298;12028;15265;16528;16600;17565,setup
898,u_host_if.reg_len[23]$_DFFE_PN0P_,clk_host,6.67,3.57,2169;4209;4211;4212;4376;4377;4447;4463;9298;12028;15265;16528;16600;17565,setup
899,u_host_if.reg_len[16]$_DFFE_PN0P_,clk_host,6.67,3.57,2169;4209;4211;4212;4376;4377;4447;4478;9298;12028;15265;16528;16600;17565,setup
900,u_host_if.reg_len[19]$_DFFE_PN0P_,clk_host,6.67,3.57,2169;4209;4211;4212;4376;4377;4447;4472;9302;12213;15265;16528;16600;17565,setup
901,u_host_if.reg_len[17]$_DFFE_PN0P_,clk_host,6.67,3.57,2169;4209;4211;4212;4376;4377;4447;4476;9296;12089;15265;16528;16600;17565,setup
902,u_host_if.reg_len[24]$_DFFE_PN0P_,clk_host,6.67,3.57,2169;4209;4211;4212;4376;4377;4447;4461;9296;12089;15265;16528;16600;17565,setup
903,u_host_if.reg_len[15]$_DFFE_PN0P_,clk_host,6.67,3.57,2169;4209;4211;4212;4376;4377;4447;4480;9302;12213;15265;16528;16600;17565,setup
904,u_host_if.reg_len[18]$_DFFE_PN0P_,clk_host,6.67,3.57,2169;4209;4211;4212;4376;4377;4447;4474;9298;12065;15265;16528;16600;17565,setup
905,u_host_if.reg_addr[23]$_DFFE_PN0P_,clk_host,6.68,3.56,2169;4209;4211;4212;4213;4229;9311;11988;13975;16528;16578;17565,setup
906,u_host_if.reg_addr[20]$_DFFE_PN0P_,clk_host,6.68,3.56,2169;4209;4211;4212;4213;4236;9317;11517;13975;16528;16578;17565,setup
907,u_host_if.repack_q[17]$_DFFE_PN0P_,clk_host,6.68,3.56,2169;4209;4211;4212;4376;4377;4380;4410;9302;9876;14503;16528;16600;17565,setup
908,u_host_if.repack_q[28]$_DFFE_PN0P_,clk_host,6.68,3.56,2169;4209;4211;4212;4376;4377;4380;4387;9302;9876;14503;16528;16600;17565,setup
909,u_host_if.repack_q[26]$_DFFE_PN0P_,clk_host,6.68,3.56,2169;4209;4211;4212;4376;4377;4380;4391;9302;9876;14503;16528;16600;17565,setup
910,u_host_if.reg_addr[14]$_DFFE_PN0P_,clk_host,6.68,3.56,2169;4209;4211;4212;4213;4248;9309;12371;13975;16528;16578;17565,setup
911,u_host_if.reg_addr[19]$_DFFE_PN0P_,clk_host,6.68,3.56,2169;4209;4211;4212;4213;4238;9309;12371;13975;16528;16578;17565,setup
912,u_host_if.repack_q[30]$_DFFE_PN0P_,clk_host,6.68,3.56,2169;4209;4211;4212;4376;4377;4380;4383;9302;9876;14503;16528;16600;17565,setup
913,u_host_if.reg_addr[21]$_DFFE_PN0P_,clk_host,6.68,3.56,2169;4209;4211;4212;4213;4233;9317;11600;13975;16528;16578;17565,setup
914,u_host_if.reg_addr[31]$_DFFE_PN0P_,clk_host,6.68,3.56,2169;4209;4211;4212;4213;9317;11600;13975;16528;16578;17565;18355,setup
915,u_host_if.repack_q[20]$_DFFE_PN0P_,clk_host,6.68,3.57,2169;4209;4211;4212;4376;4377;4380;4404;9298;9876;14533;16528;16600;17565,setup
916,u_host_if.repack_q[0]$_DFFE_PN0P_,clk_host,6.68,3.56,2169;4209;4211;4212;4376;4377;4380;4445;9302;9876;14503;16528;16600;17565,setup
917,u_host_if.repack_q[23]$_DFFE_PN0P_,clk_host,6.68,3.57,2169;4209;4211;4212;4376;4377;4380;4397;9298;9876;14533;16528;16600;17565,setup
918,u_host_if.repack_q[24]$_DFFE_PN0P_,clk_host,6.68,3.56,2169;4209;4211;4212;4376;4377;4380;4395;9298;9876;14533;16528;16600;17565,setup
919,u_host_if.repack_q[22]$_DFFE_PN0P_,clk_host,6.68,3.56,2169;4209;4211;4212;4376;4377;4380;4399;9296;9876;14529;16528;16600;17565,setup
920,u_host_if.repack_q[25]$_DFFE_PN0P_,clk_host,6.68,3.57,2169;4209;4211;4212;4376;4377;4380;4393;9298;9876;14533;16528;16600;17565,setup
921,u_host_if.repack_q[21]$_DFFE_PN0P_,clk_host,6.68,3.56,2169;4209;4211;4212;4376;4377;4380;4402;9298;9876;14533;16528;16600;17565,setup
922,u_host_if.repack_q[29]$_DFFE_PN0P_,clk_host,6.68,3.56,2169;4209;4211;4212;4376;4377;4380;4385;9296;9876;14529;16528;16600;17565,setup
923,u_host_if.repack_q[31]$_DFFE_PN0P_,clk_host,6.68,3.56,2169;4209;4211;4212;4376;4377;4380;9298;9876;14533;16528;16600;17565;17831,setup
924,u_host_if.repack_q[18]$_DFFE_PN0P_,clk_host,6.68,3.56,2169;4209;4211;4212;4376;4377;4380;4408;9296;9876;14529;16528;16600;17565,setup
925,u_host_if.repack_q[14]$_DFFE_PN0P_,clk_host,6.68,3.56,2169;4209;4211;4212;4376;4377;4380;4416;9296;9876;14506;16528;16600;17565,setup
926,u_host_if.reg_chmask[1]$_DFFE_PN0P_,clk_host,6.68,3.55,2169;4209;4211;4212;4376;4377;4378;9284;13589;16528;16624;17565;18230,setup
927,u_host_if.repack_q[27]$_DFFE_PN0P_,clk_host,6.68,3.56,2169;4209;4211;4212;4376;4377;4380;4389;9296;9876;14506;16528;16600;17565,setup
928,u_host_if.reg_addr[22]$_DFFE_PN0P_,clk_host,6.68,3.56,2169;4209;4211;4212;4213;4231;9315;11532;13975;16528;16578;17565,setup
929,u_host_if.reg_chmask[0]$_DFFE_PN0P_,clk_host,6.68,3.55,2169;4209;4211;4212;4376;4377;4378;4379;9284;13649;16528;16624;17565,setup
930,u_host_if.reg_addr[17]$_DFFE_PN0P_,clk_host,6.7,3.54,2169;4209;4211;4212;4213;4242;9300;10280;12309;16528;16600;17565,setup
931,u_host_if.reg_addr[15]$_DFFE_PN0P_,clk_host,6.7,3.54,2169;4209;4211;4212;4213;4246;9300;10280;12309;16528;16600;17565,setup
932,u_host_if.s_rdata[14]$_DFFE_PN0P_,clk_host,6.7,3.54,4297;4298;4305;4306;4342;4343;9273;10810;15065;16528;16624;17818,setup
933,u_host_if.reg_addr[12]$_DFFE_PN0P_,clk_host,6.7,3.54,2169;4209;4211;4212;4213;4252;9302;10280;12298;16528;16600;17565,setup
934,u_host_if.reg_addr[25]$_DFFE_PN0P_,clk_host,6.7,3.54,2169;4209;4211;4212;4213;4225;9302;10280;12298;16528;16600;17565,setup
935,u_host_if.reg_addr[16]$_DFFE_PN0P_,clk_host,6.7,3.54,2169;4209;4211;4212;4213;4244;9302;10280;12298;16528;16600;17565,setup
936,u_host_if.s_rdata[15]$_DFFE_PN0P_,clk_host,6.7,3.54,4297;4298;4305;4306;4340;4341;9273;10810;15065;16528;16624;17818,setup
937,u_host_if.s_rdata[17]$_DFFE_PN0P_,clk_host,6.71,3.54,4297;4298;4305;4306;4336;4337;9273;10810;15065;16528;16624;17818,setup
938,u_host_if.s_rdata[12]$_DFFE_PN0P_,clk_host,6.71,3.54,4297;4298;4305;4306;4346;4347;9273;10810;15069;16528;16624;17818,setup
939,u_host_if.s_rdata[13]$_DFFE_PN0P_,clk_host,6.71,3.54,4297;4298;4305;4306;4344;4345;9273;10810;15069;16528;16624;17818,setup
940,u_host_if.s_rdata[9]$_DFFE_PN0P_,clk_host,6.71,3.54,4297;4298;4305;4306;4354;4355;9273;10810;15069;16528;16624;17818,setup
941,u_host_if.s_rdata[20]$_DFFE_PN0P_,clk_host,6.71,3.54,4297;4298;4305;4306;4330;4331;9273;10810;15069;16528;16624;17818,setup
942,u_host_if.reg_addr[18]$_DFFE_PN0P_,clk_host,6.71,3.54,2169;4209;4211;4212;4213;4240;9302;10280;12235;16528;16600;17565,setup
943,u_host_if.reg_addr[24]$_DFFE_PN0P_,clk_host,6.71,3.54,2169;4209;4211;4212;4213;4227;9302;10280;12235;16528;16600;17565,setup
944,u_host_if.s_rdata[10]$_DFFE_PN0P_,clk_host,6.71,3.54,4297;4298;4305;4306;4352;4353;9273;10810;15080;16528;16624;17818,setup
945,u_host_if.s_rdata[11]$_DFFE_PN0P_,clk_host,6.71,3.54,4297;4298;4305;4306;4350;4351;9273;10810;15080;16528;16624;17818,setup
946,u_host_if.s_rdata[8]$_DFFE_PN0P_,clk_host,6.71,3.54,4297;4298;4305;4306;4356;4357;9273;10810;15221;16528;16624;17818,setup
947,u_host_if.s_rdata[7]$_DFFE_PN0P_,clk_host,6.71,3.54,4297;4298;4305;4306;4358;4359;9273;10810;15221;16528;16624;17818,setup
948,u_host_if.s_rdata[5]$_DFFE_PN0P_,clk_host,6.71,3.54,4297;4298;4305;4306;4362;4363;9273;10810;15220;16528;16624;17818,setup
949,u_host_if.s_rdata[6]$_DFFE_PN0P_,clk_host,6.71,3.54,4297;4298;4305;4306;4360;4361;9273;10810;15220;16528;16624;17818,setup
950,u_host_if.s_rdata[4]$_DFFE_PN0P_,clk_host,6.71,3.54,4297;4298;4305;4306;4364;4365;9273;10810;15220;16528;16624;17818,setup
951,u_host_if.s_rdata[3]$_DFFE_PN0P_,clk_host,6.71,3.53,4297;4298;4305;4306;4366;4367;9273;10810;15254;16528;16624;17818,setup
952,u_host_if.s_rdata[2]$_DFFE_PN0P_,clk_host,6.71,3.53,4297;4298;4305;4306;4368;4369;9273;10810;15254;16528;16624;17818,setup
953,u_host_if.s_rdata[16]$_DFFE_PN0P_,clk_host,6.72,3.53,4297;4298;4305;4306;4338;4339;9273;10810;15080;16528;16624;17818,setup
954,u_host_if.s_rdata[19]$_DFFE_PN0P_,clk_host,6.72,3.53,4297;4298;4305;4306;4332;4333;9273;10810;15080;16528;16624;17818,setup
955,u_host_if.s_rdata[18]$_DFFE_PN0P_,clk_host,6.72,3.53,4297;4298;4305;4306;4334;4335;9273;10810;15080;16528;16624;17818,setup
956,u_host_if.s_rdata[31]$_DFFE_PN0P_,clk_host,6.72,3.53,4297;4298;4305;4306;9273;10810;15254;16528;16624;17818;18225;18226,setup
957,u_host_if.s_rdata[21]$_DFFE_PN0P_,clk_host,6.72,3.52,4297;4298;4305;4306;4328;4329;9273;10810;15254;16528;16624;17818,setup
958,u_host_if.reg_chan$_DFFE_PN0P_,clk_host,6.74,3.49,2169;4209;4211;4212;4281;9284;9346;13589;16528;16624;17565;18351;26204,setup
959,u_host_if.reg_opcode[1]$_DFFE_PN0P_,clk_host,6.74,3.49,2169;4209;4211;4212;4281;4292;9284;9346;12490;16528;16624;17565,setup
960,u_host_if.done_sticky$_DFF_PN0_,clk_host,6.74,3.5,2169;4209;4211;4212;9304;13292;16528;16578;17565;18358;18361;18362;18363;26171,setup
961,u_host_if.reg_opcode[4]$_DFFE_PN0P_,clk_host,6.75,3.5,2169;4209;4211;4212;4281;4286;9321;9346;15519;16528;16553;17565,setup
962,u_host_if.reg_opcode[0]$_DFFE_PN0P_,clk_host,6.75,3.49,2169;4209;4211;4212;4281;4294;9305;9346;12496;16528;16578;17565,setup
963,u_host_if.reg_opcode[6]$_DFFE_PN0P_,clk_host,6.75,3.5,2169;4209;4211;4212;4281;4282;9321;9346;15558;16528;16553;17565,setup
964,u_host_if.reg_opcode[3]$_DFFE_PN0P_,clk_host,6.75,3.5,2169;4209;4211;4212;4281;4288;9321;9346;15558;16528;16553;17565,setup
965,u_host_if.reg_opcode[5]$_DFFE_PN0P_,clk_host,6.75,3.5,2169;4209;4211;4212;4281;4284;9321;9346;12430;16528;16553;17565,setup
966,u_host_if.reg_opcode[7]$_DFFE_PN0P_,clk_host,6.75,3.5,2169;4209;4211;4212;4281;9321;9346;15457;16528;16553;17565;18350,setup
967,u_host_if.reg_opcode[2]$_DFFE_PN0P_,clk_host,6.75,3.49,2169;4209;4211;4212;4281;4290;9321;9346;12430;16528;16553;17565,setup
968,u_host_if.reg_ecc_en$_DFFE_PN0P_,clk_host,6.79,3.44,2169;4209;4211;4212;9300;12309;16528;16600;17565;18358;18366;18367;26207,setup
969,u_host_if.start_pulse$_DFF_PN0_,clk_host,6.83,3.42,2169;4209;4211;4212;9302;12235;16528;16600;17565;18358;18360;26348,setup
970,u_host_if.s_rdata[24]$_DFFE_PN0P_,clk_host,6.84,3.41,4297;4298;4305;4306;4322;4323;9275;15243;16528;16624;17818,setup
971,u_host_if.s_rdata[29]$_DFFE_PN0P_,clk_host,6.84,3.4,4297;4298;4305;4306;4312;4313;9275;15243;16528;16624;17818,setup
972,u_host_if.s_rdata[22]$_DFFE_PN0P_,clk_host,6.84,3.4,4297;4298;4305;4306;4326;4327;9275;15243;16528;16624;17818,setup
973,u_host_if.s_rdata[1]$_DFFE_PN0P_,clk_host,6.85,3.39,4297;4298;4305;4306;4371;4372;9275;15287;16528;16624;17818,setup
974,u_host_if.s_rdata[0]$_DFFE_PN0P_,clk_host,6.85,3.39,4297;4298;4305;4306;4373;4374;9275;15287;16528;16624;17818,setup
975,u_host_if.s_rdata[25]$_DFFE_PN0P_,clk_host,6.85,3.39,4297;4298;4305;4306;4320;4321;9275;15276;16528;16624;17818,setup
976,u_host_if.s_rdata[27]$_DFFE_PN0P_,clk_host,6.85,3.39,4297;4298;4305;4306;4316;4317;9275;15350;16528;16624;17818,setup
977,u_host_if.s_rdata[28]$_DFFE_PN0P_,clk_host,6.85,3.39,4297;4298;4305;4306;4314;4315;9275;15287;16528;16624;17818,setup
978,u_host_if.s_rdata[23]$_DFFE_PN0P_,clk_host,6.85,3.39,4297;4298;4305;4306;4324;4325;9275;15287;16528;16624;17818,setup
979,u_host_if.s_rdata[26]$_DFFE_PN0P_,clk_host,6.85,3.39,4297;4298;4305;4306;4318;4319;9275;15350;16528;16624;17818,setup
980,u_host_if.s_rdata[30]$_DFFE_PN0P_,clk_host,6.85,3.39,4297;4298;4305;4306;4308;4309;9275;15287;16528;16624;17818,setup
981,u_host_if.rpop_loaded$_DFFE_PN0P_,clk_host,6.86,3.37,4297;4298;4305;4306;9275;15350;16528;16624;17818;17833;26281,setup
982,u_host_if.s_rvalid$_DFFE_PN0P_,clk_host,6.98,3.26,4295;9273;11951;15220;16528;16624;17662;18357;26347,setup
983,u_host_if.awaddr_q[4]$_DFFE_PN0P_,clk_host,7.04,3.19,2169;2173;9313;12011;16528;16578;17565,setup
984,u_host_if.awaddr_q[2]$_DFFE_PN0P_,clk_host,7.04,3.19,2169;2175;9313;12011;16528;16578;17565,setup
985,u_host_if.awaddr_q[3]$_DFFE_PN0P_,clk_host,7.04,3.19,2169;2174;9313;12011;16528;16578;17565,setup
986,u_host_if.awaddr_q[5]$_DFFE_PN0P_,clk_host,7.08,3.16,2169;2172;9313;12007;16528;16578;17565,setup
987,u_host_if.awaddr_q[6]$_DFFE_PN0P_,clk_host,7.08,3.16,2169;2171;9313;12007;16528;16578;17565,setup
988,u_host_if.awaddr_q[7]$_DFFE_PN0P_,clk_host,7.08,3.16,2169;2178;9313;12007;16528;16578;17565,setup
989,u_host_if.awaddr_q[0]$_DFFE_PN0P_,clk_host,7.08,3.16,2169;2177;9313;12011;16528;16578;17565,setup
990,u_host_if.awaddr_q[1]$_DFFE_PN0P_,clk_host,7.08,3.16,2169;2176;9313;12011;16528;16578;17565,setup
991,u_host_if.s_bvalid$_DFFE_PN0P_,clk_host,7.18,3.06,4207;9313;12007;16528;16578;17153;18248;26314,setup
992,u_host_if.rpop_q[24]$_DFFE_PN0P_,clk_host,9.1,1.13,1523;1526;1531;1540;1541;9275;11659;11670;11695;15243;15350;16528;16624,setup
993,u_host_if.rpop_q[13]$_DFFE_PN0P_,clk_host,9.11,1.13,1718;1720;1724;1732;1733;9273;9275;11659;11670;11695;15065;15350;16528;16624,setup
994,u_host_if.rpop_q[8]$_DFFE_PN0P_,clk_host,9.11,1.13,1808;1810;1814;1823;1824;9273;9275;11659;11670;11695;15221;15350;16528;16624,setup
995,u_host_if.rpop_q[6]$_DFFE_PN0P_,clk_host,9.11,1.13,1842;1843;1847;1855;1856;9273;9275;11659;11670;11695;15221;15350;16528;16624,setup
996,u_host_if.rpop_q[12]$_DFFE_PN0P_,clk_host,9.11,1.13,1738;1740;1742;1751;1752;9273;9275;11659;11670;11695;15069;15350;16528;16624,setup
997,u_host_if.rpop_q[17]$_DFFE_PN0P_,clk_host,9.11,1.13,1649;1651;1655;1663;1664;9273;9275;11659;11670;11695;15065;15350;16528;16624,setup
998,u_host_if.rpop_q[11]$_DFFE_PN0P_,clk_host,9.12,1.13,1754;1755;1759;1768;1770;9273;9275;11659;11670;11695;15080;15350;16528;16624,setup
999,u_cdc_cmd.mem[10][38]$_DFFE_PP_,clk_host,9.16,1.08,9302;12235;13380;13384;13388;14968;15218;15894;15936;16462;16528;16553;16600;16648;26170,setup
1000,u_cdc_cmd.mem[10][36]$_DFFE_PP_,clk_host,9.16,1.08,9302;9330;12235;13380;13384;13388;14968;15218;15894;15938;16443;16528;16553;16600;26170,setup
1001,u_cdc_cmd.mem[10][35]$_DFFE_PP_,clk_host,9.17,1.08,9302;12235;13380;13384;13388;14968;15218;15894;15939;16420;16528;16553;16600;16648;26170,setup
1002,u_cdc_cmd.mem[10][52]$_DFFE_PP_,clk_host,9.17,1.08,9302;12235;13380;13384;13388;14968;15218;15894;15921;16427;16528;16553;16600;16648;26170,setup
1003,u_cdc_cmd.mem[10][37]$_DFFE_PP_,clk_host,9.17,1.08,9302;9330;12235;13380;13384;13388;14968;15218;15894;15937;16446;16528;16553;16600;26170,setup
1004,u_cdc_cmd.mem[10][69]$_DFFE_PP_,clk_host,9.17,1.08,9302;9317;9444;12235;13380;13384;13388;14968;15218;15894;15902;16528;16578;16600;26170,setup
1005,u_cdc_cmd.mem[10][40]$_DFFE_PP_,clk_host,9.17,1.08,9302;9328;9361;12235;13380;13384;13388;14968;15218;15894;15934;16528;16553;16600;26170,setup
1006,u_cdc_cmd.mem[10][30]$_DFFE_PP_,clk_host,9.17,1.08,9302;9328;9361;12235;13380;13384;13388;14968;15218;15894;15945;16528;16553;16600;26170,setup
1007,u_cdc_cmd.mem[10][72]$_DFFE_PP_,clk_host,9.17,1.08,9302;9317;12235;13380;13384;13388;14968;15218;15894;15899;16425;16528;16578;16600;26170,setup
1008,u_cdc_cmd.mem[10][67]$_DFFE_PP_,clk_host,9.17,1.08,9302;9328;9485;12235;13380;13384;13388;14968;15218;15894;15904;16528;16553;16600;26170,setup
1009,u_cdc_cmd.mem[10][70]$_DFFE_PP_,clk_host,9.17,1.08,9302;9328;9358;12235;13380;13384;13388;14968;15218;15894;15901;16528;16553;16600;26170,setup
1010,u_cdc_cmd.mem[10][29]$_DFFE_PP_,clk_host,9.17,1.07,9302;9317;9371;12235;13380;13384;13388;14968;15218;15894;15946;16528;16578;16600;26170,setup
1011,u_cdc_cmd.mem[10][68]$_DFFE_PP_,clk_host,9.17,1.08,9302;9328;9332;12235;13380;13384;13388;14968;15218;15894;15903;16528;16553;16600;26170,setup
1012,u_cdc_cmd.mem[10][51]$_DFFE_PP_,clk_host,9.17,1.08,9302;9328;12235;13380;13384;13388;14968;15218;15894;15922;16412;16528;16553;16600;26170,setup
1013,u_cdc_cmd.mem[10][71]$_DFFE_PP_,clk_host,9.17,1.07,9302;9315;9338;12235;13380;13384;13388;14968;15218;15894;15900;16528;16578;16600;26170,setup
1014,u_cdc_cmd.mem[7][33]$_DFFE_PP_,clk_host,9.17,1.07,9302;9309;12235;12262;13351;13354;13356;14968;15303;15641;15689;16528;16578;16600;26170,setup
1015,u_cdc_cmd.mem[10][23]$_DFFE_PP_,clk_host,9.17,1.07,9302;9307;11461;12235;13380;13384;13388;14968;15218;15894;15953;16528;16578;16600;26170,setup
1016,u_cdc_cmd.mem[10][41]$_DFFE_PP_,clk_host,9.17,1.07,9302;9307;12235;12450;13380;13384;13388;14968;15218;15894;15933;16528;16578;16600;26170,setup
1017,u_cdc_cmd.mem[10][45]$_DFFE_PP_,clk_host,9.17,1.08,9302;9328;12235;13380;13384;13388;14968;15218;15894;15928;16361;16528;16553;16600;26170,setup
1018,u_cdc_cmd.mem[10][31]$_DFFE_PP_,clk_host,9.17,1.07,9302;9315;11496;12235;13380;13384;13388;14968;15218;15894;15944;16528;16578;16600;26170,setup
1019,u_cdc_cmd.mem[7][57]$_DFFE_PP_,clk_host,9.17,1.07,9302;9313;12016;12235;13351;13354;13356;14968;15303;15641;15662;16528;16578;16600;26170,setup
1020,u_cdc_cmd.mem[7][60]$_DFFE_PP_,clk_host,9.17,1.07,9302;9309;12201;12235;13351;13354;13356;14968;15303;15641;15659;16528;16578;16600;26170,setup
1021,u_cdc_cmd.mem[7][56]$_DFFE_PP_,clk_host,9.17,1.07,9302;9309;12196;12235;13351;13354;13356;14968;15303;15641;15663;16528;16578;16600;26170,setup
1022,u_cdc_cmd.mem[10][47]$_DFFE_PP_,clk_host,9.17,1.08,9302;9328;11192;12235;13380;13384;13388;14968;15218;15894;15926;16528;16553;16600;26170,setup
1023,u_cdc_cmd.mem[7][63]$_DFFE_PP_,clk_host,9.17,1.06,9302;9313;12003;12235;13351;13354;13356;14968;15303;15641;15656;16528;16578;16600;26170,setup
1024,u_cdc_cmd.mem[10][28]$_DFFE_PP_,clk_host,9.17,1.07,9302;9315;11549;12235;13380;13384;13388;14968;15218;15894;15947;16528;16578;16600;26170,setup
1025,u_cdc_cmd.mem[7][58]$_DFFE_PP_,clk_host,9.17,1.07,9302;9311;12101;12235;13351;13354;13356;14968;15303;15641;15661;16528;16578;16600;26170,setup
1026,u_cdc_cmd.mem[7][53]$_DFFE_PP_,clk_host,9.17,1.07,9302;9313;11900;12235;13351;13354;13356;14968;15303;15641;15667;16528;16578;16600;26170,setup
1027,u_cdc_cmd.mem[7][66]$_DFFE_PP_,clk_host,9.17,1.06,9302;9313;11913;12235;13351;13354;13356;14968;15303;15641;15652;16528;16578;16600;26170,setup
1028,u_cdc_cmd.mem[7][34]$_DFFE_PP_,clk_host,9.18,1.07,9302;12235;12298;13351;13354;13356;14968;15303;15641;15688;16528;16600;26170,setup
1029,u_cdc_cmd.mem[7][59]$_DFFE_PP_,clk_host,9.18,1.07,9302;9311;12101;12235;13351;13354;13356;14968;15303;15641;15660;16528;16578;16600;26170,setup
1030,u_cdc_cmd.mem[7][64]$_DFFE_PP_,clk_host,9.18,1.07,9302;9311;12125;12235;13351;13354;13356;14968;15303;15641;15655;16528;16578;16600;26170,setup
1031,u_cdc_cmd.mem[7][65]$_DFFE_PP_,clk_host,9.18,1.07,9302;12213;12235;13351;13354;13356;14968;15303;15641;15653;16528;16600;26170,setup
1032,u_cdc_cmd.mem[7][61]$_DFFE_PP_,clk_host,9.18,1.07,9302;9317;11413;12235;13351;13354;13356;14968;15303;15641;15658;16528;16578;16600;26170,setup
1033,u_cdc_cmd.mem[7][62]$_DFFE_PP_,clk_host,9.18,1.07,9302;9317;11514;12235;13351;13354;13356;14968;15303;15641;15657;16528;16578;16600;26170,setup
1034,u_cdc_cmd.mem[6][66]$_DFFE_PP_,clk_host,9.18,1.06,9302;9313;11913;12235;13336;13341;13343;14968;15218;15557;15568;16528;16578;16600;26170,setup
1035,u_cdc_cmd.mem[7][72]$_DFFE_PP_,clk_host,9.18,1.07,9302;9317;11470;12235;13351;13354;13356;14968;15303;15641;15646;16528;16578;16600;26170,setup
1036,u_cdc_cmd.mem[6][63]$_DFFE_PP_,clk_host,9.18,1.06,9302;9313;12007;12235;13336;13341;13343;14968;15218;15557;15572;16528;16578;16600;26170,setup
1037,u_host_if.rpop_q[1]$_DFFE_PN0P_,clk_host,9.18,1.06,1933;1935;1936;1937;1938;9275;11695;11744;15287;15350;16528;16624,setup
1038,u_host_if.rpop_q[2]$_DFFE_PN0P_,clk_host,9.18,1.06,1917;1919;1920;1921;1922;9273;9275;11695;11744;15254;15350;16528;16624,setup
1039,u_host_if.rpop_q[3]$_DFFE_PN0P_,clk_host,9.18,1.06,1899;1900;1904;1905;1906;9273;9275;11695;11744;15254;15350;16528;16624,setup
1040,u_host_if.rpop_q[0]$_DFFE_PN0P_,clk_host,9.18,1.06,1949;1951;1952;1953;1954;9275;11695;11744;15287;15350;16528;16624,setup
1041,u_cdc_cmd.mem[6][62]$_DFFE_PP_,clk_host,9.18,1.06,9302;9317;11479;12235;13336;13341;13343;14968;15218;15557;15573;16528;16578;16600;26170,setup
1042,u_cdc_cmd.mem[6][53]$_DFFE_PP_,clk_host,9.18,1.06,9302;9313;11900;12235;13336;13341;13343;14968;15218;15557;15583;16528;16578;16600;26170,setup
1043,u_cdc_cmd.mem[6][61]$_DFFE_PP_,clk_host,9.18,1.06,9302;9317;11479;12235;13336;13341;13343;14968;15218;15557;15574;16528;16578;16600;26170,setup
1044,u_cdc_cmd.mem[6][33]$_DFFE_PP_,clk_host,9.18,1.06,9302;9309;12235;12262;13336;13341;13343;14968;15218;15557;15605;16528;16578;16600;26170,setup
1045,u_cdc_cmd.mem[6][72]$_DFFE_PP_,clk_host,9.18,1.06,9302;9317;11470;12235;13336;13341;13343;14968;15218;15557;15562;16528;16578;16600;26170,setup
1046,u_cdc_cmd.mem[6][56]$_DFFE_PP_,clk_host,9.18,1.06,9302;9309;12173;12235;13336;13341;13343;14968;15218;15557;15579;16528;16578;16600;26170,setup
1047,u_cdc_cmd.mem[6][34]$_DFFE_PP_,clk_host,9.18,1.06,9302;9309;12235;12262;13336;13341;13343;14968;15218;15557;15604;16528;16578;16600;26170,setup
1048,u_cdc_cmd.mem[6][60]$_DFFE_PP_,clk_host,9.18,1.06,9302;9309;12201;12235;13336;13341;13343;14968;15218;15557;15575;16528;16578;16600;26170,setup
1049,u_cdc_cmd.mem[6][65]$_DFFE_PP_,clk_host,9.18,1.06,9302;9311;12101;12235;13336;13341;13343;14968;15218;15557;15569;16528;16578;16600;26170,setup
1050,u_cdc_cmd.mem[6][59]$_DFFE_PP_,clk_host,9.18,1.06,9302;9311;12125;12235;13336;13341;13343;14968;15218;15557;15576;16528;16578;16600;26170,setup
1051,u_cdc_cmd.mem[6][64]$_DFFE_PP_,clk_host,9.18,1.06,9302;9311;12053;12235;13336;13341;13343;14968;15218;15557;15571;16528;16578;16600;26170,setup
1052,u_cdc_cmd.mem[6][58]$_DFFE_PP_,clk_host,9.18,1.06,9302;9311;12137;12235;13336;13341;13343;14968;15218;15557;15577;16528;16578;16600;26170,setup
1053,u_cdc_cmd.mem[6][57]$_DFFE_PP_,clk_host,9.19,1.06,9298;9302;12028;12235;13336;13341;13343;14968;15218;15557;15578;16528;16600;26170,setup
1054,u_host_if.rpop_q[26]$_DFFE_PN0P_,clk_host,9.19,1.05,1497;1499;1503;1504;1505;9275;11695;11744;15350;16528;16624,setup
1055,u_cdc_cmd.mem[9][67]$_DFFE_PP_,clk_host,9.19,1.05,9302;9317;9444;12235;13369;13371;13377;14968;15133;15810;15820;16528;16578;16600;26170,setup
1056,u_cdc_cmd.mem[9][29]$_DFFE_PP_,clk_host,9.19,1.05,9302;9317;9371;12235;13369;13371;13377;14968;15133;15810;15862;16528;16578;16600;26170,setup
1057,u_cdc_cmd.mem[9][28]$_DFFE_PP_,clk_host,9.19,1.05,9302;9307;12235;12338;13369;13371;13377;14968;15133;15810;15863;16528;16578;16600;26170,setup
1058,u_cdc_cmd.mem[9][41]$_DFFE_PP_,clk_host,9.2,1.05,9302;9307;12235;12451;13369;13371;13377;14968;15133;15810;15849;16528;16578;16600;26170,setup
1059,u_cdc_cmd.mem[9][25]$_DFFE_PP_,clk_host,9.2,1.05,9302;9307;12235;12349;13369;13371;13377;14968;15133;15810;15866;16528;16578;16600;26170,setup
1060,u_cdc_cmd.mem[9][71]$_DFFE_PP_,clk_host,9.2,1.05,9302;9315;9338;12235;13369;13371;13377;14968;15133;15810;15816;16528;16578;16600;26170,setup
1061,u_cdc_cmd.mem[9][31]$_DFFE_PP_,clk_host,9.2,1.05,9302;9315;11496;12235;13369;13371;13377;14968;15133;15810;15860;16528;16578;16600;26170,setup
1062,u_cdc_cmd.mem[9][30]$_DFFE_PP_,clk_host,9.2,1.05,9302;9328;9361;12235;13369;13371;13377;14968;15133;15810;15861;16528;16553;16600;26170,setup
1063,u_cdc_cmd.mem[9][23]$_DFFE_PP_,clk_host,9.2,1.05,9302;9315;11403;12235;13369;13371;13377;14968;15133;15810;15869;16528;16578;16600;26170,setup
1064,u_cdc_cmd.mem[9][70]$_DFFE_PP_,clk_host,9.2,1.05,9302;9328;9358;12235;13369;13371;13377;14968;15133;15810;15817;16528;16553;16600;26170,setup
1065,u_cdc_cmd.mem[9][68]$_DFFE_PP_,clk_host,9.2,1.05,9302;9328;9332;12235;13369;13371;13377;14968;15133;15810;15819;16528;16553;16600;26170,setup
1066,u_cdc_cmd.mem[9][69]$_DFFE_PP_,clk_host,9.2,1.05,9302;9328;9393;12235;13369;13371;13377;14968;15133;15810;15818;16528;16553;16600;26170,setup
1067,u_cdc_cmd.mem[9][40]$_DFFE_PP_,clk_host,9.2,1.05,9302;9328;9354;12235;13369;13371;13377;14968;15133;15810;15850;16528;16553;16600;26170,setup
1068,u_host_if.rpop_q[22]$_DFFE_PN0P_,clk_host,9.22,1.02,1561;1564;1566;1575;1576;9275;11670;11695;15243;15350;16528;16624,setup
1069,u_host_if.rpop_q[27]$_DFFE_PN0P_,clk_host,9.22,1.02,1474;1475;1479;1487;1488;9275;11670;11695;15276;15350;16528;16624,setup
1070,u_host_if.rpop_q[29]$_DFFE_PN0P_,clk_host,9.22,1.02,1439;1442;1446;1454;1455;9275;11670;11695;15243;15350;16528;16624,setup
1071,u_host_if.rpop_q[20]$_DFFE_PN0P_,clk_host,9.22,1.02,1599;1600;1601;1613;1614;9273;9275;11367;11436;15069;15350;16528;16624,setup
1072,u_host_if.rpop_q[9]$_DFFE_PN0P_,clk_host,9.23,1.02,1796;1797;1798;1806;1807;9273;9275;11367;11436;15069;15350;16528;16624,setup
1073,u_host_if.rpop_q[15]$_DFFE_PN0P_,clk_host,9.23,1.01,1690;1691;1695;1696;1697;9273;9275;11367;11436;15065;15350;16528;16624,setup
1074,u_host_if.rpop_q[18]$_DFFE_PN0P_,clk_host,9.23,1.01,1635;1637;1638;1647;1648;9273;9275;11367;11436;15221;15350;16528;16624,setup
1075,u_host_if.rpop_q[10]$_DFFE_PN0P_,clk_host,9.23,1.01,1774;1776;1777;1789;1790;9273;9275;11349;11351;15080;15350;16528;16624,setup
1076,u_cdc_cmd.mem[3][40]$_DFFE_PP_,clk_host,9.23,1.02,9302;9546;12235;13305;13308;14968;15303;15304;15344;16481;16528;16553;16600;16648;26170,setup
1077,u_cdc_cmd.mem[3][67]$_DFFE_PP_,clk_host,9.23,1.01,9302;9496;9546;12235;13305;13308;14968;15303;15304;15314;16528;16553;16600;16648;26170,setup
1078,u_cdc_cmd.mem[3][68]$_DFFE_PP_,clk_host,9.23,1.01,9302;9546;12235;13305;13308;14968;15303;15304;15313;16424;16528;16553;16600;16648;26170,setup
1079,u_cdc_cmd.mem[3][30]$_DFFE_PP_,clk_host,9.23,1.01,9302;9546;12235;13305;13308;14968;15303;15304;15355;16481;16528;16553;16600;16648;26170,setup
1080,u_cdc_cmd.mem[3][70]$_DFFE_PP_,clk_host,9.23,1.01,9302;9546;12235;13305;13308;14968;15303;15304;15311;16420;16528;16553;16600;16648;26170,setup
1081,u_host_if.rpop_q[14]$_DFFE_PN0P_,clk_host,9.23,1.01,1712;1714;1715;1716;1717;9273;9275;11349;11351;15065;15350;16528;16624,setup
1082,u_cdc_cmd.mem[3][44]$_DFFE_PP_,clk_host,9.23,1.01,9302;9307;9546;11443;12235;13305;13308;14968;15303;15304;15340;16528;16578;16600;26170,setup
1083,u_cdc_cmd.mem[3][69]$_DFFE_PP_,clk_host,9.23,1.02,9302;9328;9485;9546;12235;13305;13308;14968;15303;15304;15312;16528;16553;16600;26170,setup
1084,u_host_if.rpop_q[16]$_DFFE_PN0P_,clk_host,9.23,1.01,1673;1675;1679;1680;1681;9273;9275;11367;11436;15069;15350;16528;16624,setup
1085,u_host_if.rpop_q[19]$_DFFE_PN0P_,clk_host,9.23,1.01,1626;1628;1629;1630;1631;9273;9275;11367;11436;15080;15350;16528;16624,setup
1086,u_host_if.rpop_q[7]$_DFFE_PN0P_,clk_host,9.24,1.01,1828;1830;1831;1839;1840;9273;9275;11349;11351;15221;15350;16528;16624,setup
1087,u_cdc_cmd.mem[3][49]$_DFFE_PP_,clk_host,9.24,1.01,9302;9326;9546;12235;12444;13305;13308;14968;15303;15304;15334;16528;16553;16600;26170,setup
1088,u_cdc_cmd.mem[3][50]$_DFFE_PP_,clk_host,9.24,1.01,9302;9330;9546;12235;13305;13308;14968;15303;15304;15333;16046;16528;16553;16600;26170,setup
1089,u_cdc_cmd.mem[3][51]$_DFFE_PP_,clk_host,9.24,1.01,9302;9328;9546;12235;13305;13308;14968;15303;15304;15332;16408;16528;16553;16600;26170,setup
1090,u_cdc_cmd.mem[3][45]$_DFFE_PP_,clk_host,9.24,1.01,9302;9328;9546;12235;13305;13308;14968;15303;15304;15338;16339;16528;16553;16600;26170,setup
1091,u_cdc_cmd.mem[3][41]$_DFFE_PP_,clk_host,9.24,1.01,9302;9326;9546;12235;12446;13305;13308;14968;15303;15304;15343;16528;16553;16600;26170,setup
1092,u_cdc_cmd.mem[3][43]$_DFFE_PP_,clk_host,9.24,1.01,9302;9321;9546;12235;13305;13308;14968;15303;15304;15341;15486;16528;16553;16600;26170,setup
1093,u_cdc_cmd.mem[3][47]$_DFFE_PP_,clk_host,9.24,1.01,9302;9328;9546;11422;12235;13305;13308;14968;15303;15304;15336;16528;16553;16600;26170,setup
1094,u_cdc_cmd.mem[3][52]$_DFFE_PP_,clk_host,9.24,1.01,9302;9326;9546;12235;13305;13308;14968;15303;15304;15331;16404;16528;16553;16600;26170,setup
1095,u_cdc_cmd.mem[3][48]$_DFFE_PP_,clk_host,9.24,1.01,9302;9326;9546;12235;13305;13308;14968;15303;15304;15335;16233;16528;16553;16600;26170,setup
1096,u_cdc_cmd.mem[3][46]$_DFFE_PP_,clk_host,9.24,1.01,9302;9326;9546;12235;13305;13308;14968;15303;15304;15337;16383;16528;16553;16600;26170,setup
1097,u_cdc_cmd.mem[3][14]$_DFFE_PP_,clk_host,9.24,1.0,9302;9325;9546;12235;13305;13308;14968;15303;15304;15373;16065;16528;16553;16600;26170,setup
1098,u_cdc_cmd.mem[3][37]$_DFFE_PP_,clk_host,9.24,1.0,9302;9546;12235;13305;13308;14968;15303;15304;15347;16454;16528;16553;16600;16648;26170,setup
1099,u_cdc_cmd.mem[3][13]$_DFFE_PP_,clk_host,9.25,1.0,9302;9325;9546;12235;13305;13308;14968;15303;15304;15374;16002;16528;16553;16600;26170,setup
1100,u_cdc_cmd.mem[3][35]$_DFFE_PP_,clk_host,9.25,1.0,9302;9546;12235;13305;13308;14968;15303;15304;15349;16427;16528;16553;16600;16648;26170,setup
1101,u_cdc_cmd.mem[3][39]$_DFFE_PP_,clk_host,9.25,1.0,9302;9330;9546;12235;13305;13308;14968;15303;15304;15345;15951;16528;16553;16600;26170,setup
1102,u_cdc_cmd.mem[3][38]$_DFFE_PP_,clk_host,9.25,1.0,9302;9546;12235;13305;13308;14968;15303;15304;15346;16458;16528;16553;16600;16648;26170,setup
1103,u_cdc_cmd.mem[3][3]$_DFFE_PP_,clk_host,9.25,1.0,9302;9321;9546;12235;13305;13308;14968;15303;15304;15384;16171;16528;16553;16600;26170,setup
1104,u_cdc_cmd.mem[3][18]$_DFFE_PP_,clk_host,9.25,1.0,9302;9325;9546;12235;13305;13308;14968;15303;15304;15368;16087;16528;16553;16600;26170,setup
1105,u_cdc_cmd.mem[3][36]$_DFFE_PP_,clk_host,9.25,1.0,9302;9330;9546;12235;13305;13308;14968;15303;15304;15348;15979;16528;16553;16600;26170,setup
1106,u_cdc_cmd.mem[2][67]$_DFFE_PP_,clk_host,9.25,1.0,9302;9529;12235;13299;13302;14968;15218;15219;15229;16506;16528;16553;16600;16648;26170,setup
1107,u_cdc_cmd.mem[2][40]$_DFFE_PP_,clk_host,9.25,1.0,9302;9529;12235;13299;13302;14968;15218;15219;15259;16506;16528;16553;16600;16648;26170,setup
1108,u_cdc_cmd.mem[2][70]$_DFFE_PP_,clk_host,9.25,1.0,9302;9529;12235;13299;13302;14968;15218;15219;15226;16466;16528;16553;16600;16648;26170,setup
1109,u_cdc_cmd.mem[2][68]$_DFFE_PP_,clk_host,9.25,0.99,9302;9529;12235;13299;13302;14968;15218;15219;15228;16424;16528;16553;16600;16648;26170,setup
1110,u_cdc_cmd.mem[2][30]$_DFFE_PP_,clk_host,9.25,1.0,9302;9529;12235;13299;13302;14968;15218;15219;15270;16481;16528;16553;16600;16648;26170,setup
1111,u_cdc_cmd.mem[3][12]$_DFFE_PP_,clk_host,9.25,1.0,9302;9325;9546;12235;13305;13308;14968;15303;15304;15375;15907;16528;16553;16600;26170,setup
1112,u_cdc_cmd.mem[2][35]$_DFFE_PP_,clk_host,9.25,0.99,9302;9529;12235;13299;13302;14968;15218;15219;15264;16427;16528;16553;16600;16648;26170,setup
1113,u_cdc_cmd.mem[2][49]$_DFFE_PP_,clk_host,9.25,1.0,9302;9326;9529;12235;12448;13299;13302;14968;15218;15219;15249;16528;16553;16600;26170,setup
1114,u_cdc_cmd.mem[2][37]$_DFFE_PP_,clk_host,9.25,0.99,9302;9529;12235;13299;13302;14968;15218;15219;15262;16454;16528;16553;16600;16648;26170,setup
1115,u_cdc_cmd.mem[2][44]$_DFFE_PP_,clk_host,9.25,1.0,9302;9326;9529;12235;12446;13299;13302;14968;15218;15219;15255;16528;16553;16600;26170,setup
1116,u_cdc_cmd.mem[2][41]$_DFFE_PP_,clk_host,9.25,1.0,9302;9326;9529;12235;12446;13299;13302;14968;15218;15219;15258;16528;16553;16600;26170,setup
1117,u_cdc_cmd.mem[2][43]$_DFFE_PP_,clk_host,9.25,0.99,9302;9321;9529;12235;13299;13302;14968;15218;15219;15256;15486;16528;16553;16600;26170,setup
1118,u_cdc_cmd.mem[2][38]$_DFFE_PP_,clk_host,9.25,0.99,9302;9529;12235;13299;13302;14968;15218;15219;15261;16458;16528;16553;16600;16648;26170,setup
1119,u_cdc_cmd.mem[2][50]$_DFFE_PP_,clk_host,9.25,0.99,9302;9330;9529;12235;13299;13302;14968;15218;15219;15248;16046;16528;16553;16600;26170,setup
1120,u_cdc_cmd.mem[2][47]$_DFFE_PP_,clk_host,9.25,1.0,9302;9328;9529;11422;12235;13299;13302;14968;15218;15219;15251;16528;16553;16600;26170,setup
1121,u_cdc_cmd.mem[10][20]$_DFFE_PP_,clk_host,9.25,0.99,9302;9323;12235;13384;13388;14968;15218;15867;15894;15956;16528;16553;16600;26170,setup
1122,u_cdc_cmd.mem[10][19]$_DFFE_PP_,clk_host,9.25,0.99,9302;9323;12235;13384;13388;14968;15218;15867;15894;15957;16528;16553;16600;26170,setup
1123,u_cdc_cmd.mem[2][45]$_DFFE_PP_,clk_host,9.25,0.99,9302;9328;9529;12235;13299;13302;14968;15218;15219;15253;16339;16528;16553;16600;26170,setup
1124,u_cdc_cmd.mem[2][48]$_DFFE_PP_,clk_host,9.26,0.99,9302;9326;9529;12235;13299;13302;14968;15218;15219;15250;16233;16528;16553;16600;26170,setup
1125,u_cdc_cmd.mem[2][36]$_DFFE_PP_,clk_host,9.26,0.99,9302;9330;9529;12235;13299;13302;14968;15218;15219;15263;16446;16528;16553;16600;26170,setup
1126,u_cdc_cmd.mem[2][51]$_DFFE_PP_,clk_host,9.26,0.99,9302;9328;9529;12235;13299;13302;14968;15218;15219;15247;16408;16528;16553;16600;26170,setup
1127,u_cdc_cmd.mem[11][52]$_DFFE_PP_,clk_host,9.26,0.99,9302;9330;12235;13396;13405;13414;14968;15303;15978;16005;16435;16528;16553;16600;26170,setup
1128,u_cdc_cmd.mem[11][41]$_DFFE_PP_,clk_host,9.26,0.99,9302;9307;12235;12450;13396;13405;13414;14968;15303;15978;16017;16528;16578;16600;26170,setup
1129,u_cdc_cmd.mem[11][37]$_DFFE_PP_,clk_host,9.26,0.99,9302;9330;12235;13396;13405;13414;14968;15303;15978;16021;16443;16528;16553;16600;26170,setup
1130,u_cdc_cmd.mem[11][36]$_DFFE_PP_,clk_host,9.26,0.99,9302;9330;12235;13396;13405;13414;14968;15303;15978;16022;16443;16528;16553;16600;26170,setup
1131,u_cdc_cmd.mem[11][35]$_DFFE_PP_,clk_host,9.26,0.99,9302;12235;13396;13405;13414;14968;15303;15978;16023;16424;16528;16553;16600;16648;26170,setup
1132,u_cdc_cmd.mem[2][46]$_DFFE_PP_,clk_host,9.26,0.99,9302;9326;9529;12235;13299;13302;14968;15218;15219;15252;16383;16528;16553;16600;26170,setup
1133,u_cdc_cmd.mem[10][39]$_DFFE_PP_,clk_host,9.26,0.99,9302;9330;12235;13384;13388;14968;15218;15894;15935;15951;16528;16553;16600;26170,setup
1134,u_cdc_cmd.mem[10][16]$_DFFE_PP_,clk_host,9.26,0.98,9302;9323;12235;13384;13388;14968;15218;15783;15894;15960;16528;16553;16600;26170,setup
1135,u_cdc_cmd.mem[10][12]$_DFFE_PP_,clk_host,9.26,0.99,9302;9325;12235;13384;13388;14968;15218;15894;15895;15965;16528;16553;16600;26170,setup
1136,u_cdc_cmd.mem[11][28]$_DFFE_PP_,clk_host,9.26,0.99,9302;9307;12235;12349;13396;13405;13414;14968;15303;15978;16031;16528;16578;16600;26170,setup
1137,u_cdc_cmd.mem[2][52]$_DFFE_PP_,clk_host,9.26,0.99,9302;9326;9529;12235;13299;13302;14968;15218;15219;15246;16404;16528;16553;16600;26170,setup
1138,u_cdc_cmd.mem[11][38]$_DFFE_PP_,clk_host,9.26,0.99,9302;12235;13396;13405;13414;14968;15303;15978;16020;16462;16528;16553;16600;16648;26170,setup
1139,u_cdc_cmd.mem[11][54]$_DFFE_PP_,clk_host,9.26,0.99,9302;9315;11566;12235;13396;13405;13414;14968;15303;15978;16003;16528;16578;16600;26170,setup
1140,u_cdc_cmd.mem[11][72]$_DFFE_PP_,clk_host,9.26,0.99,9302;9317;12235;13396;13405;13414;14968;15303;15978;15983;16425;16528;16578;16600;26170,setup
1141,u_cdc_cmd.mem[10][13]$_DFFE_PP_,clk_host,9.26,0.99,9302;9325;12235;13384;13388;14968;15218;15894;15929;15964;16528;16553;16600;26170,setup
1142,u_cdc_cmd.mem[11][23]$_DFFE_PP_,clk_host,9.26,0.99,9302;9307;11461;12235;13396;13405;13414;14968;15303;15978;16037;16528;16578;16600;26170,setup
1143,u_cdc_cmd.mem[10][50]$_DFFE_PP_,clk_host,9.26,0.98,9302;9330;12235;13384;13388;14968;15218;15894;15923;16046;16528;16553;16600;26170,setup
1144,u_cdc_cmd.mem[2][39]$_DFFE_PP_,clk_host,9.26,0.99,9302;9330;9529;12235;13299;13302;14968;15218;15219;15260;15979;16528;16553;16600;26170,setup
1145,u_cdc_cmd.mem[11][29]$_DFFE_PP_,clk_host,9.26,0.99,9302;9317;9371;12235;13396;13405;13414;14968;15303;15978;16030;16528;16578;16600;26170,setup
1146,u_cdc_cmd.mem[11][31]$_DFFE_PP_,clk_host,9.26,0.99,9302;9315;11496;12235;13396;13405;13414;14968;15303;15978;16028;16528;16578;16600;26170,setup
1147,u_cdc_cmd.mem[2][14]$_DFFE_PP_,clk_host,9.26,0.98,9302;9325;9529;12235;13299;13302;14968;15218;15219;15288;16065;16528;16553;16600;26170,setup
1148,u_cdc_cmd.mem[10][18]$_DFFE_PP_,clk_host,9.26,0.98,9302;9325;12235;13384;13388;14968;15218;15894;15958;16109;16528;16553;16600;26170,setup
1149,u_cdc_cmd.mem[2][18]$_DFFE_PP_,clk_host,9.26,0.98,9302;9325;9529;12235;13299;13302;14968;15218;15219;15283;16087;16528;16553;16600;26170,setup
1150,u_cdc_cmd.mem[2][13]$_DFFE_PP_,clk_host,9.26,0.98,9302;9325;9529;12235;13299;13302;14968;15218;15219;15289;16087;16528;16553;16600;26170,setup
1151,u_cdc_cmd.mem[10][14]$_DFFE_PP_,clk_host,9.26,0.98,9302;9325;12235;13384;13388;14968;15218;15894;15963;16109;16528;16553;16600;26170,setup
1152,u_cdc_cmd.mem[11][71]$_DFFE_PP_,clk_host,9.26,0.98,9302;9315;9338;12235;13396;13405;13414;14968;15303;15978;15984;16528;16578;16600;26170,setup
1153,u_cdc_cmd.mem[11][30]$_DFFE_PP_,clk_host,9.26,0.99,9302;9328;9361;12235;13396;13405;13414;14968;15303;15978;16029;16528;16553;16600;26170,setup
1154,u_cdc_cmd.mem[11][70]$_DFFE_PP_,clk_host,9.26,0.99,9302;9328;9358;12235;13396;13405;13414;14968;15303;15978;15985;16528;16553;16600;26170,setup
1155,u_cdc_cmd.mem[11][67]$_DFFE_PP_,clk_host,9.26,0.99,9302;9328;9485;12235;13396;13405;13414;14968;15303;15978;15988;16528;16553;16600;26170,setup
1156,u_cdc_cmd.mem[2][12]$_DFFE_PP_,clk_host,9.26,0.98,9302;9325;9529;12235;13299;13302;14968;15218;15219;15290;15907;16528;16553;16600;26170,setup
1157,u_cdc_cmd.mem[11][69]$_DFFE_PP_,clk_host,9.26,0.99,9302;9328;9393;12235;13396;13405;13414;14968;15303;15978;15986;16528;16553;16600;26170,setup
1158,u_cdc_cmd.mem[11][40]$_DFFE_PP_,clk_host,9.26,0.99,9302;9328;9354;12235;13396;13405;13414;14968;15303;15978;16018;16528;16553;16600;26170,setup
1159,u_cdc_cmd.mem[2][3]$_DFFE_PP_,clk_host,9.26,0.98,9302;9321;9529;12235;13299;13302;14968;15218;15219;15299;16171;16528;16553;16600;26170,setup
1160,u_cdc_cmd.mem[11][68]$_DFFE_PP_,clk_host,9.26,0.99,9302;9328;12235;13396;13405;13414;14968;15303;15978;15987;16412;16528;16553;16600;26170,setup
1161,u_cdc_cmd.mem[11][51]$_DFFE_PP_,clk_host,9.26,0.99,9302;9328;12235;13396;13405;13414;14968;15303;15978;16006;16412;16528;16553;16600;26170,setup
1162,u_cdc_cmd.mem[10][6]$_DFFE_PP_,clk_host,9.27,0.98,9302;9319;12235;13384;13388;14968;15218;15424;15894;15971;16528;16553;16600;26170,setup
1163,u_cdc_cmd.mem[10][7]$_DFFE_PP_,clk_host,9.27,0.98,9302;9319;12235;13384;13388;14968;15218;15424;15894;15970;16528;16553;16600;26170,setup
1164,u_cdc_cmd.mem[10][17]$_DFFE_PP_,clk_host,9.27,0.98,9302;9319;12235;13384;13388;14968;15218;15570;15894;15959;16528;16553;16600;26170,setup
1165,u_cdc_cmd.mem[11][45]$_DFFE_PP_,clk_host,9.27,0.98,9302;9328;12235;13396;13405;13414;14968;15303;15978;16012;16361;16528;16553;16600;26170,setup
1166,u_cdc_cmd.mem[10][15]$_DFFE_PP_,clk_host,9.27,0.98,9302;9319;12235;13384;13388;14968;15218;15642;15894;15961;16528;16553;16600;26170,setup
1167,u_cdc_cmd.mem[10][11]$_DFFE_PP_,clk_host,9.27,0.98,9302;9319;12235;13384;13388;14968;15218;15559;15894;15966;16528;16553;16600;26170,setup
1168,u_cdc_cmd.mem[10][3]$_DFFE_PP_,clk_host,9.27,0.98,9302;9321;12235;13384;13388;14968;15218;15508;15894;15974;16528;16553;16600;26170,setup
1169,u_cdc_cmd.mem[11][47]$_DFFE_PP_,clk_host,9.27,0.98,9302;9328;11192;12235;13396;13405;13414;14968;15303;15978;16010;16528;16553;16600;26170,setup
1170,u_cdc_cmd.mem[10][4]$_DFFE_PP_,clk_host,9.27,0.98,9302;9321;12235;13384;13388;14968;15218;15508;15894;15973;16528;16553;16600;26170,setup
1171,u_cdc_cmd.mem[10][43]$_DFFE_PP_,clk_host,9.27,0.98,9302;9321;12235;13384;13388;14968;15218;15894;15931;16277;16528;16553;16600;26170,setup
1172,u_cdc_cmd.mem[10][48]$_DFFE_PP_,clk_host,9.27,0.98,9302;9326;12235;13384;13388;14968;15218;15894;15925;16215;16528;16553;16600;26170,setup
1173,u_cdc_cmd.mem[10][49]$_DFFE_PP_,clk_host,9.27,0.98,9302;9326;12235;13384;13388;14968;15218;15475;15894;15924;16528;16553;16600;26170,setup
1174,u_cdc_cmd.mem[10][5]$_DFFE_PP_,clk_host,9.27,0.98,9302;9321;12235;13384;13388;14968;15218;15446;15894;15972;16528;16553;16600;26170,setup
1175,u_cdc_cmd.mem[10][9]$_DFFE_PP_,clk_host,9.27,0.97,9302;9321;12235;13384;13388;14968;15218;15486;15894;15968;16528;16553;16600;26170,setup
1176,u_cdc_cmd.mem[1][66]$_DFFE_PP_,clk_host,9.28,0.96,9302;9313;11889;12235;13295;13404;14968;15133;15134;15145;16528;16578;16600;26170,setup
1177,u_cdc_cmd.mem[10][22]$_DFFE_PP_,clk_host,9.28,0.97,9302;9326;12235;12438;13384;13388;14968;15218;15894;15954;16528;16553;16600;26170,setup
1178,u_cdc_cmd.mem[1][53]$_DFFE_PP_,clk_host,9.28,0.96,9302;9313;11900;12235;13295;13404;14968;15133;15134;15160;16528;16578;16600;26170,setup
1179,u_cdc_cmd.mem[5][67]$_DFFE_PP_,clk_host,9.28,0.96,9302;12235;13330;13333;14968;15133;15473;15483;16506;16528;16553;16600;16648;26170,setup
1180,u_cdc_cmd.mem[1][63]$_DFFE_PP_,clk_host,9.28,0.96,9302;9313;11900;12235;13295;13404;14968;15133;15134;15149;16528;16578;16600;26170,setup
1181,u_cdc_cmd.mem[5][30]$_DFFE_PP_,clk_host,9.28,0.96,9302;12235;13330;13333;14968;15133;15473;15524;16481;16528;16553;16600;16648;26170,setup
1182,u_cdc_cmd.mem[5][70]$_DFFE_PP_,clk_host,9.28,0.96,9302;12235;13330;13333;14968;15133;15473;15480;16420;16528;16553;16600;16648;26170,setup
1183,u_cdc_cmd.mem[5][40]$_DFFE_PP_,clk_host,9.28,0.96,9302;9496;12235;13330;13333;14968;15133;15473;15513;16528;16553;16600;16648;26170,setup
1184,u_cdc_cmd.mem[15][19]$_DFFE_PP_,clk_host,9.28,0.96,9302;9323;10617;12235;13520;14968;15303;15867;16315;16378;16528;16553;16600;26170,setup
1185,u_cdc_cmd.mem[15][16]$_DFFE_PP_,clk_host,9.28,0.96,9302;9323;10617;12235;13520;14968;15303;15783;16315;16381;16528;16553;16600;26170,setup
1186,u_cdc_cmd.mem[1][61]$_DFFE_PP_,clk_host,9.28,0.96,9302;9317;11479;12235;13295;13404;14968;15133;15134;15151;16528;16578;16600;26170,setup
1187,u_cdc_cmd.mem[10][42]$_DFFE_PP_,clk_host,9.28,0.96,9302;9307;12235;12264;13384;13388;14968;15218;15894;15932;16528;16578;16600;26170,setup
1188,u_cdc_cmd.mem[1][55]$_DFFE_PP_,clk_host,9.28,0.96,9302;9311;11988;12235;13295;13404;14968;15133;15134;15157;16528;16578;16600;26170,setup
1189,u_cdc_cmd.mem[15][20]$_DFFE_PP_,clk_host,9.28,0.96,9302;9323;10617;12235;13520;14968;15303;15811;16315;16377;16528;16553;16600;26170,setup
1190,u_cdc_cmd.mem[3][53]$_DFFE_PP_,clk_host,9.28,0.96,9302;9313;9546;11889;12235;13305;13317;14968;15303;15304;15330;16528;16578;16600;26170,setup
1191,u_cdc_cmd.mem[1][21]$_DFFE_PP_,clk_host,9.28,0.95,9300;9302;12235;12309;13296;13404;14968;15133;15134;15195;16528;16600;26170,setup
1192,u_cdc_cmd.mem[10][2]$_DFFE_PP_,clk_host,9.28,0.96,9302;9321;12235;12430;13384;13388;14968;15218;15894;15975;16528;16553;16600;26170,setup
1193,u_cdc_cmd.mem[3][63]$_DFFE_PP_,clk_host,9.28,0.96,9302;9313;9546;11900;12235;13305;13317;14968;15303;15304;15319;16528;16578;16600;26170,setup
1194,u_cdc_cmd.mem[1][75]$_DFFE_PP_,clk_host,9.28,0.95,9300;9302;12235;12500;13296;13404;14968;15133;15134;16528;16600;17643;26170,setup
1195,u_cdc_cmd.mem[1][62]$_DFFE_PP_,clk_host,9.28,0.96,9302;9317;9422;12235;13295;13404;14968;15133;15134;15150;16528;16578;16600;26170,setup
1196,u_cdc_cmd.mem[3][66]$_DFFE_PP_,clk_host,9.28,0.96,9302;9313;9546;11913;12235;13305;13317;14968;15303;15304;15315;16528;16578;16600;26170,setup
1197,u_cdc_cmd.mem[1][26]$_DFFE_PP_,clk_host,9.28,0.95,9300;9302;12235;12309;13296;13404;14968;15133;15134;15189;16528;16600;26170,setup
1198,u_cdc_cmd.mem[5][69]$_DFFE_PP_,clk_host,9.29,0.97,9302;9328;12235;13330;13333;14968;15133;15473;15481;15654;16528;16553;16600;26170,setup
1199,u_cdc_cmd.mem[5][29]$_DFFE_PP_,clk_host,9.29,0.96,9302;9317;9371;12235;13330;13333;14968;15133;15473;15525;16528;16578;16600;26170,setup
1200,u_cdc_cmd.mem[5][71]$_DFFE_PP_,clk_host,9.29,0.96,9302;9315;9334;12235;13330;13333;14968;15133;15473;15479;16528;16578;16600;26170,setup
1201,nand_dq_o[2],clk_nand,11.58,0.42,17050;27800;27805;27808;27824,setup
1202,nand_dq_oe[0],clk_nand,11.58,0.42,17035;27800;27805;27808;27824,setup
1203,nand_dq_o[1],clk_nand,11.59,0.41,17052;27800;27805;27808;27824,setup
1204,nand_cle[0],clk_nand,11.59,0.41,43;17081;27805;27808;27823,setup
1205,nand_ale[0],clk_nand,11.59,0.41,17128;27800;27805;27808;27824,setup
1206,nand_ce_n[0],clk_nand,11.6,0.4,43;17106;27805;27808;27823,setup
1207,nand_we_n[0],clk_nand,11.61,0.39,17027;27779;27805;27809;27828,setup
1208,nand_dq_o[14],clk_nand,11.61,0.39,17056;27788;27805;27808;27824,setup
1209,nand_dq_o[4],clk_nand,11.61,0.39,17046;27804;27805;27808;27822,setup
1210,nand_dq_o[11],clk_nand,11.61,0.39,17062;27788;27805;27808;27824,setup
1211,nand_re_n[0],clk_nand,11.61,0.39,17031;27639;27805;27810;27830,setup
1212,nand_dq_o[7],clk_nand,11.61,0.39,17041;27802;27805;27808;27822,setup
1213,nand_dq_o[0],clk_nand,11.61,0.39,17066;27802;27805;27808;27822,setup
1214,nand_dq_o[5],clk_nand,11.61,0.39,17045;27802;27805;27808;27822,setup
1215,nand_dq_o[6],clk_nand,11.61,0.39,17043;27802;27805;27808;27822,setup
1216,nand_dq_o[12],clk_nand,11.61,0.39,17060;27789;27805;27808;27824,setup
1217,nand_re_n[1],clk_nand,11.61,0.39,17029;27787;27805;27808;27825,setup
1218,nand_dq_o[8],clk_nand,11.61,0.39,17039;27788;27805;27808;27824,setup
1219,nand_dq_o[3],clk_nand,11.62,0.38,17048;27802;27805;27808;27822,setup
1220,nand_dq_o[15],clk_nand,11.62,0.38,17054;27788;27805;27808;27824,setup
1221,nand_dq_o[10],clk_nand,11.62,0.38,17064;27788;27805;27808;27824,setup
1222,nand_dq_oe[1],clk_nand,11.62,0.38,17033;27786;27805;27808;27825,setup
1223,nand_dq_o[9],clk_nand,11.62,0.38,17037;27787;27805;27808;27825,setup
1224,nand_dq_o[13],clk_nand,11.62,0.38,17058;27787;27805;27808;27825,setup
1225,nand_ale[1],clk_nand,11.63,0.37,17117;27787;27805;27808;27825,setup
1226,nand_cle[1],clk_nand,11.63,0.37,17070;27787;27805;27808;27825,setup
1227,nand_we_n[1],clk_nand,11.63,0.37,17025;27787;27805;27808;27825,setup
1228,nand_ce_n[1],clk_nand,11.64,0.36,17092;27787;27805;27808;27825,setup
1229,g_chan[1].u_cdc_chr.mem[13][21]$_DFFE_PP_,clk_nand,11.85,8.37,9342;13327;13493;14256;18475;27745;27805;27812;27841,setup
1230,g_chan[1].u_cdc_chr.mem[12][21]$_DFFE_PP_,clk_nand,11.85,8.37,9342;13327;13493;14221;18475;27745;27805;27812;27841,setup
1231,g_chan[1].u_cdc_chr.mem[4][21]$_DFFE_PP_,clk_nand,11.85,8.37,9342;13327;13493;13938;18475;27745;27805;27812;27841,setup
1232,g_chan[1].u_cdc_chr.mem[9][21]$_DFFE_PP_,clk_nand,11.85,8.37,9342;13327;13493;14115;18475;27746;27805;27812;27841,setup
1233,g_chan[1].u_cdc_chr.mem[6][21]$_DFFE_PP_,clk_nand,11.85,8.37,9342;13327;13493;14009;18475;27745;27805;27812;27841,setup
1234,g_chan[1].u_cdc_chr.mem[5][21]$_DFFE_PP_,clk_nand,11.85,8.37,9342;13327;13493;13974;18475;27745;27805;27812;27841,setup
1235,g_chan[1].u_cdc_chr.mem[8][21]$_DFFE_PP_,clk_nand,11.85,8.37,9342;13327;13493;14080;18475;27747;27805;27812;27841,setup
1236,g_chan[1].u_cdc_chr.mem[3][24]$_DFFE_PP_,clk_nand,11.85,8.35,9779;13432;13446;13899;18465;27766;27805;27806;27816,setup
1237,g_chan[1].u_cdc_chr.mem[1][24]$_DFFE_PP_,clk_nand,11.85,8.35,9779;13432;13446;13827;18465;27766;27805;27806;27816,setup
1238,g_chan[1].u_cdc_chr.mem[0][24]$_DFFE_PP_,clk_nand,11.85,8.35,9779;13432;13446;13448;18465;27766;27805;27806;27816,setup
1239,g_chan[1].u_cdc_chr.mem[11][21]$_DFFE_PP_,clk_nand,11.85,8.37,9342;13327;13493;14185;18475;27747;27805;27812;27841,setup
1240,g_chan[1].u_cdc_chr.mem[10][21]$_DFFE_PP_,clk_nand,11.85,8.37,9342;13327;13493;14150;18475;27747;27805;27812;27841,setup
1241,g_chan[1].u_cdc_chr.mem[2][21]$_DFFE_PP_,clk_nand,11.85,8.37,9342;13327;13493;13866;18475;27747;27805;27812;27841,setup
1242,g_chan[1].u_cdc_chr.mem[7][21]$_DFFE_PP_,clk_nand,11.85,8.37,9342;13327;13493;14044;18475;27734;27805;27812;27841,setup
1243,g_chan[1].u_cdc_chr.mem[14][21]$_DFFE_PP_,clk_nand,11.85,8.37,9342;13327;13493;14291;18475;27734;27805;27812;27841,setup
1244,g_chan[1].u_cdc_chr.mem[15][21]$_DFFE_PP_,clk_nand,11.85,8.37,9342;13327;13493;14326;18475;27734;27805;27812;27841,setup
1245,g_chan[1].u_cdc_chr.mem[1][21]$_DFFE_PP_,clk_nand,11.85,8.37,9342;13327;13493;13830;18475;27747;27805;27812;27841,setup
1246,g_chan[1].u_cdc_chr.mem[0][21]$_DFFE_PP_,clk_nand,11.85,8.37,9342;13327;13493;13495;18475;27747;27805;27812;27841,setup
1247,g_chan[1].u_cdc_chr.mem[3][21]$_DFFE_PP_,clk_nand,11.85,8.37,9342;13327;13493;13902;18475;27747;27805;27812;27841,setup
1248,g_chan[1].u_cdc_chr.mem[15][24]$_DFFE_PP_,clk_nand,11.86,8.35,9779;13432;13446;14323;18465;27764;27805;27812;27838,setup
1249,g_chan[1].u_cdc_chr.mem[12][24]$_DFFE_PP_,clk_nand,11.86,8.35,9779;13432;13446;14218;18465;27764;27805;27812;27838,setup
1250,g_chan[1].u_cdc_chr.mem[4][24]$_DFFE_PP_,clk_nand,11.86,8.35,9779;13432;13446;13935;18465;27764;27805;27812;27838,setup
1251,g_chan[1].u_cdc_chr.mem[9][24]$_DFFE_PP_,clk_nand,11.86,8.35,9779;13432;13446;14112;18465;27765;27805;27812;27838,setup
1252,g_chan[1].u_cdc_chr.mem[5][24]$_DFFE_PP_,clk_nand,11.86,8.35,9779;13432;13446;13971;18465;27764;27805;27812;27838,setup
1253,g_chan[1].u_cdc_chr.mem[10][24]$_DFFE_PP_,clk_nand,11.87,8.35,9779;13432;13446;14147;18465;27760;27805;27812;27838,setup
1254,g_chan[1].u_cdc_chr.mem[6][24]$_DFFE_PP_,clk_nand,11.87,8.35,9779;13432;13446;14006;18465;27765;27805;27812;27838,setup
1255,g_chan[1].u_cdc_chr.mem[11][24]$_DFFE_PP_,clk_nand,11.87,8.35,9779;13432;13446;14182;18465;27760;27805;27812;27838,setup
1256,g_chan[1].u_cdc_chr.mem[14][24]$_DFFE_PP_,clk_nand,11.87,8.35,9779;13432;13446;14288;18465;27761;27805;27812;27838,setup
1257,g_chan[1].u_cdc_chr.mem[8][24]$_DFFE_PP_,clk_nand,11.87,8.35,9779;13432;13446;14077;18465;27765;27805;27812;27838,setup
1258,g_chan[1].u_cdc_chr.mem[7][24]$_DFFE_PP_,clk_nand,11.87,8.35,9779;13432;13446;14041;18465;27761;27805;27812;27838,setup
1259,g_chan[1].u_cdc_chr.mem[13][24]$_DFFE_PP_,clk_nand,11.87,8.35,9779;13432;13446;14253;18465;27763;27805;27812;27838,setup
1260,g_chan[1].u_cdc_chr.mem[2][24]$_DFFE_PP_,clk_nand,11.87,8.35,9779;13432;13446;13863;18465;27765;27805;27812;27838,setup
1261,g_chan[1].u_cdc_chr.mem[0][13]$_DFFE_PP_,clk_nand,11.87,8.35,13327;13618;13620;18475;27645;27805;27810;27833,setup
1262,g_chan[1].u_cdc_chr.mem[3][13]$_DFFE_PP_,clk_nand,11.87,8.35,13327;13618;13911;18475;27645;27805;27810;27833,setup
1263,g_chan[1].u_cdc_chr.mem[1][13]$_DFFE_PP_,clk_nand,11.87,8.35,13327;13618;13839;18475;27645;27805;27810;27833,setup
1264,g_chan[1].u_cdc_chr.mem[9][13]$_DFFE_PP_,clk_nand,11.87,8.35,13327;13618;14124;18475;27663;27805;27810;27833,setup
1265,g_chan[1].u_cdc_chr.mem[11][13]$_DFFE_PP_,clk_nand,11.87,8.35,13327;13618;14194;18475;27663;27805;27810;27833,setup
1266,g_chan[1].u_cdc_chr.mem[8][13]$_DFFE_PP_,clk_nand,11.87,8.35,13327;13618;14089;18475;27663;27805;27810;27833,setup
1267,g_chan[1].u_cdc_chr.mem[2][13]$_DFFE_PP_,clk_nand,11.87,8.35,13327;13618;13875;18475;27663;27805;27810;27833,setup
1268,g_chan[1].u_cdc_chr.mem[5][13]$_DFFE_PP_,clk_nand,11.87,8.34,13327;13618;13983;18475;27648;27805;27810;27832,setup
1269,g_chan[1].u_cdc_chr.mem[4][13]$_DFFE_PP_,clk_nand,11.87,8.34,13327;13618;13947;18475;27646;27805;27810;27832,setup
1270,g_chan[1].u_cdc_chr.mem[6][13]$_DFFE_PP_,clk_nand,11.87,8.34,13327;13618;14018;18475;27647;27805;27810;27832,setup
1271,g_chan[1].u_cdc_chr.mem[14][13]$_DFFE_PP_,clk_nand,11.87,8.34,13327;13618;14300;18475;27661;27805;27810;27832,setup
1272,g_chan[1].u_cdc_chr.mem[3][18]$_DFFE_PP_,clk_nand,11.87,8.34,9357;13398;13543;13906;18478;27742;27805;27812;27840,setup
1273,g_chan[1].u_cdc_chr.mem[7][13]$_DFFE_PP_,clk_nand,11.87,8.34,13327;13618;14053;18475;27647;27805;27810;27832,setup
1274,g_chan[1].u_cdc_chr.mem[13][13]$_DFFE_PP_,clk_nand,11.87,8.34,13327;13618;14265;18475;27662;27805;27810;27832,setup
1275,g_chan[1].u_cdc_chr.mem[10][18]$_DFFE_PP_,clk_nand,11.87,8.34,9357;13398;13543;14154;18478;27742;27805;27812;27840,setup
1276,g_chan[1].u_cdc_chr.mem[14][18]$_DFFE_PP_,clk_nand,11.87,8.34,9357;13398;13543;14295;18478;27738;27805;27812;27840,setup
1277,g_chan[1].u_cdc_chr.mem[12][13]$_DFFE_PP_,clk_nand,11.87,8.34,13327;13618;14230;18475;27662;27805;27810;27832,setup
1278,g_chan[1].u_cdc_chr.mem[15][13]$_DFFE_PP_,clk_nand,11.87,8.34,13327;13618;14335;18475;27661;27805;27810;27832,setup
1279,g_chan[1].u_cdc_chr.mem[2][18]$_DFFE_PP_,clk_nand,11.87,8.34,9357;13398;13543;13870;18478;27742;27805;27812;27840,setup
1280,g_chan[1].u_cdc_chr.mem[0][18]$_DFFE_PP_,clk_nand,11.87,8.34,9357;13398;13543;13545;18478;27743;27805;27812;27840,setup
1281,g_chan[1].u_cdc_chr.mem[8][18]$_DFFE_PP_,clk_nand,11.87,8.34,9357;13398;13543;14084;18478;27742;27805;27812;27840,setup
1282,g_chan[1].u_cdc_chr.mem[6][18]$_DFFE_PP_,clk_nand,11.87,8.34,9357;13398;13543;14013;18478;27738;27805;27812;27840,setup
1283,g_chan[1].u_cdc_chr.mem[10][13]$_DFFE_PP_,clk_nand,11.87,8.34,13327;13618;14159;18475;27665;27805;27812;27839,setup
1284,g_chan[1].u_cdc_chr.mem[4][18]$_DFFE_PP_,clk_nand,11.87,8.34,9357;13398;13543;13942;18478;27738;27805;27812;27840,setup
1285,g_chan[1].u_cdc_chr.mem[9][18]$_DFFE_PP_,clk_nand,11.87,8.34,9357;13398;13543;14119;18478;27738;27805;27812;27840,setup
1286,g_chan[1].u_cdc_chr.mem[5][18]$_DFFE_PP_,clk_nand,11.87,8.34,9357;13398;13543;13978;18478;27738;27805;27812;27840,setup
1287,g_chan[1].u_cdc_chr.mem[1][18]$_DFFE_PP_,clk_nand,11.87,8.34,9357;13398;13543;13834;18478;27743;27805;27812;27840,setup
1288,g_chan[1].u_cdc_chr.mem[11][18]$_DFFE_PP_,clk_nand,11.87,8.34,9357;13398;13543;14189;18478;27744;27805;27812;27841,setup
1289,g_chan[1].u_cdc_chr.mem[12][18]$_DFFE_PP_,clk_nand,11.87,8.34,9357;13398;13543;14225;18478;27737;27805;27812;27840,setup
1290,g_chan[1].u_cdc_chr.mem[13][18]$_DFFE_PP_,clk_nand,11.87,8.34,9357;13398;13543;14260;18478;27737;27805;27812;27840,setup
1291,g_chan[1].u_cdc_chr.mem[15][18]$_DFFE_PP_,clk_nand,11.87,8.34,9357;13398;13543;14330;18478;27737;27805;27812;27840,setup
1292,g_chan[1].u_cdc_chr.mem[11][8]$_DFFE_PP_,clk_nand,11.87,8.33,9653;13432;13695;14200;18465;27654;27805;27806;27816,setup
1293,g_chan[1].u_cdc_chr.mem[2][8]$_DFFE_PP_,clk_nand,11.87,8.33,9653;13432;13695;13881;18465;27654;27805;27806;27816,setup
1294,g_chan[1].u_cdc_chr.mem[7][18]$_DFFE_PP_,clk_nand,11.87,8.34,9357;13398;13543;14048;18478;27737;27805;27812;27840,setup
1295,g_chan[1].u_cdc_chr.mem[0][8]$_DFFE_PP_,clk_nand,11.88,8.33,9653;13432;13695;13697;18465;27767;27805;27806;27816,setup
1296,g_chan[1].u_cdc_chr.mem[10][8]$_DFFE_PP_,clk_nand,11.88,8.32,9653;13432;13695;14165;18465;27654;27805;27806;27816,setup
1297,g_chan[1].u_cdc_chr.mem[9][8]$_DFFE_PP_,clk_nand,11.88,8.32,9653;13432;13695;14130;18465;27654;27805;27806;27816,setup
1298,g_chan[1].u_cdc_chr.mem[3][8]$_DFFE_PP_,clk_nand,11.88,8.32,9653;13432;13695;13917;18465;27767;27805;27806;27816,setup
1299,g_chan[1].u_cdc_chr.mem[5][0]$_DFFE_PP_,clk_nand,11.88,8.34,13432;13815;13997;18465;27796;27805;27809;27828,setup
1300,g_chan[1].u_cdc_chr.mem[1][8]$_DFFE_PP_,clk_nand,11.88,8.32,9653;13432;13695;13845;18465;27767;27805;27806;27816,setup
1301,g_chan[1].u_cdc_chr.mem[9][16]$_DFFE_PP_,clk_nand,11.88,8.32,9620;13432;13573;14121;18465;27653;27805;27806;27816,setup
1302,g_chan[1].u_cdc_chr.mem[8][16]$_DFFE_PP_,clk_nand,11.88,8.32,9620;13432;13573;14086;18465;27653;27805;27806;27816,setup
1303,g_chan[1].u_cdc_chr.mem[11][16]$_DFFE_PP_,clk_nand,11.88,8.32,9620;13432;13573;14191;18465;27654;27805;27806;27816,setup
1304,g_chan[1].u_cdc_chr.mem[10][16]$_DFFE_PP_,clk_nand,11.88,8.32,9620;13432;13573;14156;18465;27653;27805;27806;27816,setup
1305,g_chan[1].u_cdc_chr.mem[9][0]$_DFFE_PP_,clk_nand,11.88,8.34,13432;13815;14138;18465;27796;27805;27809;27828,setup
1306,g_chan[1].u_cdc_chr.mem[4][0]$_DFFE_PP_,clk_nand,11.88,8.34,13432;13815;13961;18465;27796;27805;27809;27828,setup
1307,g_chan[1].u_cdc_chr.mem[11][0]$_DFFE_PP_,clk_nand,11.88,8.34,13432;13815;14208;18465;27795;27805;27809;27828,setup
1308,g_chan[1].u_cdc_chr.mem[8][0]$_DFFE_PP_,clk_nand,11.88,8.34,13432;13815;14103;18465;27796;27805;27809;27828,setup
1309,g_chan[1].u_cdc_chr.mem[10][0]$_DFFE_PP_,clk_nand,11.88,8.34,13432;13815;14173;18465;27795;27805;27809;27828,setup
1310,g_chan[1].u_cdc_chr.mem[15][0]$_DFFE_PP_,clk_nand,11.88,8.34,13432;13815;14349;18465;27796;27805;27809;27828,setup
1311,g_chan[1].u_cdc_chr.mem[14][0]$_DFFE_PP_,clk_nand,11.88,8.34,13432;13815;14314;18465;27799;27805;27809;27828,setup
1312,g_chan[1].u_cdc_chr.mem[1][0]$_DFFE_PP_,clk_nand,11.88,8.34,13432;13815;13853;18465;27771;27805;27809;27828,setup
1313,g_chan[1].u_cdc_chr.mem[12][0]$_DFFE_PP_,clk_nand,11.88,8.34,13432;13815;14244;18465;27798;27805;27809;27828,setup
1314,g_chan[1].u_cdc_chr.mem[0][0]$_DFFE_PP_,clk_nand,11.88,8.34,13432;13815;13817;18465;27771;27805;27809;27828,setup
1315,g_chan[1].u_cdc_chr.mem[7][0]$_DFFE_PP_,clk_nand,11.88,8.34,13432;13815;14067;18465;27799;27805;27809;27828,setup
1316,g_chan[1].u_cdc_chr.mem[6][0]$_DFFE_PP_,clk_nand,11.88,8.34,13432;13815;14032;18465;27798;27805;27809;27828,setup
1317,g_chan[1].u_cdc_chr.mem[13][0]$_DFFE_PP_,clk_nand,11.88,8.34,13432;13815;14279;18465;27798;27805;27809;27828,setup
1318,g_chan[1].u_cdc_chr.mem[13][31]$_DFFE_PP_,clk_nand,11.88,8.33,13449;17695;17699;18473;27661;27805;27810;27832,setup
1319,g_chan[1].u_cdc_chr.mem[8][7]$_DFFE_PP_,clk_nand,11.88,8.32,13449;13710;14096;14988;18473;27766;27805;27806;27816,setup
1320,g_chan[1].u_cdc_chr.mem[5][8]$_DFFE_PP_,clk_nand,11.88,8.32,9653;13432;13695;13989;18465;27651;27805;27806;27817,setup
1321,g_chan[1].u_cdc_chr.mem[9][31]$_DFFE_PP_,clk_nand,11.88,8.33,13449;17695;17703;18473;27659;27805;27812;27838,setup
1322,g_chan[1].u_cdc_chr.mem[14][31]$_DFFE_PP_,clk_nand,11.88,8.33,13449;17695;17698;18473;27659;27805;27812;27838,setup
1323,g_chan[1].u_cdc_chr.mem[1][31]$_DFFE_PP_,clk_nand,11.88,8.33,13449;17695;17711;18473;27659;27805;27812;27838,setup
1324,g_chan[1].u_cdc_chr.mem[2][0]$_DFFE_PP_,clk_nand,11.88,8.34,13432;13815;13889;18465;27769;27805;27809;27829,setup
1325,g_chan[1].u_cdc_chr.mem[3][0]$_DFFE_PP_,clk_nand,11.88,8.34,13432;13815;13925;18465;27770;27805;27809;27829,setup
1326,g_chan[1].u_cdc_chr.mem[15][31]$_DFFE_PP_,clk_nand,11.88,8.33,13449;17695;17697;18473;27659;27805;27812;27838,setup
1327,g_chan[1].u_cdc_chr.mem[0][31]$_DFFE_PP_,clk_nand,11.88,8.33,13449;17695;17712;18473;27659;27805;27812;27838,setup
1328,g_chan[1].u_cdc_chr.mem[4][31]$_DFFE_PP_,clk_nand,11.88,8.33,13449;17695;17708;18473;27661;27805;27810;27832,setup
1329,g_chan[1].u_cdc_chr.mem[8][31]$_DFFE_PP_,clk_nand,11.88,8.33,13449;17695;17704;18473;27659;27805;27812;27838,setup
1330,g_chan[1].u_cdc_chr.mem[4][8]$_DFFE_PP_,clk_nand,11.88,8.32,9653;13432;13695;13953;18465;27651;27805;27806;27817,setup
1331,g_chan[1].u_cdc_chr.mem[8][8]$_DFFE_PP_,clk_nand,11.88,8.32,11;9653;13432;13695;14095;18465;27805;27809;27827,setup
1332,g_chan[1].u_cdc_chr.mem[13][23]$_DFFE_PP_,clk_nand,11.88,8.33,9591;13449;13462;14254;18473;27757;27805;27812;27840,setup
1333,g_chan[1].u_cdc_chr.mem[12][23]$_DFFE_PP_,clk_nand,11.88,8.33,9591;13449;13462;14219;18473;27757;27805;27812;27840,setup
1334,g_chan[1].u_cdc_chr.mem[2][31]$_DFFE_PP_,clk_nand,11.88,8.33,13449;17695;17710;18473;27754;27805;27812;27838,setup
1335,g_chan[1].u_cdc_chr.mem[12][31]$_DFFE_PP_,clk_nand,11.88,8.33,13449;17695;17700;18473;27661;27805;27810;27832,setup
1336,g_chan[1].u_cdc_chr.mem[3][31]$_DFFE_PP_,clk_nand,11.89,8.33,13449;17695;17709;18473;27754;27805;27812;27838,setup
1337,g_chan[1].u_cdc_chr.mem[11][23]$_DFFE_PP_,clk_nand,11.89,8.33,9591;13449;13462;14183;18473;27757;27805;27812;27840,setup
1338,g_chan[1].u_cdc_chr.mem[8][23]$_DFFE_PP_,clk_nand,11.89,8.33,9591;13449;13462;14078;18473;27761;27805;27812;27838,setup
1339,g_chan[1].u_cdc_chr.mem[1][23]$_DFFE_PP_,clk_nand,11.89,8.33,9591;13449;13462;13828;18473;27761;27805;27812;27838,setup
1340,g_chan[1].u_cdc_chr.mem[10][31]$_DFFE_PP_,clk_nand,11.89,8.33,13449;17695;17702;18473;27667;27805;27812;27839,setup
1341,g_chan[1].u_cdc_chr.mem[14][23]$_DFFE_PP_,clk_nand,11.89,8.33,9591;13449;13462;14289;18473;27757;27805;27812;27840,setup
1342,g_chan[1].u_cdc_chr.mem[9][2]$_DFFE_PP_,clk_nand,11.89,8.33,13398;13785;14136;18478;27795;27805;27809;27828,setup
1343,g_chan[1].u_cdc_chr.mem[11][31]$_DFFE_PP_,clk_nand,11.89,8.33,13449;17695;17701;18473;27667;27805;27812;27839,setup
1344,g_chan[1].u_cdc_chr.mem[4][2]$_DFFE_PP_,clk_nand,11.89,8.33,13398;13785;13959;18478;27796;27805;27809;27828,setup
1345,g_chan[1].u_cdc_chr.mem[3][23]$_DFFE_PP_,clk_nand,11.89,8.33,9591;13449;13462;13900;18473;27757;27805;27812;27840,setup
1346,g_chan[1].u_cdc_chr.mem[9][23]$_DFFE_PP_,clk_nand,11.89,8.33,9591;13449;13462;14113;18473;27762;27805;27812;27838,setup
1347,g_chan[1].u_cdc_chr.mem[0][23]$_DFFE_PP_,clk_nand,11.89,8.33,9591;13449;13462;13464;18473;27761;27805;27812;27838,setup
1348,g_chan[1].u_cdc_chr.mem[15][23]$_DFFE_PP_,clk_nand,11.89,8.33,9591;13449;13462;14324;18473;27758;27805;27812;27840,setup
1349,g_chan[1].u_cdc_chr.mem[1][2]$_DFFE_PP_,clk_nand,11.89,8.33,13398;13785;13851;18478;27795;27805;27809;27828,setup
1350,g_chan[1].u_cdc_chr.mem[6][31]$_DFFE_PP_,clk_nand,11.89,8.33,13449;17695;17706;18473;27660;27805;27812;27839,setup
1351,g_chan[1].u_cdc_chr.mem[10][23]$_DFFE_PP_,clk_nand,11.89,8.33,9591;13449;13462;14148;18473;27761;27805;27812;27838,setup
1352,g_chan[1].u_cdc_chr.mem[7][31]$_DFFE_PP_,clk_nand,11.89,8.33,13449;17695;17705;18473;27660;27805;27812;27839,setup
1353,g_chan[1].u_cdc_chr.mem[7][23]$_DFFE_PP_,clk_nand,11.89,8.33,9591;13449;13462;14042;18473;27759;27805;27812;27838,setup
1354,g_chan[1].u_cdc_chr.mem[10][2]$_DFFE_PP_,clk_nand,11.89,8.33,13398;13785;14171;18478;27795;27805;27809;27828,setup
1355,g_chan[1].u_cdc_chr.mem[11][2]$_DFFE_PP_,clk_nand,11.89,8.33,13398;13785;14206;18478;27795;27805;27809;27828,setup
1356,g_chan[1].u_cdc_chr.mem[5][31]$_DFFE_PP_,clk_nand,11.89,8.33,13449;17695;17707;18473;27660;27805;27812;27839,setup
1357,g_chan[1].u_cdc_chr.mem[8][2]$_DFFE_PP_,clk_nand,11.89,8.33,13398;13785;14101;18478;27795;27805;27809;27828,setup
1358,g_chan[1].u_cdc_chr.mem[0][29]$_DFFE_PP_,clk_nand,11.89,8.33,10521;13327;13350;13352;18475;27741;27805;27812;27840,setup
1359,g_chan[1].u_cdc_chr.mem[5][2]$_DFFE_PP_,clk_nand,11.89,8.33,13398;13785;13995;18478;27796;27805;27809;27828,setup
1360,g_chan[1].u_cdc_chr.mem[2][23]$_DFFE_PP_,clk_nand,11.89,8.33,9591;13449;13462;13864;18473;27759;27805;27812;27838,setup
1361,g_chan[1].u_cdc_chr.mem[5][25]$_DFFE_PP_,clk_nand,11.89,8.33,9776;13416;13429;13970;18464;27756;27805;27812;27840,setup
1362,g_chan[1].u_cdc_chr.mem[10][1]$_DFFE_PP_,clk_nand,11.89,8.32,13416;13800;14172;18464;27654;27805;27806;27816,setup
1363,g_chan[1].u_cdc_chr.mem[15][25]$_DFFE_PP_,clk_nand,11.89,8.33,9776;13416;13429;14322;18464;27743;27805;27812;27840,setup
1364,g_chan[1].u_cdc_chr.mem[6][23]$_DFFE_PP_,clk_nand,11.89,8.33,9591;13449;13462;14007;18473;27759;27805;27812;27838,setup
1365,g_chan[1].u_cdc_chr.mem[11][1]$_DFFE_PP_,clk_nand,11.89,8.32,13416;13800;14207;18464;27654;27805;27806;27816,setup
1366,g_chan[1].u_cdc_chr.mem[4][23]$_DFFE_PP_,clk_nand,11.89,8.33,9591;13449;13462;13936;18473;27761;27805;27812;27838,setup
1367,g_chan[1].u_cdc_chr.mem[7][29]$_DFFE_PP_,clk_nand,11.89,8.33,10521;13327;13350;14036;18475;27759;27805;27812;27838,setup
1368,g_chan[1].u_cdc_chr.mem[14][25]$_DFFE_PP_,clk_nand,11.89,8.33,9776;13416;13429;14287;18464;27756;27805;27812;27840,setup
1369,g_chan[1].u_cdc_chr.mem[6][29]$_DFFE_PP_,clk_nand,11.89,8.33,10521;13327;13350;14001;18475;27759;27805;27812;27838,setup
1370,g_chan[1].u_cdc_chr.mem[10][25]$_DFFE_PP_,clk_nand,11.89,8.33,9776;13416;13429;14146;18464;27743;27805;27812;27840,setup
1371,g_chan[1].u_cdc_chr.mem[1][25]$_DFFE_PP_,clk_nand,11.89,8.33,9776;13416;13429;13826;18464;27757;27805;27812;27840,setup
1372,g_chan[1].u_cdc_chr.mem[8][25]$_DFFE_PP_,clk_nand,11.89,8.33,9776;13416;13429;14076;18464;27756;27805;27812;27840,setup
1373,g_chan[1].u_cdc_chr.mem[5][23]$_DFFE_PP_,clk_nand,11.89,8.33,9591;13449;13462;13972;18473;27761;27805;27812;27838,setup
1374,g_chan[1].u_cdc_chr.mem[11][25]$_DFFE_PP_,clk_nand,11.89,8.33,9776;13416;13429;14181;18464;27756;27805;27812;27840,setup
1375,g_chan[1].u_cdc_chr.mem[9][25]$_DFFE_PP_,clk_nand,11.89,8.33,9776;13416;13429;14111;18464;27756;27805;27812;27840,setup
1376,g_chan[1].u_cdc_chr.mem[2][2]$_DFFE_PP_,clk_nand,11.89,8.33,13398;13785;13887;18478;27771;27805;27809;27828,setup
1377,g_chan[1].u_cdc_chr.mem[3][25]$_DFFE_PP_,clk_nand,11.89,8.33,9776;13416;13429;13898;18464;27757;27805;27812;27840,setup
1378,g_chan[1].u_cdc_chr.mem[3][2]$_DFFE_PP_,clk_nand,11.89,8.33,13398;13785;13923;18478;27771;27805;27809;27828,setup
1379,g_chan[1].u_cdc_chr.mem[0][2]$_DFFE_PP_,clk_nand,11.89,8.33,13398;13785;13787;18478;27771;27805;27809;27828,setup
1380,g_chan[1].u_cdc_chr.mem[7][5]$_DFFE_PP_,clk_nand,11.89,8.33,10296;13327;13740;14062;18475;27778;27805;27809;27828,setup
1381,g_chan[1].u_cdc_chr.mem[13][25]$_DFFE_PP_,clk_nand,11.89,8.33,9776;13416;13429;14252;18464;27747;27805;27812;27841,setup
1382,g_chan[1].u_cdc_chr.mem[1][29]$_DFFE_PP_,clk_nand,11.89,8.33,10521;13327;13350;13822;18475;27776;27805;27809;27829,setup
1383,g_chan[1].u_cdc_chr.mem[12][25]$_DFFE_PP_,clk_nand,11.89,8.33,9776;13416;13429;14217;18464;27752;27805;27812;27839,setup
1384,g_chan[1].u_cdc_chr.mem[12][2]$_DFFE_PP_,clk_nand,11.89,8.33,13398;13785;14242;18478;27798;27805;27809;27828,setup
1385,g_chan[1].u_cdc_chr.mem[15][29]$_DFFE_PP_,clk_nand,11.89,8.33,10521;13327;13350;14318;18475;27775;27805;27809;27829,setup
1386,g_chan[1].u_cdc_chr.mem[9][29]$_DFFE_PP_,clk_nand,11.89,8.33,10521;13327;13350;14107;18475;27782;27805;27809;27829,setup
1387,g_chan[1].u_cdc_chr.mem[0][25]$_DFFE_PP_,clk_nand,11.89,8.32,9776;13416;13429;13431;18464;27757;27805;27812;27840,setup
1388,g_chan[1].u_cdc_chr.mem[7][25]$_DFFE_PP_,clk_nand,11.89,8.33,9776;13416;13429;14040;18464;27752;27805;27812;27839,setup
1389,g_chan[1].u_cdc_chr.mem[2][25]$_DFFE_PP_,clk_nand,11.89,8.33,9776;13416;13429;13862;18464;27756;27805;27812;27840,setup
1390,g_chan[1].u_cdc_chr.mem[11][29]$_DFFE_PP_,clk_nand,11.89,8.33,10521;13327;13350;14177;18475;27782;27805;27809;27829,setup
1391,g_chan[1].u_cdc_chr.mem[4][25]$_DFFE_PP_,clk_nand,11.89,8.33,9776;13416;13429;13934;18464;27752;27805;27812;27839,setup
1392,g_chan[1].u_cdc_chr.mem[8][29]$_DFFE_PP_,clk_nand,11.89,8.33,10521;13327;13350;14072;18475;27782;27805;27809;27829,setup
1393,g_chan[1].u_cdc_chr.mem[10][29]$_DFFE_PP_,clk_nand,11.89,8.33,10521;13327;13350;14142;18475;27782;27805;27809;27829,setup
1394,g_chan[1].u_cdc_chr.mem[12][29]$_DFFE_PP_,clk_nand,11.89,8.33,10521;13327;13350;14213;18475;27775;27805;27809;27829,setup
1395,g_chan[1].u_cdc_chr.mem[6][5]$_DFFE_PP_,clk_nand,11.89,8.33,10296;13327;13740;14027;18475;27777;27805;27809;27829,setup
1396,g_chan[1].u_cdc_chr.mem[6][25]$_DFFE_PP_,clk_nand,11.89,8.33,9776;13416;13429;14005;18464;27752;27805;27812;27839,setup
1397,g_chan[1].u_cdc_chr.mem[4][29]$_DFFE_PP_,clk_nand,11.89,8.33,10521;13327;13350;13930;18475;27774;27805;27809;27829,setup
1398,g_chan[1].u_cdc_chr.mem[2][29]$_DFFE_PP_,clk_nand,11.89,8.33,10521;13327;13350;13858;18475;27783;27805;27809;27829,setup
1399,g_chan[1].u_cdc_chr.mem[0][5]$_DFFE_PP_,clk_nand,11.89,8.33,10296;13327;13740;13742;18475;27776;27805;27809;27829,setup
1400,g_chan[1].u_cdc_chr.mem[3][29]$_DFFE_PP_,clk_nand,11.89,8.33,10521;13327;13350;13894;18475;27783;27805;27809;27829,setup
1401,g_chan[1].u_cdc_chr.mem[9][5]$_DFFE_PP_,clk_nand,11.89,8.33,10296;13327;13740;14133;18475;27776;27805;27809;27829,setup
1402,g_chan[1].u_cdc_chr.mem[8][5]$_DFFE_PP_,clk_nand,11.89,8.33,10296;13327;13740;14098;18475;27776;27805;27809;27829,setup
1403,g_chan[1].u_cdc_chr.mem[13][29]$_DFFE_PP_,clk_nand,11.89,8.33,10521;13327;13350;14248;18475;27775;27805;27809;27829,setup
1404,g_chan[1].u_cdc_chr.mem[14][29]$_DFFE_PP_,clk_nand,11.89,8.33,10521;13327;13350;14283;18475;27775;27805;27809;27829,setup
1405,g_chan[1].u_cdc_chr.mem[3][16]$_DFFE_PP_,clk_nand,11.89,8.32,9620;13432;13573;13908;18465;27655;27805;27810;27832,setup
1406,g_chan[1].u_cdc_chr.mem[2][16]$_DFFE_PP_,clk_nand,11.89,8.32,9620;13432;13573;13872;18465;27655;27805;27810;27832,setup
1407,g_chan[1].u_cdc_chr.mem[0][16]$_DFFE_PP_,clk_nand,11.89,8.32,9620;13432;13573;13575;18465;27656;27805;27810;27832,setup
1408,g_chan[1].u_cdc_chr.mem[13][8]$_DFFE_PP_,clk_nand,11.89,8.32,9653;13432;13695;14271;18465;27656;27805;27810;27832,setup
1409,g_chan[1].u_cdc_chr.mem[13][2]$_DFFE_PP_,clk_nand,11.89,8.32,13398;13785;14277;18478;27798;27805;27809;27828,setup
1410,g_chan[1].u_cdc_chr.mem[10][5]$_DFFE_PP_,clk_nand,11.89,8.33,10296;13327;13740;14168;18475;27777;27805;27809;27829,setup
1411,g_chan[1].u_cdc_chr.mem[3][5]$_DFFE_PP_,clk_nand,11.89,8.33,10296;13327;13740;13920;18475;27776;27805;27809;27829,setup
1412,g_chan[1].u_cdc_chr.mem[1][16]$_DFFE_PP_,clk_nand,11.89,8.32,9620;13432;13573;13836;18465;27656;27805;27810;27832,setup
1413,g_chan[1].u_cdc_chr.mem[5][29]$_DFFE_PP_,clk_nand,11.89,8.33,10521;13327;13350;13966;18475;27775;27805;27809;27829,setup
1414,g_chan[1].u_cdc_chr.mem[14][8]$_DFFE_PP_,clk_nand,11.89,8.32,9653;13432;13695;14306;18465;27657;27805;27810;27832,setup
1415,g_chan[1].u_cdc_chr.mem[1][5]$_DFFE_PP_,clk_nand,11.89,8.33,10296;13327;13740;13848;18475;27776;27805;27809;27829,setup
1416,g_chan[1].u_cdc_chr.mem[4][5]$_DFFE_PP_,clk_nand,11.89,8.33,10296;13327;13740;13956;18475;27777;27805;27809;27829,setup
1417,g_chan[1].u_cdc_chr.mem[6][8]$_DFFE_PP_,clk_nand,11.89,8.32,9653;13432;13695;14024;18465;27652;27805;27810;27832,setup
1418,g_chan[1].u_cdc_chr.mem[15][5]$_DFFE_PP_,clk_nand,11.89,8.33,10296;13327;13740;14344;18475;27775;27805;27809;27829,setup
1419,g_chan[1].u_cdc_chr.mem[5][5]$_DFFE_PP_,clk_nand,11.89,8.33,10296;13327;13740;13992;18475;27777;27805;27809;27829,setup
1420,g_chan[1].u_cdc_chr.mem[12][8]$_DFFE_PP_,clk_nand,11.89,8.32,9653;13432;13695;14236;18465;27656;27805;27810;27832,setup
1421,g_chan[1].u_cdc_chr.mem[14][16]$_DFFE_PP_,clk_nand,11.89,8.32,9620;13432;13573;14297;18465;27661;27805;27810;27832,setup
1422,g_chan[1].u_cdc_chr.mem[2][5]$_DFFE_PP_,clk_nand,11.89,8.33,10296;13327;13740;13884;18475;27776;27805;27809;27829,setup
1423,g_chan[1].u_cdc_chr.mem[12][16]$_DFFE_PP_,clk_nand,11.89,8.32,9620;13432;13573;14227;18465;27656;27805;27810;27832,setup
1424,g_chan[1].u_cdc_chr.mem[7][16]$_DFFE_PP_,clk_nand,11.89,8.32,9620;13432;13573;14050;18465;27647;27805;27810;27832,setup
1425,g_chan[1].u_cdc_chr.mem[7][8]$_DFFE_PP_,clk_nand,11.89,8.32,9653;13432;13695;14059;18465;27652;27805;27810;27832,setup
1426,g_chan[1].u_cdc_chr.mem[13][16]$_DFFE_PP_,clk_nand,11.89,8.32,9620;13432;13573;14262;18465;27662;27805;27810;27832,setup
1427,g_chan[1].u_cdc_chr.mem[15][8]$_DFFE_PP_,clk_nand,11.89,8.32,9653;13432;13695;14341;18465;27657;27805;27810;27832,setup
1428,g_chan[1].u_cdc_chr.mem[11][5]$_DFFE_PP_,clk_nand,11.89,8.33,10296;13327;13740;14203;18475;27782;27805;27809;27829,setup
1429,g_chan[1].u_cdc_chr.mem[5][16]$_DFFE_PP_,clk_nand,11.89,8.32,9620;13432;13573;13980;18465;27647;27805;27810;27832,setup
1430,g_chan[1].u_cdc_chr.mem[15][16]$_DFFE_PP_,clk_nand,11.89,8.32,9620;13432;13573;14332;18465;27661;27805;27810;27832,setup
1431,g_chan[1].u_cdc_chr.mem[12][5]$_DFFE_PP_,clk_nand,11.89,8.33,10296;13327;13740;14239;18475;27775;27805;27809;27829,setup
1432,g_chan[1].u_cdc_chr.mem[4][16]$_DFFE_PP_,clk_nand,11.89,8.32,9620;13432;13573;13944;18465;27647;27805;27810;27832,setup
1433,g_chan[1].u_cdc_chr.mem[13][5]$_DFFE_PP_,clk_nand,11.89,8.33,10296;13327;13740;14274;18475;27775;27805;27809;27829,setup
1434,g_chan[1].u_cdc_chr.mem[6][16]$_DFFE_PP_,clk_nand,11.89,8.32,9620;13432;13573;14015;18465;27652;27805;27810;27832,setup
1435,g_chan[1].u_cdc_chr.mem[15][2]$_DFFE_PP_,clk_nand,11.89,8.33,13398;13785;14347;18478;27797;27805;27809;27829,setup
1436,g_chan[1].u_cdc_chr.mem[14][5]$_DFFE_PP_,clk_nand,11.89,8.33,10296;13327;13740;14309;18475;27777;27805;27809;27829,setup
1437,g_chan[1].u_cdc_chr.mem[6][2]$_DFFE_PP_,clk_nand,11.89,8.33,13398;13785;14030;18478;27797;27805;27809;27829,setup
1438,g_chan[1].u_cdc_chr.mem[7][7]$_DFFE_PP_,clk_nand,11.89,8.32,13449;13710;14060;14988;18473;27760;27805;27812;27838,setup
1439,g_chan[1].u_cdc_chr.mem[6][7]$_DFFE_PP_,clk_nand,11.89,8.32,13449;13710;14025;14988;18473;27765;27805;27812;27838,setup
1440,g_chan[1].u_cdc_chr.mem[7][2]$_DFFE_PP_,clk_nand,11.9,8.33,13398;13785;14065;18478;27797;27805;27809;27829,setup
1441,g_chan[1].u_cdc_chr.mem[9][1]$_DFFE_PP_,clk_nand,11.9,8.32,13;13416;13800;14137;18464;27805;27809;27827,setup
1442,g_chan[1].u_cdc_chr.mem[14][2]$_DFFE_PP_,clk_nand,11.9,8.33,13398;13785;14312;18478;27797;27805;27809;27829,setup
1443,g_chan[1].u_cdc_chr.mem[14][7]$_DFFE_PP_,clk_nand,11.9,8.32,13449;13710;14307;14988;18473;27760;27805;27812;27838,setup
1444,g_chan[1].u_cdc_chr.mem[11][7]$_DFFE_PP_,clk_nand,11.9,8.32,13449;13710;14201;14988;18473;27765;27805;27812;27838,setup
1445,g_chan[1].u_cdc_chr.mem[10][7]$_DFFE_PP_,clk_nand,11.9,8.32,13449;13710;14166;14988;18473;27765;27805;27812;27838,setup
1446,g_chan[1].u_cdc_chr.mem[15][7]$_DFFE_PP_,clk_nand,11.9,8.32,13449;13710;14342;14988;18473;27760;27805;27812;27838,setup
1447,g_chan[1].u_cdc_chr.mem[8][15]$_DFFE_PP_,clk_nand,11.9,8.32,9642;13449;13588;14087;18473;27749;27805;27812;27841,setup
1448,g_chan[1].u_cdc_chr.mem[9][15]$_DFFE_PP_,clk_nand,11.9,8.32,9642;13449;13588;14122;18473;27749;27805;27812;27841,setup
1449,g_chan[1].u_cdc_chr.mem[9][7]$_DFFE_PP_,clk_nand,11.9,8.32,13449;13710;14131;14988;18473;27765;27805;27812;27838,setup
1450,g_chan[1].u_cdc_chr.mem[12][7]$_DFFE_PP_,clk_nand,11.9,8.32,13449;13710;14237;14988;18473;27774;27805;27809;27829,setup
1451,g_chan[1].u_cdc_chr.mem[0][26]$_DFFE_PP_,clk_nand,11.9,8.32,11257;13398;13413;13415;18478;27772;27805;27809;27828,setup
1452,g_chan[1].u_cdc_chr.mem[11][26]$_DFFE_PP_,clk_nand,11.9,8.32,11257;13398;13413;14180;18478;27779;27805;27809;27828,setup
1453,g_chan[1].u_cdc_chr.mem[1][15]$_DFFE_PP_,clk_nand,11.9,8.32,9642;13449;13588;13837;18473;27749;27805;27812;27841,setup
1454,g_chan[1].u_cdc_chr.mem[0][7]$_DFFE_PP_,clk_nand,11.9,8.32,13449;13710;13712;14988;18473;27774;27805;27809;27829,setup
1455,g_chan[1].u_cdc_chr.mem[11][15]$_DFFE_PP_,clk_nand,11.9,8.32,9642;13449;13588;14192;18473;27748;27805;27812;27841,setup
1456,g_chan[1].u_cdc_chr.mem[8][26]$_DFFE_PP_,clk_nand,11.9,8.32,11257;13398;13413;14075;18478;27772;27805;27809;27828,setup
1457,g_chan[1].u_cdc_chr.mem[10][26]$_DFFE_PP_,clk_nand,11.9,8.32,11257;13398;13413;14145;18478;27779;27805;27809;27828,setup
1458,g_chan[1].u_cdc_chr.mem[1][26]$_DFFE_PP_,clk_nand,11.9,8.32,11257;13398;13413;13825;18478;27772;27805;27809;27828,setup
1459,g_chan[1].u_cdc_chr.mem[9][26]$_DFFE_PP_,clk_nand,11.9,8.32,11257;13398;13413;14110;18478;27772;27805;27809;27828,setup
1460,g_chan[1].u_cdc_chr.mem[13][7]$_DFFE_PP_,clk_nand,11.9,8.32,13449;13710;14272;14988;18473;27775;27805;27809;27829,setup
1461,g_chan[1].u_cdc_chr.mem[2][7]$_DFFE_PP_,clk_nand,11.9,8.32,13449;13710;13882;14988;18473;27770;27805;27809;27829,setup
1462,g_chan[1].u_cdc_chr.mem[4][7]$_DFFE_PP_,clk_nand,11.9,8.32,13449;13710;13954;14988;18473;27774;27805;27809;27829,setup
1463,g_chan[1].u_cdc_chr.mem[3][7]$_DFFE_PP_,clk_nand,11.9,8.32,13449;13710;13918;14988;18473;27770;27805;27809;27829,setup
1464,g_chan[1].u_cdc_chr.mem[1][7]$_DFFE_PP_,clk_nand,11.9,8.32,13449;13710;13846;14988;18473;27770;27805;27809;27829,setup
1465,g_chan[1].u_cdc_chr.mem[10][15]$_DFFE_PP_,clk_nand,11.9,8.32,9642;13449;13588;14157;18473;27748;27805;27812;27841,setup
1466,g_chan[1].u_cdc_chr.mem[5][7]$_DFFE_PP_,clk_nand,11.9,8.32,13449;13710;13990;14988;18473;27774;27805;27809;27829,setup
1467,g_chan[1].u_cdc_chr.mem[0][15]$_DFFE_PP_,clk_nand,11.9,8.32,9642;13449;13588;13590;18473;27750;27805;27812;27839,setup
1468,g_chan[1].u_cdc_chr.mem[14][15]$_DFFE_PP_,clk_nand,11.9,8.32,9642;13449;13588;14298;18473;27748;27805;27812;27841,setup
1469,g_chan[1].u_cdc_chr.mem[13][15]$_DFFE_PP_,clk_nand,11.9,8.32,9642;13449;13588;14263;18473;27751;27805;27812;27839,setup
1470,g_chan[1].u_cdc_chr.mem[3][15]$_DFFE_PP_,clk_nand,11.9,8.32,9642;13449;13588;13909;18473;27751;27805;27812;27839,setup
1471,g_chan[1].u_cdc_chr.mem[15][15]$_DFFE_PP_,clk_nand,11.9,8.32,9642;13449;13588;14333;18473;27748;27805;27812;27841,setup
1472,g_chan[1].u_cdc_chr.mem[7][15]$_DFFE_PP_,clk_nand,11.9,8.32,9642;13449;13588;14051;18473;27747;27805;27812;27841,setup
1473,g_chan[1].u_cdc_chr.mem[11][12]$_DFFE_PP_,clk_nand,11.9,8.31,13353;13633;14195;18476;27653;27805;27806;27816,setup
1474,g_chan[1].u_cdc_chr.mem[8][12]$_DFFE_PP_,clk_nand,11.9,8.31,13353;13633;14090;18476;27653;27805;27806;27816,setup
1475,g_chan[1].u_cdc_chr.mem[2][15]$_DFFE_PP_,clk_nand,11.9,8.32,9642;13449;13588;13873;18473;27751;27805;27812;27839,setup
1476,g_chan[1].u_cdc_chr.mem[12][15]$_DFFE_PP_,clk_nand,11.9,8.32,9642;13449;13588;14228;18473;27751;27805;27812;27839,setup
1477,g_chan[1].u_cdc_chr.mem[6][15]$_DFFE_PP_,clk_nand,11.9,8.32,9642;13449;13588;14016;18473;27752;27805;27812;27839,setup
1478,g_chan[1].u_cdc_chr.mem[4][26]$_DFFE_PP_,clk_nand,11.9,8.32,11257;13398;13413;13933;18478;27773;27805;27809;27829,setup
1479,g_chan[1].u_cdc_chr.mem[4][15]$_DFFE_PP_,clk_nand,11.9,8.32,9642;13449;13588;13945;18473;27751;27805;27812;27839,setup
1480,g_chan[1].u_cdc_chr.mem[5][15]$_DFFE_PP_,clk_nand,11.9,8.32,9642;13449;13588;13981;18473;27751;27805;27812;27839,setup
1481,g_chan[1].u_cdc_chr.mem[3][26]$_DFFE_PP_,clk_nand,11.9,8.32,11257;13398;13413;13897;18478;27773;27805;27809;27829,setup
1482,g_chan[1].u_cdc_chr.mem[2][26]$_DFFE_PP_,clk_nand,11.9,8.32,11257;13398;13413;13861;18478;27773;27805;27809;27829,setup
1483,g_chan[1].u_cdc_chr.mem[9][9]$_DFFE_PP_,clk_nand,11.9,8.32,13416;13680;14129;18464;27668;27805;27812;27839,setup
1484,g_chan[1].u_cdc_chr.mem[7][26]$_DFFE_PP_,clk_nand,11.9,8.32,11257;13398;13413;14039;18478;27773;27805;27809;27829,setup
1485,g_chan[1].u_cdc_chr.mem[11][9]$_DFFE_PP_,clk_nand,11.9,8.32,13416;13680;14199;18464;27668;27805;27812;27839,setup
1486,g_chan[1].u_cdc_chr.mem[4][1]$_DFFE_PP_,clk_nand,11.9,8.32,13416;13800;13960;18464;27768;27805;27809;27829,setup
1487,g_chan[1].u_cdc_chr.mem[1][1]$_DFFE_PP_,clk_nand,11.9,8.32,13416;13800;13852;18464;27768;27805;27809;27829,setup
1488,g_chan[1].u_cdc_chr.mem[6][26]$_DFFE_PP_,clk_nand,11.9,8.32,11257;13398;13413;14004;18478;27773;27805;27809;27829,setup
1489,g_chan[1].u_cdc_chr.mem[1][9]$_DFFE_PP_,clk_nand,11.9,8.32,13416;13680;13844;18464;27750;27805;27812;27839,setup
1490,g_chan[1].u_cdc_chr.mem[12][26]$_DFFE_PP_,clk_nand,11.9,8.31,11257;13398;13413;14216;18478;27774;27805;27809;27829,setup
1491,g_chan[1].u_cdc_chr.mem[10][9]$_DFFE_PP_,clk_nand,11.9,8.32,13416;13680;14164;18464;27668;27805;27812;27839,setup
1492,g_chan[1].u_cdc_chr.mem[0][1]$_DFFE_PP_,clk_nand,11.9,8.32,13416;13800;13802;18464;27768;27805;27809;27829,setup
1493,g_chan[1].u_cdc_chr.mem[3][1]$_DFFE_PP_,clk_nand,11.9,8.32,13416;13800;13924;18464;27768;27805;27809;27829,setup
1494,g_chan[1].u_cdc_chr.mem[14][26]$_DFFE_PP_,clk_nand,11.9,8.31,11257;13398;13413;14286;18478;27774;27805;27809;27829,setup
1495,g_chan[1].u_cdc_chr.mem[15][26]$_DFFE_PP_,clk_nand,11.9,8.31,11257;13398;13413;14321;18478;27773;27805;27809;27829,setup
1496,g_chan[1].u_cdc_chr.mem[5][26]$_DFFE_PP_,clk_nand,11.9,8.31,11257;13398;13413;13969;18478;27773;27805;27809;27829,setup
1497,g_chan[1].u_cdc_chr.mem[2][9]$_DFFE_PP_,clk_nand,11.91,8.32,13416;13680;13880;18464;27753;27805;27812;27839,setup
1498,g_chan[1].u_cdc_chr.mem[13][9]$_DFFE_PP_,clk_nand,11.91,8.32,13416;13680;14270;18464;27753;27805;27812;27839,setup
1499,g_chan[1].u_cdc_chr.mem[8][9]$_DFFE_PP_,clk_nand,11.91,8.32,13416;13680;14094;18464;27668;27805;27812;27839,setup
1500,g_chan[1].u_cdc_chr.mem[7][9]$_DFFE_PP_,clk_nand,11.91,8.32,13416;13680;14058;18464;27753;27805;27812;27839,setup
1501,g_chan[1].u_cdc_chr.mem[5][9]$_DFFE_PP_,clk_nand,11.91,8.32,13416;13680;13988;18464;27753;27805;27812;27839,setup
1502,g_chan[1].u_cdc_chr.mem[13][1]$_DFFE_PP_,clk_nand,11.91,8.32,13416;13800;14278;18464;27797;27805;27809;27829,setup
1503,g_chan[1].u_cdc_chr.mem[3][9]$_DFFE_PP_,clk_nand,11.91,8.32,13416;13680;13916;18464;27751;27805;27812;27839,setup
1504,g_chan[1].u_cdc_chr.mem[12][9]$_DFFE_PP_,clk_nand,11.91,8.32,13416;13680;14235;18464;27753;27805;27812;27839,setup
1505,g_chan[1].u_cdc_chr.mem[0][9]$_DFFE_PP_,clk_nand,11.91,8.32,13416;13680;13682;18464;27670;27805;27812;27839,setup
1506,g_chan[1].u_cdc_chr.mem[13][26]$_DFFE_PP_,clk_nand,11.91,8.31,11257;13398;13413;14251;18478;27774;27805;27809;27829,setup
1507,g_chan[1].u_cdc_chr.mem[2][1]$_DFFE_PP_,clk_nand,11.91,8.32,13416;13800;13888;18464;27769;27805;27809;27829,setup
1508,g_chan[1].u_cdc_chr.mem[14][9]$_DFFE_PP_,clk_nand,11.91,8.32,13416;13680;14305;18464;27751;27805;27812;27839,setup
1509,g_chan[1].u_cdc_chr.mem[7][1]$_DFFE_PP_,clk_nand,11.91,8.32,13416;13800;14066;18464;27769;27805;27809;27829,setup
1510,g_chan[1].u_cdc_chr.mem[12][1]$_DFFE_PP_,clk_nand,11.91,8.32,13416;13800;14243;18464;27797;27805;27809;27829,setup
1511,g_chan[1].u_cdc_chr.mem[15][9]$_DFFE_PP_,clk_nand,11.91,8.32,13416;13680;14340;18464;27753;27805;27812;27839,setup
1512,g_chan[1].u_cdc_chr.mem[8][1]$_DFFE_PP_,clk_nand,11.91,8.32,13416;13800;14102;18464;27797;27805;27809;27829,setup
1513,g_chan[1].u_cdc_chr.mem[6][1]$_DFFE_PP_,clk_nand,11.91,8.32,13416;13800;14031;18464;27769;27805;27809;27829,setup
1514,g_chan[1].u_cdc_chr.mem[15][1]$_DFFE_PP_,clk_nand,11.91,8.32,13416;13800;14348;18464;27797;27805;27809;27829,setup
1515,g_chan[1].u_cdc_chr.mem[5][1]$_DFFE_PP_,clk_nand,11.91,8.32,13416;13800;13996;18464;27769;27805;27809;27829,setup
1516,g_chan[1].u_cdc_chr.mem[14][1]$_DFFE_PP_,clk_nand,11.91,8.32,13416;13800;14313;18464;27797;27805;27809;27829,setup
1517,g_chan[1].u_cdc_chr.mem[6][9]$_DFFE_PP_,clk_nand,11.91,8.32,13416;13680;14023;18464;27752;27805;27812;27839,setup
1518,g_chan[1].u_cdc_chr.mem[4][9]$_DFFE_PP_,clk_nand,11.91,8.32,13416;13680;13952;18464;27753;27805;27812;27839,setup
1519,g_chan[1].u_cdc_chr.mem[4][12]$_DFFE_PP_,clk_nand,11.91,8.3,13353;13633;13948;18476;27651;27805;27806;27817,setup
1520,g_chan[1].u_cdc_chr.mem[11][10]$_DFFE_PP_,clk_nand,11.91,8.31,9580;13398;13664;14198;18478;27666;27805;27812;27839,setup
1521,g_chan[1].u_cdc_chr.mem[10][10]$_DFFE_PP_,clk_nand,11.91,8.31,9580;13398;13664;14163;18478;27666;27805;27812;27839,setup
1522,g_chan[1].u_cdc_chr.mem[9][27]$_DFFE_PP_,clk_nand,11.91,8.31,9773;13379;13395;14109;18477;27755;27805;27812;27838,setup
1523,g_chan[1].u_cdc_chr.mem[0][10]$_DFFE_PP_,clk_nand,11.91,8.31,9580;13398;13664;13667;18478;27660;27805;27812;27839,setup
1524,g_chan[1].u_cdc_chr.mem[11][27]$_DFFE_PP_,clk_nand,11.91,8.3,9773;13379;13395;14179;18477;27756;27805;27812;27840,setup
1525,g_chan[1].u_cdc_chr.mem[2][10]$_DFFE_PP_,clk_nand,11.91,8.31,9580;13398;13664;13879;18478;27660;27805;27812;27839,setup
1526,g_chan[1].u_cdc_chr.mem[12][10]$_DFFE_PP_,clk_nand,11.91,8.31,9580;13398;13664;14234;18478;27667;27805;27812;27839,setup
1527,g_chan[1].u_cdc_chr.mem[1][10]$_DFFE_PP_,clk_nand,11.91,8.31,9580;13398;13664;13843;18478;27660;27805;27812;27839,setup
1528,g_chan[1].u_cdc_chr.mem[15][10]$_DFFE_PP_,clk_nand,11.91,8.31,9580;13398;13664;14339;18478;27667;27805;27812;27839,setup
1529,g_chan[1].u_cdc_chr.mem[0][27]$_DFFE_PP_,clk_nand,11.91,8.3,9773;13379;13395;13397;18477;27754;27805;27812;27838,setup
1530,g_chan[1].u_cdc_chr.mem[12][27]$_DFFE_PP_,clk_nand,11.91,8.31,9773;13379;13395;14215;18477;27755;27805;27812;27838,setup
1531,g_chan[1].u_cdc_chr.mem[13][27]$_DFFE_PP_,clk_nand,11.91,8.3,9773;13379;13395;14250;18477;27755;27805;27812;27838,setup
1532,g_chan[1].u_cdc_chr.mem[5][10]$_DFFE_PP_,clk_nand,11.91,8.31,9580;13398;13664;13987;18478;27668;27805;27812;27839,setup
1533,g_chan[1].u_cdc_chr.mem[4][10]$_DFFE_PP_,clk_nand,11.91,8.31,9580;13398;13664;13951;18478;27668;27805;27812;27839,setup
1534,g_chan[1].u_cdc_chr.mem[9][10]$_DFFE_PP_,clk_nand,11.91,8.31,9580;13398;13664;14128;18478;27667;27805;27812;27839,setup
1535,g_chan[1].u_cdc_chr.mem[7][10]$_DFFE_PP_,clk_nand,11.91,8.31,9580;13398;13664;14057;18478;27668;27805;27812;27839,setup
1536,g_chan[1].u_cdc_chr.mem[13][10]$_DFFE_PP_,clk_nand,11.91,8.31,9580;13398;13664;14269;18478;27668;27805;27812;27839,setup
1537,g_chan[1].u_cdc_chr.mem[15][27]$_DFFE_PP_,clk_nand,11.91,8.3,9773;13379;13395;14320;18477;27756;27805;27812;27840,setup
1538,g_chan[1].u_cdc_chr.mem[5][27]$_DFFE_PP_,clk_nand,11.91,8.3,9773;13379;13395;13968;18477;27754;27805;27812;27838,setup
1539,g_chan[1].u_cdc_chr.mem[8][10]$_DFFE_PP_,clk_nand,11.91,8.31,9580;13398;13664;14093;18478;27667;27805;27812;27839,setup
1540,g_chan[1].u_cdc_chr.mem[8][27]$_DFFE_PP_,clk_nand,11.91,8.3,9773;13379;13395;14074;18477;27755;27805;27812;27838,setup
1541,g_chan[1].u_cdc_chr.mem[10][27]$_DFFE_PP_,clk_nand,11.91,8.3,9773;13379;13395;14144;18477;27755;27805;27812;27838,setup
1542,g_chan[1].u_cdc_chr.mem[14][27]$_DFFE_PP_,clk_nand,11.91,8.3,9773;13379;13395;14285;18477;27755;27805;27812;27838,setup
1543,g_chan[1].u_cdc_chr.mem[3][10]$_DFFE_PP_,clk_nand,11.91,8.31,9580;13398;13664;13915;18478;27667;27805;27812;27839,setup
1544,g_chan[1].u_cdc_chr.mem[7][27]$_DFFE_PP_,clk_nand,11.91,8.3,9773;13379;13395;14038;18477;27755;27805;27812;27838,setup
1545,g_chan[1].u_cdc_chr.mem[4][4]$_DFFE_PP_,clk_nand,11.91,8.3,13353;13755;13957;15603;18476;27739;27805;27812;27840,setup
1546,g_chan[1].u_cdc_chr.mem[6][10]$_DFFE_PP_,clk_nand,11.91,8.31,9580;13398;13664;14022;18478;27753;27805;27812;27839,setup
1547,g_chan[1].u_cdc_chr.mem[14][10]$_DFFE_PP_,clk_nand,11.91,8.31,9580;13398;13664;14304;18478;27667;27805;27812;27839,setup
1548,g_chan[1].u_cdc_chr.mem[4][27]$_DFFE_PP_,clk_nand,11.91,8.3,9773;13379;13395;13932;18477;27755;27805;27812;27838,setup
1549,g_chan[1].u_cdc_chr.mem[8][4]$_DFFE_PP_,clk_nand,11.91,8.3,13353;13755;14099;15603;18476;27740;27805;27812;27840,setup
1550,g_chan[1].u_cdc_chr.mem[3][27]$_DFFE_PP_,clk_nand,11.91,8.3,9773;13379;13395;13896;18477;27752;27805;27812;27839,setup
1551,g_chan[1].u_cdc_chr.mem[1][27]$_DFFE_PP_,clk_nand,11.91,8.31,9773;13379;13395;13824;18477;27753;27805;27812;27839,setup
1552,g_chan[1].u_cdc_chr.mem[2][27]$_DFFE_PP_,clk_nand,11.91,8.3,9773;13379;13395;13860;18477;27752;27805;27812;27839,setup
1553,g_chan[1].u_cdc_chr.mem[11][4]$_DFFE_PP_,clk_nand,11.91,8.3,13353;13755;14204;15603;18476;27740;27805;27812;27840,setup
1554,g_chan[1].u_cdc_chr.mem[9][4]$_DFFE_PP_,clk_nand,11.91,8.3,13353;13755;14134;15603;18476;27739;27805;27812;27840,setup
1555,g_chan[1].u_cdc_chr.mem[6][27]$_DFFE_PP_,clk_nand,11.91,8.3,9773;13379;13395;14003;18477;27755;27805;27812;27838,setup
1556,g_chan[1].u_cdc_chr.mem[7][4]$_DFFE_PP_,clk_nand,11.91,8.3,13353;13755;14063;15603;18476;27739;27805;27812;27840,setup
1557,g_chan[1].u_cdc_chr.mem[2][4]$_DFFE_PP_,clk_nand,11.91,8.3,13353;13755;13885;15603;18476;27741;27805;27812;27840,setup
1558,g_chan[1].u_cdc_chr.mem[3][4]$_DFFE_PP_,clk_nand,11.91,8.3,13353;13755;13921;15603;18476;27741;27805;27812;27840,setup
1559,g_chan[1].u_cdc_chr.mem[5][4]$_DFFE_PP_,clk_nand,11.91,8.3,13353;13755;13993;15603;18476;27739;27805;27812;27840,setup
1560,g_chan[1].u_cdc_chr.mem[6][4]$_DFFE_PP_,clk_nand,11.91,8.3,13353;13755;14028;15603;18476;27739;27805;27812;27840,setup
1561,g_chan[1].u_cdc_chr.mem[0][17]$_DFFE_PP_,clk_nand,11.92,8.3,9608;13416;13558;13560;18464;27645;27805;27810;27833,setup
1562,g_chan[1].u_cdc_chr.mem[1][17]$_DFFE_PP_,clk_nand,11.92,8.3,9608;13416;13558;13835;18464;27645;27805;27810;27833,setup
1563,g_chan[1].u_cdc_chr.mem[10][4]$_DFFE_PP_,clk_nand,11.92,8.3,13353;13755;14169;15603;18476;27740;27805;27812;27840,setup
1564,g_chan[1].u_cdc_chr.mem[9][17]$_DFFE_PP_,clk_nand,11.92,8.3,9608;13416;13558;14120;18464;27663;27805;27810;27833,setup
1565,g_chan[1].u_cdc_chr.mem[0][4]$_DFFE_PP_,clk_nand,11.92,8.3,13353;13755;13757;15603;18476;27741;27805;27812;27840,setup
1566,g_chan[1].u_cdc_chr.mem[13][12]$_DFFE_PP_,clk_nand,11.92,8.31,13353;13633;14266;18476;27656;27805;27810;27832,setup
1567,g_chan[1].u_cdc_chr.mem[0][12]$_DFFE_PP_,clk_nand,11.92,8.31,13353;13633;13635;18476;27655;27805;27810;27832,setup
1568,g_chan[1].u_cdc_chr.mem[1][12]$_DFFE_PP_,clk_nand,11.92,8.3,13353;13633;13840;18476;27655;27805;27810;27832,setup
1569,g_chan[1].u_cdc_chr.mem[1][4]$_DFFE_PP_,clk_nand,11.92,8.3,13353;13755;13849;15603;18476;27741;27805;27812;27840,setup
1570,g_chan[1].u_cdc_chr.mem[10][12]$_DFFE_PP_,clk_nand,11.92,8.31,13353;13633;14160;18476;27652;27805;27810;27832,setup
1571,g_chan[1].u_cdc_chr.mem[10][17]$_DFFE_PP_,clk_nand,11.92,8.3,9608;13416;13558;14155;18464;27663;27805;27810;27833,setup
1572,g_chan[1].u_cdc_chr.mem[2][12]$_DFFE_PP_,clk_nand,11.92,8.3,13353;13633;13876;18476;27655;27805;27810;27832,setup
1573,g_chan[1].u_cdc_chr.mem[3][12]$_DFFE_PP_,clk_nand,11.92,8.3,13353;13633;13912;18476;27655;27805;27810;27832,setup
1574,g_chan[1].u_cdc_chr.mem[15][12]$_DFFE_PP_,clk_nand,11.92,8.3,13353;13633;14336;18476;27657;27805;27810;27832,setup
1575,g_chan[1].u_cdc_chr.mem[9][12]$_DFFE_PP_,clk_nand,11.92,8.3,13353;13633;14125;18476;27652;27805;27810;27832,setup
1576,g_chan[1].u_cdc_chr.mem[2][17]$_DFFE_PP_,clk_nand,11.92,8.3,9608;13416;13558;13871;18464;27646;27805;27810;27832,setup
1577,g_chan[1].u_cdc_chr.mem[14][12]$_DFFE_PP_,clk_nand,11.92,8.3,13353;13633;14301;18476;27656;27805;27810;27832,setup
1578,g_chan[1].u_cdc_chr.mem[5][17]$_DFFE_PP_,clk_nand,11.92,8.3,9608;13416;13558;13979;18464;27646;27805;27810;27832,setup
1579,g_chan[1].u_cdc_chr.mem[7][12]$_DFFE_PP_,clk_nand,11.92,8.31,13353;13633;14054;18476;27652;27805;27810;27832,setup
1580,g_chan[1].u_cdc_chr.mem[3][17]$_DFFE_PP_,clk_nand,11.92,8.3,9608;13416;13558;13907;18464;27646;27805;27810;27832,setup
1581,g_chan[1].u_cdc_chr.mem[4][17]$_DFFE_PP_,clk_nand,11.92,8.3,9608;13416;13558;13943;18464;27646;27805;27810;27832,setup
1582,g_chan[1].u_cdc_chr.mem[5][12]$_DFFE_PP_,clk_nand,11.92,8.3,13353;13633;13984;18476;27652;27805;27810;27832,setup
1583,g_chan[1].u_cdc_chr.mem[12][12]$_DFFE_PP_,clk_nand,11.92,8.3,13353;13633;14231;18476;27656;27805;27810;27832,setup
1584,g_chan[1].u_cdc_chr.mem[11][17]$_DFFE_PP_,clk_nand,11.92,8.3,9608;13416;13558;14190;18464;27662;27805;27810;27832,setup
1585,g_chan[1].u_cdc_chr.mem[15][4]$_DFFE_PP_,clk_nand,11.92,8.3,13353;13755;14345;15603;18476;27785;27805;27809;27829,setup
1586,g_chan[1].u_cdc_chr.mem[14][17]$_DFFE_PP_,clk_nand,11.92,8.3,9608;13416;13558;14296;18464;27662;27805;27810;27832,setup
1587,g_chan[1].u_cdc_chr.mem[13][17]$_DFFE_PP_,clk_nand,11.92,8.3,9608;13416;13558;14261;18464;27662;27805;27810;27832,setup
1588,g_chan[1].u_cdc_chr.mem[6][12]$_DFFE_PP_,clk_nand,11.92,8.3,13353;13633;14019;18476;27652;27805;27810;27832,setup
1589,g_chan[1].u_cdc_chr.mem[13][4]$_DFFE_PP_,clk_nand,11.92,8.3,13353;13755;14275;15603;18476;27785;27805;27809;27829,setup
1590,g_chan[1].u_cdc_chr.mem[12][4]$_DFFE_PP_,clk_nand,11.92,8.3,13353;13755;14240;15603;18476;27784;27805;27809;27829,setup
1591,g_chan[1].u_cdc_chr.mem[14][4]$_DFFE_PP_,clk_nand,11.92,8.3,13353;13755;14310;15603;18476;27785;27805;27809;27829,setup
1592,g_chan[1].u_cdc_chr.mem[12][17]$_DFFE_PP_,clk_nand,11.92,8.3,9608;13416;13558;14226;18464;27662;27805;27810;27832,setup
1593,g_chan[1].u_cdc_chr.mem[6][17]$_DFFE_PP_,clk_nand,11.92,8.3,9608;13416;13558;14014;18464;27646;27805;27810;27832,setup
1594,g_chan[1].u_cdc_chr.mem[7][17]$_DFFE_PP_,clk_nand,11.92,8.3,9608;13416;13558;14049;18464;27662;27805;27810;27832,setup
1595,g_chan[1].u_cdc_chr.mem[11][28]$_DFFE_PP_,clk_nand,11.92,8.28,9783;13353;13376;14178;18476;27767;27805;27806;27816,setup
1596,g_chan[1].u_cdc_chr.mem[1][28]$_DFFE_PP_,clk_nand,11.92,8.28,9783;13353;13376;13823;18476;27767;27805;27806;27816,setup
1597,g_chan[1].u_cdc_chr.mem[8][17]$_DFFE_PP_,clk_nand,11.92,8.3,9608;13416;13558;14085;18464;27660;27805;27812;27839,setup
1598,g_chan[1].u_cdc_chr.mem[15][17]$_DFFE_PP_,clk_nand,11.92,8.3,9608;13416;13558;14331;18464;27660;27805;27812;27839,setup
1599,g_chan[1].u_cdc_chr.mem[0][28]$_DFFE_PP_,clk_nand,11.92,8.28,9783;13353;13376;13378;18476;27767;27805;27806;27816,setup
1600,g_chan[1].u_cdc_chr.mem[8][22]$_DFFE_PP_,clk_nand,11.92,8.29,9609;13253;13478;14079;18474;27740;27805;27812;27840,setup
